{
	"credit": "Made with Blockbench",
	"textures": {
		"0": "minecraft:item/telaykus_sword",
		"1": "minecraft:item/texture",
		"2": "minecraft:item/texture1",
		"3": "minecraft:item/texture2",
		"4": "minecraft:item/texture3",
		"5": "minecraft:item/handle1",
		"6": "minecraft:item/guard2",
		"7": "minecraft:item/stuffonside",
		"8": "minecraft:item/tip",
		"9": "minecraft:item/ender",
		"particle": "minecraft:item/ender"
	},
	"elements": [
		{
			"name": "head",
			"from": [7.1, 5, 7],
			"to": [8.85, 7, 12],
			"rotation": {"angle": 22.5, "axis": "x", "origin": [8, 7, 11]},
			"faces": {
				"north": {"uv": [4, 4, 6, 6], "texture": "#3"},
				"east": {"uv": [0, 0, 5, 2], "texture": "#3"},
				"south": {"uv": [5, 0, 7, 2], "texture": "#3"},
				"west": {"uv": [0, 2, 5, 4], "texture": "#3"},
				"up": {"uv": [2, 9, 0, 4], "texture": "#3"},
				"down": {"uv": [4, 4, 2, 9], "texture": "#3"}
			}
		},
		{
			"name": "guard 2",
			"from": [6, 2, 12],
			"to": [10, 6, 13],
			"rotation": {"angle": 0, "axis": "y", "origin": [7, 4, 13]},
			"faces": {
				"north": {"uv": [0, 0, 4, 4], "texture": "#6"},
				"east": {"uv": [4, 0, 5, 4], "texture": "#6"},
				"south": {"uv": [0, 4, 4, 8], "texture": "#6"},
				"west": {"uv": [4, 4, 5, 8], "texture": "#6"},
				"up": {"uv": [9, 1, 5, 0], "texture": "#6"},
				"down": {"uv": [9, 1, 5, 2], "texture": "#6"}
			}
		},
		{
			"name": "lower mouth",
			"from": [7.3, 2, 7],
			"to": [8.7, 3, 11],
			"rotation": {"angle": -22.5, "axis": "x", "origin": [8, 4, 10]},
			"faces": {
				"north": {"uv": [8, 2, 12, 4], "texture": "#4"},
				"east": {"uv": [0, 8, 8, 10], "texture": "#4"},
				"south": {"uv": [8, 4, 12, 6], "texture": "#4"},
				"west": {"uv": [8, 0, 16, 2], "texture": "#4"},
				"up": {"uv": [4, 8, 0, 0], "texture": "#4"},
				"down": {"uv": [8, 0, 4, 8], "texture": "#4"}
			}
		},
		{
			"name": "tounge",
			"from": [7, 3, -9],
			"to": [9, 6, 12],
			"rotation": {"angle": 0, "axis": "y", "origin": [8, 6, 8]},
			"faces": {
				"north": {"uv": [2, 3, 3, 4.5], "texture": "#9"},
				"east": {"uv": [0, 0, 9, 1.5], "texture": "#9"},
				"south": {"uv": [3, 3, 4, 4.5], "texture": "#9"},
				"west": {"uv": [0, 1.5, 9, 3], "texture": "#9"},
				"up": {"uv": [1, 12, 0, 3], "texture": "#9"},
				"down": {"uv": [2, 3, 1, 12], "texture": "#9"}
			}
		},
		{
			"name": "long handle",
			"from": [7, 3, 13],
			"to": [9, 5, 18],
			"rotation": {"angle": 0, "axis": "y", "origin": [7, 3, 13]},
			"faces": {
				"north": {"uv": [4, 4, 6, 6], "texture": "#5"},
				"east": {"uv": [0, 0, 5, 2], "texture": "#5"},
				"south": {"uv": [5, 0, 7, 2], "texture": "#5"},
				"west": {"uv": [0, 2, 5, 4], "texture": "#5"},
				"up": {"uv": [2, 9, 0, 4], "texture": "#5"},
				"down": {"uv": [4, 4, 2, 9], "texture": "#5"}
			}
		},
		{
			"name": "guard",
			"from": [6, 2, 18],
			"to": [10, 6, 19],
			"rotation": {"angle": 0, "axis": "y", "origin": [7, 3, 18]},
			"faces": {
				"north": {"uv": [0, 0, 4, 4], "texture": "#2"},
				"east": {"uv": [4, 0, 5, 4], "texture": "#2"},
				"south": {"uv": [0, 4, 4, 8], "texture": "#2"},
				"west": {"uv": [4, 4, 5, 8], "texture": "#2"},
				"up": {"uv": [9, 1, 5, 0], "texture": "#2"},
				"down": {"uv": [9, 1, 5, 2], "texture": "#2"}
			}
		},
		{
			"name": "flappy",
			"from": [7, 3, 19],
			"to": [9, 7, 25],
			"rotation": {"angle": 0, "axis": "y", "origin": [6, 3, 19]},
			"faces": {
				"north": {"uv": [0, 0, 0, 4], "texture": "#1"},
				"east": {"uv": [0, 0, 6, 4], "texture": "#1"},
				"south": {"uv": [0, 0, 0, 4], "texture": "#1"},
				"west": {"uv": [0, 4, 6, 8], "texture": "#1"},
				"up": {"uv": [0, 6, 0, 0], "texture": "#1"},
				"down": {"uv": [0, 0, 0, 6], "texture": "#1"}
			}
		},
		{
			"name": "random stuff on the side",
			"from": [7, 0, 12],
			"to": [9, 3, 13],
			"rotation": {"angle": 22.5, "axis": "x", "origin": [8, 2, 11]},
			"faces": {
				"north": {"uv": [0, 0, 4, 6], "texture": "#7"},
				"east": {"uv": [8, 0, 10, 6], "texture": "#7"},
				"south": {"uv": [4, 0, 8, 6], "texture": "#7"},
				"west": {"uv": [8, 6, 10, 12], "texture": "#7"},
				"up": {"uv": [4, 14, 0, 12], "texture": "#7"},
				"down": {"uv": [16, 0, 12, 2], "texture": "#7"}
			}
		},
		{
			"name": "random stuff on the sied",
			"from": [7, 6, 12],
			"to": [9, 9, 13],
			"rotation": {"angle": -22.5, "axis": "x", "origin": [8, 7, 14]},
			"faces": {
				"north": {"uv": [0, 6, 4, 12], "texture": "#7"},
				"east": {"uv": [10, 0, 12, 6], "texture": "#7"},
				"south": {"uv": [4, 6, 8, 12], "texture": "#7"},
				"west": {"uv": [10, 6, 12, 12], "texture": "#7"},
				"up": {"uv": [16, 4, 12, 2], "texture": "#7"},
				"down": {"uv": [8, 12, 4, 14], "texture": "#7"}
			}
		},
		{
			"from": [8, 3, -10],
			"to": [9.5, 6, -8.5],
			"rotation": {"angle": -45, "axis": "y", "origin": [8, 4, -10]},
			"faces": {
				"north": {"uv": [0, 0, 4, 6], "texture": "#8"},
				"east": {"uv": [4, 0, 8, 6], "texture": "#8"},
				"south": {"uv": [0, 6, 4, 12], "texture": "#8"},
				"west": {"uv": [4, 6, 8, 12], "texture": "#8"},
				"up": {"uv": [12, 4, 8, 0], "texture": "#8"},
				"down": {"uv": [12, 4, 8, 8], "texture": "#8"}
			}
		}
	],
	"display": {
		"thirdperson_righthand": {
			"rotation": [94, 0, 0],
			"translation": [0.5, 5.25, 5.75]
		},
		"thirdperson_lefthand": {
			"rotation": [94, 0, -1],
			"translation": [0.25, 5.5, 5.75],
			"scale": [0.94, 1, 1]
		},
		"firstperson_righthand": {
			"rotation": [78, 0, 16],
			"translation": [2.75, 5, -0.5],
			"scale": [0.95, 0.96, 1.01]
		},
		"firstperson_lefthand": {
			"rotation": [74, -3, 4],
			"translation": [0.25, 5.75, 0.75]
		},
		"ground": {
			"rotation": [-29, 91, -55],
			"translation": [-1.75, -3.25, -2.5]
		},
		"gui": {
			"rotation": [98, -38, 97],
			"translation": [-3.5, 3.25, 0],
			"scale": [1.42, 1.1, 0.88]
		},
		"head": {
			"rotation": [-89, 26, 0],
			"translation": [6.5, 17, -2.5]
		},
		"fixed": {
			"rotation": [85.28, -49.17, 82.28],
			"translation": [-0.5, 3.25, -1.25],
			"scale": [1.11, 1, 1]
		}
	},
	"groups": [
		{
			"name": "Telaykus Sword",
			"origin": [16, 16, 16],
			"color": 0,
			"children": [0, 1, 2, 3, 4, 5, 6, 7, 8, 9]
		}
	],
	"custom_model_data": 12345
}