{"format_version":"1.16.0","minecraft:geometry":[{"description":{"identifier":"geometry.geyser_custom.geo_6954b57","texture_width":16,"texture_height":16,"visible_bounds_width":4,"visible_bounds_height":4.5,"visible_bounds_offset":[0,0.75,0]},"bones":[{"name":"geyser_custom","binding":"c.item_slot == 'head' ? 'head' : q.item_slot_to_bone_name(c.item_slot)","pivot":[0,8,0]},{"name":"geyser_custom_x","parent":"geyser_custom","pivot":[0,8,0]},{"name":"geyser_custom_y","parent":"geyser_custom_x","pivot":[0,8,0]},{"name":"geyser_custom_z","parent":"geyser_custom_y","pivot":[0,8,0],"cubes":[{"origin":[-11,2,-4.5],"size":[22,4,4],"uv":{"north":{"uv":[0.016,9.3205],"uv_size":[2.184,0.492]},"south":{"uv":[0.016,9.3205],"uv_size":[2.184,0.492]},"east":{"uv":[2.2064,9.3205],"uv_size":[0.3936,0.492]},"west":{"uv":[2.2064,9.3205],"uv_size":[0.3936,0.492]},"up":{"uv":[2.184,10.3045],"uv_size":[-2.184,-0.492]},"down":{"uv":[2.184,10.3045],"uv_size":[-2.184,-0.492]}}},{"origin":[6,1.5,-5],"size":[3,5,5],"uv":{"north":{"uv":[3.1048,9.135],"uv_size":[0.2952,0.615]},"south":{"uv":[3.1048,9.135],"uv_size":[0.2952,0.615]},"east":{"uv":[2.608,9.135],"uv_size":[0.492,0.615]},"west":{"uv":[2.608,9.135],"uv_size":[0.492,0.615]},"up":{"uv":[3.6952,9.74],"uv_size":[-0.2952,-0.615]},"down":{"uv":[3.6952,9.74],"uv_size":[-0.2952,-0.615]}}},{"origin":[3.5,5,-2.5],"size":[4,4,0],"uv":{"north":{"uv":[1.6936,1.4455],"uv_size":[-0.3936,0.492]},"south":{"uv":[1.3064,1.4455],"uv_size":[0.3936,0.492]},"east":{"uv":[0,0.008],"uv_size":[0,0.492]},"west":{"uv":[0,0.008],"uv_size":[0,0.492]},"up":{"uv":[0,0.492],"uv_size":[0,-0.492]},"down":{"uv":[0,0.492],"uv_size":[0,-0.492]}}}]},{"parent":"geyser_custom_z","pivot":[6.7,1.5,0],"rotation":[22.5,0,0],"cubes":[{"origin":[6.2,-2.5,0],"size":[2.5,4,0],"pivot":[6.7,1.5,0],"uv":{"north":{"uv":[8.946,0.008],"uv_size":[-0.246,0.492]},"south":{"uv":[8.946,0.008],"uv_size":[-0.246,0.492]},"east":{"uv":[0,0.008],"uv_size":[0,0.492]},"west":{"uv":[0,0.008],"uv_size":[0,0.492]},"up":{"uv":[0,0.3075],"uv_size":[0,-0.3075]},"down":{"uv":[0,0.3075],"uv_size":[0,-0.3075]}}}],"name":"rot_1"},{"parent":"geyser_custom_z","pivot":[-6.7,1.5,0],"rotation":[22.5,0,0],"cubes":[{"origin":[-8.7,-2.5,0],"size":[2.5,4,0],"pivot":[-6.7,1.5,0],"uv":{"north":{"uv":[8.704,0.008],"uv_size":[0.246,0.492]},"south":{"uv":[8.704,0.008],"uv_size":[0.246,0.492]},"east":{"uv":[0,0.008],"uv_size":[0,0.492]},"west":{"uv":[0,0.008],"uv_size":[0,0.492]},"up":{"uv":[0,0.005],"uv_size":[0,0.3075]},"down":{"uv":[0,0.005],"uv_size":[0,0.3075]}}}],"name":"rot_2"},{"parent":"geyser_custom_z","pivot":[13,-2,0],"rotation":[0,22.5,0],"cubes":[{"origin":[9,-6,0],"size":[8,8,0],"pivot":[13,-2,0],"uv":{"north":{"uv":[14.4128,4.016],"uv_size":[0.7872,0.984]},"south":{"uv":[14.4128,4.016],"uv_size":[0.7872,0.984]},"east":{"uv":[14.4,4.016],"uv_size":[0,0.984]},"west":{"uv":[14.4,4.016],"uv_size":[0,0.984]},"up":{"uv":[14.4,4.016],"uv_size":[0,0.984]},"down":{"uv":[14.4,4.984],"uv_size":[0,-0.984]}}}],"name":"rot_3"},{"parent":"geyser_custom_z","pivot":[8.25,-4.25,-2.5],"rotation":[0,22.5,0],"cubes":[{"origin":[8.25,-10.5,-5.75],"size":[0,12.5,6.5],"pivot":[8.25,-4.25,-2.5],"uv":{"north":{"uv":[0,0.013],"uv_size":[0,0.7995]},"south":{"uv":[0,0.013],"uv_size":[0,0.7995]},"east":{"uv":[11.6396,2.8285],"uv_size":[-0.6396,1.5465]},"west":{"uv":[11.0104,2.8285],"uv_size":[0.6396,1.5465]},"up":{"uv":[0.5904,0],"uv_size":[-0.5904,0]},"down":{"uv":[0.5904,0],"uv_size":[-0.5904,0]}}},{"origin":[5,-10.5,-2.5],"size":[6.5,12.5,0],"pivot":[8.25,-4.25,-2.5],"uv":{"north":{"uv":[11.6396,2.8285],"uv_size":[-0.6396,1.5465]},"south":{"uv":[11.0104,2.8285],"uv_size":[0.6396,1.5465]},"east":{"uv":[0,0.013],"uv_size":[0,0.7995]},"west":{"uv":[0,0.013],"uv_size":[0,0.7995]},"up":{"uv":[0.5904,0],"uv_size":[-0.5904,0]},"down":{"uv":[0.5904,0],"uv_size":[-0.5904,0]}}}],"name":"rot_4"},{"parent":"geyser_custom_z","pivot":[4.5,12,0],"rotation":[0,22.5,0],"cubes":[{"origin":[6,11,1],"size":[10,10,0],"pivot":[4.5,12,0],"uv":{"north":{"uv":[13.834,4.141],"uv_size":[-0.984,1.234]},"south":{"uv":[13.834,4.141],"uv_size":[-0.984,1.234]},"east":{"uv":[12.85,4.141],"uv_size":[0,1.234]},"west":{"uv":[12.85,4.141],"uv_size":[0,1.234]},"up":{"uv":[12.85,4.141],"uv_size":[0,1.234]},"down":{"uv":[12.85,5.359],"uv_size":[0,-1.234]}}},{"origin":[2,8,1],"size":[8,8,0],"pivot":[4.5,12,0],"uv":{"north":{"uv":[14.4128,4.016],"uv_size":[0.7872,0.984]},"south":{"uv":[14.4128,4.016],"uv_size":[0.7872,0.984]},"east":{"uv":[14.4,4.016],"uv_size":[0,0.984]},"west":{"uv":[14.4,4.016],"uv_size":[0,0.984]},"up":{"uv":[14.4,4.016],"uv_size":[0,0.984]},"down":{"uv":[14.4,4.984],"uv_size":[0,-0.984]}}}],"name":"rot_5"},{"parent":"geyser_custom_z","pivot":[-8.25,-4.25,-2.5],"rotation":[0,22.5,0],"cubes":[{"origin":[-8.25,-10.5,-5.75],"size":[0,12.5,6.5],"pivot":[-8.25,-4.25,-2.5],"uv":{"north":{"uv":[0,0.013],"uv_size":[0,0.7995]},"south":{"uv":[0,0.013],"uv_size":[0,0.7995]},"east":{"uv":[11.6396,2.8285],"uv_size":[-0.6396,1.5465]},"west":{"uv":[11.0104,2.8285],"uv_size":[0.6396,1.5465]},"up":{"uv":[0.5904,0],"uv_size":[-0.5904,0]},"down":{"uv":[0.5904,0],"uv_size":[-0.5904,0]}}},{"origin":[-11.5,-10.5,-2.5],"size":[6.5,12.5,0],"pivot":[-8.25,-4.25,-2.5],"uv":{"north":{"uv":[11.0104,2.8285],"uv_size":[0.6396,1.5465]},"south":{"uv":[11.6396,2.8285],"uv_size":[-0.6396,1.5465]},"east":{"uv":[0,0.013],"uv_size":[0,0.7995]},"west":{"uv":[0,0.013],"uv_size":[0,0.7995]},"up":{"uv":[0.0096,0],"uv_size":[0.5904,0]},"down":{"uv":[0.0096,0],"uv_size":[0.5904,0]}}}],"name":"rot_6"},{"parent":"geyser_custom_z","pivot":[24,0,-8],"rotation":[0,-0,0],"cubes":[{"origin":[-7.5,5,-2.5],"size":[4,4,0],"pivot":[24,0,-8],"uv":{"north":{"uv":[1.3064,1.4455],"uv_size":[0.3936,0.492]},"south":{"uv":[1.6936,1.4455],"uv_size":[-0.3936,0.492]},"east":{"uv":[0,0.008],"uv_size":[0,0.492]},"west":{"uv":[0,0.008],"uv_size":[0,0.492]},"up":{"uv":[0,0.008],"uv_size":[0,0.492]},"down":{"uv":[0,0.008],"uv_size":[0,0.492]}}}],"name":"rot_7"},{"parent":"geyser_custom_z","pivot":[16,-9.75,0],"rotation":[0,-0,0],"cubes":[{"origin":[3.75,-3.3,-2.1],"size":[2,6,0],"pivot":[16,-9.75,0],"uv":{"north":{"uv":[1.0532,1.5745],"uv_size":[0.1968,0.738]},"south":{"uv":[1.2468,1.5745],"uv_size":[-0.1968,0.738]},"east":{"uv":[0.85,1.1995],"uv_size":[0,0.738]},"west":{"uv":[0.85,1.1995],"uv_size":[0,0.738]},"up":{"uv":[0.85,1.4335],"uv_size":[0,-0.246]},"down":{"uv":[0.85,1.4335],"uv_size":[0,-0.246]}}}],"name":"rot_8"},{"parent":"geyser_custom_z","pivot":[8,-2,-8],"rotation":[0,-0,0],"cubes":[{"origin":[4.5,-1.2,-2.6],"size":[1,0.5,1],"pivot":[8,-2,-8],"uv":{"north":{"uv":[1.6516,0.6885],"uv_size":[0.0984,0.0615]},"south":{"uv":[1.6516,0.6885],"uv_size":[0.0984,0.0615]},"east":{"uv":[1.7484,0.6885],"uv_size":[-0.0984,0.0615]},"west":{"uv":[1.7484,0.6885],"uv_size":[-0.0984,0.0615]},"up":{"uv":[1.7484,0.873],"uv_size":[-0.0984,-0.123]},"down":{"uv":[1.7484,0.873],"uv_size":[-0.0984,-0.123]}}},{"origin":[4.5,0.2,-2.6],"size":[1,1,1],"pivot":[8,-2,-8],"uv":{"north":{"uv":[1.6516,1.002],"uv_size":[0.0984,0.123]},"south":{"uv":[1.6516,1.002],"uv_size":[0.0984,0.123]},"east":{"uv":[1.7484,1.002],"uv_size":[-0.0984,0.123]},"west":{"uv":[1.7484,1.002],"uv_size":[-0.0984,0.123]},"up":{"uv":[1.7484,0.998],"uv_size":[-0.0984,-0.123]},"down":{"uv":[1.7484,0.998],"uv_size":[-0.0984,-0.123]}}}],"name":"rot_9"},{"parent":"geyser_custom_z","pivot":[8,0,8],"rotation":[0,-0,0],"cubes":[{"origin":[7.5,3.5,-2.5],"size":[5,7,0],"pivot":[8,0,8],"uv":{"north":{"uv":[1.792,1.9515],"uv_size":[-0.492,0.861]},"south":{"uv":[1.308,1.9515],"uv_size":[0.492,0.861]},"east":{"uv":[0,0.014],"uv_size":[0,0.861]},"west":{"uv":[0,0.014],"uv_size":[0,0.861]},"up":{"uv":[0,0.01],"uv_size":[0,0.615]},"down":{"uv":[0,0.01],"uv_size":[0,0.615]}}}],"name":"rot_10"},{"parent":"geyser_custom_z","pivot":[2.5,7,6],"rotation":[0,-0,0],"cubes":[{"origin":[2.5,-2.5,-6.5],"size":[0,5,7],"pivot":[2.5,7,6],"uv":{"north":{"uv":[0,0.01],"uv_size":[0,0.615]},"south":{"uv":[0,0.01],"uv_size":[0,0.615]},"east":{"uv":[1.792,1.9515],"uv_size":[-0.492,0.861]},"west":{"uv":[1.308,1.9515],"uv_size":[0.492,0.861]},"up":{"uv":[0,0.861],"uv_size":[0,-0.861]},"down":{"uv":[0,0.861],"uv_size":[0,-0.861]}}}],"name":"rot_11"},{"parent":"geyser_custom_z","pivot":[-2.5,7,6],"rotation":[0,-0,0],"cubes":[{"origin":[-2.5,-2.5,-6.5],"size":[0,5,7],"pivot":[-2.5,7,6],"uv":{"north":{"uv":[0,0.01],"uv_size":[0,0.615]},"south":{"uv":[0,0.01],"uv_size":[0,0.615]},"east":{"uv":[1.308,2.7985],"uv_size":[0.492,-0.861]},"west":{"uv":[1.792,2.7985],"uv_size":[-0.492,-0.861]},"up":{"uv":[0,0.861],"uv_size":[0,-0.861]},"down":{"uv":[0,0.861],"uv_size":[0,-0.861]}}}],"name":"rot_12"},{"parent":"geyser_custom_z","pivot":[-8,-2,-8],"rotation":[0,-0,0],"cubes":[{"origin":[-5.5,-0.4,-3.6],"size":[1,1,1],"pivot":[-8,-2,-8],"uv":{"north":{"uv":[1.7484,1.002],"uv_size":[-0.0984,0.123]},"south":{"uv":[1.7484,1.002],"uv_size":[-0.0984,0.123]},"east":{"uv":[1.6516,1.002],"uv_size":[0.0984,0.123]},"west":{"uv":[1.6516,1.002],"uv_size":[0.0984,0.123]},"up":{"uv":[1.7484,0.877],"uv_size":[-0.0984,0.123]},"down":{"uv":[1.7484,0.877],"uv_size":[-0.0984,0.123]}}},{"origin":[-5.5,-1.8,-3.6],"size":[1,0.5,1],"pivot":[-8,-2,-8],"uv":{"north":{"uv":[1.7484,0.6885],"uv_size":[-0.0984,0.0615]},"south":{"uv":[1.7484,0.6885],"uv_size":[-0.0984,0.0615]},"east":{"uv":[1.6516,0.6885],"uv_size":[0.0984,0.0615]},"west":{"uv":[1.6516,0.6885],"uv_size":[0.0984,0.0615]},"up":{"uv":[1.7484,0.752],"uv_size":[-0.0984,0.123]},"down":{"uv":[1.7484,0.752],"uv_size":[-0.0984,0.123]}}}],"name":"rot_13"},{"parent":"geyser_custom_z","pivot":[-8,0,-8],"rotation":[0,-0,0],"cubes":[{"origin":[-9,1.5,-5],"size":[3,5,5],"pivot":[-8,0,-8],"uv":{"north":{"uv":[3.3952,9.135],"uv_size":[-0.2952,0.615]},"south":{"uv":[3.3952,9.135],"uv_size":[-0.2952,0.615]},"east":{"uv":[3.092,9.135],"uv_size":[-0.492,0.615]},"west":{"uv":[3.092,9.135],"uv_size":[-0.492,0.615]},"up":{"uv":[3.4048,9.74],"uv_size":[0.2952,-0.615]},"down":{"uv":[3.4048,9.74],"uv_size":[0.2952,-0.615]}}}],"name":"rot_14"},{"parent":"geyser_custom_z","pivot":[-8,0,8],"rotation":[0,-0,0],"cubes":[{"origin":[-12.5,3.5,-2.5],"size":[5,7,0],"pivot":[-8,0,8],"uv":{"north":{"uv":[1.308,1.9515],"uv_size":[0.492,0.861]},"south":{"uv":[1.792,1.9515],"uv_size":[-0.492,0.861]},"east":{"uv":[0,0.014],"uv_size":[0,0.861]},"west":{"uv":[0,0.014],"uv_size":[0,0.861]},"up":{"uv":[0,0.615],"uv_size":[0,-0.615]},"down":{"uv":[0,0.615],"uv_size":[0,-0.615]}}}],"name":"rot_15"},{"parent":"geyser_custom_z","pivot":[-16,-9.75,0],"rotation":[0,-0,0],"cubes":[{"origin":[-5.75,-3.9,-3.1],"size":[2,6,0],"pivot":[-16,-9.75,0],"uv":{"north":{"uv":[1.2468,1.5745],"uv_size":[-0.1968,0.738]},"south":{"uv":[1.0532,1.5745],"uv_size":[0.1968,0.738]},"east":{"uv":[0.85,1.1995],"uv_size":[0,0.738]},"west":{"uv":[0.85,1.1995],"uv_size":[0,0.738]},"up":{"uv":[0.85,1.1915],"uv_size":[0,0.246]},"down":{"uv":[0.85,1.1915],"uv_size":[0,0.246]}}}],"name":"rot_16"},{"parent":"geyser_custom_z","pivot":[6.7,-4.3,3.65],"rotation":[-22.5,0,0],"cubes":[{"origin":[6.2,-4.3,3.65],"size":[2.5,0,5],"pivot":[6.7,-4.3,3.65],"uv":{"north":{"uv":[0,0.505],"uv_size":[0,0.3075]},"south":{"uv":[0,0.505],"uv_size":[0,0.3075]},"east":{"uv":[0,0.516],"uv_size":[0,0.984]},"west":{"uv":[0,0.516],"uv_size":[0,0.984]},"up":{"uv":[8.704,1.49],"uv_size":[0.246,-0.615]},"down":{"uv":[8.704,0.885],"uv_size":[0.246,0.615]}}}],"name":"rot_17"},{"parent":"geyser_custom_z","pivot":[-6.7,-4.3,3.65],"rotation":[-22.5,0,0],"cubes":[{"origin":[-8.7,-4.3,3.65],"size":[2.5,0,5],"pivot":[-6.7,-4.3,3.65],"uv":{"north":{"uv":[0,0.8075],"uv_size":[0,-0.3075]},"south":{"uv":[0,0.8075],"uv_size":[0,-0.3075]},"east":{"uv":[0,1.484],"uv_size":[0,-0.984]},"west":{"uv":[0,1.484],"uv_size":[0,-0.984]},"up":{"uv":[8.946,1.49],"uv_size":[-0.246,-0.615]},"down":{"uv":[8.946,0.885],"uv_size":[-0.246,0.615]}}}],"name":"rot_18"},{"parent":"geyser_custom_z","pivot":[8.25,-4.25,-2.5],"rotation":[0,-22.5,0],"cubes":[{"origin":[5,-10.5,-2.5],"size":[6.5,12.5,0],"pivot":[8.25,-4.25,-2.5],"uv":{"north":{"uv":[11.6396,2.8285],"uv_size":[-0.6396,1.5465]},"south":{"uv":[11.0104,2.8285],"uv_size":[0.6396,1.5465]},"east":{"uv":[0,0.013],"uv_size":[0,0.7995]},"west":{"uv":[0,0.013],"uv_size":[0,0.7995]},"up":{"uv":[0.5904,0],"uv_size":[-0.5904,0]},"down":{"uv":[0.5904,0],"uv_size":[-0.5904,0]}}},{"origin":[8.25,-10.5,-5.75],"size":[0,12.5,6.5],"pivot":[8.25,-4.25,-2.5],"uv":{"north":{"uv":[0,0.013],"uv_size":[0,0.7995]},"south":{"uv":[0,0.013],"uv_size":[0,0.7995]},"east":{"uv":[11.6396,2.8285],"uv_size":[-0.6396,1.5465]},"west":{"uv":[11.0104,2.8285],"uv_size":[0.6396,1.5465]},"up":{"uv":[0.5904,0],"uv_size":[-0.5904,0]},"down":{"uv":[0.5904,0],"uv_size":[-0.5904,0]}}}],"name":"rot_19"},{"parent":"geyser_custom_z","pivot":[-8.25,-4.25,-2.5],"rotation":[0,-22.5,0],"cubes":[{"origin":[-8.25,-10.5,-5.75],"size":[0,12.5,6.5],"pivot":[-8.25,-4.25,-2.5],"uv":{"north":{"uv":[0,0.013],"uv_size":[0,0.7995]},"south":{"uv":[0,0.013],"uv_size":[0,0.7995]},"east":{"uv":[11.6396,2.8285],"uv_size":[-0.6396,1.5465]},"west":{"uv":[11.0104,2.8285],"uv_size":[0.6396,1.5465]},"up":{"uv":[0.5904,0],"uv_size":[-0.5904,0]},"down":{"uv":[0.5904,0],"uv_size":[-0.5904,0]}}},{"origin":[-11.5,-10.5,-2.5],"size":[6.5,12.5,0],"pivot":[-8.25,-4.25,-2.5],"uv":{"north":{"uv":[11.0104,2.8285],"uv_size":[0.6396,1.5465]},"south":{"uv":[11.6396,2.8285],"uv_size":[-0.6396,1.5465]},"east":{"uv":[0,0.013],"uv_size":[0,0.7995]},"west":{"uv":[0,0.013],"uv_size":[0,0.7995]},"up":{"uv":[0.0096,0],"uv_size":[0.5904,0]},"down":{"uv":[0.0096,0],"uv_size":[0.5904,0]}}}],"name":"rot_20"},{"parent":"geyser_custom_z","pivot":[-9,1,1],"rotation":[0,-22.5,0],"cubes":[{"origin":[-18,-5,2],"size":[10,10,0],"pivot":[-9,1,1],"uv":{"north":{"uv":[12.866,4.141],"uv_size":[0.984,1.234]},"south":{"uv":[12.866,4.141],"uv_size":[0.984,1.234]},"east":{"uv":[12.8,4.016],"uv_size":[0,1.484]},"west":{"uv":[12.8,4.016],"uv_size":[0,1.484]},"up":{"uv":[12.8,4.016],"uv_size":[0,1.484]},"down":{"uv":[12.8,5.484],"uv_size":[0,-1.484]}}}],"name":"rot_21"},{"parent":"geyser_custom_z","pivot":[-11,16,1],"rotation":[0,-22.5,0],"cubes":[{"origin":[-16,8,1],"size":[10,10,0],"pivot":[-11,16,1],"uv":{"north":{"uv":[12.866,4.141],"uv_size":[0.984,1.234]},"south":{"uv":[12.866,4.141],"uv_size":[0.984,1.234]},"east":{"uv":[12.8,4.016],"uv_size":[0,1.484]},"west":{"uv":[12.8,4.016],"uv_size":[0,1.484]},"up":{"uv":[12.8,4.016],"uv_size":[0,1.484]},"down":{"uv":[12.8,5.484],"uv_size":[0,-1.484]}}}],"name":"rot_22"},{"parent":"geyser_custom_z","pivot":[6.7,-2.2,1.5],"rotation":[-45,0,0],"cubes":[{"origin":[6.2,-2.1699,1.5076],"size":[2.5,0,3],"pivot":[6.7,-2.2,1.5],"uv":{"north":{"uv":[0,0.505],"uv_size":[0,0.3075]},"south":{"uv":[0,0.505],"uv_size":[0,0.3075]},"east":{"uv":[0,0.506],"uv_size":[0,0.369]},"west":{"uv":[0,0.506],"uv_size":[0,0.369]},"up":{"uv":[8.704,0.869],"uv_size":[0.246,-0.369]},"down":{"uv":[8.704,0.869],"uv_size":[0.246,-0.369]}}}],"name":"rot_23"},{"parent":"geyser_custom_z","pivot":[-6.7,-2.2,1.5],"rotation":[-45,0,0],"cubes":[{"origin":[-8.7,-2.1699,1.5076],"size":[2.5,0,3],"pivot":[-6.7,-2.2,1.5],"uv":{"north":{"uv":[0,0.8075],"uv_size":[0,-0.3075]},"south":{"uv":[0,0.8075],"uv_size":[0,-0.3075]},"east":{"uv":[0,0.869],"uv_size":[0,-0.369]},"west":{"uv":[0,0.869],"uv_size":[0,-0.369]},"up":{"uv":[8.946,0.869],"uv_size":[-0.246,-0.369]},"down":{"uv":[8.946,0.869],"uv_size":[-0.246,-0.369]}}}],"name":"rot_24"}]}]}
