{"format_version":"1.16.0","minecraft:geometry":[{"description":{"identifier":"geometry.geyser_custom.geo_d3433cb","texture_width":16,"texture_height":16,"visible_bounds_width":4,"visible_bounds_height":4.5,"visible_bounds_offset":[0,0.75,0]},"bones":[{"name":"geyser_custom","binding":"c.item_slot == 'head' ? 'head' : q.item_slot_to_bone_name(c.item_slot)","pivot":[0,8,0]},{"name":"geyser_custom_x","parent":"geyser_custom","pivot":[0,8,0]},{"name":"geyser_custom_y","parent":"geyser_custom_x","pivot":[0,8,0]},{"name":"geyser_custom_z","parent":"geyser_custom_y","pivot":[0,8,0],"cubes":[]},{"parent":"geyser_custom_z","pivot":[3.3305,-9.5642,0.7149],"rotation":[22.5,0,0],"cubes":[{"origin":[3.0805,-11.5642,0.7149],"size":[1.25,2,0],"pivot":[3.3305,-9.5642,0.7149],"uv":{"north":{"uv":[8.946,0.008],"uv_size":[-0.246,0.492]},"south":{"uv":[8.946,0.008],"uv_size":[-0.246,0.492]},"east":{"uv":[0,0.008],"uv_size":[0,0.492]},"west":{"uv":[0,0.008],"uv_size":[0,0.492]},"up":{"uv":[0,0.3075],"uv_size":[0,-0.3075]},"down":{"uv":[0,0.3075],"uv_size":[0,-0.3075]}}}],"name":"rot_1"},{"parent":"geyser_custom_z","pivot":[-3.3696,-9.5642,0.7149],"rotation":[22.5,0,0],"cubes":[{"origin":[-4.3696,-11.5642,0.7149],"size":[1.25,2,0],"pivot":[-3.3696,-9.5642,0.7149],"uv":{"north":{"uv":[8.704,0.008],"uv_size":[0.246,0.492]},"south":{"uv":[8.704,0.008],"uv_size":[0.246,0.492]},"east":{"uv":[0,0.008],"uv_size":[0,0.492]},"west":{"uv":[0,0.008],"uv_size":[0,0.492]},"up":{"uv":[0,0.005],"uv_size":[0,0.3075]},"down":{"uv":[0,0.005],"uv_size":[0,0.3075]}}}],"name":"rot_2"},{"parent":"geyser_custom_z","pivot":[6.4805,-11.3142,0.7149],"rotation":[0,22.5,0],"cubes":[{"origin":[4.4804,-13.3142,0.7149],"size":[4,4,0],"pivot":[6.4805,-11.3142,0.7149],"uv":{"north":{"uv":[14.4128,4.016],"uv_size":[0.7872,0.984]},"south":{"uv":[14.4128,4.016],"uv_size":[0.7872,0.984]},"east":{"uv":[14.4,4.016],"uv_size":[0,0.984]},"west":{"uv":[14.4,4.016],"uv_size":[0,0.984]},"up":{"uv":[14.4,4.016],"uv_size":[0,0.984]},"down":{"uv":[14.4,4.984],"uv_size":[0,-0.984]}}}],"name":"rot_3"},{"parent":"geyser_custom_z","pivot":[4.1054,-12.4392,-0.5351],"rotation":[0,22.5,0],"cubes":[{"origin":[4.1054,-15.5642,-2.1601],"size":[0,6.25,3.25],"pivot":[4.1054,-12.4392,-0.5351],"uv":{"north":{"uv":[0,0.013],"uv_size":[0,0.7995]},"south":{"uv":[0,0.013],"uv_size":[0,0.7995]},"east":{"uv":[11.6396,2.8285],"uv_size":[-0.6396,1.5465]},"west":{"uv":[11.0104,2.8285],"uv_size":[0.6396,1.5465]},"up":{"uv":[0.5904,0],"uv_size":[-0.5904,0]},"down":{"uv":[0.5904,0],"uv_size":[-0.5904,0]}}},{"origin":[2.4805,-15.5642,-0.5351],"size":[3.25,6.25,0],"pivot":[4.1054,-12.4392,-0.5351],"uv":{"north":{"uv":[11.6396,2.8285],"uv_size":[-0.6396,1.5465]},"south":{"uv":[11.0104,2.8285],"uv_size":[0.6396,1.5465]},"east":{"uv":[0,0.013],"uv_size":[0,0.7995]},"west":{"uv":[0,0.013],"uv_size":[0,0.7995]},"up":{"uv":[0.5904,0],"uv_size":[-0.5904,0]},"down":{"uv":[0.5904,0],"uv_size":[-0.5904,0]}}}],"name":"rot_4"},{"parent":"geyser_custom_z","pivot":[2.2305,-4.3142,0.7149],"rotation":[0,22.5,0],"cubes":[{"origin":[2.9805,-4.8142,1.2149],"size":[5,5,0],"pivot":[2.2305,-4.3142,0.7149],"uv":{"north":{"uv":[13.834,4.141],"uv_size":[-0.984,1.234]},"south":{"uv":[13.834,4.141],"uv_size":[-0.984,1.234]},"east":{"uv":[12.85,4.141],"uv_size":[0,1.234]},"west":{"uv":[12.85,4.141],"uv_size":[0,1.234]},"up":{"uv":[12.85,4.141],"uv_size":[0,1.234]},"down":{"uv":[12.85,5.359],"uv_size":[0,-1.234]}}},{"origin":[0.9805,-6.3142,1.2149],"size":[4,4,0],"pivot":[2.2305,-4.3142,0.7149],"uv":{"north":{"uv":[14.4128,4.016],"uv_size":[0.7872,0.984]},"south":{"uv":[14.4128,4.016],"uv_size":[0.7872,0.984]},"east":{"uv":[14.4,4.016],"uv_size":[0,0.984]},"west":{"uv":[14.4,4.016],"uv_size":[0,0.984]},"up":{"uv":[14.4,4.016],"uv_size":[0,0.984]},"down":{"uv":[14.4,4.984],"uv_size":[0,-0.984]}}}],"name":"rot_5"},{"parent":"geyser_custom_z","pivot":[-4.1446,-12.4392,-0.5351],"rotation":[0,22.5,0],"cubes":[{"origin":[-4.1446,-15.5642,-2.1601],"size":[0,6.25,3.25],"pivot":[-4.1446,-12.4392,-0.5351],"uv":{"north":{"uv":[0,0.013],"uv_size":[0,0.7995]},"south":{"uv":[0,0.013],"uv_size":[0,0.7995]},"east":{"uv":[11.6396,2.8285],"uv_size":[-0.6396,1.5465]},"west":{"uv":[11.0104,2.8285],"uv_size":[0.6396,1.5465]},"up":{"uv":[0.5904,0],"uv_size":[-0.5904,0]},"down":{"uv":[0.5904,0],"uv_size":[-0.5904,0]}}},{"origin":[-5.7696,-15.5642,-0.5351],"size":[3.25,6.25,0],"pivot":[-4.1446,-12.4392,-0.5351],"uv":{"north":{"uv":[11.0104,2.8285],"uv_size":[0.6396,1.5465]},"south":{"uv":[11.6396,2.8285],"uv_size":[-0.6396,1.5465]},"east":{"uv":[0,0.013],"uv_size":[0,0.7995]},"west":{"uv":[0,0.013],"uv_size":[0,0.7995]},"up":{"uv":[0.0096,0],"uv_size":[0.5904,0]},"down":{"uv":[0.0096,0],"uv_size":[0.5904,0]}}}],"name":"rot_6"},{"parent":"geyser_custom_z","pivot":[11.9805,-10.3142,-3.2851],"rotation":[0,-0,0],"cubes":[{"origin":[-3.7696,-7.8142,-0.5351],"size":[2,2,0],"pivot":[11.9805,-10.3142,-3.2851],"uv":{"north":{"uv":[1.3064,1.4455],"uv_size":[0.3936,0.492]},"south":{"uv":[1.6936,1.4455],"uv_size":[-0.3936,0.492]},"east":{"uv":[0,0.008],"uv_size":[0,0.492]},"west":{"uv":[0,0.008],"uv_size":[0,0.492]},"up":{"uv":[0,0.008],"uv_size":[0,0.492]},"down":{"uv":[0,0.008],"uv_size":[0,0.492]}}}],"name":"rot_7"},{"parent":"geyser_custom_z","pivot":[7.9805,-15.1892,0.7149],"rotation":[0,-0,0],"cubes":[{"origin":[1.8555,-11.9642,-0.3351],"size":[1,3,0],"pivot":[7.9805,-15.1892,0.7149],"uv":{"north":{"uv":[1.0532,1.5745],"uv_size":[0.1968,0.738]},"south":{"uv":[1.2468,1.5745],"uv_size":[-0.1968,0.738]},"east":{"uv":[0.85,1.1995],"uv_size":[0,0.738]},"west":{"uv":[0.85,1.1995],"uv_size":[0,0.738]},"up":{"uv":[0.85,1.4335],"uv_size":[0,-0.246]},"down":{"uv":[0.85,1.4335],"uv_size":[0,-0.246]}}}],"name":"rot_8"},{"parent":"geyser_custom_z","pivot":[3.9805,-11.3142,-3.2851],"rotation":[0,-0,0],"cubes":[{"origin":[2.2305,-10.9142,-0.5851],"size":[0.5,0.25,0.5],"pivot":[3.9805,-11.3142,-3.2851],"uv":{"north":{"uv":[1.6516,0.6885],"uv_size":[0.0984,0.0615]},"south":{"uv":[1.6516,0.6885],"uv_size":[0.0984,0.0615]},"east":{"uv":[1.7484,0.6885],"uv_size":[-0.0984,0.0615]},"west":{"uv":[1.7484,0.6885],"uv_size":[-0.0984,0.0615]},"up":{"uv":[1.7484,0.873],"uv_size":[-0.0984,-0.123]},"down":{"uv":[1.7484,0.873],"uv_size":[-0.0984,-0.123]}}},{"origin":[2.2305,-10.2142,-0.5851],"size":[0.5,0.5,0.5],"pivot":[3.9805,-11.3142,-3.2851],"uv":{"north":{"uv":[1.6516,1.002],"uv_size":[0.0984,0.123]},"south":{"uv":[1.6516,1.002],"uv_size":[0.0984,0.123]},"east":{"uv":[1.7484,1.002],"uv_size":[-0.0984,0.123]},"west":{"uv":[1.7484,1.002],"uv_size":[-0.0984,0.123]},"up":{"uv":[1.7484,0.998],"uv_size":[-0.0984,-0.123]},"down":{"uv":[1.7484,0.998],"uv_size":[-0.0984,-0.123]}}}],"name":"rot_9"},{"parent":"geyser_custom_z","pivot":[3.9805,-10.3142,-3.2851],"rotation":[0,-0,0],"cubes":[{"origin":[-5.5196,-9.3142,-1.5351],"size":[11,2,2],"pivot":[3.9805,-10.3142,-3.2851],"uv":{"north":{"uv":[0.016,9.3205],"uv_size":[2.184,0.492]},"south":{"uv":[0.016,9.3205],"uv_size":[2.184,0.492]},"east":{"uv":[2.2064,9.3205],"uv_size":[0.3936,0.492]},"west":{"uv":[2.2064,9.3205],"uv_size":[0.3936,0.492]},"up":{"uv":[2.184,10.3045],"uv_size":[-2.184,-0.492]},"down":{"uv":[2.184,10.3045],"uv_size":[-2.184,-0.492]}}},{"origin":[2.9805,-9.5642,-1.7851],"size":[1.5,2.5,2.5],"pivot":[3.9805,-10.3142,-3.2851],"uv":{"north":{"uv":[3.1048,9.135],"uv_size":[0.2952,0.615]},"south":{"uv":[3.1048,9.135],"uv_size":[0.2952,0.615]},"east":{"uv":[2.608,9.135],"uv_size":[0.492,0.615]},"west":{"uv":[2.608,9.135],"uv_size":[0.492,0.615]},"up":{"uv":[3.6952,9.74],"uv_size":[-0.2952,-0.615]},"down":{"uv":[3.6952,9.74],"uv_size":[-0.2952,-0.615]}}},{"origin":[1.7305,-7.8142,-0.5351],"size":[2,2,0],"pivot":[3.9805,-10.3142,-3.2851],"uv":{"north":{"uv":[1.6936,1.4455],"uv_size":[-0.3936,0.492]},"south":{"uv":[1.3064,1.4455],"uv_size":[0.3936,0.492]},"east":{"uv":[0,0.008],"uv_size":[0,0.492]},"west":{"uv":[0,0.008],"uv_size":[0,0.492]},"up":{"uv":[0,0.492],"uv_size":[0,-0.492]},"down":{"uv":[0,0.492],"uv_size":[0,-0.492]}}}],"name":"rot_10"},{"parent":"geyser_custom_z","pivot":[3.9805,-10.3142,4.7149],"rotation":[0,-0,0],"cubes":[{"origin":[3.7305,-8.5642,-0.5351],"size":[2.5,3.5,0],"pivot":[3.9805,-10.3142,4.7149],"uv":{"north":{"uv":[1.792,1.9515],"uv_size":[-0.492,0.861]},"south":{"uv":[1.308,1.9515],"uv_size":[0.492,0.861]},"east":{"uv":[0,0.014],"uv_size":[0,0.861]},"west":{"uv":[0,0.014],"uv_size":[0,0.861]},"up":{"uv":[0,0.01],"uv_size":[0,0.615]},"down":{"uv":[0,0.01],"uv_size":[0,0.615]}}}],"name":"rot_11"},{"parent":"geyser_custom_z","pivot":[1.2305,-6.8142,3.7149],"rotation":[0,-0,0],"cubes":[{"origin":[1.2305,-11.5642,-2.5351],"size":[0,2.5,3.5],"pivot":[1.2305,-6.8142,3.7149],"uv":{"north":{"uv":[0,0.01],"uv_size":[0,0.615]},"south":{"uv":[0,0.01],"uv_size":[0,0.615]},"east":{"uv":[1.792,1.9515],"uv_size":[-0.492,0.861]},"west":{"uv":[1.308,1.9515],"uv_size":[0.492,0.861]},"up":{"uv":[0,0.861],"uv_size":[0,-0.861]},"down":{"uv":[0,0.861],"uv_size":[0,-0.861]}}}],"name":"rot_12"},{"parent":"geyser_custom_z","pivot":[-1.2696,-6.8142,3.7149],"rotation":[0,-0,0],"cubes":[{"origin":[-1.2696,-11.5642,-2.5351],"size":[0,2.5,3.5],"pivot":[-1.2696,-6.8142,3.7149],"uv":{"north":{"uv":[0,0.01],"uv_size":[0,0.615]},"south":{"uv":[0,0.01],"uv_size":[0,0.615]},"east":{"uv":[1.308,2.7985],"uv_size":[0.492,-0.861]},"west":{"uv":[1.792,2.7985],"uv_size":[-0.492,-0.861]},"up":{"uv":[0,0.861],"uv_size":[0,-0.861]},"down":{"uv":[0,0.861],"uv_size":[0,-0.861]}}}],"name":"rot_13"},{"parent":"geyser_custom_z","pivot":[-4.0196,-11.3142,-3.2851],"rotation":[0,-0,0],"cubes":[{"origin":[-2.7696,-10.5142,-1.0851],"size":[0.5,0.5,0.5],"pivot":[-4.0196,-11.3142,-3.2851],"uv":{"north":{"uv":[1.7484,1.002],"uv_size":[-0.0984,0.123]},"south":{"uv":[1.7484,1.002],"uv_size":[-0.0984,0.123]},"east":{"uv":[1.6516,1.002],"uv_size":[0.0984,0.123]},"west":{"uv":[1.6516,1.002],"uv_size":[0.0984,0.123]},"up":{"uv":[1.7484,0.877],"uv_size":[-0.0984,0.123]},"down":{"uv":[1.7484,0.877],"uv_size":[-0.0984,0.123]}}},{"origin":[-2.7696,-11.2142,-1.0851],"size":[0.5,0.25,0.5],"pivot":[-4.0196,-11.3142,-3.2851],"uv":{"north":{"uv":[1.7484,0.6885],"uv_size":[-0.0984,0.0615]},"south":{"uv":[1.7484,0.6885],"uv_size":[-0.0984,0.0615]},"east":{"uv":[1.6516,0.6885],"uv_size":[0.0984,0.0615]},"west":{"uv":[1.6516,0.6885],"uv_size":[0.0984,0.0615]},"up":{"uv":[1.7484,0.752],"uv_size":[-0.0984,0.123]},"down":{"uv":[1.7484,0.752],"uv_size":[-0.0984,0.123]}}}],"name":"rot_14"},{"parent":"geyser_custom_z","pivot":[-4.0196,-10.3142,-3.2851],"rotation":[0,-0,0],"cubes":[{"origin":[-4.5196,-9.5642,-1.7851],"size":[1.5,2.5,2.5],"pivot":[-4.0196,-10.3142,-3.2851],"uv":{"north":{"uv":[3.3952,9.135],"uv_size":[-0.2952,0.615]},"south":{"uv":[3.3952,9.135],"uv_size":[-0.2952,0.615]},"east":{"uv":[3.092,9.135],"uv_size":[-0.492,0.615]},"west":{"uv":[3.092,9.135],"uv_size":[-0.492,0.615]},"up":{"uv":[3.4048,9.74],"uv_size":[0.2952,-0.615]},"down":{"uv":[3.4048,9.74],"uv_size":[0.2952,-0.615]}}}],"name":"rot_15"},{"parent":"geyser_custom_z","pivot":[-4.0196,-10.3142,4.7149],"rotation":[0,-0,0],"cubes":[{"origin":[-6.2696,-8.5642,-0.5351],"size":[2.5,3.5,0],"pivot":[-4.0196,-10.3142,4.7149],"uv":{"north":{"uv":[1.308,1.9515],"uv_size":[0.492,0.861]},"south":{"uv":[1.792,1.9515],"uv_size":[-0.492,0.861]},"east":{"uv":[0,0.014],"uv_size":[0,0.861]},"west":{"uv":[0,0.014],"uv_size":[0,0.861]},"up":{"uv":[0,0.615],"uv_size":[0,-0.615]},"down":{"uv":[0,0.615],"uv_size":[0,-0.615]}}}],"name":"rot_16"},{"parent":"geyser_custom_z","pivot":[-8.0195,-15.1892,0.7149],"rotation":[0,-0,0],"cubes":[{"origin":[-2.8946,-12.2642,-0.8351],"size":[1,3,0],"pivot":[-8.0195,-15.1892,0.7149],"uv":{"north":{"uv":[1.2468,1.5745],"uv_size":[-0.1968,0.738]},"south":{"uv":[1.0532,1.5745],"uv_size":[0.1968,0.738]},"east":{"uv":[0.85,1.1995],"uv_size":[0,0.738]},"west":{"uv":[0.85,1.1995],"uv_size":[0,0.738]},"up":{"uv":[0.85,1.1915],"uv_size":[0,0.246]},"down":{"uv":[0.85,1.1915],"uv_size":[0,0.246]}}}],"name":"rot_17"},{"parent":"geyser_custom_z","pivot":[3.3305,-12.4642,2.5399],"rotation":[-22.5,0,0],"cubes":[{"origin":[3.0805,-12.4642,2.5399],"size":[1.25,0,2.5],"pivot":[3.3305,-12.4642,2.5399],"uv":{"north":{"uv":[0,0.505],"uv_size":[0,0.3075]},"south":{"uv":[0,0.505],"uv_size":[0,0.3075]},"east":{"uv":[0,0.516],"uv_size":[0,0.984]},"west":{"uv":[0,0.516],"uv_size":[0,0.984]},"up":{"uv":[8.704,1.49],"uv_size":[0.246,-0.615]},"down":{"uv":[8.704,0.885],"uv_size":[0.246,0.615]}}}],"name":"rot_18"},{"parent":"geyser_custom_z","pivot":[-3.3696,-12.4642,2.5399],"rotation":[-22.5,0,0],"cubes":[{"origin":[-4.3696,-12.4642,2.5399],"size":[1.25,0,2.5],"pivot":[-3.3696,-12.4642,2.5399],"uv":{"north":{"uv":[0,0.8075],"uv_size":[0,-0.3075]},"south":{"uv":[0,0.8075],"uv_size":[0,-0.3075]},"east":{"uv":[0,1.484],"uv_size":[0,-0.984]},"west":{"uv":[0,1.484],"uv_size":[0,-0.984]},"up":{"uv":[8.946,1.49],"uv_size":[-0.246,-0.615]},"down":{"uv":[8.946,0.885],"uv_size":[-0.246,0.615]}}}],"name":"rot_19"},{"parent":"geyser_custom_z","pivot":[4.1054,-12.4392,-0.5351],"rotation":[0,-22.5,0],"cubes":[{"origin":[2.4805,-15.5642,-0.5351],"size":[3.25,6.25,0],"pivot":[4.1054,-12.4392,-0.5351],"uv":{"north":{"uv":[11.6396,2.8285],"uv_size":[-0.6396,1.5465]},"south":{"uv":[11.0104,2.8285],"uv_size":[0.6396,1.5465]},"east":{"uv":[0,0.013],"uv_size":[0,0.7995]},"west":{"uv":[0,0.013],"uv_size":[0,0.7995]},"up":{"uv":[0.5904,0],"uv_size":[-0.5904,0]},"down":{"uv":[0.5904,0],"uv_size":[-0.5904,0]}}},{"origin":[4.1054,-15.5642,-2.1601],"size":[0,6.25,3.25],"pivot":[4.1054,-12.4392,-0.5351],"uv":{"north":{"uv":[0,0.013],"uv_size":[0,0.7995]},"south":{"uv":[0,0.013],"uv_size":[0,0.7995]},"east":{"uv":[11.6396,2.8285],"uv_size":[-0.6396,1.5465]},"west":{"uv":[11.0104,2.8285],"uv_size":[0.6396,1.5465]},"up":{"uv":[0.5904,0],"uv_size":[-0.5904,0]},"down":{"uv":[0.5904,0],"uv_size":[-0.5904,0]}}}],"name":"rot_20"},{"parent":"geyser_custom_z","pivot":[-4.1446,-12.4392,-0.5351],"rotation":[0,-22.5,0],"cubes":[{"origin":[-4.1446,-15.5642,-2.1601],"size":[0,6.25,3.25],"pivot":[-4.1446,-12.4392,-0.5351],"uv":{"north":{"uv":[0,0.013],"uv_size":[0,0.7995]},"south":{"uv":[0,0.013],"uv_size":[0,0.7995]},"east":{"uv":[11.6396,2.8285],"uv_size":[-0.6396,1.5465]},"west":{"uv":[11.0104,2.8285],"uv_size":[0.6396,1.5465]},"up":{"uv":[0.5904,0],"uv_size":[-0.5904,0]},"down":{"uv":[0.5904,0],"uv_size":[-0.5904,0]}}},{"origin":[-5.7696,-15.5642,-0.5351],"size":[3.25,6.25,0],"pivot":[-4.1446,-12.4392,-0.5351],"uv":{"north":{"uv":[11.0104,2.8285],"uv_size":[0.6396,1.5465]},"south":{"uv":[11.6396,2.8285],"uv_size":[-0.6396,1.5465]},"east":{"uv":[0,0.013],"uv_size":[0,0.7995]},"west":{"uv":[0,0.013],"uv_size":[0,0.7995]},"up":{"uv":[0.0096,0],"uv_size":[0.5904,0]},"down":{"uv":[0.0096,0],"uv_size":[0.5904,0]}}}],"name":"rot_21"},{"parent":"geyser_custom_z","pivot":[-4.5196,-9.8142,1.2149],"rotation":[0,-22.5,0],"cubes":[{"origin":[-9.0195,-12.8142,1.7149],"size":[5,5,0],"pivot":[-4.5196,-9.8142,1.2149],"uv":{"north":{"uv":[12.866,4.141],"uv_size":[0.984,1.234]},"south":{"uv":[12.866,4.141],"uv_size":[0.984,1.234]},"east":{"uv":[12.8,4.016],"uv_size":[0,1.484]},"west":{"uv":[12.8,4.016],"uv_size":[0,1.484]},"up":{"uv":[12.8,4.016],"uv_size":[0,1.484]},"down":{"uv":[12.8,5.484],"uv_size":[0,-1.484]}}}],"name":"rot_22"},{"parent":"geyser_custom_z","pivot":[-5.5196,-2.3142,1.2149],"rotation":[0,-22.5,0],"cubes":[{"origin":[-8.0195,-6.3142,1.2149],"size":[5,5,0],"pivot":[-5.5196,-2.3142,1.2149],"uv":{"north":{"uv":[12.866,4.141],"uv_size":[0.984,1.234]},"south":{"uv":[12.866,4.141],"uv_size":[0.984,1.234]},"east":{"uv":[12.8,4.016],"uv_size":[0,1.484]},"west":{"uv":[12.8,4.016],"uv_size":[0,1.484]},"up":{"uv":[12.8,4.016],"uv_size":[0,1.484]},"down":{"uv":[12.8,5.484],"uv_size":[0,-1.484]}}}],"name":"rot_23"},{"parent":"geyser_custom_z","pivot":[3.3305,-11.4142,1.4649],"rotation":[-45,0,0],"cubes":[{"origin":[3.0805,-11.3991,1.4687],"size":[1.25,0,1.5],"pivot":[3.3305,-11.4142,1.4649],"uv":{"north":{"uv":[0,0.505],"uv_size":[0,0.3075]},"south":{"uv":[0,0.505],"uv_size":[0,0.3075]},"east":{"uv":[0,0.506],"uv_size":[0,0.369]},"west":{"uv":[0,0.506],"uv_size":[0,0.369]},"up":{"uv":[8.704,0.869],"uv_size":[0.246,-0.369]},"down":{"uv":[8.704,0.869],"uv_size":[0.246,-0.369]}}}],"name":"rot_24"},{"parent":"geyser_custom_z","pivot":[-3.3696,-11.4142,1.4649],"rotation":[-45,0,0],"cubes":[{"origin":[-4.3696,-11.3991,1.4687],"size":[1.25,0,1.5],"pivot":[-3.3696,-11.4142,1.4649],"uv":{"north":{"uv":[0,0.8075],"uv_size":[0,-0.3075]},"south":{"uv":[0,0.8075],"uv_size":[0,-0.3075]},"east":{"uv":[0,0.869],"uv_size":[0,-0.369]},"west":{"uv":[0,0.869],"uv_size":[0,-0.369]},"up":{"uv":[8.946,0.869],"uv_size":[-0.246,-0.369]},"down":{"uv":[8.946,0.869],"uv_size":[-0.246,-0.369]}}}],"name":"rot_25"}]}]}
