{"format_version":"1.16.0","minecraft:geometry":[{"description":{"identifier":"geometry.geyser_custom.geo_8025336","texture_width":16,"texture_height":16,"visible_bounds_width":4,"visible_bounds_height":4.5,"visible_bounds_offset":[0,0.75,0]},"bones":[{"name":"geyser_custom","binding":"c.item_slot == 'head' ? 'head' : q.item_slot_to_bone_name(c.item_slot)","pivot":[0,8,0]},{"name":"geyser_custom_x","parent":"geyser_custom","pivot":[0,8,0]},{"name":"geyser_custom_y","parent":"geyser_custom_x","pivot":[0,8,0]},{"name":"geyser_custom_z","parent":"geyser_custom_y","pivot":[0,8,0],"cubes":[]},{"parent":"geyser_custom_z","pivot":[8,-1,7.5],"rotation":[45,0,0],"cubes":[{"origin":[-1,-7,-2],"size":[2,8,2.5],"pivot":[8,-1,7.5],"uv":{"north":{"uv":[1.5532,4.141],"uv_size":[0.1968,0.984]},"south":{"uv":[1.7532,4.141],"uv_size":[0.1968,0.984]},"east":{"uv":[1.546,4.141],"uv_size":[-0.246,0.984]},"west":{"uv":[1.304,4.141],"uv_size":[0.246,0.984]},"up":{"uv":[1.2968,4.6825],"uv_size":[-0.1968,-0.3075]},"down":{"uv":[1.2968,4.6825],"uv_size":[-0.1968,-0.3075]}}}],"name":"rot_1"},{"parent":"geyser_custom_z","pivot":[0,12.5,-1.5],"rotation":[45,0,0],"cubes":[{"origin":[-2.25,13.5,-0.5],"size":[4.5,3,3],"pivot":[0,12.5,-1.5],"uv":{"north":{"uv":[0.9452,2.384],"uv_size":[-0.2952,0.5535]},"south":{"uv":[0.9452,2.384],"uv_size":[-0.2952,0.5535]},"east":{"uv":[0.6548,2.006],"uv_size":[0.2952,0.369]},"west":{"uv":[0.6548,2.369],"uv_size":[0.2952,-0.369]},"up":{"uv":[0.9452,2.9285],"uv_size":[-0.2952,-0.5535]},"down":{"uv":[0.9452,2.9285],"uv_size":[-0.2952,-0.5535]}}}],"name":"rot_2"},{"parent":"geyser_custom_z","pivot":[0,13.6,-1.5],"rotation":[45,0,0],"cubes":[{"origin":[-3,14.1,-1],"size":[6,2,2],"pivot":[0,13.6,-1.5],"uv":{"north":{"uv":[1.8404,1.129],"uv_size":[-0.5904,0.246]},"south":{"uv":[1.8404,1.129],"uv_size":[-0.5904,0.246]},"east":{"uv":[1.0532,1.3165],"uv_size":[0.1968,0.246]},"west":{"uv":[1.2468,1.3165],"uv_size":[-0.1968,0.246]},"up":{"uv":[1.2596,1.371],"uv_size":[0.5904,-0.246]},"down":{"uv":[1.2596,1.371],"uv_size":[0.5904,-0.246]}}}],"name":"rot_3"},{"parent":"geyser_custom_z","pivot":[0,24.75,7.25],"rotation":[45,0,0],"cubes":[{"origin":[-0.25,0.8,7],"size":[0.5,24.7,0.5],"pivot":[0,24.75,7.25],"uv":{"north":{"uv":[0.0008,6.266],"uv_size":[0.0492,2.1715]},"south":{"uv":[0.0008,6.266],"uv_size":[0.0492,2.1715]},"east":{"uv":[0.0008,6.266],"uv_size":[0.0492,2.1715]},"west":{"uv":[0.0008,6.266],"uv_size":[0.0492,2.1715]},"up":{"uv":[0.0492,6.3115],"uv_size":[-0.0492,-0.0615]},"down":{"uv":[0.0492,6.3115],"uv_size":[-0.0492,-0.0615]}}}],"name":"rot_4"},{"parent":"geyser_custom_z","pivot":[0,-2,0.45],"rotation":[0,45,0],"cubes":[{"origin":[-1.35,0,-0.8],"size":[2.6,2.5,2.6],"pivot":[0,-2,0.45],"uv":{"north":{"uv":[0.804,0.9325],"uv_size":[0.246,-0.3075]},"south":{"uv":[0.804,0.9325],"uv_size":[0.246,-0.3075]},"east":{"uv":[1.046,0.9325],"uv_size":[-0.246,-0.3075]},"west":{"uv":[0.804,0.62],"uv_size":[0.246,-0.3075]},"up":{"uv":[1.496,0.3175],"uv_size":[-0.246,0.3075]},"down":{"uv":[1.446,0.005],"uv_size":[-0.246,0.3075]}}}],"name":"rot_5"},{"parent":"geyser_custom_z","pivot":[0,5.25,-1.5],"rotation":[0,45,0],"cubes":[{"origin":[-1.25,2,-2.75],"size":[2.5,2.5,2.5],"pivot":[0,5.25,-1.5],"uv":{"north":{"uv":[0.654,1.6825],"uv_size":[0.246,-0.3075]},"south":{"uv":[0.654,1.6825],"uv_size":[0.246,-0.3075]},"east":{"uv":[0.654,1.6825],"uv_size":[0.246,-0.3075]},"west":{"uv":[0.654,1.6825],"uv_size":[0.246,-0.3075]},"up":{"uv":[0.896,1.6925],"uv_size":[-0.246,0.3075]},"down":{"uv":[0.896,1.6925],"uv_size":[-0.246,0.3075]}}}],"name":"rot_6"},{"parent":"geyser_custom_z","pivot":[0,8,-1.5],"rotation":[0,45,0],"cubes":[{"origin":[-1,3,-2.5],"size":[2,10,2],"pivot":[0,8,-1.5],"uv":{"north":{"uv":[0.4532,1.4535],"uv_size":[0.1968,1.234]},"south":{"uv":[0.4532,1.4535],"uv_size":[0.1968,1.234]},"east":{"uv":[0.4532,1.4535],"uv_size":[0.1968,1.234]},"west":{"uv":[0.4532,1.4535],"uv_size":[0.1968,1.234]},"up":{"uv":[0.6468,1.6835],"uv_size":[-0.1968,-0.246]},"down":{"uv":[0.6468,1.6835],"uv_size":[-0.1968,-0.246]}}},{"origin":[-1.1,3,-2.6],"size":[2.2,10,0],"pivot":[0,8,-1.5],"uv":{"north":{"uv":[12.6032,3.4535],"uv_size":[0.1968,1.234]},"south":{"uv":[12.7968,3.4535],"uv_size":[-0.1968,1.234]},"east":{"uv":[0.4532,1.4535],"uv_size":[0.1968,1.234]},"west":{"uv":[0.4532,1.4535],"uv_size":[0.1968,1.234]},"up":{"uv":[0.4532,1.4415],"uv_size":[0.1968,0.246]},"down":{"uv":[0.4532,1.4415],"uv_size":[0.1968,0.246]}}},{"origin":[-1.1,3,-0.4],"size":[2.2,10,0],"pivot":[0,8,-1.5],"uv":{"north":{"uv":[12.7968,3.4535],"uv_size":[-0.1968,1.234]},"south":{"uv":[12.6032,3.4535],"uv_size":[0.1968,1.234]},"east":{"uv":[0.4532,1.4535],"uv_size":[0.1968,1.234]},"west":{"uv":[0.4532,1.4535],"uv_size":[0.1968,1.234]},"up":{"uv":[0.6468,1.6835],"uv_size":[-0.1968,-0.246]},"down":{"uv":[0.6468,1.6835],"uv_size":[-0.1968,-0.246]}}}],"name":"rot_7"},{"parent":"geyser_custom_z","pivot":[0,16.75,-1.5],"rotation":[0,45,0],"cubes":[{"origin":[-1.25,11.5,-2.75],"size":[2.5,2.5,2.5],"pivot":[0,16.75,-1.5],"uv":{"north":{"uv":[0.654,1.38],"uv_size":[0.246,0.3075]},"south":{"uv":[0.654,1.38],"uv_size":[0.246,0.3075]},"east":{"uv":[0.654,1.38],"uv_size":[0.246,0.3075]},"west":{"uv":[0.654,1.38],"uv_size":[0.246,0.3075]},"up":{"uv":[0.896,1.995],"uv_size":[-0.246,-0.3075]},"down":{"uv":[0.896,1.995],"uv_size":[-0.246,-0.3075]}}}],"name":"rot_8"},{"parent":"geyser_custom_z","pivot":[0,18,0.45],"rotation":[0,45,0],"cubes":[{"origin":[-1.35,13.5,-0.8],"size":[2.6,2.5,2.6],"pivot":[0,18,0.45],"uv":{"north":{"uv":[0.804,0.63],"uv_size":[0.246,0.3075]},"south":{"uv":[0.804,0.63],"uv_size":[0.246,0.3075]},"east":{"uv":[1.046,0.63],"uv_size":[-0.246,0.3075]},"west":{"uv":[0.804,0.3175],"uv_size":[0.246,0.3075]},"up":{"uv":[1.446,0.3075],"uv_size":[-0.246,-0.3075]},"down":{"uv":[1.496,0.62],"uv_size":[-0.246,-0.3075]}}}],"name":"rot_9"},{"parent":"geyser_custom_z","pivot":[0,-1.7,-3.5],"rotation":[0,0,-45],"cubes":[{"origin":[-1.1,-2.8,-3.5],"size":[2.1,2.1,2],"pivot":[0,-1.7,-3.5],"uv":{"north":{"uv":[1.0532,0.5665],"uv_size":[0.1968,0.246]},"south":{"uv":[1.0532,0.5665],"uv_size":[0.1968,0.246]},"east":{"uv":[1.2468,0.3165],"uv_size":[-0.1968,0.246]},"west":{"uv":[1.4532,0.004],"uv_size":[0.1968,0.246]},"up":{"uv":[1.2468,0.5585],"uv_size":[-0.1968,-0.246]},"down":{"uv":[1.2468,0.5585],"uv_size":[-0.1968,-0.246]}}}],"name":"rot_10"},{"parent":"geyser_custom_z","pivot":[0,-1,-4.4],"rotation":[0,0,-45],"cubes":[{"origin":[-1,-2,-5.4],"size":[2,2,2],"pivot":[0,-1,-4.4],"uv":{"north":{"uv":[1.0532,1.0665],"uv_size":[0.1968,0.246]},"south":{"uv":[1.0532,1.0665],"uv_size":[0.1968,0.246]},"east":{"uv":[1.0532,0.8165],"uv_size":[0.1968,0.246]},"west":{"uv":[1.0532,0.8165],"uv_size":[0.1968,0.246]},"up":{"uv":[1.2468,1.0585],"uv_size":[-0.1968,-0.246]},"down":{"uv":[1.2468,1.0585],"uv_size":[-0.1968,-0.246]}}}],"name":"rot_11"},{"parent":"geyser_custom_z","pivot":[0,16.3,-3.5],"rotation":[0,0,-45],"cubes":[{"origin":[-1.1,15.2,-3.5],"size":[2.1,2.1,2],"pivot":[0,16.3,-3.5],"uv":{"north":{"uv":[1.0532,0.5665],"uv_size":[0.1968,0.246]},"south":{"uv":[1.0532,0.5665],"uv_size":[0.1968,0.246]},"east":{"uv":[1.2468,0.3165],"uv_size":[-0.1968,0.246]},"west":{"uv":[1.4532,0.004],"uv_size":[0.1968,0.246]},"up":{"uv":[1.0532,0.3165],"uv_size":[0.1968,0.246]},"down":{"uv":[1.0532,0.3165],"uv_size":[0.1968,0.246]}}}],"name":"rot_12"},{"parent":"geyser_custom_z","pivot":[8,17,7.5],"rotation":[22.5,0,0],"cubes":[{"origin":[-1.5,24.3,8.5],"size":[3,4,3],"pivot":[8,17,7.5],"uv":{"north":{"uv":[2.0048,3.9295],"uv_size":[0.2952,-0.492]},"south":{"uv":[2.7548,3.742],"uv_size":[0.2952,-0.492]},"east":{"uv":[2.8436,2.881],"uv_size":[-0.3936,0.369]},"west":{"uv":[2.8436,2.881],"uv_size":[-0.3936,0.369]},"up":{"uv":[2.7452,3.256],"uv_size":[-0.2952,0.369]},"down":{"uv":[2.7452,3.256],"uv_size":[-0.2952,0.369]}}},{"origin":[-1,25.3,11.5],"size":[2,2,1.5],"pivot":[8,17,7.5],"uv":{"north":{"uv":[0.7032,5.4335],"uv_size":[0.1968,-0.246]},"south":{"uv":[0.7032,5.4335],"uv_size":[0.1968,-0.246]},"east":{"uv":[0.7032,4.997],"uv_size":[0.1968,-0.1845]},"west":{"uv":[0.8968,4.8155],"uv_size":[-0.1968,0.1845]},"up":{"uv":[0.8968,5.1845],"uv_size":[-0.1968,-0.1845]},"down":{"uv":[0.8968,5.003],"uv_size":[-0.1968,0.1845]}}}],"name":"rot_13"},{"parent":"geyser_custom_z","pivot":[0.1,0.9,-4.2],"rotation":[22.5,0,0],"cubes":[{"origin":[0.1,-8.9,-8.9],"size":[0,6,4.5],"pivot":[0.1,0.9,-4.2],"uv":{"north":{"uv":[0,0.492],"uv_size":[0,-0.492]},"south":{"uv":[0,0.492],"uv_size":[0,-0.492]},"east":{"uv":[1.8904,1.9465],"uv_size":[-0.5904,0.5535]},"west":{"uv":[1.3096,1.9465],"uv_size":[0.5904,0.5535]},"up":{"uv":[0,0.008],"uv_size":[0,0.492]},"down":{"uv":[0,0.008],"uv_size":[0,0.492]}}}],"name":"rot_14"},{"parent":"geyser_custom_z","pivot":[0,-7.7902,-4.9782],"rotation":[22.5,0,0],"cubes":[{"origin":[-1.75,-9.4,-2.2],"size":[3.5,1.5,5.5],"pivot":[0,-7.7902,-4.9782],"uv":{"north":{"uv":[3.2944,1.5595],"uv_size":[-0.3444,-0.1845]},"south":{"uv":[3.2944,1.378],"uv_size":[-0.3444,0.1845]},"east":{"uv":[2.9476,1.364],"uv_size":[-0.1476,-0.6765]},"west":{"uv":[2.8024,1.364],"uv_size":[0.1476,-0.6765]},"up":{"uv":[3.7056,0.9485],"uv_size":[0.3444,0.6765]},"down":{"uv":[3.7056,0.9485],"uv_size":[0.3444,0.6765]}}}],"name":"rot_15"},{"parent":"geyser_custom_z","pivot":[0,-6.0617,2.2868],"rotation":[22.5,0,0],"cubes":[{"origin":[-1.25,-6.0342,-1.2342],"size":[2.5,8,4],"pivot":[0,-6.0617,2.2868],"uv":{"north":{"uv":[3.7872,2.5675],"uv_size":[-0.7872,0.3075]},"south":{"uv":[3.7872,2.88],"uv_size":[-0.7872,0.3075]},"east":{"uv":[3.0128,2.5545],"uv_size":[0.7872,-0.492]},"west":{"uv":[3.0128,2.5545],"uv_size":[0.7872,-0.492]},"up":{"uv":[4.046,2.0705],"uv_size":[-0.246,0.492]},"down":{"uv":[4.046,2.0705],"uv_size":[-0.246,0.492]}}}],"name":"rot_16"},{"parent":"geyser_custom_z","pivot":[0,-2.5,-1],"rotation":[22.5,0,0],"cubes":[{"origin":[-0.75,-3,-4.5],"size":[1.5,2,2.5],"pivot":[0,-2.5,-1],"uv":{"north":{"uv":[1.6524,0.246],"uv_size":[0.1476,-0.246]},"south":{"uv":[1.6524,0.246],"uv_size":[0.1476,-0.246]},"east":{"uv":[1.5032,0.5575],"uv_size":[0.1968,-0.3075]},"west":{"uv":[1.5032,0.5575],"uv_size":[0.1968,-0.3075]},"up":{"uv":[1.8476,0.255],"uv_size":[-0.1476,0.3075]},"down":{"uv":[1.8476,0.255],"uv_size":[-0.1476,0.3075]}}}],"name":"rot_17"},{"parent":"geyser_custom_z","pivot":[0,22,11.5],"rotation":[22.5,0,0],"cubes":[{"origin":[0,24,9.5],"size":[0,4,4],"pivot":[0,22,11.5],"uv":{"north":{"uv":[0,0.492],"uv_size":[0,-0.492]},"south":{"uv":[0,0.492],"uv_size":[0,-0.492]},"east":{"uv":[1.3064,1.4455],"uv_size":[0.3936,0.492]},"west":{"uv":[1.6936,1.4455],"uv_size":[-0.3936,0.492]},"up":{"uv":[0,0.492],"uv_size":[0,-0.492]},"down":{"uv":[0,0.492],"uv_size":[0,-0.492]}}},{"origin":[0,28,9.5],"size":[0,4,4],"pivot":[0,22,11.5],"uv":{"north":{"uv":[0,0.008],"uv_size":[0,0.492]},"south":{"uv":[0,0.008],"uv_size":[0,0.492]},"east":{"uv":[1.6936,1.4455],"uv_size":[-0.3936,0.492]},"west":{"uv":[1.3064,1.4455],"uv_size":[0.3936,0.492]},"up":{"uv":[0,0.492],"uv_size":[0,-0.492]},"down":{"uv":[0,0.492],"uv_size":[0,-0.492]}}}],"name":"rot_18"},{"parent":"geyser_custom_z","pivot":[0,15.5,-6.5],"rotation":[0,22.5,0],"cubes":[{"origin":[-4.1,14,-6.6],"size":[3.2,2.7,0],"pivot":[0,15.5,-6.5],"uv":{"north":{"uv":[15.4952,4.006],"uv_size":[-0.2952,0.369]},"south":{"uv":[15.2048,4.006],"uv_size":[0.2952,0.369]},"east":{"uv":[15.2,4.006],"uv_size":[0,0.369]},"west":{"uv":[15.2,4.006],"uv_size":[0,0.369]},"up":{"uv":[15.2,4.006],"uv_size":[0,0.369]},"down":{"uv":[15.2,4.369],"uv_size":[0,-0.369]}}},{"origin":[-6,9,-6.5],"size":[6,12,0],"pivot":[0,15.5,-6.5],"uv":{"north":{"uv":[12.1904,0.016],"uv_size":[-0.5904,1.859]},"south":{"uv":[11.6096,0.016],"uv_size":[0.5904,1.859]},"east":{"uv":[0,0.016],"uv_size":[0,119.984]},"west":{"uv":[0,0.016],"uv_size":[0,119.984]},"up":{"uv":[0,47.984],"uv_size":[0,-47.984]},"down":{"uv":[0,47.984],"uv_size":[0,-47.984]}}}],"name":"rot_19"},{"parent":"geyser_custom_z","pivot":[0,8,7.5],"rotation":[0,0,-22.5],"cubes":[{"origin":[0,2.5,-8],"size":[0,10.5,31],"pivot":[0,8,7.5],"uv":{"north":{"uv":[0.0008,6.266],"uv_size":[0.0492,2.1715]},"south":{"uv":[0.0008,6.266],"uv_size":[0.0492,2.1715]},"east":{"uv":[9.016,0.016],"uv_size":[1.034,3.859]},"west":{"uv":[9.016,3.859],"uv_size":[1.034,-3.859]},"up":{"uv":[0.0492,8.4215],"uv_size":[-0.0492,-2.1715]},"down":{"uv":[0.0492,8.4215],"uv_size":[-0.0492,-2.1715]}}}],"name":"rot_20"},{"parent":"geyser_custom_z","pivot":[8,0,-9.5],"rotation":[0,-0,0],"cubes":[{"origin":[-1.5,16.25,-3.55],"size":[3,1.5,2.1],"pivot":[8,0,-9.5],"uv":{"north":{"uv":[0.7048,1.122],"uv_size":[0.2952,-0.1845]},"south":{"uv":[0.7048,1.122],"uv_size":[0.2952,-0.1845]},"east":{"uv":[0.6024,1.129],"uv_size":[0.1476,0.246]},"west":{"uv":[0.7476,1.129],"uv_size":[-0.1476,0.246]},"up":{"uv":[1.0452,1.129],"uv_size":[-0.2952,0.246]},"down":{"uv":[1.0452,1.129],"uv_size":[-0.2952,0.246]}}}],"name":"rot_21"},{"parent":"geyser_custom_z","pivot":[8,1,-9.5],"rotation":[0,-0,0],"cubes":[{"origin":[-3,-4,-12.5],"size":[0,10,10],"pivot":[8,1,-9.5],"uv":{"north":{"uv":[12.8,4.016],"uv_size":[0,1.484]},"south":{"uv":[12.8,4.016],"uv_size":[0,1.484]},"east":{"uv":[12.866,4.141],"uv_size":[0.984,1.234]},"west":{"uv":[12.866,4.141],"uv_size":[0.984,1.234]},"up":{"uv":[12.8,4.016],"uv_size":[0,1.484]},"down":{"uv":[12.8,5.484],"uv_size":[0,-1.484]}}},{"origin":[2,15,-0.5],"size":[0,10,10],"pivot":[8,1,-9.5],"uv":{"north":{"uv":[12.85,4.141],"uv_size":[0,1.234]},"south":{"uv":[12.85,4.141],"uv_size":[0,1.234]},"east":{"uv":[12.866,4.141],"uv_size":[0.984,1.234]},"west":{"uv":[12.866,4.141],"uv_size":[0.984,1.234]},"up":{"uv":[12.85,4.141],"uv_size":[0,1.234]},"down":{"uv":[12.85,5.359],"uv_size":[0,-1.234]}}}],"name":"rot_22"},{"parent":"geyser_custom_z","pivot":[8,7.5,-19],"rotation":[0,-0,0],"cubes":[{"origin":[-1.85,13.45,-3.5],"size":[3.7,2.6,4],"pivot":[8,7.5,-19],"uv":{"north":{"uv":[0.8559,0.0052],"uv_size":[0.3641,0.3198]},"south":{"uv":[0.8559,0.0052],"uv_size":[0.3641,0.3198]},"east":{"uv":[0.8436,0.005],"uv_size":[-0.3936,0.3075]},"west":{"uv":[0.4564,0.005],"uv_size":[0.3936,0.3075]},"up":{"uv":[0.7944,0.8045],"uv_size":[-0.3444,-0.492]},"down":{"uv":[1.6141,1.117],"uv_size":[-0.3641,-0.492]}}}],"name":"rot_23"},{"parent":"geyser_custom_z","pivot":[8,8.5,-19],"rotation":[0,-0,0],"cubes":[{"origin":[-1.85,-0.05,-3.5],"size":[3.7,2.6,4],"pivot":[8,8.5,-19],"uv":{"north":{"uv":[0.8559,0.3198],"uv_size":[0.3641,-0.3198]},"south":{"uv":[0.8559,0.3198],"uv_size":[0.3641,-0.3198]},"east":{"uv":[0.8436,0.3075],"uv_size":[-0.3936,-0.3075]},"west":{"uv":[0.4564,0.3075],"uv_size":[0.3936,-0.3075]},"up":{"uv":[1.6141,0.633],"uv_size":[-0.3641,0.492]},"down":{"uv":[0.7944,0.3205],"uv_size":[-0.3444,0.492]}}}],"name":"rot_24"},{"parent":"geyser_custom_z","pivot":[8,16,-9.5],"rotation":[0,-0,0],"cubes":[{"origin":[-1.5,-1.75,-3.55],"size":[3,1.5,2.1],"pivot":[8,16,-9.5],"uv":{"north":{"uv":[0.7048,0.9405],"uv_size":[0.2952,0.1845]},"south":{"uv":[0.7048,0.9405],"uv_size":[0.2952,0.1845]},"east":{"uv":[0.7476,1.129],"uv_size":[-0.1476,0.246]},"west":{"uv":[0.6024,1.129],"uv_size":[0.1476,0.246]},"up":{"uv":[1.0452,1.371],"uv_size":[-0.2952,-0.246]},"down":{"uv":[1.0452,1.371],"uv_size":[-0.2952,-0.246]}}}],"name":"rot_25"},{"parent":"geyser_custom_z","pivot":[0.1,0.9,1.2],"rotation":[0,-0,0],"cubes":[{"origin":[0.1,-8.5,2.2],"size":[0,4.5,6],"pivot":[0.1,0.9,1.2],"uv":{"north":{"uv":[0,0.492],"uv_size":[0,-0.492]},"south":{"uv":[0,0.492],"uv_size":[0,-0.492]},"east":{"uv":[1.3096,2.491],"uv_size":[0.5904,-0.5535]},"west":{"uv":[1.8904,2.491],"uv_size":[-0.5904,-0.5535]},"up":{"uv":[0,0.492],"uv_size":[0,-0.492]},"down":{"uv":[0,0.492],"uv_size":[0,-0.492]}}},{"origin":[0.1,-4,-0.8],"size":[0,4.5,6],"pivot":[0.1,0.9,1.2],"uv":{"north":{"uv":[0,0.492],"uv_size":[0,-0.492]},"south":{"uv":[0,0.492],"uv_size":[0,-0.492]},"east":{"uv":[1.3096,2.491],"uv_size":[0.5904,-0.5535]},"west":{"uv":[1.8904,1.9465],"uv_size":[-0.5904,0.5535]},"up":{"uv":[0,0.492],"uv_size":[0,-0.492]},"down":{"uv":[0,0.492],"uv_size":[0,-0.492]}}}],"name":"rot_26"},{"parent":"geyser_custom_z","pivot":[0.1,21.1,1.2],"rotation":[0,-0,0],"cubes":[{"origin":[0.1,20,2.2],"size":[0,4.5,6],"pivot":[0.1,21.1,1.2],"uv":{"north":{"uv":[0,0.008],"uv_size":[0,0.492]},"south":{"uv":[0,0.008],"uv_size":[0,0.492]},"east":{"uv":[1.3096,1.9465],"uv_size":[0.5904,0.5535]},"west":{"uv":[1.8904,1.9465],"uv_size":[-0.5904,0.5535]},"up":{"uv":[0,0.008],"uv_size":[0,0.492]},"down":{"uv":[0,0.008],"uv_size":[0,0.492]}}},{"origin":[0.1,15.5,-0.8],"size":[0,4.5,6],"pivot":[0.1,21.1,1.2],"uv":{"north":{"uv":[0,0.008],"uv_size":[0,0.492]},"south":{"uv":[0,0.008],"uv_size":[0,0.492]},"east":{"uv":[1.3096,1.9465],"uv_size":[0.5904,0.5535]},"west":{"uv":[1.8904,2.491],"uv_size":[-0.5904,-0.5535]},"up":{"uv":[0,0.008],"uv_size":[0,0.492]},"down":{"uv":[0,0.008],"uv_size":[0,0.492]}}}],"name":"rot_27"},{"parent":"geyser_custom_z","pivot":[-8,1,-9.5],"rotation":[0,-0,0],"cubes":[{"origin":[1,-7,-0.5],"size":[0,8,8],"pivot":[-8,1,-9.5],"uv":{"north":{"uv":[14.4,4.016],"uv_size":[0,0.984]},"south":{"uv":[14.4,4.016],"uv_size":[0,0.984]},"east":{"uv":[15.1872,4.016],"uv_size":[-0.7872,0.984]},"west":{"uv":[15.1872,4.016],"uv_size":[-0.7872,0.984]},"up":{"uv":[14.4,4.016],"uv_size":[0,0.984]},"down":{"uv":[14.4,4.984],"uv_size":[0,-0.984]}}}],"name":"rot_28"},{"parent":"geyser_custom_z","pivot":[8,-1,7.5],"rotation":[-22.5,0,0],"cubes":[{"origin":[-1.5,-12.3,8.5],"size":[3,4,3],"pivot":[8,-1,7.5],"uv":{"north":{"uv":[2.0048,3.4455],"uv_size":[0.2952,0.492]},"south":{"uv":[2.7548,3.258],"uv_size":[0.2952,0.492]},"east":{"uv":[2.4564,3.244],"uv_size":[0.3936,-0.369]},"west":{"uv":[2.4564,2.881],"uv_size":[0.3936,0.369]},"up":{"uv":[2.7452,3.619],"uv_size":[-0.2952,-0.369]},"down":{"uv":[2.7452,3.994],"uv_size":[-0.2952,-0.369]}}},{"origin":[-1,-11.3,11.5],"size":[2,2,1.5],"pivot":[8,-1,7.5],"uv":{"north":{"uv":[0.7032,5.1915],"uv_size":[0.1968,0.246]},"south":{"uv":[0.7032,5.1915],"uv_size":[0.1968,0.246]},"east":{"uv":[0.8968,4.997],"uv_size":[-0.1968,-0.1845]},"west":{"uv":[0.7032,4.8155],"uv_size":[0.1968,0.1845]},"up":{"uv":[0.8968,5.1845],"uv_size":[-0.1968,-0.1845]},"down":{"uv":[0.8968,5.003],"uv_size":[-0.1968,0.1845]}}}],"name":"rot_29"},{"parent":"geyser_custom_z","pivot":[0.1,21.1,-4.2],"rotation":[-22.5,0,0],"cubes":[{"origin":[0.1,19.4,-6.5],"size":[0,6,4.5],"pivot":[0.1,21.1,-4.2],"uv":{"north":{"uv":[0,0.008],"uv_size":[0,0.492]},"south":{"uv":[0,0.008],"uv_size":[0,0.492]},"east":{"uv":[1.3096,1.9465],"uv_size":[0.5904,0.5535]},"west":{"uv":[1.8904,1.9465],"uv_size":[-0.5904,0.5535]},"up":{"uv":[0,0.492],"uv_size":[0,-0.492]},"down":{"uv":[0,0.492],"uv_size":[0,-0.492]}}}],"name":"rot_30"},{"parent":"geyser_custom_z","pivot":[0,-6,11.5],"rotation":[-22.5,0,0],"cubes":[{"origin":[0,-16,9.5],"size":[0,4,4],"pivot":[0,-6,11.5],"uv":{"north":{"uv":[0,0.492],"uv_size":[0,-0.492]},"south":{"uv":[0,0.492],"uv_size":[0,-0.492]},"east":{"uv":[1.3064,1.4455],"uv_size":[0.3936,0.492]},"west":{"uv":[1.6936,1.4455],"uv_size":[-0.3936,0.492]},"up":{"uv":[0,0.008],"uv_size":[0,0.492]},"down":{"uv":[0,0.008],"uv_size":[0,0.492]}}},{"origin":[0,-12,9.5],"size":[0,4,4],"pivot":[0,-6,11.5],"uv":{"north":{"uv":[0,0.008],"uv_size":[0,0.492]},"south":{"uv":[0,0.008],"uv_size":[0,0.492]},"east":{"uv":[1.6936,1.4455],"uv_size":[-0.3936,0.492]},"west":{"uv":[1.3064,1.4455],"uv_size":[0.3936,0.492]},"up":{"uv":[0,0.008],"uv_size":[0,0.492]},"down":{"uv":[0,0.008],"uv_size":[0,0.492]}}}],"name":"rot_31"},{"parent":"geyser_custom_z","pivot":[0,18.5,-1],"rotation":[-22.5,0,0],"cubes":[{"origin":[-0.75,17,-4.5],"size":[1.5,2,2.5],"pivot":[0,18.5,-1],"uv":{"north":{"uv":[1.6524,0.004],"uv_size":[0.1476,0.246]},"south":{"uv":[1.6524,0.004],"uv_size":[0.1476,0.246]},"east":{"uv":[1.6968,0.5575],"uv_size":[-0.1968,-0.3075]},"west":{"uv":[1.6968,0.5575],"uv_size":[-0.1968,-0.3075]},"up":{"uv":[1.8476,0.5575],"uv_size":[-0.1476,-0.3075]},"down":{"uv":[1.8476,0.5575],"uv_size":[-0.1476,-0.3075]}}}],"name":"rot_32"},{"parent":"geyser_custom_z","pivot":[0,22.0617,2.2868],"rotation":[-22.5,0,0],"cubes":[{"origin":[-1.25,14.0342,-1.2342],"size":[2.5,8,4],"pivot":[0,22.0617,2.2868],"uv":{"north":{"uv":[3.0128,2.5675],"uv_size":[0.7872,0.3075]},"south":{"uv":[3.0128,2.88],"uv_size":[0.7872,0.3075]},"east":{"uv":[3.7872,2.5545],"uv_size":[-0.7872,-0.492]},"west":{"uv":[3.7872,2.5545],"uv_size":[-0.7872,-0.492]},"up":{"uv":[4.046,2.5545],"uv_size":[-0.246,-0.492]},"down":{"uv":[4.046,2.5545],"uv_size":[-0.246,-0.492]}}}],"name":"rot_33"},{"parent":"geyser_custom_z","pivot":[0,23.7902,-4.9782],"rotation":[-22.5,0,0],"cubes":[{"origin":[-1.75,23.9,-2.2],"size":[3.5,1.5,5.5],"pivot":[0,23.7902,-4.9782],"uv":{"north":{"uv":[3.2944,1.378],"uv_size":[-0.3444,0.1845]},"south":{"uv":[3.2944,1.5595],"uv_size":[-0.3444,-0.1845]},"east":{"uv":[2.8024,1.364],"uv_size":[0.1476,-0.6765]},"west":{"uv":[2.9476,1.364],"uv_size":[-0.1476,-0.6765]},"up":{"uv":[3.7056,1.614],"uv_size":[0.3444,-0.6765]},"down":{"uv":[3.7056,1.614],"uv_size":[0.3444,-0.6765]}}}],"name":"rot_34"},{"parent":"geyser_custom_z","pivot":[0,15.5,-6.5],"rotation":[0,-22.5,0],"cubes":[{"origin":[0.9,14,-6.6],"size":[3.2,2.7,0],"pivot":[0,15.5,-6.5],"uv":{"north":{"uv":[15.2048,4.006],"uv_size":[0.2952,0.369]},"south":{"uv":[15.2048,4.006],"uv_size":[0.2952,0.369]},"east":{"uv":[15.2,4.006],"uv_size":[0,0.369]},"west":{"uv":[15.2,4.006],"uv_size":[0,0.369]},"up":{"uv":[15.2,4.369],"uv_size":[0,-0.369]},"down":{"uv":[15.2,4.006],"uv_size":[0,0.369]}}},{"origin":[0,9,-6.5],"size":[6,12,0],"pivot":[0,15.5,-6.5],"uv":{"north":{"uv":[11.5904,0.016],"uv_size":[-0.5904,1.859]},"south":{"uv":[11.0096,0.016],"uv_size":[0.5904,1.859]},"east":{"uv":[0,0.016],"uv_size":[0,119.984]},"west":{"uv":[0,0.016],"uv_size":[0,119.984]},"up":{"uv":[0,47.984],"uv_size":[0,-47.984]},"down":{"uv":[0,47.984],"uv_size":[0,-47.984]}}}],"name":"rot_35"},{"parent":"geyser_custom_z","pivot":[0,8,7.5],"rotation":[0,0,22.5],"cubes":[{"origin":[0,2.5,-8],"size":[0,10.5,31],"pivot":[0,8,7.5],"uv":{"north":{"uv":[0.0008,6.266],"uv_size":[0.0492,2.1715]},"south":{"uv":[0.0008,6.266],"uv_size":[0.0492,2.1715]},"east":{"uv":[9.016,0.016],"uv_size":[1.034,3.859]},"west":{"uv":[9.016,3.859],"uv_size":[1.034,-3.859]},"up":{"uv":[0.0492,8.4215],"uv_size":[-0.0492,-2.1715]},"down":{"uv":[0.0492,8.4215],"uv_size":[-0.0492,-2.1715]}}}],"name":"rot_36"},{"parent":"geyser_custom_z","pivot":[8,17,7.5],"rotation":[-45,0,0],"cubes":[{"origin":[-1,15,-2],"size":[2,8,2.5],"pivot":[8,17,7.5],"uv":{"north":{"uv":[1.5532,5.109],"uv_size":[0.1968,-0.984]},"south":{"uv":[1.7532,5.109],"uv_size":[0.1968,-0.984]},"east":{"uv":[1.546,5.109],"uv_size":[-0.246,-0.984]},"west":{"uv":[1.304,5.109],"uv_size":[0.246,-0.984]},"up":{"uv":[1.2968,4.38],"uv_size":[-0.1968,0.3075]},"down":{"uv":[1.2968,4.38],"uv_size":[-0.1968,0.3075]}}}],"name":"rot_37"},{"parent":"geyser_custom_z","pivot":[0,-8.75,7.25],"rotation":[-45,0,0],"cubes":[{"origin":[-0.25,-9.5,7],"size":[0.5,24.7,0.5],"pivot":[0,-8.75,7.25],"uv":{"north":{"uv":[0.0008,8.4215],"uv_size":[0.0492,-2.1715]},"south":{"uv":[0.0008,8.4215],"uv_size":[0.0492,-2.1715]},"east":{"uv":[0.0008,8.4215],"uv_size":[0.0492,-2.1715]},"west":{"uv":[0.0008,8.4215],"uv_size":[0.0492,-2.1715]},"up":{"uv":[0.0492,6.251],"uv_size":[-0.0492,0.0615]},"down":{"uv":[0.0492,6.251],"uv_size":[-0.0492,0.0615]}}}],"name":"rot_38"},{"parent":"geyser_custom_z","pivot":[0,2.4,-1.5],"rotation":[-45,0,0],"cubes":[{"origin":[-3,-0.1,-1],"size":[6,2,2],"pivot":[0,2.4,-1.5],"uv":{"north":{"uv":[1.8404,1.371],"uv_size":[-0.5904,-0.246]},"south":{"uv":[1.8404,1.371],"uv_size":[-0.5904,-0.246]},"east":{"uv":[1.0532,1.5585],"uv_size":[0.1968,-0.246]},"west":{"uv":[1.2468,1.5585],"uv_size":[-0.1968,-0.246]},"up":{"uv":[1.2596,1.129],"uv_size":[0.5904,0.246]},"down":{"uv":[1.2596,1.129],"uv_size":[0.5904,0.246]}}}],"name":"rot_39"},{"parent":"geyser_custom_z","pivot":[0,3.5,-1.5],"rotation":[-45,0,0],"cubes":[{"origin":[-2.25,-0.5,-0.5],"size":[4.5,3,3],"pivot":[0,3.5,-1.5],"uv":{"north":{"uv":[0.6548,2.384],"uv_size":[0.2952,0.5535]},"south":{"uv":[0.6548,2.384],"uv_size":[0.2952,0.5535]},"east":{"uv":[0.9452,2.006],"uv_size":[-0.2952,0.369]},"west":{"uv":[0.9452,2.369],"uv_size":[-0.2952,-0.369]},"up":{"uv":[0.6548,2.9285],"uv_size":[0.2952,-0.5535]},"down":{"uv":[0.6548,2.9285],"uv_size":[0.2952,-0.5535]}}}],"name":"rot_40"},{"parent":"geyser_custom_z","pivot":[0,-2,-3.45],"rotation":[0,-45,0],"cubes":[{"origin":[-1.35,0,-4.8],"size":[2.6,2.5,2.6],"pivot":[0,-2,-3.45],"uv":{"north":{"uv":[1.046,0.9325],"uv_size":[-0.246,-0.3075]},"south":{"uv":[1.046,0.9325],"uv_size":[-0.246,-0.3075]},"east":{"uv":[0.804,0.9325],"uv_size":[0.246,-0.3075]},"west":{"uv":[0.996,0.62],"uv_size":[-0.246,-0.3075]},"up":{"uv":[1.496,0.62],"uv_size":[-0.246,-0.3075]},"down":{"uv":[1.446,0.3075],"uv_size":[-0.246,-0.3075]}}}],"name":"rot_41"},{"parent":"geyser_custom_z","pivot":[0,8,-1.5],"rotation":[0,-45,0],"cubes":[{"origin":[-1.1,3,-2.6],"size":[2.2,10,0],"pivot":[0,8,-1.5],"uv":{"north":{"uv":[12.7968,3.4535],"uv_size":[-0.1968,1.234]},"south":{"uv":[12.6032,3.4535],"uv_size":[0.1968,1.234]},"east":{"uv":[0.6468,1.4535],"uv_size":[-0.1968,1.234]},"west":{"uv":[0.6468,1.4535],"uv_size":[-0.1968,1.234]},"up":{"uv":[0.6468,1.4415],"uv_size":[-0.1968,0.246]},"down":{"uv":[0.6468,1.4415],"uv_size":[-0.1968,0.246]}}},{"origin":[-1.1,3,-0.4],"size":[2.2,10,0],"pivot":[0,8,-1.5],"uv":{"north":{"uv":[12.6032,3.4535],"uv_size":[0.1968,1.234]},"south":{"uv":[12.7968,3.4535],"uv_size":[-0.1968,1.234]},"east":{"uv":[0.6468,1.4535],"uv_size":[-0.1968,1.234]},"west":{"uv":[0.6468,1.4535],"uv_size":[-0.1968,1.234]},"up":{"uv":[0.4532,1.6835],"uv_size":[0.1968,-0.246]},"down":{"uv":[0.4532,1.6835],"uv_size":[0.1968,-0.246]}}}],"name":"rot_42"},{"parent":"geyser_custom_z","pivot":[0,18,-3.45],"rotation":[0,-45,0],"cubes":[{"origin":[-1.35,13.5,-4.8],"size":[2.6,2.5,2.6],"pivot":[0,18,-3.45],"uv":{"north":{"uv":[1.046,0.63],"uv_size":[-0.246,0.3075]},"south":{"uv":[1.046,0.63],"uv_size":[-0.246,0.3075]},"east":{"uv":[0.804,0.63],"uv_size":[0.246,0.3075]},"west":{"uv":[0.996,0.3175],"uv_size":[-0.246,0.3075]},"up":{"uv":[1.446,0.005],"uv_size":[-0.246,0.3075]},"down":{"uv":[1.496,0.3175],"uv_size":[-0.246,0.3075]}}}],"name":"rot_43"},{"parent":"geyser_custom_z","pivot":[0,-0.3,-3.5],"rotation":[0,0,45],"cubes":[{"origin":[-1.1,-1.3,-3.5],"size":[2.1,2.1,2],"pivot":[0,-0.3,-3.5],"uv":{"north":{"uv":[1.0532,0.8085],"uv_size":[0.1968,-0.246]},"south":{"uv":[1.0532,0.8085],"uv_size":[0.1968,-0.246]},"east":{"uv":[1.0532,0.3165],"uv_size":[0.1968,0.246]},"west":{"uv":[1.6468,0.004],"uv_size":[-0.1968,0.246]},"up":{"uv":[1.0532,0.5585],"uv_size":[0.1968,-0.246]},"down":{"uv":[1.0532,0.5585],"uv_size":[0.1968,-0.246]}}}],"name":"rot_44"},{"parent":"geyser_custom_z","pivot":[0,17,-4.4],"rotation":[0,0,45],"cubes":[{"origin":[-1,16,-5.4],"size":[2,2,2],"pivot":[0,17,-4.4],"uv":{"north":{"uv":[1.0532,1.3085],"uv_size":[0.1968,-0.246]},"south":{"uv":[1.0532,1.3085],"uv_size":[0.1968,-0.246]},"east":{"uv":[1.2468,0.8165],"uv_size":[-0.1968,0.246]},"west":{"uv":[1.2468,0.8165],"uv_size":[-0.1968,0.246]},"up":{"uv":[1.2468,0.8165],"uv_size":[-0.1968,0.246]},"down":{"uv":[1.2468,0.8165],"uv_size":[-0.1968,0.246]}}}],"name":"rot_45"},{"parent":"geyser_custom_z","pivot":[0,17.7,-3.5],"rotation":[0,0,45],"cubes":[{"origin":[-1.1,16.7,-3.5],"size":[2.1,2.1,2],"pivot":[0,17.7,-3.5],"uv":{"north":{"uv":[1.0532,0.8085],"uv_size":[0.1968,-0.246]},"south":{"uv":[1.0532,0.8085],"uv_size":[0.1968,-0.246]},"east":{"uv":[1.0532,0.3165],"uv_size":[0.1968,0.246]},"west":{"uv":[1.6468,0.004],"uv_size":[-0.1968,0.246]},"up":{"uv":[1.2468,0.3165],"uv_size":[-0.1968,0.246]},"down":{"uv":[1.2468,0.3165],"uv_size":[-0.1968,0.246]}}}],"name":"rot_46"}]}]}
