{"format_version":"1.16.0","minecraft:geometry":[{"description":{"identifier":"geometry.geyser_custom.geo_18b6017","texture_width":16,"texture_height":16,"visible_bounds_width":4,"visible_bounds_height":4.5,"visible_bounds_offset":[0,0.75,0]},"bones":[{"name":"geyser_custom","binding":"c.item_slot == 'head' ? 'head' : q.item_slot_to_bone_name(c.item_slot)","pivot":[0,8,0]},{"name":"geyser_custom_x","parent":"geyser_custom","pivot":[0,8,0]},{"name":"geyser_custom_y","parent":"geyser_custom_x","pivot":[0,8,0]},{"name":"geyser_custom_z","parent":"geyser_custom_y","pivot":[0,8,0],"cubes":[{"origin":[-4,9,-9.2],"size":[4,4,0],"uv":{"north":{"uv":[1.3064,1.4455],"uv_size":[0.3936,0.492]},"south":{"uv":[1.6936,1.4455],"uv_size":[-0.3936,0.492]},"east":{"uv":[0,0.008],"uv_size":[0,0.492]},"west":{"uv":[0,0.008],"uv_size":[0,0.492]},"up":{"uv":[0,0.492],"uv_size":[0,-0.492]},"down":{"uv":[0,0.492],"uv_size":[0,-0.492]}}},{"origin":[2.5,2.5,-12],"size":[1,2,6],"uv":{"north":{"uv":[4.4016,8.504],"uv_size":[0.0984,0.246]},"south":{"uv":[4.2016,8.504],"uv_size":[0.0984,0.246]},"east":{"uv":[4.4596,8.9415],"uv_size":[0.5904,0.246]},"west":{"uv":[4.4596,8.9415],"uv_size":[0.5904,0.246]},"up":{"uv":[5.0484,9.9255],"uv_size":[-0.0984,-0.738]},"down":{"uv":[4.4484,9.488],"uv_size":[-0.0984,-0.738]}}}]},{"parent":"geyser_custom_z","pivot":[0,7.3,0],"rotation":[0,45,0],"cubes":[{"origin":[-6,4.5,-11],"size":[7,4,1.5],"pivot":[0,7.3,0],"uv":{"north":{"uv":[7.2564,4.889],"uv_size":[0.3936,0.861]},"south":{"uv":[7.2564,5.736],"uv_size":[0.3936,-0.861]},"east":{"uv":[7.4936,6.122],"uv_size":[-0.3936,-0.1845]},"west":{"uv":[7.4936,6.122],"uv_size":[-0.3936,-0.1845]},"up":{"uv":[7.1112,5.9345],"uv_size":[0.6888,-0.1845]},"down":{"uv":[6.5612,7.0595],"uv_size":[0.6888,-0.1845]}}}],"name":"rot_1"},{"parent":"geyser_custom_z","pivot":[0,0.5,-3.2],"rotation":[22.5,0,0],"cubes":[{"origin":[-2.45,0.5,-3.2],"size":[4.9,2.5,5.5],"pivot":[0,0.5,-3.2],"uv":{"north":{"uv":[4.558,8.63],"uv_size":[0.492,0.3075]},"south":{"uv":[4.558,8.63],"uv_size":[0.492,0.3075]},"east":{"uv":[5.0412,8.9325],"uv_size":[-0.5412,-0.3075]},"west":{"uv":[5.0412,8.9325],"uv_size":[-0.5412,-0.3075]},"up":{"uv":[5.0412,8.615],"uv_size":[-0.5412,-0.615]},"down":{"uv":[5.0412,8.615],"uv_size":[-0.5412,-0.615]}}}],"name":"rot_2"},{"parent":"geyser_custom_z","pivot":[1.5,5,5.5],"rotation":[0,22.5,0],"cubes":[{"origin":[0,4.25,6.5],"size":[2,1.5,2.5],"pivot":[1.5,5,5.5],"uv":{"north":{"uv":[1.6524,0.004],"uv_size":[0.1476,0.246]},"south":{"uv":[1.6524,0.004],"uv_size":[0.1476,0.246]},"east":{"uv":[1.8476,0.5575],"uv_size":[-0.1476,-0.3075]},"west":{"uv":[1.8476,0.5575],"uv_size":[-0.1476,-0.3075]},"up":{"uv":[1.5032,0.255],"uv_size":[0.1968,0.3075]},"down":{"uv":[1.5032,0.255],"uv_size":[0.1968,0.3075]}}}],"name":"rot_3"},{"parent":"geyser_custom_z","pivot":[0,5,-13.5],"rotation":[0,22.5,0],"cubes":[{"origin":[-4.1,3.5,-13.6],"size":[3.2,2.7,0],"pivot":[0,5,-13.5],"uv":{"north":{"uv":[15.4952,4.006],"uv_size":[-0.2952,0.369]},"south":{"uv":[15.2048,4.006],"uv_size":[0.2952,0.369]},"east":{"uv":[15.2,4.006],"uv_size":[0,0.369]},"west":{"uv":[15.2,4.006],"uv_size":[0,0.369]},"up":{"uv":[15.2,4.006],"uv_size":[0,0.369]},"down":{"uv":[15.2,4.369],"uv_size":[0,-0.369]}}},{"origin":[-6,-1.5,-13.5],"size":[6,12,0],"pivot":[0,5,-13.5],"uv":{"north":{"uv":[12.1904,0.016],"uv_size":[-0.5904,1.859]},"south":{"uv":[11.6096,0.016],"uv_size":[0.5904,1.859]},"east":{"uv":[0,0.016],"uv_size":[0,119.984]},"west":{"uv":[0,0.016],"uv_size":[0,119.984]},"up":{"uv":[0,47.984],"uv_size":[0,-47.984]},"down":{"uv":[0,47.984],"uv_size":[0,-47.984]}}}],"name":"rot_4"},{"parent":"geyser_custom_z","pivot":[0,7.3,0],"rotation":[0,22.5,0],"cubes":[{"origin":[-3.5612,3.55,-12.6018],"size":[1.5,5.5,5.5],"pivot":[0,7.3,0],"uv":{"north":{"uv":[7.2588,4.872],"uv_size":[0.5412,-0.1845]},"south":{"uv":[7.2588,4.6905],"uv_size":[0.5412,0.1845]},"east":{"uv":[7.7912,4.6765],"uv_size":[-0.5412,-0.6765]},"west":{"uv":[7.7912,4.6765],"uv_size":[-0.5412,-0.6765]},"up":{"uv":[7.9476,4.6765],"uv_size":[-0.1476,-0.6765]},"down":{"uv":[7.9476,4.6765],"uv_size":[-0.1476,-0.6765]}}},{"origin":[-13,4.7,-7.5],"size":[4,3.5,0.8],"pivot":[0,7.3,0],"uv":{"north":{"uv":[7.1556,6.133],"uv_size":[0.3444,0.492]},"south":{"uv":[7.1556,6.617],"uv_size":[0.3444,-0.492]},"east":{"uv":[7.4944,6.7234],"uv_size":[-0.3444,-0.0984]},"west":{"uv":[7.4944,6.7234],"uv_size":[-0.3444,-0.0984]},"up":{"uv":[7.5436,6.8484],"uv_size":[-0.3936,-0.0984]},"down":{"uv":[7.5436,6.8484],"uv_size":[-0.3936,-0.0984]}}}],"name":"rot_5"},{"parent":"geyser_custom_z","pivot":[-4.5,2,-8.2],"rotation":[0,22.5,0],"cubes":[{"origin":[-6.3,0,-8.2],"size":[4,4,0],"pivot":[-4.5,2,-8.2],"uv":{"north":{"uv":[1.3064,1.9295],"uv_size":[0.3936,-0.492]},"south":{"uv":[1.6936,1.9295],"uv_size":[-0.3936,-0.492]},"east":{"uv":[0,0.492],"uv_size":[0,-0.492]},"west":{"uv":[0,0.492],"uv_size":[0,-0.492]},"up":{"uv":[0,0.492],"uv_size":[0,-0.492]},"down":{"uv":[0,0.492],"uv_size":[0,-0.492]}}}],"name":"rot_6"},{"parent":"geyser_custom_z","pivot":[-7.3,5.1,-11.7],"rotation":[0,22.5,0],"cubes":[{"origin":[-7.6,9,-12.7],"size":[0,4.5,6],"pivot":[-7.3,5.1,-11.7],"uv":{"north":{"uv":[0,0.008],"uv_size":[0,0.492]},"south":{"uv":[0,0.008],"uv_size":[0,0.492]},"east":{"uv":[1.8904,1.9465],"uv_size":[-0.5904,0.5535]},"west":{"uv":[1.3096,1.9465],"uv_size":[0.5904,0.5535]},"up":{"uv":[0,0.492],"uv_size":[0,-0.492]},"down":{"uv":[0,0.492],"uv_size":[0,-0.492]}}}],"name":"rot_7"},{"parent":"geyser_custom_z","pivot":[24,0,-8],"rotation":[0,-0,0],"cubes":[{"origin":[0,9,-9.2],"size":[4,4,0],"pivot":[24,0,-8],"uv":{"north":{"uv":[1.6936,1.4455],"uv_size":[-0.3936,0.492]},"south":{"uv":[1.3064,1.4455],"uv_size":[0.3936,0.492]},"east":{"uv":[0,0.008],"uv_size":[0,0.492]},"west":{"uv":[0,0.008],"uv_size":[0,0.492]},"up":{"uv":[0,0.008],"uv_size":[0,0.492]},"down":{"uv":[0,0.008],"uv_size":[0,0.492]}}}],"name":"rot_8"},{"parent":"geyser_custom_z","pivot":[12.75,7.25,-2.25],"rotation":[0,-0,0],"cubes":[{"origin":[0,7,-2.5],"size":[13.5,0.5,0.5],"pivot":[12.75,7.25,-2.25],"uv":{"north":{"uv":[0.0008,6.266],"uv_size":[0.0492,1.6715]},"south":{"uv":[0.0008,6.266],"uv_size":[0.0492,1.6715]},"east":{"uv":[0.0008,6.251],"uv_size":[0.0492,0.0615]},"west":{"uv":[0.0008,6.251],"uv_size":[0.0492,0.0615]},"up":{"uv":[0.0492,7.9215],"uv_size":[-0.0492,-1.6715]},"down":{"uv":[0.0492,7.9215],"uv_size":[-0.0492,-1.6715]}}}],"name":"rot_9"},{"parent":"geyser_custom_z","pivot":[7.3,5.1,-11.7],"rotation":[0,-0,0],"cubes":[{"origin":[2,6,-7.8],"size":[4.5,0,6],"pivot":[7.3,5.1,-11.7],"uv":{"north":{"uv":[0,0.492],"uv_size":[0,-0.492]},"south":{"uv":[0,0.492],"uv_size":[0,-0.492]},"east":{"uv":[0,0.492],"uv_size":[0,-0.492]},"west":{"uv":[0,0.492],"uv_size":[0,-0.492]},"up":{"uv":[1.8904,1.9465],"uv_size":[-0.5904,0.5535]},"down":{"uv":[1.3096,1.9465],"uv_size":[0.5904,0.5535]}}}],"name":"rot_10"},{"parent":"geyser_custom_z","pivot":[0,6.3,0],"rotation":[0,-0,0],"cubes":[{"origin":[2,4.05,-9.3],"size":[4.5,4.5,2],"pivot":[0,6.3,0],"uv":{"north":{"uv":[6.1572,7.866],"uv_size":[0.4428,-0.5535]},"south":{"uv":[6.1572,7.3215],"uv_size":[0.4428,0.5535]},"east":{"uv":[6.1572,7.5585],"uv_size":[0.4428,-0.246]},"west":{"uv":[6.1572,7.5585],"uv_size":[0.4428,-0.246]},"up":{"uv":[6.1572,8.121],"uv_size":[0.4428,-0.246]},"down":{"uv":[6.1572,8.121],"uv_size":[0.4428,-0.246]}}},{"origin":[-6.5,4.05,-9.3],"size":[4.5,4.5,2],"pivot":[0,6.3,0],"uv":{"north":{"uv":[6.1572,7.3215],"uv_size":[0.4428,0.5535]},"south":{"uv":[6.1572,7.866],"uv_size":[0.4428,-0.5535]},"east":{"uv":[6.1572,7.3165],"uv_size":[0.4428,0.246]},"west":{"uv":[6.1572,7.3165],"uv_size":[0.4428,0.246]},"up":{"uv":[6.5928,8.121],"uv_size":[-0.4428,-0.246]},"down":{"uv":[6.5928,8.121],"uv_size":[-0.4428,-0.246]}}}],"name":"rot_11"},{"parent":"geyser_custom_z","pivot":[0,14,-0.5],"rotation":[0,-0,0],"cubes":[{"origin":[-13.5,1,-13.5],"size":[10,10,0],"pivot":[0,14,-0.5],"uv":{"north":{"uv":[12.866,4.141],"uv_size":[0.984,1.234]},"south":{"uv":[12.866,4.141],"uv_size":[0.984,1.234]},"east":{"uv":[12.8,4.016],"uv_size":[0,1.484]},"west":{"uv":[12.8,4.016],"uv_size":[0,1.484]},"up":{"uv":[12.8,4.016],"uv_size":[0,1.484]},"down":{"uv":[12.8,5.484],"uv_size":[0,-1.484]}}},{"origin":[5.5,3,-11.5],"size":[8,8,0],"pivot":[0,14,-0.5],"uv":{"north":{"uv":[14.4128,4.016],"uv_size":[0.7872,0.984]},"south":{"uv":[14.4128,4.016],"uv_size":[0.7872,0.984]},"east":{"uv":[14.4,4.016],"uv_size":[0,0.984]},"west":{"uv":[14.4,4.016],"uv_size":[0,0.984]},"up":{"uv":[14.4,4.016],"uv_size":[0,0.984]},"down":{"uv":[14.4,4.984],"uv_size":[0,-0.984]}}},{"origin":[2.5,14,-10.5],"size":[10,10,0],"pivot":[0,14,-0.5],"uv":{"north":{"uv":[13.834,4.141],"uv_size":[-0.984,1.234]},"south":{"uv":[13.834,4.141],"uv_size":[-0.984,1.234]},"east":{"uv":[12.85,4.141],"uv_size":[0,1.234]},"west":{"uv":[12.85,4.141],"uv_size":[0,1.234]},"up":{"uv":[12.85,4.141],"uv_size":[0,1.234]},"down":{"uv":[12.85,5.359],"uv_size":[0,-1.234]}}}],"name":"rot_12"},{"parent":"geyser_custom_z","pivot":[0,19.5617,9.2868],"rotation":[0,-0,0],"cubes":[{"origin":[-2.5,0.5,-9.2],"size":[5,6.5,6],"pivot":[0,19.5617,9.2868],"uv":{"north":{"uv":[5.658,7.638],"uv_size":[0.492,0.7995]},"south":{"uv":[5.658,7.638],"uv_size":[0.492,0.7995]},"east":{"uv":[5.0596,8.4245],"uv_size":[0.5904,-0.7995]},"west":{"uv":[5.6404,8.4245],"uv_size":[-0.5904,-0.7995]},"up":{"uv":[5.6404,9.0525],"uv_size":[-0.5904,-0.615]},"down":{"uv":[6.2404,9.0525],"uv_size":[-0.5904,-0.615]}}}],"name":"rot_13"},{"parent":"geyser_custom_z","pivot":[0,20.5617,9.2868],"rotation":[0,-0,0],"cubes":[{"origin":[-2.5,5,-10.2],"size":[5,2,1],"pivot":[0,20.5617,9.2868],"uv":{"north":{"uv":[6.058,7.004],"uv_size":[0.492,0.246]},"south":{"uv":[6.058,7.004],"uv_size":[0.492,0.246]},"east":{"uv":[6.3484,6.1835],"uv_size":[-0.0984,-0.246]},"west":{"uv":[6.3484,6.1835],"uv_size":[-0.0984,-0.246]},"up":{"uv":[7.0984,6.3025],"uv_size":[-0.0984,-0.615]},"down":{"uv":[7.0984,6.3025],"uv_size":[-0.0984,-0.615]}}},{"origin":[1,7,-10.2],"size":[1.5,3,6],"pivot":[0,20.5617,9.2868],"uv":{"north":{"uv":[6.9476,5.5685],"uv_size":[-0.1476,0.369]},"south":{"uv":[6.2476,5.9435],"uv_size":[-0.1476,0.369]},"east":{"uv":[7.1404,6.6815],"uv_size":[-0.5904,-0.369]},"west":{"uv":[6.5596,6.6815],"uv_size":[0.5904,-0.369]},"up":{"uv":[7.1404,6.6905],"uv_size":[-0.5904,0.1845]},"down":{"uv":[7.1404,6.6905],"uv_size":[-0.5904,0.1845]}}},{"origin":[-2.5,7,-10.2],"size":[1.5,3,6],"pivot":[0,20.5617,9.2868],"uv":{"north":{"uv":[6.8024,5.5685],"uv_size":[0.1476,0.369]},"south":{"uv":[6.1024,5.9435],"uv_size":[0.1476,0.369]},"east":{"uv":[7.1404,6.6815],"uv_size":[-0.5904,-0.369]},"west":{"uv":[6.5596,6.6815],"uv_size":[0.5904,-0.369]},"up":{"uv":[7.1404,6.872],"uv_size":[-0.5904,-0.1845]},"down":{"uv":[7.1404,6.872],"uv_size":[-0.5904,-0.1845]}}}],"name":"rot_14"},{"parent":"geyser_custom_z","pivot":[0,21.0617,9.2868],"rotation":[0,-0,0],"cubes":[{"origin":[-2.5,2.5,-3.2],"size":[5,4.5,10],"pivot":[0,21.0617,9.2868],"uv":{"north":{"uv":[6.058,6.4465],"uv_size":[0.492,0.5535]},"south":{"uv":[6.058,6.4465],"uv_size":[0.492,0.5535]},"east":{"uv":[5.066,6.991],"uv_size":[0.984,-0.5535]},"west":{"uv":[6.034,6.991],"uv_size":[-0.984,-0.5535]},"up":{"uv":[6.034,7.615],"uv_size":[-0.984,-0.615]},"down":{"uv":[6.034,9.6775],"uv_size":[-0.984,-0.615]}}},{"origin":[-1.75,3,6.8],"size":[3.5,4,6],"pivot":[0,21.0617,9.2868],"uv":{"north":{"uv":[4.1556,8.008],"uv_size":[0.3444,0.492]},"south":{"uv":[4.1556,8.008],"uv_size":[0.3444,0.492]},"east":{"uv":[3.5096,8.367],"uv_size":[0.5904,-0.492]},"west":{"uv":[3.5096,8.367],"uv_size":[0.5904,-0.492]},"up":{"uv":[4.2904,9.5555],"uv_size":[-0.5904,-0.4305]},"down":{"uv":[4.2904,9.5555],"uv_size":[-0.5904,-0.4305]}}}],"name":"rot_15"},{"parent":"geyser_custom_z","pivot":[0,21.0617,9.7868],"rotation":[0,-0,0],"cubes":[{"origin":[-1,7,8.5],"size":[2,1,1],"pivot":[0,21.0617,9.7868],"uv":{"north":{"uv":[4.5532,7.627],"uv_size":[0.1968,0.123]},"south":{"uv":[4.5532,7.627],"uv_size":[0.1968,0.123]},"east":{"uv":[4.6484,7.873],"uv_size":[-0.0984,-0.123]},"west":{"uv":[4.6484,7.873],"uv_size":[-0.0984,-0.123]},"up":{"uv":[4.7484,7.996],"uv_size":[-0.0984,-0.246]},"down":{"uv":[4.7484,7.996],"uv_size":[-0.0984,-0.246]}}}],"name":"rot_16"},{"parent":"geyser_custom_z","pivot":[-7.3,5.1,-11.7],"rotation":[0,-0,0],"cubes":[{"origin":[-6.5,6,-7.8],"size":[4.5,0,6],"pivot":[-7.3,5.1,-11.7],"uv":{"north":{"uv":[0,0.008],"uv_size":[0,0.492]},"south":{"uv":[0,0.008],"uv_size":[0,0.492]},"east":{"uv":[0,0.008],"uv_size":[0,0.492]},"west":{"uv":[0,0.008],"uv_size":[0,0.492]},"up":{"uv":[1.8904,2.491],"uv_size":[-0.5904,-0.5535]},"down":{"uv":[1.3096,2.491],"uv_size":[0.5904,-0.5535]}}}],"name":"rot_17"},{"parent":"geyser_custom_z","pivot":[-8,0,-8],"rotation":[0,-0,0],"cubes":[{"origin":[-3.5,2.5,-12],"size":[1,2,6],"pivot":[-8,0,-8],"uv":{"north":{"uv":[4.4984,8.504],"uv_size":[-0.0984,0.246]},"south":{"uv":[4.2984,8.504],"uv_size":[-0.0984,0.246]},"east":{"uv":[5.0404,8.9415],"uv_size":[-0.5904,0.246]},"west":{"uv":[5.0404,8.9415],"uv_size":[-0.5904,0.246]},"up":{"uv":[4.9516,9.9255],"uv_size":[0.0984,-0.738]},"down":{"uv":[4.3516,9.488],"uv_size":[0.0984,-0.738]}}},{"origin":[-2.5,2.5,-12],"size":[5,2,1],"pivot":[-8,0,-8],"uv":{"north":{"uv":[4.458,9.1915],"uv_size":[0.492,0.246]},"south":{"uv":[4.458,9.1915],"uv_size":[0.492,0.246]},"east":{"uv":[4.3016,8.504],"uv_size":[0.0984,0.246]},"west":{"uv":[4.3016,8.504],"uv_size":[0.0984,0.246]},"up":{"uv":[4.942,9.5605],"uv_size":[-0.492,-0.123]},"down":{"uv":[4.942,9.6855],"uv_size":[-0.492,-0.123]}}}],"name":"rot_18"},{"parent":"geyser_custom_z","pivot":[-12.75,7.25,-2.25],"rotation":[0,-0,0],"cubes":[{"origin":[-13.5,7,-2.5],"size":[13.5,0.5,0.5],"pivot":[-12.75,7.25,-2.25],"uv":{"north":{"uv":[0.0008,7.9215],"uv_size":[0.0492,-1.6715]},"south":{"uv":[0.0008,7.9215],"uv_size":[0.0492,-1.6715]},"east":{"uv":[0.0008,6.3115],"uv_size":[0.0492,-0.0615]},"west":{"uv":[0.0008,6.3115],"uv_size":[0.0492,-0.0615]},"up":{"uv":[0.0492,6.266],"uv_size":[-0.0492,1.6715]},"down":{"uv":[0.0492,6.266],"uv_size":[-0.0492,1.6715]}}}],"name":"rot_19"},{"parent":"geyser_custom_z","pivot":[7.3,5.1,-11.7],"rotation":[0,-22.5,0],"cubes":[{"origin":[7.6,9,-12.7],"size":[0,4.5,6],"pivot":[7.3,5.1,-11.7],"uv":{"north":{"uv":[0,0.008],"uv_size":[0,0.492]},"south":{"uv":[0,0.008],"uv_size":[0,0.492]},"east":{"uv":[1.8904,1.9465],"uv_size":[-0.5904,0.5535]},"west":{"uv":[1.3096,1.9465],"uv_size":[0.5904,0.5535]},"up":{"uv":[0,0.492],"uv_size":[0,-0.492]},"down":{"uv":[0,0.492],"uv_size":[0,-0.492]}}}],"name":"rot_20"},{"parent":"geyser_custom_z","pivot":[4.5,2,-8.2],"rotation":[0,-22.5,0],"cubes":[{"origin":[2.3,0,-8.2],"size":[4,4,0],"pivot":[4.5,2,-8.2],"uv":{"north":{"uv":[1.6936,1.9295],"uv_size":[-0.3936,-0.492]},"south":{"uv":[1.3064,1.9295],"uv_size":[0.3936,-0.492]},"east":{"uv":[0,0.492],"uv_size":[0,-0.492]},"west":{"uv":[0,0.492],"uv_size":[0,-0.492]},"up":{"uv":[0,0.008],"uv_size":[0,0.492]},"down":{"uv":[0,0.008],"uv_size":[0,0.492]}}}],"name":"rot_21"},{"parent":"geyser_custom_z","pivot":[0,5,-13.5],"rotation":[0,-22.5,0],"cubes":[{"origin":[0.9,3.5,-13.6],"size":[3.2,2.7,0],"pivot":[0,5,-13.5],"uv":{"north":{"uv":[15.2048,4.006],"uv_size":[0.2952,0.369]},"south":{"uv":[15.2048,4.006],"uv_size":[0.2952,0.369]},"east":{"uv":[15.2,4.006],"uv_size":[0,0.369]},"west":{"uv":[15.2,4.006],"uv_size":[0,0.369]},"up":{"uv":[15.2,4.369],"uv_size":[0,-0.369]},"down":{"uv":[15.2,4.006],"uv_size":[0,0.369]}}},{"origin":[0,-1.5,-13.5],"size":[6,12,0],"pivot":[0,5,-13.5],"uv":{"north":{"uv":[11.5904,0.016],"uv_size":[-0.5904,1.859]},"south":{"uv":[11.0096,0.016],"uv_size":[0.5904,1.859]},"east":{"uv":[0,0.016],"uv_size":[0,119.984]},"west":{"uv":[0,0.016],"uv_size":[0,119.984]},"up":{"uv":[0,47.984],"uv_size":[0,-47.984]},"down":{"uv":[0,47.984],"uv_size":[0,-47.984]}}}],"name":"rot_22"},{"parent":"geyser_custom_z","pivot":[0,7.3,0],"rotation":[0,-22.5,0],"cubes":[{"origin":[2.0612,3.55,-12.6018],"size":[1.5,5.5,5.5],"pivot":[0,7.3,0],"uv":{"north":{"uv":[7.2588,4.6905],"uv_size":[0.5412,0.1845]},"south":{"uv":[7.2588,4.872],"uv_size":[0.5412,-0.1845]},"east":{"uv":[7.7912,4.011],"uv_size":[-0.5412,0.6765]},"west":{"uv":[7.7912,4.011],"uv_size":[-0.5412,0.6765]},"up":{"uv":[7.8024,4.6765],"uv_size":[0.1476,-0.6765]},"down":{"uv":[7.8024,4.6765],"uv_size":[0.1476,-0.6765]}}},{"origin":[9,4.7,-7.5],"size":[4,3.5,0.8],"pivot":[0,7.3,0],"uv":{"north":{"uv":[7.1556,6.617],"uv_size":[0.3444,-0.492]},"south":{"uv":[7.1556,6.133],"uv_size":[0.3444,0.492]},"east":{"uv":[7.4944,6.6266],"uv_size":[-0.3444,0.0984]},"west":{"uv":[7.4944,6.6266],"uv_size":[-0.3444,0.0984]},"up":{"uv":[7.1564,6.8484],"uv_size":[0.3936,-0.0984]},"down":{"uv":[7.1564,6.8484],"uv_size":[0.3936,-0.0984]}}}],"name":"rot_23"},{"parent":"geyser_custom_z","pivot":[-1.5,5,5.5],"rotation":[0,-22.5,0],"cubes":[{"origin":[-2,4.25,6.5],"size":[2,1.5,2.5],"pivot":[-1.5,5,5.5],"uv":{"north":{"uv":[1.6524,0.246],"uv_size":[0.1476,-0.246]},"south":{"uv":[1.6524,0.246],"uv_size":[0.1476,-0.246]},"east":{"uv":[1.7024,0.5575],"uv_size":[0.1476,-0.3075]},"west":{"uv":[1.7024,0.5575],"uv_size":[0.1476,-0.3075]},"up":{"uv":[1.6968,0.255],"uv_size":[-0.1968,0.3075]},"down":{"uv":[1.6968,0.255],"uv_size":[-0.1968,0.3075]}}}],"name":"rot_24"},{"parent":"geyser_custom_z","pivot":[0,7.3,0],"rotation":[0,-45,0],"cubes":[{"origin":[-1,4.5,-11],"size":[7,4,1.5],"pivot":[0,7.3,0],"uv":{"north":{"uv":[7.2564,5.736],"uv_size":[0.3936,-0.861]},"south":{"uv":[7.2564,4.889],"uv_size":[0.3936,0.861]},"east":{"uv":[7.4936,5.9405],"uv_size":[-0.3936,0.1845]},"west":{"uv":[7.4936,5.9405],"uv_size":[-0.3936,0.1845]},"up":{"uv":[7.7888,5.9345],"uv_size":[-0.6888,-0.1845]},"down":{"uv":[7.2388,7.0595],"uv_size":[-0.6888,-0.1845]}}}],"name":"rot_25"}]}]}
