{"format_version":"1.16.0","minecraft:geometry":[{"description":{"identifier":"geometry.geyser_custom.geo_0df47b6","texture_width":16,"texture_height":16,"visible_bounds_width":4,"visible_bounds_height":4.5,"visible_bounds_offset":[0,0.75,0]},"bones":[{"name":"geyser_custom","binding":"c.item_slot == 'head' ? 'head' : q.item_slot_to_bone_name(c.item_slot)","pivot":[0,8,0]},{"name":"geyser_custom_x","parent":"geyser_custom","pivot":[0,8,0]},{"name":"geyser_custom_y","parent":"geyser_custom_x","pivot":[0,8,0]},{"name":"geyser_custom_z","parent":"geyser_custom_y","pivot":[0,8,0],"cubes":[{"origin":[-1,7,0.5],"size":[2,0,3.5],"uv":{"north":{"uv":[0.0032,0],"uv_size":[0.1968,0]},"south":{"uv":[0.0032,0],"uv_size":[0.1968,0]},"east":{"uv":[0.0064,0],"uv_size":[0.3936,0]},"west":{"uv":[0.0064,0],"uv_size":[0.3936,0]},"up":{"uv":[2.4468,3.3055],"uv_size":[-0.1968,-0.4305]},"down":{"uv":[2.4468,2.882],"uv_size":[-0.1968,0.4305]}}},{"origin":[-1,13,0.5],"size":[2,0,3.5],"uv":{"north":{"uv":[0.0032,0],"uv_size":[0.1968,0]},"south":{"uv":[0.0032,0],"uv_size":[0.1968,0]},"east":{"uv":[0.0064,0],"uv_size":[0.3936,0]},"west":{"uv":[0.0064,0],"uv_size":[0.3936,0]},"up":{"uv":[2.4468,3.3055],"uv_size":[-0.1968,-0.4305]},"down":{"uv":[2.4468,2.882],"uv_size":[-0.1968,0.4305]}}},{"origin":[-1,23,0.5],"size":[2,0,3.5],"uv":{"north":{"uv":[0.0032,0],"uv_size":[0.1968,0]},"south":{"uv":[0.0032,0],"uv_size":[0.1968,0]},"east":{"uv":[0.0064,0],"uv_size":[0.3936,0]},"west":{"uv":[0.0064,0],"uv_size":[0.3936,0]},"up":{"uv":[2.4468,3.3055],"uv_size":[-0.1968,-0.4305]},"down":{"uv":[2.4468,2.882],"uv_size":[-0.1968,0.4305]}}}]},{"parent":"geyser_custom_z","pivot":[0,-2,0],"rotation":[45,0,0],"cubes":[{"origin":[-2.25,-1,1],"size":[4.5,3,3],"pivot":[0,-2,0],"uv":{"north":{"uv":[0.9452,2.384],"uv_size":[-0.2952,0.5535]},"south":{"uv":[0.9452,2.384],"uv_size":[-0.2952,0.5535]},"east":{"uv":[0.6548,2.006],"uv_size":[0.2952,0.369]},"west":{"uv":[0.6548,2.369],"uv_size":[0.2952,-0.369]},"up":{"uv":[0.9452,2.9285],"uv_size":[-0.2952,-0.5535]},"down":{"uv":[0.9452,2.9285],"uv_size":[-0.2952,-0.5535]}}}],"name":"rot_1"},{"parent":"geyser_custom_z","pivot":[0,-0.9,0],"rotation":[45,0,0],"cubes":[{"origin":[-3,-0.4,0.5],"size":[6,2,2],"pivot":[0,-0.9,0],"uv":{"north":{"uv":[1.8404,1.129],"uv_size":[-0.5904,0.246]},"south":{"uv":[1.8404,1.129],"uv_size":[-0.5904,0.246]},"east":{"uv":[1.0532,1.3165],"uv_size":[0.1968,0.246]},"west":{"uv":[1.2468,1.3165],"uv_size":[-0.1968,0.246]},"up":{"uv":[1.2596,1.371],"uv_size":[0.5904,-0.246]},"down":{"uv":[1.2596,1.371],"uv_size":[0.5904,-0.246]}}}],"name":"rot_2"},{"parent":"geyser_custom_z","pivot":[0,22,0],"rotation":[45,0,0],"cubes":[{"origin":[-2.25,23,1],"size":[4.5,3,3],"pivot":[0,22,0],"uv":{"north":{"uv":[0.9452,2.384],"uv_size":[-0.2952,0.5535]},"south":{"uv":[0.9452,2.384],"uv_size":[-0.2952,0.5535]},"east":{"uv":[0.6548,2.006],"uv_size":[0.2952,0.369]},"west":{"uv":[0.6548,2.369],"uv_size":[0.2952,-0.369]},"up":{"uv":[0.9452,2.9285],"uv_size":[-0.2952,-0.5535]},"down":{"uv":[0.9452,2.9285],"uv_size":[-0.2952,-0.5535]}}}],"name":"rot_3"},{"parent":"geyser_custom_z","pivot":[0,23.1,0],"rotation":[45,0,0],"cubes":[{"origin":[-3,23.6,0.5],"size":[6,2,2],"pivot":[0,23.1,0],"uv":{"north":{"uv":[1.8404,1.129],"uv_size":[-0.5904,0.246]},"south":{"uv":[1.8404,1.129],"uv_size":[-0.5904,0.246]},"east":{"uv":[1.0532,1.3165],"uv_size":[0.1968,0.246]},"west":{"uv":[1.2468,1.3165],"uv_size":[-0.1968,0.246]},"up":{"uv":[1.2596,1.371],"uv_size":[0.5904,-0.246]},"down":{"uv":[1.2596,1.371],"uv_size":[0.5904,-0.246]}}}],"name":"rot_4"},{"parent":"geyser_custom_z","pivot":[0,-13.4,0],"rotation":[0,45,0],"cubes":[{"origin":[-1,-14.4,-1],"size":[2,2,2],"pivot":[0,-13.4,0],"uv":{"north":{"uv":[1.0532,0.8165],"uv_size":[0.1968,0.246]},"south":{"uv":[1.0532,0.8165],"uv_size":[0.1968,0.246]},"east":{"uv":[1.0532,0.8165],"uv_size":[0.1968,0.246]},"west":{"uv":[1.0532,0.8165],"uv_size":[0.1968,0.246]},"up":{"uv":[1.2468,1.3085],"uv_size":[-0.1968,-0.246]},"down":{"uv":[1.2468,1.3085],"uv_size":[-0.1968,-0.246]}}}],"name":"rot_5"},{"parent":"geyser_custom_z","pivot":[0,-12.5,0.7],"rotation":[0,45,0],"cubes":[{"origin":[-1.1,-12.5,-0.3],"size":[2.1,2,2.1],"pivot":[0,-12.5,0.7],"uv":{"north":{"uv":[1.0532,0.3165],"uv_size":[0.1968,0.246]},"south":{"uv":[1.0532,0.3165],"uv_size":[0.1968,0.246]},"east":{"uv":[1.2468,0.3165],"uv_size":[-0.1968,0.246]},"west":{"uv":[1.4532,0.004],"uv_size":[0.1968,0.246]},"up":{"uv":[1.2468,0.8085],"uv_size":[-0.1968,-0.246]},"down":{"uv":[1.2468,0.8085],"uv_size":[-0.1968,-0.246]}}}],"name":"rot_6"},{"parent":"geyser_custom_z","pivot":[0,-7,0],"rotation":[0,45,0],"cubes":[{"origin":[-1,-12,-1],"size":[2,10,2],"pivot":[0,-7,0],"uv":{"north":{"uv":[0.4532,1.4535],"uv_size":[0.1968,1.234]},"south":{"uv":[0.4532,1.4535],"uv_size":[0.1968,1.234]},"east":{"uv":[0.4532,1.4535],"uv_size":[0.1968,1.234]},"west":{"uv":[0.4532,1.4535],"uv_size":[0.1968,1.234]},"up":{"uv":[0.6468,1.6835],"uv_size":[-0.1968,-0.246]},"down":{"uv":[0.6468,1.6835],"uv_size":[-0.1968,-0.246]}}},{"origin":[-1.1,-12,1.1],"size":[2.2,10,0],"pivot":[0,-7,0],"uv":{"north":{"uv":[12.7968,3.4535],"uv_size":[-0.1968,1.234]},"south":{"uv":[12.6032,3.4535],"uv_size":[0.1968,1.234]},"east":{"uv":[0.4532,1.4535],"uv_size":[0.1968,1.234]},"west":{"uv":[0.4532,1.4535],"uv_size":[0.1968,1.234]},"up":{"uv":[0.6468,1.6835],"uv_size":[-0.1968,-0.246]},"down":{"uv":[0.6468,1.6835],"uv_size":[-0.1968,-0.246]}}},{"origin":[-1.1,-12,-1.1],"size":[2.2,10,0],"pivot":[0,-7,0],"uv":{"north":{"uv":[12.6032,3.4535],"uv_size":[0.1968,1.234]},"south":{"uv":[12.7968,3.4535],"uv_size":[-0.1968,1.234]},"east":{"uv":[0.4532,1.4535],"uv_size":[0.1968,1.234]},"west":{"uv":[0.4532,1.4535],"uv_size":[0.1968,1.234]},"up":{"uv":[0.4532,1.4415],"uv_size":[0.1968,0.246]},"down":{"uv":[0.4532,1.4415],"uv_size":[0.1968,0.246]}}}],"name":"rot_7"},{"parent":"geyser_custom_z","pivot":[0,-2.25,0],"rotation":[0,45,0],"cubes":[{"origin":[-1.25,-4,-1.25],"size":[2.5,2.5,2.5],"pivot":[0,-2.25,0],"uv":{"north":{"uv":[0.654,1.38],"uv_size":[0.246,0.3075]},"south":{"uv":[0.654,1.38],"uv_size":[0.246,0.3075]},"east":{"uv":[0.654,1.38],"uv_size":[0.246,0.3075]},"west":{"uv":[0.654,1.38],"uv_size":[0.246,0.3075]},"up":{"uv":[0.896,1.995],"uv_size":[-0.246,-0.3075]},"down":{"uv":[0.896,1.995],"uv_size":[-0.246,-0.3075]}}},{"origin":[-1.25,6,-1.25],"size":[2.5,2.5,2.5],"pivot":[0,-2.25,0],"uv":{"north":{"uv":[0.654,1.38],"uv_size":[0.246,0.3075]},"south":{"uv":[0.654,1.38],"uv_size":[0.246,0.3075]},"east":{"uv":[0.654,1.38],"uv_size":[0.246,0.3075]},"west":{"uv":[0.654,1.38],"uv_size":[0.246,0.3075]},"up":{"uv":[0.896,1.995],"uv_size":[-0.246,-0.3075]},"down":{"uv":[0.896,1.995],"uv_size":[-0.246,-0.3075]}}},{"origin":[-1.25,12,-1.25],"size":[2.5,2.5,2.5],"pivot":[0,-2.25,0],"uv":{"north":{"uv":[0.654,1.38],"uv_size":[0.246,0.3075]},"south":{"uv":[0.654,1.38],"uv_size":[0.246,0.3075]},"east":{"uv":[0.654,1.38],"uv_size":[0.246,0.3075]},"west":{"uv":[0.654,1.38],"uv_size":[0.246,0.3075]},"up":{"uv":[0.896,1.995],"uv_size":[-0.246,-0.3075]},"down":{"uv":[0.896,1.995],"uv_size":[-0.246,-0.3075]}}}],"name":"rot_8"},{"parent":"geyser_custom_z","pivot":[0,-0.5,-5.4],"rotation":[0,45,0],"cubes":[{"origin":[-4.1,-2,-5.5],"size":[3.2,2.7,0],"pivot":[0,-0.5,-5.4],"uv":{"north":{"uv":[15.4952,4.006],"uv_size":[-0.2952,0.369]},"south":{"uv":[15.4952,4.006],"uv_size":[-0.2952,0.369]},"east":{"uv":[15.2,4.006],"uv_size":[0,0.369]},"west":{"uv":[15.2,4.006],"uv_size":[0,0.369]},"up":{"uv":[15.2,4.006],"uv_size":[0,0.369]},"down":{"uv":[15.2,4.369],"uv_size":[0,-0.369]}}},{"origin":[-6,-7,-5.4],"size":[6,12,0],"pivot":[0,-0.5,-5.4],"uv":{"north":{"uv":[11.0096,0.016],"uv_size":[0.5904,1.859]},"south":{"uv":[11.5904,0.016],"uv_size":[-0.5904,1.859]},"east":{"uv":[0,0.016],"uv_size":[0,119.984]},"west":{"uv":[0,0.016],"uv_size":[0,119.984]},"up":{"uv":[0,0.016],"uv_size":[0,47.984]},"down":{"uv":[0,0.016],"uv_size":[0,47.984]}}}],"name":"rot_9"},{"parent":"geyser_custom_z","pivot":[0,3,1.95],"rotation":[0,45,0],"cubes":[{"origin":[-1.35,-1.5,0.7],"size":[2.6,2.5,2.6],"pivot":[0,3,1.95],"uv":{"north":{"uv":[0.804,0.63],"uv_size":[0.246,0.3075]},"south":{"uv":[0.804,0.63],"uv_size":[0.246,0.3075]},"east":{"uv":[1.046,0.63],"uv_size":[-0.246,0.3075]},"west":{"uv":[0.804,0.3175],"uv_size":[0.246,0.3075]},"up":{"uv":[1.446,0.3075],"uv_size":[-0.246,-0.3075]},"down":{"uv":[1.496,0.62],"uv_size":[-0.246,-0.3075]}}}],"name":"rot_10"},{"parent":"geyser_custom_z","pivot":[0,5,0],"rotation":[0,45,0],"cubes":[{"origin":[-1,1,-1],"size":[2,24,2],"pivot":[0,5,0],"uv":{"north":{"uv":[0.0032,3.016],"uv_size":[0.1968,2.984]},"south":{"uv":[0.0032,3.016],"uv_size":[0.1968,2.984]},"east":{"uv":[0.0032,3.016],"uv_size":[0.1968,2.984]},"west":{"uv":[0.0032,3.016],"uv_size":[0.1968,2.984]},"up":{"uv":[0.1968,3.246],"uv_size":[-0.1968,-0.246]},"down":{"uv":[0.1968,3.246],"uv_size":[-0.1968,-0.246]}}}],"name":"rot_11"},{"parent":"geyser_custom_z","pivot":[0,6.5,0],"rotation":[0,45,0],"cubes":[{"origin":[-1.1,1.5,1.1],"size":[2.2,23.5,0],"pivot":[0,6.5,0],"uv":{"north":{"uv":[0.3968,3.016],"uv_size":[-0.1968,2.9215]},"south":{"uv":[0.2032,3.016],"uv_size":[0.1968,2.9215]},"east":{"uv":[0.4532,1.4535],"uv_size":[0.1968,1.234]},"west":{"uv":[0.4532,1.4535],"uv_size":[0.1968,1.234]},"up":{"uv":[0.6468,1.6835],"uv_size":[-0.1968,-0.246]},"down":{"uv":[0.6468,1.6835],"uv_size":[-0.1968,-0.246]}}},{"origin":[-1.1,1.5,-1.1],"size":[2.2,23.5,0],"pivot":[0,6.5,0],"uv":{"north":{"uv":[0.2032,3.016],"uv_size":[0.1968,2.9215]},"south":{"uv":[0.3968,3.016],"uv_size":[-0.1968,2.9215]},"east":{"uv":[0.4532,1.4535],"uv_size":[0.1968,1.234]},"west":{"uv":[0.4532,1.4535],"uv_size":[0.1968,1.234]},"up":{"uv":[0.4532,1.4415],"uv_size":[0.1968,0.246]},"down":{"uv":[0.4532,1.4415],"uv_size":[0.1968,0.246]}}}],"name":"rot_12"},{"parent":"geyser_custom_z","pivot":[0,18.25,0],"rotation":[0,45,0],"cubes":[{"origin":[-1.25,22.5,-1.25],"size":[2.5,2.5,2.5],"pivot":[0,18.25,0],"uv":{"north":{"uv":[0.654,1.6825],"uv_size":[0.246,-0.3075]},"south":{"uv":[0.654,1.6825],"uv_size":[0.246,-0.3075]},"east":{"uv":[0.654,1.6825],"uv_size":[0.246,-0.3075]},"west":{"uv":[0.654,1.6825],"uv_size":[0.246,-0.3075]},"up":{"uv":[0.896,1.6925],"uv_size":[-0.246,0.3075]},"down":{"uv":[0.896,1.6925],"uv_size":[-0.246,0.3075]}}}],"name":"rot_13"},{"parent":"geyser_custom_z","pivot":[0,27.5,0.7],"rotation":[0,45,0],"cubes":[{"origin":[-1.1,25.5,-0.3],"size":[2.1,2,2.1],"pivot":[0,27.5,0.7],"uv":{"north":{"uv":[1.0532,0.5585],"uv_size":[0.1968,-0.246]},"south":{"uv":[1.0532,0.5585],"uv_size":[0.1968,-0.246]},"east":{"uv":[1.2468,0.5585],"uv_size":[-0.1968,-0.246]},"west":{"uv":[1.4532,0.246],"uv_size":[0.1968,-0.246]},"up":{"uv":[1.2468,0.5665],"uv_size":[-0.1968,0.246]},"down":{"uv":[1.2468,0.5665],"uv_size":[-0.1968,0.246]}}}],"name":"rot_14"},{"parent":"geyser_custom_z","pivot":[0,28,1.95],"rotation":[0,45,0],"cubes":[{"origin":[-1.35,23.5,0.7],"size":[2.6,2.5,2.6],"pivot":[0,28,1.95],"uv":{"north":{"uv":[0.804,0.63],"uv_size":[0.246,0.3075]},"south":{"uv":[0.804,0.63],"uv_size":[0.246,0.3075]},"east":{"uv":[1.046,0.63],"uv_size":[-0.246,0.3075]},"west":{"uv":[0.804,0.3175],"uv_size":[0.246,0.3075]},"up":{"uv":[1.446,0.3075],"uv_size":[-0.246,-0.3075]},"down":{"uv":[1.496,0.62],"uv_size":[-0.246,-0.3075]}}}],"name":"rot_15"},{"parent":"geyser_custom_z","pivot":[0,28.4,0],"rotation":[0,45,0],"cubes":[{"origin":[-1,27.4,-1],"size":[2,2,2],"pivot":[0,28.4,0],"uv":{"north":{"uv":[1.0532,1.0585],"uv_size":[0.1968,-0.246]},"south":{"uv":[1.0532,1.0585],"uv_size":[0.1968,-0.246]},"east":{"uv":[1.0532,1.0585],"uv_size":[0.1968,-0.246]},"west":{"uv":[1.0532,1.0585],"uv_size":[0.1968,-0.246]},"up":{"uv":[1.2468,1.0665],"uv_size":[-0.1968,0.246]},"down":{"uv":[1.2468,1.0665],"uv_size":[-0.1968,0.246]}}}],"name":"rot_16"},{"parent":"geyser_custom_z","pivot":[0,-10,1.5],"rotation":[22.5,0,0],"cubes":[{"origin":[-0.75,-13.5,0],"size":[1.5,2.5,2],"pivot":[0,-10,1.5],"uv":{"north":{"uv":[1.7024,0.5575],"uv_size":[0.1476,-0.3075]},"south":{"uv":[1.7024,0.5575],"uv_size":[0.1476,-0.3075]},"east":{"uv":[1.5032,0.5575],"uv_size":[0.1968,-0.3075]},"west":{"uv":[1.5032,0.5575],"uv_size":[0.1968,-0.3075]},"up":{"uv":[1.7976,0.004],"uv_size":[-0.1476,0.246]},"down":{"uv":[1.7976,0.004],"uv_size":[-0.1476,0.246]}}}],"name":"rot_17"},{"parent":"geyser_custom_z","pivot":[0,25,-1.5],"rotation":[22.5,0,0],"cubes":[{"origin":[-0.75,26,-2],"size":[1.5,2.5,2],"pivot":[0,25,-1.5],"uv":{"north":{"uv":[1.8476,0.255],"uv_size":[-0.1476,0.3075]},"south":{"uv":[1.8476,0.255],"uv_size":[-0.1476,0.3075]},"east":{"uv":[1.6968,0.255],"uv_size":[-0.1968,0.3075]},"west":{"uv":[1.6968,0.255],"uv_size":[-0.1968,0.3075]},"up":{"uv":[1.7976,0.004],"uv_size":[-0.1476,0.246]},"down":{"uv":[1.7976,0.004],"uv_size":[-0.1476,0.246]}}}],"name":"rot_18"},{"parent":"geyser_custom_z","pivot":[8,-18.5,-17],"rotation":[0,-0,0],"cubes":[{"origin":[-1.5,-12.55,-0.75],"size":[3,2.1,1.5],"pivot":[8,-18.5,-17],"uv":{"north":{"uv":[0.7548,1.129],"uv_size":[0.2952,0.246]},"south":{"uv":[0.7548,1.129],"uv_size":[0.2952,0.246]},"east":{"uv":[0.7476,1.129],"uv_size":[-0.1476,0.246]},"west":{"uv":[0.6024,1.129],"uv_size":[0.1476,0.246]},"up":{"uv":[0.9952,1.122],"uv_size":[-0.2952,-0.1845]},"down":{"uv":[0.9952,1.122],"uv_size":[-0.2952,-0.1845]}}}],"name":"rot_19"},{"parent":"geyser_custom_z","pivot":[8,-7.5,-17.5],"rotation":[0,-0,0],"cubes":[{"origin":[-1.85,-1.55,-2],"size":[3.7,2.6,4],"pivot":[8,-7.5,-17.5],"uv":{"north":{"uv":[0.8559,0.0052],"uv_size":[0.3641,0.3198]},"south":{"uv":[0.8559,0.0052],"uv_size":[0.3641,0.3198]},"east":{"uv":[0.8436,0.005],"uv_size":[-0.3936,0.3075]},"west":{"uv":[0.4564,0.005],"uv_size":[0.3936,0.3075]},"up":{"uv":[0.7944,0.8045],"uv_size":[-0.3444,-0.492]},"down":{"uv":[1.6141,1.117],"uv_size":[-0.3641,-0.492]}}}],"name":"rot_20"},{"parent":"geyser_custom_z","pivot":[8,-3.5,-8.5],"rotation":[0,-0,0],"cubes":[{"origin":[1.6,-0.5,-1.75],"size":[0,24,3.5],"pivot":[8,-3.5,-8.5],"uv":{"north":{"uv":[12.8,0.016],"uv_size":[0,2.984]},"south":{"uv":[12.8,0.016],"uv_size":[0,2.984]},"east":{"uv":[13.1444,0.016],"uv_size":[-0.3444,2.984]},"west":{"uv":[12.8056,0.016],"uv_size":[0.3444,2.984]},"up":{"uv":[12.8,0.007],"uv_size":[0,0.4305]},"down":{"uv":[12.8,0.4305],"uv_size":[0,-0.4305]}}}],"name":"rot_21"},{"parent":"geyser_custom_z","pivot":[8,1,-8],"rotation":[0,-0,0],"cubes":[{"origin":[0.7,0.8,-4.5],"size":[0,4,4],"pivot":[8,1,-8],"uv":{"north":{"uv":[0,0.008],"uv_size":[0,0.492]},"south":{"uv":[0,0.008],"uv_size":[0,0.492]},"east":{"uv":[1.6936,1.4455],"uv_size":[-0.3936,0.492]},"west":{"uv":[1.3064,1.4455],"uv_size":[0.3936,0.492]},"up":{"uv":[0,0.492],"uv_size":[0,-0.492]},"down":{"uv":[0,0.492],"uv_size":[0,-0.492]}}},{"origin":[1,4,1],"size":[0,8,8],"pivot":[8,1,-8],"uv":{"north":{"uv":[14.4,4.016],"uv_size":[0,0.984]},"south":{"uv":[14.4,4.016],"uv_size":[0,0.984]},"east":{"uv":[14.4128,4.016],"uv_size":[0.7872,0.984]},"west":{"uv":[14.4128,4.016],"uv_size":[0.7872,0.984]},"up":{"uv":[14.4,4.016],"uv_size":[0,0.984]},"down":{"uv":[14.4,4.984],"uv_size":[0,-0.984]}}},{"origin":[1,6,-13],"size":[0,10,10],"pivot":[8,1,-8],"uv":{"north":{"uv":[12.8,4.016],"uv_size":[0,1.484]},"south":{"uv":[12.8,4.016],"uv_size":[0,1.484]},"east":{"uv":[12.866,4.141],"uv_size":[0.984,1.234]},"west":{"uv":[12.866,4.141],"uv_size":[0.984,1.234]},"up":{"uv":[12.8,4.016],"uv_size":[0,1.484]},"down":{"uv":[12.8,5.484],"uv_size":[0,-1.484]}}}],"name":"rot_22"},{"parent":"geyser_custom_z","pivot":[8,1,8],"rotation":[0,-0,0],"cubes":[{"origin":[0.7,0.8,0.5],"size":[0,4,4],"pivot":[8,1,8],"uv":{"north":{"uv":[0,0.008],"uv_size":[0,0.492]},"south":{"uv":[0,0.008],"uv_size":[0,0.492]},"east":{"uv":[1.3064,1.4455],"uv_size":[0.3936,0.492]},"west":{"uv":[1.6936,1.4455],"uv_size":[-0.3936,0.492]},"up":{"uv":[0,0.008],"uv_size":[0,0.492]},"down":{"uv":[0,0.008],"uv_size":[0,0.492]}}}],"name":"rot_23"},{"parent":"geyser_custom_z","pivot":[8,17.5,-17.5],"rotation":[0,-0,0],"cubes":[{"origin":[-1.85,23.45,-2],"size":[3.7,2.6,4],"pivot":[8,17.5,-17.5],"uv":{"north":{"uv":[0.8559,0.0052],"uv_size":[0.3641,0.3198]},"south":{"uv":[0.8559,0.0052],"uv_size":[0.3641,0.3198]},"east":{"uv":[0.8436,0.005],"uv_size":[-0.3936,0.3075]},"west":{"uv":[0.4564,0.005],"uv_size":[0.3936,0.3075]},"up":{"uv":[0.7944,0.8045],"uv_size":[-0.3444,-0.492]},"down":{"uv":[1.6141,1.117],"uv_size":[-0.3641,-0.492]}}}],"name":"rot_24"},{"parent":"geyser_custom_z","pivot":[8,33.5,-17],"rotation":[0,-0,0],"cubes":[{"origin":[-1.5,25.45,-0.75],"size":[3,2.1,1.5],"pivot":[8,33.5,-17],"uv":{"north":{"uv":[0.7548,1.371],"uv_size":[0.2952,-0.246]},"south":{"uv":[0.7548,1.371],"uv_size":[0.2952,-0.246]},"east":{"uv":[0.7476,1.371],"uv_size":[-0.1476,-0.246]},"west":{"uv":[0.6024,1.371],"uv_size":[0.1476,-0.246]},"up":{"uv":[0.9952,0.9405],"uv_size":[-0.2952,0.1845]},"down":{"uv":[0.9952,0.9405],"uv_size":[-0.2952,0.1845]}}}],"name":"rot_25"},{"parent":"geyser_custom_z","pivot":[0.1,18.1,2.7],"rotation":[0,-0,0],"cubes":[{"origin":[0.4,-1,1.5],"size":[0,7,6],"pivot":[0.1,18.1,2.7],"uv":{"north":{"uv":[0,0.008],"uv_size":[0,0.492]},"south":{"uv":[0,0.008],"uv_size":[0,0.492]},"east":{"uv":[1.3096,1.9515],"uv_size":[0.5904,0.861]},"west":{"uv":[1.8904,1.9515],"uv_size":[-0.5904,0.861]},"up":{"uv":[0,0.008],"uv_size":[0,0.492]},"down":{"uv":[0,0.008],"uv_size":[0,0.492]}}}],"name":"rot_26"},{"parent":"geyser_custom_z","pivot":[0,9.8658,10.094],"rotation":[0,-0,0],"cubes":[{"origin":[-1.25,-2.9,-4],"size":[2.5,4.5,10],"pivot":[0,9.8658,10.094],"uv":{"north":{"uv":[5.004,0.009],"uv_size":[0.246,0.5535]},"south":{"uv":[5.004,0.009],"uv_size":[0.246,0.5535]},"east":{"uv":[4.684,0.009],"uv_size":[-0.984,0.5535]},"west":{"uv":[3.716,0.009],"uv_size":[0.984,0.5535]},"up":{"uv":[2.146,1.5785],"uv_size":[-0.246,1.234]},"down":{"uv":[2.146,1.5785],"uv_size":[-0.246,1.234]}}}],"name":"rot_27"},{"parent":"geyser_custom_z","pivot":[0,22.25,7.75],"rotation":[0,-0,0],"cubes":[{"origin":[-0.25,1,2.5],"size":[0.5,24.5,0.5],"pivot":[0,22.25,7.75],"uv":{"north":{"uv":[0.0008,6.016],"uv_size":[0.0492,3.0465]},"south":{"uv":[0.0008,6.016],"uv_size":[0.0492,3.0465]},"east":{"uv":[0.0008,6.016],"uv_size":[0.0492,3.0465]},"west":{"uv":[0.0008,6.016],"uv_size":[0.0492,3.0465]},"up":{"uv":[0.0492,6.0615],"uv_size":[-0.0492,-0.0615]},"down":{"uv":[0.0492,6.0615],"uv_size":[-0.0492,-0.0615]}}}],"name":"rot_28"},{"parent":"geyser_custom_z","pivot":[-0.1,18.1,2.7],"rotation":[0,-0,0],"cubes":[{"origin":[-0.4,-1,1.5],"size":[0,7,6],"pivot":[-0.1,18.1,2.7],"uv":{"north":{"uv":[0,0.008],"uv_size":[0,0.492]},"south":{"uv":[0,0.008],"uv_size":[0,0.492]},"east":{"uv":[1.3096,1.9515],"uv_size":[0.5904,0.861]},"west":{"uv":[1.8904,1.9515],"uv_size":[-0.5904,0.861]},"up":{"uv":[0,0.008],"uv_size":[0,0.492]},"down":{"uv":[0,0.008],"uv_size":[0,0.492]}}}],"name":"rot_29"},{"parent":"geyser_custom_z","pivot":[-8,-3.5,-8.5],"rotation":[0,-0,0],"cubes":[{"origin":[-1.6,-0.5,-1.75],"size":[0,24,3.5],"pivot":[-8,-3.5,-8.5],"uv":{"north":{"uv":[12.8,0.016],"uv_size":[0,2.984]},"south":{"uv":[12.8,0.016],"uv_size":[0,2.984]},"east":{"uv":[13.1444,0.016],"uv_size":[-0.3444,2.984]},"west":{"uv":[12.8056,0.016],"uv_size":[0.3444,2.984]},"up":{"uv":[12.8,0.007],"uv_size":[0,0.4305]},"down":{"uv":[12.8,0.4305],"uv_size":[0,-0.4305]}}}],"name":"rot_30"},{"parent":"geyser_custom_z","pivot":[-8,1,-8],"rotation":[0,-0,0],"cubes":[{"origin":[-0.7,0.8,-4.5],"size":[0,4,4],"pivot":[-8,1,-8],"uv":{"north":{"uv":[0,0.008],"uv_size":[0,0.492]},"south":{"uv":[0,0.008],"uv_size":[0,0.492]},"east":{"uv":[1.6936,1.4455],"uv_size":[-0.3936,0.492]},"west":{"uv":[1.3064,1.4455],"uv_size":[0.3936,0.492]},"up":{"uv":[0,0.492],"uv_size":[0,-0.492]},"down":{"uv":[0,0.492],"uv_size":[0,-0.492]}}},{"origin":[-1,17,2],"size":[0,10,10],"pivot":[-8,1,-8],"uv":{"north":{"uv":[12.85,4.141],"uv_size":[0,1.234]},"south":{"uv":[12.85,4.141],"uv_size":[0,1.234]},"east":{"uv":[13.834,4.141],"uv_size":[-0.984,1.234]},"west":{"uv":[13.834,4.141],"uv_size":[-0.984,1.234]},"up":{"uv":[12.85,4.141],"uv_size":[0,1.234]},"down":{"uv":[12.85,5.359],"uv_size":[0,-1.234]}}}],"name":"rot_31"},{"parent":"geyser_custom_z","pivot":[-8,1,8],"rotation":[0,-0,0],"cubes":[{"origin":[-0.7,0.8,0.5],"size":[0,4,4],"pivot":[-8,1,8],"uv":{"north":{"uv":[0,0.008],"uv_size":[0,0.492]},"south":{"uv":[0,0.008],"uv_size":[0,0.492]},"east":{"uv":[1.3064,1.4455],"uv_size":[0.3936,0.492]},"west":{"uv":[1.6936,1.4455],"uv_size":[-0.3936,0.492]},"up":{"uv":[0,0.008],"uv_size":[0,0.492]},"down":{"uv":[0,0.008],"uv_size":[0,0.492]}}}],"name":"rot_32"},{"parent":"geyser_custom_z","pivot":[0,-10,-1.5],"rotation":[-22.5,0,0],"cubes":[{"origin":[-0.75,-13.5,-2],"size":[1.5,2.5,2],"pivot":[0,-10,-1.5],"uv":{"north":{"uv":[1.8476,0.5575],"uv_size":[-0.1476,-0.3075]},"south":{"uv":[1.8476,0.5575],"uv_size":[-0.1476,-0.3075]},"east":{"uv":[1.6968,0.5575],"uv_size":[-0.1968,-0.3075]},"west":{"uv":[1.6968,0.5575],"uv_size":[-0.1968,-0.3075]},"up":{"uv":[1.7976,0.246],"uv_size":[-0.1476,-0.246]},"down":{"uv":[1.7976,0.246],"uv_size":[-0.1476,-0.246]}}}],"name":"rot_33"},{"parent":"geyser_custom_z","pivot":[0,25,1.5],"rotation":[-22.5,0,0],"cubes":[{"origin":[-0.75,26,0],"size":[1.5,2.5,2],"pivot":[0,25,1.5],"uv":{"north":{"uv":[1.7024,0.255],"uv_size":[0.1476,0.3075]},"south":{"uv":[1.7024,0.255],"uv_size":[0.1476,0.3075]},"east":{"uv":[1.5032,0.255],"uv_size":[0.1968,0.3075]},"west":{"uv":[1.5032,0.255],"uv_size":[0.1968,0.3075]},"up":{"uv":[1.7976,0.246],"uv_size":[-0.1476,-0.246]},"down":{"uv":[1.7976,0.246],"uv_size":[-0.1476,-0.246]}}}],"name":"rot_34"},{"parent":"geyser_custom_z","pivot":[0,-12.5,-0.7],"rotation":[0,-45,0],"cubes":[{"origin":[-1.1,-12.5,-1.8],"size":[2.1,2,2.1],"pivot":[0,-12.5,-0.7],"uv":{"north":{"uv":[1.2468,0.3165],"uv_size":[-0.1968,0.246]},"south":{"uv":[1.2468,0.3165],"uv_size":[-0.1968,0.246]},"east":{"uv":[1.0532,0.3165],"uv_size":[0.1968,0.246]},"west":{"uv":[1.6468,0.004],"uv_size":[-0.1968,0.246]},"up":{"uv":[1.2468,0.5665],"uv_size":[-0.1968,0.246]},"down":{"uv":[1.2468,0.5665],"uv_size":[-0.1968,0.246]}}}],"name":"rot_35"},{"parent":"geyser_custom_z","pivot":[0,-7,0],"rotation":[0,-45,0],"cubes":[{"origin":[-1.1,-12,-1.1],"size":[2.2,10,0],"pivot":[0,-7,0],"uv":{"north":{"uv":[12.7968,3.4535],"uv_size":[-0.1968,1.234]},"south":{"uv":[12.6032,3.4535],"uv_size":[0.1968,1.234]},"east":{"uv":[0.6468,1.4535],"uv_size":[-0.1968,1.234]},"west":{"uv":[0.6468,1.4535],"uv_size":[-0.1968,1.234]},"up":{"uv":[0.6468,1.4415],"uv_size":[-0.1968,0.246]},"down":{"uv":[0.6468,1.4415],"uv_size":[-0.1968,0.246]}}},{"origin":[-1.1,-12,1.1],"size":[2.2,10,0],"pivot":[0,-7,0],"uv":{"north":{"uv":[12.6032,3.4535],"uv_size":[0.1968,1.234]},"south":{"uv":[12.7968,3.4535],"uv_size":[-0.1968,1.234]},"east":{"uv":[0.6468,1.4535],"uv_size":[-0.1968,1.234]},"west":{"uv":[0.6468,1.4535],"uv_size":[-0.1968,1.234]},"up":{"uv":[0.4532,1.6835],"uv_size":[0.1968,-0.246]},"down":{"uv":[0.4532,1.6835],"uv_size":[0.1968,-0.246]}}}],"name":"rot_36"},{"parent":"geyser_custom_z","pivot":[0,-0.5,-5.4],"rotation":[0,-45,0],"cubes":[{"origin":[0.9,-2,-5.5],"size":[3.2,2.7,0],"pivot":[0,-0.5,-5.4],"uv":{"north":{"uv":[15.2048,4.006],"uv_size":[0.2952,0.369]},"south":{"uv":[15.2048,4.006],"uv_size":[0.2952,0.369]},"east":{"uv":[15.2,4.006],"uv_size":[0,0.369]},"west":{"uv":[15.2,4.006],"uv_size":[0,0.369]},"up":{"uv":[15.2,4.369],"uv_size":[0,-0.369]},"down":{"uv":[15.2,4.006],"uv_size":[0,0.369]}}},{"origin":[0,-7,-5.4],"size":[6,12,0],"pivot":[0,-0.5,-5.4],"uv":{"north":{"uv":[11.5904,0.016],"uv_size":[-0.5904,1.859]},"south":{"uv":[11.0096,0.016],"uv_size":[0.5904,1.859]},"east":{"uv":[0,0.016],"uv_size":[0,119.984]},"west":{"uv":[0,0.016],"uv_size":[0,119.984]},"up":{"uv":[0,47.984],"uv_size":[0,-47.984]},"down":{"uv":[0,47.984],"uv_size":[0,-47.984]}}}],"name":"rot_37"},{"parent":"geyser_custom_z","pivot":[0,3,-1.95],"rotation":[0,-45,0],"cubes":[{"origin":[-1.35,-1.5,-3.3],"size":[2.6,2.5,2.6],"pivot":[0,3,-1.95],"uv":{"north":{"uv":[1.046,0.63],"uv_size":[-0.246,0.3075]},"south":{"uv":[1.046,0.63],"uv_size":[-0.246,0.3075]},"east":{"uv":[0.804,0.63],"uv_size":[0.246,0.3075]},"west":{"uv":[0.996,0.3175],"uv_size":[-0.246,0.3075]},"up":{"uv":[1.446,0.005],"uv_size":[-0.246,0.3075]},"down":{"uv":[1.496,0.3175],"uv_size":[-0.246,0.3075]}}}],"name":"rot_38"},{"parent":"geyser_custom_z","pivot":[0,6.5,0],"rotation":[0,-45,0],"cubes":[{"origin":[-1.1,1.5,1.1],"size":[2.2,23.5,0],"pivot":[0,6.5,0],"uv":{"north":{"uv":[0.2032,3.016],"uv_size":[0.1968,2.9215]},"south":{"uv":[0.3968,3.016],"uv_size":[-0.1968,2.9215]},"east":{"uv":[0.6468,1.4535],"uv_size":[-0.1968,1.234]},"west":{"uv":[0.6468,1.4535],"uv_size":[-0.1968,1.234]},"up":{"uv":[0.4532,1.6835],"uv_size":[0.1968,-0.246]},"down":{"uv":[0.4532,1.6835],"uv_size":[0.1968,-0.246]}}},{"origin":[-1.1,1.5,-1.1],"size":[2.2,23.5,0],"pivot":[0,6.5,0],"uv":{"north":{"uv":[0.3968,3.016],"uv_size":[-0.1968,2.9215]},"south":{"uv":[0.2032,3.016],"uv_size":[0.1968,2.9215]},"east":{"uv":[0.6468,1.4535],"uv_size":[-0.1968,1.234]},"west":{"uv":[0.6468,1.4535],"uv_size":[-0.1968,1.234]},"up":{"uv":[0.6468,1.4415],"uv_size":[-0.1968,0.246]},"down":{"uv":[0.6468,1.4415],"uv_size":[-0.1968,0.246]}}}],"name":"rot_39"},{"parent":"geyser_custom_z","pivot":[0,27.5,-0.7],"rotation":[0,-45,0],"cubes":[{"origin":[-1.1,25.5,-1.8],"size":[2.1,2,2.1],"pivot":[0,27.5,-0.7],"uv":{"north":{"uv":[1.2468,0.5585],"uv_size":[-0.1968,-0.246]},"south":{"uv":[1.2468,0.5585],"uv_size":[-0.1968,-0.246]},"east":{"uv":[1.0532,0.5585],"uv_size":[0.1968,-0.246]},"west":{"uv":[1.6468,0.246],"uv_size":[-0.1968,-0.246]},"up":{"uv":[1.2468,0.8085],"uv_size":[-0.1968,-0.246]},"down":{"uv":[1.2468,0.8085],"uv_size":[-0.1968,-0.246]}}}],"name":"rot_40"},{"parent":"geyser_custom_z","pivot":[0,28,-1.95],"rotation":[0,-45,0],"cubes":[{"origin":[-1.35,23.5,-3.3],"size":[2.6,2.5,2.6],"pivot":[0,28,-1.95],"uv":{"north":{"uv":[1.046,0.63],"uv_size":[-0.246,0.3075]},"south":{"uv":[1.046,0.63],"uv_size":[-0.246,0.3075]},"east":{"uv":[0.804,0.63],"uv_size":[0.246,0.3075]},"west":{"uv":[0.996,0.3175],"uv_size":[-0.246,0.3075]},"up":{"uv":[1.446,0.005],"uv_size":[-0.246,0.3075]},"down":{"uv":[1.496,0.3175],"uv_size":[-0.246,0.3075]}}}],"name":"rot_41"}]}]}
