{"format_version":"1.16.0","minecraft:geometry":[{"description":{"identifier":"geometry.geyser_custom.geo_0db76be","texture_width":16,"texture_height":16,"visible_bounds_width":4,"visible_bounds_height":4.5,"visible_bounds_offset":[0,0.75,0]},"bones":[{"name":"geyser_custom","binding":"c.item_slot == 'head' ? 'head' : q.item_slot_to_bone_name(c.item_slot)","pivot":[0,8,0]},{"name":"geyser_custom_x","parent":"geyser_custom","pivot":[0,8,0]},{"name":"geyser_custom_y","parent":"geyser_custom_x","pivot":[0,8,0]},{"name":"geyser_custom_z","parent":"geyser_custom_y","pivot":[0,8,0],"cubes":[]},{"parent":"geyser_custom_z","pivot":[1.0678,3.3,-2.73],"rotation":[45,0,0],"cubes":[{"origin":[-3,10.2135,8.0443],"size":[6,2,2],"pivot":[1.0678,3.3,-2.73],"uv":{"north":{"uv":[1.2596,1.129],"uv_size":[0.5904,0.246]},"south":{"uv":[1.2596,1.129],"uv_size":[0.5904,0.246]},"east":{"uv":[1.0532,1.3165],"uv_size":[0.1968,0.246]},"west":{"uv":[1.2468,1.3165],"uv_size":[-0.1968,0.246]},"up":{"uv":[1.8404,1.371],"uv_size":[-0.5904,-0.246]},"down":{"uv":[1.8404,1.371],"uv_size":[-0.5904,-0.246]}}},{"origin":[-2.25,9.9356,7.7664],"size":[4.5,3,3],"pivot":[1.0678,3.3,-2.73],"uv":{"north":{"uv":[0.9452,2.9285],"uv_size":[-0.2952,-0.5535]},"south":{"uv":[0.9452,2.9285],"uv_size":[-0.2952,-0.5535]},"east":{"uv":[0.6548,2.006],"uv_size":[0.2952,0.369]},"west":{"uv":[0.6548,2.369],"uv_size":[0.2952,-0.369]},"up":{"uv":[0.9452,2.384],"uv_size":[-0.2952,0.5535]},"down":{"uv":[0.9452,2.384],"uv_size":[-0.2952,0.5535]}}}],"name":"rot_1"},{"parent":"geyser_custom_z","pivot":[1.0678,3.3,-2.73],"rotation":[0,45,0],"cubes":[{"origin":[-1.4888,14.5,-4.2835],"size":[2.6,2.5,2.6],"pivot":[1.0678,3.3,-2.73],"uv":{"north":{"uv":[0.804,0.63],"uv_size":[0.246,0.3075]},"south":{"uv":[0.804,0.63],"uv_size":[0.246,0.3075]},"east":{"uv":[0.754,0.3175],"uv_size":[0.246,0.3075]},"west":{"uv":[1.046,0.63],"uv_size":[-0.246,0.3075]},"up":{"uv":[1.204,0.005],"uv_size":[0.246,0.3075]},"down":{"uv":[1.254,0.3175],"uv_size":[0.246,0.3075]}}},{"origin":[-2.1227,-12.5,-3.1497],"size":[2.1,2,2.1],"pivot":[1.0678,3.3,-2.73],"uv":{"north":{"uv":[1.0532,0.3165],"uv_size":[0.1968,0.246]},"south":{"uv":[1.0532,0.3165],"uv_size":[0.1968,0.246]},"east":{"uv":[1.4532,0.004],"uv_size":[0.1968,0.246]},"west":{"uv":[1.2468,0.3165],"uv_size":[-0.1968,0.246]},"up":{"uv":[1.0532,0.5665],"uv_size":[0.1968,0.246]},"down":{"uv":[1.0532,0.5665],"uv_size":[0.1968,0.246]}}},{"origin":[-2.7177,-10.5,-2.6547],"size":[2.2,23.5,0],"pivot":[1.0678,3.3,-2.73],"uv":{"north":{"uv":[0.2032,3.016],"uv_size":[0.1968,2.9215]},"south":{"uv":[0.3968,3.016],"uv_size":[-0.1968,2.9215]},"east":{"uv":[0.4532,1.4535],"uv_size":[0.1968,1.234]},"west":{"uv":[0.4532,1.4535],"uv_size":[0.1968,1.234]},"up":{"uv":[0.4532,1.4415],"uv_size":[0.1968,0.246]},"down":{"uv":[0.4532,1.4415],"uv_size":[0.1968,0.246]}}},{"origin":[-2.7177,-10.5,-0.4547],"size":[2.2,23.5,0],"pivot":[1.0678,3.3,-2.73],"uv":{"north":{"uv":[0.3968,3.016],"uv_size":[-0.1968,2.9215]},"south":{"uv":[0.2032,3.016],"uv_size":[0.1968,2.9215]},"east":{"uv":[0.4532,1.4535],"uv_size":[0.1968,1.234]},"west":{"uv":[0.4532,1.4535],"uv_size":[0.1968,1.234]},"up":{"uv":[0.6468,1.6835],"uv_size":[-0.1968,-0.246]},"down":{"uv":[0.6468,1.6835],"uv_size":[-0.1968,-0.246]}}},{"origin":[-2.1227,15.6,-3.1497],"size":[2.1,2,2.1],"pivot":[1.0678,3.3,-2.73],"uv":{"north":{"uv":[1.0532,0.5585],"uv_size":[0.1968,-0.246]},"south":{"uv":[1.0532,0.5585],"uv_size":[0.1968,-0.246]},"east":{"uv":[1.4532,0.246],"uv_size":[0.1968,-0.246]},"west":{"uv":[1.2468,0.5585],"uv_size":[-0.1968,-0.246]},"up":{"uv":[1.0532,0.8085],"uv_size":[0.1968,-0.246]},"down":{"uv":[1.0532,0.8085],"uv_size":[0.1968,-0.246]}}}],"name":"rot_2"},{"parent":"geyser_custom_z","pivot":[1.0678,3.3,-2.73],"rotation":[22.5,0,0],"cubes":[{"origin":[-0.75,-14.1064,-5.4117],"size":[1.5,2.5,2],"pivot":[1.0678,3.3,-2.73],"uv":{"north":{"uv":[1.8476,0.5575],"uv_size":[-0.1476,-0.3075]},"south":{"uv":[1.8476,0.5575],"uv_size":[-0.1476,-0.3075]},"east":{"uv":[1.6968,0.5575],"uv_size":[-0.1968,-0.3075]},"west":{"uv":[1.6968,0.5575],"uv_size":[-0.1968,-0.3075]},"up":{"uv":[1.6524,0.004],"uv_size":[0.1476,0.246]},"down":{"uv":[1.6524,0.004],"uv_size":[0.1476,0.246]}}},{"origin":[-0.75,9.9145,4.5381],"size":[1.5,2.5,2],"pivot":[1.0678,3.3,-2.73],"uv":{"north":{"uv":[1.8476,0.5575],"uv_size":[-0.1476,-0.3075]},"south":{"uv":[1.8476,0.5575],"uv_size":[-0.1476,-0.3075]},"east":{"uv":[1.6968,0.5575],"uv_size":[-0.1968,-0.3075]},"west":{"uv":[1.6968,0.5575],"uv_size":[-0.1968,-0.3075]},"up":{"uv":[1.6524,0.004],"uv_size":[0.1476,0.246]},"down":{"uv":[1.6524,0.004],"uv_size":[0.1476,0.246]}}},{"origin":[-0.25,18.3649,-8.6488],"size":[0.5,1.8,4],"pivot":[1.0678,3.3,-2.73],"uv":{"north":{"uv":[6.0992,5.9411],"uv_size":[-0.0492,0.2214]},"south":{"uv":[6.0992,5.9411],"uv_size":[-0.0492,0.2214]},"east":{"uv":[5.6564,5.9411],"uv_size":[0.3936,0.2214]},"west":{"uv":[6.0436,5.9411],"uv_size":[-0.3936,0.2214]},"up":{"uv":[6.3508,6.0545],"uv_size":[0.0492,-0.492]},"down":{"uv":[6.5008,6.0545],"uv_size":[0.0492,-0.492]}}},{"origin":[-0.25,10.1428,-4.4778],"size":[0.5,1.8,4],"pivot":[1.0678,3.3,-2.73],"uv":{"north":{"uv":[6.0992,5.9411],"uv_size":[-0.0492,0.2214]},"south":{"uv":[6.0992,5.9411],"uv_size":[-0.0492,0.2214]},"east":{"uv":[5.6564,5.9411],"uv_size":[0.3936,0.2214]},"west":{"uv":[6.0436,5.9411],"uv_size":[-0.3936,0.2214]},"up":{"uv":[6.3508,6.0545],"uv_size":[0.0492,-0.492]},"down":{"uv":[6.5008,6.0545],"uv_size":[0.0492,-0.492]}}}],"name":"rot_3"},{"parent":"geyser_custom_z","pivot":[1.0678,3.3,-2.73],"rotation":[0,22.5,0],"cubes":[{"origin":[2.8321,13,-3.1857],"size":[0,2.7,3.2],"pivot":[1.0678,3.3,-2.73],"uv":{"north":{"uv":[15.2,4.006],"uv_size":[0,0.369]},"south":{"uv":[15.2,4.006],"uv_size":[0,0.369]},"east":{"uv":[15.2048,4.006],"uv_size":[0.2952,0.369]},"west":{"uv":[15.4952,4.006],"uv_size":[-0.2952,0.369]},"up":{"uv":[15.2,4.006],"uv_size":[0,0.369]},"down":{"uv":[15.2,4.369],"uv_size":[0,-0.369]}}},{"origin":[2.7321,8,-5.0857],"size":[0,12,6],"pivot":[1.0678,3.3,-2.73],"uv":{"north":{"uv":[0,0.016],"uv_size":[0,119.984]},"south":{"uv":[0,0.016],"uv_size":[0,119.984]},"east":{"uv":[11.6096,0.016],"uv_size":[0.5904,1.859]},"west":{"uv":[12.1904,0.016],"uv_size":[-0.5904,1.859]},"up":{"uv":[0,47.984],"uv_size":[0,-47.984]},"down":{"uv":[0,47.984],"uv_size":[0,-47.984]}}}],"name":"rot_4"},{"parent":"geyser_custom_z","pivot":[-1.0678,3.3,-2.73],"rotation":[0,22.5,0],"cubes":[{"origin":[-4.8215,8,-1.3299],"size":[0,12,6],"pivot":[-1.0678,3.3,-2.73],"uv":{"north":{"uv":[0,0.016],"uv_size":[0,119.984]},"south":{"uv":[0,0.016],"uv_size":[0,119.984]},"east":{"uv":[11.0096,0.016],"uv_size":[0.5904,1.859]},"west":{"uv":[11.5904,0.016],"uv_size":[-0.5904,1.859]},"up":{"uv":[0,47.984],"uv_size":[0,-47.984]},"down":{"uv":[0,47.984],"uv_size":[0,-47.984]}}},{"origin":[-4.9215,13,-0.4299],"size":[0,2.7,3.2],"pivot":[-1.0678,3.3,-2.73],"uv":{"north":{"uv":[15.2,4.006],"uv_size":[0,0.369]},"south":{"uv":[15.2,4.006],"uv_size":[0,0.369]},"east":{"uv":[15.4952,4.006],"uv_size":[-0.2952,0.369]},"west":{"uv":[15.4952,4.006],"uv_size":[-0.2952,0.369]},"up":{"uv":[15.2,4.369],"uv_size":[0,-0.369]},"down":{"uv":[15.2,4.006],"uv_size":[0,0.369]}}}],"name":"rot_5"},{"parent":"geyser_custom_z","pivot":[1.0678,3.3,-2.73],"rotation":[0,-0,0],"cubes":[{"origin":[-1.85,14.45,-2],"size":[3.7,2.6,4],"pivot":[1.0678,3.3,-2.73],"uv":{"north":{"uv":[1.2141,0.0052],"uv_size":[-0.3641,0.3198]},"south":{"uv":[1.2141,0.0052],"uv_size":[-0.3641,0.3198]},"east":{"uv":[0.8436,0.005],"uv_size":[-0.3936,0.3075]},"west":{"uv":[0.4564,0.005],"uv_size":[0.3936,0.3075]},"up":{"uv":[0.4556,0.8045],"uv_size":[0.3444,-0.492]},"down":{"uv":[1.2559,1.117],"uv_size":[0.3641,-0.492]}}},{"origin":[-1.5,-12.55,-0.75],"size":[3,2.1,1.5],"pivot":[1.0678,3.3,-2.73],"uv":{"north":{"uv":[1.0452,1.129],"uv_size":[-0.2952,0.246]},"south":{"uv":[1.0452,1.129],"uv_size":[-0.2952,0.246]},"east":{"uv":[0.7476,1.129],"uv_size":[-0.1476,0.246]},"west":{"uv":[0.6024,1.129],"uv_size":[0.1476,0.246]},"up":{"uv":[0.7048,1.122],"uv_size":[0.2952,-0.1845]},"down":{"uv":[0.7048,1.122],"uv_size":[0.2952,-0.1845]}}},{"origin":[0,16,-5],"size":[0,7,5],"pivot":[1.0678,3.3,-2.73],"uv":{"north":{"uv":[0,0.014],"uv_size":[0,0.861]},"south":{"uv":[0,0.014],"uv_size":[0,0.861]},"east":{"uv":[1.792,1.9515],"uv_size":[-0.492,0.861]},"west":{"uv":[1.308,1.9515],"uv_size":[0.492,0.861]},"up":{"uv":[0,0.615],"uv_size":[0,-0.615]},"down":{"uv":[0,0.615],"uv_size":[0,-0.615]}}},{"origin":[0,16,0],"size":[0,7,5],"pivot":[1.0678,3.3,-2.73],"uv":{"north":{"uv":[0,0.014],"uv_size":[0,0.861]},"south":{"uv":[0,0.014],"uv_size":[0,0.861]},"east":{"uv":[1.308,1.9515],"uv_size":[0.492,0.861]},"west":{"uv":[1.792,1.9515],"uv_size":[-0.492,0.861]},"up":{"uv":[0,0.01],"uv_size":[0,0.615]},"down":{"uv":[0,0.01],"uv_size":[0,0.615]}}},{"origin":[-0.1,16,0.8],"size":[0,4,4],"pivot":[1.0678,3.3,-2.73],"uv":{"north":{"uv":[0,0.008],"uv_size":[0,0.492]},"south":{"uv":[0,0.008],"uv_size":[0,0.492]},"east":{"uv":[1.3064,1.4455],"uv_size":[0.3936,0.492]},"west":{"uv":[1.6936,1.4455],"uv_size":[-0.3936,0.492]},"up":{"uv":[0,0.008],"uv_size":[0,0.492]},"down":{"uv":[0,0.008],"uv_size":[0,0.492]}}},{"origin":[0.1,16,0.8],"size":[0,4,4],"pivot":[1.0678,3.3,-2.73],"uv":{"north":{"uv":[0,0.008],"uv_size":[0,0.492]},"south":{"uv":[0,0.008],"uv_size":[0,0.492]},"east":{"uv":[1.3064,1.4455],"uv_size":[0.3936,0.492]},"west":{"uv":[1.6936,1.4455],"uv_size":[-0.3936,0.492]},"up":{"uv":[0,0.008],"uv_size":[0,0.492]},"down":{"uv":[0,0.008],"uv_size":[0,0.492]}}},{"origin":[-0.1,16,-4.8],"size":[0,4,4],"pivot":[1.0678,3.3,-2.73],"uv":{"north":{"uv":[0,0.008],"uv_size":[0,0.492]},"south":{"uv":[0,0.008],"uv_size":[0,0.492]},"east":{"uv":[1.6936,1.4455],"uv_size":[-0.3936,0.492]},"west":{"uv":[1.3064,1.4455],"uv_size":[0.3936,0.492]},"up":{"uv":[0,0.492],"uv_size":[0,-0.492]},"down":{"uv":[0,0.492],"uv_size":[0,-0.492]}}},{"origin":[-0.1,17,-9.8],"size":[0,4,4],"pivot":[1.0678,3.3,-2.73],"uv":{"north":{"uv":[0,0.008],"uv_size":[0,0.492]},"south":{"uv":[0,0.008],"uv_size":[0,0.492]},"east":{"uv":[1.3064,1.4455],"uv_size":[0.3936,0.492]},"west":{"uv":[1.6936,1.4455],"uv_size":[-0.3936,0.492]},"up":{"uv":[0,0.008],"uv_size":[0,0.492]},"down":{"uv":[0,0.008],"uv_size":[0,0.492]}}},{"origin":[-0.1,17,-13.8],"size":[0,4,4],"pivot":[1.0678,3.3,-2.73],"uv":{"north":{"uv":[0,0.008],"uv_size":[0,0.492]},"south":{"uv":[0,0.008],"uv_size":[0,0.492]},"east":{"uv":[1.6936,1.4455],"uv_size":[-0.3936,0.492]},"west":{"uv":[1.3064,1.4455],"uv_size":[0.3936,0.492]},"up":{"uv":[0,0.492],"uv_size":[0,-0.492]},"down":{"uv":[0,0.492],"uv_size":[0,-0.492]}}},{"origin":[0.1,16,0.8],"size":[0,4,4],"pivot":[1.0678,3.3,-2.73],"uv":{"north":{"uv":[0,0.008],"uv_size":[0,0.492]},"south":{"uv":[0,0.008],"uv_size":[0,0.492]},"east":{"uv":[1.3064,1.4455],"uv_size":[0.3936,0.492]},"west":{"uv":[1.6936,1.4455],"uv_size":[-0.3936,0.492]},"up":{"uv":[0,0.008],"uv_size":[0,0.492]},"down":{"uv":[0,0.008],"uv_size":[0,0.492]}}},{"origin":[0.1,16,-4.8],"size":[0,4,4],"pivot":[1.0678,3.3,-2.73],"uv":{"north":{"uv":[0,0.008],"uv_size":[0,0.492]},"south":{"uv":[0,0.008],"uv_size":[0,0.492]},"east":{"uv":[1.6936,1.4455],"uv_size":[-0.3936,0.492]},"west":{"uv":[1.3064,1.4455],"uv_size":[0.3936,0.492]},"up":{"uv":[0,0.492],"uv_size":[0,-0.492]},"down":{"uv":[0,0.492],"uv_size":[0,-0.492]}}},{"origin":[0.1,16,-4.8],"size":[0,4,4],"pivot":[1.0678,3.3,-2.73],"uv":{"north":{"uv":[0,0.008],"uv_size":[0,0.492]},"south":{"uv":[0,0.008],"uv_size":[0,0.492]},"east":{"uv":[1.6936,1.4455],"uv_size":[-0.3936,0.492]},"west":{"uv":[1.3064,1.4455],"uv_size":[0.3936,0.492]},"up":{"uv":[0,0.492],"uv_size":[0,-0.492]},"down":{"uv":[0,0.492],"uv_size":[0,-0.492]}}},{"origin":[0,2.5,1.7],"size":[0,4,4],"pivot":[1.0678,3.3,-2.73],"uv":{"north":{"uv":[0,0.492],"uv_size":[0,-0.492]},"south":{"uv":[0,0.492],"uv_size":[0,-0.492]},"east":{"uv":[1.6936,1.9295],"uv_size":[-0.3936,-0.492]},"west":{"uv":[1.3064,1.9295],"uv_size":[0.3936,-0.492]},"up":{"uv":[0,0.492],"uv_size":[0,-0.492]},"down":{"uv":[0,0.492],"uv_size":[0,-0.492]}}},{"origin":[0,6.5,1.7],"size":[0,4,4],"pivot":[1.0678,3.3,-2.73],"uv":{"north":{"uv":[0,0.008],"uv_size":[0,0.492]},"south":{"uv":[0,0.008],"uv_size":[0,0.492]},"east":{"uv":[1.3064,1.9295],"uv_size":[0.3936,-0.492]},"west":{"uv":[1.6936,1.9295],"uv_size":[-0.3936,-0.492]},"up":{"uv":[0,0.492],"uv_size":[0,-0.492]},"down":{"uv":[0,0.492],"uv_size":[0,-0.492]}}},{"origin":[-0.6,7.5,-4.5],"size":[1,1,1],"pivot":[1.0678,3.3,-2.73],"uv":{"north":{"uv":[1.6516,1.002],"uv_size":[0.0984,0.123]},"south":{"uv":[1.6516,1.002],"uv_size":[0.0984,0.123]},"east":{"uv":[1.7484,1.002],"uv_size":[-0.0984,0.123]},"west":{"uv":[1.7484,1.002],"uv_size":[-0.0984,0.123]},"up":{"uv":[1.6516,0.998],"uv_size":[0.0984,-0.123]},"down":{"uv":[1.6516,0.998],"uv_size":[0.0984,-0.123]}}},{"origin":[-0.1,4,-5.25],"size":[0,6,2],"pivot":[1.0678,3.3,-2.73],"uv":{"north":{"uv":[0.85,1.1995],"uv_size":[0,0.738]},"south":{"uv":[0.85,1.1995],"uv_size":[0,0.738]},"east":{"uv":[1.2468,1.5745],"uv_size":[-0.1968,0.738]},"west":{"uv":[1.0532,1.5745],"uv_size":[0.1968,0.738]},"up":{"uv":[0.85,1.4335],"uv_size":[0,-0.246]},"down":{"uv":[0.85,1.4335],"uv_size":[0,-0.246]}}},{"origin":[-0.6,6.1,-4.5],"size":[1,0.5,1],"pivot":[1.0678,3.3,-2.73],"uv":{"north":{"uv":[1.6516,0.6885],"uv_size":[0.0984,0.0615]},"south":{"uv":[1.6516,0.6885],"uv_size":[0.0984,0.0615]},"east":{"uv":[1.7484,0.6885],"uv_size":[-0.0984,0.0615]},"west":{"uv":[1.7484,0.6885],"uv_size":[-0.0984,0.0615]},"up":{"uv":[1.6516,0.873],"uv_size":[0.0984,-0.123]},"down":{"uv":[1.6516,0.873],"uv_size":[0.0984,-0.123]}}},{"origin":[-0.5,15.7698,-11.8267],"size":[1,3,6],"pivot":[1.0678,3.3,-2.73],"uv":{"north":{"uv":[6.3484,5.5685],"uv_size":[-0.0984,0.369]},"south":{"uv":[6.3484,5.5685],"uv_size":[-0.0984,0.369]},"east":{"uv":[6.2404,5.5685],"uv_size":[-0.5904,0.369]},"west":{"uv":[5.6596,5.5685],"uv_size":[0.5904,0.369]},"up":{"uv":[5.5516,6.3005],"uv_size":[0.0984,-0.738]},"down":{"uv":[6.4016,6.3005],"uv_size":[0.0984,-0.738]}}},{"origin":[0,5.7698,-19.8267],"size":[0,13,19],"pivot":[1.0678,3.3,-2.73],"uv":{"north":{"uv":[3.9984,0.5685],"uv_size":[-0.0984,0.369]},"south":{"uv":[3.9984,0.5685],"uv_size":[-0.0984,0.369]},"east":{"uv":[12.784,4.7035],"uv_size":[-1.884,1.609]},"west":{"uv":[10.916,4.7035],"uv_size":[1.884,1.609]},"up":{"uv":[3.4016,1.6755],"uv_size":[0.0984,-0.738]},"down":{"uv":[3.5516,1.6755],"uv_size":[0.0984,-0.738]}}},{"origin":[0,-0.2302,-12.8267],"size":[0,13,13],"pivot":[1.0678,3.3,-2.73],"uv":{"north":{"uv":[3.9,0.5785],"uv_size":[0,1.609]},"south":{"uv":[3.9,0.5785],"uv_size":[0,1.609]},"east":{"uv":[12.784,4.7035],"uv_size":[-1.284,1.609]},"west":{"uv":[11.516,4.7035],"uv_size":[1.284,1.609]},"up":{"uv":[3.4,2.5465],"uv_size":[0,-1.609]},"down":{"uv":[3.55,2.5465],"uv_size":[0,-1.609]}}},{"origin":[-0.5,9.7698,-4.8267],"size":[1,3,6],"pivot":[1.0678,3.3,-2.73],"uv":{"north":{"uv":[6.3484,5.5685],"uv_size":[-0.0984,0.369]},"south":{"uv":[6.3484,5.5685],"uv_size":[-0.0984,0.369]},"east":{"uv":[6.2404,5.5685],"uv_size":[-0.5904,0.369]},"west":{"uv":[5.6596,5.5685],"uv_size":[0.5904,0.369]},"up":{"uv":[5.5516,6.3005],"uv_size":[0.0984,-0.738]},"down":{"uv":[6.4016,6.3005],"uv_size":[0.0984,-0.738]}}},{"origin":[-1,4,-13],"size":[0,10,10],"pivot":[1.0678,3.3,-2.73],"uv":{"north":{"uv":[12.8,4.016],"uv_size":[0,1.484]},"south":{"uv":[12.8,4.016],"uv_size":[0,1.484]},"east":{"uv":[13.834,4.141],"uv_size":[-0.984,1.234]},"west":{"uv":[13.834,4.141],"uv_size":[-0.984,1.234]},"up":{"uv":[12.8,4.016],"uv_size":[0,1.484]},"down":{"uv":[12.8,5.484],"uv_size":[0,-1.484]}}},{"origin":[-1,4,1],"size":[0,8,8],"pivot":[1.0678,3.3,-2.73],"uv":{"north":{"uv":[14.4,4.016],"uv_size":[0,0.984]},"south":{"uv":[14.4,4.016],"uv_size":[0,0.984]},"east":{"uv":[15.1872,4.016],"uv_size":[-0.7872,0.984]},"west":{"uv":[15.1872,4.016],"uv_size":[-0.7872,0.984]},"up":{"uv":[14.4,4.016],"uv_size":[0,0.984]},"down":{"uv":[14.4,4.984],"uv_size":[0,-0.984]}}},{"origin":[1,15,2],"size":[0,10,10],"pivot":[1.0678,3.3,-2.73],"uv":{"north":{"uv":[12.85,4.141],"uv_size":[0,1.234]},"south":{"uv":[12.85,4.141],"uv_size":[0,1.234]},"east":{"uv":[12.866,4.141],"uv_size":[0.984,1.234]},"west":{"uv":[12.866,4.141],"uv_size":[0.984,1.234]},"up":{"uv":[12.85,4.141],"uv_size":[0,1.234]},"down":{"uv":[12.85,5.359],"uv_size":[0,-1.234]}}}],"name":"rot_6"},{"parent":"geyser_custom_z","pivot":[1.0678,3.3,-2.73],"rotation":[-22.5,0,0],"cubes":[{"origin":[-0.75,-12.0169,2.9961],"size":[1.5,2.5,2],"pivot":[1.0678,3.3,-2.73],"uv":{"north":{"uv":[1.7024,0.5575],"uv_size":[0.1476,-0.3075]},"south":{"uv":[1.7024,0.5575],"uv_size":[0.1476,-0.3075]},"east":{"uv":[1.5032,0.5575],"uv_size":[0.1968,-0.3075]},"west":{"uv":[1.5032,0.5575],"uv_size":[0.1968,-0.3075]},"up":{"uv":[1.6524,0.246],"uv_size":[0.1476,-0.246]},"down":{"uv":[1.6524,0.246],"uv_size":[0.1476,-0.246]}}},{"origin":[-0.75,12.004,-6.9537],"size":[1.5,2.5,2],"pivot":[1.0678,3.3,-2.73],"uv":{"north":{"uv":[1.7024,0.5575],"uv_size":[0.1476,-0.3075]},"south":{"uv":[1.7024,0.5575],"uv_size":[0.1476,-0.3075]},"east":{"uv":[1.5032,0.5575],"uv_size":[0.1968,-0.3075]},"west":{"uv":[1.5032,0.5575],"uv_size":[0.1968,-0.3075]},"up":{"uv":[1.6524,0.246],"uv_size":[0.1476,-0.246]},"down":{"uv":[1.6524,0.246],"uv_size":[0.1476,-0.246]}}},{"origin":[-1,13.1502,-11.5885],"size":[2,3.5,7],"pivot":[1.0678,3.3,-2.73],"uv":{"north":{"uv":[6.7968,4.882],"uv_size":[-0.1968,0.4305]},"south":{"uv":[6.7968,4.882],"uv_size":[-0.1968,0.4305]},"east":{"uv":[6.5888,4.882],"uv_size":[-0.6888,0.4305]},"west":{"uv":[5.9112,4.882],"uv_size":[0.6888,0.4305]},"up":{"uv":[5.3532,6.4235],"uv_size":[0.1968,-0.861]},"down":{"uv":[4.7532,6.486],"uv_size":[0.1968,-0.861]}}}],"name":"rot_7"},{"parent":"geyser_custom_z","pivot":[1.0678,3.3,-2.73],"rotation":[0,-22.5,0],"cubes":[{"origin":[4.9215,13,-0.4299],"size":[0,2.7,3.2],"pivot":[1.0678,3.3,-2.73],"uv":{"north":{"uv":[15.2,4.006],"uv_size":[0,0.369]},"south":{"uv":[15.2,4.006],"uv_size":[0,0.369]},"east":{"uv":[15.2048,4.006],"uv_size":[0.2952,0.369]},"west":{"uv":[15.2048,4.006],"uv_size":[0.2952,0.369]},"up":{"uv":[15.2,4.369],"uv_size":[0,-0.369]},"down":{"uv":[15.2,4.006],"uv_size":[0,0.369]}}},{"origin":[4.8215,8,-1.3299],"size":[0,12,6],"pivot":[1.0678,3.3,-2.73],"uv":{"north":{"uv":[0,0.016],"uv_size":[0,119.984]},"south":{"uv":[0,0.016],"uv_size":[0,119.984]},"east":{"uv":[11.0096,0.016],"uv_size":[0.5904,1.859]},"west":{"uv":[11.5904,0.016],"uv_size":[-0.5904,1.859]},"up":{"uv":[0,47.984],"uv_size":[0,-47.984]},"down":{"uv":[0,47.984],"uv_size":[0,-47.984]}}}],"name":"rot_8"},{"parent":"geyser_custom_z","pivot":[-1.0678,3.3,-2.73],"rotation":[0,-22.5,0],"cubes":[{"origin":[-2.8321,13,-3.1857],"size":[0,2.7,3.2],"pivot":[-1.0678,3.3,-2.73],"uv":{"north":{"uv":[15.2,4.006],"uv_size":[0,0.369]},"south":{"uv":[15.2,4.006],"uv_size":[0,0.369]},"east":{"uv":[15.2048,4.006],"uv_size":[0.2952,0.369]},"west":{"uv":[15.4952,4.006],"uv_size":[-0.2952,0.369]},"up":{"uv":[15.2,4.006],"uv_size":[0,0.369]},"down":{"uv":[15.2,4.369],"uv_size":[0,-0.369]}}},{"origin":[-2.7321,8,-5.0857],"size":[0,12,6],"pivot":[-1.0678,3.3,-2.73],"uv":{"north":{"uv":[0,0.016],"uv_size":[0,119.984]},"south":{"uv":[0,0.016],"uv_size":[0,119.984]},"east":{"uv":[11.6096,0.016],"uv_size":[0.5904,1.859]},"west":{"uv":[12.1904,0.016],"uv_size":[-0.5904,1.859]},"up":{"uv":[0,47.984],"uv_size":[0,-47.984]},"down":{"uv":[0,47.984],"uv_size":[0,-47.984]}}}],"name":"rot_9"},{"parent":"geyser_custom_z","pivot":[1.0678,3.3,-2.73],"rotation":[0,-45,0],"cubes":[{"origin":[2.372,14.5,0.0843],"size":[2.6,2.5,2.6],"pivot":[1.0678,3.3,-2.73],"uv":{"north":{"uv":[1.046,0.63],"uv_size":[-0.246,0.3075]},"south":{"uv":[1.046,0.63],"uv_size":[-0.246,0.3075]},"east":{"uv":[1.046,0.3175],"uv_size":[-0.246,0.3075]},"west":{"uv":[0.804,0.63],"uv_size":[0.246,0.3075]},"up":{"uv":[1.204,0.3075],"uv_size":[0.246,-0.3075]},"down":{"uv":[1.254,0.62],"uv_size":[0.246,-0.3075]}}},{"origin":[1.7382,-12.5,-0.5496],"size":[2.1,2,2.1],"pivot":[1.0678,3.3,-2.73],"uv":{"north":{"uv":[1.2468,0.3165],"uv_size":[-0.1968,0.246]},"south":{"uv":[1.2468,0.3165],"uv_size":[-0.1968,0.246]},"east":{"uv":[1.6468,0.004],"uv_size":[-0.1968,0.246]},"west":{"uv":[1.0532,0.3165],"uv_size":[0.1968,0.246]},"up":{"uv":[1.0532,0.8085],"uv_size":[0.1968,-0.246]},"down":{"uv":[1.0532,0.8085],"uv_size":[0.1968,-0.246]}}},{"origin":[1.2432,-11,-1.0445],"size":[2,24,2],"pivot":[1.0678,3.3,-2.73],"uv":{"north":{"uv":[0.1968,3.016],"uv_size":[-0.1968,2.984]},"south":{"uv":[0.1968,3.016],"uv_size":[-0.1968,2.984]},"east":{"uv":[0.1968,3.016],"uv_size":[-0.1968,2.984]},"west":{"uv":[0.1968,3.016],"uv_size":[-0.1968,2.984]},"up":{"uv":[0.0032,3.246],"uv_size":[0.1968,-0.246]},"down":{"uv":[0.0032,3.246],"uv_size":[0.1968,-0.246]}}},{"origin":[1.1432,-10.5,-1.1445],"size":[2.2,23.5,0],"pivot":[1.0678,3.3,-2.73],"uv":{"north":{"uv":[0.3968,3.016],"uv_size":[-0.1968,2.9215]},"south":{"uv":[0.2032,3.016],"uv_size":[0.1968,2.9215]},"east":{"uv":[0.6468,1.4535],"uv_size":[-0.1968,1.234]},"west":{"uv":[0.6468,1.4535],"uv_size":[-0.1968,1.234]},"up":{"uv":[0.6468,1.4415],"uv_size":[-0.1968,0.246]},"down":{"uv":[0.6468,1.4415],"uv_size":[-0.1968,0.246]}}},{"origin":[1.1432,-10.5,1.0555],"size":[2.2,23.5,0],"pivot":[1.0678,3.3,-2.73],"uv":{"north":{"uv":[0.2032,3.016],"uv_size":[0.1968,2.9215]},"south":{"uv":[0.3968,3.016],"uv_size":[-0.1968,2.9215]},"east":{"uv":[0.6468,1.4535],"uv_size":[-0.1968,1.234]},"west":{"uv":[0.6468,1.4535],"uv_size":[-0.1968,1.234]},"up":{"uv":[0.4532,1.6835],"uv_size":[0.1968,-0.246]},"down":{"uv":[0.4532,1.6835],"uv_size":[0.1968,-0.246]}}},{"origin":[0.9932,13,-1.2945],"size":[2.5,2.5,2.5],"pivot":[1.0678,3.3,-2.73],"uv":{"north":{"uv":[0.896,1.38],"uv_size":[-0.246,0.3075]},"south":{"uv":[0.896,1.38],"uv_size":[-0.246,0.3075]},"east":{"uv":[0.896,1.38],"uv_size":[-0.246,0.3075]},"west":{"uv":[0.896,1.38],"uv_size":[-0.246,0.3075]},"up":{"uv":[0.654,1.995],"uv_size":[0.246,-0.3075]},"down":{"uv":[0.654,1.995],"uv_size":[0.246,-0.3075]}}},{"origin":[0.9932,8.5,-1.2945],"size":[2.5,2.5,2.5],"pivot":[1.0678,3.3,-2.73],"uv":{"north":{"uv":[0.896,1.38],"uv_size":[-0.246,0.3075]},"south":{"uv":[0.896,1.38],"uv_size":[-0.246,0.3075]},"east":{"uv":[0.896,1.38],"uv_size":[-0.246,0.3075]},"west":{"uv":[0.896,1.38],"uv_size":[-0.246,0.3075]},"up":{"uv":[0.654,1.995],"uv_size":[0.246,-0.3075]},"down":{"uv":[0.654,1.995],"uv_size":[0.246,-0.3075]}}},{"origin":[0.9932,2.5,-1.2945],"size":[2.5,2.5,2.5],"pivot":[1.0678,3.3,-2.73],"uv":{"north":{"uv":[0.896,1.38],"uv_size":[-0.246,0.3075]},"south":{"uv":[0.896,1.38],"uv_size":[-0.246,0.3075]},"east":{"uv":[0.896,1.38],"uv_size":[-0.246,0.3075]},"west":{"uv":[0.896,1.38],"uv_size":[-0.246,0.3075]},"up":{"uv":[0.654,1.995],"uv_size":[0.246,-0.3075]},"down":{"uv":[0.654,1.995],"uv_size":[0.246,-0.3075]}}},{"origin":[1.2432,-14.4,-1.0445],"size":[2,2,2],"pivot":[1.0678,3.3,-2.73],"uv":{"north":{"uv":[1.2468,0.8165],"uv_size":[-0.1968,0.246]},"south":{"uv":[1.2468,0.8165],"uv_size":[-0.1968,0.246]},"east":{"uv":[1.2468,0.8165],"uv_size":[-0.1968,0.246]},"west":{"uv":[1.2468,0.8165],"uv_size":[-0.1968,0.246]},"up":{"uv":[1.0532,1.3085],"uv_size":[0.1968,-0.246]},"down":{"uv":[1.0532,1.3085],"uv_size":[0.1968,-0.246]}}},{"origin":[1.7382,15.6,-0.5496],"size":[2.1,2,2.1],"pivot":[1.0678,3.3,-2.73],"uv":{"north":{"uv":[1.2468,0.5585],"uv_size":[-0.1968,-0.246]},"south":{"uv":[1.2468,0.5585],"uv_size":[-0.1968,-0.246]},"east":{"uv":[1.6468,0.246],"uv_size":[-0.1968,-0.246]},"west":{"uv":[1.0532,0.5585],"uv_size":[0.1968,-0.246]},"up":{"uv":[1.0532,0.5665],"uv_size":[0.1968,0.246]},"down":{"uv":[1.0532,0.5665],"uv_size":[0.1968,0.246]}}}],"name":"rot_10"}]}]}
