{"format_version":"1.16.0","minecraft:geometry":[{"description":{"identifier":"geometry.geyser_custom.geo_ac14a85","texture_width":16,"texture_height":16,"visible_bounds_width":4,"visible_bounds_height":4.5,"visible_bounds_offset":[0,0.75,0]},"bones":[{"name":"geyser_custom","binding":"c.item_slot == 'head' ? 'head' : q.item_slot_to_bone_name(c.item_slot)","pivot":[0,8,0]},{"name":"geyser_custom_x","parent":"geyser_custom","pivot":[0,8,0]},{"name":"geyser_custom_y","parent":"geyser_custom_x","pivot":[0,8,0]},{"name":"geyser_custom_z","parent":"geyser_custom_y","pivot":[0,8,0],"cubes":[]},{"parent":"geyser_custom_z","pivot":[0,-14.0461,0.621],"rotation":[22.5,0,0],"cubes":[{"origin":[-0.25,-14.4211,0.246],"size":[0.5,0.75,0.75],"pivot":[0,-14.0461,0.621],"uv":{"north":{"uv":[6.1516,5.3155],"uv_size":[0.0984,0.1845]},"south":{"uv":[6.1516,5.3155],"uv_size":[0.0984,0.1845]},"east":{"uv":[6.0476,5.3155],"uv_size":[-0.1476,0.1845]},"west":{"uv":[5.9024,5.3155],"uv_size":[0.1476,0.1845]},"up":{"uv":[6.1484,5.497],"uv_size":[-0.0984,-0.1845]},"down":{"uv":[6.1484,5.497],"uv_size":[-0.0984,-0.1845]}}}],"name":"rot_1"},{"parent":"geyser_custom_z","pivot":[12,-14.7211,-4.454],"rotation":[0,-0,0],"cubes":[{"origin":[0,-10.9711,-2.454],"size":[2.5,2.25,0],"pivot":[12,-14.7211,-4.454],"uv":{"north":{"uv":[1.792,1.9465],"uv_size":[-0.492,0.5535]},"south":{"uv":[1.308,1.9465],"uv_size":[0.492,0.5535]},"east":{"uv":[0,0.014],"uv_size":[0,0.861]},"west":{"uv":[0,0.014],"uv_size":[0,0.861]},"up":{"uv":[0,0.01],"uv_size":[0,0.615]},"down":{"uv":[0,0.01],"uv_size":[0,0.615]}}}],"name":"rot_2"},{"parent":"geyser_custom_z","pivot":[4,-14.7211,-4.454],"rotation":[0,-0,0],"cubes":[{"origin":[-0.25,-12.2211,-1.954],"size":[0.5,0.75,0.75],"pivot":[4,-14.7211,-4.454],"uv":{"north":{"uv":[6.1516,5.3155],"uv_size":[0.0984,0.1845]},"south":{"uv":[6.1516,5.3155],"uv_size":[0.0984,0.1845]},"east":{"uv":[6.0476,5.3155],"uv_size":[-0.1476,0.1845]},"west":{"uv":[5.9024,5.3155],"uv_size":[0.1476,0.1845]},"up":{"uv":[6.1484,5.497],"uv_size":[-0.0984,-0.1845]},"down":{"uv":[6.1484,5.497],"uv_size":[-0.0984,-0.1845]}}},{"origin":[-0.25,-13.2711,-0.904],"size":[0.5,0.75,0.75],"pivot":[4,-14.7211,-4.454],"uv":{"north":{"uv":[6.1516,5.3155],"uv_size":[0.0984,0.1845]},"south":{"uv":[6.1516,5.3155],"uv_size":[0.0984,0.1845]},"east":{"uv":[6.0476,5.3155],"uv_size":[-0.1476,0.1845]},"west":{"uv":[5.9024,5.3155],"uv_size":[0.1476,0.1845]},"up":{"uv":[6.1484,5.497],"uv_size":[-0.0984,-0.1845]},"down":{"uv":[6.1484,5.497],"uv_size":[-0.0984,-0.1845]}}},{"origin":[-2.5,-10.9711,-2.454],"size":[2.5,2.25,0],"pivot":[4,-14.7211,-4.454],"uv":{"north":{"uv":[1.308,1.9465],"uv_size":[0.492,0.5535]},"south":{"uv":[1.792,1.9465],"uv_size":[-0.492,0.5535]},"east":{"uv":[0,0.014],"uv_size":[0,0.861]},"west":{"uv":[0,0.014],"uv_size":[0,0.861]},"up":{"uv":[0,0.615],"uv_size":[0,-0.615]},"down":{"uv":[0,0.615],"uv_size":[0,-0.615]}}}],"name":"rot_3"},{"parent":"geyser_custom_z","pivot":[0.25,-13.995,-0.7895],"rotation":[0,-0,0],"cubes":[{"origin":[-0.375,-15.4883,0.7454],"size":[0.75,0.9,1.5],"pivot":[0.25,-13.995,-0.7895],"uv":{"north":{"uv":[5.0476,6.7214],"uv_size":[-0.1476,-0.2214]},"south":{"uv":[5.0476,6.7214],"uv_size":[-0.1476,-0.2214]},"east":{"uv":[5.3452,6.3464],"uv_size":[-0.2952,-0.2214]},"west":{"uv":[5.0548,6.3464],"uv_size":[0.2952,-0.2214]},"up":{"uv":[4.8976,6.869],"uv_size":[-0.1476,-0.369]},"down":{"uv":[4.9476,7.244],"uv_size":[-0.1476,-0.369]}}}],"name":"rot_4"},{"parent":"geyser_custom_z","pivot":[0.25,-13.995,-0.7895],"rotation":[-22.5,0,0],"cubes":[{"origin":[-0.625,-15.1067,-1.2535],"size":[1.25,1.5,2.5],"pivot":[0.25,-13.995,-0.7895],"uv":{"north":{"uv":[4.746,6.994],"uv_size":[-0.246,-0.369]},"south":{"uv":[4.746,6.994],"uv_size":[-0.246,-0.369]},"east":{"uv":[4.258,6.619],"uv_size":[0.492,-0.369]},"west":{"uv":[4.742,6.619],"uv_size":[-0.492,-0.369]},"up":{"uv":[4.496,7.24],"uv_size":[-0.246,-0.615]},"down":{"uv":[4.796,7.615],"uv_size":[-0.246,-0.615]}}}],"name":"rot_5"},{"parent":"geyser_custom_z","pivot":[0.25,-13.695,-0.4895],"rotation":[-45,0,0],"cubes":[{"origin":[-0.875,-15.5211,-3.454],"size":[1.75,2.25,3],"pivot":[0.25,-13.695,-0.4895],"uv":{"north":{"uv":[4.1944,7.8035],"uv_size":[-0.3444,-0.5535]},"south":{"uv":[4.1944,7.8035],"uv_size":[-0.3444,-0.5535]},"east":{"uv":[3.4096,7.116],"uv_size":[0.5904,-0.5535]},"west":{"uv":[3.9904,7.116],"uv_size":[-0.5904,-0.5535]},"up":{"uv":[3.8444,7.863],"uv_size":[-0.3444,-0.738]},"down":{"uv":[4.5444,7.988],"uv_size":[-0.3444,-0.738]}}},{"origin":[-1.125,-15.7211,-4.454],"size":[2.25,2.75,1.25],"pivot":[0.25,-13.695,-0.4895],"uv":{"north":{"uv":[7.2428,5.5515],"uv_size":[-0.4428,-0.6765]},"south":{"uv":[7.2428,5.5515],"uv_size":[-0.4428,-0.6765]},"east":{"uv":[6.554,5.989],"uv_size":[0.246,-0.6765]},"west":{"uv":[6.796,5.989],"uv_size":[-0.246,-0.6765]},"up":{"uv":[6.9928,6.3075],"uv_size":[-0.4428,-0.3075]},"down":{"uv":[6.9928,6.3075],"uv_size":[-0.4428,-0.3075]}}}],"name":"rot_6"}]}]}
