{
    "leather_helmet": [
        {
            "custom_model_data": 10012,
            "sprite": "textures/starlight_helmet_icon"
        }
    ],
    "leather_chestplate": [
        {
            "custom_model_data": 10013,
            "sprite": "textures/starlight_leather_chestplate_icon"
        }
    ],
    "leather_leggings": [
        {
            "custom_model_data": 10013,
            "sprite": "textures/starlight_leggings_icon"
        }
    ],
    "leather_boots": [
        {
            "custom_model_data": 10013,
            "sprite": "textures/starlight_boots_icon"
        }
    ]
}