{"credit":"Made with Blockbench","texture_size":[64,64],"textures":{"0":"elitecreatures:ifrit_animated/tex2","1":"elitecreatures:ifrit_animated/hornfire","3":"elitecreatures:ifrit_animated/fire","particle":"elitecreatures:ifrit_animated/tex2"},"elements":[{"from":[-4,-3,1],"to":[8,0,18],"rotation":{"angle":0,"axis":"y","origin":[16,-6.5,8]},"faces":{"north":{"uv":[9.25,0,12.25,0.75],"texture":"#0"},"east":{"uv":[13,8.5,8.75,9.25],"texture":"#0"},"south":{"uv":[12.25,0,9.25,0.75],"texture":"#0"},"west":{"uv":[13,8.5,8.75,9.25],"texture":"#0"},"up":{"uv":[16,9.25,13,5],"texture":"#0"},"down":{"uv":[13,8.5,10,4.25],"texture":"#0"}}},{"from":[-0.75,-2.51545,-3.61356],"to":[0.75,-0.51545,-1.61356],"rotation":{"angle":-45,"axis":"x","origin":[0,-0.3,-1.6]},"faces":{"north":{"uv":[5.125,4.25,5.5,4.75],"texture":"#0"},"east":{"uv":[5.625,3.75,5.125,4.25],"texture":"#0"},"south":{"uv":[5.125,4.25,5.5,4.75],"texture":"#0"},"west":{"uv":[5.125,3.75,5.625,4.25],"texture":"#0"},"up":{"uv":[4.75,3.75,5.125,4.25],"texture":"#0"},"down":{"uv":[4.75,4.25,5.125,4.75],"texture":"#0"}}},{"from":[-0.5,-3.86902,-2.56133],"to":[0.5,-1.86902,-1.06133],"rotation":{"angle":22.5,"axis":"x","origin":[0,-1.8,-2.85]},"faces":{"north":{"uv":[2.5,5.875,2.75,6.375],"rotation":180,"texture":"#0"},"east":{"uv":[2,5.75,1.5,6.125],"rotation":90,"texture":"#0"},"south":{"uv":[2,5.75,2.25,6.25],"rotation":180,"texture":"#0"},"west":{"uv":[1.5,5.75,2,6.125],"rotation":270,"texture":"#0"},"up":{"uv":[1.25,5.75,1.5,6.125],"texture":"#0"},"down":{"uv":[1.25,5.75,1.5,6.125],"rotation":180,"texture":"#0"}}},{"from":[-0.25,-5.82992,-3.36476],"to":[0.25,-3.82992,-2.36476],"rotation":{"angle":0,"axis":"y","origin":[0,-3.8,-3.35]},"faces":{"north":{"uv":[2.25,5.75,2.375,6.25],"rotation":180,"texture":"#0"},"east":{"uv":[2,6.125,1.5,6.375],"rotation":90,"texture":"#0"},"south":{"uv":[2.375,6.125,2.5,6.625],"texture":"#0"},"west":{"uv":[1.5,6.125,2,6.375],"rotation":270,"texture":"#0"},"up":{"uv":[2.375,5.875,2.5,6.125],"texture":"#0"},"down":{"uv":[2.375,5.875,2.5,6.125],"rotation":180,"texture":"#0"}}},{"from":[-1,0.4,17.3],"to":[1,2.9,20.3],"rotation":{"angle":-22.5,"axis":"x","origin":[0,1,3.8]},"faces":{"north":{"uv":[2.75,4,3.25,4.625],"texture":"#0"},"east":{"uv":[4,4,3.25,4.625],"texture":"#0"},"south":{"uv":[3.5,3.375,4,4],"texture":"#0"},"west":{"uv":[3.25,4,4,4.625],"texture":"#0"},"up":{"uv":[2.75,4.625,3.25,5.375],"texture":"#0"},"down":{"uv":[3.25,4.625,3.75,5.375],"texture":"#0"}}},{"from":[-0.75,6.73482,19.25269],"to":[0.75,8.73482,22.25269],"rotation":{"angle":-45,"axis":"x","origin":[0,6.8,19.2]},"faces":{"north":{"uv":[1.25,5.125,1.625,5.625],"texture":"#0"},"east":{"uv":[2.375,5.125,1.625,5.625],"texture":"#0"},"south":{"uv":[1.25,5.125,1.625,5.625],"texture":"#0"},"west":{"uv":[1.625,5.125,2.375,5.625],"texture":"#0"},"up":{"uv":[2.375,5.125,2.75,5.875],"texture":"#0"},"down":{"uv":[2.75,5.375,3.125,6.125],"texture":"#0"}}},{"from":[-0.5,8.91213,19.89447],"to":[0.5,12.91213,21.39447],"rotation":{"angle":22.5,"axis":"x","origin":[0,8.9,21.4]},"faces":{"north":{"uv":[4,3.375,4.25,4.375],"rotation":180,"texture":"#0"},"east":{"uv":[5.5,2.75,4.5,3.125],"rotation":90,"texture":"#0"},"south":{"uv":[4.25,3.5,4.5,4.5],"texture":"#0"},"west":{"uv":[4.5,2.75,5.5,3.125],"rotation":270,"texture":"#0"},"up":{"uv":[4.25,2.75,4.5,3.125],"texture":"#0"},"down":{"uv":[4.25,3.125,4.5,3.5],"rotation":180,"texture":"#0"}}},{"from":[-0.25,13.19357,21.50935],"to":[0.25,17.19357,23.00935],"rotation":{"angle":45,"axis":"x","origin":[0,13.1,21.5]},"faces":{"north":{"uv":[4.5,3.625,4.625,4.625],"rotation":180,"texture":"#0"},"east":{"uv":[5.625,3.25,4.625,3.625],"rotation":90,"texture":"#0"},"south":{"uv":[4.625,3.625,4.75,4.625],"texture":"#0"},"west":{"uv":[4.625,3.25,5.625,3.625],"rotation":270,"texture":"#0"},"up":{"uv":[4.5,3.25,4.625,3.625],"texture":"#0"},"down":{"uv":[4.5,3.25,4.625,3.625],"rotation":180,"texture":"#0"}}},{"from":[2,2,0.8],"to":[6,5,9.8],"rotation":{"angle":-22.5,"axis":"y","origin":[5,4,4.8]},"faces":{"north":{"uv":[12.75,15.25,13.75,16],"texture":"#0"},"east":{"uv":[13.75,15.25,16,16],"texture":"#0"},"south":{"uv":[14,13.75,15,14.5],"texture":"#0"},"west":{"uv":[12.75,14.5,15,15.25],"texture":"#0"},"up":{"uv":[15,13,16,15.25],"texture":"#0"},"down":{"uv":[15,13,16,15.25],"texture":"#0"}}},{"from":[3,-2,-0.2],"to":[13,3,3.8],"rotation":{"angle":0,"axis":"y","origin":[11,4,4.8]},"faces":{"north":{"uv":[3,12.75,5.5,14],"texture":"#0"},"east":{"uv":[2,13.75,3,15],"texture":"#0"},"south":{"uv":[3,12.75,5.5,14],"texture":"#0"},"west":{"uv":[2,13.75,3,15],"texture":"#0"},"up":{"uv":[3,11.75,5.5,12.75],"texture":"#0"},"down":{"uv":[3,14,5.5,15],"texture":"#0"}}},{"from":[4,-2,-6.2],"to":[12,2,-0.2],"rotation":{"angle":-22.5,"axis":"x","origin":[8,3,-0.2]},"faces":{"north":{"uv":[1.5,15,3.5,16],"texture":"#0"},"east":{"uv":[1.5,15,0,16],"texture":"#0"},"south":{"uv":[1.5,15,3.5,16],"texture":"#0"},"west":{"uv":[0,15,1.5,16],"texture":"#0"},"up":{"uv":[0,13.5,2,15],"texture":"#0"},"down":{"uv":[0,12,2,13.5],"texture":"#0"}}},{"from":[6,2,1.8],"to":[10,4,15.8],"rotation":{"angle":0,"axis":"y","origin":[0,-13,-0.2]},"faces":{"north":{"uv":[13,12.25,14,12.75],"texture":"#0"},"east":{"uv":[10.5,11.75,14,12.25],"texture":"#0"},"south":{"uv":[13,12.25,14,12.75],"texture":"#0"},"west":{"uv":[10.5,11.25,14,11.75],"texture":"#0"},"up":{"uv":[15,9.5,16,13],"texture":"#0"},"down":{"uv":[14,10.25,15,13.75],"texture":"#0"}}},{"from":[6.5,0,15.8],"to":[9.5,4,21.8],"rotation":{"angle":45,"axis":"x","origin":[8,4,15.8]},"faces":{"north":{"uv":[11.75,10.25,12.5,11.25],"texture":"#0"},"east":{"uv":[12.5,13.5,14,14.5],"texture":"#0"},"south":{"uv":[11.75,10.25,12.5,11.25],"texture":"#0"},"west":{"uv":[12.5,13.5,14,14.5],"texture":"#0"},"up":{"uv":[12.5,9.75,13.25,11.25],"texture":"#0"},"down":{"uv":[13.25,9.75,14,11.25],"texture":"#0"}}},{"from":[6.75,-7.2603,17],"to":[9.25,-0.2603,20],"rotation":{"angle":0,"axis":"y","origin":[8,-0.2,20]},"faces":{"north":{"uv":[7.5,10.5,8.125,12.25],"rotation":180,"texture":"#0"},"east":{"uv":[8.75,11.5,10.5,12.25],"rotation":270,"texture":"#0"},"south":{"uv":[6.875,10.5,7.5,12.25],"texture":"#0"},"west":{"uv":[8.75,11.5,10.5,12.25],"rotation":90,"texture":"#0"},"up":{"uv":[8.125,11.5,8.75,12.25],"rotation":180,"texture":"#0"},"down":{"uv":[8.125,11.5,8.75,12.25],"texture":"#0"}}},{"from":[10,2,0.8],"to":[14,5,9.8],"rotation":{"angle":22.5,"axis":"y","origin":[11,4,4.8]},"faces":{"north":{"uv":[13.75,15.25,12.75,16],"texture":"#0"},"east":{"uv":[15,14.5,12.75,15.25],"texture":"#0"},"south":{"uv":[15,13.75,14,14.5],"texture":"#0"},"west":{"uv":[16,15.25,13.75,16],"texture":"#0"},"up":{"uv":[16,13,15,15.25],"texture":"#0"},"down":{"uv":[16,13,15,15.25],"texture":"#0"}}},{"from":[8,4,1.8],"to":[8,8,15.8],"rotation":{"angle":0,"axis":"y","origin":[0,-13,-0.2]},"faces":{"north":{"uv":[13,12.25,13,13.25],"texture":"#0"},"east":{"uv":[4.5,7.75,1,8.75],"texture":"#0"},"south":{"uv":[13,12.25,13,13.25],"texture":"#0"},"west":{"uv":[1,7.75,4.5,8.75],"texture":"#0"},"up":{"uv":[15,9.5,15,13],"texture":"#0"},"down":{"uv":[14,10.25,14,13.75],"texture":"#0"}}},{"from":[8,-7.2603,16],"to":[8,6.7397,27],"rotation":{"angle":0,"axis":"y","origin":[8,-0.2,20]},"faces":{"north":{"uv":[7.5,10.5,7.5,14],"rotation":180,"texture":"#0"},"east":{"uv":[3.5,8.75,0,11.5],"rotation":270,"texture":"#0"},"south":{"uv":[6.875,10.5,6.875,14],"texture":"#0"},"west":{"uv":[0,8.75,3.5,11.5],"rotation":90,"texture":"#0"},"up":{"uv":[8.125,11.5,8.125,14.25],"rotation":180,"texture":"#0"},"down":{"uv":[8.125,11.5,8.125,14.25],"texture":"#0"}}},{"from":[4,-5,-6.2],"to":[4,-2,-0.2],"rotation":{"angle":-22.5,"axis":"x","origin":[8,3,-0.2]},"faces":{"north":{"uv":[5,15.25,5,16],"texture":"#0"},"east":{"uv":[5,15.25,3.5,16],"texture":"#0"},"south":{"uv":[5,15.25,5,16],"texture":"#0"},"west":{"uv":[3.5,15.25,5,16],"texture":"#0"},"up":{"uv":[0,13.5,0,15],"texture":"#0"},"down":{"uv":[0,12,0,13.5],"texture":"#0"}}},{"from":[12,-5,-6.2],"to":[12,-2,-0.2],"rotation":{"angle":-22.5,"axis":"x","origin":[8,3,-0.2]},"faces":{"north":{"uv":[5,15.25,5,16],"texture":"#0"},"east":{"uv":[5,15.25,3.5,16],"texture":"#0"},"south":{"uv":[5,15.25,5,16],"texture":"#0"},"west":{"uv":[3.5,15.25,5,16],"texture":"#0"},"up":{"uv":[0,13.5,0,15],"texture":"#0"},"down":{"uv":[0,12,0,13.5],"texture":"#0"}}},{"from":[15.75,13.19357,21.50935],"to":[16.25,17.19357,23.00935],"rotation":{"angle":45,"axis":"x","origin":[16,13.1,21.5]},"faces":{"north":{"uv":[4.625,3.625,4.5,4.625],"rotation":180,"texture":"#0"},"east":{"uv":[4.625,3.625,5.625,3.25],"rotation":270,"texture":"#0"},"south":{"uv":[4.75,3.625,4.625,4.625],"texture":"#0"},"west":{"uv":[5.625,3.625,4.625,3.25],"rotation":90,"texture":"#0"},"up":{"uv":[4.625,3.25,4.5,3.625],"texture":"#0"},"down":{"uv":[4.625,3.25,4.5,3.625],"rotation":180,"texture":"#0"}}},{"from":[15.5,8.91213,19.89447],"to":[16.5,12.91213,21.39447],"rotation":{"angle":22.5,"axis":"x","origin":[16,8.9,21.4]},"faces":{"north":{"uv":[4.25,3.375,4,4.375],"rotation":180,"texture":"#0"},"east":{"uv":[4.5,3.125,5.5,2.75],"rotation":270,"texture":"#0"},"south":{"uv":[4.5,3.5,4.25,4.5],"texture":"#0"},"west":{"uv":[5.5,3.125,4.5,2.75],"rotation":90,"texture":"#0"},"up":{"uv":[4.5,2.75,4.25,3.125],"texture":"#0"},"down":{"uv":[4.5,3.125,4.25,3.5],"rotation":180,"texture":"#0"}}},{"from":[15.25,6.73482,19.25269],"to":[16.75,8.73482,22.25269],"rotation":{"angle":-45,"axis":"x","origin":[16,6.8,19.2]},"faces":{"north":{"uv":[1.625,5.125,1.25,5.625],"texture":"#0"},"east":{"uv":[2.375,5.125,1.625,5.625],"texture":"#0"},"south":{"uv":[1.625,5.125,1.25,5.625],"texture":"#0"},"west":{"uv":[1.625,5.125,2.375,5.625],"texture":"#0"},"up":{"uv":[2.75,5.125,2.375,5.875],"texture":"#0"},"down":{"uv":[3.125,5.375,2.75,6.125],"texture":"#0"}}},{"from":[15,0.4,17.3],"to":[17,2.9,20.3],"rotation":{"angle":-22.5,"axis":"x","origin":[16,1,3.8]},"faces":{"north":{"uv":[3.25,4,2.75,4.625],"texture":"#0"},"east":{"uv":[4,4,3.25,4.625],"texture":"#0"},"south":{"uv":[4,3.375,3.5,4],"texture":"#0"},"west":{"uv":[3.25,4,4,4.625],"texture":"#0"},"up":{"uv":[3.25,4.625,2.75,5.375],"texture":"#0"},"down":{"uv":[3.75,4.625,3.25,5.375],"texture":"#0"}}},{"from":[15.75,-5.82992,-3.36476],"to":[16.25,-3.82992,-2.36476],"rotation":{"angle":0,"axis":"y","origin":[16,-3.8,-3.35]},"faces":{"north":{"uv":[2.375,5.75,2.25,6.25],"rotation":180,"texture":"#0"},"east":{"uv":[1.5,6.375,2,6.125],"rotation":270,"texture":"#0"},"south":{"uv":[2.5,6.125,2.375,6.625],"texture":"#0"},"west":{"uv":[2,6.375,1.5,6.125],"rotation":90,"texture":"#0"},"up":{"uv":[2.5,5.875,2.375,6.125],"texture":"#0"},"down":{"uv":[2.5,5.875,2.375,6.125],"rotation":180,"texture":"#0"}}},{"from":[15.5,-3.86902,-2.56133],"to":[16.5,-1.86902,-1.06133],"rotation":{"angle":22.5,"axis":"x","origin":[16,-1.8,-2.85]},"faces":{"north":{"uv":[2.75,5.875,2.5,6.375],"rotation":180,"texture":"#0"},"east":{"uv":[1.5,6.125,2,5.75],"rotation":270,"texture":"#0"},"south":{"uv":[2.25,5.75,2,6.25],"rotation":180,"texture":"#0"},"west":{"uv":[2,6.125,1.5,5.75],"rotation":90,"texture":"#0"},"up":{"uv":[1.5,5.75,1.25,6.125],"texture":"#0"},"down":{"uv":[1.5,5.75,1.25,6.125],"rotation":180,"texture":"#0"}}},{"from":[15.25,-2.51545,-3.61356],"to":[16.75,-0.51545,-1.61356],"rotation":{"angle":-45,"axis":"x","origin":[16,-0.3,-1.6]},"faces":{"north":{"uv":[5.5,4.25,5.125,4.75],"texture":"#0"},"east":{"uv":[5.625,3.75,5.125,4.25],"texture":"#0"},"south":{"uv":[5.5,4.25,5.125,4.75],"texture":"#0"},"west":{"uv":[5.125,3.75,5.625,4.25],"texture":"#0"},"up":{"uv":[5.125,3.75,4.75,4.25],"texture":"#0"},"down":{"uv":[5.125,4.25,4.75,4.75],"texture":"#0"}}},{"from":[15,-0.6,-1.7],"to":[17,1.9,17.3],"rotation":{"angle":-22.5,"axis":"x","origin":[16,1,3.8]},"faces":{"north":{"uv":[1.75,2,1.25,2.625],"texture":"#0"},"east":{"uv":[12.5,9.5,7.75,10.125],"texture":"#0"},"south":{"uv":[1.75,2.625,1.25,3.25],"texture":"#0"},"west":{"uv":[7.75,9.5,12.5,10.125],"texture":"#0"},"up":{"uv":[0.5,4,0,8.75],"texture":"#0"},"down":{"uv":[1,4,0.5,8.75],"texture":"#0"}}},{"from":[14.5,4.21005,8.02893],"to":[17.5,6.71005,15.02893],"rotation":{"angle":0,"axis":"y","origin":[16,6.7,8.1]},"faces":{"north":{"uv":[2.5,2.75,1.75,3.375],"texture":"#0"},"east":{"uv":[4.25,2.75,2.5,3.375],"texture":"#0"},"south":{"uv":[3.5,3.375,2.75,4],"texture":"#0"},"west":{"uv":[5.375,4.75,3.625,5.375],"texture":"#0"},"up":{"uv":[2,3.375,1.25,5.125],"texture":"#0"},"down":{"uv":[2.75,3.375,2,5.125],"texture":"#0"}}},{"from":[14.75,0,2.8],"to":[17.25,2,10.8],"rotation":{"angle":-45,"axis":"x","origin":[16,1,3.8]},"faces":{"north":{"uv":[0.625,1.5,0,2],"texture":"#0"},"east":{"uv":[2.625,1.5,0.625,2],"texture":"#0"},"south":{"uv":[0.625,1.5,0,2],"texture":"#0"},"west":{"uv":[0.625,1.5,2.625,2],"texture":"#0"},"up":{"uv":[1.25,2,0.625,4],"texture":"#0"},"down":{"uv":[0.625,2,0,4],"texture":"#0"}}},{"from":[-5,-11,2],"to":[-3,-5,10],"rotation":{"angle":0,"axis":"y","origin":[0,-12,0]},"faces":{"north":{"uv":[5.75,6.75,6.25,8.25],"texture":"#0"},"east":{"uv":[10.25,1,12.25,2.5],"texture":"#0"},"south":{"uv":[5.25,6.75,5.75,8.25],"texture":"#0"},"west":{"uv":[10.25,1,12.25,2.5],"texture":"#0"},"up":{"uv":[5.75,4.75,6.25,6.75],"texture":"#0"},"down":{"uv":[5.75,2.75,6.25,4.75],"texture":"#0"}}},{"from":[-4,-10,10],"to":[-3,-6,16],"rotation":{"angle":0,"axis":"y","origin":[0,-12,0]},"faces":{"north":{"uv":[8.5,1.75,8.75,2.75],"texture":"#0"},"east":{"uv":[8.75,1.75,10.25,2.75],"texture":"#0"},"south":{"uv":[8.5,1.75,8.75,2.75],"texture":"#0"},"west":{"uv":[8.75,1.75,10.25,2.75],"texture":"#0"},"up":{"uv":[8.75,1.5,10.25,1.75],"rotation":90,"texture":"#0"},"down":{"uv":[8.75,1.25,10.25,1.5],"rotation":90,"texture":"#0"}}},{"from":[-1.47008,-6.3,-0.36476],"to":[0.52992,-5.8,0.63524],"rotation":{"angle":0,"axis":"y","origin":[-1.5,-6.05,-0.35]},"faces":{"north":{"uv":[2.25,5.75,2.375,6.25],"rotation":270,"texture":"#0"},"east":{"uv":[2.375,5.875,2.5,6.125],"rotation":90,"texture":"#0"},"south":{"uv":[2.375,6.125,2.5,6.625],"rotation":270,"texture":"#0"},"west":{"uv":[2.375,5.875,2.5,6.125],"rotation":270,"texture":"#0"},"up":{"uv":[2,6.125,1.5,6.375],"texture":"#0"},"down":{"uv":[1.5,6.125,2,6.375],"rotation":180,"texture":"#0"}}},{"from":[-3.43098,-6.55,0.93867],"to":[-1.43098,-5.55,2.43867],"rotation":{"angle":22.5,"axis":"y","origin":[-3.5,-6.05,0.65]},"faces":{"north":{"uv":[2.5,5.875,2.75,6.375],"rotation":270,"texture":"#0"},"east":{"uv":[1.25,5.75,1.5,6.125],"rotation":90,"texture":"#0"},"south":{"uv":[2,5.75,2.25,6.25],"rotation":90,"texture":"#0"},"west":{"uv":[1.25,5.75,1.5,6.125],"rotation":270,"texture":"#0"},"up":{"uv":[2,5.75,1.5,6.125],"texture":"#0"},"down":{"uv":[1.5,5.75,2,6.125],"rotation":180,"texture":"#0"}}},{"from":[-4.78455,-6.8,-0.11356],"to":[-2.78455,-5.3,1.88644],"rotation":{"angle":-45,"axis":"y","origin":[-5,-6.05,1.9]},"faces":{"north":{"uv":[5.125,4.25,5.5,4.75],"rotation":90,"texture":"#0"},"east":{"uv":[4.75,4.25,5.125,4.75],"rotation":270,"texture":"#0"},"south":{"uv":[5.125,4.25,5.5,4.75],"rotation":270,"texture":"#0"},"west":{"uv":[4.75,3.75,5.125,4.25],"rotation":270,"texture":"#0"},"up":{"uv":[5.625,3.75,5.125,4.25],"rotation":270,"texture":"#0"},"down":{"uv":[5.125,3.75,5.625,4.25],"rotation":270,"texture":"#0"}}},{"from":[-1.47008,-8.3,0.13524],"to":[0.52992,-7.8,1.13524],"rotation":{"angle":0,"axis":"y","origin":[-1.5,-8.05,0.15]},"faces":{"north":{"uv":[2.25,5.75,2.375,6.25],"rotation":270,"texture":"#0"},"east":{"uv":[2.375,5.875,2.5,6.125],"rotation":90,"texture":"#0"},"south":{"uv":[2.375,6.125,2.5,6.625],"rotation":270,"texture":"#0"},"west":{"uv":[2.375,5.875,2.5,6.125],"rotation":270,"texture":"#0"},"up":{"uv":[2,6.125,1.5,6.375],"texture":"#0"},"down":{"uv":[1.5,6.125,2,6.375],"rotation":180,"texture":"#0"}}},{"from":[-3.43098,-8.55,0.93867],"to":[-1.43098,-7.55,2.43867],"rotation":{"angle":22.5,"axis":"y","origin":[-3.5,-8.05,0.65]},"faces":{"north":{"uv":[2.5,5.875,2.75,6.375],"rotation":270,"texture":"#0"},"east":{"uv":[1.25,5.75,1.5,6.125],"rotation":90,"texture":"#0"},"south":{"uv":[2,5.75,2.25,6.25],"rotation":90,"texture":"#0"},"west":{"uv":[1.25,5.75,1.5,6.125],"rotation":270,"texture":"#0"},"up":{"uv":[2,5.75,1.5,6.125],"texture":"#0"},"down":{"uv":[1.5,5.75,2,6.125],"rotation":180,"texture":"#0"}}},{"from":[-4.78455,-8.8,-0.11356],"to":[-2.78455,-7.3,1.88644],"rotation":{"angle":-45,"axis":"y","origin":[-5,-8.05,1.9]},"faces":{"north":{"uv":[5.125,4.25,5.5,4.75],"rotation":90,"texture":"#0"},"east":{"uv":[4.75,4.25,5.125,4.75],"rotation":270,"texture":"#0"},"south":{"uv":[5.125,4.25,5.5,4.75],"rotation":270,"texture":"#0"},"west":{"uv":[4.75,3.75,5.125,4.25],"rotation":270,"texture":"#0"},"up":{"uv":[5.625,3.75,5.125,4.25],"rotation":270,"texture":"#0"},"down":{"uv":[5.125,3.75,5.625,4.25],"rotation":270,"texture":"#0"}}},{"from":[-1.47008,-10.3,0.13524],"to":[0.52992,-9.8,1.13524],"rotation":{"angle":0,"axis":"y","origin":[-1.5,-10.05,0.15]},"faces":{"north":{"uv":[2.25,5.75,2.375,6.25],"rotation":270,"texture":"#0"},"east":{"uv":[2.375,5.875,2.5,6.125],"rotation":90,"texture":"#0"},"south":{"uv":[2.375,6.125,2.5,6.625],"rotation":270,"texture":"#0"},"west":{"uv":[2.375,5.875,2.5,6.125],"rotation":270,"texture":"#0"},"up":{"uv":[2,6.125,1.5,6.375],"texture":"#0"},"down":{"uv":[1.5,6.125,2,6.375],"rotation":180,"texture":"#0"}}},{"from":[-3.43098,-10.55,0.93867],"to":[-1.43098,-9.55,2.43867],"rotation":{"angle":22.5,"axis":"y","origin":[-3.5,-10.05,0.65]},"faces":{"north":{"uv":[2.5,5.875,2.75,6.375],"rotation":270,"texture":"#0"},"east":{"uv":[1.25,5.75,1.5,6.125],"rotation":90,"texture":"#0"},"south":{"uv":[2,5.75,2.25,6.25],"rotation":90,"texture":"#0"},"west":{"uv":[1.25,5.75,1.5,6.125],"rotation":270,"texture":"#0"},"up":{"uv":[2,5.75,1.5,6.125],"texture":"#0"},"down":{"uv":[1.5,5.75,2,6.125],"rotation":180,"texture":"#0"}}},{"from":[-4.78455,-10.8,-0.11356],"to":[-2.78455,-9.3,1.88644],"rotation":{"angle":-45,"axis":"y","origin":[-5,-10.05,1.9]},"faces":{"north":{"uv":[5.125,4.25,5.5,4.75],"rotation":90,"texture":"#0"},"east":{"uv":[4.75,4.25,5.125,4.75],"rotation":270,"texture":"#0"},"south":{"uv":[5.125,4.25,5.5,4.75],"rotation":270,"texture":"#0"},"west":{"uv":[4.75,3.75,5.125,4.25],"rotation":270,"texture":"#0"},"up":{"uv":[5.625,3.75,5.125,4.25],"rotation":270,"texture":"#0"},"down":{"uv":[5.125,3.75,5.625,4.25],"rotation":270,"texture":"#0"}}},{"from":[15.47008,-8.3,-0.36476],"to":[17.47008,-7.8,0.63524],"rotation":{"angle":0,"axis":"y","origin":[17.5,-8.05,-0.35]},"faces":{"north":{"uv":[2.25,6.25,2.375,5.75],"rotation":270,"texture":"#0"},"east":{"uv":[2.375,6.125,2.5,5.875],"rotation":270,"texture":"#0"},"south":{"uv":[2.375,6.625,2.5,6.125],"rotation":270,"texture":"#0"},"west":{"uv":[2.375,6.125,2.5,5.875],"rotation":90,"texture":"#0"},"up":{"uv":[1.5,6.125,2,6.375],"texture":"#0"},"down":{"uv":[2,6.125,1.5,6.375],"rotation":180,"texture":"#0"}}},{"from":[15.47008,-6.3,-0.36476],"to":[17.47008,-5.8,0.63524],"rotation":{"angle":0,"axis":"y","origin":[17.5,-6.05,-0.35]},"faces":{"north":{"uv":[2.25,6.25,2.375,5.75],"rotation":270,"texture":"#0"},"east":{"uv":[2.375,6.125,2.5,5.875],"rotation":270,"texture":"#0"},"south":{"uv":[2.375,6.625,2.5,6.125],"rotation":270,"texture":"#0"},"west":{"uv":[2.375,6.125,2.5,5.875],"rotation":90,"texture":"#0"},"up":{"uv":[1.5,6.125,2,6.375],"texture":"#0"},"down":{"uv":[2,6.125,1.5,6.375],"rotation":180,"texture":"#0"}}},{"from":[18.78455,-8.8,-0.61356],"to":[20.78455,-7.3,1.38644],"rotation":{"angle":45,"axis":"y","origin":[21,-8.05,1.4]},"faces":{"north":{"uv":[5.125,4.75,5.5,4.25],"rotation":90,"texture":"#0"},"east":{"uv":[4.75,4.25,5.125,3.75],"rotation":270,"texture":"#0"},"south":{"uv":[5.125,4.75,5.5,4.25],"rotation":270,"texture":"#0"},"west":{"uv":[4.75,4.75,5.125,4.25],"rotation":270,"texture":"#0"},"up":{"uv":[5.625,4.25,5.125,3.75],"rotation":270,"texture":"#0"},"down":{"uv":[5.125,4.25,5.625,3.75],"rotation":270,"texture":"#0"}}},{"from":[17.43098,-6.55,0.43867],"to":[19.43098,-5.55,1.93867],"rotation":{"angle":-22.5,"axis":"y","origin":[19.5,-6.05,0.15]},"faces":{"north":{"uv":[2.5,6.375,2.75,5.875],"rotation":270,"texture":"#0"},"east":{"uv":[1.25,6.125,1.5,5.75],"rotation":270,"texture":"#0"},"south":{"uv":[2,6.25,2.25,5.75],"rotation":90,"texture":"#0"},"west":{"uv":[1.25,6.125,1.5,5.75],"rotation":90,"texture":"#0"},"up":{"uv":[1.5,5.75,2,6.125],"texture":"#0"},"down":{"uv":[2,5.75,1.5,6.125],"rotation":180,"texture":"#0"}}},{"from":[17.43098,-8.55,0.43867],"to":[19.43098,-7.55,1.93867],"rotation":{"angle":-22.5,"axis":"y","origin":[19.5,-8.05,0.15]},"faces":{"north":{"uv":[2.5,6.375,2.75,5.875],"rotation":270,"texture":"#0"},"east":{"uv":[1.25,6.125,1.5,5.75],"rotation":270,"texture":"#0"},"south":{"uv":[2,6.25,2.25,5.75],"rotation":90,"texture":"#0"},"west":{"uv":[1.25,6.125,1.5,5.75],"rotation":90,"texture":"#0"},"up":{"uv":[1.5,5.75,2,6.125],"texture":"#0"},"down":{"uv":[2,5.75,1.5,6.125],"rotation":180,"texture":"#0"}}},{"from":[18.78455,-6.8,-0.61356],"to":[20.78455,-5.3,1.38644],"rotation":{"angle":45,"axis":"y","origin":[21,-6.05,1.4]},"faces":{"north":{"uv":[5.125,4.75,5.5,4.25],"rotation":90,"texture":"#0"},"east":{"uv":[4.75,4.25,5.125,3.75],"rotation":270,"texture":"#0"},"south":{"uv":[5.125,4.75,5.5,4.25],"rotation":270,"texture":"#0"},"west":{"uv":[4.75,4.75,5.125,4.25],"rotation":270,"texture":"#0"},"up":{"uv":[5.625,4.25,5.125,3.75],"rotation":270,"texture":"#0"},"down":{"uv":[5.125,4.25,5.625,3.75],"rotation":270,"texture":"#0"}}},{"from":[15.47008,-10.3,-0.36476],"to":[17.47008,-9.8,0.63524],"rotation":{"angle":0,"axis":"y","origin":[17.5,-10.05,-0.35]},"faces":{"north":{"uv":[2.25,6.25,2.375,5.75],"rotation":270,"texture":"#0"},"east":{"uv":[2.375,6.125,2.5,5.875],"rotation":270,"texture":"#0"},"south":{"uv":[2.375,6.625,2.5,6.125],"rotation":270,"texture":"#0"},"west":{"uv":[2.375,6.125,2.5,5.875],"rotation":90,"texture":"#0"},"up":{"uv":[1.5,6.125,2,6.375],"texture":"#0"},"down":{"uv":[2,6.125,1.5,6.375],"rotation":180,"texture":"#0"}}},{"from":[17.43098,-10.55,0.43867],"to":[19.43098,-9.55,1.93867],"rotation":{"angle":-22.5,"axis":"y","origin":[19.5,-10.05,0.15]},"faces":{"north":{"uv":[2.5,6.375,2.75,5.875],"rotation":270,"texture":"#0"},"east":{"uv":[1.25,6.125,1.5,5.75],"rotation":270,"texture":"#0"},"south":{"uv":[2,6.25,2.25,5.75],"rotation":90,"texture":"#0"},"west":{"uv":[1.25,6.125,1.5,5.75],"rotation":90,"texture":"#0"},"up":{"uv":[1.5,5.75,2,6.125],"texture":"#0"},"down":{"uv":[2,5.75,1.5,6.125],"rotation":180,"texture":"#0"}}},{"from":[18.78455,-10.8,-0.61356],"to":[20.78455,-9.3,1.38644],"rotation":{"angle":45,"axis":"y","origin":[21,-10.05,1.4]},"faces":{"north":{"uv":[5.125,4.75,5.5,4.25],"rotation":90,"texture":"#0"},"east":{"uv":[4.75,4.25,5.125,3.75],"rotation":270,"texture":"#0"},"south":{"uv":[5.125,4.75,5.5,4.25],"rotation":270,"texture":"#0"},"west":{"uv":[4.75,4.75,5.125,4.25],"rotation":270,"texture":"#0"},"up":{"uv":[5.625,4.25,5.125,3.75],"rotation":270,"texture":"#0"},"down":{"uv":[5.125,4.25,5.625,3.75],"rotation":270,"texture":"#0"}}},{"from":[14.7397,-9.25,10],"to":[21.7397,-6.75,13],"rotation":{"angle":45,"axis":"y","origin":[20.35208,-8,10.50355]},"faces":{"north":{"uv":[7.5,12.25,8.125,10.5],"rotation":270,"texture":"#0"},"east":{"uv":[8.125,12.25,8.75,11.5],"rotation":90,"texture":"#0"},"south":{"uv":[6.875,12.25,7.5,10.5],"rotation":270,"texture":"#0"},"west":{"uv":[8.125,12.25,8.75,11.5],"rotation":270,"texture":"#0"},"up":{"uv":[8.75,11.5,10.5,12.25],"rotation":180,"texture":"#0"},"down":{"uv":[10.5,11.5,8.75,12.25],"texture":"#0"}}},{"from":[19.14117,-9.5,5.30528],"to":[23.14117,-6.5,11.30528],"rotation":{"angle":0,"axis":"y","origin":[20.35208,-8,10.50355]},"faces":{"north":{"uv":[11.75,11.25,12.5,10.25],"rotation":90,"texture":"#0"},"east":{"uv":[12.5,11.25,13.25,9.75],"rotation":270,"texture":"#0"},"south":{"uv":[11.75,11.25,12.5,10.25],"rotation":270,"texture":"#0"},"west":{"uv":[13.25,11.25,14,9.75],"rotation":270,"texture":"#0"},"up":{"uv":[12.5,14.5,14,13.5],"rotation":270,"texture":"#0"},"down":{"uv":[12.5,14.5,14,13.5],"rotation":270,"texture":"#0"}}},{"from":[-5.7397,-9.25,10],"to":[1.2603,-6.75,13],"rotation":{"angle":-45,"axis":"y","origin":[-4.35208,-8,10.50355]},"faces":{"north":{"uv":[7.5,10.5,8.125,12.25],"rotation":270,"texture":"#0"},"east":{"uv":[8.125,11.5,8.75,12.25],"rotation":270,"texture":"#0"},"south":{"uv":[6.875,10.5,7.5,12.25],"rotation":270,"texture":"#0"},"west":{"uv":[8.125,11.5,8.75,12.25],"rotation":90,"texture":"#0"},"up":{"uv":[10.5,11.5,8.75,12.25],"rotation":180,"texture":"#0"},"down":{"uv":[8.75,11.5,10.5,12.25],"texture":"#0"}}},{"from":[-7.14117,-9.5,5.30528],"to":[-3.14117,-6.5,11.30528],"rotation":{"angle":0,"axis":"y","origin":[-4.35208,-8,10.50355]},"faces":{"north":{"uv":[11.75,10.25,12.5,11.25],"rotation":90,"texture":"#0"},"east":{"uv":[13.25,9.75,14,11.25],"rotation":270,"texture":"#0"},"south":{"uv":[11.75,10.25,12.5,11.25],"rotation":270,"texture":"#0"},"west":{"uv":[12.5,9.75,13.25,11.25],"rotation":270,"texture":"#0"},"up":{"uv":[12.5,13.5,14,14.5],"rotation":270,"texture":"#0"},"down":{"uv":[12.5,13.5,14,14.5],"rotation":270,"texture":"#0"}}},{"from":[5.5,-10.2,1],"to":[10.5,-5.2,2],"rotation":{"angle":-45,"axis":"z","origin":[8,-7.7,7]},"faces":{"north":{"uv":[2.875,1.5,4.125,2.75],"rotation":90,"texture":"#0"},"east":{"uv":[4.125,2.5,5.375,2.75],"rotation":270,"texture":"#0"},"south":{"uv":[2.875,1.5,4.125,2.75],"rotation":270,"texture":"#0"},"west":{"uv":[2.625,1.5,2.875,2.75],"rotation":180,"texture":"#0"},"up":{"uv":[2.625,1.5,2.875,2.75],"rotation":270,"texture":"#0"},"down":{"uv":[4.125,2.5,5.375,2.75],"rotation":180,"texture":"#0"}}},{"from":[-5.25,-1.05643,14.50935],"to":[-4.75,2.94357,16.00935],"rotation":{"angle":45,"axis":"x","origin":[-5,-1.15,14.5]},"faces":{"north":{"uv":[4.5,3.625,4.625,4.625],"rotation":180,"texture":"#0"},"east":{"uv":[5.625,3.25,4.625,3.625],"rotation":90,"texture":"#0"},"south":{"uv":[4.625,3.625,4.75,4.625],"texture":"#0"},"west":{"uv":[4.625,3.25,5.625,3.625],"rotation":270,"texture":"#0"},"up":{"uv":[4.5,3.25,4.625,3.625],"texture":"#0"},"down":{"uv":[4.5,3.25,4.625,3.625],"rotation":180,"texture":"#0"}}},{"from":[-5.5,-5.33787,12.89447],"to":[-4.5,-1.33787,14.39447],"rotation":{"angle":22.5,"axis":"x","origin":[-5,-5.35,14.4]},"faces":{"north":{"uv":[4,3.375,4.25,4.375],"rotation":180,"texture":"#0"},"east":{"uv":[5.5,2.75,4.5,3.125],"rotation":90,"texture":"#0"},"south":{"uv":[4.25,3.5,4.5,4.5],"texture":"#0"},"west":{"uv":[4.5,2.75,5.5,3.125],"rotation":270,"texture":"#0"},"up":{"uv":[4.25,2.75,4.5,3.125],"texture":"#0"},"down":{"uv":[4.25,3.125,4.5,3.5],"rotation":180,"texture":"#0"}}},{"from":[-5.75,-7.51518,12.25269],"to":[-4.25,-5.51518,15.25269],"rotation":{"angle":-45,"axis":"x","origin":[-5,-7.45,12.2]},"faces":{"north":{"uv":[1.25,5.125,1.625,5.625],"texture":"#0"},"east":{"uv":[2.375,5.125,1.625,5.625],"texture":"#0"},"south":{"uv":[1.25,5.125,1.625,5.625],"texture":"#0"},"west":{"uv":[1.625,5.125,2.375,5.625],"texture":"#0"},"up":{"uv":[2.375,5.125,2.75,5.875],"texture":"#0"},"down":{"uv":[2.75,5.375,3.125,6.125],"texture":"#0"}}},{"from":[-6,-13.85,10.3],"to":[-4,-11.35,13.3],"rotation":{"angle":-22.5,"axis":"x","origin":[-5,-13.25,-3.2]},"faces":{"north":{"uv":[2.75,4,3.25,4.625],"texture":"#0"},"east":{"uv":[4,4,3.25,4.625],"texture":"#0"},"south":{"uv":[3.5,3.375,4,4],"texture":"#0"},"west":{"uv":[3.25,4,4,4.625],"texture":"#0"},"up":{"uv":[2.75,4.625,3.25,5.375],"texture":"#0"},"down":{"uv":[3.25,4.625,3.75,5.375],"texture":"#0"}}},{"from":[20.75,-1.05643,14.50935],"to":[21.25,2.94357,16.00935],"rotation":{"angle":45,"axis":"x","origin":[21,-1.15,14.5]},"faces":{"north":{"uv":[4.625,3.625,4.5,4.625],"rotation":180,"texture":"#0"},"east":{"uv":[4.625,3.625,5.625,3.25],"rotation":270,"texture":"#0"},"south":{"uv":[4.75,3.625,4.625,4.625],"texture":"#0"},"west":{"uv":[5.625,3.625,4.625,3.25],"rotation":90,"texture":"#0"},"up":{"uv":[4.625,3.25,4.5,3.625],"texture":"#0"},"down":{"uv":[4.625,3.25,4.5,3.625],"rotation":180,"texture":"#0"}}},{"from":[20.5,-5.33787,12.89447],"to":[21.5,-1.33787,14.39447],"rotation":{"angle":22.5,"axis":"x","origin":[21,-5.35,14.4]},"faces":{"north":{"uv":[4.25,3.375,4,4.375],"rotation":180,"texture":"#0"},"east":{"uv":[4.5,3.125,5.5,2.75],"rotation":270,"texture":"#0"},"south":{"uv":[4.5,3.5,4.25,4.5],"texture":"#0"},"west":{"uv":[5.5,3.125,4.5,2.75],"rotation":90,"texture":"#0"},"up":{"uv":[4.5,2.75,4.25,3.125],"texture":"#0"},"down":{"uv":[4.5,3.125,4.25,3.5],"rotation":180,"texture":"#0"}}},{"from":[20.25,-7.51518,12.25269],"to":[21.75,-5.51518,15.25269],"rotation":{"angle":-45,"axis":"x","origin":[21,-7.45,12.2]},"faces":{"north":{"uv":[1.625,5.125,1.25,5.625],"texture":"#0"},"east":{"uv":[2.375,5.125,1.625,5.625],"texture":"#0"},"south":{"uv":[1.625,5.125,1.25,5.625],"texture":"#0"},"west":{"uv":[1.625,5.125,2.375,5.625],"texture":"#0"},"up":{"uv":[2.75,5.125,2.375,5.875],"texture":"#0"},"down":{"uv":[3.125,5.375,2.75,6.125],"texture":"#0"}}},{"from":[20,-13.85,10.3],"to":[22,-11.35,13.3],"rotation":{"angle":-22.5,"axis":"x","origin":[21,-13.25,-3.2]},"faces":{"north":{"uv":[3.25,4,2.75,4.625],"texture":"#0"},"east":{"uv":[4,4,3.25,4.625],"texture":"#0"},"south":{"uv":[4,3.375,3.5,4],"texture":"#0"},"west":{"uv":[3.25,4,4,4.625],"texture":"#0"},"up":{"uv":[3.25,4.625,2.75,5.375],"texture":"#0"},"down":{"uv":[3.75,4.625,3.25,5.375],"texture":"#0"}}},{"from":[8,-13,2],"to":[19,-3,17],"rotation":{"angle":0,"axis":"y","origin":[16,-6.5,8]},"faces":{"north":{"uv":[13.25,2.5,16,5],"texture":"#0"},"east":{"uv":[12.25,0,16,2.5],"texture":"#0"},"south":{"uv":[16,2.5,13.25,5],"texture":"#0"},"west":{"uv":[12.25,0,16,2.5],"texture":"#0"},"up":{"uv":[10,6.5,12.75,2.75],"rotation":180,"texture":"#0"},"down":{"uv":[10,6.5,12.75,2.75],"rotation":180,"texture":"#0"}}},{"from":[19,-11,2],"to":[21,-5,10],"rotation":{"angle":0,"axis":"y","origin":[16,-12,0]},"faces":{"north":{"uv":[6.25,6.75,5.75,8.25],"texture":"#0"},"east":{"uv":[12.25,1,10.25,2.5],"texture":"#0"},"south":{"uv":[5.75,6.75,5.25,8.25],"texture":"#0"},"west":{"uv":[12.25,1,10.25,2.5],"texture":"#0"},"up":{"uv":[6.25,4.75,5.75,6.75],"texture":"#0"},"down":{"uv":[6.25,2.75,5.75,4.75],"texture":"#0"}}},{"from":[19,-10,10],"to":[20,-6,16],"rotation":{"angle":0,"axis":"y","origin":[16,-12,0]},"faces":{"north":{"uv":[8.75,1.75,8.5,2.75],"texture":"#0"},"east":{"uv":[10.25,1.75,8.75,2.75],"texture":"#0"},"south":{"uv":[8.75,1.75,8.5,2.75],"texture":"#0"},"west":{"uv":[10.25,1.75,8.75,2.75],"texture":"#0"},"up":{"uv":[8.75,1.75,10.25,1.5],"rotation":90,"texture":"#0"},"down":{"uv":[8.75,1.5,10.25,1.25],"rotation":90,"texture":"#0"}}},{"from":[-3,-13,2],"to":[8,-3,17],"rotation":{"angle":0,"axis":"y","origin":[0,-6.5,8]},"faces":{"north":{"uv":[16,2.5,13.25,5],"texture":"#0"},"east":{"uv":[16,0,12.25,2.5],"texture":"#0"},"south":{"uv":[13.25,2.5,16,5],"texture":"#0"},"west":{"uv":[16,0,12.25,2.5],"texture":"#0"},"up":{"uv":[12.75,6.5,10,2.75],"rotation":180,"texture":"#0"},"down":{"uv":[12.75,6.5,10,2.75],"rotation":180,"texture":"#0"}}},{"from":[8,-16,1],"to":[20,-13,18],"rotation":{"angle":0,"axis":"y","origin":[0,-6.5,8]},"faces":{"north":{"uv":[13,3.5,10,4.25],"texture":"#0"},"east":{"uv":[4.5,8.5,8.75,9.25],"texture":"#0"},"south":{"uv":[13,3.5,10,4.25],"texture":"#0"},"west":{"uv":[4.5,8.5,8.75,9.25],"texture":"#0"},"up":{"uv":[10,8.5,13,4.25],"texture":"#0"},"down":{"uv":[10,8.5,13,4.25],"texture":"#0"}}},{"from":[-4,-16,1],"to":[8,-13,18],"rotation":{"angle":0,"axis":"y","origin":[16,-6.5,8]},"faces":{"north":{"uv":[10,3.5,13,4.25],"texture":"#0"},"east":{"uv":[8.75,8.5,4.5,9.25],"texture":"#0"},"south":{"uv":[10,3.5,13,4.25],"texture":"#0"},"west":{"uv":[8.75,8.5,4.5,9.25],"texture":"#0"},"up":{"uv":[13,8.5,10,4.25],"texture":"#0"},"down":{"uv":[13,8.5,10,4.25],"texture":"#0"}}},{"from":[1,0,2],"to":[15,2,15],"faces":{"north":{"uv":[5.5,12.25,9,12.75],"texture":"#0"},"east":{"uv":[9,12.25,12.25,12.75],"texture":"#0"},"south":{"uv":[5.5,12.25,9,12.75],"texture":"#0"},"west":{"uv":[9,12.25,12.25,12.75],"texture":"#0"},"up":{"uv":[5.5,12.75,9,16],"texture":"#0"},"down":{"uv":[9,12.75,12.5,16],"texture":"#0"}}},{"from":[8,-3,1],"to":[20,0,18],"rotation":{"angle":0,"axis":"y","origin":[0,-6.5,8]},"faces":{"north":{"uv":[12.25,0,9.25,0.75],"texture":"#0"},"east":{"uv":[8.75,8.5,13,9.25],"texture":"#0"},"south":{"uv":[9.25,0,12.25,0.75],"texture":"#0"},"west":{"uv":[8.75,8.5,13,9.25],"texture":"#0"},"up":{"uv":[13,9.25,16,5],"texture":"#0"},"down":{"uv":[13,8.5,10,4.25],"texture":"#0"}}},{"from":[5.5,-10.2,17],"to":[10.5,-5.2,18],"rotation":{"angle":-45,"axis":"z","origin":[8,-7.7,9]},"faces":{"north":{"uv":[2.875,2.75,4.125,1.5],"rotation":270,"texture":"#0"},"east":{"uv":[4.125,2.75,5.375,2.5],"rotation":270,"texture":"#0"},"south":{"uv":[2.875,2.75,4.125,1.5],"rotation":90,"texture":"#0"},"west":{"uv":[2.875,1.5,2.625,2.75],"rotation":180,"texture":"#0"},"up":{"uv":[2.875,1.5,2.625,2.75],"rotation":270,"texture":"#0"},"down":{"uv":[4.125,2.75,5.375,2.5],"rotation":180,"texture":"#0"}}},{"from":[16,10,21],"to":[16,31,32],"rotation":{"angle":45,"axis":"x","origin":[26,17,7]},"faces":{"north":{"uv":[0,0,0,5.25],"texture":"#0"},"east":{"uv":[10,3.25,7.25,8.5],"texture":"#0"},"south":{"uv":[0,0,0,5.25],"texture":"#0"},"west":{"uv":[7.25,3.25,10,8.5],"texture":"#0"},"up":{"uv":[2.75,0,0,0],"rotation":90,"texture":"#0"},"down":{"uv":[2.75,0,0,0],"rotation":270,"texture":"#0"}}},{"from":[0,10,21],"to":[0,31,32],"rotation":{"angle":45,"axis":"x","origin":[-10,17,7]},"faces":{"north":{"uv":[0,0,0,5.25],"texture":"#0"},"east":{"uv":[10,3.25,7.25,8.5],"texture":"#0"},"south":{"uv":[0,0,0,5.25],"texture":"#0"},"west":{"uv":[7.25,3.25,10,8.5],"texture":"#0"},"up":{"uv":[2.75,0,0,0],"rotation":90,"texture":"#0"},"down":{"uv":[2.75,0,0,0],"rotation":270,"texture":"#0"}}},{"from":[-4.98249,-15.42965,11.28955],"to":[-4.98249,1.57035,25.28955],"rotation":{"angle":45,"axis":"x","origin":[-4.98249,-4.92965,17.28955]},"faces":{"north":{"uv":[7.5,0,7.5,16],"rotation":180,"texture":"#1"},"east":{"uv":[0,14,16,0],"rotation":90,"texture":"#1"},"south":{"uv":[6.875,0,6.875,16],"texture":"#1"},"west":{"uv":[16,14,0,0],"rotation":270,"texture":"#1"},"up":{"uv":[8.125,16,8.125,2],"texture":"#1"},"down":{"uv":[8.125,16,8.125,2],"rotation":180,"texture":"#1"}}},{"from":[20.98249,-15.42965,11.28955],"to":[20.98249,1.57035,25.28955],"rotation":{"angle":45,"axis":"x","origin":[20.98249,-4.92965,17.28955]},"faces":{"north":{"uv":[7.5,0,7.5,16],"rotation":180,"texture":"#1"},"east":{"uv":[16,0,0,14],"rotation":270,"texture":"#1"},"south":{"uv":[6.875,0,6.875,16],"texture":"#1"},"west":{"uv":[0,0,16,14],"rotation":90,"texture":"#1"},"up":{"uv":[8.125,16,8.125,2],"texture":"#1"},"down":{"uv":[8.125,16,8.125,2],"rotation":180,"texture":"#1"}}},{"from":[-1,-0.6,-1.7],"to":[1,1.9,17.3],"rotation":{"angle":-22.5,"axis":"x","origin":[0,1,3.8]},"faces":{"north":{"uv":[1.25,2,1.75,2.625],"texture":"#0"},"east":{"uv":[12.5,9.5,7.75,10.125],"texture":"#0"},"south":{"uv":[1.25,2.625,1.75,3.25],"texture":"#0"},"west":{"uv":[7.75,9.5,12.5,10.125],"texture":"#0"},"up":{"uv":[0,4,0.5,8.75],"texture":"#0"},"down":{"uv":[0.5,4,1,8.75],"texture":"#0"}}},{"from":[-1.25,0,2.8],"to":[1.25,2,10.8],"rotation":{"angle":-45,"axis":"x","origin":[0,1,3.8]},"faces":{"north":{"uv":[0,1.5,0.625,2],"texture":"#0"},"east":{"uv":[2.625,1.5,0.625,2],"texture":"#0"},"south":{"uv":[0,1.5,0.625,2],"texture":"#0"},"west":{"uv":[0.625,1.5,2.625,2],"texture":"#0"},"up":{"uv":[0.625,2,1.25,4],"texture":"#0"},"down":{"uv":[0,2,0.625,4],"texture":"#0"}}},{"from":[-1.5,4.21005,8.02893],"to":[1.5,6.71005,15.02893],"rotation":{"angle":0,"axis":"y","origin":[0,6.7,8.1]},"faces":{"north":{"uv":[1.75,2.75,2.5,3.375],"texture":"#0"},"east":{"uv":[3.625,4.75,5.375,5.375],"texture":"#0"},"south":{"uv":[2.75,3.375,3.5,4],"texture":"#0"},"west":{"uv":[2.5,2.75,4.25,3.375],"texture":"#0"},"up":{"uv":[1.25,3.375,2,5.125],"texture":"#0"},"down":{"uv":[2,3.375,2.75,5.125],"texture":"#0"}}},{"from":[2,4,0],"to":[2,19,15],"faces":{"north":{"uv":[0,0,0,16],"texture":"#3"},"east":{"uv":[16,0,1,15],"texture":"#3"},"south":{"uv":[0,0,0,16],"texture":"#3"},"west":{"uv":[1,0,16,15],"texture":"#3"},"up":{"uv":[0,0,0,16],"texture":"#3"},"down":{"uv":[0,0,0,16],"texture":"#3"}}},{"from":[14,4,0],"to":[14,19,15],"rotation":{"angle":0,"axis":"y","origin":[16,0,0]},"faces":{"north":{"uv":[0,0,0,16],"texture":"#3"},"east":{"uv":[16,0,1,15],"texture":"#3"},"south":{"uv":[0,0,0,16],"texture":"#3"},"west":{"uv":[1,0,16,15],"texture":"#3"},"up":{"uv":[0,0,0,16],"texture":"#3"},"down":{"uv":[0,0,0,16],"texture":"#3"}}}],"gui_light":"front","display":{"thirdperson_righthand":{"translation":[0,2.75,1.5],"scale":[0.34,0.34,0.34]},"thirdperson_lefthand":{"translation":[0,2.75,1.5],"scale":[0.34,0.34,0.34]},"firstperson_righthand":{"rotation":[8,124,-10],"translation":[6.13,9.2,-17.5],"scale":[0.97656,0.97656,0.97656]},"firstperson_lefthand":{"rotation":[8,124,-10],"translation":[6.13,9.2,-17.5],"scale":[0.97656,0.97656,0.97656]},"ground":{"translation":[0,8.75,0],"scale":[0.38672,0.38672,0.38672]},"gui":{"rotation":[23,141,0],"translation":[-0.5,2.5,0],"scale":[0.38875,0.38875,0.38875]},"head":{"translation":[0,-14.5,0],"scale":[1.21484,1.21484,1.21484]},"fixed":{"rotation":[-90,0,0],"translation":[0,-2.25,-43],"scale":[1.8125,1.8125,1.8125]}}}