{"credit":"Made with Blockbench","texture_size":[64,64],"textures":{"0":"elitecreatures:ifrit_animated/tex4","1":"elitecreatures:ifrit_animated/hornfire","particle":"elitecreatures:ifrit_animated/tex4"},"elements":[{"from":[6.89134,3,7.94134],"to":[8.89134,16,9.94134],"rotation":{"angle":0,"axis":"y","origin":[7.94134,7.77172,8]},"faces":{"north":{"uv":[9.625,6.75,10.125,3.5],"texture":"#0"},"east":{"uv":[10.125,5.25,10.625,2],"texture":"#0"},"south":{"uv":[10.125,8.5,10.625,5.25],"texture":"#0"},"west":{"uv":[9.625,10,10.125,6.75],"texture":"#0"},"up":{"uv":[9.625,8,9.125,8.5],"rotation":90,"texture":"#0"},"down":{"uv":[9.625,8,9.125,8.5],"rotation":270,"texture":"#0"}}},{"from":[6.89134,-10,7.94134],"to":[8.89134,3,9.94134],"rotation":{"angle":0,"axis":"y","origin":[7.94134,7.77172,8]},"faces":{"north":{"uv":[10.625,5.25,10.125,8.5],"texture":"#0"},"east":{"uv":[10.625,2,10.125,5.25],"texture":"#0"},"south":{"uv":[10.125,3.5,9.625,6.75],"texture":"#0"},"west":{"uv":[10.125,6.75,9.625,10],"texture":"#0"},"up":{"uv":[9.125,8.5,9.625,8],"rotation":90,"texture":"#0"},"down":{"uv":[9.125,8.5,9.625,8],"rotation":270,"texture":"#0"}}},{"from":[6.39134,-8.16752,-6.60798],"to":[9.39134,-4.16752,-2.60798],"rotation":{"angle":-45,"axis":"x","origin":[7.94134,7.77172,8]},"faces":{"north":{"uv":[7.875,8,6.875,7.25],"rotation":90,"texture":"#0"},"east":{"uv":[9.625,7,8.625,8],"texture":"#0"},"south":{"uv":[8.625,7,7.875,8],"texture":"#0"},"west":{"uv":[8.625,8,9.625,7],"rotation":270,"texture":"#0"},"up":{"uv":[8.625,7,7.875,8],"rotation":180,"texture":"#0"},"down":{"uv":[6.875,8,7.875,7.25],"rotation":270,"texture":"#0"}}},{"from":[6.39134,0,7.44134],"to":[9.39134,1,10.44134],"rotation":{"angle":0,"axis":"y","origin":[7.94134,7.77172,8]},"faces":{"north":{"uv":[6.375,3.75,5.625,4],"texture":"#0"},"east":{"uv":[6.375,2.75,5.625,3],"texture":"#0"},"south":{"uv":[6.375,3.75,5.625,4],"texture":"#0"},"west":{"uv":[6.375,2.75,5.625,3],"texture":"#0"},"up":{"uv":[5.625,3.75,6.375,3],"rotation":90,"texture":"#0"},"down":{"uv":[5.625,4.75,6.375,4],"rotation":270,"texture":"#0"}}},{"from":[6.39134,-6,7.44134],"to":[9.39134,-5,10.44134],"rotation":{"angle":0,"axis":"y","origin":[7.94134,7.77172,8]},"faces":{"north":{"uv":[6.375,3.75,5.625,4],"texture":"#0"},"east":{"uv":[6.375,2.75,5.625,3],"texture":"#0"},"south":{"uv":[6.375,3.75,5.625,4],"texture":"#0"},"west":{"uv":[6.375,2.75,5.625,3],"texture":"#0"},"up":{"uv":[5.625,3.75,6.375,3],"rotation":90,"texture":"#0"},"down":{"uv":[5.625,4.75,6.375,4],"rotation":270,"texture":"#0"}}},{"from":[6.44134,12.69664,8.56772],"to":[9.44134,19.69664,11.06772],"rotation":{"angle":-22.5,"axis":"x","origin":[7.94134,7.77172,8]},"faces":{"north":{"uv":[1.25,3.375,2,5.125],"texture":"#0"},"east":{"uv":[2.5,3.375,4.25,2.75],"rotation":270,"texture":"#0"},"south":{"uv":[2,3.375,2.75,5.125],"rotation":180,"texture":"#0"},"west":{"uv":[4.25,3.375,2.5,2.75],"rotation":90,"texture":"#0"},"up":{"uv":[1.75,2.75,2.5,3.375],"texture":"#0"},"down":{"uv":[2.75,3.375,3.5,4],"rotation":180,"texture":"#0"}}},{"from":[7.19134,19.25,5.44134],"to":[8.69134,22.25,8.94134],"rotation":{"angle":0,"axis":"y","origin":[7.94134,7.77172,8]},"faces":{"north":{"uv":[7.625,8.375,7.125,9.125],"rotation":180,"texture":"#0"},"east":{"uv":[8.125,9.125,7.375,10],"rotation":270,"texture":"#0"},"south":{"uv":[0.5,4,0,4.75],"texture":"#0"},"west":{"uv":[7.375,9.125,8.125,10],"rotation":90,"texture":"#0"},"up":{"uv":[7.375,9.125,6.875,10],"rotation":180,"texture":"#0"},"down":{"uv":[8.125,8.25,7.625,9.125],"texture":"#0"}}},{"from":[7.94134,19.75,-1.55866],"to":[7.94134,23.25,2.44134],"rotation":{"angle":0,"axis":"y","origin":[7.94134,7.77172,8]},"faces":{"north":{"uv":[0,1.375,0,0.5],"rotation":180,"texture":"#0"},"east":{"uv":[1,1.375,0,0.5],"rotation":180,"texture":"#0"},"south":{"uv":[0,1.375,0,0.5],"rotation":180,"texture":"#0"},"west":{"uv":[0,1.375,1,0.5],"rotation":180,"texture":"#0"},"up":{"uv":[0,1.5,0,0.5],"rotation":180,"texture":"#0"},"down":{"uv":[0,0.5,0,1.5],"rotation":180,"texture":"#0"}}},{"from":[7.19134,19.75,1.94134],"to":[8.69134,21.75,5.44134],"rotation":{"angle":0,"axis":"y","origin":[7.94134,7.77172,8]},"faces":{"north":{"uv":[6,12.25,5.625,11.75],"rotation":180,"texture":"#0"},"east":{"uv":[6.875,12.25,6.375,11.375],"rotation":270,"texture":"#0"},"south":{"uv":[6.375,12.25,6,11.75],"texture":"#0"},"west":{"uv":[6.375,12.25,6.875,11.375],"rotation":90,"texture":"#0"},"up":{"uv":[5.625,10.875,6,11.75],"texture":"#0"},"down":{"uv":[6,10.875,6.375,11.75],"rotation":180,"texture":"#0"}}},{"from":[8.94134,12.25279,13.81233],"to":[9.94134,17.25279,18.81233],"rotation":{"angle":-45,"axis":"x","origin":[7.94134,7.77172,8]},"faces":{"north":{"uv":[5,0.75,6.25,0.5],"rotation":270,"texture":"#0"},"east":{"uv":[5.25,2,6.5,0.75],"rotation":90,"texture":"#0"},"south":{"uv":[5.25,0.75,5,2],"rotation":180,"texture":"#0"},"west":{"uv":[6.5,0.75,5.25,2],"rotation":180,"texture":"#0"},"up":{"uv":[5.25,0.75,5,2],"rotation":180,"texture":"#0"},"down":{"uv":[5,0.75,6.25,0.5],"rotation":270,"texture":"#0"}}},{"from":[6.94134,12.25279,13.81233],"to":[8.94134,17.25279,18.81233],"rotation":{"angle":-45,"axis":"x","origin":[7.94134,7.77172,8]},"faces":{"north":{"uv":[3.125,5.875,4.375,5.375],"rotation":270,"texture":"#0"},"east":{"uv":[4.375,6.625,5.625,5.375],"rotation":90,"texture":"#0"},"south":{"uv":[6.125,5.375,5.625,6.625],"rotation":180,"texture":"#0"},"west":{"uv":[5.625,5.375,4.375,6.625],"rotation":180,"texture":"#0"},"up":{"uv":[6.125,6.625,5.625,5.375],"rotation":180,"texture":"#0"},"down":{"uv":[3.125,5.875,4.375,5.375],"rotation":270,"texture":"#0"}}},{"from":[5.94134,12.25279,13.81233],"to":[6.94134,17.25279,18.81233],"rotation":{"angle":-45,"axis":"x","origin":[7.94134,7.77172,8]},"faces":{"north":{"uv":[5,0.5,6.25,0.75],"rotation":270,"texture":"#0"},"east":{"uv":[5.25,0.75,6.5,2],"rotation":180,"texture":"#0"},"south":{"uv":[5,0.75,5.25,2],"rotation":180,"texture":"#0"},"west":{"uv":[5.25,0.75,6.5,2],"rotation":90,"texture":"#0"},"up":{"uv":[5,0.75,5.25,2],"rotation":180,"texture":"#0"},"down":{"uv":[5,0.5,6.25,0.75],"rotation":270,"texture":"#0"}}},{"from":[7.44134,23.8757,8.42465],"to":[8.44134,27.8757,9.92465],"rotation":{"angle":22.5,"axis":"x","origin":[7.94134,7.77172,8]},"faces":{"north":{"uv":[4,3.375,4.25,4.375],"rotation":180,"texture":"#0"},"east":{"uv":[5.5,2.75,4.5,3.125],"rotation":90,"texture":"#0"},"south":{"uv":[4.25,3.5,4.5,4.5],"texture":"#0"},"west":{"uv":[4.5,2.75,5.5,3.125],"rotation":270,"texture":"#0"},"up":{"uv":[4.25,2.75,4.5,3.125],"texture":"#0"},"down":{"uv":[4.25,3.125,4.5,3.5],"rotation":180,"texture":"#0"}}},{"from":[7.19134,12.15208,20.61771],"to":[8.69134,14.15208,23.61771],"rotation":{"angle":-45,"axis":"x","origin":[7.94134,7.77172,8]},"faces":{"north":{"uv":[1.25,5.125,1.625,5.625],"texture":"#0"},"east":{"uv":[2.375,5.125,1.625,5.625],"texture":"#0"},"south":{"uv":[1.25,5.125,1.625,5.625],"texture":"#0"},"west":{"uv":[1.625,5.125,2.375,5.625],"texture":"#0"},"up":{"uv":[2.375,5.125,2.75,5.875],"texture":"#0"},"down":{"uv":[2.75,5.375,3.125,6.125],"texture":"#0"}}},{"from":[6.94134,16.62211,14.96002],"to":[8.94134,19.12211,17.96002],"rotation":{"angle":-22.5,"axis":"x","origin":[7.94134,7.77172,8]},"faces":{"north":{"uv":[2.75,4,3.25,4.625],"texture":"#0"},"east":{"uv":[4,4,3.25,4.625],"texture":"#0"},"south":{"uv":[3.5,3.375,4,4],"texture":"#0"},"west":{"uv":[3.25,4,4,4.625],"texture":"#0"},"up":{"uv":[2.75,4.625,3.25,5.375],"texture":"#0"},"down":{"uv":[3.25,4.625,3.75,5.375],"texture":"#0"}}},{"from":[7.69134,26.51143,0.73538],"to":[8.19134,30.51143,2.23538],"rotation":{"angle":45,"axis":"x","origin":[7.94134,7.77172,8]},"faces":{"north":{"uv":[4.5,3.625,4.625,4.625],"rotation":180,"texture":"#0"},"east":{"uv":[5.625,3.25,4.625,3.625],"rotation":90,"texture":"#0"},"south":{"uv":[4.625,3.625,4.75,4.625],"texture":"#0"},"west":{"uv":[4.625,3.25,5.625,3.625],"rotation":270,"texture":"#0"},"up":{"uv":[4.5,3.25,4.625,3.625],"texture":"#0"},"down":{"uv":[4.5,3.25,4.625,3.625],"rotation":180,"texture":"#0"}}},{"from":[7.89134,7.26686,11.68155],"to":[7.89134,21.26686,28.68155],"rotation":{"angle":-22.5,"axis":"x","origin":[7.94134,7.77172,8]},"faces":{"north":{"uv":[8.125,2,8.125,16],"rotation":180,"texture":"#1"},"east":{"uv":[16,0,0,14],"rotation":180,"texture":"#1"},"south":{"uv":[8.125,2,8.125,16],"rotation":180,"texture":"#1"},"west":{"uv":[0,0,16,14],"rotation":180,"texture":"#1"},"up":{"uv":[7.5,0,7.5,16],"texture":"#1"},"down":{"uv":[6.875,0,6.875,16],"texture":"#1"}}},{"from":[7.44134,9.66378,9.32957],"to":[8.44134,13.66378,10.82957],"rotation":{"angle":22.5,"axis":"x","origin":[7.94134,7.77172,8]},"faces":{"north":{"uv":[4.25,3.375,4,4.375],"texture":"#0"},"east":{"uv":[5.5,3.125,4.5,2.75],"rotation":270,"texture":"#0"},"south":{"uv":[4.5,3.5,4.25,4.5],"rotation":180,"texture":"#0"},"west":{"uv":[4.5,3.125,5.5,2.75],"rotation":90,"texture":"#0"},"up":{"uv":[4.25,3.5,4.5,3.125],"rotation":180,"texture":"#0"},"down":{"uv":[4.25,3.125,4.5,2.75],"texture":"#0"}}},{"from":[7.19134,12.12941,10.8732],"to":[8.69134,15.12941,12.8732],"rotation":{"angle":0,"axis":"y","origin":[7.94134,7.77172,8]},"faces":{"north":{"uv":[2.75,5.125,2.375,5.875],"texture":"#0"},"east":{"uv":[2.375,5.625,1.625,5.125],"rotation":270,"texture":"#0"},"south":{"uv":[3.125,5.375,2.75,6.125],"rotation":180,"texture":"#0"},"west":{"uv":[1.625,5.625,2.375,5.125],"rotation":90,"texture":"#0"},"up":{"uv":[1.25,5.625,1.625,5.125],"rotation":180,"texture":"#0"},"down":{"uv":[1.25,5.625,1.625,5.125],"texture":"#0"}}},{"from":[7.69134,5.00741,9.98894],"to":[8.19134,9.00741,11.48894],"rotation":{"angle":0,"axis":"y","origin":[7.94134,7.77172,8]},"faces":{"north":{"uv":[4.625,3.625,4.5,4.625],"texture":"#0"},"east":{"uv":[5.625,3.625,4.625,3.25],"rotation":270,"texture":"#0"},"south":{"uv":[4.75,3.625,4.625,4.625],"rotation":180,"texture":"#0"},"west":{"uv":[4.625,3.625,5.625,3.25],"rotation":90,"texture":"#0"},"up":{"uv":[4.5,3.625,4.625,3.25],"rotation":180,"texture":"#0"},"down":{"uv":[4.5,3.625,4.625,3.25],"texture":"#0"}}},{"from":[6.94134,12.72537,12.84304],"to":[8.94134,15.72537,15.34304],"rotation":{"angle":-22.5,"axis":"x","origin":[7.94134,7.77172,8]},"faces":{"north":{"uv":[3.25,4.625,2.75,5.375],"texture":"#0"},"east":{"uv":[4,4.625,3.25,4],"rotation":270,"texture":"#0"},"south":{"uv":[3.75,4.625,3.25,5.375],"rotation":180,"texture":"#0"},"west":{"uv":[3.25,4.625,4,4],"rotation":90,"texture":"#0"},"up":{"uv":[2.75,4.625,3.25,4],"rotation":180,"texture":"#0"},"down":{"uv":[3.5,4,4,3.375],"texture":"#0"}}},{"from":[7.94134,-14.5,4.94134],"to":[7.94134,-8.5,8.94134],"rotation":{"angle":0,"axis":"y","origin":[7.94134,7.77172,8]},"faces":{"north":{"uv":[0,0,1.25,0],"rotation":270,"texture":"#0"},"east":{"uv":[9.625,7,8.125,6],"rotation":270,"texture":"#0"},"south":{"uv":[0,0,1.25,0],"rotation":270,"texture":"#0"},"west":{"uv":[8.125,7,9.625,6],"rotation":90,"texture":"#0"},"up":{"uv":[0,1,0,0],"rotation":180,"texture":"#0"},"down":{"uv":[0,1,0,0],"texture":"#0"}}},{"from":[7.94134,-14.5,8.94134],"to":[7.94134,-8.5,12.94134],"rotation":{"angle":0,"axis":"y","origin":[7.94134,7.77172,8]},"faces":{"north":{"uv":[0,0,1.25,0],"rotation":270,"texture":"#0"},"east":{"uv":[9.625,6,8.125,7],"rotation":270,"texture":"#0"},"south":{"uv":[0,0,1.25,0],"rotation":270,"texture":"#0"},"west":{"uv":[8.125,6,9.625,7],"rotation":90,"texture":"#0"},"up":{"uv":[0,0,0,1],"rotation":180,"texture":"#0"},"down":{"uv":[0,0,0,1],"texture":"#0"}}},{"from":[7.94134,9,-13.05866],"to":[7.94134,21,8.94134],"rotation":{"angle":0,"axis":"y","origin":[7.94134,7.77172,8]},"faces":{"north":{"uv":[0,0,0,12],"texture":"#0"},"east":{"uv":[0,16,3,10.5],"rotation":90,"texture":"#0"},"south":{"uv":[0,0,0,12],"texture":"#0"},"west":{"uv":[0,10.5,3,16],"rotation":90,"texture":"#0"},"up":{"uv":[0,0,22,0],"rotation":270,"texture":"#0"},"down":{"uv":[0,0,22,0],"rotation":90,"texture":"#0"}}},{"from":[7.44134,20.73835,11.46253],"to":[8.44134,23.23835,12.96253],"rotation":{"angle":-22.5,"axis":"x","origin":[7.94134,7.77172,8]},"faces":{"north":{"uv":[2.5,7.875,2.25,8.5],"rotation":180,"texture":"#0"},"east":{"uv":[2.125,7.625,1.75,8.25],"rotation":180,"texture":"#0"},"south":{"uv":[2.5,7.25,2.25,7.875],"rotation":180,"texture":"#0"},"west":{"uv":[2.125,7.625,1.75,8.25],"rotation":180,"texture":"#0"},"up":{"uv":[2.75,7.25,2.5,7.625],"texture":"#0"},"down":{"uv":[2.75,7.625,2.5,8],"texture":"#0"}}},{"from":[7.69134,15,-3.05866],"to":[8.19134,19,8.94134],"rotation":{"angle":0,"axis":"y","origin":[7.94134,7.77172,8]},"faces":{"north":{"uv":[0.625,13.5,1.625,13.625],"rotation":90,"texture":"#0"},"east":{"uv":[0.625,13.625,1.625,10.625],"rotation":90,"texture":"#0"},"south":{"uv":[0.625,13.5,1.625,13.625],"rotation":90,"texture":"#0"},"west":{"uv":[0.625,10.625,1.625,13.625],"rotation":90,"texture":"#0"},"up":{"uv":[0.625,10.625,0.75,13.625],"texture":"#0"},"down":{"uv":[1.5,10.625,1.625,13.625],"rotation":180,"texture":"#0"}}}],"gui_light":"front","display":{"thirdperson_righthand":{"translation":[0,4.75,1.5],"scale":[0.66,0.66,0.66]},"thirdperson_lefthand":{"translation":[0,4.75,1.5],"scale":[0.66,0.66,0.66]},"firstperson_righthand":{"rotation":[-12,15,3],"translation":[5.75,3.5,-6.5],"scale":[0.76172,0.76172,0.76172]},"firstperson_lefthand":{"rotation":[-12,15,3],"translation":[5.75,3.5,-6.5],"scale":[0.76172,0.76172,0.76172]},"ground":{"rotation":[0,0,90],"translation":[-1,0.25,0],"scale":[0.5,0.5,0.5]},"gui":{"rotation":[90,130,-90],"translation":[0.5,-0.75,-1.25],"scale":[0.38336,0.38336,0.38336]},"head":{"rotation":[90,-168,90],"translation":[-0.5,11.75,0],"scale":[0.56,0.56,0.56]},"fixed":{"rotation":[0,90,0],"translation":[0,-1.75,-2.25],"scale":[1.28016,1.28016,1.28016]}}}