{
	"parent": "item/handheld",
	"textures": {
		"0": "item/opaline_lance",
		"particle": "item/opaline_lance"
	},
	"elements": [
		{
			"name": "opaline_lance_0",
			"from": [7.9375, 17.625, 7.96875],
			"to": [8.0625, 19, 8.03125],
			"rotation": {"angle": 0, "axis": "y", "origin": [0.0625, 0, 7.9375]},
			"faces": {
				"north": {"uv": [5.25, 0.125, 5.125, 1.5], "texture": "#0"},
				"east": {"uv": [5.125, 0.125, 5.25, 1.5], "texture": "#0"},
				"south": {"uv": [5.125, 0.125, 5.25, 1.5], "texture": "#0"},
				"west": {"uv": [5.125, 0.125, 5.25, 1.5], "texture": "#0"},
				"up": {"uv": [5.125, 0.125, 5.25, 0.25], "texture": "#0"},
				"down": {"uv": [5.125, 1.375, 5.25, 1.5], "texture": "#0"}
			}
		},
		{
			"name": "opaline_lance_1",
			"from": [7.3125, 16.75, 7.96875],
			"to": [7.4375, 17.875, 8.03125],
			"rotation": {"angle": 0, "axis": "y", "origin": [0.0625, 0, 7.9375]},
			"faces": {
				"north": {"uv": [7.375, 1.25, 7.25, 2.375], "texture": "#0"},
				"east": {"uv": [7.25, 1.25, 7.375, 2.375], "texture": "#0"},
				"south": {"uv": [7.25, 1.25, 7.375, 2.375], "texture": "#0"},
				"west": {"uv": [7.25, 1.25, 7.375, 2.375], "texture": "#0"},
				"up": {"uv": [7.25, 1.25, 7.375, 1.375], "texture": "#0"},
				"down": {"uv": [7.25, 2.25, 7.375, 2.375], "texture": "#0"}
			}
		},
		{
			"name": "opaline_lance_2",
			"from": [8.5625, 16.75, 7.96875],
			"to": [8.6875, 17.875, 8.03125],
			"rotation": {"angle": 0, "axis": "y", "origin": [0.0625, 0, 7.9375]},
			"faces": {
				"north": {"uv": [8.625, 1.25, 8.5, 2.375], "texture": "#0"},
				"east": {"uv": [8.5, 1.25, 8.625, 2.375], "texture": "#0"},
				"south": {"uv": [8.5, 1.25, 8.625, 2.375], "texture": "#0"},
				"west": {"uv": [8.5, 1.25, 8.625, 2.375], "texture": "#0"},
				"up": {"uv": [8.5, 1.25, 8.625, 1.375], "texture": "#0"},
				"down": {"uv": [8.5, 2.25, 8.625, 2.375], "texture": "#0"}
			}
		},
		{
			"name": "opaline_lance_3",
			"from": [7.8125, 16.75, 7.96875],
			"to": [7.9375, 17.625, 8.03125],
			"rotation": {"angle": 0, "axis": "y", "origin": [0.0625, 0, 7.9375]},
			"faces": {
				"north": {"uv": [5.125, 1.5, 5, 2.375], "texture": "#0"},
				"east": {"uv": [5, 1.5, 5.125, 2.375], "texture": "#0"},
				"south": {"uv": [5, 1.5, 5.125, 2.375], "texture": "#0"},
				"west": {"uv": [5, 1.5, 5.125, 2.375], "texture": "#0"},
				"up": {"uv": [5, 1.5, 5.125, 1.625], "texture": "#0"},
				"down": {"uv": [5, 2.25, 5.125, 2.375], "texture": "#0"}
			}
		},
		{
			"name": "opaline_lance_4",
			"from": [8.0625, 16.875, 7.96875],
			"to": [8.1875, 17.625, 8.03125],
			"rotation": {"angle": 0, "axis": "y", "origin": [0.0625, 0, 7.9375]},
			"faces": {
				"north": {"uv": [5.375, 1.5, 5.25, 2.25], "texture": "#0"},
				"east": {"uv": [5.25, 1.5, 5.375, 2.25], "texture": "#0"},
				"south": {"uv": [5.25, 1.5, 5.375, 2.25], "texture": "#0"},
				"west": {"uv": [5.25, 1.5, 5.375, 2.25], "texture": "#0"},
				"up": {"uv": [5.25, 1.5, 5.375, 1.625], "texture": "#0"},
				"down": {"uv": [5.25, 2.125, 5.375, 2.25], "texture": "#0"}
			}
		},
		{
			"name": "opaline_lance_5",
			"from": [7.9375, 16.5, 7.9375],
			"to": [8.0625, 17.625, 8.0625],
			"rotation": {"angle": 0, "axis": "y", "origin": [0.0625, 0, 7.9375]},
			"faces": {
				"north": {"uv": [8, 1.5, 7.875, 2.625], "texture": "#0"},
				"east": {"uv": [7.875, 1.5, 8, 2.625], "texture": "#0"},
				"south": {"uv": [7.875, 1.5, 8, 2.625], "texture": "#0"},
				"west": {"uv": [7.875, 1.5, 8, 2.625], "texture": "#0"},
				"up": {"uv": [7.875, 1.5, 8, 1.625], "texture": "#0"},
				"down": {"uv": [7.875, 2.5, 8, 2.625], "texture": "#0"}
			}
		},
		{
			"name": "opaline_lance_6",
			"from": [7.1875, 16.125, 7.96875],
			"to": [7.3125, 17.375, 8.03125],
			"rotation": {"angle": 0, "axis": "y", "origin": [0.0625, 0, 7.9375]},
			"faces": {
				"north": {"uv": [7.25, 1.75, 7.125, 3], "texture": "#0"},
				"east": {"uv": [7.125, 1.75, 7.25, 3], "texture": "#0"},
				"south": {"uv": [7.125, 1.75, 7.25, 3], "texture": "#0"},
				"west": {"uv": [7.125, 1.75, 7.25, 3], "texture": "#0"},
				"up": {"uv": [7.125, 1.75, 7.25, 1.875], "texture": "#0"},
				"down": {"uv": [7.125, 2.875, 7.25, 3], "texture": "#0"}
			}
		},
		{
			"name": "opaline_lance_7",
			"from": [8.6875, 16.125, 7.96875],
			"to": [8.8125, 17.375, 8.03125],
			"rotation": {"angle": 0, "axis": "y", "origin": [0.0625, 0, 7.9375]},
			"faces": {
				"north": {"uv": [8.75, 1.75, 8.625, 3], "texture": "#0"},
				"east": {"uv": [8.625, 1.75, 8.75, 3], "texture": "#0"},
				"south": {"uv": [8.625, 1.75, 8.75, 3], "texture": "#0"},
				"west": {"uv": [8.625, 1.75, 8.75, 3], "texture": "#0"},
				"up": {"uv": [8.625, 1.75, 8.75, 1.875], "texture": "#0"},
				"down": {"uv": [8.625, 2.875, 8.75, 3], "texture": "#0"}
			}
		},
		{
			"name": "opaline_lance_8",
			"from": [7.0625, 16, 7.96875],
			"to": [7.1875, 16.875, 8.03125],
			"rotation": {"angle": 0, "axis": "y", "origin": [0.0625, 0, 7.9375]},
			"faces": {
				"north": {"uv": [7.125, 2.25, 7, 3.125], "texture": "#0"},
				"east": {"uv": [7, 2.25, 7.125, 3.125], "texture": "#0"},
				"south": {"uv": [7, 2.25, 7.125, 3.125], "texture": "#0"},
				"west": {"uv": [7, 2.25, 7.125, 3.125], "texture": "#0"},
				"up": {"uv": [7, 2.25, 7.125, 2.375], "texture": "#0"},
				"down": {"uv": [7, 3, 7.125, 3.125], "texture": "#0"}
			}
		},
		{
			"name": "opaline_lance_9",
			"from": [8.0625, 16, 7.9375],
			"to": [8.1875, 16.75, 8.0625],
			"rotation": {"angle": 0, "axis": "y", "origin": [0.0625, 0, 7.9375]},
			"faces": {
				"north": {"uv": [8.125, 2.25, 8, 3.125], "texture": "#0"},
				"east": {"uv": [8, 2.25, 8.125, 3.125], "texture": "#0"},
				"south": {"uv": [8, 2.25, 8.125, 3.125], "texture": "#0"},
				"west": {"uv": [8, 2.25, 8.125, 3.125], "texture": "#0"},
				"up": {"uv": [8, 2.25, 8.125, 2.375], "texture": "#0"},
				"down": {"uv": [8, 3, 8.125, 3.125], "texture": "#0"}
			}
		},
		{
			"name": "opaline_lance_9",
			"from": [8.0625, 16.75, 7.96875],
			"to": [8.1875, 16.875, 8.03125],
			"rotation": {"angle": 0, "axis": "y", "origin": [0.0625, 0, 7.9375]},
			"faces": {
				"north": {"uv": [8.125, 2.25, 8, 3.125], "texture": "#0"},
				"east": {"uv": [8, 2.25, 8.125, 3.125], "texture": "#0"},
				"south": {"uv": [8, 2.25, 8.125, 3.125], "texture": "#0"},
				"west": {"uv": [8, 2.25, 8.125, 3.125], "texture": "#0"},
				"up": {"uv": [8, 2.25, 8.125, 2.375], "texture": "#0"},
				"down": {"uv": [8, 3, 8.125, 3.125], "texture": "#0"}
			}
		},
		{
			"name": "opaline_lance_10",
			"from": [8.8125, 16, 7.96875],
			"to": [8.9375, 16.875, 8.03125],
			"rotation": {"angle": 0, "axis": "y", "origin": [0.0625, 0, 7.9375]},
			"faces": {
				"north": {"uv": [8.875, 2.25, 8.75, 3.125], "texture": "#0"},
				"east": {"uv": [8.75, 2.25, 8.875, 3.125], "texture": "#0"},
				"south": {"uv": [8.75, 2.25, 8.875, 3.125], "texture": "#0"},
				"west": {"uv": [8.75, 2.25, 8.875, 3.125], "texture": "#0"},
				"up": {"uv": [8.75, 2.25, 8.875, 2.375], "texture": "#0"},
				"down": {"uv": [8.75, 3, 8.875, 3.125], "texture": "#0"}
			}
		},
		{
			"name": "opaline_lance_11",
			"from": [7.6875, 16.375, 7.96875],
			"to": [7.8125, 16.75, 8.03125],
			"rotation": {"angle": 0, "axis": "y", "origin": [0.0625, 0, 7.9375]},
			"faces": {
				"north": {"uv": [5, 2.375, 4.875, 2.75], "texture": "#0"},
				"east": {"uv": [4.875, 2.375, 5, 2.75], "texture": "#0"},
				"south": {"uv": [4.875, 2.375, 5, 2.75], "texture": "#0"},
				"west": {"uv": [4.875, 2.375, 5, 2.75], "texture": "#0"},
				"up": {"uv": [4.875, 2.375, 5, 2.5], "texture": "#0"},
				"down": {"uv": [4.875, 2.625, 5, 2.75], "texture": "#0"}
			}
		},
		{
			"name": "opaline_lance_12",
			"from": [8.1875, 16.375, 7.96875],
			"to": [8.3125, 16.75, 8.03125],
			"rotation": {"angle": 0, "axis": "y", "origin": [0.0625, 0, 7.9375]},
			"faces": {
				"north": {"uv": [5.5, 2.375, 5.375, 2.75], "texture": "#0"},
				"east": {"uv": [5.375, 2.375, 5.5, 2.75], "texture": "#0"},
				"south": {"uv": [5.375, 2.375, 5.5, 2.75], "texture": "#0"},
				"west": {"uv": [5.375, 2.375, 5.5, 2.75], "texture": "#0"},
				"up": {"uv": [5.375, 2.375, 5.5, 2.5], "texture": "#0"},
				"down": {"uv": [5.375, 2.625, 5.5, 2.75], "texture": "#0"}
			}
		},
		{
			"name": "opaline_lance_13",
			"from": [7.8125, 16, 7.9375],
			"to": [7.9375, 16.75, 8.0625],
			"rotation": {"angle": 0, "axis": "y", "origin": [0.0625, 0, 7.9375]},
			"faces": {
				"north": {"uv": [7.875, 2.375, 7.75, 3.125], "texture": "#0"},
				"east": {"uv": [7.75, 2.375, 7.875, 3.125], "texture": "#0"},
				"south": {"uv": [7.75, 2.375, 7.875, 3.125], "texture": "#0"},
				"west": {"uv": [7.75, 2.375, 7.875, 3.125], "texture": "#0"},
				"up": {"uv": [7.75, 2.375, 7.875, 2.5], "texture": "#0"},
				"down": {"uv": [7.75, 3, 7.875, 3.125], "texture": "#0"}
			}
		},
		{
			"name": "opaline_lance_14",
			"from": [6.9375, 16, 7.96875],
			"to": [7.0625, 16.625, 8.03125],
			"rotation": {"angle": 0, "axis": "y", "origin": [0.0625, 0, 7.9375]},
			"faces": {
				"north": {"uv": [7, 2.5, 6.875, 3.125], "texture": "#0"},
				"east": {"uv": [6.875, 2.5, 7, 3.125], "texture": "#0"},
				"south": {"uv": [6.875, 2.5, 7, 3.125], "texture": "#0"},
				"west": {"uv": [6.875, 2.5, 7, 3.125], "texture": "#0"},
				"up": {"uv": [6.875, 2.5, 7, 2.625], "texture": "#0"},
				"down": {"uv": [6.875, 3, 7, 3.125], "texture": "#0"}
			}
		},
		{
			"name": "opaline_lance_15",
			"from": [8.9375, 16, 7.96875],
			"to": [9.0625, 16.625, 8.03125],
			"rotation": {"angle": 0, "axis": "y", "origin": [0.0625, 0, 7.9375]},
			"faces": {
				"north": {"uv": [9, 2.5, 8.875, 3.125], "texture": "#0"},
				"east": {"uv": [8.875, 2.5, 9, 3.125], "texture": "#0"},
				"south": {"uv": [8.875, 2.5, 9, 3.125], "texture": "#0"},
				"west": {"uv": [8.875, 2.5, 9, 3.125], "texture": "#0"},
				"up": {"uv": [8.875, 2.5, 9, 2.625], "texture": "#0"},
				"down": {"uv": [8.875, 3, 9, 3.125], "texture": "#0"}
			}
		},
		{
			"name": "opaline_lance_16",
			"from": [7.9375, 15.625, 7.90625],
			"to": [8.0625, 16.5, 8.09375],
			"rotation": {"angle": 0, "axis": "y", "origin": [0.0625, 0, 7.9375]},
			"faces": {
				"north": {"uv": [12.5, 2.625, 12.375, 3.5], "texture": "#0"},
				"east": {"uv": [12.375, 2.625, 12.5, 3.5], "texture": "#0"},
				"south": {"uv": [12.375, 2.625, 12.5, 3.5], "texture": "#0"},
				"west": {"uv": [12.375, 2.625, 12.5, 3.5], "texture": "#0"},
				"up": {"uv": [12.375, 2.625, 12.5, 2.75], "texture": "#0"},
				"down": {"uv": [12.375, 3.375, 12.5, 3.5], "texture": "#0"}
			}
		},
		{
			"name": "opaline_lance_17",
			"from": [7.5625, 16.125, 7.96875],
			"to": [7.6875, 16.375, 8.03125],
			"rotation": {"angle": 0, "axis": "y", "origin": [0.0625, 0, 7.9375]},
			"faces": {
				"north": {"uv": [4.875, 2.75, 4.75, 3], "texture": "#0"},
				"east": {"uv": [4.75, 2.75, 4.875, 3], "texture": "#0"},
				"south": {"uv": [4.75, 2.75, 4.875, 3], "texture": "#0"},
				"west": {"uv": [4.75, 2.75, 4.875, 3], "texture": "#0"},
				"up": {"uv": [4.75, 2.75, 4.875, 2.875], "texture": "#0"},
				"down": {"uv": [4.75, 2.875, 4.875, 3], "texture": "#0"}
			}
		},
		{
			"name": "opaline_lance_18",
			"from": [8.3125, 16.125, 7.96875],
			"to": [8.4375, 16.375, 8.03125],
			"rotation": {"angle": 0, "axis": "y", "origin": [0.0625, 0, 7.9375]},
			"faces": {
				"north": {"uv": [5.625, 2.75, 5.5, 3], "texture": "#0"},
				"east": {"uv": [5.5, 2.75, 5.625, 3], "texture": "#0"},
				"south": {"uv": [5.5, 2.75, 5.625, 3], "texture": "#0"},
				"west": {"uv": [5.5, 2.75, 5.625, 3], "texture": "#0"},
				"up": {"uv": [5.5, 2.75, 5.625, 2.875], "texture": "#0"},
				"down": {"uv": [5.5, 2.875, 5.625, 3], "texture": "#0"}
			}
		},
		{
			"name": "opaline_lance_19",
			"from": [6.8125, 16, 7.96875],
			"to": [6.9375, 16.375, 8.03125],
			"rotation": {"angle": 0, "axis": "y", "origin": [0.0625, 0, 7.9375]},
			"faces": {
				"north": {"uv": [6.875, 2.75, 6.75, 3.125], "texture": "#0"},
				"east": {"uv": [6.75, 2.75, 6.875, 3.125], "texture": "#0"},
				"south": {"uv": [6.75, 2.75, 6.875, 3.125], "texture": "#0"},
				"west": {"uv": [6.75, 2.75, 6.875, 3.125], "texture": "#0"},
				"up": {"uv": [6.75, 2.75, 6.875, 2.875], "texture": "#0"},
				"down": {"uv": [6.75, 3, 6.875, 3.125], "texture": "#0"}
			}
		},
		{
			"name": "opaline_lance_20",
			"from": [7.6875, 16.125, 7.9375],
			"to": [7.8125, 16.375, 8.0625],
			"rotation": {"angle": 0, "axis": "y", "origin": [0.0625, 0, 7.9375]},
			"faces": {
				"north": {"uv": [7.75, 2.75, 7.625, 3], "texture": "#0"},
				"east": {"uv": [7.625, 2.75, 7.75, 3], "texture": "#0"},
				"south": {"uv": [7.625, 2.75, 7.75, 3], "texture": "#0"},
				"west": {"uv": [7.625, 2.75, 7.75, 3], "texture": "#0"},
				"up": {"uv": [7.625, 2.75, 7.75, 2.875], "texture": "#0"},
				"down": {"uv": [7.625, 2.875, 7.75, 3], "texture": "#0"}
			}
		},
		{
			"name": "opaline_lance_21",
			"from": [8.1875, 16.125, 7.9375],
			"to": [8.3125, 16.375, 8.0625],
			"rotation": {"angle": 0, "axis": "y", "origin": [0.0625, 0, 7.9375]},
			"faces": {
				"north": {"uv": [8.25, 2.75, 8.125, 3], "texture": "#0"},
				"east": {"uv": [8.125, 2.75, 8.25, 3], "texture": "#0"},
				"south": {"uv": [8.125, 2.75, 8.25, 3], "texture": "#0"},
				"west": {"uv": [8.125, 2.75, 8.25, 3], "texture": "#0"},
				"up": {"uv": [8.125, 2.75, 8.25, 2.875], "texture": "#0"},
				"down": {"uv": [8.125, 2.875, 8.25, 3], "texture": "#0"}
			}
		},
		{
			"name": "opaline_lance_22",
			"from": [9.0625, 16, 7.96875],
			"to": [9.1875, 16.375, 8.03125],
			"rotation": {"angle": 0, "axis": "y", "origin": [0.0625, 0, 7.9375]},
			"faces": {
				"north": {"uv": [9.125, 2.75, 9, 3.125], "texture": "#0"},
				"east": {"uv": [9, 2.75, 9.125, 3.125], "texture": "#0"},
				"south": {"uv": [9, 2.75, 9.125, 3.125], "texture": "#0"},
				"west": {"uv": [9, 2.75, 9.125, 3.125], "texture": "#0"},
				"up": {"uv": [9, 2.75, 9.125, 2.875], "texture": "#0"},
				"down": {"uv": [9, 3, 9.125, 3.125], "texture": "#0"}
			}
		},
		{
			"name": "opaline_lance_23",
			"from": [7.4375, 16, 7.96875],
			"to": [7.5625, 16.25, 8.03125],
			"rotation": {"angle": 0, "axis": "y", "origin": [0.0625, 0, 7.9375]},
			"faces": {
				"north": {"uv": [4.75, 2.875, 4.625, 3.125], "texture": "#0"},
				"east": {"uv": [4.625, 2.875, 4.75, 3.125], "texture": "#0"},
				"south": {"uv": [4.625, 2.875, 4.75, 3.125], "texture": "#0"},
				"west": {"uv": [4.625, 2.875, 4.75, 3.125], "texture": "#0"},
				"up": {"uv": [4.625, 2.875, 4.75, 3], "texture": "#0"},
				"down": {"uv": [4.625, 3, 4.75, 3.125], "texture": "#0"}
			}
		},
		{
			"name": "opaline_lance_24",
			"from": [8.4375, 16, 7.96875],
			"to": [8.5625, 16.25, 8.03125],
			"rotation": {"angle": 0, "axis": "y", "origin": [0.0625, 0, 7.9375]},
			"faces": {
				"north": {"uv": [5.75, 2.875, 5.625, 3.125], "texture": "#0"},
				"east": {"uv": [5.625, 2.875, 5.75, 3.125], "texture": "#0"},
				"south": {"uv": [5.625, 2.875, 5.75, 3.125], "texture": "#0"},
				"west": {"uv": [5.625, 2.875, 5.75, 3.125], "texture": "#0"},
				"up": {"uv": [5.625, 2.875, 5.75, 3], "texture": "#0"},
				"down": {"uv": [5.625, 3, 5.75, 3.125], "texture": "#0"}
			}
		},
		{
			"name": "opaline_lance_25",
			"from": [6.6875, 16, 7.96875],
			"to": [6.8125, 16.125, 8.03125],
			"rotation": {"angle": 0, "axis": "y", "origin": [0.0625, 0, 7.9375]},
			"faces": {
				"north": {"uv": [6.75, 3, 6.625, 3.125], "texture": "#0"},
				"east": {"uv": [6.625, 3, 6.75, 3.125], "texture": "#0"},
				"south": {"uv": [6.625, 3, 6.75, 3.125], "texture": "#0"},
				"west": {"uv": [6.625, 3, 6.75, 3.125], "texture": "#0"},
				"up": {"uv": [6.625, 3, 6.75, 3.125], "texture": "#0"},
				"down": {"uv": [6.625, 3, 6.75, 3.125], "texture": "#0"}
			}
		},
		{
			"name": "opaline_lance_26",
			"from": [9.1875, 16, 7.96875],
			"to": [9.3125, 16.125, 8.03125],
			"rotation": {"angle": 0, "axis": "y", "origin": [0.0625, 0, 7.9375]},
			"faces": {
				"north": {"uv": [9.25, 3, 9.125, 3.125], "texture": "#0"},
				"east": {"uv": [9.125, 3, 9.25, 3.125], "texture": "#0"},
				"south": {"uv": [9.125, 3, 9.25, 3.125], "texture": "#0"},
				"west": {"uv": [9.125, 3, 9.25, 3.125], "texture": "#0"},
				"up": {"uv": [9.125, 3, 9.25, 3.125], "texture": "#0"},
				"down": {"uv": [9.125, 3, 9.25, 3.125], "texture": "#0"}
			}
		},
		{
			"name": "opaline_lance_27",
			"from": [6.6875, 15.75, 7.90625],
			"to": [7.1875, 16, 8.09375],
			"rotation": {"angle": 0, "axis": "y", "origin": [0.0625, 0, 7.9375]},
			"faces": {
				"north": {"uv": [11.625, 3.125, 11.125, 3.375], "texture": "#0"},
				"east": {"uv": [11.5, 3.125, 11.625, 3.375], "texture": "#0"},
				"south": {"uv": [11.125, 3.125, 11.625, 3.375], "texture": "#0"},
				"west": {"uv": [11.125, 3.125, 11.25, 3.375], "texture": "#0"},
				"up": {"uv": [11.125, 3.125, 11.625, 3.25], "texture": "#0"},
				"down": {"uv": [11.125, 3.25, 11.625, 3.375], "texture": "#0"}
			}
		},
		{
			"name": "opaline_lance_28",
			"from": [7.8125, 15.625, 7.90625],
			"to": [7.9375, 16, 8.09375],
			"rotation": {"angle": 0, "axis": "y", "origin": [0.0625, 0, 7.9375]},
			"faces": {
				"north": {"uv": [12.375, 3.125, 12.25, 3.5], "texture": "#0"},
				"east": {"uv": [12.25, 3.125, 12.375, 3.5], "texture": "#0"},
				"south": {"uv": [12.25, 3.125, 12.375, 3.5], "texture": "#0"},
				"west": {"uv": [12.25, 3.125, 12.375, 3.5], "texture": "#0"},
				"up": {"uv": [12.25, 3.125, 12.375, 3.25], "texture": "#0"},
				"down": {"uv": [12.25, 3.375, 12.375, 3.5], "texture": "#0"}
			}
		},
		{
			"name": "opaline_lance_29",
			"from": [8.0625, 15.625, 7.90625],
			"to": [8.1875, 16, 8.09375],
			"rotation": {"angle": 0, "axis": "y", "origin": [0.0625, 0, 7.9375]},
			"faces": {
				"north": {"uv": [12.625, 3.125, 12.5, 3.5], "texture": "#0"},
				"east": {"uv": [12.5, 3.125, 12.625, 3.5], "texture": "#0"},
				"south": {"uv": [12.5, 3.125, 12.625, 3.5], "texture": "#0"},
				"west": {"uv": [12.5, 3.125, 12.625, 3.5], "texture": "#0"},
				"up": {"uv": [12.5, 3.125, 12.625, 3.25], "texture": "#0"},
				"down": {"uv": [12.5, 3.375, 12.625, 3.5], "texture": "#0"}
			}
		},
		{
			"name": "opaline_lance_30",
			"from": [8.8125, 15.75, 7.90625],
			"to": [9.3125, 16, 8.09375],
			"rotation": {"angle": 0, "axis": "y", "origin": [0.0625, 0, 7.9375]},
			"faces": {
				"north": {"uv": [13.75, 3.125, 13.25, 3.375], "texture": "#0"},
				"east": {"uv": [13.625, 3.125, 13.75, 3.375], "texture": "#0"},
				"south": {"uv": [13.25, 3.125, 13.75, 3.375], "texture": "#0"},
				"west": {"uv": [13.25, 3.125, 13.375, 3.375], "texture": "#0"},
				"up": {"uv": [13.25, 3.125, 13.75, 3.25], "texture": "#0"},
				"down": {"uv": [13.25, 3.25, 13.75, 3.375], "texture": "#0"}
			}
		},
		{
			"name": "opaline_lance_31",
			"from": [6.5625, 15.75, 7.90625],
			"to": [6.6875, 15.875, 8.09375],
			"rotation": {"angle": 0, "axis": "y", "origin": [0.0625, 0, 7.9375]},
			"faces": {
				"north": {"uv": [11.125, 3.25, 11, 3.375], "texture": "#0"},
				"east": {"uv": [11, 3.25, 11.125, 3.375], "texture": "#0"},
				"south": {"uv": [11, 3.25, 11.125, 3.375], "texture": "#0"},
				"west": {"uv": [11, 3.25, 11.125, 3.375], "texture": "#0"},
				"up": {"uv": [11, 3.25, 11.125, 3.375], "texture": "#0"},
				"down": {"uv": [11, 3.25, 11.125, 3.375], "texture": "#0"}
			}
		},
		{
			"name": "opaline_lance_32",
			"from": [7.1875, 15.375, 7.90625],
			"to": [7.3125, 15.875, 8.09375],
			"rotation": {"angle": 0, "axis": "y", "origin": [0.0625, 0, 7.9375]},
			"faces": {
				"north": {"uv": [11.75, 3.25, 11.625, 3.75], "texture": "#0"},
				"east": {"uv": [11.625, 3.25, 11.75, 3.75], "texture": "#0"},
				"south": {"uv": [11.625, 3.25, 11.75, 3.75], "texture": "#0"},
				"west": {"uv": [11.625, 3.25, 11.75, 3.75], "texture": "#0"},
				"up": {"uv": [11.625, 3.25, 11.75, 3.375], "texture": "#0"},
				"down": {"uv": [11.625, 3.625, 11.75, 3.75], "texture": "#0"}
			}
		},
		{
			"name": "opaline_lance_33",
			"from": [8.6875, 15.375, 7.90625],
			"to": [8.8125, 15.875, 8.09375],
			"rotation": {"angle": 0, "axis": "y", "origin": [0.0625, 0, 7.9375]},
			"faces": {
				"north": {"uv": [13.25, 3.25, 13.125, 3.75], "texture": "#0"},
				"east": {"uv": [13.125, 3.25, 13.25, 3.75], "texture": "#0"},
				"south": {"uv": [13.125, 3.25, 13.25, 3.75], "texture": "#0"},
				"west": {"uv": [13.125, 3.25, 13.25, 3.75], "texture": "#0"},
				"up": {"uv": [13.125, 3.25, 13.25, 3.375], "texture": "#0"},
				"down": {"uv": [13.125, 3.625, 13.25, 3.75], "texture": "#0"}
			}
		},
		{
			"name": "opaline_lance_34",
			"from": [9.3125, 15.75, 7.90625],
			"to": [9.4375, 15.875, 8.09375],
			"rotation": {"angle": 0, "axis": "y", "origin": [0.0625, 0, 7.9375]},
			"faces": {
				"north": {"uv": [13.875, 3.25, 13.75, 3.375], "texture": "#0"},
				"east": {"uv": [13.75, 3.25, 13.875, 3.375], "texture": "#0"},
				"south": {"uv": [13.75, 3.25, 13.875, 3.375], "texture": "#0"},
				"west": {"uv": [13.75, 3.25, 13.875, 3.375], "texture": "#0"},
				"up": {"uv": [13.75, 3.25, 13.875, 3.375], "texture": "#0"},
				"down": {"uv": [13.75, 3.25, 13.875, 3.375], "texture": "#0"}
			}
		},
		{
			"name": "opaline_lance_35",
			"from": [6.5625, 15.125, 7.96875],
			"to": [6.9375, 15.75, 8.03125],
			"rotation": {"angle": 0, "axis": "y", "origin": [0.0625, 0, 7.9375]},
			"faces": {
				"north": {"uv": [6.875, 3.375, 6.5, 4], "texture": "#0"},
				"east": {"uv": [6.75, 3.375, 6.875, 4], "texture": "#0"},
				"south": {"uv": [6.5, 3.375, 6.875, 4], "texture": "#0"},
				"west": {"uv": [6.5, 3.375, 6.625, 4], "texture": "#0"},
				"up": {"uv": [6.5, 3.375, 6.875, 3.5], "texture": "#0"},
				"down": {"uv": [6.5, 3.875, 6.875, 4], "texture": "#0"}
			}
		},
		{
			"name": "opaline_lance_36",
			"from": [9.0625, 15.125, 7.96875],
			"to": [9.4375, 15.75, 8.03125],
			"rotation": {"angle": 0, "axis": "y", "origin": [0.0625, 0, 7.9375]},
			"faces": {
				"north": {"uv": [9.375, 3.375, 9, 4], "texture": "#0"},
				"east": {"uv": [9.25, 3.375, 9.375, 4], "texture": "#0"},
				"south": {"uv": [9, 3.375, 9.375, 4], "texture": "#0"},
				"west": {"uv": [9, 3.375, 9.125, 4], "texture": "#0"},
				"up": {"uv": [9, 3.375, 9.375, 3.5], "texture": "#0"},
				"down": {"uv": [9, 3.875, 9.375, 4], "texture": "#0"}
			}
		},
		{
			"name": "opaline_lance_37",
			"from": [6.9375, 15.625, 7.90625],
			"to": [7.1875, 15.75, 8.09375],
			"rotation": {"angle": 0, "axis": "y", "origin": [0.0625, 0, 7.9375]},
			"faces": {
				"north": {"uv": [11.625, 3.375, 11.375, 3.5], "texture": "#0"},
				"east": {"uv": [11.5, 3.375, 11.625, 3.5], "texture": "#0"},
				"south": {"uv": [11.375, 3.375, 11.625, 3.5], "texture": "#0"},
				"west": {"uv": [11.375, 3.375, 11.5, 3.5], "texture": "#0"},
				"up": {"uv": [11.375, 3.375, 11.625, 3.5], "texture": "#0"},
				"down": {"uv": [11.375, 3.375, 11.625, 3.5], "texture": "#0"}
			}
		},
		{
			"name": "opaline_lance_38",
			"from": [7.3125, 15.25, 7.90625],
			"to": [7.4375, 15.75, 8.09375],
			"rotation": {"angle": 0, "axis": "y", "origin": [0.0625, 0, 7.9375]},
			"faces": {
				"north": {"uv": [11.875, 3.375, 11.75, 3.875], "texture": "#0"},
				"east": {"uv": [11.75, 3.375, 11.875, 3.875], "texture": "#0"},
				"south": {"uv": [11.75, 3.375, 11.875, 3.875], "texture": "#0"},
				"west": {"uv": [11.75, 3.375, 11.875, 3.875], "texture": "#0"},
				"up": {"uv": [11.75, 3.375, 11.875, 3.5], "texture": "#0"},
				"down": {"uv": [11.75, 3.75, 11.875, 3.875], "texture": "#0"}
			}
		},
		{
			"name": "opaline_lance_39",
			"from": [7.6875, 15.625, 7.90625],
			"to": [7.8125, 15.75, 8.09375],
			"rotation": {"angle": 0, "axis": "y", "origin": [0.0625, 0, 7.9375]},
			"faces": {
				"north": {"uv": [12.25, 3.375, 12.125, 3.5], "texture": "#0"},
				"east": {"uv": [12.125, 3.375, 12.25, 3.5], "texture": "#0"},
				"south": {"uv": [12.125, 3.375, 12.25, 3.5], "texture": "#0"},
				"west": {"uv": [12.125, 3.375, 12.25, 3.5], "texture": "#0"},
				"up": {"uv": [12.125, 3.375, 12.25, 3.5], "texture": "#0"},
				"down": {"uv": [12.125, 3.375, 12.25, 3.5], "texture": "#0"}
			}
		},
		{
			"name": "opaline_lance_40",
			"from": [8.1875, 15.625, 7.90625],
			"to": [8.3125, 15.75, 8.09375],
			"rotation": {"angle": 0, "axis": "y", "origin": [0.0625, 0, 7.9375]},
			"faces": {
				"north": {"uv": [12.75, 3.375, 12.625, 3.5], "texture": "#0"},
				"east": {"uv": [12.625, 3.375, 12.75, 3.5], "texture": "#0"},
				"south": {"uv": [12.625, 3.375, 12.75, 3.5], "texture": "#0"},
				"west": {"uv": [12.625, 3.375, 12.75, 3.5], "texture": "#0"},
				"up": {"uv": [12.625, 3.375, 12.75, 3.5], "texture": "#0"},
				"down": {"uv": [12.625, 3.375, 12.75, 3.5], "texture": "#0"}
			}
		},
		{
			"name": "opaline_lance_41",
			"from": [8.5625, 15.25, 7.90625],
			"to": [8.6875, 15.75, 8.09375],
			"rotation": {"angle": 0, "axis": "y", "origin": [0.0625, 0, 7.9375]},
			"faces": {
				"north": {"uv": [13.125, 3.375, 13, 3.875], "texture": "#0"},
				"east": {"uv": [13, 3.375, 13.125, 3.875], "texture": "#0"},
				"south": {"uv": [13, 3.375, 13.125, 3.875], "texture": "#0"},
				"west": {"uv": [13, 3.375, 13.125, 3.875], "texture": "#0"},
				"up": {"uv": [13, 3.375, 13.125, 3.5], "texture": "#0"},
				"down": {"uv": [13, 3.75, 13.125, 3.875], "texture": "#0"}
			}
		},
		{
			"name": "opaline_lance_42",
			"from": [8.8125, 15.625, 7.90625],
			"to": [9.0625, 15.75, 8.09375],
			"rotation": {"angle": 0, "axis": "y", "origin": [0.0625, 0, 7.9375]},
			"faces": {
				"north": {"uv": [13.5, 3.375, 13.25, 3.5], "texture": "#0"},
				"east": {"uv": [13.375, 3.375, 13.5, 3.5], "texture": "#0"},
				"south": {"uv": [13.25, 3.375, 13.5, 3.5], "texture": "#0"},
				"west": {"uv": [13.25, 3.375, 13.375, 3.5], "texture": "#0"},
				"up": {"uv": [13.25, 3.375, 13.5, 3.5], "texture": "#0"},
				"down": {"uv": [13.25, 3.375, 13.5, 3.5], "texture": "#0"}
			}
		},
		{
			"name": "opaline_lance_43",
			"from": [7.6875, 15.375, 7.90625],
			"to": [8.3125, 15.625, 8.09375],
			"rotation": {"angle": 0, "axis": "y", "origin": [0.0625, 0, 7.9375]},
			"faces": {
				"north": {"uv": [8.25, 3.5, 7.625, 3.75], "texture": "#0"},
				"east": {"uv": [8.125, 3.5, 8.25, 3.75], "texture": "#0"},
				"south": {"uv": [7.625, 3.5, 8.25, 3.75], "texture": "#0"},
				"west": {"uv": [7.625, 3.5, 7.75, 3.75], "texture": "#0"},
				"up": {"uv": [7.625, 3.5, 8.25, 3.625], "texture": "#0"},
				"down": {"uv": [7.625, 3.625, 8.25, 3.75], "texture": "#0"}
			}
		},
		{
			"name": "opaline_lance_44",
			"from": [7.0625, 15.5, 7.90625],
			"to": [7.1875, 15.625, 8.09375],
			"rotation": {"angle": 0, "axis": "y", "origin": [0.0625, 0, 7.9375]},
			"faces": {
				"north": {"uv": [11.625, 3.5, 11.5, 3.625], "texture": "#0"},
				"east": {"uv": [11.5, 3.5, 11.625, 3.625], "texture": "#0"},
				"south": {"uv": [11.5, 3.5, 11.625, 3.625], "texture": "#0"},
				"west": {"uv": [11.5, 3.5, 11.625, 3.625], "texture": "#0"},
				"up": {"uv": [11.5, 3.5, 11.625, 3.625], "texture": "#0"},
				"down": {"uv": [11.5, 3.5, 11.625, 3.625], "texture": "#0"}
			}
		},
		{
			"name": "opaline_lance_45",
			"from": [7.4375, 15.125, 7.90625],
			"to": [7.5625, 15.625, 8.09375],
			"rotation": {"angle": 0, "axis": "y", "origin": [0.0625, 0, 7.9375]},
			"faces": {
				"north": {"uv": [12, 3.5, 11.875, 4], "texture": "#0"},
				"east": {"uv": [11.875, 3.5, 12, 4], "texture": "#0"},
				"south": {"uv": [11.875, 3.5, 12, 4], "texture": "#0"},
				"west": {"uv": [11.875, 3.5, 12, 4], "texture": "#0"},
				"up": {"uv": [11.875, 3.5, 12, 3.625], "texture": "#0"},
				"down": {"uv": [11.875, 3.875, 12, 4], "texture": "#0"}
			}
		},
		{
			"name": "opaline_lance_46",
			"from": [8.4375, 15.125, 7.90625],
			"to": [8.5625, 15.625, 8.09375],
			"rotation": {"angle": 0, "axis": "y", "origin": [0.0625, 0, 7.9375]},
			"faces": {
				"north": {"uv": [13, 3.5, 12.875, 4], "texture": "#0"},
				"east": {"uv": [12.875, 3.5, 13, 4], "texture": "#0"},
				"south": {"uv": [12.875, 3.5, 13, 4], "texture": "#0"},
				"west": {"uv": [12.875, 3.5, 13, 4], "texture": "#0"},
				"up": {"uv": [12.875, 3.5, 13, 3.625], "texture": "#0"},
				"down": {"uv": [12.875, 3.875, 13, 4], "texture": "#0"}
			}
		},
		{
			"name": "opaline_lance_47",
			"from": [8.8125, 15.5, 7.90625],
			"to": [8.9375, 15.625, 8.09375],
			"rotation": {"angle": 0, "axis": "y", "origin": [0.0625, 0, 7.9375]},
			"faces": {
				"north": {"uv": [13.375, 3.5, 13.25, 3.625], "texture": "#0"},
				"east": {"uv": [13.25, 3.5, 13.375, 3.625], "texture": "#0"},
				"south": {"uv": [13.25, 3.5, 13.375, 3.625], "texture": "#0"},
				"west": {"uv": [13.25, 3.5, 13.375, 3.625], "texture": "#0"},
				"up": {"uv": [13.25, 3.5, 13.375, 3.625], "texture": "#0"},
				"down": {"uv": [13.25, 3.5, 13.375, 3.625], "texture": "#0"}
			}
		},
		{
			"name": "opaline_lance_48",
			"from": [7.5625, 15.125, 7.90625],
			"to": [7.6875, 15.5, 8.09375],
			"rotation": {"angle": 0, "axis": "y", "origin": [0.0625, 0, 7.9375]},
			"faces": {
				"north": {"uv": [12.125, 3.625, 12, 4], "texture": "#0"},
				"east": {"uv": [12, 3.625, 12.125, 4], "texture": "#0"},
				"south": {"uv": [12, 3.625, 12.125, 4], "texture": "#0"},
				"west": {"uv": [12, 3.625, 12.125, 4], "texture": "#0"},
				"up": {"uv": [12, 3.625, 12.125, 3.75], "texture": "#0"},
				"down": {"uv": [12, 3.875, 12.125, 4], "texture": "#0"}
			}
		},
		{
			"name": "opaline_lance_49",
			"from": [8.3125, 15.125, 7.90625],
			"to": [8.4375, 15.5, 8.09375],
			"rotation": {"angle": 0, "axis": "y", "origin": [0.0625, 0, 7.9375]},
			"faces": {
				"north": {"uv": [12.875, 3.625, 12.75, 4], "texture": "#0"},
				"east": {"uv": [12.75, 3.625, 12.875, 4], "texture": "#0"},
				"south": {"uv": [12.75, 3.625, 12.875, 4], "texture": "#0"},
				"west": {"uv": [12.75, 3.625, 12.875, 4], "texture": "#0"},
				"up": {"uv": [12.75, 3.625, 12.875, 3.75], "texture": "#0"},
				"down": {"uv": [12.75, 3.875, 12.875, 4], "texture": "#0"}
			}
		},
		{
			"name": "opaline_lance_50",
			"from": [7.8125, 15.25, 7.90625],
			"to": [8.1875, 15.375, 8.09375],
			"rotation": {"angle": 0, "axis": "y", "origin": [0.0625, 0, 7.9375]},
			"faces": {
				"north": {"uv": [8.125, 3.75, 7.75, 3.875], "texture": "#0"},
				"east": {"uv": [8, 3.75, 8.125, 3.875], "texture": "#0"},
				"south": {"uv": [7.75, 3.75, 8.125, 3.875], "texture": "#0"},
				"west": {"uv": [7.75, 3.75, 7.875, 3.875], "texture": "#0"},
				"up": {"uv": [7.75, 3.75, 8.125, 3.875], "texture": "#0"},
				"down": {"uv": [7.75, 3.75, 8.125, 3.875], "texture": "#0"}
			}
		},
		{
			"name": "opaline_lance_51",
			"from": [7.6875, 14.875, 7.8125],
			"to": [7.8125, 15.375, 8.1875],
			"rotation": {"angle": 0, "axis": "y", "origin": [0.0625, 0, 7.9375]},
			"faces": {
				"north": {"uv": [14.25, 3.75, 14.125, 4.25], "texture": "#0"},
				"east": {"uv": [14.125, 3.75, 14.25, 4.25], "texture": "#0"},
				"south": {"uv": [14.125, 3.75, 14.25, 4.25], "texture": "#0"},
				"west": {"uv": [14.125, 3.75, 14.25, 4.25], "texture": "#0"},
				"up": {"uv": [14.125, 3.75, 14.25, 3.875], "texture": "#0"},
				"down": {"uv": [14.125, 4.125, 14.25, 4.25], "texture": "#0"}
			}
		},
		{
			"name": "opaline_lance_52",
			"from": [8.1875, 14.875, 7.8125],
			"to": [8.3125, 15.375, 8.1875],
			"rotation": {"angle": 0, "axis": "y", "origin": [0.0625, 0, 7.9375]},
			"faces": {
				"north": {"uv": [14.75, 3.75, 14.625, 4.25], "texture": "#0"},
				"east": {"uv": [14.625, 3.75, 14.75, 4.25], "texture": "#0"},
				"south": {"uv": [14.625, 3.75, 14.75, 4.25], "texture": "#0"},
				"west": {"uv": [14.625, 3.75, 14.75, 4.25], "texture": "#0"},
				"up": {"uv": [14.625, 3.75, 14.75, 3.875], "texture": "#0"},
				"down": {"uv": [14.625, 4.125, 14.75, 4.25], "texture": "#0"}
			}
		},
		{
			"name": "opaline_lance_53",
			"from": [7.9375, 15.125, 7.90625],
			"to": [8.0625, 15.25, 8.09375],
			"rotation": {"angle": 0, "axis": "y", "origin": [0.0625, 0, 7.9375]},
			"faces": {
				"north": {"uv": [8, 3.875, 7.875, 4], "texture": "#0"},
				"east": {"uv": [7.875, 3.875, 8, 4], "texture": "#0"},
				"south": {"uv": [7.875, 3.875, 8, 4], "texture": "#0"},
				"west": {"uv": [7.875, 3.875, 8, 4], "texture": "#0"},
				"up": {"uv": [7.875, 3.875, 8, 4], "texture": "#0"},
				"down": {"uv": [7.875, 3.875, 8, 4], "texture": "#0"}
			}
		},
		{
			"name": "opaline_lance_54",
			"from": [7.8125, 14.75, 7.8125],
			"to": [7.9375, 15.25, 8.1875],
			"rotation": {"angle": 0, "axis": "y", "origin": [0.0625, 0, 7.9375]},
			"faces": {
				"north": {"uv": [14.375, 3.875, 14.25, 4.375], "texture": "#0"},
				"east": {"uv": [14.25, 3.875, 14.375, 4.375], "texture": "#0"},
				"south": {"uv": [14.25, 3.875, 14.375, 4.375], "texture": "#0"},
				"west": {"uv": [14.25, 3.875, 14.375, 4.375], "texture": "#0"},
				"up": {"uv": [14.25, 3.875, 14.375, 4], "texture": "#0"},
				"down": {"uv": [14.25, 4.25, 14.375, 4.375], "texture": "#0"}
			}
		},
		{
			"name": "opaline_lance_55",
			"from": [8.0625, 14.75, 7.8125],
			"to": [8.1875, 15.25, 8.1875],
			"rotation": {"angle": 0, "axis": "y", "origin": [0.0625, 0, 7.9375]},
			"faces": {
				"north": {"uv": [14.625, 3.875, 14.5, 4.375], "texture": "#0"},
				"east": {"uv": [14.5, 3.875, 14.625, 4.375], "texture": "#0"},
				"south": {"uv": [14.5, 3.875, 14.625, 4.375], "texture": "#0"},
				"west": {"uv": [14.5, 3.875, 14.625, 4.375], "texture": "#0"},
				"up": {"uv": [14.5, 3.875, 14.625, 4], "texture": "#0"},
				"down": {"uv": [14.5, 4.25, 14.625, 4.375], "texture": "#0"}
			}
		},
		{
			"name": "opaline_lance_56",
			"from": [6.6875, 15, 7.96875],
			"to": [7.0625, 15.125, 8.03125],
			"rotation": {"angle": 0, "axis": "y", "origin": [0.0625, 0, 7.9375]},
			"faces": {
				"north": {"uv": [7, 4, 6.625, 4.125], "texture": "#0"},
				"east": {"uv": [6.875, 4, 7, 4.125], "texture": "#0"},
				"south": {"uv": [6.625, 4, 7, 4.125], "texture": "#0"},
				"west": {"uv": [6.625, 4, 6.75, 4.125], "texture": "#0"},
				"up": {"uv": [6.625, 4, 7, 4.125], "texture": "#0"},
				"down": {"uv": [6.625, 4, 7, 4.125], "texture": "#0"}
			}
		},
		{
			"name": "opaline_lance_57",
			"from": [8.9375, 14.875, 7.96875],
			"to": [9.1875, 15.125, 8.03125],
			"rotation": {"angle": 0, "axis": "y", "origin": [0.0625, 0, 7.9375]},
			"faces": {
				"north": {"uv": [9.125, 4, 8.875, 4.25], "texture": "#0"},
				"east": {"uv": [9, 4, 9.125, 4.25], "texture": "#0"},
				"south": {"uv": [8.875, 4, 9.125, 4.25], "texture": "#0"},
				"west": {"uv": [8.875, 4, 9, 4.25], "texture": "#0"},
				"up": {"uv": [8.875, 4, 9.125, 4.125], "texture": "#0"},
				"down": {"uv": [8.875, 4.125, 9.125, 4.25], "texture": "#0"}
			}
		},
		{
			"name": "opaline_lance_58",
			"from": [9.1875, 15, 7.96875],
			"to": [9.3125, 15.125, 8.03125],
			"rotation": {"angle": 0, "axis": "y", "origin": [0.0625, 0, 7.9375]},
			"faces": {
				"north": {"uv": [9.25, 4, 9.125, 4.125], "texture": "#0"},
				"east": {"uv": [9.125, 4, 9.25, 4.125], "texture": "#0"},
				"south": {"uv": [9.125, 4, 9.25, 4.125], "texture": "#0"},
				"west": {"uv": [9.125, 4, 9.25, 4.125], "texture": "#0"},
				"up": {"uv": [9.125, 4, 9.25, 4.125], "texture": "#0"},
				"down": {"uv": [9.125, 4, 9.25, 4.125], "texture": "#0"}
			}
		},
		{
			"name": "opaline_lance_59",
			"from": [7.5625, 15, 7.8125],
			"to": [7.6875, 15.125, 8.1875],
			"rotation": {"angle": 0, "axis": "y", "origin": [0.0625, 0, 7.9375]},
			"faces": {
				"north": {"uv": [14.125, 4, 14, 4.125], "texture": "#0"},
				"east": {"uv": [14, 4, 14.125, 4.125], "texture": "#0"},
				"south": {"uv": [14, 4, 14.125, 4.125], "texture": "#0"},
				"west": {"uv": [14, 4, 14.125, 4.125], "texture": "#0"},
				"up": {"uv": [14, 4, 14.125, 4.125], "texture": "#0"},
				"down": {"uv": [14, 4, 14.125, 4.125], "texture": "#0"}
			}
		},
		{
			"name": "opaline_lance_60",
			"from": [7.9375, 14.75, 7.8125],
			"to": [8.0625, 15.125, 8.1875],
			"rotation": {"angle": 0, "axis": "y", "origin": [0.0625, 0, 7.9375]},
			"faces": {
				"north": {"uv": [14.5, 4, 14.375, 4.375], "texture": "#0"},
				"east": {"uv": [14.375, 4, 14.5, 4.375], "texture": "#0"},
				"south": {"uv": [14.375, 4, 14.5, 4.375], "texture": "#0"},
				"west": {"uv": [14.375, 4, 14.5, 4.375], "texture": "#0"},
				"up": {"uv": [14.375, 4, 14.5, 4.125], "texture": "#0"},
				"down": {"uv": [14.375, 4.25, 14.5, 4.375], "texture": "#0"}
			}
		},
		{
			"name": "opaline_lance_61",
			"from": [8.3125, 15, 7.8125],
			"to": [8.4375, 15.125, 8.1875],
			"rotation": {"angle": 0, "axis": "y", "origin": [0.0625, 0, 7.9375]},
			"faces": {
				"north": {"uv": [14.875, 4, 14.75, 4.125], "texture": "#0"},
				"east": {"uv": [14.75, 4, 14.875, 4.125], "texture": "#0"},
				"south": {"uv": [14.75, 4, 14.875, 4.125], "texture": "#0"},
				"west": {"uv": [14.75, 4, 14.875, 4.125], "texture": "#0"},
				"up": {"uv": [14.75, 4, 14.875, 4.125], "texture": "#0"},
				"down": {"uv": [14.75, 4, 14.875, 4.125], "texture": "#0"}
			}
		},
		{
			"name": "opaline_lance_62",
			"from": [6.8125, 14.875, 7.96875],
			"to": [7.0625, 15, 8.03125],
			"rotation": {"angle": 0, "axis": "y", "origin": [0.0625, 0, 7.9375]},
			"faces": {
				"north": {"uv": [7, 4.125, 6.75, 4.25], "texture": "#0"},
				"east": {"uv": [6.875, 4.125, 7, 4.25], "texture": "#0"},
				"south": {"uv": [6.75, 4.125, 7, 4.25], "texture": "#0"},
				"west": {"uv": [6.75, 4.125, 6.875, 4.25], "texture": "#0"},
				"up": {"uv": [6.75, 4.125, 7, 4.25], "texture": "#0"},
				"down": {"uv": [6.75, 4.125, 7, 4.25], "texture": "#0"}
			}
		},
		{
			"name": "opaline_lance_63",
			"from": [6.9375, 14.75, 7.96875],
			"to": [7.1875, 14.875, 8.03125],
			"rotation": {"angle": 0, "axis": "y", "origin": [0.0625, 0, 7.9375]},
			"faces": {
				"north": {"uv": [7.125, 4.25, 6.875, 4.375], "texture": "#0"},
				"east": {"uv": [7, 4.25, 7.125, 4.375], "texture": "#0"},
				"south": {"uv": [6.875, 4.25, 7.125, 4.375], "texture": "#0"},
				"west": {"uv": [6.875, 4.25, 7, 4.375], "texture": "#0"},
				"up": {"uv": [6.875, 4.25, 7.125, 4.375], "texture": "#0"},
				"down": {"uv": [6.875, 4.25, 7.125, 4.375], "texture": "#0"}
			}
		},
		{
			"name": "opaline_lance_64",
			"from": [8.8125, 14.75, 7.96875],
			"to": [9.0625, 14.875, 8.03125],
			"rotation": {"angle": 0, "axis": "y", "origin": [0.0625, 0, 7.9375]},
			"faces": {
				"north": {"uv": [9, 4.25, 8.75, 4.375], "texture": "#0"},
				"east": {"uv": [8.875, 4.25, 9, 4.375], "texture": "#0"},
				"south": {"uv": [8.75, 4.25, 9, 4.375], "texture": "#0"},
				"west": {"uv": [8.75, 4.25, 8.875, 4.375], "texture": "#0"},
				"up": {"uv": [8.75, 4.25, 9, 4.375], "texture": "#0"},
				"down": {"uv": [8.75, 4.25, 9, 4.375], "texture": "#0"}
			}
		},
		{
			"name": "opaline_lance_65",
			"from": [7.0625, 14.625, 7.96875],
			"to": [7.3125, 14.75, 8.03125],
			"rotation": {"angle": 0, "axis": "y", "origin": [0.0625, 0, 7.9375]},
			"faces": {
				"north": {"uv": [7.25, 4.375, 7, 4.5], "texture": "#0"},
				"east": {"uv": [7.125, 4.375, 7.25, 4.5], "texture": "#0"},
				"south": {"uv": [7, 4.375, 7.25, 4.5], "texture": "#0"},
				"west": {"uv": [7, 4.375, 7.125, 4.5], "texture": "#0"},
				"up": {"uv": [7, 4.375, 7.25, 4.5], "texture": "#0"},
				"down": {"uv": [7, 4.375, 7.25, 4.5], "texture": "#0"}
			}
		},
		{
			"name": "opaline_lance_66",
			"from": [8.6875, 14.625, 7.96875],
			"to": [8.9375, 14.75, 8.03125],
			"rotation": {"angle": 0, "axis": "y", "origin": [0.0625, 0, 7.9375]},
			"faces": {
				"north": {"uv": [8.875, 4.375, 8.625, 4.5], "texture": "#0"},
				"east": {"uv": [8.75, 4.375, 8.875, 4.5], "texture": "#0"},
				"south": {"uv": [8.625, 4.375, 8.875, 4.5], "texture": "#0"},
				"west": {"uv": [8.625, 4.375, 8.75, 4.5], "texture": "#0"},
				"up": {"uv": [8.625, 4.375, 8.875, 4.5], "texture": "#0"},
				"down": {"uv": [8.625, 4.375, 8.875, 4.5], "texture": "#0"}
			}
		},
		{
			"name": "opaline_lance_67",
			"from": [7.8125, 14.25, 7.8125],
			"to": [8.1875, 14.75, 8.1875],
			"rotation": {"angle": 0, "axis": "y", "origin": [0.0625, 0, 7.9375]},
			"faces": {
				"north": {"uv": [12.625, 4.375, 12.25, 4.875], "texture": "#0"},
				"east": {"uv": [12.5, 4.375, 12.625, 4.875], "texture": "#0"},
				"south": {"uv": [12.25, 4.375, 12.625, 4.875], "texture": "#0"},
				"west": {"uv": [12.25, 4.375, 12.375, 4.875], "texture": "#0"},
				"up": {"uv": [12.25, 4.375, 12.625, 4.5], "texture": "#0"},
				"down": {"uv": [12.25, 4.75, 12.625, 4.875], "texture": "#0"}
			}
		},
		{
			"name": "opaline_lance_68",
			"from": [7.6875, 14.375, 7.8125],
			"to": [7.8125, 14.625, 8.1875],
			"rotation": {"angle": 0, "axis": "y", "origin": [0.0625, 0, 7.9375]},
			"faces": {
				"north": {"uv": [12.25, 4.5, 12.125, 4.75], "texture": "#0"},
				"east": {"uv": [12.125, 4.5, 12.25, 4.75], "texture": "#0"},
				"south": {"uv": [12.125, 4.5, 12.25, 4.75], "texture": "#0"},
				"west": {"uv": [12.125, 4.5, 12.25, 4.75], "texture": "#0"},
				"up": {"uv": [12.125, 4.5, 12.25, 4.625], "texture": "#0"},
				"down": {"uv": [12.125, 4.625, 12.25, 4.75], "texture": "#0"}
			}
		},
		{
			"name": "opaline_lance_69",
			"from": [8.1875, 14.375, 7.8125],
			"to": [8.3125, 14.625, 8.1875],
			"rotation": {"angle": 0, "axis": "y", "origin": [0.0625, 0, 7.9375]},
			"faces": {
				"north": {"uv": [12.75, 4.5, 12.625, 4.75], "texture": "#0"},
				"east": {"uv": [12.625, 4.5, 12.75, 4.75], "texture": "#0"},
				"south": {"uv": [12.625, 4.5, 12.75, 4.75], "texture": "#0"},
				"west": {"uv": [12.625, 4.5, 12.75, 4.75], "texture": "#0"},
				"up": {"uv": [12.625, 4.5, 12.75, 4.625], "texture": "#0"},
				"down": {"uv": [12.625, 4.625, 12.75, 4.75], "texture": "#0"}
			}
		},
		{
			"name": "opaline_lance_70",
			"from": [7.5625, 14.375, 7.8125],
			"to": [7.6875, 14.5, 8.1875],
			"rotation": {"angle": 0, "axis": "y", "origin": [0.0625, 0, 7.9375]},
			"faces": {
				"north": {"uv": [12.125, 4.625, 12, 4.75], "texture": "#0"},
				"east": {"uv": [12, 4.625, 12.125, 4.75], "texture": "#0"},
				"south": {"uv": [12, 4.625, 12.125, 4.75], "texture": "#0"},
				"west": {"uv": [12, 4.625, 12.125, 4.75], "texture": "#0"},
				"up": {"uv": [12, 4.625, 12.125, 4.75], "texture": "#0"},
				"down": {"uv": [12, 4.625, 12.125, 4.75], "texture": "#0"}
			}
		},
		{
			"name": "opaline_lance_71",
			"from": [8.3125, 14.375, 7.8125],
			"to": [8.4375, 14.5, 8.1875],
			"rotation": {"angle": 0, "axis": "y", "origin": [0.0625, 0, 7.9375]},
			"faces": {
				"north": {"uv": [12.875, 4.625, 12.75, 4.75], "texture": "#0"},
				"east": {"uv": [12.75, 4.625, 12.875, 4.75], "texture": "#0"},
				"south": {"uv": [12.75, 4.625, 12.875, 4.75], "texture": "#0"},
				"west": {"uv": [12.75, 4.625, 12.875, 4.75], "texture": "#0"},
				"up": {"uv": [12.75, 4.625, 12.875, 4.75], "texture": "#0"},
				"down": {"uv": [12.75, 4.625, 12.875, 4.75], "texture": "#0"}
			}
		},
		{
			"name": "opaline_lance_72",
			"from": [7.8125, 13.875, 7.875],
			"to": [7.9375, 14.25, 8.125],
			"rotation": {"angle": 0, "axis": "y", "origin": [0.0625, 0, 7.9375]},
			"faces": {
				"north": {"uv": [7.875, 4.875, 7.75, 5.25], "texture": "#0"},
				"east": {"uv": [7.75, 4.875, 7.875, 5.25], "texture": "#0"},
				"south": {"uv": [7.75, 4.875, 7.875, 5.25], "texture": "#0"},
				"west": {"uv": [7.75, 4.875, 7.875, 5.25], "texture": "#0"},
				"up": {"uv": [7.75, 4.875, 7.875, 5], "texture": "#0"},
				"down": {"uv": [7.75, 5.125, 7.875, 5.25], "texture": "#0"}
			}
		},
		{
			"name": "opaline_lance_73",
			"from": [8.0625, 13.875, 7.875],
			"to": [8.1875, 14.25, 8.125],
			"rotation": {"angle": 0, "axis": "y", "origin": [0.0625, 0, 7.9375]},
			"faces": {
				"north": {"uv": [8.125, 4.875, 8, 5.25], "texture": "#0"},
				"east": {"uv": [8, 4.875, 8.125, 5.25], "texture": "#0"},
				"south": {"uv": [8, 4.875, 8.125, 5.25], "texture": "#0"},
				"west": {"uv": [8, 4.875, 8.125, 5.25], "texture": "#0"},
				"up": {"uv": [8, 4.875, 8.125, 5], "texture": "#0"},
				"down": {"uv": [8, 5.125, 8.125, 5.25], "texture": "#0"}
			}
		},
		{
			"name": "opaline_lance_74",
			"from": [7.9375, 14.125, 7.8125],
			"to": [8.0625, 14.25, 8.1875],
			"rotation": {"angle": 0, "axis": "y", "origin": [0.0625, 0, 7.9375]},
			"faces": {
				"north": {"uv": [12.5, 4.875, 12.375, 5], "texture": "#0"},
				"east": {"uv": [12.375, 4.875, 12.5, 5], "texture": "#0"},
				"south": {"uv": [12.375, 4.875, 12.5, 5], "texture": "#0"},
				"west": {"uv": [12.375, 4.875, 12.5, 5], "texture": "#0"},
				"up": {"uv": [12.375, 4.875, 12.5, 5], "texture": "#0"},
				"down": {"uv": [12.375, 4.875, 12.5, 5], "texture": "#0"}
			}
		},
		{
			"name": "opaline_lance_75",
			"from": [7.6875, 14, 7.875],
			"to": [7.8125, 14.125, 8.125],
			"rotation": {"angle": 0, "axis": "y", "origin": [0.0625, 0, 7.9375]},
			"faces": {
				"north": {"uv": [7.75, 5, 7.625, 5.125], "texture": "#0"},
				"east": {"uv": [7.625, 5, 7.75, 5.125], "texture": "#0"},
				"south": {"uv": [7.625, 5, 7.75, 5.125], "texture": "#0"},
				"west": {"uv": [7.625, 5, 7.75, 5.125], "texture": "#0"},
				"up": {"uv": [7.625, 5, 7.75, 5.125], "texture": "#0"},
				"down": {"uv": [7.625, 5, 7.75, 5.125], "texture": "#0"}
			}
		},
		{
			"name": "opaline_lance_76",
			"from": [7.9375, 13.75, 7.875],
			"to": [8.0625, 14.125, 8.125],
			"rotation": {"angle": 0, "axis": "y", "origin": [0.0625, 0, 7.9375]},
			"faces": {
				"north": {"uv": [8, 5, 7.875, 5.375], "texture": "#0"},
				"east": {"uv": [7.875, 5, 8, 5.375], "texture": "#0"},
				"south": {"uv": [7.875, 5, 8, 5.375], "texture": "#0"},
				"west": {"uv": [7.875, 5, 8, 5.375], "texture": "#0"},
				"up": {"uv": [7.875, 5, 8, 5.125], "texture": "#0"},
				"down": {"uv": [7.875, 5.25, 8, 5.375], "texture": "#0"}
			}
		},
		{
			"name": "opaline_lance_77",
			"from": [8.1875, 14, 7.875],
			"to": [8.3125, 14.125, 8.125],
			"rotation": {"angle": 0, "axis": "y", "origin": [0.0625, 0, 7.9375]},
			"faces": {
				"north": {"uv": [8.25, 5, 8.125, 5.125], "texture": "#0"},
				"east": {"uv": [8.125, 5, 8.25, 5.125], "texture": "#0"},
				"south": {"uv": [8.125, 5, 8.25, 5.125], "texture": "#0"},
				"west": {"uv": [8.125, 5, 8.25, 5.125], "texture": "#0"},
				"up": {"uv": [8.125, 5, 8.25, 5.125], "texture": "#0"},
				"down": {"uv": [8.125, 5, 8.25, 5.125], "texture": "#0"}
			}
		},
		{
			"name": "opaline_lance_78",
			"from": [7.4375, 13.75, 7.8125],
			"to": [7.8125, 14, 8.1875],
			"rotation": {"angle": 0, "axis": "y", "origin": [0.0625, 0, 7.9375]},
			"faces": {
				"north": {"uv": [12.25, 5.125, 11.875, 5.375], "texture": "#0"},
				"east": {"uv": [12.125, 5.125, 12.25, 5.375], "texture": "#0"},
				"south": {"uv": [11.875, 5.125, 12.25, 5.375], "texture": "#0"},
				"west": {"uv": [11.875, 5.125, 12, 5.375], "texture": "#0"},
				"up": {"uv": [11.875, 5.125, 12.25, 5.25], "texture": "#0"},
				"down": {"uv": [11.875, 5.25, 12.25, 5.375], "texture": "#0"}
			}
		},
		{
			"name": "opaline_lance_79",
			"from": [8.1875, 13.75, 7.8125],
			"to": [8.5625, 14, 8.1875],
			"rotation": {"angle": 0, "axis": "y", "origin": [0.0625, 0, 7.9375]},
			"faces": {
				"north": {"uv": [13, 5.125, 12.625, 5.375], "texture": "#0"},
				"east": {"uv": [12.875, 5.125, 13, 5.375], "texture": "#0"},
				"south": {"uv": [12.625, 5.125, 13, 5.375], "texture": "#0"},
				"west": {"uv": [12.625, 5.125, 12.75, 5.375], "texture": "#0"},
				"up": {"uv": [12.625, 5.125, 13, 5.25], "texture": "#0"},
				"down": {"uv": [12.625, 5.25, 13, 5.375], "texture": "#0"}
			}
		},
		{
			"name": "opaline_lance_80",
			"from": [7.8125, 13.125, 7.8125],
			"to": [7.9375, 13.875, 8.1875],
			"rotation": {"angle": 0, "axis": "y", "origin": [0.0625, 0, 7.9375]},
			"faces": {
				"north": {"uv": [12.375, 5.25, 12.25, 6], "texture": "#0"},
				"east": {"uv": [12.25, 5.25, 12.375, 6], "texture": "#0"},
				"south": {"uv": [12.25, 5.25, 12.375, 6], "texture": "#0"},
				"west": {"uv": [12.25, 5.25, 12.375, 6], "texture": "#0"},
				"up": {"uv": [12.25, 5.25, 12.375, 5.375], "texture": "#0"},
				"down": {"uv": [12.25, 5.875, 12.375, 6], "texture": "#0"}
			}
		},
		{
			"name": "opaline_lance_81",
			"from": [8.0625, 13.125, 7.8125],
			"to": [8.1875, 13.875, 8.1875],
			"rotation": {"angle": 0, "axis": "y", "origin": [0.0625, 0, 7.9375]},
			"faces": {
				"north": {"uv": [12.625, 5.25, 12.5, 6], "texture": "#0"},
				"east": {"uv": [12.5, 5.25, 12.625, 6], "texture": "#0"},
				"south": {"uv": [12.5, 5.25, 12.625, 6], "texture": "#0"},
				"west": {"uv": [12.5, 5.25, 12.625, 6], "texture": "#0"},
				"up": {"uv": [12.5, 5.25, 12.625, 5.375], "texture": "#0"},
				"down": {"uv": [12.5, 5.875, 12.625, 6], "texture": "#0"}
			}
		},
		{
			"name": "opaline_lance_82",
			"from": [7.5625, 13.625, 7.8125],
			"to": [7.8125, 13.75, 8.1875],
			"rotation": {"angle": 0, "axis": "y", "origin": [0.0625, 0, 7.9375]},
			"faces": {
				"north": {"uv": [12.25, 5.375, 12, 5.5], "texture": "#0"},
				"east": {"uv": [12.125, 5.375, 12.25, 5.5], "texture": "#0"},
				"south": {"uv": [12, 5.375, 12.25, 5.5], "texture": "#0"},
				"west": {"uv": [12, 5.375, 12.125, 5.5], "texture": "#0"},
				"up": {"uv": [12, 5.375, 12.25, 5.5], "texture": "#0"},
				"down": {"uv": [12, 5.375, 12.25, 5.5], "texture": "#0"}
			}
		},
		{
			"name": "opaline_lance_83",
			"from": [7.9375, 12.625, 7.8125],
			"to": [8.0625, 13.75, 8.1875],
			"rotation": {"angle": 0, "axis": "y", "origin": [0.0625, 0, 7.9375]},
			"faces": {
				"north": {"uv": [12.5, 5.375, 12.375, 6.5], "texture": "#0"},
				"east": {"uv": [12.375, 5.375, 12.5, 6.5], "texture": "#0"},
				"south": {"uv": [12.375, 5.375, 12.5, 6.5], "texture": "#0"},
				"west": {"uv": [12.375, 5.375, 12.5, 6.5], "texture": "#0"},
				"up": {"uv": [12.375, 5.375, 12.5, 5.5], "texture": "#0"},
				"down": {"uv": [12.375, 6.375, 12.5, 6.5], "texture": "#0"}
			}
		},
		{
			"name": "opaline_lance_84",
			"from": [8.1875, 13.625, 7.8125],
			"to": [8.4375, 13.75, 8.1875],
			"rotation": {"angle": 0, "axis": "y", "origin": [0.0625, 0, 7.9375]},
			"faces": {
				"north": {"uv": [12.875, 5.375, 12.625, 5.5], "texture": "#0"},
				"east": {"uv": [12.75, 5.375, 12.875, 5.5], "texture": "#0"},
				"south": {"uv": [12.625, 5.375, 12.875, 5.5], "texture": "#0"},
				"west": {"uv": [12.625, 5.375, 12.75, 5.5], "texture": "#0"},
				"up": {"uv": [12.625, 5.375, 12.875, 5.5], "texture": "#0"},
				"down": {"uv": [12.625, 5.375, 12.875, 5.5], "texture": "#0"}
			}
		},
		{
			"name": "opaline_lance_85",
			"from": [7.6875, 13.375, 7.8125],
			"to": [7.8125, 13.625, 8.1875],
			"rotation": {"angle": 0, "axis": "y", "origin": [0.0625, 0, 7.9375]},
			"faces": {
				"north": {"uv": [12.25, 5.5, 12.125, 5.75], "texture": "#0"},
				"east": {"uv": [12.125, 5.5, 12.25, 5.75], "texture": "#0"},
				"south": {"uv": [12.125, 5.5, 12.25, 5.75], "texture": "#0"},
				"west": {"uv": [12.125, 5.5, 12.25, 5.75], "texture": "#0"},
				"up": {"uv": [12.125, 5.5, 12.25, 5.625], "texture": "#0"},
				"down": {"uv": [12.125, 5.625, 12.25, 5.75], "texture": "#0"}
			}
		},
		{
			"name": "opaline_lance_86",
			"from": [8.1875, 13.375, 7.8125],
			"to": [8.3125, 13.625, 8.1875],
			"rotation": {"angle": 0, "axis": "y", "origin": [0.0625, 0, 7.9375]},
			"faces": {
				"north": {"uv": [12.75, 5.5, 12.625, 5.75], "texture": "#0"},
				"east": {"uv": [12.625, 5.5, 12.75, 5.75], "texture": "#0"},
				"south": {"uv": [12.625, 5.5, 12.75, 5.75], "texture": "#0"},
				"west": {"uv": [12.625, 5.5, 12.75, 5.75], "texture": "#0"},
				"up": {"uv": [12.625, 5.5, 12.75, 5.625], "texture": "#0"},
				"down": {"uv": [12.625, 5.625, 12.75, 5.75], "texture": "#0"}
			}
		},
		{
			"name": "opaline_lance_87",
			"from": [7.8125, 11.75, 7.875],
			"to": [7.9375, 13.125, 8.125],
			"rotation": {"angle": 0, "axis": "y", "origin": [0.0625, 0, 7.9375]},
			"faces": {
				"north": {"uv": [7.875, 6, 7.75, 7.375], "texture": "#0"},
				"east": {"uv": [7.75, 6, 7.875, 7.375], "texture": "#0"},
				"south": {"uv": [7.75, 6, 7.875, 7.375], "texture": "#0"},
				"west": {"uv": [7.75, 6, 7.875, 7.375], "texture": "#0"},
				"up": {"uv": [7.75, 6, 7.875, 6.125], "texture": "#0"},
				"down": {"uv": [7.75, 7.25, 7.875, 7.375], "texture": "#0"}
			}
		},
		{
			"name": "opaline_lance_88",
			"from": [8.0625, 11.75, 7.875],
			"to": [8.1875, 13.125, 8.125],
			"rotation": {"angle": 0, "axis": "y", "origin": [0.0625, 0, 7.9375]},
			"faces": {
				"north": {"uv": [8.125, 6, 8, 7.375], "texture": "#0"},
				"east": {"uv": [8, 6, 8.125, 7.375], "texture": "#0"},
				"south": {"uv": [8, 6, 8.125, 7.375], "texture": "#0"},
				"west": {"uv": [8, 6, 8.125, 7.375], "texture": "#0"},
				"up": {"uv": [8, 6, 8.125, 6.125], "texture": "#0"},
				"down": {"uv": [8, 7.25, 8.125, 7.375], "texture": "#0"}
			}
		},
		{
			"name": "opaline_lance_89",
			"from": [7.9375, 11.75, 7.875],
			"to": [8.0625, 12.625, 8.125],
			"rotation": {"angle": 0, "axis": "y", "origin": [0.0625, 0, 7.9375]},
			"faces": {
				"north": {"uv": [8, 6.5, 7.875, 7.375], "texture": "#0"},
				"east": {"uv": [7.875, 6.5, 8, 7.375], "texture": "#0"},
				"south": {"uv": [7.875, 6.5, 8, 7.375], "texture": "#0"},
				"west": {"uv": [7.875, 6.5, 8, 7.375], "texture": "#0"},
				"up": {"uv": [7.875, 6.5, 8, 6.625], "texture": "#0"},
				"down": {"uv": [7.875, 7.25, 8, 7.375], "texture": "#0"}
			}
		},
		{
			"name": "opaline_lance_90",
			"from": [7.8125, 10.625, 7.875],
			"to": [8.1875, 11.75, 8.125],
			"rotation": {"angle": 0, "axis": "y", "origin": [0.0625, 0, 7.9375]},
			"faces": {
				"north": {"uv": [6.875, 7.375, 6.5, 8.5], "texture": "#0"},
				"east": {"uv": [6.75, 7.375, 6.875, 8.5], "texture": "#0"},
				"south": {"uv": [6.5, 7.375, 6.875, 8.5], "texture": "#0"},
				"west": {"uv": [6.5, 7.375, 6.625, 8.5], "texture": "#0"},
				"up": {"uv": [6.5, 7.375, 6.875, 7.5], "texture": "#0"},
				"down": {"uv": [6.5, 8.375, 6.875, 8.5], "texture": "#0"}
			}
		},
		{
			"name": "opaline_lance_90",
			"from": [7.8125, 9.5, 7.875],
			"to": [8.1875, 10.625, 8.125],
			"rotation": {"angle": 0, "axis": "y", "origin": [0.0625, 0, 7.9375]},
			"faces": {
				"north": {"uv": [6.875, 7.375, 6.5, 8.5], "texture": "#0"},
				"east": {"uv": [6.75, 7.375, 6.875, 8.5], "texture": "#0"},
				"south": {"uv": [6.5, 7.375, 6.875, 8.5], "texture": "#0"},
				"west": {"uv": [6.5, 7.375, 6.625, 8.5], "texture": "#0"},
				"up": {"uv": [6.5, 7.375, 6.875, 7.5], "texture": "#0"},
				"down": {"uv": [6.5, 8.375, 6.875, 8.5], "texture": "#0"}
			}
		},
		{
			"name": "opaline_lance_90",
			"from": [7.8125, 8.375, 7.875],
			"to": [8.1875, 9.5, 8.125],
			"rotation": {"angle": 0, "axis": "y", "origin": [0.0625, 0, 7.9375]},
			"faces": {
				"north": {"uv": [6.875, 7.375, 6.5, 8.5], "texture": "#0"},
				"east": {"uv": [6.75, 7.375, 6.875, 8.5], "texture": "#0"},
				"south": {"uv": [6.5, 7.375, 6.875, 8.5], "texture": "#0"},
				"west": {"uv": [6.5, 7.375, 6.625, 8.5], "texture": "#0"},
				"up": {"uv": [6.5, 7.375, 6.875, 7.5], "texture": "#0"},
				"down": {"uv": [6.5, 8.375, 6.875, 8.5], "texture": "#0"}
			}
		},
		{
			"name": "opaline_lance_90",
			"from": [7.8125, 7.25, 7.875],
			"to": [8.1875, 8.375, 8.125],
			"rotation": {"angle": 0, "axis": "y", "origin": [0.0625, 0, 7.9375]},
			"faces": {
				"north": {"uv": [6.875, 7.375, 6.5, 8.5], "texture": "#0"},
				"east": {"uv": [6.75, 7.375, 6.875, 8.5], "texture": "#0"},
				"south": {"uv": [6.5, 7.375, 6.875, 8.5], "texture": "#0"},
				"west": {"uv": [6.5, 7.375, 6.625, 8.5], "texture": "#0"},
				"up": {"uv": [6.5, 7.375, 6.875, 7.5], "texture": "#0"},
				"down": {"uv": [6.5, 8.375, 6.875, 8.5], "texture": "#0"}
			}
		},
		{
			"name": "opaline_lance_91",
			"from": [7.8125, 2.375, 7.875],
			"to": [8.1875, 7.25, 8.125],
			"rotation": {"angle": 0, "axis": "y", "origin": [0.0625, 0, 7.9375]},
			"faces": {
				"north": {"uv": [8.125, 8.5, 7.75, 13.375], "texture": "#0"},
				"east": {"uv": [8, 8.5, 8.125, 13.375], "texture": "#0"},
				"south": {"uv": [7.75, 8.5, 8.125, 13.375], "texture": "#0"},
				"west": {"uv": [7.75, 8.5, 7.875, 13.375], "texture": "#0"},
				"up": {"uv": [7.75, 8.5, 8.125, 8.625], "texture": "#0"},
				"down": {"uv": [7.75, 13.25, 8.125, 13.375], "texture": "#0"}
			}
		},
		{
			"name": "opaline_lance_92",
			"from": [7.5625, 2.25, 7.8125],
			"to": [7.8125, 2.5, 8.1875],
			"rotation": {"angle": 0, "axis": "y", "origin": [0.0625, 0, 7.9375]},
			"faces": {
				"north": {"uv": [12.25, 13.25, 12, 13.5], "texture": "#0"},
				"east": {"uv": [12.125, 13.25, 12.25, 13.5], "texture": "#0"},
				"south": {"uv": [12, 13.25, 12.25, 13.5], "texture": "#0"},
				"west": {"uv": [12, 13.25, 12.125, 13.5], "texture": "#0"},
				"up": {"uv": [12, 13.25, 12.25, 13.375], "texture": "#0"},
				"down": {"uv": [12, 13.375, 12.25, 13.5], "texture": "#0"}
			}
		},
		{
			"name": "opaline_lance_93",
			"from": [8.1875, 2.25, 7.8125],
			"to": [8.4375, 2.5, 8.1875],
			"rotation": {"angle": 0, "axis": "y", "origin": [0.0625, 0, 7.9375]},
			"faces": {
				"north": {"uv": [12.875, 13.25, 12.625, 13.5], "texture": "#0"},
				"east": {"uv": [12.75, 13.25, 12.875, 13.5], "texture": "#0"},
				"south": {"uv": [12.625, 13.25, 12.875, 13.5], "texture": "#0"},
				"west": {"uv": [12.625, 13.25, 12.75, 13.5], "texture": "#0"},
				"up": {"uv": [12.625, 13.25, 12.875, 13.375], "texture": "#0"},
				"down": {"uv": [12.625, 13.375, 12.875, 13.5], "texture": "#0"}
			}
		},
		{
			"name": "opaline_lance_94",
			"from": [7.9375, 2.25, 7.875],
			"to": [8.0625, 2.375, 8.125],
			"rotation": {"angle": 0, "axis": "y", "origin": [0.0625, 0, 7.9375]},
			"faces": {
				"north": {"uv": [8, 13.375, 7.875, 13.5], "texture": "#0"},
				"east": {"uv": [7.875, 13.375, 8, 13.5], "texture": "#0"},
				"south": {"uv": [7.875, 13.375, 8, 13.5], "texture": "#0"},
				"west": {"uv": [7.875, 13.375, 8, 13.5], "texture": "#0"},
				"up": {"uv": [7.875, 13.375, 8, 13.5], "texture": "#0"},
				"down": {"uv": [7.875, 13.375, 8, 13.5], "texture": "#0"}
			}
		},
		{
			"name": "opaline_lance_95",
			"from": [7.8125, 1.875, 7.8125],
			"to": [7.9375, 2.375, 8.1875],
			"rotation": {"angle": 0, "axis": "y", "origin": [0.0625, 0, 7.9375]},
			"faces": {
				"north": {"uv": [12.375, 13.375, 12.25, 13.875], "texture": "#0"},
				"east": {"uv": [12.25, 13.375, 12.375, 13.875], "texture": "#0"},
				"south": {"uv": [12.25, 13.375, 12.375, 13.875], "texture": "#0"},
				"west": {"uv": [12.25, 13.375, 12.375, 13.875], "texture": "#0"},
				"up": {"uv": [12.25, 13.375, 12.375, 13.5], "texture": "#0"},
				"down": {"uv": [12.25, 13.75, 12.375, 13.875], "texture": "#0"}
			}
		},
		{
			"name": "opaline_lance_96",
			"from": [8.0625, 1.875, 7.8125],
			"to": [8.1875, 2.375, 8.1875],
			"rotation": {"angle": 0, "axis": "y", "origin": [0.0625, 0, 7.9375]},
			"faces": {
				"north": {"uv": [12.625, 13.375, 12.5, 13.875], "texture": "#0"},
				"east": {"uv": [12.5, 13.375, 12.625, 13.875], "texture": "#0"},
				"south": {"uv": [12.5, 13.375, 12.625, 13.875], "texture": "#0"},
				"west": {"uv": [12.5, 13.375, 12.625, 13.875], "texture": "#0"},
				"up": {"uv": [12.5, 13.375, 12.625, 13.5], "texture": "#0"},
				"down": {"uv": [12.5, 13.75, 12.625, 13.875], "texture": "#0"}
			}
		},
		{
			"name": "opaline_lance_97",
			"from": [7.6875, 2, 7.8125],
			"to": [7.8125, 2.25, 8.1875],
			"rotation": {"angle": 0, "axis": "y", "origin": [0.0625, 0, 7.9375]},
			"faces": {
				"north": {"uv": [12.25, 13.5, 12.125, 13.75], "texture": "#0"},
				"east": {"uv": [12.125, 13.5, 12.25, 13.75], "texture": "#0"},
				"south": {"uv": [12.125, 13.5, 12.25, 13.75], "texture": "#0"},
				"west": {"uv": [12.125, 13.5, 12.25, 13.75], "texture": "#0"},
				"up": {"uv": [12.125, 13.5, 12.25, 13.625], "texture": "#0"},
				"down": {"uv": [12.125, 13.625, 12.25, 13.75], "texture": "#0"}
			}
		},
		{
			"name": "opaline_lance_98",
			"from": [7.9375, 1.625, 7.8125],
			"to": [8.0625, 2.25, 8.1875],
			"rotation": {"angle": 0, "axis": "y", "origin": [0.0625, 0, 7.9375]},
			"faces": {
				"north": {"uv": [12.5, 13.5, 12.375, 14.125], "texture": "#0"},
				"east": {"uv": [12.375, 13.5, 12.5, 14.125], "texture": "#0"},
				"south": {"uv": [12.375, 13.5, 12.5, 14.125], "texture": "#0"},
				"west": {"uv": [12.375, 13.5, 12.5, 14.125], "texture": "#0"},
				"up": {"uv": [12.375, 13.5, 12.5, 13.625], "texture": "#0"},
				"down": {"uv": [12.375, 14, 12.5, 14.125], "texture": "#0"}
			}
		},
		{
			"name": "opaline_lance_99",
			"from": [8.1875, 2, 7.8125],
			"to": [8.3125, 2.25, 8.1875],
			"rotation": {"angle": 0, "axis": "y", "origin": [0.0625, 0, 7.9375]},
			"faces": {
				"north": {"uv": [12.75, 13.5, 12.625, 13.75], "texture": "#0"},
				"east": {"uv": [12.625, 13.5, 12.75, 13.75], "texture": "#0"},
				"south": {"uv": [12.625, 13.5, 12.75, 13.75], "texture": "#0"},
				"west": {"uv": [12.625, 13.5, 12.75, 13.75], "texture": "#0"},
				"up": {"uv": [12.625, 13.5, 12.75, 13.625], "texture": "#0"},
				"down": {"uv": [12.625, 13.625, 12.75, 13.75], "texture": "#0"}
			}
		},
		{
			"name": "opaline_lance_100",
			"from": [7.8125, 1.375, 7.875],
			"to": [7.9375, 1.875, 8.125],
			"rotation": {"angle": 0, "axis": "y", "origin": [0.0625, 0, 7.9375]},
			"faces": {
				"north": {"uv": [7.875, 13.875, 7.75, 14.375], "texture": "#0"},
				"east": {"uv": [7.75, 13.875, 7.875, 14.375], "texture": "#0"},
				"south": {"uv": [7.75, 13.875, 7.875, 14.375], "texture": "#0"},
				"west": {"uv": [7.75, 13.875, 7.875, 14.375], "texture": "#0"},
				"up": {"uv": [7.75, 13.875, 7.875, 14], "texture": "#0"},
				"down": {"uv": [7.75, 14.25, 7.875, 14.375], "texture": "#0"}
			}
		},
		{
			"name": "opaline_lance_101",
			"from": [8.0625, 1.375, 7.875],
			"to": [8.1875, 1.875, 8.125],
			"rotation": {"angle": 0, "axis": "y", "origin": [0.0625, 0, 7.9375]},
			"faces": {
				"north": {"uv": [8.125, 13.875, 8, 14.375], "texture": "#0"},
				"east": {"uv": [8, 13.875, 8.125, 14.375], "texture": "#0"},
				"south": {"uv": [8, 13.875, 8.125, 14.375], "texture": "#0"},
				"west": {"uv": [8, 13.875, 8.125, 14.375], "texture": "#0"},
				"up": {"uv": [8, 13.875, 8.125, 14], "texture": "#0"},
				"down": {"uv": [8, 14.25, 8.125, 14.375], "texture": "#0"}
			}
		},
		{
			"name": "opaline_lance_102",
			"from": [7.9375, 1.25, 7.875],
			"to": [8.0625, 1.625, 8.125],
			"rotation": {"angle": 0, "axis": "y", "origin": [0.0625, 0, 7.9375]},
			"faces": {
				"north": {"uv": [8, 14.125, 7.875, 14.5], "texture": "#0"},
				"east": {"uv": [7.875, 14.125, 8, 14.5], "texture": "#0"},
				"south": {"uv": [7.875, 14.125, 8, 14.5], "texture": "#0"},
				"west": {"uv": [7.875, 14.125, 8, 14.5], "texture": "#0"},
				"up": {"uv": [7.875, 14.125, 8, 14.25], "texture": "#0"},
				"down": {"uv": [7.875, 14.375, 8, 14.5], "texture": "#0"}
			}
		},
		{
			"name": "opaline_lance_103",
			"from": [7.6875, 0.875, 7.8125],
			"to": [7.8125, 1.5, 8.1875],
			"rotation": {"angle": 0, "axis": "y", "origin": [0.0625, 0, 7.9375]},
			"faces": {
				"north": {"uv": [12.25, 14.25, 12.125, 14.875], "texture": "#0"},
				"east": {"uv": [12.125, 14.25, 12.25, 14.875], "texture": "#0"},
				"south": {"uv": [12.125, 14.25, 12.25, 14.875], "texture": "#0"},
				"west": {"uv": [12.125, 14.25, 12.25, 14.875], "texture": "#0"},
				"up": {"uv": [12.125, 14.25, 12.25, 14.375], "texture": "#0"},
				"down": {"uv": [12.125, 14.75, 12.25, 14.875], "texture": "#0"}
			}
		},
		{
			"name": "opaline_lance_104",
			"from": [8.1875, 0.875, 7.8125],
			"to": [8.3125, 1.5, 8.1875],
			"rotation": {"angle": 0, "axis": "y", "origin": [0.0625, 0, 7.9375]},
			"faces": {
				"north": {"uv": [12.75, 14.25, 12.625, 14.875], "texture": "#0"},
				"east": {"uv": [12.625, 14.25, 12.75, 14.875], "texture": "#0"},
				"south": {"uv": [12.625, 14.25, 12.75, 14.875], "texture": "#0"},
				"west": {"uv": [12.625, 14.25, 12.75, 14.875], "texture": "#0"},
				"up": {"uv": [12.625, 14.25, 12.75, 14.375], "texture": "#0"},
				"down": {"uv": [12.625, 14.75, 12.75, 14.875], "texture": "#0"}
			}
		},
		{
			"name": "opaline_lance_105",
			"from": [7.8125, 1, 7.8125],
			"to": [7.9375, 1.375, 8.1875],
			"rotation": {"angle": 0, "axis": "y", "origin": [0.0625, 0, 7.9375]},
			"faces": {
				"north": {"uv": [12.375, 14.375, 12.25, 14.75], "texture": "#0"},
				"east": {"uv": [12.25, 14.375, 12.375, 14.75], "texture": "#0"},
				"south": {"uv": [12.25, 14.375, 12.375, 14.75], "texture": "#0"},
				"west": {"uv": [12.25, 14.375, 12.375, 14.75], "texture": "#0"},
				"up": {"uv": [12.25, 14.375, 12.375, 14.5], "texture": "#0"},
				"down": {"uv": [12.25, 14.625, 12.375, 14.75], "texture": "#0"}
			}
		},
		{
			"name": "opaline_lance_106",
			"from": [8.0625, 1, 7.8125],
			"to": [8.1875, 1.375, 8.1875],
			"rotation": {"angle": 0, "axis": "y", "origin": [0.0625, 0, 7.9375]},
			"faces": {
				"north": {"uv": [12.625, 14.375, 12.5, 14.75], "texture": "#0"},
				"east": {"uv": [12.5, 14.375, 12.625, 14.75], "texture": "#0"},
				"south": {"uv": [12.5, 14.375, 12.625, 14.75], "texture": "#0"},
				"west": {"uv": [12.5, 14.375, 12.625, 14.75], "texture": "#0"},
				"up": {"uv": [12.5, 14.375, 12.625, 14.5], "texture": "#0"},
				"down": {"uv": [12.5, 14.625, 12.625, 14.75], "texture": "#0"}
			}
		},
		{
			"name": "opaline_lance_107",
			"from": [7.9375, 0.875, 7.8125],
			"to": [8.0625, 1.25, 8.1875],
			"rotation": {"angle": 0, "axis": "y", "origin": [0.0625, 0, 7.9375]},
			"faces": {
				"north": {"uv": [12.5, 14.5, 12.375, 14.875], "texture": "#0"},
				"east": {"uv": [12.375, 14.5, 12.5, 14.875], "texture": "#0"},
				"south": {"uv": [12.375, 14.5, 12.5, 14.875], "texture": "#0"},
				"west": {"uv": [12.375, 14.5, 12.5, 14.875], "texture": "#0"},
				"up": {"uv": [12.375, 14.5, 12.5, 14.625], "texture": "#0"},
				"down": {"uv": [12.375, 14.75, 12.5, 14.875], "texture": "#0"}
			}
		},
		{
			"name": "opaline_lance_108",
			"from": [7.5625, 0.75, 7.8125],
			"to": [7.6875, 1.125, 8.1875],
			"rotation": {"angle": 0, "axis": "y", "origin": [0.0625, 0, 7.9375]},
			"faces": {
				"north": {"uv": [12.125, 14.625, 12, 15], "texture": "#0"},
				"east": {"uv": [12, 14.625, 12.125, 15], "texture": "#0"},
				"south": {"uv": [12, 14.625, 12.125, 15], "texture": "#0"},
				"west": {"uv": [12, 14.625, 12.125, 15], "texture": "#0"},
				"up": {"uv": [12, 14.625, 12.125, 14.75], "texture": "#0"},
				"down": {"uv": [12, 14.875, 12.125, 15], "texture": "#0"}
			}
		},
		{
			"name": "opaline_lance_109",
			"from": [8.3125, 0.75, 7.8125],
			"to": [8.4375, 1.125, 8.1875],
			"rotation": {"angle": 0, "axis": "y", "origin": [0.0625, 0, 7.9375]},
			"faces": {
				"north": {"uv": [12.875, 14.625, 12.75, 15], "texture": "#0"},
				"east": {"uv": [12.75, 14.625, 12.875, 15], "texture": "#0"},
				"south": {"uv": [12.75, 14.625, 12.875, 15], "texture": "#0"},
				"west": {"uv": [12.75, 14.625, 12.875, 15], "texture": "#0"},
				"up": {"uv": [12.75, 14.625, 12.875, 14.75], "texture": "#0"},
				"down": {"uv": [12.75, 14.875, 12.875, 15], "texture": "#0"}
			}
		},
		{
			"name": "opaline_lance_110",
			"from": [7.9375, 0.5, 7.90625],
			"to": [8.0625, 0.875, 8.09375],
			"rotation": {"angle": 0, "axis": "y", "origin": [0.0625, 0, 7.9375]},
			"faces": {
				"north": {"uv": [8, 14.875, 7.875, 15.25], "texture": "#0"},
				"east": {"uv": [7.875, 14.875, 8, 15.25], "texture": "#0"},
				"south": {"uv": [7.875, 14.875, 8, 15.25], "texture": "#0"},
				"west": {"uv": [7.875, 14.875, 8, 15.25], "texture": "#0"},
				"up": {"uv": [7.875, 14.875, 8, 15], "texture": "#0"},
				"down": {"uv": [7.875, 15.125, 8, 15.25], "texture": "#0"}
			}
		},
		{
			"name": "opaline_lance_111",
			"from": [7.3125, 0.75, 7.8125],
			"to": [7.5625, 0.875, 8.1875],
			"rotation": {"angle": 0, "axis": "y", "origin": [0.0625, 0, 7.9375]},
			"faces": {
				"north": {"uv": [12, 14.875, 11.75, 15], "texture": "#0"},
				"east": {"uv": [11.875, 14.875, 12, 15], "texture": "#0"},
				"south": {"uv": [11.75, 14.875, 12, 15], "texture": "#0"},
				"west": {"uv": [11.75, 14.875, 11.875, 15], "texture": "#0"},
				"up": {"uv": [11.75, 14.875, 12, 15], "texture": "#0"},
				"down": {"uv": [11.75, 14.875, 12, 15], "texture": "#0"}
			}
		},
		{
			"name": "opaline_lance_112",
			"from": [8.4375, 0.75, 7.8125],
			"to": [8.6875, 0.875, 8.1875],
			"rotation": {"angle": 0, "axis": "y", "origin": [0.0625, 0, 7.9375]},
			"faces": {
				"north": {"uv": [13.125, 14.875, 12.875, 15], "texture": "#0"},
				"east": {"uv": [13, 14.875, 13.125, 15], "texture": "#0"},
				"south": {"uv": [12.875, 14.875, 13.125, 15], "texture": "#0"},
				"west": {"uv": [12.875, 14.875, 13, 15], "texture": "#0"},
				"up": {"uv": [12.875, 14.875, 13.125, 15], "texture": "#0"},
				"down": {"uv": [12.875, 14.875, 13.125, 15], "texture": "#0"}
			}
		},
		{
			"name": "opaline_lance_113",
			"from": [7.8125, 0.25, 7.8125],
			"to": [7.9375, 0.625, 8.1875],
			"rotation": {"angle": 0, "axis": "y", "origin": [0.0625, 0, 7.9375]},
			"faces": {
				"north": {"uv": [12.375, 15.125, 12.25, 15.5], "texture": "#0"},
				"east": {"uv": [12.25, 15.125, 12.375, 15.5], "texture": "#0"},
				"south": {"uv": [12.25, 15.125, 12.375, 15.5], "texture": "#0"},
				"west": {"uv": [12.25, 15.125, 12.375, 15.5], "texture": "#0"},
				"up": {"uv": [12.25, 15.125, 12.375, 15.25], "texture": "#0"},
				"down": {"uv": [12.25, 15.375, 12.375, 15.5], "texture": "#0"}
			}
		},
		{
			"name": "opaline_lance_114",
			"from": [8.0625, 0.25, 7.8125],
			"to": [8.1875, 0.625, 8.1875],
			"rotation": {"angle": 0, "axis": "y", "origin": [0.0625, 0, 7.9375]},
			"faces": {
				"north": {"uv": [12.625, 15.125, 12.5, 15.5], "texture": "#0"},
				"east": {"uv": [12.5, 15.125, 12.625, 15.5], "texture": "#0"},
				"south": {"uv": [12.5, 15.125, 12.625, 15.5], "texture": "#0"},
				"west": {"uv": [12.5, 15.125, 12.625, 15.5], "texture": "#0"},
				"up": {"uv": [12.5, 15.125, 12.625, 15.25], "texture": "#0"},
				"down": {"uv": [12.5, 15.375, 12.625, 15.5], "texture": "#0"}
			}
		},
		{
			"name": "opaline_lance_115",
			"from": [7.9375, -0.125, 7.8125],
			"to": [8.0625, 0.5, 8.1875],
			"rotation": {"angle": 0, "axis": "y", "origin": [0.0625, 0, 7.9375]},
			"faces": {
				"north": {"uv": [12.5, 15.25, 12.375, 15.875], "texture": "#0"},
				"east": {"uv": [12.375, 15.25, 12.5, 15.875], "texture": "#0"},
				"south": {"uv": [12.375, 15.25, 12.5, 15.875], "texture": "#0"},
				"west": {"uv": [12.375, 15.25, 12.5, 15.875], "texture": "#0"},
				"up": {"uv": [12.375, 15.25, 12.5, 15.375], "texture": "#0"},
				"down": {"uv": [12.375, 15.75, 12.5, 15.875], "texture": "#0"}
			}
		}
	],
	"gui_light": "front",
	"display": {
		"thirdperson_righthand": {
			"rotation": [0, -90, 0],
			"translation": [0, -2, 1.5],
			"scale": [2.4, 2.4, 2.4]
		},
		"thirdperson_lefthand": {
			"rotation": [0, -90, 0],
			"translation": [0, -2, 1.5],
			"scale": [2.4, 2.4, 2.4]
		},
		"firstperson_righthand": {
			"rotation": [10, -90, 0],
			"translation": [-1.5, 6, 4],
			"scale": [1.4, 1.4, 1.4]
		},
		"firstperson_lefthand": {
			"rotation": [10, -90, 0],
			"translation": [-1.5, 6, 4],
			"scale": [1.4, 1.4, 1.4]
		},
		"ground": {
			"rotation": [0, 0, 45],
			"translation": [0.5, 2.25, 0.25]
		},
		"gui": {
			"rotation": [0, 0, -45],
			"translation": [-1.5, -1.5, 0],
			"scale": [1.4, 1.4, 1]
		},
		"head": {
			"rotation": [0, 0, 45],
			"translation": [2.25, 13, 0],
			"scale": [2, 2, 2]
		},
		"fixed": {
			"rotation": [0, 0, 90],
			"translation": [6, -0.25, -0.5],
			"scale": [4, 4, 4]
		}
	},
	"groups": [
		{
			"name": "opaline_lance",
			"origin": [8.0625, 8, 15.9375],
			"color": 0,
			"children": [
				0,
				1,
				2,
				3,
				4,
				5,
				6,
				7,
				8,
				9,
				10,
				11,
				12,
				13,
				14,
				15,
				16,
				17,
				18,
				19,
				20,
				21,
				22,
				23,
				24,
				25,
				26,
				27,
				28,
				29,
				30,
				31,
				32,
				33,
				34,
				35,
				36,
				37,
				38,
				39,
				40,
				41,
				42,
				43,
				44,
				45,
				46,
				47,
				48,
				49,
				50,
				51,
				52,
				53,
				54,
				55,
				56,
				57,
				58,
				59,
				60,
				61,
				62,
				63,
				64,
				65,
				66,
				67,
				68,
				69,
				70,
				71,
				72,
				73,
				74,
				75,
				76,
				77,
				78,
				79,
				80,
				81,
				82,
				83,
				84,
				85,
				86,
				87,
				88,
				89,
				90,
				91,
				92,
				93,
				94,
				95,
				96,
				97,
				98,
				99,
				100,
				101,
				102,
				103,
				104,
				105,
				106,
				107,
				108,
				109,
				110,
				111,
				112,
				113,
				114,
				115,
				116,
				117,
				118,
				119
			]
		}
	],
	"overrides": [
        {
            "predicate": {
                "custom_model_data": 5721
            },
            "model": "item/poseidons_trident"
        }
    ]
}