{"format_version":"1.16.0","minecraft:geometry":[{"description":{"identifier":"geometry.geyser_custom.geo_52c0a74","texture_width":16,"texture_height":16,"visible_bounds_width":4,"visible_bounds_height":4.5,"visible_bounds_offset":[0,0.75,0]},"bones":[{"name":"geyser_custom","binding":"c.item_slot == 'head' ? 'head' : q.item_slot_to_bone_name(c.item_slot)","pivot":[0,8,0]},{"name":"geyser_custom_x","parent":"geyser_custom","pivot":[0,8,0]},{"name":"geyser_custom_y","parent":"geyser_custom_x","pivot":[0,8,0]},{"name":"geyser_custom_z","parent":"geyser_custom_y","pivot":[0,8,0],"cubes":[]},{"parent":"geyser_custom_z","pivot":[0,7.25,1],"rotation":[45,0,0],"cubes":[{"origin":[-1.75,7.2096,2.2968],"size":[0.5,0.5,1.25],"pivot":[0,7.25,1],"uv":{"north":{"uv":[2.251,12.6166],"uv_size":[0.0615,0.0757]},"south":{"uv":[3.501,10.1551],"uv_size":[0.0615,0.0757]},"east":{"uv":[3.7525,9.232],"uv_size":[0.1538,0.0757]},"west":{"uv":[3.7525,12.1551],"uv_size":[0.1538,0.0757]},"up":{"uv":[3.7525,12.3089],"uv_size":[0.1538,0.0757]},"down":{"uv":[3.7525,12.5372],"uv_size":[0.1538,-0.0757]}}},{"origin":[1.25,7.2096,2.2968],"size":[0.5,0.5,1.25],"pivot":[0,7.25,1],"uv":{"north":{"uv":[2.251,12.6166],"uv_size":[0.0615,0.0757]},"south":{"uv":[3.501,10.1551],"uv_size":[0.0615,0.0757]},"east":{"uv":[3.7525,9.232],"uv_size":[0.1538,0.0757]},"west":{"uv":[3.7525,12.1551],"uv_size":[0.1538,0.0757]},"up":{"uv":[3.7525,12.3089],"uv_size":[0.1538,0.0757]},"down":{"uv":[3.7525,12.5372],"uv_size":[0.1538,-0.0757]}}},{"origin":[-2.35,7.49,0.0278],"size":[4.7,3.5,2.5],"pivot":[0,7.25,1],"uv":{"north":{"uv":[2.384,8.0086],"uv_size":[0.5535,0.5298]},"south":{"uv":[2.9285,8.0086],"uv_size":[-0.5535,0.5298]},"east":{"uv":[3.005,8.0086],"uv_size":[0.3075,0.5298]},"west":{"uv":[3.3075,8.0086],"uv_size":[-0.3075,0.5298]},"up":{"uv":[1.005,11.3957],"uv_size":[0.3075,0.6812]},"down":{"uv":[2.755,10.5274],"uv_size":[0.3075,-0.6812]}}}],"name":"rot_1"},{"parent":"geyser_custom_z","pivot":[0,-2.675,0],"rotation":[0,45,0],"cubes":[{"origin":[0.0287,-7.9967,-0.9035],"size":[0.8748,2.3328,0.8748],"pivot":[0,-2.675,0],"uv":{"north":{"uv":[15.248,0.4677],"uv_size":[-0.123,0.3785]},"south":{"uv":[15.127,0.0062],"uv_size":[0.123,0.3785]},"east":{"uv":[15.002,3.6985],"uv_size":[0.123,0.3785]},"west":{"uv":[15.127,0.4677],"uv_size":[0.123,0.3785]},"up":{"uv":[14.502,3.5409],"uv_size":[0.123,0.1514]},"down":{"uv":[13.752,3.9975],"uv_size":[0.123,-0.1514]}}}],"name":"rot_2"},{"parent":"geyser_custom_z","pivot":[0,0.0542,0],"rotation":[0,45,0],"cubes":[{"origin":[-0.5467,-5.7368,-0.5468],"size":[1.0935,5.832,1.0935],"pivot":[0,0.0542,0],"uv":{"north":{"uv":[13.5025,2.4775],"uv_size":[0.1538,0.984]},"south":{"uv":[13.5025,2.4775],"uv_size":[0.1538,0.984]},"east":{"uv":[13.5025,2.4775],"uv_size":[0.1538,0.984]},"west":{"uv":[13.7525,2.4775],"uv_size":[0.1538,0.984]},"up":{"uv":[15.3775,2.1569],"uv_size":[0.1538,0.1892]},"down":{"uv":[15.3775,2.6508],"uv_size":[0.1538,-0.1892]}}},{"origin":[-0.5467,0.0132,-0.5468],"size":[1.0935,5.832,1.0935],"pivot":[0,0.0542,0],"uv":{"north":{"uv":[13.5025,2.4775],"uv_size":[0.1538,0.984]},"south":{"uv":[13.7525,2.4775],"uv_size":[0.1538,0.984]},"east":{"uv":[13.5025,2.4775],"uv_size":[0.1538,0.984]},"west":{"uv":[13.7525,2.4775],"uv_size":[0.1538,0.984]},"up":{"uv":[15.3775,2.1569],"uv_size":[0.1538,0.1892]},"down":{"uv":[15.3775,2.6508],"uv_size":[0.1538,-0.1892]}}},{"origin":[-0.6014,-6.0284,-0.6014],"size":[1.2029,6.4152,1.2029],"pivot":[0,0.0542,0],"uv":{"north":{"uv":[13.5025,1.2468],"uv_size":[0.1538,1.0994]},"south":{"uv":[13.7525,1.2468],"uv_size":[0.1538,1.0994]},"east":{"uv":[13.5025,1.2468],"uv_size":[0.1538,1.0994]},"west":{"uv":[13.7525,1.2468],"uv_size":[0.1538,1.0994]},"up":{"uv":[15.3775,4.1569],"uv_size":[0.1538,0.1892]},"down":{"uv":[15.5025,0.1892],"uv_size":[0.1538,-0.1892]}}},{"origin":[-0.6014,-0.2784,-0.6014],"size":[1.2029,6.4152,1.2029],"pivot":[0,0.0542,0],"uv":{"north":{"uv":[13.5025,1.2468],"uv_size":[0.1538,1.0994]},"south":{"uv":[13.7525,1.2468],"uv_size":[0.1538,1.0994]},"east":{"uv":[13.5025,1.2468],"uv_size":[0.1538,1.0994]},"west":{"uv":[13.7525,1.2468],"uv_size":[0.1538,1.0994]},"up":{"uv":[15.3775,4.1569],"uv_size":[0.1538,0.1892]},"down":{"uv":[15.5025,0.1892],"uv_size":[0.1538,-0.1892]}}}],"name":"rot_3"},{"parent":"geyser_custom_z","pivot":[0,0.0542,0],"rotation":[0,45,0],"cubes":[{"origin":[-0.5467,-5.7368,-0.5468],"size":[1.0935,5.832,1.0935],"pivot":[0,0.0542,0],"uv":{"north":{"uv":[13.5025,2.4775],"uv_size":[0.1538,0.984]},"south":{"uv":[13.5025,2.4775],"uv_size":[0.1538,0.984]},"east":{"uv":[13.5025,2.4775],"uv_size":[0.1538,0.984]},"west":{"uv":[13.7525,2.4775],"uv_size":[0.1538,0.984]},"up":{"uv":[15.3775,2.1569],"uv_size":[0.1538,0.1892]},"down":{"uv":[15.3775,2.6508],"uv_size":[0.1538,-0.1892]}}},{"origin":[-0.5467,0.0132,-0.5468],"size":[1.0935,5.832,1.0935],"pivot":[0,0.0542,0],"uv":{"north":{"uv":[13.5025,2.4775],"uv_size":[0.1538,0.984]},"south":{"uv":[13.7525,2.4775],"uv_size":[0.1538,0.984]},"east":{"uv":[13.5025,2.4775],"uv_size":[0.1538,0.984]},"west":{"uv":[13.7525,2.4775],"uv_size":[0.1538,0.984]},"up":{"uv":[15.3775,2.1569],"uv_size":[0.1538,0.1892]},"down":{"uv":[15.3775,2.6508],"uv_size":[0.1538,-0.1892]}}},{"origin":[-0.6014,-6.0284,-0.6014],"size":[1.2029,6.4152,1.2029],"pivot":[0,0.0542,0],"uv":{"north":{"uv":[13.5025,1.2468],"uv_size":[0.1538,1.0994]},"south":{"uv":[13.7525,1.2468],"uv_size":[0.1538,1.0994]},"east":{"uv":[13.5025,1.2468],"uv_size":[0.1538,1.0994]},"west":{"uv":[13.7525,1.2468],"uv_size":[0.1538,1.0994]},"up":{"uv":[15.3775,4.1569],"uv_size":[0.1538,0.1892]},"down":{"uv":[15.5025,0.1892],"uv_size":[0.1538,-0.1892]}}},{"origin":[-0.6014,-0.2784,-0.6014],"size":[1.2029,6.4152,1.2029],"pivot":[0,0.0542,0],"uv":{"north":{"uv":[13.5025,1.2468],"uv_size":[0.1538,1.0994]},"south":{"uv":[13.7525,1.2468],"uv_size":[0.1538,1.0994]},"east":{"uv":[13.5025,1.2468],"uv_size":[0.1538,1.0994]},"west":{"uv":[13.7525,1.2468],"uv_size":[0.1538,1.0994]},"up":{"uv":[15.3775,4.1569],"uv_size":[0.1538,0.1892]},"down":{"uv":[15.5025,0.1892],"uv_size":[0.1538,-0.1892]}}}],"name":"rot_4"},{"parent":"geyser_custom_z","pivot":[0,3.075,0],"rotation":[0,45,0],"cubes":[{"origin":[0.0287,5.7723,-0.9035],"size":[0.8748,1.6038,0.8748],"pivot":[0,3.075,0],"uv":{"north":{"uv":[14.252,3.3889],"uv_size":[0.123,0.2649]},"south":{"uv":[15.252,3.2351],"uv_size":[0.123,0.2649]},"east":{"uv":[14.502,4.0043],"uv_size":[0.123,0.2649]},"west":{"uv":[14.752,4.0043],"uv_size":[0.123,0.2649]},"up":{"uv":[15.502,1.5409],"uv_size":[0.123,0.1514]},"down":{"uv":[13.377,4.4591],"uv_size":[0.123,-0.1514]}}}],"name":"rot_5"},{"parent":"geyser_custom_z","pivot":[0,7.25,1],"rotation":[0,45,0],"cubes":[{"origin":[-0.7489,1.75,-1.2097],"size":[3,7.5,3],"pivot":[0,7.25,1],"uv":{"north":{"uv":[2.005,9.8622],"uv_size":[0.3075,0.984]},"south":{"uv":[0.005,10.1698],"uv_size":[0.3075,0.984]},"east":{"uv":[0.3075,10.1698],"uv_size":[-0.3075,0.984]},"west":{"uv":[0.38,10.1698],"uv_size":[0.3075,0.984]},"up":{"uv":[3.38,8.4677],"uv_size":[0.3075,0.3785]},"down":{"uv":[3.38,9.3015],"uv_size":[0.3075,-0.3785]}}}],"name":"rot_6"},{"parent":"geyser_custom_z","pivot":[0.1,10.25,1.5],"rotation":[22.5,0,0],"cubes":[{"origin":[0.1,2.25,-6.5],"size":[0,16,16],"pivot":[0.1,10.25,1.5],"uv":{"north":{"uv":[0,13.5516],"uv_size":[0,0.8074]},"south":{"uv":[0,13.5516],"uv_size":[0,0.8074]},"east":{"uv":[1.984,15.984],"uv_size":[-1.984,-2.4455]},"west":{"uv":[0.016,15.984],"uv_size":[1.984,-2.4455]},"up":{"uv":[0,13.5516],"uv_size":[0,0.8074]},"down":{"uv":[0,13.5516],"uv_size":[0,0.8074]}}}],"name":"rot_7"},{"parent":"geyser_custom_z","pivot":[0,-6.4154,1.3269],"rotation":[22.5,0,0],"cubes":[{"origin":[-1.175,-7.0423,0.7615],"size":[2.35,2.1,1],"pivot":[0,-6.4154,1.3269],"uv":{"north":{"uv":[3.255,11.1477],"uv_size":[0.3075,-0.3785]},"south":{"uv":[3.255,10.7754],"uv_size":[0.3075,0.3785]},"east":{"uv":[3.6275,10.16],"uv_size":[0.1537,0.3785]},"west":{"uv":[3.7787,10.5323],"uv_size":[-0.1537,-0.3785]},"up":{"uv":[3.815,10.16],"uv_size":[0.1537,0.3785]},"down":{"uv":[4.0025,10.16],"uv_size":[0.1538,0.3785]}}}],"name":"rot_8"},{"parent":"geyser_custom_z","pivot":[0,7.25,1],"rotation":[22.5,0,0],"cubes":[{"origin":[-2,7.5965,1.2243],"size":[1,1,1.25],"pivot":[0,7.25,1],"uv":{"north":{"uv":[2.377,10.7717],"uv_size":[0.123,0.1514]},"south":{"uv":[0.752,10.6178],"uv_size":[0.123,0.1514]},"east":{"uv":[1.3775,10.7717],"uv_size":[0.1537,0.1514]},"west":{"uv":[0.5025,11.2332],"uv_size":[0.1537,0.1514]},"up":{"uv":[2.7525,10.6178],"uv_size":[0.1537,0.1514]},"down":{"uv":[3.6275,9.8437],"uv_size":[0.1537,-0.1514]}}},{"origin":[1,7.5965,1.2243],"size":[1,1,1.25],"pivot":[0,7.25,1],"uv":{"north":{"uv":[2.377,10.7717],"uv_size":[0.123,0.1514]},"south":{"uv":[0.752,10.6178],"uv_size":[0.123,0.1514]},"east":{"uv":[1.3775,10.7717],"uv_size":[0.1537,0.1514]},"west":{"uv":[0.5025,11.2332],"uv_size":[0.1537,0.1514]},"up":{"uv":[2.7525,10.6178],"uv_size":[0.1537,0.1514]},"down":{"uv":[3.6275,9.8437],"uv_size":[0.1537,-0.1514]}}}],"name":"rot_9"},{"parent":"geyser_custom_z","pivot":[0,9.2071,-1.75],"rotation":[22.5,0,0],"cubes":[{"origin":[-1.25,7.9571,-3],"size":[2.5,2.5,2.5],"pivot":[0,9.2071,-1.75],"uv":{"north":{"uv":[3.5575,10.7754],"uv_size":[-0.3075,0.3785]},"south":{"uv":[3.255,12.0708],"uv_size":[0.3075,-0.3785]},"east":{"uv":[3.5575,10.3138],"uv_size":[-0.3075,0.3785]},"west":{"uv":[3.255,10.3138],"uv_size":[0.3075,0.3785]},"up":{"uv":[3.255,12.0708],"uv_size":[0.3075,-0.3785]},"down":{"uv":[3.5575,11.1477],"uv_size":[-0.3075,-0.3785]}}}],"name":"rot_10"},{"parent":"geyser_custom_z","pivot":[0,11.0846,-3.0769],"rotation":[22.5,0,0],"cubes":[{"origin":[-1.175,10.5191,-3.7038],"size":[2.35,1,2.1],"pivot":[0,11.0846,-3.0769],"uv":{"north":{"uv":[4.0025,10.5323],"uv_size":[0.1538,-0.3785]},"south":{"uv":[3.815,10.5323],"uv_size":[0.1537,-0.3785]},"east":{"uv":[3.7787,10.16],"uv_size":[-0.1537,0.3785]},"west":{"uv":[3.6275,10.5323],"uv_size":[0.1537,-0.3785]},"up":{"uv":[3.255,11.1477],"uv_size":[0.3075,-0.3785]},"down":{"uv":[3.255,10.7754],"uv_size":[0.3075,0.3785]}}}],"name":"rot_11"},{"parent":"geyser_custom_z","pivot":[1,9.0239,-5.6923],"rotation":[-0,0,0],"cubes":[{"origin":[0,5.2162,-7.9183],"size":[0,8.5,5],"pivot":[1,9.0239,-5.6923],"uv":{"north":{"uv":[4.129,10.9689],"uv_size":[0.246,0.4542]},"south":{"uv":[3.8478,11.1228],"uv_size":[0.246,0.4542]},"east":{"uv":[4.008,13.4455],"uv_size":[0.492,-1.0609]},"west":{"uv":[4.008,12.4006],"uv_size":[0.492,1.0609]},"up":{"uv":[3.9667,10.7668],"uv_size":[-0.123,-0.1514]},"down":{"uv":[4.371,10.9182],"uv_size":[-0.246,-0.3028]}}}],"name":"rot_12"},{"parent":"geyser_custom_z","pivot":[0,8.0239,-3.1923],"rotation":[-0,0,0],"cubes":[{"origin":[-1,7.7162,-4.4183],"size":[2,3,2],"pivot":[0,8.0239,-3.1923],"uv":{"north":{"uv":[4.129,10.9689],"uv_size":[0.246,0.4542]},"south":{"uv":[3.8478,11.1228],"uv_size":[0.246,0.4542]},"east":{"uv":[3.8478,11.0695],"uv_size":[0.246,-0.4542]},"west":{"uv":[3.8478,10.6228],"uv_size":[0.246,0.4542]},"up":{"uv":[4.116,9.7582],"uv_size":[-0.5535,-0.6812]},"down":{"uv":[4.371,10.9182],"uv_size":[-0.246,-0.3028]}}}],"name":"rot_13"},{"parent":"geyser_custom_z","pivot":[0,-6.4154,-1.3269],"rotation":[0,-0,0],"cubes":[{"origin":[-1.125,-7.7813,-2.0493],"size":[2.25,2,1],"pivot":[0,-6.4154,-1.3269],"uv":{"north":{"uv":[3.5575,10.7754],"uv_size":[-0.3075,0.3785]},"south":{"uv":[3.5575,11.1477],"uv_size":[-0.3075,-0.3785]},"east":{"uv":[3.7787,10.16],"uv_size":[-0.1537,0.3785]},"west":{"uv":[3.6275,10.5323],"uv_size":[0.1537,-0.3785]},"up":{"uv":[3.9662,10.16],"uv_size":[-0.1537,0.3785]},"down":{"uv":[4.1538,10.16],"uv_size":[-0.1538,0.3785]}}}],"name":"rot_14"},{"parent":"geyser_custom_z","pivot":[0,-6.4154,1.3269],"rotation":[0,-0,0],"cubes":[{"origin":[-1.125,-7.7813,1.0493],"size":[2.25,2,1],"pivot":[0,-6.4154,1.3269],"uv":{"north":{"uv":[3.255,11.1477],"uv_size":[0.3075,-0.3785]},"south":{"uv":[3.255,10.7754],"uv_size":[0.3075,0.3785]},"east":{"uv":[3.6275,10.16],"uv_size":[0.1537,0.3785]},"west":{"uv":[3.7787,10.5323],"uv_size":[-0.1537,-0.3785]},"up":{"uv":[3.815,10.16],"uv_size":[0.1537,0.3785]},"down":{"uv":[4.0025,10.16],"uv_size":[0.1538,0.3785]}}}],"name":"rot_15"},{"parent":"geyser_custom_z","pivot":[0,-2.675,0],"rotation":[0,-0,0],"cubes":[{"origin":[-0.6061,-7.9238,-0.6561],"size":[1.2122,2.187,1.3122],"pivot":[0,-2.675,0],"uv":{"north":{"uv":[14.878,0.3138],"uv_size":[0.1845,0.3785]},"south":{"uv":[14.878,1.2369],"uv_size":[0.1845,0.3785]},"east":{"uv":[14.878,1.6985],"uv_size":[0.1845,0.3785]},"west":{"uv":[14.878,1.6985],"uv_size":[0.1845,0.3785]},"up":{"uv":[15.253,1.2345],"uv_size":[0.1845,0.2271]},"down":{"uv":[13.253,4.2271],"uv_size":[0.1845,-0.2271]}}}],"name":"rot_16"},{"parent":"geyser_custom_z","pivot":[0,3.075,0],"rotation":[0,-0,0],"cubes":[{"origin":[-0.625,5.7723,-0.6561],"size":[1.25,1.6038,1.3122],"pivot":[0,3.075,0],"uv":{"north":{"uv":[15.003,2.7735],"uv_size":[0.1845,0.2649]},"south":{"uv":[14.753,3.6966],"uv_size":[0.1845,0.2649]},"east":{"uv":[15.003,3.0812],"uv_size":[0.1845,0.2649]},"west":{"uv":[15.003,3.3889],"uv_size":[0.1845,0.2649]},"up":{"uv":[15.253,1.5422],"uv_size":[0.1845,0.2271]},"down":{"uv":[13.753,4.2271],"uv_size":[0.1845,-0.2271]}}}],"name":"rot_17"},{"parent":"geyser_custom_z","pivot":[0,7.25,1],"rotation":[0,-0,0],"cubes":[{"origin":[-2.25,7.4571,-0.1643],"size":[1.5,1.5,1.25],"pivot":[0,7.25,1],"uv":{"north":{"uv":[3.628,11.8498],"uv_size":[0.1845,0.2271]},"south":{"uv":[3.628,11.5422],"uv_size":[0.1845,0.2271]},"east":{"uv":[3.7525,8.3114],"uv_size":[0.1538,0.2271]},"west":{"uv":[3.7525,8.6191],"uv_size":[0.1538,0.2271]},"up":{"uv":[3.7525,8.9268],"uv_size":[0.1538,0.2271]},"down":{"uv":[3.2525,12.8425],"uv_size":[0.1537,-0.2271]}}},{"origin":[0.75,7.4571,-0.1643],"size":[1.5,1.5,1.25],"pivot":[0,7.25,1],"uv":{"north":{"uv":[3.628,11.8498],"uv_size":[0.1845,0.2271]},"south":{"uv":[3.628,11.5422],"uv_size":[0.1845,0.2271]},"east":{"uv":[3.7525,8.3114],"uv_size":[0.1538,0.2271]},"west":{"uv":[3.7525,8.6191],"uv_size":[0.1538,0.2271]},"up":{"uv":[3.7525,8.9268],"uv_size":[0.1538,0.2271]},"down":{"uv":[3.2525,12.8425],"uv_size":[0.1537,-0.2271]}}}],"name":"rot_18"},{"parent":"geyser_custom_z","pivot":[0,7.7429,-0.75],"rotation":[0,-0,0],"cubes":[{"origin":[-1.05,6.4929,-2],"size":[2.1,2.5,2.5],"pivot":[0,7.7429,-0.75],"uv":{"north":{"uv":[3.5575,11.1477],"uv_size":[-0.3075,-0.3785]},"south":{"uv":[3.255,11.6985],"uv_size":[0.3075,0.3785]},"east":{"uv":[3.5575,10.6862],"uv_size":[-0.3075,-0.3785]},"west":{"uv":[3.255,10.6862],"uv_size":[0.3075,-0.3785]},"up":{"uv":[3.5575,10.7754],"uv_size":[-0.3075,0.3785]},"down":{"uv":[3.255,11.6985],"uv_size":[0.3075,0.3785]}}}],"name":"rot_19"},{"parent":"geyser_custom_z","pivot":[-1.0375,5.9107,0],"rotation":[0,-0,0],"cubes":[{"origin":[-0.1,3,-8],"size":[0,16,16],"pivot":[-1.0375,5.9107,0],"uv":{"north":{"uv":[9,11.0901],"uv_size":[0,0.8074]},"south":{"uv":[9,11.0901],"uv_size":[0,0.8074]},"east":{"uv":[9.016,11.0929],"uv_size":[1.984,2.4455]},"west":{"uv":[10.984,11.0929],"uv_size":[-1.984,2.4455]},"up":{"uv":[9,11.8843],"uv_size":[0,-0.8074]},"down":{"uv":[9,11.8843],"uv_size":[0,-0.8074]}}}],"name":"rot_20"},{"parent":"geyser_custom_z","pivot":[0,-6.4154,-1.3269],"rotation":[-22.5,0,0],"cubes":[{"origin":[-1.175,-7.0423,-1.7615],"size":[2.35,2.1,1],"pivot":[0,-6.4154,-1.3269],"uv":{"north":{"uv":[3.5575,10.7754],"uv_size":[-0.3075,0.3785]},"south":{"uv":[3.5575,11.1477],"uv_size":[-0.3075,-0.3785]},"east":{"uv":[3.7787,10.16],"uv_size":[-0.1537,0.3785]},"west":{"uv":[3.6275,10.5323],"uv_size":[0.1537,-0.3785]},"up":{"uv":[3.9662,10.16],"uv_size":[-0.1537,0.3785]},"down":{"uv":[4.1538,10.16],"uv_size":[-0.1538,0.3785]}}}],"name":"rot_21"},{"parent":"geyser_custom_z","pivot":[0,-8.7929,0],"rotation":[-45,0,0],"cubes":[{"origin":[-1.25,-10.0429,-1.25],"size":[2.5,2.5,2.5],"pivot":[0,-8.7929,0],"uv":{"north":{"uv":[3.5575,12.0708],"uv_size":[-0.3075,-0.3785]},"south":{"uv":[3.255,11.6985],"uv_size":[0.3075,0.3785]},"east":{"uv":[3.255,10.3138],"uv_size":[0.3075,0.3785]},"west":{"uv":[3.5575,10.3138],"uv_size":[-0.3075,0.3785]},"up":{"uv":[3.255,11.6985],"uv_size":[0.3075,0.3785]},"down":{"uv":[3.255,11.6985],"uv_size":[0.3075,0.3785]}}}],"name":"rot_22"},{"parent":"geyser_custom_z","pivot":[0,11.0846,-3.0769],"rotation":[-45,0,0],"cubes":[{"origin":[-1.125,9.7187,-3.7993],"size":[2.25,2,1],"pivot":[0,11.0846,-3.0769],"uv":{"north":{"uv":[3.5575,10.7754],"uv_size":[-0.3075,0.3785]},"south":{"uv":[3.5575,11.1477],"uv_size":[-0.3075,-0.3785]},"east":{"uv":[3.7787,10.16],"uv_size":[-0.1537,0.3785]},"west":{"uv":[3.6275,10.5323],"uv_size":[0.1537,-0.3785]},"up":{"uv":[3.9662,10.16],"uv_size":[-0.1537,0.3785]},"down":{"uv":[4.1538,10.16],"uv_size":[-0.1538,0.3785]}}}],"name":"rot_23"},{"parent":"geyser_custom_z","pivot":[0,-2.675,0],"rotation":[0,-45,0],"cubes":[{"origin":[0.0287,-7.9967,0.0287],"size":[0.8748,2.3328,0.8748],"pivot":[0,-2.675,0],"uv":{"north":{"uv":[15.127,0.9292],"uv_size":[0.123,0.3785]},"south":{"uv":[13.748,3.8523],"uv_size":[-0.123,0.3785]},"east":{"uv":[15.127,1.3908],"uv_size":[0.123,0.3785]},"west":{"uv":[13.627,3.8523],"uv_size":[0.123,0.3785]},"up":{"uv":[15.252,3.5409],"uv_size":[0.123,0.1514]},"down":{"uv":[13.252,4.4591],"uv_size":[0.123,-0.1514]}}}],"name":"rot_24"},{"parent":"geyser_custom_z","pivot":[0,3.075,0],"rotation":[0,-45,0],"cubes":[{"origin":[0.0287,5.7723,0.0287],"size":[0.8748,1.6038,0.8748],"pivot":[0,3.075,0],"uv":{"north":{"uv":[14.877,4.0043],"uv_size":[0.123,0.2649]},"south":{"uv":[15.252,4.0043],"uv_size":[0.123,0.2649]},"east":{"uv":[15.127,4.0043],"uv_size":[0.123,0.2649]},"west":{"uv":[15.377,1.8505],"uv_size":[0.123,0.2649]},"up":{"uv":[15.502,1.6948],"uv_size":[0.123,0.1514]},"down":{"uv":[13.502,4.4591],"uv_size":[0.123,-0.1514]}}}],"name":"rot_25"},{"parent":"geyser_custom_z","pivot":[0,7.25,1],"rotation":[0,0,45],"cubes":[{"origin":[-2.9874,6.7374,0.0857],"size":[3.5,3.5,1.5],"pivot":[0,7.25,1],"uv":{"north":{"uv":[2.507,10.7778],"uv_size":[0.4305,0.5298]},"south":{"uv":[2.507,9.2394],"uv_size":[0.4305,0.5298]},"east":{"uv":[1.378,12.3163],"uv_size":[0.1845,0.5298]},"west":{"uv":[2.003,12.3163],"uv_size":[0.1845,0.5298]},"up":{"uv":[3.503,12.1625],"uv_size":[0.1845,0.5298]},"down":{"uv":[0.503,12.9914],"uv_size":[0.1845,-0.5298]}}}],"name":"rot_26"}]}]}
