{"format_version":"1.16.0","minecraft:geometry":[{"description":{"identifier":"geometry.geyser_custom.geo_86a44de","texture_width":16,"texture_height":16,"visible_bounds_width":4,"visible_bounds_height":4.5,"visible_bounds_offset":[0,0.75,0]},"bones":[{"name":"geyser_custom","binding":"c.item_slot == 'head' ? 'head' : q.item_slot_to_bone_name(c.item_slot)","pivot":[0,8,0]},{"name":"geyser_custom_x","parent":"geyser_custom","pivot":[0,8,0]},{"name":"geyser_custom_y","parent":"geyser_custom_x","pivot":[0,8,0]},{"name":"geyser_custom_z","parent":"geyser_custom_y","pivot":[0,8,0],"cubes":[]},{"parent":"geyser_custom_z","pivot":[0,0.3256,0],"rotation":[45,0,0],"cubes":[{"origin":[-1.75,1.4432,-4.2309],"size":[0.5,0.5,1.25],"pivot":[0,0.3256,0],"uv":{"north":{"uv":[3.5615,10.2295],"uv_size":[-0.0615,-0.0757]},"south":{"uv":[2.3115,12.6911],"uv_size":[-0.0615,-0.0757]},"east":{"uv":[3.9038,9.3065],"uv_size":[-0.1538,-0.0757]},"west":{"uv":[3.9038,12.2295],"uv_size":[-0.1538,-0.0757]},"up":{"uv":[3.7525,12.5372],"uv_size":[0.1538,-0.0757]},"down":{"uv":[3.7525,12.3089],"uv_size":[0.1538,0.0757]}}},{"origin":[1.25,1.4432,-4.2309],"size":[0.5,0.5,1.25],"pivot":[0,0.3256,0],"uv":{"north":{"uv":[3.5615,10.2295],"uv_size":[-0.0615,-0.0757]},"south":{"uv":[2.3115,12.6911],"uv_size":[-0.0615,-0.0757]},"east":{"uv":[3.9038,9.3065],"uv_size":[-0.1538,-0.0757]},"west":{"uv":[3.9038,12.2295],"uv_size":[-0.1538,-0.0757]},"up":{"uv":[3.7525,12.5372],"uv_size":[0.1538,-0.0757]},"down":{"uv":[3.7525,12.3089],"uv_size":[0.1538,0.0757]}}},{"origin":[-2.35,-1.8372,-3.2119],"size":[4.7,3.5,2.5],"pivot":[0,0.3256,0],"uv":{"north":{"uv":[2.384,8.5298],"uv_size":[0.5535,-0.5298]},"south":{"uv":[2.9285,8.5298],"uv_size":[-0.5535,-0.5298]},"east":{"uv":[3.3075,8.5298],"uv_size":[-0.3075,-0.5298]},"west":{"uv":[3.005,8.5298],"uv_size":[0.3075,-0.5298]},"up":{"uv":[2.755,10.5274],"uv_size":[0.3075,-0.6812]},"down":{"uv":[1.005,11.3957],"uv_size":[0.3075,0.6812]}}}],"name":"rot_1"},{"parent":"geyser_custom_z","pivot":[0,15.6744,0],"rotation":[45,0,0],"cubes":[{"origin":[-1,16.1574,2.1198],"size":[2,2,3],"pivot":[0,15.6744,0],"uv":{"north":{"uv":[4.116,9.088],"uv_size":[-0.5535,0.6812]},"south":{"uv":[4.371,10.6203],"uv_size":[-0.246,0.3028]},"east":{"uv":[3.8478,10.6228],"uv_size":[0.246,0.4542]},"west":{"uv":[3.8478,11.0695],"uv_size":[0.246,-0.4542]},"up":{"uv":[4.116,9.0929],"uv_size":[-0.5535,1.0225]},"down":{"uv":[4.0898,11.1228],"uv_size":[-0.246,0.4542]}}},{"origin":[-1.175,18.0266,3.416],"size":[2.35,1,2.1],"pivot":[0,15.6744,0],"uv":{"north":{"uv":[4.0025,10.5323],"uv_size":[0.1538,-0.3785]},"south":{"uv":[3.815,10.5323],"uv_size":[0.1537,-0.3785]},"east":{"uv":[3.7787,10.16],"uv_size":[-0.1537,0.3785]},"west":{"uv":[3.6275,10.5323],"uv_size":[0.1537,-0.3785]},"up":{"uv":[3.255,11.1477],"uv_size":[0.3075,-0.3785]},"down":{"uv":[3.255,10.7754],"uv_size":[0.3075,0.3785]}}},{"origin":[-1.175,13.6339,-3.8603],"size":[2.35,2.1,1],"pivot":[0,15.6744,0],"uv":{"north":{"uv":[3.255,11.1477],"uv_size":[0.3075,-0.3785]},"south":{"uv":[3.255,10.7754],"uv_size":[0.3075,0.3785]},"east":{"uv":[3.6275,10.16],"uv_size":[0.1537,0.3785]},"west":{"uv":[3.7787,10.5323],"uv_size":[-0.1537,-0.3785]},"up":{"uv":[3.815,10.16],"uv_size":[0.1537,0.3785]},"down":{"uv":[4.0025,10.16],"uv_size":[0.1538,0.3785]}}}],"name":"rot_2"},{"parent":"geyser_custom_z","pivot":[0,0.3256,0],"rotation":[0,0,-45],"cubes":[{"origin":[-3.0409,-2.7153,-2.8918],"size":[3.5,3.5,1.5],"pivot":[0,0.3256,0],"uv":{"north":{"uv":[2.9305,9.7606],"uv_size":[-0.4305,-0.5298]},"south":{"uv":[2.9305,11.2991],"uv_size":[-0.4305,-0.5298]},"east":{"uv":[1.5595,12.8375],"uv_size":[-0.1845,-0.5298]},"west":{"uv":[2.1845,12.8375],"uv_size":[-0.1845,-0.5298]},"up":{"uv":[0.503,12.9914],"uv_size":[0.1845,-0.5298]},"down":{"uv":[3.503,12.1625],"uv_size":[0.1845,0.5298]}}}],"name":"rot_3"},{"parent":"geyser_custom_z","pivot":[0,0.3256,0],"rotation":[22.5,0,0],"cubes":[{"origin":[-1.125,-5.1602,-1.8708],"size":[2.25,2,1],"pivot":[0,0.3256,0],"uv":{"north":{"uv":[3.255,10.7754],"uv_size":[0.3075,0.3785]},"south":{"uv":[3.255,11.1477],"uv_size":[0.3075,-0.3785]},"east":{"uv":[3.6275,10.16],"uv_size":[0.1537,0.3785]},"west":{"uv":[3.7787,10.5323],"uv_size":[-0.1537,-0.3785]},"up":{"uv":[4.1538,10.5323],"uv_size":[-0.1538,-0.3785]},"down":{"uv":[3.9662,10.5323],"uv_size":[-0.1537,-0.3785]}}},{"origin":[-2,-0.2083,-3.6338],"size":[1,1,1.25],"pivot":[0,0.3256,0],"uv":{"north":{"uv":[0.873,10.7668],"uv_size":[-0.123,-0.1514]},"south":{"uv":[2.498,10.9206],"uv_size":[-0.123,-0.1514]},"east":{"uv":[1.5287,10.9206],"uv_size":[-0.1537,-0.1514]},"west":{"uv":[0.6537,11.3822],"uv_size":[-0.1537,-0.1514]},"up":{"uv":[3.6275,9.8437],"uv_size":[0.1537,-0.1514]},"down":{"uv":[2.7525,10.6178],"uv_size":[0.1537,0.1514]}}},{"origin":[1,-0.2083,-3.6338],"size":[1,1,1.25],"pivot":[0,0.3256,0],"uv":{"north":{"uv":[0.873,10.7668],"uv_size":[-0.123,-0.1514]},"south":{"uv":[2.498,10.9206],"uv_size":[-0.123,-0.1514]},"east":{"uv":[1.5287,10.9206],"uv_size":[-0.1537,-0.1514]},"west":{"uv":[0.6537,11.3822],"uv_size":[-0.1537,-0.1514]},"up":{"uv":[3.6275,9.8437],"uv_size":[0.1537,-0.1514]},"down":{"uv":[2.7525,10.6178],"uv_size":[0.1537,0.1514]}}},{"origin":[-1.25,3.9865,0.4164],"size":[2.5,2.5,2.5],"pivot":[0,0.3256,0],"uv":{"north":{"uv":[3.255,11.6985],"uv_size":[0.3075,0.3785]},"south":{"uv":[3.255,11.6985],"uv_size":[0.3075,0.3785]},"east":{"uv":[3.5575,10.6862],"uv_size":[-0.3075,-0.3785]},"west":{"uv":[3.255,10.6862],"uv_size":[0.3075,-0.3785]},"up":{"uv":[3.5575,12.0708],"uv_size":[-0.3075,-0.3785]},"down":{"uv":[3.255,11.6985],"uv_size":[0.3075,0.3785]}}}],"name":"rot_4"},{"parent":"geyser_custom_z","pivot":[0,15.6744,-0.6121],"rotation":[22.5,0,0],"cubes":[{"origin":[0,9.4421,-4.8426],"size":[0,16,16],"pivot":[0,15.6744,-0.6121],"uv":{"north":{"uv":[0,13.5516],"uv_size":[0,0.8074]},"south":{"uv":[0,13.5516],"uv_size":[0,0.8074]},"east":{"uv":[1.984,15.984],"uv_size":[-1.984,-2.4455]},"west":{"uv":[0.016,15.984],"uv_size":[1.984,-2.4455]},"up":{"uv":[0,13.5516],"uv_size":[0,0.8074]},"down":{"uv":[0,13.5516],"uv_size":[0,0.8074]}}}],"name":"rot_5"},{"parent":"geyser_custom_z","pivot":[0,15.6744,0],"rotation":[22.5,0,0],"cubes":[{"origin":[-0.75,18.1746,3.7778],"size":[1.5,1.5,2.75],"pivot":[0,15.6744,0],"uv":{"north":{"uv":[4.116,9.088],"uv_size":[-0.5535,0.6812]},"south":{"uv":[4.371,10.6203],"uv_size":[-0.246,0.3028]},"east":{"uv":[3.8478,10.6228],"uv_size":[0.246,0.4542]},"west":{"uv":[3.8478,11.0695],"uv_size":[0.246,-0.4542]},"up":{"uv":[4.129,11.4157],"uv_size":[0.246,-0.4542]},"down":{"uv":[4.0898,11.1228],"uv_size":[-0.246,0.4542]}}},{"origin":[-1.25,17.6253,-0.552],"size":[2.5,2.5,2.5],"pivot":[0,15.6744,0],"uv":{"north":{"uv":[3.5575,12.0708],"uv_size":[-0.3075,-0.3785]},"south":{"uv":[3.255,10.7754],"uv_size":[0.3075,0.3785]},"east":{"uv":[3.255,10.3138],"uv_size":[0.3075,0.3785]},"west":{"uv":[3.5575,10.3138],"uv_size":[-0.3075,0.3785]},"up":{"uv":[3.255,11.6985],"uv_size":[0.3075,0.3785]},"down":{"uv":[3.5575,10.7754],"uv_size":[-0.3075,0.3785]}}},{"origin":[-1.125,11.7417,-2.7807],"size":[2.25,2,1],"pivot":[0,15.6744,0],"uv":{"north":{"uv":[3.255,11.1477],"uv_size":[0.3075,-0.3785]},"south":{"uv":[3.255,10.7754],"uv_size":[0.3075,0.3785]},"east":{"uv":[3.6275,10.16],"uv_size":[0.1537,0.3785]},"west":{"uv":[3.7787,10.5323],"uv_size":[-0.1537,-0.3785]},"up":{"uv":[3.815,10.16],"uv_size":[0.1537,0.3785]},"down":{"uv":[4.0025,10.16],"uv_size":[0.1538,0.3785]}}}],"name":"rot_6"},{"parent":"geyser_custom_z","pivot":[0,0.3256,0],"rotation":[0,-0,0],"cubes":[{"origin":[0,-11.5,-9.306],"size":[0,16,16],"pivot":[0,0.3256,0],"uv":{"north":{"uv":[9,11.8843],"uv_size":[0,-0.8074]},"south":{"uv":[9,11.8843],"uv_size":[0,-0.8074]},"east":{"uv":[10.984,13.5225],"uv_size":[-1.984,-2.4455]},"west":{"uv":[9.016,13.5225],"uv_size":[1.984,-2.4455]},"up":{"uv":[9,11.8843],"uv_size":[0,-0.8074]},"down":{"uv":[9,11.8843],"uv_size":[0,-0.8074]}}}],"name":"rot_7"},{"parent":"geyser_custom_z","pivot":[0,3.5,6.194],"rotation":[0,-0,0],"cubes":[{"origin":[0,-4.5,0.194],"size":[0,12.5,12.5],"pivot":[0,3.5,6.194],"uv":{"north":{"uv":[4.5,9.8302],"uv_size":[0,-1.8302]},"south":{"uv":[4.5,9.8302],"uv_size":[0,-1.8302]},"east":{"uv":[8.984,11.4455],"uv_size":[-1.3903,-1.7148]},"west":{"uv":[7.6098,11.4455],"uv_size":[1.3903,-1.7148]},"up":{"uv":[4.5,9.8302],"uv_size":[0,-1.8302]},"down":{"uv":[4.5,9.8302],"uv_size":[0,-1.8302]}}}],"name":"rot_8"},{"parent":"geyser_custom_z","pivot":[0,12.5,6.194],"rotation":[0,-0,0],"cubes":[{"origin":[0,8,0.194],"size":[0,12.5,12.5],"pivot":[0,12.5,6.194],"uv":{"north":{"uv":[4.5,8.016],"uv_size":[0,1.8302]},"south":{"uv":[4.5,8.016],"uv_size":[0,1.8302]},"east":{"uv":[8.984,9.7468],"uv_size":[-1.3903,1.7148]},"west":{"uv":[7.6098,9.7468],"uv_size":[1.3903,1.7148]},"up":{"uv":[4.5,8.016],"uv_size":[0,1.8302]},"down":{"uv":[4.5,8.016],"uv_size":[0,1.8302]}}}],"name":"rot_9"},{"parent":"geyser_custom_z","pivot":[0,15.6744,0],"rotation":[0,-0,0],"cubes":[{"origin":[0,11.5,-9.306],"size":[0,16,16],"pivot":[0,15.6744,0],"uv":{"north":{"uv":[9,11.0901],"uv_size":[0,0.8074]},"south":{"uv":[9,11.0901],"uv_size":[0,0.8074]},"east":{"uv":[10.984,11.0929],"uv_size":[-1.984,2.4455]},"west":{"uv":[9.016,11.0929],"uv_size":[1.984,2.4455]},"up":{"uv":[9,11.0901],"uv_size":[0,0.8074]},"down":{"uv":[9,11.0901],"uv_size":[0,0.8074]}}}],"name":"rot_10"},{"parent":"geyser_custom_z","pivot":[0,0.3256,-0.6121],"rotation":[-22.5,0,0],"cubes":[{"origin":[0,-9.4421,-4.8426],"size":[0,16,16],"pivot":[0,0.3256,-0.6121],"uv":{"north":{"uv":[0,14.3458],"uv_size":[0,-0.8074]},"south":{"uv":[0,14.3458],"uv_size":[0,-0.8074]},"east":{"uv":[0.016,15.984],"uv_size":[1.984,-2.4455]},"west":{"uv":[1.984,15.984],"uv_size":[-1.984,-2.4455]},"up":{"uv":[0,14.3458],"uv_size":[0,-0.8074]},"down":{"uv":[0,14.3458],"uv_size":[0,-0.8074]}}}],"name":"rot_11"},{"parent":"geyser_custom_z","pivot":[0,0.3256,0],"rotation":[-22.5,0,0],"cubes":[{"origin":[-0.75,-3.6746,3.7778],"size":[1.5,1.5,2.75],"pivot":[0,0.3256,0],"uv":{"north":{"uv":[4.116,9.7582],"uv_size":[-0.5535,-0.6812]},"south":{"uv":[4.371,10.9182],"uv_size":[-0.246,-0.3028]},"east":{"uv":[4.0898,10.6228],"uv_size":[-0.246,0.4542]},"west":{"uv":[4.0898,11.0695],"uv_size":[-0.246,-0.4542]},"up":{"uv":[4.0898,11.5695],"uv_size":[-0.246,-0.4542]},"down":{"uv":[4.129,10.9689],"uv_size":[0.246,0.4542]}}},{"origin":[-1.25,-4.1253,-0.552],"size":[2.5,2.5,2.5],"pivot":[0,0.3256,0],"uv":{"north":{"uv":[3.5575,11.6985],"uv_size":[-0.3075,0.3785]},"south":{"uv":[3.255,11.1477],"uv_size":[0.3075,-0.3785]},"east":{"uv":[3.255,10.6862],"uv_size":[0.3075,-0.3785]},"west":{"uv":[3.5575,10.6862],"uv_size":[-0.3075,-0.3785]},"up":{"uv":[3.5575,11.1477],"uv_size":[-0.3075,-0.3785]},"down":{"uv":[3.255,12.0708],"uv_size":[0.3075,-0.3785]}}},{"origin":[-1.125,2.2583,-2.7807],"size":[2.25,2,1],"pivot":[0,0.3256,0],"uv":{"north":{"uv":[3.255,10.7754],"uv_size":[0.3075,0.3785]},"south":{"uv":[3.255,11.1477],"uv_size":[0.3075,-0.3785]},"east":{"uv":[3.6275,10.5323],"uv_size":[0.1537,-0.3785]},"west":{"uv":[3.7787,10.16],"uv_size":[-0.1537,0.3785]},"up":{"uv":[4.1538,10.16],"uv_size":[-0.1538,0.3785]},"down":{"uv":[3.9662,10.16],"uv_size":[-0.1537,0.3785]}}}],"name":"rot_12"},{"parent":"geyser_custom_z","pivot":[0,15.6744,0],"rotation":[-22.5,0,0],"cubes":[{"origin":[-1.125,19.1602,-1.8708],"size":[2.25,2,1],"pivot":[0,15.6744,0],"uv":{"north":{"uv":[3.255,11.1477],"uv_size":[0.3075,-0.3785]},"south":{"uv":[3.255,10.7754],"uv_size":[0.3075,0.3785]},"east":{"uv":[3.6275,10.5323],"uv_size":[0.1537,-0.3785]},"west":{"uv":[3.7787,10.16],"uv_size":[-0.1537,0.3785]},"up":{"uv":[3.815,10.5323],"uv_size":[0.1537,-0.3785]},"down":{"uv":[4.0025,10.5323],"uv_size":[0.1538,-0.3785]}}},{"origin":[-2,15.2083,-3.6338],"size":[1,1,1.25],"pivot":[0,15.6744,0],"uv":{"north":{"uv":[0.873,10.6178],"uv_size":[-0.123,0.1514]},"south":{"uv":[2.498,10.7717],"uv_size":[-0.123,0.1514]},"east":{"uv":[1.5287,10.7717],"uv_size":[-0.1537,0.1514]},"west":{"uv":[0.6537,11.2332],"uv_size":[-0.1537,0.1514]},"up":{"uv":[2.9037,10.6178],"uv_size":[-0.1537,0.1514]},"down":{"uv":[3.7787,9.8437],"uv_size":[-0.1537,-0.1514]}}},{"origin":[1,15.2083,-3.6338],"size":[1,1,1.25],"pivot":[0,15.6744,0],"uv":{"north":{"uv":[0.873,10.6178],"uv_size":[-0.123,0.1514]},"south":{"uv":[2.498,10.7717],"uv_size":[-0.123,0.1514]},"east":{"uv":[1.5287,10.7717],"uv_size":[-0.1537,0.1514]},"west":{"uv":[0.6537,11.2332],"uv_size":[-0.1537,0.1514]},"up":{"uv":[2.9037,10.6178],"uv_size":[-0.1537,0.1514]},"down":{"uv":[3.7787,9.8437],"uv_size":[-0.1537,-0.1514]}}},{"origin":[-1.25,9.5135,0.4164],"size":[2.5,2.5,2.5],"pivot":[0,15.6744,0],"uv":{"north":{"uv":[3.255,12.0708],"uv_size":[0.3075,-0.3785]},"south":{"uv":[3.255,12.0708],"uv_size":[0.3075,-0.3785]},"east":{"uv":[3.255,10.6862],"uv_size":[0.3075,-0.3785]},"west":{"uv":[3.5575,10.6862],"uv_size":[-0.3075,-0.3785]},"up":{"uv":[3.255,12.0708],"uv_size":[0.3075,-0.3785]},"down":{"uv":[3.5575,11.6985],"uv_size":[-0.3075,0.3785]}}}],"name":"rot_13"},{"parent":"geyser_custom_z","pivot":[0,0.3256,0],"rotation":[-45,0,0],"cubes":[{"origin":[-1,-2.1574,2.1198],"size":[2,2,3],"pivot":[0,0.3256,0],"uv":{"north":{"uv":[4.116,9.7582],"uv_size":[-0.5535,-0.6812]},"south":{"uv":[4.371,10.9182],"uv_size":[-0.246,-0.3028]},"east":{"uv":[4.0898,10.6228],"uv_size":[-0.246,0.4542]},"west":{"uv":[4.0898,11.0695],"uv_size":[-0.246,-0.4542]},"up":{"uv":[4.0898,11.5695],"uv_size":[-0.246,-0.4542]},"down":{"uv":[4.116,10.0994],"uv_size":[-0.5535,-1.0225]}}},{"origin":[-1.175,-3.0266,3.416],"size":[2.35,1,2.1],"pivot":[0,0.3256,0],"uv":{"north":{"uv":[4.1538,10.5323],"uv_size":[-0.1538,-0.3785]},"south":{"uv":[3.9662,10.5323],"uv_size":[-0.1537,-0.3785]},"east":{"uv":[3.6275,10.16],"uv_size":[0.1537,0.3785]},"west":{"uv":[3.7787,10.5323],"uv_size":[-0.1537,-0.3785]},"up":{"uv":[3.255,11.1477],"uv_size":[0.3075,-0.3785]},"down":{"uv":[3.255,10.7754],"uv_size":[0.3075,0.3785]}}},{"origin":[-1.175,0.2661,-3.8603],"size":[2.35,2.1,1],"pivot":[0,0.3256,0],"uv":{"north":{"uv":[3.255,10.7754],"uv_size":[0.3075,0.3785]},"south":{"uv":[3.255,11.1477],"uv_size":[0.3075,-0.3785]},"east":{"uv":[3.6275,10.5323],"uv_size":[0.1537,-0.3785]},"west":{"uv":[3.7787,10.16],"uv_size":[-0.1537,0.3785]},"up":{"uv":[4.1538,10.16],"uv_size":[-0.1538,0.3785]},"down":{"uv":[3.9662,10.16],"uv_size":[-0.1537,0.3785]}}}],"name":"rot_14"},{"parent":"geyser_custom_z","pivot":[0,15.6744,0],"rotation":[-45,0,0],"cubes":[{"origin":[-1.75,14.0568,-4.2309],"size":[0.5,0.5,1.25],"pivot":[0,15.6744,0],"uv":{"north":{"uv":[3.5615,10.1551],"uv_size":[-0.0615,0.0757]},"south":{"uv":[2.3115,12.6166],"uv_size":[-0.0615,0.0757]},"east":{"uv":[3.9038,9.232],"uv_size":[-0.1538,0.0757]},"west":{"uv":[3.9038,12.1551],"uv_size":[-0.1538,0.0757]},"up":{"uv":[3.9038,12.3089],"uv_size":[-0.1538,0.0757]},"down":{"uv":[3.9038,12.5372],"uv_size":[-0.1538,-0.0757]}}},{"origin":[1.25,14.0568,-4.2309],"size":[0.5,0.5,1.25],"pivot":[0,15.6744,0],"uv":{"north":{"uv":[3.5615,10.1551],"uv_size":[-0.0615,0.0757]},"south":{"uv":[2.3115,12.6166],"uv_size":[-0.0615,0.0757]},"east":{"uv":[3.9038,9.232],"uv_size":[-0.1538,0.0757]},"west":{"uv":[3.9038,12.1551],"uv_size":[-0.1538,0.0757]},"up":{"uv":[3.9038,12.3089],"uv_size":[-0.1538,0.0757]},"down":{"uv":[3.9038,12.5372],"uv_size":[-0.1538,-0.0757]}}},{"origin":[-2.35,14.3372,-3.2119],"size":[4.7,3.5,2.5],"pivot":[0,15.6744,0],"uv":{"north":{"uv":[2.384,8.0086],"uv_size":[0.5535,0.5298]},"south":{"uv":[2.9285,8.0086],"uv_size":[-0.5535,0.5298]},"east":{"uv":[3.3075,8.0086],"uv_size":[-0.3075,0.5298]},"west":{"uv":[3.005,8.0086],"uv_size":[0.3075,0.5298]},"up":{"uv":[1.3075,11.3957],"uv_size":[-0.3075,0.6812]},"down":{"uv":[3.0575,10.5274],"uv_size":[-0.3075,-0.6812]}}}],"name":"rot_15"},{"parent":"geyser_custom_z","pivot":[0,0.3256,0],"rotation":[0,-45,0],"cubes":[{"origin":[-2.3795,-1.75,-2.421],"size":[3,7.5,0],"pivot":[0,0.3256,0],"uv":{"north":{"uv":[0.3075,11.1378],"uv_size":[-0.3075,-0.984]},"south":{"uv":[0.005,11.1378],"uv_size":[0.3075,-0.984]},"east":{"uv":[0.005,11.1378],"uv_size":[0.3075,-0.984]},"west":{"uv":[0.6825,11.1378],"uv_size":[-0.3075,-0.984]},"up":{"uv":[3.38,9.3015],"uv_size":[0.3075,-0.3785]},"down":{"uv":[3.38,8.4677],"uv_size":[0.3075,0.3785]}}},{"origin":[-2.3795,-1.75,-2.421],"size":[0,7.5,3],"pivot":[0,0.3256,0],"uv":{"north":{"uv":[0.3075,11.1378],"uv_size":[-0.3075,-0.984]},"south":{"uv":[2.3075,10.8302],"uv_size":[-0.3075,-0.984]},"east":{"uv":[0.005,11.1378],"uv_size":[0.3075,-0.984]},"west":{"uv":[0.3075,11.1378],"uv_size":[-0.3075,-0.984]},"up":{"uv":[3.38,9.3015],"uv_size":[0.3075,-0.3785]},"down":{"uv":[3.38,8.4677],"uv_size":[0.3075,0.3785]}}}],"name":"rot_16"},{"parent":"geyser_custom_z","pivot":[0,8,-0.306],"rotation":[0,-45,0],"cubes":[{"origin":[-0.5467,5.084,-0.8528],"size":[1.0935,5.832,1.0935],"pivot":[0,8,-0.306],"uv":{"north":{"uv":[13.9038,2.4775],"uv_size":[-0.1538,0.984]},"south":{"uv":[13.6538,2.4775],"uv_size":[-0.1538,0.984]},"east":{"uv":[13.6538,2.4775],"uv_size":[-0.1538,0.984]},"west":{"uv":[13.9038,2.4775],"uv_size":[-0.1538,0.984]},"up":{"uv":[15.3775,2.3431],"uv_size":[0.1538,-0.1892]},"down":{"uv":[15.3775,2.4646],"uv_size":[0.1538,0.1892]}}},{"origin":[-0.6014,4.7924,-0.9075],"size":[1.2029,6.4152,1.2028],"pivot":[0,8,-0.306],"uv":{"north":{"uv":[13.9038,1.2468],"uv_size":[-0.1538,1.0994]},"south":{"uv":[13.6538,1.2468],"uv_size":[-0.1538,1.0994]},"east":{"uv":[13.6538,1.2468],"uv_size":[-0.1538,1.0994]},"west":{"uv":[13.9038,1.2468],"uv_size":[-0.1538,1.0994]},"up":{"uv":[15.3775,4.3431],"uv_size":[0.1538,-0.1892]},"down":{"uv":[15.5025,0.0031],"uv_size":[0.1538,0.1892]}}}],"name":"rot_17"},{"parent":"geyser_custom_z","pivot":[0,15.6744,0],"rotation":[0,-45,0],"cubes":[{"origin":[-2.3795,10.25,-2.421],"size":[0,7.5,3],"pivot":[0,15.6744,0],"uv":{"north":{"uv":[0.3075,10.1698],"uv_size":[-0.3075,0.984]},"south":{"uv":[2.3075,9.8622],"uv_size":[-0.3075,0.984]},"east":{"uv":[0.005,10.1698],"uv_size":[0.3075,0.984]},"west":{"uv":[0.3075,10.1698],"uv_size":[-0.3075,0.984]},"up":{"uv":[3.6825,8.4677],"uv_size":[-0.3075,0.3785]},"down":{"uv":[3.6825,9.3015],"uv_size":[-0.3075,-0.3785]}}},{"origin":[-2.3795,10.25,-2.421],"size":[3,7.5,0],"pivot":[0,15.6744,0],"uv":{"north":{"uv":[0.3075,10.1698],"uv_size":[-0.3075,0.984]},"south":{"uv":[0.005,10.1698],"uv_size":[0.3075,0.984]},"east":{"uv":[0.005,10.1698],"uv_size":[0.3075,0.984]},"west":{"uv":[0.6825,10.1698],"uv_size":[-0.3075,0.984]},"up":{"uv":[3.6825,8.4677],"uv_size":[-0.3075,0.3785]},"down":{"uv":[3.6825,9.3015],"uv_size":[-0.3075,-0.3785]}}}],"name":"rot_18"},{"parent":"geyser_custom_z","pivot":[0,8,-1.556],"rotation":[0,0,45],"cubes":[{"origin":[0,6.75,-11.806],"size":[0,2.5,20.5],"pivot":[0,8,-1.556],"uv":{"north":{"uv":[4.5,9.8302],"uv_size":[0,-1.8302]},"south":{"uv":[4.5,9.8302],"uv_size":[0,-1.8302]},"east":{"uv":[7.3402,8.016],"uv_size":[-0.2153,2.2532]},"west":{"uv":[7.1285,8.016],"uv_size":[0.2153,2.2532]},"up":{"uv":[4.5,9.8302],"uv_size":[0,-1.8302]},"down":{"uv":[4.5,9.8302],"uv_size":[0,-1.8302]}}},{"origin":[-1.25,8,-11.806],"size":[2.5,0,20.5],"pivot":[0,8,-1.556],"uv":{"north":{"uv":[4.5,9.8302],"uv_size":[0,-1.8302]},"south":{"uv":[4.5,9.8302],"uv_size":[0,-1.8302]},"east":{"uv":[4.5,8.016],"uv_size":[0,1.8302]},"west":{"uv":[4.5,8.016],"uv_size":[0,1.8302]},"up":{"uv":[7.3402,10.2532],"uv_size":[-0.2153,-2.2532]},"down":{"uv":[7.1285,10.2532],"uv_size":[0.2153,-2.2532]}}}],"name":"rot_19"},{"parent":"geyser_custom_z","pivot":[0,15.6744,0],"rotation":[0,0,45],"cubes":[{"origin":[-3.0409,15.2153,-2.8918],"size":[3.5,3.5,1.5],"pivot":[0,15.6744,0],"uv":{"north":{"uv":[2.9305,9.2394],"uv_size":[-0.4305,0.5298]},"south":{"uv":[2.9305,10.7778],"uv_size":[-0.4305,0.5298]},"east":{"uv":[1.5595,12.3163],"uv_size":[-0.1845,0.5298]},"west":{"uv":[2.1845,12.3163],"uv_size":[-0.1845,0.5298]},"up":{"uv":[3.6845,12.1625],"uv_size":[-0.1845,0.5298]},"down":{"uv":[0.6845,12.9914],"uv_size":[-0.1845,-0.5298]}}}],"name":"rot_20"}]}]}
