{"format_version":"1.16.0","minecraft:geometry":[{"description":{"identifier":"geometry.geyser_custom.geo_470a18b","texture_width":16,"texture_height":16,"visible_bounds_width":4,"visible_bounds_height":4.5,"visible_bounds_offset":[0,0.75,0]},"bones":[{"name":"geyser_custom","binding":"c.item_slot == 'head' ? 'head' : q.item_slot_to_bone_name(c.item_slot)","pivot":[0,8,0]},{"name":"geyser_custom_x","parent":"geyser_custom","pivot":[0,8,0]},{"name":"geyser_custom_y","parent":"geyser_custom_x","pivot":[0,8,0]},{"name":"geyser_custom_z","parent":"geyser_custom_y","pivot":[0,8,0],"cubes":[]},{"parent":"geyser_custom_z","pivot":[1.47,6.57,0],"rotation":[45,0,0],"cubes":[{"origin":[0.702,6.1395,-0.4306],"size":[1.26,2.94,2.94],"pivot":[1.47,6.57,0],"uv":{"north":{"uv":[2.003,12.3163],"uv_size":[0.1845,0.5298]},"south":{"uv":[1.378,12.3163],"uv_size":[0.1845,0.5298]},"east":{"uv":[2.507,10.7778],"uv_size":[0.4305,0.5298]},"west":{"uv":[2.507,9.2394],"uv_size":[0.4305,0.5298]},"up":{"uv":[3.503,12.1625],"uv_size":[0.1845,0.5298]},"down":{"uv":[0.503,12.9914],"uv_size":[0.1845,-0.5298]}}}],"name":"rot_1"},{"parent":"geyser_custom_z","pivot":[0,7.775,-2.1646],"rotation":[45,0,0],"cubes":[{"origin":[-0.945,6.6277,-2.7714],"size":[1.89,1.68,0.84],"pivot":[0,7.775,-2.1646],"uv":{"north":{"uv":[3.5575,10.7754],"uv_size":[-0.3075,0.3785]},"south":{"uv":[3.5575,11.1477],"uv_size":[-0.3075,-0.3785]},"east":{"uv":[3.7787,10.16],"uv_size":[-0.1537,0.3785]},"west":{"uv":[3.6275,10.5323],"uv_size":[0.1537,-0.3785]},"up":{"uv":[3.9662,10.16],"uv_size":[-0.1537,0.3785]},"down":{"uv":[4.1538,10.16],"uv_size":[-0.1538,0.3785]}}}],"name":"rot_2"},{"parent":"geyser_custom_z","pivot":[1.6905,6.7657,0],"rotation":[0,45,0],"cubes":[{"origin":[0.0942,2.7925,-1.6262],"size":[2.1672,5.418,2.1672],"pivot":[1.6905,6.7657,0],"uv":{"north":{"uv":[0.38,10.1698],"uv_size":[0.3075,0.984]},"south":{"uv":[0.3075,10.1698],"uv_size":[-0.3075,0.984]},"east":{"uv":[2.005,9.8622],"uv_size":[0.3075,0.984]},"west":{"uv":[0.005,10.1698],"uv_size":[0.3075,0.984]},"up":{"uv":[3.38,8.4677],"uv_size":[0.3075,0.3785]},"down":{"uv":[3.38,9.3015],"uv_size":[0.3075,-0.3785]}}}],"name":"rot_3"},{"parent":"geyser_custom_z","pivot":[0,1.8042,0],"rotation":[0,45,0],"cubes":[{"origin":[-0.4467,-2.2368,-0.4467],"size":[0.8935,9.832,0.8935],"pivot":[0,1.8042,0],"uv":{"north":{"uv":[15.7475,2.5929],"uv_size":[-0.1538,1.6378]},"south":{"uv":[15.7475,2.5929],"uv_size":[-0.1538,1.6378]},"east":{"uv":[15.5963,2.5929],"uv_size":[0.1538,1.6378]},"west":{"uv":[15.5963,2.5929],"uv_size":[0.1538,1.6378]},"up":{"uv":[15.3775,2.1569],"uv_size":[0.1538,0.1892]},"down":{"uv":[15.3775,2.6508],"uv_size":[0.1538,-0.1892]}}}],"name":"rot_4"},{"parent":"geyser_custom_z","pivot":[1.6905,6.7657,0],"rotation":[0,0,-45],"cubes":[{"origin":[2.6273,6.7365,0.903],"size":[0.903,0.3612,0.3612],"pivot":[1.6905,6.7657,0],"uv":{"north":{"uv":[3.7525,12.1551],"uv_size":[0.1538,0.0757]},"south":{"uv":[3.7525,9.232],"uv_size":[0.1538,0.0757]},"east":{"uv":[2.251,12.6166],"uv_size":[0.0615,0.0757]},"west":{"uv":[3.501,10.1551],"uv_size":[0.0615,0.0757]},"up":{"uv":[3.7525,12.3089],"uv_size":[0.1538,0.0757]},"down":{"uv":[3.7525,12.5372],"uv_size":[0.1538,-0.0757]}}},{"origin":[2.6273,6.7365,-1.2642],"size":[0.903,0.3612,0.3612],"pivot":[1.6905,6.7657,0],"uv":{"north":{"uv":[3.7525,12.1551],"uv_size":[0.1538,0.0757]},"south":{"uv":[3.7525,9.232],"uv_size":[0.1538,0.0757]},"east":{"uv":[2.251,12.6166],"uv_size":[0.0615,0.0757]},"west":{"uv":[3.501,10.1551],"uv_size":[0.0615,0.0757]},"up":{"uv":[3.7525,12.3089],"uv_size":[0.1538,0.0757]},"down":{"uv":[3.7525,12.5372],"uv_size":[0.1538,-0.0757]}}}],"name":"rot_5"},{"parent":"geyser_custom_z","pivot":[1.47,6.57,0],"rotation":[0,0,-45],"cubes":[{"origin":[0.6533,6.7716,-1.974],"size":[2.1,2.94,3.948],"pivot":[1.47,6.57,0],"uv":{"north":{"uv":[3.3075,8.0086],"uv_size":[-0.3075,0.5298]},"south":{"uv":[3.005,8.0086],"uv_size":[0.3075,0.5298]},"east":{"uv":[2.384,8.0086],"uv_size":[0.5535,0.5298]},"west":{"uv":[2.9285,8.0086],"uv_size":[-0.5535,0.5298]},"up":{"uv":[1.005,11.3957],"uv_size":[0.3075,0.6812]},"down":{"uv":[2.755,10.5274],"uv_size":[0.3075,-0.6812]}}}],"name":"rot_6"},{"parent":"geyser_custom_z","pivot":[0,7.775,-2.1646],"rotation":[22.5,0,0],"cubes":[{"origin":[-0.987,7.2484,-2.5296],"size":[1.974,1.764,0.84],"pivot":[0,7.775,-2.1646],"uv":{"north":{"uv":[3.5575,10.7754],"uv_size":[-0.3075,0.3785]},"south":{"uv":[3.5575,11.1477],"uv_size":[-0.3075,-0.3785]},"east":{"uv":[3.7787,10.16],"uv_size":[-0.1537,0.3785]},"west":{"uv":[3.6275,10.5323],"uv_size":[0.1537,-0.3785]},"up":{"uv":[3.9662,10.16],"uv_size":[-0.1537,0.3785]},"down":{"uv":[4.1538,10.16],"uv_size":[-0.1538,0.3785]}}}],"name":"rot_7"},{"parent":"geyser_custom_z","pivot":[0,8.25,-1.764],"rotation":[22.5,0,0],"cubes":[{"origin":[0,2.6052,-7.4088],"size":[0,11.2896,11.2896],"pivot":[0,8.25,-1.764],"uv":{"north":{"uv":[0,13.5516],"uv_size":[0,0.8074]},"south":{"uv":[0,13.5516],"uv_size":[0,0.8074]},"east":{"uv":[1.984,13.5545],"uv_size":[-1.984,2.4455]},"west":{"uv":[0.016,13.5545],"uv_size":[1.984,2.4455]},"up":{"uv":[0,14.3458],"uv_size":[0,-0.8074]},"down":{"uv":[0,14.3458],"uv_size":[0,-0.8074]}}}],"name":"rot_8"},{"parent":"geyser_custom_z","pivot":[1.6905,6.7657,0],"rotation":[0,0,-22.5],"cubes":[{"origin":[1.8525,7.0161,0.7224],"size":[0.903,0.7224,0.7224],"pivot":[1.6905,6.7657,0],"uv":{"north":{"uv":[0.5025,11.2332],"uv_size":[0.1537,0.1514]},"south":{"uv":[1.3775,10.7717],"uv_size":[0.1537,0.1514]},"east":{"uv":[2.377,10.7717],"uv_size":[0.123,0.1514]},"west":{"uv":[0.752,10.6178],"uv_size":[0.123,0.1514]},"up":{"uv":[2.7525,10.6178],"uv_size":[0.1537,0.1514]},"down":{"uv":[3.6275,9.8437],"uv_size":[0.1537,-0.1514]}}},{"origin":[1.8525,7.0161,-1.4448],"size":[0.903,0.7224,0.7224],"pivot":[1.6905,6.7657,0],"uv":{"north":{"uv":[0.5025,11.2332],"uv_size":[0.1537,0.1514]},"south":{"uv":[1.3775,10.7717],"uv_size":[0.1537,0.1514]},"east":{"uv":[2.377,10.7717],"uv_size":[0.123,0.1514]},"west":{"uv":[0.752,10.6178],"uv_size":[0.123,0.1514]},"up":{"uv":[2.7525,10.6178],"uv_size":[0.1537,0.1514]},"down":{"uv":[3.6275,9.8437],"uv_size":[0.1537,-0.1514]}}}],"name":"rot_9"},{"parent":"geyser_custom_z","pivot":[0,-0.9995,-1.0784],"rotation":[-0,0,0],"cubes":[{"origin":[-0.5,-2.1745,-2.1284],"size":[1,2.35,2.1],"pivot":[0,-0.9995,-1.0784],"uv":{"north":{"uv":[3.815,10.5323],"uv_size":[0.1537,-0.3785]},"south":{"uv":[4.0025,10.5323],"uv_size":[0.1538,-0.3785]},"east":{"uv":[3.5575,11.1477],"uv_size":[-0.3075,-0.3785]},"west":{"uv":[3.5575,10.7754],"uv_size":[-0.3075,0.3785]},"up":{"uv":[3.7787,10.16],"uv_size":[-0.1537,0.3785]},"down":{"uv":[3.6275,10.5323],"uv_size":[0.1537,-0.3785]}}}],"name":"rot_10"},{"parent":"geyser_custom_z","pivot":[0,0.2505,-0.9284],"rotation":[-0,0,0],"cubes":[{"origin":[-0.5,0.5755,-1.7284],"size":[1,0.85,1.85],"pivot":[0,0.2505,-0.9284],"uv":{"north":{"uv":[3.815,10.5323],"uv_size":[0.1537,-0.3785]},"south":{"uv":[4.0025,10.5323],"uv_size":[0.1538,-0.3785]},"east":{"uv":[3.7787,10.5323],"uv_size":[-0.1537,-0.3785]},"west":{"uv":[3.7787,10.16],"uv_size":[-0.1537,0.3785]},"up":{"uv":[3.7787,10.16],"uv_size":[-0.1537,0.3785]},"down":{"uv":[3.6275,10.5323],"uv_size":[0.1537,-0.3785]}}}],"name":"rot_11"},{"parent":"geyser_custom_z","pivot":[-0.6615,6.5994,0],"rotation":[0,-0,0],"cubes":[{"origin":[0,4.5456,-5.6448],"size":[0,11.2896,11.2896],"pivot":[-0.6615,6.5994,0],"uv":{"north":{"uv":[9,11.0901],"uv_size":[0,0.8074]},"south":{"uv":[9,11.0901],"uv_size":[0,0.8074]},"east":{"uv":[9.016,11.0929],"uv_size":[1.984,2.4455]},"west":{"uv":[10.984,11.0929],"uv_size":[-1.984,2.4455]},"up":{"uv":[9,11.8843],"uv_size":[0,-0.8074]},"down":{"uv":[9,11.8843],"uv_size":[0,-0.8074]}}}],"name":"rot_12"},{"parent":"geyser_custom_z","pivot":[0,7.775,2.1646],"rotation":[-22.5,0,0],"cubes":[{"origin":[-0.987,7.2484,1.6896],"size":[1.974,1.764,0.84],"pivot":[0,7.775,2.1646],"uv":{"north":{"uv":[3.255,11.1477],"uv_size":[0.3075,-0.3785]},"south":{"uv":[3.255,10.7754],"uv_size":[0.3075,0.3785]},"east":{"uv":[3.6275,10.16],"uv_size":[0.1537,0.3785]},"west":{"uv":[3.7787,10.5323],"uv_size":[-0.1537,-0.3785]},"up":{"uv":[3.815,10.16],"uv_size":[0.1537,0.3785]},"down":{"uv":[4.0025,10.16],"uv_size":[0.1538,0.3785]}}}],"name":"rot_13"},{"parent":"geyser_custom_z","pivot":[0,8.25,1.764],"rotation":[-22.5,0,0],"cubes":[{"origin":[0,2.6052,-3.8808],"size":[0,11.2896,11.2896],"pivot":[0,8.25,1.764],"uv":{"north":{"uv":[0,14.3458],"uv_size":[0,-0.8074]},"south":{"uv":[0,14.3458],"uv_size":[0,-0.8074]},"east":{"uv":[1.984,15.984],"uv_size":[-1.984,-2.4455]},"west":{"uv":[0.016,15.984],"uv_size":[1.984,-2.4455]},"up":{"uv":[0,14.3458],"uv_size":[0,-0.8074]},"down":{"uv":[0,14.3458],"uv_size":[0,-0.8074]}}}],"name":"rot_14"},{"parent":"geyser_custom_z","pivot":[0,7.775,2.1646],"rotation":[-45,0,0],"cubes":[{"origin":[-0.945,6.6277,1.9314],"size":[1.89,1.68,0.84],"pivot":[0,7.775,2.1646],"uv":{"north":{"uv":[3.255,11.1477],"uv_size":[0.3075,-0.3785]},"south":{"uv":[3.255,10.7754],"uv_size":[0.3075,0.3785]},"east":{"uv":[3.6275,10.16],"uv_size":[0.1537,0.3785]},"west":{"uv":[3.7787,10.5323],"uv_size":[-0.1537,-0.3785]},"up":{"uv":[3.815,10.16],"uv_size":[0.1537,0.3785]},"down":{"uv":[4.0025,10.16],"uv_size":[0.1538,0.3785]}}}],"name":"rot_15"}]}]}
