{"format_version":"1.16.0","minecraft:geometry":[{"description":{"identifier":"geometry.geyser_custom.geo_6e15667","texture_width":16,"texture_height":16,"visible_bounds_width":4,"visible_bounds_height":4.5,"visible_bounds_offset":[0,0.75,0]},"bones":[{"name":"geyser_custom","binding":"c.item_slot == 'head' ? 'head' : q.item_slot_to_bone_name(c.item_slot)","pivot":[0,8,0]},{"name":"geyser_custom_x","parent":"geyser_custom","pivot":[0,8,0]},{"name":"geyser_custom_y","parent":"geyser_custom_x","pivot":[0,8,0]},{"name":"geyser_custom_z","parent":"geyser_custom_y","pivot":[0,8,0],"cubes":[]},{"parent":"geyser_custom_z","pivot":[2.9375,13.1068,0],"rotation":[0,0,-45],"cubes":[{"origin":[-4.6881,9.6355,9.6076],"size":[0.729,0.729,5.832],"pivot":[2.9375,13.1068,0],"uv":{"north":{"uv":[14.8765,4.4212],"uv_size":[0.0923,-0.1135]},"south":{"uv":[15.1265,4.3095],"uv_size":[0.0923,0.1135]},"east":{"uv":[14.8423,2.0609],"uv_size":[-0.0923,-0.984]},"west":{"uv":[14.1265,4.0609],"uv_size":[0.0923,-0.984]},"up":{"uv":[14.6265,0.984],"uv_size":[0.0923,-0.984]},"down":{"uv":[14.7515,2.0609],"uv_size":[0.0923,-0.984]}}},{"origin":[-4.7633,9.5603,9.316],"size":[0.8019,0.8019,6.4152],"pivot":[2.9375,13.1068,0],"uv":{"north":{"uv":[14.002,4.4591],"uv_size":[0.123,-0.1514]},"south":{"uv":[15.502,2.7717],"uv_size":[0.123,0.1514]},"east":{"uv":[14.002,4.1763],"uv_size":[0.123,-1.0994]},"west":{"uv":[14.502,1.0994],"uv_size":[0.123,-1.0994]},"up":{"uv":[14.502,2.3302],"uv_size":[0.123,-1.0994]},"down":{"uv":[14.123,4.1763],"uv_size":[-0.123,-1.0994]}}},{"origin":[-4.8386,9.485,8.0767],"size":[0.8748,0.8748,1.6038],"pivot":[2.9375,13.1068,0],"uv":{"north":{"uv":[15.502,1.6898],"uv_size":[0.123,-0.1514]},"south":{"uv":[13.377,4.3102],"uv_size":[0.123,0.1514]},"east":{"uv":[14.752,4.2649],"uv_size":[0.123,-0.2649]},"west":{"uv":[14.502,4.2649],"uv_size":[0.123,-0.2649]},"up":{"uv":[15.252,3.4957],"uv_size":[0.123,-0.2649]},"down":{"uv":[14.252,3.6495],"uv_size":[0.123,-0.2649]}}},{"origin":[-4.8386,9.485,15.3667],"size":[0.8748,0.8748,2.3328],"pivot":[2.9375,13.1068,0],"uv":{"north":{"uv":[14.502,3.6898],"uv_size":[0.123,-0.1514]},"south":{"uv":[13.752,3.8486],"uv_size":[0.123,0.1514]},"east":{"uv":[15.127,0.84],"uv_size":[0.123,-0.3785]},"west":{"uv":[15.002,4.0708],"uv_size":[0.123,-0.3785]},"up":{"uv":[15.127,0.3785],"uv_size":[0.123,-0.3785]},"down":{"uv":[13.877,3.9169],"uv_size":[0.123,-0.3785]}}},{"origin":[-5.1097,9.2139,16.1322],"size":[1.1372,1.1372,0.9477],"pivot":[2.9375,13.1068,0],"uv":{"north":{"uv":[14.1275,4.3431],"uv_size":[0.1538,-0.1892]},"south":{"uv":[15.3775,3.2338],"uv_size":[0.1538,0.1892]},"east":{"uv":[15.5025,0.9206],"uv_size":[0.1538,-0.1514]},"west":{"uv":[15.5025,0.6129],"uv_size":[0.1538,-0.1514]},"up":{"uv":[15.5025,0.7668],"uv_size":[0.1538,-0.1514]},"down":{"uv":[15.5025,0.4591],"uv_size":[0.1538,-0.1514]}}},{"origin":[-5.7422,8.5814,7.5664],"size":[1.7496,1.7496,1.1664],"pivot":[2.9375,13.1068,0],"uv":{"north":{"uv":[14.754,3.072],"uv_size":[0.246,-0.3028]},"south":{"uv":[14.754,2.7742],"uv_size":[0.246,0.3028]},"east":{"uv":[13.246,4.1892],"uv_size":[-0.246,-0.1892]},"west":{"uv":[15.129,3.8815],"uv_size":[0.246,-0.1892]},"up":{"uv":[15.254,0.1892],"uv_size":[0.246,-0.1892]},"down":{"uv":[13.004,4.1892],"uv_size":[0.246,-0.1892]}}},{"origin":[6.794,13.1841,10.75],"size":[1.25,0.5,0.5],"pivot":[2.9375,13.1068,0],"uv":{"north":{"uv":[3.9038,9.232],"uv_size":[-0.1538,0.0757]},"south":{"uv":[3.9038,12.1551],"uv_size":[-0.1538,0.0757]},"east":{"uv":[2.3115,12.6166],"uv_size":[-0.0615,0.0757]},"west":{"uv":[3.5615,10.1551],"uv_size":[-0.0615,0.0757]},"up":{"uv":[3.9038,12.3089],"uv_size":[-0.1538,0.0757]},"down":{"uv":[3.9038,12.5372],"uv_size":[-0.1538,-0.0757]}}},{"origin":[6.794,13.1841,13.75],"size":[1.25,0.5,0.5],"pivot":[2.9375,13.1068,0],"uv":{"north":{"uv":[3.9038,9.232],"uv_size":[-0.1538,0.0757]},"south":{"uv":[3.9038,12.1551],"uv_size":[-0.1538,0.0757]},"east":{"uv":[2.3115,12.6166],"uv_size":[-0.0615,0.0757]},"west":{"uv":[3.5615,10.1551],"uv_size":[-0.0615,0.0757]},"up":{"uv":[3.9038,12.3089],"uv_size":[-0.1538,0.0757]},"down":{"uv":[3.9038,12.5372],"uv_size":[-0.1538,-0.0757]}}},{"origin":[3.4643,14.8787,10.25],"size":[2.5,3.5,4.5],"pivot":[2.9375,13.1068,0],"uv":{"north":{"uv":[3.3075,8.0086],"uv_size":[-0.3075,0.5298]},"south":{"uv":[3.005,8.0086],"uv_size":[0.3075,0.5298]},"east":{"uv":[2.9285,8.0086],"uv_size":[-0.5535,0.5298]},"west":{"uv":[2.384,8.0086],"uv_size":[0.5535,0.5298]},"up":{"uv":[1.3075,11.3957],"uv_size":[-0.3075,0.6812]},"down":{"uv":[3.0575,10.5274],"uv_size":[-0.3075,-0.6812]}}}],"name":"rot_1"},{"parent":"geyser_custom_z","pivot":[2.9375,13.1068,0],"rotation":[0,0,-22.5],"cubes":[{"origin":[5.4816,14.5416,10.5],"size":[1.25,1,1],"pivot":[2.9375,13.1068,0],"uv":{"north":{"uv":[1.5287,10.7717],"uv_size":[-0.1537,0.1514]},"south":{"uv":[0.6537,11.2332],"uv_size":[-0.1537,0.1514]},"east":{"uv":[2.498,10.7717],"uv_size":[-0.123,0.1514]},"west":{"uv":[0.873,10.6178],"uv_size":[-0.123,0.1514]},"up":{"uv":[2.9037,10.6178],"uv_size":[-0.1537,0.1514]},"down":{"uv":[3.7787,9.8437],"uv_size":[-0.1537,-0.1514]}}},{"origin":[5.4816,14.5416,13.5],"size":[1.25,1,1],"pivot":[2.9375,13.1068,0],"uv":{"north":{"uv":[1.5287,10.7717],"uv_size":[-0.1537,0.1514]},"south":{"uv":[0.6537,11.2332],"uv_size":[-0.1537,0.1514]},"east":{"uv":[2.498,10.7717],"uv_size":[-0.123,0.1514]},"west":{"uv":[0.873,10.6178],"uv_size":[-0.123,0.1514]},"up":{"uv":[2.9037,10.6178],"uv_size":[-0.1537,0.1514]},"down":{"uv":[3.7787,9.8437],"uv_size":[-0.1537,-0.1514]}}},{"origin":[3.1405,13.4472,9.25],"size":[1,2,6.5],"pivot":[2.9375,13.1068,0],"uv":{"north":{"uv":[2.373,12.3126],"uv_size":[-0.123,0.3028]},"south":{"uv":[3.873,8.0049],"uv_size":[-0.123,0.3028]},"east":{"uv":[3.2995,8.928],"uv_size":[-0.7995,0.3028]},"west":{"uv":[3.1745,8.6203],"uv_size":[-0.7995,0.3028]},"up":{"uv":[1.873,11.8622],"uv_size":[-0.123,0.984]},"down":{"uv":[1.998,12.8302],"uv_size":[-0.123,-0.984]}}},{"origin":[2.8905,13.1972,9],"size":[1.5,2.5,7],"pivot":[2.9375,13.1068,0],"uv":{"north":{"uv":[3.8095,11.0831],"uv_size":[-0.1845,0.3785]},"south":{"uv":[2.9345,12.4677],"uv_size":[-0.1845,0.3785]},"east":{"uv":[2.486,9.3908],"uv_size":[-0.861,0.3785]},"west":{"uv":[2.486,8.9292],"uv_size":[-0.861,0.3785]},"up":{"uv":[2.6845,11.4006],"uv_size":[-0.1845,1.0609]},"down":{"uv":[2.9345,12.4455],"uv_size":[-0.1845,-1.0609]}}},{"origin":[2.3561,11.2538,8.75],"size":[1.5,2.5,7.5],"pivot":[2.9375,13.1068,0],"uv":{"north":{"uv":[3.8095,11.0831],"uv_size":[-0.1845,0.3785]},"south":{"uv":[2.9345,12.4677],"uv_size":[-0.1845,0.3785]},"east":{"uv":[2.486,9.3908],"uv_size":[-0.861,0.3785]},"west":{"uv":[2.486,8.9292],"uv_size":[-0.861,0.3785]},"up":{"uv":[2.6845,11.4006],"uv_size":[-0.1845,1.0609]},"down":{"uv":[2.9345,12.4455],"uv_size":[-0.1845,-1.0609]}}},{"origin":[2.6061,11.5038,9],"size":[1,2,7],"pivot":[2.9375,13.1068,0],"uv":{"north":{"uv":[2.373,12.3126],"uv_size":[-0.123,0.3028]},"south":{"uv":[3.873,8.0049],"uv_size":[-0.123,0.3028]},"east":{"uv":[3.2995,8.928],"uv_size":[-0.7995,0.3028]},"west":{"uv":[3.1745,8.6203],"uv_size":[-0.7995,0.3028]},"up":{"uv":[1.873,11.8622],"uv_size":[-0.123,0.984]},"down":{"uv":[1.998,12.8302],"uv_size":[-0.123,-0.984]}}},{"origin":[1.8217,9.3103,8.5],"size":[1.5,2.5,8],"pivot":[2.9375,13.1068,0],"uv":{"north":{"uv":[3.8095,11.0831],"uv_size":[-0.1845,0.3785]},"south":{"uv":[2.9345,12.4677],"uv_size":[-0.1845,0.3785]},"east":{"uv":[2.486,8.9292],"uv_size":[-0.861,0.3785]},"west":{"uv":[2.486,8.9292],"uv_size":[-0.861,0.3785]},"up":{"uv":[2.6845,11.4006],"uv_size":[-0.1845,1.0609]},"down":{"uv":[2.9345,12.4455],"uv_size":[-0.1845,-1.0609]}}},{"origin":[2.0717,9.5603,8.75],"size":[1,2,7.5],"pivot":[2.9375,13.1068,0],"uv":{"north":{"uv":[2.373,12.3126],"uv_size":[-0.123,0.3028]},"south":{"uv":[3.873,8.0049],"uv_size":[-0.123,0.3028]},"east":{"uv":[3.1745,8.6203],"uv_size":[-0.7995,0.3028]},"west":{"uv":[3.1745,8.6203],"uv_size":[-0.7995,0.3028]},"up":{"uv":[1.873,11.8622],"uv_size":[-0.123,0.984]},"down":{"uv":[1.998,12.8302],"uv_size":[-0.123,-0.984]}}}],"name":"rot_2"},{"parent":"geyser_custom_z","pivot":[2.9375,13.1068,0],"rotation":[-0,0,0],"cubes":[{"origin":[-0.1822,5.7985,-15.9074],"size":[0.3645,1.8225,23.5103],"pivot":[2.9375,13.1068,0],"uv":{"north":{"uv":[15.501,2.1489],"uv_size":[0.0615,-0.3028]},"south":{"uv":[13.626,4.3126],"uv_size":[0.0615,0.3028]},"east":{"uv":[13.004,3.984],"uv_size":[0.246,-3.984]},"west":{"uv":[12.754,3.984],"uv_size":[0.246,-3.984]},"up":{"uv":[13.376,3.984],"uv_size":[0.0615,-3.984]},"down":{"uv":[13.251,3.984],"uv_size":[0.0615,-3.984]}}},{"origin":[-0.1822,7.216,-17.3249],"size":[0.3645,0.405,1.4378],"pivot":[2.9375,13.1068,0],"uv":{"north":{"uv":[13.751,4.5372],"uv_size":[0.0615,-0.0757]},"south":{"uv":[15.626,2.1551],"uv_size":[0.0615,0.0757]},"east":{"uv":[14.751,4.5348],"uv_size":[0.0615,-0.2271]},"west":{"uv":[14.501,4.5348],"uv_size":[0.0615,-0.2271]},"up":{"uv":[14.626,4.5348],"uv_size":[0.0615,-0.2271]},"down":{"uv":[15.501,3.1502],"uv_size":[0.0615,-0.2271]}}},{"origin":[-0.1741,6.6648,-16.7666],"size":[0.3483,0.6075,0.5062],"pivot":[2.9375,13.1068,0],"uv":{"north":{"uv":[15.626,1.8058],"uv_size":[0.0615,-0.1135]},"south":{"uv":[13.501,4.4634],"uv_size":[0.0615,0.1135]},"east":{"uv":[13.3765,4.5372],"uv_size":[0.0923,-0.0757]},"west":{"uv":[15.6265,1.6142],"uv_size":[0.0923,-0.0757]},"up":{"uv":[15.626,2.3834],"uv_size":[0.0615,-0.0757]},"down":{"uv":[13.876,4.5372],"uv_size":[0.0615,-0.0757]}}},{"origin":[-0.1741,6.2598,-16.2806],"size":[0.3483,1.0125,0.4252],"pivot":[2.9375,13.1068,0],"uv":{"north":{"uv":[13.126,4.6129],"uv_size":[0.0615,-0.1514]},"south":{"uv":[13.251,4.464],"uv_size":[0.0615,0.1514]},"east":{"uv":[13.002,4.5372],"uv_size":[0.123,-0.0757]},"west":{"uv":[12.877,4.5372],"uv_size":[0.123,-0.0757]},"up":{"uv":[15.626,2.5372],"uv_size":[0.0615,-0.0757]},"down":{"uv":[14.001,4.5372],"uv_size":[0.0615,-0.0757]}}},{"origin":[0,4.9885,-20.7968],"size":[0,2.6325,28.3996],"pivot":[2.9375,13.1068,0],"uv":{"north":{"uv":[12,0.4542],"uv_size":[0,-0.4542]},"south":{"uv":[12,0.0074],"uv_size":[0,0.4542]},"east":{"uv":[12.381,4.8302],"uv_size":[0.369,-4.8302]},"west":{"uv":[12.006,4.8302],"uv_size":[0.369,-4.8302]},"up":{"uv":[12,4.8302],"uv_size":[0,-4.8302]},"down":{"uv":[12,4.8302],"uv_size":[0,-4.8302]}}},{"origin":[-0.5467,5.7783,9.6076],"size":[1.0935,1.0935,5.832],"pivot":[2.9375,13.1068,0],"uv":{"north":{"uv":[15.3775,2.3431],"uv_size":[0.1538,-0.1892]},"south":{"uv":[15.3775,2.4646],"uv_size":[0.1538,0.1892]},"east":{"uv":[13.7525,3.4455],"uv_size":[0.1538,-0.984]},"west":{"uv":[13.5025,3.4455],"uv_size":[0.1538,-0.984]},"up":{"uv":[14.0025,2.984],"uv_size":[0.1538,-0.984]},"down":{"uv":[14.0025,1.9071],"uv_size":[0.1538,-0.984]}}},{"origin":[-0.6014,5.7236,9.316],"size":[1.2028,1.2028,6.4152],"pivot":[2.9375,13.1068,0],"uv":{"north":{"uv":[15.3775,4.3431],"uv_size":[0.1538,-0.1892]},"south":{"uv":[15.5025,0.0031],"uv_size":[0.1538,0.1892]},"east":{"uv":[13.7525,2.3302],"uv_size":[0.1538,-1.0994]},"west":{"uv":[13.5025,2.3302],"uv_size":[0.1538,-1.0994]},"up":{"uv":[13.7525,1.0994],"uv_size":[0.1538,-1.0994]},"down":{"uv":[13.5025,1.0994],"uv_size":[0.1538,-1.0994]}}},{"origin":[-0.6061,5.6689,15.4396],"size":[1.2122,1.3122,2.187],"pivot":[2.9375,13.1068,0],"uv":{"north":{"uv":[15.253,1.4578],"uv_size":[0.1845,-0.2271]},"south":{"uv":[13.253,4.0037],"uv_size":[0.1845,0.2271]},"east":{"uv":[14.878,2.0708],"uv_size":[0.1845,-0.3785]},"west":{"uv":[14.878,1.1477],"uv_size":[0.1845,-0.3785]},"up":{"uv":[14.878,1.6092],"uv_size":[0.1845,-0.3785]},"down":{"uv":[14.878,0.6862],"uv_size":[0.1845,-0.3785]}}},{"origin":[-0.8029,5.4721,16.1322],"size":[1.6059,1.7059,0.9477],"pivot":[2.9375,13.1068,0],"uv":{"north":{"uv":[14.754,2.4566],"uv_size":[0.246,-0.3028]},"south":{"uv":[14.754,2.4665],"uv_size":[0.246,0.3028]},"east":{"uv":[15.254,3.2283],"uv_size":[0.246,-0.1514]},"west":{"uv":[15.254,2.9206],"uv_size":[0.246,-0.1514]},"up":{"uv":[15.254,3.0745],"uv_size":[0.246,-0.1514]},"down":{"uv":[14.254,4.1514],"uv_size":[0.246,-0.1514]}}},{"origin":[-0.625,5.6689,8.0767],"size":[1.25,1.3122,1.6038],"pivot":[2.9375,13.1068,0],"uv":{"north":{"uv":[15.253,1.7655],"uv_size":[0.1845,-0.2271]},"south":{"uv":[13.753,4.0037],"uv_size":[0.1845,0.2271]},"east":{"uv":[15.003,3.6495],"uv_size":[0.1845,-0.2649]},"west":{"uv":[15.003,3.3418],"uv_size":[0.1845,-0.2649]},"up":{"uv":[14.753,3.9572],"uv_size":[0.1845,-0.2649]},"down":{"uv":[15.003,3.0342],"uv_size":[0.1845,-0.2649]}}},{"origin":[-1.2393,5.0128,7.6393],"size":[2.4786,2.6244,1.0206],"pivot":[2.9375,13.1068,0],"uv":{"north":{"uv":[14.0055,0.4542],"uv_size":[0.3383,-0.4542]},"south":{"uv":[14.0055,0.0074],"uv_size":[0.3383,0.4542]},"east":{"uv":[15.006,2.3431],"uv_size":[0.369,-0.1892]},"west":{"uv":[13.506,3.7277],"uv_size":[0.369,-0.1892]},"up":{"uv":[14.2555,3.8815],"uv_size":[0.3383,-0.1892]},"down":{"uv":[15.0055,2.6508],"uv_size":[0.3383,-0.1892]}}},{"origin":[3.5,15.2071,10.25],"size":[1.25,1.5,1.5],"pivot":[2.9375,13.1068,0],"uv":{"north":{"uv":[3.9038,8.3114],"uv_size":[-0.1538,0.2271]},"south":{"uv":[3.9038,8.6191],"uv_size":[-0.1538,0.2271]},"east":{"uv":[3.8095,11.8498],"uv_size":[-0.1845,0.2271]},"west":{"uv":[3.8095,11.5422],"uv_size":[-0.1845,0.2271]},"up":{"uv":[3.9038,8.9268],"uv_size":[-0.1538,0.2271]},"down":{"uv":[3.4037,12.8425],"uv_size":[-0.1537,-0.2271]}}},{"origin":[3.5,15.2071,13.25],"size":[1.25,1.5,1.5],"pivot":[2.9375,13.1068,0],"uv":{"north":{"uv":[3.9038,8.3114],"uv_size":[-0.1538,0.2271]},"south":{"uv":[3.9038,8.6191],"uv_size":[-0.1538,0.2271]},"east":{"uv":[3.8095,11.8498],"uv_size":[-0.1845,0.2271]},"west":{"uv":[3.8095,11.5422],"uv_size":[-0.1845,0.2271]},"up":{"uv":[3.9038,8.9268],"uv_size":[-0.1538,0.2271]},"down":{"uv":[3.4037,12.8425],"uv_size":[-0.1537,-0.2271]}}},{"origin":[2.25,10.5,9.5],"size":[1,6,6],"pivot":[2.9375,13.1068,0],"uv":{"north":{"uv":[2.498,11.8609],"uv_size":[-0.123,0.9083]},"south":{"uv":[1.123,12.1686],"uv_size":[-0.123,0.9083]},"east":{"uv":[1.613,8.9378],"uv_size":[-0.738,0.9083]},"west":{"uv":[1.613,8.0148],"uv_size":[-0.738,0.9083]},"up":{"uv":[1.248,12.1686],"uv_size":[-0.123,0.9083]},"down":{"uv":[1.373,13.0622],"uv_size":[-0.123,-0.9083]}}},{"origin":[2,10.25,9.25],"size":[1.5,6.5,6.5],"pivot":[2.9375,13.1068,0],"uv":{"north":{"uv":[0.1845,11.7083],"uv_size":[-0.1845,0.984]},"south":{"uv":[0.4345,11.7083],"uv_size":[-0.1845,0.984]},"east":{"uv":[0.7995,8.016],"uv_size":[-0.7995,0.984]},"west":{"uv":[0.7995,8.016],"uv_size":[-0.7995,0.984]},"up":{"uv":[3.1845,10.6314],"uv_size":[-0.1845,0.984]},"down":{"uv":[3.1845,12.6763],"uv_size":[-0.1845,-0.984]}}}],"name":"rot_3"},{"parent":"geyser_custom_z","pivot":[2.9375,13.1068,0],"rotation":[0,-0,0],"cubes":[{"origin":[-0.1822,5.7985,-15.9074],"size":[0.3645,1.8225,23.5103],"pivot":[2.9375,13.1068,0],"uv":{"north":{"uv":[15.501,2.1489],"uv_size":[0.0615,-0.3028]},"south":{"uv":[13.626,4.3126],"uv_size":[0.0615,0.3028]},"east":{"uv":[13.004,3.984],"uv_size":[0.246,-3.984]},"west":{"uv":[12.754,3.984],"uv_size":[0.246,-3.984]},"up":{"uv":[13.376,3.984],"uv_size":[0.0615,-3.984]},"down":{"uv":[13.251,3.984],"uv_size":[0.0615,-3.984]}}},{"origin":[-0.1822,7.216,-17.3249],"size":[0.3645,0.405,1.4378],"pivot":[2.9375,13.1068,0],"uv":{"north":{"uv":[13.751,4.5372],"uv_size":[0.0615,-0.0757]},"south":{"uv":[15.626,2.1551],"uv_size":[0.0615,0.0757]},"east":{"uv":[14.751,4.5348],"uv_size":[0.0615,-0.2271]},"west":{"uv":[14.501,4.5348],"uv_size":[0.0615,-0.2271]},"up":{"uv":[14.626,4.5348],"uv_size":[0.0615,-0.2271]},"down":{"uv":[15.501,3.1502],"uv_size":[0.0615,-0.2271]}}},{"origin":[-0.1741,6.6648,-16.7666],"size":[0.3483,0.6075,0.5062],"pivot":[2.9375,13.1068,0],"uv":{"north":{"uv":[15.626,1.8058],"uv_size":[0.0615,-0.1135]},"south":{"uv":[13.501,4.4634],"uv_size":[0.0615,0.1135]},"east":{"uv":[13.3765,4.5372],"uv_size":[0.0923,-0.0757]},"west":{"uv":[15.6265,1.6142],"uv_size":[0.0923,-0.0757]},"up":{"uv":[15.626,2.3834],"uv_size":[0.0615,-0.0757]},"down":{"uv":[13.876,4.5372],"uv_size":[0.0615,-0.0757]}}},{"origin":[-0.1741,6.2598,-16.2806],"size":[0.3483,1.0125,0.4252],"pivot":[2.9375,13.1068,0],"uv":{"north":{"uv":[13.126,4.6129],"uv_size":[0.0615,-0.1514]},"south":{"uv":[13.251,4.464],"uv_size":[0.0615,0.1514]},"east":{"uv":[13.002,4.5372],"uv_size":[0.123,-0.0757]},"west":{"uv":[12.877,4.5372],"uv_size":[0.123,-0.0757]},"up":{"uv":[15.626,2.5372],"uv_size":[0.0615,-0.0757]},"down":{"uv":[14.001,4.5372],"uv_size":[0.0615,-0.0757]}}},{"origin":[0,4.9885,-20.7968],"size":[0,2.6325,28.3996],"pivot":[2.9375,13.1068,0],"uv":{"north":{"uv":[12,0.4542],"uv_size":[0,-0.4542]},"south":{"uv":[12,0.0074],"uv_size":[0,0.4542]},"east":{"uv":[12.381,4.8302],"uv_size":[0.369,-4.8302]},"west":{"uv":[12.006,4.8302],"uv_size":[0.369,-4.8302]},"up":{"uv":[12,4.8302],"uv_size":[0,-4.8302]},"down":{"uv":[12,4.8302],"uv_size":[0,-4.8302]}}},{"origin":[-0.5467,5.7783,9.6076],"size":[1.0935,1.0935,5.832],"pivot":[2.9375,13.1068,0],"uv":{"north":{"uv":[15.3775,2.3431],"uv_size":[0.1538,-0.1892]},"south":{"uv":[15.3775,2.4646],"uv_size":[0.1538,0.1892]},"east":{"uv":[13.7525,3.4455],"uv_size":[0.1538,-0.984]},"west":{"uv":[13.5025,3.4455],"uv_size":[0.1538,-0.984]},"up":{"uv":[14.0025,2.984],"uv_size":[0.1538,-0.984]},"down":{"uv":[14.0025,1.9071],"uv_size":[0.1538,-0.984]}}},{"origin":[-0.6014,5.7236,9.316],"size":[1.2028,1.2028,6.4152],"pivot":[2.9375,13.1068,0],"uv":{"north":{"uv":[15.3775,4.3431],"uv_size":[0.1538,-0.1892]},"south":{"uv":[15.5025,0.0031],"uv_size":[0.1538,0.1892]},"east":{"uv":[13.7525,2.3302],"uv_size":[0.1538,-1.0994]},"west":{"uv":[13.5025,2.3302],"uv_size":[0.1538,-1.0994]},"up":{"uv":[13.7525,1.0994],"uv_size":[0.1538,-1.0994]},"down":{"uv":[13.5025,1.0994],"uv_size":[0.1538,-1.0994]}}},{"origin":[-0.6061,5.6689,15.4396],"size":[1.2122,1.3122,2.187],"pivot":[2.9375,13.1068,0],"uv":{"north":{"uv":[15.253,1.4578],"uv_size":[0.1845,-0.2271]},"south":{"uv":[13.253,4.0037],"uv_size":[0.1845,0.2271]},"east":{"uv":[14.878,2.0708],"uv_size":[0.1845,-0.3785]},"west":{"uv":[14.878,1.1477],"uv_size":[0.1845,-0.3785]},"up":{"uv":[14.878,1.6092],"uv_size":[0.1845,-0.3785]},"down":{"uv":[14.878,0.6862],"uv_size":[0.1845,-0.3785]}}},{"origin":[-0.8029,5.4721,16.1322],"size":[1.6059,1.7059,0.9477],"pivot":[2.9375,13.1068,0],"uv":{"north":{"uv":[14.754,2.4566],"uv_size":[0.246,-0.3028]},"south":{"uv":[14.754,2.4665],"uv_size":[0.246,0.3028]},"east":{"uv":[15.254,3.2283],"uv_size":[0.246,-0.1514]},"west":{"uv":[15.254,2.9206],"uv_size":[0.246,-0.1514]},"up":{"uv":[15.254,3.0745],"uv_size":[0.246,-0.1514]},"down":{"uv":[14.254,4.1514],"uv_size":[0.246,-0.1514]}}},{"origin":[-0.625,5.6689,8.0767],"size":[1.25,1.3122,1.6038],"pivot":[2.9375,13.1068,0],"uv":{"north":{"uv":[15.253,1.7655],"uv_size":[0.1845,-0.2271]},"south":{"uv":[13.753,4.0037],"uv_size":[0.1845,0.2271]},"east":{"uv":[15.003,3.6495],"uv_size":[0.1845,-0.2649]},"west":{"uv":[15.003,3.3418],"uv_size":[0.1845,-0.2649]},"up":{"uv":[14.753,3.9572],"uv_size":[0.1845,-0.2649]},"down":{"uv":[15.003,3.0342],"uv_size":[0.1845,-0.2649]}}},{"origin":[-1.2393,5.0128,7.6393],"size":[2.4786,2.6244,1.0206],"pivot":[2.9375,13.1068,0],"uv":{"north":{"uv":[14.0055,0.4542],"uv_size":[0.3383,-0.4542]},"south":{"uv":[14.0055,0.0074],"uv_size":[0.3383,0.4542]},"east":{"uv":[15.006,2.3431],"uv_size":[0.369,-0.1892]},"west":{"uv":[13.506,3.7277],"uv_size":[0.369,-0.1892]},"up":{"uv":[14.2555,3.8815],"uv_size":[0.3383,-0.1892]},"down":{"uv":[15.0055,2.6508],"uv_size":[0.3383,-0.1892]}}},{"origin":[3.5,15.2071,10.25],"size":[1.25,1.5,1.5],"pivot":[2.9375,13.1068,0],"uv":{"north":{"uv":[3.9038,8.3114],"uv_size":[-0.1538,0.2271]},"south":{"uv":[3.9038,8.6191],"uv_size":[-0.1538,0.2271]},"east":{"uv":[3.8095,11.8498],"uv_size":[-0.1845,0.2271]},"west":{"uv":[3.8095,11.5422],"uv_size":[-0.1845,0.2271]},"up":{"uv":[3.9038,8.9268],"uv_size":[-0.1538,0.2271]},"down":{"uv":[3.4037,12.8425],"uv_size":[-0.1537,-0.2271]}}},{"origin":[3.5,15.2071,13.25],"size":[1.25,1.5,1.5],"pivot":[2.9375,13.1068,0],"uv":{"north":{"uv":[3.9038,8.3114],"uv_size":[-0.1538,0.2271]},"south":{"uv":[3.9038,8.6191],"uv_size":[-0.1538,0.2271]},"east":{"uv":[3.8095,11.8498],"uv_size":[-0.1845,0.2271]},"west":{"uv":[3.8095,11.5422],"uv_size":[-0.1845,0.2271]},"up":{"uv":[3.9038,8.9268],"uv_size":[-0.1538,0.2271]},"down":{"uv":[3.4037,12.8425],"uv_size":[-0.1537,-0.2271]}}},{"origin":[2.25,10.5,9.5],"size":[1,6,6],"pivot":[2.9375,13.1068,0],"uv":{"north":{"uv":[2.498,11.8609],"uv_size":[-0.123,0.9083]},"south":{"uv":[1.123,12.1686],"uv_size":[-0.123,0.9083]},"east":{"uv":[1.613,8.9378],"uv_size":[-0.738,0.9083]},"west":{"uv":[1.613,8.0148],"uv_size":[-0.738,0.9083]},"up":{"uv":[1.248,12.1686],"uv_size":[-0.123,0.9083]},"down":{"uv":[1.373,13.0622],"uv_size":[-0.123,-0.9083]}}},{"origin":[2,10.25,9.25],"size":[1.5,6.5,6.5],"pivot":[2.9375,13.1068,0],"uv":{"north":{"uv":[0.1845,11.7083],"uv_size":[-0.1845,0.984]},"south":{"uv":[0.4345,11.7083],"uv_size":[-0.1845,0.984]},"east":{"uv":[0.7995,8.016],"uv_size":[-0.7995,0.984]},"west":{"uv":[0.7995,8.016],"uv_size":[-0.7995,0.984]},"up":{"uv":[3.1845,10.6314],"uv_size":[-0.1845,0.984]},"down":{"uv":[3.1845,12.6763],"uv_size":[-0.1845,-0.984]}}}],"name":"rot_4"},{"parent":"geyser_custom_z","pivot":[1.5,21,12.5],"rotation":[0,-0,0],"cubes":[{"origin":[2.5,13,4.5],"size":[0,16,16],"pivot":[1.5,21,12.5],"uv":{"north":{"uv":[9,11.0901],"uv_size":[0,0.8074]},"south":{"uv":[9,11.0901],"uv_size":[0,0.8074]},"east":{"uv":[9.1645,11.1181],"uv_size":[-0.1332,0.164]},"west":{"uv":[10.984,11.0929],"uv_size":[-1.984,2.4455]},"up":{"uv":[9,11.8843],"uv_size":[0,-0.8074]},"down":{"uv":[9,11.8843],"uv_size":[0,-0.8074]}}}],"name":"rot_5"},{"parent":"geyser_custom_z","pivot":[0.5,6.5,0.5],"rotation":[0,-0,0],"cubes":[{"origin":[0.5,-1.5,-7.5],"size":[0,16,16],"pivot":[0.5,6.5,0.5],"uv":{"north":{"uv":[0,13.5516],"uv_size":[0,0.8074]},"south":{"uv":[0,13.5516],"uv_size":[0,0.8074]},"east":{"uv":[0.0334,13.7409],"uv_size":[0.1332,-0.164]},"west":{"uv":[0.016,13.5545],"uv_size":[1.984,2.4455]},"up":{"uv":[0,14.3458],"uv_size":[0,-0.8074]},"down":{"uv":[0,14.3458],"uv_size":[0,-0.8074]}}}],"name":"rot_6"},{"parent":"geyser_custom_z","pivot":[-0.5,6.5,0.5],"rotation":[0,-0,0],"cubes":[{"origin":[-0.5,-1.5,-7.5],"size":[0,16,16],"pivot":[-0.5,6.5,0.5],"uv":{"north":{"uv":[0,13.5516],"uv_size":[0,0.8074]},"south":{"uv":[0,13.5516],"uv_size":[0,0.8074]},"east":{"uv":[0.016,15.984],"uv_size":[1.984,-2.4455]},"west":{"uv":[0.0334,13.5796],"uv_size":[0.1332,0.164]},"up":{"uv":[0,14.3458],"uv_size":[0,-0.8074]},"down":{"uv":[0,14.3458],"uv_size":[0,-0.8074]}}}],"name":"rot_7"},{"parent":"geyser_custom_z","pivot":[2.9375,13.1068,0],"rotation":[0,0,0],"cubes":[{"origin":[-0.1822,5.7985,-15.9074],"size":[0.3645,1.8225,23.5103],"pivot":[2.9375,13.1068,0],"uv":{"north":{"uv":[15.501,2.1489],"uv_size":[0.0615,-0.3028]},"south":{"uv":[13.626,4.3126],"uv_size":[0.0615,0.3028]},"east":{"uv":[13.004,3.984],"uv_size":[0.246,-3.984]},"west":{"uv":[12.754,3.984],"uv_size":[0.246,-3.984]},"up":{"uv":[13.376,3.984],"uv_size":[0.0615,-3.984]},"down":{"uv":[13.251,3.984],"uv_size":[0.0615,-3.984]}}},{"origin":[-0.1822,7.216,-17.3249],"size":[0.3645,0.405,1.4378],"pivot":[2.9375,13.1068,0],"uv":{"north":{"uv":[13.751,4.5372],"uv_size":[0.0615,-0.0757]},"south":{"uv":[15.626,2.1551],"uv_size":[0.0615,0.0757]},"east":{"uv":[14.751,4.5348],"uv_size":[0.0615,-0.2271]},"west":{"uv":[14.501,4.5348],"uv_size":[0.0615,-0.2271]},"up":{"uv":[14.626,4.5348],"uv_size":[0.0615,-0.2271]},"down":{"uv":[15.501,3.1502],"uv_size":[0.0615,-0.2271]}}},{"origin":[-0.1741,6.6648,-16.7666],"size":[0.3483,0.6075,0.5062],"pivot":[2.9375,13.1068,0],"uv":{"north":{"uv":[15.626,1.8058],"uv_size":[0.0615,-0.1135]},"south":{"uv":[13.501,4.4634],"uv_size":[0.0615,0.1135]},"east":{"uv":[13.3765,4.5372],"uv_size":[0.0923,-0.0757]},"west":{"uv":[15.6265,1.6142],"uv_size":[0.0923,-0.0757]},"up":{"uv":[15.626,2.3834],"uv_size":[0.0615,-0.0757]},"down":{"uv":[13.876,4.5372],"uv_size":[0.0615,-0.0757]}}},{"origin":[-0.1741,6.2598,-16.2806],"size":[0.3483,1.0125,0.4252],"pivot":[2.9375,13.1068,0],"uv":{"north":{"uv":[13.126,4.6129],"uv_size":[0.0615,-0.1514]},"south":{"uv":[13.251,4.464],"uv_size":[0.0615,0.1514]},"east":{"uv":[13.002,4.5372],"uv_size":[0.123,-0.0757]},"west":{"uv":[12.877,4.5372],"uv_size":[0.123,-0.0757]},"up":{"uv":[15.626,2.5372],"uv_size":[0.0615,-0.0757]},"down":{"uv":[14.001,4.5372],"uv_size":[0.0615,-0.0757]}}},{"origin":[0,4.9885,-20.7968],"size":[0,2.6325,28.3996],"pivot":[2.9375,13.1068,0],"uv":{"north":{"uv":[12,0.4542],"uv_size":[0,-0.4542]},"south":{"uv":[12,0.0074],"uv_size":[0,0.4542]},"east":{"uv":[12.381,4.8302],"uv_size":[0.369,-4.8302]},"west":{"uv":[12.006,4.8302],"uv_size":[0.369,-4.8302]},"up":{"uv":[12,4.8302],"uv_size":[0,-4.8302]},"down":{"uv":[12,4.8302],"uv_size":[0,-4.8302]}}},{"origin":[-0.5467,5.7783,9.6076],"size":[1.0935,1.0935,5.832],"pivot":[2.9375,13.1068,0],"uv":{"north":{"uv":[15.3775,2.3431],"uv_size":[0.1538,-0.1892]},"south":{"uv":[15.3775,2.4646],"uv_size":[0.1538,0.1892]},"east":{"uv":[13.7525,3.4455],"uv_size":[0.1538,-0.984]},"west":{"uv":[13.5025,3.4455],"uv_size":[0.1538,-0.984]},"up":{"uv":[14.0025,2.984],"uv_size":[0.1538,-0.984]},"down":{"uv":[14.0025,1.9071],"uv_size":[0.1538,-0.984]}}},{"origin":[-0.6014,5.7236,9.316],"size":[1.2028,1.2028,6.4152],"pivot":[2.9375,13.1068,0],"uv":{"north":{"uv":[15.3775,4.3431],"uv_size":[0.1538,-0.1892]},"south":{"uv":[15.5025,0.0031],"uv_size":[0.1538,0.1892]},"east":{"uv":[13.7525,2.3302],"uv_size":[0.1538,-1.0994]},"west":{"uv":[13.5025,2.3302],"uv_size":[0.1538,-1.0994]},"up":{"uv":[13.7525,1.0994],"uv_size":[0.1538,-1.0994]},"down":{"uv":[13.5025,1.0994],"uv_size":[0.1538,-1.0994]}}},{"origin":[-0.6061,5.6689,15.4396],"size":[1.2122,1.3122,2.187],"pivot":[2.9375,13.1068,0],"uv":{"north":{"uv":[15.253,1.4578],"uv_size":[0.1845,-0.2271]},"south":{"uv":[13.253,4.0037],"uv_size":[0.1845,0.2271]},"east":{"uv":[14.878,2.0708],"uv_size":[0.1845,-0.3785]},"west":{"uv":[14.878,1.1477],"uv_size":[0.1845,-0.3785]},"up":{"uv":[14.878,1.6092],"uv_size":[0.1845,-0.3785]},"down":{"uv":[14.878,0.6862],"uv_size":[0.1845,-0.3785]}}},{"origin":[-0.8029,5.4721,16.1322],"size":[1.6059,1.7059,0.9477],"pivot":[2.9375,13.1068,0],"uv":{"north":{"uv":[14.754,2.4566],"uv_size":[0.246,-0.3028]},"south":{"uv":[14.754,2.4665],"uv_size":[0.246,0.3028]},"east":{"uv":[15.254,3.2283],"uv_size":[0.246,-0.1514]},"west":{"uv":[15.254,2.9206],"uv_size":[0.246,-0.1514]},"up":{"uv":[15.254,3.0745],"uv_size":[0.246,-0.1514]},"down":{"uv":[14.254,4.1514],"uv_size":[0.246,-0.1514]}}},{"origin":[-0.625,5.6689,8.0767],"size":[1.25,1.3122,1.6038],"pivot":[2.9375,13.1068,0],"uv":{"north":{"uv":[15.253,1.7655],"uv_size":[0.1845,-0.2271]},"south":{"uv":[13.753,4.0037],"uv_size":[0.1845,0.2271]},"east":{"uv":[15.003,3.6495],"uv_size":[0.1845,-0.2649]},"west":{"uv":[15.003,3.3418],"uv_size":[0.1845,-0.2649]},"up":{"uv":[14.753,3.9572],"uv_size":[0.1845,-0.2649]},"down":{"uv":[15.003,3.0342],"uv_size":[0.1845,-0.2649]}}},{"origin":[-1.2393,5.0128,7.6393],"size":[2.4786,2.6244,1.0206],"pivot":[2.9375,13.1068,0],"uv":{"north":{"uv":[14.0055,0.4542],"uv_size":[0.3383,-0.4542]},"south":{"uv":[14.0055,0.0074],"uv_size":[0.3383,0.4542]},"east":{"uv":[15.006,2.3431],"uv_size":[0.369,-0.1892]},"west":{"uv":[13.506,3.7277],"uv_size":[0.369,-0.1892]},"up":{"uv":[14.2555,3.8815],"uv_size":[0.3383,-0.1892]},"down":{"uv":[15.0055,2.6508],"uv_size":[0.3383,-0.1892]}}},{"origin":[3.5,15.2071,10.25],"size":[1.25,1.5,1.5],"pivot":[2.9375,13.1068,0],"uv":{"north":{"uv":[3.9038,8.3114],"uv_size":[-0.1538,0.2271]},"south":{"uv":[3.9038,8.6191],"uv_size":[-0.1538,0.2271]},"east":{"uv":[3.8095,11.8498],"uv_size":[-0.1845,0.2271]},"west":{"uv":[3.8095,11.5422],"uv_size":[-0.1845,0.2271]},"up":{"uv":[3.9038,8.9268],"uv_size":[-0.1538,0.2271]},"down":{"uv":[3.4037,12.8425],"uv_size":[-0.1537,-0.2271]}}},{"origin":[3.5,15.2071,13.25],"size":[1.25,1.5,1.5],"pivot":[2.9375,13.1068,0],"uv":{"north":{"uv":[3.9038,8.3114],"uv_size":[-0.1538,0.2271]},"south":{"uv":[3.9038,8.6191],"uv_size":[-0.1538,0.2271]},"east":{"uv":[3.8095,11.8498],"uv_size":[-0.1845,0.2271]},"west":{"uv":[3.8095,11.5422],"uv_size":[-0.1845,0.2271]},"up":{"uv":[3.9038,8.9268],"uv_size":[-0.1538,0.2271]},"down":{"uv":[3.4037,12.8425],"uv_size":[-0.1537,-0.2271]}}},{"origin":[2.25,10.5,9.5],"size":[1,6,6],"pivot":[2.9375,13.1068,0],"uv":{"north":{"uv":[2.498,11.8609],"uv_size":[-0.123,0.9083]},"south":{"uv":[1.123,12.1686],"uv_size":[-0.123,0.9083]},"east":{"uv":[1.613,8.9378],"uv_size":[-0.738,0.9083]},"west":{"uv":[1.613,8.0148],"uv_size":[-0.738,0.9083]},"up":{"uv":[1.248,12.1686],"uv_size":[-0.123,0.9083]},"down":{"uv":[1.373,13.0622],"uv_size":[-0.123,-0.9083]}}},{"origin":[2,10.25,9.25],"size":[1.5,6.5,6.5],"pivot":[2.9375,13.1068,0],"uv":{"north":{"uv":[0.1845,11.7083],"uv_size":[-0.1845,0.984]},"south":{"uv":[0.4345,11.7083],"uv_size":[-0.1845,0.984]},"east":{"uv":[0.7995,8.016],"uv_size":[-0.7995,0.984]},"west":{"uv":[0.7995,8.016],"uv_size":[-0.7995,0.984]},"up":{"uv":[3.1845,10.6314],"uv_size":[-0.1845,0.984]},"down":{"uv":[3.1845,12.6763],"uv_size":[-0.1845,-0.984]}}}],"name":"rot_8"},{"parent":"geyser_custom_z","pivot":[2.9375,13.1068,0],"rotation":[-45,0,0],"cubes":[{"origin":[-0.1782,-3.3092,-8.1054],"size":[0.3564,0.4252,2.025],"pivot":[2.9375,13.1068,0],"uv":{"north":{"uv":[15.6865,1.8474],"uv_size":[-0.0615,0.0757]},"south":{"uv":[15.6865,2.0012],"uv_size":[-0.0615,0.0757]},"east":{"uv":[15.7768,1.3858],"uv_size":[-0.2768,0.0757]},"west":{"uv":[15.7768,1.232],"uv_size":[-0.2768,0.0757]},"up":{"uv":[14.4365,4.1594],"uv_size":[-0.0615,0.3406]},"down":{"uv":[15.0615,4.4945],"uv_size":[-0.0615,-0.3406]}}},{"origin":[3.5,22.9486,4.336],"size":[1.5,3.5,3.5],"pivot":[2.9375,13.1068,0],"uv":{"north":{"uv":[1.5595,12.3163],"uv_size":[-0.1845,0.5298]},"south":{"uv":[2.1845,12.3163],"uv_size":[-0.1845,0.5298]},"east":{"uv":[2.9305,10.7778],"uv_size":[-0.4305,0.5298]},"west":{"uv":[2.9305,9.2394],"uv_size":[-0.4305,0.5298]},"up":{"uv":[3.6845,12.1625],"uv_size":[-0.1845,0.5298]},"down":{"uv":[0.6845,12.9914],"uv_size":[-0.1845,-0.5298]}}},{"origin":[0.75,22.8879,1.154],"size":[2.5,2.5,2.5],"pivot":[2.9375,13.1068,0],"uv":{"north":{"uv":[3.255,12.0708],"uv_size":[0.3075,-0.3785]},"south":{"uv":[3.5575,10.7754],"uv_size":[-0.3075,0.3785]},"east":{"uv":[3.255,10.3138],"uv_size":[0.3075,0.3785]},"west":{"uv":[3.5575,10.3138],"uv_size":[-0.3075,0.3785]},"up":{"uv":[3.5575,11.6985],"uv_size":[-0.3075,0.3785]},"down":{"uv":[3.255,10.7754],"uv_size":[0.3075,0.3785]}}},{"origin":[0.75,27.1305,5.3966],"size":[2.5,2.5,2.5],"pivot":[2.9375,13.1068,0],"uv":{"north":{"uv":[3.255,12.0708],"uv_size":[0.3075,-0.3785]},"south":{"uv":[3.5575,10.7754],"uv_size":[-0.3075,0.3785]},"east":{"uv":[3.255,10.3138],"uv_size":[0.3075,0.3785]},"west":{"uv":[3.5575,10.3138],"uv_size":[-0.3075,0.3785]},"up":{"uv":[3.5575,11.6985],"uv_size":[-0.3075,0.3785]},"down":{"uv":[3.255,10.7754],"uv_size":[0.3075,0.3785]}}},{"origin":[-0.25,26.4234,1.8611],"size":[2.5,2.5,2.5],"pivot":[2.9375,13.1068,0],"uv":{"north":{"uv":[3.255,12.0708],"uv_size":[0.3075,-0.3785]},"south":{"uv":[3.5575,10.7754],"uv_size":[-0.3075,0.3785]},"east":{"uv":[3.255,10.3138],"uv_size":[0.3075,0.3785]},"west":{"uv":[3.5575,10.3138],"uv_size":[-0.3075,0.3785]},"up":{"uv":[3.5575,11.6985],"uv_size":[-0.3075,0.3785]},"down":{"uv":[3.255,10.7754],"uv_size":[0.3075,0.3785]}}},{"origin":[1.75,21.9486,3.336],"size":[2.5,5.5,5.5],"pivot":[2.9375,13.1068,0],"uv":{"north":{"uv":[1.755,11.7557],"uv_size":[0.3075,-0.8326]},"south":{"uv":[2.4325,11.7557],"uv_size":[-0.3075,-0.8326]},"east":{"uv":[0.886,9.8597],"uv_size":[0.6765,0.8326]},"west":{"uv":[1.5515,9.8597],"uv_size":[-0.6765,0.8326]},"up":{"uv":[2.0575,10.9366],"uv_size":[-0.3075,0.8326]},"down":{"uv":[2.4325,11.7557],"uv_size":[-0.3075,-0.8326]}}}],"name":"rot_9"},{"parent":"geyser_custom_z","pivot":[2.9375,13.1068,0],"rotation":[0,-45,0],"cubes":[{"origin":[10.7877,9.5,6.8689],"size":[3,7.5,3],"pivot":[2.9375,13.1068,0],"uv":{"north":{"uv":[0.005,10.1698],"uv_size":[0.3075,0.984]},"south":{"uv":[0.6825,10.1698],"uv_size":[-0.3075,0.984]},"east":{"uv":[2.3075,9.8622],"uv_size":[-0.3075,0.984]},"west":{"uv":[0.3075,10.1698],"uv_size":[-0.3075,0.984]},"up":{"uv":[3.6825,8.4677],"uv_size":[-0.3075,0.3785]},"down":{"uv":[3.6825,9.3015],"uv_size":[-0.3075,-0.3785]}}}],"name":"rot_10"},{"parent":"geyser_custom_z","pivot":[2.9375,13.1068,0],"rotation":[0,0,45],"cubes":[{"origin":[4.9029,6.2582,9.6076],"size":[0.729,0.729,5.832],"pivot":[2.9375,13.1068,0],"uv":{"north":{"uv":[15.2515,4.4212],"uv_size":[0.0923,-0.1135]},"south":{"uv":[12.7515,4.4634],"uv_size":[0.0923,0.1135]},"east":{"uv":[14.7515,2.0609],"uv_size":[0.0923,-0.984]},"west":{"uv":[14.6265,4.2148],"uv_size":[0.0923,-0.984]},"up":{"uv":[14.8423,2.0609],"uv_size":[-0.0923,-0.984]},"down":{"uv":[14.6265,3.1378],"uv_size":[0.0923,-0.984]}}},{"origin":[4.8276,6.2606,9.316],"size":[0.8019,0.8019,6.4152],"pivot":[2.9375,13.1068,0],"uv":{"north":{"uv":[13.752,4.4591],"uv_size":[0.123,-0.1514]},"south":{"uv":[13.877,4.3102],"uv_size":[0.123,0.1514]},"east":{"uv":[14.377,2.3302],"uv_size":[0.123,-1.0994]},"west":{"uv":[14.252,3.2532],"uv_size":[0.123,-1.0994]},"up":{"uv":[14.498,2.3302],"uv_size":[-0.123,-1.0994]},"down":{"uv":[14.252,2.0225],"uv_size":[0.123,-1.0994]}}},{"origin":[4.7523,6.263,15.3667],"size":[0.8748,0.8748,2.3328],"pivot":[2.9375,13.1068,0],"uv":{"north":{"uv":[15.252,3.6898],"uv_size":[0.123,-0.1514]},"south":{"uv":[13.252,4.3102],"uv_size":[0.123,0.1514]},"east":{"uv":[13.627,4.2246],"uv_size":[0.123,-0.3785]},"west":{"uv":[15.127,1.7631],"uv_size":[0.123,-0.3785]},"up":{"uv":[13.502,4.2246],"uv_size":[0.123,-0.3785]},"down":{"uv":[15.127,1.3015],"uv_size":[0.123,-0.3785]}}},{"origin":[4.4813,6.2716,16.1322],"size":[1.1372,1.1372,0.9477],"pivot":[2.9375,13.1068,0],"uv":{"north":{"uv":[15.3775,3.7277],"uv_size":[0.1538,-0.1892]},"south":{"uv":[15.3775,3.8492],"uv_size":[0.1538,0.1892]},"east":{"uv":[13.0025,4.4591],"uv_size":[0.1538,-0.1514]},"west":{"uv":[15.5025,1.0745],"uv_size":[0.1538,-0.1514]},"up":{"uv":[15.5025,0.9206],"uv_size":[0.1538,-0.1514]},"down":{"uv":[12.7525,4.4591],"uv_size":[0.1538,-0.1514]}}},{"origin":[4.7523,6.263,8.0767],"size":[0.8748,0.8748,1.6038],"pivot":[2.9375,13.1068,0],"uv":{"north":{"uv":[15.502,1.8437],"uv_size":[0.123,-0.1514]},"south":{"uv":[13.502,4.3102],"uv_size":[0.123,0.1514]},"east":{"uv":[15.377,2.1111],"uv_size":[0.123,-0.2649]},"west":{"uv":[15.127,4.2649],"uv_size":[0.123,-0.2649]},"up":{"uv":[15.252,4.2649],"uv_size":[0.123,-0.2649]},"down":{"uv":[14.877,4.2649],"uv_size":[0.123,-0.2649]}}},{"origin":[3.8488,6.2917,7.5664],"size":[1.7496,1.7496,1.1664],"pivot":[2.9375,13.1068,0],"uv":{"north":{"uv":[14.754,3.6874],"uv_size":[0.246,-0.3028]},"south":{"uv":[14.754,3.072],"uv_size":[0.246,-0.3028]},"east":{"uv":[13.004,4.1892],"uv_size":[0.246,-0.1892]},"west":{"uv":[12.754,4.1892],"uv_size":[0.246,-0.1892]},"up":{"uv":[13.246,4.1892],"uv_size":[-0.246,-0.1892]},"down":{"uv":[15.254,0.8046],"uv_size":[0.246,-0.1892]}}}],"name":"rot_11"}]}]}
