{"format_version":"1.16.0","minecraft:geometry":[{"description":{"identifier":"geometry.geyser_custom.geo_af1bb56","texture_width":16,"texture_height":16,"visible_bounds_width":4,"visible_bounds_height":4.5,"visible_bounds_offset":[0,0.75,0]},"bones":[{"name":"geyser_custom","binding":"c.item_slot == 'head' ? 'head' : q.item_slot_to_bone_name(c.item_slot)","pivot":[0,8,0]},{"name":"geyser_custom_x","parent":"geyser_custom","pivot":[0,8,0]},{"name":"geyser_custom_y","parent":"geyser_custom_x","pivot":[0,8,0]},{"name":"geyser_custom_z","parent":"geyser_custom_y","pivot":[0,8,0],"cubes":[]},{"parent":"geyser_custom_z","pivot":[-2.5,14.35,12.6],"rotation":[0,45,0],"cubes":[{"origin":[-4.75,9.5,10.25],"size":[3,7.5,3],"pivot":[-2.5,14.35,12.6],"uv":{"north":{"uv":[0.3075,10.1698],"uv_size":[-0.3075,0.984]},"south":{"uv":[0.38,10.1698],"uv_size":[0.3075,0.984]},"east":{"uv":[0.005,10.1698],"uv_size":[0.3075,0.984]},"west":{"uv":[2.005,9.8622],"uv_size":[0.3075,0.984]},"up":{"uv":[3.38,8.4677],"uv_size":[0.3075,0.3785]},"down":{"uv":[3.38,9.3015],"uv_size":[0.3075,-0.3785]}}}],"name":"rot_1"},{"parent":"geyser_custom_z","pivot":[0,6.325,0],"rotation":[0,0,-45],"cubes":[{"origin":[0.0239,6.3489,9.6076],"size":[0.729,0.729,5.832],"pivot":[0,6.325,0],"uv":{"north":{"uv":[15.3423,4.4212],"uv_size":[-0.0923,-0.1135]},"south":{"uv":[12.8423,4.4634],"uv_size":[-0.0923,0.1135]},"east":{"uv":[14.6265,3.2468],"uv_size":[0.0923,0.984]},"west":{"uv":[14.7515,1.0929],"uv_size":[0.0923,0.984]},"up":{"uv":[14.7515,2.0609],"uv_size":[0.0923,-0.984]},"down":{"uv":[14.7173,3.1378],"uv_size":[-0.0923,-0.984]}}},{"origin":[0.0263,6.3513,9.316],"size":[0.8019,0.8019,6.4152],"pivot":[0,6.325,0],"uv":{"north":{"uv":[13.873,4.4591],"uv_size":[-0.123,-0.1514]},"south":{"uv":[13.998,4.3102],"uv_size":[-0.123,0.1514]},"east":{"uv":[14.252,2.1698],"uv_size":[0.123,1.0994]},"west":{"uv":[14.377,1.2468],"uv_size":[0.123,1.0994]},"up":{"uv":[14.377,2.3302],"uv_size":[0.123,-1.0994]},"down":{"uv":[14.373,2.0225],"uv_size":[-0.123,-1.0994]}}},{"origin":[0.0287,6.3537,15.3667],"size":[0.8748,0.8748,2.3328],"pivot":[0,6.325,0],"uv":{"north":{"uv":[15.373,3.6898],"uv_size":[-0.123,-0.1514]},"south":{"uv":[13.373,4.3102],"uv_size":[-0.123,0.1514]},"east":{"uv":[15.127,1.3908],"uv_size":[0.123,0.3785]},"west":{"uv":[13.627,3.8523],"uv_size":[0.123,0.3785]},"up":{"uv":[13.623,4.2246],"uv_size":[-0.123,-0.3785]},"down":{"uv":[15.248,1.3015],"uv_size":[-0.123,-0.3785]}}},{"origin":[0.0373,6.3624,16.1322],"size":[1.1372,1.1372,0.9477],"pivot":[0,6.325,0],"uv":{"north":{"uv":[15.5288,3.7277],"uv_size":[-0.1538,-0.1892]},"south":{"uv":[15.5288,3.8492],"uv_size":[-0.1538,0.1892]},"east":{"uv":[15.5025,0.9255],"uv_size":[0.1538,0.1514]},"west":{"uv":[13.0025,4.3102],"uv_size":[0.1538,0.1514]},"up":{"uv":[15.6538,0.9206],"uv_size":[-0.1538,-0.1514]},"down":{"uv":[12.9038,4.4591],"uv_size":[-0.1538,-0.1514]}}},{"origin":[0.0287,6.3537,8.0767],"size":[0.8748,0.8748,1.6038],"pivot":[0,6.325,0],"uv":{"north":{"uv":[15.623,1.8437],"uv_size":[-0.123,-0.1514]},"south":{"uv":[13.623,4.3102],"uv_size":[-0.123,0.1514]},"east":{"uv":[15.127,4.0043],"uv_size":[0.123,0.2649]},"west":{"uv":[15.377,1.8505],"uv_size":[0.123,0.2649]},"up":{"uv":[15.373,4.2649],"uv_size":[-0.123,-0.2649]},"down":{"uv":[14.998,4.2649],"uv_size":[-0.123,-0.2649]}}},{"origin":[0.0575,6.3825,7.5664],"size":[1.7496,1.7496,1.1664],"pivot":[0,6.325,0],"uv":{"north":{"uv":[14.996,3.6874],"uv_size":[-0.246,-0.3028]},"south":{"uv":[14.996,3.072],"uv_size":[-0.246,-0.3028]},"east":{"uv":[12.754,4.0031],"uv_size":[0.246,0.1892]},"west":{"uv":[13.004,4.0031],"uv_size":[0.246,0.1892]},"up":{"uv":[13.004,4.1892],"uv_size":[0.246,-0.1892]},"down":{"uv":[15.496,0.8046],"uv_size":[-0.246,-0.1892]}}}],"name":"rot_2"},{"parent":"geyser_custom_z","pivot":[0.5,6.5,0.5],"rotation":[-0,0,0],"cubes":[{"origin":[0.5,-1.5,-7.5],"size":[0,16,16],"pivot":[0.5,6.5,0.5],"uv":{"north":{"uv":[0,13.5516],"uv_size":[0,0.8074]},"south":{"uv":[0,13.5516],"uv_size":[0,0.8074]},"east":{"uv":[0.0334,13.7409],"uv_size":[0.1332,-0.164]},"west":{"uv":[0.016,13.5545],"uv_size":[1.984,2.4455]},"up":{"uv":[0,14.3458],"uv_size":[0,-0.8074]},"down":{"uv":[0,14.3458],"uv_size":[0,-0.8074]}}}],"name":"rot_3"},{"parent":"geyser_custom_z","pivot":[0,6.325,0],"rotation":[-0,0,0],"cubes":[{"origin":[-0.1822,5.7985,-15.9074],"size":[0.3645,1.8225,23.5103],"pivot":[0,6.325,0],"uv":{"north":{"uv":[15.5615,2.1489],"uv_size":[-0.0615,-0.3028]},"south":{"uv":[13.6865,4.3126],"uv_size":[-0.0615,0.3028]},"east":{"uv":[12.754,0.016],"uv_size":[0.246,3.984]},"west":{"uv":[13.004,0.016],"uv_size":[0.246,3.984]},"up":{"uv":[13.4365,3.984],"uv_size":[-0.0615,-3.984]},"down":{"uv":[13.3115,3.984],"uv_size":[-0.0615,-3.984]}}},{"origin":[-0.1822,7.216,-17.3249],"size":[0.3645,0.405,1.4378],"pivot":[0,6.325,0],"uv":{"north":{"uv":[13.8115,4.5372],"uv_size":[-0.0615,-0.0757]},"south":{"uv":[15.6865,2.1551],"uv_size":[-0.0615,0.0757]},"east":{"uv":[14.501,4.3114],"uv_size":[0.0615,0.2271]},"west":{"uv":[14.751,4.3114],"uv_size":[0.0615,0.2271]},"up":{"uv":[14.6865,4.5348],"uv_size":[-0.0615,-0.2271]},"down":{"uv":[15.5615,3.1502],"uv_size":[-0.0615,-0.2271]}}},{"origin":[-0.1741,6.6648,-16.7666],"size":[0.3483,0.6075,0.5062],"pivot":[0,6.325,0],"uv":{"north":{"uv":[15.6865,1.8058],"uv_size":[-0.0615,-0.1135]},"south":{"uv":[13.5615,4.4634],"uv_size":[-0.0615,0.1135]},"east":{"uv":[15.6265,1.5397],"uv_size":[0.0923,0.0757]},"west":{"uv":[13.3765,4.4628],"uv_size":[0.0923,0.0757]},"up":{"uv":[15.6865,2.3834],"uv_size":[-0.0615,-0.0757]},"down":{"uv":[13.9365,4.5372],"uv_size":[-0.0615,-0.0757]}}},{"origin":[-0.1741,6.2598,-16.2806],"size":[0.3483,1.0125,0.4252],"pivot":[0,6.325,0],"uv":{"north":{"uv":[13.1865,4.6129],"uv_size":[-0.0615,-0.1514]},"south":{"uv":[13.3115,4.464],"uv_size":[-0.0615,0.1514]},"east":{"uv":[12.877,4.4628],"uv_size":[0.123,0.0757]},"west":{"uv":[13.002,4.4628],"uv_size":[0.123,0.0757]},"up":{"uv":[15.6865,2.5372],"uv_size":[-0.0615,-0.0757]},"down":{"uv":[14.0615,4.5372],"uv_size":[-0.0615,-0.0757]}}},{"origin":[0,4.9885,-20.7968],"size":[0,2.6325,28.3996],"pivot":[0,6.325,0],"uv":{"north":{"uv":[12,0.4542],"uv_size":[0,-0.4542]},"south":{"uv":[12,0.0074],"uv_size":[0,0.4542]},"east":{"uv":[12.006,0.016],"uv_size":[0.369,4.8302]},"west":{"uv":[12.381,0.016],"uv_size":[0.369,4.8302]},"up":{"uv":[12,4.8302],"uv_size":[0,-4.8302]},"down":{"uv":[12,4.8302],"uv_size":[0,-4.8302]}}},{"origin":[-0.5467,5.7783,9.6076],"size":[1.0935,1.0935,5.832],"pivot":[0,6.325,0],"uv":{"north":{"uv":[15.5288,2.3431],"uv_size":[-0.1538,-0.1892]},"south":{"uv":[15.5288,2.4646],"uv_size":[-0.1538,0.1892]},"east":{"uv":[13.5025,2.4775],"uv_size":[0.1538,0.984]},"west":{"uv":[13.7525,2.4775],"uv_size":[0.1538,0.984]},"up":{"uv":[14.1538,2.984],"uv_size":[-0.1538,-0.984]},"down":{"uv":[14.1538,1.9071],"uv_size":[-0.1538,-0.984]}}},{"origin":[-0.6014,5.7236,9.316],"size":[1.2029,1.2028,6.4152],"pivot":[0,6.325,0],"uv":{"north":{"uv":[15.5288,4.3431],"uv_size":[-0.1538,-0.1892]},"south":{"uv":[15.6538,0.0031],"uv_size":[-0.1538,0.1892]},"east":{"uv":[13.5025,1.2468],"uv_size":[0.1538,1.0994]},"west":{"uv":[13.7525,1.2468],"uv_size":[0.1538,1.0994]},"up":{"uv":[13.9038,1.0994],"uv_size":[-0.1538,-1.0994]},"down":{"uv":[13.6538,1.0994],"uv_size":[-0.1538,-1.0994]}}},{"origin":[-1.2393,5.0128,7.6393],"size":[2.4786,2.6244,1.0206],"pivot":[0,6.325,0],"uv":{"north":{"uv":[14.3383,0.4542],"uv_size":[-0.3383,-0.4542]},"south":{"uv":[14.3383,0.0074],"uv_size":[-0.3383,0.4542]},"east":{"uv":[13.506,3.5415],"uv_size":[0.369,0.1892]},"west":{"uv":[15.006,2.1569],"uv_size":[0.369,0.1892]},"up":{"uv":[14.5883,3.8815],"uv_size":[-0.3383,-0.1892]},"down":{"uv":[15.3383,2.6508],"uv_size":[-0.3383,-0.1892]}}}],"name":"rot_4"},{"parent":"geyser_custom_z","pivot":[-0.5,6.5,0.5],"rotation":[-0,0,0],"cubes":[{"origin":[-0.5,-1.5,-7.5],"size":[0,16,16],"pivot":[-0.5,6.5,0.5],"uv":{"north":{"uv":[0,13.5516],"uv_size":[0,0.8074]},"south":{"uv":[0,13.5516],"uv_size":[0,0.8074]},"east":{"uv":[0.016,15.984],"uv_size":[1.984,-2.4455]},"west":{"uv":[0.0334,13.5796],"uv_size":[0.1332,0.164]},"up":{"uv":[0,14.3458],"uv_size":[0,-0.8074]},"down":{"uv":[0,14.3458],"uv_size":[0,-0.8074]}}}],"name":"rot_5"},{"parent":"geyser_custom_z","pivot":[-4.375,15.9571,11],"rotation":[-0,0,0],"cubes":[{"origin":[-4.75,15.2071,10.25],"size":[1.25,1.5,1.5],"pivot":[-4.375,15.9571,11],"uv":{"north":{"uv":[3.7525,8.3114],"uv_size":[0.1538,0.2271]},"south":{"uv":[3.7525,8.6191],"uv_size":[0.1538,0.2271]},"east":{"uv":[3.628,11.5422],"uv_size":[0.1845,0.2271]},"west":{"uv":[3.628,11.8498],"uv_size":[0.1845,0.2271]},"up":{"uv":[3.7525,8.9268],"uv_size":[0.1538,0.2271]},"down":{"uv":[3.2525,12.8425],"uv_size":[0.1537,-0.2271]}}}],"name":"rot_6"},{"parent":"geyser_custom_z","pivot":[-4.375,15.9571,14],"rotation":[-0,0,0],"cubes":[{"origin":[-4.75,15.2071,13.25],"size":[1.25,1.5,1.5],"pivot":[-4.375,15.9571,14],"uv":{"north":{"uv":[3.7525,8.3114],"uv_size":[0.1538,0.2271]},"south":{"uv":[3.7525,8.6191],"uv_size":[0.1538,0.2271]},"east":{"uv":[3.628,11.5422],"uv_size":[0.1845,0.2271]},"west":{"uv":[3.628,11.8498],"uv_size":[0.1845,0.2271]},"up":{"uv":[3.7525,8.9268],"uv_size":[0.1538,0.2271]},"down":{"uv":[3.2525,12.8425],"uv_size":[0.1537,-0.2271]}}}],"name":"rot_7"},{"parent":"geyser_custom_z","pivot":[0,6.325,0],"rotation":[0,-0,0],"cubes":[{"origin":[-0.1822,5.7985,-15.9074],"size":[0.3645,1.8225,23.5103],"pivot":[0,6.325,0],"uv":{"north":{"uv":[15.5615,2.1489],"uv_size":[-0.0615,-0.3028]},"south":{"uv":[13.6865,4.3126],"uv_size":[-0.0615,0.3028]},"east":{"uv":[12.754,0.016],"uv_size":[0.246,3.984]},"west":{"uv":[13.004,0.016],"uv_size":[0.246,3.984]},"up":{"uv":[13.4365,3.984],"uv_size":[-0.0615,-3.984]},"down":{"uv":[13.3115,3.984],"uv_size":[-0.0615,-3.984]}}},{"origin":[-0.1822,7.216,-17.3249],"size":[0.3645,0.405,1.4378],"pivot":[0,6.325,0],"uv":{"north":{"uv":[13.8115,4.5372],"uv_size":[-0.0615,-0.0757]},"south":{"uv":[15.6865,2.1551],"uv_size":[-0.0615,0.0757]},"east":{"uv":[14.501,4.3114],"uv_size":[0.0615,0.2271]},"west":{"uv":[14.751,4.3114],"uv_size":[0.0615,0.2271]},"up":{"uv":[14.6865,4.5348],"uv_size":[-0.0615,-0.2271]},"down":{"uv":[15.5615,3.1502],"uv_size":[-0.0615,-0.2271]}}},{"origin":[-0.1741,6.6648,-16.7666],"size":[0.3483,0.6075,0.5062],"pivot":[0,6.325,0],"uv":{"north":{"uv":[15.6865,1.8058],"uv_size":[-0.0615,-0.1135]},"south":{"uv":[13.5615,4.4634],"uv_size":[-0.0615,0.1135]},"east":{"uv":[15.6265,1.5397],"uv_size":[0.0923,0.0757]},"west":{"uv":[13.3765,4.4628],"uv_size":[0.0923,0.0757]},"up":{"uv":[15.6865,2.3834],"uv_size":[-0.0615,-0.0757]},"down":{"uv":[13.9365,4.5372],"uv_size":[-0.0615,-0.0757]}}},{"origin":[-0.1741,6.2598,-16.2806],"size":[0.3483,1.0125,0.4252],"pivot":[0,6.325,0],"uv":{"north":{"uv":[13.1865,4.6129],"uv_size":[-0.0615,-0.1514]},"south":{"uv":[13.3115,4.464],"uv_size":[-0.0615,0.1514]},"east":{"uv":[12.877,4.4628],"uv_size":[0.123,0.0757]},"west":{"uv":[13.002,4.4628],"uv_size":[0.123,0.0757]},"up":{"uv":[15.6865,2.5372],"uv_size":[-0.0615,-0.0757]},"down":{"uv":[14.0615,4.5372],"uv_size":[-0.0615,-0.0757]}}},{"origin":[0,4.9885,-20.7968],"size":[0,2.6325,28.3996],"pivot":[0,6.325,0],"uv":{"north":{"uv":[12,0.4542],"uv_size":[0,-0.4542]},"south":{"uv":[12,0.0074],"uv_size":[0,0.4542]},"east":{"uv":[12.006,0.016],"uv_size":[0.369,4.8302]},"west":{"uv":[12.381,0.016],"uv_size":[0.369,4.8302]},"up":{"uv":[12,4.8302],"uv_size":[0,-4.8302]},"down":{"uv":[12,4.8302],"uv_size":[0,-4.8302]}}},{"origin":[-0.5467,5.7783,9.6076],"size":[1.0935,1.0935,5.832],"pivot":[0,6.325,0],"uv":{"north":{"uv":[15.5288,2.3431],"uv_size":[-0.1538,-0.1892]},"south":{"uv":[15.5288,2.4646],"uv_size":[-0.1538,0.1892]},"east":{"uv":[13.5025,2.4775],"uv_size":[0.1538,0.984]},"west":{"uv":[13.7525,2.4775],"uv_size":[0.1538,0.984]},"up":{"uv":[14.1538,2.984],"uv_size":[-0.1538,-0.984]},"down":{"uv":[14.1538,1.9071],"uv_size":[-0.1538,-0.984]}}},{"origin":[-0.6014,5.7236,9.316],"size":[1.2029,1.2028,6.4152],"pivot":[0,6.325,0],"uv":{"north":{"uv":[15.5288,4.3431],"uv_size":[-0.1538,-0.1892]},"south":{"uv":[15.6538,0.0031],"uv_size":[-0.1538,0.1892]},"east":{"uv":[13.5025,1.2468],"uv_size":[0.1538,1.0994]},"west":{"uv":[13.7525,1.2468],"uv_size":[0.1538,1.0994]},"up":{"uv":[13.9038,1.0994],"uv_size":[-0.1538,-1.0994]},"down":{"uv":[13.6538,1.0994],"uv_size":[-0.1538,-1.0994]}}},{"origin":[-1.2393,5.0128,7.6393],"size":[2.4786,2.6244,1.0206],"pivot":[0,6.325,0],"uv":{"north":{"uv":[14.3383,0.4542],"uv_size":[-0.3383,-0.4542]},"south":{"uv":[14.3383,0.0074],"uv_size":[-0.3383,0.4542]},"east":{"uv":[13.506,3.5415],"uv_size":[0.369,0.1892]},"west":{"uv":[15.006,2.1569],"uv_size":[0.369,0.1892]},"up":{"uv":[14.5883,3.8815],"uv_size":[-0.3383,-0.1892]},"down":{"uv":[15.3383,2.6508],"uv_size":[-0.3383,-0.1892]}}}],"name":"rot_8"},{"parent":"geyser_custom_z","pivot":[-0.0311,6.325,0],"rotation":[0,-0,0],"cubes":[{"origin":[-0.625,5.6689,8.0767],"size":[1.25,1.3122,1.6038],"pivot":[-0.0311,6.325,0],"uv":{"north":{"uv":[15.4345,1.7655],"uv_size":[-0.1845,-0.2271]},"south":{"uv":[13.9345,4.0037],"uv_size":[-0.1845,0.2271]},"east":{"uv":[15.003,3.0812],"uv_size":[0.1845,0.2649]},"west":{"uv":[15.003,3.3889],"uv_size":[0.1845,0.2649]},"up":{"uv":[14.9345,3.9572],"uv_size":[-0.1845,-0.2649]},"down":{"uv":[15.1845,3.0342],"uv_size":[-0.1845,-0.2649]}}}],"name":"rot_9"},{"parent":"geyser_custom_z","pivot":[-0.05,6.325,0],"rotation":[0,-0,0],"cubes":[{"origin":[-0.6061,5.6689,15.4396],"size":[1.2122,1.3122,2.187],"pivot":[-0.05,6.325,0],"uv":{"north":{"uv":[15.4345,1.4578],"uv_size":[-0.1845,-0.2271]},"south":{"uv":[13.4345,4.0037],"uv_size":[-0.1845,0.2271]},"east":{"uv":[14.878,0.7754],"uv_size":[0.1845,0.3785]},"west":{"uv":[14.878,1.6985],"uv_size":[0.1845,0.3785]},"up":{"uv":[15.0595,1.6092],"uv_size":[-0.1845,-0.3785]},"down":{"uv":[15.0595,0.6862],"uv_size":[-0.1845,-0.3785]}}},{"origin":[-0.8029,5.4721,16.1322],"size":[1.6059,1.7059,0.9477],"pivot":[-0.05,6.325,0],"uv":{"north":{"uv":[14.996,2.4566],"uv_size":[-0.246,-0.3028]},"south":{"uv":[14.996,2.4665],"uv_size":[-0.246,0.3028]},"east":{"uv":[15.254,2.7717],"uv_size":[0.246,0.1514]},"west":{"uv":[15.254,3.0794],"uv_size":[0.246,0.1514]},"up":{"uv":[15.496,3.0745],"uv_size":[-0.246,-0.1514]},"down":{"uv":[14.496,4.1514],"uv_size":[-0.246,-0.1514]}}}],"name":"rot_10"},{"parent":"geyser_custom_z","pivot":[-1.5,21,12.5],"rotation":[0,-0,0],"cubes":[{"origin":[-2.5,13,4.5],"size":[0,16,16],"pivot":[-1.5,21,12.5],"uv":{"north":{"uv":[9,11.0901],"uv_size":[0,0.8074]},"south":{"uv":[9,11.0901],"uv_size":[0,0.8074]},"east":{"uv":[9.016,11.0929],"uv_size":[1.984,2.4455]},"west":{"uv":[9.0334,11.1181],"uv_size":[0.1332,0.164]},"up":{"uv":[9,11.8843],"uv_size":[0,-0.8074]},"down":{"uv":[9,11.8843],"uv_size":[0,-0.8074]}}}],"name":"rot_11"},{"parent":"geyser_custom_z","pivot":[-2.75,12,12.5],"rotation":[0,0,0],"cubes":[{"origin":[-3.25,10.5,9.5],"size":[1,6,6],"pivot":[-2.75,12,12.5],"uv":{"north":{"uv":[2.377,11.8609],"uv_size":[0.123,0.9083]},"south":{"uv":[1.002,12.1686],"uv_size":[0.123,0.9083]},"east":{"uv":[0.887,8.0148],"uv_size":[0.738,0.9083]},"west":{"uv":[0.887,8.9378],"uv_size":[0.738,0.9083]},"up":{"uv":[1.127,12.1686],"uv_size":[0.123,0.9083]},"down":{"uv":[1.252,13.0622],"uv_size":[0.123,-0.9083]}}},{"origin":[-3.5,10.25,9.25],"size":[1.5,6.5,6.5],"pivot":[-2.75,12,12.5],"uv":{"north":{"uv":[0.003,11.7083],"uv_size":[0.1845,0.984]},"south":{"uv":[0.253,11.7083],"uv_size":[0.1845,0.984]},"east":{"uv":[0.013,8.016],"uv_size":[0.7995,0.984]},"west":{"uv":[0.013,8.016],"uv_size":[0.7995,0.984]},"up":{"uv":[3.003,10.6314],"uv_size":[0.1845,0.984]},"down":{"uv":[3.003,12.6763],"uv_size":[0.1845,-0.984]}}}],"name":"rot_12"},{"parent":"geyser_custom_z","pivot":[-2.5,16,12.5],"rotation":[0,0,22.5],"cubes":[{"origin":[-3,13.5,9.25],"size":[1,2,6.5],"pivot":[-2.5,16,12.5],"uv":{"north":{"uv":[2.252,12.3126],"uv_size":[0.123,0.3028]},"south":{"uv":[3.752,8.0049],"uv_size":[0.123,0.3028]},"east":{"uv":[2.388,8.6203],"uv_size":[0.7995,0.3028]},"west":{"uv":[2.513,8.928],"uv_size":[0.7995,0.3028]},"up":{"uv":[1.752,11.8622],"uv_size":[0.123,0.984]},"down":{"uv":[1.877,12.8302],"uv_size":[0.123,-0.984]}}},{"origin":[-3.25,13.25,9],"size":[1.5,2.5,7],"pivot":[-2.5,16,12.5],"uv":{"north":{"uv":[3.628,11.0831],"uv_size":[0.1845,0.3785]},"south":{"uv":[2.753,12.4677],"uv_size":[0.1845,0.3785]},"east":{"uv":[1.639,8.9292],"uv_size":[0.861,0.3785]},"west":{"uv":[1.639,9.3908],"uv_size":[0.861,0.3785]},"up":{"uv":[2.503,11.4006],"uv_size":[0.1845,1.0609]},"down":{"uv":[2.753,12.4455],"uv_size":[0.1845,-1.0609]}}}],"name":"rot_13"},{"parent":"geyser_custom_z","pivot":[-2.75,14,12.5],"rotation":[0,0,22.5],"cubes":[{"origin":[-3.5,11.25,8.75],"size":[1.5,2.5,7.5],"pivot":[-2.75,14,12.5],"uv":{"north":{"uv":[3.628,11.0831],"uv_size":[0.1845,0.3785]},"south":{"uv":[2.753,12.4677],"uv_size":[0.1845,0.3785]},"east":{"uv":[1.639,8.9292],"uv_size":[0.861,0.3785]},"west":{"uv":[1.639,9.3908],"uv_size":[0.861,0.3785]},"up":{"uv":[2.503,11.4006],"uv_size":[0.1845,1.0609]},"down":{"uv":[2.753,12.4455],"uv_size":[0.1845,-1.0609]}}},{"origin":[-3.25,11.5,9],"size":[1,2,7],"pivot":[-2.75,14,12.5],"uv":{"north":{"uv":[2.252,12.3126],"uv_size":[0.123,0.3028]},"south":{"uv":[3.752,8.0049],"uv_size":[0.123,0.3028]},"east":{"uv":[2.388,8.6203],"uv_size":[0.7995,0.3028]},"west":{"uv":[2.513,8.928],"uv_size":[0.7995,0.3028]},"up":{"uv":[1.752,11.8622],"uv_size":[0.123,0.984]},"down":{"uv":[1.877,12.8302],"uv_size":[0.123,-0.984]}}}],"name":"rot_14"},{"parent":"geyser_custom_z","pivot":[-3,12,12.5],"rotation":[0,0,22.5],"cubes":[{"origin":[-3.75,9.25,8.5],"size":[1.5,2.5,8],"pivot":[-3,12,12.5],"uv":{"north":{"uv":[3.628,11.0831],"uv_size":[0.1845,0.3785]},"south":{"uv":[2.753,12.4677],"uv_size":[0.1845,0.3785]},"east":{"uv":[1.639,8.9292],"uv_size":[0.861,0.3785]},"west":{"uv":[1.639,8.9292],"uv_size":[0.861,0.3785]},"up":{"uv":[2.503,11.4006],"uv_size":[0.1845,1.0609]},"down":{"uv":[2.753,12.4455],"uv_size":[0.1845,-1.0609]}}},{"origin":[-3.5,9.5,8.75],"size":[1,2,7.5],"pivot":[-3,12,12.5],"uv":{"north":{"uv":[2.252,12.3126],"uv_size":[0.123,0.3028]},"south":{"uv":[3.752,8.0049],"uv_size":[0.123,0.3028]},"east":{"uv":[2.388,8.6203],"uv_size":[0.7995,0.3028]},"west":{"uv":[2.388,8.6203],"uv_size":[0.7995,0.3028]},"up":{"uv":[1.752,11.8622],"uv_size":[0.123,0.984]},"down":{"uv":[1.877,12.8302],"uv_size":[0.123,-0.984]}}}],"name":"rot_15"},{"parent":"geyser_custom_z","pivot":[-5.125,16.1071,11],"rotation":[0,0,22.5],"cubes":[{"origin":[-5.75,15.6071,10.5],"size":[1.25,1,1],"pivot":[-5.125,16.1071,11],"uv":{"north":{"uv":[1.3775,10.7717],"uv_size":[0.1537,0.1514]},"south":{"uv":[0.5025,11.2332],"uv_size":[0.1537,0.1514]},"east":{"uv":[0.752,10.6178],"uv_size":[0.123,0.1514]},"west":{"uv":[2.377,10.7717],"uv_size":[0.123,0.1514]},"up":{"uv":[2.7525,10.6178],"uv_size":[0.1537,0.1514]},"down":{"uv":[3.6275,9.8437],"uv_size":[0.1537,-0.1514]}}}],"name":"rot_16"},{"parent":"geyser_custom_z","pivot":[-5.125,16.1071,14],"rotation":[0,0,22.5],"cubes":[{"origin":[-5.75,15.6071,13.5],"size":[1.25,1,1],"pivot":[-5.125,16.1071,14],"uv":{"north":{"uv":[1.3775,10.7717],"uv_size":[0.1537,0.1514]},"south":{"uv":[0.5025,11.2332],"uv_size":[0.1537,0.1514]},"east":{"uv":[0.752,10.6178],"uv_size":[0.123,0.1514]},"west":{"uv":[2.377,10.7717],"uv_size":[0.123,0.1514]},"up":{"uv":[2.7525,10.6178],"uv_size":[0.1537,0.1514]},"down":{"uv":[3.6275,9.8437],"uv_size":[0.1537,-0.1514]}}}],"name":"rot_17"},{"parent":"geyser_custom_z","pivot":[0,6.6648,-16.473],"rotation":[-45,0,0],"cubes":[{"origin":[-0.1782,6.4522,-17.4855],"size":[0.3564,0.4253,2.025],"pivot":[0,6.6648,-16.473],"uv":{"north":{"uv":[15.626,1.8474],"uv_size":[0.0615,0.0757]},"south":{"uv":[15.626,2.0012],"uv_size":[0.0615,0.0757]},"east":{"uv":[15.5045,1.232],"uv_size":[0.2768,0.0757]},"west":{"uv":[15.5045,1.3858],"uv_size":[0.2768,0.0757]},"up":{"uv":[14.376,4.1594],"uv_size":[0.0615,0.3406]},"down":{"uv":[15.001,4.4945],"uv_size":[0.0615,-0.3406]}}}],"name":"rot_18"},{"parent":"geyser_custom_z","pivot":[-1.5,21.2071,12.5],"rotation":[-45,0,0],"cubes":[{"origin":[-2.25,19.9571,11.25],"size":[2.5,2.5,2.5],"pivot":[-1.5,21.2071,12.5],"uv":{"north":{"uv":[3.5575,12.0708],"uv_size":[-0.3075,-0.3785]},"south":{"uv":[3.255,10.7754],"uv_size":[0.3075,0.3785]},"east":{"uv":[3.255,10.3138],"uv_size":[0.3075,0.3785]},"west":{"uv":[3.5575,10.3138],"uv_size":[-0.3075,0.3785]},"up":{"uv":[3.255,11.6985],"uv_size":[0.3075,0.3785]},"down":{"uv":[3.5575,10.7754],"uv_size":[-0.3075,0.3785]}}}],"name":"rot_19"},{"parent":"geyser_custom_z","pivot":[-2.5,17,12.5],"rotation":[-45,0,0],"cubes":[{"origin":[-4.25,14.25,9.75],"size":[2.5,5.5,5.5],"pivot":[-2.5,17,12.5],"uv":{"north":{"uv":[2.0575,11.7557],"uv_size":[-0.3075,-0.8326]},"south":{"uv":[2.13,11.7557],"uv_size":[0.3075,-0.8326]},"east":{"uv":[0.886,9.8597],"uv_size":[0.6765,0.8326]},"west":{"uv":[1.5515,9.8597],"uv_size":[-0.6765,0.8326]},"up":{"uv":[1.755,10.9366],"uv_size":[0.3075,0.8326]},"down":{"uv":[2.13,11.7557],"uv_size":[0.3075,-0.8326]}}}],"name":"rot_20"},{"parent":"geyser_custom_z","pivot":[-2.5,19.2071,9.5],"rotation":[-45,0,0],"cubes":[{"origin":[-3.25,17.9571,8.25],"size":[2.5,2.5,2.5],"pivot":[-2.5,19.2071,9.5],"uv":{"north":{"uv":[3.5575,12.0708],"uv_size":[-0.3075,-0.3785]},"south":{"uv":[3.255,10.7754],"uv_size":[0.3075,0.3785]},"east":{"uv":[3.255,10.3138],"uv_size":[0.3075,0.3785]},"west":{"uv":[3.5575,10.3138],"uv_size":[-0.3075,0.3785]},"up":{"uv":[3.255,11.6985],"uv_size":[0.3075,0.3785]},"down":{"uv":[3.5575,10.7754],"uv_size":[-0.3075,0.3785]}}}],"name":"rot_21"},{"parent":"geyser_custom_z","pivot":[-2.5,19.2071,15.5],"rotation":[-45,0,0],"cubes":[{"origin":[-3.25,17.9571,14.25],"size":[2.5,2.5,2.5],"pivot":[-2.5,19.2071,15.5],"uv":{"north":{"uv":[3.5575,12.0708],"uv_size":[-0.3075,-0.3785]},"south":{"uv":[3.255,10.7754],"uv_size":[0.3075,0.3785]},"east":{"uv":[3.255,10.3138],"uv_size":[0.3075,0.3785]},"west":{"uv":[3.5575,10.3138],"uv_size":[-0.3075,0.3785]},"up":{"uv":[3.255,11.6985],"uv_size":[0.3075,0.3785]},"down":{"uv":[3.5575,10.7754],"uv_size":[-0.3075,0.3785]}}}],"name":"rot_22"},{"parent":"geyser_custom_z","pivot":[-3.25,17,12.5],"rotation":[-45,0,0],"cubes":[{"origin":[-5,15.25,10.75],"size":[1.5,3.5,3.5],"pivot":[-3.25,17,12.5],"uv":{"north":{"uv":[1.378,12.3163],"uv_size":[0.1845,0.5298]},"south":{"uv":[2.003,12.3163],"uv_size":[0.1845,0.5298]},"east":{"uv":[2.507,9.2394],"uv_size":[0.4305,0.5298]},"west":{"uv":[2.507,10.7778],"uv_size":[0.4305,0.5298]},"up":{"uv":[3.503,12.1625],"uv_size":[0.1845,0.5298]},"down":{"uv":[0.503,12.9914],"uv_size":[0.1845,-0.5298]}}}],"name":"rot_23"},{"parent":"geyser_custom_z","pivot":[0,6.325,0],"rotation":[0,0,45],"cubes":[{"origin":[0.0239,5.5721,9.6076],"size":[0.729,0.729,5.832],"pivot":[0,6.325,0],"uv":{"north":{"uv":[14.9673,4.4212],"uv_size":[-0.0923,-0.1135]},"south":{"uv":[15.2173,4.3095],"uv_size":[-0.0923,0.1135]},"east":{"uv":[14.1265,3.0929],"uv_size":[0.0923,0.984]},"west":{"uv":[14.8423,1.0929],"uv_size":[-0.0923,0.984]},"up":{"uv":[14.7173,0.984],"uv_size":[-0.0923,-0.984]},"down":{"uv":[14.8423,2.0609],"uv_size":[-0.0923,-0.984]}}},{"origin":[0.0263,5.4968,9.316],"size":[0.8019,0.8019,6.4152],"pivot":[0,6.325,0],"uv":{"north":{"uv":[14.123,4.4591],"uv_size":[-0.123,-0.1514]},"south":{"uv":[15.623,2.7717],"uv_size":[-0.123,0.1514]},"east":{"uv":[14.502,0.016],"uv_size":[0.123,1.0994]},"west":{"uv":[14.002,3.0929],"uv_size":[0.123,1.0994]},"up":{"uv":[14.623,2.3302],"uv_size":[-0.123,-1.0994]},"down":{"uv":[14.002,4.1763],"uv_size":[0.123,-1.0994]}}},{"origin":[0.0287,5.4215,8.0767],"size":[0.8748,0.8748,1.6038],"pivot":[0,6.325,0],"uv":{"north":{"uv":[15.623,1.6898],"uv_size":[-0.123,-0.1514]},"south":{"uv":[13.498,4.3102],"uv_size":[-0.123,0.1514]},"east":{"uv":[14.502,4.0043],"uv_size":[0.123,0.2649]},"west":{"uv":[14.752,4.0043],"uv_size":[0.123,0.2649]},"up":{"uv":[15.373,3.4957],"uv_size":[-0.123,-0.2649]},"down":{"uv":[14.373,3.6495],"uv_size":[-0.123,-0.2649]}}},{"origin":[0.0287,5.4215,15.3667],"size":[0.8748,0.8748,2.3328],"pivot":[0,6.325,0],"uv":{"north":{"uv":[14.623,3.6898],"uv_size":[-0.123,-0.1514]},"south":{"uv":[13.873,3.8486],"uv_size":[-0.123,0.1514]},"east":{"uv":[15.002,3.6985],"uv_size":[0.123,0.3785]},"west":{"uv":[15.127,0.4677],"uv_size":[0.123,0.3785]},"up":{"uv":[15.248,0.3785],"uv_size":[-0.123,-0.3785]},"down":{"uv":[13.998,3.9169],"uv_size":[-0.123,-0.3785]}}},{"origin":[0.0373,5.1504,16.1322],"size":[1.1372,1.1372,0.9477],"pivot":[0,6.325,0],"uv":{"north":{"uv":[14.2788,4.3431],"uv_size":[-0.1538,-0.1892]},"south":{"uv":[15.5288,3.2338],"uv_size":[-0.1538,0.1892]},"east":{"uv":[15.5025,0.464],"uv_size":[0.1538,0.1514]},"west":{"uv":[15.5025,0.7717],"uv_size":[0.1538,0.1514]},"up":{"uv":[15.6538,0.7668],"uv_size":[-0.1538,-0.1514]},"down":{"uv":[15.6538,0.4591],"uv_size":[-0.1538,-0.1514]}}},{"origin":[0.0575,4.5179,7.5664],"size":[1.7496,1.7496,1.1664],"pivot":[0,6.325,0],"uv":{"north":{"uv":[14.996,3.072],"uv_size":[-0.246,-0.3028]},"south":{"uv":[14.996,2.7742],"uv_size":[-0.246,0.3028]},"east":{"uv":[15.129,3.6954],"uv_size":[0.246,0.1892]},"west":{"uv":[13.246,4.0031],"uv_size":[-0.246,0.1892]},"up":{"uv":[15.496,0.1892],"uv_size":[-0.246,-0.1892]},"down":{"uv":[13.246,4.1892],"uv_size":[-0.246,-0.1892]}}}],"name":"rot_24"},{"parent":"geyser_custom_z","pivot":[-1.35,16.5,12.5],"rotation":[0,0,45],"cubes":[{"origin":[-3.1,14.75,10.25],"size":[2.5,3.5,4.5],"pivot":[-1.35,16.5,12.5],"uv":{"north":{"uv":[3.005,8.0086],"uv_size":[0.3075,0.5298]},"south":{"uv":[3.3075,8.0086],"uv_size":[-0.3075,0.5298]},"east":{"uv":[2.9285,8.0086],"uv_size":[-0.5535,0.5298]},"west":{"uv":[2.384,8.0086],"uv_size":[0.5535,0.5298]},"up":{"uv":[1.005,11.3957],"uv_size":[0.3075,0.6812]},"down":{"uv":[2.755,10.5274],"uv_size":[0.3075,-0.6812]}}}],"name":"rot_25"},{"parent":"geyser_custom_z","pivot":[-5.875,16.5071,11],"rotation":[0,0,45],"cubes":[{"origin":[-6.5,16.2571,10.75],"size":[1.25,0.5,0.5],"pivot":[-5.875,16.5071,11],"uv":{"north":{"uv":[3.7525,9.232],"uv_size":[0.1538,0.0757]},"south":{"uv":[3.7525,12.1551],"uv_size":[0.1538,0.0757]},"east":{"uv":[3.501,10.1551],"uv_size":[0.0615,0.0757]},"west":{"uv":[2.251,12.6166],"uv_size":[0.0615,0.0757]},"up":{"uv":[3.7525,12.3089],"uv_size":[0.1538,0.0757]},"down":{"uv":[3.7525,12.5372],"uv_size":[0.1538,-0.0757]}}}],"name":"rot_26"},{"parent":"geyser_custom_z","pivot":[-5.875,16.5071,14],"rotation":[0,0,45],"cubes":[{"origin":[-6.5,16.2571,13.75],"size":[1.25,0.5,0.5],"pivot":[-5.875,16.5071,14],"uv":{"north":{"uv":[3.7525,9.232],"uv_size":[0.1538,0.0757]},"south":{"uv":[3.7525,12.1551],"uv_size":[0.1538,0.0757]},"east":{"uv":[3.501,10.1551],"uv_size":[0.0615,0.0757]},"west":{"uv":[2.251,12.6166],"uv_size":[0.0615,0.0757]},"up":{"uv":[3.7525,12.3089],"uv_size":[0.1538,0.0757]},"down":{"uv":[3.7525,12.5372],"uv_size":[0.1538,-0.0757]}}}],"name":"rot_27"}]}]}
