{"format_version":"1.16.0","minecraft:geometry":[{"description":{"identifier":"geometry.geyser_custom.geo_eb620b8","texture_width":16,"texture_height":16,"visible_bounds_width":4,"visible_bounds_height":4.5,"visible_bounds_offset":[0,0.75,0]},"bones":[{"name":"geyser_custom","binding":"c.item_slot == 'head' ? 'head' : q.item_slot_to_bone_name(c.item_slot)","pivot":[0,8,0]},{"name":"geyser_custom_x","parent":"geyser_custom","pivot":[0,8,0]},{"name":"geyser_custom_y","parent":"geyser_custom_x","pivot":[0,8,0]},{"name":"geyser_custom_z","parent":"geyser_custom_y","pivot":[0,8,0],"cubes":[]},{"parent":"geyser_custom_z","pivot":[1.5469,11.2854,0],"rotation":[45,0,0],"cubes":[{"origin":[-1.0125,8.7358,1.4644],"size":[2.025,0.9,1.8],"pivot":[1.5469,11.2854,0],"uv":{"north":{"uv":[4.0025,10.5323],"uv_size":[0.1538,-0.3785]},"south":{"uv":[3.815,10.5323],"uv_size":[0.1537,-0.3785]},"east":{"uv":[3.7787,10.16],"uv_size":[-0.1537,0.3785]},"west":{"uv":[3.6275,10.5323],"uv_size":[0.1537,-0.3785]},"up":{"uv":[3.255,11.1477],"uv_size":[0.3075,-0.3785]},"down":{"uv":[3.255,10.7754],"uv_size":[0.3075,0.3785]}}}],"name":"rot_1"},{"parent":"geyser_custom_z","pivot":[1.5469,11.2854,0],"rotation":[0,0,-45],"cubes":[{"origin":[1.3844,9.2728,-1.575],"size":[1.125,0.45,0.45],"pivot":[1.5469,11.2854,0],"uv":{"north":{"uv":[3.9038,9.232],"uv_size":[-0.1538,0.0757]},"south":{"uv":[3.9038,12.1551],"uv_size":[-0.1538,0.0757]},"east":{"uv":[2.3115,12.6166],"uv_size":[-0.0615,0.0757]},"west":{"uv":[3.5615,10.1551],"uv_size":[-0.0615,0.0757]},"up":{"uv":[3.9038,12.3089],"uv_size":[-0.1538,0.0757]},"down":{"uv":[3.9038,12.5372],"uv_size":[-0.1538,-0.0757]}}},{"origin":[1.3844,9.2728,1.125],"size":[1.125,0.45,0.45],"pivot":[1.5469,11.2854,0],"uv":{"north":{"uv":[3.9038,9.232],"uv_size":[-0.1538,0.0757]},"south":{"uv":[3.9038,12.1551],"uv_size":[-0.1538,0.0757]},"east":{"uv":[2.3115,12.6166],"uv_size":[-0.0615,0.0757]},"west":{"uv":[3.5615,10.1551],"uv_size":[-0.0615,0.0757]},"up":{"uv":[3.9038,12.3089],"uv_size":[-0.1538,0.0757]},"down":{"uv":[3.9038,12.5372],"uv_size":[-0.1538,-0.0757]}}},{"origin":[-0.6577,9.5252,-2.115],"size":[2.25,3.15,4.23],"pivot":[1.5469,11.2854,0],"uv":{"north":{"uv":[3.3075,8.0086],"uv_size":[-0.3075,0.5298]},"south":{"uv":[3.005,8.0086],"uv_size":[0.3075,0.5298]},"east":{"uv":[2.9285,8.0086],"uv_size":[-0.5535,0.5298]},"west":{"uv":[2.384,8.0086],"uv_size":[0.5535,0.5298]},"up":{"uv":[1.3075,11.3957],"uv_size":[-0.3075,0.6812]},"down":{"uv":[3.0575,10.5274],"uv_size":[-0.3075,-0.6812]}}}],"name":"rot_2"},{"parent":"geyser_custom_z","pivot":[1.5469,11.2854,0],"rotation":[22.5,0,0],"cubes":[{"origin":[-1.0575,9.6827,2.8044],"size":[2.115,0.9,1.89],"pivot":[1.5469,11.2854,0],"uv":{"north":{"uv":[4.0025,10.5323],"uv_size":[0.1538,-0.3785]},"south":{"uv":[3.815,10.5323],"uv_size":[0.1537,-0.3785]},"east":{"uv":[3.7787,10.16],"uv_size":[-0.1537,0.3785]},"west":{"uv":[3.6275,10.5323],"uv_size":[0.1537,-0.3785]},"up":{"uv":[3.255,11.1477],"uv_size":[0.3075,-0.3785]},"down":{"uv":[3.255,10.7754],"uv_size":[0.3075,0.3785]}}},{"origin":[-1.125,11.0623,-2.4562],"size":[2.25,2.25,2.25],"pivot":[1.5469,11.2854,0],"uv":{"north":{"uv":[3.5575,10.7754],"uv_size":[-0.3075,0.3785]},"south":{"uv":[3.255,12.0708],"uv_size":[0.3075,-0.3785]},"east":{"uv":[3.5575,10.3138],"uv_size":[-0.3075,0.3785]},"west":{"uv":[3.255,10.3138],"uv_size":[0.3075,0.3785]},"up":{"uv":[3.255,12.0708],"uv_size":[0.3075,-0.3785]},"down":{"uv":[3.5575,11.1477],"uv_size":[-0.3075,-0.3785]}}}],"name":"rot_3"},{"parent":"geyser_custom_z","pivot":[0,6.6479,-4.05],"rotation":[22.5,0,0],"cubes":[{"origin":[0,-0.5521,-11.25],"size":[0,14.4,14.4],"pivot":[0,6.6479,-4.05],"uv":{"north":{"uv":[0,13.5516],"uv_size":[0,0.8074]},"south":{"uv":[0,13.5516],"uv_size":[0,0.8074]},"east":{"uv":[1.984,13.5545],"uv_size":[-1.984,2.4455]},"west":{"uv":[0.016,13.5545],"uv_size":[1.984,2.4455]},"up":{"uv":[0,14.3458],"uv_size":[0,-0.8074]},"down":{"uv":[0,14.3458],"uv_size":[0,-0.8074]}}}],"name":"rot_4"},{"parent":"geyser_custom_z","pivot":[-0.36,2,-5.5803],"rotation":[0,22.5,0],"cubes":[{"origin":[-0.86,5,-4.0803],"size":[1,3,1.25],"pivot":[-0.36,2,-5.5803],"uv":{"north":{"uv":[13.377,11.8535],"uv_size":[0.123,0.4542]},"south":{"uv":[13.752,9.8535],"uv_size":[0.123,0.4542]},"east":{"uv":[13.6275,11.392],"uv_size":[0.1538,0.4542]},"west":{"uv":[13.6275,11.8535],"uv_size":[0.1538,0.4542]},"up":{"uv":[13.877,11.08],"uv_size":[0.123,0.1892]},"down":{"uv":[13.877,11.5738],"uv_size":[0.123,-0.1892]}}}],"name":"rot_5"},{"parent":"geyser_custom_z","pivot":[-0.36,5.25,-4.5803],"rotation":[0,22.5,0],"cubes":[{"origin":[-0.86,2.25,-3.5803],"size":[1,9,2],"pivot":[-0.36,5.25,-4.5803],"uv":{"north":{"uv":[12.752,11.2468],"uv_size":[0.123,1.3686]},"south":{"uv":[12.877,11.2468],"uv_size":[0.123,1.3686]},"east":{"uv":[12.004,11.2468],"uv_size":[0.246,1.3686]},"west":{"uv":[12.254,11.2468],"uv_size":[0.246,1.3686]},"up":{"uv":[13.877,9.8511],"uv_size":[0.123,0.3028]},"down":{"uv":[13.877,10.4566],"uv_size":[0.123,-0.3028]}}}],"name":"rot_6"},{"parent":"geyser_custom_z","pivot":[-0.36,5.5,-5.5803],"rotation":[0,22.5,0],"cubes":[{"origin":[-0.86,8.5,-4.5803],"size":[1,3,2],"pivot":[-0.36,5.5,-5.5803],"uv":{"north":{"uv":[13.752,10.3151],"uv_size":[0.123,0.4542]},"south":{"uv":[13.752,10.7766],"uv_size":[0.123,0.4542]},"east":{"uv":[13.004,11.392],"uv_size":[0.246,0.4542]},"west":{"uv":[13.254,11.392],"uv_size":[0.246,0.4542]},"up":{"uv":[13.877,10.4665],"uv_size":[0.123,0.3028]},"down":{"uv":[13.877,11.072],"uv_size":[0.123,-0.3028]}}}],"name":"rot_7"},{"parent":"geyser_custom_z","pivot":[1.5469,11.2854,0],"rotation":[0,0,-22.5],"cubes":[{"origin":[1.2767,9.2627,-1.8],"size":[1.125,0.9,0.9],"pivot":[1.5469,11.2854,0],"uv":{"north":{"uv":[1.5287,10.7717],"uv_size":[-0.1537,0.1514]},"south":{"uv":[0.6537,11.2332],"uv_size":[-0.1537,0.1514]},"east":{"uv":[2.498,10.7717],"uv_size":[-0.123,0.1514]},"west":{"uv":[0.873,10.6178],"uv_size":[-0.123,0.1514]},"up":{"uv":[2.9037,10.6178],"uv_size":[-0.1537,0.1514]},"down":{"uv":[3.7787,9.8437],"uv_size":[-0.1537,-0.1514]}}},{"origin":[1.2767,9.2627,0.9],"size":[1.125,0.9,0.9],"pivot":[1.5469,11.2854,0],"uv":{"north":{"uv":[1.5287,10.7717],"uv_size":[-0.1537,0.1514]},"south":{"uv":[0.6537,11.2332],"uv_size":[-0.1537,0.1514]},"east":{"uv":[2.498,10.7717],"uv_size":[-0.123,0.1514]},"west":{"uv":[0.873,10.6178],"uv_size":[-0.123,0.1514]},"up":{"uv":[2.9037,10.6178],"uv_size":[-0.1537,0.1514]},"down":{"uv":[3.7787,9.8437],"uv_size":[-0.1537,-0.1514]}}}],"name":"rot_8"},{"parent":"geyser_custom_z","pivot":[-0.75,5.2553,0],"rotation":[-0,0,0],"cubes":[{"origin":[-1.695,4.8053,-1.0575],"size":[1.89,0.9,2.115],"pivot":[-0.75,5.2553,0],"uv":{"north":{"uv":[3.7787,10.5323],"uv_size":[-0.1537,-0.3785]},"south":{"uv":[3.6275,10.16],"uv_size":[0.1537,0.3785]},"east":{"uv":[3.815,10.16],"uv_size":[0.1537,0.3785]},"west":{"uv":[4.0025,10.16],"uv_size":[0.1538,0.3785]},"up":{"uv":[3.255,11.1477],"uv_size":[0.3075,-0.3785]},"down":{"uv":[3.255,10.7754],"uv_size":[0.3075,0.3785]}}}],"name":"rot_9"},{"parent":"geyser_custom_z","pivot":[-0.75,8.9053,0],"rotation":[-0,0,0],"cubes":[{"origin":[-1.695,8.4553,-1.0575],"size":[1.89,0.9,2.115],"pivot":[-0.75,8.9053,0],"uv":{"north":{"uv":[3.7787,10.5323],"uv_size":[-0.1537,-0.3785]},"south":{"uv":[3.6275,10.16],"uv_size":[0.1537,0.3785]},"east":{"uv":[3.815,10.16],"uv_size":[0.1537,0.3785]},"west":{"uv":[4.0025,10.16],"uv_size":[0.1538,0.3785]},"up":{"uv":[3.255,11.1477],"uv_size":[0.3075,-0.3785]},"down":{"uv":[3.255,10.7754],"uv_size":[0.3075,0.3785]}}}],"name":"rot_10"},{"parent":"geyser_custom_z","pivot":[1.5469,11.2854,0],"rotation":[0,-0,0],"cubes":[{"origin":[0.25,7.9979,-7.2],"size":[0,14.4,14.4],"pivot":[1.5469,11.2854,0],"uv":{"north":{"uv":[9,11.0901],"uv_size":[0,0.8074]},"south":{"uv":[9,11.0901],"uv_size":[0,0.8074]},"east":{"uv":[9.016,11.0929],"uv_size":[1.984,2.4455]},"west":{"uv":[10.984,11.0929],"uv_size":[-1.984,2.4455]},"up":{"uv":[9,11.8843],"uv_size":[0,-0.8074]},"down":{"uv":[9,11.8843],"uv_size":[0,-0.8074]}}},{"origin":[0.9562,9.1343,-2.025],"size":[1.125,1.35,1.35],"pivot":[1.5469,11.2854,0],"uv":{"north":{"uv":[3.9038,8.3114],"uv_size":[-0.1538,0.2271]},"south":{"uv":[3.9038,8.6191],"uv_size":[-0.1538,0.2271]},"east":{"uv":[3.8095,11.8498],"uv_size":[-0.1845,0.2271]},"west":{"uv":[3.8095,11.5422],"uv_size":[-0.1845,0.2271]},"up":{"uv":[3.9038,8.9268],"uv_size":[-0.1538,0.2271]},"down":{"uv":[3.4037,12.8425],"uv_size":[-0.1537,-0.2271]}}},{"origin":[0.9562,9.1343,0.675],"size":[1.125,1.35,1.35],"pivot":[1.5469,11.2854,0],"uv":{"north":{"uv":[3.9038,8.3114],"uv_size":[-0.1538,0.2271]},"south":{"uv":[3.9038,8.6191],"uv_size":[-0.1538,0.2271]},"east":{"uv":[3.8095,11.8498],"uv_size":[-0.1845,0.2271]},"west":{"uv":[3.8095,11.5422],"uv_size":[-0.1845,0.2271]},"up":{"uv":[3.9038,8.9268],"uv_size":[-0.1538,0.2271]},"down":{"uv":[3.4037,12.8425],"uv_size":[-0.1537,-0.2271]}}}],"name":"rot_11"},{"parent":"geyser_custom_z","pivot":[0.25,1.75,0],"rotation":[0,-0,0],"cubes":[{"origin":[0.25,1.75,-2],"size":[1,9,4],"pivot":[0.25,1.75,0],"uv":{"north":{"uv":[12.502,11.2468],"uv_size":[0.123,1.3686]},"south":{"uv":[12.627,11.2468],"uv_size":[0.123,1.3686]},"east":{"uv":[12.008,9.8622],"uv_size":[0.492,1.3686]},"west":{"uv":[12.508,9.8622],"uv_size":[0.492,1.3686]},"up":{"uv":[13.127,11.856],"uv_size":[0.123,0.6055]},"down":{"uv":[13.252,12.4517],"uv_size":[0.123,-0.6055]}}}],"name":"rot_12"},{"parent":"geyser_custom_z","pivot":[-1,6.3057,0],"rotation":[0,0,0],"cubes":[{"origin":[-1.45,5.7432,-0.45],"size":[0.9,1.4,0.9],"pivot":[-1,6.3057,0],"uv":{"north":{"uv":[1.3775,10.7717],"uv_size":[0.1537,0.1514]},"south":{"uv":[0.5025,11.2332],"uv_size":[0.1537,0.1514]},"east":{"uv":[2.9037,10.7668],"uv_size":[-0.1537,-0.1514]},"west":{"uv":[3.7787,9.6948],"uv_size":[-0.1537,0.1514]},"up":{"uv":[2.498,10.9206],"uv_size":[-0.123,-0.1514]},"down":{"uv":[0.873,10.7668],"uv_size":[-0.123,-0.1514]}}}],"name":"rot_13"},{"parent":"geyser_custom_z","pivot":[-1,7.9443,0],"rotation":[0,0,0],"cubes":[{"origin":[-1.45,7.1318,-0.45],"size":[0.9,1.375,0.9],"pivot":[-1,7.9443,0],"uv":{"north":{"uv":[1.5287,10.7717],"uv_size":[-0.1537,0.1514]},"south":{"uv":[0.6537,11.2332],"uv_size":[-0.1537,0.1514]},"east":{"uv":[2.7525,10.7668],"uv_size":[0.1537,-0.1514]},"west":{"uv":[3.6275,9.6948],"uv_size":[0.1537,0.1514]},"up":{"uv":[0.752,10.7668],"uv_size":[0.123,-0.1514]},"down":{"uv":[2.377,10.9206],"uv_size":[0.123,-0.1514]}}}],"name":"rot_14"},{"parent":"geyser_custom_z","pivot":[1.5469,11.2854,0],"rotation":[-22.5,0,0],"cubes":[{"origin":[-1.0575,9.6827,-4.6944],"size":[2.115,0.9,1.89],"pivot":[1.5469,11.2854,0],"uv":{"north":{"uv":[3.815,10.16],"uv_size":[0.1537,0.3785]},"south":{"uv":[4.0025,10.16],"uv_size":[0.1538,0.3785]},"east":{"uv":[3.7787,10.5323],"uv_size":[-0.1537,-0.3785]},"west":{"uv":[3.6275,10.16],"uv_size":[0.1537,0.3785]},"up":{"uv":[3.255,10.7754],"uv_size":[0.3075,0.3785]},"down":{"uv":[3.255,11.1477],"uv_size":[0.3075,-0.3785]}}},{"origin":[-1.125,11.0623,0.2062],"size":[2.25,2.25,2.25],"pivot":[1.5469,11.2854,0],"uv":{"north":{"uv":[3.5575,12.0708],"uv_size":[-0.3075,-0.3785]},"south":{"uv":[3.255,10.7754],"uv_size":[0.3075,0.3785]},"east":{"uv":[3.255,10.3138],"uv_size":[0.3075,0.3785]},"west":{"uv":[3.5575,10.3138],"uv_size":[-0.3075,0.3785]},"up":{"uv":[3.255,11.6985],"uv_size":[0.3075,0.3785]},"down":{"uv":[3.5575,10.7754],"uv_size":[-0.3075,0.3785]}}}],"name":"rot_15"},{"parent":"geyser_custom_z","pivot":[0,6.6479,4.05],"rotation":[-22.5,0,0],"cubes":[{"origin":[0,-0.5521,-3.15],"size":[0,14.4,14.4],"pivot":[0,6.6479,4.05],"uv":{"north":{"uv":[0,13.5516],"uv_size":[0,0.8074]},"south":{"uv":[0,13.5516],"uv_size":[0,0.8074]},"east":{"uv":[0.016,13.5545],"uv_size":[1.984,2.4455]},"west":{"uv":[1.984,13.5545],"uv_size":[-1.984,2.4455]},"up":{"uv":[0,13.5516],"uv_size":[0,0.8074]},"down":{"uv":[0,13.5516],"uv_size":[0,0.8074]}}}],"name":"rot_16"},{"parent":"geyser_custom_z","pivot":[-0.36,2,5.5803],"rotation":[0,-22.5,0],"cubes":[{"origin":[-0.86,5,2.8303],"size":[1,3,1.25],"pivot":[-0.36,2,5.5803],"uv":{"north":{"uv":[13.873,9.8535],"uv_size":[-0.123,0.4542]},"south":{"uv":[13.498,11.8535],"uv_size":[-0.123,0.4542]},"east":{"uv":[13.7788,11.392],"uv_size":[-0.1538,0.4542]},"west":{"uv":[13.7788,11.8535],"uv_size":[-0.1538,0.4542]},"up":{"uv":[13.877,11.2662],"uv_size":[0.123,-0.1892]},"down":{"uv":[13.877,11.3877],"uv_size":[0.123,0.1892]}}}],"name":"rot_17"},{"parent":"geyser_custom_z","pivot":[-0.36,5.25,4.5803],"rotation":[0,-22.5,0],"cubes":[{"origin":[-0.86,2.25,1.5803],"size":[1,9,2],"pivot":[-0.36,5.25,4.5803],"uv":{"north":{"uv":[12.998,11.2468],"uv_size":[-0.123,1.3686]},"south":{"uv":[12.873,11.2468],"uv_size":[-0.123,1.3686]},"east":{"uv":[12.246,11.2468],"uv_size":[-0.246,1.3686]},"west":{"uv":[12.496,11.2468],"uv_size":[-0.246,1.3686]},"up":{"uv":[13.877,10.1489],"uv_size":[0.123,-0.3028]},"down":{"uv":[13.877,10.1588],"uv_size":[0.123,0.3028]}}}],"name":"rot_18"},{"parent":"geyser_custom_z","pivot":[-0.36,5.5,5.5803],"rotation":[0,-22.5,0],"cubes":[{"origin":[-0.86,8.5,2.5803],"size":[1,3,2],"pivot":[-0.36,5.5,5.5803],"uv":{"north":{"uv":[13.873,10.7766],"uv_size":[-0.123,0.4542]},"south":{"uv":[13.873,10.3151],"uv_size":[-0.123,0.4542]},"east":{"uv":[13.246,11.392],"uv_size":[-0.246,0.4542]},"west":{"uv":[13.496,11.392],"uv_size":[-0.246,0.4542]},"up":{"uv":[13.877,10.7643],"uv_size":[0.123,-0.3028]},"down":{"uv":[13.877,10.7742],"uv_size":[0.123,0.3028]}}}],"name":"rot_19"},{"parent":"geyser_custom_z","pivot":[1.5469,11.2854,0],"rotation":[-45,0,0],"cubes":[{"origin":[-1.0125,8.7358,-3.2644],"size":[2.025,0.9,1.8],"pivot":[1.5469,11.2854,0],"uv":{"north":{"uv":[3.815,10.16],"uv_size":[0.1537,0.3785]},"south":{"uv":[4.0025,10.16],"uv_size":[0.1538,0.3785]},"east":{"uv":[3.7787,10.5323],"uv_size":[-0.1537,-0.3785]},"west":{"uv":[3.6275,10.16],"uv_size":[0.1537,0.3785]},"up":{"uv":[3.255,10.7754],"uv_size":[0.3075,0.3785]},"down":{"uv":[3.255,11.1477],"uv_size":[0.3075,-0.3785]}}},{"origin":[1.1813,9.1712,-1.0358],"size":[1.35,3.15,3.15],"pivot":[1.5469,11.2854,0],"uv":{"north":{"uv":[1.5595,12.3163],"uv_size":[-0.1845,0.5298]},"south":{"uv":[2.1845,12.3163],"uv_size":[-0.1845,0.5298]},"east":{"uv":[2.9305,10.7778],"uv_size":[-0.4305,0.5298]},"west":{"uv":[2.9305,9.2394],"uv_size":[-0.4305,0.5298]},"up":{"uv":[3.6845,12.1625],"uv_size":[-0.1845,0.5298]},"down":{"uv":[0.6845,12.9914],"uv_size":[-0.1845,-0.5298]}}},{"origin":[-0.475,8.8514,0.1839],"size":[2.25,2.25,2.25],"pivot":[1.5469,11.2854,0],"uv":{"north":{"uv":[3.5575,12.0708],"uv_size":[-0.3075,-0.3785]},"south":{"uv":[3.255,11.6985],"uv_size":[0.3075,0.3785]},"east":{"uv":[3.255,10.3138],"uv_size":[0.3075,0.3785]},"west":{"uv":[3.5575,10.3138],"uv_size":[-0.3075,0.3785]},"up":{"uv":[3.255,11.6985],"uv_size":[0.3075,0.3785]},"down":{"uv":[3.255,11.6985],"uv_size":[0.3075,0.3785]}}}],"name":"rot_20"},{"parent":"geyser_custom_z","pivot":[0.65,5,2.8284],"rotation":[-45,0,0],"cubes":[{"origin":[0.15,-1.25,0.3284],"size":[1,4.75,4.75],"pivot":[0.65,5,2.8284],"uv":{"north":{"uv":[13.502,11.3963],"uv_size":[0.123,0.7191]},"south":{"uv":[13.627,9.8578],"uv_size":[0.123,0.7191]},"east":{"uv":[13.0095,9.8578],"uv_size":[0.5843,0.7191]},"west":{"uv":[13.0095,10.6271],"uv_size":[0.5843,0.7191]},"up":{"uv":[13.627,10.6271],"uv_size":[0.123,0.7191]},"down":{"uv":[13.002,12.5652],"uv_size":[0.123,-0.7191]}}}],"name":"rot_21"},{"parent":"geyser_custom_z","pivot":[1.5469,11.2854,0],"rotation":[0,-45,0],"cubes":[{"origin":[-0.1185,3.9979,-0.9973],"size":[2.7,6.75,2.7],"pivot":[1.5469,11.2854,0],"uv":{"north":{"uv":[0.005,10.1698],"uv_size":[0.3075,0.984]},"south":{"uv":[0.6825,10.1698],"uv_size":[-0.3075,0.984]},"east":{"uv":[2.3075,9.8622],"uv_size":[-0.3075,0.984]},"west":{"uv":[0.3075,10.1698],"uv_size":[-0.3075,0.984]},"up":{"uv":[3.6825,8.4677],"uv_size":[-0.3075,0.3785]},"down":{"uv":[3.6825,9.3015],"uv_size":[-0.3075,-0.3785]}}}],"name":"rot_22"}]}]}
