{"credit":"MadewithBlockbench","texture_size":[128,128],"textures":{"0":"elitecreatures:headlesshorseman_animated_weapon_set/headlesshorseman_texture_01","1":"elitecreatures:headlesshorseman_animated_weapon_set/headlesshorseman_animation_01","2":"elitecreatures:headlesshorseman_animated_weapon_set/headlesshorseman_animation_02","3":"elitecreatures:headlesshorseman_animated_weapon_set/headlesshorseman_animation_03","4":"elitecreatures:headlesshorseman_animated_weapon_set/headlesshorseman_animation_04","5":"elitecreatures:headlesshorseman_animated_weapon_set/headlesshorseman_animation_05","particle":"elitecreatures:headlesshorseman_animated_weapon_set/headlesshorseman_texture_01"},"elements":[{"from":[5,4,4.9],"to":[8,28,4.9],"rotation":{"angle":0,"axis":"y","origin":[8,14,8]},"faces":{"north":{"uv":[2.5,0,4,12],"texture":"#5"},"east":{"uv":[0,0,0,12],"texture":"#5"},"south":{"uv":[4,0,2.5,12],"texture":"#5"},"west":{"uv":[0,0,0,12],"texture":"#5"},"up":{"uv":[0,2.5,0,0],"rotation":90,"texture":"#5"},"down":{"uv":[0,0,0,2.5],"rotation":270,"texture":"#5"}}},{"from":[8,4,4.9],"to":[11,28,4.9],"rotation":{"angle":0,"axis":"y","origin":[8,14,8]},"faces":{"north":{"uv":[1.5,0,3,12],"texture":"#5"},"east":{"uv":[0,0,0,12],"texture":"#5"},"south":{"uv":[3,0,1.5,12],"texture":"#5"},"west":{"uv":[0,0,0,12],"texture":"#5"},"up":{"uv":[0,2.5,0,0],"rotation":90,"texture":"#5"},"down":{"uv":[0,0,0,2.5],"rotation":270,"texture":"#5"}}},{"from":[5,4,5],"to":[11,28,11],"rotation":{"angle":0,"axis":"y","origin":[7,1,8]},"faces":{"north":{"uv":[0.75,4.625,0,7.625],"texture":"#0"},"east":{"uv":[0.75,4.625,0,7.625],"texture":"#0"},"south":{"uv":[0.75,4.625,0,7.625],"texture":"#0"},"west":{"uv":[0.75,7.625,0,4.625],"texture":"#0"},"up":{"uv":[0,7.625,0.75,8.375],"texture":"#0"},"down":{"uv":[0,7.625,0.75,8.375],"texture":"#0"}}},{"from":[11.1,4,5],"to":[11.1,28,8],"rotation":{"angle":0,"axis":"y","origin":[8,14,8]},"faces":{"north":{"uv":[0,0,0,12],"texture":"#5"},"east":{"uv":[2.5,0,4,12],"texture":"#5"},"south":{"uv":[0,0,0,12],"texture":"#5"},"west":{"uv":[4,0,2.5,12],"texture":"#5"},"up":{"uv":[0,2.5,0,0],"rotation":180,"texture":"#5"},"down":{"uv":[0,0,0,2.5],"rotation":180,"texture":"#5"}}},{"from":[11.1,4,8],"to":[11.1,28,11],"rotation":{"angle":0,"axis":"y","origin":[8,14,8]},"faces":{"north":{"uv":[0,0,0,12],"texture":"#5"},"east":{"uv":[1.5,0,3,12],"texture":"#5"},"south":{"uv":[0,0,0,12],"texture":"#5"},"west":{"uv":[3,0,1.5,12],"texture":"#5"},"up":{"uv":[0,2.5,0,0],"rotation":180,"texture":"#5"},"down":{"uv":[0,0,0,2.5],"rotation":180,"texture":"#5"}}},{"from":[8,4,11.1],"to":[11,28,11.1],"rotation":{"angle":0,"axis":"y","origin":[8,14,8]},"faces":{"north":{"uv":[1.5,0,3,12],"texture":"#5"},"east":{"uv":[0,0,0,12],"texture":"#5"},"south":{"uv":[3,0,1.5,12],"texture":"#5"},"west":{"uv":[0,0,0,12],"texture":"#5"},"up":{"uv":[0,2.5,0,0],"rotation":90,"texture":"#5"},"down":{"uv":[0,0,0,2.5],"rotation":270,"texture":"#5"}}},{"from":[5,4,11.1],"to":[8,28,11.1],"rotation":{"angle":0,"axis":"y","origin":[8,14,8]},"faces":{"north":{"uv":[2.5,0,4,12],"texture":"#5"},"east":{"uv":[0,0,0,12],"texture":"#5"},"south":{"uv":[4,0,2.5,12],"texture":"#5"},"west":{"uv":[0,0,0,12],"texture":"#5"},"up":{"uv":[0,2.5,0,0],"rotation":90,"texture":"#5"},"down":{"uv":[0,0,0,2.5],"rotation":270,"texture":"#5"}}},{"from":[4.9,4,5],"to":[4.9,28,8],"rotation":{"angle":0,"axis":"y","origin":[8,14,8]},"faces":{"north":{"uv":[0,0,0,12],"texture":"#5"},"east":{"uv":[2.5,0,4,12],"texture":"#5"},"south":{"uv":[0,0,0,12],"texture":"#5"},"west":{"uv":[4,0,2.5,12],"texture":"#5"},"up":{"uv":[0,2.5,0,0],"rotation":180,"texture":"#5"},"down":{"uv":[0,0,0,2.5],"rotation":180,"texture":"#5"}}},{"from":[7.9,12,-1],"to":[7.9,15.5,4],"rotation":{"angle":22.5,"axis":"x","origin":[8,13,-2.5]},"faces":{"north":{"uv":[0,0,0,6],"texture":"#4"},"east":{"uv":[14,0,0,8],"texture":"#4"},"south":{"uv":[0,0,0,6],"texture":"#4"},"west":{"uv":[14,0,0,8],"texture":"#4"},"up":{"uv":[0,0,0,14],"texture":"#4"},"down":{"uv":[0,14,0,0],"texture":"#4"}}},{"from":[8,14,-3],"to":[8,18,4],"rotation":{"angle":-22.5,"axis":"x","origin":[8,13,-2.5]},"faces":{"north":{"uv":[0,0,0,6],"texture":"#4"},"east":{"uv":[14,0,0,8],"texture":"#4"},"south":{"uv":[0,0,0,6],"texture":"#4"},"west":{"uv":[14,0,0,8],"texture":"#4"},"up":{"uv":[0,0,0,14],"texture":"#4"},"down":{"uv":[0,14,0,0],"texture":"#4"}}},{"from":[8,7,15],"to":[8,11,22],"rotation":{"angle":22.5,"axis":"x","origin":[8,13,18.5]},"faces":{"north":{"uv":[0,0,0,6],"texture":"#4"},"east":{"uv":[0,0,14,8],"texture":"#4"},"south":{"uv":[0,0,0,6],"texture":"#4"},"west":{"uv":[0,0,14,8],"texture":"#4"},"up":{"uv":[0,14,0,0],"texture":"#4"},"down":{"uv":[0,0,0,14],"texture":"#4"}}},{"from":[4.9,4,8],"to":[4.9,28,11],"rotation":{"angle":0,"axis":"y","origin":[8,14,8]},"faces":{"north":{"uv":[0,0,0,12],"texture":"#5"},"east":{"uv":[1.5,0,3,12],"texture":"#5"},"south":{"uv":[0,0,0,12],"texture":"#5"},"west":{"uv":[3,0,1.5,12],"texture":"#5"},"up":{"uv":[0,2.5,0,0],"rotation":180,"texture":"#5"},"down":{"uv":[0,0,0,2.5],"rotation":180,"texture":"#5"}}},{"from":[5,-0.79289,6.5],"to":[11,2.20711,9.5],"rotation":{"angle":-45,"axis":"x","origin":[8,0.70711,8]},"faces":{"north":{"uv":[2.5,0,1.75,0.375],"texture":"#0"},"east":{"uv":[1,0,0.625,0.375],"texture":"#0"},"south":{"uv":[1.75,0,1,0.375],"texture":"#0"},"west":{"uv":[0.625,0,1,0.375],"texture":"#0"},"up":{"uv":[1.75,0,1,0.375],"texture":"#0"},"down":{"uv":[2.5,0,1.75,0.375],"texture":"#0"}}},{"from":[4.9,-0.79289,6.5],"to":[4.9,2.20711,9.5],"rotation":{"angle":-45,"axis":"x","origin":[8,0.70711,8]},"faces":{"north":{"uv":[0,0,0,6],"texture":"#3"},"east":{"uv":[6,0,0,6],"texture":"#3"},"south":{"uv":[0,0,0,6],"texture":"#3"},"west":{"uv":[0,0,6,6],"texture":"#3"},"up":{"uv":[0,6,0,0],"texture":"#3"},"down":{"uv":[0,0,0,6],"texture":"#3"}}},{"from":[11.1,-0.79289,6.5],"to":[11.1,2.20711,9.5],"rotation":{"angle":-45,"axis":"x","origin":[8,0.70711,8]},"faces":{"north":{"uv":[0,0,0,6],"texture":"#3"},"east":{"uv":[6,0,0,6],"texture":"#3"},"south":{"uv":[0,0,0,6],"texture":"#3"},"west":{"uv":[0,0,6,6],"texture":"#3"},"up":{"uv":[0,6,0,0],"texture":"#3"},"down":{"uv":[0,0,0,6],"texture":"#3"}}},{"from":[6,-2,6],"to":[10,3,11],"rotation":{"angle":-45,"axis":"x","origin":[8,0,8]},"faces":{"north":{"uv":[0,0.625,0.625,1.125],"rotation":90,"texture":"#0"},"east":{"uv":[0,0,0.625,0.625],"rotation":90,"texture":"#0"},"south":{"uv":[0,0.625,0.625,1.125],"rotation":90,"texture":"#0"},"west":{"uv":[0,0,0.625,0.625],"rotation":90,"texture":"#0"},"up":{"uv":[0.625,0.625,0,1.125],"rotation":90,"texture":"#0"},"down":{"uv":[0.625,0.625,0,1.125],"rotation":90,"texture":"#0"}}},{"from":[7,-10,7],"to":[9,2,9],"rotation":{"angle":0,"axis":"y","origin":[7,5.5,8]},"faces":{"north":{"uv":[0.625,1.5625,0.875,3.0625],"texture":"#0"},"east":{"uv":[0.625,1.5625,0.875,3.0625],"texture":"#0"},"south":{"uv":[0.625,1.5625,0.875,3.0625],"texture":"#0"},"west":{"uv":[0.625,1.5625,0.875,3.0625],"texture":"#0"},"up":{"uv":[0.625,1.5625,0.875,1.8125],"texture":"#0"},"down":{"uv":[0.625,1.5625,0.875,1.8125],"texture":"#0"}}},{"from":[7,-15.5,7.25],"to":[9,-13,8.75],"rotation":{"angle":0,"axis":"y","origin":[7,5.5,8]},"faces":{"north":{"uv":[3.0625,0.5625,3.25,0.875],"texture":"#0"},"east":{"uv":[3.0625,0.5625,3.25,0.875],"texture":"#0"},"south":{"uv":[3.0625,0.5625,3.25,0.875],"texture":"#0"},"west":{"uv":[3.0625,0.5625,3.25,0.875],"texture":"#0"},"up":{"uv":[2.8125,0.8125,3.0625,1],"texture":"#0"},"down":{"uv":[2.8125,0.8125,3.0625,1],"texture":"#0"}}},{"from":[6.5,-12.5,6.5],"to":[9.5,-10,9.5],"rotation":{"angle":0,"axis":"y","origin":[8,6.31499,8]},"faces":{"north":{"uv":[0.875,1.5625,1.25,1.875],"texture":"#0"},"east":{"uv":[0.875,1.5625,1.25,1.875],"texture":"#0"},"south":{"uv":[0.875,1.5625,1.25,1.875],"texture":"#0"},"west":{"uv":[0.875,1.5625,1.25,1.875],"texture":"#0"},"up":{"uv":[0.875,1.875,1.25,2.25],"texture":"#0"},"down":{"uv":[0.875,1.875,1.25,2.25],"texture":"#0"}}},{"from":[6.5,1.5,6.5],"to":[9.5,4,9.5],"rotation":{"angle":0,"axis":"y","origin":[8,6.31499,8]},"faces":{"north":{"uv":[0.875,1.5625,1.25,1.875],"texture":"#0"},"east":{"uv":[0.875,1.5625,1.25,1.875],"texture":"#0"},"south":{"uv":[0.875,1.5625,1.25,1.875],"texture":"#0"},"west":{"uv":[0.875,1.5625,1.25,1.875],"texture":"#0"},"up":{"uv":[0.875,1.875,1.25,2.25],"texture":"#0"},"down":{"uv":[0.875,1.875,1.25,2.25],"texture":"#0"}}},{"from":[6.5,-3.5,6.5],"to":[9.5,-1,9.5],"rotation":{"angle":0,"axis":"y","origin":[8,7.68501,8]},"faces":{"north":{"uv":[1.4375,2.5625,1.8125,2.25],"texture":"#0"},"east":{"uv":[1.4375,2.5625,1.8125,2.25],"texture":"#0"},"south":{"uv":[1.4375,2.5625,1.8125,2.25],"texture":"#0"},"west":{"uv":[1.4375,2.5625,1.8125,2.25],"texture":"#0"},"up":{"uv":[1.4375,2.9375,1.8125,2.5625],"texture":"#0"},"down":{"uv":[1.4375,2.9375,1.8125,2.5625],"texture":"#0"}}},{"from":[5.75,-8.08922,-6.30421],"to":[10.25,-5.58922,-3.80421],"rotation":{"angle":-45,"axis":"x","origin":[8,6.21499,8]},"faces":{"north":{"uv":[1.4375,2.5625,0.875,2.875],"texture":"#0"},"east":{"uv":[1.1875,2.25,0.875,2.5625],"texture":"#0"},"south":{"uv":[1.4375,2.5625,0.875,2.875],"texture":"#0"},"west":{"uv":[0.875,2.25,1.1875,2.5625],"texture":"#0"},"up":{"uv":[1.4375,2.5625,0.875,2.875],"texture":"#0"},"down":{"uv":[1.4375,2.5625,0.875,2.875],"texture":"#0"}}},{"from":[7,-12.2,8.8],"to":[9,-10.7,10.8],"rotation":{"angle":22.5,"axis":"x","origin":[8,-12.175,10.375]},"faces":{"north":{"uv":[3.5,0.125,3.75,0.3125],"texture":"#0"},"east":{"uv":[3.25,0.125,3.5,0.3125],"texture":"#0"},"south":{"uv":[3.5,0.125,3.75,0.3125],"texture":"#0"},"west":{"uv":[3.25,0.125,3.5,0.3125],"texture":"#0"},"up":{"uv":[2.8125,0.3125,3.0625,0.5625],"rotation":90,"texture":"#0"},"down":{"uv":[2.8125,0.3125,3.0625,0.5625],"rotation":90,"texture":"#0"}}},{"from":[7.1,-13.58188,10.02574],"to":[8.9,-11.58188,11.52574],"rotation":{"angle":-22.5,"axis":"x","origin":[8,-12.175,10.375]},"faces":{"north":{"uv":[2.8125,0.5625,3.0625,0.8125],"rotation":90,"texture":"#0"},"east":{"uv":[3.75,0.3125,4,0.125],"rotation":90,"texture":"#0"},"south":{"uv":[2.8125,0.5625,3.0625,0.8125],"rotation":90,"texture":"#0"},"west":{"uv":[3.75,0.125,4,0.3125],"rotation":90,"texture":"#0"},"up":{"uv":[4.0125,0.125,4.2625,0.3125],"texture":"#0"},"down":{"uv":[4.0125,0.125,4.2625,0.3125],"texture":"#0"}}},{"from":[7.25,-14.3,10.5],"to":[8.75,-12.8,11.5],"rotation":{"angle":22.5,"axis":"x","origin":[8,-12.175,10.375]},"faces":{"north":{"uv":[4.3125,0.125,4.5,0.3125],"rotation":90,"texture":"#0"},"east":{"uv":[3.0625,0.3125,3.25,0.4375],"rotation":90,"texture":"#0"},"south":{"uv":[4.3125,0.125,4.5,0.3125],"rotation":90,"texture":"#0"},"west":{"uv":[3.0625,0.3125,3.25,0.4375],"rotation":90,"texture":"#0"},"up":{"uv":[3.0625,0.4375,3.25,0.5625],"texture":"#0"},"down":{"uv":[3.0625,0.4375,3.25,0.5625],"texture":"#0"}}},{"from":[7.1,-13.58188,4.47426],"to":[8.9,-11.58188,5.97426],"rotation":{"angle":22.5,"axis":"x","origin":[8,-12.175,5.625]},"faces":{"north":{"uv":[2.8125,0.8125,3.0625,0.5625],"rotation":90,"texture":"#0"},"east":{"uv":[3.75,0.125,4,0.3125],"rotation":90,"texture":"#0"},"south":{"uv":[2.8125,0.8125,3.0625,0.5625],"rotation":90,"texture":"#0"},"west":{"uv":[3.75,0.3125,4,0.125],"rotation":90,"texture":"#0"},"up":{"uv":[4.0125,0.3125,4.2625,0.125],"texture":"#0"},"down":{"uv":[4.0125,0.3125,4.2625,0.125],"texture":"#0"}}},{"from":[7.25,-14.3,4.5],"to":[8.75,-12.8,5.5],"rotation":{"angle":-22.5,"axis":"x","origin":[8,-12.175,5.625]},"faces":{"north":{"uv":[4.3125,0.3125,4.5,0.125],"rotation":90,"texture":"#0"},"east":{"uv":[3.0625,0.4375,3.25,0.3125],"rotation":90,"texture":"#0"},"south":{"uv":[4.3125,0.3125,4.5,0.125],"rotation":90,"texture":"#0"},"west":{"uv":[3.0625,0.4375,3.25,0.3125],"rotation":90,"texture":"#0"},"up":{"uv":[3.0625,0.5625,3.25,0.4375],"texture":"#0"},"down":{"uv":[3.0625,0.5625,3.25,0.4375],"texture":"#0"}}},{"from":[7,-12.2,5.2],"to":[9,-10.7,7.2],"rotation":{"angle":-22.5,"axis":"x","origin":[8,-12.175,5.625]},"faces":{"north":{"uv":[3.75,0.125,3.5,0.3125],"texture":"#0"},"east":{"uv":[3.5,0.125,3.25,0.3125],"texture":"#0"},"south":{"uv":[3.75,0.125,3.5,0.3125],"texture":"#0"},"west":{"uv":[3.5,0.125,3.25,0.3125],"texture":"#0"},"up":{"uv":[3.0625,0.3125,2.8125,0.5625],"rotation":90,"texture":"#0"},"down":{"uv":[3.0625,0.3125,2.8125,0.5625],"rotation":90,"texture":"#0"}}},{"from":[7,0.66494,11.71538],"to":[9,5.66494,14.71538],"rotation":{"angle":22.5,"axis":"x","origin":[8,5.48139,12.05016]},"faces":{"north":{"uv":[0.625,0.75,0.875,1.375],"rotation":180,"texture":"#0"},"east":{"uv":[0.625,0.375,1.25,0.75],"rotation":90,"texture":"#0"},"south":{"uv":[0.625,0.75,0.875,1.375],"texture":"#0"},"west":{"uv":[1.25,0.375,0.625,0.75],"rotation":270,"texture":"#0"},"up":{"uv":[1.25,0.375,1.5,0.75],"texture":"#0"},"down":{"uv":[1.25,0.375,1.5,0.75],"rotation":180,"texture":"#0"}}},{"from":[6.9,-1.15748,7.82191],"to":[9.1,1.84252,12.82191],"rotation":{"angle":-22.5,"axis":"x","origin":[8,-0.65748,9.82191]},"faces":{"north":{"uv":[1.25,0.375,1.5,0.75],"texture":"#0"},"east":{"uv":[0.625,0.375,1.25,0.75],"texture":"#0"},"south":{"uv":[1.25,0.375,1.5,0.75],"texture":"#0"},"west":{"uv":[1.25,0.375,0.625,0.75],"texture":"#0"},"up":{"uv":[0.625,0.75,0.875,1.375],"texture":"#0"},"down":{"uv":[0.625,0.75,0.875,1.375],"texture":"#0"}}},{"from":[6.8,1.11493,8.87603],"to":[9.2,2.61493,10.37603],"rotation":{"angle":-45,"axis":"x","origin":[8,4.78139,12.75016]},"faces":{"north":{"uv":[1.5,1.75,1.25,1.9375],"texture":"#0"},"east":{"uv":[1.4375,1.9375,1.25,2.125],"texture":"#0"},"south":{"uv":[1.5,1.75,1.25,1.9375],"texture":"#0"},"west":{"uv":[1.4375,1.9375,1.25,2.125],"texture":"#0"},"up":{"uv":[1.5,1.5625,1.25,1.75],"texture":"#0"},"down":{"uv":[1.5,1.5625,1.25,1.75],"texture":"#0"}}},{"from":[7.15,4.69818,13.58355],"to":[8.85,6.19818,15.08355],"rotation":{"angle":0,"axis":"y","origin":[8,5.48139,12.35016]},"faces":{"north":{"uv":[1.25,1.5625,1.4375,1.75],"texture":"#0"},"east":{"uv":[1.4375,2.125,1.25,1.9375],"rotation":270,"texture":"#0"},"south":{"uv":[1.25,1.5625,1.4375,1.75],"rotation":180,"texture":"#0"},"west":{"uv":[1.4375,2.125,1.25,1.9375],"rotation":90,"texture":"#0"},"up":{"uv":[1.4375,1.9375,1.25,1.75],"rotation":180,"texture":"#0"},"down":{"uv":[1.4375,1.9375,1.25,1.75],"texture":"#0"}}},{"from":[6.02827,-10.64928,5.43044],"to":[8.02827,-9.64928,6.43044],"rotation":{"angle":45,"axis":"z","origin":[8,-10.41644,5.95518]},"faces":{"north":{"uv":[1.4375,2.375,1.1875,2.25],"texture":"#0"},"east":{"uv":[1.3125,2.5,1.1875,2.375],"texture":"#0"},"south":{"uv":[1.4375,2.375,1.1875,2.25],"texture":"#0"},"west":{"uv":[1.3125,2.5,1.1875,2.375],"texture":"#0"},"up":{"uv":[1.5,2.25,1.25,2.125],"texture":"#0"},"down":{"uv":[1.5,2.25,1.25,2.125],"texture":"#0"}}},{"from":[6.9,-11.34144,5.18018],"to":[9.1,-9.84144,6.68018],"rotation":{"angle":22.5,"axis":"x","origin":[8,-10.71644,5.95518]},"faces":{"north":{"uv":[1.5,1.9375,1.25,1.75],"texture":"#0"},"east":{"uv":[1.4375,2.125,1.25,1.9375],"texture":"#0"},"south":{"uv":[1.5,1.9375,1.25,1.75],"texture":"#0"},"west":{"uv":[1.4375,2.125,1.25,1.9375],"texture":"#0"},"up":{"uv":[1.5,1.75,1.25,1.5625],"texture":"#0"},"down":{"uv":[1.5,1.75,1.25,1.5625],"texture":"#0"}}},{"from":[7.97173,-10.64928,5.43044],"to":[9.97173,-9.64928,6.43044],"rotation":{"angle":-45,"axis":"z","origin":[8,-10.41644,5.95518]},"faces":{"north":{"uv":[1.1875,2.375,1.4375,2.25],"texture":"#0"},"east":{"uv":[1.1875,2.5,1.3125,2.375],"texture":"#0"},"south":{"uv":[1.1875,2.375,1.4375,2.25],"texture":"#0"},"west":{"uv":[1.1875,2.5,1.3125,2.375],"texture":"#0"},"up":{"uv":[1.25,2.25,1.5,2.125],"texture":"#0"},"down":{"uv":[1.25,2.25,1.5,2.125],"texture":"#0"}}},{"from":[6.9,-11.34144,9.31982],"to":[9.1,-9.84144,10.81982],"rotation":{"angle":-22.5,"axis":"x","origin":[8,-10.71644,10.04482]},"faces":{"north":{"uv":[1.25,1.9375,1.5,1.75],"texture":"#0"},"east":{"uv":[1.25,2.125,1.4375,1.9375],"texture":"#0"},"south":{"uv":[1.25,1.9375,1.5,1.75],"texture":"#0"},"west":{"uv":[1.25,2.125,1.4375,1.9375],"texture":"#0"},"up":{"uv":[1.5,1.5625,1.25,1.75],"texture":"#0"},"down":{"uv":[1.5,1.5625,1.25,1.75],"texture":"#0"}}},{"from":[6.02827,-10.64928,9.56956],"to":[8.02827,-9.64928,10.56956],"rotation":{"angle":45,"axis":"z","origin":[8,-10.41644,10.04482]},"faces":{"north":{"uv":[1.1875,2.375,1.4375,2.25],"texture":"#0"},"east":{"uv":[1.1875,2.5,1.3125,2.375],"texture":"#0"},"south":{"uv":[1.1875,2.375,1.4375,2.25],"texture":"#0"},"west":{"uv":[1.1875,2.5,1.3125,2.375],"texture":"#0"},"up":{"uv":[1.5,2.125,1.25,2.25],"texture":"#0"},"down":{"uv":[1.5,2.125,1.25,2.25],"texture":"#0"}}},{"from":[7.97173,-10.64928,9.56956],"to":[9.97173,-9.64928,10.56956],"rotation":{"angle":-45,"axis":"z","origin":[8,-10.41644,10.04482]},"faces":{"north":{"uv":[1.4375,2.375,1.1875,2.25],"texture":"#0"},"east":{"uv":[1.3125,2.5,1.1875,2.375],"texture":"#0"},"south":{"uv":[1.4375,2.375,1.1875,2.25],"texture":"#0"},"west":{"uv":[1.3125,2.5,1.1875,2.375],"texture":"#0"},"up":{"uv":[1.25,2.125,1.5,2.25],"texture":"#0"},"down":{"uv":[1.25,2.125,1.5,2.25],"texture":"#0"}}},{"from":[6,0.34149,11.76956],"to":[8,1.34149,12.76956],"rotation":{"angle":-22.5,"axis":"z","origin":[7,0.84149,12.26956]},"faces":{"north":{"uv":[1.1875,2.25,1.4375,2.375],"texture":"#0"},"east":{"uv":[1.1875,2.375,1.3125,2.5],"texture":"#0"},"south":{"uv":[1.1875,2.25,1.4375,2.375],"texture":"#0"},"west":{"uv":[1.1875,2.375,1.3125,2.5],"texture":"#0"},"up":{"uv":[1.5,2.25,1.25,2.125],"texture":"#0"},"down":{"uv":[1.5,2.25,1.25,2.125],"texture":"#0"}}},{"from":[8,0.34149,11.76956],"to":[10,1.34149,12.76956],"rotation":{"angle":22.5,"axis":"z","origin":[9,0.84149,12.26956]},"faces":{"north":{"uv":[1.4375,2.25,1.1875,2.375],"texture":"#0"},"east":{"uv":[1.3125,2.375,1.1875,2.5],"texture":"#0"},"south":{"uv":[1.4375,2.25,1.1875,2.375],"texture":"#0"},"west":{"uv":[1.3125,2.375,1.1875,2.5],"texture":"#0"},"up":{"uv":[1.25,2.25,1.5,2.125],"texture":"#0"},"down":{"uv":[1.25,2.25,1.5,2.125],"texture":"#0"}}},{"from":[7.58013,4.94117,13.4449],"to":[9.58013,5.94117,14.4449],"rotation":{"angle":45,"axis":"y","origin":[8.58013,5.44117,13.9449]},"faces":{"north":{"uv":[1.25,2.125,1.5,2.25],"texture":"#0"},"east":{"uv":[1.3125,2.5,1.1875,2.375],"rotation":270,"texture":"#0"},"south":{"uv":[1.25,2.125,1.5,2.25],"rotation":180,"texture":"#0"},"west":{"uv":[1.3125,2.5,1.1875,2.375],"rotation":90,"texture":"#0"},"up":{"uv":[1.4375,2.375,1.1875,2.25],"rotation":180,"texture":"#0"},"down":{"uv":[1.4375,2.375,1.1875,2.25],"texture":"#0"}}},{"from":[6.41987,4.94117,13.4449],"to":[8.41987,5.94117,14.4449],"rotation":{"angle":-45,"axis":"y","origin":[7.41987,5.44117,13.9449]},"faces":{"north":{"uv":[1.5,2.125,1.25,2.25],"texture":"#0"},"east":{"uv":[1.3125,2.375,1.1875,2.5],"rotation":90,"texture":"#0"},"south":{"uv":[1.5,2.125,1.25,2.25],"rotation":180,"texture":"#0"},"west":{"uv":[1.3125,2.375,1.1875,2.5],"rotation":270,"texture":"#0"},"up":{"uv":[1.1875,2.375,1.4375,2.25],"rotation":180,"texture":"#0"},"down":{"uv":[1.1875,2.375,1.4375,2.25],"texture":"#0"}}},{"from":[6.41987,2.34117,13.4449],"to":[8.41987,3.34117,14.4449],"rotation":{"angle":-45,"axis":"y","origin":[7.41987,2.84117,13.9449]},"faces":{"north":{"uv":[1.5,2.125,1.25,2.25],"texture":"#0"},"east":{"uv":[1.3125,2.375,1.1875,2.5],"rotation":90,"texture":"#0"},"south":{"uv":[1.5,2.125,1.25,2.25],"rotation":180,"texture":"#0"},"west":{"uv":[1.3125,2.375,1.1875,2.5],"rotation":270,"texture":"#0"},"up":{"uv":[1.1875,2.375,1.4375,2.25],"rotation":180,"texture":"#0"},"down":{"uv":[1.1875,2.375,1.4375,2.25],"texture":"#0"}}},{"from":[7.15,2.09818,13.58355],"to":[8.85,3.59818,15.08355],"rotation":{"angle":0,"axis":"y","origin":[8,2.88139,12.35016]},"faces":{"north":{"uv":[1.25,1.5625,1.4375,1.75],"texture":"#0"},"east":{"uv":[1.4375,2.125,1.25,1.9375],"rotation":270,"texture":"#0"},"south":{"uv":[1.25,1.5625,1.4375,1.75],"rotation":180,"texture":"#0"},"west":{"uv":[1.4375,2.125,1.25,1.9375],"rotation":90,"texture":"#0"},"up":{"uv":[1.4375,1.9375,1.25,1.75],"rotation":180,"texture":"#0"},"down":{"uv":[1.4375,1.9375,1.25,1.75],"texture":"#0"}}},{"from":[7.58013,2.34117,13.4449],"to":[9.58013,3.34117,14.4449],"rotation":{"angle":45,"axis":"y","origin":[8.58013,2.84117,13.9449]},"faces":{"north":{"uv":[1.25,2.125,1.5,2.25],"texture":"#0"},"east":{"uv":[1.3125,2.5,1.1875,2.375],"rotation":270,"texture":"#0"},"south":{"uv":[1.25,2.125,1.5,2.25],"rotation":180,"texture":"#0"},"west":{"uv":[1.3125,2.5,1.1875,2.375],"rotation":90,"texture":"#0"},"up":{"uv":[1.4375,2.375,1.1875,2.25],"rotation":180,"texture":"#0"},"down":{"uv":[1.4375,2.375,1.1875,2.25],"texture":"#0"}}},{"from":[7.5,7.58495,12.40332],"to":[8.5,10.08495,13.90332],"rotation":{"angle":-22.5,"axis":"x","origin":[8,5.08139,12.05016]},"faces":{"north":{"uv":[1.5,1.5625,1.375,1.25],"texture":"#0"},"east":{"uv":[1.375,1.5625,1.1875,1.25],"texture":"#0"},"south":{"uv":[1.5,1.5625,1.375,1.25],"texture":"#0"},"west":{"uv":[1.1875,1.5625,1.375,1.25],"texture":"#0"},"up":{"uv":[0.75,1.5625,0.625,1.375],"texture":"#0"},"down":{"uv":[0.75,1.5625,0.625,1.375],"texture":"#0"}}},{"from":[7.25,3.73545,11.55862],"to":[8.75,7.73545,14.05862],"rotation":{"angle":-22.5,"axis":"x","origin":[8,5.48139,12.05016]},"faces":{"north":{"uv":[1.1875,0.75,1.375,1.25],"texture":"#0"},"east":{"uv":[0.875,0.75,1.1875,1.25],"texture":"#0"},"south":{"uv":[1.1875,0.75,1.375,1.25],"texture":"#0"},"west":{"uv":[0.875,0.75,1.1875,1.25],"texture":"#0"},"up":{"uv":[0.875,1.25,1.0625,1.5625],"texture":"#0"},"down":{"uv":[0.875,1.25,1.0625,1.5625],"texture":"#0"}}},{"from":[6.9,-1.15748,3.17809],"to":[9.1,1.84252,8.17809],"rotation":{"angle":22.5,"axis":"x","origin":[8,-0.65748,6.17809]},"faces":{"north":{"uv":[1.5,0.375,1.25,0.75],"texture":"#0"},"east":{"uv":[1.25,0.375,0.625,0.75],"texture":"#0"},"south":{"uv":[1.5,0.375,1.25,0.75],"texture":"#0"},"west":{"uv":[0.625,0.375,1.25,0.75],"texture":"#0"},"up":{"uv":[0.625,1.375,0.875,0.75],"texture":"#0"},"down":{"uv":[0.625,1.375,0.875,0.75],"texture":"#0"}}},{"from":[6,0.34149,3.23044],"to":[8,1.34149,4.23044],"rotation":{"angle":-22.5,"axis":"z","origin":[7,0.84149,3.73044]},"faces":{"north":{"uv":[1.4375,2.25,1.1875,2.375],"texture":"#0"},"east":{"uv":[1.3125,2.375,1.1875,2.5],"texture":"#0"},"south":{"uv":[1.4375,2.25,1.1875,2.375],"texture":"#0"},"west":{"uv":[1.3125,2.375,1.1875,2.5],"texture":"#0"},"up":{"uv":[1.5,2.125,1.25,2.25],"texture":"#0"},"down":{"uv":[1.5,2.125,1.25,2.25],"texture":"#0"}}},{"from":[6.8,1.11493,5.62397],"to":[9.2,2.61493,7.12397],"rotation":{"angle":45,"axis":"x","origin":[8,4.78139,3.24984]},"faces":{"north":{"uv":[1.25,1.75,1.5,1.9375],"texture":"#0"},"east":{"uv":[1.25,1.9375,1.4375,2.125],"texture":"#0"},"south":{"uv":[1.25,1.75,1.5,1.9375],"texture":"#0"},"west":{"uv":[1.25,1.9375,1.4375,2.125],"texture":"#0"},"up":{"uv":[1.5,1.75,1.25,1.5625],"texture":"#0"},"down":{"uv":[1.5,1.75,1.25,1.5625],"texture":"#0"}}},{"from":[7,0.66494,1.28462],"to":[9,5.66494,4.28462],"rotation":{"angle":-22.5,"axis":"x","origin":[8,5.48139,3.94984]},"faces":{"north":{"uv":[0.875,0.75,0.625,1.375],"texture":"#0"},"east":{"uv":[0.625,0.75,1.25,0.375],"rotation":90,"texture":"#0"},"south":{"uv":[0.875,0.75,0.625,1.375],"rotation":180,"texture":"#0"},"west":{"uv":[1.25,0.75,0.625,0.375],"rotation":270,"texture":"#0"},"up":{"uv":[1.25,0.75,1.5,0.375],"texture":"#0"},"down":{"uv":[1.25,0.75,1.5,0.375],"rotation":180,"texture":"#0"}}},{"from":[7.15,2.09818,0.91645],"to":[8.85,3.59818,2.41645],"rotation":{"angle":0,"axis":"y","origin":[8,2.88139,3.64984]},"faces":{"north":{"uv":[1.4375,1.5625,1.25,1.75],"rotation":180,"texture":"#0"},"east":{"uv":[1.4375,1.9375,1.25,2.125],"rotation":270,"texture":"#0"},"south":{"uv":[1.4375,1.5625,1.25,1.75],"texture":"#0"},"west":{"uv":[1.4375,1.9375,1.25,2.125],"rotation":90,"texture":"#0"},"up":{"uv":[1.4375,1.75,1.25,1.9375],"rotation":180,"texture":"#0"},"down":{"uv":[1.4375,1.75,1.25,1.9375],"texture":"#0"}}},{"from":[6.41987,2.34117,1.5551],"to":[8.41987,3.34117,2.5551],"rotation":{"angle":45,"axis":"y","origin":[7.41987,2.84117,2.0551]},"faces":{"north":{"uv":[1.25,2.125,1.5,2.25],"rotation":180,"texture":"#0"},"east":{"uv":[1.3125,2.5,1.1875,2.375],"rotation":90,"texture":"#0"},"south":{"uv":[1.25,2.125,1.5,2.25],"texture":"#0"},"west":{"uv":[1.3125,2.5,1.1875,2.375],"rotation":270,"texture":"#0"},"up":{"uv":[1.1875,2.25,1.4375,2.375],"rotation":180,"texture":"#0"},"down":{"uv":[1.1875,2.25,1.4375,2.375],"texture":"#0"}}},{"from":[6.41987,4.94117,1.5551],"to":[8.41987,5.94117,2.5551],"rotation":{"angle":45,"axis":"y","origin":[7.41987,5.44117,2.0551]},"faces":{"north":{"uv":[1.25,2.125,1.5,2.25],"rotation":180,"texture":"#0"},"east":{"uv":[1.3125,2.5,1.1875,2.375],"rotation":90,"texture":"#0"},"south":{"uv":[1.25,2.125,1.5,2.25],"texture":"#0"},"west":{"uv":[1.3125,2.5,1.1875,2.375],"rotation":270,"texture":"#0"},"up":{"uv":[1.1875,2.25,1.4375,2.375],"rotation":180,"texture":"#0"},"down":{"uv":[1.1875,2.25,1.4375,2.375],"texture":"#0"}}},{"from":[7.15,4.69818,0.91645],"to":[8.85,6.19818,2.41645],"rotation":{"angle":0,"axis":"y","origin":[8,5.48139,3.64984]},"faces":{"north":{"uv":[1.4375,1.5625,1.25,1.75],"rotation":180,"texture":"#0"},"east":{"uv":[1.4375,1.9375,1.25,2.125],"rotation":270,"texture":"#0"},"south":{"uv":[1.4375,1.5625,1.25,1.75],"texture":"#0"},"west":{"uv":[1.4375,1.9375,1.25,2.125],"rotation":90,"texture":"#0"},"up":{"uv":[1.4375,1.75,1.25,1.9375],"rotation":180,"texture":"#0"},"down":{"uv":[1.4375,1.75,1.25,1.9375],"texture":"#0"}}},{"from":[7.25,3.73545,1.94138],"to":[8.75,7.73545,4.44138],"rotation":{"angle":22.5,"axis":"x","origin":[8,5.48139,3.94984]},"faces":{"north":{"uv":[1.375,0.75,1.1875,1.25],"texture":"#0"},"east":{"uv":[1.1875,0.75,0.875,1.25],"texture":"#0"},"south":{"uv":[1.375,0.75,1.1875,1.25],"texture":"#0"},"west":{"uv":[1.1875,0.75,0.875,1.25],"texture":"#0"},"up":{"uv":[0.875,1.5625,1.0625,1.25],"texture":"#0"},"down":{"uv":[0.875,1.5625,1.0625,1.25],"texture":"#0"}}},{"from":[7.5,7.58495,2.09668],"to":[8.5,10.08495,3.59668],"rotation":{"angle":22.5,"axis":"x","origin":[8,5.08139,3.94984]},"faces":{"north":{"uv":[1.375,1.5625,1.5,1.25],"texture":"#0"},"east":{"uv":[1.1875,1.5625,1.375,1.25],"texture":"#0"},"south":{"uv":[1.375,1.5625,1.5,1.25],"texture":"#0"},"west":{"uv":[1.375,1.5625,1.1875,1.25],"texture":"#0"},"up":{"uv":[0.75,1.375,0.625,1.5625],"texture":"#0"},"down":{"uv":[0.75,1.375,0.625,1.5625],"texture":"#0"}}},{"from":[7.58013,4.94117,1.5551],"to":[9.58013,5.94117,2.5551],"rotation":{"angle":-45,"axis":"y","origin":[8.58013,5.44117,2.0551]},"faces":{"north":{"uv":[1.5,2.125,1.25,2.25],"rotation":180,"texture":"#0"},"east":{"uv":[1.3125,2.375,1.1875,2.5],"rotation":270,"texture":"#0"},"south":{"uv":[1.5,2.125,1.25,2.25],"texture":"#0"},"west":{"uv":[1.3125,2.375,1.1875,2.5],"rotation":90,"texture":"#0"},"up":{"uv":[1.4375,2.25,1.1875,2.375],"rotation":180,"texture":"#0"},"down":{"uv":[1.4375,2.25,1.1875,2.375],"texture":"#0"}}},{"from":[7.58013,2.34117,1.5551],"to":[9.58013,3.34117,2.5551],"rotation":{"angle":-45,"axis":"y","origin":[8.58013,2.84117,2.0551]},"faces":{"north":{"uv":[1.5,2.125,1.25,2.25],"rotation":180,"texture":"#0"},"east":{"uv":[1.3125,2.375,1.1875,2.5],"rotation":270,"texture":"#0"},"south":{"uv":[1.5,2.125,1.25,2.25],"texture":"#0"},"west":{"uv":[1.3125,2.375,1.1875,2.5],"rotation":90,"texture":"#0"},"up":{"uv":[1.4375,2.25,1.1875,2.375],"rotation":180,"texture":"#0"},"down":{"uv":[1.4375,2.25,1.1875,2.375],"texture":"#0"}}},{"from":[8,0.34149,3.23044],"to":[10,1.34149,4.23044],"rotation":{"angle":22.5,"axis":"z","origin":[9,0.84149,3.73044]},"faces":{"north":{"uv":[1.1875,2.25,1.4375,2.375],"texture":"#0"},"east":{"uv":[1.1875,2.375,1.3125,2.5],"texture":"#0"},"south":{"uv":[1.1875,2.25,1.4375,2.375],"texture":"#0"},"west":{"uv":[1.1875,2.375,1.3125,2.5],"texture":"#0"},"up":{"uv":[1.25,2.125,1.5,2.25],"texture":"#0"},"down":{"uv":[1.25,2.125,1.5,2.25],"texture":"#0"}}},{"from":[8,-16,3.25],"to":[8,-12,13.25],"rotation":{"angle":0,"axis":"y","origin":[0,17,0]},"faces":{"north":{"uv":[0,4,0,0],"texture":"#1"},"east":{"uv":[0,4,10,0],"texture":"#1"},"south":{"uv":[0,4,0,0],"texture":"#1"},"west":{"uv":[10,4,0,0],"texture":"#1"},"up":{"uv":[0,10,0,0],"texture":"#1"},"down":{"uv":[0,0,0,10],"texture":"#1"}}},{"from":[4.6,-2,4],"to":[4.6,4,12],"faces":{"north":{"uv":[0,0,0,7],"texture":"#2"},"east":{"uv":[10,0,0,8],"texture":"#2"},"south":{"uv":[0,0,0,7],"texture":"#2"},"west":{"uv":[0,0,10,8],"texture":"#2"},"up":{"uv":[0,10,0,0],"texture":"#2"},"down":{"uv":[0,0,0,10],"texture":"#2"}}},{"from":[11.4,-3,3],"to":[11.4,5,13],"rotation":{"angle":0,"axis":"y","origin":[16,0,0]},"faces":{"north":{"uv":[0,0,0,7],"texture":"#2"},"east":{"uv":[10,0,0,8],"texture":"#2"},"south":{"uv":[0,0,0,7],"texture":"#2"},"west":{"uv":[0,0,10,8],"texture":"#2"},"up":{"uv":[0,10,0,0],"texture":"#2"},"down":{"uv":[0,0,0,10],"texture":"#2"}}},{"from":[7.5,11.5,2.7],"to":[8.5,12.5,13.2],"rotation":{"angle":0,"axis":"y","origin":[7,1,8]},"faces":{"north":{"uv":[2.5,0.75,2.375,0.875],"texture":"#0"},"east":{"uv":[3.5625,0,2.5,0.125],"texture":"#0"},"south":{"uv":[2.5,0.75,2.375,0.875],"texture":"#0"},"west":{"uv":[3.5625,0,2.5,0.125],"texture":"#0"},"up":{"uv":[2.625,0.125,2.5,1.1875],"texture":"#0"},"down":{"uv":[2.625,0.125,2.5,1.1875],"texture":"#0"}}},{"from":[7.25,11,4.2],"to":[8.75,13,11.7],"rotation":{"angle":0,"axis":"y","origin":[7,1,8]},"faces":{"north":{"uv":[2.375,0.75,2.1875,1],"texture":"#0"},"east":{"uv":[2.1875,0.75,1.5,1],"texture":"#0"},"south":{"uv":[2.375,0.75,2.1875,1],"texture":"#0"},"west":{"uv":[2.1875,0.75,1.5,1],"texture":"#0"},"up":{"uv":[1.6875,1,1.5,1.6875],"texture":"#0"},"down":{"uv":[1.6875,1,1.5,1.6875],"texture":"#0"}}},{"from":[7.75,18,3.5],"to":[8.25,19,12.5],"rotation":{"angle":0,"axis":"y","origin":[7,1,8]},"faces":{"north":{"uv":[4.5,0,4.4375,0.125],"texture":"#0"},"east":{"uv":[4.4375,0,3.5625,0.125],"texture":"#0"},"south":{"uv":[4.5,0,4.4375,0.125],"texture":"#0"},"west":{"uv":[4.4375,0,3.5625,0.125],"texture":"#0"},"up":{"uv":[2.8125,0.3125,2.75,1.1875],"texture":"#0"},"down":{"uv":[2.8125,0.3125,2.75,1.1875],"texture":"#0"}}},{"from":[7.75,21,3.5],"to":[8.25,22,12.5],"rotation":{"angle":0,"axis":"y","origin":[7,1,8]},"faces":{"north":{"uv":[4.5,0,4.4375,0.125],"texture":"#0"},"east":{"uv":[4.4375,0,3.5625,0.125],"texture":"#0"},"south":{"uv":[4.5,0,4.4375,0.125],"texture":"#0"},"west":{"uv":[4.4375,0,3.5625,0.125],"texture":"#0"},"up":{"uv":[2.8125,0.3125,2.75,1.1875],"texture":"#0"},"down":{"uv":[2.8125,0.3125,2.75,1.1875],"texture":"#0"}}},{"from":[3.475,18,7.725],"to":[12.475,19,8.225],"rotation":{"angle":0,"axis":"y","origin":[8,16.75,7.975]},"faces":{"north":{"uv":[4.4375,0,3.5625,0.125],"texture":"#0"},"east":{"uv":[4.5,0,4.4375,0.125],"texture":"#0"},"south":{"uv":[4.4375,0,3.5625,0.125],"texture":"#0"},"west":{"uv":[4.5,0,4.4375,0.125],"texture":"#0"},"up":{"uv":[2.8125,0.3125,2.75,1.1875],"rotation":90,"texture":"#0"},"down":{"uv":[2.8125,0.3125,2.75,1.1875],"rotation":270,"texture":"#0"}}},{"from":[7.75,15,3.5],"to":[8.25,16,12.5],"rotation":{"angle":0,"axis":"y","origin":[7,1,8]},"faces":{"north":{"uv":[4.5,0,4.4375,0.125],"texture":"#0"},"east":{"uv":[4.4375,0,3.5625,0.125],"texture":"#0"},"south":{"uv":[4.5,0,4.4375,0.125],"texture":"#0"},"west":{"uv":[4.4375,0,3.5625,0.125],"texture":"#0"},"up":{"uv":[2.8125,0.3125,2.75,1.1875],"texture":"#0"},"down":{"uv":[2.8125,0.3125,2.75,1.1875],"texture":"#0"}}},{"from":[3.475,15,7.725],"to":[12.475,16,8.225],"rotation":{"angle":0,"axis":"y","origin":[8,16.75,7.975]},"faces":{"north":{"uv":[4.4375,0,3.5625,0.125],"texture":"#0"},"east":{"uv":[4.5,0,4.4375,0.125],"texture":"#0"},"south":{"uv":[4.4375,0,3.5625,0.125],"texture":"#0"},"west":{"uv":[4.5,0,4.4375,0.125],"texture":"#0"},"up":{"uv":[2.8125,0.3125,2.75,1.1875],"rotation":90,"texture":"#0"},"down":{"uv":[2.8125,0.3125,2.75,1.1875],"rotation":270,"texture":"#0"}}},{"from":[3.475,21,7.725],"to":[12.475,22,8.225],"rotation":{"angle":0,"axis":"y","origin":[8,16.75,7.975]},"faces":{"north":{"uv":[4.4375,0,3.5625,0.125],"texture":"#0"},"east":{"uv":[4.5,0,4.4375,0.125],"texture":"#0"},"south":{"uv":[4.4375,0,3.5625,0.125],"texture":"#0"},"west":{"uv":[4.5,0,4.4375,0.125],"texture":"#0"},"up":{"uv":[2.8125,0.3125,2.75,1.1875],"rotation":90,"texture":"#0"},"down":{"uv":[2.8125,0.3125,2.75,1.1875],"rotation":270,"texture":"#0"}}},{"from":[4.275,11,7.225],"to":[11.775,13,8.725],"rotation":{"angle":0,"axis":"y","origin":[8,16.75,7.975]},"faces":{"north":{"uv":[2.1875,0.75,1.5,1],"texture":"#0"},"east":{"uv":[2.375,0.75,2.1875,1],"texture":"#0"},"south":{"uv":[2.1875,0.75,1.5,1],"texture":"#0"},"west":{"uv":[2.375,0.75,2.1875,1],"texture":"#0"},"up":{"uv":[1.6875,1,1.5,1.6875],"rotation":90,"texture":"#0"},"down":{"uv":[1.6875,1,1.5,1.6875],"rotation":270,"texture":"#0"}}},{"from":[2.775,11.5,7.475],"to":[13.275,12.5,8.475],"rotation":{"angle":0,"axis":"y","origin":[8,16.75,7.975]},"faces":{"north":{"uv":[3.5625,0,2.5,0.125],"texture":"#0"},"east":{"uv":[2.5,0.75,2.375,0.875],"texture":"#0"},"south":{"uv":[3.5625,0,2.5,0.125],"texture":"#0"},"west":{"uv":[2.5,0.75,2.375,0.875],"texture":"#0"},"up":{"uv":[2.625,0.125,2.5,1.1875],"rotation":90,"texture":"#0"},"down":{"uv":[2.625,0.125,2.5,1.1875],"rotation":270,"texture":"#0"}}},{"from":[7.5,24.5,2.7],"to":[8.5,25.5,13.2],"rotation":{"angle":0,"axis":"y","origin":[7,1,8]},"faces":{"north":{"uv":[2.5,0.75,2.375,0.875],"texture":"#0"},"east":{"uv":[3.5625,0,2.5,0.125],"texture":"#0"},"south":{"uv":[2.5,0.75,2.375,0.875],"texture":"#0"},"west":{"uv":[3.5625,0,2.5,0.125],"texture":"#0"},"up":{"uv":[2.625,0.125,2.5,1.1875],"texture":"#0"},"down":{"uv":[2.625,0.125,2.5,1.1875],"texture":"#0"}}},{"from":[7.25,24,4.2],"to":[8.75,26,11.7],"rotation":{"angle":0,"axis":"y","origin":[7,1,8]},"faces":{"north":{"uv":[2.375,0.75,2.1875,1],"texture":"#0"},"east":{"uv":[2.1875,0.75,1.5,1],"texture":"#0"},"south":{"uv":[2.375,0.75,2.1875,1],"texture":"#0"},"west":{"uv":[2.1875,0.75,1.5,1],"texture":"#0"},"up":{"uv":[1.6875,1,1.5,1.6875],"texture":"#0"},"down":{"uv":[1.6875,1,1.5,1.6875],"texture":"#0"}}},{"from":[2.775,24.5,7.475],"to":[13.275,25.5,8.475],"rotation":{"angle":0,"axis":"y","origin":[8,16.75,7.975]},"faces":{"north":{"uv":[3.5625,0,2.5,0.125],"texture":"#0"},"east":{"uv":[2.5,0.75,2.375,0.875],"texture":"#0"},"south":{"uv":[3.5625,0,2.5,0.125],"texture":"#0"},"west":{"uv":[2.5,0.75,2.375,0.875],"texture":"#0"},"up":{"uv":[2.625,0.125,2.5,1.1875],"rotation":90,"texture":"#0"},"down":{"uv":[2.625,0.125,2.5,1.1875],"rotation":270,"texture":"#0"}}},{"from":[4.275,24,7.225],"to":[11.775,26,8.725],"rotation":{"angle":0,"axis":"y","origin":[8,16.75,7.975]},"faces":{"north":{"uv":[2.1875,0.75,1.5,1],"texture":"#0"},"east":{"uv":[2.375,0.75,2.1875,1],"texture":"#0"},"south":{"uv":[2.1875,0.75,1.5,1],"texture":"#0"},"west":{"uv":[2.375,0.75,2.1875,1],"texture":"#0"},"up":{"uv":[1.6875,1,1.5,1.6875],"rotation":90,"texture":"#0"},"down":{"uv":[1.6875,1,1.5,1.6875],"rotation":270,"texture":"#0"}}},{"from":[4.275,7,7.225],"to":[11.775,9,8.725],"rotation":{"angle":0,"axis":"y","origin":[8,16.75,7.975]},"faces":{"north":{"uv":[2.1875,0.75,1.5,1],"texture":"#0"},"east":{"uv":[2.375,0.75,2.1875,1],"texture":"#0"},"south":{"uv":[2.1875,0.75,1.5,1],"texture":"#0"},"west":{"uv":[2.375,0.75,2.1875,1],"texture":"#0"},"up":{"uv":[1.6875,1,1.5,1.6875],"rotation":90,"texture":"#0"},"down":{"uv":[1.6875,1,1.5,1.6875],"rotation":270,"texture":"#0"}}},{"from":[2.775,7.5,7.475],"to":[13.275,8.5,8.475],"rotation":{"angle":0,"axis":"y","origin":[8,16.75,7.975]},"faces":{"north":{"uv":[3.5625,0,2.5,0.125],"texture":"#0"},"east":{"uv":[2.5,0.75,2.375,0.875],"texture":"#0"},"south":{"uv":[3.5625,0,2.5,0.125],"texture":"#0"},"west":{"uv":[2.5,0.75,2.375,0.875],"texture":"#0"},"up":{"uv":[2.625,0.125,2.5,1.1875],"rotation":90,"texture":"#0"},"down":{"uv":[2.625,0.125,2.5,1.1875],"rotation":270,"texture":"#0"}}},{"from":[7.5,24.4,5.6],"to":[8.5,28.4,9.6],"rotation":{"angle":45,"axis":"x","origin":[8,26,8]},"faces":{"north":{"uv":[2.25,1.75,2.125,2.25],"texture":"#0"},"east":{"uv":[1.5,1.75,2,2.25],"texture":"#0"},"south":{"uv":[2,1.75,2.125,2.25],"texture":"#0"},"west":{"uv":[2,1.75,1.5,2.25],"texture":"#0"},"up":{"uv":[2,1.75,2.125,2.25],"texture":"#0"},"down":{"uv":[2.125,1.75,2.25,2.25],"texture":"#0"}}},{"from":[8,28,3.25],"to":[8,32,13.25],"rotation":{"angle":0,"axis":"y","origin":[0,-1,0]},"faces":{"north":{"uv":[0,0,0,4],"texture":"#1"},"east":{"uv":[0,0,10,4],"texture":"#1"},"south":{"uv":[0,0,0,4],"texture":"#1"},"west":{"uv":[10,0,0,4],"texture":"#1"},"up":{"uv":[0,10,0,0],"texture":"#1"},"down":{"uv":[0,0,0,10],"texture":"#1"}}}],"gui_light":"front","display":{"thirdperson_righthand":{"translation":[0,7.75,1.75],"scale":[0.7,0.7,0.7]},"thirdperson_lefthand":{"translation":[0,7.75,1.75],"scale":[0.7,0.7,0.7]},"firstperson_righthand":{"rotation":[3,0,0],"translation":[3.25,4.75,0],"scale":[0.35,0.35,0.35]},"firstperson_lefthand":{"rotation":[3,0,0],"translation":[3.25,4.75,0],"scale":[0.35,0.35,0.35]},"ground":{"rotation":[45,0,0],"translation":[0,9,0],"scale":[0.45,0.45,0.45]},"gui":{"rotation":[-90,-45,-90],"translation":[0,0,-1.5],"scale":[0.42969,0.42969,0.42969]},"head":{"scale":[0,0,0]},"fixed":{"rotation":[0,90,0],"translation":[0,6,-4.25],"scale":[1.4,1.4,1.4]}}}