{"credit":"MadewithBlockbench","texture_size":[64,64],"textures":{"0":"dreadknight:dreadknight/dreadknight_chest","1":"dreadknight:dreadknight/dreadknight_eye_animate","particle":"dreadknight:dreadknight/dreadknight_chest"},"elements":[{"from":[0,0,3],"to":[16,5,14],"rotation":{"angle":0,"axis":"y","origin":[16,-11,-6]},"faces":{"north":{"uv":[10.375,10.5,11.625,14.5],"rotation":90,"texture":"#0"},"east":{"uv":[5.5,9.75,6.75,12.5],"rotation":90,"texture":"#0"},"south":{"uv":[10.375,10.5,11.625,14.5],"rotation":90,"texture":"#0"},"west":{"uv":[5.5,9.75,6.75,12.5],"rotation":90,"texture":"#0"},"down":{"uv":[14.5,0.125,15.875,2.125],"rotation":270,"texture":"#0"}}},{"from":[0,11,3],"to":[16,14,14],"rotation":{"angle":0,"axis":"y","origin":[8,5,14]},"faces":{"north":{"uv":[12,4.25,16,5],"texture":"#0"},"east":{"uv":[9.25,3,12,3.75],"texture":"#0"},"south":{"uv":[16,4.25,12,5],"texture":"#0"},"west":{"uv":[9.25,3,12,3.75],"texture":"#0"},"up":{"uv":[12,3,16,5.75],"rotation":180,"texture":"#0"}}},{"from":[0.75736,6.24264,0],"to":[6.75736,12.24264,4],"rotation":{"angle":-45,"axis":"z","origin":[8,5,14]},"faces":{"north":{"uv":[0.5,5,2,6.5],"rotation":90,"texture":"#0"},"east":{"uv":[5.25,1.25,6.25,2.75],"texture":"#0"},"south":{"uv":[0.5,5,2,6.5],"texture":"#0"},"west":{"uv":[5.25,2.75,6.25,4.25],"texture":"#0"},"up":{"uv":[6.25,5.75,5.25,4.25],"rotation":90,"texture":"#0"},"down":{"uv":[5.25,1.25,6.25,2.75],"rotation":270,"texture":"#0"}}},{"from":[5.44834,9.30864,1],"to":[8.44834,11.30864,3],"rotation":{"angle":22.5,"axis":"z","origin":[8,5,14]},"faces":{"north":{"uv":[8.25,0.75,7.5,1.25],"texture":"#0"},"south":{"uv":[7.5,0.75,8.25,1.25],"texture":"#0"},"west":{"uv":[4.5,8,5,8.5],"texture":"#0"},"up":{"uv":[8.25,2,7.75,1.25],"rotation":90,"texture":"#0"},"down":{"uv":[8.25,2,7.75,2.75],"rotation":270,"texture":"#0"}}},{"from":[-1.14386,8.77791,1],"to":[4.85614,11.77791,3],"rotation":{"angle":-22.5,"axis":"z","origin":[8,5,14]},"faces":{"north":{"uv":[8,0,6.5,0.75],"texture":"#0"},"east":{"uv":[7.75,2.75,8.25,3.5],"texture":"#0"},"south":{"uv":[6.5,0,8,0.75],"texture":"#0"},"up":{"uv":[2.5,8.75,2,7.25],"rotation":90,"texture":"#0"},"down":{"uv":[3,7.25,2.5,8.75],"rotation":270,"texture":"#0"}}},{"from":[4.20116,14.14386,0.9],"to":[7.20116,18.14386,3.1],"rotation":{"angle":22.5,"axis":"z","origin":[8,5,14]},"faces":{"north":{"uv":[4.5,7.25,3.75,8.25],"texture":"#0"},"east":{"uv":[3,7.25,3.5,8.25],"texture":"#0"},"south":{"uv":[3.75,7.25,4.5,8.25],"texture":"#0"},"west":{"uv":[7.25,7,7.75,8],"texture":"#0"},"up":{"uv":[8.25,4.25,7.75,3.5],"rotation":90,"texture":"#0"}}},{"from":[9.49884,17.59283,1.5],"to":[11.49884,20.59283,2.5],"rotation":{"angle":45,"axis":"z","origin":[8,5,14]},"faces":{"north":{"uv":[8.25,7,7.75,7.75],"texture":"#0"},"east":{"uv":[3.75,5,4,5.75],"texture":"#0"},"south":{"uv":[7.75,7,8.25,7.75],"texture":"#0"},"west":{"uv":[4.5,7.25,4.75,8],"texture":"#0"},"up":{"uv":[8.5,1.25,8.25,0.75],"rotation":90,"texture":"#0"},"down":{"uv":[8.5,1.25,8.25,1.75],"rotation":270,"texture":"#0"}}},{"from":[12,8.39882,12.51029],"to":[14,11.39882,18.51029],"rotation":{"angle":-45,"axis":"x","origin":[13,9.64636,17.11258]},"faces":{"north":{"uv":[8.25,2.75,7.75,3.5],"texture":"#0"},"east":{"uv":[6.5,0,8,0.75],"texture":"#0"},"west":{"uv":[8,0,6.5,0.75],"texture":"#0"},"up":{"uv":[2.5,7.25,2,8.75],"rotation":180,"texture":"#0"},"down":{"uv":[3,8.75,2.5,7.25],"rotation":180,"texture":"#0"}}},{"from":[11.9,9.75933,15.98759],"to":[14.1,13.75933,18.98759],"rotation":{"angle":0,"axis":"y","origin":[13,9.64636,17.11258]},"faces":{"north":{"uv":[3.5,7.25,3,8.25],"texture":"#0"},"east":{"uv":[3.75,7.25,4.5,8.25],"texture":"#0"},"south":{"uv":[7.75,7,7.25,8],"texture":"#0"},"west":{"uv":[4.5,7.25,3.75,8.25],"texture":"#0"},"up":{"uv":[8.25,3.5,7.75,4.25],"rotation":180,"texture":"#0"}}},{"from":[12.5,13.15952,15.29232],"to":[13.5,16.15952,17.29232],"rotation":{"angle":22.5,"axis":"x","origin":[13,9.64636,17.11258]},"faces":{"north":{"uv":[4,5,3.75,5.75],"texture":"#0"},"east":{"uv":[7.75,7,8.25,7.75],"texture":"#0"},"south":{"uv":[4.75,7.25,4.5,8],"texture":"#0"},"west":{"uv":[8.25,7,7.75,7.75],"texture":"#0"},"up":{"uv":[8.5,0.75,8.25,1.25],"rotation":180,"texture":"#0"},"down":{"uv":[8.5,1.75,8.25,1.25],"rotation":180,"texture":"#0"}}},{"from":[5,10.39882,12.51029],"to":[7,13.39882,18.51029],"rotation":{"angle":-22.5,"axis":"x","origin":[6,11.64636,17.11258]},"faces":{"north":{"uv":[8.25,2.75,7.75,3.5],"texture":"#0"},"east":{"uv":[6.5,0,8,0.75],"texture":"#0"},"west":{"uv":[8,0,6.5,0.75],"texture":"#0"},"up":{"uv":[2.5,7.25,2,8.75],"rotation":180,"texture":"#0"},"down":{"uv":[3,8.75,2.5,7.25],"rotation":180,"texture":"#0"}}},{"from":[4.9,11.75933,15.98759],"to":[7.1,15.75933,18.98759],"rotation":{"angle":22.5,"axis":"x","origin":[6,11.64636,17.11258]},"faces":{"north":{"uv":[3.5,7.25,3,8.25],"texture":"#0"},"east":{"uv":[3.75,7.25,4.5,8.25],"texture":"#0"},"south":{"uv":[7.75,7,7.25,8],"texture":"#0"},"west":{"uv":[4.5,7.25,3.75,8.25],"texture":"#0"},"up":{"uv":[8.25,3.5,7.75,4.25],"rotation":180,"texture":"#0"}}},{"from":[5.5,15.15952,15.29232],"to":[6.5,18.15952,17.29232],"rotation":{"angle":45,"axis":"x","origin":[6,11.64636,17.11258]},"faces":{"north":{"uv":[4,5,3.75,5.75],"texture":"#0"},"east":{"uv":[7.75,7,8.25,7.75],"texture":"#0"},"south":{"uv":[4.75,7.25,4.5,8],"texture":"#0"},"west":{"uv":[8.25,7,7.75,7.75],"texture":"#0"},"up":{"uv":[8.5,0.75,8.25,1.25],"rotation":180,"texture":"#0"},"down":{"uv":[8.5,1.75,8.25,1.25],"rotation":180,"texture":"#0"}}},{"from":[4,17.42445,10.56216],"to":[6,20.42445,16.56216],"rotation":{"angle":0,"axis":"y","origin":[5,18.7218,15.10757]},"faces":{"north":{"uv":[8.25,2.75,7.75,3.5],"texture":"#0"},"east":{"uv":[6.5,0,8,0.75],"texture":"#0"},"west":{"uv":[8,0,6.5,0.75],"texture":"#0"},"up":{"uv":[2.5,7.25,2,8.75],"rotation":180,"texture":"#0"},"down":{"uv":[3,8.75,2.5,7.25],"rotation":180,"texture":"#0"}}},{"from":[3.5,10.55421,10.23285],"to":[6.5,18.55421,14.23285],"rotation":{"angle":22.5,"axis":"x","origin":[5,18.7218,15.10757]},"faces":{"north":{"uv":[2.375,3,1.625,5],"texture":"#0"},"east":{"uv":[1.75,0,2.75,2],"rotation":180,"texture":"#0"},"south":{"uv":[4.625,5.25,4.875,5.5],"rotation":270,"texture":"#0"},"west":{"uv":[1.75,2,2.75,0],"texture":"#0"},"up":{"uv":[1.5,4,0.75,5],"texture":"#0"},"down":{"uv":[8.25,2.75,7.75,3.5],"rotation":180,"texture":"#0"}}},{"from":[3.9,16.77135,15.22555],"to":[6.1,19.77135,19.22555],"rotation":{"angle":-45,"axis":"x","origin":[5,18.7218,15.10757]},"faces":{"east":{"uv":[3.75,7.25,4.5,8.25],"rotation":270,"texture":"#0"},"south":{"uv":[8.25,3.5,7.75,4.25],"rotation":180,"texture":"#0"},"west":{"uv":[4.5,7.25,3.75,8.25],"rotation":90,"texture":"#0"},"up":{"uv":[3.5,7.25,3,8.25],"rotation":180,"texture":"#0"},"down":{"uv":[7.75,7,7.25,8],"texture":"#0"}}},{"from":[4.5,18.47427,18.65423],"to":[5.5,20.47427,21.65423],"rotation":{"angle":-22.5,"axis":"x","origin":[5,18.7218,15.10757]},"faces":{"north":{"uv":[8.5,1.75,8.25,1.25],"texture":"#0"},"east":{"uv":[7.75,7,8.25,7.75],"rotation":270,"texture":"#0"},"south":{"uv":[8.5,0.75,8.25,1.25],"rotation":180,"texture":"#0"},"west":{"uv":[8.25,7,7.75,7.75],"rotation":90,"texture":"#0"},"up":{"uv":[4,5,3.75,5.75],"rotation":180,"texture":"#0"},"down":{"uv":[4.75,7.25,4.5,8],"texture":"#0"}}},{"from":[8,14.26779,8.96733],"to":[10,17.26779,14.96733],"rotation":{"angle":22.5,"axis":"x","origin":[9,16.97969,14.9273]},"faces":{"north":{"uv":[8.25,2.75,7.75,3.5],"texture":"#0"},"east":{"uv":[6.5,0,8,0.75],"texture":"#0"},"west":{"uv":[8,0,6.5,0.75],"texture":"#0"},"up":{"uv":[2.5,7.25,2,8.75],"rotation":180,"texture":"#0"},"down":{"uv":[3,8.75,2.5,7.25],"rotation":180,"texture":"#0"}}},{"from":[7.5,13.65619,1.25947],"to":[10.5,17.65619,9.25947],"rotation":{"angle":-45,"axis":"x","origin":[9,18.90619,7.10947]},"faces":{"north":{"uv":[8.25,2.75,7.75,3.5],"texture":"#0"},"east":{"uv":[1.75,0,2.75,2],"rotation":90,"texture":"#0"},"south":{"uv":[1.5,4,0.75,5],"texture":"#0"},"west":{"uv":[1.75,2,2.75,0],"rotation":90,"texture":"#0"},"up":{"uv":[2.375,3,1.625,5],"rotation":180,"texture":"#0"},"down":{"uv":[4.625,5.25,4.875,5.5],"rotation":270,"texture":"#0"}}},{"from":[7.9,15.02925,13.04479],"to":[10.1,18.02925,17.04479],"rotation":{"angle":-22.5,"axis":"x","origin":[9,16.97969,14.9273]},"faces":{"east":{"uv":[3.75,7.25,4.5,8.25],"rotation":270,"texture":"#0"},"south":{"uv":[8.25,3.5,7.75,4.25],"rotation":180,"texture":"#0"},"west":{"uv":[4.5,7.25,3.75,8.25],"rotation":90,"texture":"#0"},"up":{"uv":[3.5,7.25,3,8.25],"rotation":180,"texture":"#0"},"down":{"uv":[7.75,7,7.25,8],"texture":"#0"}}},{"from":[8.5,15.96662,16.62574],"to":[9.5,17.96662,19.62574],"rotation":{"angle":0,"axis":"y","origin":[9,16.97969,14.9273]},"faces":{"north":{"uv":[8.5,1.75,8.25,1.25],"texture":"#0"},"east":{"uv":[7.75,7,8.25,7.75],"rotation":270,"texture":"#0"},"south":{"uv":[8.5,0.75,8.25,1.25],"rotation":180,"texture":"#0"},"west":{"uv":[8.25,7,7.75,7.75],"rotation":90,"texture":"#0"},"up":{"uv":[4,5,3.75,5.75],"rotation":180,"texture":"#0"},"down":{"uv":[4.75,7.25,4.5,8],"texture":"#0"}}},{"from":[12.4,12.87132,4.77417],"to":[14.6,16.87132,7.77417],"rotation":{"angle":22.5,"axis":"x","origin":[13.5,16.28756,6.66698]},"faces":{"north":{"uv":[3.5,7.25,3,8.25],"texture":"#0"},"east":{"uv":[3.75,7.25,4.5,8.25],"texture":"#0"},"south":{"uv":[7.75,7,7.25,8],"texture":"#0"},"west":{"uv":[4.5,7.25,3.75,8.25],"texture":"#0"},"up":{"uv":[8.25,3.5,7.75,4.25],"rotation":180,"texture":"#0"}}},{"from":[13,16.24632,5.48792],"to":[14,19.24632,7.48792],"rotation":{"angle":45,"axis":"x","origin":[13.5,16.28756,6.66698]},"faces":{"north":{"uv":[4,5,3.75,5.75],"texture":"#0"},"east":{"uv":[7.75,7,8.25,7.75],"texture":"#0"},"south":{"uv":[4.75,7.25,4.5,8],"texture":"#0"},"west":{"uv":[8.25,7,7.75,7.75],"texture":"#0"},"up":{"uv":[8.5,0.75,8.25,1.25],"rotation":180,"texture":"#0"},"down":{"uv":[8.5,1.75,8.25,1.25],"rotation":180,"texture":"#0"}}},{"from":[-5.4012,6.74683,14.75],"to":[-2.4012,8.74683,16.75],"rotation":{"angle":45,"axis":"y","origin":[-3.60066,9.63873,11]},"faces":{"north":{"uv":[8.25,0.75,7.5,1.25],"texture":"#0"},"south":{"uv":[7.5,0.75,8.25,1.25],"texture":"#0"},"west":{"uv":[4.5,8,5,8.5],"texture":"#0"},"up":{"uv":[8.25,2,7.75,1.25],"rotation":90,"texture":"#0"},"down":{"uv":[8.25,2,7.75,2.75],"rotation":270,"texture":"#0"}}},{"from":[-7.4012,7.24683,15.25],"to":[-5.4012,8.24683,16.25],"rotation":{"angle":45,"axis":"y","origin":[-3.60066,9.63873,11]},"faces":{"north":{"uv":[7.25,8,6.75,8.25],"texture":"#0"},"south":{"uv":[6.75,8,7.25,8.25],"texture":"#0"},"west":{"uv":[4,8.25,4.25,8.5],"texture":"#0"},"up":{"uv":[7.5,8.5,7.25,8],"rotation":90,"texture":"#0"},"down":{"uv":[7.75,8,7.5,8.5],"rotation":270,"texture":"#0"}}},{"from":[14.38962,6.24683,15.70515],"to":[16.38962,8.24683,18.70515],"rotation":{"angle":22.5,"axis":"y","origin":[11.38962,7.74683,15.45515]},"faces":{"east":{"uv":[7.5,0.75,8.25,1.25],"texture":"#0"},"south":{"uv":[4.5,8,5,8.5],"texture":"#0"},"west":{"uv":[8.25,0.75,7.5,1.25],"texture":"#0"},"up":{"uv":[8.25,2,7.75,1.25],"texture":"#0"},"down":{"uv":[8.25,2,7.75,2.75],"texture":"#0"}}},{"from":[14.88962,6.74683,18.70515],"to":[15.88962,7.74683,20.70515],"rotation":{"angle":22.5,"axis":"y","origin":[11.38962,7.74683,15.45515]},"faces":{"east":{"uv":[6.75,8,7.25,8.25],"texture":"#0"},"south":{"uv":[4,8.25,4.25,8.5],"texture":"#0"},"west":{"uv":[7.25,8,6.75,8.25],"texture":"#0"},"up":{"uv":[7.5,8.5,7.25,8],"texture":"#0"},"down":{"uv":[7.75,8,7.5,8.5],"texture":"#0"}}},{"from":[20.26822,13.74683,7.34099],"to":[23.26822,15.74683,9.34099],"rotation":{"angle":45,"axis":"z","origin":[21.26822,11.74683,8.34099]},"faces":{"north":{"uv":[7.5,0.75,8.25,1.25],"texture":"#0"},"east":{"uv":[4.5,8,5,8.5],"texture":"#0"},"south":{"uv":[8.25,0.75,7.5,1.25],"texture":"#0"},"up":{"uv":[8.25,2,7.75,1.25],"rotation":270,"texture":"#0"},"down":{"uv":[8.25,2,7.75,2.75],"rotation":90,"texture":"#0"}}},{"from":[16.26822,13.24683,6.84099],"to":[20.26822,16.24683,9.84099],"rotation":{"angle":45,"axis":"z","origin":[21.26822,11.74683,8.34099]},"faces":{"north":{"uv":[9.5,5.25,8.75,4.25],"rotation":90,"texture":"#0"},"east":{"uv":[8.75,5.25,9.5,6],"texture":"#0"},"south":{"uv":[8.75,4.25,9.5,5.25],"rotation":90,"texture":"#0"},"up":{"uv":[9.5,5.25,8.75,4.25],"rotation":270,"texture":"#0"},"down":{"uv":[8.75,4.25,9.5,5.25],"rotation":90,"texture":"#0"}}},{"from":[23.26822,14.24683,7.84099],"to":[25.26822,15.24683,8.84099],"rotation":{"angle":45,"axis":"z","origin":[21.26822,11.74683,8.34099]},"faces":{"north":{"uv":[6.75,8,7.25,8.25],"texture":"#0"},"east":{"uv":[4,8.25,4.25,8.5],"texture":"#0"},"south":{"uv":[7.25,8,6.75,8.25],"texture":"#0"},"up":{"uv":[7.5,8.5,7.25,8],"rotation":270,"texture":"#0"},"down":{"uv":[7.75,8,7.5,8.5],"rotation":90,"texture":"#0"}}},{"from":[-7.26822,13.74683,10.34099],"to":[-4.26822,15.74683,12.34099],"rotation":{"angle":-45,"axis":"z","origin":[-5.26822,11.74683,8.34099]},"faces":{"north":{"uv":[8.25,0.75,7.5,1.25],"texture":"#0"},"south":{"uv":[7.5,0.75,8.25,1.25],"texture":"#0"},"west":{"uv":[5,8,4.5,8.5],"texture":"#0"},"up":{"uv":[8.25,1.25,7.75,2],"rotation":270,"texture":"#0"},"down":{"uv":[8.25,2.75,7.75,2],"rotation":90,"texture":"#0"}}},{"from":[-4.26822,13.24683,9.84099],"to":[-0.26822,16.24683,12.84099],"rotation":{"angle":-45,"axis":"z","origin":[-5.26822,11.74683,8.34099]},"faces":{"north":{"uv":[9.5,4.25,8.75,5.25],"rotation":90,"texture":"#0"},"south":{"uv":[8.75,5.25,9.5,4.25],"rotation":90,"texture":"#0"},"west":{"uv":[9.5,5.25,8.75,6],"texture":"#0"},"up":{"uv":[9.5,4.25,8.75,5.25],"rotation":270,"texture":"#0"},"down":{"uv":[8.75,5.25,9.5,4.25],"rotation":90,"texture":"#0"}}},{"from":[-9.26822,14.24683,10.84099],"to":[-7.26822,15.24683,11.84099],"rotation":{"angle":-45,"axis":"z","origin":[-5.26822,11.74683,8.34099]},"faces":{"north":{"uv":[7.25,8,6.75,8.25],"texture":"#0"},"south":{"uv":[6.75,8,7.25,8.25],"texture":"#0"},"west":{"uv":[4.25,8.25,4,8.5],"texture":"#0"},"up":{"uv":[7.5,8,7.25,8.5],"rotation":270,"texture":"#0"},"down":{"uv":[7.75,8.5,7.5,8],"rotation":90,"texture":"#0"}}},{"from":[11.5988,15.74683,12.75],"to":[13.5988,17.74683,15.75],"rotation":{"angle":-45,"axis":"x","origin":[15.0988,15.74683,13.75]},"faces":{"east":{"uv":[7.5,0.75,8.25,1.25],"texture":"#0"},"south":{"uv":[4.5,8,5,8.5],"texture":"#0"},"west":{"uv":[8.25,0.75,7.5,1.25],"texture":"#0"},"up":{"uv":[8.25,2,7.75,1.25],"texture":"#0"},"down":{"uv":[8.25,2,7.75,2.75],"texture":"#0"}}},{"from":[11.0988,15.24683,8.75],"to":[14.0988,18.24683,12.75],"rotation":{"angle":-45,"axis":"x","origin":[15.0988,15.74683,13.75]},"faces":{"east":{"uv":[9.5,5.25,8.75,4.25],"rotation":90,"texture":"#0"},"south":{"uv":[8.75,5.25,9.5,6],"texture":"#0"},"west":{"uv":[8.75,4.25,9.5,5.25],"rotation":90,"texture":"#0"},"up":{"uv":[9.5,5.25,8.75,4.25],"texture":"#0"},"down":{"uv":[8.75,4.25,9.5,5.25],"texture":"#0"}}},{"from":[12.0988,16.24683,15.75],"to":[13.0988,17.24683,17.75],"rotation":{"angle":-45,"axis":"x","origin":[15.0988,15.74683,13.75]},"faces":{"east":{"uv":[6.75,8,7.25,8.25],"texture":"#0"},"south":{"uv":[4,8.25,4.25,8.5],"texture":"#0"},"west":{"uv":[7.25,8,6.75,8.25],"texture":"#0"},"up":{"uv":[7.5,8.5,7.25,8],"texture":"#0"},"down":{"uv":[7.75,8,7.5,8.5],"texture":"#0"}}},{"from":[4.0988,16.26469,5.67954],"to":[6.0988,19.26469,7.67954],"rotation":{"angle":22.5,"axis":"x","origin":[5.0988,17.26469,6.67954]},"faces":{"north":{"uv":[8.25,2,7.75,1.25],"rotation":180,"texture":"#0"},"east":{"uv":[7.5,0.75,8.25,1.25],"rotation":90,"texture":"#0"},"south":{"uv":[8.25,2,7.75,2.75],"texture":"#0"},"west":{"uv":[8.25,0.75,7.5,1.25],"rotation":270,"texture":"#0"},"up":{"uv":[4.5,8,5,8.5],"texture":"#0"}}},{"from":[3.5988,12.26469,5.17954],"to":[6.5988,16.26469,8.17954],"rotation":{"angle":22.5,"axis":"x","origin":[5.0988,17.26469,6.67954]},"faces":{"north":{"uv":[9.5,5.25,8.75,4.25],"rotation":180,"texture":"#0"},"east":{"uv":[9.5,5.25,8.75,4.25],"rotation":180,"texture":"#0"},"south":{"uv":[8.75,4.25,9.5,5.25],"texture":"#0"},"west":{"uv":[8.75,4.25,9.5,5.25],"texture":"#0"},"up":{"uv":[8.75,5.25,9.5,6],"texture":"#0"}}},{"from":[4.5988,19.26469,6.17954],"to":[5.5988,21.26469,7.17954],"rotation":{"angle":22.5,"axis":"x","origin":[5.0988,17.26469,6.67954]},"faces":{"north":{"uv":[7.5,8.5,7.25,8],"rotation":180,"texture":"#0"},"east":{"uv":[6.75,8,7.25,8.25],"rotation":90,"texture":"#0"},"south":{"uv":[7.75,8,7.5,8.5],"texture":"#0"},"west":{"uv":[7.25,8,6.75,8.25],"rotation":270,"texture":"#0"},"up":{"uv":[4,8.25,4.25,8.5],"texture":"#0"}}},{"from":[1.0988,16.49932,8.5273],"to":[3.0988,19.49932,10.5273],"rotation":{"angle":45,"axis":"x","origin":[2.0988,16.49932,8.5273]},"faces":{"north":{"uv":[8.25,2,7.75,1.25],"rotation":180,"texture":"#0"},"east":{"uv":[7.5,0.75,8.25,1.25],"rotation":90,"texture":"#0"},"south":{"uv":[8.25,2,7.75,2.75],"texture":"#0"},"west":{"uv":[8.25,0.75,7.5,1.25],"rotation":270,"texture":"#0"},"up":{"uv":[4.5,8,5,8.5],"texture":"#0"}}},{"from":[0.5988,12.49932,8.0273],"to":[3.5988,16.49932,11.0273],"rotation":{"angle":45,"axis":"x","origin":[2.0988,16.49932,8.5273]},"faces":{"north":{"uv":[9.5,5.25,8.75,4.25],"rotation":180,"texture":"#0"},"east":{"uv":[9.5,5.25,8.75,4.25],"rotation":180,"texture":"#0"},"south":{"uv":[8.75,4.25,9.5,5.25],"texture":"#0"},"west":{"uv":[8.75,4.25,9.5,5.25],"texture":"#0"},"up":{"uv":[8.75,5.25,9.5,6],"texture":"#0"}}},{"from":[1.5988,19.49932,9.0273],"to":[2.5988,21.49932,10.0273],"rotation":{"angle":45,"axis":"x","origin":[2.0988,16.49932,8.5273]},"faces":{"north":{"uv":[7.5,8.5,7.25,8],"rotation":180,"texture":"#0"},"east":{"uv":[6.75,8,7.25,8.25],"rotation":90,"texture":"#0"},"south":{"uv":[7.75,8,7.5,8.5],"texture":"#0"},"west":{"uv":[7.25,8,6.75,8.25],"rotation":270,"texture":"#0"},"up":{"uv":[4,8.25,4.25,8.5],"texture":"#0"}}},{"from":[1.75736,7.24264,-1],"to":[5.75736,11.24264,5],"rotation":{"angle":-45,"axis":"z","origin":[8,5,14]},"faces":{"north":{"uv":[7.5,5,6.5,6],"texture":"#0"},"east":{"uv":[6.25,1.25,7.75,2.25],"texture":"#0"},"south":{"uv":[6.5,5,7.5,6],"texture":"#0"},"west":{"uv":[6.25,1.25,7.75,2.25],"texture":"#0"},"up":{"uv":[6.25,1.25,7.75,2.25],"rotation":90,"texture":"#0"},"down":{"uv":[6.25,1.25,7.75,2.25],"rotation":270,"texture":"#0"}}},{"from":[4.53839,5.18838,1],"to":[6.53839,8.18838,2],"rotation":{"angle":-22.5,"axis":"z","origin":[8,5,14]},"faces":{"north":{"uv":[8.5,4.25,8,5],"texture":"#0"},"east":{"uv":[6,8,6.25,8.75],"texture":"#0"},"south":{"uv":[8,4.25,8.5,5],"texture":"#0"},"west":{"uv":[6,8,6.25,8.75],"texture":"#0"},"down":{"uv":[3.5,8.25,3.25,8.75],"rotation":270,"texture":"#0"}}},{"from":[5.22383,4.73024,1],"to":[6.22383,6.73024,2],"rotation":{"angle":0,"axis":"y","origin":[8,5,14]},"faces":{"north":{"uv":[4,8.25,3.75,8.75],"texture":"#0"},"east":{"uv":[8.25,3.25,8.5,3.75],"texture":"#0"},"south":{"uv":[3.75,8.25,4,8.75],"texture":"#0"},"west":{"uv":[8.25,3.75,8.5,4.25],"texture":"#0"},"down":{"uv":[5.25,8.25,5,8.5],"rotation":270,"texture":"#0"}}},{"from":[7,5.1,0.5],"to":[9,8.1,2.5],"rotation":{"angle":0,"axis":"y","origin":[8,5,14]},"faces":{"north":{"uv":[7.5,4.5,8,5.25],"texture":"#0"},"east":{"uv":[7.5,5.25,8,6],"texture":"#0"},"south":{"uv":[7.5,4.5,8,5.25],"texture":"#0"},"west":{"uv":[7.5,5.25,8,6],"texture":"#0"},"down":{"uv":[7.5,4.5,7,5],"rotation":270,"texture":"#0"}}},{"from":[7.5,3.1,1],"to":[8.5,5.1,2],"rotation":{"angle":0,"axis":"y","origin":[8,5,14]},"faces":{"north":{"uv":[6.5,8,6.75,8.5],"texture":"#0"},"east":{"uv":[8,6.5,8.25,7],"texture":"#0"},"south":{"uv":[6.5,8,6.75,8.5],"texture":"#0"},"west":{"uv":[8,6.5,8.25,7],"texture":"#0"},"down":{"uv":[8,4.25,7.75,4.5],"rotation":270,"texture":"#0"}}},{"from":[3.44834,9.80864,1.5],"to":[5.44834,10.80864,2.5],"rotation":{"angle":22.5,"axis":"z","origin":[8,5,14]},"faces":{"north":{"uv":[7.25,8,6.75,8.25],"texture":"#0"},"south":{"uv":[6.75,8,7.25,8.25],"texture":"#0"},"west":{"uv":[4,8.25,4.25,8.5],"texture":"#0"},"up":{"uv":[7.5,8.5,7.25,8],"rotation":90,"texture":"#0"},"down":{"uv":[7.75,8,7.5,8.5],"rotation":270,"texture":"#0"}}},{"from":[4.72383,15.26976,1.6],"to":[5.72383,17.26976,2.4],"rotation":{"angle":0,"axis":"y","origin":[8,5,14]},"faces":{"north":{"uv":[8.5,3.25,8.25,2.75],"texture":"#0"},"east":{"uv":[3,8.75,3.25,8.25],"texture":"#0"},"south":{"uv":[8.25,3.25,8.5,2.75],"texture":"#0"},"west":{"uv":[3,8.75,3.25,8.25],"texture":"#0"},"up":{"uv":[4.5,8.5,4.25,8.25],"rotation":90,"texture":"#0"}}},{"from":[8.66865,13.08952,1.5],"to":[10.66865,16.08952,2.5],"rotation":{"angle":22.5,"axis":"z","origin":[8,5,14]},"faces":{"north":{"uv":[8,0.75,8.5,0],"texture":"#0"},"east":{"uv":[5.75,8.75,6,8],"texture":"#0"},"south":{"uv":[8,0.75,8.5,0],"texture":"#0"},"west":{"uv":[5.75,8.75,6,8],"texture":"#0"},"up":{"uv":[8.5,2.25,8.25,1.75],"rotation":90,"texture":"#0"}}},{"from":[5.33135,13.08952,1.5],"to":[7.33135,16.08952,2.5],"rotation":{"angle":-22.5,"axis":"z","origin":[8,5,14]},"faces":{"north":{"uv":[8.5,0.75,8,0],"texture":"#0"},"east":{"uv":[6,8.75,5.75,8],"texture":"#0"},"south":{"uv":[8.5,0.75,8,0],"texture":"#0"},"west":{"uv":[6,8.75,5.75,8],"texture":"#0"},"up":{"uv":[8.5,1.75,8.25,2.25],"rotation":90,"texture":"#0"}}},{"from":[10.27617,15.26976,1.6],"to":[11.27617,17.26976,2.4],"rotation":{"angle":0,"axis":"y","origin":[8,5,14]},"faces":{"north":{"uv":[8.25,3.25,8.5,2.75],"texture":"#0"},"east":{"uv":[3.25,8.75,3,8.25],"texture":"#0"},"south":{"uv":[8.5,3.25,8.25,2.75],"texture":"#0"},"west":{"uv":[3.25,8.75,3,8.25],"texture":"#0"},"up":{"uv":[4.5,8.25,4.25,8.5],"rotation":90,"texture":"#0"}}},{"from":[7.55166,9.30864,1],"to":[10.55166,11.30864,3],"rotation":{"angle":-22.5,"axis":"z","origin":[8,5,14]},"faces":{"north":{"uv":[7.5,0.75,8.25,1.25],"texture":"#0"},"east":{"uv":[5,8,4.5,8.5],"texture":"#0"},"south":{"uv":[8.25,0.75,7.5,1.25],"texture":"#0"},"up":{"uv":[8.25,1.25,7.75,2],"rotation":90,"texture":"#0"},"down":{"uv":[8.25,2.75,7.75,2],"rotation":270,"texture":"#0"}}},{"from":[10.55166,9.80864,1.5],"to":[12.55166,10.80864,2.5],"rotation":{"angle":-22.5,"axis":"z","origin":[8,5,14]},"faces":{"north":{"uv":[6.75,8,7.25,8.25],"texture":"#0"},"east":{"uv":[4.25,8.25,4,8.5],"texture":"#0"},"south":{"uv":[7.25,8,6.75,8.25],"texture":"#0"},"up":{"uv":[7.5,8,7.25,8.5],"rotation":90,"texture":"#0"},"down":{"uv":[7.75,8.5,7.5,8],"rotation":270,"texture":"#0"}}},{"from":[11.14386,8.77791,1],"to":[17.14386,11.77791,3],"rotation":{"angle":22.5,"axis":"z","origin":[8,5,14]},"faces":{"north":{"uv":[6.5,0,8,0.75],"texture":"#0"},"south":{"uv":[8,0,6.5,0.75],"texture":"#0"},"west":{"uv":[8.25,2.75,7.75,3.5],"texture":"#0"},"up":{"uv":[2.5,7.25,2,8.75],"rotation":90,"texture":"#0"},"down":{"uv":[3,8.75,2.5,7.25],"rotation":270,"texture":"#0"}}},{"from":[8.79884,14.14386,0.9],"to":[11.79884,18.14386,3.1],"rotation":{"angle":-22.5,"axis":"z","origin":[8,5,14]},"faces":{"north":{"uv":[3.75,7.25,4.5,8.25],"texture":"#0"},"east":{"uv":[7.75,7,7.25,8],"texture":"#0"},"south":{"uv":[4.5,7.25,3.75,8.25],"texture":"#0"},"west":{"uv":[3.5,7.25,3,8.25],"texture":"#0"},"up":{"uv":[8.25,3.5,7.75,4.25],"rotation":90,"texture":"#0"}}},{"from":[4.50116,17.59283,1.5],"to":[6.50116,20.59283,2.5],"rotation":{"angle":-45,"axis":"z","origin":[8,5,14]},"faces":{"north":{"uv":[7.75,7,8.25,7.75],"texture":"#0"},"east":{"uv":[4.75,7.25,4.5,8],"texture":"#0"},"south":{"uv":[8.25,7,7.75,7.75],"texture":"#0"},"west":{"uv":[4,5,3.75,5.75],"texture":"#0"},"up":{"uv":[8.5,0.75,8.25,1.25],"rotation":90,"texture":"#0"},"down":{"uv":[8.5,1.75,8.25,1.25],"rotation":270,"texture":"#0"}}},{"from":[9.46161,5.18838,1],"to":[11.46161,8.18838,2],"rotation":{"angle":22.5,"axis":"z","origin":[8,5,14]},"faces":{"north":{"uv":[8,4.25,8.5,5],"texture":"#0"},"east":{"uv":[6.25,8,6,8.75],"texture":"#0"},"south":{"uv":[8.5,4.25,8,5],"texture":"#0"},"west":{"uv":[6.25,8,6,8.75],"texture":"#0"},"down":{"uv":[3.5,8.75,3.25,8.25],"rotation":270,"texture":"#0"}}},{"from":[9.77617,4.73024,1],"to":[10.77617,6.73024,2],"rotation":{"angle":0,"axis":"y","origin":[8,5,14]},"faces":{"north":{"uv":[3.75,8.25,4,8.75],"texture":"#0"},"east":{"uv":[8.5,3.75,8.25,4.25],"texture":"#0"},"south":{"uv":[4,8.25,3.75,8.75],"texture":"#0"},"west":{"uv":[8.5,3.25,8.25,3.75],"texture":"#0"},"down":{"uv":[5.25,8.5,5,8.25],"rotation":270,"texture":"#0"}}},{"from":[-1,5,2],"to":[17,11,15],"rotation":{"angle":0,"axis":"y","origin":[8,5,14]},"faces":{"north":{"uv":[9.5,4,11,8.5],"rotation":90,"texture":"#0"},"east":{"uv":[11,5.75,12.5,9],"rotation":90,"texture":"#0"},"south":{"uv":[9.5,4,11,8.5],"rotation":90,"texture":"#0"},"west":{"uv":[11,5.75,12.5,9],"rotation":90,"texture":"#0"},"up":{"uv":[14.375,0,16,2.25],"rotation":90,"texture":"#0"},"down":{"uv":[14.375,0,16,2.25],"rotation":270,"texture":"#0"}}},{"from":[17,8,7],"to":[18,10,10],"rotation":{"angle":0,"axis":"y","origin":[8,5,14]},"faces":{"north":{"uv":[7.375,14.125,7.625,14.625],"texture":"#0"},"east":{"uv":[6.5,14,7.25,14.5],"texture":"#0"},"south":{"uv":[7.375,14.125,7.625,14.625],"texture":"#0"},"up":{"uv":[7.875,14.375,8.625,14.625],"rotation":90,"texture":"#0"},"down":{"uv":[7.875,14.375,8.625,14.625],"rotation":270,"texture":"#0"}}},{"from":[-1.5,3,6],"to":[-1.5,8,11],"rotation":{"angle":-22.5,"axis":"z","origin":[-1.5,8,8.5]},"faces":{"east":{"uv":[10.375,9.125,11.625,10.375],"texture":"#0"},"west":{"uv":[11.625,9.125,10.375,10.375],"texture":"#0"}}},{"from":[-2,8,7],"to":[-1,10,10],"rotation":{"angle":0,"axis":"y","origin":[8,5,14]},"faces":{"north":{"uv":[7.625,14.125,7.375,14.625],"texture":"#0"},"south":{"uv":[7.625,14.125,7.375,14.625],"texture":"#0"},"west":{"uv":[7.25,14,6.5,14.5],"texture":"#0"},"up":{"uv":[7.875,14.625,8.625,14.375],"rotation":90,"texture":"#0"},"down":{"uv":[7.875,14.625,8.625,14.375],"rotation":270,"texture":"#0"}}},{"from":[17.5,3,6],"to":[17.5,8,11],"rotation":{"angle":22.5,"axis":"z","origin":[17.5,8,8.5]},"faces":{"east":{"uv":[10.375,9.125,11.625,10.375],"texture":"#0"},"west":{"uv":[11.625,9.125,10.375,10.375],"texture":"#0"}}},{"from":[2.25736,7.74264,-1.25],"to":[5.25736,10.74264,5.25],"rotation":{"angle":-45,"axis":"z","origin":[8,5,14]},"faces":{"north":{"uv":[0,0,16,16],"rotation":90,"texture":"#1"},"east":{"uv":[6.25,1.25,7.875,2],"texture":"#0"},"south":{"uv":[0,0,16,16],"texture":"#1"},"west":{"uv":[6.25,1.25,7.875,2],"texture":"#0"},"up":{"uv":[6.25,1.25,7.875,2],"rotation":90,"texture":"#0"},"down":{"uv":[6.25,1.25,7.875,2],"rotation":270,"texture":"#0"}}}],"gui_light":"front","display":{"thirdperson_righthand":{"translation":[0,6.25,1.75],"scale":[0.75,0.75,0.75]},"thirdperson_lefthand":{"translation":[0,4.25,1.75],"scale":[0.7,0.7,0.7]},"firstperson_righthand":{"rotation":[-176.5,6.25,178.59],"translation":[-8.75,4.5,0.5],"scale":[0.47656,0.47656,0.47656]},"firstperson_lefthand":{"rotation":[-176.5,6.25,178.59],"translation":[-8.75,4.5,0.5],"scale":[0.47656,0.47656,0.47656]},"ground":{"scale":[0.5,0.5,0.5]},"gui":{"rotation":[-171,21.25,-180],"translation":[-0.25,-2.5,0],"scale":[0.55273,0.55273,0.55273]},"head":{"translation":[0,-28.75,0],"scale":[2,2,2]},"fixed":{"rotation":[-90,0,0],"translation":[0,0,-17],"scale":[2.28906,2.28906,2.28906]}}}