{"credit":"Made with Blockbench","texture_size":[64,64],"textures":{"0":"dreadknight:dreadknight/dreadknight_shield","1":"dreadknight:dreadknight/dreadknight_eye_animate","particle":"dreadknight:dreadknight/dreadknight_shield"},"elements":[{"from":[7.75,19.5,10],"to":[8.25,27.5,20],"rotation":{"angle":0,"axis":"y","origin":[0,0,16]},"faces":{"north":{"uv":[12.5,13.5,12.25,13.75],"texture":"#0"},"east":{"uv":[14,11.75,11.5,13.75],"texture":"#0"},"south":{"uv":[13.875,11.75,13.75,13.75],"texture":"#0"},"west":{"uv":[11.5,11.75,14,13.75],"texture":"#0"},"up":{"uv":[0,16,0.125,13.5],"texture":"#0"},"down":{"uv":[0.25,16,0.375,13.5],"texture":"#0"}}},{"from":[7.75,23,20],"to":[8.25,27,22.5],"rotation":{"angle":0,"axis":"y","origin":[0,0,16]},"faces":{"north":{"uv":[12.5,13.5,12.25,13.75],"texture":"#0"},"east":{"uv":[14.625,12,14,13],"texture":"#0"},"south":{"uv":[14.625,12,14.5,13],"texture":"#0"},"west":{"uv":[14,12,14.625,13],"texture":"#0"},"up":{"uv":[0,14.125,0.125,13.5],"texture":"#0"},"down":{"uv":[0,14.125,0.125,13.5],"texture":"#0"}}},{"from":[7.75,19.5,-4],"to":[8.25,27.5,6],"faces":{"north":{"uv":[13.75,11.75,13.875,13.75],"texture":"#0"},"east":{"uv":[11.5,11.75,14,13.75],"texture":"#0"},"south":{"uv":[12.25,13.5,12.5,13.75],"texture":"#0"},"west":{"uv":[14,11.75,11.5,13.75],"texture":"#0"},"up":{"uv":[0,13.5,0.125,16],"texture":"#0"},"down":{"uv":[0.25,13.5,0.375,16],"texture":"#0"}}},{"from":[7.75,23,-6.5],"to":[8.25,27,-4],"faces":{"north":{"uv":[14.5,12,14.625,13],"texture":"#0"},"east":{"uv":[14,12,14.625,13],"texture":"#0"},"south":{"uv":[12.25,13.5,12.5,13.75],"texture":"#0"},"west":{"uv":[14.625,12,14,13],"texture":"#0"},"up":{"uv":[0,13.5,0.125,14.125],"texture":"#0"},"down":{"uv":[0,13.5,0.125,14.125],"texture":"#0"}}},{"from":[6,19,5],"to":[10,25,11],"rotation":{"angle":-45,"axis":"x","origin":[8,22,8]},"faces":{"north":{"uv":[5.25,1.25,6.25,2.75],"texture":"#0"},"east":{"uv":[0.5,5,2,6.5],"texture":"#0"},"south":{"uv":[5.25,2.75,6.25,4.25],"texture":"#0"},"west":{"uv":[0.5,5,2,6.5],"rotation":90,"texture":"#0"},"up":{"uv":[6.25,5.75,5.25,4.25],"texture":"#0"},"down":{"uv":[5.25,1.25,6.25,2.75],"texture":"#0"}}},{"from":[10,20,6],"to":[11,24,10],"rotation":{"angle":-45,"axis":"x","origin":[8,22,8]},"faces":{"north":{"uv":[6.25,1.25,6.5,2.25],"texture":"#0"},"east":{"uv":[0,0,16,16],"texture":"#1"},"south":{"uv":[6.25,1.25,6.5,2.25],"texture":"#0"},"west":{"uv":[7.5,5,6.5,6],"texture":"#0"},"up":{"uv":[6.25,1.25,6.5,2.25],"texture":"#0"},"down":{"uv":[6.25,1.25,6.5,2.25],"texture":"#0"}}},{"from":[7,20,10],"to":[9,22,13],"rotation":{"angle":22.5,"axis":"x","origin":[7,22,10]},"faces":{"east":{"uv":[7.5,0.75,8.25,1.25],"texture":"#0"},"south":{"uv":[4.5,8,5,8.5],"texture":"#0"},"west":{"uv":[8.25,0.75,7.5,1.25],"texture":"#0"},"up":{"uv":[8.25,2,7.75,1.25],"texture":"#0"},"down":{"uv":[8.25,2,7.75,2.75],"texture":"#0"}}},{"from":[7.5,20.5,13],"to":[8.5,21.5,15],"rotation":{"angle":22.5,"axis":"x","origin":[7,22,10]},"faces":{"east":{"uv":[6.75,8,7.25,8.25],"texture":"#0"},"south":{"uv":[4,8.25,4.25,8.5],"texture":"#0"},"west":{"uv":[7.25,8,6.75,8.25],"texture":"#0"},"up":{"uv":[7.5,8.5,7.25,8],"texture":"#0"},"down":{"uv":[7.75,8,7.5,8.5],"texture":"#0"}}},{"from":[7,21,9],"to":[9,24,15],"rotation":{"angle":-22.5,"axis":"x","origin":[7,22,10]},"faces":{"north":{"uv":[7.75,2.75,8.25,3.5],"texture":"#0"},"east":{"uv":[6.5,0,8,0.75],"texture":"#0"},"west":{"uv":[8,0,6.5,0.75],"texture":"#0"},"up":{"uv":[2.5,8.75,2,7.25],"texture":"#0"},"down":{"uv":[3,7.25,2.5,8.75],"texture":"#0"}}},{"from":[6.9,22.99792,12.01046],"to":[9.1,26.99792,15.01046],"rotation":{"angle":22.5,"axis":"x","origin":[8,23,15]},"faces":{"north":{"uv":[3,7.25,3.5,8.25],"texture":"#0"},"east":{"uv":[3.75,7.25,4.5,8.25],"texture":"#0"},"south":{"uv":[7.25,7,7.75,8],"texture":"#0"},"west":{"uv":[4.5,7.25,3.75,8.25],"texture":"#0"},"up":{"uv":[8.25,4.25,7.75,3.5],"texture":"#0"}}},{"from":[7.5,25.70173,14.52144],"to":[8.5,28.70173,16.52144],"rotation":{"angle":45,"axis":"x","origin":[7.5,26.65,16.5]},"faces":{"north":{"uv":[3.75,5,4,5.75],"texture":"#0"},"east":{"uv":[7.75,7,8.25,7.75],"texture":"#0"},"south":{"uv":[4.5,7.25,4.75,8],"texture":"#0"},"west":{"uv":[8.25,7,7.75,7.75],"texture":"#0"},"up":{"uv":[8.5,1.25,8.25,0.75],"texture":"#0"},"down":{"uv":[8.5,1.25,8.25,1.75],"texture":"#0"}}},{"from":[7,20,3],"to":[9,22,6],"rotation":{"angle":-22.5,"axis":"x","origin":[7,22,6]},"faces":{"north":{"uv":[5,8,4.5,8.5],"texture":"#0"},"east":{"uv":[8.25,0.75,7.5,1.25],"texture":"#0"},"west":{"uv":[7.5,0.75,8.25,1.25],"texture":"#0"},"up":{"uv":[8.25,1.25,7.75,2],"texture":"#0"},"down":{"uv":[8.25,2.75,7.75,2],"texture":"#0"}}},{"from":[7.5,20.5,1],"to":[8.5,21.5,3],"rotation":{"angle":-22.5,"axis":"x","origin":[7,22,6]},"faces":{"north":{"uv":[4.25,8.25,4,8.5],"texture":"#0"},"east":{"uv":[7.25,8,6.75,8.25],"texture":"#0"},"west":{"uv":[6.75,8,7.25,8.25],"texture":"#0"},"up":{"uv":[7.5,8,7.25,8.5],"texture":"#0"},"down":{"uv":[7.75,8.5,7.5,8],"texture":"#0"}}},{"from":[7,21,1],"to":[9,24,7],"rotation":{"angle":22.5,"axis":"x","origin":[7,22,6]},"faces":{"east":{"uv":[8,0,6.5,0.75],"texture":"#0"},"south":{"uv":[8.25,2.75,7.75,3.5],"texture":"#0"},"west":{"uv":[6.5,0,8,0.75],"texture":"#0"},"up":{"uv":[2.5,7.25,2,8.75],"texture":"#0"},"down":{"uv":[3,8.75,2.5,7.25],"texture":"#0"}}},{"from":[6.9,22.99792,0.98954],"to":[9.1,26.99792,3.98954],"rotation":{"angle":-22.5,"axis":"x","origin":[8,23,1]},"faces":{"north":{"uv":[7.75,7,7.25,8],"texture":"#0"},"east":{"uv":[4.5,7.25,3.75,8.25],"texture":"#0"},"south":{"uv":[3.5,7.25,3,8.25],"texture":"#0"},"west":{"uv":[3.75,7.25,4.5,8.25],"texture":"#0"},"up":{"uv":[8.25,3.5,7.75,4.25],"texture":"#0"}}},{"from":[7.5,25.70173,-0.52144],"to":[8.5,28.70173,1.47856],"rotation":{"angle":-45,"axis":"x","origin":[7.5,26.65,-0.5]},"faces":{"north":{"uv":[4.75,7.25,4.5,8],"texture":"#0"},"east":{"uv":[8.25,7,7.75,7.75],"texture":"#0"},"south":{"uv":[4,5,3.75,5.75],"texture":"#0"},"west":{"uv":[7.75,7,8.25,7.75],"texture":"#0"},"up":{"uv":[8.5,0.75,8.25,1.25],"texture":"#0"},"down":{"uv":[8.5,1.75,8.25,1.25],"texture":"#0"}}},{"from":[7.5,23.94975,8.87132],"to":[8.5,26.94975,10.87132],"rotation":{"angle":22.5,"axis":"x","origin":[8,24.82843,10.12132]},"faces":{"north":{"uv":[5.75,8.75,6,8],"texture":"#0"},"east":{"uv":[8,0.75,8.5,0],"texture":"#0"},"south":{"uv":[5.75,8.75,6,8],"texture":"#0"},"west":{"uv":[8,0.75,8.5,0],"texture":"#0"},"up":{"uv":[8.5,2.25,8.25,1.75],"texture":"#0"}}},{"from":[7.6,26.26976,10.27617],"to":[8.4,28.26976,11.27617],"rotation":{"angle":0,"axis":"y","origin":[8,28.26976,11.27617]},"faces":{"north":{"uv":[3,8.75,3.25,8.25],"texture":"#0"},"east":{"uv":[8.25,3.25,8.5,2.75],"texture":"#0"},"south":{"uv":[3,8.75,3.25,8.25],"texture":"#0"},"west":{"uv":[8.5,3.25,8.25,2.75],"texture":"#0"},"up":{"uv":[4.5,8.5,4.25,8.25],"texture":"#0"}}},{"from":[7.75,14.5,0],"to":[8.25,19.5,16],"rotation":{"angle":0,"axis":"y","origin":[-7,-11,0]},"faces":{"north":{"uv":[5.5,9.75,6.75,9.875],"rotation":90,"texture":"#0"},"east":{"uv":[10.375,10.5,11.625,14.5],"rotation":90,"texture":"#0"},"south":{"uv":[5.5,9.75,6.75,9.875],"rotation":90,"texture":"#0"},"west":{"uv":[10.375,10.5,11.625,14.5],"rotation":90,"texture":"#0"},"down":{"uv":[11.5,10.5,11.625,14.5],"texture":"#0"}}},{"from":[7.75,10.5,2.5],"to":[8.25,14.5,13.5],"rotation":{"angle":0,"axis":"y","origin":[-7,-11,0]},"faces":{"north":{"uv":[5.5,9.75,6.75,9.875],"rotation":90,"texture":"#0"},"east":{"uv":[11.375,13.875,10.375,11.125],"rotation":90,"texture":"#0"},"south":{"uv":[5.5,9.75,6.75,9.875],"rotation":90,"texture":"#0"},"west":{"uv":[11.375,13.875,10.375,11.125],"rotation":90,"texture":"#0"},"down":{"uv":[11.5,10.5,11.625,14.5],"texture":"#0"}}},{"from":[7.5,23.94975,5.12868],"to":[8.5,26.94975,7.12868],"rotation":{"angle":-22.5,"axis":"x","origin":[8,24.82843,5.87868]},"faces":{"north":{"uv":[6,8.75,5.75,8],"texture":"#0"},"east":{"uv":[8.5,0.75,8,0],"texture":"#0"},"south":{"uv":[6,8.75,5.75,8],"texture":"#0"},"west":{"uv":[8.5,0.75,8,0],"texture":"#0"},"up":{"uv":[8.5,1.75,8.25,2.25],"texture":"#0"}}},{"from":[7.6,26.26976,4.72383],"to":[8.4,28.26976,5.72383],"rotation":{"angle":0,"axis":"y","origin":[8,28.26976,4.72383]},"faces":{"north":{"uv":[3.25,8.75,3,8.25],"texture":"#0"},"east":{"uv":[8.5,3.25,8.25,2.75],"texture":"#0"},"south":{"uv":[3.25,8.75,3,8.25],"texture":"#0"},"west":{"uv":[8.25,3.25,8.5,2.75],"texture":"#0"},"up":{"uv":[4.5,8.25,4.25,8.5],"texture":"#0"}}},{"from":[7.6,12.26976,1.72383],"to":[8.4,14.26976,2.72383],"rotation":{"angle":0,"axis":"y","origin":[8,14.26976,1.72383]},"faces":{"north":{"uv":[3.25,8.75,3,8.25],"texture":"#0"},"east":{"uv":[8.5,3.25,8.25,2.75],"texture":"#0"},"south":{"uv":[3.25,8.75,3,8.25],"texture":"#0"},"west":{"uv":[8.25,3.25,8.5,2.75],"texture":"#0"},"up":{"uv":[4.5,8.25,4.25,8.5],"texture":"#0"}}},{"from":[7.5,9.94975,2.12868],"to":[8.5,12.94975,4.12868],"rotation":{"angle":-22.5,"axis":"x","origin":[8,10.82843,2.87868]},"faces":{"north":{"uv":[6,8.75,5.75,8],"texture":"#0"},"east":{"uv":[8.5,0.75,8,0],"texture":"#0"},"south":{"uv":[6,8.75,5.75,8],"texture":"#0"},"west":{"uv":[8.5,0.75,8,0],"texture":"#0"},"up":{"uv":[8.5,1.75,8.25,2.25],"texture":"#0"}}},{"from":[7,7,2.5],"to":[9,11,5.5],"rotation":{"angle":-45,"axis":"x","origin":[7.5,9.5,3.5]},"faces":{"north":{"uv":[2,8.5,1.5,7.5],"texture":"#0"},"east":{"uv":[8,7,7.25,6],"texture":"#0"},"south":{"uv":[2,8.5,1.5,7.5],"texture":"#0"},"west":{"uv":[7.25,7,8,6],"texture":"#0"},"up":{"uv":[8.25,7.75,7.75,8.5],"texture":"#0"}}},{"from":[6.5,6,4.5],"to":[9.5,11,11.5],"rotation":{"angle":0,"axis":"y","origin":[7,32,8]},"faces":{"north":{"uv":[6.5,7.25,7.25,6],"texture":"#0"},"east":{"uv":[2,6.25,3.75,5],"texture":"#0"},"south":{"uv":[4.75,8,5.5,6.75],"texture":"#0"},"west":{"uv":[3.75,6.25,2,5],"texture":"#0"},"up":{"uv":[7,5,6.25,3.25],"texture":"#0"},"down":{"uv":[7,5,6.25,3.25],"texture":"#0"}}},{"from":[7,11,6.5],"to":[9,20,9.5],"rotation":{"angle":0,"axis":"y","origin":[7,2,8]},"faces":{"north":{"uv":[4.625,3,4.75,5.25],"texture":"#0"},"east":{"uv":[4,3,4.75,5.25],"texture":"#0"},"south":{"uv":[4.625,3,4.75,5.25],"texture":"#0"},"west":{"uv":[4,3,4.75,5.25],"texture":"#0"}}},{"from":[2,12.75,6.5],"to":[7,17.75,9.5],"rotation":{"angle":0,"axis":"y","origin":[5.75,15,8]},"faces":{"north":{"uv":[2,7.5,1,6.5],"rotation":180,"texture":"#0"},"east":{"uv":[6.5,0.75,7.5,1.25],"rotation":270,"texture":"#0"},"south":{"uv":[2,7.5,1,6.5],"texture":"#0"},"west":{"uv":[6.5,0.75,7.5,1.25],"rotation":90,"texture":"#0"},"up":{"uv":[6.5,0.75,7.5,1.25],"rotation":180,"texture":"#0"},"down":{"uv":[6.5,0.75,7.5,1.25],"texture":"#0"}}},{"from":[6.1,4.1,7.6],"to":[9.9,7.1,10.6],"rotation":{"angle":-45,"axis":"x","origin":[8,4.5,8]},"faces":{"north":{"uv":[5.5,6.75,6.45,7.5],"texture":"#0"},"east":{"uv":[5.25,1,6,0.25],"texture":"#0"},"south":{"uv":[6.45,7.5,5.5,6.75],"texture":"#0"},"west":{"uv":[6,1,5.25,0.25],"texture":"#0"},"up":{"uv":[6.5,6.75,5.5,7.5],"texture":"#0"},"down":{"uv":[6.5,6.75,5.5,7.5],"texture":"#0"}}},{"from":[6.6,3.1,6.6],"to":[9.4,8.1,11.6],"rotation":{"angle":-45,"axis":"x","origin":[8,4.5,8]},"faces":{"north":{"uv":[7,3.25,7.75,4.5],"texture":"#0"},"east":{"uv":[5.25,1.25,6.5,0],"texture":"#0"},"west":{"uv":[6.5,0,5.25,1.25],"rotation":270,"texture":"#0"},"down":{"uv":[7.75,3.25,7,4.5],"texture":"#0"}}},{"from":[7,7,10.5],"to":[9,11,13.5],"rotation":{"angle":45,"axis":"x","origin":[7.5,9.5,12.5]},"faces":{"north":{"uv":[1.5,8.5,2,7.5],"texture":"#0"},"east":{"uv":[7.25,7,8,6],"texture":"#0"},"south":{"uv":[1.5,8.5,2,7.5],"texture":"#0"},"west":{"uv":[8,7,7.25,6],"texture":"#0"},"up":{"uv":[8.25,8.5,7.75,7.75],"texture":"#0"}}},{"from":[7.5,9.94975,11.87132],"to":[8.5,12.94975,13.87132],"rotation":{"angle":22.5,"axis":"x","origin":[8,10.82843,13.12132]},"faces":{"north":{"uv":[5.75,8.75,6,8],"texture":"#0"},"east":{"uv":[8,0.75,8.5,0],"texture":"#0"},"south":{"uv":[5.75,8.75,6,8],"texture":"#0"},"west":{"uv":[8,0.75,8.5,0],"texture":"#0"},"up":{"uv":[8.5,2.25,8.25,1.75],"texture":"#0"}}},{"from":[7.6,12.26976,13.27617],"to":[8.4,14.26976,14.27617],"rotation":{"angle":0,"axis":"y","origin":[8,14.26976,14.27617]},"faces":{"north":{"uv":[3,8.75,3.25,8.25],"texture":"#0"},"east":{"uv":[8.25,3.25,8.5,2.75],"texture":"#0"},"south":{"uv":[3,8.75,3.25,8.25],"texture":"#0"},"west":{"uv":[8.5,3.25,8.25,2.75],"texture":"#0"},"up":{"uv":[4.5,8.5,4.25,8.25],"texture":"#0"}}}],"gui_light":"front","display":{"thirdperson_righthand":{"rotation":[7.25,0,0],"translation":[4.5,-6.5,1],"scale":[0.71055,0.71055,0.71055]},"thirdperson_lefthand":{"rotation":[7.25,0,0],"translation":[4.5,-6.5,1],"scale":[0.71055,0.71055,0.71055]},"firstperson_righthand":{"rotation":[0,95,0],"translation":[1.75,-7.5,0],"scale":[0.6582,0.6582,0.6582]},"firstperson_lefthand":{"rotation":[0,-95,0],"translation":[1.75,-7.5,0],"scale":[0.6582,0.6582,0.6582]},"ground":{"translation":[0,-0.5,0],"scale":[0.5,0.5,0.5]},"gui":{"rotation":[0,-90,0],"translation":[0,-4.5,-2],"scale":[0.5375,0.5375,0.5375]},"head":{"rotation":[-148,0,0],"translation":[0,19.75,12.25]},"fixed":{"rotation":[-88,90,88],"translation":[-0.5,-14.25,-2],"scale":[1.61914,1.61914,1.61914]}}}