{"credit":"MadewithBlockbench","texture_size":[32,32],"textures":{"0":"dreadknight:dreadknight/dreadknight_key","particle":"dreadknight:dreadknight/dreadknight_key"},"elements":[{"from":[5,0,7.5],"to":[11,7,8.5],"faces":{"north":{"uv":[5,0,8,3.5],"texture":"#0"},"east":{"uv":[5,5.5,5.5,9],"texture":"#0"},"south":{"uv":[8,0,5,3.5],"texture":"#0"},"west":{"uv":[5,5.5,5.5,9],"texture":"#0"},"up":{"uv":[9,6,6,5.5],"texture":"#0"},"down":{"uv":[9,6,6,5.5],"texture":"#0"}}},{"from":[7,7,7.5],"to":[9,10,8.5],"faces":{"north":{"uv":[6,6,7,7.5],"texture":"#0"},"east":{"uv":[7,6.5,7.5,8],"texture":"#0"},"south":{"uv":[6,6,7,7.5],"texture":"#0"},"west":{"uv":[7,6.5,7.5,8],"texture":"#0"},"up":{"uv":[8.5,4,7.5,3.5],"texture":"#0"}}},{"from":[3,10,8],"to":[13,28,8],"faces":{"north":{"uv":[0,0,5,9],"texture":"#0"},"south":{"uv":[0,0,5,9],"texture":"#0"}}},{"from":[11,2,7.5],"to":[15,6,8.5],"faces":{"north":{"uv":[5,3.5,7,5.5],"texture":"#0"},"east":{"uv":[7,3.5,7.5,5.5],"texture":"#0"},"south":{"uv":[7,3.5,5,5.5],"texture":"#0"},"up":{"uv":[9,6.5,7,6],"texture":"#0"}}},{"from":[1,2,7.5],"to":[5,6,8.5],"rotation":{"angle":0,"axis":"y","origin":[16,0,0]},"faces":{"north":{"uv":[7,3.5,5,5.5],"texture":"#0"},"south":{"uv":[5,3.5,7,5.5],"texture":"#0"},"west":{"uv":[7.5,3.5,7,5.5],"texture":"#0"},"up":{"uv":[7,6.5,9,6],"texture":"#0"}}}],"gui_light":"front","display":{"thirdperson_righthand":{"translation":[0,2,0.75],"scale":[0.4,0.4,0.4]},"thirdperson_lefthand":{"translation":[0,2,0.75],"scale":[0.4,0.4,0.4]},"firstperson_righthand":{"rotation":[117.25,-82.75,180],"translation":[2.25,2.75,0],"scale":[0.5,0.5,0.5]},"firstperson_lefthand":{"rotation":[117.25,-82.75,180],"translation":[2.25,2.75,0],"scale":[0.5,0.5,0.5]},"ground":{"scale":[0.5,0.5,0.5]},"gui":{"rotation":[0,0,-45],"translation":[-2.25,-2,0],"scale":[0.5,0.5,0.5]},"fixed":{"translation":[0,-5,-2],"scale":[1.04688,1.04688,1.04688]}}}