{"credit":"MadewithBlockbench","texture_size":[64,64],"textures":{"0":"dreadknight:dreadknight/dreadknight_hammer","1":"dreadknight:dreadknight/dreadknight_eye_animate","2":"dreadknight:dreadknight/dreadknight_blood_animate","particle":"dreadknight:dreadknight/dreadknight_hammer"},"elements":[{"from":[7,-9,7],"to":[9,20,9],"rotation":{"angle":0,"axis":"y","origin":[7,6.5,8]},"faces":{"north":{"uv":[0.5,8.75,1,16],"texture":"#0"},"east":{"uv":[0.5,8.75,1,16],"texture":"#0"},"south":{"uv":[0.5,8.75,1,16],"texture":"#0"},"west":{"uv":[0.5,8.75,1,16],"texture":"#0"}}},{"from":[7,-14,7],"to":[9,-11,9],"rotation":{"angle":0,"axis":"y","origin":[7,6.5,8]},"faces":{"north":{"uv":[7.5,5.25,8,6],"texture":"#0"},"east":{"uv":[7.5,4.5,8,5.25],"texture":"#0"},"south":{"uv":[7.5,5.25,8,6],"texture":"#0"},"west":{"uv":[7.5,4.5,8,5.25],"texture":"#0"},"down":{"uv":[7.5,4.5,7,5],"texture":"#0"}}},{"from":[7.5,-16,7.5],"to":[8.5,-14,8.5],"rotation":{"angle":0,"axis":"y","origin":[7,6.5,8]},"faces":{"north":{"uv":[8,6.5,8.25,7],"texture":"#0"},"east":{"uv":[6.5,8,6.75,8.5],"texture":"#0"},"south":{"uv":[8,6.5,8.25,7],"texture":"#0"},"west":{"uv":[6.5,8,6.75,8.5],"texture":"#0"},"down":{"uv":[8,4.25,7.75,4.5],"texture":"#0"}}},{"from":[6,-11,6],"to":[10,-9,10],"rotation":{"angle":0,"axis":"y","origin":[7,2,8]},"faces":{"north":{"uv":[6.5,0.75,7.5,1.25],"texture":"#0"},"east":{"uv":[6.5,0.75,7.5,1.25],"texture":"#0"},"south":{"uv":[6.5,0.75,7.5,1.25],"texture":"#0"},"west":{"uv":[6.5,0.75,7.5,1.25],"texture":"#0"},"up":{"uv":[2,7.5,1,6.5],"texture":"#0"},"down":{"uv":[2,7.5,1,6.5],"texture":"#0"}}},{"from":[6,19,5],"to":[10,25,11],"rotation":{"angle":-45,"axis":"x","origin":[8,22,8]},"faces":{"north":{"uv":[5.25,1.25,6.25,2.75],"texture":"#0"},"east":{"uv":[0.5,5,2,6.5],"texture":"#0"},"south":{"uv":[5.25,2.75,6.25,4.25],"texture":"#0"},"west":{"uv":[0.5,5,2,6.5],"rotation":90,"texture":"#0"},"up":{"uv":[6.25,5.75,5.25,4.25],"texture":"#0"},"down":{"uv":[5.25,1.25,6.25,2.75],"texture":"#0"}}},{"from":[5,20,6],"to":[11,24,10],"rotation":{"angle":-45,"axis":"x","origin":[8,22,8]},"faces":{"north":{"uv":[6.25,1.25,7.75,2.25],"texture":"#0"},"east":{"uv":[6.5,5,7.5,6],"texture":"#0"},"south":{"uv":[6.25,1.25,7.75,2.25],"texture":"#0"},"west":{"uv":[7.5,5,6.5,6],"texture":"#0"},"up":{"uv":[6.25,1.25,7.75,2.25],"texture":"#0"},"down":{"uv":[6.25,1.25,7.75,2.25],"texture":"#0"}}},{"from":[4.75,20.5,6.5],"to":[11.25,23.5,9.5],"rotation":{"angle":-45,"axis":"x","origin":[8,22,8]},"faces":{"north":{"uv":[6.25,1.25,7.875,2],"texture":"#0"},"east":{"uv":[0,0,16,16],"texture":"#1"},"south":{"uv":[6.25,1.25,7.875,2],"texture":"#0"},"west":{"uv":[0,0,16,16],"rotation":90,"texture":"#1"},"up":{"uv":[6.25,1.25,7.875,2],"texture":"#0"},"down":{"uv":[6.25,1.25,7.875,2],"texture":"#0"}}},{"from":[7,20,10],"to":[9,22,13],"rotation":{"angle":22.5,"axis":"x","origin":[7,22,10]},"faces":{"east":{"uv":[7.5,0.75,8.25,1.25],"texture":"#0"},"south":{"uv":[4.5,8,5,8.5],"texture":"#0"},"west":{"uv":[8.25,0.75,7.5,1.25],"texture":"#0"},"up":{"uv":[8.25,2,7.75,1.25],"texture":"#0"},"down":{"uv":[8.25,2,7.75,2.75],"texture":"#0"}}},{"from":[7.5,20.5,13],"to":[8.5,21.5,15],"rotation":{"angle":22.5,"axis":"x","origin":[7,22,10]},"faces":{"east":{"uv":[6.75,8,7.25,8.25],"texture":"#0"},"south":{"uv":[4,8.25,4.25,8.5],"texture":"#0"},"west":{"uv":[7.25,8,6.75,8.25],"texture":"#0"},"up":{"uv":[7.5,8.5,7.25,8],"texture":"#0"},"down":{"uv":[7.75,8,7.5,8.5],"texture":"#0"}}},{"from":[1.5,21,1],"to":[3.5,23,4],"rotation":{"angle":-22.5,"axis":"y","origin":[7,22,10]},"faces":{"east":{"uv":[7.5,0.75,8.25,1.25],"texture":"#0"},"south":{"uv":[4.5,8,5,8.5],"texture":"#0"},"west":{"uv":[8.25,0.75,7.5,1.25],"texture":"#0"},"up":{"uv":[8.25,2,7.75,1.25],"texture":"#0"},"down":{"uv":[8.25,2,7.75,2.75],"texture":"#0"}}},{"from":[2,21.5,4],"to":[3,22.5,6],"rotation":{"angle":-22.5,"axis":"y","origin":[7,22,10]},"faces":{"east":{"uv":[6.75,8,7.25,8.25],"texture":"#0"},"south":{"uv":[4,8.25,4.25,8.5],"texture":"#0"},"west":{"uv":[7.25,8,6.75,8.25],"texture":"#0"},"up":{"uv":[7.5,8.5,7.25,8],"texture":"#0"},"down":{"uv":[7.75,8,7.5,8.5],"texture":"#0"}}},{"from":[7,24,0],"to":[9,26,3],"rotation":{"angle":-45,"axis":"x","origin":[8,25,2.75]},"faces":{"east":{"uv":[7.5,0.75,8.25,1.25],"texture":"#0"},"south":{"uv":[4.5,8,5,8.5],"texture":"#0"},"west":{"uv":[8.25,0.75,7.5,1.25],"texture":"#0"},"up":{"uv":[8.25,2,7.75,1.25],"texture":"#0"},"down":{"uv":[8.25,2,7.75,2.75],"texture":"#0"}}},{"from":[7.5,24.5,3],"to":[8.5,25.5,5],"rotation":{"angle":-45,"axis":"x","origin":[8,25,2.75]},"faces":{"east":{"uv":[6.75,8,7.25,8.25],"texture":"#0"},"south":{"uv":[4,8.25,4.25,8.5],"texture":"#0"},"west":{"uv":[7.25,8,6.75,8.25],"texture":"#0"},"up":{"uv":[7.5,8.5,7.25,8],"texture":"#0"},"down":{"uv":[7.75,8,7.5,8.5],"texture":"#0"}}},{"from":[13,21.5,4],"to":[14,22.5,6],"rotation":{"angle":22.5,"axis":"y","origin":[9,22,10]},"faces":{"east":{"uv":[6.75,8,7.25,8.25],"texture":"#0"},"south":{"uv":[4.25,8.25,4,8.5],"texture":"#0"},"west":{"uv":[7.25,8,6.75,8.25],"texture":"#0"},"up":{"uv":[7.25,8.5,7.5,8],"texture":"#0"},"down":{"uv":[7.5,8,7.75,8.5],"texture":"#0"}}},{"from":[12.5,21,1],"to":[14.5,23,4],"rotation":{"angle":22.5,"axis":"y","origin":[9,22,10]},"faces":{"east":{"uv":[7.5,0.75,8.25,1.25],"texture":"#0"},"south":{"uv":[5,8,4.5,8.5],"texture":"#0"},"west":{"uv":[8.25,0.75,7.5,1.25],"texture":"#0"},"up":{"uv":[7.75,2,8.25,1.25],"texture":"#0"},"down":{"uv":[7.75,2,8.25,2.75],"texture":"#0"}}},{"from":[7,21,9],"to":[9,24,15],"rotation":{"angle":-22.5,"axis":"x","origin":[7,22,10]},"faces":{"north":{"uv":[7.75,2.75,8.25,3.5],"texture":"#0"},"east":{"uv":[6.5,0,8,0.75],"texture":"#0"},"west":{"uv":[8,0,6.5,0.75],"texture":"#0"},"up":{"uv":[2.5,8.75,2,7.25],"texture":"#0"},"down":{"uv":[3,7.25,2.5,8.75],"texture":"#0"}}},{"from":[6.9,22.99792,12.01046],"to":[9.1,26.99792,15.01046],"rotation":{"angle":22.5,"axis":"x","origin":[8,23,15]},"faces":{"north":{"uv":[3,7.25,3.5,8.25],"texture":"#0"},"east":{"uv":[3.75,7.25,4.5,8.25],"texture":"#0"},"south":{"uv":[7.25,7,7.75,8],"texture":"#0"},"west":{"uv":[4.5,7.25,3.75,8.25],"texture":"#0"},"up":{"uv":[8.25,4.25,7.75,3.5],"texture":"#0"}}},{"from":[7.5,25.70173,14.52144],"to":[8.5,28.70173,16.52144],"rotation":{"angle":45,"axis":"x","origin":[7.5,26.65,16.5]},"faces":{"north":{"uv":[3.75,5,4,5.75],"texture":"#0"},"east":{"uv":[7.75,7,8.25,7.75],"texture":"#0"},"south":{"uv":[4.5,7.25,4.75,8],"texture":"#0"},"west":{"uv":[8.25,7,7.75,7.75],"texture":"#0"},"up":{"uv":[8.5,1.25,8.25,0.75],"texture":"#0"},"down":{"uv":[8.5,1.25,8.25,1.75],"texture":"#0"}}},{"from":[6.9,15.36221,-0.02314],"to":[9.1,19.36221,2.97686],"rotation":{"angle":22.5,"axis":"x","origin":[8,17.47969,1.9273]},"faces":{"north":{"uv":[7.25,7,7.75,8],"rotation":180,"texture":"#0"},"east":{"uv":[3.75,7.25,4.5,8.25],"rotation":180,"texture":"#0"},"south":{"uv":[3,7.25,3.5,8.25],"rotation":180,"texture":"#0"},"west":{"uv":[4.5,7.25,3.75,8.25],"rotation":180,"texture":"#0"},"down":{"uv":[8.25,4.25,7.75,3.5],"texture":"#0"}}},{"from":[7.5,16.49277,-2.77113],"to":[8.5,18.49277,0.22887],"rotation":{"angle":-45,"axis":"x","origin":[8,17.47969,1.9273]},"faces":{"north":{"uv":[8.5,1.25,8.25,0.75],"rotation":180,"texture":"#0"},"east":{"uv":[7.75,7,8.25,7.75],"rotation":90,"texture":"#0"},"south":{"uv":[8.5,1.25,8.25,1.75],"texture":"#0"},"west":{"uv":[8.25,7,7.75,7.75],"rotation":270,"texture":"#0"},"up":{"uv":[4.5,7.25,4.75,8],"texture":"#0"},"down":{"uv":[3.75,5,4,5.75],"rotation":180,"texture":"#0"}}},{"from":[7,17.1916,1.88728],"to":[9,20.1916,7.88728],"rotation":{"angle":-22.5,"axis":"x","origin":[8,17.47969,1.9273]},"faces":{"east":{"uv":[6.5,0,8,0.75],"rotation":180,"texture":"#0"},"south":{"uv":[7.75,2.75,8.25,3.5],"rotation":180,"texture":"#0"},"west":{"uv":[8,0,6.5,0.75],"rotation":180,"texture":"#0"},"up":{"uv":[3,7.25,2.5,8.75],"texture":"#0"},"down":{"uv":[2.5,8.75,2,7.25],"texture":"#0"}}},{"from":[4.9,22.21678,8.37706],"to":[7.1,25.21678,12.37706],"rotation":{"angle":-22.5,"axis":"x","origin":[6,23.32397,11.7933]},"faces":{"east":{"uv":[3.75,7.25,4.5,8.25],"rotation":270,"texture":"#0"},"south":{"uv":[8.25,4.25,7.75,3.5],"texture":"#0"},"west":{"uv":[4.5,7.25,3.75,8.25],"rotation":90,"texture":"#0"},"up":{"uv":[3,7.25,3.5,8.25],"rotation":180,"texture":"#0"},"down":{"uv":[7.25,7,7.75,8],"texture":"#0"}}},{"from":[5.5,22.50303,11.75206],"to":[6.5,24.50303,14.75206],"rotation":{"angle":0,"axis":"y","origin":[6,23.32397,11.7933]},"faces":{"north":{"uv":[8.5,1.25,8.25,1.75],"rotation":180,"texture":"#0"},"east":{"uv":[7.75,7,8.25,7.75],"rotation":270,"texture":"#0"},"south":{"uv":[8.5,1.25,8.25,0.75],"texture":"#0"},"west":{"uv":[8.25,7,7.75,7.75],"rotation":90,"texture":"#0"},"up":{"uv":[3.75,5,4,5.75],"rotation":180,"texture":"#0"},"down":{"uv":[4.5,7.25,4.75,8],"texture":"#0"}}},{"from":[8.9,22.21678,8.37706],"to":[11.1,25.21678,12.37706],"rotation":{"angle":-22.5,"axis":"x","origin":[10,23.32397,11.7933]},"faces":{"east":{"uv":[3.75,7.25,4.5,8.25],"rotation":270,"texture":"#0"},"south":{"uv":[8.25,4.25,7.75,3.5],"texture":"#0"},"west":{"uv":[4.5,7.25,3.75,8.25],"rotation":90,"texture":"#0"},"up":{"uv":[3,7.25,3.5,8.25],"rotation":180,"texture":"#0"},"down":{"uv":[7.25,7,7.75,8],"texture":"#0"}}},{"from":[9.5,22.50303,11.75206],"to":[10.5,24.50303,14.75206],"rotation":{"angle":0,"axis":"y","origin":[10,23.32397,11.7933]},"faces":{"north":{"uv":[8.5,1.25,8.25,1.75],"rotation":180,"texture":"#0"},"east":{"uv":[7.75,7,8.25,7.75],"rotation":270,"texture":"#0"},"south":{"uv":[8.5,1.25,8.25,0.75],"texture":"#0"},"west":{"uv":[8.25,7,7.75,7.75],"rotation":90,"texture":"#0"},"up":{"uv":[3.75,5,4,5.75],"rotation":180,"texture":"#0"},"down":{"uv":[4.5,7.25,4.75,8],"texture":"#0"}}},{"from":[6.5,-8,6.5],"to":[9.5,-7,9.5],"rotation":{"angle":0,"axis":"y","origin":[7,2,8]},"faces":{"north":{"uv":[5,8,5.75,8.25],"texture":"#0"},"east":{"uv":[5,8,5.75,8.25],"texture":"#0"},"south":{"uv":[5,8,5.75,8.25],"texture":"#0"},"west":{"uv":[5,8,5.75,8.25],"texture":"#0"},"up":{"uv":[7.25,8,6.5,7.25],"texture":"#0"},"down":{"uv":[7.25,8,6.5,7.25],"texture":"#0"}}},{"from":[6.5,18,6.5],"to":[9.5,19,9.5],"rotation":{"angle":0,"axis":"y","origin":[7,2,8]},"faces":{"north":{"uv":[5,8,5.75,8.25],"texture":"#0"},"east":{"uv":[5,8,5.75,8.25],"texture":"#0"},"south":{"uv":[5,8,5.75,8.25],"texture":"#0"},"west":{"uv":[5,8,5.75,8.25],"texture":"#0"},"up":{"uv":[7.25,8,6.5,7.25],"texture":"#0"},"down":{"uv":[7.25,8,6.5,7.25],"texture":"#0"}}},{"from":[6.5,16,6.5],"to":[9.5,17,9.5],"rotation":{"angle":0,"axis":"y","origin":[7,2,8]},"faces":{"north":{"uv":[5,8,5.75,8.25],"texture":"#0"},"east":{"uv":[5,8,5.75,8.25],"texture":"#0"},"south":{"uv":[5,8,5.75,8.25],"texture":"#0"},"west":{"uv":[5,8,5.75,8.25],"texture":"#0"},"up":{"uv":[7.25,8,6.5,7.25],"texture":"#0"},"down":{"uv":[7.25,8,6.5,7.25],"texture":"#0"}}},{"from":[7.5,23.94975,8.87132],"to":[8.5,26.94975,10.87132],"rotation":{"angle":22.5,"axis":"x","origin":[8,24.82843,10.12132]},"faces":{"north":{"uv":[5.75,8.75,6,8],"texture":"#0"},"east":{"uv":[8,0.75,8.5,0],"texture":"#0"},"south":{"uv":[5.75,8.75,6,8],"texture":"#0"},"west":{"uv":[8,0.75,8.5,0],"texture":"#0"},"up":{"uv":[8.5,2.25,8.25,1.75],"texture":"#0"}}},{"from":[7.6,26.26976,10.27617],"to":[8.4,28.26976,11.27617],"rotation":{"angle":0,"axis":"y","origin":[8,28.26976,11.27617]},"faces":{"north":{"uv":[3,8.75,3.25,8.25],"texture":"#0"},"east":{"uv":[8.25,3.25,8.5,2.75],"texture":"#0"},"south":{"uv":[3,8.75,3.25,8.25],"texture":"#0"},"west":{"uv":[8.5,3.25,8.25,2.75],"texture":"#0"},"up":{"uv":[4.5,8.5,4.25,8.25],"texture":"#0"}}},{"from":[7.5,-12.94975,8.37132],"to":[8.5,-9.94975,10.37132],"rotation":{"angle":-22.5,"axis":"x","origin":[8,-10.82843,9.62132]},"faces":{"north":{"uv":[6,8,6.25,8.75],"texture":"#0"},"east":{"uv":[8,4.25,8.5,5],"texture":"#0"},"south":{"uv":[6,8,6.25,8.75],"texture":"#0"},"west":{"uv":[8.5,4.25,8,5],"texture":"#0"},"down":{"uv":[3.5,8.25,3.25,8.75],"texture":"#0"}}},{"from":[7.5,-14.26976,9.77617],"to":[8.5,-12.26976,10.77617],"rotation":{"angle":0,"axis":"y","origin":[8,-14.26976,10.77617]},"faces":{"north":{"uv":[8.25,3.25,8.5,3.75],"texture":"#0"},"east":{"uv":[3.75,8.25,4,8.75],"texture":"#0"},"south":{"uv":[8.25,3.75,8.5,4.25],"texture":"#0"},"west":{"uv":[4,8.25,3.75,8.75],"texture":"#0"},"down":{"uv":[5.25,8.25,5,8.5],"texture":"#0"}}},{"from":[7.5,-12.94975,5.62868],"to":[8.5,-9.94975,7.62868],"rotation":{"angle":22.5,"axis":"x","origin":[8,-10.82843,6.37868]},"faces":{"north":{"uv":[6.25,8,6,8.75],"texture":"#0"},"east":{"uv":[8.5,4.25,8,5],"texture":"#0"},"south":{"uv":[6.25,8,6,8.75],"texture":"#0"},"west":{"uv":[8,4.25,8.5,5],"texture":"#0"},"down":{"uv":[3.5,8.75,3.25,8.25],"texture":"#0"}}},{"from":[7.5,-14.26976,5.22383],"to":[8.5,-12.26976,6.22383],"rotation":{"angle":0,"axis":"y","origin":[8,-14.26976,5.22383]},"faces":{"north":{"uv":[8.5,3.75,8.25,4.25],"texture":"#0"},"east":{"uv":[4,8.25,3.75,8.75],"texture":"#0"},"south":{"uv":[8.5,3.25,8.25,3.75],"texture":"#0"},"west":{"uv":[3.75,8.25,4,8.75],"texture":"#0"},"down":{"uv":[5.25,8.5,5,8.25],"texture":"#0"}}},{"from":[7.5,14.05845,5.00823],"to":[8.5,17.05845,7.00823],"rotation":{"angle":45,"axis":"x","origin":[8,14.61606,6.04786]},"faces":{"north":{"uv":[6.25,8,6,8.75],"texture":"#0"},"east":{"uv":[8.5,4.25,8,5],"texture":"#0"},"south":{"uv":[6.25,8,6,8.75],"texture":"#0"},"west":{"uv":[8,4.25,8.5,5],"texture":"#0"},"down":{"uv":[3.5,8.75,3.25,8.25],"texture":"#0"}}},{"from":[7.5,12.73024,5.22383],"to":[8.5,14.73024,6.22383],"rotation":{"angle":22.5,"axis":"x","origin":[8,14.61606,6.04786]},"faces":{"north":{"uv":[8.5,3.75,8.25,4.25],"texture":"#0"},"east":{"uv":[4,8.25,3.75,8.75],"texture":"#0"},"south":{"uv":[8.5,3.25,8.25,3.75],"texture":"#0"},"west":{"uv":[3.75,8.25,4,8.75],"texture":"#0"},"down":{"uv":[5.25,8.5,5,8.25],"texture":"#0"}}},{"from":[7.75,16.5,7.25],"to":[8.25,24.5,17.25],"rotation":{"angle":0,"axis":"y","origin":[0,0,16]},"faces":{"north":{"uv":[12.5,13.5,12.25,13.75],"texture":"#0"},"east":{"uv":[14,11.75,11.5,13.75],"texture":"#0"},"south":{"uv":[13.875,11.75,13.75,13.75],"texture":"#0"},"west":{"uv":[11.5,11.75,14,13.75],"texture":"#0"},"up":{"uv":[0,16,0.125,13.5],"texture":"#0"},"down":{"uv":[0.25,16,0.375,13.5],"texture":"#0"}}},{"from":[7.75,20,17.25],"to":[8.25,24,19.75],"rotation":{"angle":0,"axis":"y","origin":[0,0,16]},"faces":{"north":{"uv":[12.5,13.5,12.25,13.75],"texture":"#0"},"east":{"uv":[14.625,12,14,13],"texture":"#0"},"south":{"uv":[14.625,12,14.5,13],"texture":"#0"},"west":{"uv":[14,12,14.625,13],"texture":"#0"},"up":{"uv":[0,14.125,0.125,13.5],"texture":"#0"},"down":{"uv":[0,14.125,0.125,13.5],"texture":"#0"}}},{"from":[4.5,14,-6],"to":[11.5,25,-3],"faces":{"north":{"uv":[3.75,12.5,5.5,15.25],"texture":"#0"},"east":{"uv":[3,10.5,2.25,13.25],"texture":"#0"},"south":{"uv":[3.75,11.75,5.5,9],"texture":"#0"},"west":{"uv":[2.25,10.5,3,13.25],"texture":"#0"},"up":{"uv":[3.75,9.75,5.5,9],"texture":"#0"},"down":{"uv":[3.75,9,5.5,9.75],"texture":"#0"}}},{"from":[4.5,18,-3],"to":[11.5,25,1],"faces":{"north":{"uv":[3.75,12.5,5.5,15.25],"texture":"#0"},"east":{"uv":[2,13.25,1,15],"texture":"#0"},"south":{"uv":[2,15,3.75,13.25],"texture":"#0"},"west":{"uv":[1,13.25,2,15],"texture":"#0"},"up":{"uv":[3.75,14.25,2,13.25],"texture":"#0"},"down":{"uv":[5.5,11.5,3.75,10.5],"texture":"#0"}}},{"from":[5.75,20,1],"to":[10.25,24,8],"faces":{"north":{"uv":[3.75,12.5,5.5,15.25],"texture":"#0"},"east":{"uv":[10.125,9.375,8.375,10.375],"texture":"#0"},"south":{"uv":[2,15,3.75,13.25],"texture":"#0"},"west":{"uv":[8.375,9.375,10.125,10.375],"texture":"#0"},"up":{"uv":[7.5,14.875,6.375,13.125],"texture":"#0"},"down":{"uv":[7.5,13.125,6.375,14.875],"texture":"#0"}}},{"from":[6.9,16.5,8.75],"to":[9.1,20.5,11.75],"rotation":{"angle":-45,"axis":"x","origin":[7.5,18,10.75]},"faces":{"north":{"uv":[1.5,7.5,2,8.5],"texture":"#0"},"east":{"uv":[7.25,6,8,7],"texture":"#0"},"south":{"uv":[1.5,7.5,2,8.5],"texture":"#0"},"west":{"uv":[8,6,7.25,7],"texture":"#0"},"down":{"uv":[8.25,7.75,7.75,8.5],"texture":"#0"}}},{"from":[7.5,14.55025,10.12132],"to":[8.5,17.55025,12.12132],"rotation":{"angle":-22.5,"axis":"x","origin":[8,16.67157,11.37132]},"faces":{"north":{"uv":[5.75,8,6,8.75],"texture":"#0"},"east":{"uv":[8,0,8.5,0.75],"texture":"#0"},"south":{"uv":[5.75,8,6,8.75],"texture":"#0"},"west":{"uv":[8,0,8.5,0.75],"texture":"#0"},"down":{"uv":[8.5,1.75,8.25,2.25],"texture":"#0"}}},{"from":[7.6,13.23024,11.52617],"to":[8.4,15.23024,12.52617],"rotation":{"angle":0,"axis":"y","origin":[8,13.23024,12.52617]},"faces":{"north":{"uv":[3,8.25,3.25,8.75],"texture":"#0"},"east":{"uv":[8.25,2.75,8.5,3.25],"texture":"#0"},"south":{"uv":[3,8.25,3.25,8.75],"texture":"#0"},"west":{"uv":[8.5,2.75,8.25,3.25],"texture":"#0"},"down":{"uv":[4.5,8.25,4.25,8.5],"texture":"#0"}}},{"from":[8,4,8.5],"to":[8,24,28.5],"rotation":{"angle":0,"axis":"y","origin":[7,2,8]},"faces":{"east":{"uv":[16,16,0,0],"texture":"#2"},"west":{"uv":[0,16,16,0],"texture":"#2"}}},{"from":[8,0,-12.5],"to":[8,20,7.5],"rotation":{"angle":0,"axis":"y","origin":[7,2,8]},"faces":{"east":{"uv":[0,16,16,0],"texture":"#2"},"west":{"uv":[16,16,0,0],"texture":"#2"}}}],"gui_light":"front","display":{"thirdperson_righthand":{"translation":[0,6.25,1.75],"scale":[0.75,0.75,0.75]},"thirdperson_lefthand":{"translation":[0,6.25,1.75],"scale":[0.75,0.75,0.75]},"firstperson_righthand":{"rotation":[-10.8,3.4,0.12],"translation":[1,3,2],"scale":[0.47461,0.47461,0.47461]},"firstperson_lefthand":{"rotation":[-10.8,3.4,0.12],"translation":[1,3,2],"scale":[0.47461,0.47461,0.47461]},"ground":{"translation":[0,9.75,0],"scale":[0.5,0.5,0.5]},"gui":{"rotation":[88,45,-88],"translation":[-0.5,-0.75,-2],"scale":[0.38281,0.38281,0.38281]},"head":{"rotation":[-135.5,0,0],"translation":[0,18.5,6.25],"scale":[0.7,0.7,0.7]},"fixed":{"rotation":[-88,45,88],"translation":[0.5,-0.75,-2],"scale":[1.28008,1.28008,1.28008]}}}