{"credit":"MadewithBlockbench","texture_size":[64,64],"textures":{"0":"dreadknight:dreadknight/dreadknight_sword","1":"dreadknight:dreadknight/dreadknight_eye_animate","2":"dreadknight:dreadknight/dreadknight_blood_animate","particle":"dreadknight:dreadknight/dreadknight_sword"},"elements":[{"from":[7,-9,7],"to":[9,-1,9],"rotation":{"angle":0,"axis":"y","origin":[7,6.5,8]},"faces":{"north":{"uv":[0.5,6.5,1,8.5],"texture":"#0"},"east":{"uv":[0.5,6.5,1,8.5],"texture":"#0"},"south":{"uv":[0.5,6.5,1,8.5],"texture":"#0"},"west":{"uv":[0.5,6.5,1,8.5],"texture":"#0"}}},{"from":[7,-14,7],"to":[9,-11,9],"rotation":{"angle":0,"axis":"y","origin":[7,6.5,8]},"faces":{"north":{"uv":[7.5,5.25,8,6],"texture":"#0"},"east":{"uv":[7.5,4.5,8,5.25],"texture":"#0"},"south":{"uv":[7.5,5.25,8,6],"texture":"#0"},"west":{"uv":[7.5,4.5,8,5.25],"texture":"#0"},"down":{"uv":[7.5,4.5,7,5],"texture":"#0"}}},{"from":[7.5,-16,7.5],"to":[8.5,-14,8.5],"rotation":{"angle":0,"axis":"y","origin":[7,6.5,8]},"faces":{"north":{"uv":[8,6.5,8.25,7],"texture":"#0"},"east":{"uv":[6.5,8,6.75,8.5],"texture":"#0"},"south":{"uv":[8,6.5,8.25,7],"texture":"#0"},"west":{"uv":[6.5,8,6.75,8.5],"texture":"#0"},"down":{"uv":[8,4.25,7.75,4.5],"texture":"#0"}}},{"from":[6,-11,6],"to":[10,-9,10],"rotation":{"angle":0,"axis":"y","origin":[7,2,8]},"faces":{"north":{"uv":[6.5,0.75,7.5,1.25],"texture":"#0"},"east":{"uv":[6.5,0.75,7.5,1.25],"texture":"#0"},"south":{"uv":[6.5,0.75,7.5,1.25],"texture":"#0"},"west":{"uv":[6.5,0.75,7.5,1.25],"texture":"#0"},"up":{"uv":[2,7.5,1,6.5],"texture":"#0"},"down":{"uv":[2,7.5,1,6.5],"texture":"#0"}}},{"from":[6,-2,5],"to":[10,4,11],"rotation":{"angle":-45,"axis":"x","origin":[8,1,8]},"faces":{"north":{"uv":[5.25,1.25,6.25,2.75],"texture":"#0"},"east":{"uv":[0.5,5,2,6.5],"texture":"#0"},"south":{"uv":[5.25,2.75,6.25,4.25],"texture":"#0"},"west":{"uv":[0.5,5,2,6.5],"rotation":90,"texture":"#0"},"up":{"uv":[6.25,5.75,5.25,4.25],"texture":"#0"},"down":{"uv":[5.25,1.25,6.25,2.75],"texture":"#0"}}},{"from":[5,-1,6],"to":[11,3,10],"rotation":{"angle":-45,"axis":"x","origin":[8,1,8]},"faces":{"north":{"uv":[6.25,1.25,7.75,2.25],"texture":"#0"},"east":{"uv":[6.5,5,7.5,6],"texture":"#0"},"south":{"uv":[6.25,1.25,7.75,2.25],"texture":"#0"},"west":{"uv":[7.5,5,6.5,6],"texture":"#0"},"up":{"uv":[6.25,1.25,7.75,2.25],"texture":"#0"},"down":{"uv":[6.25,1.25,7.75,2.25],"texture":"#0"}}},{"from":[4.75,-0.5,6.5],"to":[11.25,2.5,9.5],"rotation":{"angle":-45,"axis":"x","origin":[8,1,8]},"faces":{"north":{"uv":[6.25,1.25,7.875,2],"texture":"#0"},"east":{"uv":[0,0,16,16],"texture":"#1"},"south":{"uv":[6.25,1.25,7.875,2],"texture":"#0"},"west":{"uv":[0,0,16,16],"rotation":90,"texture":"#1"},"up":{"uv":[6.25,1.25,7.875,2],"texture":"#0"},"down":{"uv":[6.25,1.25,7.875,2],"texture":"#0"}}},{"from":[7,-1,10],"to":[9,1,13],"rotation":{"angle":22.5,"axis":"x","origin":[7,1,10]},"faces":{"east":{"uv":[7.5,0.75,8.25,1.25],"texture":"#0"},"south":{"uv":[4.5,8,5,8.5],"texture":"#0"},"west":{"uv":[8.25,0.75,7.5,1.25],"texture":"#0"},"up":{"uv":[8.25,2,7.75,1.25],"texture":"#0"},"down":{"uv":[8.25,2,7.75,2.75],"texture":"#0"}}},{"from":[7.5,-0.5,13],"to":[8.5,0.5,15],"rotation":{"angle":22.5,"axis":"x","origin":[7,1,10]},"faces":{"east":{"uv":[6.75,8,7.25,8.25],"texture":"#0"},"south":{"uv":[4,8.25,4.25,8.5],"texture":"#0"},"west":{"uv":[7.25,8,6.75,8.25],"texture":"#0"},"up":{"uv":[7.5,8.5,7.25,8],"texture":"#0"},"down":{"uv":[7.75,8,7.5,8.5],"texture":"#0"}}},{"from":[7,0,9],"to":[9,3,15],"rotation":{"angle":-22.5,"axis":"x","origin":[7,1,10]},"faces":{"north":{"uv":[7.75,2.75,8.25,3.5],"texture":"#0"},"east":{"uv":[6.5,0,8,0.75],"texture":"#0"},"west":{"uv":[8,0,6.5,0.75],"texture":"#0"},"up":{"uv":[2.5,8.75,2,7.25],"texture":"#0"},"down":{"uv":[3,7.25,2.5,8.75],"texture":"#0"}}},{"from":[6.9,1.99792,12.01046],"to":[9.1,5.99792,15.01046],"rotation":{"angle":22.5,"axis":"x","origin":[8,2,15]},"faces":{"north":{"uv":[3,7.25,3.5,8.25],"texture":"#0"},"east":{"uv":[3.75,7.25,4.5,8.25],"texture":"#0"},"south":{"uv":[7.25,7,7.75,8],"texture":"#0"},"west":{"uv":[4.5,7.25,3.75,8.25],"texture":"#0"},"up":{"uv":[8.25,4.25,7.75,3.5],"texture":"#0"}}},{"from":[7.5,4.70173,14.52144],"to":[8.5,7.70173,16.52144],"rotation":{"angle":45,"axis":"x","origin":[7.5,5.65,16.5]},"faces":{"north":{"uv":[3.75,5,4,5.75],"texture":"#0"},"east":{"uv":[7.75,7,8.25,7.75],"texture":"#0"},"south":{"uv":[4.5,7.25,4.75,8],"texture":"#0"},"west":{"uv":[8.25,7,7.75,7.75],"texture":"#0"},"up":{"uv":[8.5,1.25,8.25,0.75],"texture":"#0"},"down":{"uv":[8.5,1.25,8.25,1.75],"texture":"#0"}}},{"from":[7,-1,3],"to":[9,1,6],"rotation":{"angle":-22.5,"axis":"x","origin":[7,1,6]},"faces":{"north":{"uv":[5,8,4.5,8.5],"texture":"#0"},"east":{"uv":[8.25,0.75,7.5,1.25],"texture":"#0"},"west":{"uv":[7.5,0.75,8.25,1.25],"texture":"#0"},"up":{"uv":[8.25,1.25,7.75,2],"texture":"#0"},"down":{"uv":[8.25,2.75,7.75,2],"texture":"#0"}}},{"from":[7.5,-0.5,1],"to":[8.5,0.5,3],"rotation":{"angle":-22.5,"axis":"x","origin":[7,1,6]},"faces":{"north":{"uv":[4.25,8.25,4,8.5],"texture":"#0"},"east":{"uv":[7.25,8,6.75,8.25],"texture":"#0"},"west":{"uv":[6.75,8,7.25,8.25],"texture":"#0"},"up":{"uv":[7.5,8,7.25,8.5],"texture":"#0"},"down":{"uv":[7.75,8.5,7.5,8],"texture":"#0"}}},{"from":[7,0,1],"to":[9,3,7],"rotation":{"angle":22.5,"axis":"x","origin":[7,1,6]},"faces":{"east":{"uv":[8,0,6.5,0.75],"texture":"#0"},"south":{"uv":[8.25,2.75,7.75,3.5],"texture":"#0"},"west":{"uv":[6.5,0,8,0.75],"texture":"#0"},"up":{"uv":[2.5,7.25,2,8.75],"texture":"#0"},"down":{"uv":[3,8.75,2.5,7.25],"texture":"#0"}}},{"from":[6.9,1.99792,0.98954],"to":[9.1,5.99792,3.98954],"rotation":{"angle":-22.5,"axis":"x","origin":[8,2,1]},"faces":{"north":{"uv":[7.75,7,7.25,8],"texture":"#0"},"east":{"uv":[4.5,7.25,3.75,8.25],"texture":"#0"},"south":{"uv":[3.5,7.25,3,8.25],"texture":"#0"},"west":{"uv":[3.75,7.25,4.5,8.25],"texture":"#0"},"up":{"uv":[8.25,3.5,7.75,4.25],"texture":"#0"}}},{"from":[7.5,4.70173,-0.52144],"to":[8.5,7.70173,1.47856],"rotation":{"angle":-45,"axis":"x","origin":[7.5,5.65,-0.5]},"faces":{"north":{"uv":[4.75,7.25,4.5,8],"texture":"#0"},"east":{"uv":[8.25,7,7.75,7.75],"texture":"#0"},"south":{"uv":[4,5,3.75,5.75],"texture":"#0"},"west":{"uv":[7.75,7,8.25,7.75],"texture":"#0"},"up":{"uv":[8.5,0.75,8.25,1.25],"texture":"#0"},"down":{"uv":[8.5,1.75,8.25,1.25],"texture":"#0"}}},{"from":[6.5,-8,6.5],"to":[9.5,-7,9.5],"rotation":{"angle":0,"axis":"y","origin":[7,2,8]},"faces":{"north":{"uv":[5,8,5.75,8.25],"texture":"#0"},"east":{"uv":[5,8,5.75,8.25],"texture":"#0"},"south":{"uv":[5,8,5.75,8.25],"texture":"#0"},"west":{"uv":[5,8,5.75,8.25],"texture":"#0"},"up":{"uv":[7.25,8,6.5,7.25],"texture":"#0"},"down":{"uv":[7.25,8,6.5,7.25],"texture":"#0"}}},{"from":[7.5,3,5.5],"to":[8.5,23,10.5],"rotation":{"angle":0,"axis":"y","origin":[7,2,8]},"faces":{"north":{"uv":[3.5,6.25,3.75,11.25],"texture":"#0"},"east":{"uv":[2.75,0,4,5],"texture":"#0"},"south":{"uv":[3.5,6.25,3.75,11.25],"texture":"#0"},"west":{"uv":[4,0,2.75,5],"texture":"#0"}}},{"from":[8,3,10.5],"to":[8,23,13.5],"rotation":{"angle":0,"axis":"y","origin":[7,2,8]},"faces":{"east":{"uv":[0,0,0.75,5],"texture":"#0"},"west":{"uv":[0.75,0,0,5],"texture":"#0"}}},{"from":[8,3,2.5],"to":[8,23,5.5],"rotation":{"angle":0,"axis":"y","origin":[7,2,8]},"faces":{"east":{"uv":[0.75,0,0,5],"texture":"#0"},"west":{"uv":[0,0,0.75,5],"texture":"#0"}}},{"from":[8.1,6,-15.5],"to":[8.1,21,4.5],"rotation":{"angle":0,"axis":"y","origin":[7,2,8]},"faces":{"east":{"uv":[0,4,16,16],"texture":"#2"},"west":{"uv":[16,4,0,16],"texture":"#2"}}},{"from":[8.1,6,11.5],"to":[8.1,21,31.5],"rotation":{"angle":0,"axis":"y","origin":[7,2,8]},"faces":{"east":{"uv":[16,4,0,16],"texture":"#2"},"west":{"uv":[0,4,16,16],"texture":"#2"}}},{"from":[8,21,1.5],"to":[8,32,14.5],"rotation":{"angle":0,"axis":"y","origin":[7,2,8]},"faces":{"east":{"uv":[8.5,0,11.75,2.75],"texture":"#0"},"west":{"uv":[11.75,0,8.5,2.75],"texture":"#0"}}},{"from":[6.5,22,4.5],"to":[9.5,27,11.5],"rotation":{"angle":0,"axis":"y","origin":[7,1,8]},"faces":{"north":{"uv":[6.5,6,7.25,7.25],"texture":"#0"},"east":{"uv":[2,5,3.75,6.25],"texture":"#0"},"south":{"uv":[4.75,6.75,5.5,8],"texture":"#0"},"west":{"uv":[3.75,5,2,6.25],"texture":"#0"},"up":{"uv":[7,3.25,6.25,5],"texture":"#0"},"down":{"uv":[7,3.25,6.25,5],"texture":"#0"}}},{"from":[7,22,10.5],"to":[9,26,13.5],"rotation":{"angle":-45,"axis":"x","origin":[7.5,23.5,12.5]},"faces":{"north":{"uv":[1.5,7.5,2,8.5],"texture":"#0"},"east":{"uv":[7.25,6,8,7],"texture":"#0"},"south":{"uv":[1.5,7.5,2,8.5],"texture":"#0"},"west":{"uv":[8,6,7.25,7],"texture":"#0"},"down":{"uv":[8.25,7.75,7.75,8.5],"texture":"#0"}}},{"from":[7.5,20.05025,11.87132],"to":[8.5,23.05025,13.87132],"rotation":{"angle":-22.5,"axis":"x","origin":[8,22.17157,13.12132]},"faces":{"north":{"uv":[5.75,8,6,8.75],"texture":"#0"},"east":{"uv":[8,0,8.5,0.75],"texture":"#0"},"south":{"uv":[5.75,8,6,8.75],"texture":"#0"},"west":{"uv":[8,0,8.5,0.75],"texture":"#0"},"down":{"uv":[8.5,1.75,8.25,2.25],"texture":"#0"}}},{"from":[7.6,18.73024,13.27617],"to":[8.4,20.73024,14.27617],"rotation":{"angle":0,"axis":"y","origin":[8,18.73024,14.27617]},"faces":{"north":{"uv":[3,8.25,3.25,8.75],"texture":"#0"},"east":{"uv":[8.25,2.75,8.5,3.25],"texture":"#0"},"south":{"uv":[3,8.25,3.25,8.75],"texture":"#0"},"west":{"uv":[8.5,2.75,8.25,3.25],"texture":"#0"},"down":{"uv":[4.5,8.25,4.25,8.5],"texture":"#0"}}},{"from":[7,22,2.5],"to":[9,26,5.5],"rotation":{"angle":45,"axis":"x","origin":[7.5,23.5,3.5]},"faces":{"north":{"uv":[2,7.5,1.5,8.5],"texture":"#0"},"east":{"uv":[8,6,7.25,7],"texture":"#0"},"south":{"uv":[2,7.5,1.5,8.5],"texture":"#0"},"west":{"uv":[7.25,6,8,7],"texture":"#0"},"down":{"uv":[8.25,8.5,7.75,7.75],"texture":"#0"}}},{"from":[7.5,20.05025,2.12868],"to":[8.5,23.05025,4.12868],"rotation":{"angle":22.5,"axis":"x","origin":[8,22.17157,2.87868]},"faces":{"north":{"uv":[6,8,5.75,8.75],"texture":"#0"},"east":{"uv":[8.5,0,8,0.75],"texture":"#0"},"south":{"uv":[6,8,5.75,8.75],"texture":"#0"},"west":{"uv":[8.5,0,8,0.75],"texture":"#0"},"down":{"uv":[8.5,2.25,8.25,1.75],"texture":"#0"}}},{"from":[7.6,18.73024,1.72383],"to":[8.4,20.73024,2.72383],"rotation":{"angle":0,"axis":"y","origin":[8,18.73024,1.72383]},"faces":{"north":{"uv":[3.25,8.25,3,8.75],"texture":"#0"},"east":{"uv":[8.5,2.75,8.25,3.25],"texture":"#0"},"south":{"uv":[3.25,8.25,3,8.75],"texture":"#0"},"west":{"uv":[8.25,2.75,8.5,3.25],"texture":"#0"},"down":{"uv":[4.5,8.5,4.25,8.25],"texture":"#0"}}},{"from":[7.5,-12.94975,8.37132],"to":[8.5,-9.94975,10.37132],"rotation":{"angle":-22.5,"axis":"x","origin":[8,-10.82843,9.62132]},"faces":{"north":{"uv":[6,8,6.25,8.75],"texture":"#0"},"east":{"uv":[8,4.25,8.5,5],"texture":"#0"},"south":{"uv":[6,8,6.25,8.75],"texture":"#0"},"west":{"uv":[8.5,4.25,8,5],"texture":"#0"},"down":{"uv":[3.5,8.25,3.25,8.75],"texture":"#0"}}},{"from":[7.5,-14.26976,9.77617],"to":[8.5,-12.26976,10.77617],"rotation":{"angle":0,"axis":"y","origin":[8,-14.26976,10.77617]},"faces":{"north":{"uv":[8.25,3.25,8.5,3.75],"texture":"#0"},"east":{"uv":[3.75,8.25,4,8.75],"texture":"#0"},"south":{"uv":[8.25,3.75,8.5,4.25],"texture":"#0"},"west":{"uv":[4,8.25,3.75,8.75],"texture":"#0"},"down":{"uv":[5.25,8.25,5,8.5],"texture":"#0"}}},{"from":[7.5,-12.94975,5.62868],"to":[8.5,-9.94975,7.62868],"rotation":{"angle":22.5,"axis":"x","origin":[8,-10.82843,6.37868]},"faces":{"north":{"uv":[6.25,8,6,8.75],"texture":"#0"},"east":{"uv":[8.5,4.25,8,5],"texture":"#0"},"south":{"uv":[6.25,8,6,8.75],"texture":"#0"},"west":{"uv":[8,4.25,8.5,5],"texture":"#0"},"down":{"uv":[3.5,8.75,3.25,8.25],"texture":"#0"}}},{"from":[7.5,-14.26976,5.22383],"to":[8.5,-12.26976,6.22383],"rotation":{"angle":0,"axis":"y","origin":[8,-14.26976,5.22383]},"faces":{"north":{"uv":[8.5,3.75,8.25,4.25],"texture":"#0"},"east":{"uv":[4,8.25,3.75,8.75],"texture":"#0"},"south":{"uv":[8.5,3.25,8.25,3.75],"texture":"#0"},"west":{"uv":[3.75,8.25,4,8.75],"texture":"#0"},"down":{"uv":[5.25,8.5,5,8.25],"texture":"#0"}}},{"from":[6.6,24.9,6.6],"to":[9.4,29.9,11.6],"rotation":{"angle":45,"axis":"x","origin":[8,28.5,8]},"faces":{"north":{"uv":[7,4.5,7.75,3.25],"texture":"#0"},"east":{"uv":[5.25,0,6.5,1.25],"texture":"#0"},"west":{"uv":[5.25,0,6.5,1.25],"rotation":270,"texture":"#0"},"up":{"uv":[7.75,4.5,7,3.25],"texture":"#0"}}},{"from":[6.1,25.9,7.6],"to":[9.9,28.9,10.6],"rotation":{"angle":45,"axis":"x","origin":[8,28.5,8]},"faces":{"north":{"uv":[5.5,7.5,6.45,6.75],"texture":"#0"},"east":{"uv":[5.25,0.25,6,1],"texture":"#0"},"south":{"uv":[6.45,6.75,5.5,7.5],"texture":"#0"},"west":{"uv":[6,0.25,5.25,1],"texture":"#0"},"up":{"uv":[6.5,7.5,5.5,6.75],"texture":"#0"},"down":{"uv":[6.5,7.5,5.5,6.75],"texture":"#0"}}},{"from":[7,3,6.5],"to":[9,26,9.5],"rotation":{"angle":0,"axis":"y","origin":[7,2,8]},"faces":{"north":{"uv":[4.75,0,5.25,5.75],"texture":"#0"},"east":{"uv":[4,0,4.75,5.75],"texture":"#0"},"south":{"uv":[0,5,0.5,10.75],"texture":"#0"},"west":{"uv":[4.75,0,4,5.75],"texture":"#0"}}}],"gui_light":"front","display":{"thirdperson_righthand":{"translation":[0,5.75,1],"scale":[0.5957,0.5957,0.5957]},"thirdperson_lefthand":{"translation":[0,5.75,1],"scale":[0.5957,0.5957,0.5957]},"firstperson_righthand":{"rotation":[-9.75,0,0],"translation":[-0.75,5.5,2.25],"scale":[0.37891,0.37891,0.37891]},"firstperson_lefthand":{"rotation":[-9.75,0,0],"translation":[-0.75,5.5,2.25],"scale":[0.37891,0.37891,0.37891]},"ground":{"translation":[0,9.75,0],"scale":[0.5,0.5,0.5]},"gui":{"rotation":[88,45,-88],"translation":[0,-0.25,-2],"scale":[0.38867,0.38867,0.38867]},"head":{"rotation":[-135.5,0,0],"translation":[0,16.75,12],"scale":[0.7,0.7,0.7]},"fixed":{"rotation":[-88,45,88],"translation":[0.25,-0.75,-2],"scale":[1.26641,1.26641,1.26641]}}}