{"credit":"MadewithBlockbench","texture_size":[64,64],"textures":{"0":"dreadknight:dreadknight/dreadknight_staff","1":"dreadknight:dreadknight/dreadknight_eye_animate","2":"dreadknight:dreadknight/dreadknight_blood_animate","particle":"dreadknight:dreadknight/dreadknight_staff"},"elements":[{"from":[7,-9,7],"to":[9,20,9],"rotation":{"angle":0,"axis":"y","origin":[7,6.5,8]},"faces":{"north":{"uv":[0.5,8.75,1,16],"texture":"#0"},"east":{"uv":[0.5,8.75,1,16],"texture":"#0"},"south":{"uv":[0.5,8.75,1,16],"texture":"#0"},"west":{"uv":[0.5,8.75,1,16],"texture":"#0"}}},{"from":[7,-14,7],"to":[9,-11,9],"rotation":{"angle":0,"axis":"y","origin":[7,6.5,8]},"faces":{"north":{"uv":[7.5,5.25,8,6],"texture":"#0"},"east":{"uv":[7.5,4.5,8,5.25],"texture":"#0"},"south":{"uv":[7.5,5.25,8,6],"texture":"#0"},"west":{"uv":[7.5,4.5,8,5.25],"texture":"#0"},"down":{"uv":[7.5,4.5,7,5],"texture":"#0"}}},{"from":[7.5,-16,7.5],"to":[8.5,-14,8.5],"rotation":{"angle":0,"axis":"y","origin":[7,6.5,8]},"faces":{"north":{"uv":[8,6.5,8.25,7],"texture":"#0"},"east":{"uv":[6.5,8,6.75,8.5],"texture":"#0"},"south":{"uv":[8,6.5,8.25,7],"texture":"#0"},"west":{"uv":[6.5,8,6.75,8.5],"texture":"#0"},"down":{"uv":[8,4.25,7.75,4.5],"texture":"#0"}}},{"from":[6,-11,6],"to":[10,-9,10],"rotation":{"angle":0,"axis":"y","origin":[7,2,8]},"faces":{"north":{"uv":[6.5,0.75,7.5,1.25],"texture":"#0"},"east":{"uv":[6.5,0.75,7.5,1.25],"texture":"#0"},"south":{"uv":[6.5,0.75,7.5,1.25],"texture":"#0"},"west":{"uv":[6.5,0.75,7.5,1.25],"texture":"#0"},"up":{"uv":[2,7.5,1,6.5],"texture":"#0"},"down":{"uv":[2,7.5,1,6.5],"texture":"#0"}}},{"from":[6,19,5],"to":[10,25,11],"rotation":{"angle":-45,"axis":"x","origin":[8,22,8]},"faces":{"north":{"uv":[5.25,1.25,6.25,2.75],"texture":"#0"},"east":{"uv":[0.5,5,2,6.5],"texture":"#0"},"south":{"uv":[5.25,2.75,6.25,4.25],"texture":"#0"},"west":{"uv":[0.5,5,2,6.5],"rotation":90,"texture":"#0"},"up":{"uv":[6.25,5.75,5.25,4.25],"texture":"#0"},"down":{"uv":[5.25,1.25,6.25,2.75],"texture":"#0"}}},{"from":[5,20,6],"to":[11,24,10],"rotation":{"angle":-45,"axis":"x","origin":[8,22,8]},"faces":{"north":{"uv":[6.25,1.25,7.75,2.25],"texture":"#0"},"east":{"uv":[6.5,5,7.5,6],"texture":"#0"},"south":{"uv":[6.25,1.25,7.75,2.25],"texture":"#0"},"west":{"uv":[7.5,5,6.5,6],"texture":"#0"},"up":{"uv":[6.25,1.25,7.75,2.25],"texture":"#0"},"down":{"uv":[6.25,1.25,7.75,2.25],"texture":"#0"}}},{"from":[4.75,20.5,6.5],"to":[11.25,23.5,9.5],"rotation":{"angle":-45,"axis":"x","origin":[8,22,8]},"faces":{"north":{"uv":[6.25,1.25,7.875,2],"texture":"#0"},"east":{"uv":[0,0,16,16],"texture":"#1"},"south":{"uv":[6.25,1.25,7.875,2],"texture":"#0"},"west":{"uv":[0,0,16,16],"rotation":90,"texture":"#1"},"up":{"uv":[6.25,1.25,7.875,2],"texture":"#0"},"down":{"uv":[6.25,1.25,7.875,2],"texture":"#0"}}},{"from":[7,20,10],"to":[9,22,13],"rotation":{"angle":22.5,"axis":"x","origin":[7,22,10]},"faces":{"east":{"uv":[7.5,0.75,8.25,1.25],"texture":"#0"},"south":{"uv":[4.5,8,5,8.5],"texture":"#0"},"west":{"uv":[8.25,0.75,7.5,1.25],"texture":"#0"},"up":{"uv":[8.25,2,7.75,1.25],"texture":"#0"},"down":{"uv":[8.25,2,7.75,2.75],"texture":"#0"}}},{"from":[7.5,20.5,13],"to":[8.5,21.5,15],"rotation":{"angle":22.5,"axis":"x","origin":[7,22,10]},"faces":{"east":{"uv":[6.75,8,7.25,8.25],"texture":"#0"},"south":{"uv":[4,8.25,4.25,8.5],"texture":"#0"},"west":{"uv":[7.25,8,6.75,8.25],"texture":"#0"},"up":{"uv":[7.5,8.5,7.25,8],"texture":"#0"},"down":{"uv":[7.75,8,7.5,8.5],"texture":"#0"}}},{"from":[7,21,9],"to":[9,24,15],"rotation":{"angle":-22.5,"axis":"x","origin":[7,22,10]},"faces":{"north":{"uv":[7.75,2.75,8.25,3.5],"texture":"#0"},"east":{"uv":[6.5,0,8,0.75],"texture":"#0"},"west":{"uv":[8,0,6.5,0.75],"texture":"#0"},"up":{"uv":[2.5,8.75,2,7.25],"texture":"#0"},"down":{"uv":[3,7.25,2.5,8.75],"texture":"#0"}}},{"from":[6.9,22.99792,12.01046],"to":[9.1,26.99792,15.01046],"rotation":{"angle":22.5,"axis":"x","origin":[8,23,15]},"faces":{"north":{"uv":[3,7.25,3.5,8.25],"texture":"#0"},"east":{"uv":[3.75,7.25,4.5,8.25],"texture":"#0"},"south":{"uv":[7.25,7,7.75,8],"texture":"#0"},"west":{"uv":[4.5,7.25,3.75,8.25],"texture":"#0"},"up":{"uv":[8.25,4.25,7.75,3.5],"texture":"#0"}}},{"from":[7.5,25.70173,14.52144],"to":[8.5,28.70173,16.52144],"rotation":{"angle":45,"axis":"x","origin":[7.5,26.65,16.5]},"faces":{"north":{"uv":[3.75,5,4,5.75],"texture":"#0"},"east":{"uv":[7.75,7,8.25,7.75],"texture":"#0"},"south":{"uv":[4.5,7.25,4.75,8],"texture":"#0"},"west":{"uv":[8.25,7,7.75,7.75],"texture":"#0"},"up":{"uv":[8.5,1.25,8.25,0.75],"texture":"#0"},"down":{"uv":[8.5,1.25,8.25,1.75],"texture":"#0"}}},{"from":[7,20,3],"to":[9,22,6],"rotation":{"angle":-22.5,"axis":"x","origin":[7,22,6]},"faces":{"north":{"uv":[5,8,4.5,8.5],"texture":"#0"},"east":{"uv":[8.25,0.75,7.5,1.25],"texture":"#0"},"west":{"uv":[7.5,0.75,8.25,1.25],"texture":"#0"},"up":{"uv":[8.25,1.25,7.75,2],"texture":"#0"},"down":{"uv":[8.25,2.75,7.75,2],"texture":"#0"}}},{"from":[7.5,20.5,1],"to":[8.5,21.5,3],"rotation":{"angle":-22.5,"axis":"x","origin":[7,22,6]},"faces":{"north":{"uv":[4.25,8.25,4,8.5],"texture":"#0"},"east":{"uv":[7.25,8,6.75,8.25],"texture":"#0"},"west":{"uv":[6.75,8,7.25,8.25],"texture":"#0"},"up":{"uv":[7.5,8,7.25,8.5],"texture":"#0"},"down":{"uv":[7.75,8.5,7.5,8],"texture":"#0"}}},{"from":[7,21,1],"to":[9,24,7],"rotation":{"angle":22.5,"axis":"x","origin":[7,22,6]},"faces":{"east":{"uv":[8,0,6.5,0.75],"texture":"#0"},"south":{"uv":[8.25,2.75,7.75,3.5],"texture":"#0"},"west":{"uv":[6.5,0,8,0.75],"texture":"#0"},"up":{"uv":[2.5,7.25,2,8.75],"texture":"#0"},"down":{"uv":[3,8.75,2.5,7.25],"texture":"#0"}}},{"from":[6.9,22.99792,0.98954],"to":[9.1,26.99792,3.98954],"rotation":{"angle":-22.5,"axis":"x","origin":[8,23,1]},"faces":{"north":{"uv":[7.75,7,7.25,8],"texture":"#0"},"east":{"uv":[4.5,7.25,3.75,8.25],"texture":"#0"},"south":{"uv":[3.5,7.25,3,8.25],"texture":"#0"},"west":{"uv":[3.75,7.25,4.5,8.25],"texture":"#0"},"up":{"uv":[8.25,3.5,7.75,4.25],"texture":"#0"}}},{"from":[7.5,25.70173,-0.52144],"to":[8.5,28.70173,1.47856],"rotation":{"angle":-45,"axis":"x","origin":[7.5,26.65,-0.5]},"faces":{"north":{"uv":[4.75,7.25,4.5,8],"texture":"#0"},"east":{"uv":[8.25,7,7.75,7.75],"texture":"#0"},"south":{"uv":[4,5,3.75,5.75],"texture":"#0"},"west":{"uv":[7.75,7,8.25,7.75],"texture":"#0"},"up":{"uv":[8.5,0.75,8.25,1.25],"texture":"#0"},"down":{"uv":[8.5,1.75,8.25,1.25],"texture":"#0"}}},{"from":[6.5,-8,6.5],"to":[9.5,-7,9.5],"rotation":{"angle":0,"axis":"y","origin":[7,2,8]},"faces":{"north":{"uv":[5,8,5.75,8.25],"texture":"#0"},"east":{"uv":[5,8,5.75,8.25],"texture":"#0"},"south":{"uv":[5,8,5.75,8.25],"texture":"#0"},"west":{"uv":[5,8,5.75,8.25],"texture":"#0"},"up":{"uv":[7.25,8,6.5,7.25],"texture":"#0"},"down":{"uv":[7.25,8,6.5,7.25],"texture":"#0"}}},{"from":[6.5,18,6.5],"to":[9.5,19,9.5],"rotation":{"angle":0,"axis":"y","origin":[7,2,8]},"faces":{"north":{"uv":[5,8,5.75,8.25],"texture":"#0"},"east":{"uv":[5,8,5.75,8.25],"texture":"#0"},"south":{"uv":[5,8,5.75,8.25],"texture":"#0"},"west":{"uv":[5,8,5.75,8.25],"texture":"#0"},"up":{"uv":[7.25,8,6.5,7.25],"texture":"#0"},"down":{"uv":[7.25,8,6.5,7.25],"texture":"#0"}}},{"from":[6.5,16,6.5],"to":[9.5,17,9.5],"rotation":{"angle":0,"axis":"y","origin":[7,2,8]},"faces":{"north":{"uv":[5,8,5.75,8.25],"texture":"#0"},"east":{"uv":[5,8,5.75,8.25],"texture":"#0"},"south":{"uv":[5,8,5.75,8.25],"texture":"#0"},"west":{"uv":[5,8,5.75,8.25],"texture":"#0"},"up":{"uv":[7.25,8,6.5,7.25],"texture":"#0"},"down":{"uv":[7.25,8,6.5,7.25],"texture":"#0"}}},{"from":[7.5,22.94975,9.87132],"to":[8.5,25.94975,11.87132],"rotation":{"angle":22.5,"axis":"x","origin":[8,23.82843,11.12132]},"faces":{"north":{"uv":[5.75,8.75,6,8],"texture":"#0"},"east":{"uv":[8,0.75,8.5,0],"texture":"#0"},"south":{"uv":[5.75,8.75,6,8],"texture":"#0"},"west":{"uv":[8,0.75,8.5,0],"texture":"#0"},"up":{"uv":[8.5,2.25,8.25,1.75],"texture":"#0"}}},{"from":[7.6,25.26976,11.27617],"to":[8.4,27.26976,12.27617],"rotation":{"angle":0,"axis":"y","origin":[8,27.26976,12.27617]},"faces":{"north":{"uv":[3,8.75,3.25,8.25],"texture":"#0"},"east":{"uv":[8.25,3.25,8.5,2.75],"texture":"#0"},"south":{"uv":[3,8.75,3.25,8.25],"texture":"#0"},"west":{"uv":[8.5,3.25,8.25,2.75],"texture":"#0"},"up":{"uv":[4.5,8.5,4.25,8.25],"texture":"#0"}}},{"from":[7.5,22.94975,4.12868],"to":[8.5,25.94975,6.12868],"rotation":{"angle":-22.5,"axis":"x","origin":[8,23.82843,4.87868]},"faces":{"north":{"uv":[6,8.75,5.75,8],"texture":"#0"},"east":{"uv":[8.5,0.75,8,0],"texture":"#0"},"south":{"uv":[6,8.75,5.75,8],"texture":"#0"},"west":{"uv":[8.5,0.75,8,0],"texture":"#0"},"up":{"uv":[8.5,1.75,8.25,2.25],"texture":"#0"}}},{"from":[7.6,25.26976,3.72383],"to":[8.4,27.26976,4.72383],"rotation":{"angle":0,"axis":"y","origin":[8,27.26976,3.72383]},"faces":{"north":{"uv":[3.25,8.75,3,8.25],"texture":"#0"},"east":{"uv":[8.5,3.25,8.25,2.75],"texture":"#0"},"south":{"uv":[3.25,8.75,3,8.25],"texture":"#0"},"west":{"uv":[8.25,3.25,8.5,2.75],"texture":"#0"},"up":{"uv":[4.5,8.25,4.25,8.5],"texture":"#0"}}},{"from":[7.5,-12.94975,8.37132],"to":[8.5,-9.94975,10.37132],"rotation":{"angle":-22.5,"axis":"x","origin":[8,-10.82843,9.62132]},"faces":{"north":{"uv":[6,8,6.25,8.75],"texture":"#0"},"east":{"uv":[8,4.25,8.5,5],"texture":"#0"},"south":{"uv":[6,8,6.25,8.75],"texture":"#0"},"west":{"uv":[8.5,4.25,8,5],"texture":"#0"},"down":{"uv":[3.5,8.25,3.25,8.75],"texture":"#0"}}},{"from":[7.5,-14.26976,9.77617],"to":[8.5,-12.26976,10.77617],"rotation":{"angle":0,"axis":"y","origin":[8,-14.26976,10.77617]},"faces":{"north":{"uv":[8.25,3.25,8.5,3.75],"texture":"#0"},"east":{"uv":[3.75,8.25,4,8.75],"texture":"#0"},"south":{"uv":[8.25,3.75,8.5,4.25],"texture":"#0"},"west":{"uv":[4,8.25,3.75,8.75],"texture":"#0"},"down":{"uv":[5.25,8.25,5,8.5],"texture":"#0"}}},{"from":[7.5,14.05845,8.99177],"to":[8.5,17.05845,10.99177],"rotation":{"angle":-45,"axis":"x","origin":[8,14.61606,9.95214]},"faces":{"north":{"uv":[6,8,6.25,8.75],"texture":"#0"},"east":{"uv":[8,4.25,8.5,5],"texture":"#0"},"south":{"uv":[6,8,6.25,8.75],"texture":"#0"},"west":{"uv":[8.5,4.25,8,5],"texture":"#0"},"down":{"uv":[3.5,8.25,3.25,8.75],"texture":"#0"}}},{"from":[7.5,12.73024,9.77617],"to":[8.5,14.73024,10.77617],"rotation":{"angle":-22.5,"axis":"x","origin":[8,14.61606,9.95214]},"faces":{"north":{"uv":[8.25,3.25,8.5,3.75],"texture":"#0"},"east":{"uv":[3.75,8.25,4,8.75],"texture":"#0"},"south":{"uv":[8.25,3.75,8.5,4.25],"texture":"#0"},"west":{"uv":[4,8.25,3.75,8.75],"texture":"#0"},"down":{"uv":[5.25,8.25,5,8.5],"texture":"#0"}}},{"from":[7.5,-12.94975,5.62868],"to":[8.5,-9.94975,7.62868],"rotation":{"angle":22.5,"axis":"x","origin":[8,-10.82843,6.37868]},"faces":{"north":{"uv":[6.25,8,6,8.75],"texture":"#0"},"east":{"uv":[8.5,4.25,8,5],"texture":"#0"},"south":{"uv":[6.25,8,6,8.75],"texture":"#0"},"west":{"uv":[8,4.25,8.5,5],"texture":"#0"},"down":{"uv":[3.5,8.75,3.25,8.25],"texture":"#0"}}},{"from":[7.5,-14.26976,5.22383],"to":[8.5,-12.26976,6.22383],"rotation":{"angle":0,"axis":"y","origin":[8,-14.26976,5.22383]},"faces":{"north":{"uv":[8.5,3.75,8.25,4.25],"texture":"#0"},"east":{"uv":[4,8.25,3.75,8.75],"texture":"#0"},"south":{"uv":[8.5,3.25,8.25,3.75],"texture":"#0"},"west":{"uv":[3.75,8.25,4,8.75],"texture":"#0"},"down":{"uv":[5.25,8.5,5,8.25],"texture":"#0"}}},{"from":[7.5,14.05845,5.00823],"to":[8.5,17.05845,7.00823],"rotation":{"angle":45,"axis":"x","origin":[8,14.61606,6.04786]},"faces":{"north":{"uv":[6.25,8,6,8.75],"texture":"#0"},"east":{"uv":[8.5,4.25,8,5],"texture":"#0"},"south":{"uv":[6.25,8,6,8.75],"texture":"#0"},"west":{"uv":[8,4.25,8.5,5],"texture":"#0"},"down":{"uv":[3.5,8.75,3.25,8.25],"texture":"#0"}}},{"from":[7.5,12.73024,5.22383],"to":[8.5,14.73024,6.22383],"rotation":{"angle":22.5,"axis":"x","origin":[8,14.61606,6.04786]},"faces":{"north":{"uv":[8.5,3.75,8.25,4.25],"texture":"#0"},"east":{"uv":[4,8.25,3.75,8.75],"texture":"#0"},"south":{"uv":[8.5,3.25,8.25,3.75],"texture":"#0"},"west":{"uv":[3.75,8.25,4,8.75],"texture":"#0"},"down":{"uv":[5.25,8.5,5,8.25],"texture":"#0"}}},{"from":[7.75,19.5,-4],"to":[8.25,27.5,5.5],"faces":{"north":{"uv":[13.75,11.75,13.875,13.75],"texture":"#0"},"east":{"uv":[11.625,11.75,14,13.75],"texture":"#0"},"west":{"uv":[14,11.75,11.625,13.75],"texture":"#0"},"up":{"uv":[0,13.5,0.125,16],"texture":"#0"},"down":{"uv":[0.25,13.5,0.375,16],"texture":"#0"}}},{"from":[7.75,23,-6.5],"to":[8.25,27,-4],"faces":{"north":{"uv":[14.5,12,14.625,13],"texture":"#0"},"east":{"uv":[14,12,14.625,13],"texture":"#0"},"south":{"uv":[12.25,13.5,12.5,13.75],"texture":"#0"},"west":{"uv":[14.625,12,14,13],"texture":"#0"},"up":{"uv":[0,13.5,0.125,14.125],"texture":"#0"},"down":{"uv":[0,13.5,0.125,14.125],"texture":"#0"}}},{"from":[7.75,19.5,10.5],"to":[8.25,27.5,20],"rotation":{"angle":0,"axis":"y","origin":[0,0,16]},"faces":{"east":{"uv":[14,11.75,11.625,13.75],"texture":"#0"},"south":{"uv":[13.875,11.75,13.75,13.75],"texture":"#0"},"west":{"uv":[11.625,11.75,14,13.75],"texture":"#0"},"up":{"uv":[0,16,0.125,13.5],"texture":"#0"},"down":{"uv":[0.25,16,0.375,13.5],"texture":"#0"}}},{"from":[7.75,23,20],"to":[8.25,27,22.5],"rotation":{"angle":0,"axis":"y","origin":[0,0,16]},"faces":{"north":{"uv":[12.5,13.5,12.25,13.75],"texture":"#0"},"east":{"uv":[14.625,12,14,13],"texture":"#0"},"south":{"uv":[14.625,12,14.5,13],"texture":"#0"},"west":{"uv":[14,12,14.625,13],"texture":"#0"},"up":{"uv":[0,14.125,0.125,13.5],"texture":"#0"},"down":{"uv":[0,14.125,0.125,13.5],"texture":"#0"}}},{"from":[6,28,6],"to":[10,32,10],"faces":{"north":{"uv":[1,8.5,2,9.5],"texture":"#0"},"east":{"uv":[1,8.5,2,9.5],"texture":"#0"},"south":{"uv":[1,8.5,2,9.5],"texture":"#0"},"west":{"uv":[1,8.5,2,9.5],"texture":"#0"},"up":{"uv":[1,8.5,2,9.5],"texture":"#0"},"down":{"uv":[1,8.5,2,9.5],"texture":"#0"}}},{"from":[8,8,-12.5],"to":[8,23,7.5],"rotation":{"angle":0,"axis":"y","origin":[7,2,8]},"faces":{"east":{"uv":[0,16,16,4],"texture":"#2"},"west":{"uv":[16,16,0,4],"texture":"#2"},"up":{"uv":[0,0,0,0],"texture":"#2"}}},{"from":[8,4,8.5],"to":[8,24,28.5],"rotation":{"angle":0,"axis":"y","origin":[7,2,8]},"faces":{"east":{"uv":[16,16,0,0],"texture":"#2"},"west":{"uv":[0,16,16,0],"texture":"#2"},"up":{"uv":[0,0,0,0],"texture":"#2"}}}],"gui_light":"front","display":{"thirdperson_righthand":{"translation":[0,6.25,1.75],"scale":[0.75,0.75,0.75]},"thirdperson_lefthand":{"translation":[0,6.25,1.75],"scale":[0.75,0.75,0.75]},"firstperson_righthand":{"rotation":[-19.5,-0.68,1.88],"translation":[1.25,1.5,1.5],"scale":[0.5,0.5,0.5]},"firstperson_lefthand":{"rotation":[-19.5,-0.68,1.88],"translation":[1.25,1.5,1.5],"scale":[0.5,0.5,0.5]},"ground":{"translation":[0,9.75,0],"scale":[0.5,0.5,0.5]},"gui":{"rotation":[88,45,-88],"translation":[-1,-1.25,-2],"scale":[0.375,0.375,0.375]},"head":{"rotation":[-135.5,0,0],"translation":[0,19.75,8],"scale":[0.7,0.7,0.7]},"fixed":{"rotation":[-88,45,88],"translation":[0.5,-0.75,-2],"scale":[1.21367,1.21367,1.21367]}}}