{"credit":"MadewithBlockbench","textures":{"0":"dreadknight:dreadknight/dreadknight_wings","1":"dreadknight:dreadknight/dreadknight_eye_animate","2":"dreadknight:dreadknight/dreadknight_blood_animate","particle":"dreadknight:dreadknight/dreadknight_wings"},"elements":[{"from":[6,4,6],"to":[10,6,10],"rotation":{"angle":0,"axis":"y","origin":[7,1,8]},"faces":{"north":{"uv":[6.5,0.75,7.5,1.25],"texture":"#0"},"east":{"uv":[6.5,0.75,7.5,1.25],"texture":"#0"},"south":{"uv":[6.5,0.75,7.5,1.25],"texture":"#0"},"west":{"uv":[6.5,0.75,7.5,1.25],"texture":"#0"},"up":{"uv":[2,7.5,1,6.5],"texture":"#0"},"down":{"uv":[2,7.5,1,6.5],"texture":"#0"}}},{"from":[7.5,2.05025,8.37132],"to":[8.5,5.05025,10.37132],"rotation":{"angle":-22.5,"axis":"x","origin":[8,4.17157,9.62132]},"faces":{"north":{"uv":[6,8,6.25,8.75],"texture":"#0"},"east":{"uv":[8,4.25,8.5,5],"texture":"#0"},"south":{"uv":[6,8,6.25,8.75],"texture":"#0"},"west":{"uv":[8.5,4.25,8,5],"texture":"#0"},"down":{"uv":[3.5,8.25,3.25,8.75],"texture":"#0"}}},{"from":[7.5,0.73024,9.77617],"to":[8.5,2.73024,10.77617],"rotation":{"angle":0,"axis":"y","origin":[8,0.73024,10.77617]},"faces":{"north":{"uv":[8.25,3.25,8.5,3.75],"texture":"#0"},"east":{"uv":[3.75,8.25,4,8.75],"texture":"#0"},"south":{"uv":[8.25,3.75,8.5,4.25],"texture":"#0"},"west":{"uv":[4,8.25,3.75,8.75],"texture":"#0"},"down":{"uv":[5.25,8.25,5,8.5],"texture":"#0"}}},{"from":[7.5,2.05025,5.62868],"to":[8.5,5.05025,7.62868],"rotation":{"angle":22.5,"axis":"x","origin":[8,4.17157,6.37868]},"faces":{"north":{"uv":[6.25,8,6,8.75],"texture":"#0"},"east":{"uv":[8.5,4.25,8,5],"texture":"#0"},"south":{"uv":[6.25,8,6,8.75],"texture":"#0"},"west":{"uv":[8,4.25,8.5,5],"texture":"#0"},"down":{"uv":[3.5,8.75,3.25,8.25],"texture":"#0"}}},{"from":[7.5,0.73024,5.22383],"to":[8.5,2.73024,6.22383],"rotation":{"angle":0,"axis":"y","origin":[8,0.73024,5.22383]},"faces":{"north":{"uv":[8.5,3.75,8.25,4.25],"texture":"#0"},"east":{"uv":[4,8.25,3.75,8.75],"texture":"#0"},"south":{"uv":[8.5,3.25,8.25,3.75],"texture":"#0"},"west":{"uv":[3.75,8.25,4,8.75],"texture":"#0"},"down":{"uv":[5.25,8.5,5,8.25],"texture":"#0"}}},{"from":[7,1,7],"to":[9,4,9],"rotation":{"angle":0,"axis":"y","origin":[7,5.5,8]},"faces":{"north":{"uv":[7.5,5.25,8,6],"texture":"#0"},"east":{"uv":[7.5,4.5,8,5.25],"texture":"#0"},"south":{"uv":[7.5,5.25,8,6],"texture":"#0"},"west":{"uv":[7.5,4.5,8,5.25],"texture":"#0"},"down":{"uv":[7.5,4.5,7,5],"texture":"#0"}}},{"from":[7.5,-1,7.5],"to":[8.5,1,8.5],"rotation":{"angle":0,"axis":"y","origin":[7,5.5,8]},"faces":{"north":{"uv":[8,6.5,8.25,7],"texture":"#0"},"east":{"uv":[6.5,8,6.75,8.5],"texture":"#0"},"south":{"uv":[8,6.5,8.25,7],"texture":"#0"},"west":{"uv":[6.5,8,6.75,8.5],"texture":"#0"},"down":{"uv":[8,4.25,7.75,4.5],"texture":"#0"}}},{"from":[6,7,5],"to":[10,13,11],"rotation":{"angle":-45,"axis":"x","origin":[8,10,8]},"faces":{"north":{"uv":[5.25,1.25,6.25,2.75],"texture":"#0"},"east":{"uv":[0.5,5,2,6.5],"texture":"#0"},"south":{"uv":[5.25,2.75,6.25,4.25],"texture":"#0"},"west":{"uv":[0.5,5,2,6.5],"rotation":90,"texture":"#0"},"up":{"uv":[6.25,5.75,5.25,4.25],"texture":"#0"},"down":{"uv":[5.25,1.25,6.25,2.75],"texture":"#0"}}},{"from":[5,8,6],"to":[11,12,10],"rotation":{"angle":-45,"axis":"x","origin":[8,10,8]},"faces":{"north":{"uv":[6.25,1.25,7.75,2.25],"texture":"#0"},"east":{"uv":[0,16,16,0],"rotation":90,"texture":"#1"},"south":{"uv":[6.25,1.25,7.75,2.25],"texture":"#0"},"west":{"uv":[7.5,5,6.5,6],"texture":"#0"},"up":{"uv":[6.25,1.25,7.75,2.25],"texture":"#0"},"down":{"uv":[6.25,1.25,7.75,2.25],"texture":"#0"}}},{"from":[4.75,8.5,6.5],"to":[11.25,11.5,9.5],"rotation":{"angle":-45,"axis":"x","origin":[8,10,8]},"faces":{"north":{"uv":[6.25,1.25,7.875,2],"texture":"#0"},"south":{"uv":[6.25,1.25,7.875,2],"texture":"#0"},"west":{"uv":[0,0,16,16],"rotation":90,"texture":"#1"},"up":{"uv":[6.25,1.25,7.875,2],"texture":"#0"},"down":{"uv":[6.25,1.25,7.875,2],"texture":"#0"}}},{"from":[6.5,6,6.5],"to":[9.5,7,9.5],"rotation":{"angle":0,"axis":"y","origin":[7,-10,8]},"faces":{"north":{"uv":[5,8,5.75,8.25],"texture":"#0"},"east":{"uv":[5,8,5.75,8.25],"texture":"#0"},"south":{"uv":[5,8,5.75,8.25],"texture":"#0"},"west":{"uv":[5,8,5.75,8.25],"texture":"#0"},"up":{"uv":[7.25,8,6.5,7.25],"texture":"#0"},"down":{"uv":[7.25,8,6.5,7.25],"texture":"#0"}}},{"from":[7.5,12.04288,-15.9228],"to":[8.5,14.04288,-5.9228],"rotation":{"angle":-45,"axis":"x","origin":[8,15.04288,-10.9228]},"faces":{"north":{"uv":[1.75,0,2.25,0.25],"rotation":90,"texture":"#0"},"east":{"uv":[1.125,2.5,1.625,0],"rotation":90,"texture":"#0"},"south":{"uv":[1.75,0,2.25,0.25],"rotation":90,"texture":"#0"},"west":{"uv":[1.125,0,1.625,2.5],"rotation":90,"texture":"#0"},"up":{"uv":[0.75,0,1,2.5],"texture":"#0"},"down":{"uv":[0.75,0,1,2.5],"texture":"#0"}}},{"from":[7.6,4.78548,-13.78166],"to":[8.4,10.78548,-12.78166],"rotation":{"angle":0,"axis":"y","origin":[8,16.05382,-13.23166]},"faces":{"north":{"uv":[0.75,2.375,1,3.875],"texture":"#0"},"east":{"uv":[0.75,2.375,1,3.875],"texture":"#0"},"south":{"uv":[0.75,2.375,1,3.875],"texture":"#0"},"west":{"uv":[0.75,2.375,1,3.875],"texture":"#0"},"up":{"uv":[9.75,4.375,10,4.625],"rotation":270,"texture":"#0"},"down":{"uv":[0.75,3.875,1,4.125],"rotation":270,"texture":"#0"}}},{"from":[8,3,-13],"to":[8,17,6],"faces":{"north":{"uv":[0,0,0,3.5],"texture":"#missing"},"east":{"uv":[10.25,12.5,5.5,16],"texture":"#0"},"south":{"uv":[0,0,0,3.5],"texture":"#missing"},"west":{"uv":[5.5,12.5,10.25,16],"texture":"#0"},"up":{"uv":[0,0,0,4.75],"texture":"#missing"},"down":{"uv":[0,0,0,4.75],"texture":"#missing"}}},{"from":[8.1,9,-16],"to":[8.1,25,0],"rotation":{"angle":-22.5,"axis":"x","origin":[0.1,0,0]},"faces":{"north":{"uv":[0,0,0,4],"texture":"#missing"},"east":{"uv":[10.375,8.5,6.75,12.5],"texture":"#0"},"south":{"uv":[0,0,0,4],"texture":"#missing"},"west":{"uv":[6.75,8.5,10.375,12.5],"texture":"#0"},"up":{"uv":[0,0,0,4],"texture":"#missing"},"down":{"uv":[0,0,0,4],"texture":"#missing"}}},{"from":[7.6,23.41074,-11.64627],"to":[8.4,24.41074,-3.64627],"rotation":{"angle":-45,"axis":"x","origin":[8,2.58258,-5.8062]},"faces":{"north":{"uv":[8.75,7.25,8.5,7.5],"rotation":90,"texture":"#0"},"east":{"uv":[8.75,7.25,8.5,5.25],"rotation":90,"texture":"#0"},"south":{"uv":[0,0,0.25,0.25],"texture":"#missing"},"west":{"uv":[8.75,5.25,8.5,7.25],"rotation":90,"texture":"#0"},"up":{"uv":[8.5,7.25,8.75,5.25],"texture":"#0"},"down":{"uv":[8.5,5.25,8.75,7.25],"texture":"#0"}}},{"from":[7.5,21.76074,-12.39627],"to":[8.5,23.76074,-4.39627],"rotation":{"angle":-22.5,"axis":"x","origin":[8,2.58258,-5.8062]},"faces":{"north":{"uv":[2,0,2.25,0.5],"texture":"#0"},"east":{"uv":[1.125,0.5,1.625,2.5],"rotation":90,"texture":"#0"},"south":{"uv":[2,0,2.25,0.5],"texture":"#0"},"west":{"uv":[1.125,0.5,1.625,2.5],"rotation":90,"texture":"#0"},"up":{"uv":[1.125,0.125,1.375,2.125],"texture":"#0"},"down":{"uv":[1.125,0.125,1.375,2.125],"texture":"#0"}}},{"from":[7.5,10.44975,4.12868],"to":[8.5,13.44975,6.12868],"rotation":{"angle":-22.5,"axis":"x","origin":[8,11.32843,4.87868]},"faces":{"north":{"uv":[6,8.75,5.75,8],"texture":"#0"},"east":{"uv":[8.5,0.75,8,0],"texture":"#0"},"south":{"uv":[6,8.75,5.75,8],"texture":"#0"},"west":{"uv":[8.5,0.75,8,0],"texture":"#0"},"up":{"uv":[8.5,1.75,8.25,2.25],"texture":"#0"}}},{"from":[7.6,12.76976,3.72383],"to":[8.4,14.76976,4.72383],"rotation":{"angle":0,"axis":"y","origin":[8,14.76976,3.72383]},"faces":{"north":{"uv":[3.25,8.75,3,8.25],"texture":"#0"},"east":{"uv":[8.5,3.25,8.25,2.75],"texture":"#0"},"south":{"uv":[3.25,8.75,3,8.25],"texture":"#0"},"west":{"uv":[8.25,3.25,8.5,2.75],"texture":"#0"},"up":{"uv":[4.5,8.25,4.25,8.5],"texture":"#0"}}},{"from":[7,15.15773,-1.40049],"to":[9,19.15773,1.59951],"rotation":{"angle":22.5,"axis":"x","origin":[8,18.57397,-0.2933]},"faces":{"north":{"uv":[7.75,7,7.25,8],"texture":"#0"},"east":{"uv":[4.5,7.25,3.75,8.25],"texture":"#0"},"south":{"uv":[3.5,7.25,3,8.25],"texture":"#0"},"west":{"uv":[3.75,7.25,4.5,8.25],"texture":"#0"},"up":{"uv":[8.25,3.5,7.75,4.25],"texture":"#0"}}},{"from":[7.5,18.53273,-1.11424],"to":[8.5,21.53273,0.88576],"rotation":{"angle":0,"axis":"y","origin":[8,18.57397,-0.2933]},"faces":{"north":{"uv":[4.75,7.25,4.5,8],"texture":"#0"},"east":{"uv":[8.25,7,7.75,7.75],"texture":"#0"},"south":{"uv":[4,5,3.75,5.75],"texture":"#0"},"west":{"uv":[7.75,7,8.25,7.75],"texture":"#0"},"up":{"uv":[8.5,0.75,8.25,1.25],"texture":"#0"},"down":{"uv":[8.5,1.75,8.25,1.25],"texture":"#0"}}},{"from":[7,6,3.5],"to":[9,8,6.5],"rotation":{"angle":-22.5,"axis":"x","origin":[7,10,6]},"faces":{"north":{"uv":[5,8,4.5,8.5],"texture":"#0"},"east":{"uv":[8.25,0.75,7.5,1.25],"texture":"#0"},"west":{"uv":[7.5,0.75,8.25,1.25],"texture":"#0"},"up":{"uv":[8.25,1.25,7.75,2],"texture":"#0"},"down":{"uv":[8.25,2.75,7.75,2],"texture":"#0"}}},{"from":[7.5,6.5,1.5],"to":[8.5,7.5,3.5],"rotation":{"angle":-22.5,"axis":"x","origin":[7,10,6]},"faces":{"north":{"uv":[4.25,8.25,4,8.5],"texture":"#0"},"east":{"uv":[7.25,8,6.75,8.25],"texture":"#0"},"west":{"uv":[6.75,8,7.25,8.25],"texture":"#0"},"up":{"uv":[7.5,8,7.25,8.5],"texture":"#0"},"down":{"uv":[7.75,8.5,7.5,8],"texture":"#0"}}},{"from":[7,8,-0.5],"to":[9,11,6],"rotation":{"angle":22.5,"axis":"x","origin":[7,9,5]},"faces":{"east":{"uv":[8,0,6.5,0.75],"texture":"#0"},"south":{"uv":[8.25,2.75,7.75,3.5],"texture":"#0"},"west":{"uv":[6.5,0,8,0.75],"texture":"#0"},"up":{"uv":[2.5,7.25,2,8.75],"texture":"#0"},"down":{"uv":[3,8.75,2.5,7.25],"texture":"#0"}}},{"from":[6.9,10.09792,-1.21046],"to":[9.1,16.09792,1.78954],"rotation":{"angle":-22.5,"axis":"x","origin":[8,12,-1]},"faces":{"north":{"uv":[3.74375,11.75,3.24375,13.25],"texture":"#0"},"east":{"uv":[3,8.75,2.25,10.25],"texture":"#0"},"south":{"uv":[3.74375,11.75,3.24375,13.25],"texture":"#0"},"west":{"uv":[2.25,8.75,3,10.25],"texture":"#0"},"up":{"uv":[5.625,8.875,6.2375,9.625],"texture":"#0"}}},{"from":[7.4,14.62856,-7.55173],"to":[8.6,16.62856,-1.55173],"rotation":{"angle":22.5,"axis":"x","origin":[7.5,15.65,-2.5]},"faces":{"north":{"uv":[8.5,0.75,8.25,1.25],"rotation":180,"texture":"#0"},"east":{"uv":[11,14.5,10.5,16],"rotation":90,"texture":"#0"},"south":{"uv":[8.5,1.75,8.25,1.25],"texture":"#0"},"west":{"uv":[10.5,14.5,11,16],"rotation":270,"texture":"#0"},"up":{"uv":[10.5,14.5,10.25,16],"texture":"#0"},"down":{"uv":[10.5,14.5,10.25,16],"rotation":180,"texture":"#0"}}},{"from":[7.5,19.92991,-14.20212],"to":[8.5,21.92991,-6.75385],"rotation":{"angle":45,"axis":"x","origin":[8,19.17991,-11.07799]},"faces":{"east":{"uv":[8.75,6.98707,8.25,5.125],"rotation":90,"texture":"#0"},"west":{"uv":[8.75,5.125,8.25,6.98707],"rotation":90,"texture":"#0"},"up":{"uv":[8.625,6.98707,8.375,5.125],"texture":"#0"},"down":{"uv":[8.625,5.125,8.375,6.98707],"texture":"#0"}}},{"from":[7.4,20.70578,-14.82799],"to":[8.6,26.15405,-12.82799],"rotation":{"angle":22.5,"axis":"x","origin":[8,19.17991,-11.07799]},"faces":{"north":{"uv":[8.75,6,9,7.375],"texture":"#0"},"east":{"uv":[8.25,7,8.75,8.36207],"texture":"#0"},"south":{"uv":[8.75,6,9,7.36207],"texture":"#0"},"west":{"uv":[8.25,7,8.75,8.375],"texture":"#0"},"up":{"uv":[8.5,4.625,8.75,5.125],"texture":"#0"}}},{"from":[7.5,25.84313,-11.34134],"to":[8.5,26.84313,-7.89308],"rotation":{"angle":-22.5,"axis":"x","origin":[8,26.76624,-11.37018]},"faces":{"north":{"uv":[8.75,7.375,9,7.625],"rotation":90,"texture":"#0"},"east":{"uv":[8.75,8.23707,9,7.375],"rotation":90,"texture":"#0"},"south":{"uv":[8.75,7.375,9,7.625],"rotation":90,"texture":"#0"},"west":{"uv":[8.75,7.375,9,8.23707],"rotation":90,"texture":"#0"},"up":{"uv":[8.75,8.23707,9,7.375],"texture":"#0"},"down":{"uv":[8.75,7.375,9,8.23707],"texture":"#0"}}},{"from":[7.5,12.04288,21.9228],"to":[8.5,14.04288,31.9228],"rotation":{"angle":45,"axis":"x","origin":[8,15.04288,26.9228]},"faces":{"north":{"uv":[1.75,0.25,2.25,0],"rotation":90,"texture":"#0"},"east":{"uv":[1.125,0,1.625,2.5],"rotation":90,"texture":"#0"},"south":{"uv":[1.75,0.25,2.25,0],"rotation":90,"texture":"#0"},"west":{"uv":[1.125,2.5,1.625,0],"rotation":90,"texture":"#0"},"up":{"uv":[0.75,2.5,1,0],"texture":"#0"},"down":{"uv":[0.75,2.5,1,0],"texture":"#0"}}},{"from":[7.6,4.78548,28.78166],"to":[8.4,10.78548,29.78166],"rotation":{"angle":0,"axis":"y","origin":[8,16.05382,29.23166]},"faces":{"north":{"uv":[1,2.375,0.75,3.875],"texture":"#0"},"east":{"uv":[1,2.375,0.75,3.875],"texture":"#0"},"south":{"uv":[1,2.375,0.75,3.875],"texture":"#0"},"west":{"uv":[1,2.375,0.75,3.875],"texture":"#0"},"up":{"uv":[10,4.375,9.75,4.625],"rotation":270,"texture":"#0"},"down":{"uv":[1,3.875,0.75,4.125],"rotation":270,"texture":"#0"}}},{"from":[8,3,10],"to":[8,17,29],"rotation":{"angle":0,"axis":"y","origin":[0,0,16]},"faces":{"north":{"uv":[0,0,0,3.5],"texture":"#missing"},"east":{"uv":[5.5,12.5,10.25,16],"texture":"#0"},"south":{"uv":[0,0,0,3.5],"texture":"#missing"},"west":{"uv":[10.25,12.5,5.5,16],"texture":"#0"},"up":{"uv":[0,4.75,0,0],"texture":"#missing"},"down":{"uv":[0,4.75,0,0],"texture":"#missing"}}},{"from":[8.1,9,16],"to":[8.1,25,32],"rotation":{"angle":22.5,"axis":"x","origin":[0.1,0,16]},"faces":{"north":{"uv":[0,0,0,4],"texture":"#missing"},"east":{"uv":[6.75,8.5,10.375,12.5],"texture":"#0"},"south":{"uv":[0,0,0,4],"texture":"#missing"},"west":{"uv":[10.375,8.5,6.75,12.5],"texture":"#0"},"up":{"uv":[0,4,0,0],"texture":"#missing"},"down":{"uv":[0,4,0,0],"texture":"#missing"}}},{"from":[7.6,23.41074,19.64627],"to":[8.4,24.41074,27.64627],"rotation":{"angle":45,"axis":"x","origin":[8,2.58258,21.8062]},"faces":{"north":{"uv":[0.25,0,0,0.25],"texture":"#missing"},"east":{"uv":[8.75,5.25,8.5,7.25],"rotation":90,"texture":"#0"},"south":{"uv":[8.75,7.5,8.5,7.25],"rotation":90,"texture":"#0"},"west":{"uv":[8.75,7.25,8.5,5.25],"rotation":90,"texture":"#0"},"up":{"uv":[8.5,5.25,8.75,7.25],"texture":"#0"},"down":{"uv":[8.5,7.25,8.75,5.25],"texture":"#0"}}},{"from":[7.5,21.76074,20.39627],"to":[8.5,23.76074,28.39627],"rotation":{"angle":22.5,"axis":"x","origin":[8,2.58258,21.8062]},"faces":{"north":{"uv":[2.25,0,2,0.5],"texture":"#0"},"east":{"uv":[1.125,2.5,1.625,0.5],"rotation":90,"texture":"#0"},"south":{"uv":[2.25,0,2,0.5],"texture":"#0"},"west":{"uv":[1.125,2.5,1.625,0.5],"rotation":90,"texture":"#0"},"up":{"uv":[1.125,2.125,1.375,0.125],"texture":"#0"},"down":{"uv":[1.125,2.125,1.375,0.125],"texture":"#0"}}},{"from":[7.5,10.44975,9.87132],"to":[8.5,13.44975,11.87132],"rotation":{"angle":22.5,"axis":"x","origin":[8,11.32843,11.12132]},"faces":{"north":{"uv":[5.75,8.75,6,8],"texture":"#0"},"east":{"uv":[8,0.75,8.5,0],"texture":"#0"},"south":{"uv":[5.75,8.75,6,8],"texture":"#0"},"west":{"uv":[8,0.75,8.5,0],"texture":"#0"},"up":{"uv":[8.5,2.25,8.25,1.75],"texture":"#0"}}},{"from":[7.6,12.76976,11.27617],"to":[8.4,14.76976,12.27617],"rotation":{"angle":0,"axis":"y","origin":[8,14.76976,12.27617]},"faces":{"north":{"uv":[3,8.75,3.25,8.25],"texture":"#0"},"east":{"uv":[8.25,3.25,8.5,2.75],"texture":"#0"},"south":{"uv":[3,8.75,3.25,8.25],"texture":"#0"},"west":{"uv":[8.5,3.25,8.25,2.75],"texture":"#0"},"up":{"uv":[4.5,8.5,4.25,8.25],"texture":"#0"}}},{"from":[7,15.15773,14.40049],"to":[9,19.15773,17.40049],"rotation":{"angle":-22.5,"axis":"x","origin":[8,18.57397,16.2933]},"faces":{"north":{"uv":[3,7.25,3.5,8.25],"texture":"#0"},"east":{"uv":[3.75,7.25,4.5,8.25],"texture":"#0"},"south":{"uv":[7.25,7,7.75,8],"texture":"#0"},"west":{"uv":[4.5,7.25,3.75,8.25],"texture":"#0"},"up":{"uv":[8.25,4.25,7.75,3.5],"texture":"#0"}}},{"from":[7.5,18.53273,15.11424],"to":[8.5,21.53273,17.11424],"rotation":{"angle":0,"axis":"y","origin":[8,18.57397,16.2933]},"faces":{"north":{"uv":[3.75,5,4,5.75],"texture":"#0"},"east":{"uv":[7.75,7,8.25,7.75],"texture":"#0"},"south":{"uv":[4.5,7.25,4.75,8],"texture":"#0"},"west":{"uv":[8.25,7,7.75,7.75],"texture":"#0"},"up":{"uv":[8.5,1.25,8.25,0.75],"texture":"#0"},"down":{"uv":[8.5,1.25,8.25,1.75],"texture":"#0"}}},{"from":[7,6,9.5],"to":[9,8,12.5],"rotation":{"angle":22.5,"axis":"x","origin":[7,10,10]},"faces":{"east":{"uv":[7.5,0.75,8.25,1.25],"texture":"#0"},"south":{"uv":[4.5,8,5,8.5],"texture":"#0"},"west":{"uv":[8.25,0.75,7.5,1.25],"texture":"#0"},"up":{"uv":[8.25,2,7.75,1.25],"texture":"#0"},"down":{"uv":[8.25,2,7.75,2.75],"texture":"#0"}}},{"from":[7.5,6.5,12.5],"to":[8.5,7.5,14.5],"rotation":{"angle":22.5,"axis":"x","origin":[7,10,10]},"faces":{"east":{"uv":[6.75,8,7.25,8.25],"texture":"#0"},"south":{"uv":[4,8.25,4.25,8.5],"texture":"#0"},"west":{"uv":[7.25,8,6.75,8.25],"texture":"#0"},"up":{"uv":[7.5,8.5,7.25,8],"texture":"#0"},"down":{"uv":[7.75,8,7.5,8.5],"texture":"#0"}}},{"from":[7,8,10],"to":[9,11,16.5],"rotation":{"angle":-22.5,"axis":"x","origin":[7,9,11]},"faces":{"north":{"uv":[7.75,2.75,8.25,3.5],"texture":"#0"},"east":{"uv":[6.5,0,8,0.75],"texture":"#0"},"west":{"uv":[8,0,6.5,0.75],"texture":"#0"},"up":{"uv":[2.5,8.75,2,7.25],"texture":"#0"},"down":{"uv":[3,7.25,2.5,8.75],"texture":"#0"}}},{"from":[6.9,10.09792,14.21046],"to":[9.1,16.09792,17.21046],"rotation":{"angle":22.5,"axis":"x","origin":[8,12,17]},"faces":{"north":{"uv":[3.24375,11.75,3.74375,13.25],"texture":"#0"},"east":{"uv":[2.25,8.75,3,10.25],"texture":"#0"},"south":{"uv":[3.24375,11.75,3.74375,13.25],"texture":"#0"},"west":{"uv":[3,8.75,2.25,10.25],"texture":"#0"},"up":{"uv":[5.625,9.625,6.2375,8.875],"texture":"#0"}}},{"from":[7.4,14.62856,17.55173],"to":[8.6,16.62856,23.55173],"rotation":{"angle":-22.5,"axis":"x","origin":[7.5,15.65,18.5]},"faces":{"north":{"uv":[8.25,1.75,8.5,1.25],"texture":"#0"},"east":{"uv":[11,16,10.5,14.5],"rotation":90,"texture":"#0"},"south":{"uv":[8.25,0.75,8.5,1.25],"rotation":180,"texture":"#0"},"west":{"uv":[10.5,16,11,14.5],"rotation":270,"texture":"#0"},"up":{"uv":[10.5,16,10.25,14.5],"texture":"#0"},"down":{"uv":[10.5,16,10.25,14.5],"rotation":180,"texture":"#0"}}},{"from":[7.5,19.92991,22.75385],"to":[8.5,21.92991,30.20212],"rotation":{"angle":-45,"axis":"x","origin":[8,19.17991,27.07799]},"faces":{"east":{"uv":[8.75,5.125,8.25,6.98707],"rotation":90,"texture":"#0"},"west":{"uv":[8.75,6.98707,8.25,5.125],"rotation":90,"texture":"#0"},"up":{"uv":[8.625,5.125,8.375,6.98707],"texture":"#0"},"down":{"uv":[8.625,6.98707,8.375,5.125],"texture":"#0"}}},{"from":[7.4,20.70578,28.82799],"to":[8.6,26.15405,30.82799],"rotation":{"angle":-22.5,"axis":"x","origin":[8,19.17991,27.07799]},"faces":{"north":{"uv":[9,6,8.75,7.36207],"texture":"#0"},"east":{"uv":[8.75,7,8.25,8.36207],"texture":"#0"},"south":{"uv":[9,6,8.75,7.375],"texture":"#0"},"west":{"uv":[8.75,7,8.25,8.375],"texture":"#0"},"up":{"uv":[8.5,5.125,8.75,4.625],"texture":"#0"}}},{"from":[7.5,25.84313,23.89308],"to":[8.5,26.84313,27.34134],"rotation":{"angle":22.5,"axis":"x","origin":[8,26.76624,27.37018]},"faces":{"north":{"uv":[8.75,7.625,9,7.375],"rotation":90,"texture":"#0"},"east":{"uv":[8.75,7.375,9,8.23707],"rotation":90,"texture":"#0"},"south":{"uv":[8.75,7.625,9,7.375],"rotation":90,"texture":"#0"},"west":{"uv":[8.75,8.23707,9,7.375],"rotation":90,"texture":"#0"},"up":{"uv":[8.75,7.375,9,8.23707],"texture":"#0"},"down":{"uv":[8.75,8.23707,9,7.375],"texture":"#0"}}},{"from":[8,12,3],"to":[8,32,23],"rotation":{"angle":-45,"axis":"x","origin":[0,10,6]},"faces":{"north":{"uv":[0,5,0,0],"texture":"#missing"},"east":{"uv":[16,16,0,0],"texture":"#2"},"south":{"uv":[0,5,0,0],"texture":"#missing"},"west":{"uv":[0,16,16,0],"texture":"#2"},"up":{"uv":[0,0,0,5],"rotation":180,"texture":"#missing"},"down":{"uv":[0,0,0,5],"rotation":180,"texture":"#missing"}}},{"from":[8,11.95,-7],"to":[8,31.95,13],"rotation":{"angle":45,"axis":"x","origin":[0,10,10]},"faces":{"north":{"uv":[0,5,0,0],"texture":"#missing"},"east":{"uv":[0,16,16,0],"texture":"#2"},"south":{"uv":[0,5,0,0],"texture":"#missing"},"west":{"uv":[16,16,0,0],"texture":"#2"},"up":{"uv":[0,5,0,0],"rotation":180,"texture":"#missing"},"down":{"uv":[0,5,0,0],"rotation":180,"texture":"#missing"}}}],"gui_light":"front","display":{"thirdperson_righthand":{"rotation":[90,90,-20],"translation":[0.25,1,2.25],"scale":[0.32031,0.32031,0.32031]},"thirdperson_lefthand":{"rotation":[90,90,-20],"translation":[-6.25,-7,6.25]},"firstperson_righthand":{"rotation":[0,-90,0],"translation":[-1.25,2.75,1],"scale":[0.40234,0.40234,0.40234]},"firstperson_lefthand":{"translation":[0.5,0,80],"scale":[0.5,0.5,0.5]},"ground":{"translation":[0,1.5,0],"scale":[0.5,0.5,0.5]},"gui":{"rotation":[0,-90,0],"translation":[0,-2,-2],"scale":[0.26172,0.26172,0.26172]},"head":{"rotation":[180,-90,180],"translation":[0,3,6.75],"scale":[0.7,0.7,0.7]},"fixed":{"rotation":[-88,90,88],"translation":[-0.5,-3.5,-2],"scale":[1.1082,1.1082,1.1082]}}}