{"format_version":"1.16.0","minecraft:geometry":[{"description":{"identifier":"geometry.geyser_custom.geo_8a2009c","texture_width":16,"texture_height":16,"visible_bounds_width":4,"visible_bounds_height":4.5,"visible_bounds_offset":[0,0.75,0]},"bones":[{"name":"geyser_custom","binding":"c.item_slot == 'head' ? 'head' : q.item_slot_to_bone_name(c.item_slot)","pivot":[0,8,0]},{"name":"geyser_custom_x","parent":"geyser_custom","pivot":[0,8,0]},{"name":"geyser_custom_y","parent":"geyser_custom_x","pivot":[0,8,0]},{"name":"geyser_custom_z","parent":"geyser_custom_y","pivot":[0,8,0],"cubes":[]},{"parent":"geyser_custom_z","pivot":[2.9,22.3916,0],"rotation":[0,0,-45],"cubes":[{"origin":[0.81,23.5254,-0.225],"size":[2,1,0.5],"pivot":[2.9,22.3916,0],"uv":{"north":{"uv":[10.873,13.8617],"uv_size":[-0.123,0.2811]},"south":{"uv":[10.752,13.8617],"uv_size":[0.123,0.2811]},"east":{"uv":[10.627,14.0011],"uv_size":[0.123,0.0703]},"west":{"uv":[10.627,14.0011],"uv_size":[0.123,0.0703]},"up":{"uv":[10.9365,14.1383],"uv_size":[-0.0615,-0.2811]},"down":{"uv":[10.9365,14.1383],"uv_size":[-0.0615,-0.2811]}}},{"origin":[2.81,22.5254,-0.225],"size":[1,2,0.5],"pivot":[2.9,22.3916,0],"uv":{"north":{"uv":[11.1543,13.9954],"uv_size":[-0.123,-0.2811]},"south":{"uv":[11.0333,13.9954],"uv_size":[0.123,-0.2811]},"east":{"uv":[11.1573,13.9954],"uv_size":[0.0615,-0.2811]},"west":{"uv":[11.2823,13.9954],"uv_size":[0.0615,-0.2811]},"up":{"uv":[11.1543,14.0011],"uv_size":[-0.123,0.0703]},"down":{"uv":[11.4385,13.8549],"uv_size":[0.0615,-0.1406]}}},{"origin":[3.7525,22.5556,-0.025],"size":[3,2.5,0],"pivot":[2.9,22.3916,0],"uv":{"north":{"uv":[11.4637,14.614],"uv_size":[-0.3075,0.4217]},"south":{"uv":[11.1613,14.614],"uv_size":[0.3075,0.4217]},"east":{"uv":[10,13.7211],"uv_size":[0,0.4217]},"west":{"uv":[10,13.7211],"uv_size":[0,0.4217]},"up":{"uv":[10,14.136],"uv_size":[0,-0.4217]},"down":{"uv":[10,14.136],"uv_size":[0,-0.4217]}}}],"name":"rot_1"},{"parent":"geyser_custom_z","pivot":[-4.614,10.0253,0.3],"rotation":[0,0,-45],"cubes":[{"origin":[6.7,10.8253,-1.2],"size":[3,3,2.5],"pivot":[-4.614,10.0253,0.3],"uv":{"north":{"uv":[8.006,0.4354],"uv_size":[0.369,0.4217]},"south":{"uv":[8.369,0.4354],"uv_size":[-0.369,0.4217]},"east":{"uv":[8.62,0.0069],"uv_size":[-0.3075,0.4217]},"west":{"uv":[8.3075,0.4217],"uv_size":[-0.3075,-0.4217]},"up":{"uv":[8.005,0.4217],"uv_size":[0.3075,-0.4217]},"down":{"uv":[8.62,0.0069],"uv_size":[-0.3075,0.4217]}}}],"name":"rot_2"},{"parent":"geyser_custom_z","pivot":[-5,15.4505,0],"rotation":[0,0,-45],"cubes":[{"origin":[-8,16.3,-1],"size":[6,2,2],"pivot":[-5,15.4505,0],"uv":{"north":{"uv":[15.988,15.7189],"uv_size":[-0.738,0.2811]},"south":{"uv":[15.988,15.7189],"uv_size":[-0.738,0.2811]},"east":{"uv":[14.621,15.2546],"uv_size":[-0.246,0.2811]},"west":{"uv":[14.621,15.2546],"uv_size":[-0.246,0.2811]},"up":{"uv":[15.988,13.7189],"uv_size":[-0.738,0.2811]},"down":{"uv":[15.988,14.0046],"uv_size":[-0.738,0.2811]}}},{"origin":[-3,17.3,-1.5],"size":[0.5,1.5,3],"pivot":[-5,15.4505,0],"uv":{"north":{"uv":[15.624,14.2891],"uv_size":[-0.0615,0.2109]},"south":{"uv":[15.624,14.2891],"uv_size":[-0.0615,0.2109]},"east":{"uv":[15.994,14.2891],"uv_size":[-0.369,0.2109]},"west":{"uv":[15.994,14.2891],"uv_size":[-0.369,0.2109]},"up":{"uv":[15.631,14.5703],"uv_size":[0.369,-0.0703]},"down":{"uv":[15.631,14.5703],"uv_size":[0.369,-0.0703]}}}],"name":"rot_3"},{"parent":"geyser_custom_z","pivot":[-8.4,7.8692,0],"rotation":[0,0,-45],"cubes":[{"origin":[-8.2267,3.6035,-1],"size":[2,0.5,2],"pivot":[-8.4,7.8692,0],"uv":{"north":{"uv":[9.124,15.5669],"uv_size":[-0.0615,-0.2811]},"south":{"uv":[9.124,15.5669],"uv_size":[-0.0615,-0.2811]},"east":{"uv":[9.129,15.2154],"uv_size":[0.246,0.0703]},"west":{"uv":[9.129,15.2154],"uv_size":[0.246,0.0703]},"up":{"uv":[9.129,15.2903],"uv_size":[0.246,0.2811]},"down":{"uv":[9.129,15.2903],"uv_size":[0.246,0.2811]}}},{"origin":[-9.4196,4.0888,-0.9],"size":[1.9,2.9,1.8],"pivot":[-8.4,7.8692,0],"uv":{"north":{"uv":[9.9817,15.9814],"uv_size":[-0.3567,-0.2671]},"south":{"uv":[9.6308,15.9814],"uv_size":[0.3567,-0.2671]},"east":{"uv":[9.994,15.1474],"uv_size":[-0.369,0.2811]},"west":{"uv":[9.994,15.1474],"uv_size":[-0.369,0.2811]},"up":{"uv":[9.996,15.4331],"uv_size":[-0.246,0.2811]},"down":{"uv":[9.996,15.4331],"uv_size":[-0.246,0.2811]}}},{"origin":[-5.777,8.403,-0.6],"size":[1,3,1.2],"pivot":[-8.4,7.8692,0],"uv":{"north":{"uv":[9.994,15.1406],"uv_size":[-0.369,-0.1406]},"south":{"uv":[9.631,15.1406],"uv_size":[0.369,-0.1406]},"east":{"uv":[9.994,14.8594],"uv_size":[-0.369,0.1406]},"west":{"uv":[9.994,14.8594],"uv_size":[-0.369,0.1406]},"up":{"uv":[9.6208,15.4309],"uv_size":[0.123,0.1406]},"down":{"uv":[9.6208,15.4309],"uv_size":[0.123,0.1406]}}}],"name":"rot_4"},{"parent":"geyser_custom_z","pivot":[2.4,-6.2,0],"rotation":[0,0,-22.5],"cubes":[{"origin":[-0.5,-5.5,-0.5],"size":[1.5,1.5,1],"pivot":[2.4,-6.2,0],"uv":{"north":{"uv":[13.878,5.5749],"uv_size":[0.1845,0.2109]},"south":{"uv":[13.878,5.7823],"uv_size":[0.1845,-0.2109]},"east":{"uv":[13.752,5.7177],"uv_size":[0.123,0.2109]},"west":{"uv":[13.752,5.7177],"uv_size":[0.123,0.2109]},"up":{"uv":[13.873,6.1394],"uv_size":[-0.123,-0.2109]},"down":{"uv":[13.998,5.9966],"uv_size":[-0.123,-0.2109]}}}],"name":"rot_5"},{"parent":"geyser_custom_z","pivot":[2.4,22,0],"rotation":[0,0,-22.5],"cubes":[{"origin":[-0.1,21.5,-1],"size":[3,2,2],"pivot":[2.4,22,0],"uv":{"north":{"uv":[10.629,12.5646],"uv_size":[0.246,-0.4217]},"south":{"uv":[10.629,12.1497],"uv_size":[0.246,0.4217]},"east":{"uv":[11.121,13.4331],"uv_size":[-0.246,0.2811]},"west":{"uv":[10.871,13.4331],"uv_size":[-0.246,0.2811]},"up":{"uv":[10.871,12.5783],"uv_size":[-0.246,0.4217]},"down":{"uv":[10.871,13.0069],"uv_size":[-0.246,0.4217]}}}],"name":"rot_6"},{"parent":"geyser_custom_z","pivot":[-0.5,19.2,0.05],"rotation":[0,0,-22.5],"cubes":[{"origin":[-3.5,18.2,-0.7],"size":[6,2,1.5],"pivot":[-0.5,19.2,0.05],"uv":{"north":{"uv":[15.262,14.8617],"uv_size":[0.738,0.2811]},"south":{"uv":[15.262,14.8617],"uv_size":[0.738,0.2811]},"east":{"uv":[15.8155,15.1474],"uv_size":[0.1845,0.2811]},"west":{"uv":[15.997,15.1474],"uv_size":[-0.1845,0.2811]},"up":{"uv":[15.238,15.068],"uv_size":[-0.738,-0.2109]},"down":{"uv":[15.238,15.068],"uv_size":[-0.738,-0.2109]}}}],"name":"rot_7"},{"parent":"geyser_custom_z","pivot":[-8.4,7.8692,0],"rotation":[0,0,-22.5],"cubes":[{"origin":[-11.7264,0.7048,-0.4],"size":[1,1,0.8],"pivot":[-8.4,7.8692,0],"uv":{"north":{"uv":[9.877,14.8549],"uv_size":[0.123,-0.1406]},"south":{"uv":[9.998,14.8549],"uv_size":[-0.123,-0.1406]},"east":{"uv":[9.627,14.5737],"uv_size":[0.123,0.1406]},"west":{"uv":[9.627,14.7166],"uv_size":[0.123,0.1406]},"up":{"uv":[9.752,14.7166],"uv_size":[0.123,0.1406]},"down":{"uv":[9.752,14.7166],"uv_size":[0.123,0.1406]}}},{"origin":[-9.1712,8.678,-0.9],"size":[3,1.8,1.8],"pivot":[-8.4,7.8692,0],"uv":{"north":{"uv":[8.869,14.7097],"uv_size":[-0.369,-0.2811]},"south":{"uv":[8.506,14.7097],"uv_size":[0.369,-0.2811]},"east":{"uv":[8.746,14.7189],"uv_size":[-0.246,0.2811]},"west":{"uv":[8.746,14.7189],"uv_size":[-0.246,0.2811]},"up":{"uv":[8.994,15.1831],"uv_size":[-0.369,0.2811]},"down":{"uv":[9.748,13.7166],"uv_size":[-0.123,0.1406]}}}],"name":"rot_8"},{"parent":"geyser_custom_z","pivot":[2.9,-6.5916,0],"rotation":[0,-0,0],"cubes":[{"origin":[1.5291,-9.2706,-0.325],"size":[1,1,0.7],"pivot":[2.9,-6.5916,0],"uv":{"north":{"uv":[11.5918,14.6094],"uv_size":[-0.123,0.1406]},"south":{"uv":[11.4708,14.6094],"uv_size":[0.123,0.1406]},"east":{"uv":[11.5948,14.6094],"uv_size":[0.0615,0.1406]},"west":{"uv":[11.4708,14.7511],"uv_size":[0.123,0.0703]},"up":{"uv":[11.6553,14.7477],"uv_size":[-0.0615,-0.1406]},"down":{"uv":[11.5918,14.8203],"uv_size":[-0.123,-0.0703]}}}],"name":"rot_9"},{"parent":"geyser_custom_z","pivot":[2.9,22.3916,0],"rotation":[0,-0,0],"cubes":[{"origin":[1.5291,24.0706,-0.325],"size":[1,1,0.7],"pivot":[2.9,22.3916,0],"uv":{"north":{"uv":[11.5918,14.7477],"uv_size":[-0.123,-0.1406]},"south":{"uv":[11.4708,14.7477],"uv_size":[0.123,-0.1406]},"east":{"uv":[11.5948,14.7477],"uv_size":[0.0615,-0.1406]},"west":{"uv":[11.5918,14.7511],"uv_size":[-0.123,0.0703]},"up":{"uv":[11.5918,14.7511],"uv_size":[-0.123,0.0703]},"down":{"uv":[11.5948,14.7477],"uv_size":[0.0615,-0.1406]}}}],"name":"rot_10"},{"parent":"geyser_custom_z","pivot":[2.4,-6.2,0],"rotation":[0,-0,0],"cubes":[{"origin":[0.9,-7.1,-0.5],"size":[3,1,1],"pivot":[2.4,-6.2,0],"uv":{"north":{"uv":[14.119,5.5691],"uv_size":[-0.369,-0.1406]},"south":{"uv":[13.756,5.5691],"uv_size":[0.369,-0.1406]},"east":{"uv":[13.998,5.712],"uv_size":[-0.123,-0.1406]},"west":{"uv":[13.873,5.712],"uv_size":[-0.123,-0.1406]},"up":{"uv":[13.627,5.4354],"uv_size":[0.123,0.4217]},"down":{"uv":[13.627,5.864],"uv_size":[0.123,0.4217]}}}],"name":"rot_11"},{"parent":"geyser_custom_z","pivot":[2.4,22,0],"rotation":[0,-0,0],"cubes":[{"origin":[0.9,21.9,-0.5],"size":[3,1,1],"pivot":[2.4,22,0],"uv":{"north":{"uv":[14.119,5.4309],"uv_size":[-0.369,0.1406]},"south":{"uv":[13.756,5.4309],"uv_size":[0.369,0.1406]},"east":{"uv":[13.998,5.5737],"uv_size":[-0.123,0.1406]},"west":{"uv":[13.873,5.5737],"uv_size":[-0.123,0.1406]},"up":{"uv":[13.748,5.864],"uv_size":[-0.123,0.4217]},"down":{"uv":[13.748,5.4354],"uv_size":[-0.123,0.4217]}}}],"name":"rot_12"},{"parent":"geyser_custom_z","pivot":[1.5,-1.35,0],"rotation":[0,-0,0],"cubes":[{"origin":[2.5,-3.6,0],"size":[0.5,11.5,0],"pivot":[1.5,-1.35,0],"uv":{"north":{"uv":[11.4215,0.0011],"uv_size":[-1.4215,0.0703]},"south":{"uv":[11.4215,0.0011],"uv_size":[-1.4215,0.0703]},"east":{"uv":[11.4215,0],"uv_size":[-1.4215,0]},"west":{"uv":[11.4215,0],"uv_size":[-1.4215,0]},"up":{"uv":[10,0.0703],"uv_size":[0,-0.0703]},"down":{"uv":[10,0.0703],"uv_size":[0,-0.0703]}}}],"name":"rot_13"},{"parent":"geyser_custom_z","pivot":[1.5,10.15,0],"rotation":[0,-0,0],"cubes":[{"origin":[2.5,7.9,0],"size":[0.5,11.5,0],"pivot":[1.5,10.15,0],"uv":{"north":{"uv":[10.016,0.0011],"uv_size":[1.4215,0.0703]},"south":{"uv":[10.016,0.0011],"uv_size":[1.4215,0.0703]},"east":{"uv":[10.016,0],"uv_size":[1.4215,0]},"west":{"uv":[10.016,0],"uv_size":[1.4215,0]},"up":{"uv":[10,0.0703],"uv_size":[0,-0.0703]},"down":{"uv":[10,0.0703],"uv_size":[0,-0.0703]}}}],"name":"rot_14"},{"parent":"geyser_custom_z","pivot":[-5,0.3495,0],"rotation":[0,-0,0],"cubes":[{"origin":[-4.3074,-1.9917,-0.6],"size":[0.5,2,1.2],"pivot":[-5,0.3495,0],"uv":{"north":{"uv":[15.126,14.6474],"uv_size":[0.0615,0.2811]},"south":{"uv":[15.1865,14.6474],"uv_size":[-0.0615,0.2811]},"east":{"uv":[15.496,14.1474],"uv_size":[-0.246,0.2811]},"west":{"uv":[15.248,14.9331],"uv_size":[-0.123,0.2811]},"up":{"uv":[15.249,14.6474],"uv_size":[-0.0615,0.2811]},"down":{"uv":[15.249,14.6474],"uv_size":[-0.0615,0.2811]}}},{"origin":[-4.6078,-3.1583,-0.5],"size":[2,3.9,1],"pivot":[-5,0.3495,0],"uv":{"north":{"uv":[14.633,15.7189],"uv_size":[0.492,0.2811]},"south":{"uv":[14.633,15.9954],"uv_size":[0.492,-0.2811]},"east":{"uv":[15.117,15.712],"uv_size":[-0.492,-0.1406]},"west":{"uv":[15.117,15.712],"uv_size":[-0.492,-0.1406]},"up":{"uv":[15.248,15.9954],"uv_size":[-0.123,-0.2811]},"down":{"uv":[15.248,15.9954],"uv_size":[-0.123,-0.2811]}}},{"origin":[-4.6581,0.6839,-1],"size":[3,3,2],"pivot":[-5,0.3495,0],"uv":{"north":{"uv":[14.006,15.5783],"uv_size":[0.369,0.4217]},"south":{"uv":[14.006,15.5783],"uv_size":[0.369,0.4217]},"east":{"uv":[14.621,15.9931],"uv_size":[-0.246,-0.4217]},"west":{"uv":[14.369,15.5669],"uv_size":[-0.369,-0.2811]},"up":{"uv":[14.006,15.5669],"uv_size":[0.369,-0.2811]},"down":{"uv":[14.621,15.9931],"uv_size":[-0.246,-0.4217]}}},{"origin":[-2.6078,-3.1583,-0.5],"size":[1,2.9,1],"pivot":[-5,0.3495,0],"uv":{"north":{"uv":[14.631,15.4309],"uv_size":[0.369,0.1406]},"south":{"uv":[14.994,15.4309],"uv_size":[-0.369,0.1406]},"east":{"uv":[14.994,15.5691],"uv_size":[-0.369,-0.1406]},"west":{"uv":[14.994,15.4263],"uv_size":[-0.369,-0.1406]},"up":{"uv":[15.123,15.5691],"uv_size":[-0.123,-0.1406]},"down":{"uv":[15.123,15.5691],"uv_size":[-0.123,-0.1406]}}},{"origin":[-8.5078,0.7417,-0.5],"size":[3.9,2,1],"pivot":[-5,0.3495,0],"uv":{"north":{"uv":[14.633,15.9954],"uv_size":[0.492,-0.2811]},"south":{"uv":[14.633,15.7189],"uv_size":[0.492,0.2811]},"east":{"uv":[15.127,15.9954],"uv_size":[0.123,-0.2811]},"west":{"uv":[15.127,15.9954],"uv_size":[0.123,-0.2811]},"up":{"uv":[14.633,15.712],"uv_size":[0.492,-0.1406]},"down":{"uv":[14.633,15.712],"uv_size":[0.492,-0.1406]}}},{"origin":[-6.5936,-1.2725,-1.5],"size":[2,2,3],"pivot":[-5,0.3495,0],"uv":{"north":{"uv":[15.996,15.7097],"uv_size":[-0.246,-0.2811]},"south":{"uv":[15.996,15.7097],"uv_size":[-0.246,-0.2811]},"east":{"uv":[15.371,15.7074],"uv_size":[-0.246,-0.4217]},"west":{"uv":[15.744,15.7097],"uv_size":[-0.369,-0.2811]},"up":{"uv":[15.744,15.7097],"uv_size":[-0.369,-0.2811]},"down":{"uv":[15.371,15.7074],"uv_size":[-0.246,-0.4217]}}},{"origin":[-7.3413,1.0421,-0.6],"size":[2,0.5,1.2],"pivot":[-5,0.3495,0],"uv":{"north":{"uv":[15.126,14.924],"uv_size":[0.0615,-0.2811]},"south":{"uv":[15.1865,14.924],"uv_size":[-0.0615,-0.2811]},"east":{"uv":[15.1885,14.6474],"uv_size":[0.0615,0.2811]},"west":{"uv":[15.1885,14.6474],"uv_size":[0.0615,0.2811]},"up":{"uv":[15.127,14.9331],"uv_size":[0.123,0.2811]},"down":{"uv":[15.254,14.1474],"uv_size":[0.246,0.2811]}}},{"origin":[-8.5078,2.7417,-0.5],"size":[2.9,1,1],"pivot":[-5,0.3495,0],"uv":{"north":{"uv":[14.631,15.5691],"uv_size":[0.369,-0.1406]},"south":{"uv":[14.994,15.5691],"uv_size":[-0.369,-0.1406]},"east":{"uv":[15.002,15.5691],"uv_size":[0.123,-0.1406]},"west":{"uv":[15.002,15.5691],"uv_size":[0.123,-0.1406]},"up":{"uv":[14.631,15.4263],"uv_size":[0.369,-0.1406]},"down":{"uv":[14.631,15.5691],"uv_size":[0.369,-0.1406]}}}],"name":"rot_15"},{"parent":"geyser_custom_z","pivot":[-5,15.4505,0],"rotation":[0,-0,0],"cubes":[{"origin":[-4.3074,15.7917,-0.6],"size":[0.5,2,1.2],"pivot":[-5,15.4505,0],"uv":{"north":{"uv":[15.126,14.924],"uv_size":[0.0615,-0.2811]},"south":{"uv":[15.1865,14.924],"uv_size":[-0.0615,-0.2811]},"east":{"uv":[15.496,14.424],"uv_size":[-0.246,-0.2811]},"west":{"uv":[15.248,15.2097],"uv_size":[-0.123,-0.2811]},"up":{"uv":[15.249,14.924],"uv_size":[-0.0615,-0.2811]},"down":{"uv":[15.249,14.924],"uv_size":[-0.0615,-0.2811]}}},{"origin":[-4.6078,15.0583,-0.5],"size":[2,3.9,1],"pivot":[-5,15.4505,0],"uv":{"north":{"uv":[15.117,15.7189],"uv_size":[-0.492,0.2811]},"south":{"uv":[15.117,15.9954],"uv_size":[-0.492,-0.2811]},"east":{"uv":[14.633,15.712],"uv_size":[0.492,-0.1406]},"west":{"uv":[14.633,15.712],"uv_size":[0.492,-0.1406]},"up":{"uv":[15.127,15.9954],"uv_size":[0.123,-0.2811]},"down":{"uv":[15.127,15.9954],"uv_size":[0.123,-0.2811]}}},{"origin":[-4.6581,12.1162,-1],"size":[3,3,2],"pivot":[-5,15.4505,0],"uv":{"north":{"uv":[14.369,15.5783],"uv_size":[-0.369,0.4217]},"south":{"uv":[14.006,15.9931],"uv_size":[0.369,-0.4217]},"east":{"uv":[14.621,15.5783],"uv_size":[-0.246,0.4217]},"west":{"uv":[14.006,15.5669],"uv_size":[0.369,-0.2811]},"up":{"uv":[14.379,15.9931],"uv_size":[0.246,-0.4217]},"down":{"uv":[14.006,15.2903],"uv_size":[0.369,0.2811]}}},{"origin":[-2.6078,16.0583,-0.5],"size":[1,2.9,1],"pivot":[-5,15.4505,0],"uv":{"north":{"uv":[14.994,15.4309],"uv_size":[-0.369,0.1406]},"south":{"uv":[14.631,15.4309],"uv_size":[0.369,0.1406]},"east":{"uv":[14.631,15.5691],"uv_size":[0.369,-0.1406]},"west":{"uv":[14.631,15.4263],"uv_size":[0.369,-0.1406]},"up":{"uv":[15.002,15.5691],"uv_size":[0.123,-0.1406]},"down":{"uv":[15.002,15.5691],"uv_size":[0.123,-0.1406]}}},{"origin":[-8.5078,13.0583,-0.5],"size":[3.9,2,1],"pivot":[-5,15.4505,0],"uv":{"north":{"uv":[14.633,15.7189],"uv_size":[0.492,0.2811]},"south":{"uv":[14.633,15.9954],"uv_size":[0.492,-0.2811]},"east":{"uv":[15.127,15.7189],"uv_size":[0.123,0.2811]},"west":{"uv":[15.127,15.7189],"uv_size":[0.123,0.2811]},"up":{"uv":[14.633,15.5737],"uv_size":[0.492,0.1406]},"down":{"uv":[14.633,15.5737],"uv_size":[0.492,0.1406]}}},{"origin":[-6.5936,15.0725,-1.5],"size":[2,2,3],"pivot":[-5,15.4505,0],"uv":{"north":{"uv":[15.996,15.4331],"uv_size":[-0.246,0.2811]},"south":{"uv":[15.754,15.7097],"uv_size":[0.246,-0.2811]},"east":{"uv":[15.129,15.7074],"uv_size":[0.246,-0.4217]},"west":{"uv":[15.744,15.4331],"uv_size":[-0.369,0.2811]},"up":{"uv":[15.371,15.2926],"uv_size":[-0.246,0.4217]},"down":{"uv":[15.381,15.7097],"uv_size":[0.369,-0.2811]}}},{"origin":[-7.3413,14.2579,-0.6],"size":[2,0.5,1.2],"pivot":[-5,15.4505,0],"uv":{"north":{"uv":[15.1865,14.924],"uv_size":[-0.0615,-0.2811]},"south":{"uv":[15.126,14.924],"uv_size":[0.0615,-0.2811]},"east":{"uv":[15.249,14.6474],"uv_size":[-0.0615,0.2811]},"west":{"uv":[15.249,14.6474],"uv_size":[-0.0615,0.2811]},"up":{"uv":[15.496,14.1474],"uv_size":[-0.246,0.2811]},"down":{"uv":[15.248,14.9331],"uv_size":[-0.123,0.2811]}}},{"origin":[-8.5078,12.0583,-0.5],"size":[2.9,1,1],"pivot":[-5,15.4505,0],"uv":{"north":{"uv":[14.631,15.4309],"uv_size":[0.369,0.1406]},"south":{"uv":[14.994,15.4309],"uv_size":[-0.369,0.1406]},"east":{"uv":[15.002,15.4309],"uv_size":[0.123,0.1406]},"west":{"uv":[15.002,15.4309],"uv_size":[0.123,0.1406]},"up":{"uv":[14.631,15.4309],"uv_size":[0.369,0.1406]},"down":{"uv":[14.631,15.288],"uv_size":[0.369,0.1406]}}}],"name":"rot_16"},{"parent":"geyser_custom_z","pivot":[-8.4,7.8692,0],"rotation":[0,-0,0],"cubes":[{"origin":[-10.0692,5.8692,-1],"size":[5,4,2],"pivot":[-8.4,7.8692,0],"uv":{"north":{"uv":[7.242,15.2029],"uv_size":[-0.492,-0.7029]},"south":{"uv":[7.242,15.2029],"uv_size":[-0.492,-0.7029]},"east":{"uv":[8.492,14.7097],"uv_size":[-0.492,-0.2811]},"west":{"uv":[8.492,14.7189],"uv_size":[-0.492,0.2811]},"up":{"uv":[8.504,13.7257],"uv_size":[0.246,0.7029]},"down":{"uv":[8.504,13.7257],"uv_size":[0.246,0.7029]}}},{"origin":[-9.0692,0.8692,-0.5],"size":[1,5,1],"pivot":[-8.4,7.8692,0],"uv":{"north":{"uv":[9.99,14.1406],"uv_size":[-0.615,-0.1406]},"south":{"uv":[9.385,14.1406],"uv_size":[0.615,-0.1406]},"east":{"uv":[9.385,13.7166],"uv_size":[0.615,0.1406]},"west":{"uv":[9.385,13.8594],"uv_size":[0.615,0.1406]},"up":{"uv":[9.252,13.7166],"uv_size":[0.123,0.1406]},"down":{"uv":[9.252,13.7166],"uv_size":[0.123,0.1406]}}},{"origin":[-8.0692,4.4692,-1],"size":[1.6,1.4,2],"pivot":[-8.4,7.8692,0],"uv":{"north":{"uv":[8.7843,14.1394],"uv_size":[0.1845,-0.2109]},"south":{"uv":[8.9658,14.1394],"uv_size":[-0.1845,-0.2109]},"east":{"uv":[8.9718,14.1474],"uv_size":[0.1845,0.2811]},"west":{"uv":[8.7843,14.1474],"uv_size":[0.1845,0.2811]},"up":{"uv":[8.7853,13.7177],"uv_size":[0.246,0.2109]},"down":{"uv":[8.7853,13.7177],"uv_size":[0.246,0.2109]}}},{"origin":[-6.0692,6.3692,1.1],"size":[2.5,1,0],"pivot":[-8.4,7.8692,0],"uv":{"north":{"uv":[8.377,15.8157],"uv_size":[0.123,-0.3514]},"south":{"uv":[8.498,15.8157],"uv_size":[-0.123,-0.3514]},"east":{"uv":[8.002,13.7143],"uv_size":[0.123,0]},"west":{"uv":[8.002,13.7143],"uv_size":[0.123,0]},"up":{"uv":[8,13.72],"uv_size":[0,0.3514]},"down":{"uv":[8,13.72],"uv_size":[0,0.3514]}}},{"origin":[-8.0692,9.8692,-1],"size":[1.6,1.4,2],"pivot":[-8.4,7.8692,0],"uv":{"north":{"uv":[8.9658,14.1394],"uv_size":[-0.1845,-0.2109]},"south":{"uv":[8.7843,14.1394],"uv_size":[0.1845,-0.2109]},"east":{"uv":[9.1533,14.1474],"uv_size":[-0.1845,0.2811]},"west":{"uv":[8.9658,14.1474],"uv_size":[-0.1845,0.2811]},"up":{"uv":[9.0273,13.7177],"uv_size":[-0.246,0.2109]},"down":{"uv":[9.0273,13.7177],"uv_size":[-0.246,0.2109]}}},{"origin":[-6.0692,8.3692,1.1],"size":[2.5,1,0],"pivot":[-8.4,7.8692,0],"uv":{"north":{"uv":[8.498,15.8157],"uv_size":[-0.123,-0.3514]},"south":{"uv":[8.377,15.8157],"uv_size":[0.123,-0.3514]},"east":{"uv":[8.123,13.7143],"uv_size":[-0.123,0]},"west":{"uv":[8.123,13.7143],"uv_size":[-0.123,0]},"up":{"uv":[8,13.72],"uv_size":[0,0.3514]},"down":{"uv":[8,13.72],"uv_size":[0,0.3514]}}},{"origin":[-6.0692,8.3692,-1.1],"size":[2.5,1,0],"pivot":[-8.4,7.8692,0],"uv":{"north":{"uv":[8.498,15.8157],"uv_size":[-0.123,-0.3514]},"south":{"uv":[8.377,15.8157],"uv_size":[0.123,-0.3514]},"east":{"uv":[8.123,13.7143],"uv_size":[-0.123,0]},"west":{"uv":[8.123,13.7143],"uv_size":[-0.123,0]},"up":{"uv":[8,13.72],"uv_size":[0,0.3514]},"down":{"uv":[8,13.72],"uv_size":[0,0.3514]}}},{"origin":[-6.0692,6.3692,-1.1],"size":[2.5,1,0],"pivot":[-8.4,7.8692,0],"uv":{"north":{"uv":[8.377,15.8157],"uv_size":[0.123,-0.3514]},"south":{"uv":[8.498,15.8157],"uv_size":[-0.123,-0.3514]},"east":{"uv":[8.002,13.7143],"uv_size":[0.123,0]},"west":{"uv":[8.002,13.7143],"uv_size":[0.123,0]},"up":{"uv":[8,13.72],"uv_size":[0,0.3514]},"down":{"uv":[8,13.72],"uv_size":[0,0.3514]}}},{"origin":[-8.7692,0.8692,0.8],"size":[1,3,0],"pivot":[-8.4,7.8692,0],"uv":{"north":{"uv":[8.869,15.8594],"uv_size":[-0.369,0.1406]},"south":{"uv":[8.869,15.9977],"uv_size":[-0.369,-0.1406]},"east":{"uv":[8.006,13.7143],"uv_size":[0.369,0]},"west":{"uv":[8.006,13.7143],"uv_size":[0.369,0]},"up":{"uv":[8.127,13.7143],"uv_size":[0.123,0]},"down":{"uv":[8.127,13.7143],"uv_size":[0.123,0]}}},{"origin":[-7.7692,0.8692,-0.8],"size":[0,3,1.6],"pivot":[-8.4,7.8692,0],"uv":{"north":{"uv":[8.369,13.7143],"uv_size":[-0.369,0]},"south":{"uv":[8.369,13.7143],"uv_size":[-0.369,0]},"east":{"uv":[9.631,14.1963],"uv_size":[0.369,0.2109]},"west":{"uv":[9.631,14.1963],"uv_size":[0.369,0.2109]},"up":{"uv":[8.0032,13.7143],"uv_size":[0.1968,0]},"down":{"uv":[8.0032,13.7143],"uv_size":[0.1968,0]}}},{"origin":[-9.0692,9.8692,-0.5],"size":[1,5,1],"pivot":[-8.4,7.8692,0],"uv":{"north":{"uv":[9.385,14.1406],"uv_size":[0.615,-0.1406]},"south":{"uv":[9.99,14.1406],"uv_size":[-0.615,-0.1406]},"east":{"uv":[9.99,13.7166],"uv_size":[-0.615,0.1406]},"west":{"uv":[9.99,13.8594],"uv_size":[-0.615,0.1406]},"up":{"uv":[9.373,13.7166],"uv_size":[-0.123,0.1406]},"down":{"uv":[9.373,13.7166],"uv_size":[-0.123,0.1406]}}},{"origin":[-8.3192,2.7192,0.9],"size":[3,2.5,0],"pivot":[-8.4,7.8692,0],"uv":{"north":{"uv":[8.869,15.8157],"uv_size":[-0.369,-0.3514]},"south":{"uv":[8.506,15.8157],"uv_size":[0.369,-0.3514]},"east":{"uv":[8,13.7189],"uv_size":[0,0.2811]},"west":{"uv":[8,13.7189],"uv_size":[0,0.2811]},"up":{"uv":[8.004,13.7143],"uv_size":[0.246,0]},"down":{"uv":[8.004,13.7143],"uv_size":[0.246,0]}}},{"origin":[-8.7692,0.8692,-0.8],"size":[1,3,0],"pivot":[-8.4,7.8692,0],"uv":{"north":{"uv":[8.506,15.9977],"uv_size":[0.369,-0.1406]},"south":{"uv":[8.506,15.8594],"uv_size":[0.369,0.1406]},"east":{"uv":[8.006,13.7143],"uv_size":[0.369,0]},"west":{"uv":[8.006,13.7143],"uv_size":[0.369,0]},"up":{"uv":[8.127,13.7143],"uv_size":[0.123,0]},"down":{"uv":[8.127,13.7143],"uv_size":[0.123,0]}}},{"origin":[-8.3192,2.7192,-0.9],"size":[3,2.5,0],"pivot":[-8.4,7.8692,0],"uv":{"north":{"uv":[8.506,15.47],"uv_size":[0.369,0.3514]},"south":{"uv":[8.869,15.47],"uv_size":[-0.369,0.3514]},"east":{"uv":[8,13.7189],"uv_size":[0,0.2811]},"west":{"uv":[8,13.7189],"uv_size":[0,0.2811]},"up":{"uv":[8.004,13.7143],"uv_size":[0.246,0]},"down":{"uv":[8.004,13.7143],"uv_size":[0.246,0]}}},{"origin":[-8.3192,10.5192,-0.9],"size":[3,2.5,0],"pivot":[-8.4,7.8692,0],"uv":{"north":{"uv":[8.506,15.8157],"uv_size":[0.369,-0.3514]},"south":{"uv":[8.869,15.8157],"uv_size":[-0.369,-0.3514]},"east":{"uv":[8,13.9954],"uv_size":[0,-0.2811]},"west":{"uv":[8,13.9954],"uv_size":[0,-0.2811]},"up":{"uv":[8.004,13.7143],"uv_size":[0.246,0]},"down":{"uv":[8.004,13.7143],"uv_size":[0.246,0]}}},{"origin":[-8.3192,10.5192,0.9],"size":[3,2.5,0],"pivot":[-8.4,7.8692,0],"uv":{"north":{"uv":[8.869,15.47],"uv_size":[-0.369,0.3514]},"south":{"uv":[8.506,15.47],"uv_size":[0.369,0.3514]},"east":{"uv":[8,13.9954],"uv_size":[0,-0.2811]},"west":{"uv":[8,13.9954],"uv_size":[0,-0.2811]},"up":{"uv":[8.004,13.7143],"uv_size":[0.246,0]},"down":{"uv":[8.004,13.7143],"uv_size":[0.246,0]}}},{"origin":[-12.5692,5.8692,0.5],"size":[4,1.5,0],"pivot":[-8.4,7.8692,0],"uv":{"north":{"uv":[9.133,15.9609],"uv_size":[0.492,-0.2109]},"south":{"uv":[9.617,15.9609],"uv_size":[-0.492,-0.2109]},"east":{"uv":[9.75,15.0046],"uv_size":[0,0.2811]},"west":{"uv":[9.75,15.0046],"uv_size":[0,0.2811]},"up":{"uv":[9.633,13.8571],"uv_size":[0.492,0]},"down":{"uv":[9.633,13.7143],"uv_size":[0.492,0]}}},{"origin":[-12.5692,8.3692,0.5],"size":[4,1.5,0],"pivot":[-8.4,7.8692,0],"uv":{"north":{"uv":[9.133,15.7534],"uv_size":[0.492,0.2109]},"south":{"uv":[9.617,15.7534],"uv_size":[-0.492,0.2109]},"east":{"uv":[9.75,15.2811],"uv_size":[0,-0.2811]},"west":{"uv":[9.75,15.2811],"uv_size":[0,-0.2811]},"up":{"uv":[9.633,13.7143],"uv_size":[0.492,0]},"down":{"uv":[9.633,13.8571],"uv_size":[0.492,0]}}},{"origin":[-8.7692,11.8692,-0.8],"size":[1,3,0],"pivot":[-8.4,7.8692,0],"uv":{"north":{"uv":[8.869,15.9977],"uv_size":[-0.369,-0.1406]},"south":{"uv":[8.869,15.8594],"uv_size":[-0.369,0.1406]},"east":{"uv":[8.369,13.7143],"uv_size":[-0.369,0]},"west":{"uv":[8.369,13.7143],"uv_size":[-0.369,0]},"up":{"uv":[8.127,13.7143],"uv_size":[0.123,0]},"down":{"uv":[8.127,13.7143],"uv_size":[0.123,0]}}},{"origin":[-8.7692,11.8692,0.8],"size":[1,3,0],"pivot":[-8.4,7.8692,0],"uv":{"north":{"uv":[8.506,15.8594],"uv_size":[0.369,0.1406]},"south":{"uv":[8.506,15.9977],"uv_size":[0.369,-0.1406]},"east":{"uv":[8.369,13.7143],"uv_size":[-0.369,0]},"west":{"uv":[8.369,13.7143],"uv_size":[-0.369,0]},"up":{"uv":[8.127,13.7143],"uv_size":[0.123,0]},"down":{"uv":[8.127,13.7143],"uv_size":[0.123,0]}}},{"origin":[-7.7692,11.8692,-0.8],"size":[0,3,1.6],"pivot":[-8.4,7.8692,0],"uv":{"north":{"uv":[8.006,13.7143],"uv_size":[0.369,0]},"south":{"uv":[8.006,13.7143],"uv_size":[0.369,0]},"east":{"uv":[9.994,14.1963],"uv_size":[-0.369,0.2109]},"west":{"uv":[9.994,14.1963],"uv_size":[-0.369,0.2109]},"up":{"uv":[8.1968,13.7143],"uv_size":[-0.1968,0]},"down":{"uv":[8.1968,13.7143],"uv_size":[-0.1968,0]}}}],"name":"rot_17"},{"parent":"geyser_custom_z","pivot":[2.4,-6.2,0],"rotation":[0,0,22.5],"cubes":[{"origin":[-0.1,-7.7,-1],"size":[3,2,2],"pivot":[2.4,-6.2,0],"uv":{"north":{"uv":[10.871,12.5646],"uv_size":[-0.246,-0.4217]},"south":{"uv":[10.871,12.1497],"uv_size":[-0.246,0.4217]},"east":{"uv":[11.121,13.7097],"uv_size":[-0.246,-0.2811]},"west":{"uv":[10.871,13.7097],"uv_size":[-0.246,-0.2811]},"up":{"uv":[10.629,13.0069],"uv_size":[0.246,0.4217]},"down":{"uv":[10.629,12.5783],"uv_size":[0.246,0.4217]}}}],"name":"rot_18"},{"parent":"geyser_custom_z","pivot":[2.4,22,0],"rotation":[0,0,22.5],"cubes":[{"origin":[-0.5,19.8,-0.5],"size":[1.5,1.5,1],"pivot":[2.4,22,0],"uv":{"north":{"uv":[14.0595,5.5749],"uv_size":[-0.1845,0.2109]},"south":{"uv":[14.0595,5.7823],"uv_size":[-0.1845,-0.2109]},"east":{"uv":[13.752,5.9251],"uv_size":[0.123,-0.2109]},"west":{"uv":[13.752,5.9251],"uv_size":[0.123,-0.2109]},"up":{"uv":[13.877,5.9966],"uv_size":[0.123,-0.2109]},"down":{"uv":[13.752,6.1394],"uv_size":[0.123,-0.2109]}}}],"name":"rot_19"},{"parent":"geyser_custom_z","pivot":[-0.5,-3.4,0.05],"rotation":[0,0,22.5],"cubes":[{"origin":[-3.5,-4.4,-0.7],"size":[6,2,1.5],"pivot":[-0.5,-3.4,0.05],"uv":{"north":{"uv":[15.262,15.1383],"uv_size":[0.738,-0.2811]},"south":{"uv":[15.262,15.1383],"uv_size":[0.738,-0.2811]},"east":{"uv":[15.8155,15.424],"uv_size":[0.1845,-0.2811]},"west":{"uv":[15.997,15.424],"uv_size":[-0.1845,-0.2811]},"up":{"uv":[15.238,14.8606],"uv_size":[-0.738,0.2109]},"down":{"uv":[15.238,14.8606],"uv_size":[-0.738,0.2109]}}}],"name":"rot_20"},{"parent":"geyser_custom_z","pivot":[-8.4,7.8692,0],"rotation":[0,0,22.5],"cubes":[{"origin":[-9.1712,5.2603,-0.9],"size":[3,1.8,1.8],"pivot":[-8.4,7.8692,0],"uv":{"north":{"uv":[8.869,14.4331],"uv_size":[-0.369,0.2811]},"south":{"uv":[8.506,14.4331],"uv_size":[0.369,0.2811]},"east":{"uv":[8.746,14.9954],"uv_size":[-0.246,-0.2811]},"west":{"uv":[8.746,14.9954],"uv_size":[-0.246,-0.2811]},"up":{"uv":[9.748,13.8549],"uv_size":[-0.123,-0.1406]},"down":{"uv":[8.994,15.4597],"uv_size":[-0.369,-0.2811]}}},{"origin":[-11.7264,14.0335,-0.4],"size":[1,1,0.8],"pivot":[-8.4,7.8692,0],"uv":{"north":{"uv":[9.998,14.8549],"uv_size":[-0.123,-0.1406]},"south":{"uv":[9.877,14.8549],"uv_size":[0.123,-0.1406]},"east":{"uv":[9.748,14.5737],"uv_size":[-0.123,0.1406]},"west":{"uv":[9.748,14.7166],"uv_size":[-0.123,0.1406]},"up":{"uv":[9.873,14.7166],"uv_size":[-0.123,0.1406]},"down":{"uv":[9.873,14.7166],"uv_size":[-0.123,0.1406]}}}],"name":"rot_21"},{"parent":"geyser_custom_z","pivot":[2.9,-6.5916,0],"rotation":[0,0,45],"cubes":[{"origin":[0.81,-8.7254,-0.225],"size":[2,1,0.5],"pivot":[2.9,-6.5916,0],"uv":{"north":{"uv":[10.752,13.8617],"uv_size":[0.123,0.2811]},"south":{"uv":[10.873,13.8617],"uv_size":[-0.123,0.2811]},"east":{"uv":[10.748,14.0011],"uv_size":[-0.123,0.0703]},"west":{"uv":[10.748,14.0011],"uv_size":[-0.123,0.0703]},"up":{"uv":[10.876,14.1383],"uv_size":[0.0615,-0.2811]},"down":{"uv":[10.876,14.1383],"uv_size":[0.0615,-0.2811]}}},{"origin":[2.81,-8.7254,-0.225],"size":[1,2,0.5],"pivot":[2.9,-6.5916,0],"uv":{"north":{"uv":[11.1543,13.7189],"uv_size":[-0.123,0.2811]},"south":{"uv":[11.0333,13.7189],"uv_size":[0.123,0.2811]},"east":{"uv":[11.1573,13.7189],"uv_size":[0.0615,0.2811]},"west":{"uv":[11.2823,13.7189],"uv_size":[0.0615,0.2811]},"up":{"uv":[11.499,13.8549],"uv_size":[-0.0615,-0.1406]},"down":{"uv":[11.1543,14.0703],"uv_size":[-0.123,-0.0703]}}},{"origin":[3.7525,-9.2556,-0.025],"size":[3,2.5,0],"pivot":[2.9,-6.5916,0],"uv":{"north":{"uv":[11.1613,14.614],"uv_size":[0.3075,0.4217]},"south":{"uv":[11.4637,14.614],"uv_size":[-0.3075,0.4217]},"east":{"uv":[10,14.136],"uv_size":[0,-0.4217]},"west":{"uv":[10,14.136],"uv_size":[0,-0.4217]},"up":{"uv":[10,14.136],"uv_size":[0,-0.4217]},"down":{"uv":[10,14.136],"uv_size":[0,-0.4217]}}}],"name":"rot_22"},{"parent":"geyser_custom_z","pivot":[-4.614,5.7747,0.3],"rotation":[0,0,45],"cubes":[{"origin":[6.7,1.9747,-1.2],"size":[3,3,2.5],"pivot":[-4.614,5.7747,0.3],"uv":{"north":{"uv":[8.006,0.8503],"uv_size":[0.369,-0.4217]},"south":{"uv":[8.369,0.8503],"uv_size":[-0.369,-0.4217]},"east":{"uv":[8.62,0.4217],"uv_size":[-0.3075,-0.4217]},"west":{"uv":[8.3075,0.0069],"uv_size":[-0.3075,0.4217]},"up":{"uv":[8.3175,0.0069],"uv_size":[0.3075,0.4217]},"down":{"uv":[8.3075,0.4217],"uv_size":[-0.3075,-0.4217]}}}],"name":"rot_23"},{"parent":"geyser_custom_z","pivot":[-5,0.3495,0],"rotation":[0,0,45],"cubes":[{"origin":[-8,-2.5,-1],"size":[6,2,2],"pivot":[-5,0.3495,0],"uv":{"north":{"uv":[15.988,15.9954],"uv_size":[-0.738,-0.2811]},"south":{"uv":[15.988,15.9954],"uv_size":[-0.738,-0.2811]},"east":{"uv":[14.621,15.5311],"uv_size":[-0.246,-0.2811]},"west":{"uv":[14.621,15.5311],"uv_size":[-0.246,-0.2811]},"up":{"uv":[15.988,14.2811],"uv_size":[-0.738,-0.2811]},"down":{"uv":[15.988,13.9954],"uv_size":[-0.738,-0.2811]}}},{"origin":[-3,-3,-1.5],"size":[0.5,1.5,3],"pivot":[-5,0.3495,0],"uv":{"north":{"uv":[15.624,14.4966],"uv_size":[-0.0615,-0.2109]},"south":{"uv":[15.624,14.4966],"uv_size":[-0.0615,-0.2109]},"east":{"uv":[15.994,14.4966],"uv_size":[-0.369,-0.2109]},"west":{"uv":[15.994,14.4966],"uv_size":[-0.369,-0.2109]},"up":{"uv":[15.994,14.5703],"uv_size":[-0.369,-0.0703]},"down":{"uv":[15.994,14.5703],"uv_size":[-0.369,-0.0703]}}}],"name":"rot_24"},{"parent":"geyser_custom_z","pivot":[-8.4,7.8692,0],"rotation":[0,0,45],"cubes":[{"origin":[-11.1087,5.1605,-0.9],"size":[3,3,1.8],"pivot":[-8.4,7.8692,0],"uv":{"north":{"uv":[8.369,15.0426],"uv_size":[-0.369,0.4217]},"south":{"uv":[8.006,15.4574],"uv_size":[0.369,-0.4217]},"east":{"uv":[8.006,15.4689],"uv_size":[0.369,0.2811]},"west":{"uv":[8.5964,15.0426],"uv_size":[-0.2214,0.4217]},"up":{"uv":[8.006,15.4684],"uv_size":[0.369,0.253]},"down":{"uv":[8.006,15.4689],"uv_size":[0.369,0.2811]}}},{"origin":[-9.4196,8.7495,-0.9],"size":[1.9,2.9,1.8],"pivot":[-8.4,7.8692,0],"uv":{"north":{"uv":[9.631,15.9954],"uv_size":[0.369,-0.2811]},"south":{"uv":[9.994,15.9954],"uv_size":[-0.369,-0.2811]},"east":{"uv":[9.631,15.1474],"uv_size":[0.369,0.2811]},"west":{"uv":[9.631,15.1474],"uv_size":[0.369,0.2811]},"up":{"uv":[9.754,15.4331],"uv_size":[0.246,0.2811]},"down":{"uv":[9.754,15.4331],"uv_size":[0.246,0.2811]}}},{"origin":[-5.777,4.3353,-0.6],"size":[1,3,1.2],"pivot":[-8.4,7.8692,0],"uv":{"north":{"uv":[9.631,15.1406],"uv_size":[0.369,-0.1406]},"south":{"uv":[9.994,15.1406],"uv_size":[-0.369,-0.1406]},"east":{"uv":[9.631,14.8594],"uv_size":[0.369,0.1406]},"west":{"uv":[9.631,14.8594],"uv_size":[0.369,0.1406]},"up":{"uv":[9.7418,15.4309],"uv_size":[-0.123,0.1406]},"down":{"uv":[9.7418,15.4309],"uv_size":[-0.123,0.1406]}}},{"origin":[-8.2267,11.6348,-1],"size":[2,0.5,2],"pivot":[-8.4,7.8692,0],"uv":{"north":{"uv":[9.0635,15.5669],"uv_size":[0.0615,-0.2811]},"south":{"uv":[9.0635,15.5669],"uv_size":[0.0615,-0.2811]},"east":{"uv":[9.129,15.2846],"uv_size":[0.246,-0.0703]},"west":{"uv":[9.129,15.2846],"uv_size":[0.246,-0.0703]},"up":{"uv":[9.371,15.2903],"uv_size":[-0.246,0.2811]},"down":{"uv":[9.371,15.2903],"uv_size":[-0.246,0.2811]}}}],"name":"rot_25"}]}]}
