{"format_version":"1.16.0","minecraft:geometry":[{"description":{"identifier":"geometry.geyser_custom.geo_e8b6bbc","texture_width":16,"texture_height":16,"visible_bounds_width":4,"visible_bounds_height":4.5,"visible_bounds_offset":[0,0.75,0]},"bones":[{"name":"geyser_custom","binding":"c.item_slot == 'head' ? 'head' : q.item_slot_to_bone_name(c.item_slot)","pivot":[0,8,0]},{"name":"geyser_custom_x","parent":"geyser_custom","pivot":[0,8,0]},{"name":"geyser_custom_y","parent":"geyser_custom_x","pivot":[0,8,0]},{"name":"geyser_custom_z","parent":"geyser_custom_y","pivot":[0,8,0],"cubes":[]},{"parent":"geyser_custom_z","pivot":[2.5161,7.8567,-13.2499],"rotation":[0,45,0],"cubes":[{"origin":[1.6176,7.5942,-14.644],"size":[2,0.5,1],"pivot":[2.5161,7.8567,-13.2499],"uv":{"north":{"uv":[10.876,14.1383],"uv_size":[0.0615,-0.2811]},"south":{"uv":[10.876,14.1383],"uv_size":[0.0615,-0.2811]},"east":{"uv":[10.748,14.0011],"uv_size":[-0.123,0.0703]},"west":{"uv":[10.748,14.0011],"uv_size":[-0.123,0.0703]},"up":{"uv":[10.873,14.1383],"uv_size":[-0.123,-0.2811]},"down":{"uv":[10.752,14.1383],"uv_size":[0.123,-0.2811]}}},{"origin":[3.6176,7.5942,-14.644],"size":[1,0.5,2],"pivot":[2.5161,7.8567,-13.2499],"uv":{"north":{"uv":[15.1543,14.0703],"uv_size":[-0.123,-0.0703]},"south":{"uv":[15.499,13.8549],"uv_size":[-0.0615,-0.1406]},"east":{"uv":[15.1573,13.7189],"uv_size":[0.0615,0.2811]},"west":{"uv":[15.2823,13.7189],"uv_size":[0.0615,0.2811]},"up":{"uv":[15.0333,13.9954],"uv_size":[0.123,-0.2811]},"down":{"uv":[15.1543,13.9954],"uv_size":[-0.123,-0.2811]}}},{"origin":[4.5601,7.8942,-15.1742],"size":[3,0,2.5],"pivot":[2.5161,7.8567,-13.2499],"uv":{"north":{"uv":[10,14.136],"uv_size":[0,-0.4217]},"south":{"uv":[10,14.136],"uv_size":[0,-0.4217]},"east":{"uv":[10,14.136],"uv_size":[0,-0.4217]},"west":{"uv":[10,14.136],"uv_size":[0,-0.4217]},"up":{"uv":[11.4637,15.0289],"uv_size":[-0.3075,-0.4217]},"down":{"uv":[11.1613,15.0289],"uv_size":[0.3075,-0.4217]}}}],"name":"rot_1"},{"parent":"geyser_custom_z","pivot":[-5,7.8692,-6.5813],"rotation":[0,45,0],"cubes":[{"origin":[-8,6.8692,-9.4309],"size":[6,2,2],"pivot":[-5,7.8692,-6.5813],"uv":{"north":{"uv":[15.988,13.9954],"uv_size":[-0.738,-0.2811]},"south":{"uv":[15.988,14.2811],"uv_size":[-0.738,-0.2811]},"east":{"uv":[14.621,15.5311],"uv_size":[-0.246,-0.2811]},"west":{"uv":[14.621,15.5311],"uv_size":[-0.246,-0.2811]},"up":{"uv":[15.262,15.7189],"uv_size":[0.738,0.2811]},"down":{"uv":[15.262,15.7189],"uv_size":[0.738,0.2811]}}},{"origin":[-3,6.3692,-9.9309],"size":[0.5,3,1.5],"pivot":[-5,7.8692,-6.5813],"uv":{"north":{"uv":[15.994,14.5703],"uv_size":[-0.369,-0.0703]},"south":{"uv":[15.994,14.5703],"uv_size":[-0.369,-0.0703]},"east":{"uv":[15.994,14.4966],"uv_size":[-0.369,-0.2109]},"west":{"uv":[15.994,14.4966],"uv_size":[-0.369,-0.2109]},"up":{"uv":[15.5635,14.2891],"uv_size":[0.0615,0.2109]},"down":{"uv":[15.5635,14.2891],"uv_size":[0.0615,0.2109]}}}],"name":"rot_2"},{"parent":"geyser_custom_z","pivot":[-8.4,7.8692,0],"rotation":[0,45,0],"cubes":[{"origin":[-11.1087,6.9692,-2.7087],"size":[3,1.8,3],"pivot":[-8.4,7.8692,0],"uv":{"north":{"uv":[8.369,15.7454],"uv_size":[-0.369,-0.2811]},"south":{"uv":[8.369,15.7173],"uv_size":[-0.369,-0.253]},"east":{"uv":[8.006,15.4689],"uv_size":[0.369,0.2811]},"west":{"uv":[8.5964,15.0426],"uv_size":[-0.2214,0.4217]},"up":{"uv":[8.006,15.4574],"uv_size":[0.369,-0.4217]},"down":{"uv":[8.369,15.0426],"uv_size":[-0.369,0.4217]}}},{"origin":[-9.4196,6.9692,0.8804],"size":[1.9,1.8,2.9],"pivot":[-8.4,7.8692,0],"uv":{"north":{"uv":[9.996,15.7097],"uv_size":[-0.246,-0.2811]},"south":{"uv":[9.996,15.7097],"uv_size":[-0.246,-0.2811]},"east":{"uv":[9.631,15.1474],"uv_size":[0.369,0.2811]},"west":{"uv":[9.631,15.1474],"uv_size":[0.369,0.2811]},"up":{"uv":[9.994,15.7189],"uv_size":[-0.369,0.2811]},"down":{"uv":[9.631,15.7189],"uv_size":[0.369,0.2811]}}},{"origin":[-5.777,7.2692,-3.5338],"size":[1,1.2,3],"pivot":[-8.4,7.8692,0],"uv":{"north":{"uv":[9.6208,15.5691],"uv_size":[0.123,-0.1406]},"south":{"uv":[9.6208,15.5691],"uv_size":[0.123,-0.1406]},"east":{"uv":[9.631,14.8594],"uv_size":[0.369,0.1406]},"west":{"uv":[9.631,14.8594],"uv_size":[0.369,0.1406]},"up":{"uv":[9.994,15.0023],"uv_size":[-0.369,0.1406]},"down":{"uv":[9.631,15.0023],"uv_size":[0.369,0.1406]}}},{"origin":[-8.2267,6.8692,3.7657],"size":[2,2,0.5],"pivot":[-8.4,7.8692,0],"uv":{"north":{"uv":[9.129,15.5669],"uv_size":[0.246,-0.2811]},"south":{"uv":[9.129,15.5669],"uv_size":[0.246,-0.2811]},"east":{"uv":[9.129,15.2846],"uv_size":[0.246,-0.0703]},"west":{"uv":[9.129,15.2846],"uv_size":[0.246,-0.0703]},"up":{"uv":[9.124,15.2903],"uv_size":[-0.0615,0.2811]},"down":{"uv":[9.124,15.2903],"uv_size":[-0.0615,0.2811]}}}],"name":"rot_3"},{"parent":"geyser_custom_z","pivot":[5,7.5,-5.65],"rotation":[0,0,-45],"cubes":[{"origin":[3.4,-1.5,-2.1],"size":[1,1,0.7],"pivot":[5,7.5,-5.65],"uv":{"north":{"uv":[11.4708,14.6094],"uv_size":[0.123,0.1406]},"south":{"uv":[11.5918,14.6094],"uv_size":[-0.123,0.1406]},"east":{"uv":[11.5948,14.6094],"uv_size":[0.0615,0.1406]},"west":{"uv":[11.4708,14.7511],"uv_size":[0.123,0.0703]},"up":{"uv":[11.4708,14.7511],"uv_size":[0.123,0.0703]},"down":{"uv":[11.5948,14.6094],"uv_size":[0.0615,0.1406]}}}],"name":"rot_4"},{"parent":"geyser_custom_z","pivot":[5,7.5,5.65],"rotation":[0,0,-45],"cubes":[{"origin":[3.4,-1.5,1.4],"size":[1,1,0.7],"pivot":[5,7.5,5.65],"uv":{"north":{"uv":[11.4708,14.6094],"uv_size":[0.123,0.1406]},"south":{"uv":[11.5918,14.6094],"uv_size":[-0.123,0.1406]},"east":{"uv":[11.6553,14.6094],"uv_size":[-0.0615,0.1406]},"west":{"uv":[11.4708,14.8203],"uv_size":[0.123,-0.0703]},"up":{"uv":[11.4708,14.8203],"uv_size":[0.123,-0.0703]},"down":{"uv":[11.6553,14.6094],"uv_size":[-0.0615,0.1406]}}}],"name":"rot_5"},{"parent":"geyser_custom_z","pivot":[14.5,4.6084,0],"rotation":[0,22.5,0],"cubes":[{"origin":[12.41,4.3334,-2.1338],"size":[2,0.5,1],"pivot":[14.5,4.6084,0],"uv":{"north":{"uv":[10.876,14.1383],"uv_size":[0.0615,-0.2811]},"south":{"uv":[10.876,14.1383],"uv_size":[0.0615,-0.2811]},"east":{"uv":[10.627,14.0703],"uv_size":[0.123,-0.0703]},"west":{"uv":[10.627,14.0703],"uv_size":[0.123,-0.0703]},"up":{"uv":[10.752,13.8617],"uv_size":[0.123,0.2811]},"down":{"uv":[10.873,13.8617],"uv_size":[-0.123,0.2811]}}},{"origin":[13.1291,4.2334,1.679],"size":[1,0.7,1],"pivot":[14.5,4.6084,0],"uv":{"north":{"uv":[11.5948,14.7477],"uv_size":[0.0615,-0.1406]},"south":{"uv":[11.5918,14.7511],"uv_size":[-0.123,0.0703]},"east":{"uv":[11.6553,14.6094],"uv_size":[-0.0615,0.1406]},"west":{"uv":[11.4708,14.8203],"uv_size":[0.123,-0.0703]},"up":{"uv":[11.5918,14.7477],"uv_size":[-0.123,-0.1406]},"down":{"uv":[11.4708,14.7477],"uv_size":[0.123,-0.1406]}}},{"origin":[14.41,4.3334,-2.1338],"size":[1,0.5,2],"pivot":[14.5,4.6084,0],"uv":{"north":{"uv":[11.1543,14.0703],"uv_size":[-0.123,-0.0703]},"south":{"uv":[11.499,13.8549],"uv_size":[-0.0615,-0.1406]},"east":{"uv":[11.2178,13.9954],"uv_size":[-0.0615,-0.2811]},"west":{"uv":[11.3428,13.9954],"uv_size":[-0.0615,-0.2811]},"up":{"uv":[11.1543,13.7189],"uv_size":[-0.123,0.2811]},"down":{"uv":[11.0333,13.7189],"uv_size":[0.123,0.2811]}}},{"origin":[15.3525,4.6334,-2.664],"size":[3,0,2.5],"pivot":[14.5,4.6084,0],"uv":{"north":{"uv":[10,14.136],"uv_size":[0,-0.4217]},"south":{"uv":[10,14.136],"uv_size":[0,-0.4217]},"east":{"uv":[10,13.7211],"uv_size":[0,0.4217]},"west":{"uv":[10,13.7211],"uv_size":[0,0.4217]},"up":{"uv":[11.1613,14.614],"uv_size":[0.3075,0.4217]},"down":{"uv":[11.4637,14.614],"uv_size":[-0.3075,0.4217]}}}],"name":"rot_6"},{"parent":"geyser_custom_z","pivot":[7,10.5241,-1.845],"rotation":[0,22.5,0],"cubes":[{"origin":[7.8451,3,-0.845],"size":[13,10,0],"pivot":[7,10.5241,-1.845],"uv":{"north":{"uv":[13.609,6.3017],"uv_size":[-1.609,1.4126]},"south":{"uv":[12.016,6.3017],"uv_size":[1.609,1.4126]},"east":{"uv":[12,4.5874],"uv_size":[0,2.8411]},"west":{"uv":[12,4.5874],"uv_size":[0,2.8411]},"up":{"uv":[12,4.5874],"uv_size":[0,4.5554]},"down":{"uv":[12,4.5874],"uv_size":[0,4.5554]}}}],"name":"rot_7"},{"parent":"geyser_custom_z","pivot":[2.5161,7.8567,-13.2499],"rotation":[0,22.5,0],"cubes":[{"origin":[-3.5,7.0692,-12.1308],"size":[6,1.5,2],"pivot":[2.5161,7.8567,-13.2499],"uv":{"north":{"uv":[15.238,14.8606],"uv_size":[-0.738,0.2109]},"south":{"uv":[15.238,14.8606],"uv_size":[-0.738,0.2109]},"east":{"uv":[15.8155,15.424],"uv_size":[0.1845,-0.2811]},"west":{"uv":[15.997,15.424],"uv_size":[-0.1845,-0.2811]},"up":{"uv":[15.988,14.8617],"uv_size":[-0.738,0.2811]},"down":{"uv":[15.988,14.8617],"uv_size":[-0.738,0.2811]}}},{"origin":[0.9,6.8692,-14.1309],"size":[3,2,2],"pivot":[2.5161,7.8567,-13.2499],"uv":{"north":{"uv":[10.629,12.5783],"uv_size":[0.246,0.4217]},"south":{"uv":[10.629,13.0069],"uv_size":[0.246,0.4217]},"east":{"uv":[11.121,13.7097],"uv_size":[-0.246,-0.2811]},"west":{"uv":[10.871,13.7097],"uv_size":[-0.246,-0.2811]},"up":{"uv":[10.629,12.1497],"uv_size":[0.246,0.4217]},"down":{"uv":[10.629,12.5646],"uv_size":[0.246,-0.4217]}}}],"name":"rot_8"},{"parent":"geyser_custom_z","pivot":[2.5161,7.8567,13.2499],"rotation":[0,22.5,0],"cubes":[{"origin":[2.9188,6.5692,10.6776],"size":[3,2.5,3],"pivot":[2.5161,7.8567,13.2499],"uv":{"north":{"uv":[8.62,0.0069],"uv_size":[-0.3075,0.4217]},"south":{"uv":[8.3075,0.4217],"uv_size":[-0.3075,-0.4217]},"east":{"uv":[8.3075,0.0069],"uv_size":[-0.3075,0.4217]},"west":{"uv":[8.3175,0.4217],"uv_size":[0.3075,-0.4217]},"up":{"uv":[8.369,0.8503],"uv_size":[-0.369,-0.4217]},"down":{"uv":[8.006,0.8503],"uv_size":[0.369,-0.4217]}}},{"origin":[0.6788,7.3692,11.2371],"size":[1.5,1,1.5],"pivot":[2.5161,7.8567,13.2499],"uv":{"north":{"uv":[13.873,5.932],"uv_size":[-0.123,0.2109]},"south":{"uv":[13.998,5.7891],"uv_size":[-0.123,0.2109]},"east":{"uv":[13.752,5.9251],"uv_size":[0.123,-0.2109]},"west":{"uv":[13.752,5.9251],"uv_size":[0.123,-0.2109]},"up":{"uv":[13.878,5.7823],"uv_size":[0.1845,-0.2109]},"down":{"uv":[13.878,5.5749],"uv_size":[0.1845,0.2109]}}}],"name":"rot_9"},{"parent":"geyser_custom_z","pivot":[-8.4,7.8692,0],"rotation":[0,22.5,0],"cubes":[{"origin":[-9.1712,6.9692,-2.6089],"size":[3,1.8,1.8],"pivot":[-8.4,7.8692,0],"uv":{"north":{"uv":[8.631,15.1831],"uv_size":[0.369,0.2811]},"south":{"uv":[9.627,13.7166],"uv_size":[0.123,0.1406]},"east":{"uv":[8.746,14.9954],"uv_size":[-0.246,-0.2811]},"west":{"uv":[8.746,14.9954],"uv_size":[-0.246,-0.2811]},"up":{"uv":[8.506,14.7097],"uv_size":[0.369,-0.2811]},"down":{"uv":[8.869,14.7097],"uv_size":[-0.369,-0.2811]}}},{"origin":[-11.7264,7.4692,6.1644],"size":[1,0.8,1],"pivot":[-8.4,7.8692,0],"uv":{"north":{"uv":[9.752,14.8549],"uv_size":[0.123,-0.1406]},"south":{"uv":[9.752,14.8549],"uv_size":[0.123,-0.1406]},"east":{"uv":[9.748,14.5737],"uv_size":[-0.123,0.1406]},"west":{"uv":[9.748,14.7166],"uv_size":[-0.123,0.1406]},"up":{"uv":[9.877,14.7166],"uv_size":[0.123,0.1406]},"down":{"uv":[9.998,14.7166],"uv_size":[-0.123,0.1406]}}}],"name":"rot_10"},{"parent":"geyser_custom_z","pivot":[14.5,4.6084,0],"rotation":[0,0,-22.5],"cubes":[{"origin":[13.1291,1.9294,-0.325],"size":[1,1,0.7],"pivot":[14.5,4.6084,0],"uv":{"north":{"uv":[11.4708,14.7477],"uv_size":[0.123,-0.1406]},"south":{"uv":[11.5918,14.7477],"uv_size":[-0.123,-0.1406]},"east":{"uv":[11.6553,14.7477],"uv_size":[-0.0615,-0.1406]},"west":{"uv":[11.5918,14.8203],"uv_size":[-0.123,-0.0703]},"up":{"uv":[11.5948,14.6094],"uv_size":[0.0615,0.1406]},"down":{"uv":[11.4708,14.7511],"uv_size":[0.123,0.0703]}}},{"origin":[12.41,5.7422,-0.225],"size":[2,1,0.5],"pivot":[14.5,4.6084,0],"uv":{"north":{"uv":[10.752,14.1383],"uv_size":[0.123,-0.2811]},"south":{"uv":[10.873,14.1383],"uv_size":[-0.123,-0.2811]},"east":{"uv":[10.748,14.0703],"uv_size":[-0.123,-0.0703]},"west":{"uv":[10.748,14.0703],"uv_size":[-0.123,-0.0703]},"up":{"uv":[10.876,13.8617],"uv_size":[0.0615,0.2811]},"down":{"uv":[10.876,13.8617],"uv_size":[0.0615,0.2811]}}},{"origin":[14.41,4.7422,-0.225],"size":[1,2,0.5],"pivot":[14.5,4.6084,0],"uv":{"north":{"uv":[11.0333,13.7189],"uv_size":[0.123,0.2811]},"south":{"uv":[11.1543,13.7189],"uv_size":[-0.123,0.2811]},"east":{"uv":[11.2178,13.7189],"uv_size":[-0.0615,0.2811]},"west":{"uv":[11.3428,13.7189],"uv_size":[-0.0615,0.2811]},"up":{"uv":[11.0333,14.0703],"uv_size":[0.123,-0.0703]},"down":{"uv":[11.499,13.7166],"uv_size":[-0.0615,0.1406]}}},{"origin":[15.3525,4.7725,-0.025],"size":[3,2.5,0],"pivot":[14.5,4.6084,0],"uv":{"north":{"uv":[11.1613,15.0289],"uv_size":[0.3075,-0.4217]},"south":{"uv":[11.4637,15.0289],"uv_size":[-0.3075,-0.4217]},"east":{"uv":[10,14.136],"uv_size":[0,-0.4217]},"west":{"uv":[10,14.136],"uv_size":[0,-0.4217]},"up":{"uv":[10,13.7211],"uv_size":[0,0.4217]},"down":{"uv":[10,13.7211],"uv_size":[0,0.4217]}}}],"name":"rot_11"},{"parent":"geyser_custom_z","pivot":[14.5,4.6084,0],"rotation":[0,-0,0],"cubes":[{"origin":[11.8916,3.6084,-1.1],"size":[2,2,2.2],"pivot":[14.5,4.6084,0],"uv":{"north":{"uv":[11.4023,14.6026],"uv_size":[-0.246,-0.2811]},"south":{"uv":[11.4023,14.6026],"uv_size":[-0.246,-0.2811]},"east":{"uv":[11.0273,14.424],"uv_size":[-0.246,-0.2811]},"west":{"uv":[11.0273,14.7097],"uv_size":[-0.246,-0.2811]},"up":{"uv":[11.4103,14.326],"uv_size":[0.246,0.2811]},"down":{"uv":[11.4103,14.326],"uv_size":[0.246,0.2811]}}}],"name":"rot_12"},{"parent":"geyser_custom_z","pivot":[9.2783,1.5185,0.9],"rotation":[0,-0,0],"cubes":[{"origin":[8,2,-1.5],"size":[4,5,3],"pivot":[9.2783,1.5185,0.9],"uv":{"north":{"uv":[13.2913,0.9377],"uv_size":[0.615,0.5623]},"south":{"uv":[13.2913,0.9377],"uv_size":[0.615,0.5623]},"east":{"uv":[13.881,0.0114],"uv_size":[0.369,0.7029]},"west":{"uv":[13.881,0.0114],"uv_size":[0.369,0.7029]},"up":{"uv":[10.008,3.8503],"uv_size":[0.492,-0.4217]},"down":{"uv":[10.369,2.8663],"uv_size":[-0.369,0.5623]}}}],"name":"rot_13"},{"parent":"geyser_custom_z","pivot":[4.75,8,-5.75],"rotation":[0,-0,0],"cubes":[{"origin":[4.5,8,-11.5],"size":[0.5,0,11.5],"pivot":[4.75,8,-5.75],"uv":{"north":{"uv":[10,0.0703],"uv_size":[0,-0.0703]},"south":{"uv":[10,0.0703],"uv_size":[0,-0.0703]},"east":{"uv":[11.4215,0],"uv_size":[-1.4215,0]},"west":{"uv":[11.4215,0],"uv_size":[-1.4215,0]},"up":{"uv":[10.016,0.0703],"uv_size":[1.4215,-0.0703]},"down":{"uv":[10.016,0.0703],"uv_size":[1.4215,-0.0703]}}}],"name":"rot_14"},{"parent":"geyser_custom_z","pivot":[4.75,8,5.75],"rotation":[0,-0,0],"cubes":[{"origin":[4.5,8,0],"size":[0.5,0,11.5],"pivot":[4.75,8,5.75],"uv":{"north":{"uv":[10,0.0011],"uv_size":[0,0.0703]},"south":{"uv":[10,0.0011],"uv_size":[0,0.0703]},"east":{"uv":[10.016,0],"uv_size":[1.4215,0]},"west":{"uv":[10.016,0],"uv_size":[1.4215,0]},"up":{"uv":[11.4215,0.0703],"uv_size":[-1.4215,-0.0703]},"down":{"uv":[11.4215,0.0703],"uv_size":[-1.4215,-0.0703]}}}],"name":"rot_15"},{"parent":"geyser_custom_z","pivot":[3.5,7.75,-1.75],"rotation":[0,-0,0],"cubes":[{"origin":[3,7,-2],"size":[9,1.5,0.5],"pivot":[3.5,7.75,-1.75],"uv":{"north":{"uv":[14.891,14.6463],"uv_size":[1.109,0.2109]},"south":{"uv":[15.984,14.6463],"uv_size":[-1.109,0.2109]},"east":{"uv":[15.4405,14.5011],"uv_size":[0.1845,0.0703]},"west":{"uv":[15.378,14.4297],"uv_size":[0.1845,0.0703]},"up":{"uv":[15.984,14.5726],"uv_size":[-1.109,0.0703]},"down":{"uv":[15.984,14.5726],"uv_size":[-1.109,0.0703]}}},{"origin":[3,7,1.5],"size":[9,1.5,0.5],"pivot":[3.5,7.75,-1.75],"uv":{"north":{"uv":[14.891,14.6463],"uv_size":[1.109,0.2109]},"south":{"uv":[15.984,14.6463],"uv_size":[-1.109,0.2109]},"east":{"uv":[15.4405,14.5011],"uv_size":[0.1845,0.0703]},"west":{"uv":[15.378,14.4297],"uv_size":[0.1845,0.0703]},"up":{"uv":[15.984,14.5726],"uv_size":[-1.109,0.0703]},"down":{"uv":[15.984,14.5726],"uv_size":[-1.109,0.0703]}}}],"name":"rot_16"},{"parent":"geyser_custom_z","pivot":[2.5161,7.8567,-13.2499],"rotation":[0,-0,0],"cubes":[{"origin":[2.5108,7.4942,-16.2483],"size":[1,0.7,1],"pivot":[2.5161,7.8567,-13.2499],"uv":{"north":{"uv":[11.5918,14.8203],"uv_size":[-0.123,-0.0703]},"south":{"uv":[11.6553,14.7477],"uv_size":[-0.0615,-0.1406]},"east":{"uv":[11.5948,14.6094],"uv_size":[0.0615,0.1406]},"west":{"uv":[11.4708,14.7511],"uv_size":[0.123,0.0703]},"up":{"uv":[11.4708,14.7477],"uv_size":[0.123,-0.1406]},"down":{"uv":[11.5918,14.7477],"uv_size":[-0.123,-0.1406]}}},{"origin":[2.0696,7.3692,-13.9162],"size":[3,1,1],"pivot":[2.5161,7.8567,-13.2499],"uv":{"north":{"uv":[13.627,5.864],"uv_size":[0.123,0.4217]},"south":{"uv":[13.627,5.4354],"uv_size":[0.123,0.4217]},"east":{"uv":[13.998,5.712],"uv_size":[-0.123,-0.1406]},"west":{"uv":[13.873,5.712],"uv_size":[-0.123,-0.1406]},"up":{"uv":[13.756,5.4309],"uv_size":[0.369,0.1406]},"down":{"uv":[14.119,5.4309],"uv_size":[-0.369,0.1406]}}}],"name":"rot_17"},{"parent":"geyser_custom_z","pivot":[2.5161,7.8567,13.2499],"rotation":[0,-0,0],"cubes":[{"origin":[2.5108,7.4942,15.2483],"size":[1,0.7,1],"pivot":[2.5161,7.8567,13.2499],"uv":{"north":{"uv":[11.6553,14.6094],"uv_size":[-0.0615,0.1406]},"south":{"uv":[11.4708,14.8203],"uv_size":[0.123,-0.0703]},"east":{"uv":[11.5948,14.7477],"uv_size":[0.0615,-0.1406]},"west":{"uv":[11.5918,14.7511],"uv_size":[-0.123,0.0703]},"up":{"uv":[11.4708,14.6094],"uv_size":[0.123,0.1406]},"down":{"uv":[11.5918,14.6094],"uv_size":[-0.123,0.1406]}}},{"origin":[2.0696,7.3692,12.9162],"size":[3,1,1],"pivot":[2.5161,7.8567,13.2499],"uv":{"north":{"uv":[13.627,5.8503],"uv_size":[0.123,-0.4217]},"south":{"uv":[13.627,6.2789],"uv_size":[0.123,-0.4217]},"east":{"uv":[13.998,5.5737],"uv_size":[-0.123,0.1406]},"west":{"uv":[13.873,5.5737],"uv_size":[-0.123,0.1406]},"up":{"uv":[13.756,5.5691],"uv_size":[0.369,-0.1406]},"down":{"uv":[14.119,5.5691],"uv_size":[-0.369,-0.1406]}}}],"name":"rot_18"},{"parent":"geyser_custom_z","pivot":[-2,6.5,-0.5],"rotation":[0,-0,0],"cubes":[{"origin":[-6,6,-2],"size":[14,1,4],"pivot":[-2,6.5,-0.5],"uv":{"north":{"uv":[9.391,11.8594],"uv_size":[1.734,0.1406]},"south":{"uv":[11.109,11.8594],"uv_size":[-1.734,0.1406]},"east":{"uv":[9.383,11.7166],"uv_size":[0.492,0.1406]},"west":{"uv":[9.383,11.7166],"uv_size":[0.492,0.1406]},"up":{"uv":[9.734,9.7051],"uv_size":[-1.734,-0.5623]},"down":{"uv":[9.734,9.7051],"uv_size":[-1.734,-0.5623]}}}],"name":"rot_19"},{"parent":"geyser_custom_z","pivot":[-5,7.8692,-6.5813],"rotation":[0,-0,0],"cubes":[{"origin":[-4.3074,7.2692,-8.9226],"size":[0.5,1.2,2],"pivot":[-5,7.8692,-6.5813],"uv":{"north":{"uv":[15.249,14.6474],"uv_size":[-0.0615,0.2811]},"south":{"uv":[15.249,14.6474],"uv_size":[-0.0615,0.2811]},"east":{"uv":[15.496,14.1474],"uv_size":[-0.246,0.2811]},"west":{"uv":[15.248,14.9331],"uv_size":[-0.123,0.2811]},"up":{"uv":[15.1865,14.924],"uv_size":[-0.0615,-0.2811]},"down":{"uv":[15.126,14.924],"uv_size":[0.0615,-0.2811]}}},{"origin":[-4.6581,6.8692,-6.247],"size":[3,2,3],"pivot":[-5,7.8692,-6.5813],"uv":{"north":{"uv":[14.621,15.9931],"uv_size":[-0.246,-0.4217]},"south":{"uv":[14.006,15.5669],"uv_size":[0.369,-0.2811]},"east":{"uv":[14.621,15.9931],"uv_size":[-0.246,-0.4217]},"west":{"uv":[14.369,15.5669],"uv_size":[-0.369,-0.2811]},"up":{"uv":[14.369,15.9931],"uv_size":[-0.369,-0.4217]},"down":{"uv":[14.369,15.9931],"uv_size":[-0.369,-0.4217]}}},{"origin":[-8.5078,7.3692,-6.1891],"size":[3.9,1,2],"pivot":[-5,7.8692,-6.5813],"uv":{"north":{"uv":[14.633,15.712],"uv_size":[0.492,-0.1406]},"south":{"uv":[14.633,15.712],"uv_size":[0.492,-0.1406]},"east":{"uv":[15.127,15.9954],"uv_size":[0.123,-0.2811]},"west":{"uv":[15.127,15.9954],"uv_size":[0.123,-0.2811]},"up":{"uv":[15.117,15.7189],"uv_size":[-0.492,0.2811]},"down":{"uv":[15.117,15.9954],"uv_size":[-0.492,-0.2811]}}},{"origin":[-6.5936,6.3692,-8.2034],"size":[2,3,2],"pivot":[-5,7.8692,-6.5813],"uv":{"north":{"uv":[15.371,15.7074],"uv_size":[-0.246,-0.4217]},"south":{"uv":[15.744,15.7097],"uv_size":[-0.369,-0.2811]},"east":{"uv":[15.371,15.7074],"uv_size":[-0.246,-0.4217]},"west":{"uv":[15.744,15.7097],"uv_size":[-0.369,-0.2811]},"up":{"uv":[15.754,15.4331],"uv_size":[0.246,0.2811]},"down":{"uv":[15.754,15.4331],"uv_size":[0.246,0.2811]}}},{"origin":[-7.3413,7.2692,-5.8888],"size":[2,1.2,0.5],"pivot":[-5,7.8692,-6.5813],"uv":{"north":{"uv":[9.254,14.1474],"uv_size":[0.246,0.2811]},"south":{"uv":[9.127,14.9331],"uv_size":[0.123,0.2811]},"east":{"uv":[9.1885,14.6474],"uv_size":[0.0615,0.2811]},"west":{"uv":[9.1885,14.6474],"uv_size":[0.0615,0.2811]},"up":{"uv":[9.1865,14.6474],"uv_size":[-0.0615,0.2811]},"down":{"uv":[9.126,14.6474],"uv_size":[0.0615,0.2811]}}},{"origin":[-2.6078,7.3692,-10.0891],"size":[1,1,2.9],"pivot":[-5,7.8692,-6.5813],"uv":{"north":{"uv":[15.123,15.5691],"uv_size":[-0.123,-0.1406]},"south":{"uv":[15.123,15.5691],"uv_size":[-0.123,-0.1406]},"east":{"uv":[14.994,15.5691],"uv_size":[-0.369,-0.1406]},"west":{"uv":[14.994,15.4263],"uv_size":[-0.369,-0.1406]},"up":{"uv":[14.994,15.5691],"uv_size":[-0.369,-0.1406]},"down":{"uv":[14.631,15.5691],"uv_size":[0.369,-0.1406]}}},{"origin":[-4.6078,7.3692,-10.0891],"size":[2,1,3.9],"pivot":[-5,7.8692,-6.5813],"uv":{"north":{"uv":[15.248,15.9954],"uv_size":[-0.123,-0.2811]},"south":{"uv":[15.248,15.9954],"uv_size":[-0.123,-0.2811]},"east":{"uv":[15.117,15.712],"uv_size":[-0.492,-0.1406]},"west":{"uv":[15.117,15.712],"uv_size":[-0.492,-0.1406]},"up":{"uv":[15.117,15.9954],"uv_size":[-0.492,-0.2811]},"down":{"uv":[15.117,15.7189],"uv_size":[-0.492,0.2811]}}}],"name":"rot_20"},{"parent":"geyser_custom_z","pivot":[-5,7.8692,-0.5813],"rotation":[0,-0,0],"cubes":[{"origin":[-8.5078,7.3692,-4.1891],"size":[2.9,1,1],"pivot":[-5,7.8692,-0.5813],"uv":{"north":{"uv":[14.631,15.5691],"uv_size":[0.369,-0.1406]},"south":{"uv":[14.631,15.4263],"uv_size":[0.369,-0.1406]},"east":{"uv":[15.002,15.5691],"uv_size":[0.123,-0.1406]},"west":{"uv":[15.002,15.5691],"uv_size":[0.123,-0.1406]},"up":{"uv":[14.994,15.4309],"uv_size":[-0.369,0.1406]},"down":{"uv":[14.631,15.4309],"uv_size":[0.369,0.1406]}}}],"name":"rot_21"},{"parent":"geyser_custom_z","pivot":[-5,7.8692,0.5813],"rotation":[0,-0,0],"cubes":[{"origin":[-8.5078,7.3692,3.1891],"size":[2.9,1,1],"pivot":[-5,7.8692,0.5813],"uv":{"north":{"uv":[14.994,15.4263],"uv_size":[-0.369,-0.1406]},"south":{"uv":[14.994,15.5691],"uv_size":[-0.369,-0.1406]},"east":{"uv":[15.002,15.4309],"uv_size":[0.123,0.1406]},"west":{"uv":[15.002,15.4309],"uv_size":[0.123,0.1406]},"up":{"uv":[14.994,15.5691],"uv_size":[-0.369,-0.1406]},"down":{"uv":[14.631,15.5691],"uv_size":[0.369,-0.1406]}}}],"name":"rot_22"},{"parent":"geyser_custom_z","pivot":[-5,7.8692,6.5813],"rotation":[0,-0,0],"cubes":[{"origin":[-4.3074,7.2692,6.9226],"size":[0.5,1.2,2],"pivot":[-5,7.8692,6.5813],"uv":{"north":{"uv":[15.1885,14.6474],"uv_size":[0.0615,0.2811]},"south":{"uv":[15.1885,14.6474],"uv_size":[0.0615,0.2811]},"east":{"uv":[15.496,14.424],"uv_size":[-0.246,-0.2811]},"west":{"uv":[15.248,15.2097],"uv_size":[-0.123,-0.2811]},"up":{"uv":[15.1865,14.6474],"uv_size":[-0.0615,0.2811]},"down":{"uv":[15.126,14.6474],"uv_size":[0.0615,0.2811]}}},{"origin":[-4.6581,6.8692,3.247],"size":[3,2,3],"pivot":[-5,7.8692,6.5813],"uv":{"north":{"uv":[14.369,15.5669],"uv_size":[-0.369,-0.2811]},"south":{"uv":[14.621,15.5783],"uv_size":[-0.246,0.4217]},"east":{"uv":[14.621,15.5783],"uv_size":[-0.246,0.4217]},"west":{"uv":[14.006,15.5669],"uv_size":[0.369,-0.2811]},"up":{"uv":[14.006,15.9931],"uv_size":[0.369,-0.4217]},"down":{"uv":[14.369,15.5783],"uv_size":[-0.369,0.4217]}}},{"origin":[-8.5078,7.3692,4.1891],"size":[3.9,1,2],"pivot":[-5,7.8692,6.5813],"uv":{"north":{"uv":[15.117,15.712],"uv_size":[-0.492,-0.1406]},"south":{"uv":[15.117,15.712],"uv_size":[-0.492,-0.1406]},"east":{"uv":[15.127,15.7189],"uv_size":[0.123,0.2811]},"west":{"uv":[15.127,15.7189],"uv_size":[0.123,0.2811]},"up":{"uv":[15.117,15.9954],"uv_size":[-0.492,-0.2811]},"down":{"uv":[15.117,15.7189],"uv_size":[-0.492,0.2811]}}},{"origin":[-6.5936,6.3692,6.2034],"size":[2,3,2],"pivot":[-5,7.8692,6.5813],"uv":{"north":{"uv":[15.744,15.4331],"uv_size":[-0.369,0.2811]},"south":{"uv":[15.129,15.7074],"uv_size":[0.246,-0.4217]},"east":{"uv":[15.129,15.7074],"uv_size":[0.246,-0.4217]},"west":{"uv":[15.744,15.4331],"uv_size":[-0.369,0.2811]},"up":{"uv":[15.754,15.7097],"uv_size":[0.246,-0.2811]},"down":{"uv":[15.996,15.4331],"uv_size":[-0.246,0.2811]}}},{"origin":[-7.3413,7.2692,5.3888],"size":[2,1.2,0.5],"pivot":[-5,7.8692,6.5813],"uv":{"north":{"uv":[9.127,15.2097],"uv_size":[0.123,-0.2811]},"south":{"uv":[9.254,14.424],"uv_size":[0.246,-0.2811]},"east":{"uv":[9.249,14.6474],"uv_size":[-0.0615,0.2811]},"west":{"uv":[9.249,14.6474],"uv_size":[-0.0615,0.2811]},"up":{"uv":[9.126,14.6474],"uv_size":[0.0615,0.2811]},"down":{"uv":[9.1865,14.6474],"uv_size":[-0.0615,0.2811]}}},{"origin":[-2.6078,7.3692,7.1891],"size":[1,1,2.9],"pivot":[-5,7.8692,6.5813],"uv":{"north":{"uv":[15.123,15.4309],"uv_size":[-0.123,0.1406]},"south":{"uv":[15.123,15.4309],"uv_size":[-0.123,0.1406]},"east":{"uv":[14.631,15.5691],"uv_size":[0.369,-0.1406]},"west":{"uv":[14.631,15.4263],"uv_size":[0.369,-0.1406]},"up":{"uv":[14.631,15.5691],"uv_size":[0.369,-0.1406]},"down":{"uv":[14.994,15.5691],"uv_size":[-0.369,-0.1406]}}},{"origin":[-4.6078,7.3692,6.1891],"size":[2,1,3.9],"pivot":[-5,7.8692,6.5813],"uv":{"north":{"uv":[15.248,15.7189],"uv_size":[-0.123,0.2811]},"south":{"uv":[15.248,15.7189],"uv_size":[-0.123,0.2811]},"east":{"uv":[14.633,15.712],"uv_size":[0.492,-0.1406]},"west":{"uv":[14.633,15.712],"uv_size":[0.492,-0.1406]},"up":{"uv":[14.633,15.9954],"uv_size":[0.492,-0.2811]},"down":{"uv":[14.633,15.7189],"uv_size":[0.492,0.2811]}}}],"name":"rot_23"},{"parent":"geyser_custom_z","pivot":[-8,0,-8],"rotation":[0,-0,0],"cubes":[{"origin":[-1,4.7,-0.7],"size":[1.5,1.4,1.4],"pivot":[-8,0,-8],"uv":{"north":{"uv":[9.128,14.6394],"uv_size":[0.1845,-0.2109]},"south":{"uv":[9.128,14.6394],"uv_size":[0.1845,-0.2109]},"east":{"uv":[8.753,15.068],"uv_size":[0.1845,-0.2109]},"west":{"uv":[9.372,13.932],"uv_size":[-0.1845,0.2109]},"up":{"uv":[8.9405,15.068],"uv_size":[0.1845,-0.2109]},"down":{"uv":[8.9405,15.068],"uv_size":[0.1845,-0.2109]}}},{"origin":[-4,4.7,-0.7],"size":[1.5,1.4,1.4],"pivot":[-8,0,-8],"uv":{"north":{"uv":[9.128,14.6394],"uv_size":[0.1845,-0.2109]},"south":{"uv":[9.128,14.6394],"uv_size":[0.1845,-0.2109]},"east":{"uv":[8.753,15.068],"uv_size":[0.1845,-0.2109]},"west":{"uv":[9.372,13.932],"uv_size":[-0.1845,0.2109]},"up":{"uv":[8.9405,15.068],"uv_size":[0.1845,-0.2109]},"down":{"uv":[8.9405,15.068],"uv_size":[0.1845,-0.2109]}}}],"name":"rot_24"},{"parent":"geyser_custom_z","pivot":[-8.3,9.7221,1.7983],"rotation":[0,-0,0],"cubes":[{"origin":[2.4983,4,0.5983],"size":[5.5,2,0.5],"pivot":[-8.3,9.7221,1.7983],"uv":{"north":{"uv":[14.1915,1.2983],"uv_size":[0.246,0.7731]},"south":{"uv":[14.1915,2.0589],"uv_size":[0.246,-0.7731]},"east":{"uv":[14.0635,1.326],"uv_size":[0.0615,0.2811]},"west":{"uv":[14.0635,1.326],"uv_size":[0.0615,0.2811]},"up":{"uv":[14.1865,2.0589],"uv_size":[-0.0615,-0.7731]},"down":{"uv":[14.1865,2.0589],"uv_size":[-0.0615,-0.7731]}}},{"origin":[2.4983,4,-1.4017],"size":[5.5,2,0.5],"pivot":[-8.3,9.7221,1.7983],"uv":{"north":{"uv":[14.1915,1.2983],"uv_size":[0.246,0.7731]},"south":{"uv":[14.1915,2.0589],"uv_size":[0.246,-0.7731]},"east":{"uv":[14.0635,1.326],"uv_size":[0.0615,0.2811]},"west":{"uv":[14.0635,1.326],"uv_size":[0.0615,0.2811]},"up":{"uv":[14.1865,2.0589],"uv_size":[-0.0615,-0.7731]},"down":{"uv":[14.1865,2.0589],"uv_size":[-0.0615,-0.7731]}}}],"name":"rot_25"},{"parent":"geyser_custom_z","pivot":[-8.4,7.8692,0],"rotation":[0,-0,0],"cubes":[{"origin":[-10.0692,6.8692,-2],"size":[5,2,4],"pivot":[-8.4,7.8692,0],"uv":{"north":{"uv":[8.746,14.4171],"uv_size":[-0.246,-0.7029]},"south":{"uv":[8.746,14.4171],"uv_size":[-0.246,-0.7029]},"east":{"uv":[8.492,14.7097],"uv_size":[-0.492,-0.2811]},"west":{"uv":[8.492,14.7189],"uv_size":[-0.492,0.2811]},"up":{"uv":[6.758,14.5114],"uv_size":[0.492,0.7029]},"down":{"uv":[6.758,14.5114],"uv_size":[0.492,0.7029]}}},{"origin":[-9.0692,7.3692,-7],"size":[1,1,5],"pivot":[-8.4,7.8692,0],"uv":{"north":{"uv":[9.373,13.8549],"uv_size":[-0.123,-0.1406]},"south":{"uv":[9.373,13.8549],"uv_size":[-0.123,-0.1406]},"east":{"uv":[9.385,13.7166],"uv_size":[0.615,0.1406]},"west":{"uv":[9.385,13.8594],"uv_size":[0.615,0.1406]},"up":{"uv":[9.385,14.0023],"uv_size":[0.615,0.1406]},"down":{"uv":[9.99,14.0023],"uv_size":[-0.615,0.1406]}}},{"origin":[-8.0692,6.8692,-3.4],"size":[1.6,2,1.4],"pivot":[-8.4,7.8692,0],"uv":{"north":{"uv":[9.0273,13.9251],"uv_size":[-0.246,-0.2109]},"south":{"uv":[9.0273,13.9251],"uv_size":[-0.246,-0.2109]},"east":{"uv":[8.9718,14.1474],"uv_size":[0.1845,0.2811]},"west":{"uv":[8.7843,14.1474],"uv_size":[0.1845,0.2811]},"up":{"uv":[8.9658,13.932],"uv_size":[-0.1845,0.2109]},"down":{"uv":[8.7843,13.932],"uv_size":[0.1845,0.2109]}}},{"origin":[-8.0692,6.8692,2],"size":[1.6,2,1.4],"pivot":[-8.4,7.8692,0],"uv":{"north":{"uv":[8.7853,13.9251],"uv_size":[0.246,-0.2109]},"south":{"uv":[8.7853,13.9251],"uv_size":[0.246,-0.2109]},"east":{"uv":[9.1533,14.1474],"uv_size":[-0.1845,0.2811]},"west":{"uv":[8.9658,14.1474],"uv_size":[-0.1845,0.2811]},"up":{"uv":[8.7843,13.932],"uv_size":[0.1845,0.2109]},"down":{"uv":[8.9658,13.932],"uv_size":[-0.1845,0.2109]}}},{"origin":[-6.0692,8.9692,0.5],"size":[2.5,0,1],"pivot":[-8.4,7.8692,0],"uv":{"north":{"uv":[8,14.0657],"uv_size":[0,-0.3514]},"south":{"uv":[8,14.0657],"uv_size":[0,-0.3514]},"east":{"uv":[8.123,13.7143],"uv_size":[-0.123,0]},"west":{"uv":[8.123,13.7143],"uv_size":[-0.123,0]},"up":{"uv":[8.377,15.47],"uv_size":[0.123,0.3514]},"down":{"uv":[8.498,15.47],"uv_size":[-0.123,0.3514]}}},{"origin":[-6.0692,8.9692,-1.5],"size":[2.5,0,1],"pivot":[-8.4,7.8692,0],"uv":{"north":{"uv":[8,14.0657],"uv_size":[0,-0.3514]},"south":{"uv":[8,14.0657],"uv_size":[0,-0.3514]},"east":{"uv":[8.002,13.7143],"uv_size":[0.123,0]},"west":{"uv":[8.002,13.7143],"uv_size":[0.123,0]},"up":{"uv":[8.498,15.47],"uv_size":[-0.123,0.3514]},"down":{"uv":[8.377,15.47],"uv_size":[0.123,0.3514]}}},{"origin":[-8.7692,7.0692,-7],"size":[1,0,3],"pivot":[-8.4,7.8692,0],"uv":{"north":{"uv":[8.248,13.7143],"uv_size":[-0.123,0]},"south":{"uv":[8.248,13.7143],"uv_size":[-0.123,0]},"east":{"uv":[8.006,13.7143],"uv_size":[0.369,0]},"west":{"uv":[8.006,13.7143],"uv_size":[0.369,0]},"up":{"uv":[8.506,15.9977],"uv_size":[0.369,-0.1406]},"down":{"uv":[8.506,15.8594],"uv_size":[0.369,0.1406]}}},{"origin":[-7.7692,7.0692,-7],"size":[0,1.6,3],"pivot":[-8.4,7.8692,0],"uv":{"north":{"uv":[8.1968,13.7143],"uv_size":[-0.1968,0]},"south":{"uv":[8.1968,13.7143],"uv_size":[-0.1968,0]},"east":{"uv":[9.631,14.1963],"uv_size":[0.369,0.2109]},"west":{"uv":[9.631,14.1963],"uv_size":[0.369,0.2109]},"up":{"uv":[8.006,13.7143],"uv_size":[0.369,0]},"down":{"uv":[8.006,13.7143],"uv_size":[0.369,0]}}},{"origin":[-9.0692,7.3692,2],"size":[1,1,5],"pivot":[-8.4,7.8692,0],"uv":{"north":{"uv":[9.252,13.8549],"uv_size":[0.123,-0.1406]},"south":{"uv":[9.252,13.8549],"uv_size":[0.123,-0.1406]},"east":{"uv":[9.99,13.7166],"uv_size":[-0.615,0.1406]},"west":{"uv":[9.99,13.8594],"uv_size":[-0.615,0.1406]},"up":{"uv":[9.99,14.0023],"uv_size":[-0.615,0.1406]},"down":{"uv":[9.385,14.0023],"uv_size":[0.615,0.1406]}}},{"origin":[-8.3192,6.9692,-5.15],"size":[3,0,2.5],"pivot":[-8.4,7.8692,0],"uv":{"north":{"uv":[8.246,13.7143],"uv_size":[-0.246,0]},"south":{"uv":[8.246,13.7143],"uv_size":[-0.246,0]},"east":{"uv":[8,13.7189],"uv_size":[0,0.2811]},"west":{"uv":[8,13.7189],"uv_size":[0,0.2811]},"up":{"uv":[8.506,15.47],"uv_size":[0.369,0.3514]},"down":{"uv":[8.869,15.47],"uv_size":[-0.369,0.3514]}}},{"origin":[-8.7692,8.6692,-7],"size":[1,0,3],"pivot":[-8.4,7.8692,0],"uv":{"north":{"uv":[8.248,13.7143],"uv_size":[-0.123,0]},"south":{"uv":[8.248,13.7143],"uv_size":[-0.123,0]},"east":{"uv":[8.006,13.7143],"uv_size":[0.369,0]},"west":{"uv":[8.006,13.7143],"uv_size":[0.369,0]},"up":{"uv":[8.869,15.8594],"uv_size":[-0.369,0.1406]},"down":{"uv":[8.869,15.9977],"uv_size":[-0.369,-0.1406]}}},{"origin":[-8.3192,8.7692,-5.15],"size":[3,0,2.5],"pivot":[-8.4,7.8692,0],"uv":{"north":{"uv":[8.246,13.7143],"uv_size":[-0.246,0]},"south":{"uv":[8.246,13.7143],"uv_size":[-0.246,0]},"east":{"uv":[8,13.7189],"uv_size":[0,0.2811]},"west":{"uv":[8,13.7189],"uv_size":[0,0.2811]},"up":{"uv":[8.869,15.8157],"uv_size":[-0.369,-0.3514]},"down":{"uv":[8.506,15.8157],"uv_size":[0.369,-0.3514]}}},{"origin":[-8.3192,8.7692,2.65],"size":[3,0,2.5],"pivot":[-8.4,7.8692,0],"uv":{"north":{"uv":[8.246,13.7143],"uv_size":[-0.246,0]},"south":{"uv":[8.246,13.7143],"uv_size":[-0.246,0]},"east":{"uv":[8,13.9954],"uv_size":[0,-0.2811]},"west":{"uv":[8,13.9954],"uv_size":[0,-0.2811]},"up":{"uv":[8.869,15.47],"uv_size":[-0.369,0.3514]},"down":{"uv":[8.506,15.47],"uv_size":[0.369,0.3514]}}},{"origin":[-8.3192,6.9692,2.65],"size":[3,0,2.5],"pivot":[-8.4,7.8692,0],"uv":{"north":{"uv":[8.246,13.7143],"uv_size":[-0.246,0]},"south":{"uv":[8.246,13.7143],"uv_size":[-0.246,0]},"east":{"uv":[8,13.9954],"uv_size":[0,-0.2811]},"west":{"uv":[8,13.9954],"uv_size":[0,-0.2811]},"up":{"uv":[8.506,15.8157],"uv_size":[0.369,-0.3514]},"down":{"uv":[8.869,15.8157],"uv_size":[-0.369,-0.3514]}}},{"origin":[-7.7692,7.0692,4],"size":[0,1.6,3],"pivot":[-8.4,7.8692,0],"uv":{"north":{"uv":[8.0032,13.7143],"uv_size":[0.1968,0]},"south":{"uv":[8.0032,13.7143],"uv_size":[0.1968,0]},"east":{"uv":[9.994,14.1963],"uv_size":[-0.369,0.2109]},"west":{"uv":[9.994,14.1963],"uv_size":[-0.369,0.2109]},"up":{"uv":[8.369,13.7143],"uv_size":[-0.369,0]},"down":{"uv":[8.369,13.7143],"uv_size":[-0.369,0]}}},{"origin":[-8.7692,7.0692,4],"size":[1,0,3],"pivot":[-8.4,7.8692,0],"uv":{"north":{"uv":[8.248,13.7143],"uv_size":[-0.123,0]},"south":{"uv":[8.248,13.7143],"uv_size":[-0.123,0]},"east":{"uv":[8.369,13.7143],"uv_size":[-0.369,0]},"west":{"uv":[8.369,13.7143],"uv_size":[-0.369,0]},"up":{"uv":[8.869,15.9977],"uv_size":[-0.369,-0.1406]},"down":{"uv":[8.869,15.8594],"uv_size":[-0.369,0.1406]}}},{"origin":[-12.5692,7.3692,-2],"size":[4,0,1.5],"pivot":[-8.4,7.8692,0],"uv":{"north":{"uv":[10.117,13.7143],"uv_size":[-0.492,0]},"south":{"uv":[10.117,13.8571],"uv_size":[-0.492,0]},"east":{"uv":[9.75,15.0046],"uv_size":[0,0.2811]},"west":{"uv":[9.75,15.0046],"uv_size":[0,0.2811]},"up":{"uv":[9.617,15.7534],"uv_size":[-0.492,0.2109]},"down":{"uv":[9.133,15.7534],"uv_size":[0.492,0.2109]}}},{"origin":[-8.7692,8.6692,4],"size":[1,0,3],"pivot":[-8.4,7.8692,0],"uv":{"north":{"uv":[8.248,13.7143],"uv_size":[-0.123,0]},"south":{"uv":[8.248,13.7143],"uv_size":[-0.123,0]},"east":{"uv":[8.369,13.7143],"uv_size":[-0.369,0]},"west":{"uv":[8.369,13.7143],"uv_size":[-0.369,0]},"up":{"uv":[8.506,15.8594],"uv_size":[0.369,0.1406]},"down":{"uv":[8.506,15.9977],"uv_size":[0.369,-0.1406]}}},{"origin":[-12.5692,7.3692,0.5],"size":[4,0,1.5],"pivot":[-8.4,7.8692,0],"uv":{"north":{"uv":[10.117,13.8571],"uv_size":[-0.492,0]},"south":{"uv":[10.117,13.7143],"uv_size":[-0.492,0]},"east":{"uv":[9.75,15.2811],"uv_size":[0,-0.2811]},"west":{"uv":[9.75,15.2811],"uv_size":[0,-0.2811]},"up":{"uv":[9.617,15.9609],"uv_size":[-0.492,-0.2109]},"down":{"uv":[9.133,15.9609],"uv_size":[0.492,-0.2109]}}}],"name":"rot_26"},{"parent":"geyser_custom_z","pivot":[14.5,4.6084,0],"rotation":[0,-22.5,0],"cubes":[{"origin":[12.41,4.3334,1.1338],"size":[2,0.5,1],"pivot":[14.5,4.6084,0],"uv":{"north":{"uv":[10.9365,14.1383],"uv_size":[-0.0615,-0.2811]},"south":{"uv":[10.9365,14.1383],"uv_size":[-0.0615,-0.2811]},"east":{"uv":[10.748,14.0703],"uv_size":[-0.123,-0.0703]},"west":{"uv":[10.748,14.0703],"uv_size":[-0.123,-0.0703]},"up":{"uv":[10.873,13.8617],"uv_size":[-0.123,0.2811]},"down":{"uv":[10.752,13.8617],"uv_size":[0.123,0.2811]}}},{"origin":[15.3525,4.6334,0.164],"size":[3,0,2.5],"pivot":[14.5,4.6084,0],"uv":{"north":{"uv":[10,14.136],"uv_size":[0,-0.4217]},"south":{"uv":[10,14.136],"uv_size":[0,-0.4217]},"east":{"uv":[10,14.136],"uv_size":[0,-0.4217]},"west":{"uv":[10,14.136],"uv_size":[0,-0.4217]},"up":{"uv":[11.4637,14.614],"uv_size":[-0.3075,0.4217]},"down":{"uv":[11.1613,14.614],"uv_size":[0.3075,0.4217]}}},{"origin":[14.41,4.3334,0.1338],"size":[1,0.5,2],"pivot":[14.5,4.6084,0],"uv":{"north":{"uv":[11.4385,13.8549],"uv_size":[0.0615,-0.1406]},"south":{"uv":[11.1543,14.0011],"uv_size":[-0.123,0.0703]},"east":{"uv":[11.2178,13.7189],"uv_size":[-0.0615,0.2811]},"west":{"uv":[11.3428,13.7189],"uv_size":[-0.0615,0.2811]},"up":{"uv":[11.1543,13.9954],"uv_size":[-0.123,-0.2811]},"down":{"uv":[11.0333,13.9954],"uv_size":[0.123,-0.2811]}}},{"origin":[13.1291,4.2334,-2.679],"size":[1,0.7,1],"pivot":[14.5,4.6084,0],"uv":{"north":{"uv":[11.5918,14.8203],"uv_size":[-0.123,-0.0703]},"south":{"uv":[11.6553,14.7477],"uv_size":[-0.0615,-0.1406]},"east":{"uv":[11.6553,14.7477],"uv_size":[-0.0615,-0.1406]},"west":{"uv":[11.5918,14.8203],"uv_size":[-0.123,-0.0703]},"up":{"uv":[11.5918,14.6094],"uv_size":[-0.123,0.1406]},"down":{"uv":[11.4708,14.6094],"uv_size":[0.123,0.1406]}}}],"name":"rot_27"},{"parent":"geyser_custom_z","pivot":[7,10.5241,1.8451],"rotation":[0,-22.5,0],"cubes":[{"origin":[7.8451,3,0.8451],"size":[13,10,0],"pivot":[7,10.5241,1.8451],"uv":{"north":{"uv":[13.609,6.3017],"uv_size":[-1.609,1.4126]},"south":{"uv":[12.016,6.3017],"uv_size":[1.609,1.4126]},"east":{"uv":[12,4.5874],"uv_size":[0,2.8411]},"west":{"uv":[12,4.5874],"uv_size":[0,2.8411]},"up":{"uv":[12,4.5874],"uv_size":[0,4.5554]},"down":{"uv":[12,4.5874],"uv_size":[0,4.5554]}}}],"name":"rot_28"},{"parent":"geyser_custom_z","pivot":[2.5161,7.8567,-13.2499],"rotation":[0,-22.5,0],"cubes":[{"origin":[2.9188,6.5692,-13.6776],"size":[3,2.5,3],"pivot":[2.5161,7.8567,-13.2499],"uv":{"north":{"uv":[8.3075,0.0069],"uv_size":[-0.3075,0.4217]},"south":{"uv":[8.62,0.4217],"uv_size":[-0.3075,-0.4217]},"east":{"uv":[8.3075,0.4217],"uv_size":[-0.3075,-0.4217]},"west":{"uv":[8.3175,0.0069],"uv_size":[0.3075,0.4217]},"up":{"uv":[8.369,0.4354],"uv_size":[-0.369,0.4217]},"down":{"uv":[8.006,0.4354],"uv_size":[0.369,0.4217]}}},{"origin":[0.6788,7.3692,-12.7371],"size":[1.5,1,1.5],"pivot":[2.5161,7.8567,-13.2499],"uv":{"north":{"uv":[13.998,5.9966],"uv_size":[-0.123,-0.2109]},"south":{"uv":[13.873,6.1394],"uv_size":[-0.123,-0.2109]},"east":{"uv":[13.752,5.7177],"uv_size":[0.123,0.2109]},"west":{"uv":[13.752,5.7177],"uv_size":[0.123,0.2109]},"up":{"uv":[14.0595,5.7823],"uv_size":[-0.1845,-0.2109]},"down":{"uv":[14.0595,5.5749],"uv_size":[-0.1845,0.2109]}}}],"name":"rot_29"},{"parent":"geyser_custom_z","pivot":[2.5161,7.8567,13.2499],"rotation":[0,-22.5,0],"cubes":[{"origin":[-3.5,7.0692,10.1308],"size":[6,1.5,2],"pivot":[2.5161,7.8567,13.2499],"uv":{"north":{"uv":[14.512,14.8606],"uv_size":[0.738,0.2109]},"south":{"uv":[14.512,14.8606],"uv_size":[0.738,0.2109]},"east":{"uv":[15.8155,15.1474],"uv_size":[0.1845,0.2811]},"west":{"uv":[15.997,15.1474],"uv_size":[-0.1845,0.2811]},"up":{"uv":[15.988,15.1383],"uv_size":[-0.738,-0.2811]},"down":{"uv":[15.988,15.1383],"uv_size":[-0.738,-0.2811]}}},{"origin":[0.9,6.8692,12.1308],"size":[3,2,2],"pivot":[2.5161,7.8567,13.2499],"uv":{"north":{"uv":[10.629,13.4217],"uv_size":[0.246,-0.4217]},"south":{"uv":[10.629,12.9931],"uv_size":[0.246,-0.4217]},"east":{"uv":[11.121,13.4331],"uv_size":[-0.246,0.2811]},"west":{"uv":[10.871,13.4331],"uv_size":[-0.246,0.2811]},"up":{"uv":[10.871,12.1497],"uv_size":[-0.246,0.4217]},"down":{"uv":[10.871,12.5646],"uv_size":[-0.246,-0.4217]}}}],"name":"rot_30"},{"parent":"geyser_custom_z","pivot":[-8.4,7.8692,0],"rotation":[0,-22.5,0],"cubes":[{"origin":[-11.7264,7.4692,-7.1644],"size":[1,0.8,1],"pivot":[-8.4,7.8692,0],"uv":{"north":{"uv":[9.873,14.8549],"uv_size":[-0.123,-0.1406]},"south":{"uv":[9.873,14.8549],"uv_size":[-0.123,-0.1406]},"east":{"uv":[9.627,14.5737],"uv_size":[0.123,0.1406]},"west":{"uv":[9.627,14.7166],"uv_size":[0.123,0.1406]},"up":{"uv":[9.998,14.7166],"uv_size":[-0.123,0.1406]},"down":{"uv":[9.877,14.7166],"uv_size":[0.123,0.1406]}}},{"origin":[-9.1712,6.9692,0.8089],"size":[3,1.8,1.8],"pivot":[-8.4,7.8692,0],"uv":{"north":{"uv":[9.627,13.8549],"uv_size":[0.123,-0.1406]},"south":{"uv":[8.631,15.4597],"uv_size":[0.369,-0.2811]},"east":{"uv":[8.746,14.7189],"uv_size":[-0.246,0.2811]},"west":{"uv":[8.746,14.7189],"uv_size":[-0.246,0.2811]},"up":{"uv":[8.506,14.4331],"uv_size":[0.369,0.2811]},"down":{"uv":[8.869,14.4331],"uv_size":[-0.369,0.2811]}}}],"name":"rot_31"},{"parent":"geyser_custom_z","pivot":[14.5,4.6084,0],"rotation":[0,0,22.5],"cubes":[{"origin":[15.3525,1.9444,-0.025],"size":[3,2.5,0],"pivot":[14.5,4.6084,0],"uv":{"north":{"uv":[11.4637,15.0289],"uv_size":[-0.3075,-0.4217]},"south":{"uv":[11.1613,15.0289],"uv_size":[0.3075,-0.4217]},"east":{"uv":[10,13.7211],"uv_size":[0,0.4217]},"west":{"uv":[10,13.7211],"uv_size":[0,0.4217]},"up":{"uv":[10,13.7211],"uv_size":[0,0.4217]},"down":{"uv":[10,13.7211],"uv_size":[0,0.4217]}}},{"origin":[14.41,2.4746,-0.225],"size":[1,2,0.5],"pivot":[14.5,4.6084,0],"uv":{"north":{"uv":[11.0333,13.9954],"uv_size":[0.123,-0.2811]},"south":{"uv":[11.1543,13.9954],"uv_size":[-0.123,-0.2811]},"east":{"uv":[11.2178,13.9954],"uv_size":[-0.0615,-0.2811]},"west":{"uv":[11.3428,13.9954],"uv_size":[-0.0615,-0.2811]},"up":{"uv":[11.4385,13.7166],"uv_size":[0.0615,0.1406]},"down":{"uv":[11.0333,14.0011],"uv_size":[0.123,0.0703]}}},{"origin":[12.41,2.4746,-0.225],"size":[2,1,0.5],"pivot":[14.5,4.6084,0],"uv":{"north":{"uv":[10.873,14.1383],"uv_size":[-0.123,-0.2811]},"south":{"uv":[10.752,14.1383],"uv_size":[0.123,-0.2811]},"east":{"uv":[10.627,14.0703],"uv_size":[0.123,-0.0703]},"west":{"uv":[10.627,14.0703],"uv_size":[0.123,-0.0703]},"up":{"uv":[10.9365,13.8617],"uv_size":[-0.0615,0.2811]},"down":{"uv":[10.9365,13.8617],"uv_size":[-0.0615,0.2811]}}},{"origin":[13.1291,6.2874,-0.325],"size":[1,1,0.7],"pivot":[14.5,4.6084,0],"uv":{"north":{"uv":[11.4708,14.6094],"uv_size":[0.123,0.1406]},"south":{"uv":[11.5918,14.6094],"uv_size":[-0.123,0.1406]},"east":{"uv":[11.6553,14.6094],"uv_size":[-0.0615,0.1406]},"west":{"uv":[11.4708,14.8203],"uv_size":[0.123,-0.0703]},"up":{"uv":[11.4708,14.8203],"uv_size":[0.123,-0.0703]},"down":{"uv":[11.6553,14.6094],"uv_size":[-0.0615,0.1406]}}}],"name":"rot_32"},{"parent":"geyser_custom_z","pivot":[9.1783,2.8185,0.6],"rotation":[0,0,22.5],"cubes":[{"origin":[8.4488,0.0598,-1.4],"size":[3,3,2.8],"pivot":[9.1783,2.8185,0.6],"uv":{"north":{"uv":[11.494,12.5783],"uv_size":[-0.369,0.4217]},"south":{"uv":[11.131,12.5783],"uv_size":[0.369,0.4217]},"east":{"uv":[11.631,11.7211],"uv_size":[0.369,0.4217]},"west":{"uv":[11.631,11.7211],"uv_size":[0.369,0.4217]},"up":{"uv":[11.869,12.5646],"uv_size":[-0.369,-0.4217]},"down":{"uv":[11.869,12.5646],"uv_size":[-0.369,-0.4217]}}}],"name":"rot_33"},{"parent":"geyser_custom_z","pivot":[2.5161,7.8567,13.2499],"rotation":[0,-45,0],"cubes":[{"origin":[1.6176,7.5942,13.644],"size":[2,0.5,1],"pivot":[2.5161,7.8567,13.2499],"uv":{"north":{"uv":[10.876,13.8617],"uv_size":[0.0615,0.2811]},"south":{"uv":[10.876,13.8617],"uv_size":[0.0615,0.2811]},"east":{"uv":[10.627,14.0011],"uv_size":[0.123,0.0703]},"west":{"uv":[10.627,14.0011],"uv_size":[0.123,0.0703]},"up":{"uv":[10.752,14.1383],"uv_size":[0.123,-0.2811]},"down":{"uv":[10.873,14.1383],"uv_size":[-0.123,-0.2811]}}},{"origin":[3.6176,7.5942,12.644],"size":[1,0.5,2],"pivot":[2.5161,7.8567,13.2499],"uv":{"north":{"uv":[15.499,13.7166],"uv_size":[-0.0615,0.1406]},"south":{"uv":[15.0333,14.0703],"uv_size":[0.123,-0.0703]},"east":{"uv":[15.1573,13.9954],"uv_size":[0.0615,-0.2811]},"west":{"uv":[15.2823,13.9954],"uv_size":[0.0615,-0.2811]},"up":{"uv":[15.0333,13.7189],"uv_size":[0.123,0.2811]},"down":{"uv":[15.1543,13.7189],"uv_size":[-0.123,0.2811]}}},{"origin":[4.5601,7.8942,12.6742],"size":[3,0,2.5],"pivot":[2.5161,7.8567,13.2499],"uv":{"north":{"uv":[10,13.7211],"uv_size":[0,0.4217]},"south":{"uv":[10,13.7211],"uv_size":[0,0.4217]},"east":{"uv":[10,13.7211],"uv_size":[0,0.4217]},"west":{"uv":[10,13.7211],"uv_size":[0,0.4217]},"up":{"uv":[11.1613,15.0289],"uv_size":[0.3075,-0.4217]},"down":{"uv":[11.4637,15.0289],"uv_size":[-0.3075,-0.4217]}}}],"name":"rot_34"},{"parent":"geyser_custom_z","pivot":[-5,7.8692,6.5813],"rotation":[0,-45,0],"cubes":[{"origin":[-8,6.8692,7.4309],"size":[6,2,2],"pivot":[-5,7.8692,6.5813],"uv":{"north":{"uv":[15.262,14.2811],"uv_size":[0.738,-0.2811]},"south":{"uv":[15.262,13.9954],"uv_size":[0.738,-0.2811]},"east":{"uv":[14.621,15.2546],"uv_size":[-0.246,0.2811]},"west":{"uv":[14.621,15.2546],"uv_size":[-0.246,0.2811]},"up":{"uv":[15.262,15.9954],"uv_size":[0.738,-0.2811]},"down":{"uv":[15.262,15.9954],"uv_size":[0.738,-0.2811]}}},{"origin":[-3,6.3692,8.4309],"size":[0.5,3,1.5],"pivot":[-5,7.8692,6.5813],"uv":{"north":{"uv":[15.994,14.5011],"uv_size":[-0.369,0.0703]},"south":{"uv":[15.994,14.5011],"uv_size":[-0.369,0.0703]},"east":{"uv":[15.994,14.2891],"uv_size":[-0.369,0.2109]},"west":{"uv":[15.994,14.2891],"uv_size":[-0.369,0.2109]},"up":{"uv":[15.5635,14.4966],"uv_size":[0.0615,-0.2109]},"down":{"uv":[15.5635,14.4966],"uv_size":[0.0615,-0.2109]}}}],"name":"rot_35"},{"parent":"geyser_custom_z","pivot":[-8.4,7.8692,0],"rotation":[0,-45,0],"cubes":[{"origin":[-8.2267,6.8692,-4.2657],"size":[2,2,0.5],"pivot":[-8.4,7.8692,0],"uv":{"north":{"uv":[9.371,15.5669],"uv_size":[-0.246,-0.2811]},"south":{"uv":[9.371,15.5669],"uv_size":[-0.246,-0.2811]},"east":{"uv":[9.129,15.2154],"uv_size":[0.246,0.0703]},"west":{"uv":[9.129,15.2154],"uv_size":[0.246,0.0703]},"up":{"uv":[9.0635,15.2903],"uv_size":[0.0615,0.2811]},"down":{"uv":[9.0635,15.2903],"uv_size":[0.0615,0.2811]}}},{"origin":[-9.4196,6.9692,-3.7804],"size":[1.9,1.8,2.9],"pivot":[-8.4,7.8692,0],"uv":{"north":{"uv":[9.754,15.7097],"uv_size":[0.246,-0.2811]},"south":{"uv":[9.754,15.7097],"uv_size":[0.246,-0.2811]},"east":{"uv":[9.994,15.1474],"uv_size":[-0.369,0.2811]},"west":{"uv":[9.994,15.1474],"uv_size":[-0.369,0.2811]},"up":{"uv":[9.6308,15.7186],"uv_size":[0.3567,0.2671]},"down":{"uv":[9.9817,15.7186],"uv_size":[-0.3567,0.2671]}}},{"origin":[-5.777,7.2692,0.5338],"size":[1,1.2,3],"pivot":[-8.4,7.8692,0],"uv":{"north":{"uv":[9.7418,15.5691],"uv_size":[-0.123,-0.1406]},"south":{"uv":[9.7418,15.5691],"uv_size":[-0.123,-0.1406]},"east":{"uv":[9.994,14.8594],"uv_size":[-0.369,0.1406]},"west":{"uv":[9.994,14.8594],"uv_size":[-0.369,0.1406]},"up":{"uv":[9.631,15.0023],"uv_size":[0.369,0.1406]},"down":{"uv":[9.994,15.0023],"uv_size":[-0.369,0.1406]}}}],"name":"rot_36"},{"parent":"geyser_custom_z","pivot":[9.1783,2.8185,0.6],"rotation":[0,0,45],"cubes":[{"origin":[9.2762,-0.8002,-1.8],"size":[3,2,3.5],"pivot":[9.1783,2.8185,0.6],"uv":{"north":{"uv":[11.1915,11.4354],"uv_size":[0.246,0.4217]},"south":{"uv":[11.4335,11.4354],"uv_size":[-0.246,0.4217]},"east":{"uv":[9.882,11.8526],"uv_size":[0.4305,-0.2811]},"west":{"uv":[9.882,11.576],"uv_size":[0.4305,0.2811]},"up":{"uv":[10.8065,11.8491],"uv_size":[-0.369,-0.492]},"down":{"uv":[10.8185,11.3651],"uv_size":[0.369,0.492]}}}],"name":"rot_37"}]}]}
