{"format_version":"1.16.0","minecraft:geometry":[{"description":{"identifier":"geometry.geyser_custom.geo_d5eed20","texture_width":16,"texture_height":16,"visible_bounds_width":4,"visible_bounds_height":4.5,"visible_bounds_offset":[0,0.75,0]},"bones":[{"name":"geyser_custom","binding":"c.item_slot == 'head' ? 'head' : q.item_slot_to_bone_name(c.item_slot)","pivot":[0,8,0]},{"name":"geyser_custom_x","parent":"geyser_custom","pivot":[0,8,0]},{"name":"geyser_custom_y","parent":"geyser_custom_x","pivot":[0,8,0]},{"name":"geyser_custom_z","parent":"geyser_custom_y","pivot":[0,8,0],"cubes":[{"origin":[-1.5,-8.5,-1.5],"size":[3,1,3],"uv":{"north":{"uv":[10.381,13.7166],"uv_size":[0.369,0.1406]},"south":{"uv":[10.381,13.7166],"uv_size":[0.369,0.1406]},"east":{"uv":[10.381,13.7166],"uv_size":[0.369,0.1406]},"west":{"uv":[10.381,13.7166],"uv_size":[0.369,0.1406]},"up":{"uv":[10.006,13.7211],"uv_size":[0.369,0.4217]},"down":{"uv":[10.006,14.5646],"uv_size":[0.369,-0.4217]}}},{"origin":[-0.5,-9,-1.5],"size":[1,0.5,0.5],"uv":{"north":{"uv":[10.377,14.144],"uv_size":[0.123,0.0703]},"south":{"uv":[10.377,14.144],"uv_size":[0.123,0.0703]},"east":{"uv":[10.376,14.2869],"uv_size":[0.0615,0.0703]},"west":{"uv":[10.4365,14.2869],"uv_size":[-0.0615,0.0703]},"up":{"uv":[10.498,14.2846],"uv_size":[-0.123,-0.0703]},"down":{"uv":[10.498,14.2846],"uv_size":[-0.123,-0.0703]}}},{"origin":[-1,-7.5,-1],"size":[2,0.5,2],"uv":{"north":{"uv":[8.879,14.5011],"uv_size":[0.246,0.0703]},"south":{"uv":[8.879,14.5011],"uv_size":[0.246,0.0703]},"east":{"uv":[8.879,14.4297],"uv_size":[0.246,0.0703]},"west":{"uv":[8.879,14.4297],"uv_size":[0.246,0.0703]},"up":{"uv":[9.121,14.8526],"uv_size":[-0.246,-0.2811]},"down":{"uv":[9.121,14.8526],"uv_size":[-0.246,-0.2811]}}},{"origin":[-1.5,-9.5,1],"size":[0.5,1,0.5],"uv":{"north":{"uv":[10.4365,14.0023],"uv_size":[-0.0615,0.1406]},"south":{"uv":[10.4365,14.0023],"uv_size":[-0.0615,0.1406]},"east":{"uv":[10.499,14.0023],"uv_size":[-0.0615,0.1406]},"west":{"uv":[10.499,14.0023],"uv_size":[-0.0615,0.1406]},"up":{"uv":[10.5615,14.0011],"uv_size":[-0.0615,0.0703]},"down":{"uv":[10.5615,14.0011],"uv_size":[-0.0615,0.0703]}}},{"origin":[-0.7,1.5,-0.7],"size":[1.4,1.5,1.4],"uv":{"north":{"uv":[9.128,14.432],"uv_size":[0.1845,0.2109]},"south":{"uv":[9.128,14.432],"uv_size":[0.1845,0.2109]},"east":{"uv":[8.9405,14.8606],"uv_size":[0.1845,0.2109]},"west":{"uv":[8.9405,14.8606],"uv_size":[0.1845,0.2109]},"up":{"uv":[8.9345,15.068],"uv_size":[-0.1845,-0.2109]},"down":{"uv":[9.372,14.1394],"uv_size":[-0.1845,-0.2109]}}},{"origin":[-0.7,-6.5,-0.7],"size":[1.4,1.5,1.4],"uv":{"north":{"uv":[9.128,14.432],"uv_size":[0.1845,0.2109]},"south":{"uv":[9.128,14.432],"uv_size":[0.1845,0.2109]},"east":{"uv":[8.9405,14.8606],"uv_size":[0.1845,0.2109]},"west":{"uv":[8.9405,14.8606],"uv_size":[0.1845,0.2109]},"up":{"uv":[8.9345,15.068],"uv_size":[-0.1845,-0.2109]},"down":{"uv":[9.372,14.1394],"uv_size":[-0.1845,-0.2109]}}},{"origin":[-0.7,4.5,-0.7],"size":[1.4,1.5,1.4],"uv":{"north":{"uv":[9.128,14.432],"uv_size":[0.1845,0.2109]},"south":{"uv":[9.128,14.432],"uv_size":[0.1845,0.2109]},"east":{"uv":[8.9405,14.8606],"uv_size":[0.1845,0.2109]},"west":{"uv":[8.9405,14.8606],"uv_size":[0.1845,0.2109]},"up":{"uv":[8.9345,15.068],"uv_size":[-0.1845,-0.2109]},"down":{"uv":[9.372,14.1394],"uv_size":[-0.1845,-0.2109]}}},{"origin":[-12,13.5,0],"size":[11,0.5,0],"uv":{"north":{"uv":[11.359,0.0011],"uv_size":[-1.359,0.0703]},"south":{"uv":[10.016,0.0011],"uv_size":[1.359,0.0703]},"east":{"uv":[10,0.0011],"uv_size":[0,0.0703]},"west":{"uv":[10,0.0011],"uv_size":[0,0.0703]},"up":{"uv":[11.359,0],"uv_size":[-1.359,0]},"down":{"uv":[11.359,0],"uv_size":[-1.359,0]}}},{"origin":[-15,11,0],"size":[3,3,0],"uv":{"north":{"uv":[10.369,0.0783],"uv_size":[-0.369,0.4217]},"south":{"uv":[10.006,0.0783],"uv_size":[0.369,0.4217]},"east":{"uv":[8,0.0069],"uv_size":[0,0.4217]},"west":{"uv":[8,0.0069],"uv_size":[0,0.4217]},"up":{"uv":[8.492,0],"uv_size":[-0.492,0]},"down":{"uv":[8.492,0],"uv_size":[-0.492,0]}}}]},{"parent":"geyser_custom_z","pivot":[2.1239,14.2634,0],"rotation":[0,0,-45],"cubes":[{"origin":[2.2338,14.1985,-0.275],"size":[1,2,0.5],"pivot":[2.1239,14.2634,0],"uv":{"north":{"uv":[10.752,14.1383],"uv_size":[0.123,-0.2811]},"south":{"uv":[10.873,14.1383],"uv_size":[-0.123,-0.2811]},"east":{"uv":[10.9365,13.8617],"uv_size":[-0.0615,0.2811]},"west":{"uv":[10.9365,13.8617],"uv_size":[-0.0615,0.2811]},"up":{"uv":[10.748,14.0011],"uv_size":[-0.123,0.0703]},"down":{"uv":[10.748,14.0011],"uv_size":[-0.123,0.0703]}}},{"origin":[1.2338,13.1985,-0.275],"size":[2,1,0.5],"pivot":[2.1239,14.2634,0],"uv":{"north":{"uv":[11.1543,13.9954],"uv_size":[-0.123,-0.2811]},"south":{"uv":[11.0333,13.9954],"uv_size":[0.123,-0.2811]},"east":{"uv":[11.4385,13.7166],"uv_size":[0.0615,0.1406]},"west":{"uv":[11.0333,14.0011],"uv_size":[0.123,0.0703]},"up":{"uv":[11.1573,13.7189],"uv_size":[0.0615,0.2811]},"down":{"uv":[11.2823,13.7189],"uv_size":[0.0615,0.2811]}}},{"origin":[1.2641,10.2559,0.025],"size":[2.5,3,0],"pivot":[2.1239,14.2634,0],"uv":{"north":{"uv":[11.1613,15.0289],"uv_size":[0.3075,-0.4217]},"south":{"uv":[11.4637,15.0289],"uv_size":[-0.3075,-0.4217]},"east":{"uv":[10,13.7211],"uv_size":[0,0.4217]},"west":{"uv":[10,13.7211],"uv_size":[0,0.4217]},"up":{"uv":[10,14.136],"uv_size":[0,-0.4217]},"down":{"uv":[10,14.136],"uv_size":[0,-0.4217]}}}],"name":"rot_1"},{"parent":"geyser_custom_z","pivot":[-0.3,-1.9,0],"rotation":[0,0,-45],"cubes":[{"origin":[-4,-4.1,-0.5],"size":[2,3.9,1],"pivot":[-0.3,-1.9,0],"uv":{"north":{"uv":[15.117,15.7189],"uv_size":[-0.492,0.2811]},"south":{"uv":[15.117,15.9954],"uv_size":[-0.492,-0.2811]},"east":{"uv":[15.117,15.5737],"uv_size":[-0.492,0.1406]},"west":{"uv":[15.117,15.5737],"uv_size":[-0.492,0.1406]},"up":{"uv":[15.127,15.9954],"uv_size":[0.123,-0.2811]},"down":{"uv":[15.127,15.9954],"uv_size":[0.123,-0.2811]}}},{"origin":[-5,-4.1,-0.5],"size":[1,2.9,1],"pivot":[-0.3,-1.9,0],"uv":{"north":{"uv":[14.994,15.4309],"uv_size":[-0.369,0.1406]},"south":{"uv":[14.631,15.4309],"uv_size":[0.369,0.1406]},"east":{"uv":[14.994,15.288],"uv_size":[-0.369,0.1406]},"west":{"uv":[14.994,15.4309],"uv_size":[-0.369,0.1406]},"up":{"uv":[15.002,15.5691],"uv_size":[0.123,-0.1406]},"down":{"uv":[15.002,15.5691],"uv_size":[0.123,-0.1406]}}}],"name":"rot_2"},{"parent":"geyser_custom_z","pivot":[-0.3,0.1,0],"rotation":[0,0,-45],"cubes":[{"origin":[-3.4,-1.6,-1.5],"size":[2,2,3],"pivot":[-0.3,0.1,0],"uv":{"north":{"uv":[15.754,15.4331],"uv_size":[0.246,0.2811]},"south":{"uv":[15.754,15.4331],"uv_size":[0.246,0.2811]},"east":{"uv":[15.381,15.4331],"uv_size":[0.369,0.2811]},"west":{"uv":[15.129,15.2926],"uv_size":[0.246,0.4217]},"up":{"uv":[15.744,15.7097],"uv_size":[-0.369,-0.2811]},"down":{"uv":[15.371,15.7074],"uv_size":[-0.246,-0.4217]}}}],"name":"rot_3"},{"parent":"geyser_custom_z","pivot":[-3.6,4.7,-3],"rotation":[0,0,-45],"cubes":[{"origin":[-6.9,-0.3,-0.6],"size":[2,0.5,1.2],"pivot":[-3.6,4.7,-3],"uv":{"north":{"uv":[9.1865,14.924],"uv_size":[-0.0615,-0.2811]},"south":{"uv":[9.126,14.924],"uv_size":[0.0615,-0.2811]},"east":{"uv":[9.1885,14.924],"uv_size":[0.0615,-0.2811]},"west":{"uv":[9.1885,14.924],"uv_size":[0.0615,-0.2811]},"up":{"uv":[9.248,14.9331],"uv_size":[-0.123,0.2811]},"down":{"uv":[9.496,14.1474],"uv_size":[-0.246,0.2811]}}}],"name":"rot_4"},{"parent":"geyser_custom_z","pivot":[2.1239,14.2634,0],"rotation":[0,0,-22.5],"cubes":[{"origin":[0.1841,13.5405,-1],"size":[2,3,2],"pivot":[2.1239,14.2634,0],"uv":{"north":{"uv":[10.629,12.5646],"uv_size":[0.246,-0.4217]},"south":{"uv":[10.629,12.1497],"uv_size":[0.246,0.4217]},"east":{"uv":[10.871,13.4217],"uv_size":[-0.246,-0.4217]},"west":{"uv":[10.871,12.9931],"uv_size":[-0.246,-0.4217]},"up":{"uv":[11.121,13.7097],"uv_size":[-0.246,-0.2811]},"down":{"uv":[10.871,13.7097],"uv_size":[-0.246,-0.2811]}}}],"name":"rot_5"},{"parent":"geyser_custom_z","pivot":[8,0,8],"rotation":[0,-0,0],"cubes":[{"origin":[-1.5,-9.5,-1.5],"size":[0.5,1,0.5],"pivot":[8,0,8],"uv":{"north":{"uv":[10.376,14.0023],"uv_size":[0.0615,0.1406]},"south":{"uv":[10.376,14.0023],"uv_size":[0.0615,0.1406]},"east":{"uv":[10.4385,14.0023],"uv_size":[0.0615,0.1406]},"west":{"uv":[10.4385,14.0023],"uv_size":[0.0615,0.1406]},"up":{"uv":[10.5615,14.0703],"uv_size":[-0.0615,-0.0703]},"down":{"uv":[10.5615,14.0703],"uv_size":[-0.0615,-0.0703]}}},{"origin":[-0.5,-9,1],"size":[1,0.5,0.5],"pivot":[8,0,8],"uv":{"north":{"uv":[10.498,14.144],"uv_size":[-0.123,0.0703]},"south":{"uv":[10.498,14.144],"uv_size":[-0.123,0.0703]},"east":{"uv":[10.4365,14.2869],"uv_size":[-0.0615,0.0703]},"west":{"uv":[10.376,14.2869],"uv_size":[0.0615,0.0703]},"up":{"uv":[10.498,14.2154],"uv_size":[-0.123,0.0703]},"down":{"uv":[10.498,14.2154],"uv_size":[-0.123,0.0703]}}}],"name":"rot_6"},{"parent":"geyser_custom_z","pivot":[2.1239,14.2634,0],"rotation":[0,-0,0],"cubes":[{"origin":[3.1885,13.8007,-0.375],"size":[1,1,0.7],"pivot":[2.1239,14.2634,0],"uv":{"north":{"uv":[11.5918,14.7477],"uv_size":[-0.123,-0.1406]},"south":{"uv":[11.4708,14.7477],"uv_size":[0.123,-0.1406]},"east":{"uv":[11.5948,14.6094],"uv_size":[0.0615,0.1406]},"west":{"uv":[11.4708,14.7511],"uv_size":[0.123,0.0703]},"up":{"uv":[11.5948,14.6094],"uv_size":[0.0615,0.1406]},"down":{"uv":[11.4708,14.7511],"uv_size":[0.123,0.0703]}}},{"origin":[0.779,12.0064,-0.5],"size":[1,3,1],"pivot":[2.1239,14.2634,0],"uv":{"north":{"uv":[14.119,5.4309],"uv_size":[-0.369,0.1406]},"south":{"uv":[13.756,5.4309],"uv_size":[0.369,0.1406]},"east":{"uv":[13.748,5.8503],"uv_size":[-0.123,-0.4217]},"west":{"uv":[13.748,6.2789],"uv_size":[-0.123,-0.4217]},"up":{"uv":[13.998,5.712],"uv_size":[-0.123,-0.1406]},"down":{"uv":[13.873,5.712],"uv_size":[-0.123,-0.1406]}}}],"name":"rot_7"},{"parent":"geyser_custom_z","pivot":[0,-8.75,0],"rotation":[0,-0,0],"cubes":[{"origin":[1,-9,-0.5],"size":[0.5,0.5,1],"pivot":[0,-8.75,0],"uv":{"north":{"uv":[10.376,14.2869],"uv_size":[0.0615,0.0703]},"south":{"uv":[10.4365,14.2869],"uv_size":[-0.0615,0.0703]},"east":{"uv":[10.498,14.144],"uv_size":[-0.123,0.0703]},"west":{"uv":[10.498,14.144],"uv_size":[-0.123,0.0703]},"up":{"uv":[10.498,14.2154],"uv_size":[-0.123,0.0703]},"down":{"uv":[10.498,14.2154],"uv_size":[-0.123,0.0703]}}},{"origin":[-1.5,-9,-0.5],"size":[0.5,0.5,1],"pivot":[0,-8.75,0],"uv":{"north":{"uv":[10.4365,14.2869],"uv_size":[-0.0615,0.0703]},"south":{"uv":[10.376,14.2869],"uv_size":[0.0615,0.0703]},"east":{"uv":[10.377,14.144],"uv_size":[0.123,0.0703]},"west":{"uv":[10.377,14.144],"uv_size":[0.123,0.0703]},"up":{"uv":[10.498,14.2846],"uv_size":[-0.123,-0.0703]},"down":{"uv":[10.498,14.2846],"uv_size":[-0.123,-0.0703]}}}],"name":"rot_8"},{"parent":"geyser_custom_z","pivot":[0,1.5,0],"rotation":[0,-0,0],"cubes":[{"origin":[-0.5,-7,-0.5],"size":[1,7,1],"pivot":[0,1.5,0],"uv":{"north":{"uv":[9.502,14.4446],"uv_size":[0.123,0.984]},"south":{"uv":[9.502,14.4446],"uv_size":[0.123,0.984]},"east":{"uv":[9.377,14.4446],"uv_size":[0.123,0.984]},"west":{"uv":[9.377,14.4446],"uv_size":[0.123,0.984]},"up":{"uv":[9.623,14.4263],"uv_size":[-0.123,-0.1406]},"down":{"uv":[9.748,14.5691],"uv_size":[-0.123,-0.1406]}}},{"origin":[-0.5,1,-0.5],"size":[1,7,1],"pivot":[0,1.5,0],"uv":{"north":{"uv":[9.502,14.4446],"uv_size":[0.123,0.984]},"south":{"uv":[9.502,14.4446],"uv_size":[0.123,0.984]},"east":{"uv":[9.377,14.4446],"uv_size":[0.123,0.984]},"west":{"uv":[9.377,14.4446],"uv_size":[0.123,0.984]},"up":{"uv":[9.623,14.4263],"uv_size":[-0.123,-0.1406]},"down":{"uv":[9.748,14.5691],"uv_size":[-0.123,-0.1406]}}},{"origin":[-0.5,8,-0.5],"size":[1,7,1],"pivot":[0,1.5,0],"uv":{"north":{"uv":[9.502,14.4446],"uv_size":[0.123,0.984]},"south":{"uv":[9.502,14.4446],"uv_size":[0.123,0.984]},"east":{"uv":[9.377,14.4446],"uv_size":[0.123,0.984]},"west":{"uv":[9.377,14.4446],"uv_size":[0.123,0.984]},"up":{"uv":[9.623,14.4263],"uv_size":[-0.123,-0.1406]},"down":{"uv":[9.748,14.5691],"uv_size":[-0.123,-0.1406]}}}],"name":"rot_9"},{"parent":"geyser_custom_z","pivot":[0,10.75,-0.75],"rotation":[0,-0,0],"cubes":[{"origin":[-1,7.7,-1],"size":[2,5.5,0.5],"pivot":[0,10.75,-0.75],"uv":{"north":{"uv":[14.4335,1.2983],"uv_size":[-0.246,0.7731]},"south":{"uv":[14.4335,1.2983],"uv_size":[-0.246,0.7731]},"east":{"uv":[14.126,2.0589],"uv_size":[0.0615,-0.7731]},"west":{"uv":[14.126,2.0589],"uv_size":[0.0615,-0.7731]},"up":{"uv":[14.0635,1.6026],"uv_size":[0.0615,-0.2811]},"down":{"uv":[14.0635,1.6026],"uv_size":[0.0615,-0.2811]}}}],"name":"rot_10"},{"parent":"geyser_custom_z","pivot":[0,10.75,0.75],"rotation":[0,-0,0],"cubes":[{"origin":[-1,7.7,0.5],"size":[2,5.5,0.5],"pivot":[0,10.75,0.75],"uv":{"north":{"uv":[14.1915,1.2983],"uv_size":[0.246,0.7731]},"south":{"uv":[14.1915,1.2983],"uv_size":[0.246,0.7731]},"east":{"uv":[14.1865,2.0589],"uv_size":[-0.0615,-0.7731]},"west":{"uv":[14.1865,2.0589],"uv_size":[-0.0615,-0.7731]},"up":{"uv":[14.124,1.6026],"uv_size":[-0.0615,-0.2811]},"down":{"uv":[14.124,1.6026],"uv_size":[-0.0615,-0.2811]}}}],"name":"rot_11"},{"parent":"geyser_custom_z","pivot":[-8,0,-8],"rotation":[0,-0,0],"cubes":[{"origin":[1,-9.5,1],"size":[0.5,1,0.5],"pivot":[-8,0,-8],"uv":{"north":{"uv":[10.376,14.0023],"uv_size":[0.0615,0.1406]},"south":{"uv":[10.376,14.0023],"uv_size":[0.0615,0.1406]},"east":{"uv":[10.4385,14.0023],"uv_size":[0.0615,0.1406]},"west":{"uv":[10.4385,14.0023],"uv_size":[0.0615,0.1406]},"up":{"uv":[10.501,14.0011],"uv_size":[0.0615,0.0703]},"down":{"uv":[10.501,14.0011],"uv_size":[0.0615,0.0703]}}}],"name":"rot_12"},{"parent":"geyser_custom_z","pivot":[-8,0,8],"rotation":[0,-0,0],"cubes":[{"origin":[1,-9.5,-1.5],"size":[0.5,1,0.5],"pivot":[-8,0,8],"uv":{"north":{"uv":[10.4365,14.0023],"uv_size":[-0.0615,0.1406]},"south":{"uv":[10.4365,14.0023],"uv_size":[-0.0615,0.1406]},"east":{"uv":[10.499,14.0023],"uv_size":[-0.0615,0.1406]},"west":{"uv":[10.499,14.0023],"uv_size":[-0.0615,0.1406]},"up":{"uv":[10.501,14.0703],"uv_size":[0.0615,-0.0703]},"down":{"uv":[10.501,14.0703],"uv_size":[0.0615,-0.0703]}}}],"name":"rot_13"},{"parent":"geyser_custom_z","pivot":[-11,13.25,0],"rotation":[0,-0,0],"cubes":[{"origin":[-12,13,-0.7],"size":[1.5,1.4,1.4],"pivot":[-11,13.25,0],"uv":{"north":{"uv":[9.128,14.432],"uv_size":[0.1845,0.2109]},"south":{"uv":[9.128,14.432],"uv_size":[0.1845,0.2109]},"east":{"uv":[8.753,14.8606],"uv_size":[0.1845,0.2109]},"west":{"uv":[9.1905,13.932],"uv_size":[0.1845,0.2109]},"up":{"uv":[9.122,15.068],"uv_size":[-0.1845,-0.2109]},"down":{"uv":[9.122,15.068],"uv_size":[-0.1845,-0.2109]}}}],"name":"rot_14"},{"parent":"geyser_custom_z","pivot":[-14.3,-9.9,-8],"rotation":[0,-0,0],"cubes":[{"origin":[-0.3,0.1,-1.5],"size":[1.5,0.5,3],"pivot":[-14.3,-9.9,-8],"uv":{"north":{"uv":[15.5635,14.2891],"uv_size":[0.0615,0.2109]},"south":{"uv":[15.5635,14.2891],"uv_size":[0.0615,0.2109]},"east":{"uv":[15.631,14.5011],"uv_size":[0.369,0.0703]},"west":{"uv":[15.631,14.5011],"uv_size":[0.369,0.0703]},"up":{"uv":[15.994,14.4966],"uv_size":[-0.369,-0.2109]},"down":{"uv":[15.994,14.4966],"uv_size":[-0.369,-0.2109]}}},{"origin":[-0.3,-4.4,-1.5],"size":[1.5,0.5,3],"pivot":[-14.3,-9.9,-8],"uv":{"north":{"uv":[15.5635,14.2891],"uv_size":[0.0615,0.2109]},"south":{"uv":[15.5635,14.2891],"uv_size":[0.0615,0.2109]},"east":{"uv":[15.631,14.5011],"uv_size":[0.369,0.0703]},"west":{"uv":[15.631,14.5011],"uv_size":[0.369,0.0703]},"up":{"uv":[15.994,14.4966],"uv_size":[-0.369,-0.2109]},"down":{"uv":[15.994,14.4966],"uv_size":[-0.369,-0.2109]}}}],"name":"rot_15"},{"parent":"geyser_custom_z","pivot":[-15.3,-9.9,-8],"rotation":[0,-0,0],"cubes":[{"origin":[-1.3,-4.9,-1],"size":[2,6,2],"pivot":[-15.3,-9.9,-8],"uv":{"north":{"uv":[15.262,15.7189],"uv_size":[0.738,0.2811]},"south":{"uv":[15.262,15.7189],"uv_size":[0.738,0.2811]},"east":{"uv":[15.262,14.0046],"uv_size":[0.738,0.2811]},"west":{"uv":[15.262,13.7189],"uv_size":[0.738,0.2811]},"up":{"uv":[14.621,15.5311],"uv_size":[-0.246,-0.2811]},"down":{"uv":[14.621,15.5311],"uv_size":[-0.246,-0.2811]}}}],"name":"rot_16"},{"parent":"geyser_custom_z","pivot":[2.1239,14.2634,0],"rotation":[0,0,22.5],"cubes":[{"origin":[-0.9366,14.4876,-0.5],"size":[1.5,1.5,1],"pivot":[2.1239,14.2634,0],"uv":{"north":{"uv":[13.878,5.7823],"uv_size":[0.1845,-0.2109]},"south":{"uv":[13.878,5.5749],"uv_size":[0.1845,0.2109]},"east":{"uv":[13.752,5.932],"uv_size":[0.123,0.2109]},"west":{"uv":[13.877,5.7891],"uv_size":[0.123,0.2109]},"up":{"uv":[13.752,5.7177],"uv_size":[0.123,0.2109]},"down":{"uv":[13.752,5.7177],"uv_size":[0.123,0.2109]}}}],"name":"rot_17"},{"parent":"geyser_custom_z","pivot":[-0.3,-1.9,0],"rotation":[0,0,45],"cubes":[{"origin":[-4,-3.6,-0.5],"size":[2,3.9,1],"pivot":[-0.3,-1.9,0],"uv":{"north":{"uv":[14.633,15.7189],"uv_size":[0.492,0.2811]},"south":{"uv":[14.633,15.9954],"uv_size":[0.492,-0.2811]},"east":{"uv":[14.633,15.5737],"uv_size":[0.492,0.1406]},"west":{"uv":[14.633,15.5737],"uv_size":[0.492,0.1406]},"up":{"uv":[15.248,15.9954],"uv_size":[-0.123,-0.2811]},"down":{"uv":[15.248,15.9954],"uv_size":[-0.123,-0.2811]}}},{"origin":[-5,-2.6,-0.5],"size":[1,2.9,1],"pivot":[-0.3,-1.9,0],"uv":{"north":{"uv":[14.631,15.4309],"uv_size":[0.369,0.1406]},"south":{"uv":[14.994,15.4309],"uv_size":[-0.369,0.1406]},"east":{"uv":[14.631,15.288],"uv_size":[0.369,0.1406]},"west":{"uv":[14.631,15.4309],"uv_size":[0.369,0.1406]},"up":{"uv":[15.123,15.5691],"uv_size":[-0.123,-0.1406]},"down":{"uv":[15.123,15.5691],"uv_size":[-0.123,-0.1406]}}}],"name":"rot_18"},{"parent":"geyser_custom_z","pivot":[-3.6,-8.5,-3],"rotation":[0,0,45],"cubes":[{"origin":[-6.9,-4,-0.6],"size":[2,0.5,1.2],"pivot":[-3.6,-8.5,-3],"uv":{"north":{"uv":[9.126,14.924],"uv_size":[0.0615,-0.2811]},"south":{"uv":[9.1865,14.924],"uv_size":[-0.0615,-0.2811]},"east":{"uv":[9.249,14.924],"uv_size":[-0.0615,-0.2811]},"west":{"uv":[9.249,14.924],"uv_size":[-0.0615,-0.2811]},"up":{"uv":[9.254,14.1474],"uv_size":[0.246,0.2811]},"down":{"uv":[9.127,14.9331],"uv_size":[0.123,0.2811]}}}],"name":"rot_19"},{"parent":"geyser_custom_z","pivot":[-4.414,11.8253,0],"rotation":[0,0,45],"cubes":[{"origin":[-4.1,14.6253,-1.2],"size":[3,3,2.5],"pivot":[-4.414,11.8253,0],"uv":{"north":{"uv":[8.006,0.4354],"uv_size":[0.369,0.4217]},"south":{"uv":[8.369,0.4354],"uv_size":[-0.369,0.4217]},"east":{"uv":[8.62,0.0069],"uv_size":[-0.3075,0.4217]},"west":{"uv":[8.3075,0.4217],"uv_size":[-0.3075,-0.4217]},"up":{"uv":[8.005,0.4217],"uv_size":[0.3075,-0.4217]},"down":{"uv":[8.62,0.0069],"uv_size":[-0.3075,0.4217]}}}],"name":"rot_20"},{"parent":"geyser_custom_z","pivot":[-13.8,-8.4,-6.5],"rotation":[0,0,45],"cubes":[{"origin":[-13.5,1.1,-1],"size":[3,3,2],"pivot":[-13.8,-8.4,-6.5],"uv":{"north":{"uv":[14.006,15.5783],"uv_size":[0.369,0.4217]},"south":{"uv":[14.006,15.5783],"uv_size":[0.369,0.4217]},"east":{"uv":[14.006,15.2903],"uv_size":[0.369,0.2811]},"west":{"uv":[14.379,15.5783],"uv_size":[0.246,0.4217]},"up":{"uv":[14.621,15.9931],"uv_size":[-0.246,-0.4217]},"down":{"uv":[14.006,15.5669],"uv_size":[0.369,-0.2811]}}}],"name":"rot_21"}]}]}
