{"format_version":"1.16.0","minecraft:geometry":[{"description":{"identifier":"geometry.geyser_custom.geo_7d349ef","texture_width":16,"texture_height":16,"visible_bounds_width":4,"visible_bounds_height":4.5,"visible_bounds_offset":[0,0.75,0]},"bones":[{"name":"geyser_custom","binding":"c.item_slot == 'head' ? 'head' : q.item_slot_to_bone_name(c.item_slot)","pivot":[0,8,0]},{"name":"geyser_custom_x","parent":"geyser_custom","pivot":[0,8,0]},{"name":"geyser_custom_y","parent":"geyser_custom_x","pivot":[0,8,0]},{"name":"geyser_custom_z","parent":"geyser_custom_y","pivot":[0,8,0],"cubes":[]},{"parent":"geyser_custom_z","pivot":[10,14.2692,-1],"rotation":[0,0,-45],"cubes":[{"origin":[10.1733,10.0035,-2],"size":[2,0.5,2],"pivot":[10,14.2692,-1],"uv":{"north":{"uv":[9.124,15.5669],"uv_size":[-0.0615,-0.2811]},"south":{"uv":[9.124,15.5669],"uv_size":[-0.0615,-0.2811]},"east":{"uv":[9.129,15.2154],"uv_size":[0.246,0.0703]},"west":{"uv":[9.129,15.2154],"uv_size":[0.246,0.0703]},"up":{"uv":[9.129,15.2903],"uv_size":[0.246,0.2811]},"down":{"uv":[9.129,15.2903],"uv_size":[0.246,0.2811]}}},{"origin":[8.9804,10.4888,-1.9],"size":[1.9,2.9,1.8],"pivot":[10,14.2692,-1],"uv":{"north":{"uv":[9.9817,15.9814],"uv_size":[-0.3567,-0.2671]},"south":{"uv":[9.6308,15.9814],"uv_size":[0.3567,-0.2671]},"east":{"uv":[9.994,15.1474],"uv_size":[-0.369,0.2811]},"west":{"uv":[9.994,15.1474],"uv_size":[-0.369,0.2811]},"up":{"uv":[9.996,15.4331],"uv_size":[-0.246,0.2811]},"down":{"uv":[9.996,15.4331],"uv_size":[-0.246,0.2811]}}},{"origin":[12.623,14.803,-1.6],"size":[1,3,1.2],"pivot":[10,14.2692,-1],"uv":{"north":{"uv":[9.994,15.1406],"uv_size":[-0.369,-0.1406]},"south":{"uv":[9.631,15.1406],"uv_size":[0.369,-0.1406]},"east":{"uv":[9.994,14.8594],"uv_size":[-0.369,0.1406]},"west":{"uv":[9.994,14.8594],"uv_size":[-0.369,0.1406]},"up":{"uv":[9.6208,15.4309],"uv_size":[0.123,0.1406]},"down":{"uv":[9.6208,15.4309],"uv_size":[0.123,0.1406]}}}],"name":"rot_1"},{"parent":"geyser_custom_z","pivot":[-8,14.2692,-1],"rotation":[0,0,-45],"cubes":[{"origin":[-8.2913,11.5605,-1.9],"size":[3,3,1.8],"pivot":[-8,14.2692,-1],"uv":{"north":{"uv":[8.369,15.4574],"uv_size":[-0.369,-0.4217]},"south":{"uv":[8.369,15.4574],"uv_size":[-0.369,-0.4217]},"east":{"uv":[8.3786,15.0426],"uv_size":[0.2214,0.4217]},"west":{"uv":[8.006,15.7454],"uv_size":[0.369,-0.2811]},"up":{"uv":[8.369,15.4684],"uv_size":[-0.369,0.253]},"down":{"uv":[8.369,15.4689],"uv_size":[-0.369,0.2811]}}},{"origin":[-8.8804,15.1495,-1.9],"size":[1.9,2.9,1.8],"pivot":[-8,14.2692,-1],"uv":{"north":{"uv":[9.631,15.7189],"uv_size":[0.369,0.2811]},"south":{"uv":[9.994,15.7189],"uv_size":[-0.369,0.2811]},"east":{"uv":[9.631,15.424],"uv_size":[0.369,-0.2811]},"west":{"uv":[9.631,15.424],"uv_size":[0.369,-0.2811]},"up":{"uv":[9.754,15.7097],"uv_size":[0.246,-0.2811]},"down":{"uv":[9.754,15.7097],"uv_size":[0.246,-0.2811]}}},{"origin":[-11.623,10.7353,-1.6],"size":[1,3,1.2],"pivot":[-8,14.2692,-1],"uv":{"north":{"uv":[9.631,15.0023],"uv_size":[0.369,0.1406]},"south":{"uv":[9.994,15.0023],"uv_size":[-0.369,0.1406]},"east":{"uv":[9.631,14.9977],"uv_size":[0.369,-0.1406]},"west":{"uv":[9.631,14.9977],"uv_size":[0.369,-0.1406]},"up":{"uv":[9.7418,15.5691],"uv_size":[-0.123,-0.1406]},"down":{"uv":[9.7418,15.5691],"uv_size":[-0.123,-0.1406]}}},{"origin":[-10.1733,18.0348,-2],"size":[2,0.5,2],"pivot":[-8,14.2692,-1],"uv":{"north":{"uv":[9.0635,15.2903],"uv_size":[0.0615,0.2811]},"south":{"uv":[9.0635,15.2903],"uv_size":[0.0615,0.2811]},"east":{"uv":[9.371,15.2846],"uv_size":[-0.246,-0.0703]},"west":{"uv":[9.371,15.2846],"uv_size":[-0.246,-0.0703]},"up":{"uv":[9.371,15.5669],"uv_size":[-0.246,-0.2811]},"down":{"uv":[9.371,15.5669],"uv_size":[-0.246,-0.2811]}}}],"name":"rot_2"},{"parent":"geyser_custom_z","pivot":[-8.5281,-0.1469,-1],"rotation":[0,0,-45],"cubes":[{"origin":[-10.0247,1.8803,-1.025],"size":[2.5,3,0],"pivot":[-8.5281,-0.1469,-1],"uv":{"north":{"uv":[11.1613,15.0289],"uv_size":[0.3075,-0.4217]},"south":{"uv":[11.4637,15.0289],"uv_size":[-0.3075,-0.4217]},"east":{"uv":[10,14.136],"uv_size":[0,-0.4217]},"west":{"uv":[10,14.136],"uv_size":[0,-0.4217]},"up":{"uv":[10,13.7211],"uv_size":[0,0.4217]},"down":{"uv":[10,13.7211],"uv_size":[0,0.4217]}}},{"origin":[-9.4945,0.9377,-1.225],"size":[2,1,0.5],"pivot":[-8.5281,-0.1469,-1],"uv":{"north":{"uv":[11.0333,13.7189],"uv_size":[0.123,0.2811]},"south":{"uv":[11.1543,13.7189],"uv_size":[-0.123,0.2811]},"east":{"uv":[11.1543,14.0011],"uv_size":[-0.123,0.0703]},"west":{"uv":[11.4385,13.8549],"uv_size":[0.0615,-0.1406]},"up":{"uv":[11.2823,13.9954],"uv_size":[0.0615,-0.2811]},"down":{"uv":[11.1573,13.9954],"uv_size":[0.0615,-0.2811]}}},{"origin":[-9.4945,-1.0623,-1.225],"size":[1,2,0.5],"pivot":[-8.5281,-0.1469,-1],"uv":{"north":{"uv":[9.504,9.9909],"uv_size":[0.246,-0.5623]},"south":{"uv":[9.746,9.9909],"uv_size":[-0.246,-0.5623]},"east":{"uv":[9.873,9.9909],"uv_size":[-0.123,-0.5623]},"west":{"uv":[9.873,9.9909],"uv_size":[-0.123,-0.5623]},"up":{"uv":[9.254,9.7166],"uv_size":[0.246,0.1406]},"down":{"uv":[9.254,9.7166],"uv_size":[0.246,0.1406]}}}],"name":"rot_3"},{"parent":"geyser_custom_z","pivot":[1,27.3916,0],"rotation":[22.5,0,0],"cubes":[{"origin":[0.725,25.3016,-2.1338],"size":[0.5,2,1],"pivot":[1,27.3916,0],"uv":{"north":{"uv":[10.9365,14.1383],"uv_size":[-0.0615,-0.2811]},"south":{"uv":[10.9365,14.1383],"uv_size":[-0.0615,-0.2811]},"east":{"uv":[10.873,14.1383],"uv_size":[-0.123,-0.2811]},"west":{"uv":[10.752,14.1383],"uv_size":[0.123,-0.2811]},"up":{"uv":[10.748,14.0703],"uv_size":[-0.123,-0.0703]},"down":{"uv":[10.748,14.0703],"uv_size":[-0.123,-0.0703]}}},{"origin":[0.625,26.0207,1.679],"size":[0.7,1,1],"pivot":[1,27.3916,0],"uv":{"north":{"uv":[11.6553,14.7477],"uv_size":[-0.0615,-0.1406]},"south":{"uv":[11.5918,14.8203],"uv_size":[-0.123,-0.0703]},"east":{"uv":[11.5918,14.7477],"uv_size":[-0.123,-0.1406]},"west":{"uv":[11.4708,14.7477],"uv_size":[0.123,-0.1406]},"up":{"uv":[11.5918,14.8203],"uv_size":[-0.123,-0.0703]},"down":{"uv":[11.6553,14.7477],"uv_size":[-0.0615,-0.1406]}}},{"origin":[0.725,27.3016,-2.1338],"size":[0.5,1,2],"pivot":[1,27.3916,0],"uv":{"north":{"uv":[11.1543,14.0011],"uv_size":[-0.123,0.0703]},"south":{"uv":[11.4385,13.8549],"uv_size":[0.0615,-0.1406]},"east":{"uv":[11.1543,13.7189],"uv_size":[-0.123,0.2811]},"west":{"uv":[11.0333,13.7189],"uv_size":[0.123,0.2811]},"up":{"uv":[11.3428,13.7189],"uv_size":[-0.0615,0.2811]},"down":{"uv":[11.2178,13.7189],"uv_size":[-0.0615,0.2811]}}},{"origin":[1.025,28.2441,-2.664],"size":[0,3,2.5],"pivot":[1,27.3916,0],"uv":{"north":{"uv":[10,14.136],"uv_size":[0,-0.4217]},"south":{"uv":[10,14.136],"uv_size":[0,-0.4217]},"east":{"uv":[11.4637,15.0289],"uv_size":[-0.3075,-0.4217]},"west":{"uv":[11.1613,15.0289],"uv_size":[0.3075,-0.4217]},"up":{"uv":[10,14.136],"uv_size":[0,-0.4217]},"down":{"uv":[10,14.136],"uv_size":[0,-0.4217]}}}],"name":"rot_4"},{"parent":"geyser_custom_z","pivot":[10.5281,-0.1469,-1],"rotation":[0,0,-22.5],"cubes":[{"origin":[8.575,-2.0189,-1.5],"size":[1.5,1.5,1],"pivot":[10.5281,-0.1469,-1],"uv":{"north":{"uv":[14.0595,5.7823],"uv_size":[-0.1845,-0.2109]},"south":{"uv":[13.878,5.7823],"uv_size":[0.1845,-0.2109]},"east":{"uv":[13.873,6.1394],"uv_size":[-0.123,-0.2109]},"west":{"uv":[13.998,5.9966],"uv_size":[-0.123,-0.2109]},"up":{"uv":[13.752,5.7177],"uv_size":[0.123,0.2109]},"down":{"uv":[13.752,5.7177],"uv_size":[0.123,0.2109]}}},{"origin":[1.675,-5.3189,-1],"size":[11,12,0],"pivot":[10.5281,-0.1469,-1],"uv":{"north":{"uv":[10.516,10.984],"uv_size":[1.484,-1.5554]},"south":{"uv":[11.984,10.984],"uv_size":[-1.484,-1.5554]},"east":{"uv":[8,9.1589],"uv_size":[0,1.4126]},"west":{"uv":[8,9.1589],"uv_size":[0,1.4126]},"up":{"uv":[8,9.1589],"uv_size":[0,1.8411]},"down":{"uv":[8,9.1589],"uv_size":[0,1.8411]}}}],"name":"rot_5"},{"parent":"geyser_custom_z","pivot":[10,14.2692,-1],"rotation":[0,0,-22.5],"cubes":[{"origin":[6.6736,7.1048,-1.4],"size":[1,1,0.8],"pivot":[10,14.2692,-1],"uv":{"north":{"uv":[9.877,14.8549],"uv_size":[0.123,-0.1406]},"south":{"uv":[9.998,14.8549],"uv_size":[-0.123,-0.1406]},"east":{"uv":[9.627,14.5737],"uv_size":[0.123,0.1406]},"west":{"uv":[9.627,14.7166],"uv_size":[0.123,0.1406]},"up":{"uv":[9.752,14.7166],"uv_size":[0.123,0.1406]},"down":{"uv":[9.752,14.7166],"uv_size":[0.123,0.1406]}}},{"origin":[9.2288,15.078,-1.9],"size":[3,1.8,1.8],"pivot":[10,14.2692,-1],"uv":{"north":{"uv":[8.869,14.7097],"uv_size":[-0.369,-0.2811]},"south":{"uv":[8.506,14.7097],"uv_size":[0.369,-0.2811]},"east":{"uv":[8.746,14.7189],"uv_size":[-0.246,0.2811]},"west":{"uv":[8.746,14.7189],"uv_size":[-0.246,0.2811]},"up":{"uv":[8.994,15.1831],"uv_size":[-0.369,0.2811]},"down":{"uv":[9.748,13.7166],"uv_size":[-0.123,0.1406]}}}],"name":"rot_6"},{"parent":"geyser_custom_z","pivot":[1,27.3916,0],"rotation":[0,0,-22.5],"cubes":[{"origin":[-1.664,28.2441,-0.025],"size":[2.5,3,0],"pivot":[1,27.3916,0],"uv":{"north":{"uv":[11.1613,15.0289],"uv_size":[0.3075,-0.4217]},"south":{"uv":[11.4637,15.0289],"uv_size":[-0.3075,-0.4217]},"east":{"uv":[10,14.136],"uv_size":[0,-0.4217]},"west":{"uv":[10,14.136],"uv_size":[0,-0.4217]},"up":{"uv":[10,13.7211],"uv_size":[0,0.4217]},"down":{"uv":[10,13.7211],"uv_size":[0,0.4217]}}},{"origin":[-1.1338,27.3016,-0.225],"size":[2,1,0.5],"pivot":[1,27.3916,0],"uv":{"north":{"uv":[11.0333,13.7189],"uv_size":[0.123,0.2811]},"south":{"uv":[11.1543,13.7189],"uv_size":[-0.123,0.2811]},"east":{"uv":[11.1543,14.0011],"uv_size":[-0.123,0.0703]},"west":{"uv":[11.4385,13.8549],"uv_size":[0.0615,-0.1406]},"up":{"uv":[11.2823,13.9954],"uv_size":[0.0615,-0.2811]},"down":{"uv":[11.1573,13.9954],"uv_size":[0.0615,-0.2811]}}},{"origin":[-1.1338,25.3016,-0.225],"size":[1,2,0.5],"pivot":[1,27.3916,0],"uv":{"north":{"uv":[10.752,14.1383],"uv_size":[0.123,-0.2811]},"south":{"uv":[10.873,14.1383],"uv_size":[-0.123,-0.2811]},"east":{"uv":[10.9365,14.1383],"uv_size":[-0.0615,-0.2811]},"west":{"uv":[10.9365,14.1383],"uv_size":[-0.0615,-0.2811]},"up":{"uv":[10.627,14.0011],"uv_size":[0.123,0.0703]},"down":{"uv":[10.627,14.0011],"uv_size":[0.123,0.0703]}}},{"origin":[2.679,26.0207,-0.325],"size":[1,1,0.7],"pivot":[1,27.3916,0],"uv":{"north":{"uv":[11.4708,14.7477],"uv_size":[0.123,-0.1406]},"south":{"uv":[11.5918,14.7477],"uv_size":[-0.123,-0.1406]},"east":{"uv":[11.6553,14.7477],"uv_size":[-0.0615,-0.1406]},"west":{"uv":[11.5918,14.8203],"uv_size":[-0.123,-0.0703]},"up":{"uv":[11.4708,14.7511],"uv_size":[0.123,0.0703]},"down":{"uv":[11.5948,14.6094],"uv_size":[0.0615,0.1406]}}}],"name":"rot_7"},{"parent":"geyser_custom_z","pivot":[-8,14.2692,-1],"rotation":[0,0,-22.5],"cubes":[{"origin":[-10.2288,11.6603,-1.9],"size":[3,1.8,1.8],"pivot":[-8,14.2692,-1],"uv":{"north":{"uv":[8.506,14.4331],"uv_size":[0.369,0.2811]},"south":{"uv":[8.869,14.4331],"uv_size":[-0.369,0.2811]},"east":{"uv":[8.504,14.9954],"uv_size":[0.246,-0.2811]},"west":{"uv":[8.504,14.9954],"uv_size":[0.246,-0.2811]},"up":{"uv":[9.627,13.8549],"uv_size":[0.123,-0.1406]},"down":{"uv":[8.631,15.4597],"uv_size":[0.369,-0.2811]}}},{"origin":[-5.6736,20.4335,-1.4],"size":[1,1,0.8],"pivot":[-8,14.2692,-1],"uv":{"north":{"uv":[9.998,14.7166],"uv_size":[-0.123,0.1406]},"south":{"uv":[9.877,14.7166],"uv_size":[0.123,0.1406]},"east":{"uv":[9.748,14.8549],"uv_size":[-0.123,-0.1406]},"west":{"uv":[9.748,14.712],"uv_size":[-0.123,-0.1406]},"up":{"uv":[9.873,14.8549],"uv_size":[-0.123,-0.1406]},"down":{"uv":[9.873,14.8549],"uv_size":[-0.123,-0.1406]}}}],"name":"rot_8"},{"parent":"geyser_custom_z","pivot":[-8.5281,-0.1469,-1],"rotation":[0,0,-22.5],"cubes":[{"origin":[-9.4757,-1.7454,-2],"size":[2,3,2],"pivot":[-8.5281,-0.1469,-1],"uv":{"north":{"uv":[10.629,12.5646],"uv_size":[0.246,-0.4217]},"south":{"uv":[10.629,12.1497],"uv_size":[0.246,0.4217]},"east":{"uv":[10.629,12.9931],"uv_size":[0.246,-0.4217]},"west":{"uv":[10.629,13.4217],"uv_size":[0.246,-0.4217]},"up":{"uv":[10.629,13.7097],"uv_size":[0.246,-0.2811]},"down":{"uv":[10.879,13.7097],"uv_size":[0.246,-0.2811]}}}],"name":"rot_9"},{"parent":"geyser_custom_z","pivot":[-9.25,24.5,-4.25],"rotation":[0,0,-22.5],"cubes":[{"origin":[-8.2,21.55,-1.25],"size":[5.5,0.5,2],"pivot":[-9.25,24.5,-4.25],"uv":{"north":{"uv":[14.126,2.0589],"uv_size":[0.0615,-0.7731]},"south":{"uv":[14.126,2.0589],"uv_size":[0.0615,-0.7731]},"east":{"uv":[14.0635,1.6026],"uv_size":[0.0615,-0.2811]},"west":{"uv":[14.0635,1.6026],"uv_size":[0.0615,-0.2811]},"up":{"uv":[14.4335,1.2983],"uv_size":[-0.246,0.7731]},"down":{"uv":[14.4335,1.2983],"uv_size":[-0.246,0.7731]}}}],"name":"rot_10"},{"parent":"geyser_custom_z","pivot":[10.5281,-0.1469,-1],"rotation":[0,-0,0],"cubes":[{"origin":[10.2628,-0.6026,-1.5],"size":[1,3,1],"pivot":[10.5281,-0.1469,-1],"uv":{"north":{"uv":[14.119,5.5691],"uv_size":[-0.369,-0.1406]},"south":{"uv":[13.756,5.5691],"uv_size":[0.369,-0.1406]},"east":{"uv":[13.748,5.8503],"uv_size":[-0.123,-0.4217]},"west":{"uv":[13.748,6.2789],"uv_size":[-0.123,-0.4217]},"up":{"uv":[13.752,5.5737],"uv_size":[0.123,0.1406]},"down":{"uv":[13.877,5.5737],"uv_size":[0.123,0.1406]}}},{"origin":[12.2122,0.1383,-1.325],"size":[1,1,0.7],"pivot":[10.5281,-0.1469,-1],"uv":{"north":{"uv":[11.1835,10.9331],"uv_size":[-0.246,0.2811]},"south":{"uv":[10.9415,10.9331],"uv_size":[0.246,0.2811]},"east":{"uv":[11.1895,10.9331],"uv_size":[0.123,0.2811]},"west":{"uv":[10.9415,11.2166],"uv_size":[0.246,0.1406]},"up":{"uv":[11.1835,11.3549],"uv_size":[-0.246,-0.1406]},"down":{"uv":[11.3105,11.2097],"uv_size":[-0.123,-0.2811]}}}],"name":"rot_11"},{"parent":"geyser_custom_z","pivot":[10,14.2692,-1],"rotation":[0,-0,0],"cubes":[{"origin":[8.3309,12.2692,-2],"size":[5,4,2],"pivot":[10,14.2692,-1],"uv":{"north":{"uv":[7.242,15.2029],"uv_size":[-0.492,-0.7029]},"south":{"uv":[7.242,15.2029],"uv_size":[-0.492,-0.7029]},"east":{"uv":[8.492,14.7097],"uv_size":[-0.492,-0.2811]},"west":{"uv":[8.492,14.7189],"uv_size":[-0.492,0.2811]},"up":{"uv":[8.504,13.7257],"uv_size":[0.246,0.7029]},"down":{"uv":[8.504,13.7257],"uv_size":[0.246,0.7029]}}},{"origin":[9.3309,7.2692,-1.5],"size":[1,5,1],"pivot":[10,14.2692,-1],"uv":{"north":{"uv":[9.99,14.1406],"uv_size":[-0.615,-0.1406]},"south":{"uv":[9.385,14.1406],"uv_size":[0.615,-0.1406]},"east":{"uv":[9.385,13.7166],"uv_size":[0.615,0.1406]},"west":{"uv":[9.385,13.8594],"uv_size":[0.615,0.1406]},"up":{"uv":[9.252,13.7166],"uv_size":[0.123,0.1406]},"down":{"uv":[9.252,13.7166],"uv_size":[0.123,0.1406]}}},{"origin":[10.3309,10.8692,-2],"size":[1.6,1.4,2],"pivot":[10,14.2692,-1],"uv":{"north":{"uv":[8.7843,14.1394],"uv_size":[0.1845,-0.2109]},"south":{"uv":[8.9658,14.1394],"uv_size":[-0.1845,-0.2109]},"east":{"uv":[8.9718,14.1474],"uv_size":[0.1845,0.2811]},"west":{"uv":[8.7843,14.1474],"uv_size":[0.1845,0.2811]},"up":{"uv":[8.7853,13.7177],"uv_size":[0.246,0.2109]},"down":{"uv":[8.7853,13.7177],"uv_size":[0.246,0.2109]}}},{"origin":[12.3309,12.7692,0.1],"size":[2.5,1,0],"pivot":[10,14.2692,-1],"uv":{"north":{"uv":[8.377,15.8157],"uv_size":[0.123,-0.3514]},"south":{"uv":[8.498,15.8157],"uv_size":[-0.123,-0.3514]},"east":{"uv":[8.002,13.7143],"uv_size":[0.123,0]},"west":{"uv":[8.002,13.7143],"uv_size":[0.123,0]},"up":{"uv":[8,13.72],"uv_size":[0,0.3514]},"down":{"uv":[8,13.72],"uv_size":[0,0.3514]}}},{"origin":[10.3309,16.2692,-2],"size":[1.6,1.4,2],"pivot":[10,14.2692,-1],"uv":{"north":{"uv":[8.9658,14.1394],"uv_size":[-0.1845,-0.2109]},"south":{"uv":[8.7843,14.1394],"uv_size":[0.1845,-0.2109]},"east":{"uv":[9.1533,14.1474],"uv_size":[-0.1845,0.2811]},"west":{"uv":[8.9658,14.1474],"uv_size":[-0.1845,0.2811]},"up":{"uv":[9.0273,13.7177],"uv_size":[-0.246,0.2109]},"down":{"uv":[9.0273,13.7177],"uv_size":[-0.246,0.2109]}}},{"origin":[12.3309,14.7692,0.1],"size":[2.5,1,0],"pivot":[10,14.2692,-1],"uv":{"north":{"uv":[8.498,15.8157],"uv_size":[-0.123,-0.3514]},"south":{"uv":[8.377,15.8157],"uv_size":[0.123,-0.3514]},"east":{"uv":[8.123,13.7143],"uv_size":[-0.123,0]},"west":{"uv":[8.123,13.7143],"uv_size":[-0.123,0]},"up":{"uv":[8,13.72],"uv_size":[0,0.3514]},"down":{"uv":[8,13.72],"uv_size":[0,0.3514]}}},{"origin":[12.3309,14.7692,-2.1],"size":[2.5,1,0],"pivot":[10,14.2692,-1],"uv":{"north":{"uv":[8.498,15.8157],"uv_size":[-0.123,-0.3514]},"south":{"uv":[8.377,15.8157],"uv_size":[0.123,-0.3514]},"east":{"uv":[8.123,13.7143],"uv_size":[-0.123,0]},"west":{"uv":[8.123,13.7143],"uv_size":[-0.123,0]},"up":{"uv":[8,13.72],"uv_size":[0,0.3514]},"down":{"uv":[8,13.72],"uv_size":[0,0.3514]}}},{"origin":[12.3309,12.7692,-2.1],"size":[2.5,1,0],"pivot":[10,14.2692,-1],"uv":{"north":{"uv":[8.377,15.8157],"uv_size":[0.123,-0.3514]},"south":{"uv":[8.498,15.8157],"uv_size":[-0.123,-0.3514]},"east":{"uv":[8.002,13.7143],"uv_size":[0.123,0]},"west":{"uv":[8.002,13.7143],"uv_size":[0.123,0]},"up":{"uv":[8,13.72],"uv_size":[0,0.3514]},"down":{"uv":[8,13.72],"uv_size":[0,0.3514]}}},{"origin":[9.6309,7.2692,-0.2],"size":[1,3,0],"pivot":[10,14.2692,-1],"uv":{"north":{"uv":[8.869,15.8594],"uv_size":[-0.369,0.1406]},"south":{"uv":[8.869,15.9977],"uv_size":[-0.369,-0.1406]},"east":{"uv":[8.006,13.7143],"uv_size":[0.369,0]},"west":{"uv":[8.006,13.7143],"uv_size":[0.369,0]},"up":{"uv":[8.127,13.7143],"uv_size":[0.123,0]},"down":{"uv":[8.127,13.7143],"uv_size":[0.123,0]}}},{"origin":[10.6309,7.2692,-1.8],"size":[0,3,1.6],"pivot":[10,14.2692,-1],"uv":{"north":{"uv":[8.369,13.7143],"uv_size":[-0.369,0]},"south":{"uv":[8.369,13.7143],"uv_size":[-0.369,0]},"east":{"uv":[9.631,14.1963],"uv_size":[0.369,0.2109]},"west":{"uv":[9.631,14.1963],"uv_size":[0.369,0.2109]},"up":{"uv":[8.0032,13.7143],"uv_size":[0.1968,0]},"down":{"uv":[8.0032,13.7143],"uv_size":[0.1968,0]}}},{"origin":[9.3309,16.2692,-1.5],"size":[1,5,1],"pivot":[10,14.2692,-1],"uv":{"north":{"uv":[9.385,14.1406],"uv_size":[0.615,-0.1406]},"south":{"uv":[9.99,14.1406],"uv_size":[-0.615,-0.1406]},"east":{"uv":[9.99,13.7166],"uv_size":[-0.615,0.1406]},"west":{"uv":[9.99,13.8594],"uv_size":[-0.615,0.1406]},"up":{"uv":[9.373,13.7166],"uv_size":[-0.123,0.1406]},"down":{"uv":[9.373,13.7166],"uv_size":[-0.123,0.1406]}}},{"origin":[10.0809,8.1192,-0.1],"size":[3,2.5,0],"pivot":[10,14.2692,-1],"uv":{"north":{"uv":[8.869,15.8157],"uv_size":[-0.369,-0.3514]},"south":{"uv":[8.506,15.8157],"uv_size":[0.369,-0.3514]},"east":{"uv":[8,13.7189],"uv_size":[0,0.2811]},"west":{"uv":[8,13.7189],"uv_size":[0,0.2811]},"up":{"uv":[8.004,13.7143],"uv_size":[0.246,0]},"down":{"uv":[8.004,13.7143],"uv_size":[0.246,0]}}},{"origin":[9.6309,7.2692,-1.8],"size":[1,3,0],"pivot":[10,14.2692,-1],"uv":{"north":{"uv":[8.506,15.9977],"uv_size":[0.369,-0.1406]},"south":{"uv":[8.506,15.8594],"uv_size":[0.369,0.1406]},"east":{"uv":[8.006,13.7143],"uv_size":[0.369,0]},"west":{"uv":[8.006,13.7143],"uv_size":[0.369,0]},"up":{"uv":[8.127,13.7143],"uv_size":[0.123,0]},"down":{"uv":[8.127,13.7143],"uv_size":[0.123,0]}}},{"origin":[10.0809,8.1192,-1.9],"size":[3,2.5,0],"pivot":[10,14.2692,-1],"uv":{"north":{"uv":[8.506,15.47],"uv_size":[0.369,0.3514]},"south":{"uv":[8.869,15.47],"uv_size":[-0.369,0.3514]},"east":{"uv":[8,13.7189],"uv_size":[0,0.2811]},"west":{"uv":[8,13.7189],"uv_size":[0,0.2811]},"up":{"uv":[8.004,13.7143],"uv_size":[0.246,0]},"down":{"uv":[8.004,13.7143],"uv_size":[0.246,0]}}},{"origin":[10.0809,17.9191,-1.9],"size":[3,2.5,0],"pivot":[10,14.2692,-1],"uv":{"north":{"uv":[8.506,15.8157],"uv_size":[0.369,-0.3514]},"south":{"uv":[8.869,15.8157],"uv_size":[-0.369,-0.3514]},"east":{"uv":[8,13.9954],"uv_size":[0,-0.2811]},"west":{"uv":[8,13.9954],"uv_size":[0,-0.2811]},"up":{"uv":[8.004,13.7143],"uv_size":[0.246,0]},"down":{"uv":[8.004,13.7143],"uv_size":[0.246,0]}}},{"origin":[10.0809,17.9191,-0.1],"size":[3,2.5,0],"pivot":[10,14.2692,-1],"uv":{"north":{"uv":[8.869,15.47],"uv_size":[-0.369,0.3514]},"south":{"uv":[8.506,15.47],"uv_size":[0.369,0.3514]},"east":{"uv":[8,13.9954],"uv_size":[0,-0.2811]},"west":{"uv":[8,13.9954],"uv_size":[0,-0.2811]},"up":{"uv":[8.004,13.7143],"uv_size":[0.246,0]},"down":{"uv":[8.004,13.7143],"uv_size":[0.246,0]}}},{"origin":[10.6309,18.2692,-1.8],"size":[0,3,1.6],"pivot":[10,14.2692,-1],"uv":{"north":{"uv":[8.006,13.7143],"uv_size":[0.369,0]},"south":{"uv":[8.006,13.7143],"uv_size":[0.369,0]},"east":{"uv":[9.994,14.1963],"uv_size":[-0.369,0.2109]},"west":{"uv":[9.994,14.1963],"uv_size":[-0.369,0.2109]},"up":{"uv":[8.1968,13.7143],"uv_size":[-0.1968,0]},"down":{"uv":[8.1968,13.7143],"uv_size":[-0.1968,0]}}},{"origin":[9.6309,18.2692,-0.2],"size":[1,3,0],"pivot":[10,14.2692,-1],"uv":{"north":{"uv":[8.506,15.8594],"uv_size":[0.369,0.1406]},"south":{"uv":[8.506,15.9977],"uv_size":[0.369,-0.1406]},"east":{"uv":[8.369,13.7143],"uv_size":[-0.369,0]},"west":{"uv":[8.369,13.7143],"uv_size":[-0.369,0]},"up":{"uv":[8.127,13.7143],"uv_size":[0.123,0]},"down":{"uv":[8.127,13.7143],"uv_size":[0.123,0]}}},{"origin":[5.8309,12.2692,-0.5],"size":[4,1.5,0],"pivot":[10,14.2692,-1],"uv":{"north":{"uv":[9.133,15.9609],"uv_size":[0.492,-0.2109]},"south":{"uv":[9.617,15.9609],"uv_size":[-0.492,-0.2109]},"east":{"uv":[9.75,15.0046],"uv_size":[0,0.2811]},"west":{"uv":[9.75,15.0046],"uv_size":[0,0.2811]},"up":{"uv":[9.633,13.8571],"uv_size":[0.492,0]},"down":{"uv":[9.633,13.7143],"uv_size":[0.492,0]}}},{"origin":[9.6309,18.2692,-1.8],"size":[1,3,0],"pivot":[10,14.2692,-1],"uv":{"north":{"uv":[8.869,15.9977],"uv_size":[-0.369,-0.1406]},"south":{"uv":[8.869,15.8594],"uv_size":[-0.369,0.1406]},"east":{"uv":[8.369,13.7143],"uv_size":[-0.369,0]},"west":{"uv":[8.369,13.7143],"uv_size":[-0.369,0]},"up":{"uv":[8.127,13.7143],"uv_size":[0.123,0]},"down":{"uv":[8.127,13.7143],"uv_size":[0.123,0]}}},{"origin":[5.8309,14.7692,-0.5],"size":[4,1.5,0],"pivot":[10,14.2692,-1],"uv":{"north":{"uv":[9.133,15.7534],"uv_size":[0.492,0.2109]},"south":{"uv":[9.617,15.7534],"uv_size":[-0.492,0.2109]},"east":{"uv":[9.75,15.2811],"uv_size":[0,-0.2811]},"west":{"uv":[9.75,15.2811],"uv_size":[0,-0.2811]},"up":{"uv":[9.633,13.7143],"uv_size":[0.492,0]},"down":{"uv":[9.633,13.8571],"uv_size":[0.492,0]}}}],"name":"rot_12"},{"parent":"geyser_custom_z","pivot":[8,0,2],"rotation":[0,-0,0],"cubes":[{"origin":[-7,4.5,-0.7],"size":[1,17.5,1],"pivot":[8,0,2],"uv":{"north":{"uv":[3.123,3.7303],"uv_size":[-0.123,2.484]},"south":{"uv":[3.002,3.7303],"uv_size":[0.123,2.484]},"east":{"uv":[3.373,3.3017],"uv_size":[-0.123,2.484]},"west":{"uv":[3.248,3.7303],"uv_size":[-0.123,2.484]},"up":{"uv":[3.627,0.712],"uv_size":[0.123,-0.1406]},"down":{"uv":[3.627,0.7166],"uv_size":[0.123,0.1406]}}},{"origin":[-1,-7,-1],"size":[1,32,1.8],"pivot":[8,0,2],"uv":{"north":{"uv":[2.748,0.016],"uv_size":[-0.123,4.5554]},"south":{"uv":[2.627,0.016],"uv_size":[0.123,4.5554]},"east":{"uv":[0.2153,0.016],"uv_size":[-0.2153,4.5554]},"west":{"uv":[0.4653,0.016],"uv_size":[-0.2153,4.5554]},"up":{"uv":[1.127,4.246],"uv_size":[0.123,-0.246]},"down":{"uv":[1.252,4.004],"uv_size":[0.123,0.246]}}},{"origin":[-2,-5.5,-1],"size":[1,30.5,1.8],"pivot":[8,0,2],"uv":{"north":{"uv":[2.248,3.3017],"uv_size":[-0.123,4.3411]},"south":{"uv":[2.127,3.3017],"uv_size":[0.123,4.3411]},"east":{"uv":[0.7153,0.016],"uv_size":[-0.2153,4.3411]},"west":{"uv":[0.9653,0.016],"uv_size":[-0.2153,4.3411]},"up":{"uv":[1.377,4.246],"uv_size":[0.123,-0.246]},"down":{"uv":[3.502,2.2897],"uv_size":[0.123,0.246]}}},{"origin":[-6,2.5,-0.9],"size":[1,20.5,1.5],"pivot":[8,0,2],"uv":{"north":{"uv":[1.873,3.7303],"uv_size":[-0.123,2.9126]},"south":{"uv":[1.752,3.7303],"uv_size":[0.123,2.9126]},"east":{"uv":[2.9345,0.016],"uv_size":[-0.1845,2.9126]},"west":{"uv":[2.9345,3.016],"uv_size":[-0.1845,2.9126]},"up":{"uv":[3.502,2.7823],"uv_size":[0.123,-0.2109]},"down":{"uv":[3.502,2.8606],"uv_size":[0.123,0.2109]}}},{"origin":[-3,-3.5,-0.9],"size":[1,27.5,1.5],"pivot":[8,0,2],"uv":{"north":{"uv":[2.498,3.3017],"uv_size":[-0.123,3.9126]},"south":{"uv":[2.377,3.3017],"uv_size":[0.123,3.9126]},"east":{"uv":[1.1845,0.016],"uv_size":[-0.1845,3.9126]},"west":{"uv":[1.4345,0.016],"uv_size":[-0.1845,3.9126]},"up":{"uv":[3.502,3.3537],"uv_size":[0.123,-0.2109]},"down":{"uv":[3.502,3.432],"uv_size":[0.123,0.2109]}}},{"origin":[-5,0.5,-0.9],"size":[1,22.5,1.5],"pivot":[8,0,2],"uv":{"north":{"uv":[1.623,3.7303],"uv_size":[-0.123,3.1983]},"south":{"uv":[1.502,3.7303],"uv_size":[0.123,3.1983]},"east":{"uv":[2.1845,0.016],"uv_size":[-0.1845,3.1983]},"west":{"uv":[2.4345,0.016],"uv_size":[-0.1845,3.1983]},"up":{"uv":[3.502,3.9251],"uv_size":[0.123,-0.2109]},"down":{"uv":[3.502,4.0034],"uv_size":[0.123,0.2109]}}},{"origin":[-4,-1.5,-0.9],"size":[1,25.5,1.5],"pivot":[8,0,2],"uv":{"north":{"uv":[3.248,0.016],"uv_size":[-0.123,3.6269]},"south":{"uv":[3.127,0.016],"uv_size":[0.123,3.6269]},"east":{"uv":[1.6845,0.016],"uv_size":[-0.1845,3.6269]},"west":{"uv":[1.9345,0.016],"uv_size":[-0.1845,3.6269]},"up":{"uv":[3.627,0.2109],"uv_size":[0.123,-0.2109]},"down":{"uv":[3.627,0.2891],"uv_size":[0.123,0.2109]}}},{"origin":[-8,6.5,-0.7],"size":[1,15.5,1],"pivot":[8,0,2],"uv":{"north":{"uv":[3.623,0.016],"uv_size":[-0.123,2.1983]},"south":{"uv":[3.502,0.016],"uv_size":[0.123,2.1983]},"east":{"uv":[3.498,2.3017],"uv_size":[-0.123,2.1983]},"west":{"uv":[1.123,4.016],"uv_size":[-0.123,2.1983]},"up":{"uv":[3.627,0.9977],"uv_size":[0.123,-0.1406]},"down":{"uv":[3.627,1.0023],"uv_size":[0.123,0.1406]}}}],"name":"rot_13"},{"parent":"geyser_custom_z","pivot":[1,27.3916,0],"rotation":[0,-0,0],"cubes":[{"origin":[0,24.7832,-1.1],"size":[2,2,2.2],"pivot":[1,27.3916,0],"uv":{"north":{"uv":[11.1603,14.6026],"uv_size":[0.246,-0.2811]},"south":{"uv":[11.1603,14.6026],"uv_size":[0.246,-0.2811]},"east":{"uv":[11.4103,14.6026],"uv_size":[0.246,-0.2811]},"west":{"uv":[11.4103,14.6026],"uv_size":[0.246,-0.2811]},"up":{"uv":[11.0273,14.4331],"uv_size":[-0.246,0.2811]},"down":{"uv":[11.0273,14.1474],"uv_size":[-0.246,0.2811]}}}],"name":"rot_14"},{"parent":"geyser_custom_z","pivot":[-8,0,2],"rotation":[0,-0,0],"cubes":[{"origin":[5,-1.5,-0.9],"size":[1,25.5,1.5],"pivot":[-8,0,2],"uv":{"north":{"uv":[6.248,4.016],"uv_size":[-0.123,3.6269]},"south":{"uv":[6.127,4.016],"uv_size":[0.123,3.6269]},"east":{"uv":[6.4345,0.016],"uv_size":[-0.1845,3.6269]},"west":{"uv":[6.6845,0.016],"uv_size":[-0.1845,3.6269]},"up":{"uv":[4.377,4.7823],"uv_size":[0.123,-0.2109]},"down":{"uv":[4.502,4.5749],"uv_size":[0.123,0.2109]}}},{"origin":[6,0.5,-0.9],"size":[1,22.5,1.5],"pivot":[-8,0,2],"uv":{"north":{"uv":[7.498,0.016],"uv_size":[-0.123,3.1983]},"south":{"uv":[7.377,0.016],"uv_size":[0.123,3.1983]},"east":{"uv":[6.9345,0.016],"uv_size":[-0.1845,3.1983]},"west":{"uv":[6.9345,3.3017],"uv_size":[-0.1845,3.1983]},"up":{"uv":[7.752,1.068],"uv_size":[0.123,-0.2109]},"down":{"uv":[4.627,4.5749],"uv_size":[0.123,0.2109]}}},{"origin":[9,6.5,-0.7],"size":[1,15.5,1],"pivot":[-8,0,2],"uv":{"north":{"uv":[7.748,2.5874],"uv_size":[-0.123,2.1983]},"south":{"uv":[7.627,2.5874],"uv_size":[0.123,2.1983]},"east":{"uv":[5.748,4.4446],"uv_size":[-0.123,2.1983]},"west":{"uv":[3.873,4.5874],"uv_size":[-0.123,2.1983]},"up":{"uv":[7.752,1.5691],"uv_size":[0.123,-0.1406]},"down":{"uv":[5.127,4.5737],"uv_size":[0.123,0.1406]}}},{"origin":[4,-3.5,-0.9],"size":[1,27.5,1.5],"pivot":[-8,0,2],"uv":{"north":{"uv":[5.998,4.016],"uv_size":[-0.123,3.9126]},"south":{"uv":[5.877,4.016],"uv_size":[0.123,3.9126]},"east":{"uv":[5.9345,0.016],"uv_size":[-0.1845,3.9126]},"west":{"uv":[6.1845,0.016],"uv_size":[-0.1845,3.9126]},"up":{"uv":[4.752,4.7823],"uv_size":[0.123,-0.2109]},"down":{"uv":[7.752,1.1463],"uv_size":[0.123,0.2109]}}},{"origin":[7,2.5,-0.9],"size":[1,20.5,1.5],"pivot":[-8,0,2],"uv":{"north":{"uv":[7.623,0.016],"uv_size":[-0.123,2.9126]},"south":{"uv":[7.502,0.016],"uv_size":[0.123,2.9126]},"east":{"uv":[6.5595,3.7303],"uv_size":[-0.1845,2.9126]},"west":{"uv":[7.3095,0.016],"uv_size":[-0.1845,2.9126]},"up":{"uv":[4.877,4.7823],"uv_size":[0.123,-0.2109]},"down":{"uv":[5.002,4.5749],"uv_size":[0.123,0.2109]}}},{"origin":[3,-5.5,-1],"size":[1,30.5,1.8],"pivot":[-8,0,2],"uv":{"north":{"uv":[7.248,3.016],"uv_size":[-0.123,4.3411]},"south":{"uv":[7.127,3.016],"uv_size":[0.123,4.3411]},"east":{"uv":[5.4653,0.016],"uv_size":[-0.2153,4.3411]},"west":{"uv":[5.7153,0.016],"uv_size":[-0.2153,4.3411]},"up":{"uv":[7.752,0.5317],"uv_size":[0.123,-0.246]},"down":{"uv":[4.127,4.5754],"uv_size":[0.123,0.246]}}},{"origin":[0,-7,-1.1],"size":[2,32,2],"pivot":[-8,0,2],"uv":{"north":{"uv":[4.496,0.016],"uv_size":[-0.246,4.5554]},"south":{"uv":[4.254,0.016],"uv_size":[0.246,4.5554]},"east":{"uv":[4.246,0.016],"uv_size":[-0.246,4.5554]},"west":{"uv":[4.746,0.016],"uv_size":[-0.246,4.5554]},"up":{"uv":[7.754,0.2811],"uv_size":[0.246,-0.2811]},"down":{"uv":[3.879,4.576],"uv_size":[0.246,0.2811]}}},{"origin":[2,-7,-1],"size":[1,32,1.8],"pivot":[-8,0,2],"uv":{"north":{"uv":[6.373,3.7303],"uv_size":[-0.123,4.5554]},"south":{"uv":[6.252,3.7303],"uv_size":[0.123,4.5554]},"east":{"uv":[4.9653,0.016],"uv_size":[-0.2153,4.5554]},"west":{"uv":[5.2153,0.016],"uv_size":[-0.2153,4.5554]},"up":{"uv":[4.252,4.8174],"uv_size":[0.123,-0.246]},"down":{"uv":[7.752,0.5754],"uv_size":[0.123,0.246]}}},{"origin":[8,4.5,-0.7],"size":[1,17.5,1],"pivot":[-8,0,2],"uv":{"north":{"uv":[5.373,4.4446],"uv_size":[-0.123,2.484]},"south":{"uv":[5.252,4.4446],"uv_size":[0.123,2.484]},"east":{"uv":[7.748,0.016],"uv_size":[-0.123,2.484]},"west":{"uv":[5.498,4.4446],"uv_size":[-0.123,2.484]},"up":{"uv":[7.752,1.712],"uv_size":[0.123,-0.1406]},"down":{"uv":[7.752,1.7166],"uv_size":[0.123,0.1406]}}}],"name":"rot_15"},{"parent":"geyser_custom_z","pivot":[-8,14.2692,-1],"rotation":[0,-0,0],"cubes":[{"origin":[-11.3309,12.2692,-2],"size":[5,4,2],"pivot":[-8,14.2692,-1],"uv":{"north":{"uv":[7.242,14.5114],"uv_size":[-0.492,0.7029]},"south":{"uv":[7.242,14.5114],"uv_size":[-0.492,0.7029]},"east":{"uv":[8.492,14.9954],"uv_size":[-0.492,-0.2811]},"west":{"uv":[8.492,14.4331],"uv_size":[-0.492,0.2811]},"up":{"uv":[8.504,14.4171],"uv_size":[0.246,-0.7029]},"down":{"uv":[8.504,14.4171],"uv_size":[0.246,-0.7029]}}},{"origin":[-8.3309,7.2692,-1.5],"size":[1,5,1],"pivot":[-8,14.2692,-1],"uv":{"north":{"uv":[9.99,14.0023],"uv_size":[-0.615,0.1406]},"south":{"uv":[9.385,14.0023],"uv_size":[0.615,0.1406]},"east":{"uv":[9.385,13.9977],"uv_size":[0.615,-0.1406]},"west":{"uv":[9.385,13.8549],"uv_size":[0.615,-0.1406]},"up":{"uv":[9.252,13.8549],"uv_size":[0.123,-0.1406]},"down":{"uv":[9.252,13.8549],"uv_size":[0.123,-0.1406]}}},{"origin":[-9.9309,10.8692,-2],"size":[1.6,1.4,2],"pivot":[-8,14.2692,-1],"uv":{"north":{"uv":[8.7843,13.932],"uv_size":[0.1845,0.2109]},"south":{"uv":[8.9658,13.932],"uv_size":[-0.1845,0.2109]},"east":{"uv":[8.7843,14.424],"uv_size":[0.1845,-0.2811]},"west":{"uv":[8.9718,14.424],"uv_size":[0.1845,-0.2811]},"up":{"uv":[8.7853,13.9251],"uv_size":[0.246,-0.2109]},"down":{"uv":[8.7853,13.9251],"uv_size":[0.246,-0.2109]}}},{"origin":[-12.8309,12.7692,0.1],"size":[2.5,1,0],"pivot":[-8,14.2692,-1],"uv":{"north":{"uv":[8.377,15.47],"uv_size":[0.123,0.3514]},"south":{"uv":[8.498,15.47],"uv_size":[-0.123,0.3514]},"east":{"uv":[8.002,13.7143],"uv_size":[0.123,0]},"west":{"uv":[8.002,13.7143],"uv_size":[0.123,0]},"up":{"uv":[8,14.0657],"uv_size":[0,-0.3514]},"down":{"uv":[8,14.0657],"uv_size":[0,-0.3514]}}},{"origin":[-9.9309,16.2692,-2],"size":[1.6,1.4,2],"pivot":[-8,14.2692,-1],"uv":{"north":{"uv":[8.9658,13.932],"uv_size":[-0.1845,0.2109]},"south":{"uv":[8.7843,13.932],"uv_size":[0.1845,0.2109]},"east":{"uv":[8.9658,14.424],"uv_size":[-0.1845,-0.2811]},"west":{"uv":[9.1533,14.424],"uv_size":[-0.1845,-0.2811]},"up":{"uv":[9.0273,13.9251],"uv_size":[-0.246,-0.2109]},"down":{"uv":[9.0273,13.9251],"uv_size":[-0.246,-0.2109]}}},{"origin":[-12.8309,14.7692,0.1],"size":[2.5,1,0],"pivot":[-8,14.2692,-1],"uv":{"north":{"uv":[8.498,15.47],"uv_size":[-0.123,0.3514]},"south":{"uv":[8.377,15.47],"uv_size":[0.123,0.3514]},"east":{"uv":[8.123,13.7143],"uv_size":[-0.123,0]},"west":{"uv":[8.123,13.7143],"uv_size":[-0.123,0]},"up":{"uv":[8,14.0657],"uv_size":[0,-0.3514]},"down":{"uv":[8,14.0657],"uv_size":[0,-0.3514]}}},{"origin":[-12.8309,14.7692,-2.1],"size":[2.5,1,0],"pivot":[-8,14.2692,-1],"uv":{"north":{"uv":[8.498,15.47],"uv_size":[-0.123,0.3514]},"south":{"uv":[8.377,15.47],"uv_size":[0.123,0.3514]},"east":{"uv":[8.123,13.7143],"uv_size":[-0.123,0]},"west":{"uv":[8.123,13.7143],"uv_size":[-0.123,0]},"up":{"uv":[8,14.0657],"uv_size":[0,-0.3514]},"down":{"uv":[8,14.0657],"uv_size":[0,-0.3514]}}},{"origin":[-12.8309,12.7692,-2.1],"size":[2.5,1,0],"pivot":[-8,14.2692,-1],"uv":{"north":{"uv":[8.377,15.47],"uv_size":[0.123,0.3514]},"south":{"uv":[8.498,15.47],"uv_size":[-0.123,0.3514]},"east":{"uv":[8.002,13.7143],"uv_size":[0.123,0]},"west":{"uv":[8.002,13.7143],"uv_size":[0.123,0]},"up":{"uv":[8,14.0657],"uv_size":[0,-0.3514]},"down":{"uv":[8,14.0657],"uv_size":[0,-0.3514]}}},{"origin":[-8.6308,7.2692,-0.2],"size":[1,3,0],"pivot":[-8,14.2692,-1],"uv":{"north":{"uv":[8.869,15.9977],"uv_size":[-0.369,-0.1406]},"south":{"uv":[8.869,15.8594],"uv_size":[-0.369,0.1406]},"east":{"uv":[8.006,13.7143],"uv_size":[0.369,0]},"west":{"uv":[8.006,13.7143],"uv_size":[0.369,0]},"up":{"uv":[8.248,13.7143],"uv_size":[-0.123,0]},"down":{"uv":[8.248,13.7143],"uv_size":[-0.123,0]}}},{"origin":[-8.6308,7.2692,-1.8],"size":[0,3,1.6],"pivot":[-8,14.2692,-1],"uv":{"north":{"uv":[8.369,13.7143],"uv_size":[-0.369,0]},"south":{"uv":[8.369,13.7143],"uv_size":[-0.369,0]},"east":{"uv":[9.631,14.4037],"uv_size":[0.369,-0.2109]},"west":{"uv":[9.631,14.4037],"uv_size":[0.369,-0.2109]},"up":{"uv":[8.0032,13.7143],"uv_size":[0.1968,0]},"down":{"uv":[8.0032,13.7143],"uv_size":[0.1968,0]}}},{"origin":[-8.3309,16.2692,-1.5],"size":[1,5,1],"pivot":[-8,14.2692,-1],"uv":{"north":{"uv":[9.385,14.0023],"uv_size":[0.615,0.1406]},"south":{"uv":[9.99,14.0023],"uv_size":[-0.615,0.1406]},"east":{"uv":[9.99,13.9977],"uv_size":[-0.615,-0.1406]},"west":{"uv":[9.99,13.8549],"uv_size":[-0.615,-0.1406]},"up":{"uv":[9.373,13.8549],"uv_size":[-0.123,-0.1406]},"down":{"uv":[9.373,13.8549],"uv_size":[-0.123,-0.1406]}}},{"origin":[-11.0809,8.1192,-0.1],"size":[3,2.5,0],"pivot":[-8,14.2692,-1],"uv":{"north":{"uv":[8.506,15.8157],"uv_size":[0.369,-0.3514]},"south":{"uv":[8.869,15.8157],"uv_size":[-0.369,-0.3514]},"east":{"uv":[8,13.7189],"uv_size":[0,0.2811]},"west":{"uv":[8,13.7189],"uv_size":[0,0.2811]},"up":{"uv":[8.246,13.7143],"uv_size":[-0.246,0]},"down":{"uv":[8.246,13.7143],"uv_size":[-0.246,0]}}},{"origin":[-8.6308,7.2692,-1.8],"size":[1,3,0],"pivot":[-8,14.2692,-1],"uv":{"north":{"uv":[8.506,15.8594],"uv_size":[0.369,0.1406]},"south":{"uv":[8.506,15.9977],"uv_size":[0.369,-0.1406]},"east":{"uv":[8.006,13.7143],"uv_size":[0.369,0]},"west":{"uv":[8.006,13.7143],"uv_size":[0.369,0]},"up":{"uv":[8.248,13.7143],"uv_size":[-0.123,0]},"down":{"uv":[8.248,13.7143],"uv_size":[-0.123,0]}}},{"origin":[-11.0809,8.1192,-1.9],"size":[3,2.5,0],"pivot":[-8,14.2692,-1],"uv":{"north":{"uv":[8.869,15.47],"uv_size":[-0.369,0.3514]},"south":{"uv":[8.506,15.47],"uv_size":[0.369,0.3514]},"east":{"uv":[8,13.7189],"uv_size":[0,0.2811]},"west":{"uv":[8,13.7189],"uv_size":[0,0.2811]},"up":{"uv":[8.246,13.7143],"uv_size":[-0.246,0]},"down":{"uv":[8.246,13.7143],"uv_size":[-0.246,0]}}},{"origin":[-11.0809,17.9191,-1.9],"size":[3,2.5,0],"pivot":[-8,14.2692,-1],"uv":{"north":{"uv":[8.869,15.8157],"uv_size":[-0.369,-0.3514]},"south":{"uv":[8.506,15.8157],"uv_size":[0.369,-0.3514]},"east":{"uv":[8,13.9954],"uv_size":[0,-0.2811]},"west":{"uv":[8,13.9954],"uv_size":[0,-0.2811]},"up":{"uv":[8.246,13.7143],"uv_size":[-0.246,0]},"down":{"uv":[8.246,13.7143],"uv_size":[-0.246,0]}}},{"origin":[-11.0809,17.9191,-0.1],"size":[3,2.5,0],"pivot":[-8,14.2692,-1],"uv":{"north":{"uv":[8.506,15.47],"uv_size":[0.369,0.3514]},"south":{"uv":[8.869,15.47],"uv_size":[-0.369,0.3514]},"east":{"uv":[8,13.9954],"uv_size":[0,-0.2811]},"west":{"uv":[8,13.9954],"uv_size":[0,-0.2811]},"up":{"uv":[8.246,13.7143],"uv_size":[-0.246,0]},"down":{"uv":[8.246,13.7143],"uv_size":[-0.246,0]}}},{"origin":[-8.6308,18.2692,-1.8],"size":[0,3,1.6],"pivot":[-8,14.2692,-1],"uv":{"north":{"uv":[8.006,13.7143],"uv_size":[0.369,0]},"south":{"uv":[8.006,13.7143],"uv_size":[0.369,0]},"east":{"uv":[9.994,14.4037],"uv_size":[-0.369,-0.2109]},"west":{"uv":[9.994,14.4037],"uv_size":[-0.369,-0.2109]},"up":{"uv":[8.1968,13.7143],"uv_size":[-0.1968,0]},"down":{"uv":[8.1968,13.7143],"uv_size":[-0.1968,0]}}},{"origin":[-8.6308,18.2692,-0.2],"size":[1,3,0],"pivot":[-8,14.2692,-1],"uv":{"north":{"uv":[8.506,15.9977],"uv_size":[0.369,-0.1406]},"south":{"uv":[8.506,15.8594],"uv_size":[0.369,0.1406]},"east":{"uv":[8.369,13.7143],"uv_size":[-0.369,0]},"west":{"uv":[8.369,13.7143],"uv_size":[-0.369,0]},"up":{"uv":[8.248,13.7143],"uv_size":[-0.123,0]},"down":{"uv":[8.248,13.7143],"uv_size":[-0.123,0]}}},{"origin":[-7.8309,12.2692,-0.5],"size":[4,1.5,0],"pivot":[-8,14.2692,-1],"uv":{"north":{"uv":[9.617,15.9609],"uv_size":[-0.492,-0.2109]},"south":{"uv":[9.133,15.9609],"uv_size":[0.492,-0.2109]},"east":{"uv":[9.75,15.0046],"uv_size":[0,0.2811]},"west":{"uv":[9.75,15.0046],"uv_size":[0,0.2811]},"up":{"uv":[10.117,13.8571],"uv_size":[-0.492,0]},"down":{"uv":[10.117,13.7143],"uv_size":[-0.492,0]}}},{"origin":[-8.6308,18.2692,-1.8],"size":[1,3,0],"pivot":[-8,14.2692,-1],"uv":{"north":{"uv":[8.869,15.8594],"uv_size":[-0.369,0.1406]},"south":{"uv":[8.869,15.9977],"uv_size":[-0.369,-0.1406]},"east":{"uv":[8.369,13.7143],"uv_size":[-0.369,0]},"west":{"uv":[8.369,13.7143],"uv_size":[-0.369,0]},"up":{"uv":[8.248,13.7143],"uv_size":[-0.123,0]},"down":{"uv":[8.248,13.7143],"uv_size":[-0.123,0]}}},{"origin":[-7.8309,14.7692,-0.5],"size":[4,1.5,0],"pivot":[-8,14.2692,-1],"uv":{"north":{"uv":[9.617,15.7534],"uv_size":[-0.492,0.2109]},"south":{"uv":[9.133,15.7534],"uv_size":[0.492,0.2109]},"east":{"uv":[9.75,15.2811],"uv_size":[0,-0.2811]},"west":{"uv":[9.75,15.2811],"uv_size":[0,-0.2811]},"up":{"uv":[10.117,13.7143],"uv_size":[-0.492,0]},"down":{"uv":[10.117,13.8571],"uv_size":[-0.492,0]}}}],"name":"rot_16"},{"parent":"geyser_custom_z","pivot":[-8.5281,-0.1469,-1],"rotation":[0,-0,0],"cubes":[{"origin":[-9.2628,-0.6026,-1.5],"size":[1,3,1],"pivot":[-8.5281,-0.1469,-1],"uv":{"north":{"uv":[14.119,5.4309],"uv_size":[-0.369,0.1406]},"south":{"uv":[13.756,5.4309],"uv_size":[0.369,0.1406]},"east":{"uv":[13.627,6.2789],"uv_size":[0.123,-0.4217]},"west":{"uv":[13.627,5.8503],"uv_size":[0.123,-0.4217]},"up":{"uv":[13.752,5.712],"uv_size":[0.123,-0.1406]},"down":{"uv":[13.877,5.712],"uv_size":[0.123,-0.1406]}}},{"origin":[-11.2122,0.1383,-1.325],"size":[1,1,0.7],"pivot":[-8.5281,-0.1469,-1],"uv":{"north":{"uv":[11.1835,11.2097],"uv_size":[-0.246,-0.2811]},"south":{"uv":[10.9415,11.2097],"uv_size":[0.246,-0.2811]},"east":{"uv":[10.9415,11.3549],"uv_size":[0.246,-0.1406]},"west":{"uv":[11.3105,10.9331],"uv_size":[-0.123,0.2811]},"up":{"uv":[10.9415,11.3549],"uv_size":[0.246,-0.1406]},"down":{"uv":[11.3105,10.9331],"uv_size":[-0.123,0.2811]}}}],"name":"rot_17"},{"parent":"geyser_custom_z","pivot":[1,27.3916,0],"rotation":[-22.5,0,0],"cubes":[{"origin":[0.725,25.3016,1.1338],"size":[0.5,2,1],"pivot":[1,27.3916,0],"uv":{"north":{"uv":[10.876,14.1383],"uv_size":[0.0615,-0.2811]},"south":{"uv":[10.876,14.1383],"uv_size":[0.0615,-0.2811]},"east":{"uv":[10.752,14.1383],"uv_size":[0.123,-0.2811]},"west":{"uv":[10.873,14.1383],"uv_size":[-0.123,-0.2811]},"up":{"uv":[10.627,14.0703],"uv_size":[0.123,-0.0703]},"down":{"uv":[10.627,14.0703],"uv_size":[0.123,-0.0703]}}},{"origin":[1.025,28.2441,0.164],"size":[0,3,2.5],"pivot":[1,27.3916,0],"uv":{"north":{"uv":[10,14.136],"uv_size":[0,-0.4217]},"south":{"uv":[10,14.136],"uv_size":[0,-0.4217]},"east":{"uv":[11.1613,15.0289],"uv_size":[0.3075,-0.4217]},"west":{"uv":[11.4637,15.0289],"uv_size":[-0.3075,-0.4217]},"up":{"uv":[10,13.7211],"uv_size":[0,0.4217]},"down":{"uv":[10,13.7211],"uv_size":[0,0.4217]}}},{"origin":[0.725,27.3016,0.1338],"size":[0.5,1,2],"pivot":[1,27.3916,0],"uv":{"north":{"uv":[11.499,13.8549],"uv_size":[-0.0615,-0.1406]},"south":{"uv":[11.1543,14.0703],"uv_size":[-0.123,-0.0703]},"east":{"uv":[11.1543,13.9954],"uv_size":[-0.123,-0.2811]},"west":{"uv":[11.0333,13.9954],"uv_size":[0.123,-0.2811]},"up":{"uv":[11.3428,13.9954],"uv_size":[-0.0615,-0.2811]},"down":{"uv":[11.2178,13.9954],"uv_size":[-0.0615,-0.2811]}}},{"origin":[0.625,26.0207,-2.679],"size":[0.7,1,1],"pivot":[1,27.3916,0],"uv":{"north":{"uv":[11.5918,14.7511],"uv_size":[-0.123,0.0703]},"south":{"uv":[11.5948,14.7477],"uv_size":[0.0615,-0.1406]},"east":{"uv":[11.5918,14.6094],"uv_size":[-0.123,0.1406]},"west":{"uv":[11.4708,14.6094],"uv_size":[0.123,0.1406]},"up":{"uv":[11.4708,14.8203],"uv_size":[0.123,-0.0703]},"down":{"uv":[11.6553,14.6094],"uv_size":[-0.0615,0.1406]}}}],"name":"rot_18"},{"parent":"geyser_custom_z","pivot":[10.5281,-0.1469,-1],"rotation":[0,0,22.5],"cubes":[{"origin":[9.4757,-1.7454,-2],"size":[2,3,2],"pivot":[10.5281,-0.1469,-1],"uv":{"north":{"uv":[10.871,12.5646],"uv_size":[-0.246,-0.4217]},"south":{"uv":[10.871,12.1497],"uv_size":[-0.246,0.4217]},"east":{"uv":[10.871,13.4217],"uv_size":[-0.246,-0.4217]},"west":{"uv":[10.871,12.9931],"uv_size":[-0.246,-0.4217]},"up":{"uv":[10.629,13.4331],"uv_size":[0.246,0.2811]},"down":{"uv":[10.879,13.4331],"uv_size":[0.246,0.2811]}}}],"name":"rot_19"},{"parent":"geyser_custom_z","pivot":[10,14.2692,-1],"rotation":[0,0,22.5],"cubes":[{"origin":[9.2288,11.6603,-1.9],"size":[3,1.8,1.8],"pivot":[10,14.2692,-1],"uv":{"north":{"uv":[8.869,14.4331],"uv_size":[-0.369,0.2811]},"south":{"uv":[8.506,14.4331],"uv_size":[0.369,0.2811]},"east":{"uv":[8.746,14.9954],"uv_size":[-0.246,-0.2811]},"west":{"uv":[8.746,14.9954],"uv_size":[-0.246,-0.2811]},"up":{"uv":[9.748,13.8549],"uv_size":[-0.123,-0.1406]},"down":{"uv":[8.994,15.4597],"uv_size":[-0.369,-0.2811]}}},{"origin":[6.6736,20.4335,-1.4],"size":[1,1,0.8],"pivot":[10,14.2692,-1],"uv":{"north":{"uv":[9.998,14.8549],"uv_size":[-0.123,-0.1406]},"south":{"uv":[9.877,14.8549],"uv_size":[0.123,-0.1406]},"east":{"uv":[9.748,14.5737],"uv_size":[-0.123,0.1406]},"west":{"uv":[9.748,14.7166],"uv_size":[-0.123,0.1406]},"up":{"uv":[9.873,14.7166],"uv_size":[-0.123,0.1406]},"down":{"uv":[9.873,14.7166],"uv_size":[-0.123,0.1406]}}}],"name":"rot_20"},{"parent":"geyser_custom_z","pivot":[9.25,24.5,-4.25],"rotation":[0,0,22.5],"cubes":[{"origin":[4.5,22.35,-1.25],"size":[5.5,0.5,2],"pivot":[9.25,24.5,-4.25],"uv":{"north":{"uv":[14.126,1.2983],"uv_size":[0.0615,0.7731]},"south":{"uv":[14.126,1.2983],"uv_size":[0.0615,0.7731]},"east":{"uv":[14.0635,1.326],"uv_size":[0.0615,0.2811]},"west":{"uv":[14.0635,1.326],"uv_size":[0.0615,0.2811]},"up":{"uv":[14.4335,2.0589],"uv_size":[-0.246,-0.7731]},"down":{"uv":[14.4335,2.0589],"uv_size":[-0.246,-0.7731]}}}],"name":"rot_21"},{"parent":"geyser_custom_z","pivot":[1,27.3916,0],"rotation":[0,0,22.5],"cubes":[{"origin":[-1.679,26.0207,-0.325],"size":[1,1,0.7],"pivot":[1,27.3916,0],"uv":{"north":{"uv":[11.4708,14.6094],"uv_size":[0.123,0.1406]},"south":{"uv":[11.5918,14.6094],"uv_size":[-0.123,0.1406]},"east":{"uv":[11.5918,14.7511],"uv_size":[-0.123,0.0703]},"west":{"uv":[11.5948,14.7477],"uv_size":[0.0615,-0.1406]},"up":{"uv":[11.5918,14.7511],"uv_size":[-0.123,0.0703]},"down":{"uv":[11.5948,14.7477],"uv_size":[0.0615,-0.1406]}}},{"origin":[2.1338,25.3016,-0.225],"size":[1,2,0.5],"pivot":[1,27.3916,0],"uv":{"north":{"uv":[10.873,14.1383],"uv_size":[-0.123,-0.2811]},"south":{"uv":[10.752,14.1383],"uv_size":[0.123,-0.2811]},"east":{"uv":[10.876,14.1383],"uv_size":[0.0615,-0.2811]},"west":{"uv":[10.876,14.1383],"uv_size":[0.0615,-0.2811]},"up":{"uv":[10.748,14.0011],"uv_size":[-0.123,0.0703]},"down":{"uv":[10.748,14.0011],"uv_size":[-0.123,0.0703]}}},{"origin":[1.1338,27.3016,-0.225],"size":[2,1,0.5],"pivot":[1,27.3916,0],"uv":{"north":{"uv":[11.0333,13.9954],"uv_size":[0.123,-0.2811]},"south":{"uv":[11.1543,13.9954],"uv_size":[-0.123,-0.2811]},"east":{"uv":[11.499,13.8549],"uv_size":[-0.0615,-0.1406]},"west":{"uv":[11.1543,14.0703],"uv_size":[-0.123,-0.0703]},"up":{"uv":[11.2823,13.7189],"uv_size":[0.0615,0.2811]},"down":{"uv":[11.1573,13.7189],"uv_size":[0.0615,0.2811]}}},{"origin":[1.164,28.2441,-0.025],"size":[2.5,3,0],"pivot":[1,27.3916,0],"uv":{"north":{"uv":[11.4637,15.0289],"uv_size":[-0.3075,-0.4217]},"south":{"uv":[11.1613,15.0289],"uv_size":[0.3075,-0.4217]},"east":{"uv":[10,14.136],"uv_size":[0,-0.4217]},"west":{"uv":[10,14.136],"uv_size":[0,-0.4217]},"up":{"uv":[10,14.136],"uv_size":[0,-0.4217]},"down":{"uv":[10,14.136],"uv_size":[0,-0.4217]}}}],"name":"rot_22"},{"parent":"geyser_custom_z","pivot":[-8,14.2692,-1],"rotation":[0,0,22.5],"cubes":[{"origin":[-5.6736,7.1048,-1.4],"size":[1,1,0.8],"pivot":[-8,14.2692,-1],"uv":{"north":{"uv":[9.877,14.7166],"uv_size":[0.123,0.1406]},"south":{"uv":[9.998,14.7166],"uv_size":[-0.123,0.1406]},"east":{"uv":[9.627,14.8549],"uv_size":[0.123,-0.1406]},"west":{"uv":[9.627,14.712],"uv_size":[0.123,-0.1406]},"up":{"uv":[9.752,14.8549],"uv_size":[0.123,-0.1406]},"down":{"uv":[9.752,14.8549],"uv_size":[0.123,-0.1406]}}},{"origin":[-10.2288,15.078,-1.9],"size":[3,1.8,1.8],"pivot":[-8,14.2692,-1],"uv":{"north":{"uv":[8.506,14.7097],"uv_size":[0.369,-0.2811]},"south":{"uv":[8.869,14.7097],"uv_size":[-0.369,-0.2811]},"east":{"uv":[8.504,14.7189],"uv_size":[0.246,0.2811]},"west":{"uv":[8.504,14.7189],"uv_size":[0.246,0.2811]},"up":{"uv":[8.631,15.1831],"uv_size":[0.369,0.2811]},"down":{"uv":[9.627,13.7166],"uv_size":[0.123,0.1406]}}}],"name":"rot_23"},{"parent":"geyser_custom_z","pivot":[-8.5281,-0.1469,-1],"rotation":[0,0,22.5],"cubes":[{"origin":[-8.075,-2.0189,-1.5],"size":[1.5,1.5,1],"pivot":[-8.5281,-0.1469,-1],"uv":{"north":{"uv":[13.878,5.7823],"uv_size":[0.1845,-0.2109]},"south":{"uv":[14.0595,5.7823],"uv_size":[-0.1845,-0.2109]},"east":{"uv":[13.877,5.9966],"uv_size":[0.123,-0.2109]},"west":{"uv":[13.752,6.1394],"uv_size":[0.123,-0.2109]},"up":{"uv":[13.752,5.9251],"uv_size":[0.123,-0.2109]},"down":{"uv":[13.752,5.9251],"uv_size":[0.123,-0.2109]}}},{"origin":[-10.675,-5.3189,-1],"size":[11,12,0],"pivot":[-8.5281,-0.1469,-1],"uv":{"north":{"uv":[10.516,9.4446],"uv_size":[1.484,1.5554]},"south":{"uv":[11.984,9.4446],"uv_size":[-1.484,1.5554]},"east":{"uv":[8,9.1589],"uv_size":[0,1.4126]},"west":{"uv":[8,9.1589],"uv_size":[0,1.4126]},"up":{"uv":[8,10.984],"uv_size":[0,-1.8411]},"down":{"uv":[8,10.984],"uv_size":[0,-1.8411]}}}],"name":"rot_24"},{"parent":"geyser_custom_z","pivot":[10.5281,-0.1469,-1],"rotation":[0,0,45],"cubes":[{"origin":[9.5247,1.8803,-1.025],"size":[2.5,3,0],"pivot":[10.5281,-0.1469,-1],"uv":{"north":{"uv":[11.4637,15.0289],"uv_size":[-0.3075,-0.4217]},"south":{"uv":[11.1613,15.0289],"uv_size":[0.3075,-0.4217]},"east":{"uv":[10,14.136],"uv_size":[0,-0.4217]},"west":{"uv":[10,14.136],"uv_size":[0,-0.4217]},"up":{"uv":[10,14.136],"uv_size":[0,-0.4217]},"down":{"uv":[10,14.136],"uv_size":[0,-0.4217]}}},{"origin":[9.4945,0.9377,-1.225],"size":[2,1,0.5],"pivot":[10.5281,-0.1469,-1],"uv":{"north":{"uv":[11.0333,13.9954],"uv_size":[0.123,-0.2811]},"south":{"uv":[11.1543,13.9954],"uv_size":[-0.123,-0.2811]},"east":{"uv":[11.499,13.8549],"uv_size":[-0.0615,-0.1406]},"west":{"uv":[11.1543,14.0703],"uv_size":[-0.123,-0.0703]},"up":{"uv":[11.2823,13.7189],"uv_size":[0.0615,0.2811]},"down":{"uv":[11.1573,13.7189],"uv_size":[0.0615,0.2811]}}},{"origin":[10.4945,-1.0623,-1.225],"size":[1,2,0.5],"pivot":[10.5281,-0.1469,-1],"uv":{"north":{"uv":[9.746,9.9909],"uv_size":[-0.246,-0.5623]},"south":{"uv":[9.504,9.9909],"uv_size":[0.246,-0.5623]},"east":{"uv":[9.752,9.9909],"uv_size":[0.123,-0.5623]},"west":{"uv":[9.752,9.9909],"uv_size":[0.123,-0.5623]},"up":{"uv":[9.496,9.7166],"uv_size":[-0.246,0.1406]},"down":{"uv":[9.496,9.7166],"uv_size":[-0.246,0.1406]}}}],"name":"rot_25"},{"parent":"geyser_custom_z","pivot":[10,14.2692,-1],"rotation":[0,0,45],"cubes":[{"origin":[7.2913,11.5605,-1.9],"size":[3,3,1.8],"pivot":[10,14.2692,-1],"uv":{"north":{"uv":[8.369,15.0426],"uv_size":[-0.369,0.4217]},"south":{"uv":[8.006,15.4574],"uv_size":[0.369,-0.4217]},"east":{"uv":[8.006,15.4689],"uv_size":[0.369,0.2811]},"west":{"uv":[8.5964,15.0426],"uv_size":[-0.2214,0.4217]},"up":{"uv":[8.006,15.4684],"uv_size":[0.369,0.253]},"down":{"uv":[8.006,15.4689],"uv_size":[0.369,0.2811]}}},{"origin":[8.9804,15.1495,-1.9],"size":[1.9,2.9,1.8],"pivot":[10,14.2692,-1],"uv":{"north":{"uv":[9.631,15.9954],"uv_size":[0.369,-0.2811]},"south":{"uv":[9.994,15.9954],"uv_size":[-0.369,-0.2811]},"east":{"uv":[9.631,15.1474],"uv_size":[0.369,0.2811]},"west":{"uv":[9.631,15.1474],"uv_size":[0.369,0.2811]},"up":{"uv":[9.754,15.4331],"uv_size":[0.246,0.2811]},"down":{"uv":[9.754,15.4331],"uv_size":[0.246,0.2811]}}},{"origin":[12.623,10.7353,-1.6],"size":[1,3,1.2],"pivot":[10,14.2692,-1],"uv":{"north":{"uv":[9.631,15.1406],"uv_size":[0.369,-0.1406]},"south":{"uv":[9.994,15.1406],"uv_size":[-0.369,-0.1406]},"east":{"uv":[9.631,14.8594],"uv_size":[0.369,0.1406]},"west":{"uv":[9.631,14.8594],"uv_size":[0.369,0.1406]},"up":{"uv":[9.7418,15.4309],"uv_size":[-0.123,0.1406]},"down":{"uv":[9.7418,15.4309],"uv_size":[-0.123,0.1406]}}},{"origin":[10.1733,18.0348,-2],"size":[2,0.5,2],"pivot":[10,14.2692,-1],"uv":{"north":{"uv":[9.0635,15.5669],"uv_size":[0.0615,-0.2811]},"south":{"uv":[9.0635,15.5669],"uv_size":[0.0615,-0.2811]},"east":{"uv":[9.129,15.2846],"uv_size":[0.246,-0.0703]},"west":{"uv":[9.129,15.2846],"uv_size":[0.246,-0.0703]},"up":{"uv":[9.371,15.2903],"uv_size":[-0.246,0.2811]},"down":{"uv":[9.371,15.2903],"uv_size":[-0.246,0.2811]}}}],"name":"rot_26"},{"parent":"geyser_custom_z","pivot":[-8,14.2692,-1],"rotation":[0,0,45],"cubes":[{"origin":[-10.1733,10.0035,-2],"size":[2,0.5,2],"pivot":[-8,14.2692,-1],"uv":{"north":{"uv":[9.124,15.2903],"uv_size":[-0.0615,0.2811]},"south":{"uv":[9.124,15.2903],"uv_size":[-0.0615,0.2811]},"east":{"uv":[9.371,15.2154],"uv_size":[-0.246,0.0703]},"west":{"uv":[9.371,15.2154],"uv_size":[-0.246,0.0703]},"up":{"uv":[9.129,15.5669],"uv_size":[0.246,-0.2811]},"down":{"uv":[9.129,15.5669],"uv_size":[0.246,-0.2811]}}},{"origin":[-8.8804,10.4888,-1.9],"size":[1.9,2.9,1.8],"pivot":[-8,14.2692,-1],"uv":{"north":{"uv":[9.9817,15.7186],"uv_size":[-0.3567,0.2671]},"south":{"uv":[9.6308,15.7186],"uv_size":[0.3567,0.2671]},"east":{"uv":[9.994,15.424],"uv_size":[-0.369,-0.2811]},"west":{"uv":[9.994,15.424],"uv_size":[-0.369,-0.2811]},"up":{"uv":[9.996,15.7097],"uv_size":[-0.246,-0.2811]},"down":{"uv":[9.996,15.7097],"uv_size":[-0.246,-0.2811]}}},{"origin":[-11.623,14.803,-1.6],"size":[1,3,1.2],"pivot":[-8,14.2692,-1],"uv":{"north":{"uv":[9.994,15.0023],"uv_size":[-0.369,0.1406]},"south":{"uv":[9.631,15.0023],"uv_size":[0.369,0.1406]},"east":{"uv":[9.994,14.9977],"uv_size":[-0.369,-0.1406]},"west":{"uv":[9.994,14.9977],"uv_size":[-0.369,-0.1406]},"up":{"uv":[9.6208,15.5691],"uv_size":[0.123,-0.1406]},"down":{"uv":[9.6208,15.5691],"uv_size":[0.123,-0.1406]}}}],"name":"rot_27"}]}]}
