{"format_version":"1.16.0","minecraft:geometry":[{"description":{"identifier":"geometry.geyser_custom.geo_0212eab","texture_width":16,"texture_height":16,"visible_bounds_width":4,"visible_bounds_height":4.5,"visible_bounds_offset":[0,0.75,0]},"bones":[{"name":"geyser_custom","binding":"c.item_slot == 'head' ? 'head' : q.item_slot_to_bone_name(c.item_slot)","pivot":[0,8,0]},{"name":"geyser_custom_x","parent":"geyser_custom","pivot":[0,8,0]},{"name":"geyser_custom_y","parent":"geyser_custom_x","pivot":[0,8,0]},{"name":"geyser_custom_z","parent":"geyser_custom_y","pivot":[0,8,0],"cubes":[{"origin":[-1.5,-8.5,-1.5],"size":[3,1,3],"uv":{"north":{"uv":[10.381,13.7166],"uv_size":[0.369,0.1406]},"south":{"uv":[10.381,13.7166],"uv_size":[0.369,0.1406]},"east":{"uv":[10.381,13.7166],"uv_size":[0.369,0.1406]},"west":{"uv":[10.381,13.7166],"uv_size":[0.369,0.1406]},"up":{"uv":[10.006,13.7211],"uv_size":[0.369,0.4217]},"down":{"uv":[10.006,14.5646],"uv_size":[0.369,-0.4217]}}},{"origin":[-0.5,-9,-1.5],"size":[1,0.5,0.5],"uv":{"north":{"uv":[10.377,14.144],"uv_size":[0.123,0.0703]},"south":{"uv":[10.377,14.144],"uv_size":[0.123,0.0703]},"east":{"uv":[10.376,14.2869],"uv_size":[0.0615,0.0703]},"west":{"uv":[10.4365,14.2869],"uv_size":[-0.0615,0.0703]},"up":{"uv":[10.498,14.2846],"uv_size":[-0.123,-0.0703]},"down":{"uv":[10.498,14.2846],"uv_size":[-0.123,-0.0703]}}},{"origin":[-1,-7.5,-1],"size":[2,0.5,2],"uv":{"north":{"uv":[8.879,14.5011],"uv_size":[0.246,0.0703]},"south":{"uv":[8.879,14.5011],"uv_size":[0.246,0.0703]},"east":{"uv":[8.879,14.4297],"uv_size":[0.246,0.0703]},"west":{"uv":[8.879,14.4297],"uv_size":[0.246,0.0703]},"up":{"uv":[9.121,14.8526],"uv_size":[-0.246,-0.2811]},"down":{"uv":[9.121,14.8526],"uv_size":[-0.246,-0.2811]}}},{"origin":[-1.5,-9.5,1],"size":[0.5,1,0.5],"uv":{"north":{"uv":[10.4365,14.0023],"uv_size":[-0.0615,0.1406]},"south":{"uv":[10.4365,14.0023],"uv_size":[-0.0615,0.1406]},"east":{"uv":[10.499,14.0023],"uv_size":[-0.0615,0.1406]},"west":{"uv":[10.499,14.0023],"uv_size":[-0.0615,0.1406]},"up":{"uv":[10.5615,14.0011],"uv_size":[-0.0615,0.0703]},"down":{"uv":[10.5615,14.0011],"uv_size":[-0.0615,0.0703]}}},{"origin":[-0.7,-6.5,-0.7],"size":[1.4,1.5,1.4],"uv":{"north":{"uv":[9.128,14.432],"uv_size":[0.1845,0.2109]},"south":{"uv":[9.128,14.432],"uv_size":[0.1845,0.2109]},"east":{"uv":[8.9405,14.8606],"uv_size":[0.1845,0.2109]},"west":{"uv":[8.9405,14.8606],"uv_size":[0.1845,0.2109]},"up":{"uv":[8.9345,15.068],"uv_size":[-0.1845,-0.2109]},"down":{"uv":[9.372,14.1394],"uv_size":[-0.1845,-0.2109]}}},{"origin":[-0.7,-3.5,-0.7],"size":[1.4,1.5,1.4],"uv":{"north":{"uv":[9.128,14.432],"uv_size":[0.1845,0.2109]},"south":{"uv":[9.128,14.432],"uv_size":[0.1845,0.2109]},"east":{"uv":[8.9405,14.8606],"uv_size":[0.1845,0.2109]},"west":{"uv":[8.9405,14.8606],"uv_size":[0.1845,0.2109]},"up":{"uv":[8.9345,15.068],"uv_size":[-0.1845,-0.2109]},"down":{"uv":[9.372,14.1394],"uv_size":[-0.1845,-0.2109]}}},{"origin":[-2.5,14,-1.5],"size":[0.5,1.5,3],"uv":{"north":{"uv":[15.5635,14.2891],"uv_size":[0.0615,0.2109]},"south":{"uv":[15.5635,14.2891],"uv_size":[0.0615,0.2109]},"east":{"uv":[15.631,14.2891],"uv_size":[0.369,0.2109]},"west":{"uv":[15.631,14.2891],"uv_size":[0.369,0.2109]},"up":{"uv":[15.994,14.5703],"uv_size":[-0.369,-0.0703]},"down":{"uv":[15.994,14.5703],"uv_size":[-0.369,-0.0703]}}},{"origin":[2,14,-1.5],"size":[0.5,1.5,3],"uv":{"north":{"uv":[15.5635,14.2891],"uv_size":[0.0615,0.2109]},"south":{"uv":[15.5635,14.2891],"uv_size":[0.0615,0.2109]},"east":{"uv":[15.631,14.2891],"uv_size":[0.369,0.2109]},"west":{"uv":[15.631,14.2891],"uv_size":[0.369,0.2109]},"up":{"uv":[15.994,14.5703],"uv_size":[-0.369,-0.0703]},"down":{"uv":[15.994,14.5703],"uv_size":[-0.369,-0.0703]}}},{"origin":[-18,7.5,0],"size":[15,8.5,0],"uv":{"north":{"uv":[8.4535,1.6231],"uv_size":[1.859,1.1983]},"south":{"uv":[10.2965,1.6231],"uv_size":[-1.859,1.1983]},"east":{"uv":[8,0.016],"uv_size":[0,2.8411]},"west":{"uv":[8,0.016],"uv_size":[0,2.8411]},"up":{"uv":[11.984,0],"uv_size":[-3.984,0]},"down":{"uv":[11.984,0],"uv_size":[-3.984,0]}}},{"origin":[-0.7,0.5,-0.7],"size":[1.4,1.5,1.4],"uv":{"north":{"uv":[9.128,14.432],"uv_size":[0.1845,0.2109]},"south":{"uv":[9.128,14.432],"uv_size":[0.1845,0.2109]},"east":{"uv":[8.9405,14.8606],"uv_size":[0.1845,0.2109]},"west":{"uv":[8.9405,14.8606],"uv_size":[0.1845,0.2109]},"up":{"uv":[8.9345,15.068],"uv_size":[-0.1845,-0.2109]},"down":{"uv":[9.372,14.1394],"uv_size":[-0.1845,-0.2109]}}},{"origin":[-0.7,3.5,-0.7],"size":[1.4,1.5,1.4],"uv":{"north":{"uv":[9.128,14.432],"uv_size":[0.1845,0.2109]},"south":{"uv":[9.128,14.432],"uv_size":[0.1845,0.2109]},"east":{"uv":[8.9405,14.8606],"uv_size":[0.1845,0.2109]},"west":{"uv":[8.9405,14.8606],"uv_size":[0.1845,0.2109]},"up":{"uv":[8.9345,15.068],"uv_size":[-0.1845,-0.2109]},"down":{"uv":[9.372,14.1394],"uv_size":[-0.1845,-0.2109]}}}]},{"parent":"geyser_custom_z","pivot":[0,8.5,-1],"rotation":[0,0,-45],"cubes":[{"origin":[1,7.6,-0.9],"size":[2.9,1.9,1.8],"pivot":[0,8.5,-1],"uv":{"north":{"uv":[9.9817,15.9814],"uv_size":[-0.3567,-0.2671]},"south":{"uv":[9.6308,15.9814],"uv_size":[0.3567,-0.2671]},"east":{"uv":[9.996,15.7097],"uv_size":[-0.246,-0.2811]},"west":{"uv":[9.996,15.7097],"uv_size":[-0.246,-0.2811]},"up":{"uv":[9.631,15.1474],"uv_size":[0.369,0.2811]},"down":{"uv":[9.631,15.1474],"uv_size":[0.369,0.2811]}}}],"name":"rot_1"},{"parent":"geyser_custom_z","pivot":[0,14,0],"rotation":[0,0,-45],"cubes":[{"origin":[-1.7,10.3,-0.5],"size":[3.9,2,1],"pivot":[0,14,0],"uv":{"north":{"uv":[15.117,15.7189],"uv_size":[-0.492,0.2811]},"south":{"uv":[15.117,15.9954],"uv_size":[-0.492,-0.2811]},"east":{"uv":[15.248,15.7189],"uv_size":[-0.123,0.2811]},"west":{"uv":[15.248,15.7189],"uv_size":[-0.123,0.2811]},"up":{"uv":[14.633,15.712],"uv_size":[0.492,-0.1406]},"down":{"uv":[14.633,15.712],"uv_size":[0.492,-0.1406]}}}],"name":"rot_2"},{"parent":"geyser_custom_z","pivot":[-2,14,0],"rotation":[0,0,-45],"cubes":[{"origin":[-2.3,10.9,-1.5],"size":[2,2,3],"pivot":[-2,14,0],"uv":{"north":{"uv":[15.754,15.4331],"uv_size":[0.246,0.2811]},"south":{"uv":[15.754,15.4331],"uv_size":[0.246,0.2811]},"east":{"uv":[15.381,15.4331],"uv_size":[0.369,0.2811]},"west":{"uv":[15.129,15.2926],"uv_size":[0.246,0.4217]},"up":{"uv":[15.371,15.7074],"uv_size":[-0.246,-0.4217]},"down":{"uv":[15.744,15.7097],"uv_size":[-0.369,-0.2811]}}}],"name":"rot_3"},{"parent":"geyser_custom_z","pivot":[-6.6,10.7,-3],"rotation":[0,0,-45],"cubes":[{"origin":[-2.1,7.4,-0.6],"size":[0.5,2,1.2],"pivot":[-6.6,10.7,-3],"uv":{"north":{"uv":[9.1865,14.924],"uv_size":[-0.0615,-0.2811]},"south":{"uv":[9.126,14.924],"uv_size":[0.0615,-0.2811]},"east":{"uv":[9.127,15.2097],"uv_size":[0.123,-0.2811]},"west":{"uv":[9.254,14.424],"uv_size":[0.246,-0.2811]},"up":{"uv":[9.249,14.6474],"uv_size":[-0.0615,0.2811]},"down":{"uv":[9.249,14.6474],"uv_size":[-0.0615,0.2811]}}}],"name":"rot_4"},{"parent":"geyser_custom_z","pivot":[-12.5,0,0.7],"rotation":[0,0,-45],"cubes":[{"origin":[1.1,2.1,-0.2],"size":[1,1.3,0.3],"pivot":[-12.5,0,0.7],"uv":{"north":{"uv":[11.9668,14.7109],"uv_size":[-0.123,-0.2109]},"south":{"uv":[11.8458,14.7109],"uv_size":[0.123,-0.2109]},"east":{"uv":[11.8428,14.7109],"uv_size":[-0.0615,-0.2109]},"west":{"uv":[11.8428,14.7109],"uv_size":[-0.0615,-0.2109]},"up":{"uv":[11.877,14.7154],"uv_size":[0.123,0.0703]},"down":{"uv":[11.877,14.7154],"uv_size":[0.123,0.0703]}}}],"name":"rot_5"},{"parent":"geyser_custom_z","pivot":[-13,2,0.7],"rotation":[0,0,-45],"cubes":[{"origin":[-1.8,4.3,-0.2],"size":[1.7,1,0.3],"pivot":[-13,2,0.7],"uv":{"north":{"uv":[11.998,14.7891],"uv_size":[-0.123,0.2109]},"south":{"uv":[11.998,14.9966],"uv_size":[-0.123,-0.2109]},"east":{"uv":[11.999,15.1406],"uv_size":[-0.0615,-0.1406]},"west":{"uv":[11.999,15.1406],"uv_size":[-0.0615,-0.1406]},"up":{"uv":[11.876,15.0034],"uv_size":[0.0615,0.2109]},"down":{"uv":[11.876,15.0034],"uv_size":[0.0615,0.2109]}}}],"name":"rot_6"},{"parent":"geyser_custom_z","pivot":[4.5,12.6084,0],"rotation":[0,22.5,0],"cubes":[{"origin":[2.41,12.3334,-2.1338],"size":[2,0.5,1],"pivot":[4.5,12.6084,0],"uv":{"north":{"uv":[10.876,14.1383],"uv_size":[0.0615,-0.2811]},"south":{"uv":[10.876,14.1383],"uv_size":[0.0615,-0.2811]},"east":{"uv":[10.627,14.0703],"uv_size":[0.123,-0.0703]},"west":{"uv":[10.627,14.0703],"uv_size":[0.123,-0.0703]},"up":{"uv":[10.752,13.8617],"uv_size":[0.123,0.2811]},"down":{"uv":[10.873,13.8617],"uv_size":[-0.123,0.2811]}}},{"origin":[3.1291,12.2334,1.679],"size":[1,0.7,1],"pivot":[4.5,12.6084,0],"uv":{"north":{"uv":[11.5948,14.7477],"uv_size":[0.0615,-0.1406]},"south":{"uv":[11.5918,14.7511],"uv_size":[-0.123,0.0703]},"east":{"uv":[11.6553,14.6094],"uv_size":[-0.0615,0.1406]},"west":{"uv":[11.4708,14.8203],"uv_size":[0.123,-0.0703]},"up":{"uv":[11.5918,14.7477],"uv_size":[-0.123,-0.1406]},"down":{"uv":[11.4708,14.7477],"uv_size":[0.123,-0.1406]}}},{"origin":[4.41,12.3334,-2.1338],"size":[1,0.5,2],"pivot":[4.5,12.6084,0],"uv":{"north":{"uv":[11.1543,14.0703],"uv_size":[-0.123,-0.0703]},"south":{"uv":[11.499,13.8549],"uv_size":[-0.0615,-0.1406]},"east":{"uv":[11.2178,13.9954],"uv_size":[-0.0615,-0.2811]},"west":{"uv":[11.3428,13.9954],"uv_size":[-0.0615,-0.2811]},"up":{"uv":[11.1543,13.7189],"uv_size":[-0.123,0.2811]},"down":{"uv":[11.0333,13.7189],"uv_size":[0.123,0.2811]}}},{"origin":[5.3525,12.6334,-2.664],"size":[3,0,2.5],"pivot":[4.5,12.6084,0],"uv":{"north":{"uv":[10,14.136],"uv_size":[0,-0.4217]},"south":{"uv":[10,14.136],"uv_size":[0,-0.4217]},"east":{"uv":[10,13.7211],"uv_size":[0,0.4217]},"west":{"uv":[10,13.7211],"uv_size":[0,0.4217]},"up":{"uv":[11.1613,14.614],"uv_size":[0.3075,0.4217]},"down":{"uv":[11.4637,14.614],"uv_size":[-0.3075,0.4217]}}}],"name":"rot_7"},{"parent":"geyser_custom_z","pivot":[4.5,12.6084,0],"rotation":[0,0,-22.5],"cubes":[{"origin":[3.1291,9.9294,-0.325],"size":[1,1,0.7],"pivot":[4.5,12.6084,0],"uv":{"north":{"uv":[11.4708,14.7477],"uv_size":[0.123,-0.1406]},"south":{"uv":[11.5918,14.7477],"uv_size":[-0.123,-0.1406]},"east":{"uv":[11.6553,14.7477],"uv_size":[-0.0615,-0.1406]},"west":{"uv":[11.5918,14.8203],"uv_size":[-0.123,-0.0703]},"up":{"uv":[11.5948,14.6094],"uv_size":[0.0615,0.1406]},"down":{"uv":[11.4708,14.7511],"uv_size":[0.123,0.0703]}}},{"origin":[2.41,13.7422,-0.225],"size":[2,1,0.5],"pivot":[4.5,12.6084,0],"uv":{"north":{"uv":[10.752,14.1383],"uv_size":[0.123,-0.2811]},"south":{"uv":[10.873,14.1383],"uv_size":[-0.123,-0.2811]},"east":{"uv":[10.748,14.0703],"uv_size":[-0.123,-0.0703]},"west":{"uv":[10.748,14.0703],"uv_size":[-0.123,-0.0703]},"up":{"uv":[10.876,13.8617],"uv_size":[0.0615,0.2811]},"down":{"uv":[10.876,13.8617],"uv_size":[0.0615,0.2811]}}},{"origin":[4.41,12.7422,-0.225],"size":[1,2,0.5],"pivot":[4.5,12.6084,0],"uv":{"north":{"uv":[11.0333,13.7189],"uv_size":[0.123,0.2811]},"south":{"uv":[11.1543,13.7189],"uv_size":[-0.123,0.2811]},"east":{"uv":[11.2178,13.7189],"uv_size":[-0.0615,0.2811]},"west":{"uv":[11.3428,13.7189],"uv_size":[-0.0615,0.2811]},"up":{"uv":[11.0333,14.0703],"uv_size":[0.123,-0.0703]},"down":{"uv":[11.499,13.7166],"uv_size":[-0.0615,0.1406]}}},{"origin":[5.3525,12.7725,-0.025],"size":[3,2.5,0],"pivot":[4.5,12.6084,0],"uv":{"north":{"uv":[11.1613,15.0289],"uv_size":[0.3075,-0.4217]},"south":{"uv":[11.4637,15.0289],"uv_size":[-0.3075,-0.4217]},"east":{"uv":[10,14.136],"uv_size":[0,-0.4217]},"west":{"uv":[10,14.136],"uv_size":[0,-0.4217]},"up":{"uv":[10,13.7211],"uv_size":[0,0.4217]},"down":{"uv":[10,13.7211],"uv_size":[0,0.4217]}}}],"name":"rot_8"},{"parent":"geyser_custom_z","pivot":[0,-0.5,-1],"rotation":[0,0,-22.5],"cubes":[{"origin":[0.9,7.2,-0.9],"size":[1.8,3,1.8],"pivot":[0,-0.5,-1],"uv":{"north":{"uv":[8.506,14.4331],"uv_size":[0.369,0.2811]},"south":{"uv":[8.869,14.4331],"uv_size":[-0.369,0.2811]},"east":{"uv":[8.631,15.1831],"uv_size":[0.369,0.2811]},"west":{"uv":[9.627,13.7166],"uv_size":[0.123,0.1406]},"up":{"uv":[8.746,14.9954],"uv_size":[-0.246,-0.2811]},"down":{"uv":[8.746,14.9954],"uv_size":[-0.246,-0.2811]}}}],"name":"rot_9"},{"parent":"geyser_custom_z","pivot":[8,-1,-8],"rotation":[0,-0,0],"cubes":[{"origin":[-3,13,-1],"size":[6,2,2],"pivot":[8,-1,-8],"uv":{"north":{"uv":[15.262,15.7189],"uv_size":[0.738,0.2811]},"south":{"uv":[15.262,15.7189],"uv_size":[0.738,0.2811]},"east":{"uv":[14.379,15.2546],"uv_size":[0.246,0.2811]},"west":{"uv":[14.379,15.2546],"uv_size":[0.246,0.2811]},"up":{"uv":[15.988,13.9954],"uv_size":[-0.738,-0.2811]},"down":{"uv":[15.988,14.2811],"uv_size":[-0.738,-0.2811]}}}],"name":"rot_10"},{"parent":"geyser_custom_z","pivot":[8,0,8],"rotation":[0,-0,0],"cubes":[{"origin":[-1.5,-9.5,-1.5],"size":[0.5,1,0.5],"pivot":[8,0,8],"uv":{"north":{"uv":[10.376,14.0023],"uv_size":[0.0615,0.1406]},"south":{"uv":[10.376,14.0023],"uv_size":[0.0615,0.1406]},"east":{"uv":[10.4385,14.0023],"uv_size":[0.0615,0.1406]},"west":{"uv":[10.4385,14.0023],"uv_size":[0.0615,0.1406]},"up":{"uv":[10.5615,14.0703],"uv_size":[-0.0615,-0.0703]},"down":{"uv":[10.5615,14.0703],"uv_size":[-0.0615,-0.0703]}}},{"origin":[-0.5,-9,1],"size":[1,0.5,0.5],"pivot":[8,0,8],"uv":{"north":{"uv":[10.498,14.144],"uv_size":[-0.123,0.0703]},"south":{"uv":[10.498,14.144],"uv_size":[-0.123,0.0703]},"east":{"uv":[10.4365,14.2869],"uv_size":[-0.0615,0.0703]},"west":{"uv":[10.376,14.2869],"uv_size":[0.0615,0.0703]},"up":{"uv":[10.498,14.2154],"uv_size":[-0.123,0.0703]},"down":{"uv":[10.498,14.2154],"uv_size":[-0.123,0.0703]}}}],"name":"rot_11"},{"parent":"geyser_custom_z","pivot":[4.5,12.6084,0],"rotation":[0,-0,0],"cubes":[{"origin":[1.8916,11.6084,-1.1],"size":[2,2,2.2],"pivot":[4.5,12.6084,0],"uv":{"north":{"uv":[11.4023,14.6026],"uv_size":[-0.246,-0.2811]},"south":{"uv":[11.4023,14.6026],"uv_size":[-0.246,-0.2811]},"east":{"uv":[11.0273,14.424],"uv_size":[-0.246,-0.2811]},"west":{"uv":[11.0273,14.7097],"uv_size":[-0.246,-0.2811]},"up":{"uv":[11.4103,14.326],"uv_size":[0.246,0.2811]},"down":{"uv":[11.4103,14.326],"uv_size":[0.246,0.2811]}}}],"name":"rot_12"},{"parent":"geyser_custom_z","pivot":[0.1,5.5,-0.5],"rotation":[0,-0,0],"cubes":[{"origin":[0.7,4.5,-0.5],"size":[1.5,4,0],"pivot":[0.1,5.5,-0.5],"uv":{"north":{"uv":[9.617,15.7534],"uv_size":[-0.492,0.2109]},"south":{"uv":[9.133,15.7534],"uv_size":[0.492,0.2109]},"east":{"uv":[10.117,13.8571],"uv_size":[-0.492,0]},"west":{"uv":[10.117,13.7143],"uv_size":[-0.492,0]},"up":{"uv":[9.75,15.2811],"uv_size":[0,-0.2811]},"down":{"uv":[9.75,15.2811],"uv_size":[0,-0.2811]}}}],"name":"rot_13"},{"parent":"geyser_custom_z","pivot":[0.1,5.5,0.5],"rotation":[0,-0,0],"cubes":[{"origin":[0.7,4.5,0.5],"size":[1.5,4,0],"pivot":[0.1,5.5,0.5],"uv":{"north":{"uv":[9.133,15.9609],"uv_size":[0.492,-0.2109]},"south":{"uv":[9.617,15.9609],"uv_size":[-0.492,-0.2109]},"east":{"uv":[10.117,13.8571],"uv_size":[-0.492,0]},"west":{"uv":[10.117,13.7143],"uv_size":[-0.492,0]},"up":{"uv":[9.75,15.2811],"uv_size":[0,-0.2811]},"down":{"uv":[9.75,15.2811],"uv_size":[0,-0.2811]}}}],"name":"rot_14"},{"parent":"geyser_custom_z","pivot":[0,-8.75,0],"rotation":[0,-0,0],"cubes":[{"origin":[1,-9,-0.5],"size":[0.5,0.5,1],"pivot":[0,-8.75,0],"uv":{"north":{"uv":[10.376,14.2869],"uv_size":[0.0615,0.0703]},"south":{"uv":[10.4365,14.2869],"uv_size":[-0.0615,0.0703]},"east":{"uv":[10.498,14.144],"uv_size":[-0.123,0.0703]},"west":{"uv":[10.498,14.144],"uv_size":[-0.123,0.0703]},"up":{"uv":[10.498,14.2154],"uv_size":[-0.123,0.0703]},"down":{"uv":[10.498,14.2154],"uv_size":[-0.123,0.0703]}}},{"origin":[-1.5,-9,-0.5],"size":[0.5,0.5,1],"pivot":[0,-8.75,0],"uv":{"north":{"uv":[10.4365,14.2869],"uv_size":[-0.0615,0.0703]},"south":{"uv":[10.376,14.2869],"uv_size":[0.0615,0.0703]},"east":{"uv":[10.377,14.144],"uv_size":[0.123,0.0703]},"west":{"uv":[10.377,14.144],"uv_size":[0.123,0.0703]},"up":{"uv":[10.498,14.2846],"uv_size":[-0.123,-0.0703]},"down":{"uv":[10.498,14.2846],"uv_size":[-0.123,-0.0703]}}}],"name":"rot_15"},{"parent":"geyser_custom_z","pivot":[0,0.5,0],"rotation":[0,-0,0],"cubes":[{"origin":[-0.5,0,-0.5],"size":[1,7,1],"pivot":[0,0.5,0],"uv":{"north":{"uv":[9.502,14.4446],"uv_size":[0.123,0.984]},"south":{"uv":[9.502,14.4446],"uv_size":[0.123,0.984]},"east":{"uv":[9.377,14.4446],"uv_size":[0.123,0.984]},"west":{"uv":[9.377,14.4446],"uv_size":[0.123,0.984]},"up":{"uv":[9.623,14.4263],"uv_size":[-0.123,-0.1406]},"down":{"uv":[9.748,14.5691],"uv_size":[-0.123,-0.1406]}}}],"name":"rot_16"},{"parent":"geyser_custom_z","pivot":[0,1.5,0],"rotation":[0,-0,0],"cubes":[{"origin":[-0.5,-7,-0.5],"size":[1,7,1],"pivot":[0,1.5,0],"uv":{"north":{"uv":[9.502,14.4446],"uv_size":[0.123,0.984]},"south":{"uv":[9.502,14.4446],"uv_size":[0.123,0.984]},"east":{"uv":[9.377,14.4446],"uv_size":[0.123,0.984]},"west":{"uv":[9.377,14.4446],"uv_size":[0.123,0.984]},"up":{"uv":[9.623,14.4263],"uv_size":[-0.123,-0.1406]},"down":{"uv":[9.748,14.5691],"uv_size":[-0.123,-0.1406]}}}],"name":"rot_17"},{"parent":"geyser_custom_z","pivot":[0,13.5,-1],"rotation":[0,-0,0],"cubes":[{"origin":[2,9,-1],"size":[1.4,1.6,2],"pivot":[0,13.5,-1],"uv":{"north":{"uv":[8.7843,14.1394],"uv_size":[0.1845,-0.2109]},"south":{"uv":[8.9658,14.1394],"uv_size":[-0.1845,-0.2109]},"east":{"uv":[8.7853,13.9251],"uv_size":[0.246,-0.2109]},"west":{"uv":[8.7853,13.9251],"uv_size":[0.246,-0.2109]},"up":{"uv":[8.9658,14.1474],"uv_size":[-0.1845,0.2811]},"down":{"uv":[9.1533,14.1474],"uv_size":[-0.1845,0.2811]}}},{"origin":[-3.4,9,-1],"size":[1.4,1.6,2],"pivot":[0,13.5,-1],"uv":{"north":{"uv":[8.9658,14.1394],"uv_size":[-0.1845,-0.2109]},"south":{"uv":[8.7843,14.1394],"uv_size":[0.1845,-0.2109]},"east":{"uv":[9.0273,13.9251],"uv_size":[-0.246,-0.2109]},"west":{"uv":[9.0273,13.9251],"uv_size":[-0.246,-0.2109]},"up":{"uv":[8.7843,14.1474],"uv_size":[0.1845,0.2811]},"down":{"uv":[8.9718,14.1474],"uv_size":[0.1845,0.2811]}}},{"origin":[-2,7,-1.1],"size":[4,5,2.2],"pivot":[0,13.5,-1],"uv":{"north":{"uv":[6.758,15.2029],"uv_size":[0.492,-0.7029]},"south":{"uv":[6.758,15.2029],"uv_size":[0.492,-0.7029]},"east":{"uv":[8.504,14.4171],"uv_size":[0.246,-0.7029]},"west":{"uv":[8.504,14.4171],"uv_size":[0.246,-0.7029]},"up":{"uv":[8.008,14.7189],"uv_size":[0.492,0.2811]},"down":{"uv":[8.008,14.7097],"uv_size":[0.492,-0.2811]}}},{"origin":[-3.4,9,-1],"size":[1.4,1.6,2],"pivot":[0,13.5,-1],"uv":{"north":{"uv":[8.9658,14.1394],"uv_size":[-0.1845,-0.2109]},"south":{"uv":[8.7843,14.1394],"uv_size":[0.1845,-0.2109]},"east":{"uv":[9.0273,13.9251],"uv_size":[-0.246,-0.2109]},"west":{"uv":[9.0273,13.9251],"uv_size":[-0.246,-0.2109]},"up":{"uv":[8.7843,14.1474],"uv_size":[0.1845,0.2811]},"down":{"uv":[8.9718,14.1474],"uv_size":[0.1845,0.2811]}}}],"name":"rot_18"},{"parent":"geyser_custom_z","pivot":[-0.1,5.5,-0.5],"rotation":[0,-0,0],"cubes":[{"origin":[-2.2,4.5,-0.5],"size":[1.5,4,0],"pivot":[-0.1,5.5,-0.5],"uv":{"north":{"uv":[9.617,15.9609],"uv_size":[-0.492,-0.2109]},"south":{"uv":[9.133,15.9609],"uv_size":[0.492,-0.2109]},"east":{"uv":[10.117,13.7143],"uv_size":[-0.492,0]},"west":{"uv":[10.117,13.8571],"uv_size":[-0.492,0]},"up":{"uv":[9.75,15.0046],"uv_size":[0,0.2811]},"down":{"uv":[9.75,15.0046],"uv_size":[0,0.2811]}}}],"name":"rot_19"},{"parent":"geyser_custom_z","pivot":[-0.1,5.5,0.5],"rotation":[0,-0,0],"cubes":[{"origin":[-2.2,4.5,0.5],"size":[1.5,4,0],"pivot":[-0.1,5.5,0.5],"uv":{"north":{"uv":[9.133,15.7534],"uv_size":[0.492,0.2109]},"south":{"uv":[9.617,15.7534],"uv_size":[-0.492,0.2109]},"east":{"uv":[10.117,13.7143],"uv_size":[-0.492,0]},"west":{"uv":[10.117,13.8571],"uv_size":[-0.492,0]},"up":{"uv":[9.75,15.0046],"uv_size":[0,0.2811]},"down":{"uv":[9.75,15.0046],"uv_size":[0,0.2811]}}}],"name":"rot_20"},{"parent":"geyser_custom_z","pivot":[-2.4,11.5,-1.5],"rotation":[0,-0,0],"cubes":[{"origin":[-2.8,11.5,-0.8],"size":[0,3,1.6],"pivot":[-2.4,11.5,-1.5],"uv":{"north":{"uv":[8.006,13.7143],"uv_size":[0.369,0]},"south":{"uv":[8.006,13.7143],"uv_size":[0.369,0]},"east":{"uv":[9.631,14.4037],"uv_size":[0.369,-0.2109]},"west":{"uv":[9.631,14.4037],"uv_size":[0.369,-0.2109]},"up":{"uv":[8.1968,13.7143],"uv_size":[-0.1968,0]},"down":{"uv":[8.1968,13.7143],"uv_size":[-0.1968,0]}}}],"name":"rot_21"},{"parent":"geyser_custom_z","pivot":[-7.8,-1.5,-0.3],"rotation":[0,-0,0],"cubes":[{"origin":[-4,11.5,-0.3],"size":[2.2,3,0.5],"pivot":[-7.8,-1.5,-0.3],"uv":{"north":{"uv":[11.754,13.7211],"uv_size":[0.246,0.4217]},"south":{"uv":[11.996,13.7211],"uv_size":[-0.246,0.4217]},"east":{"uv":[11.749,13.7211],"uv_size":[-0.0615,0.4217]},"west":{"uv":[11.749,13.7211],"uv_size":[-0.0615,0.4217]},"up":{"uv":[11.754,14.2131],"uv_size":[0.246,-0.0703]},"down":{"uv":[11.754,14.2131],"uv_size":[0.246,-0.0703]}}}],"name":"rot_22"},{"parent":"geyser_custom_z","pivot":[-8,-1.5,-0.3],"rotation":[0,-0,0],"cubes":[{"origin":[-6.2,12,-0.3],"size":[2.2,2,0.5],"pivot":[-8,-1.5,-0.3],"uv":{"north":{"uv":[11.0273,14.7189],"uv_size":[-0.246,0.2811]},"south":{"uv":[10.7853,14.7189],"uv_size":[0.246,0.2811]},"east":{"uv":[10.7803,14.7189],"uv_size":[-0.0615,0.2811]},"west":{"uv":[10.7803,14.7189],"uv_size":[-0.0615,0.2811]},"up":{"uv":[10.7853,15.0703],"uv_size":[0.246,-0.0703]},"down":{"uv":[10.7853,15.0703],"uv_size":[0.246,-0.0703]}}},{"origin":[-7.4,12.2,-0.3],"size":[1.2,1.6,0.5],"pivot":[-8,-1.5,-0.3],"uv":{"north":{"uv":[11.1543,14.8606],"uv_size":[-0.123,0.2109]},"south":{"uv":[11.0333,14.8606],"uv_size":[0.123,0.2109]},"east":{"uv":[11.0928,14.6463],"uv_size":[-0.0615,0.2109]},"west":{"uv":[11.0928,14.6463],"uv_size":[-0.0615,0.2109]},"up":{"uv":[11.1553,14.7166],"uv_size":[-0.0615,0.1406]},"down":{"uv":[11.1553,14.5737],"uv_size":[-0.0615,0.1406]}}}],"name":"rot_23"},{"parent":"geyser_custom_z","pivot":[-8,0,-8],"rotation":[0,-0,0],"cubes":[{"origin":[1,-9.5,1],"size":[0.5,1,0.5],"pivot":[-8,0,-8],"uv":{"north":{"uv":[10.376,14.0023],"uv_size":[0.0615,0.1406]},"south":{"uv":[10.376,14.0023],"uv_size":[0.0615,0.1406]},"east":{"uv":[10.4385,14.0023],"uv_size":[0.0615,0.1406]},"west":{"uv":[10.4385,14.0023],"uv_size":[0.0615,0.1406]},"up":{"uv":[10.501,14.0011],"uv_size":[0.0615,0.0703]},"down":{"uv":[10.501,14.0011],"uv_size":[0.0615,0.0703]}}}],"name":"rot_24"},{"parent":"geyser_custom_z","pivot":[-8,0,8],"rotation":[0,-0,0],"cubes":[{"origin":[1,-9.5,-1.5],"size":[0.5,1,0.5],"pivot":[-8,0,8],"uv":{"north":{"uv":[10.4365,14.0023],"uv_size":[-0.0615,0.1406]},"south":{"uv":[10.4365,14.0023],"uv_size":[-0.0615,0.1406]},"east":{"uv":[10.499,14.0023],"uv_size":[-0.0615,0.1406]},"west":{"uv":[10.499,14.0023],"uv_size":[-0.0615,0.1406]},"up":{"uv":[10.501,14.0703],"uv_size":[0.0615,-0.0703]},"down":{"uv":[10.501,14.0703],"uv_size":[0.0615,-0.0703]}}}],"name":"rot_25"},{"parent":"geyser_custom_z","pivot":[4.5,12.6084,0],"rotation":[0,-22.5,0],"cubes":[{"origin":[2.41,12.3334,1.1338],"size":[2,0.5,1],"pivot":[4.5,12.6084,0],"uv":{"north":{"uv":[10.9365,14.1383],"uv_size":[-0.0615,-0.2811]},"south":{"uv":[10.9365,14.1383],"uv_size":[-0.0615,-0.2811]},"east":{"uv":[10.748,14.0703],"uv_size":[-0.123,-0.0703]},"west":{"uv":[10.748,14.0703],"uv_size":[-0.123,-0.0703]},"up":{"uv":[10.873,13.8617],"uv_size":[-0.123,0.2811]},"down":{"uv":[10.752,13.8617],"uv_size":[0.123,0.2811]}}},{"origin":[5.3525,12.6334,0.164],"size":[3,0,2.5],"pivot":[4.5,12.6084,0],"uv":{"north":{"uv":[10,14.136],"uv_size":[0,-0.4217]},"south":{"uv":[10,14.136],"uv_size":[0,-0.4217]},"east":{"uv":[10,14.136],"uv_size":[0,-0.4217]},"west":{"uv":[10,14.136],"uv_size":[0,-0.4217]},"up":{"uv":[11.4637,14.614],"uv_size":[-0.3075,0.4217]},"down":{"uv":[11.1613,14.614],"uv_size":[0.3075,0.4217]}}},{"origin":[4.41,12.3334,0.1338],"size":[1,0.5,2],"pivot":[4.5,12.6084,0],"uv":{"north":{"uv":[11.4385,13.8549],"uv_size":[0.0615,-0.1406]},"south":{"uv":[11.1543,14.0011],"uv_size":[-0.123,0.0703]},"east":{"uv":[11.2178,13.7189],"uv_size":[-0.0615,0.2811]},"west":{"uv":[11.3428,13.7189],"uv_size":[-0.0615,0.2811]},"up":{"uv":[11.1543,13.9954],"uv_size":[-0.123,-0.2811]},"down":{"uv":[11.0333,13.9954],"uv_size":[0.123,-0.2811]}}},{"origin":[3.1291,12.2334,-2.679],"size":[1,0.7,1],"pivot":[4.5,12.6084,0],"uv":{"north":{"uv":[11.5918,14.8203],"uv_size":[-0.123,-0.0703]},"south":{"uv":[11.6553,14.7477],"uv_size":[-0.0615,-0.1406]},"east":{"uv":[11.6553,14.7477],"uv_size":[-0.0615,-0.1406]},"west":{"uv":[11.5918,14.8203],"uv_size":[-0.123,-0.0703]},"up":{"uv":[11.5918,14.6094],"uv_size":[-0.123,0.1406]},"down":{"uv":[11.4708,14.6094],"uv_size":[0.123,0.1406]}}}],"name":"rot_26"},{"parent":"geyser_custom_z","pivot":[4.5,12.6084,0],"rotation":[0,0,22.5],"cubes":[{"origin":[5.3525,9.9444,-0.025],"size":[3,2.5,0],"pivot":[4.5,12.6084,0],"uv":{"north":{"uv":[11.4637,15.0289],"uv_size":[-0.3075,-0.4217]},"south":{"uv":[11.1613,15.0289],"uv_size":[0.3075,-0.4217]},"east":{"uv":[10,13.7211],"uv_size":[0,0.4217]},"west":{"uv":[10,13.7211],"uv_size":[0,0.4217]},"up":{"uv":[10,13.7211],"uv_size":[0,0.4217]},"down":{"uv":[10,13.7211],"uv_size":[0,0.4217]}}},{"origin":[4.41,10.4746,-0.225],"size":[1,2,0.5],"pivot":[4.5,12.6084,0],"uv":{"north":{"uv":[11.0333,13.9954],"uv_size":[0.123,-0.2811]},"south":{"uv":[11.1543,13.9954],"uv_size":[-0.123,-0.2811]},"east":{"uv":[11.2178,13.9954],"uv_size":[-0.0615,-0.2811]},"west":{"uv":[11.3428,13.9954],"uv_size":[-0.0615,-0.2811]},"up":{"uv":[11.4385,13.7166],"uv_size":[0.0615,0.1406]},"down":{"uv":[11.0333,14.0011],"uv_size":[0.123,0.0703]}}},{"origin":[2.41,10.4746,-0.225],"size":[2,1,0.5],"pivot":[4.5,12.6084,0],"uv":{"north":{"uv":[10.873,14.1383],"uv_size":[-0.123,-0.2811]},"south":{"uv":[10.752,14.1383],"uv_size":[0.123,-0.2811]},"east":{"uv":[10.627,14.0703],"uv_size":[0.123,-0.0703]},"west":{"uv":[10.627,14.0703],"uv_size":[0.123,-0.0703]},"up":{"uv":[10.9365,13.8617],"uv_size":[-0.0615,0.2811]},"down":{"uv":[10.9365,13.8617],"uv_size":[-0.0615,0.2811]}}},{"origin":[3.1291,14.2874,-0.325],"size":[1,1,0.7],"pivot":[4.5,12.6084,0],"uv":{"north":{"uv":[11.4708,14.6094],"uv_size":[0.123,0.1406]},"south":{"uv":[11.5918,14.6094],"uv_size":[-0.123,0.1406]},"east":{"uv":[11.6553,14.6094],"uv_size":[-0.0615,0.1406]},"west":{"uv":[11.4708,14.8203],"uv_size":[0.123,-0.0703]},"up":{"uv":[11.4708,14.8203],"uv_size":[0.123,-0.0703]},"down":{"uv":[11.6553,14.6094],"uv_size":[-0.0615,0.1406]}}}],"name":"rot_27"},{"parent":"geyser_custom_z","pivot":[2,15,0],"rotation":[0,0,22.5],"cubes":[{"origin":[1.7,14.3,-0.4],"size":[1,1,0.8],"pivot":[2,15,0],"uv":{"north":{"uv":[9.877,14.7166],"uv_size":[0.123,0.1406]},"south":{"uv":[9.998,14.7166],"uv_size":[-0.123,0.1406]},"east":{"uv":[9.627,14.5737],"uv_size":[0.123,0.1406]},"west":{"uv":[9.627,14.7166],"uv_size":[0.123,0.1406]},"up":{"uv":[9.873,14.8549],"uv_size":[-0.123,-0.1406]},"down":{"uv":[9.873,14.8549],"uv_size":[-0.123,-0.1406]}}}],"name":"rot_28"},{"parent":"geyser_custom_z","pivot":[0,-0.5,-1],"rotation":[0,0,22.5],"cubes":[{"origin":[-2.7,7.2,-0.9],"size":[1.8,3,1.8],"pivot":[0,-0.5,-1],"uv":{"north":{"uv":[8.506,14.7097],"uv_size":[0.369,-0.2811]},"south":{"uv":[8.869,14.7097],"uv_size":[-0.369,-0.2811]},"east":{"uv":[9.627,13.8549],"uv_size":[0.123,-0.1406]},"west":{"uv":[8.631,15.4597],"uv_size":[0.369,-0.2811]},"up":{"uv":[8.746,14.7189],"uv_size":[-0.246,0.2811]},"down":{"uv":[8.746,14.7189],"uv_size":[-0.246,0.2811]}}}],"name":"rot_29"},{"parent":"geyser_custom_z","pivot":[6.6,10.7,-3],"rotation":[0,0,45],"cubes":[{"origin":[1.6,7.4,-0.6],"size":[0.5,2,1.2],"pivot":[6.6,10.7,-3],"uv":{"north":{"uv":[9.126,14.924],"uv_size":[0.0615,-0.2811]},"south":{"uv":[9.1865,14.924],"uv_size":[-0.0615,-0.2811]},"east":{"uv":[9.496,14.424],"uv_size":[-0.246,-0.2811]},"west":{"uv":[9.248,15.2097],"uv_size":[-0.123,-0.2811]},"up":{"uv":[9.1885,14.6474],"uv_size":[0.0615,0.2811]},"down":{"uv":[9.1885,14.6474],"uv_size":[0.0615,0.2811]}}}],"name":"rot_30"},{"parent":"geyser_custom_z","pivot":[6.5,0.5,-6.5],"rotation":[0,0,45],"cubes":[{"origin":[-6,0.8,-1],"size":[3,3,2],"pivot":[6.5,0.5,-6.5],"uv":{"north":{"uv":[14.006,15.5783],"uv_size":[0.369,0.4217]},"south":{"uv":[14.006,15.5783],"uv_size":[0.369,0.4217]},"east":{"uv":[14.379,15.5783],"uv_size":[0.246,0.4217]},"west":{"uv":[14.369,15.2903],"uv_size":[-0.369,0.2811]},"up":{"uv":[14.621,15.9931],"uv_size":[-0.246,-0.4217]},"down":{"uv":[14.369,15.5669],"uv_size":[-0.369,-0.2811]}}}],"name":"rot_31"},{"parent":"geyser_custom_z","pivot":[0,3,-0.6],"rotation":[0,0,45],"cubes":[{"origin":[-4.3,4.3,-0.9],"size":[3,3,1.8],"pivot":[0,3,-0.6],"uv":{"north":{"uv":[8.006,15.0426],"uv_size":[0.369,0.4217]},"south":{"uv":[8.006,15.0426],"uv_size":[0.369,0.4217]},"east":{"uv":[8.369,15.4684],"uv_size":[-0.369,0.253]},"west":{"uv":[8.369,15.4689],"uv_size":[-0.369,0.2811]},"up":{"uv":[8.5964,15.4574],"uv_size":[-0.2214,-0.4217]},"down":{"uv":[8.369,15.4689],"uv_size":[-0.369,0.2811]}}}],"name":"rot_32"},{"parent":"geyser_custom_z","pivot":[0,8.5,-1],"rotation":[0,0,45],"cubes":[{"origin":[-3.9,7.6,-0.9],"size":[2.9,1.9,1.8],"pivot":[0,8.5,-1],"uv":{"north":{"uv":[9.631,15.9954],"uv_size":[0.369,-0.2811]},"south":{"uv":[9.994,15.9954],"uv_size":[-0.369,-0.2811]},"east":{"uv":[9.754,15.7097],"uv_size":[0.246,-0.2811]},"west":{"uv":[9.754,15.7097],"uv_size":[0.246,-0.2811]},"up":{"uv":[9.994,15.1474],"uv_size":[-0.369,0.2811]},"down":{"uv":[9.994,15.1474],"uv_size":[-0.369,0.2811]}}}],"name":"rot_33"},{"parent":"geyser_custom_z","pivot":[0,14,0],"rotation":[0,0,45],"cubes":[{"origin":[-2.2,10.3,-0.5],"size":[3.9,2,1],"pivot":[0,14,0],"uv":{"north":{"uv":[14.633,15.7189],"uv_size":[0.492,0.2811]},"south":{"uv":[14.633,15.9954],"uv_size":[0.492,-0.2811]},"east":{"uv":[15.127,15.7189],"uv_size":[0.123,0.2811]},"west":{"uv":[15.127,15.7189],"uv_size":[0.123,0.2811]},"up":{"uv":[15.117,15.712],"uv_size":[-0.492,-0.1406]},"down":{"uv":[15.117,15.712],"uv_size":[-0.492,-0.1406]}}},{"origin":[-2.2,9.3,-0.5],"size":[2.9,1,1],"pivot":[0,14,0],"uv":{"north":{"uv":[14.631,15.4309],"uv_size":[0.369,0.1406]},"south":{"uv":[14.994,15.4309],"uv_size":[-0.369,0.1406]},"east":{"uv":[15.002,15.4309],"uv_size":[0.123,0.1406]},"west":{"uv":[15.002,15.4309],"uv_size":[0.123,0.1406]},"up":{"uv":[14.994,15.5691],"uv_size":[-0.369,-0.1406]},"down":{"uv":[14.994,15.4263],"uv_size":[-0.369,-0.1406]}}}],"name":"rot_34"},{"parent":"geyser_custom_z","pivot":[-12.5,13,0.7],"rotation":[0,0,45],"cubes":[{"origin":[-8.1,18.8,-0.2],"size":[1,1.3,0.3],"pivot":[-12.5,13,0.7],"uv":{"north":{"uv":[11.6855,13.7177],"uv_size":[-0.123,0.2109]},"south":{"uv":[11.5645,13.7177],"uv_size":[0.123,0.2109]},"east":{"uv":[11.5615,13.7177],"uv_size":[-0.0615,0.2109]},"west":{"uv":[11.5615,13.7177],"uv_size":[-0.0615,0.2109]},"up":{"uv":[11.5958,13.9989],"uv_size":[0.123,-0.0703]},"down":{"uv":[11.5958,13.9989],"uv_size":[0.123,-0.0703]}}}],"name":"rot_35"},{"parent":"geyser_custom_z","pivot":[-13,13,0.7],"rotation":[0,0,45],"cubes":[{"origin":[-9.6,17.5,-0.2],"size":[1.7,1,0.3],"pivot":[-13,13,0.7],"uv":{"north":{"uv":[11.0333,14.182],"uv_size":[0.123,0.2109]},"south":{"uv":[11.0333,14.3894],"uv_size":[0.123,-0.2109]},"east":{"uv":[11.1553,14.3951],"uv_size":[-0.0615,0.1406]},"west":{"uv":[11.1553,14.3951],"uv_size":[-0.0615,0.1406]},"up":{"uv":[11.0928,14.3963],"uv_size":[-0.0615,0.2109]},"down":{"uv":[11.0928,14.3963],"uv_size":[-0.0615,0.2109]}}}],"name":"rot_36"}]}]}
