{"format_version":"1.16.0","minecraft:geometry":[{"description":{"identifier":"geometry.geyser_custom.geo_d4538fa","texture_width":16,"texture_height":16,"visible_bounds_width":4,"visible_bounds_height":4.5,"visible_bounds_offset":[0,0.75,0]},"bones":[{"name":"geyser_custom","binding":"c.item_slot == 'head' ? 'head' : q.item_slot_to_bone_name(c.item_slot)","pivot":[0,8,0]},{"name":"geyser_custom_x","parent":"geyser_custom","pivot":[0,8,0]},{"name":"geyser_custom_y","parent":"geyser_custom_x","pivot":[0,8,0]},{"name":"geyser_custom_z","parent":"geyser_custom_y","pivot":[0,8,0],"cubes":[{"origin":[3.5,16,-15],"size":[0,10,13],"uv":{"north":{"uv":[12,4.5874],"uv_size":[0,2.8411]},"south":{"uv":[12,4.5874],"uv_size":[0,2.8411]},"east":{"uv":[13.609,6.3017],"uv_size":[-1.609,1.4126]},"west":{"uv":[12.016,6.3017],"uv_size":[1.609,1.4126]},"up":{"uv":[12,9.1269],"uv_size":[0,-4.5554]},"down":{"uv":[12,9.1269],"uv_size":[0,-4.5554]}}},{"origin":[5,15,-8],"size":[0,14,16],"uv":{"north":{"uv":[0,13.728],"uv_size":[0,0.8434]},"south":{"uv":[0,13.728],"uv_size":[0,0.8434]},"east":{"uv":[0.016,13.7303],"uv_size":[1.984,1.984]},"west":{"uv":[0.016,13.7303],"uv_size":[1.984,1.984]},"up":{"uv":[0,14.5577],"uv_size":[0,-0.8434]},"down":{"uv":[0,14.5577],"uv_size":[0,-0.8434]}}}]},{"parent":"geyser_custom_z","pivot":[3.5,11.1,-7.8],"rotation":[45,0,0],"cubes":[{"origin":[2.5,10.6,-10.3],"size":[2,2,3],"pivot":[3.5,11.1,-7.8],"uv":{"north":{"uv":[11.121,13.4331],"uv_size":[-0.246,0.2811]},"south":{"uv":[10.871,13.4331],"uv_size":[-0.246,0.2811]},"east":{"uv":[10.629,12.1497],"uv_size":[0.246,0.4217]},"west":{"uv":[10.629,12.5646],"uv_size":[0.246,-0.4217]},"up":{"uv":[10.871,12.5783],"uv_size":[-0.246,0.4217]},"down":{"uv":[10.871,13.0069],"uv_size":[-0.246,0.4217]}}}],"name":"rot_1"},{"parent":"geyser_custom_z","pivot":[3.5,14.5,4],"rotation":[45,0,0],"cubes":[{"origin":[2.9,15,3],"size":[1.2,1,3],"pivot":[3.5,14.5,4],"uv":{"north":{"uv":[9.6208,15.4309],"uv_size":[0.123,0.1406]},"south":{"uv":[9.6208,15.4309],"uv_size":[0.123,0.1406]},"east":{"uv":[9.994,15.0023],"uv_size":[-0.369,0.1406]},"west":{"uv":[9.631,15.0023],"uv_size":[0.369,0.1406]},"up":{"uv":[9.631,14.9977],"uv_size":[0.369,-0.1406]},"down":{"uv":[9.631,14.9977],"uv_size":[0.369,-0.1406]}}}],"name":"rot_2"},{"parent":"geyser_custom_z","pivot":[3.5,21.5,6.5],"rotation":[45,0,0],"cubes":[{"origin":[3,21.4,5],"size":[1,1,3],"pivot":[3.5,21.5,6.5],"uv":{"north":{"uv":[13.752,5.5737],"uv_size":[0.123,0.1406]},"south":{"uv":[13.877,5.5737],"uv_size":[0.123,0.1406]},"east":{"uv":[13.756,5.4309],"uv_size":[0.369,0.1406]},"west":{"uv":[13.756,5.4309],"uv_size":[0.369,0.1406]},"up":{"uv":[13.748,6.2789],"uv_size":[-0.123,-0.4217]},"down":{"uv":[13.748,5.8503],"uv_size":[-0.123,-0.4217]}}}],"name":"rot_3"},{"parent":"geyser_custom_z","pivot":[3.5,21.8916,6],"rotation":[45,0,0],"cubes":[{"origin":[3.125,23.5706,6.3709],"size":[0.7,1,1],"pivot":[3.5,21.8916,6],"uv":{"north":{"uv":[11.5918,14.8203],"uv_size":[-0.123,-0.0703]},"south":{"uv":[11.6553,14.7477],"uv_size":[-0.0615,-0.1406]},"east":{"uv":[11.5918,14.7477],"uv_size":[-0.123,-0.1406]},"west":{"uv":[11.4708,14.7477],"uv_size":[0.123,-0.1406]},"up":{"uv":[11.4708,14.7511],"uv_size":[0.123,0.0703]},"down":{"uv":[11.5948,14.6094],"uv_size":[0.0615,0.1406]}}}],"name":"rot_4"},{"parent":"geyser_custom_z","pivot":[2.5,16.5,0],"rotation":[45,0,0],"cubes":[{"origin":[2.6,15.5,-3.9],"size":[1.8,1.9,2.9],"pivot":[2.5,16.5,0],"uv":{"north":{"uv":[9.996,15.4331],"uv_size":[-0.246,0.2811]},"south":{"uv":[9.996,15.4331],"uv_size":[-0.246,0.2811]},"east":{"uv":[9.9817,15.7186],"uv_size":[-0.3567,0.2671]},"west":{"uv":[9.6308,15.7186],"uv_size":[0.3567,0.2671]},"up":{"uv":[9.631,15.424],"uv_size":[0.369,-0.2811]},"down":{"uv":[9.631,15.424],"uv_size":[0.369,-0.2811]}}}],"name":"rot_5"},{"parent":"geyser_custom_z","pivot":[0.5,11,-6.5],"rotation":[45,0,0],"cubes":[{"origin":[2.5,8,-2.4],"size":[2,2,0.5],"pivot":[0.5,11,-6.5],"uv":{"north":{"uv":[9.129,15.2903],"uv_size":[0.246,0.2811]},"south":{"uv":[9.129,15.2903],"uv_size":[0.246,0.2811]},"east":{"uv":[9.0635,15.2903],"uv_size":[0.0615,0.2811]},"west":{"uv":[9.0635,15.2903],"uv_size":[0.0615,0.2811]},"up":{"uv":[9.371,15.2846],"uv_size":[-0.246,-0.0703]},"down":{"uv":[9.371,15.2846],"uv_size":[-0.246,-0.0703]}}}],"name":"rot_6"},{"parent":"geyser_custom_z","pivot":[0.5,21.3,6.6],"rotation":[45,0,0],"cubes":[{"origin":[2.9,22.3,2],"size":[1.2,2,0.5],"pivot":[0.5,21.3,6.6],"uv":{"north":{"uv":[9.254,14.1474],"uv_size":[0.246,0.2811]},"south":{"uv":[9.127,14.9331],"uv_size":[0.123,0.2811]},"east":{"uv":[9.1865,14.6474],"uv_size":[-0.0615,0.2811]},"west":{"uv":[9.126,14.6474],"uv_size":[0.0615,0.2811]},"up":{"uv":[9.249,14.924],"uv_size":[-0.0615,-0.2811]},"down":{"uv":[9.249,14.924],"uv_size":[-0.0615,-0.2811]}}}],"name":"rot_7"},{"parent":"geyser_custom_z","pivot":[3.5,10.6916,0],"rotation":[22.5,0,0],"cubes":[{"origin":[3.175,11.0625,-2.679],"size":[0.7,1,1],"pivot":[3.5,10.6916,0],"uv":{"north":{"uv":[11.5918,14.7511],"uv_size":[-0.123,0.0703]},"south":{"uv":[11.5948,14.7477],"uv_size":[0.0615,-0.1406]},"east":{"uv":[11.4708,14.6094],"uv_size":[0.123,0.1406]},"west":{"uv":[11.5918,14.6094],"uv_size":[-0.123,0.1406]},"up":{"uv":[11.6553,14.6094],"uv_size":[-0.0615,0.1406]},"down":{"uv":[11.4708,14.8203],"uv_size":[0.123,-0.0703]}}},{"origin":[3.275,10.7816,1.1338],"size":[0.5,2,1],"pivot":[3.5,10.6916,0],"uv":{"north":{"uv":[10.876,14.1383],"uv_size":[0.0615,-0.2811]},"south":{"uv":[10.876,14.1383],"uv_size":[0.0615,-0.2811]},"east":{"uv":[10.873,14.1383],"uv_size":[-0.123,-0.2811]},"west":{"uv":[10.752,14.1383],"uv_size":[0.123,-0.2811]},"up":{"uv":[10.627,14.0703],"uv_size":[0.123,-0.0703]},"down":{"uv":[10.627,14.0703],"uv_size":[0.123,-0.0703]}}},{"origin":[3.275,9.7816,0.1338],"size":[0.5,1,2],"pivot":[3.5,10.6916,0],"uv":{"north":{"uv":[11.499,13.8549],"uv_size":[-0.0615,-0.1406]},"south":{"uv":[11.1543,14.0703],"uv_size":[-0.123,-0.0703]},"east":{"uv":[11.0333,13.9954],"uv_size":[0.123,-0.2811]},"west":{"uv":[11.1543,13.9954],"uv_size":[-0.123,-0.2811]},"up":{"uv":[11.2178,13.9954],"uv_size":[-0.0615,-0.2811]},"down":{"uv":[11.3428,13.9954],"uv_size":[-0.0615,-0.2811]}}},{"origin":[3.475,6.8391,0.164],"size":[0,3,2.5],"pivot":[3.5,10.6916,0],"uv":{"north":{"uv":[10,14.136],"uv_size":[0,-0.4217]},"south":{"uv":[10,14.136],"uv_size":[0,-0.4217]},"east":{"uv":[11.4637,15.0289],"uv_size":[-0.3075,-0.4217]},"west":{"uv":[11.1613,15.0289],"uv_size":[0.3075,-0.4217]},"up":{"uv":[10,13.7211],"uv_size":[0,0.4217]},"down":{"uv":[10,13.7211],"uv_size":[0,0.4217]}}}],"name":"rot_8"},{"parent":"geyser_custom_z","pivot":[3.5,11.1,-7.8],"rotation":[22.5,0,0],"cubes":[{"origin":[3,11,-9.3],"size":[1,1,3],"pivot":[3.5,11.1,-7.8],"uv":{"north":{"uv":[13.998,5.5737],"uv_size":[-0.123,0.1406]},"south":{"uv":[13.873,5.5737],"uv_size":[-0.123,0.1406]},"east":{"uv":[13.756,5.4309],"uv_size":[0.369,0.1406]},"west":{"uv":[14.119,5.4309],"uv_size":[-0.369,0.1406]},"up":{"uv":[13.748,5.864],"uv_size":[-0.123,0.4217]},"down":{"uv":[13.748,5.4354],"uv_size":[-0.123,0.4217]}}}],"name":"rot_9"},{"parent":"geyser_custom_z","pivot":[3.5,11.4916,-7.3],"rotation":[22.5,0,0],"cubes":[{"origin":[3.125,13.1706,-8.6709],"size":[0.7,1,1],"pivot":[3.5,11.4916,-7.3],"uv":{"north":{"uv":[11.5948,14.7477],"uv_size":[0.0615,-0.1406]},"south":{"uv":[11.5918,14.7511],"uv_size":[-0.123,0.0703]},"east":{"uv":[11.4708,14.7477],"uv_size":[0.123,-0.1406]},"west":{"uv":[11.5918,14.7477],"uv_size":[-0.123,-0.1406]},"up":{"uv":[11.5918,14.7511],"uv_size":[-0.123,0.0703]},"down":{"uv":[11.5948,14.7477],"uv_size":[0.0615,-0.1406]}}}],"name":"rot_10"},{"parent":"geyser_custom_z","pivot":[3.5,11.4916,7.3],"rotation":[22.5,0,0],"cubes":[{"origin":[3.225,9.4016,8.4338],"size":[0.5,2,1],"pivot":[3.5,11.4916,7.3],"uv":{"north":{"uv":[10.876,14.1383],"uv_size":[0.0615,-0.2811]},"south":{"uv":[10.876,14.1383],"uv_size":[0.0615,-0.2811]},"east":{"uv":[10.752,14.1383],"uv_size":[0.123,-0.2811]},"west":{"uv":[10.873,14.1383],"uv_size":[-0.123,-0.2811]},"up":{"uv":[10.748,14.0011],"uv_size":[-0.123,0.0703]},"down":{"uv":[10.748,14.0011],"uv_size":[-0.123,0.0703]}}},{"origin":[3.225,11.4016,7.4338],"size":[0.5,1,2],"pivot":[3.5,11.4916,7.3],"uv":{"north":{"uv":[11.499,13.8549],"uv_size":[-0.0615,-0.1406]},"south":{"uv":[11.1543,14.0703],"uv_size":[-0.123,-0.0703]},"east":{"uv":[11.1543,13.9954],"uv_size":[-0.123,-0.2811]},"west":{"uv":[11.0333,13.9954],"uv_size":[0.123,-0.2811]},"up":{"uv":[11.2823,13.7189],"uv_size":[0.0615,0.2811]},"down":{"uv":[11.1573,13.7189],"uv_size":[0.0615,0.2811]}}},{"origin":[3.525,12.3441,7.4641],"size":[0,3,2.5],"pivot":[3.5,11.4916,7.3],"uv":{"north":{"uv":[10,14.136],"uv_size":[0,-0.4217]},"south":{"uv":[10,14.136],"uv_size":[0,-0.4217]},"east":{"uv":[11.1613,15.0289],"uv_size":[0.3075,-0.4217]},"west":{"uv":[11.4637,15.0289],"uv_size":[-0.3075,-0.4217]},"up":{"uv":[10,14.136],"uv_size":[0,-0.4217]},"down":{"uv":[10,14.136],"uv_size":[0,-0.4217]}}}],"name":"rot_11"},{"parent":"geyser_custom_z","pivot":[3.5,16.5,-7.5],"rotation":[22.5,0,0],"cubes":[{"origin":[3.1,15.8,-7.8],"size":[0.8,1,1],"pivot":[3.5,16.5,-7.5],"uv":{"north":{"uv":[9.752,14.7166],"uv_size":[0.123,0.1406]},"south":{"uv":[9.752,14.7166],"uv_size":[0.123,0.1406]},"east":{"uv":[9.877,14.7166],"uv_size":[0.123,0.1406]},"west":{"uv":[9.998,14.7166],"uv_size":[-0.123,0.1406]},"up":{"uv":[9.748,14.712],"uv_size":[-0.123,-0.1406]},"down":{"uv":[9.748,14.8549],"uv_size":[-0.123,-0.1406]}}}],"name":"rot_12"},{"parent":"geyser_custom_z","pivot":[3.5,21.5,-6.5],"rotation":[22.5,0,0],"cubes":[{"origin":[3,22.9,-8.7],"size":[1,1.5,1.5],"pivot":[3.5,21.5,-6.5],"uv":{"north":{"uv":[13.873,5.932],"uv_size":[-0.123,0.2109]},"south":{"uv":[13.998,5.7891],"uv_size":[-0.123,0.2109]},"east":{"uv":[14.0595,5.7823],"uv_size":[-0.1845,-0.2109]},"west":{"uv":[14.0595,5.5749],"uv_size":[-0.1845,0.2109]},"up":{"uv":[13.873,5.7177],"uv_size":[-0.123,0.2109]},"down":{"uv":[13.873,5.7177],"uv_size":[-0.123,0.2109]}}}],"name":"rot_13"},{"parent":"geyser_custom_z","pivot":[3.5,21.5,6.5],"rotation":[22.5,0,0],"cubes":[{"origin":[2.5,21,6],"size":[2,2,3],"pivot":[3.5,21.5,6.5],"uv":{"north":{"uv":[10.629,13.4331],"uv_size":[0.246,0.2811]},"south":{"uv":[10.879,13.4331],"uv_size":[0.246,0.2811]},"east":{"uv":[10.629,12.5646],"uv_size":[0.246,-0.4217]},"west":{"uv":[10.629,12.1497],"uv_size":[0.246,0.4217]},"up":{"uv":[10.871,12.9931],"uv_size":[-0.246,-0.4217]},"down":{"uv":[10.871,13.4217],"uv_size":[-0.246,-0.4217]}}}],"name":"rot_14"},{"parent":"geyser_custom_z","pivot":[2.5,25.5,0],"rotation":[22.5,0,0],"cubes":[{"origin":[2.6,14.8,-2.7],"size":[1.8,3,1.8],"pivot":[2.5,25.5,0],"uv":{"north":{"uv":[9.748,13.7166],"uv_size":[-0.123,0.1406]},"south":{"uv":[8.994,15.1831],"uv_size":[-0.369,0.2811]},"east":{"uv":[8.869,14.4331],"uv_size":[-0.369,0.2811]},"west":{"uv":[8.506,14.4331],"uv_size":[0.369,0.2811]},"up":{"uv":[8.504,14.9954],"uv_size":[0.246,-0.2811]},"down":{"uv":[8.504,14.9954],"uv_size":[0.246,-0.2811]}}}],"name":"rot_15"},{"parent":"geyser_custom_z","pivot":[8,0,-9],"rotation":[0,-0,0],"cubes":[{"origin":[3.5,2,-14],"size":[0,11,12],"pivot":[8,0,-9],"uv":{"north":{"uv":[8,9.1589],"uv_size":[0,1.8411]},"south":{"uv":[8,9.1589],"uv_size":[0,1.8411]},"east":{"uv":[11.984,9.4446],"uv_size":[-1.484,1.5554]},"west":{"uv":[10.516,9.4446],"uv_size":[1.484,1.5554]},"up":{"uv":[8,10.5554],"uv_size":[0,-1.4126]},"down":{"uv":[8,10.5554],"uv_size":[0,-1.4126]}}}],"name":"rot_16"},{"parent":"geyser_custom_z","pivot":[8,0,8],"rotation":[0,-0,0],"cubes":[{"origin":[3.5,16,2],"size":[0,10,13],"pivot":[8,0,8],"uv":{"north":{"uv":[12,4.5874],"uv_size":[0,2.8411]},"south":{"uv":[12,4.5874],"uv_size":[0,2.8411]},"east":{"uv":[12.016,6.3017],"uv_size":[1.609,1.4126]},"west":{"uv":[13.609,6.3017],"uv_size":[-1.609,1.4126]},"up":{"uv":[12,4.5874],"uv_size":[0,4.5554]},"down":{"uv":[12,4.5874],"uv_size":[0,4.5554]}}}],"name":"rot_17"},{"parent":"geyser_custom_z","pivot":[8,0,9],"rotation":[0,-0,0],"cubes":[{"origin":[3.5,2,2],"size":[0,11,12],"pivot":[8,0,9],"uv":{"north":{"uv":[8,9.1589],"uv_size":[0,1.8411]},"south":{"uv":[8,9.1589],"uv_size":[0,1.8411]},"east":{"uv":[10.516,9.4446],"uv_size":[1.484,1.5554]},"west":{"uv":[11.984,9.4446],"uv_size":[-1.484,1.5554]},"up":{"uv":[8,9.1589],"uv_size":[0,1.4126]},"down":{"uv":[8,9.1589],"uv_size":[0,1.4126]}}}],"name":"rot_18"},{"parent":"geyser_custom_z","pivot":[5,16.1,-4],"rotation":[0,-0,0],"cubes":[{"origin":[4.3,15.7,-7],"size":[0,1,3],"pivot":[5,16.1,-4],"uv":{"north":{"uv":[8.127,13.7143],"uv_size":[0.123,0]},"south":{"uv":[8.127,13.7143],"uv_size":[0.123,0]},"east":{"uv":[8.869,15.9977],"uv_size":[-0.369,-0.1406]},"west":{"uv":[8.869,15.8594],"uv_size":[-0.369,0.1406]},"up":{"uv":[8.369,13.7143],"uv_size":[-0.369,0]},"down":{"uv":[8.369,13.7143],"uv_size":[-0.369,0]}}}],"name":"rot_19"},{"parent":"geyser_custom_z","pivot":[5,16.1,4],"rotation":[0,-0,0],"cubes":[{"origin":[4.3,15.7,4],"size":[0,1,3],"pivot":[5,16.1,4],"uv":{"north":{"uv":[8.127,13.7143],"uv_size":[0.123,0]},"south":{"uv":[8.127,13.7143],"uv_size":[0.123,0]},"east":{"uv":[8.506,15.9977],"uv_size":[0.369,-0.1406]},"west":{"uv":[8.506,15.8594],"uv_size":[0.369,0.1406]},"up":{"uv":[8.006,13.7143],"uv_size":[0.369,0]},"down":{"uv":[8.006,13.7143],"uv_size":[0.369,0]}}}],"name":"rot_20"},{"parent":"geyser_custom_z","pivot":[4.4,15.45,-4.9],"rotation":[0,-0,0],"cubes":[{"origin":[4.4,13.25,-6.15],"size":[0,3,2.5],"pivot":[4.4,15.45,-4.9],"uv":{"north":{"uv":[8.004,13.7143],"uv_size":[0.246,0]},"south":{"uv":[8.004,13.7143],"uv_size":[0.246,0]},"east":{"uv":[8.506,15.8157],"uv_size":[0.369,-0.3514]},"west":{"uv":[8.869,15.8157],"uv_size":[-0.369,-0.3514]},"up":{"uv":[8,13.9954],"uv_size":[0,-0.2811]},"down":{"uv":[8,13.9954],"uv_size":[0,-0.2811]}}}],"name":"rot_21"},{"parent":"geyser_custom_z","pivot":[4.4,15.45,4.9],"rotation":[0,-0,0],"cubes":[{"origin":[4.4,13.25,3.65],"size":[0,3,2.5],"pivot":[4.4,15.45,4.9],"uv":{"north":{"uv":[8.004,13.7143],"uv_size":[0.246,0]},"south":{"uv":[8.004,13.7143],"uv_size":[0.246,0]},"east":{"uv":[8.506,15.47],"uv_size":[0.369,0.3514]},"west":{"uv":[8.869,15.47],"uv_size":[-0.369,0.3514]},"up":{"uv":[8,13.7189],"uv_size":[0,0.2811]},"down":{"uv":[8,13.7189],"uv_size":[0,0.2811]}}}],"name":"rot_22"},{"parent":"geyser_custom_z","pivot":[4,19.5,-0.1],"rotation":[0,-0,0],"cubes":[{"origin":[4,16.5,-2],"size":[0,4,1.5],"pivot":[4,19.5,-0.1],"uv":{"north":{"uv":[9.633,13.7143],"uv_size":[0.492,0]},"south":{"uv":[9.633,13.8571],"uv_size":[0.492,0]},"east":{"uv":[9.617,15.9609],"uv_size":[-0.492,-0.2109]},"west":{"uv":[9.133,15.9609],"uv_size":[0.492,-0.2109]},"up":{"uv":[9.75,15.2811],"uv_size":[0,-0.2811]},"down":{"uv":[9.75,15.2811],"uv_size":[0,-0.2811]}}}],"name":"rot_23"},{"parent":"geyser_custom_z","pivot":[4,19.5,0.1],"rotation":[0,-0,0],"cubes":[{"origin":[4,16.5,0.5],"size":[0,4,1.5],"pivot":[4,19.5,0.1],"uv":{"north":{"uv":[9.633,13.8571],"uv_size":[0.492,0]},"south":{"uv":[9.633,13.7143],"uv_size":[0.492,0]},"east":{"uv":[9.617,15.7534],"uv_size":[-0.492,0.2109]},"west":{"uv":[9.133,15.7534],"uv_size":[0.492,0.2109]},"up":{"uv":[9.75,15.0046],"uv_size":[0,0.2811]},"down":{"uv":[9.75,15.0046],"uv_size":[0,0.2811]}}}],"name":"rot_24"},{"parent":"geyser_custom_z","pivot":[3.5,10.6916,0],"rotation":[0,-0,0],"cubes":[{"origin":[2.4,11.3,-1],"size":[2.2,2,2],"pivot":[3.5,10.6916,0],"uv":{"north":{"uv":[11.4103,14.6026],"uv_size":[0.246,-0.2811]},"south":{"uv":[11.4103,14.6026],"uv_size":[0.246,-0.2811]},"east":{"uv":[11.1603,14.6026],"uv_size":[0.246,-0.2811]},"west":{"uv":[11.1603,14.6026],"uv_size":[0.246,-0.2811]},"up":{"uv":[10.7853,14.424],"uv_size":[0.246,-0.2811]},"down":{"uv":[10.7853,14.7097],"uv_size":[0.246,-0.2811]}}}],"name":"rot_25"},{"parent":"geyser_custom_z","pivot":[3.5,11.1,-7.8],"rotation":[0,-0,0],"cubes":[{"origin":[3,8.9,-10.7],"size":[1,1.5,1.5],"pivot":[3.5,11.1,-7.8],"uv":{"north":{"uv":[13.873,5.7177],"uv_size":[-0.123,0.2109]},"south":{"uv":[13.873,5.7177],"uv_size":[-0.123,0.2109]},"east":{"uv":[14.0595,5.7823],"uv_size":[-0.1845,-0.2109]},"west":{"uv":[13.878,5.7823],"uv_size":[0.1845,-0.2109]},"up":{"uv":[13.998,5.7891],"uv_size":[-0.123,0.2109]},"down":{"uv":[13.873,5.932],"uv_size":[-0.123,0.2109]}}}],"name":"rot_26"},{"parent":"geyser_custom_z","pivot":[3.5,11.1,7.8],"rotation":[0,-0,0],"cubes":[{"origin":[3,8.9,9.2],"size":[1,1.5,1.5],"pivot":[3.5,11.1,7.8],"uv":{"north":{"uv":[13.752,5.7177],"uv_size":[0.123,0.2109]},"south":{"uv":[13.752,5.7177],"uv_size":[0.123,0.2109]},"east":{"uv":[13.878,5.7823],"uv_size":[0.1845,-0.2109]},"west":{"uv":[13.878,5.5749],"uv_size":[0.1845,0.2109]},"up":{"uv":[13.998,5.9966],"uv_size":[-0.123,-0.2109]},"down":{"uv":[13.873,6.1394],"uv_size":[-0.123,-0.2109]}}}],"name":"rot_27"},{"parent":"geyser_custom_z","pivot":[3.5,21.8916,-6],"rotation":[0,-0,0],"cubes":[{"origin":[3.225,23.0254,-8.09],"size":[0.5,1,2],"pivot":[3.5,21.8916,-6],"uv":{"north":{"uv":[10.627,14.0011],"uv_size":[0.123,0.0703]},"south":{"uv":[10.627,14.0011],"uv_size":[0.123,0.0703]},"east":{"uv":[10.752,13.8617],"uv_size":[0.123,0.2811]},"west":{"uv":[10.873,13.8617],"uv_size":[-0.123,0.2811]},"up":{"uv":[10.9365,14.1383],"uv_size":[-0.0615,-0.2811]},"down":{"uv":[10.9365,14.1383],"uv_size":[-0.0615,-0.2811]}}},{"origin":[3.225,22.0254,-6.09],"size":[0.5,2,1],"pivot":[3.5,21.8916,-6],"uv":{"north":{"uv":[11.1573,13.9954],"uv_size":[0.0615,-0.2811]},"south":{"uv":[11.2823,13.9954],"uv_size":[0.0615,-0.2811]},"east":{"uv":[11.0333,13.9954],"uv_size":[0.123,-0.2811]},"west":{"uv":[11.1543,13.9954],"uv_size":[-0.123,-0.2811]},"up":{"uv":[11.1543,14.0011],"uv_size":[-0.123,0.0703]},"down":{"uv":[11.4385,13.8549],"uv_size":[0.0615,-0.1406]}}},{"origin":[3.525,22.0556,-5.1475],"size":[0,2.5,3],"pivot":[3.5,21.8916,-6],"uv":{"north":{"uv":[10,13.7211],"uv_size":[0,0.4217]},"south":{"uv":[10,13.7211],"uv_size":[0,0.4217]},"east":{"uv":[11.1613,14.614],"uv_size":[0.3075,0.4217]},"west":{"uv":[11.4637,14.614],"uv_size":[-0.3075,0.4217]},"up":{"uv":[10,14.136],"uv_size":[0,-0.4217]},"down":{"uv":[10,14.136],"uv_size":[0,-0.4217]}}}],"name":"rot_28"},{"parent":"geyser_custom_z","pivot":[3.5,21.8916,6],"rotation":[0,-0,0],"cubes":[{"origin":[3.225,23.0254,6.09],"size":[0.5,1,2],"pivot":[3.5,21.8916,6],"uv":{"north":{"uv":[10.627,14.0703],"uv_size":[0.123,-0.0703]},"south":{"uv":[10.627,14.0703],"uv_size":[0.123,-0.0703]},"east":{"uv":[10.752,14.1383],"uv_size":[0.123,-0.2811]},"west":{"uv":[10.873,14.1383],"uv_size":[-0.123,-0.2811]},"up":{"uv":[10.9365,13.8617],"uv_size":[-0.0615,0.2811]},"down":{"uv":[10.9365,13.8617],"uv_size":[-0.0615,0.2811]}}},{"origin":[3.225,22.0254,5.09],"size":[0.5,2,1],"pivot":[3.5,21.8916,6],"uv":{"north":{"uv":[11.3428,13.9954],"uv_size":[-0.0615,-0.2811]},"south":{"uv":[11.2178,13.9954],"uv_size":[-0.0615,-0.2811]},"east":{"uv":[11.1543,13.9954],"uv_size":[-0.123,-0.2811]},"west":{"uv":[11.0333,13.9954],"uv_size":[0.123,-0.2811]},"up":{"uv":[11.0333,14.0011],"uv_size":[0.123,0.0703]},"down":{"uv":[11.4385,13.7166],"uv_size":[0.0615,0.1406]}}},{"origin":[3.525,22.0556,2.1475],"size":[0,2.5,3],"pivot":[3.5,21.8916,6],"uv":{"north":{"uv":[10,13.7211],"uv_size":[0,0.4217]},"south":{"uv":[10,13.7211],"uv_size":[0,0.4217]},"east":{"uv":[11.1613,15.0289],"uv_size":[0.3075,-0.4217]},"west":{"uv":[11.4637,15.0289],"uv_size":[-0.3075,-0.4217]},"up":{"uv":[10,13.7211],"uv_size":[0,0.4217]},"down":{"uv":[10,13.7211],"uv_size":[0,0.4217]}}}],"name":"rot_29"},{"parent":"geyser_custom_z","pivot":[3,11.5,-1],"rotation":[0,-0,0],"cubes":[{"origin":[3,16,-7],"size":[1,1,5],"pivot":[3,11.5,-1],"uv":{"north":{"uv":[9.252,13.7166],"uv_size":[0.123,0.1406]},"south":{"uv":[9.252,13.7166],"uv_size":[0.123,0.1406]},"east":{"uv":[9.99,14.0023],"uv_size":[-0.615,0.1406]},"west":{"uv":[9.385,14.0023],"uv_size":[0.615,0.1406]},"up":{"uv":[9.99,13.8549],"uv_size":[-0.615,-0.1406]},"down":{"uv":[9.99,13.9977],"uv_size":[-0.615,-0.1406]}}}],"name":"rot_30"},{"parent":"geyser_custom_z","pivot":[3,11.5,1],"rotation":[0,-0,0],"cubes":[{"origin":[3,16,2],"size":[1,1,5],"pivot":[3,11.5,1],"uv":{"north":{"uv":[9.373,13.7166],"uv_size":[-0.123,0.1406]},"south":{"uv":[9.373,13.7166],"uv_size":[-0.123,0.1406]},"east":{"uv":[9.385,14.0023],"uv_size":[0.615,0.1406]},"west":{"uv":[9.99,14.0023],"uv_size":[-0.615,0.1406]},"up":{"uv":[9.385,13.8549],"uv_size":[0.615,-0.1406]},"down":{"uv":[9.385,13.9977],"uv_size":[0.615,-0.1406]}}}],"name":"rot_31"},{"parent":"geyser_custom_z","pivot":[3,19.5,-0.1],"rotation":[0,-0,0],"cubes":[{"origin":[3,16.5,-2],"size":[0,4,1.5],"pivot":[3,19.5,-0.1],"uv":{"north":{"uv":[9.633,13.7143],"uv_size":[0.492,0]},"south":{"uv":[9.633,13.8571],"uv_size":[0.492,0]},"east":{"uv":[9.133,15.7534],"uv_size":[0.492,0.2109]},"west":{"uv":[9.617,15.7534],"uv_size":[-0.492,0.2109]},"up":{"uv":[9.75,15.2811],"uv_size":[0,-0.2811]},"down":{"uv":[9.75,15.2811],"uv_size":[0,-0.2811]}}}],"name":"rot_32"},{"parent":"geyser_custom_z","pivot":[3,19.5,0.1],"rotation":[0,-0,0],"cubes":[{"origin":[3,16.5,0.5],"size":[0,4,1.5],"pivot":[3,19.5,0.1],"uv":{"north":{"uv":[9.633,13.8571],"uv_size":[0.492,0]},"south":{"uv":[9.633,13.7143],"uv_size":[0.492,0]},"east":{"uv":[9.133,15.9609],"uv_size":[0.492,-0.2109]},"west":{"uv":[9.617,15.9609],"uv_size":[-0.492,-0.2109]},"up":{"uv":[9.75,15.0046],"uv_size":[0,0.2811]},"down":{"uv":[9.75,15.0046],"uv_size":[0,0.2811]}}}],"name":"rot_33"},{"parent":"geyser_custom_z","pivot":[2.6,15.45,-4.9],"rotation":[0,-0,0],"cubes":[{"origin":[2.6,13.25,-6.15],"size":[0,3,2.5],"pivot":[2.6,15.45,-4.9],"uv":{"north":{"uv":[8.004,13.7143],"uv_size":[0.246,0]},"south":{"uv":[8.004,13.7143],"uv_size":[0.246,0]},"east":{"uv":[8.869,15.47],"uv_size":[-0.369,0.3514]},"west":{"uv":[8.506,15.47],"uv_size":[0.369,0.3514]},"up":{"uv":[8,13.9954],"uv_size":[0,-0.2811]},"down":{"uv":[8,13.9954],"uv_size":[0,-0.2811]}}}],"name":"rot_34"},{"parent":"geyser_custom_z","pivot":[2.6,15.45,4.9],"rotation":[0,-0,0],"cubes":[{"origin":[2.6,13.25,3.65],"size":[0,3,2.5],"pivot":[2.6,15.45,4.9],"uv":{"north":{"uv":[8.004,13.7143],"uv_size":[0.246,0]},"south":{"uv":[8.004,13.7143],"uv_size":[0.246,0]},"east":{"uv":[8.869,15.8157],"uv_size":[-0.369,-0.3514]},"west":{"uv":[8.506,15.8157],"uv_size":[0.369,-0.3514]},"up":{"uv":[8,13.7189],"uv_size":[0,0.2811]},"down":{"uv":[8,13.7189],"uv_size":[0,0.2811]}}}],"name":"rot_35"},{"parent":"geyser_custom_z","pivot":[2.5,11.5,0],"rotation":[0,-0,0],"cubes":[{"origin":[2.5,13,-2],"size":[2,5,4],"pivot":[2.5,11.5,0],"uv":{"north":{"uv":[8.504,13.7257],"uv_size":[0.246,0.7029]},"south":{"uv":[8.504,13.7257],"uv_size":[0.246,0.7029]},"east":{"uv":[6.758,14.5114],"uv_size":[0.492,0.7029]},"west":{"uv":[6.758,14.5114],"uv_size":[0.492,0.7029]},"up":{"uv":[8.008,14.4331],"uv_size":[0.492,0.2811]},"down":{"uv":[8.008,14.9954],"uv_size":[0.492,-0.2811]}}},{"origin":[2.5,14.4,-3.4],"size":[2,1.6,1.4],"pivot":[2.5,11.5,0],"uv":{"north":{"uv":[8.7853,13.7177],"uv_size":[0.246,0.2109]},"south":{"uv":[8.7853,13.7177],"uv_size":[0.246,0.2109]},"east":{"uv":[8.7843,13.932],"uv_size":[0.1845,0.2109]},"west":{"uv":[8.9658,13.932],"uv_size":[-0.1845,0.2109]},"up":{"uv":[9.1533,14.424],"uv_size":[-0.1845,-0.2811]},"down":{"uv":[8.9658,14.424],"uv_size":[-0.1845,-0.2811]}}},{"origin":[2.5,14.4,2],"size":[2,1.6,1.4],"pivot":[2.5,11.5,0],"uv":{"north":{"uv":[9.0273,13.7177],"uv_size":[-0.246,0.2109]},"south":{"uv":[9.0273,13.7177],"uv_size":[-0.246,0.2109]},"east":{"uv":[8.9658,13.932],"uv_size":[-0.1845,0.2109]},"west":{"uv":[8.7843,13.932],"uv_size":[0.1845,0.2109]},"up":{"uv":[8.9718,14.424],"uv_size":[0.1845,-0.2811]},"down":{"uv":[8.7843,14.424],"uv_size":[0.1845,-0.2811]}}}],"name":"rot_36"},{"parent":"geyser_custom_z","pivot":[2,16.1,-4],"rotation":[0,-0,0],"cubes":[{"origin":[2.7,15.7,-7],"size":[0,1,3],"pivot":[2,16.1,-4],"uv":{"north":{"uv":[8.127,13.7143],"uv_size":[0.123,0]},"south":{"uv":[8.127,13.7143],"uv_size":[0.123,0]},"east":{"uv":[8.506,15.8594],"uv_size":[0.369,0.1406]},"west":{"uv":[8.506,15.9977],"uv_size":[0.369,-0.1406]},"up":{"uv":[8.369,13.7143],"uv_size":[-0.369,0]},"down":{"uv":[8.369,13.7143],"uv_size":[-0.369,0]}}},{"origin":[2.7,15.7,-7],"size":[1.6,0,3],"pivot":[2,16.1,-4],"uv":{"north":{"uv":[8.0032,13.7143],"uv_size":[0.1968,0]},"south":{"uv":[8.0032,13.7143],"uv_size":[0.1968,0]},"east":{"uv":[8.006,13.7143],"uv_size":[0.369,0]},"west":{"uv":[8.006,13.7143],"uv_size":[0.369,0]},"up":{"uv":[9.994,14.4037],"uv_size":[-0.369,-0.2109]},"down":{"uv":[9.994,14.4037],"uv_size":[-0.369,-0.2109]}}}],"name":"rot_37"},{"parent":"geyser_custom_z","pivot":[2,16.1,4],"rotation":[0,-0,0],"cubes":[{"origin":[2.7,15.7,4],"size":[1.6,0,3],"pivot":[2,16.1,4],"uv":{"north":{"uv":[8.1968,13.7143],"uv_size":[-0.1968,0]},"south":{"uv":[8.1968,13.7143],"uv_size":[-0.1968,0]},"east":{"uv":[8.369,13.7143],"uv_size":[-0.369,0]},"west":{"uv":[8.369,13.7143],"uv_size":[-0.369,0]},"up":{"uv":[9.631,14.4037],"uv_size":[0.369,-0.2109]},"down":{"uv":[9.631,14.4037],"uv_size":[0.369,-0.2109]}}},{"origin":[2.7,15.7,4],"size":[0,1,3],"pivot":[2,16.1,4],"uv":{"north":{"uv":[8.127,13.7143],"uv_size":[0.123,0]},"south":{"uv":[8.127,13.7143],"uv_size":[0.123,0]},"east":{"uv":[8.869,15.8594],"uv_size":[-0.369,0.1406]},"west":{"uv":[8.869,15.9977],"uv_size":[-0.369,-0.1406]},"up":{"uv":[8.006,13.7143],"uv_size":[0.369,0]},"down":{"uv":[8.006,13.7143],"uv_size":[0.369,0]}}}],"name":"rot_38"},{"parent":"geyser_custom_z","pivot":[3.5,10.6916,0],"rotation":[-22.5,0,0],"cubes":[{"origin":[3.475,6.8391,-2.664],"size":[0,3,2.5],"pivot":[3.5,10.6916,0],"uv":{"north":{"uv":[10,14.136],"uv_size":[0,-0.4217]},"south":{"uv":[10,14.136],"uv_size":[0,-0.4217]},"east":{"uv":[11.1613,15.0289],"uv_size":[0.3075,-0.4217]},"west":{"uv":[11.4637,15.0289],"uv_size":[-0.3075,-0.4217]},"up":{"uv":[10,14.136],"uv_size":[0,-0.4217]},"down":{"uv":[10,14.136],"uv_size":[0,-0.4217]}}},{"origin":[3.275,9.7816,-2.1338],"size":[0.5,1,2],"pivot":[3.5,10.6916,0],"uv":{"north":{"uv":[11.1543,14.0011],"uv_size":[-0.123,0.0703]},"south":{"uv":[11.4385,13.8549],"uv_size":[0.0615,-0.1406]},"east":{"uv":[11.0333,13.7189],"uv_size":[0.123,0.2811]},"west":{"uv":[11.1543,13.7189],"uv_size":[-0.123,0.2811]},"up":{"uv":[11.2178,13.7189],"uv_size":[-0.0615,0.2811]},"down":{"uv":[11.3428,13.7189],"uv_size":[-0.0615,0.2811]}}},{"origin":[3.275,10.7816,-2.1338],"size":[0.5,2,1],"pivot":[3.5,10.6916,0],"uv":{"north":{"uv":[10.9365,14.1383],"uv_size":[-0.0615,-0.2811]},"south":{"uv":[10.9365,14.1383],"uv_size":[-0.0615,-0.2811]},"east":{"uv":[10.752,14.1383],"uv_size":[0.123,-0.2811]},"west":{"uv":[10.873,14.1383],"uv_size":[-0.123,-0.2811]},"up":{"uv":[10.748,14.0703],"uv_size":[-0.123,-0.0703]},"down":{"uv":[10.748,14.0703],"uv_size":[-0.123,-0.0703]}}},{"origin":[3.175,11.0625,1.679],"size":[0.7,1,1],"pivot":[3.5,10.6916,0],"uv":{"north":{"uv":[11.6553,14.7477],"uv_size":[-0.0615,-0.1406]},"south":{"uv":[11.5918,14.8203],"uv_size":[-0.123,-0.0703]},"east":{"uv":[11.4708,14.7477],"uv_size":[0.123,-0.1406]},"west":{"uv":[11.5918,14.7477],"uv_size":[-0.123,-0.1406]},"up":{"uv":[11.6553,14.7477],"uv_size":[-0.0615,-0.1406]},"down":{"uv":[11.5918,14.8203],"uv_size":[-0.123,-0.0703]}}}],"name":"rot_39"},{"parent":"geyser_custom_z","pivot":[3.5,11.1,7.8],"rotation":[-22.5,0,0],"cubes":[{"origin":[3,11,6.3],"size":[1,1,3],"pivot":[3.5,11.1,7.8],"uv":{"north":{"uv":[13.752,5.5737],"uv_size":[0.123,0.1406]},"south":{"uv":[13.877,5.5737],"uv_size":[0.123,0.1406]},"east":{"uv":[14.119,5.4309],"uv_size":[-0.369,0.1406]},"west":{"uv":[13.756,5.4309],"uv_size":[0.369,0.1406]},"up":{"uv":[13.748,6.2789],"uv_size":[-0.123,-0.4217]},"down":{"uv":[13.748,5.8503],"uv_size":[-0.123,-0.4217]}}}],"name":"rot_40"},{"parent":"geyser_custom_z","pivot":[3.5,11.4916,-7.3],"rotation":[-22.5,0,0],"cubes":[{"origin":[3.525,12.3441,-9.9641],"size":[0,3,2.5],"pivot":[3.5,11.4916,-7.3],"uv":{"north":{"uv":[10,14.136],"uv_size":[0,-0.4217]},"south":{"uv":[10,14.136],"uv_size":[0,-0.4217]},"east":{"uv":[11.4637,15.0289],"uv_size":[-0.3075,-0.4217]},"west":{"uv":[11.1613,15.0289],"uv_size":[0.3075,-0.4217]},"up":{"uv":[10,13.7211],"uv_size":[0,0.4217]},"down":{"uv":[10,13.7211],"uv_size":[0,0.4217]}}},{"origin":[3.225,11.4016,-9.4338],"size":[0.5,1,2],"pivot":[3.5,11.4916,-7.3],"uv":{"north":{"uv":[11.1543,14.0011],"uv_size":[-0.123,0.0703]},"south":{"uv":[11.4385,13.8549],"uv_size":[0.0615,-0.1406]},"east":{"uv":[11.1543,13.7189],"uv_size":[-0.123,0.2811]},"west":{"uv":[11.0333,13.7189],"uv_size":[0.123,0.2811]},"up":{"uv":[11.2823,13.9954],"uv_size":[0.0615,-0.2811]},"down":{"uv":[11.1573,13.9954],"uv_size":[0.0615,-0.2811]}}},{"origin":[3.225,9.4016,-9.4338],"size":[0.5,2,1],"pivot":[3.5,11.4916,-7.3],"uv":{"north":{"uv":[10.9365,14.1383],"uv_size":[-0.0615,-0.2811]},"south":{"uv":[10.9365,14.1383],"uv_size":[-0.0615,-0.2811]},"east":{"uv":[10.873,14.1383],"uv_size":[-0.123,-0.2811]},"west":{"uv":[10.752,14.1383],"uv_size":[0.123,-0.2811]},"up":{"uv":[10.627,14.0011],"uv_size":[0.123,0.0703]},"down":{"uv":[10.627,14.0011],"uv_size":[0.123,0.0703]}}}],"name":"rot_41"},{"parent":"geyser_custom_z","pivot":[3.5,11.4916,7.3],"rotation":[-22.5,0,0],"cubes":[{"origin":[3.125,13.1706,7.6709],"size":[0.7,1,1],"pivot":[3.5,11.4916,7.3],"uv":{"north":{"uv":[11.5918,14.8203],"uv_size":[-0.123,-0.0703]},"south":{"uv":[11.6553,14.7477],"uv_size":[-0.0615,-0.1406]},"east":{"uv":[11.5918,14.7477],"uv_size":[-0.123,-0.1406]},"west":{"uv":[11.4708,14.7477],"uv_size":[0.123,-0.1406]},"up":{"uv":[11.4708,14.7511],"uv_size":[0.123,0.0703]},"down":{"uv":[11.5948,14.6094],"uv_size":[0.0615,0.1406]}}}],"name":"rot_42"},{"parent":"geyser_custom_z","pivot":[3.5,16.5,7.5],"rotation":[-22.5,0,0],"cubes":[{"origin":[3.1,15.8,6.8],"size":[0.8,1,1],"pivot":[3.5,16.5,7.5],"uv":{"north":{"uv":[9.873,14.7166],"uv_size":[-0.123,0.1406]},"south":{"uv":[9.873,14.7166],"uv_size":[-0.123,0.1406]},"east":{"uv":[9.998,14.7166],"uv_size":[-0.123,0.1406]},"west":{"uv":[9.877,14.7166],"uv_size":[0.123,0.1406]},"up":{"uv":[9.627,14.712],"uv_size":[0.123,-0.1406]},"down":{"uv":[9.627,14.8549],"uv_size":[0.123,-0.1406]}}}],"name":"rot_43"},{"parent":"geyser_custom_z","pivot":[3.5,21.5,-6.5],"rotation":[-22.5,0,0],"cubes":[{"origin":[2.5,21,-9],"size":[2,2,3],"pivot":[3.5,21.5,-6.5],"uv":{"north":{"uv":[11.121,13.4331],"uv_size":[-0.246,0.2811]},"south":{"uv":[10.871,13.4331],"uv_size":[-0.246,0.2811]},"east":{"uv":[10.629,12.1497],"uv_size":[0.246,0.4217]},"west":{"uv":[10.629,12.5646],"uv_size":[0.246,-0.4217]},"up":{"uv":[10.871,12.5783],"uv_size":[-0.246,0.4217]},"down":{"uv":[10.871,13.0069],"uv_size":[-0.246,0.4217]}}}],"name":"rot_44"},{"parent":"geyser_custom_z","pivot":[3.5,21.5,6.5],"rotation":[-22.5,0,0],"cubes":[{"origin":[3,22.9,7.2],"size":[1,1.5,1.5],"pivot":[3.5,21.5,6.5],"uv":{"north":{"uv":[13.877,5.7891],"uv_size":[0.123,0.2109]},"south":{"uv":[13.752,5.932],"uv_size":[0.123,0.2109]},"east":{"uv":[14.0595,5.5749],"uv_size":[-0.1845,0.2109]},"west":{"uv":[13.878,5.5749],"uv_size":[0.1845,0.2109]},"up":{"uv":[13.873,5.9251],"uv_size":[-0.123,-0.2109]},"down":{"uv":[13.873,5.9251],"uv_size":[-0.123,-0.2109]}}}],"name":"rot_45"},{"parent":"geyser_custom_z","pivot":[2.5,25.5,0],"rotation":[-22.5,0,0],"cubes":[{"origin":[2.6,14.8,0.9],"size":[1.8,3,1.8],"pivot":[2.5,25.5,0],"uv":{"north":{"uv":[8.994,15.4597],"uv_size":[-0.369,-0.2811]},"south":{"uv":[9.748,13.8549],"uv_size":[-0.123,-0.1406]},"east":{"uv":[8.869,14.7097],"uv_size":[-0.369,-0.2811]},"west":{"uv":[8.506,14.7097],"uv_size":[0.369,-0.2811]},"up":{"uv":[8.504,14.7189],"uv_size":[0.246,0.2811]},"down":{"uv":[8.504,14.7189],"uv_size":[0.246,0.2811]}}}],"name":"rot_46"},{"parent":"geyser_custom_z","pivot":[3.5,11.1,7.8],"rotation":[-45,0,0],"cubes":[{"origin":[2.5,10.6,7.3],"size":[2,2,3],"pivot":[3.5,11.1,7.8],"uv":{"north":{"uv":[10.629,13.4331],"uv_size":[0.246,0.2811]},"south":{"uv":[10.879,13.4331],"uv_size":[0.246,0.2811]},"east":{"uv":[10.629,12.5646],"uv_size":[0.246,-0.4217]},"west":{"uv":[10.629,12.1497],"uv_size":[0.246,0.4217]},"up":{"uv":[10.871,12.9931],"uv_size":[-0.246,-0.4217]},"down":{"uv":[10.871,13.4217],"uv_size":[-0.246,-0.4217]}}}],"name":"rot_47"},{"parent":"geyser_custom_z","pivot":[3.5,14.5,-4],"rotation":[-45,0,0],"cubes":[{"origin":[2.9,15,-6],"size":[1.2,1,3],"pivot":[3.5,14.5,-4],"uv":{"north":{"uv":[9.7418,15.4309],"uv_size":[-0.123,0.1406]},"south":{"uv":[9.7418,15.4309],"uv_size":[-0.123,0.1406]},"east":{"uv":[9.631,15.0023],"uv_size":[0.369,0.1406]},"west":{"uv":[9.994,15.0023],"uv_size":[-0.369,0.1406]},"up":{"uv":[9.994,14.9977],"uv_size":[-0.369,-0.1406]},"down":{"uv":[9.994,14.9977],"uv_size":[-0.369,-0.1406]}}}],"name":"rot_48"},{"parent":"geyser_custom_z","pivot":[3.5,21.5,-6.5],"rotation":[-45,0,0],"cubes":[{"origin":[3,21.4,-8],"size":[1,1,3],"pivot":[3.5,21.5,-6.5],"uv":{"north":{"uv":[13.998,5.5737],"uv_size":[-0.123,0.1406]},"south":{"uv":[13.873,5.5737],"uv_size":[-0.123,0.1406]},"east":{"uv":[13.756,5.4309],"uv_size":[0.369,0.1406]},"west":{"uv":[14.119,5.4309],"uv_size":[-0.369,0.1406]},"up":{"uv":[13.748,5.864],"uv_size":[-0.123,0.4217]},"down":{"uv":[13.748,5.4354],"uv_size":[-0.123,0.4217]}}}],"name":"rot_49"},{"parent":"geyser_custom_z","pivot":[3.5,21.8916,-6],"rotation":[-45,0,0],"cubes":[{"origin":[3.125,23.5706,-7.3709],"size":[0.7,1,1],"pivot":[3.5,21.8916,-6],"uv":{"north":{"uv":[11.5948,14.7477],"uv_size":[0.0615,-0.1406]},"south":{"uv":[11.5918,14.7511],"uv_size":[-0.123,0.0703]},"east":{"uv":[11.4708,14.7477],"uv_size":[0.123,-0.1406]},"west":{"uv":[11.5918,14.7477],"uv_size":[-0.123,-0.1406]},"up":{"uv":[11.5918,14.7511],"uv_size":[-0.123,0.0703]},"down":{"uv":[11.5948,14.7477],"uv_size":[0.0615,-0.1406]}}}],"name":"rot_50"},{"parent":"geyser_custom_z","pivot":[2.9,22,0],"rotation":[-45,0,0],"cubes":[{"origin":[2.6,17.7,1.3],"size":[1.8,3,3],"pivot":[2.9,22,0],"uv":{"north":{"uv":[8.006,15.4689],"uv_size":[0.369,0.2811]},"south":{"uv":[8.006,15.4684],"uv_size":[0.369,0.253]},"east":{"uv":[8.369,15.0426],"uv_size":[-0.369,0.4217]},"west":{"uv":[8.006,15.4574],"uv_size":[0.369,-0.4217]},"up":{"uv":[8.369,15.7454],"uv_size":[-0.369,-0.2811]},"down":{"uv":[8.3786,15.4574],"uv_size":[0.2214,-0.4217]}}}],"name":"rot_51"},{"parent":"geyser_custom_z","pivot":[2.5,16.5,0],"rotation":[-45,0,0],"cubes":[{"origin":[2.6,15.5,1],"size":[1.8,1.9,2.9],"pivot":[2.5,16.5,0],"uv":{"north":{"uv":[9.754,15.4331],"uv_size":[0.246,0.2811]},"south":{"uv":[9.754,15.4331],"uv_size":[0.246,0.2811]},"east":{"uv":[9.631,15.7189],"uv_size":[0.369,0.2811]},"west":{"uv":[9.994,15.7189],"uv_size":[-0.369,0.2811]},"up":{"uv":[9.994,15.424],"uv_size":[-0.369,-0.2811]},"down":{"uv":[9.994,15.424],"uv_size":[-0.369,-0.2811]}}}],"name":"rot_52"},{"parent":"geyser_custom_z","pivot":[0.5,11,6.5],"rotation":[-45,0,0],"cubes":[{"origin":[2.5,8,1.9],"size":[2,2,0.5],"pivot":[0.5,11,6.5],"uv":{"north":{"uv":[9.371,15.2903],"uv_size":[-0.246,0.2811]},"south":{"uv":[9.371,15.2903],"uv_size":[-0.246,0.2811]},"east":{"uv":[9.124,15.2903],"uv_size":[-0.0615,0.2811]},"west":{"uv":[9.124,15.2903],"uv_size":[-0.0615,0.2811]},"up":{"uv":[9.371,15.2154],"uv_size":[-0.246,0.0703]},"down":{"uv":[9.371,15.2154],"uv_size":[-0.246,0.0703]}}}],"name":"rot_53"},{"parent":"geyser_custom_z","pivot":[0.5,21.3,-6.6],"rotation":[-45,0,0],"cubes":[{"origin":[2.9,22.3,-2.5],"size":[1.2,2,0.5],"pivot":[0.5,21.3,-6.6],"uv":{"north":{"uv":[9.248,14.9331],"uv_size":[-0.123,0.2811]},"south":{"uv":[9.496,14.1474],"uv_size":[-0.246,0.2811]},"east":{"uv":[9.126,14.6474],"uv_size":[0.0615,0.2811]},"west":{"uv":[9.1865,14.6474],"uv_size":[-0.0615,0.2811]},"up":{"uv":[9.1885,14.924],"uv_size":[0.0615,-0.2811]},"down":{"uv":[9.1885,14.924],"uv_size":[0.0615,-0.2811]}}}],"name":"rot_54"}]}]}
