{"format_version":"1.16.0","minecraft:geometry":[{"description":{"identifier":"geometry.geyser_custom.geo_c1cf912","texture_width":16,"texture_height":16,"visible_bounds_width":4,"visible_bounds_height":4.5,"visible_bounds_offset":[0,0.75,0]},"bones":[{"name":"geyser_custom","binding":"c.item_slot == 'head' ? 'head' : q.item_slot_to_bone_name(c.item_slot)","pivot":[0,8,0]},{"name":"geyser_custom_x","parent":"geyser_custom","pivot":[0,8,0]},{"name":"geyser_custom_y","parent":"geyser_custom_x","pivot":[0,8,0]},{"name":"geyser_custom_z","parent":"geyser_custom_y","pivot":[0,8,0],"cubes":[{"origin":[-6,9,0],"size":[11,19,0],"uv":{"north":{"uv":[6.8731,9.1589],"uv_size":[1.5554,2.6983]},"south":{"uv":[8.4126,9.1589],"uv_size":[-1.5554,2.6983]},"east":{"uv":[6.8571,9.1589],"uv_size":[0,2.6983]},"west":{"uv":[6.8571,9.1589],"uv_size":[0,2.6983]},"up":{"uv":[8.4126,9.1429],"uv_size":[-1.5554,0]},"down":{"uv":[8.4126,9.1429],"uv_size":[-1.5554,0]}}}]},{"parent":"geyser_custom_z","pivot":[14.3,0,8.1],"rotation":[0,45,0],"cubes":[{"origin":[15.7,-6,-4.7],"size":[0,3,2.8],"pivot":[14.3,0,8.1],"uv":{"north":{"uv":[4,9.1589],"uv_size":[0,2.0554]},"south":{"uv":[4.1429,9.1589],"uv_size":[0,2.0554]},"east":{"uv":[6.848,10.2926],"uv_size":[-0.5623,0.4217]},"west":{"uv":[6.2949,10.2926],"uv_size":[0.5623,0.4217]},"up":{"uv":[5.2697,9.1429],"uv_size":[-0.984,0]},"down":{"uv":[5.2697,9.2857],"uv_size":[-0.984,0]}}}],"name":"rot_1"},{"parent":"geyser_custom_z","pivot":[14.3,7,8.1],"rotation":[0,45,0],"cubes":[{"origin":[15.7,10,-4.7],"size":[0,3,2.8],"pivot":[14.3,7,8.1],"uv":{"north":{"uv":[4,11.1983],"uv_size":[0,-2.0554]},"south":{"uv":[4.1429,11.1983],"uv_size":[0,-2.0554]},"east":{"uv":[6.848,10.7074],"uv_size":[-0.5623,-0.4217]},"west":{"uv":[6.2949,10.7074],"uv_size":[0.5623,-0.4217]},"up":{"uv":[4.3017,9.2857],"uv_size":[0.984,0]},"down":{"uv":[4.3017,9.1429],"uv_size":[0.984,0]}}}],"name":"rot_2"},{"parent":"geyser_custom_z","pivot":[14.2,2,8.1],"rotation":[0,45,0],"cubes":[{"origin":[15.6,-3.5,-4.7],"size":[0,3,2.8],"pivot":[14.2,2,8.1],"uv":{"north":{"uv":[4,9.1589],"uv_size":[0,2.0554]},"south":{"uv":[4.1429,9.1589],"uv_size":[0,2.0554]},"east":{"uv":[6.848,10.2926],"uv_size":[-0.5623,0.4217]},"west":{"uv":[6.2949,10.2926],"uv_size":[0.5623,0.4217]},"up":{"uv":[5.2697,9.1429],"uv_size":[-0.984,0]},"down":{"uv":[5.2697,9.2857],"uv_size":[-0.984,0]}}}],"name":"rot_3"},{"parent":"geyser_custom_z","pivot":[14.2,5,8.1],"rotation":[0,45,0],"cubes":[{"origin":[15.6,7.5,-4.7],"size":[0,3,2.8],"pivot":[14.2,5,8.1],"uv":{"north":{"uv":[4,11.1983],"uv_size":[0,-2.0554]},"south":{"uv":[4.1429,11.1983],"uv_size":[0,-2.0554]},"east":{"uv":[6.848,10.7074],"uv_size":[-0.5623,-0.4217]},"west":{"uv":[6.2949,10.7074],"uv_size":[0.5623,-0.4217]},"up":{"uv":[4.3017,9.2857],"uv_size":[0.984,0]},"down":{"uv":[4.3017,9.1429],"uv_size":[0.984,0]}}}],"name":"rot_4"},{"parent":"geyser_custom_z","pivot":[14,-1,-8.3],"rotation":[0,45,0],"cubes":[{"origin":[1.2,-6.5,-9.7],"size":[2.8,3,0],"pivot":[14,-1,-8.3],"uv":{"north":{"uv":[6.2949,10.2926],"uv_size":[0.5623,0.4217]},"south":{"uv":[6.848,10.2926],"uv_size":[-0.5623,0.4217]},"east":{"uv":[4,9.1589],"uv_size":[0,2.0554]},"west":{"uv":[4.1429,9.1589],"uv_size":[0,2.0554]},"up":{"uv":[4.3017,9.1429],"uv_size":[0.984,0]},"down":{"uv":[4.3017,9.2857],"uv_size":[0.984,0]}}}],"name":"rot_5"},{"parent":"geyser_custom_z","pivot":[14,1.5,-8.2],"rotation":[0,45,0],"cubes":[{"origin":[1.2,-4,-9.6],"size":[2.8,3,0],"pivot":[14,1.5,-8.2],"uv":{"north":{"uv":[6.2949,10.2926],"uv_size":[0.5623,0.4217]},"south":{"uv":[6.848,10.2926],"uv_size":[-0.5623,0.4217]},"east":{"uv":[4,9.1589],"uv_size":[0,2.0554]},"west":{"uv":[4.1429,9.1589],"uv_size":[0,2.0554]},"up":{"uv":[4.3017,9.1429],"uv_size":[0.984,0]},"down":{"uv":[4.3017,9.2857],"uv_size":[0.984,0]}}}],"name":"rot_6"},{"parent":"geyser_custom_z","pivot":[14,5.5,-8.2],"rotation":[0,45,0],"cubes":[{"origin":[1.2,8,-9.6],"size":[2.8,3,0],"pivot":[14,5.5,-8.2],"uv":{"north":{"uv":[6.2949,10.7074],"uv_size":[0.5623,-0.4217]},"south":{"uv":[6.848,10.7074],"uv_size":[-0.5623,-0.4217]},"east":{"uv":[4,11.1983],"uv_size":[0,-2.0554]},"west":{"uv":[4.1429,11.1983],"uv_size":[0,-2.0554]},"up":{"uv":[4.3017,9.2857],"uv_size":[0.984,0]},"down":{"uv":[4.3017,9.1429],"uv_size":[0.984,0]}}}],"name":"rot_7"},{"parent":"geyser_custom_z","pivot":[14,8,-8.3],"rotation":[0,45,0],"cubes":[{"origin":[1.2,10.5,-9.7],"size":[2.8,3,0],"pivot":[14,8,-8.3],"uv":{"north":{"uv":[6.2949,10.7074],"uv_size":[0.5623,-0.4217]},"south":{"uv":[6.848,10.7074],"uv_size":[-0.5623,-0.4217]},"east":{"uv":[4,11.1983],"uv_size":[0,-2.0554]},"west":{"uv":[4.1429,11.1983],"uv_size":[0,-2.0554]},"up":{"uv":[4.3017,9.2857],"uv_size":[0.984,0]},"down":{"uv":[4.3017,9.1429],"uv_size":[0.984,0]}}}],"name":"rot_8"},{"parent":"geyser_custom_z","pivot":[-2,-1,8.3],"rotation":[0,45,0],"cubes":[{"origin":[7.9,-6.5,9.6],"size":[3,3,0],"pivot":[-2,-1,8.3],"uv":{"north":{"uv":[6.848,10.2926],"uv_size":[-0.5623,0.4217]},"south":{"uv":[6.2949,10.2926],"uv_size":[0.5623,0.4217]},"east":{"uv":[4.1429,9.1589],"uv_size":[0,2.0554]},"west":{"uv":[4,9.1589],"uv_size":[0,2.0554]},"up":{"uv":[5.2697,9.1429],"uv_size":[-0.984,0]},"down":{"uv":[5.2697,9.2857],"uv_size":[-0.984,0]}}}],"name":"rot_9"},{"parent":"geyser_custom_z","pivot":[-2,1.5,8.2],"rotation":[0,45,0],"cubes":[{"origin":[7.9,-4,9.5],"size":[3,3,0],"pivot":[-2,1.5,8.2],"uv":{"north":{"uv":[6.848,10.2926],"uv_size":[-0.5623,0.4217]},"south":{"uv":[6.2949,10.2926],"uv_size":[0.5623,0.4217]},"east":{"uv":[4.1429,9.1589],"uv_size":[0,2.0554]},"west":{"uv":[4,9.1589],"uv_size":[0,2.0554]},"up":{"uv":[5.2697,9.1429],"uv_size":[-0.984,0]},"down":{"uv":[5.2697,9.2857],"uv_size":[-0.984,0]}}}],"name":"rot_10"},{"parent":"geyser_custom_z","pivot":[-2,5.5,8.2],"rotation":[0,45,0],"cubes":[{"origin":[7.9,8,9.5],"size":[3,3,0],"pivot":[-2,5.5,8.2],"uv":{"north":{"uv":[6.848,10.7074],"uv_size":[-0.5623,-0.4217]},"south":{"uv":[6.2949,10.7074],"uv_size":[0.5623,-0.4217]},"east":{"uv":[4.1429,11.1983],"uv_size":[0,-2.0554]},"west":{"uv":[4,11.1983],"uv_size":[0,-2.0554]},"up":{"uv":[5.2697,9.2857],"uv_size":[-0.984,0]},"down":{"uv":[5.2697,9.1429],"uv_size":[-0.984,0]}}}],"name":"rot_11"},{"parent":"geyser_custom_z","pivot":[-2,8,8.3],"rotation":[0,45,0],"cubes":[{"origin":[7.9,10.5,9.6],"size":[3,3,0],"pivot":[-2,8,8.3],"uv":{"north":{"uv":[6.848,10.7074],"uv_size":[-0.5623,-0.4217]},"south":{"uv":[6.2949,10.7074],"uv_size":[0.5623,-0.4217]},"east":{"uv":[4.1429,11.1983],"uv_size":[0,-2.0554]},"west":{"uv":[4,11.1983],"uv_size":[0,-2.0554]},"up":{"uv":[5.2697,9.2857],"uv_size":[-0.984,0]},"down":{"uv":[5.2697,9.1429],"uv_size":[-0.984,0]}}}],"name":"rot_12"},{"parent":"geyser_custom_z","pivot":[-2.4,2,-7.9],"rotation":[0,45,0],"cubes":[{"origin":[-3.7,-3.5,2],"size":[0,3,3],"pivot":[-2.4,2,-7.9],"uv":{"north":{"uv":[4.1429,9.1589],"uv_size":[0,2.0554]},"south":{"uv":[4,9.1589],"uv_size":[0,2.0554]},"east":{"uv":[6.2949,10.2926],"uv_size":[0.5623,0.4217]},"west":{"uv":[6.848,10.2926],"uv_size":[-0.5623,0.4217]},"up":{"uv":[4.3017,9.1429],"uv_size":[0.984,0]},"down":{"uv":[4.3017,9.2857],"uv_size":[0.984,0]}}}],"name":"rot_13"},{"parent":"geyser_custom_z","pivot":[-2.4,5,-7.9],"rotation":[0,45,0],"cubes":[{"origin":[-3.7,7.5,2],"size":[0,3,3],"pivot":[-2.4,5,-7.9],"uv":{"north":{"uv":[4.1429,11.1983],"uv_size":[0,-2.0554]},"south":{"uv":[4,11.1983],"uv_size":[0,-2.0554]},"east":{"uv":[6.2949,10.7074],"uv_size":[0.5623,-0.4217]},"west":{"uv":[6.848,10.7074],"uv_size":[-0.5623,-0.4217]},"up":{"uv":[5.2697,9.2857],"uv_size":[-0.984,0]},"down":{"uv":[5.2697,9.1429],"uv_size":[-0.984,0]}}}],"name":"rot_14"},{"parent":"geyser_custom_z","pivot":[-2.5,0,-7.9],"rotation":[0,45,0],"cubes":[{"origin":[-3.8,-6,2],"size":[0,3,3],"pivot":[-2.5,0,-7.9],"uv":{"north":{"uv":[4.1429,9.1589],"uv_size":[0,2.0554]},"south":{"uv":[4,9.1589],"uv_size":[0,2.0554]},"east":{"uv":[6.2949,10.2926],"uv_size":[0.5623,0.4217]},"west":{"uv":[6.848,10.2926],"uv_size":[-0.5623,0.4217]},"up":{"uv":[4.3017,9.1429],"uv_size":[0.984,0]},"down":{"uv":[4.3017,9.2857],"uv_size":[0.984,0]}}}],"name":"rot_15"},{"parent":"geyser_custom_z","pivot":[-2.5,7,-7.9],"rotation":[0,45,0],"cubes":[{"origin":[-3.8,10,2],"size":[0,3,3],"pivot":[-2.5,7,-7.9],"uv":{"north":{"uv":[4.1429,11.1983],"uv_size":[0,-2.0554]},"south":{"uv":[4,11.1983],"uv_size":[0,-2.0554]},"east":{"uv":[6.2949,10.7074],"uv_size":[0.5623,-0.4217]},"west":{"uv":[6.848,10.7074],"uv_size":[-0.5623,-0.4217]},"up":{"uv":[5.2697,9.2857],"uv_size":[-0.984,0]},"down":{"uv":[5.2697,9.1429],"uv_size":[-0.984,0]}}}],"name":"rot_16"},{"parent":"geyser_custom_z","pivot":[14,1,-8],"rotation":[0,0,-45],"cubes":[{"origin":[-0.3,-2,-1.1],"size":[2,2,2.2],"pivot":[14,1,-8],"uv":{"north":{"uv":[4.7811,10.4331],"uv_size":[-0.2811,0.2811]},"south":{"uv":[4.7811,10.4331],"uv_size":[-0.2811,0.2811]},"east":{"uv":[4.7811,10.7189],"uv_size":[-0.2811,0.2811]},"west":{"uv":[4.7811,10.7189],"uv_size":[-0.2811,0.2811]},"up":{"uv":[4.7811,10.7189],"uv_size":[-0.2811,0.2811]},"down":{"uv":[4.7811,10.7189],"uv_size":[-0.2811,0.2811]}}},{"origin":[-1.3,-3,-1],"size":[2,2,2],"pivot":[14,1,-8],"uv":{"north":{"uv":[4.7811,10.4331],"uv_size":[-0.2811,0.2811]},"south":{"uv":[4.7811,10.4331],"uv_size":[-0.2811,0.2811]},"east":{"uv":[4.7811,10.7189],"uv_size":[-0.2811,0.2811]},"west":{"uv":[4.7811,10.7189],"uv_size":[-0.2811,0.2811]},"up":{"uv":[4.7811,10.7189],"uv_size":[-0.2811,0.2811]},"down":{"uv":[4.7811,10.7189],"uv_size":[-0.2811,0.2811]}}}],"name":"rot_17"},{"parent":"geyser_custom_z","pivot":[14,22.5,-10],"rotation":[0,0,-45],"cubes":[{"origin":[2.7,22.5,-2.9],"size":[5.3,1,1.8],"pivot":[14,22.5,-10],"uv":{"north":{"uv":[9.8686,13.712],"uv_size":[0.7029,-0.1406]},"south":{"uv":[9.8686,13.712],"uv_size":[0.7029,-0.1406]},"east":{"uv":[9.8617,13.5691],"uv_size":[0.2811,-0.1406]},"west":{"uv":[9.8617,13.5691],"uv_size":[0.2811,-0.1406]},"up":{"uv":[9.8457,13.4331],"uv_size":[-0.7029,0.2811]},"down":{"uv":[9.8457,13.4331],"uv_size":[-0.7029,0.2811]}}},{"origin":[2.7,26.7,-2.9],"size":[5.3,1,1.8],"pivot":[14,22.5,-10],"uv":{"north":{"uv":[9.8686,13.712],"uv_size":[0.7029,-0.1406]},"south":{"uv":[9.8686,13.712],"uv_size":[0.7029,-0.1406]},"east":{"uv":[9.8617,13.5691],"uv_size":[0.2811,-0.1406]},"west":{"uv":[9.8617,13.5691],"uv_size":[0.2811,-0.1406]},"up":{"uv":[9.8457,13.4331],"uv_size":[-0.7029,0.2811]},"down":{"uv":[9.8457,13.4331],"uv_size":[-0.7029,0.2811]}}}],"name":"rot_18"},{"parent":"geyser_custom_z","pivot":[14,22.5,-6],"rotation":[0,0,-45],"cubes":[{"origin":[2.7,22.5,1.1],"size":[5.3,1,1.8],"pivot":[14,22.5,-6],"uv":{"north":{"uv":[9.8686,13.712],"uv_size":[0.7029,-0.1406]},"south":{"uv":[9.8686,13.712],"uv_size":[0.7029,-0.1406]},"east":{"uv":[9.8617,13.5691],"uv_size":[0.2811,-0.1406]},"west":{"uv":[9.8617,13.5691],"uv_size":[0.2811,-0.1406]},"up":{"uv":[9.8457,13.4331],"uv_size":[-0.7029,0.2811]},"down":{"uv":[9.8457,13.4331],"uv_size":[-0.7029,0.2811]}}},{"origin":[2.7,26.7,1.1],"size":[5.3,1,1.8],"pivot":[14,22.5,-6],"uv":{"north":{"uv":[9.8686,13.712],"uv_size":[0.7029,-0.1406]},"south":{"uv":[9.8686,13.712],"uv_size":[0.7029,-0.1406]},"east":{"uv":[9.8617,13.5691],"uv_size":[0.2811,-0.1406]},"west":{"uv":[9.8617,13.5691],"uv_size":[0.2811,-0.1406]},"up":{"uv":[9.8457,13.4331],"uv_size":[-0.7029,0.2811]},"down":{"uv":[9.8457,13.4331],"uv_size":[-0.7029,0.2811]}}}],"name":"rot_19"},{"parent":"geyser_custom_z","pivot":[10.9576,12.8303,0.0599],"rotation":[0,0,-45],"cubes":[{"origin":[9.0278,7.6154,-0.8326],"size":[3.4,6.8,1.7],"pivot":[10.9576,12.8303,0.0599],"uv":{"north":{"uv":[4.008,3.0874],"uv_size":[0.492,0.984]},"south":{"uv":[4.008,3.0874],"uv_size":[0.492,0.984]},"east":{"uv":[3.7303,0.2109],"uv_size":[0.984,-0.2109]},"west":{"uv":[3.7303,0.4251],"uv_size":[0.984,-0.2109]},"up":{"uv":[4.492,2.8606],"uv_size":[-0.492,0.2109]},"down":{"uv":[4.492,2.8606],"uv_size":[-0.492,0.2109]}}},{"origin":[10.0478,15.9454,-1.5126],"size":[3.4,3.4,3.23],"pivot":[10.9576,12.8303,0.0599],"uv":{"north":{"uv":[5.7206,0.0078],"uv_size":[-0.492,0.4779]},"south":{"uv":[5.7206,0.4779],"uv_size":[-0.492,-0.4779]},"east":{"uv":[5.4217,2.0794],"uv_size":[-0.4217,0.492]},"west":{"uv":[5.636,0.508],"uv_size":[-0.4217,0.492]},"up":{"uv":[5.9206,2.0783],"uv_size":[-0.492,0.4217]},"down":{"uv":[5.9206,2.0783],"uv_size":[-0.492,0.4217]}}}],"name":"rot_20"},{"parent":"geyser_custom_z","pivot":[-1.5,21.5,-2],"rotation":[0,22.5,0],"cubes":[{"origin":[-1,21,0],"size":[9,9,0],"pivot":[-1.5,21.5,-2],"uv":{"north":{"uv":[13.7303,12.4446],"uv_size":[1.2697,1.2697]},"south":{"uv":[14.984,12.4446],"uv_size":[-1.2697,1.2697]},"east":{"uv":[13.7143,11.4446],"uv_size":[0,1.3411]},"west":{"uv":[13.7143,11.4446],"uv_size":[0,1.3411]},"up":{"uv":[14.4874,11.4286],"uv_size":[-0.7731,0]},"down":{"uv":[14.4874,11.4286],"uv_size":[-0.7731,0]}}},{"origin":[-3,12,-1],"size":[9,9,0],"pivot":[-1.5,21.5,-2],"uv":{"north":{"uv":[13.7303,12.4446],"uv_size":[1.2697,1.2697]},"south":{"uv":[14.984,12.4446],"uv_size":[-1.2697,1.2697]},"east":{"uv":[13.7143,11.4446],"uv_size":[0,1.3411]},"west":{"uv":[13.7143,11.4446],"uv_size":[0,1.3411]},"up":{"uv":[14.4874,11.4286],"uv_size":[-0.7731,0]},"down":{"uv":[14.4874,11.4286],"uv_size":[-0.7731,0]}}}],"name":"rot_21"},{"parent":"geyser_custom_z","pivot":[10.9576,12.8303,0.0599],"rotation":[0,0,-22.5],"cubes":[{"origin":[8.6087,13.3567,-1.1726],"size":[3.4,3.4,2.55],"pivot":[10.9576,12.8303,0.0599],"uv":{"north":{"uv":[4.992,3.0794],"uv_size":[-0.492,0.492]},"south":{"uv":[4.992,3.5634],"uv_size":[-0.492,-0.492]},"east":{"uv":[5.008,2.9943],"uv_size":[0.492,-0.3514]},"west":{"uv":[4.008,2.78],"uv_size":[0.492,-0.3514]},"up":{"uv":[4.992,2.72],"uv_size":[-0.492,0.3514]},"down":{"uv":[4.992,2.72],"uv_size":[-0.492,0.3514]}}},{"origin":[14.5815,4.9938,-0.3226],"size":[2.55,2.38,0.68],"pivot":[10.9576,12.8303,0.0599],"uv":{"north":{"uv":[4.72,4.5657],"uv_size":[0.3514,-0.3514]},"south":{"uv":[4.72,4.5657],"uv_size":[0.3514,-0.3514]},"east":{"uv":[5.1417,4.22],"uv_size":[-0.0703,0.3514]},"west":{"uv":[5.1417,4.22],"uv_size":[-0.0703,0.3514]},"up":{"uv":[5.0726,3.8514],"uv_size":[0.0703,-0.3514]},"down":{"uv":[5.0726,4.2086],"uv_size":[0.0703,-0.3514]}}}],"name":"rot_22"},{"parent":"geyser_custom_z","pivot":[14,-6,-8],"rotation":[0,-0,0],"cubes":[{"origin":[5,-10,-1],"size":[2,9,2],"pivot":[14,-6,-8],"uv":{"north":{"uv":[5.0669,9.1589],"uv_size":[-0.2811,1.2697]},"south":{"uv":[5.0669,9.1589],"uv_size":[-0.2811,1.2697]},"east":{"uv":[4.7811,9.1589],"uv_size":[-0.2811,1.2697]},"west":{"uv":[4.5046,9.1589],"uv_size":[0.2811,1.2697]},"up":{"uv":[4.7903,10.7097],"uv_size":[0.2811,-0.2811]},"down":{"uv":[4.7903,10.4331],"uv_size":[0.2811,0.2811]}}},{"origin":[5,-1,-1],"size":[2,9,2],"pivot":[14,-6,-8],"uv":{"north":{"uv":[5.0669,9.1589],"uv_size":[-0.2811,1.2697]},"south":{"uv":[5.0669,9.1589],"uv_size":[-0.2811,1.2697]},"east":{"uv":[4.7811,9.1589],"uv_size":[-0.2811,1.2697]},"west":{"uv":[4.5046,9.1589],"uv_size":[0.2811,1.2697]},"up":{"uv":[4.7903,10.7097],"uv_size":[0.2811,-0.2811]},"down":{"uv":[4.7903,10.4331],"uv_size":[0.2811,0.2811]}}},{"origin":[5,8,-1],"size":[2,9,2],"pivot":[14,-6,-8],"uv":{"north":{"uv":[5.0669,9.1589],"uv_size":[-0.2811,1.2697]},"south":{"uv":[5.0669,9.1589],"uv_size":[-0.2811,1.2697]},"east":{"uv":[4.7811,9.1589],"uv_size":[-0.2811,1.2697]},"west":{"uv":[4.5046,9.1589],"uv_size":[0.2811,1.2697]},"up":{"uv":[4.7903,10.7097],"uv_size":[0.2811,-0.2811]},"down":{"uv":[4.7903,10.4331],"uv_size":[0.2811,0.2811]}}}],"name":"rot_23"},{"parent":"geyser_custom_z","pivot":[14,1,-8],"rotation":[0,-0,0],"cubes":[{"origin":[4.5,-16,0],"size":[3,6,0],"pivot":[14,1,-8],"uv":{"north":{"uv":[6.2074,10.2994],"uv_size":[-0.4217,0.8434]},"south":{"uv":[6.2074,10.2994],"uv_size":[-0.4217,0.8434]},"east":{"uv":[5.7857,10.2994],"uv_size":[0,0.8434]},"west":{"uv":[5.7857,10.2994],"uv_size":[0,0.8434]},"up":{"uv":[5.7143,10.2949],"uv_size":[0,0.5623]},"down":{"uv":[5.7143,10.2949],"uv_size":[0,0.5623]}}},{"origin":[6,-16,-1],"size":[0,6,2],"pivot":[14,1,-8],"uv":{"north":{"uv":[5.7857,10.2994],"uv_size":[0,0.8434]},"south":{"uv":[5.7857,10.2994],"uv_size":[0,0.8434]},"east":{"uv":[6.1383,10.2994],"uv_size":[-0.2811,0.8434]},"west":{"uv":[6.1383,10.2994],"uv_size":[-0.2811,0.8434]},"up":{"uv":[5.7143,10.848],"uv_size":[0,-0.5623]},"down":{"uv":[5.7143,10.848],"uv_size":[0,-0.5623]}}}],"name":"rot_24"},{"parent":"geyser_custom_z","pivot":[10.9576,12.8303,0.0599],"rotation":[0,-0,0],"cubes":[{"origin":[4.7443,15.8286,-1.6826],"size":[3.4,3.4,3.57],"pivot":[10.9576,12.8303,0.0599],"uv":{"north":{"uv":[11.4366,5.0794],"uv_size":[0.492,0.492]},"south":{"uv":[11.9206,5.0794],"uv_size":[-0.492,0.492]},"east":{"uv":[11.4366,5.0634],"uv_size":[0.492,-0.492]},"west":{"uv":[11.4366,5.0634],"uv_size":[0.492,-0.492]},"up":{"uv":[11.9366,5.0794],"uv_size":[0.492,0.492]},"down":{"uv":[11.9366,4.5794],"uv_size":[0.492,0.492]}}},{"origin":[14.8347,7.0982,-0.4926],"size":[2.55,2.72,1.02],"pivot":[10.9576,12.8303,0.0599],"uv":{"north":{"uv":[4.22,4.5657],"uv_size":[0.3514,-0.3514]},"south":{"uv":[4.5657,4.5657],"uv_size":[-0.3514,-0.3514]},"east":{"uv":[4.22,4.212],"uv_size":[0.3514,-0.1406]},"west":{"uv":[4.22,4.212],"uv_size":[0.3514,-0.1406]},"up":{"uv":[4.0737,4.5657],"uv_size":[0.1406,-0.3514]},"down":{"uv":[4.5737,4.5657],"uv_size":[0.1406,-0.3514]}}}],"name":"rot_25"},{"parent":"geyser_custom_z","pivot":[1.1,5.25,0],"rotation":[0,-0,0],"cubes":[{"origin":[5,15,-0.1],"size":[8,10,0],"pivot":[1.1,5.25,0],"uv":{"north":{"uv":[6.8411,13.6983],"uv_size":[-1.4126,-1.1269]},"south":{"uv":[5.4446,13.6983],"uv_size":[1.4126,-1.1269]},"east":{"uv":[2.3017,9.1429],"uv_size":[1.4126,0]},"west":{"uv":[2.3017,9.1429],"uv_size":[1.4126,0]},"up":{"uv":[5.4286,12.5874],"uv_size":[0,1.1269]},"down":{"uv":[5.4286,12.5874],"uv_size":[0,1.1269]}}}],"name":"rot_26"},{"parent":"geyser_custom_z","pivot":[-2,14,-10],"rotation":[0,-0,0],"cubes":[{"origin":[3,15.2,-2.1],"size":[6,6,0],"pivot":[-2,14,-10],"uv":{"north":{"uv":[12.1566,7.0851],"uv_size":[0.8434,0.8434]},"south":{"uv":[12.1566,7.0851],"uv_size":[0.8434,0.8434]},"east":{"uv":[11.8571,6.9423],"uv_size":[0,0.8434]},"west":{"uv":[11.8571,6.9423],"uv_size":[0,0.8434]},"up":{"uv":[11.44,6.8571],"uv_size":[0.7029,0]},"down":{"uv":[11.44,6.8571],"uv_size":[0.7029,0]}}}],"name":"rot_27"},{"parent":"geyser_custom_z","pivot":[-2,14,-6],"rotation":[0,-0,0],"cubes":[{"origin":[3,15.2,1.9],"size":[6,6,0],"pivot":[-2,14,-6],"uv":{"north":{"uv":[12.1566,7.0851],"uv_size":[0.8434,0.8434]},"south":{"uv":[12.1566,7.0851],"uv_size":[0.8434,0.8434]},"east":{"uv":[11.8571,6.9423],"uv_size":[0,0.8434]},"west":{"uv":[11.8571,6.9423],"uv_size":[0,0.8434]},"up":{"uv":[11.44,6.8571],"uv_size":[0.7029,0]},"down":{"uv":[11.44,6.8571],"uv_size":[0.7029,0]}}}],"name":"rot_28"},{"parent":"geyser_custom_z","pivot":[-1.5,21.5,2],"rotation":[0,-22.5,0],"cubes":[{"origin":[-1,21,0],"size":[9,9,0],"pivot":[-1.5,21.5,2],"uv":{"north":{"uv":[13.7303,12.4446],"uv_size":[1.2697,1.2697]},"south":{"uv":[14.984,12.4446],"uv_size":[-1.2697,1.2697]},"east":{"uv":[13.7143,11.4446],"uv_size":[0,1.3411]},"west":{"uv":[13.7143,11.4446],"uv_size":[0,1.3411]},"up":{"uv":[14.4874,11.4286],"uv_size":[-0.7731,0]},"down":{"uv":[14.4874,11.4286],"uv_size":[-0.7731,0]}}},{"origin":[-3,12,1],"size":[9,9,0],"pivot":[-1.5,21.5,2],"uv":{"north":{"uv":[13.7303,12.4446],"uv_size":[1.2697,1.2697]},"south":{"uv":[14.984,12.4446],"uv_size":[-1.2697,1.2697]},"east":{"uv":[13.7143,11.4446],"uv_size":[0,1.3411]},"west":{"uv":[13.7143,11.4446],"uv_size":[0,1.3411]},"up":{"uv":[14.4874,11.4286],"uv_size":[-0.7731,0]},"down":{"uv":[14.4874,11.4286],"uv_size":[-0.7731,0]}}}],"name":"rot_29"},{"parent":"geyser_custom_z","pivot":[10.9576,12.8303,0.0599],"rotation":[0,0,22.5],"cubes":[{"origin":[15.0482,9.1217,-0.6626],"size":[1.7,3.06,1.36],"pivot":[10.9576,12.8303,0.0599],"uv":{"north":{"uv":[5.0646,4.0034],"uv_size":[-0.4217,0.2109]},"south":{"uv":[5.0646,4.0034],"uv_size":[-0.4217,0.2109]},"east":{"uv":[5.0646,3.9966],"uv_size":[-0.4217,-0.2109]},"west":{"uv":[5.0646,3.9966],"uv_size":[-0.4217,-0.2109]},"up":{"uv":[4.7177,3.5749],"uv_size":[0.2109,0.2109]},"down":{"uv":[4.5034,3.5749],"uv_size":[0.2109,0.2109]}}}],"name":"rot_30"},{"parent":"geyser_custom_z","pivot":[14.3,0,-7.9],"rotation":[0,-45,0],"cubes":[{"origin":[15.6,-6,2],"size":[0,3,3],"pivot":[14.3,0,-7.9],"uv":{"north":{"uv":[4.1429,9.1589],"uv_size":[0,2.0554]},"south":{"uv":[4,9.1589],"uv_size":[0,2.0554]},"east":{"uv":[6.2949,10.2926],"uv_size":[0.5623,0.4217]},"west":{"uv":[6.848,10.2926],"uv_size":[-0.5623,0.4217]},"up":{"uv":[4.3017,9.1429],"uv_size":[0.984,0]},"down":{"uv":[4.3017,9.2857],"uv_size":[0.984,0]}}}],"name":"rot_31"},{"parent":"geyser_custom_z","pivot":[14.3,7,-7.9],"rotation":[0,-45,0],"cubes":[{"origin":[15.6,10,2],"size":[0,3,3],"pivot":[14.3,7,-7.9],"uv":{"north":{"uv":[4.1429,11.1983],"uv_size":[0,-2.0554]},"south":{"uv":[4,11.1983],"uv_size":[0,-2.0554]},"east":{"uv":[6.2949,10.7074],"uv_size":[0.5623,-0.4217]},"west":{"uv":[6.848,10.7074],"uv_size":[-0.5623,-0.4217]},"up":{"uv":[5.2697,9.2857],"uv_size":[-0.984,0]},"down":{"uv":[5.2697,9.1429],"uv_size":[-0.984,0]}}}],"name":"rot_32"},{"parent":"geyser_custom_z","pivot":[14.2,2,-7.9],"rotation":[0,-45,0],"cubes":[{"origin":[15.5,-3.5,2],"size":[0,3,3],"pivot":[14.2,2,-7.9],"uv":{"north":{"uv":[4.1429,9.1589],"uv_size":[0,2.0554]},"south":{"uv":[4,9.1589],"uv_size":[0,2.0554]},"east":{"uv":[6.2949,10.2926],"uv_size":[0.5623,0.4217]},"west":{"uv":[6.848,10.2926],"uv_size":[-0.5623,0.4217]},"up":{"uv":[4.3017,9.1429],"uv_size":[0.984,0]},"down":{"uv":[4.3017,9.2857],"uv_size":[0.984,0]}}}],"name":"rot_33"},{"parent":"geyser_custom_z","pivot":[14.2,5,-7.9],"rotation":[0,-45,0],"cubes":[{"origin":[15.5,7.5,2],"size":[0,3,3],"pivot":[14.2,5,-7.9],"uv":{"north":{"uv":[4.1429,11.1983],"uv_size":[0,-2.0554]},"south":{"uv":[4,11.1983],"uv_size":[0,-2.0554]},"east":{"uv":[6.2949,10.7074],"uv_size":[0.5623,-0.4217]},"west":{"uv":[6.848,10.7074],"uv_size":[-0.5623,-0.4217]},"up":{"uv":[5.2697,9.2857],"uv_size":[-0.984,0]},"down":{"uv":[5.2697,9.1429],"uv_size":[-0.984,0]}}}],"name":"rot_34"},{"parent":"geyser_custom_z","pivot":[14,-1,8.3],"rotation":[0,-45,0],"cubes":[{"origin":[1.2,-6.5,9.7],"size":[2.8,3,0],"pivot":[14,-1,8.3],"uv":{"north":{"uv":[6.2949,10.2926],"uv_size":[0.5623,0.4217]},"south":{"uv":[6.848,10.2926],"uv_size":[-0.5623,0.4217]},"east":{"uv":[4,9.1589],"uv_size":[0,2.0554]},"west":{"uv":[4.1429,9.1589],"uv_size":[0,2.0554]},"up":{"uv":[4.3017,9.1429],"uv_size":[0.984,0]},"down":{"uv":[4.3017,9.2857],"uv_size":[0.984,0]}}}],"name":"rot_35"},{"parent":"geyser_custom_z","pivot":[14,1.5,8.2],"rotation":[0,-45,0],"cubes":[{"origin":[1.2,-4,9.6],"size":[2.8,3,0],"pivot":[14,1.5,8.2],"uv":{"north":{"uv":[6.2949,10.2926],"uv_size":[0.5623,0.4217]},"south":{"uv":[6.848,10.2926],"uv_size":[-0.5623,0.4217]},"east":{"uv":[4,9.1589],"uv_size":[0,2.0554]},"west":{"uv":[4.1429,9.1589],"uv_size":[0,2.0554]},"up":{"uv":[4.3017,9.1429],"uv_size":[0.984,0]},"down":{"uv":[4.3017,9.2857],"uv_size":[0.984,0]}}}],"name":"rot_36"},{"parent":"geyser_custom_z","pivot":[14,5.5,8.2],"rotation":[0,-45,0],"cubes":[{"origin":[1.2,8,9.6],"size":[2.8,3,0],"pivot":[14,5.5,8.2],"uv":{"north":{"uv":[6.2949,10.7074],"uv_size":[0.5623,-0.4217]},"south":{"uv":[6.848,10.7074],"uv_size":[-0.5623,-0.4217]},"east":{"uv":[4,11.1983],"uv_size":[0,-2.0554]},"west":{"uv":[4.1429,11.1983],"uv_size":[0,-2.0554]},"up":{"uv":[4.3017,9.2857],"uv_size":[0.984,0]},"down":{"uv":[4.3017,9.1429],"uv_size":[0.984,0]}}}],"name":"rot_37"},{"parent":"geyser_custom_z","pivot":[14,8,8.3],"rotation":[0,-45,0],"cubes":[{"origin":[1.2,10.5,9.7],"size":[2.8,3,0],"pivot":[14,8,8.3],"uv":{"north":{"uv":[6.2949,10.7074],"uv_size":[0.5623,-0.4217]},"south":{"uv":[6.848,10.7074],"uv_size":[-0.5623,-0.4217]},"east":{"uv":[4,11.1983],"uv_size":[0,-2.0554]},"west":{"uv":[4.1429,11.1983],"uv_size":[0,-2.0554]},"up":{"uv":[4.3017,9.2857],"uv_size":[0.984,0]},"down":{"uv":[4.3017,9.1429],"uv_size":[0.984,0]}}}],"name":"rot_38"},{"parent":"geyser_custom_z","pivot":[-2,-1,-8.3],"rotation":[0,-45,0],"cubes":[{"origin":[7.9,-6.5,-9.6],"size":[3,3,0],"pivot":[-2,-1,-8.3],"uv":{"north":{"uv":[6.848,10.2926],"uv_size":[-0.5623,0.4217]},"south":{"uv":[6.2949,10.2926],"uv_size":[0.5623,0.4217]},"east":{"uv":[4.1429,9.1589],"uv_size":[0,2.0554]},"west":{"uv":[4,9.1589],"uv_size":[0,2.0554]},"up":{"uv":[5.2697,9.1429],"uv_size":[-0.984,0]},"down":{"uv":[5.2697,9.2857],"uv_size":[-0.984,0]}}}],"name":"rot_39"},{"parent":"geyser_custom_z","pivot":[-2,1.5,-8.2],"rotation":[0,-45,0],"cubes":[{"origin":[7.9,-4,-9.5],"size":[3,3,0],"pivot":[-2,1.5,-8.2],"uv":{"north":{"uv":[6.848,10.2926],"uv_size":[-0.5623,0.4217]},"south":{"uv":[6.2949,10.2926],"uv_size":[0.5623,0.4217]},"east":{"uv":[4.1429,9.1589],"uv_size":[0,2.0554]},"west":{"uv":[4,9.1589],"uv_size":[0,2.0554]},"up":{"uv":[5.2697,9.1429],"uv_size":[-0.984,0]},"down":{"uv":[5.2697,9.2857],"uv_size":[-0.984,0]}}}],"name":"rot_40"},{"parent":"geyser_custom_z","pivot":[-2,5.5,-8.2],"rotation":[0,-45,0],"cubes":[{"origin":[7.9,8,-9.5],"size":[3,3,0],"pivot":[-2,5.5,-8.2],"uv":{"north":{"uv":[6.848,10.7074],"uv_size":[-0.5623,-0.4217]},"south":{"uv":[6.2949,10.7074],"uv_size":[0.5623,-0.4217]},"east":{"uv":[4.1429,11.1983],"uv_size":[0,-2.0554]},"west":{"uv":[4,11.1983],"uv_size":[0,-2.0554]},"up":{"uv":[5.2697,9.2857],"uv_size":[-0.984,0]},"down":{"uv":[5.2697,9.1429],"uv_size":[-0.984,0]}}}],"name":"rot_41"},{"parent":"geyser_custom_z","pivot":[-2,8,-8.3],"rotation":[0,-45,0],"cubes":[{"origin":[7.9,10.5,-9.6],"size":[3,3,0],"pivot":[-2,8,-8.3],"uv":{"north":{"uv":[6.848,10.7074],"uv_size":[-0.5623,-0.4217]},"south":{"uv":[6.2949,10.7074],"uv_size":[0.5623,-0.4217]},"east":{"uv":[4.1429,11.1983],"uv_size":[0,-2.0554]},"west":{"uv":[4,11.1983],"uv_size":[0,-2.0554]},"up":{"uv":[5.2697,9.2857],"uv_size":[-0.984,0]},"down":{"uv":[5.2697,9.1429],"uv_size":[-0.984,0]}}}],"name":"rot_42"},{"parent":"geyser_custom_z","pivot":[-2.4,2,8.1],"rotation":[0,-45,0],"cubes":[{"origin":[-3.8,-3.5,-4.7],"size":[0,3,2.8],"pivot":[-2.4,2,8.1],"uv":{"north":{"uv":[4,9.1589],"uv_size":[0,2.0554]},"south":{"uv":[4.1429,9.1589],"uv_size":[0,2.0554]},"east":{"uv":[6.848,10.2926],"uv_size":[-0.5623,0.4217]},"west":{"uv":[6.2949,10.2926],"uv_size":[0.5623,0.4217]},"up":{"uv":[5.2697,9.1429],"uv_size":[-0.984,0]},"down":{"uv":[5.2697,9.2857],"uv_size":[-0.984,0]}}}],"name":"rot_43"},{"parent":"geyser_custom_z","pivot":[-2.4,5,8.1],"rotation":[0,-45,0],"cubes":[{"origin":[-3.8,7.5,-4.7],"size":[0,3,2.8],"pivot":[-2.4,5,8.1],"uv":{"north":{"uv":[4,11.1983],"uv_size":[0,-2.0554]},"south":{"uv":[4.1429,11.1983],"uv_size":[0,-2.0554]},"east":{"uv":[6.848,10.7074],"uv_size":[-0.5623,-0.4217]},"west":{"uv":[6.2949,10.7074],"uv_size":[0.5623,-0.4217]},"up":{"uv":[4.3017,9.2857],"uv_size":[0.984,0]},"down":{"uv":[4.3017,9.1429],"uv_size":[0.984,0]}}}],"name":"rot_44"},{"parent":"geyser_custom_z","pivot":[-2.5,0,8.1],"rotation":[0,-45,0],"cubes":[{"origin":[-3.9,-6,-4.7],"size":[0,3,2.8],"pivot":[-2.5,0,8.1],"uv":{"north":{"uv":[4,9.1589],"uv_size":[0,2.0554]},"south":{"uv":[4.1429,9.1589],"uv_size":[0,2.0554]},"east":{"uv":[6.848,10.2926],"uv_size":[-0.5623,0.4217]},"west":{"uv":[6.2949,10.2926],"uv_size":[0.5623,0.4217]},"up":{"uv":[5.2697,9.1429],"uv_size":[-0.984,0]},"down":{"uv":[5.2697,9.2857],"uv_size":[-0.984,0]}}}],"name":"rot_45"},{"parent":"geyser_custom_z","pivot":[-2.5,7,8.1],"rotation":[0,-45,0],"cubes":[{"origin":[-3.9,10,-4.7],"size":[0,3,2.8],"pivot":[-2.5,7,8.1],"uv":{"north":{"uv":[4,11.1983],"uv_size":[0,-2.0554]},"south":{"uv":[4.1429,11.1983],"uv_size":[0,-2.0554]},"east":{"uv":[6.848,10.7074],"uv_size":[-0.5623,-0.4217]},"west":{"uv":[6.2949,10.7074],"uv_size":[0.5623,-0.4217]},"up":{"uv":[4.3017,9.2857],"uv_size":[0.984,0]},"down":{"uv":[4.3017,9.1429],"uv_size":[0.984,0]}}}],"name":"rot_46"},{"parent":"geyser_custom_z","pivot":[14,14,-10],"rotation":[0,0,45],"cubes":[{"origin":[2.7,13,-3],"size":[5.3,1,2],"pivot":[14,14,-10],"uv":{"north":{"uv":[9.8686,13.5737],"uv_size":[0.7029,0.1406]},"south":{"uv":[9.8686,13.5737],"uv_size":[0.7029,0.1406]},"east":{"uv":[9.8617,13.4309],"uv_size":[0.2811,0.1406]},"west":{"uv":[9.8617,13.4309],"uv_size":[0.2811,0.1406]},"up":{"uv":[9.8457,13.7097],"uv_size":[-0.7029,-0.2811]},"down":{"uv":[9.8457,13.7097],"uv_size":[-0.7029,-0.2811]}}}],"name":"rot_47"},{"parent":"geyser_custom_z","pivot":[14,14,-6],"rotation":[0,0,45],"cubes":[{"origin":[2.7,13,1],"size":[5.3,1,2],"pivot":[14,14,-6],"uv":{"north":{"uv":[9.8686,13.5737],"uv_size":[0.7029,0.1406]},"south":{"uv":[9.8686,13.5737],"uv_size":[0.7029,0.1406]},"east":{"uv":[9.8617,13.4309],"uv_size":[0.2811,0.1406]},"west":{"uv":[9.8617,13.4309],"uv_size":[0.2811,0.1406]},"up":{"uv":[9.8457,13.7097],"uv_size":[-0.7029,-0.2811]},"down":{"uv":[9.8457,13.7097],"uv_size":[-0.7029,-0.2811]}}}],"name":"rot_48"},{"parent":"geyser_custom_z","pivot":[-2,22.5,-10],"rotation":[0,0,45],"cubes":[{"origin":[4,22.5,-3],"size":[5.3,1,2],"pivot":[-2,22.5,-10],"uv":{"north":{"uv":[10.56,13.712],"uv_size":[-0.7029,-0.1406]},"south":{"uv":[10.56,13.712],"uv_size":[-0.7029,-0.1406]},"east":{"uv":[10.1383,13.5691],"uv_size":[-0.2811,-0.1406]},"west":{"uv":[10.1383,13.5691],"uv_size":[-0.2811,-0.1406]},"up":{"uv":[9.1543,13.4331],"uv_size":[0.7029,0.2811]},"down":{"uv":[9.1543,13.4331],"uv_size":[0.7029,0.2811]}}}],"name":"rot_49"},{"parent":"geyser_custom_z","pivot":[-2,22.5,-6],"rotation":[0,0,45],"cubes":[{"origin":[4,22.5,1],"size":[5.3,1,2],"pivot":[-2,22.5,-6],"uv":{"north":{"uv":[10.56,13.712],"uv_size":[-0.7029,-0.1406]},"south":{"uv":[10.56,13.712],"uv_size":[-0.7029,-0.1406]},"east":{"uv":[10.1383,13.5691],"uv_size":[-0.2811,-0.1406]},"west":{"uv":[10.1383,13.5691],"uv_size":[-0.2811,-0.1406]},"up":{"uv":[9.1543,13.4331],"uv_size":[0.7029,0.2811]},"down":{"uv":[9.1543,13.4331],"uv_size":[0.7029,0.2811]}}}],"name":"rot_50"}]}]}
