{"format_version":"1.16.0","minecraft:geometry":[{"description":{"identifier":"geometry.geyser_custom.geo_6ac835d","texture_width":16,"texture_height":16,"visible_bounds_width":4,"visible_bounds_height":4.5,"visible_bounds_offset":[0,0.75,0]},"bones":[{"name":"geyser_custom","binding":"c.item_slot == 'head' ? 'head' : q.item_slot_to_bone_name(c.item_slot)","pivot":[0,8,0]},{"name":"geyser_custom_x","parent":"geyser_custom","pivot":[0,8,0]},{"name":"geyser_custom_y","parent":"geyser_custom_x","pivot":[0,8,0]},{"name":"geyser_custom_z","parent":"geyser_custom_y","pivot":[0,8,0],"cubes":[]},{"parent":"geyser_custom_z","pivot":[-1,10.25,0],"rotation":[0,45,0],"cubes":[{"origin":[-2.1327,1,-1.6121],"size":[2.8,3,0],"pivot":[-1,10.25,0],"uv":{"north":{"uv":[6.2949,10.2926],"uv_size":[0.5623,0.4217]},"south":{"uv":[6.848,10.2926],"uv_size":[-0.5623,0.4217]},"east":{"uv":[4,9.1589],"uv_size":[0,2.0554]},"west":{"uv":[4.1429,9.1589],"uv_size":[0,2.0554]},"up":{"uv":[5.2697,9.1429],"uv_size":[-0.984,0]},"down":{"uv":[5.2697,9.2857],"uv_size":[-0.984,0]}}},{"origin":[-2.2035,3.5,-1.5414],"size":[2.8,3,0],"pivot":[-1,10.25,0],"uv":{"north":{"uv":[6.2949,10.2926],"uv_size":[0.5623,0.4217]},"south":{"uv":[6.848,10.2926],"uv_size":[-0.5623,0.4217]},"east":{"uv":[4,9.1589],"uv_size":[0,2.0554]},"west":{"uv":[4.1429,9.1589],"uv_size":[0,2.0554]},"up":{"uv":[5.2697,9.1429],"uv_size":[-0.984,0]},"down":{"uv":[5.2697,9.2857],"uv_size":[-0.984,0]}}},{"origin":[-2.6258,1,1.6535],"size":[3,3,0],"pivot":[-1,10.25,0],"uv":{"north":{"uv":[6.848,10.2926],"uv_size":[-0.5623,0.4217]},"south":{"uv":[6.2949,10.2926],"uv_size":[0.5623,0.4217]},"east":{"uv":[4.1429,9.1589],"uv_size":[0,2.0554]},"west":{"uv":[4,9.1589],"uv_size":[0,2.0554]},"up":{"uv":[4.3017,9.1429],"uv_size":[0.984,0]},"down":{"uv":[4.3017,9.2857],"uv_size":[0.984,0]}}},{"origin":[-2.5551,3.5,1.5828],"size":[3,3,0],"pivot":[-1,10.25,0],"uv":{"north":{"uv":[6.848,10.2926],"uv_size":[-0.5623,0.4217]},"south":{"uv":[6.2949,10.2926],"uv_size":[0.5623,0.4217]},"east":{"uv":[4.1429,9.1589],"uv_size":[0,2.0554]},"west":{"uv":[4,9.1589],"uv_size":[0,2.0554]},"up":{"uv":[4.3017,9.1429],"uv_size":[0.984,0]},"down":{"uv":[4.3017,9.2857],"uv_size":[0.984,0]}}},{"origin":[-2.5414,0.5,-1.5965],"size":[0,3,2.8],"pivot":[-1,10.25,0],"uv":{"north":{"uv":[4.1429,9.1589],"uv_size":[0,2.0554]},"south":{"uv":[4,9.1589],"uv_size":[0,2.0554]},"east":{"uv":[6.2949,10.2926],"uv_size":[0.5623,0.4217]},"west":{"uv":[6.848,10.2926],"uv_size":[-0.5623,0.4217]},"up":{"uv":[4.3017,9.1429],"uv_size":[0.984,0]},"down":{"uv":[4.3017,9.2857],"uv_size":[0.984,0]}}},{"origin":[-2.4707,3,-1.5258],"size":[0,3,2.8],"pivot":[-1,10.25,0],"uv":{"north":{"uv":[4.1429,9.1589],"uv_size":[0,2.0554]},"south":{"uv":[4,9.1589],"uv_size":[0,2.0554]},"east":{"uv":[6.2949,10.2926],"uv_size":[0.5623,0.4217]},"west":{"uv":[6.848,10.2926],"uv_size":[-0.5623,0.4217]},"up":{"uv":[4.3017,9.1429],"uv_size":[0.984,0]},"down":{"uv":[4.3017,9.2857],"uv_size":[0.984,0]}}},{"origin":[0.5828,0.5,-1.4449],"size":[0,3,3],"pivot":[-1,10.25,0],"uv":{"north":{"uv":[4,9.1589],"uv_size":[0,2.0554]},"south":{"uv":[4.1429,9.1589],"uv_size":[0,2.0554]},"east":{"uv":[6.848,10.2926],"uv_size":[-0.5623,0.4217]},"west":{"uv":[6.2949,10.2926],"uv_size":[0.5623,0.4217]},"up":{"uv":[5.2697,9.1429],"uv_size":[-0.984,0]},"down":{"uv":[5.2697,9.2857],"uv_size":[-0.984,0]}}},{"origin":[0.5121,3,-1.5156],"size":[0,3,3],"pivot":[-1,10.25,0],"uv":{"north":{"uv":[4,9.1589],"uv_size":[0,2.0554]},"south":{"uv":[4.1429,9.1589],"uv_size":[0,2.0554]},"east":{"uv":[6.848,10.2926],"uv_size":[-0.5623,0.4217]},"west":{"uv":[6.2949,10.2926],"uv_size":[0.5623,0.4217]},"up":{"uv":[5.2697,9.1429],"uv_size":[-0.984,0]},"down":{"uv":[5.2697,9.2857],"uv_size":[-0.984,0]}}},{"origin":[-2.1327,17,-1.6121],"size":[2.8,3,0],"pivot":[-1,10.25,0],"uv":{"north":{"uv":[6.2949,10.7074],"uv_size":[0.5623,-0.4217]},"south":{"uv":[6.848,10.7074],"uv_size":[-0.5623,-0.4217]},"east":{"uv":[4,11.1983],"uv_size":[0,-2.0554]},"west":{"uv":[4.1429,11.1983],"uv_size":[0,-2.0554]},"up":{"uv":[4.3017,9.2857],"uv_size":[0.984,0]},"down":{"uv":[4.3017,9.1429],"uv_size":[0.984,0]}}},{"origin":[-2.2035,14.5,-1.5414],"size":[2.8,3,0],"pivot":[-1,10.25,0],"uv":{"north":{"uv":[6.2949,10.7074],"uv_size":[0.5623,-0.4217]},"south":{"uv":[6.848,10.7074],"uv_size":[-0.5623,-0.4217]},"east":{"uv":[4,11.1983],"uv_size":[0,-2.0554]},"west":{"uv":[4.1429,11.1983],"uv_size":[0,-2.0554]},"up":{"uv":[4.3017,9.2857],"uv_size":[0.984,0]},"down":{"uv":[4.3017,9.1429],"uv_size":[0.984,0]}}},{"origin":[-2.6258,17,1.6535],"size":[3,3,0],"pivot":[-1,10.25,0],"uv":{"north":{"uv":[6.848,10.7074],"uv_size":[-0.5623,-0.4217]},"south":{"uv":[6.2949,10.7074],"uv_size":[0.5623,-0.4217]},"east":{"uv":[4.1429,11.1983],"uv_size":[0,-2.0554]},"west":{"uv":[4,11.1983],"uv_size":[0,-2.0554]},"up":{"uv":[5.2697,9.2857],"uv_size":[-0.984,0]},"down":{"uv":[5.2697,9.1429],"uv_size":[-0.984,0]}}},{"origin":[-2.5551,14.5,1.5828],"size":[3,3,0],"pivot":[-1,10.25,0],"uv":{"north":{"uv":[6.848,10.7074],"uv_size":[-0.5623,-0.4217]},"south":{"uv":[6.2949,10.7074],"uv_size":[0.5623,-0.4217]},"east":{"uv":[4.1429,11.1983],"uv_size":[0,-2.0554]},"west":{"uv":[4,11.1983],"uv_size":[0,-2.0554]},"up":{"uv":[5.2697,9.2857],"uv_size":[-0.984,0]},"down":{"uv":[5.2697,9.1429],"uv_size":[-0.984,0]}}},{"origin":[-2.5414,17.5,-1.5965],"size":[0,3,2.8],"pivot":[-1,10.25,0],"uv":{"north":{"uv":[4.1429,11.1983],"uv_size":[0,-2.0554]},"south":{"uv":[4,11.1983],"uv_size":[0,-2.0554]},"east":{"uv":[6.2949,10.7074],"uv_size":[0.5623,-0.4217]},"west":{"uv":[6.848,10.7074],"uv_size":[-0.5623,-0.4217]},"up":{"uv":[4.3017,9.2857],"uv_size":[0.984,0]},"down":{"uv":[4.3017,9.1429],"uv_size":[0.984,0]}}},{"origin":[-2.4707,15,-1.5258],"size":[0,3,2.8],"pivot":[-1,10.25,0],"uv":{"north":{"uv":[4.1429,11.1983],"uv_size":[0,-2.0554]},"south":{"uv":[4,11.1983],"uv_size":[0,-2.0554]},"east":{"uv":[6.2949,10.7074],"uv_size":[0.5623,-0.4217]},"west":{"uv":[6.848,10.7074],"uv_size":[-0.5623,-0.4217]},"up":{"uv":[4.3017,9.2857],"uv_size":[0.984,0]},"down":{"uv":[4.3017,9.1429],"uv_size":[0.984,0]}}},{"origin":[0.5828,17.5,-1.4449],"size":[0,3,3],"pivot":[-1,10.25,0],"uv":{"north":{"uv":[4,11.1983],"uv_size":[0,-2.0554]},"south":{"uv":[4.1429,11.1983],"uv_size":[0,-2.0554]},"east":{"uv":[6.848,10.7074],"uv_size":[-0.5623,-0.4217]},"west":{"uv":[6.2949,10.7074],"uv_size":[0.5623,-0.4217]},"up":{"uv":[5.2697,9.2857],"uv_size":[-0.984,0]},"down":{"uv":[5.2697,9.1429],"uv_size":[-0.984,0]}}},{"origin":[0.5121,15,-1.5156],"size":[0,3,3],"pivot":[-1,10.25,0],"uv":{"north":{"uv":[4,11.1983],"uv_size":[0,-2.0554]},"south":{"uv":[4.1429,11.1983],"uv_size":[0,-2.0554]},"east":{"uv":[6.848,10.7074],"uv_size":[-0.5623,-0.4217]},"west":{"uv":[6.2949,10.7074],"uv_size":[0.5623,-0.4217]},"up":{"uv":[5.2697,9.2857],"uv_size":[-0.984,0]},"down":{"uv":[5.2697,9.1429],"uv_size":[-0.984,0]}}}],"name":"rot_1"},{"parent":"geyser_custom_z","pivot":[-3.1361,24.5,-4.9113],"rotation":[0,22.5,0],"cubes":[{"origin":[-2.6361,19,-1.9113],"size":[9,9,0],"pivot":[-3.1361,24.5,-4.9113],"uv":{"north":{"uv":[13.7303,13.6983],"uv_size":[1.2697,-1.2697]},"south":{"uv":[14.984,13.6983],"uv_size":[-1.2697,-1.2697]},"east":{"uv":[13.7143,12.7697],"uv_size":[0,-1.3411]},"west":{"uv":[13.7143,12.7697],"uv_size":[0,-1.3411]},"up":{"uv":[13.7269,11.4286],"uv_size":[0.7731,0]},"down":{"uv":[13.7269,11.4286],"uv_size":[0.7731,0]}}}],"name":"rot_2"},{"parent":"geyser_custom_z","pivot":[8,5,-8],"rotation":[0,0,-22.5],"cubes":[{"origin":[-18,0,-2],"size":[9,4,4],"pivot":[8,5,-8],"uv":{"north":{"uv":[13.152,5.5874],"uv_size":[0.5623,1.2697]},"south":{"uv":[13.152,5.5874],"uv_size":[0.5623,1.2697]},"east":{"uv":[12.5806,6.2949],"uv_size":[0.5623,0.5623]},"west":{"uv":[12.5806,6.2949],"uv_size":[0.5623,0.5623]},"up":{"uv":[13.7051,5.5874],"uv_size":[-0.5623,1.2697]},"down":{"uv":[13.7051,6.8411],"uv_size":[-0.5623,-1.2697]}}}],"name":"rot_3"},{"parent":"geyser_custom_z","pivot":[-0.9,8.163,0],"rotation":[0,0,-22.5],"cubes":[{"origin":[-21.4,0.163,-2.9792],"size":[7,2,2],"pivot":[-0.9,8.163,0],"uv":{"north":{"uv":[5.8731,2.7189],"uv_size":[0.984,0.2811]},"south":{"uv":[2.3017,1.2903],"uv_size":[0.984,0.2811]},"east":{"uv":[5.5046,2.576],"uv_size":[0.2811,0.2811]},"west":{"uv":[5.5046,2.576],"uv_size":[0.2811,0.2811]},"up":{"uv":[6.8411,2.7189],"uv_size":[-0.984,0.2811]},"down":{"uv":[3.2697,1.5669],"uv_size":[-0.984,-0.2811]}}},{"origin":[-21.4,0.163,0.9792],"size":[7,2,2],"pivot":[-0.9,8.163,0],"uv":{"north":{"uv":[2.3017,1.5669],"uv_size":[0.984,-0.2811]},"south":{"uv":[5.8731,2.9954],"uv_size":[0.984,-0.2811]},"east":{"uv":[5.5046,2.8526],"uv_size":[0.2811,-0.2811]},"west":{"uv":[5.5046,2.8526],"uv_size":[0.2811,-0.2811]},"up":{"uv":[6.8411,2.9954],"uv_size":[-0.984,-0.2811]},"down":{"uv":[3.2697,1.2903],"uv_size":[-0.984,0.2811]}}},{"origin":[-21.4,-3.8371,0.9792],"size":[7,2,2],"pivot":[-0.9,8.163,0],"uv":{"north":{"uv":[2.3017,1.2903],"uv_size":[0.984,0.2811]},"south":{"uv":[5.8731,2.7189],"uv_size":[0.984,0.2811]},"east":{"uv":[5.7811,2.8526],"uv_size":[-0.2811,-0.2811]},"west":{"uv":[5.7811,2.8526],"uv_size":[-0.2811,-0.2811]},"up":{"uv":[3.2697,1.5669],"uv_size":[-0.984,-0.2811]},"down":{"uv":[6.8411,2.7189],"uv_size":[-0.984,0.2811]}}},{"origin":[-21.4,-3.8371,-2.9792],"size":[7,2,2],"pivot":[-0.9,8.163,0],"uv":{"north":{"uv":[5.8731,2.9954],"uv_size":[0.984,-0.2811]},"south":{"uv":[2.3017,1.5669],"uv_size":[0.984,-0.2811]},"east":{"uv":[5.7811,2.576],"uv_size":[-0.2811,0.2811]},"west":{"uv":[5.7811,2.576],"uv_size":[-0.2811,0.2811]},"up":{"uv":[3.2697,1.2903],"uv_size":[-0.984,0.2811]},"down":{"uv":[6.8411,2.9954],"uv_size":[-0.984,-0.2811]}}}],"name":"rot_4"},{"parent":"geyser_custom_z","pivot":[-1,10.25,0],"rotation":[0,0,-22.5],"cubes":[{"origin":[-12.45,-2.05,-1.1],"size":[2,2,2],"pivot":[-1,10.25,0],"uv":{"north":{"uv":[4.5046,9.5046],"uv_size":[0.2811,0.2811]},"south":{"uv":[4.7811,9.5046],"uv_size":[-0.2811,0.2811]},"east":{"uv":[5.0669,10.4331],"uv_size":[-0.2811,0.2811]},"west":{"uv":[5.0669,10.7097],"uv_size":[-0.2811,-0.2811]},"up":{"uv":[4.5046,9.7811],"uv_size":[0.2811,-0.2811]},"down":{"uv":[4.5046,9.7811],"uv_size":[0.2811,-0.2811]}}}],"name":"rot_5"},{"parent":"geyser_custom_z","pivot":[-7.9,5,-8],"rotation":[0,0,-22.5],"cubes":[{"origin":[-9.4,-5,0],"size":[7,5,0],"pivot":[-7.9,5,-8],"uv":{"north":{"uv":[13.7029,4.5874],"uv_size":[-0.7029,0.984]},"south":{"uv":[13.0114,4.5874],"uv_size":[0.7029,0.984]},"east":{"uv":[11.7234,4.5714],"uv_size":[0.5623,0]},"west":{"uv":[11.7234,4.5714],"uv_size":[0.5623,0]},"up":{"uv":[11.7143,5.204],"uv_size":[0,-0.6326]},"down":{"uv":[11.7143,5.204],"uv_size":[0,-0.6326]}}}],"name":"rot_6"},{"parent":"geyser_custom_z","pivot":[8,5,-8],"rotation":[0,-0,0],"cubes":[{"origin":[-3,21,-2],"size":[4,9,4],"pivot":[8,5,-8],"uv":{"north":{"uv":[13.152,5.5874],"uv_size":[0.5623,1.2697]},"south":{"uv":[13.152,5.5874],"uv_size":[0.5623,1.2697]},"east":{"uv":[13.152,5.5874],"uv_size":[0.5623,1.2697]},"west":{"uv":[13.152,5.5874],"uv_size":[0.5623,1.2697]},"up":{"uv":[13.1337,6.848],"uv_size":[-0.5623,-0.5623]},"down":{"uv":[13.1337,6.848],"uv_size":[-0.5623,-0.5623]}}}],"name":"rot_7"},{"parent":"geyser_custom_z","pivot":[2.5,27.163,-1.9792],"rotation":[0,-0,0],"cubes":[{"origin":[0,23.663,-2.9792],"size":[2,7,2],"pivot":[2.5,27.163,-1.9792],"uv":{"north":{"uv":[5.8731,2.9954],"uv_size":[0.984,-0.2811]},"south":{"uv":[2.3017,1.5669],"uv_size":[0.984,-0.2811]},"east":{"uv":[2.3017,1.5669],"uv_size":[0.984,-0.2811]},"west":{"uv":[5.8731,2.7189],"uv_size":[0.984,0.2811]},"up":{"uv":[5.5046,2.8526],"uv_size":[0.2811,-0.2811]},"down":{"uv":[5.5046,2.8526],"uv_size":[0.2811,-0.2811]}}}],"name":"rot_8"},{"parent":"geyser_custom_z","pivot":[2.5,27.163,1.9792],"rotation":[0,-0,0],"cubes":[{"origin":[0,23.663,0.9792],"size":[2,7,2],"pivot":[2.5,27.163,1.9792],"uv":{"north":{"uv":[2.3017,1.2903],"uv_size":[0.984,0.2811]},"south":{"uv":[5.8731,2.7189],"uv_size":[0.984,0.2811]},"east":{"uv":[2.3017,1.2903],"uv_size":[0.984,0.2811]},"west":{"uv":[5.8731,2.9954],"uv_size":[0.984,-0.2811]},"up":{"uv":[5.5046,2.576],"uv_size":[0.2811,0.2811]},"down":{"uv":[5.5046,2.576],"uv_size":[0.2811,0.2811]}}}],"name":"rot_9"},{"parent":"geyser_custom_z","pivot":[-1,10.25,0],"rotation":[0,-0,0],"cubes":[{"origin":[-2,6,-1.1],"size":[2,9,2],"pivot":[-1,10.25,0],"uv":{"north":{"uv":[4.5046,9.1589],"uv_size":[0.2811,1.2697]},"south":{"uv":[4.7811,9.1589],"uv_size":[-0.2811,1.2697]},"east":{"uv":[5.0669,9.1589],"uv_size":[-0.2811,1.2697]},"west":{"uv":[5.0669,9.1589],"uv_size":[-0.2811,1.2697]},"up":{"uv":[4.7903,10.7097],"uv_size":[0.2811,-0.2811]},"down":{"uv":[4.7903,10.4331],"uv_size":[0.2811,0.2811]}}},{"origin":[-2,19,-1.1],"size":[2,2,2],"pivot":[-1,10.25,0],"uv":{"north":{"uv":[4.5046,9.5046],"uv_size":[0.2811,0.2811]},"south":{"uv":[4.7811,9.5046],"uv_size":[-0.2811,0.2811]},"east":{"uv":[4.7811,9.5046],"uv_size":[-0.2811,0.2811]},"west":{"uv":[4.7811,9.5046],"uv_size":[-0.2811,0.2811]},"up":{"uv":[4.7903,10.7097],"uv_size":[0.2811,-0.2811]},"down":{"uv":[4.7903,10.4331],"uv_size":[0.2811,0.2811]}}}],"name":"rot_10"},{"parent":"geyser_custom_z","pivot":[-2.5,27.163,-1.9792],"rotation":[0,-0,0],"cubes":[{"origin":[-4,23.663,-2.9792],"size":[2,7,2],"pivot":[-2.5,27.163,-1.9792],"uv":{"north":{"uv":[5.8731,2.7189],"uv_size":[0.984,0.2811]},"south":{"uv":[2.3017,1.2903],"uv_size":[0.984,0.2811]},"east":{"uv":[5.8731,2.9954],"uv_size":[0.984,-0.2811]},"west":{"uv":[2.3017,1.2903],"uv_size":[0.984,0.2811]},"up":{"uv":[5.7811,2.8526],"uv_size":[-0.2811,-0.2811]},"down":{"uv":[5.7811,2.8526],"uv_size":[-0.2811,-0.2811]}}}],"name":"rot_11"},{"parent":"geyser_custom_z","pivot":[-2.5,27.163,1.9792],"rotation":[0,-0,0],"cubes":[{"origin":[-4,23.663,0.9792],"size":[2,7,2],"pivot":[-2.5,27.163,1.9792],"uv":{"north":{"uv":[2.3017,1.5669],"uv_size":[0.984,-0.2811]},"south":{"uv":[5.8731,2.9954],"uv_size":[0.984,-0.2811]},"east":{"uv":[5.8731,2.7189],"uv_size":[0.984,0.2811]},"west":{"uv":[2.3017,1.5669],"uv_size":[0.984,-0.2811]},"up":{"uv":[5.7811,2.576],"uv_size":[-0.2811,0.2811]},"down":{"uv":[5.7811,2.576],"uv_size":[-0.2811,0.2811]}}}],"name":"rot_12"},{"parent":"geyser_custom_z","pivot":[-3.1361,24.5,4.9113],"rotation":[0,-22.5,0],"cubes":[{"origin":[-2.6361,22,1.9113],"size":[9,9,0],"pivot":[-3.1361,24.5,4.9113],"uv":{"north":{"uv":[13.7303,13.6983],"uv_size":[1.2697,-1.2697]},"south":{"uv":[14.984,13.6983],"uv_size":[-1.2697,-1.2697]},"east":{"uv":[13.7143,12.7697],"uv_size":[0,-1.3411]},"west":{"uv":[13.7143,12.7697],"uv_size":[0,-1.3411]},"up":{"uv":[13.7269,11.4286],"uv_size":[0.7731,0]},"down":{"uv":[13.7269,11.4286],"uv_size":[0.7731,0]}}}],"name":"rot_13"},{"parent":"geyser_custom_z","pivot":[-1,10.25,0],"rotation":[0,-45,0],"cubes":[{"origin":[-2.6258,1,-1.6536],"size":[3,3,0],"pivot":[-1,10.25,0],"uv":{"north":{"uv":[6.848,10.2926],"uv_size":[-0.5623,0.4217]},"south":{"uv":[6.2949,10.2926],"uv_size":[0.5623,0.4217]},"east":{"uv":[4.1429,9.1589],"uv_size":[0,2.0554]},"west":{"uv":[4,9.1589],"uv_size":[0,2.0554]},"up":{"uv":[4.3017,9.1429],"uv_size":[0.984,0]},"down":{"uv":[4.3017,9.2857],"uv_size":[0.984,0]}}},{"origin":[-2.1327,1,1.6121],"size":[2.8,3,0],"pivot":[-1,10.25,0],"uv":{"north":{"uv":[6.2949,10.2926],"uv_size":[0.5623,0.4217]},"south":{"uv":[6.848,10.2926],"uv_size":[-0.5623,0.4217]},"east":{"uv":[4,9.1589],"uv_size":[0,2.0554]},"west":{"uv":[4.1429,9.1589],"uv_size":[0,2.0554]},"up":{"uv":[5.2697,9.1429],"uv_size":[-0.984,0]},"down":{"uv":[5.2697,9.2857],"uv_size":[-0.984,0]}}},{"origin":[-2.2035,3.5,1.5414],"size":[2.8,3,0],"pivot":[-1,10.25,0],"uv":{"north":{"uv":[6.2949,10.2926],"uv_size":[0.5623,0.4217]},"south":{"uv":[6.848,10.2926],"uv_size":[-0.5623,0.4217]},"east":{"uv":[4,9.1589],"uv_size":[0,2.0554]},"west":{"uv":[4.1429,9.1589],"uv_size":[0,2.0554]},"up":{"uv":[5.2697,9.1429],"uv_size":[-0.984,0]},"down":{"uv":[5.2697,9.2857],"uv_size":[-0.984,0]}}},{"origin":[-2.5551,3.5,-1.5828],"size":[3,3,0],"pivot":[-1,10.25,0],"uv":{"north":{"uv":[6.848,10.2926],"uv_size":[-0.5623,0.4217]},"south":{"uv":[6.2949,10.2926],"uv_size":[0.5623,0.4217]},"east":{"uv":[4.1429,9.1589],"uv_size":[0,2.0554]},"west":{"uv":[4,9.1589],"uv_size":[0,2.0554]},"up":{"uv":[4.3017,9.1429],"uv_size":[0.984,0]},"down":{"uv":[4.3017,9.2857],"uv_size":[0.984,0]}}},{"origin":[-2.5828,0.5,-1.4449],"size":[0,3,3],"pivot":[-1,10.25,0],"uv":{"north":{"uv":[4,9.1589],"uv_size":[0,2.0554]},"south":{"uv":[4.1429,9.1589],"uv_size":[0,2.0554]},"east":{"uv":[6.848,10.2926],"uv_size":[-0.5623,0.4217]},"west":{"uv":[6.2949,10.2926],"uv_size":[0.5623,0.4217]},"up":{"uv":[5.2697,9.1429],"uv_size":[-0.984,0]},"down":{"uv":[5.2697,9.2857],"uv_size":[-0.984,0]}}},{"origin":[-2.5121,3,-1.5156],"size":[0,3,3],"pivot":[-1,10.25,0],"uv":{"north":{"uv":[4,9.1589],"uv_size":[0,2.0554]},"south":{"uv":[4.1429,9.1589],"uv_size":[0,2.0554]},"east":{"uv":[6.848,10.2926],"uv_size":[-0.5623,0.4217]},"west":{"uv":[6.2949,10.2926],"uv_size":[0.5623,0.4217]},"up":{"uv":[5.2697,9.1429],"uv_size":[-0.984,0]},"down":{"uv":[5.2697,9.2857],"uv_size":[-0.984,0]}}},{"origin":[0.5414,0.5,-1.5965],"size":[0,3,2.8],"pivot":[-1,10.25,0],"uv":{"north":{"uv":[4.1429,9.1589],"uv_size":[0,2.0554]},"south":{"uv":[4,9.1589],"uv_size":[0,2.0554]},"east":{"uv":[6.2949,10.2926],"uv_size":[0.5623,0.4217]},"west":{"uv":[6.848,10.2926],"uv_size":[-0.5623,0.4217]},"up":{"uv":[4.3017,9.1429],"uv_size":[0.984,0]},"down":{"uv":[4.3017,9.2857],"uv_size":[0.984,0]}}},{"origin":[0.4707,3,-1.5258],"size":[0,3,2.8],"pivot":[-1,10.25,0],"uv":{"north":{"uv":[4.1429,9.1589],"uv_size":[0,2.0554]},"south":{"uv":[4,9.1589],"uv_size":[0,2.0554]},"east":{"uv":[6.2949,10.2926],"uv_size":[0.5623,0.4217]},"west":{"uv":[6.848,10.2926],"uv_size":[-0.5623,0.4217]},"up":{"uv":[4.3017,9.1429],"uv_size":[0.984,0]},"down":{"uv":[4.3017,9.2857],"uv_size":[0.984,0]}}},{"origin":[-2.6258,17,-1.6536],"size":[3,3,0],"pivot":[-1,10.25,0],"uv":{"north":{"uv":[6.848,10.7074],"uv_size":[-0.5623,-0.4217]},"south":{"uv":[6.2949,10.7074],"uv_size":[0.5623,-0.4217]},"east":{"uv":[4.1429,11.1983],"uv_size":[0,-2.0554]},"west":{"uv":[4,11.1983],"uv_size":[0,-2.0554]},"up":{"uv":[5.2697,9.2857],"uv_size":[-0.984,0]},"down":{"uv":[5.2697,9.1429],"uv_size":[-0.984,0]}}},{"origin":[-2.1327,17,1.6121],"size":[2.8,3,0],"pivot":[-1,10.25,0],"uv":{"north":{"uv":[6.2949,10.7074],"uv_size":[0.5623,-0.4217]},"south":{"uv":[6.848,10.7074],"uv_size":[-0.5623,-0.4217]},"east":{"uv":[4,11.1983],"uv_size":[0,-2.0554]},"west":{"uv":[4.1429,11.1983],"uv_size":[0,-2.0554]},"up":{"uv":[4.3017,9.2857],"uv_size":[0.984,0]},"down":{"uv":[4.3017,9.1429],"uv_size":[0.984,0]}}},{"origin":[-2.2035,14.5,1.5414],"size":[2.8,3,0],"pivot":[-1,10.25,0],"uv":{"north":{"uv":[6.2949,10.7074],"uv_size":[0.5623,-0.4217]},"south":{"uv":[6.848,10.7074],"uv_size":[-0.5623,-0.4217]},"east":{"uv":[4,11.1983],"uv_size":[0,-2.0554]},"west":{"uv":[4.1429,11.1983],"uv_size":[0,-2.0554]},"up":{"uv":[4.3017,9.2857],"uv_size":[0.984,0]},"down":{"uv":[4.3017,9.1429],"uv_size":[0.984,0]}}},{"origin":[-2.5551,14.5,-1.5828],"size":[3,3,0],"pivot":[-1,10.25,0],"uv":{"north":{"uv":[6.848,10.7074],"uv_size":[-0.5623,-0.4217]},"south":{"uv":[6.2949,10.7074],"uv_size":[0.5623,-0.4217]},"east":{"uv":[4.1429,11.1983],"uv_size":[0,-2.0554]},"west":{"uv":[4,11.1983],"uv_size":[0,-2.0554]},"up":{"uv":[5.2697,9.2857],"uv_size":[-0.984,0]},"down":{"uv":[5.2697,9.1429],"uv_size":[-0.984,0]}}},{"origin":[-2.5828,17.5,-1.4449],"size":[0,3,3],"pivot":[-1,10.25,0],"uv":{"north":{"uv":[4,11.1983],"uv_size":[0,-2.0554]},"south":{"uv":[4.1429,11.1983],"uv_size":[0,-2.0554]},"east":{"uv":[6.848,10.7074],"uv_size":[-0.5623,-0.4217]},"west":{"uv":[6.2949,10.7074],"uv_size":[0.5623,-0.4217]},"up":{"uv":[5.2697,9.2857],"uv_size":[-0.984,0]},"down":{"uv":[5.2697,9.1429],"uv_size":[-0.984,0]}}},{"origin":[-2.5121,15,-1.5156],"size":[0,3,3],"pivot":[-1,10.25,0],"uv":{"north":{"uv":[4,11.1983],"uv_size":[0,-2.0554]},"south":{"uv":[4.1429,11.1983],"uv_size":[0,-2.0554]},"east":{"uv":[6.848,10.7074],"uv_size":[-0.5623,-0.4217]},"west":{"uv":[6.2949,10.7074],"uv_size":[0.5623,-0.4217]},"up":{"uv":[5.2697,9.2857],"uv_size":[-0.984,0]},"down":{"uv":[5.2697,9.1429],"uv_size":[-0.984,0]}}},{"origin":[0.5414,17.5,-1.5965],"size":[0,3,2.8],"pivot":[-1,10.25,0],"uv":{"north":{"uv":[4.1429,11.1983],"uv_size":[0,-2.0554]},"south":{"uv":[4,11.1983],"uv_size":[0,-2.0554]},"east":{"uv":[6.2949,10.7074],"uv_size":[0.5623,-0.4217]},"west":{"uv":[6.848,10.7074],"uv_size":[-0.5623,-0.4217]},"up":{"uv":[4.3017,9.2857],"uv_size":[0.984,0]},"down":{"uv":[4.3017,9.1429],"uv_size":[0.984,0]}}},{"origin":[0.4707,15,-1.5258],"size":[0,3,2.8],"pivot":[-1,10.25,0],"uv":{"north":{"uv":[4.1429,11.1983],"uv_size":[0,-2.0554]},"south":{"uv":[4,11.1983],"uv_size":[0,-2.0554]},"east":{"uv":[6.2949,10.7074],"uv_size":[0.5623,-0.4217]},"west":{"uv":[6.848,10.7074],"uv_size":[-0.5623,-0.4217]},"up":{"uv":[4.3017,9.2857],"uv_size":[0.984,0]},"down":{"uv":[4.3017,9.1429],"uv_size":[0.984,0]}}}],"name":"rot_14"}]}]}
