{"format_version":"1.16.0","minecraft:geometry":[{"description":{"identifier":"geometry.geyser_custom.geo_ed60d3c","texture_width":16,"texture_height":16,"visible_bounds_width":4,"visible_bounds_height":4.5,"visible_bounds_offset":[0,0.75,0]},"bones":[{"name":"geyser_custom","binding":"c.item_slot == 'head' ? 'head' : q.item_slot_to_bone_name(c.item_slot)","pivot":[0,8,0]},{"name":"geyser_custom_x","parent":"geyser_custom","pivot":[0,8,0]},{"name":"geyser_custom_y","parent":"geyser_custom_x","pivot":[0,8,0]},{"name":"geyser_custom_z","parent":"geyser_custom_y","pivot":[0,8,0],"cubes":[{"origin":[-14,7.5,-0.5],"size":[16,1,1],"uv":{"north":{"uv":[11.4126,11.0023],"uv_size":[-2.2697,0.1406]},"south":{"uv":[9.1589,11.0023],"uv_size":[2.2697,0.1406]},"east":{"uv":[6.8594,9.1451],"uv_size":[0.1406,0.1406]},"west":{"uv":[6.8594,9.1451],"uv_size":[0.1406,0.1406]},"up":{"uv":[11.1269,10.5691],"uv_size":[-2.2697,-0.1406]},"down":{"uv":[11.4126,11.2834],"uv_size":[-2.2697,-0.1406]}}},{"origin":[-18,8,0],"size":[7,4,0],"uv":{"north":{"uv":[9.484,0.3663],"uv_size":[-0.984,0.5623]},"south":{"uv":[8.516,0.3663],"uv_size":[0.984,0.5623]},"east":{"uv":[6.8571,0.016],"uv_size":[0,0.984]},"west":{"uv":[6.8571,0.016],"uv_size":[0,0.984]},"up":{"uv":[7.8411,0],"uv_size":[-0.984,0]},"down":{"uv":[7.8411,0],"uv_size":[-0.984,0]}}}]},{"parent":"geyser_custom_z","pivot":[2.5,-9,-7.9],"rotation":[45,0,0],"cubes":[{"origin":[-3.5,-10.4,2.1],"size":[3,0,2.8],"pivot":[2.5,-9,-7.9],"uv":{"north":{"uv":[4.1429,9.1589],"uv_size":[0,2.0554]},"south":{"uv":[4,9.1589],"uv_size":[0,2.0554]},"east":{"uv":[4.3017,9.2857],"uv_size":[0.984,0]},"west":{"uv":[4.3017,9.1429],"uv_size":[0.984,0]},"up":{"uv":[6.2949,10.2926],"uv_size":[0.5623,0.4217]},"down":{"uv":[6.848,10.2926],"uv_size":[-0.5623,0.4217]}}}],"name":"rot_1"},{"parent":"geyser_custom_z","pivot":[1.5,-8,-7.9],"rotation":[45,0,0],"cubes":[{"origin":[-4.5,-9.4,2.1],"size":[3,0,2.8],"pivot":[1.5,-8,-7.9],"uv":{"north":{"uv":[4.1429,9.1589],"uv_size":[0,2.0554]},"south":{"uv":[4,9.1589],"uv_size":[0,2.0554]},"east":{"uv":[4.3017,9.2857],"uv_size":[0.984,0]},"west":{"uv":[4.3017,9.1429],"uv_size":[0.984,0]},"up":{"uv":[6.2949,10.2926],"uv_size":[0.5623,0.4217]},"down":{"uv":[6.848,10.2926],"uv_size":[-0.5623,0.4217]}}}],"name":"rot_2"},{"parent":"geyser_custom_z","pivot":[1.5,24,8.1],"rotation":[45,0,0],"cubes":[{"origin":[-4.5,25.3,-4.8],"size":[3,0,3],"pivot":[1.5,24,8.1],"uv":{"north":{"uv":[4,9.1589],"uv_size":[0,2.0554]},"south":{"uv":[4.1429,9.1589],"uv_size":[0,2.0554]},"east":{"uv":[5.2697,9.2857],"uv_size":[-0.984,0]},"west":{"uv":[5.2697,9.1429],"uv_size":[-0.984,0]},"up":{"uv":[6.848,10.2926],"uv_size":[-0.5623,0.4217]},"down":{"uv":[6.2949,10.2926],"uv_size":[0.5623,0.4217]}}}],"name":"rot_3"},{"parent":"geyser_custom_z","pivot":[0.5,-7,-7.9],"rotation":[45,0,0],"cubes":[{"origin":[-5.5,-8.4,2.1],"size":[3,0,2.8],"pivot":[0.5,-7,-7.9],"uv":{"north":{"uv":[4.1429,9.1589],"uv_size":[0,2.0554]},"south":{"uv":[4,9.1589],"uv_size":[0,2.0554]},"east":{"uv":[4.3017,9.2857],"uv_size":[0.984,0]},"west":{"uv":[4.3017,9.1429],"uv_size":[0.984,0]},"up":{"uv":[6.2949,10.2926],"uv_size":[0.5623,0.4217]},"down":{"uv":[6.848,10.2926],"uv_size":[-0.5623,0.4217]}}}],"name":"rot_4"},{"parent":"geyser_custom_z","pivot":[0.5,23,8.1],"rotation":[45,0,0],"cubes":[{"origin":[-5.5,24.3,-4.8],"size":[3,0,3],"pivot":[0.5,23,8.1],"uv":{"north":{"uv":[4,9.1589],"uv_size":[0,2.0554]},"south":{"uv":[4.1429,9.1589],"uv_size":[0,2.0554]},"east":{"uv":[5.2697,9.2857],"uv_size":[-0.984,0]},"west":{"uv":[5.2697,9.1429],"uv_size":[-0.984,0]},"up":{"uv":[6.848,10.2926],"uv_size":[-0.5623,0.4217]},"down":{"uv":[6.2949,10.2926],"uv_size":[0.5623,0.4217]}}}],"name":"rot_5"},{"parent":"geyser_custom_z","pivot":[-0.5,-6,-7.9],"rotation":[45,0,0],"cubes":[{"origin":[-6.5,-7.4,2.1],"size":[3,0,2.8],"pivot":[-0.5,-6,-7.9],"uv":{"north":{"uv":[4.1429,9.1589],"uv_size":[0,2.0554]},"south":{"uv":[4,9.1589],"uv_size":[0,2.0554]},"east":{"uv":[4.3017,9.2857],"uv_size":[0.984,0]},"west":{"uv":[4.3017,9.1429],"uv_size":[0.984,0]},"up":{"uv":[6.2949,10.2926],"uv_size":[0.5623,0.4217]},"down":{"uv":[6.848,10.2926],"uv_size":[-0.5623,0.4217]}}}],"name":"rot_6"},{"parent":"geyser_custom_z","pivot":[-0.5,22,8.1],"rotation":[45,0,0],"cubes":[{"origin":[-6.5,23.3,-4.8],"size":[3,0,3],"pivot":[-0.5,22,8.1],"uv":{"north":{"uv":[4,9.1589],"uv_size":[0,2.0554]},"south":{"uv":[4.1429,9.1589],"uv_size":[0,2.0554]},"east":{"uv":[5.2697,9.2857],"uv_size":[-0.984,0]},"west":{"uv":[5.2697,9.1429],"uv_size":[-0.984,0]},"up":{"uv":[6.848,10.2926],"uv_size":[-0.5623,0.4217]},"down":{"uv":[6.2949,10.2926],"uv_size":[0.5623,0.4217]}}}],"name":"rot_7"},{"parent":"geyser_custom_z","pivot":[-1.5,-5,-7.9],"rotation":[45,0,0],"cubes":[{"origin":[-7.5,-6.4,2.1],"size":[3,0,2.8],"pivot":[-1.5,-5,-7.9],"uv":{"north":{"uv":[4.1429,9.1589],"uv_size":[0,2.0554]},"south":{"uv":[4,9.1589],"uv_size":[0,2.0554]},"east":{"uv":[4.3017,9.2857],"uv_size":[0.984,0]},"west":{"uv":[4.3017,9.1429],"uv_size":[0.984,0]},"up":{"uv":[6.2949,10.2926],"uv_size":[0.5623,0.4217]},"down":{"uv":[6.848,10.2926],"uv_size":[-0.5623,0.4217]}}}],"name":"rot_8"},{"parent":"geyser_custom_z","pivot":[-1.5,21,8.1],"rotation":[45,0,0],"cubes":[{"origin":[-7.5,22.3,-4.8],"size":[3,0,3],"pivot":[-1.5,21,8.1],"uv":{"north":{"uv":[4,9.1589],"uv_size":[0,2.0554]},"south":{"uv":[4.1429,9.1589],"uv_size":[0,2.0554]},"east":{"uv":[5.2697,9.2857],"uv_size":[-0.984,0]},"west":{"uv":[5.2697,9.1429],"uv_size":[-0.984,0]},"up":{"uv":[6.848,10.2926],"uv_size":[-0.5623,0.4217]},"down":{"uv":[6.2949,10.2926],"uv_size":[0.5623,0.4217]}}}],"name":"rot_9"},{"parent":"geyser_custom_z","pivot":[-2.5,-4,-7.9],"rotation":[45,0,0],"cubes":[{"origin":[-8.5,-5.4,2.1],"size":[3,0,2.8],"pivot":[-2.5,-4,-7.9],"uv":{"north":{"uv":[4.1429,9.1589],"uv_size":[0,2.0554]},"south":{"uv":[4,9.1589],"uv_size":[0,2.0554]},"east":{"uv":[4.3017,9.2857],"uv_size":[0.984,0]},"west":{"uv":[4.3017,9.1429],"uv_size":[0.984,0]},"up":{"uv":[6.2949,10.2926],"uv_size":[0.5623,0.4217]},"down":{"uv":[6.848,10.2926],"uv_size":[-0.5623,0.4217]}}}],"name":"rot_10"},{"parent":"geyser_custom_z","pivot":[-2.5,20,8.1],"rotation":[45,0,0],"cubes":[{"origin":[-8.5,21.3,-4.8],"size":[3,0,3],"pivot":[-2.5,20,8.1],"uv":{"north":{"uv":[4,9.1589],"uv_size":[0,2.0554]},"south":{"uv":[4.1429,9.1589],"uv_size":[0,2.0554]},"east":{"uv":[5.2697,9.2857],"uv_size":[-0.984,0]},"west":{"uv":[5.2697,9.1429],"uv_size":[-0.984,0]},"up":{"uv":[6.848,10.2926],"uv_size":[-0.5623,0.4217]},"down":{"uv":[6.2949,10.2926],"uv_size":[0.5623,0.4217]}}}],"name":"rot_11"},{"parent":"geyser_custom_z","pivot":[-3.5,-3,-7.9],"rotation":[45,0,0],"cubes":[{"origin":[-9.5,-4.4,2.1],"size":[3,0,2.8],"pivot":[-3.5,-3,-7.9],"uv":{"north":{"uv":[4.1429,9.1589],"uv_size":[0,2.0554]},"south":{"uv":[4,9.1589],"uv_size":[0,2.0554]},"east":{"uv":[4.3017,9.2857],"uv_size":[0.984,0]},"west":{"uv":[4.3017,9.1429],"uv_size":[0.984,0]},"up":{"uv":[6.2949,10.2926],"uv_size":[0.5623,0.4217]},"down":{"uv":[6.848,10.2926],"uv_size":[-0.5623,0.4217]}}}],"name":"rot_12"},{"parent":"geyser_custom_z","pivot":[-3.5,19,8.1],"rotation":[45,0,0],"cubes":[{"origin":[-9.5,20.3,-4.8],"size":[3,0,3],"pivot":[-3.5,19,8.1],"uv":{"north":{"uv":[4,9.1589],"uv_size":[0,2.0554]},"south":{"uv":[4.1429,9.1589],"uv_size":[0,2.0554]},"east":{"uv":[5.2697,9.2857],"uv_size":[-0.984,0]},"west":{"uv":[5.2697,9.1429],"uv_size":[-0.984,0]},"up":{"uv":[6.848,10.2926],"uv_size":[-0.5623,0.4217]},"down":{"uv":[6.2949,10.2926],"uv_size":[0.5623,0.4217]}}}],"name":"rot_13"},{"parent":"geyser_custom_z","pivot":[-4.5,-2,-7.9],"rotation":[45,0,0],"cubes":[{"origin":[-10.5,-3.4,2.1],"size":[3,0,2.8],"pivot":[-4.5,-2,-7.9],"uv":{"north":{"uv":[4.1429,9.1589],"uv_size":[0,2.0554]},"south":{"uv":[4,9.1589],"uv_size":[0,2.0554]},"east":{"uv":[4.3017,9.2857],"uv_size":[0.984,0]},"west":{"uv":[4.3017,9.1429],"uv_size":[0.984,0]},"up":{"uv":[6.2949,10.2926],"uv_size":[0.5623,0.4217]},"down":{"uv":[6.848,10.2926],"uv_size":[-0.5623,0.4217]}}}],"name":"rot_14"},{"parent":"geyser_custom_z","pivot":[-4.5,18,8.1],"rotation":[45,0,0],"cubes":[{"origin":[-10.5,19.3,-4.8],"size":[3,0,3],"pivot":[-4.5,18,8.1],"uv":{"north":{"uv":[4,9.1589],"uv_size":[0,2.0554]},"south":{"uv":[4.1429,9.1589],"uv_size":[0,2.0554]},"east":{"uv":[5.2697,9.2857],"uv_size":[-0.984,0]},"west":{"uv":[5.2697,9.1429],"uv_size":[-0.984,0]},"up":{"uv":[6.848,10.2926],"uv_size":[-0.5623,0.4217]},"down":{"uv":[6.2949,10.2926],"uv_size":[0.5623,0.4217]}}}],"name":"rot_15"},{"parent":"geyser_custom_z","pivot":[-18.5,3.7,-8],"rotation":[45,0,0],"cubes":[{"origin":[-11.5,2.7,-2],"size":[2,1,5.3],"pivot":[-18.5,3.7,-8],"uv":{"north":{"uv":[9.8617,13.4309],"uv_size":[0.2811,0.1406]},"south":{"uv":[9.8617,13.4309],"uv_size":[0.2811,0.1406]},"east":{"uv":[9.8686,13.5737],"uv_size":[0.7029,0.1406]},"west":{"uv":[9.8686,13.5737],"uv_size":[0.7029,0.1406]},"up":{"uv":[9.8457,13.7097],"uv_size":[-0.7029,-0.2811]},"down":{"uv":[9.8457,13.7097],"uv_size":[-0.7029,-0.2811]}}}],"name":"rot_16"},{"parent":"geyser_custom_z","pivot":[-18.5,12.2,8],"rotation":[45,0,0],"cubes":[{"origin":[-11.5,12.2,-3.3],"size":[2,1,5.3],"pivot":[-18.5,12.2,8],"uv":{"north":{"uv":[10.1383,13.5691],"uv_size":[-0.2811,-0.1406]},"south":{"uv":[10.1383,13.5691],"uv_size":[-0.2811,-0.1406]},"east":{"uv":[10.56,13.712],"uv_size":[-0.7029,-0.1406]},"west":{"uv":[10.56,13.712],"uv_size":[-0.7029,-0.1406]},"up":{"uv":[9.1543,13.4331],"uv_size":[0.7029,0.2811]},"down":{"uv":[9.1543,13.4331],"uv_size":[0.7029,0.2811]}}}],"name":"rot_17"},{"parent":"geyser_custom_z","pivot":[-5,8.9773,-1.5378],"rotation":[0,45,0],"cubes":[{"origin":[-5.761,7.5618,7.7749],"size":[2.176,0.816,2.04],"pivot":[-5,8.9773,-1.5378],"uv":{"north":{"uv":[4.5657,4.0737],"uv_size":[-0.3514,0.1406]},"south":{"uv":[4.5657,4.0737],"uv_size":[-0.3514,0.1406]},"east":{"uv":[4.0737,4.5657],"uv_size":[0.1406,-0.3514]},"west":{"uv":[4.5737,4.5657],"uv_size":[0.1406,-0.3514]},"up":{"uv":[4.22,4.5657],"uv_size":[0.3514,-0.3514]},"down":{"uv":[4.5657,4.5657],"uv_size":[-0.3514,-0.3514]}}},{"origin":[-13.2893,6.4738,-0.2974],"size":[2.72,2.856,2.72],"pivot":[-5,8.9773,-1.5378],"uv":{"north":{"uv":[11.9206,4.5794],"uv_size":[-0.492,0.492]},"south":{"uv":[11.9206,4.5794],"uv_size":[-0.492,0.492]},"east":{"uv":[11.9366,5.0794],"uv_size":[0.492,0.492]},"west":{"uv":[11.9366,4.5794],"uv_size":[0.492,0.492]},"up":{"uv":[11.4366,5.0794],"uv_size":[0.492,0.492]},"down":{"uv":[11.9206,5.0794],"uv_size":[-0.492,0.492]}}}],"name":"rot_18"},{"parent":"geyser_custom_z","pivot":[13.5,1,-8.1],"rotation":[0,0,-45],"cubes":[{"origin":[2.2,1,-1.1],"size":[5.3,1,2],"pivot":[13.5,1,-8.1],"uv":{"north":{"uv":[9.8686,13.712],"uv_size":[0.7029,-0.1406]},"south":{"uv":[9.8686,13.712],"uv_size":[0.7029,-0.1406]},"east":{"uv":[9.8617,13.5691],"uv_size":[0.2811,-0.1406]},"west":{"uv":[9.8617,13.5691],"uv_size":[0.2811,-0.1406]},"up":{"uv":[9.8457,13.4331],"uv_size":[-0.7029,0.2811]},"down":{"uv":[9.8457,13.4331],"uv_size":[-0.7029,0.2811]}}}],"name":"rot_19"},{"parent":"geyser_custom_z","pivot":[13.5,23.5,-8.1],"rotation":[0,0,-45],"cubes":[{"origin":[2.2,23.5,-1],"size":[5.3,1,1.8],"pivot":[13.5,23.5,-8.1],"uv":{"north":{"uv":[9.8686,13.712],"uv_size":[0.7029,-0.1406]},"south":{"uv":[9.8686,13.712],"uv_size":[0.7029,-0.1406]},"east":{"uv":[9.8617,13.5691],"uv_size":[0.2811,-0.1406]},"west":{"uv":[9.8617,13.5691],"uv_size":[0.2811,-0.1406]},"up":{"uv":[9.8457,13.4331],"uv_size":[-0.7029,0.2811]},"down":{"uv":[9.8457,13.4331],"uv_size":[-0.7029,0.2811]}}},{"origin":[2.2,27.7,-1],"size":[5.3,1,1.8],"pivot":[13.5,23.5,-8.1],"uv":{"north":{"uv":[9.8686,13.712],"uv_size":[0.7029,-0.1406]},"south":{"uv":[9.8686,13.712],"uv_size":[0.7029,-0.1406]},"east":{"uv":[9.8617,13.5691],"uv_size":[0.2811,-0.1406]},"west":{"uv":[9.8617,13.5691],"uv_size":[0.2811,-0.1406]},"up":{"uv":[9.8457,13.4331],"uv_size":[-0.7029,0.2811]},"down":{"uv":[9.8457,13.4331],"uv_size":[-0.7029,0.2811]}}}],"name":"rot_20"},{"parent":"geyser_custom_z","pivot":[0,19,-3.5],"rotation":[0,0,-45],"cubes":[{"origin":[-22.5,-0.5,0],"size":[10,8,0],"pivot":[0,19,-3.5],"uv":{"north":{"uv":[6.8411,12.5874],"uv_size":[-1.4126,1.1269]},"south":{"uv":[5.4446,12.5874],"uv_size":[1.4126,1.1269]},"east":{"uv":[5.4286,13.6983],"uv_size":[0,-1.1269]},"west":{"uv":[5.4286,13.6983],"uv_size":[0,-1.1269]},"up":{"uv":[3.6983,9.1429],"uv_size":[-1.4126,0]},"down":{"uv":[3.6983,9.1429],"uv_size":[-1.4126,0]}}}],"name":"rot_21"},{"parent":"geyser_custom_z","pivot":[-2.5,-7.5,-8.1],"rotation":[0,0,-45],"cubes":[{"origin":[3.5,-8.5,-1.1],"size":[5.3,1,2],"pivot":[-2.5,-7.5,-8.1],"uv":{"north":{"uv":[10.56,13.5737],"uv_size":[-0.7029,0.1406]},"south":{"uv":[10.56,13.5737],"uv_size":[-0.7029,0.1406]},"east":{"uv":[10.1383,13.4309],"uv_size":[-0.2811,0.1406]},"west":{"uv":[10.1383,13.4309],"uv_size":[-0.2811,0.1406]},"up":{"uv":[9.1543,13.7097],"uv_size":[0.7029,-0.2811]},"down":{"uv":[9.1543,13.7097],"uv_size":[0.7029,-0.2811]}}}],"name":"rot_22"},{"parent":"geyser_custom_z","pivot":[5.7325,-11.5,-2.831],"rotation":[0,22.5,0],"cubes":[{"origin":[6.2325,-4,-0.831],"size":[9,9,0],"pivot":[5.7325,-11.5,-2.831],"uv":{"north":{"uv":[13.7303,13.6983],"uv_size":[1.2697,-1.2697]},"south":{"uv":[14.984,13.6983],"uv_size":[-1.2697,-1.2697]},"east":{"uv":[13.7143,12.7697],"uv_size":[0,-1.3411]},"west":{"uv":[13.7143,12.7697],"uv_size":[0,-1.3411]},"up":{"uv":[14.4874,11.4286],"uv_size":[-0.7731,0]},"down":{"uv":[14.4874,11.4286],"uv_size":[-0.7731,0]}}}],"name":"rot_23"},{"parent":"geyser_custom_z","pivot":[2.5,-4.6817,0.0379],"rotation":[0,22.5,0],"cubes":[{"origin":[6.483,-10.9044,1.5433],"size":[10,11,0],"pivot":[2.5,-4.6817,0.0379],"uv":{"north":{"uv":[6.8411,3.016],"uv_size":[-1.4126,1.5554]},"south":{"uv":[5.4446,3.016],"uv_size":[1.4126,1.5554]},"east":{"uv":[5.4286,2.8731],"uv_size":[0,1.5554]},"west":{"uv":[5.4286,2.8731],"uv_size":[0,1.5554]},"up":{"uv":[5.4286,2.8731],"uv_size":[0,1.4126]},"down":{"uv":[5.4286,2.8731],"uv_size":[0,1.4126]}}}],"name":"rot_24"},{"parent":"geyser_custom_z","pivot":[2.5,20.6817,0.0379],"rotation":[0,22.5,0],"cubes":[{"origin":[6.483,15.9044,1.5433],"size":[10,11,0],"pivot":[2.5,20.6817,0.0379],"uv":{"north":{"uv":[6.8411,4.5554],"uv_size":[-1.4126,-1.5554]},"south":{"uv":[5.4446,4.5554],"uv_size":[1.4126,-1.5554]},"east":{"uv":[5.4286,4.4126],"uv_size":[0,-1.5554]},"west":{"uv":[5.4286,4.4126],"uv_size":[0,-1.5554]},"up":{"uv":[5.4286,2.8731],"uv_size":[0,1.4126]},"down":{"uv":[5.4286,2.8731],"uv_size":[0,1.4126]}}}],"name":"rot_25"},{"parent":"geyser_custom_z","pivot":[0.1,2.2,-7],"rotation":[0,22.5,0],"cubes":[{"origin":[-11.9,-4.3,-7],"size":[12,11,0],"pivot":[0.1,2.2,-7],"uv":{"north":{"uv":[2.3017,10.6983],"uv_size":[1.6983,-1.5554]},"south":{"uv":[3.984,10.6983],"uv_size":[-1.6983,-1.5554]},"east":{"uv":[3.2697,9.1429],"uv_size":[-0.984,0]},"west":{"uv":[3.2697,9.1429],"uv_size":[-0.984,0]},"up":{"uv":[3.0589,9.1429],"uv_size":[-0.7731,0]},"down":{"uv":[3.0589,9.1429],"uv_size":[-0.7731,0]}}}],"name":"rot_26"},{"parent":"geyser_custom_z","pivot":[0.1,13.8,-7],"rotation":[0,22.5,0],"cubes":[{"origin":[-11.9,9.3,-7],"size":[12,11,0],"pivot":[0.1,13.8,-7],"uv":{"north":{"uv":[2.3017,9.1589],"uv_size":[1.6983,1.5554]},"south":{"uv":[3.984,9.1589],"uv_size":[-1.6983,1.5554]},"east":{"uv":[2.3017,9.1429],"uv_size":[0.984,0]},"west":{"uv":[2.3017,9.1429],"uv_size":[0.984,0]},"up":{"uv":[3.0589,9.1429],"uv_size":[-0.7731,0]},"down":{"uv":[3.0589,9.1429],"uv_size":[-0.7731,0]}}}],"name":"rot_27"},{"parent":"geyser_custom_z","pivot":[-5,8.9773,-1.5378],"rotation":[0,22.5,0],"cubes":[{"origin":[-1.1872,7.6978,8.3129],"size":[1.904,0.544,2.04],"pivot":[-5,8.9773,-1.5378],"uv":{"north":{"uv":[5.0726,4.5657],"uv_size":[0.0703,-0.3514]},"south":{"uv":[5.0726,4.5657],"uv_size":[0.0703,-0.3514]},"east":{"uv":[5.0726,3.8514],"uv_size":[0.0703,-0.3514]},"west":{"uv":[5.0726,4.2086],"uv_size":[0.0703,-0.3514]},"up":{"uv":[4.72,4.5657],"uv_size":[0.3514,-0.3514]},"down":{"uv":[4.72,4.5657],"uv_size":[0.3514,-0.3514]}}},{"origin":[-8.6936,6.8818,3.5347],"size":[2.72,2.04,2.72],"pivot":[-5,8.9773,-1.5378],"uv":{"north":{"uv":[5.492,2.6486],"uv_size":[-0.492,0.3514]},"south":{"uv":[4.492,2.4343],"uv_size":[-0.492,0.3514]},"east":{"uv":[4.992,2.72],"uv_size":[-0.492,0.3514]},"west":{"uv":[4.992,2.72],"uv_size":[-0.492,0.3514]},"up":{"uv":[4.992,3.0794],"uv_size":[-0.492,0.492]},"down":{"uv":[4.992,3.5634],"uv_size":[-0.492,-0.492]}}},{"origin":[-12.2296,6.3378,0.1347],"size":[2.72,3.128,2.72],"pivot":[-5,8.9773,-1.5378],"uv":{"north":{"uv":[11.4377,6.0634],"uv_size":[0.5623,-0.492]},"south":{"uv":[11.4377,6.0634],"uv_size":[0.5623,-0.492]},"east":{"uv":[12.0091,6.0634],"uv_size":[0.5623,-0.492]},"west":{"uv":[11.9377,6.5634],"uv_size":[0.5623,-0.492]},"up":{"uv":[11.4366,6.5634],"uv_size":[0.492,-0.492]},"down":{"uv":[11.9206,6.5634],"uv_size":[-0.492,-0.492]}}}],"name":"rot_28"},{"parent":"geyser_custom_z","pivot":[-5,8.9773,1.5379],"rotation":[0,22.5,0],"cubes":[{"origin":[2.7974,7.4258,-3.2495],"size":[1.36,1.088,2.448],"pivot":[-5,8.9773,1.5379],"uv":{"north":{"uv":[4.7177,3.7823],"uv_size":[0.2109,-0.2109]},"south":{"uv":[4.5034,3.7823],"uv_size":[0.2109,-0.2109]},"east":{"uv":[5.0646,3.7891],"uv_size":[-0.4217,0.2109]},"west":{"uv":[5.0646,3.7891],"uv_size":[-0.4217,0.2109]},"up":{"uv":[4.6497,4.0034],"uv_size":[0.4217,0.2109]},"down":{"uv":[4.6497,4.0034],"uv_size":[0.4217,0.2109]}}}],"name":"rot_29"},{"parent":"geyser_custom_z","pivot":[5.5,13.5,0],"rotation":[0,0,-22.5],"cubes":[{"origin":[6,8,0],"size":[1,11,0],"pivot":[5.5,13.5,0],"uv":{"north":{"uv":[15.8411,3.8594],"uv_size":[-1.5554,0.1406]},"south":{"uv":[15.8411,3.8594],"uv_size":[-1.5554,0.1406]},"east":{"uv":[13.7143,4.5554],"uv_size":[0,-1.5554]},"west":{"uv":[13.7143,4.5554],"uv_size":[0,-1.5554]},"up":{"uv":[11.4989,0],"uv_size":[-0.0703,0]},"down":{"uv":[11.4989,0],"uv_size":[-0.0703,0]}}}],"name":"rot_30"},{"parent":"geyser_custom_z","pivot":[8,16,-24],"rotation":[0,-0,0],"cubes":[{"origin":[-18,8,0],"size":[7,0,4],"pivot":[8,16,-24],"uv":{"north":{"uv":[6.8731,0],"uv_size":[0.984,0]},"south":{"uv":[6.8731,0],"uv_size":[0.984,0]},"east":{"uv":[6.8571,0.016],"uv_size":[0,0.984]},"west":{"uv":[6.8571,0.016],"uv_size":[0,0.984]},"up":{"uv":[8.516,0.9194],"uv_size":[0.984,-0.5623]},"down":{"uv":[9.484,0.9194],"uv_size":[-0.984,-0.5623]}}}],"name":"rot_31"},{"parent":"geyser_custom_z","pivot":[8,16,-8],"rotation":[0,-0,0],"cubes":[{"origin":[-18,4,0],"size":[7,4,0],"pivot":[8,16,-8],"uv":{"north":{"uv":[9.484,0.9194],"uv_size":[-0.984,-0.5623]},"south":{"uv":[8.516,0.9194],"uv_size":[0.984,-0.5623]},"east":{"uv":[6.8571,0.984],"uv_size":[0,-0.984]},"west":{"uv":[6.8571,0.984],"uv_size":[0,-0.984]},"up":{"uv":[7.8411,0],"uv_size":[-0.984,0]},"down":{"uv":[7.8411,0],"uv_size":[-0.984,0]}}},{"origin":[-18,8,-4],"size":[7,0,4],"pivot":[8,16,-8],"uv":{"north":{"uv":[6.8731,0],"uv_size":[0.984,0]},"south":{"uv":[6.8731,0],"uv_size":[0.984,0]},"east":{"uv":[6.8571,0.984],"uv_size":[0,-0.984]},"west":{"uv":[6.8571,0.984],"uv_size":[0,-0.984]},"up":{"uv":[8.516,0.3663],"uv_size":[0.984,0.5623]},"down":{"uv":[9.484,0.3663],"uv_size":[-0.984,0.5623]}}}],"name":"rot_32"},{"parent":"geyser_custom_z","pivot":[1,0,-8],"rotation":[0,-0,0],"cubes":[{"origin":[1,5,1.1],"size":[9,6,0],"pivot":[1,0,-8],"uv":{"north":{"uv":[10.5851,5.8731],"uv_size":[0.8434,1.2697]},"south":{"uv":[10.5851,5.8731],"uv_size":[0.8434,1.2697]},"east":{"uv":[6.8709,4.5714],"uv_size":[0.8434,0]},"west":{"uv":[6.8709,4.5714],"uv_size":[0.8434,0]},"up":{"uv":[10.5714,7.1269],"uv_size":[0,-1.2697]},"down":{"uv":[10.5714,7.1269],"uv_size":[0,-1.2697]}}},{"origin":[1,9.1,-3],"size":[9,0,6],"pivot":[1,0,-8],"uv":{"north":{"uv":[10.5714,5.8731],"uv_size":[0,1.2697]},"south":{"uv":[10.5714,5.8731],"uv_size":[0,1.2697]},"east":{"uv":[6.8709,4.5714],"uv_size":[0.8434,0]},"west":{"uv":[6.8709,4.5714],"uv_size":[0.8434,0]},"up":{"uv":[11.4149,7.1269],"uv_size":[-0.8434,-1.2697]},"down":{"uv":[11.4149,7.1269],"uv_size":[-0.8434,-1.2697]}}},{"origin":[1,7.1,-3],"size":[9,0,6],"pivot":[1,0,-8],"uv":{"north":{"uv":[10.5714,5.8731],"uv_size":[0,1.2697]},"south":{"uv":[10.5714,5.8731],"uv_size":[0,1.2697]},"east":{"uv":[6.8709,4.5714],"uv_size":[0.8434,0]},"west":{"uv":[6.8709,4.5714],"uv_size":[0.8434,0]},"up":{"uv":[11.4149,7.1269],"uv_size":[-0.8434,-1.2697]},"down":{"uv":[11.4149,7.1269],"uv_size":[-0.8434,-1.2697]}}},{"origin":[1,5,-1.1],"size":[9,6,0],"pivot":[1,0,-8],"uv":{"north":{"uv":[10.5851,5.8731],"uv_size":[0.8434,1.2697]},"south":{"uv":[10.5851,5.8731],"uv_size":[0.8434,1.2697]},"east":{"uv":[6.8709,4.5714],"uv_size":[0.8434,0]},"west":{"uv":[6.8709,4.5714],"uv_size":[0.8434,0]},"up":{"uv":[10.5714,7.1269],"uv_size":[0,-1.2697]},"down":{"uv":[10.5714,7.1269],"uv_size":[0,-1.2697]}}}],"name":"rot_33"},{"parent":"geyser_custom_z","pivot":[-2.5,1,-8.1],"rotation":[0,-0,0],"cubes":[{"origin":[2.5,-6.2,-0.1],"size":[6,6,0],"pivot":[-2.5,1,-8.1],"uv":{"north":{"uv":[12.1566,7.9149],"uv_size":[0.8434,-0.8434]},"south":{"uv":[12.1566,7.9149],"uv_size":[0.8434,-0.8434]},"east":{"uv":[11.8571,7.772],"uv_size":[0,-0.8434]},"west":{"uv":[11.8571,7.772],"uv_size":[0,-0.8434]},"up":{"uv":[11.44,6.8571],"uv_size":[0.7029,0]},"down":{"uv":[11.44,6.8571],"uv_size":[0.7029,0]}}}],"name":"rot_34"},{"parent":"geyser_custom_z","pivot":[-2.5,15,-8.1],"rotation":[0,-0,0],"cubes":[{"origin":[2.5,16.2,-0.1],"size":[6,6,0],"pivot":[-2.5,15,-8.1],"uv":{"north":{"uv":[12.1566,7.0851],"uv_size":[0.8434,0.8434]},"south":{"uv":[12.1566,7.0851],"uv_size":[0.8434,0.8434]},"east":{"uv":[11.8571,6.9423],"uv_size":[0,0.8434]},"west":{"uv":[11.8571,6.9423],"uv_size":[0,0.8434]},"up":{"uv":[11.44,6.8571],"uv_size":[0.7029,0]},"down":{"uv":[11.44,6.8571],"uv_size":[0.7029,0]}}}],"name":"rot_35"},{"parent":"geyser_custom_z","pivot":[-5,8.9773,-1.5378],"rotation":[0,-0,0],"cubes":[{"origin":[-4.1182,7.2898,3.5522],"size":[5.44,1.36,2.72],"pivot":[-5,8.9773,-1.5378],"uv":{"north":{"uv":[4.6983,0.0034],"uv_size":[-0.984,0.2109]},"south":{"uv":[4.6983,0.2177],"uv_size":[-0.984,0.2109]},"east":{"uv":[4.492,2.8606],"uv_size":[-0.492,0.2109]},"west":{"uv":[4.492,2.8606],"uv_size":[-0.492,0.2109]},"up":{"uv":[4.008,3.0874],"uv_size":[0.492,0.984]},"down":{"uv":[4.008,3.0874],"uv_size":[0.492,0.984]}}},{"origin":[-8.0621,6.6098,4.3682],"size":[2.72,2.584,2.72],"pivot":[-5,8.9773,-1.5378],"uv":{"north":{"uv":[5.0069,2.5634],"uv_size":[0.4217,-0.492]},"south":{"uv":[5.2211,0.992],"uv_size":[0.4217,-0.492]},"east":{"uv":[5.9206,2.0783],"uv_size":[-0.492,0.4217]},"west":{"uv":[5.9206,2.0783],"uv_size":[-0.492,0.4217]},"up":{"uv":[5.7206,0.0078],"uv_size":[-0.492,0.4779]},"down":{"uv":[5.7206,0.4779],"uv_size":[-0.492,-0.4779]}}}],"name":"rot_36"},{"parent":"geyser_custom_z","pivot":[-5,8.9773,1.5379],"rotation":[0,-0,0],"cubes":[{"origin":[-4.1182,7.2898,-6.2722],"size":[5.44,1.36,2.72],"pivot":[-5,8.9773,1.5379],"uv":{"north":{"uv":[3.7303,0.2177],"uv_size":[0.984,0.2109]},"south":{"uv":[3.7303,0.0034],"uv_size":[0.984,0.2109]},"east":{"uv":[4.008,2.8606],"uv_size":[0.492,0.2109]},"west":{"uv":[4.008,2.8606],"uv_size":[0.492,0.2109]},"up":{"uv":[4.492,3.0874],"uv_size":[-0.492,0.984]},"down":{"uv":[4.492,3.0874],"uv_size":[-0.492,0.984]}}},{"origin":[-8.0621,6.6098,-7.0882],"size":[2.72,2.584,2.72],"pivot":[-5,8.9773,1.5379],"uv":{"north":{"uv":[5.2211,0.508],"uv_size":[0.4217,0.492]},"south":{"uv":[5.0069,2.0794],"uv_size":[0.4217,0.492]},"east":{"uv":[5.4366,2.0783],"uv_size":[0.492,0.4217]},"west":{"uv":[5.4366,2.0783],"uv_size":[0.492,0.4217]},"up":{"uv":[5.2366,0.0078],"uv_size":[0.492,0.4779]},"down":{"uv":[5.2366,0.4779],"uv_size":[0.492,-0.4779]}}}],"name":"rot_37"},{"parent":"geyser_custom_z","pivot":[5.7325,27.5,2.831],"rotation":[0,-22.5,0],"cubes":[{"origin":[6.2325,11,0.831],"size":[9,9,0],"pivot":[5.7325,27.5,2.831],"uv":{"north":{"uv":[13.7303,12.4446],"uv_size":[1.2697,1.2697]},"south":{"uv":[14.984,12.4446],"uv_size":[-1.2697,1.2697]},"east":{"uv":[13.7143,11.4446],"uv_size":[0,1.3411]},"west":{"uv":[13.7143,11.4446],"uv_size":[0,1.3411]},"up":{"uv":[14.4874,11.4286],"uv_size":[-0.7731,0]},"down":{"uv":[14.4874,11.4286],"uv_size":[-0.7731,0]}}}],"name":"rot_38"},{"parent":"geyser_custom_z","pivot":[2.5,-4.6817,-0.0378],"rotation":[0,-22.5,0],"cubes":[{"origin":[6.483,-10.9044,-1.5433],"size":[10,11,0],"pivot":[2.5,-4.6817,-0.0378],"uv":{"north":{"uv":[6.8411,3.016],"uv_size":[-1.4126,1.5554]},"south":{"uv":[5.4446,3.016],"uv_size":[1.4126,1.5554]},"east":{"uv":[5.4286,2.8731],"uv_size":[0,1.5554]},"west":{"uv":[5.4286,2.8731],"uv_size":[0,1.5554]},"up":{"uv":[5.4286,2.8731],"uv_size":[0,1.4126]},"down":{"uv":[5.4286,2.8731],"uv_size":[0,1.4126]}}}],"name":"rot_39"},{"parent":"geyser_custom_z","pivot":[2.5,20.6817,-0.0378],"rotation":[0,-22.5,0],"cubes":[{"origin":[6.483,15.9044,-1.5433],"size":[10,11,0],"pivot":[2.5,20.6817,-0.0378],"uv":{"north":{"uv":[6.8411,4.5554],"uv_size":[-1.4126,-1.5554]},"south":{"uv":[5.4446,4.5554],"uv_size":[1.4126,-1.5554]},"east":{"uv":[5.4286,4.4126],"uv_size":[0,-1.5554]},"west":{"uv":[5.4286,4.4126],"uv_size":[0,-1.5554]},"up":{"uv":[5.4286,2.8731],"uv_size":[0,1.4126]},"down":{"uv":[5.4286,2.8731],"uv_size":[0,1.4126]}}}],"name":"rot_40"},{"parent":"geyser_custom_z","pivot":[0.1,2.2,7],"rotation":[0,-22.5,0],"cubes":[{"origin":[-11.9,-4.3,7],"size":[12,11,0],"pivot":[0.1,2.2,7],"uv":{"north":{"uv":[2.3017,10.6983],"uv_size":[1.6983,-1.5554]},"south":{"uv":[3.984,10.6983],"uv_size":[-1.6983,-1.5554]},"east":{"uv":[3.2697,9.1429],"uv_size":[-0.984,0]},"west":{"uv":[3.2697,9.1429],"uv_size":[-0.984,0]},"up":{"uv":[3.0589,9.1429],"uv_size":[-0.7731,0]},"down":{"uv":[3.0589,9.1429],"uv_size":[-0.7731,0]}}}],"name":"rot_41"},{"parent":"geyser_custom_z","pivot":[0.1,13.8,7],"rotation":[0,-22.5,0],"cubes":[{"origin":[-11.9,9.3,7],"size":[12,11,0],"pivot":[0.1,13.8,7],"uv":{"north":{"uv":[2.3017,9.1589],"uv_size":[1.6983,1.5554]},"south":{"uv":[3.984,9.1589],"uv_size":[-1.6983,1.5554]},"east":{"uv":[2.3017,9.1429],"uv_size":[0.984,0]},"west":{"uv":[2.3017,9.1429],"uv_size":[0.984,0]},"up":{"uv":[3.0589,9.1429],"uv_size":[-0.7731,0]},"down":{"uv":[3.0589,9.1429],"uv_size":[-0.7731,0]}}}],"name":"rot_42"},{"parent":"geyser_custom_z","pivot":[-5,8.9773,-1.5378],"rotation":[0,-22.5,0],"cubes":[{"origin":[2.7974,7.4258,0.8015],"size":[1.36,1.088,2.448],"pivot":[-5,8.9773,-1.5378],"uv":{"north":{"uv":[4.5034,3.5749],"uv_size":[0.2109,0.2109]},"south":{"uv":[4.7177,3.5749],"uv_size":[0.2109,0.2109]},"east":{"uv":[4.6497,3.7891],"uv_size":[0.4217,0.2109]},"west":{"uv":[4.6497,3.7891],"uv_size":[0.4217,0.2109]},"up":{"uv":[5.0646,4.0034],"uv_size":[-0.4217,0.2109]},"down":{"uv":[5.0646,4.0034],"uv_size":[-0.4217,0.2109]}}}],"name":"rot_43"},{"parent":"geyser_custom_z","pivot":[-5,8.9773,1.5379],"rotation":[0,-22.5,0],"cubes":[{"origin":[-1.1872,7.6978,-10.3529],"size":[1.904,0.544,2.04],"pivot":[-5,8.9773,1.5379],"uv":{"north":{"uv":[5.0726,4.22],"uv_size":[0.0703,0.3514]},"south":{"uv":[5.0726,4.22],"uv_size":[0.0703,0.3514]},"east":{"uv":[5.0726,3.5057],"uv_size":[0.0703,0.3514]},"west":{"uv":[5.0726,3.8629],"uv_size":[0.0703,0.3514]},"up":{"uv":[4.72,4.22],"uv_size":[0.3514,0.3514]},"down":{"uv":[4.72,4.22],"uv_size":[0.3514,0.3514]}}},{"origin":[-8.6936,6.8818,-6.2547],"size":[2.72,2.04,2.72],"pivot":[-5,8.9773,1.5379],"uv":{"north":{"uv":[4.008,2.4343],"uv_size":[0.492,0.3514]},"south":{"uv":[5.008,2.6486],"uv_size":[0.492,0.3514]},"east":{"uv":[4.508,2.72],"uv_size":[0.492,0.3514]},"west":{"uv":[4.508,2.72],"uv_size":[0.492,0.3514]},"up":{"uv":[4.508,3.0794],"uv_size":[0.492,0.492]},"down":{"uv":[4.508,3.5634],"uv_size":[0.492,-0.492]}}},{"origin":[-12.2296,6.3378,-2.8547],"size":[2.72,3.128,2.72],"pivot":[-5,8.9773,1.5379],"uv":{"north":{"uv":[11.4377,5.5794],"uv_size":[0.5623,0.492]},"south":{"uv":[11.4377,5.5794],"uv_size":[0.5623,0.492]},"east":{"uv":[12.0091,5.5794],"uv_size":[0.5623,0.492]},"west":{"uv":[11.9377,6.0794],"uv_size":[0.5623,0.492]},"up":{"uv":[11.4366,6.0794],"uv_size":[0.492,0.492]},"down":{"uv":[11.9206,6.0794],"uv_size":[-0.492,0.492]}}}],"name":"rot_44"},{"parent":"geyser_custom_z","pivot":[5.5,2.5,0],"rotation":[0,0,22.5],"cubes":[{"origin":[6,-3,0],"size":[1,11,0],"pivot":[5.5,2.5,0],"uv":{"north":{"uv":[14.3017,3.8594],"uv_size":[1.5554,0.1406]},"south":{"uv":[14.3017,3.8594],"uv_size":[1.5554,0.1406]},"east":{"uv":[13.7143,3.016],"uv_size":[0,1.5554]},"west":{"uv":[13.7143,3.016],"uv_size":[0,1.5554]},"up":{"uv":[11.4989,0],"uv_size":[-0.0703,0]},"down":{"uv":[11.4989,0],"uv_size":[-0.0703,0]}}}],"name":"rot_45"},{"parent":"geyser_custom_z","pivot":[2.5,-9,8.1],"rotation":[-45,0,0],"cubes":[{"origin":[-3.5,-10.3,-4.8],"size":[3,0,3],"pivot":[2.5,-9,8.1],"uv":{"north":{"uv":[4,9.1589],"uv_size":[0,2.0554]},"south":{"uv":[4.1429,9.1589],"uv_size":[0,2.0554]},"east":{"uv":[5.2697,9.2857],"uv_size":[-0.984,0]},"west":{"uv":[5.2697,9.1429],"uv_size":[-0.984,0]},"up":{"uv":[6.848,10.2926],"uv_size":[-0.5623,0.4217]},"down":{"uv":[6.2949,10.2926],"uv_size":[0.5623,0.4217]}}}],"name":"rot_46"},{"parent":"geyser_custom_z","pivot":[1.5,-8,8.1],"rotation":[-45,0,0],"cubes":[{"origin":[-4.5,-9.3,-4.8],"size":[3,0,3],"pivot":[1.5,-8,8.1],"uv":{"north":{"uv":[4,9.1589],"uv_size":[0,2.0554]},"south":{"uv":[4.1429,9.1589],"uv_size":[0,2.0554]},"east":{"uv":[5.2697,9.2857],"uv_size":[-0.984,0]},"west":{"uv":[5.2697,9.1429],"uv_size":[-0.984,0]},"up":{"uv":[6.848,10.2926],"uv_size":[-0.5623,0.4217]},"down":{"uv":[6.2949,10.2926],"uv_size":[0.5623,0.4217]}}}],"name":"rot_47"},{"parent":"geyser_custom_z","pivot":[1.5,24,-7.9],"rotation":[-45,0,0],"cubes":[{"origin":[-4.5,25.4,2.1],"size":[3,0,2.8],"pivot":[1.5,24,-7.9],"uv":{"north":{"uv":[4.1429,9.1589],"uv_size":[0,2.0554]},"south":{"uv":[4,9.1589],"uv_size":[0,2.0554]},"east":{"uv":[4.3017,9.2857],"uv_size":[0.984,0]},"west":{"uv":[4.3017,9.1429],"uv_size":[0.984,0]},"up":{"uv":[6.2949,10.2926],"uv_size":[0.5623,0.4217]},"down":{"uv":[6.848,10.2926],"uv_size":[-0.5623,0.4217]}}}],"name":"rot_48"},{"parent":"geyser_custom_z","pivot":[0.5,-7,8.1],"rotation":[-45,0,0],"cubes":[{"origin":[-5.5,-8.3,-4.8],"size":[3,0,3],"pivot":[0.5,-7,8.1],"uv":{"north":{"uv":[4,9.1589],"uv_size":[0,2.0554]},"south":{"uv":[4.1429,9.1589],"uv_size":[0,2.0554]},"east":{"uv":[5.2697,9.2857],"uv_size":[-0.984,0]},"west":{"uv":[5.2697,9.1429],"uv_size":[-0.984,0]},"up":{"uv":[6.848,10.2926],"uv_size":[-0.5623,0.4217]},"down":{"uv":[6.2949,10.2926],"uv_size":[0.5623,0.4217]}}}],"name":"rot_49"},{"parent":"geyser_custom_z","pivot":[0.5,23,-7.9],"rotation":[-45,0,0],"cubes":[{"origin":[-5.5,24.4,2.1],"size":[3,0,2.8],"pivot":[0.5,23,-7.9],"uv":{"north":{"uv":[4.1429,9.1589],"uv_size":[0,2.0554]},"south":{"uv":[4,9.1589],"uv_size":[0,2.0554]},"east":{"uv":[4.3017,9.2857],"uv_size":[0.984,0]},"west":{"uv":[4.3017,9.1429],"uv_size":[0.984,0]},"up":{"uv":[6.2949,10.2926],"uv_size":[0.5623,0.4217]},"down":{"uv":[6.848,10.2926],"uv_size":[-0.5623,0.4217]}}}],"name":"rot_50"},{"parent":"geyser_custom_z","pivot":[-0.5,-6,8.1],"rotation":[-45,0,0],"cubes":[{"origin":[-6.5,-7.3,-4.8],"size":[3,0,3],"pivot":[-0.5,-6,8.1],"uv":{"north":{"uv":[4,9.1589],"uv_size":[0,2.0554]},"south":{"uv":[4.1429,9.1589],"uv_size":[0,2.0554]},"east":{"uv":[5.2697,9.2857],"uv_size":[-0.984,0]},"west":{"uv":[5.2697,9.1429],"uv_size":[-0.984,0]},"up":{"uv":[6.848,10.2926],"uv_size":[-0.5623,0.4217]},"down":{"uv":[6.2949,10.2926],"uv_size":[0.5623,0.4217]}}}],"name":"rot_51"},{"parent":"geyser_custom_z","pivot":[-0.5,22,-7.9],"rotation":[-45,0,0],"cubes":[{"origin":[-6.5,23.4,2.1],"size":[3,0,2.8],"pivot":[-0.5,22,-7.9],"uv":{"north":{"uv":[4.1429,9.1589],"uv_size":[0,2.0554]},"south":{"uv":[4,9.1589],"uv_size":[0,2.0554]},"east":{"uv":[4.3017,9.2857],"uv_size":[0.984,0]},"west":{"uv":[4.3017,9.1429],"uv_size":[0.984,0]},"up":{"uv":[6.2949,10.2926],"uv_size":[0.5623,0.4217]},"down":{"uv":[6.848,10.2926],"uv_size":[-0.5623,0.4217]}}}],"name":"rot_52"},{"parent":"geyser_custom_z","pivot":[-1.5,-5,8.1],"rotation":[-45,0,0],"cubes":[{"origin":[-7.5,-6.3,-4.8],"size":[3,0,3],"pivot":[-1.5,-5,8.1],"uv":{"north":{"uv":[4,9.1589],"uv_size":[0,2.0554]},"south":{"uv":[4.1429,9.1589],"uv_size":[0,2.0554]},"east":{"uv":[5.2697,9.2857],"uv_size":[-0.984,0]},"west":{"uv":[5.2697,9.1429],"uv_size":[-0.984,0]},"up":{"uv":[6.848,10.2926],"uv_size":[-0.5623,0.4217]},"down":{"uv":[6.2949,10.2926],"uv_size":[0.5623,0.4217]}}}],"name":"rot_53"},{"parent":"geyser_custom_z","pivot":[-1.5,21,-7.9],"rotation":[-45,0,0],"cubes":[{"origin":[-7.5,22.4,2.1],"size":[3,0,2.8],"pivot":[-1.5,21,-7.9],"uv":{"north":{"uv":[4.1429,9.1589],"uv_size":[0,2.0554]},"south":{"uv":[4,9.1589],"uv_size":[0,2.0554]},"east":{"uv":[4.3017,9.2857],"uv_size":[0.984,0]},"west":{"uv":[4.3017,9.1429],"uv_size":[0.984,0]},"up":{"uv":[6.2949,10.2926],"uv_size":[0.5623,0.4217]},"down":{"uv":[6.848,10.2926],"uv_size":[-0.5623,0.4217]}}}],"name":"rot_54"},{"parent":"geyser_custom_z","pivot":[-2.5,-4,8.1],"rotation":[-45,0,0],"cubes":[{"origin":[-8.5,-5.3,-4.8],"size":[3,0,3],"pivot":[-2.5,-4,8.1],"uv":{"north":{"uv":[4,9.1589],"uv_size":[0,2.0554]},"south":{"uv":[4.1429,9.1589],"uv_size":[0,2.0554]},"east":{"uv":[5.2697,9.2857],"uv_size":[-0.984,0]},"west":{"uv":[5.2697,9.1429],"uv_size":[-0.984,0]},"up":{"uv":[6.848,10.2926],"uv_size":[-0.5623,0.4217]},"down":{"uv":[6.2949,10.2926],"uv_size":[0.5623,0.4217]}}}],"name":"rot_55"},{"parent":"geyser_custom_z","pivot":[-2.5,20,-7.9],"rotation":[-45,0,0],"cubes":[{"origin":[-8.5,21.4,2.1],"size":[3,0,2.8],"pivot":[-2.5,20,-7.9],"uv":{"north":{"uv":[4.1429,9.1589],"uv_size":[0,2.0554]},"south":{"uv":[4,9.1589],"uv_size":[0,2.0554]},"east":{"uv":[4.3017,9.2857],"uv_size":[0.984,0]},"west":{"uv":[4.3017,9.1429],"uv_size":[0.984,0]},"up":{"uv":[6.2949,10.2926],"uv_size":[0.5623,0.4217]},"down":{"uv":[6.848,10.2926],"uv_size":[-0.5623,0.4217]}}}],"name":"rot_56"},{"parent":"geyser_custom_z","pivot":[-3.5,-3,8.1],"rotation":[-45,0,0],"cubes":[{"origin":[-9.5,-4.3,-4.8],"size":[3,0,3],"pivot":[-3.5,-3,8.1],"uv":{"north":{"uv":[4,9.1589],"uv_size":[0,2.0554]},"south":{"uv":[4.1429,9.1589],"uv_size":[0,2.0554]},"east":{"uv":[5.2697,9.2857],"uv_size":[-0.984,0]},"west":{"uv":[5.2697,9.1429],"uv_size":[-0.984,0]},"up":{"uv":[6.848,10.2926],"uv_size":[-0.5623,0.4217]},"down":{"uv":[6.2949,10.2926],"uv_size":[0.5623,0.4217]}}}],"name":"rot_57"},{"parent":"geyser_custom_z","pivot":[-3.5,19,-7.9],"rotation":[-45,0,0],"cubes":[{"origin":[-9.5,20.4,2.1],"size":[3,0,2.8],"pivot":[-3.5,19,-7.9],"uv":{"north":{"uv":[4.1429,9.1589],"uv_size":[0,2.0554]},"south":{"uv":[4,9.1589],"uv_size":[0,2.0554]},"east":{"uv":[4.3017,9.2857],"uv_size":[0.984,0]},"west":{"uv":[4.3017,9.1429],"uv_size":[0.984,0]},"up":{"uv":[6.2949,10.2926],"uv_size":[0.5623,0.4217]},"down":{"uv":[6.848,10.2926],"uv_size":[-0.5623,0.4217]}}}],"name":"rot_58"},{"parent":"geyser_custom_z","pivot":[-4.5,-2,8.1],"rotation":[-45,0,0],"cubes":[{"origin":[-10.5,-3.3,-4.8],"size":[3,0,3],"pivot":[-4.5,-2,8.1],"uv":{"north":{"uv":[4,9.1589],"uv_size":[0,2.0554]},"south":{"uv":[4.1429,9.1589],"uv_size":[0,2.0554]},"east":{"uv":[5.2697,9.2857],"uv_size":[-0.984,0]},"west":{"uv":[5.2697,9.1429],"uv_size":[-0.984,0]},"up":{"uv":[6.848,10.2926],"uv_size":[-0.5623,0.4217]},"down":{"uv":[6.2949,10.2926],"uv_size":[0.5623,0.4217]}}}],"name":"rot_59"},{"parent":"geyser_custom_z","pivot":[-4.5,18,-7.9],"rotation":[-45,0,0],"cubes":[{"origin":[-10.5,19.4,2.1],"size":[3,0,2.8],"pivot":[-4.5,18,-7.9],"uv":{"north":{"uv":[4.1429,9.1589],"uv_size":[0,2.0554]},"south":{"uv":[4,9.1589],"uv_size":[0,2.0554]},"east":{"uv":[4.3017,9.2857],"uv_size":[0.984,0]},"west":{"uv":[4.3017,9.1429],"uv_size":[0.984,0]},"up":{"uv":[6.2949,10.2926],"uv_size":[0.5623,0.4217]},"down":{"uv":[6.848,10.2926],"uv_size":[-0.5623,0.4217]}}}],"name":"rot_60"},{"parent":"geyser_custom_z","pivot":[-18.5,12.2,-8],"rotation":[-45,0,0],"cubes":[{"origin":[-11.4,12.2,-2],"size":[1.8,1,5.3],"pivot":[-18.5,12.2,-8],"uv":{"north":{"uv":[9.8617,13.5691],"uv_size":[0.2811,-0.1406]},"south":{"uv":[9.8617,13.5691],"uv_size":[0.2811,-0.1406]},"east":{"uv":[9.8686,13.712],"uv_size":[0.7029,-0.1406]},"west":{"uv":[9.8686,13.712],"uv_size":[0.7029,-0.1406]},"up":{"uv":[9.8457,13.4331],"uv_size":[-0.7029,0.2811]},"down":{"uv":[9.8457,13.4331],"uv_size":[-0.7029,0.2811]}}},{"origin":[-11.4,16.4,-2],"size":[1.8,1,5.3],"pivot":[-18.5,12.2,-8],"uv":{"north":{"uv":[9.8617,13.5691],"uv_size":[0.2811,-0.1406]},"south":{"uv":[9.8617,13.5691],"uv_size":[0.2811,-0.1406]},"east":{"uv":[9.8686,13.712],"uv_size":[0.7029,-0.1406]},"west":{"uv":[9.8686,13.712],"uv_size":[0.7029,-0.1406]},"up":{"uv":[9.8457,13.4331],"uv_size":[-0.7029,0.2811]},"down":{"uv":[9.8457,13.4331],"uv_size":[-0.7029,0.2811]}}}],"name":"rot_61"},{"parent":"geyser_custom_z","pivot":[-5,8.9773,1.5379],"rotation":[0,-45,0],"cubes":[{"origin":[-5.761,7.5618,-9.8149],"size":[2.176,0.816,2.04],"pivot":[-5,8.9773,1.5379],"uv":{"north":{"uv":[4.22,4.0737],"uv_size":[0.3514,0.1406]},"south":{"uv":[4.22,4.0737],"uv_size":[0.3514,0.1406]},"east":{"uv":[4.0737,4.22],"uv_size":[0.1406,0.3514]},"west":{"uv":[4.5737,4.22],"uv_size":[0.1406,0.3514]},"up":{"uv":[4.22,4.22],"uv_size":[0.3514,0.3514]},"down":{"uv":[4.5657,4.22],"uv_size":[-0.3514,0.3514]}}},{"origin":[-13.2893,6.4738,-2.4226],"size":[2.72,2.856,2.72],"pivot":[-5,8.9773,1.5379],"uv":{"north":{"uv":[11.9206,5.0634],"uv_size":[-0.492,-0.492]},"south":{"uv":[11.9206,5.0634],"uv_size":[-0.492,-0.492]},"east":{"uv":[11.9366,5.5634],"uv_size":[0.492,-0.492]},"west":{"uv":[11.9366,5.0634],"uv_size":[0.492,-0.492]},"up":{"uv":[11.4366,5.5634],"uv_size":[0.492,-0.492]},"down":{"uv":[11.9206,5.5634],"uv_size":[-0.492,-0.492]}}}],"name":"rot_62"},{"parent":"geyser_custom_z","pivot":[13.5,-7.5,-8.1],"rotation":[0,0,45],"cubes":[{"origin":[2.2,-8.5,-1],"size":[5.3,1,1.8],"pivot":[13.5,-7.5,-8.1],"uv":{"north":{"uv":[9.8686,13.5737],"uv_size":[0.7029,0.1406]},"south":{"uv":[9.8686,13.5737],"uv_size":[0.7029,0.1406]},"east":{"uv":[9.8617,13.4309],"uv_size":[0.2811,0.1406]},"west":{"uv":[9.8617,13.4309],"uv_size":[0.2811,0.1406]},"up":{"uv":[9.8457,13.7097],"uv_size":[-0.7029,-0.2811]},"down":{"uv":[9.8457,13.7097],"uv_size":[-0.7029,-0.2811]}}},{"origin":[2.2,-12.7,-1],"size":[5.3,1,1.8],"pivot":[13.5,-7.5,-8.1],"uv":{"north":{"uv":[9.8686,13.5737],"uv_size":[0.7029,0.1406]},"south":{"uv":[9.8686,13.5737],"uv_size":[0.7029,0.1406]},"east":{"uv":[9.8617,13.4309],"uv_size":[0.2811,0.1406]},"west":{"uv":[9.8617,13.4309],"uv_size":[0.2811,0.1406]},"up":{"uv":[9.8457,13.7097],"uv_size":[-0.7029,-0.2811]},"down":{"uv":[9.8457,13.7097],"uv_size":[-0.7029,-0.2811]}}}],"name":"rot_63"},{"parent":"geyser_custom_z","pivot":[13.5,15,-8.1],"rotation":[0,0,45],"cubes":[{"origin":[2.2,14,-1.1],"size":[5.3,1,2],"pivot":[13.5,15,-8.1],"uv":{"north":{"uv":[9.8686,13.5737],"uv_size":[0.7029,0.1406]},"south":{"uv":[9.8686,13.5737],"uv_size":[0.7029,0.1406]},"east":{"uv":[9.8617,13.4309],"uv_size":[0.2811,0.1406]},"west":{"uv":[9.8617,13.4309],"uv_size":[0.2811,0.1406]},"up":{"uv":[9.8457,13.7097],"uv_size":[-0.7029,-0.2811]},"down":{"uv":[9.8457,13.7097],"uv_size":[-0.7029,-0.2811]}}}],"name":"rot_64"},{"parent":"geyser_custom_z","pivot":[0,-3,-3.5],"rotation":[0,0,45],"cubes":[{"origin":[-22.5,8.5,0],"size":[10,8,0],"pivot":[0,-3,-3.5],"uv":{"north":{"uv":[6.8411,13.6983],"uv_size":[-1.4126,-1.1269]},"south":{"uv":[5.4446,13.6983],"uv_size":[1.4126,-1.1269]},"east":{"uv":[5.4286,12.5874],"uv_size":[0,1.1269]},"west":{"uv":[5.4286,12.5874],"uv_size":[0,1.1269]},"up":{"uv":[3.6983,9.1429],"uv_size":[-1.4126,0]},"down":{"uv":[3.6983,9.1429],"uv_size":[-1.4126,0]}}}],"name":"rot_65"},{"parent":"geyser_custom_z","pivot":[-2.5,23.5,-8.1],"rotation":[0,0,45],"cubes":[{"origin":[3.5,23.5,-1.1],"size":[5.3,1,2],"pivot":[-2.5,23.5,-8.1],"uv":{"north":{"uv":[10.56,13.712],"uv_size":[-0.7029,-0.1406]},"south":{"uv":[10.56,13.712],"uv_size":[-0.7029,-0.1406]},"east":{"uv":[10.1383,13.5691],"uv_size":[-0.2811,-0.1406]},"west":{"uv":[10.1383,13.5691],"uv_size":[-0.2811,-0.1406]},"up":{"uv":[9.1543,13.4331],"uv_size":[0.7029,0.2811]},"down":{"uv":[9.1543,13.4331],"uv_size":[0.7029,0.2811]}}}],"name":"rot_66"}]}]}
