{"format_version":"1.16.0","minecraft:geometry":[{"description":{"identifier":"geometry.geyser_custom.geo_7c2df68","texture_width":16,"texture_height":16,"visible_bounds_width":4,"visible_bounds_height":4.5,"visible_bounds_offset":[0,0.75,0]},"bones":[{"name":"geyser_custom","binding":"c.item_slot == 'head' ? 'head' : q.item_slot_to_bone_name(c.item_slot)","pivot":[0,8,0]},{"name":"geyser_custom_x","parent":"geyser_custom","pivot":[0,8,0]},{"name":"geyser_custom_y","parent":"geyser_custom_x","pivot":[0,8,0]},{"name":"geyser_custom_z","parent":"geyser_custom_y","pivot":[0,8,0],"cubes":[]},{"parent":"geyser_custom_z","pivot":[7.5,9,-2.1],"rotation":[0,0,-45],"cubes":[{"origin":[-5.3,10.4,-8.1],"size":[2.8,0,3],"pivot":[7.5,9,-2.1],"uv":{"north":{"uv":[4.3017,9.2857],"uv_size":[0.984,0]},"south":{"uv":[4.3017,9.1429],"uv_size":[0.984,0]},"east":{"uv":[4,9.1589],"uv_size":[0,2.0554]},"west":{"uv":[4.1429,9.1589],"uv_size":[0,2.0554]},"up":{"uv":[6.2949,10.2926],"uv_size":[0.5623,0.4217]},"down":{"uv":[6.848,10.2926],"uv_size":[-0.5623,0.4217]}}}],"name":"rot_1"},{"parent":"geyser_custom_z","pivot":[7.5,9,2.1],"rotation":[0,0,-45],"cubes":[{"origin":[-5.3,10.4,5.1],"size":[2.8,0,3],"pivot":[7.5,9,2.1],"uv":{"north":{"uv":[5.2697,9.1429],"uv_size":[-0.984,0]},"south":{"uv":[5.2697,9.2857],"uv_size":[-0.984,0]},"east":{"uv":[4,11.1983],"uv_size":[0,-2.0554]},"west":{"uv":[4.1429,11.1983],"uv_size":[0,-2.0554]},"up":{"uv":[6.2949,10.7074],"uv_size":[0.5623,-0.4217]},"down":{"uv":[6.848,10.7074],"uv_size":[-0.5623,-0.4217]}}}],"name":"rot_2"},{"parent":"geyser_custom_z","pivot":[7.5,10,-1.1],"rotation":[0,0,-45],"cubes":[{"origin":[-5.3,11.4,-7.1],"size":[2.8,0,3],"pivot":[7.5,10,-1.1],"uv":{"north":{"uv":[4.3017,9.2857],"uv_size":[0.984,0]},"south":{"uv":[4.3017,9.1429],"uv_size":[0.984,0]},"east":{"uv":[4,9.1589],"uv_size":[0,2.0554]},"west":{"uv":[4.1429,9.1589],"uv_size":[0,2.0554]},"up":{"uv":[6.2949,10.2926],"uv_size":[0.5623,0.4217]},"down":{"uv":[6.848,10.2926],"uv_size":[-0.5623,0.4217]}}}],"name":"rot_3"},{"parent":"geyser_custom_z","pivot":[7.5,10,1.1],"rotation":[0,0,-45],"cubes":[{"origin":[-5.3,11.4,4.1],"size":[2.8,0,3],"pivot":[7.5,10,1.1],"uv":{"north":{"uv":[5.2697,9.1429],"uv_size":[-0.984,0]},"south":{"uv":[5.2697,9.2857],"uv_size":[-0.984,0]},"east":{"uv":[4,11.1983],"uv_size":[0,-2.0554]},"west":{"uv":[4.1429,11.1983],"uv_size":[0,-2.0554]},"up":{"uv":[6.2949,10.7074],"uv_size":[0.5623,-0.4217]},"down":{"uv":[6.848,10.7074],"uv_size":[-0.5623,-0.4217]}}}],"name":"rot_4"},{"parent":"geyser_custom_z","pivot":[7.5,11,-0.1],"rotation":[0,0,-45],"cubes":[{"origin":[-5.3,12.4,-6.1],"size":[2.8,0,3],"pivot":[7.5,11,-0.1],"uv":{"north":{"uv":[4.3017,9.2857],"uv_size":[0.984,0]},"south":{"uv":[4.3017,9.1429],"uv_size":[0.984,0]},"east":{"uv":[4,9.1589],"uv_size":[0,2.0554]},"west":{"uv":[4.1429,9.1589],"uv_size":[0,2.0554]},"up":{"uv":[6.2949,10.2926],"uv_size":[0.5623,0.4217]},"down":{"uv":[6.848,10.2926],"uv_size":[-0.5623,0.4217]}}}],"name":"rot_5"},{"parent":"geyser_custom_z","pivot":[7.5,11,0.1],"rotation":[0,0,-45],"cubes":[{"origin":[-5.3,12.4,3.1],"size":[2.8,0,3],"pivot":[7.5,11,0.1],"uv":{"north":{"uv":[5.2697,9.1429],"uv_size":[-0.984,0]},"south":{"uv":[5.2697,9.2857],"uv_size":[-0.984,0]},"east":{"uv":[4,11.1983],"uv_size":[0,-2.0554]},"west":{"uv":[4.1429,11.1983],"uv_size":[0,-2.0554]},"up":{"uv":[6.2949,10.7074],"uv_size":[0.5623,-0.4217]},"down":{"uv":[6.848,10.7074],"uv_size":[-0.5623,-0.4217]}}}],"name":"rot_6"},{"parent":"geyser_custom_z","pivot":[7.5,12,-0.9],"rotation":[0,0,-45],"cubes":[{"origin":[-5.3,13.4,2.1],"size":[2.8,0,3],"pivot":[7.5,12,-0.9],"uv":{"north":{"uv":[5.2697,9.1429],"uv_size":[-0.984,0]},"south":{"uv":[5.2697,9.2857],"uv_size":[-0.984,0]},"east":{"uv":[4,11.1983],"uv_size":[0,-2.0554]},"west":{"uv":[4.1429,11.1983],"uv_size":[0,-2.0554]},"up":{"uv":[6.2949,10.7074],"uv_size":[0.5623,-0.4217]},"down":{"uv":[6.848,10.7074],"uv_size":[-0.5623,-0.4217]}}}],"name":"rot_7"},{"parent":"geyser_custom_z","pivot":[7.5,12,0.9],"rotation":[0,0,-45],"cubes":[{"origin":[-5.3,13.4,-5.1],"size":[2.8,0,3],"pivot":[7.5,12,0.9],"uv":{"north":{"uv":[4.3017,9.2857],"uv_size":[0.984,0]},"south":{"uv":[4.3017,9.1429],"uv_size":[0.984,0]},"east":{"uv":[4,9.1589],"uv_size":[0,2.0554]},"west":{"uv":[4.1429,9.1589],"uv_size":[0,2.0554]},"up":{"uv":[6.2949,10.2926],"uv_size":[0.5623,0.4217]},"down":{"uv":[6.848,10.2926],"uv_size":[-0.5623,0.4217]}}}],"name":"rot_8"},{"parent":"geyser_custom_z","pivot":[-0.5354,-8.3936,0.5],"rotation":[0,0,-45],"cubes":[{"origin":[-1.6458,-9.4403,-6.1],"size":[3,0,3],"pivot":[-0.5354,-8.3936,0.5],"uv":{"north":{"uv":[5.2697,9.2857],"uv_size":[-0.984,0]},"south":{"uv":[5.2697,9.1429],"uv_size":[-0.984,0]},"east":{"uv":[4.1429,9.1589],"uv_size":[0,2.0554]},"west":{"uv":[4,9.1589],"uv_size":[0,2.0554]},"up":{"uv":[6.2949,10.7074],"uv_size":[0.5623,-0.4217]},"down":{"uv":[6.848,10.7074],"uv_size":[-0.5623,-0.4217]}}},{"origin":[-2.3529,-10.1474,-5.1],"size":[3,0,3],"pivot":[-0.5354,-8.3936,0.5],"uv":{"north":{"uv":[5.2697,9.2857],"uv_size":[-0.984,0]},"south":{"uv":[5.2697,9.1429],"uv_size":[-0.984,0]},"east":{"uv":[4.1429,9.1589],"uv_size":[0,2.0554]},"west":{"uv":[4,9.1589],"uv_size":[0,2.0554]},"up":{"uv":[6.2949,10.7074],"uv_size":[0.5623,-0.4217]},"down":{"uv":[6.848,10.7074],"uv_size":[-0.5623,-0.4217]}}},{"origin":[-0.9387,-8.7332,-7.1],"size":[3,0,3],"pivot":[-0.5354,-8.3936,0.5],"uv":{"north":{"uv":[5.2697,9.2857],"uv_size":[-0.984,0]},"south":{"uv":[5.2697,9.1429],"uv_size":[-0.984,0]},"east":{"uv":[4.1429,9.1589],"uv_size":[0,2.0554]},"west":{"uv":[4,9.1589],"uv_size":[0,2.0554]},"up":{"uv":[6.2949,10.7074],"uv_size":[0.5623,-0.4217]},"down":{"uv":[6.848,10.7074],"uv_size":[-0.5623,-0.4217]}}},{"origin":[-0.9387,-8.7332,4.1],"size":[3,0,3],"pivot":[-0.5354,-8.3936,0.5],"uv":{"north":{"uv":[4.3017,9.1429],"uv_size":[0.984,0]},"south":{"uv":[4.3017,9.2857],"uv_size":[0.984,0]},"east":{"uv":[4.1429,11.1983],"uv_size":[0,-2.0554]},"west":{"uv":[4,11.1983],"uv_size":[0,-2.0554]},"up":{"uv":[6.2949,10.2926],"uv_size":[0.5623,0.4217]},"down":{"uv":[6.848,10.2926],"uv_size":[-0.5623,0.4217]}}},{"origin":[-1.6458,-9.4403,3.1],"size":[3,0,3],"pivot":[-0.5354,-8.3936,0.5],"uv":{"north":{"uv":[4.3017,9.1429],"uv_size":[0.984,0]},"south":{"uv":[4.3017,9.2857],"uv_size":[0.984,0]},"east":{"uv":[4.1429,11.1983],"uv_size":[0,-2.0554]},"west":{"uv":[4,11.1983],"uv_size":[0,-2.0554]},"up":{"uv":[6.2949,10.2926],"uv_size":[0.5623,0.4217]},"down":{"uv":[6.848,10.2926],"uv_size":[-0.5623,0.4217]}}},{"origin":[-2.3529,-10.1474,2.1],"size":[3,0,3],"pivot":[-0.5354,-8.3936,0.5],"uv":{"north":{"uv":[4.3017,9.1429],"uv_size":[0.984,0]},"south":{"uv":[4.3017,9.2857],"uv_size":[0.984,0]},"east":{"uv":[4.1429,11.1983],"uv_size":[0,-2.0554]},"west":{"uv":[4,11.1983],"uv_size":[0,-2.0554]},"up":{"uv":[6.2949,10.2926],"uv_size":[0.5623,0.4217]},"down":{"uv":[6.848,10.2926],"uv_size":[-0.5623,0.4217]}}},{"origin":[-0.2316,-8.0261,5.1],"size":[3,0,3],"pivot":[-0.5354,-8.3936,0.5],"uv":{"north":{"uv":[4.3017,9.1429],"uv_size":[0.984,0]},"south":{"uv":[4.3017,9.2857],"uv_size":[0.984,0]},"east":{"uv":[4.1429,11.1983],"uv_size":[0,-2.0554]},"west":{"uv":[4,11.1983],"uv_size":[0,-2.0554]},"up":{"uv":[6.2949,10.2926],"uv_size":[0.5623,0.4217]},"down":{"uv":[6.848,10.2926],"uv_size":[-0.5623,0.4217]}}}],"name":"rot_9"},{"parent":"geyser_custom_z","pivot":[-8.5,-14,-2.1],"rotation":[0,0,-45],"cubes":[{"origin":[1.4,-15.3,-8.1],"size":[3,0,3],"pivot":[-8.5,-14,-2.1],"uv":{"north":{"uv":[5.2697,9.2857],"uv_size":[-0.984,0]},"south":{"uv":[5.2697,9.1429],"uv_size":[-0.984,0]},"east":{"uv":[4.1429,9.1589],"uv_size":[0,2.0554]},"west":{"uv":[4,9.1589],"uv_size":[0,2.0554]},"up":{"uv":[6.2949,10.7074],"uv_size":[0.5623,-0.4217]},"down":{"uv":[6.848,10.7074],"uv_size":[-0.5623,-0.4217]}}}],"name":"rot_10"},{"parent":"geyser_custom_z","pivot":[7.3457,27.5,5.2514],"rotation":[0,22.5,0],"cubes":[{"origin":[6.3457,-3,-12.2486],"size":[0,9,9],"pivot":[7.3457,27.5,5.2514],"uv":{"north":{"uv":[13.7143,11.4446],"uv_size":[0,1.3411]},"south":{"uv":[13.7143,11.4446],"uv_size":[0,1.3411]},"east":{"uv":[14.984,12.4446],"uv_size":[-1.2697,1.2697]},"west":{"uv":[13.7303,12.4446],"uv_size":[1.2697,1.2697]},"up":{"uv":[14.4874,11.4286],"uv_size":[-0.7731,0]},"down":{"uv":[14.4874,11.4286],"uv_size":[-0.7731,0]}}}],"name":"rot_11"},{"parent":"geyser_custom_z","pivot":[7,0,-1],"rotation":[0,-0,0],"cubes":[{"origin":[-2,-6,-8],"size":[3,7,2],"pivot":[7,0,-1],"uv":{"north":{"uv":[10.7211,9.1589],"uv_size":[0.4217,0.984]},"south":{"uv":[10.7211,9.1589],"uv_size":[0.4217,0.984]},"east":{"uv":[11.1474,9.5874],"uv_size":[0.2811,0.984]},"west":{"uv":[11.1474,9.5874],"uv_size":[0.2811,0.984]},"up":{"uv":[11.424,9.5646],"uv_size":[-0.2811,-0.4217]},"down":{"uv":[11.424,9.5646],"uv_size":[-0.2811,-0.4217]}}},{"origin":[-2,-6,5],"size":[3,7,2],"pivot":[7,0,-1],"uv":{"north":{"uv":[10.7211,9.1589],"uv_size":[0.4217,0.984]},"south":{"uv":[10.7211,9.1589],"uv_size":[0.4217,0.984]},"east":{"uv":[11.1474,9.5874],"uv_size":[0.2811,0.984]},"west":{"uv":[11.1474,9.5874],"uv_size":[0.2811,0.984]},"up":{"uv":[11.424,9.5646],"uv_size":[-0.2811,-0.4217]},"down":{"uv":[11.424,9.5646],"uv_size":[-0.2811,-0.4217]}}},{"origin":[-1,3,2],"size":[1,1,2],"pivot":[7,0,-1],"uv":{"north":{"uv":[15.712,4.1451],"uv_size":[-0.1406,0.1406]},"south":{"uv":[15.712,4.1451],"uv_size":[-0.1406,0.1406]},"east":{"uv":[15.8549,4.0046],"uv_size":[-0.1406,0.2811]},"west":{"uv":[15.8549,4.0046],"uv_size":[-0.1406,0.2811]},"up":{"uv":[15.576,4.4263],"uv_size":[0.2811,-0.1406]},"down":{"uv":[15.576,4.4263],"uv_size":[0.2811,-0.1406]}}},{"origin":[-1,2,3],"size":[1,1,2],"pivot":[7,0,-1],"uv":{"north":{"uv":[15.712,4.1451],"uv_size":[-0.1406,0.1406]},"south":{"uv":[15.712,4.1451],"uv_size":[-0.1406,0.1406]},"east":{"uv":[15.8549,4.0046],"uv_size":[-0.1406,0.2811]},"west":{"uv":[15.8549,4.0046],"uv_size":[-0.1406,0.2811]},"up":{"uv":[15.576,4.4263],"uv_size":[0.2811,-0.1406]},"down":{"uv":[15.576,4.4263],"uv_size":[0.2811,-0.1406]}}},{"origin":[-1,1,4],"size":[1,1,2],"pivot":[7,0,-1],"uv":{"north":{"uv":[15.712,4.1451],"uv_size":[-0.1406,0.1406]},"south":{"uv":[15.712,4.1451],"uv_size":[-0.1406,0.1406]},"east":{"uv":[15.8549,4.0046],"uv_size":[-0.1406,0.2811]},"west":{"uv":[15.8549,4.0046],"uv_size":[-0.1406,0.2811]},"up":{"uv":[15.576,4.4263],"uv_size":[0.2811,-0.1406]},"down":{"uv":[15.576,4.4263],"uv_size":[0.2811,-0.1406]}}},{"origin":[-0.5,-12,-10],"size":[0,19,9],"pivot":[7,0,-1],"uv":{"north":{"uv":[11.4286,0.016],"uv_size":[0,2.6983]},"south":{"uv":[11.4286,0.016],"uv_size":[0,2.6983]},"east":{"uv":[11.4446,0.016],"uv_size":[1.2697,2.6983]},"west":{"uv":[12.6983,0.016],"uv_size":[-1.2697,2.6983]},"up":{"uv":[11.4286,0.016],"uv_size":[0,1.2697]},"down":{"uv":[11.4286,1.2697],"uv_size":[0,-1.2697]}}}],"name":"rot_12"},{"parent":"geyser_custom_z","pivot":[7,0,15],"rotation":[0,-0,0],"cubes":[{"origin":[-1,1,-7],"size":[1,1,2],"pivot":[7,0,15],"uv":{"north":{"uv":[15.712,4.2834],"uv_size":[-0.1406,-0.1406]},"south":{"uv":[15.712,4.2834],"uv_size":[-0.1406,-0.1406]},"east":{"uv":[15.8549,4.2811],"uv_size":[-0.1406,-0.2811]},"west":{"uv":[15.8549,4.2811],"uv_size":[-0.1406,-0.2811]},"up":{"uv":[15.8526,4.4263],"uv_size":[-0.2811,-0.1406]},"down":{"uv":[15.8526,4.4263],"uv_size":[-0.2811,-0.1406]}}},{"origin":[-1,2,-6],"size":[1,1,2],"pivot":[7,0,15],"uv":{"north":{"uv":[15.712,4.2834],"uv_size":[-0.1406,-0.1406]},"south":{"uv":[15.712,4.2834],"uv_size":[-0.1406,-0.1406]},"east":{"uv":[15.8549,4.2811],"uv_size":[-0.1406,-0.2811]},"west":{"uv":[15.8549,4.2811],"uv_size":[-0.1406,-0.2811]},"up":{"uv":[15.8526,4.4263],"uv_size":[-0.2811,-0.1406]},"down":{"uv":[15.8526,4.4263],"uv_size":[-0.2811,-0.1406]}}},{"origin":[-1,3,-5],"size":[1,1,2],"pivot":[7,0,15],"uv":{"north":{"uv":[15.712,4.2834],"uv_size":[-0.1406,-0.1406]},"south":{"uv":[15.712,4.2834],"uv_size":[-0.1406,-0.1406]},"east":{"uv":[15.8549,4.2811],"uv_size":[-0.1406,-0.2811]},"west":{"uv":[15.8549,4.2811],"uv_size":[-0.1406,-0.2811]},"up":{"uv":[15.8526,4.4263],"uv_size":[-0.2811,-0.1406]},"down":{"uv":[15.8526,4.4263],"uv_size":[-0.2811,-0.1406]}}}],"name":"rot_13"},{"parent":"geyser_custom_z","pivot":[7,4,2],"rotation":[0,-0,0],"cubes":[{"origin":[-0.5,4,-2],"size":[0,4,5],"pivot":[7,4,2],"uv":{"north":{"uv":[6.1429,2.0806],"uv_size":[0,0.5623]},"south":{"uv":[6.1429,2.0806],"uv_size":[0,0.5623]},"east":{"uv":[6.8457,2.0806],"uv_size":[-0.7029,0.5623]},"west":{"uv":[6.1543,2.0806],"uv_size":[0.7029,0.5623]},"up":{"uv":[6.1429,2.7743],"uv_size":[0,-0.7029]},"down":{"uv":[6.1429,2.7743],"uv_size":[0,-0.7029]}}}],"name":"rot_14"},{"parent":"geyser_custom_z","pivot":[7,12,2],"rotation":[0,-0,0],"cubes":[{"origin":[-0.5,-13,-2],"size":[0,4,5],"pivot":[7,12,2],"uv":{"north":{"uv":[6.1429,2.6337],"uv_size":[0,-0.5623]},"south":{"uv":[6.1429,2.6337],"uv_size":[0,-0.5623]},"east":{"uv":[6.8457,2.6337],"uv_size":[-0.7029,-0.5623]},"west":{"uv":[6.1543,2.6337],"uv_size":[0.7029,-0.5623]},"up":{"uv":[6.1429,2.0829],"uv_size":[0,0.7029]},"down":{"uv":[6.1429,2.0829],"uv_size":[0,0.7029]}}}],"name":"rot_15"},{"parent":"geyser_custom_z","pivot":[7,16,-1],"rotation":[0,-0,0],"cubes":[{"origin":[-1,-9,2],"size":[1,1,2],"pivot":[7,16,-1],"uv":{"north":{"uv":[15.5737,4.1451],"uv_size":[0.1406,0.1406]},"south":{"uv":[15.5737,4.1451],"uv_size":[0.1406,0.1406]},"east":{"uv":[15.7166,4.0046],"uv_size":[0.1406,0.2811]},"west":{"uv":[15.7166,4.0046],"uv_size":[0.1406,0.2811]},"up":{"uv":[15.8526,4.4263],"uv_size":[-0.2811,-0.1406]},"down":{"uv":[15.8526,4.4263],"uv_size":[-0.2811,-0.1406]}}},{"origin":[-1,-8,3],"size":[1,1,2],"pivot":[7,16,-1],"uv":{"north":{"uv":[15.5737,4.1451],"uv_size":[0.1406,0.1406]},"south":{"uv":[15.5737,4.1451],"uv_size":[0.1406,0.1406]},"east":{"uv":[15.7166,4.0046],"uv_size":[0.1406,0.2811]},"west":{"uv":[15.7166,4.0046],"uv_size":[0.1406,0.2811]},"up":{"uv":[15.8526,4.4263],"uv_size":[-0.2811,-0.1406]},"down":{"uv":[15.8526,4.4263],"uv_size":[-0.2811,-0.1406]}}},{"origin":[-1,-7,4],"size":[1,1,2],"pivot":[7,16,-1],"uv":{"north":{"uv":[15.5737,4.1451],"uv_size":[0.1406,0.1406]},"south":{"uv":[15.5737,4.1451],"uv_size":[0.1406,0.1406]},"east":{"uv":[15.7166,4.0046],"uv_size":[0.1406,0.2811]},"west":{"uv":[15.7166,4.0046],"uv_size":[0.1406,0.2811]},"up":{"uv":[15.8526,4.4263],"uv_size":[-0.2811,-0.1406]},"down":{"uv":[15.8526,4.4263],"uv_size":[-0.2811,-0.1406]}}},{"origin":[-1,-10,-4],"size":[1,1,7],"pivot":[7,16,-1],"uv":{"north":{"uv":[15.8594,3.4309],"uv_size":[0.1406,0.1406]},"south":{"uv":[15.8594,3.4309],"uv_size":[0.1406,0.1406]},"east":{"uv":[15.8594,3.5874],"uv_size":[0.1406,0.984]},"west":{"uv":[15.8594,3.5874],"uv_size":[0.1406,0.984]},"up":{"uv":[14.8411,4.5691],"uv_size":[-0.984,-0.1406]},"down":{"uv":[15.8411,4.5691],"uv_size":[-0.984,-0.1406]}}},{"origin":[-1,4,-4],"size":[1,1,7],"pivot":[7,16,-1],"uv":{"north":{"uv":[15.8594,3.4309],"uv_size":[0.1406,0.1406]},"south":{"uv":[15.8594,3.4309],"uv_size":[0.1406,0.1406]},"east":{"uv":[15.8594,3.5874],"uv_size":[0.1406,0.984]},"west":{"uv":[15.8594,3.5874],"uv_size":[0.1406,0.984]},"up":{"uv":[15.8411,4.5691],"uv_size":[-0.984,-0.1406]},"down":{"uv":[14.8411,4.5691],"uv_size":[-0.984,-0.1406]}}}],"name":"rot_16"},{"parent":"geyser_custom_z","pivot":[7,16,15],"rotation":[0,-0,0],"cubes":[{"origin":[-1,-9,-5],"size":[1,1,2],"pivot":[7,16,15],"uv":{"north":{"uv":[15.5737,4.2834],"uv_size":[0.1406,-0.1406]},"south":{"uv":[15.5737,4.2834],"uv_size":[0.1406,-0.1406]},"east":{"uv":[15.7166,4.2811],"uv_size":[0.1406,-0.2811]},"west":{"uv":[15.7166,4.2811],"uv_size":[0.1406,-0.2811]},"up":{"uv":[15.576,4.4263],"uv_size":[0.2811,-0.1406]},"down":{"uv":[15.576,4.4263],"uv_size":[0.2811,-0.1406]}}},{"origin":[-1,-8,-6],"size":[1,1,2],"pivot":[7,16,15],"uv":{"north":{"uv":[15.5737,4.2834],"uv_size":[0.1406,-0.1406]},"south":{"uv":[15.5737,4.2834],"uv_size":[0.1406,-0.1406]},"east":{"uv":[15.7166,4.2811],"uv_size":[0.1406,-0.2811]},"west":{"uv":[15.7166,4.2811],"uv_size":[0.1406,-0.2811]},"up":{"uv":[15.576,4.4263],"uv_size":[0.2811,-0.1406]},"down":{"uv":[15.576,4.4263],"uv_size":[0.2811,-0.1406]}}},{"origin":[-1,-7,-7],"size":[1,1,2],"pivot":[7,16,15],"uv":{"north":{"uv":[15.5737,4.2834],"uv_size":[0.1406,-0.1406]},"south":{"uv":[15.5737,4.2834],"uv_size":[0.1406,-0.1406]},"east":{"uv":[15.7166,4.2811],"uv_size":[0.1406,-0.2811]},"west":{"uv":[15.7166,4.2811],"uv_size":[0.1406,-0.2811]},"up":{"uv":[15.576,4.4263],"uv_size":[0.2811,-0.1406]},"down":{"uv":[15.576,4.4263],"uv_size":[0.2811,-0.1406]}}}],"name":"rot_17"},{"parent":"geyser_custom_z","pivot":[-9.3456,27.5,5.2514],"rotation":[0,-22.5,0],"cubes":[{"origin":[-7.3456,-3,-12.2486],"size":[0,9,9],"pivot":[-9.3456,27.5,5.2514],"uv":{"north":{"uv":[13.7143,11.4446],"uv_size":[0,1.3411]},"south":{"uv":[13.7143,11.4446],"uv_size":[0,1.3411]},"east":{"uv":[14.984,12.4446],"uv_size":[-1.2697,1.2697]},"west":{"uv":[13.7303,12.4446],"uv_size":[1.2697,1.2697]},"up":{"uv":[14.4874,11.4286],"uv_size":[-0.7731,0]},"down":{"uv":[14.4874,11.4286],"uv_size":[-0.7731,0]}}}],"name":"rot_18"},{"parent":"geyser_custom_z","pivot":[7.5,-14,-2.1],"rotation":[0,0,45],"cubes":[{"origin":[-5.3,-15.4,-8.1],"size":[2.8,0,3],"pivot":[7.5,-14,-2.1],"uv":{"north":{"uv":[4.3017,9.2857],"uv_size":[0.984,0]},"south":{"uv":[4.3017,9.1429],"uv_size":[0.984,0]},"east":{"uv":[4,9.1589],"uv_size":[0,2.0554]},"west":{"uv":[4.1429,9.1589],"uv_size":[0,2.0554]},"up":{"uv":[6.848,10.7074],"uv_size":[-0.5623,-0.4217]},"down":{"uv":[6.2949,10.7074],"uv_size":[0.5623,-0.4217]}}}],"name":"rot_19"},{"parent":"geyser_custom_z","pivot":[-0.5354,-8.3936,0.5],"rotation":[0,0,45],"cubes":[{"origin":[-2.275,-9.4903,-6.1],"size":[2.8,0,3],"pivot":[-0.5354,-8.3936,0.5],"uv":{"north":{"uv":[4.3017,9.2857],"uv_size":[0.984,0]},"south":{"uv":[4.3017,9.1429],"uv_size":[0.984,0]},"east":{"uv":[4,9.1589],"uv_size":[0,2.0554]},"west":{"uv":[4.1429,9.1589],"uv_size":[0,2.0554]},"up":{"uv":[6.848,10.7074],"uv_size":[-0.5623,-0.4217]},"down":{"uv":[6.2949,10.7074],"uv_size":[0.5623,-0.4217]}}},{"origin":[-1.5678,-10.1974,-5.1],"size":[2.8,0,3],"pivot":[-0.5354,-8.3936,0.5],"uv":{"north":{"uv":[4.3017,9.2857],"uv_size":[0.984,0]},"south":{"uv":[4.3017,9.1429],"uv_size":[0.984,0]},"east":{"uv":[4,9.1589],"uv_size":[0,2.0554]},"west":{"uv":[4.1429,9.1589],"uv_size":[0,2.0554]},"up":{"uv":[6.848,10.7074],"uv_size":[-0.5623,-0.4217]},"down":{"uv":[6.2949,10.7074],"uv_size":[0.5623,-0.4217]}}},{"origin":[-2.982,-8.7832,-7.1],"size":[2.8,0,3],"pivot":[-0.5354,-8.3936,0.5],"uv":{"north":{"uv":[4.3017,9.2857],"uv_size":[0.984,0]},"south":{"uv":[4.3017,9.1429],"uv_size":[0.984,0]},"east":{"uv":[4,9.1589],"uv_size":[0,2.0554]},"west":{"uv":[4.1429,9.1589],"uv_size":[0,2.0554]},"up":{"uv":[6.848,10.7074],"uv_size":[-0.5623,-0.4217]},"down":{"uv":[6.2949,10.7074],"uv_size":[0.5623,-0.4217]}}},{"origin":[-2.982,-8.7832,4.1],"size":[2.8,0,3],"pivot":[-0.5354,-8.3936,0.5],"uv":{"north":{"uv":[5.2697,9.1429],"uv_size":[-0.984,0]},"south":{"uv":[5.2697,9.2857],"uv_size":[-0.984,0]},"east":{"uv":[4,11.1983],"uv_size":[0,-2.0554]},"west":{"uv":[4.1429,11.1983],"uv_size":[0,-2.0554]},"up":{"uv":[6.848,10.2926],"uv_size":[-0.5623,0.4217]},"down":{"uv":[6.2949,10.2926],"uv_size":[0.5623,0.4217]}}},{"origin":[-3.6892,-8.0761,5.1],"size":[2.8,0,3],"pivot":[-0.5354,-8.3936,0.5],"uv":{"north":{"uv":[5.2697,9.1429],"uv_size":[-0.984,0]},"south":{"uv":[5.2697,9.2857],"uv_size":[-0.984,0]},"east":{"uv":[4,11.1983],"uv_size":[0,-2.0554]},"west":{"uv":[4.1429,11.1983],"uv_size":[0,-2.0554]},"up":{"uv":[6.848,10.2926],"uv_size":[-0.5623,0.4217]},"down":{"uv":[6.2949,10.2926],"uv_size":[0.5623,0.4217]}}},{"origin":[-1.5678,-10.1974,2.1],"size":[2.8,0,3],"pivot":[-0.5354,-8.3936,0.5],"uv":{"north":{"uv":[5.2697,9.1429],"uv_size":[-0.984,0]},"south":{"uv":[5.2697,9.2857],"uv_size":[-0.984,0]},"east":{"uv":[4,11.1983],"uv_size":[0,-2.0554]},"west":{"uv":[4.1429,11.1983],"uv_size":[0,-2.0554]},"up":{"uv":[6.848,10.2926],"uv_size":[-0.5623,0.4217]},"down":{"uv":[6.2949,10.2926],"uv_size":[0.5623,0.4217]}}},{"origin":[-2.275,-9.4903,3.1],"size":[2.8,0,3],"pivot":[-0.5354,-8.3936,0.5],"uv":{"north":{"uv":[5.2697,9.1429],"uv_size":[-0.984,0]},"south":{"uv":[5.2697,9.2857],"uv_size":[-0.984,0]},"east":{"uv":[4,11.1983],"uv_size":[0,-2.0554]},"west":{"uv":[4.1429,11.1983],"uv_size":[0,-2.0554]},"up":{"uv":[6.848,10.2926],"uv_size":[-0.5623,0.4217]},"down":{"uv":[6.2949,10.2926],"uv_size":[0.5623,0.4217]}}}],"name":"rot_20"},{"parent":"geyser_custom_z","pivot":[-8.5,9,-2.1],"rotation":[0,0,45],"cubes":[{"origin":[1.4,10.3,-8.1],"size":[3,0,3],"pivot":[-8.5,9,-2.1],"uv":{"north":{"uv":[5.2697,9.2857],"uv_size":[-0.984,0]},"south":{"uv":[5.2697,9.1429],"uv_size":[-0.984,0]},"east":{"uv":[4.1429,9.1589],"uv_size":[0,2.0554]},"west":{"uv":[4,9.1589],"uv_size":[0,2.0554]},"up":{"uv":[6.848,10.2926],"uv_size":[-0.5623,0.4217]},"down":{"uv":[6.2949,10.2926],"uv_size":[0.5623,0.4217]}}}],"name":"rot_21"},{"parent":"geyser_custom_z","pivot":[-8.5,9,2.1],"rotation":[0,0,45],"cubes":[{"origin":[1.4,10.3,5.1],"size":[3,0,3],"pivot":[-8.5,9,2.1],"uv":{"north":{"uv":[4.3017,9.1429],"uv_size":[0.984,0]},"south":{"uv":[4.3017,9.2857],"uv_size":[0.984,0]},"east":{"uv":[4.1429,11.1983],"uv_size":[0,-2.0554]},"west":{"uv":[4,11.1983],"uv_size":[0,-2.0554]},"up":{"uv":[6.848,10.7074],"uv_size":[-0.5623,-0.4217]},"down":{"uv":[6.2949,10.7074],"uv_size":[0.5623,-0.4217]}}}],"name":"rot_22"},{"parent":"geyser_custom_z","pivot":[-8.5,10,-1.1],"rotation":[0,0,45],"cubes":[{"origin":[1.4,11.3,-7.1],"size":[3,0,3],"pivot":[-8.5,10,-1.1],"uv":{"north":{"uv":[5.2697,9.2857],"uv_size":[-0.984,0]},"south":{"uv":[5.2697,9.1429],"uv_size":[-0.984,0]},"east":{"uv":[4.1429,9.1589],"uv_size":[0,2.0554]},"west":{"uv":[4,9.1589],"uv_size":[0,2.0554]},"up":{"uv":[6.848,10.2926],"uv_size":[-0.5623,0.4217]},"down":{"uv":[6.2949,10.2926],"uv_size":[0.5623,0.4217]}}}],"name":"rot_23"},{"parent":"geyser_custom_z","pivot":[-8.5,10,1.1],"rotation":[0,0,45],"cubes":[{"origin":[1.4,11.3,4.1],"size":[3,0,3],"pivot":[-8.5,10,1.1],"uv":{"north":{"uv":[4.3017,9.1429],"uv_size":[0.984,0]},"south":{"uv":[4.3017,9.2857],"uv_size":[0.984,0]},"east":{"uv":[4.1429,11.1983],"uv_size":[0,-2.0554]},"west":{"uv":[4,11.1983],"uv_size":[0,-2.0554]},"up":{"uv":[6.848,10.7074],"uv_size":[-0.5623,-0.4217]},"down":{"uv":[6.2949,10.7074],"uv_size":[0.5623,-0.4217]}}}],"name":"rot_24"},{"parent":"geyser_custom_z","pivot":[-8.5,11,-0.1],"rotation":[0,0,45],"cubes":[{"origin":[1.4,12.3,-6.1],"size":[3,0,3],"pivot":[-8.5,11,-0.1],"uv":{"north":{"uv":[5.2697,9.2857],"uv_size":[-0.984,0]},"south":{"uv":[5.2697,9.1429],"uv_size":[-0.984,0]},"east":{"uv":[4.1429,9.1589],"uv_size":[0,2.0554]},"west":{"uv":[4,9.1589],"uv_size":[0,2.0554]},"up":{"uv":[6.848,10.2926],"uv_size":[-0.5623,0.4217]},"down":{"uv":[6.2949,10.2926],"uv_size":[0.5623,0.4217]}}}],"name":"rot_25"},{"parent":"geyser_custom_z","pivot":[-8.5,11,0.1],"rotation":[0,0,45],"cubes":[{"origin":[1.4,12.3,3.1],"size":[3,0,3],"pivot":[-8.5,11,0.1],"uv":{"north":{"uv":[4.3017,9.1429],"uv_size":[0.984,0]},"south":{"uv":[4.3017,9.2857],"uv_size":[0.984,0]},"east":{"uv":[4.1429,11.1983],"uv_size":[0,-2.0554]},"west":{"uv":[4,11.1983],"uv_size":[0,-2.0554]},"up":{"uv":[6.848,10.7074],"uv_size":[-0.5623,-0.4217]},"down":{"uv":[6.2949,10.7074],"uv_size":[0.5623,-0.4217]}}}],"name":"rot_26"},{"parent":"geyser_custom_z","pivot":[-8.5,12,-0.9],"rotation":[0,0,45],"cubes":[{"origin":[1.4,13.3,2.1],"size":[3,0,3],"pivot":[-8.5,12,-0.9],"uv":{"north":{"uv":[4.3017,9.1429],"uv_size":[0.984,0]},"south":{"uv":[4.3017,9.2857],"uv_size":[0.984,0]},"east":{"uv":[4.1429,11.1983],"uv_size":[0,-2.0554]},"west":{"uv":[4,11.1983],"uv_size":[0,-2.0554]},"up":{"uv":[6.848,10.7074],"uv_size":[-0.5623,-0.4217]},"down":{"uv":[6.2949,10.7074],"uv_size":[0.5623,-0.4217]}}}],"name":"rot_27"},{"parent":"geyser_custom_z","pivot":[-8.5,12,0.9],"rotation":[0,0,45],"cubes":[{"origin":[1.4,13.3,-5.1],"size":[3,0,3],"pivot":[-8.5,12,0.9],"uv":{"north":{"uv":[5.2697,9.2857],"uv_size":[-0.984,0]},"south":{"uv":[5.2697,9.1429],"uv_size":[-0.984,0]},"east":{"uv":[4.1429,9.1589],"uv_size":[0,2.0554]},"west":{"uv":[4,9.1589],"uv_size":[0,2.0554]},"up":{"uv":[6.848,10.2926],"uv_size":[-0.5623,0.4217]},"down":{"uv":[6.2949,10.2926],"uv_size":[0.5623,0.4217]}}}],"name":"rot_28"}]}]}
