{"format_version":"1.16.0","minecraft:geometry":[{"description":{"identifier":"geometry.geyser_custom.geo_0e4aad0","texture_width":16,"texture_height":16,"visible_bounds_width":4,"visible_bounds_height":4.5,"visible_bounds_offset":[0,0.75,0]},"bones":[{"name":"geyser_custom","binding":"c.item_slot == 'head' ? 'head' : q.item_slot_to_bone_name(c.item_slot)","pivot":[0,8,0]},{"name":"geyser_custom_x","parent":"geyser_custom","pivot":[0,8,0]},{"name":"geyser_custom_y","parent":"geyser_custom_x","pivot":[0,8,0]},{"name":"geyser_custom_z","parent":"geyser_custom_y","pivot":[0,8,0],"cubes":[{"origin":[-3,-7,-7.1],"size":[6,9,0],"uv":{"north":{"uv":[10.5851,5.8731],"uv_size":[0.8434,1.2697]},"south":{"uv":[10.5851,5.8731],"uv_size":[0.8434,1.2697]},"east":{"uv":[10.5714,5.8731],"uv_size":[0,1.2697]},"west":{"uv":[10.5714,5.8731],"uv_size":[0,1.2697]},"up":{"uv":[7.7006,4.5714],"uv_size":[-0.8434,0]},"down":{"uv":[7.7006,4.5714],"uv_size":[-0.8434,0]}}}]},{"parent":"geyser_custom_z","pivot":[-0.05,-9,10],"rotation":[45,0,0],"cubes":[{"origin":[-1.3,-11.4,8.6],"size":[2.5,2,2.6],"pivot":[-0.05,-9,10],"uv":{"north":{"uv":[5.5783,9.5046],"uv_size":[0.4217,0.2811]},"south":{"uv":[6.2926,9.576],"uv_size":[0.4217,0.2811]},"east":{"uv":[6.8526,9.864],"uv_size":[-0.2811,0.4217]},"west":{"uv":[6.576,9.864],"uv_size":[0.2811,0.4217]},"up":{"uv":[5.9931,10.28],"uv_size":[-0.4217,-0.3514]},"down":{"uv":[5.9931,10.28],"uv_size":[-0.4217,-0.3514]}}}],"name":"rot_1"},{"parent":"geyser_custom_z","pivot":[11.0424,-8.1697,-5.9401],"rotation":[0,45,0],"cubes":[{"origin":[4.8291,-9.9122,-2.9418],"size":[3.4,3.57,3.4],"pivot":[11.0424,-8.1697,-5.9401],"uv":{"north":{"uv":[12.4206,4.5794],"uv_size":[-0.492,0.492]},"south":{"uv":[12.4206,5.0794],"uv_size":[-0.492,0.492]},"east":{"uv":[11.9206,5.0634],"uv_size":[-0.492,-0.492]},"west":{"uv":[11.9206,5.0634],"uv_size":[-0.492,-0.492]},"up":{"uv":[11.4366,5.0794],"uv_size":[0.492,0.492]},"down":{"uv":[11.9206,5.0794],"uv_size":[-0.492,0.492]}}},{"origin":[14.9195,-8.7222,-11.6722],"size":[2.55,1.02,2.72],"pivot":[11.0424,-8.1697,-5.9401],"uv":{"north":{"uv":[4.712,4.5657],"uv_size":[-0.1406,-0.3514]},"south":{"uv":[4.212,4.5657],"uv_size":[-0.1406,-0.3514]},"east":{"uv":[4.22,4.0737],"uv_size":[0.3514,0.1406]},"west":{"uv":[4.22,4.0737],"uv_size":[0.3514,0.1406]},"up":{"uv":[4.22,4.5657],"uv_size":[0.3514,-0.3514]},"down":{"uv":[4.5657,4.5657],"uv_size":[-0.3514,-0.3514]}}}],"name":"rot_2"},{"parent":"geyser_custom_z","pivot":[-1.5,21.5,-2],"rotation":[0,45,0],"cubes":[{"origin":[0.5,-10,-15.5],"size":[0,9,9],"pivot":[-1.5,21.5,-2],"uv":{"north":{"uv":[13.7143,11.4394],"uv_size":[0,0.6677]},"south":{"uv":[13.7143,11.4394],"uv_size":[0,0.6677]},"east":{"uv":[13.7303,12.4446],"uv_size":[1.2697,1.2697]},"west":{"uv":[14.984,12.4446],"uv_size":[-1.2697,1.2697]},"up":{"uv":[14.1009,11.4286],"uv_size":[-0.3866,0]},"down":{"uv":[14.1009,11.4286],"uv_size":[-0.3866,0]}}}],"name":"rot_3"},{"parent":"geyser_custom_z","pivot":[13,2.5,-16],"rotation":[0,0,-45],"cubes":[{"origin":[1.7,2.5,-8.9],"size":[5.3,1,1.8],"pivot":[13,2.5,-16],"uv":{"north":{"uv":[9.8686,13.712],"uv_size":[0.7029,-0.1406]},"south":{"uv":[9.8686,13.712],"uv_size":[0.7029,-0.1406]},"east":{"uv":[9.8617,13.5691],"uv_size":[0.2811,-0.1406]},"west":{"uv":[9.8617,13.5691],"uv_size":[0.2811,-0.1406]},"up":{"uv":[9.8457,13.4331],"uv_size":[-0.7029,0.2811]},"down":{"uv":[9.8457,13.4331],"uv_size":[-0.7029,0.2811]}}},{"origin":[1.7,6.7,-8.9],"size":[5.3,1,1.8],"pivot":[13,2.5,-16],"uv":{"north":{"uv":[9.8686,13.712],"uv_size":[0.7029,-0.1406]},"south":{"uv":[9.8686,13.712],"uv_size":[0.7029,-0.1406]},"east":{"uv":[9.8617,13.5691],"uv_size":[0.2811,-0.1406]},"west":{"uv":[9.8617,13.5691],"uv_size":[0.2811,-0.1406]},"up":{"uv":[9.8457,13.4331],"uv_size":[-0.7029,0.2811]},"down":{"uv":[9.8457,13.4331],"uv_size":[-0.7029,0.2811]}}}],"name":"rot_4"},{"parent":"geyser_custom_z","pivot":[3,2.5,-16],"rotation":[0,0,-45],"cubes":[{"origin":[-8.3,2.5,-9],"size":[5.3,1,2],"pivot":[3,2.5,-16],"uv":{"north":{"uv":[9.8686,13.712],"uv_size":[0.7029,-0.1406]},"south":{"uv":[9.8686,13.712],"uv_size":[0.7029,-0.1406]},"east":{"uv":[9.8617,13.5691],"uv_size":[0.2811,-0.1406]},"west":{"uv":[9.8617,13.5691],"uv_size":[0.2811,-0.1406]},"up":{"uv":[9.8457,13.4331],"uv_size":[-0.7029,0.2811]},"down":{"uv":[9.8457,13.4331],"uv_size":[-0.7029,0.2811]}}}],"name":"rot_5"},{"parent":"geyser_custom_z","pivot":[1.5,-4.5,-8],"rotation":[0,0,-45],"cubes":[{"origin":[2,-4.1,-8],"size":[1,2,1],"pivot":[1.5,-4.5,-8],"uv":{"north":{"uv":[8.5737,8.8617],"uv_size":[0.1406,0.2811]},"south":{"uv":[8.5737,8.8617],"uv_size":[0.1406,0.2811]},"east":{"uv":[8.4309,8.8617],"uv_size":[0.1406,0.2811]},"west":{"uv":[8.4309,8.8617],"uv_size":[0.1406,0.2811]},"up":{"uv":[8.4263,8.8549],"uv_size":[-0.1406,-0.1406]},"down":{"uv":[8.4263,8.8549],"uv_size":[-0.1406,-0.1406]}}}],"name":"rot_6"},{"parent":"geyser_custom_z","pivot":[-1.5,-4.5,-8],"rotation":[0,0,-45],"cubes":[{"origin":[-3,-6.9,-8],"size":[1,2,1],"pivot":[-1.5,-4.5,-8],"uv":{"north":{"uv":[8.712,9.1383],"uv_size":[-0.1406,-0.2811]},"south":{"uv":[8.712,9.1383],"uv_size":[-0.1406,-0.2811]},"east":{"uv":[8.5691,9.1383],"uv_size":[-0.1406,-0.2811]},"west":{"uv":[8.5691,9.1383],"uv_size":[-0.1406,-0.2811]},"up":{"uv":[8.288,8.7166],"uv_size":[0.1406,0.1406]},"down":{"uv":[8.288,8.7166],"uv_size":[0.1406,0.1406]}}}],"name":"rot_7"},{"parent":"geyser_custom_z","pivot":[-9.1529,0.3236,-5.75],"rotation":[0,0,-45],"cubes":[{"origin":[-7.4786,-3.2669,-6.6],"size":[2,2,2.1],"pivot":[-9.1529,0.3236,-5.75],"uv":{"north":{"uv":[8.076,7.0046],"uv_size":[0.2811,0.2811]},"south":{"uv":[8.076,7.2811],"uv_size":[0.2811,-0.2811]},"east":{"uv":[7.4905,7.2811],"uv_size":[0.2952,-0.2811]},"west":{"uv":[7.4905,7.2811],"uv_size":[0.2952,-0.2811]},"up":{"uv":[8.0669,7.0046],"uv_size":[-0.2811,0.2811]},"down":{"uv":[8.0669,7.0046],"uv_size":[-0.2811,0.2811]}}},{"origin":[-12.3141,2.9687,-5.8],"size":[1.6,1.5,0.6],"pivot":[-9.1529,0.3236,-5.75],"uv":{"north":{"uv":[9.1463,6.2177],"uv_size":[0.2109,0.2109]},"south":{"uv":[9.1463,6.4251],"uv_size":[0.2109,-0.2109]},"east":{"uv":[9.3583,6.4251],"uv_size":[0.0703,-0.2109]},"west":{"uv":[9.3583,6.4251],"uv_size":[0.0703,-0.2109]},"up":{"uv":[9.3537,6.144],"uv_size":[-0.2109,0.0703]},"down":{"uv":[9.3537,6.144],"uv_size":[-0.2109,0.0703]}}}],"name":"rot_8"},{"parent":"geyser_custom_z","pivot":[-13,-6,-16],"rotation":[0,0,-45],"cubes":[{"origin":[-7,-7,-9],"size":[5.3,1,2],"pivot":[-13,-6,-16],"uv":{"north":{"uv":[10.56,13.5737],"uv_size":[-0.7029,0.1406]},"south":{"uv":[10.56,13.5737],"uv_size":[-0.7029,0.1406]},"east":{"uv":[10.1383,13.4309],"uv_size":[-0.2811,0.1406]},"west":{"uv":[10.1383,13.4309],"uv_size":[-0.2811,0.1406]},"up":{"uv":[9.1543,13.7097],"uv_size":[0.7029,-0.2811]},"down":{"uv":[9.1543,13.7097],"uv_size":[0.7029,-0.2811]}}}],"name":"rot_9"},{"parent":"geyser_custom_z","pivot":[0,-1.5,13],"rotation":[22.5,0,0],"cubes":[{"origin":[0,-3,10],"size":[0,5,4],"pivot":[0,-1.5,13],"uv":{"north":{"uv":[6.1429,2.0829],"uv_size":[0,0.7029]},"south":{"uv":[6.1429,2.0829],"uv_size":[0,0.7029]},"east":{"uv":[6.8457,2.0806],"uv_size":[-0.7029,0.5623]},"west":{"uv":[6.1543,2.0806],"uv_size":[0.7029,0.5623]},"up":{"uv":[6.1429,2.6337],"uv_size":[0,-0.5623]},"down":{"uv":[6.1429,2.6337],"uv_size":[0,-0.5623]}}}],"name":"rot_10"},{"parent":"geyser_custom_z","pivot":[0,5.5,4.5],"rotation":[22.5,0,0],"cubes":[{"origin":[-1.9,-5.5,4.5],"size":[3.7,5,3],"pivot":[0,5.5,4.5],"uv":{"north":{"uv":[5.5366,9.1543],"uv_size":[0.492,0.7029]},"south":{"uv":[6.2234,9.1543],"uv_size":[0.5623,0.7029]},"east":{"uv":[6.8457,9.864],"uv_size":[-0.7029,0.4217]},"west":{"uv":[6.1543,9.864],"uv_size":[0.7029,0.4217]},"up":{"uv":[6.0206,10.2789],"uv_size":[-0.492,-0.4217]},"down":{"uv":[6.0206,10.2789],"uv_size":[-0.492,-0.4217]}}}],"name":"rot_11"},{"parent":"geyser_custom_z","pivot":[-0.05,-9,10],"rotation":[22.5,0,0],"cubes":[{"origin":[-1.5,-9.9,8.9],"size":[2.9,2,2.7],"pivot":[-0.05,-9,10],"uv":{"north":{"uv":[5.5783,9.5046],"uv_size":[0.4217,0.2811]},"south":{"uv":[6.2926,9.576],"uv_size":[0.4217,0.2811]},"east":{"uv":[6.8526,9.864],"uv_size":[-0.2811,0.4217]},"west":{"uv":[6.576,9.864],"uv_size":[0.2811,0.4217]},"up":{"uv":[5.9931,10.28],"uv_size":[-0.4217,-0.3514]},"down":{"uv":[5.9931,10.28],"uv_size":[-0.4217,-0.3514]}}}],"name":"rot_12"},{"parent":"geyser_custom_z","pivot":[-0.5,-8,17],"rotation":[22.5,0,0],"cubes":[{"origin":[-4.4,-10,13],"size":[8,0,9],"pivot":[-0.5,-8,17],"uv":{"north":{"uv":[2.3017,4.5714],"uv_size":[1.2697,0]},"south":{"uv":[2.3017,4.5714],"uv_size":[1.2697,0]},"east":{"uv":[2.3017,4.5714],"uv_size":[1.2697,0]},"west":{"uv":[2.3017,4.5714],"uv_size":[1.2697,0]},"up":{"uv":[3.5554,5.8411],"uv_size":[-1.1269,-1.2697]},"down":{"uv":[3.5554,4.5874],"uv_size":[-1.1269,1.2697]}}}],"name":"rot_13"},{"parent":"geyser_custom_z","pivot":[11.0424,-8.1697,-5.9401],"rotation":[0,22.5,0],"cubes":[{"origin":[8.6935,-9.4022,-5.4136],"size":[3.4,2.55,3.4],"pivot":[11.0424,-8.1697,-5.9401],"uv":{"north":{"uv":[4.992,3.0657],"uv_size":[-0.492,-0.3514]},"south":{"uv":[4.992,3.0657],"uv_size":[-0.492,-0.3514]},"east":{"uv":[5.008,2.6486],"uv_size":[0.492,0.3514]},"west":{"uv":[4.008,2.4343],"uv_size":[0.492,0.3514]},"up":{"uv":[4.992,3.0794],"uv_size":[-0.492,0.492]},"down":{"uv":[4.992,3.5634],"uv_size":[-0.492,-0.492]}}},{"origin":[4.4435,-10.0822,-0.9936],"size":[3.4,3.91,3.4],"pivot":[11.0424,-8.1697,-5.9401],"uv":{"north":{"uv":[12.4909,6.5634],"uv_size":[-0.5623,-0.492]},"south":{"uv":[12.5623,6.0634],"uv_size":[-0.5623,-0.492]},"east":{"uv":[11.4377,5.5794],"uv_size":[0.5623,0.492]},"west":{"uv":[11.4377,5.5794],"uv_size":[0.5623,0.492]},"up":{"uv":[11.4366,6.5634],"uv_size":[0.492,-0.492]},"down":{"uv":[11.9206,6.5634],"uv_size":[-0.492,-0.492]}}},{"origin":[14.6663,-8.5522,-13.7766],"size":[2.55,0.68,2.38],"pivot":[11.0424,-8.1697,-5.9401],"uv":{"north":{"uv":[5.1417,4.2086],"uv_size":[-0.0703,-0.3514]},"south":{"uv":[5.1417,3.8514],"uv_size":[-0.0703,-0.3514]},"east":{"uv":[5.0726,4.22],"uv_size":[0.0703,0.3514]},"west":{"uv":[5.0726,4.22],"uv_size":[0.0703,0.3514]},"up":{"uv":[5.0657,4.5657],"uv_size":[-0.3514,-0.3514]},"down":{"uv":[5.0657,4.5657],"uv_size":[-0.3514,-0.3514]}}}],"name":"rot_14"},{"parent":"geyser_custom_z","pivot":[8,0,-8],"rotation":[0,22.5,0],"cubes":[{"origin":[5,-6,-1],"size":[0,11,12],"pivot":[8,0,-8],"uv":{"north":{"uv":[2.2857,9.1589],"uv_size":[0,1.5554]},"south":{"uv":[2.2857,9.1589],"uv_size":[0,1.5554]},"east":{"uv":[3.984,9.1589],"uv_size":[-1.6983,1.5554]},"west":{"uv":[2.3017,9.1589],"uv_size":[1.6983,1.5554]},"up":{"uv":[2.2857,9.1589],"uv_size":[0,1.6983]},"down":{"uv":[2.2857,10.8411],"uv_size":[0,-1.6983]}}},{"origin":[5,-6,-1],"size":[0,11,12],"pivot":[8,0,-8],"uv":{"north":{"uv":[2.2857,9.1589],"uv_size":[0,1.5554]},"south":{"uv":[2.2857,9.1589],"uv_size":[0,1.5554]},"east":{"uv":[3.984,9.1589],"uv_size":[-1.6983,1.5554]},"west":{"uv":[2.3017,9.1589],"uv_size":[1.6983,1.5554]},"up":{"uv":[2.2857,9.1589],"uv_size":[0,1.6983]},"down":{"uv":[2.2857,10.8411],"uv_size":[0,-1.6983]}}}],"name":"rot_15"},{"parent":"geyser_custom_z","pivot":[-11.0424,-8.1697,-5.9401],"rotation":[0,22.5,0],"cubes":[{"origin":[-10.3938,-8.8922,-11.7307],"size":[3.06,1.36,1.7],"pivot":[-11.0424,-8.1697,-5.9401],"uv":{"north":{"uv":[5.0646,3.9966],"uv_size":[-0.4217,-0.2109]},"south":{"uv":[5.0646,3.9966],"uv_size":[-0.4217,-0.2109]},"east":{"uv":[4.7177,3.5749],"uv_size":[0.2109,0.2109]},"west":{"uv":[4.5034,3.5749],"uv_size":[0.2109,0.2109]},"up":{"uv":[4.6497,4.2109],"uv_size":[0.4217,-0.2109]},"down":{"uv":[4.6497,4.2109],"uv_size":[0.4217,-0.2109]}}}],"name":"rot_16"},{"parent":"geyser_custom_z","pivot":[9.1529,0.3236,-5.75],"rotation":[0,0,-22.5],"cubes":[{"origin":[10.8528,-1.6158,-5.9],"size":[2,1.8,0.8],"pivot":[9.1529,0.3236,-5.75],"uv":{"north":{"uv":[9.147,6.7097],"uv_size":[0.253,-0.2811]},"south":{"uv":[9.3959,6.7097],"uv_size":[-0.253,-0.2811]},"east":{"uv":[9.1383,6.4263],"uv_size":[-0.2811,-0.1406]},"west":{"uv":[9.1383,6.4263],"uv_size":[-0.2811,-0.1406]},"up":{"uv":[8.576,6.288],"uv_size":[0.2811,0.1406]},"down":{"uv":[8.576,6.288],"uv_size":[0.2811,0.1406]}}}],"name":"rot_17"},{"parent":"geyser_custom_z","pivot":[7.5,25,-5.5],"rotation":[0,0,-22.5],"cubes":[{"origin":[-5.3,-3.9,-7.1],"size":[3,2,3.4],"pivot":[7.5,25,-5.5],"uv":{"north":{"uv":[8.1497,4.0669],"uv_size":[0.4217,-0.2811]},"south":{"uv":[8.1497,4.0669],"uv_size":[0.4217,-0.2811]},"east":{"uv":[8.1383,4.0794],"uv_size":[-0.2811,0.492]},"west":{"uv":[8.1383,4.0794],"uv_size":[-0.2811,0.492]},"up":{"uv":[8.1497,4.5634],"uv_size":[0.4217,-0.492]},"down":{"uv":[8.1497,4.5634],"uv_size":[0.4217,-0.492]}}}],"name":"rot_18"},{"parent":"geyser_custom_z","pivot":[7.5,25,5.5],"rotation":[0,0,-22.5],"cubes":[{"origin":[-5.3,-3.9,3.7],"size":[3,2,3.4],"pivot":[7.5,25,5.5],"uv":{"north":{"uv":[8.5646,4.0669],"uv_size":[-0.4217,-0.2811]},"south":{"uv":[8.5646,4.0669],"uv_size":[-0.4217,-0.2811]},"east":{"uv":[8.1383,4.5634],"uv_size":[-0.2811,-0.492]},"west":{"uv":[8.1383,4.5634],"uv_size":[-0.2811,-0.492]},"up":{"uv":[8.1497,4.0794],"uv_size":[0.4217,0.492]},"down":{"uv":[8.1497,4.0794],"uv_size":[0.4217,0.492]}}}],"name":"rot_19"},{"parent":"geyser_custom_z","pivot":[-7.5,-9,-5.5],"rotation":[0,0,-22.5],"cubes":[{"origin":[-10,-11.6,-7.1],"size":[3,2,3.4],"pivot":[-7.5,-9,-5.5],"uv":{"north":{"uv":[8.5646,4.0669],"uv_size":[-0.4217,-0.2811]},"south":{"uv":[8.5646,4.0669],"uv_size":[-0.4217,-0.2811]},"east":{"uv":[8.1383,4.5634],"uv_size":[-0.2811,-0.492]},"west":{"uv":[8.1383,4.5634],"uv_size":[-0.2811,-0.492]},"up":{"uv":[8.5646,4.5634],"uv_size":[-0.4217,-0.492]},"down":{"uv":[8.5646,4.5634],"uv_size":[-0.4217,-0.492]}}}],"name":"rot_20"},{"parent":"geyser_custom_z","pivot":[-7.5,-9,5.5],"rotation":[0,0,-22.5],"cubes":[{"origin":[-10,-11.6,3.7],"size":[3,2,3.4],"pivot":[-7.5,-9,5.5],"uv":{"north":{"uv":[8.1497,4.0669],"uv_size":[0.4217,-0.2811]},"south":{"uv":[8.1497,4.0669],"uv_size":[0.4217,-0.2811]},"east":{"uv":[8.1383,4.0794],"uv_size":[-0.2811,0.492]},"west":{"uv":[8.1383,4.0794],"uv_size":[-0.2811,0.492]},"up":{"uv":[8.5646,4.0794],"uv_size":[-0.4217,0.492]},"down":{"uv":[8.5646,4.0794],"uv_size":[-0.4217,0.492]}}}],"name":"rot_21"},{"parent":"geyser_custom_z","pivot":[-9.1529,0.3236,-5.75],"rotation":[0,0,-22.5],"cubes":[{"origin":[-11.7504,0.1672,-6.3],"size":[2,2,1.5],"pivot":[-9.1529,0.3236,-5.75],"uv":{"north":{"uv":[8.7189,7.0046],"uv_size":[0.2811,0.2811]},"south":{"uv":[8.9954,7.0046],"uv_size":[-0.2811,0.2811]},"east":{"uv":[8.7097,7.0034],"uv_size":[-0.2811,0.2109]},"west":{"uv":[8.7097,7.0034],"uv_size":[-0.2811,0.2109]},"up":{"uv":[8.8963,6.7097],"uv_size":[0.2109,-0.2811]},"down":{"uv":[8.8963,6.7097],"uv_size":[0.2109,-0.2811]}}},{"origin":[-6.3504,-3.5328,-6.7],"size":[2,2,2.3],"pivot":[-9.1529,0.3236,-5.75],"uv":{"north":{"uv":[9.5311,6.7097],"uv_size":[-0.2811,-0.2811]},"south":{"uv":[9.2546,6.7097],"uv_size":[0.2811,-0.2811]},"east":{"uv":[9.5053,6.7097],"uv_size":[0.3233,-0.2811]},"west":{"uv":[9.5053,6.7097],"uv_size":[0.3233,-0.2811]},"up":{"uv":[8.9338,6.7097],"uv_size":[0.3233,-0.2811]},"down":{"uv":[8.9338,6.7097],"uv_size":[0.3233,-0.2811]}}}],"name":"rot_22"},{"parent":"geyser_custom_z","pivot":[11.0424,-8.1697,-5.9401],"rotation":[0,-0,0],"cubes":[{"origin":[9.1126,-9.0622,-11.155],"size":[3.4,1.7,6.8],"pivot":[11.0424,-8.1697,-5.9401],"uv":{"north":{"uv":[4.492,3.068],"uv_size":[-0.492,-0.2109]},"south":{"uv":[4.492,3.068],"uv_size":[-0.492,-0.2109]},"east":{"uv":[3.7303,0.0034],"uv_size":[0.984,0.2109]},"west":{"uv":[3.7303,0.2177],"uv_size":[0.984,0.2109]},"up":{"uv":[4.008,4.0554],"uv_size":[0.492,-0.984]},"down":{"uv":[4.008,4.0554],"uv_size":[0.492,-0.984]}}},{"origin":[10.1326,-9.7422,-2.825],"size":[3.4,3.23,3.4],"pivot":[11.0424,-8.1697,-5.9401],"uv":{"north":{"uv":[5.9206,2.4931],"uv_size":[-0.492,-0.4217]},"south":{"uv":[5.9206,2.4931],"uv_size":[-0.492,-0.4217]},"east":{"uv":[5.0069,2.0794],"uv_size":[0.4217,0.492]},"west":{"uv":[5.2211,0.508],"uv_size":[0.4217,0.492]},"up":{"uv":[5.7206,0.0078],"uv_size":[-0.492,0.4779]},"down":{"uv":[5.7206,0.4779],"uv_size":[-0.492,-0.4779]}}}],"name":"rot_23"},{"parent":"geyser_custom_z","pivot":[9.1529,0.3236,-5.75],"rotation":[0,-0,0],"cubes":[{"origin":[5.4292,-0.2292,-6.5],"size":[5,2,1.9],"pivot":[9.1529,0.3236,-5.75],"uv":{"north":{"uv":[7.1474,7.7029],"uv_size":[0.2811,-0.7029]},"south":{"uv":[7.424,7.7029],"uv_size":[-0.2811,-0.7029]},"east":{"uv":[8.8526,6.6957],"uv_size":[-0.2811,-0.2671]},"west":{"uv":[8.8526,6.6957],"uv_size":[-0.2811,-0.2671]},"up":{"uv":[6.8615,7.0114],"uv_size":[0.2671,0.7029]},"down":{"uv":[6.8615,7.0114],"uv_size":[0.2671,0.7029]}}}],"name":"rot_24"},{"parent":"geyser_custom_z","pivot":[8,-11,-8],"rotation":[0,-0,0],"cubes":[{"origin":[-7,-10,6],"size":[14,4,0],"pivot":[8,-11,-8],"uv":{"north":{"uv":[6.2949,4.5874],"uv_size":[0.5623,1.984]},"south":{"uv":[6.2949,4.5874],"uv_size":[0.5623,1.984]},"east":{"uv":[6.2949,6.5874],"uv_size":[0.5623,1.6983]},"west":{"uv":[6.2949,8.2697],"uv_size":[0.5623,-1.6983]},"up":{"uv":[4.2697,6.2697],"uv_size":[-1.984,-1.6983]},"down":{"uv":[4.2697,6.2697],"uv_size":[-1.984,-1.6983]}}},{"origin":[-8,-1,1],"size":[16,2,2],"pivot":[8,-11,-8],"uv":{"north":{"uv":[9.1589,5.1474],"uv_size":[2.2697,0.2811]},"south":{"uv":[9.1589,5.1474],"uv_size":[2.2697,0.2811]},"east":{"uv":[10.424,6.8617],"uv_size":[-0.2811,0.2811]},"west":{"uv":[10.1474,6.8617],"uv_size":[0.2811,0.2811]},"up":{"uv":[11.4126,5.7097],"uv_size":[-2.2697,-0.2811]},"down":{"uv":[11.4126,5.7097],"uv_size":[-2.2697,-0.2811]}}},{"origin":[-8,-1,3],"size":[16,1,2],"pivot":[8,-11,-8],"uv":{"north":{"uv":[6.8731,4.5737],"uv_size":[2.2697,0.1406]},"south":{"uv":[6.8731,4.5737],"uv_size":[2.2697,0.1406]},"east":{"uv":[10.424,6.7166],"uv_size":[-0.2811,0.1406]},"west":{"uv":[10.1474,6.7166],"uv_size":[0.2811,0.1406]},"up":{"uv":[9.1269,4.9954],"uv_size":[-2.2697,-0.2811]},"down":{"uv":[9.1269,4.9954],"uv_size":[-2.2697,-0.2811]}}}],"name":"rot_25"},{"parent":"geyser_custom_z","pivot":[8,-11,8],"rotation":[0,-0,0],"cubes":[{"origin":[-8,-12,-7],"size":[16,2,14],"pivot":[8,-11,8],"uv":{"north":{"uv":[9.1589,4.576],"uv_size":[2.2697,0.2811]},"south":{"uv":[9.1589,4.576],"uv_size":[2.2697,0.2811]},"east":{"uv":[9.1589,4.8617],"uv_size":[1.984,0.2811]},"west":{"uv":[9.1589,4.8617],"uv_size":[1.984,0.2811]},"up":{"uv":[6.8731,4.5874],"uv_size":[2.2697,1.984]},"down":{"uv":[9.1589,7.1589],"uv_size":[2.2697,1.984]}}},{"origin":[-7,-10,-6],"size":[14,4,0],"pivot":[8,-11,8],"uv":{"north":{"uv":[6.2949,6.5554],"uv_size":[0.5623,-1.984]},"south":{"uv":[6.2949,6.5554],"uv_size":[0.5623,-1.984]},"east":{"uv":[6.2949,8.2697],"uv_size":[0.5623,-1.6983]},"west":{"uv":[6.2949,6.5874],"uv_size":[0.5623,1.6983]},"up":{"uv":[4.2697,4.5874],"uv_size":[-1.984,1.6983]},"down":{"uv":[4.2697,4.5874],"uv_size":[-1.984,1.6983]}}},{"origin":[-8,-10,-6],"size":[0,4,12],"pivot":[8,-11,8],"uv":{"north":{"uv":[6.2949,6.5554],"uv_size":[0.5623,-1.984]},"south":{"uv":[6.2949,6.5554],"uv_size":[0.5623,-1.984]},"east":{"uv":[6.2949,8.2697],"uv_size":[0.5623,-1.6983]},"west":{"uv":[6.2949,6.5874],"uv_size":[0.5623,1.6983]},"up":{"uv":[4.2697,4.5874],"uv_size":[-1.984,1.6983]},"down":{"uv":[4.2697,4.5874],"uv_size":[-1.984,1.6983]}}},{"origin":[-8,-6,-7],"size":[16,2,14],"pivot":[8,-11,8],"uv":{"north":{"uv":[9.1589,4.8526],"uv_size":[2.2697,-0.2811]},"south":{"uv":[9.1589,4.8526],"uv_size":[2.2697,-0.2811]},"east":{"uv":[9.1589,4.8617],"uv_size":[1.984,0.2811]},"west":{"uv":[9.1589,4.8617],"uv_size":[1.984,0.2811]},"up":{"uv":[9.1589,7.1589],"uv_size":[2.2697,1.984]},"down":{"uv":[6.8731,6.5554],"uv_size":[2.2697,-1.984]}}},{"origin":[-8,-4,-7],"size":[16,3,2],"pivot":[8,-11,8],"uv":{"north":{"uv":[9.1269,5.864],"uv_size":[-2.2697,0.4217]},"south":{"uv":[9.1269,5.864],"uv_size":[-2.2697,0.4217]},"east":{"uv":[6.8617,6.2926],"uv_size":[0.2811,0.4217]},"west":{"uv":[7.1383,6.2926],"uv_size":[-0.2811,0.4217]},"up":{"uv":[9.1269,6.7189],"uv_size":[-2.2697,0.2811]},"down":{"uv":[9.1269,6.7189],"uv_size":[-2.2697,0.2811]}}},{"origin":[-8,-4,5],"size":[16,3,2],"pivot":[8,-11,8],"uv":{"north":{"uv":[9.1269,5.864],"uv_size":[-2.2697,0.4217]},"south":{"uv":[9.1269,5.864],"uv_size":[-2.2697,0.4217]},"east":{"uv":[6.8617,6.2926],"uv_size":[0.2811,0.4217]},"west":{"uv":[7.1383,6.2926],"uv_size":[-0.2811,0.4217]},"up":{"uv":[9.1269,6.7189],"uv_size":[-2.2697,0.2811]},"down":{"uv":[9.1269,6.7189],"uv_size":[-2.2697,0.2811]}}},{"origin":[8,-4,-5],"size":[0,3,10],"pivot":[8,-11,8],"uv":{"north":{"uv":[7.9286,5.9354],"uv_size":[0,0.4217]},"south":{"uv":[7.9286,5.9354],"uv_size":[0,0.4217]},"east":{"uv":[7.1589,6.2926],"uv_size":[1.4126,0.4217]},"west":{"uv":[8.5554,6.2926],"uv_size":[-1.4126,0.4217]},"up":{"uv":[7.9286,6.8017],"uv_size":[0,1.4126]},"down":{"uv":[7.9286,6.8017],"uv_size":[0,1.4126]}}},{"origin":[-8,-1,-1],"size":[16,3,2],"pivot":[8,-11,8],"uv":{"north":{"uv":[9.1269,5.0069],"uv_size":[-2.2697,0.4217]},"south":{"uv":[9.1269,5.0069],"uv_size":[-2.2697,0.4217]},"east":{"uv":[9.1474,6.7211],"uv_size":[0.2811,0.4217]},"west":{"uv":[9.424,6.7211],"uv_size":[-0.2811,0.4217]},"up":{"uv":[9.1269,5.4331],"uv_size":[-2.2697,0.2811]},"down":{"uv":[9.1269,5.4331],"uv_size":[-2.2697,0.2811]}}},{"origin":[-8,-1,-3],"size":[16,2,2],"pivot":[8,-11,8],"uv":{"north":{"uv":[11.4126,5.1474],"uv_size":[-2.2697,0.2811]},"south":{"uv":[11.4126,5.1474],"uv_size":[-2.2697,0.2811]},"east":{"uv":[10.1474,6.8617],"uv_size":[0.2811,0.2811]},"west":{"uv":[10.424,6.8617],"uv_size":[-0.2811,0.2811]},"up":{"uv":[11.4126,5.4331],"uv_size":[-2.2697,0.2811]},"down":{"uv":[11.4126,5.4331],"uv_size":[-2.2697,0.2811]}}},{"origin":[-8,-1,-5],"size":[16,1,2],"pivot":[8,-11,8],"uv":{"north":{"uv":[9.1269,4.5737],"uv_size":[-2.2697,0.1406]},"south":{"uv":[9.1269,4.5737],"uv_size":[-2.2697,0.1406]},"east":{"uv":[10.1474,6.7166],"uv_size":[0.2811,0.1406]},"west":{"uv":[10.424,6.7166],"uv_size":[-0.2811,0.1406]},"up":{"uv":[9.1269,4.7189],"uv_size":[-2.2697,0.2811]},"down":{"uv":[9.1269,4.7189],"uv_size":[-2.2697,0.2811]}}},{"origin":[0,-12.1,-7],"size":[8,0,14],"pivot":[8,-11,8],"uv":{"north":{"uv":[9.1589,4.576],"uv_size":[2.2697,0.2811]},"south":{"uv":[9.1589,4.576],"uv_size":[2.2697,0.2811]},"east":{"uv":[9.1589,4.8617],"uv_size":[1.984,0.2811]},"west":{"uv":[9.1589,4.8617],"uv_size":[1.984,0.2811]},"up":{"uv":[6.8731,4.5874],"uv_size":[2.2697,1.984]},"down":{"uv":[4.3017,4.5874],"uv_size":[1.1269,1.984]}}},{"origin":[-8,-12.1,-7],"size":[8,0,14],"pivot":[8,-11,8],"uv":{"north":{"uv":[9.1589,4.576],"uv_size":[2.2697,0.2811]},"south":{"uv":[9.1589,4.576],"uv_size":[2.2697,0.2811]},"east":{"uv":[9.1589,4.8617],"uv_size":[1.984,0.2811]},"west":{"uv":[9.1589,4.8617],"uv_size":[1.984,0.2811]},"up":{"uv":[6.8731,4.5874],"uv_size":[2.2697,1.984]},"down":{"uv":[5.1589,4.5874],"uv_size":[1.1269,1.984]}}}],"name":"rot_26"},{"parent":"geyser_custom_z","pivot":[8,-1,-8],"rotation":[0,-0,0],"cubes":[{"origin":[-1,-7,-9],"size":[2,5,2],"pivot":[8,-1,-8],"uv":{"north":{"uv":[6.8686,8.8617],"uv_size":[0.7029,0.2811]},"south":{"uv":[6.8686,8.8617],"uv_size":[0.7029,0.2811]},"east":{"uv":[9.44,6.8617],"uv_size":[0.7029,0.2811]},"west":{"uv":[9.44,7.1383],"uv_size":[0.7029,-0.2811]},"up":{"uv":[7.8526,9.1383],"uv_size":[-0.2811,-0.2811]},"down":{"uv":[7.8526,8.8617],"uv_size":[-0.2811,0.2811]}}},{"origin":[-2,-6,-9],"size":[1,3,2],"pivot":[8,-1,-8],"uv":{"north":{"uv":[7.864,8.7166],"uv_size":[0.4217,0.1406]},"south":{"uv":[7.864,8.7166],"uv_size":[0.4217,0.1406]},"east":{"uv":[7.864,8.8617],"uv_size":[0.4217,0.2811]},"west":{"uv":[7.864,8.8617],"uv_size":[0.4217,0.2811]},"up":{"uv":[8.4263,9.1383],"uv_size":[-0.1406,-0.2811]},"down":{"uv":[8.4263,9.1383],"uv_size":[-0.1406,-0.2811]}}}],"name":"rot_27"},{"parent":"geyser_custom_z","pivot":[8,4,-5],"rotation":[0,-0,0],"cubes":[{"origin":[0,-9,11],"size":[0,5,4],"pivot":[8,4,-5],"uv":{"north":{"uv":[6.1429,2.0829],"uv_size":[0,0.7029]},"south":{"uv":[6.1429,2.0829],"uv_size":[0,0.7029]},"east":{"uv":[6.8457,2.0806],"uv_size":[-0.7029,0.5623]},"west":{"uv":[6.1543,2.0806],"uv_size":[0.7029,0.5623]},"up":{"uv":[6.1429,2.6337],"uv_size":[0,-0.5623]},"down":{"uv":[6.1429,2.6337],"uv_size":[0,-0.5623]}}}],"name":"rot_28"},{"parent":"geyser_custom_z","pivot":[7.5,-9,-5.5],"rotation":[0,-0,0],"cubes":[{"origin":[6.8,-10.7,-6.9],"size":[2,5,3],"pivot":[7.5,-9,-5.5],"uv":{"north":{"uv":[7.576,3.8686],"uv_size":[0.2811,0.7029]},"south":{"uv":[7.576,3.8686],"uv_size":[0.2811,0.7029]},"east":{"uv":[8.1497,3.0829],"uv_size":[0.4217,0.7029]},"west":{"uv":[8.5646,3.0829],"uv_size":[-0.4217,0.7029]},"up":{"uv":[7.8617,3.6497],"uv_size":[0.2811,0.4217]},"down":{"uv":[7.8617,3.6497],"uv_size":[0.2811,0.4217]}}}],"name":"rot_29"},{"parent":"geyser_custom_z","pivot":[7.5,-9,5.5],"rotation":[0,-0,0],"cubes":[{"origin":[6.8,-10.7,3.9],"size":[2,5,3],"pivot":[7.5,-9,5.5],"uv":{"north":{"uv":[7.8526,3.8686],"uv_size":[-0.2811,0.7029]},"south":{"uv":[7.8526,3.8686],"uv_size":[-0.2811,0.7029]},"east":{"uv":[8.5646,3.0829],"uv_size":[-0.4217,0.7029]},"west":{"uv":[8.1497,3.0829],"uv_size":[0.4217,0.7029]},"up":{"uv":[7.8617,4.0646],"uv_size":[0.2811,-0.4217]},"down":{"uv":[7.8617,4.0646],"uv_size":[0.2811,-0.4217]}}}],"name":"rot_30"},{"parent":"geyser_custom_z","pivot":[6.8936,-1.5,-8.2646],"rotation":[0,-0,0],"cubes":[{"origin":[8.0367,-5,0],"size":[0,3,2.8],"pivot":[6.8936,-1.5,-8.2646],"uv":{"north":{"uv":[4.1429,11.1983],"uv_size":[0,-2.0554]},"south":{"uv":[4,11.1983],"uv_size":[0,-2.0554]},"east":{"uv":[6.2949,10.7074],"uv_size":[0.5623,-0.4217]},"west":{"uv":[6.848,10.7074],"uv_size":[-0.5623,-0.4217]},"up":{"uv":[4.3017,9.2857],"uv_size":[0.984,0]},"down":{"uv":[4.3017,9.1429],"uv_size":[0.984,0]}}}],"name":"rot_31"},{"parent":"geyser_custom_z","pivot":[6.8936,-1.5,8.2646],"rotation":[0,-0,0],"cubes":[{"origin":[5.0504,-5,7.1578],"size":[3,3,0],"pivot":[6.8936,-1.5,8.2646],"uv":{"north":{"uv":[6.2949,10.7074],"uv_size":[0.5623,-0.4217]},"south":{"uv":[6.848,10.7074],"uv_size":[-0.5623,-0.4217]},"east":{"uv":[4,11.1983],"uv_size":[0,-2.0554]},"west":{"uv":[4.1429,11.1983],"uv_size":[0,-2.0554]},"up":{"uv":[4.3017,9.2857],"uv_size":[0.984,0]},"down":{"uv":[4.3017,9.1429],"uv_size":[0.984,0]}}},{"origin":[8.0367,-5,4.3715],"size":[0,3,2.8],"pivot":[6.8936,-1.5,8.2646],"uv":{"north":{"uv":[4,11.1983],"uv_size":[0,-2.0554]},"south":{"uv":[4.1429,11.1983],"uv_size":[0,-2.0554]},"east":{"uv":[6.848,10.7074],"uv_size":[-0.5623,-0.4217]},"west":{"uv":[6.2949,10.7074],"uv_size":[0.5623,-0.4217]},"up":{"uv":[5.2697,9.2857],"uv_size":[-0.984,0]},"down":{"uv":[5.2697,9.1429],"uv_size":[-0.984,0]}}},{"origin":[8.0367,-5,-2.8],"size":[0,3,2.8],"pivot":[6.8936,-1.5,8.2646],"uv":{"north":{"uv":[4,11.1983],"uv_size":[0,-2.0554]},"south":{"uv":[4.1429,11.1983],"uv_size":[0,-2.0554]},"east":{"uv":[6.848,10.7074],"uv_size":[-0.5623,-0.4217]},"west":{"uv":[6.2949,10.7074],"uv_size":[0.5623,-0.4217]},"up":{"uv":[5.2697,9.2857],"uv_size":[-0.984,0]},"down":{"uv":[5.2697,9.1429],"uv_size":[-0.984,0]}}}],"name":"rot_32"},{"parent":"geyser_custom_z","pivot":[4,18.2,-9],"rotation":[0,-0,0],"cubes":[{"origin":[-0.1,1,-2],"size":[8,3,0],"pivot":[4,18.2,-9],"uv":{"north":{"uv":[2.3017,3.0069],"uv_size":[1.1269,0.4217]},"south":{"uv":[3.4126,3.0069],"uv_size":[-1.1269,0.4217]},"east":{"uv":[2.2857,3.0069],"uv_size":[0,0.4217]},"west":{"uv":[2.2857,3.0069],"uv_size":[0,0.4217]},"up":{"uv":[3.4126,0],"uv_size":[-1.1269,0]},"down":{"uv":[3.4126,0],"uv_size":[-1.1269,0]}}}],"name":"rot_33"},{"parent":"geyser_custom_z","pivot":[3,-6,-16],"rotation":[0,-0,0],"cubes":[{"origin":[-8,-4.8,-8.1],"size":[6,6,0],"pivot":[3,-6,-16],"uv":{"north":{"uv":[12.1566,7.0851],"uv_size":[0.8434,0.8434]},"south":{"uv":[12.9863,7.0851],"uv_size":[-0.8434,0.8434]},"east":{"uv":[11.8571,6.9423],"uv_size":[0,0.8434]},"west":{"uv":[11.8571,6.9423],"uv_size":[0,0.8434]},"up":{"uv":[12.1314,6.8571],"uv_size":[-0.7029,0]},"down":{"uv":[12.1314,6.8571],"uv_size":[-0.7029,0]}}}],"name":"rot_34"},{"parent":"geyser_custom_z","pivot":[1.5,21.5,-2],"rotation":[0,-0,0],"cubes":[{"origin":[-0.5,-10,-15.5],"size":[0,9,9],"pivot":[1.5,21.5,-2],"uv":{"north":{"uv":[13.7143,11.4394],"uv_size":[0,0.6677]},"south":{"uv":[13.7143,11.4394],"uv_size":[0,0.6677]},"east":{"uv":[13.7303,12.4446],"uv_size":[1.2697,1.2697]},"west":{"uv":[14.984,12.4446],"uv_size":[-1.2697,1.2697]},"up":{"uv":[14.1009,11.4286],"uv_size":[-0.3866,0]},"down":{"uv":[14.1009,11.4286],"uv_size":[-0.3866,0]}}}],"name":"rot_35"},{"parent":"geyser_custom_z","pivot":[0,-5,-3],"rotation":[0,-0,0],"cubes":[{"origin":[-7,-10,0],"size":[8,4,0],"pivot":[0,-5,-3],"uv":{"north":{"uv":[1.4126,3.516],"uv_size":[-1.1269,3.984]},"south":{"uv":[1.4126,7.484],"uv_size":[-1.1269,-3.984]},"east":{"uv":[0.0806,10],"uv_size":[0.5623,0]},"west":{"uv":[0.0806,10],"uv_size":[0.5623,0]},"up":{"uv":[2.2811,7],"uv_size":[-0.2811,0]},"down":{"uv":[2.2811,7],"uv_size":[-0.2811,0]}}},{"origin":[-1,-10,0],"size":[8,4,0],"pivot":[0,-5,-3],"uv":{"north":{"uv":[0.3017,3.516],"uv_size":[1.1269,3.984]},"south":{"uv":[0.3017,7.484],"uv_size":[1.1269,-3.984]},"east":{"uv":[0.0806,10],"uv_size":[0.5623,0]},"west":{"uv":[0.0806,10],"uv_size":[0.5623,0]},"up":{"uv":[2.0046,7],"uv_size":[0.2811,0]},"down":{"uv":[2.0046,7],"uv_size":[0.2811,0]}}}],"name":"rot_36"},{"parent":"geyser_custom_z","pivot":[0,2.5,-8],"rotation":[0,-0,0],"cubes":[{"origin":[0,2,-0.2],"size":[10,5,0],"pivot":[0,2.5,-8],"uv":{"north":{"uv":[5.4446,1.2257],"uv_size":[1.4126,0.7029]},"south":{"uv":[6.8411,1.2257],"uv_size":[-1.4126,0.7029]},"east":{"uv":[2.2857,0.0114],"uv_size":[0,0.7029]},"west":{"uv":[2.2857,0.0114],"uv_size":[0,0.7029]},"up":{"uv":[6.8411,1.2143],"uv_size":[-1.4126,0]},"down":{"uv":[6.8411,1.2143],"uv_size":[-1.4126,0]}}},{"origin":[-10.2,2,-0.2],"size":[10,5,0],"pivot":[0,2.5,-8],"uv":{"north":{"uv":[6.8411,1.2257],"uv_size":[-1.4126,0.7029]},"south":{"uv":[5.4446,1.2257],"uv_size":[1.4126,0.7029]},"east":{"uv":[2.2857,0.0114],"uv_size":[0,0.7029]},"west":{"uv":[2.2857,0.0114],"uv_size":[0,0.7029]},"up":{"uv":[5.4446,1.2143],"uv_size":[1.4126,0]},"down":{"uv":[5.4446,1.2143],"uv_size":[1.4126,0]}}}],"name":"rot_37"},{"parent":"geyser_custom_z","pivot":[0,5.5,4.5],"rotation":[0,-0,0],"cubes":[{"origin":[-2.3,0,2],"size":[4.6,3,5],"pivot":[0,5.5,4.5],"uv":{"north":{"uv":[5.44,9.864],"uv_size":[0.7029,0.4217]},"south":{"uv":[5.44,9.864],"uv_size":[0.7029,0.4217]},"east":{"uv":[6.8457,9.864],"uv_size":[-0.7029,0.4217]},"west":{"uv":[6.1543,9.864],"uv_size":[0.7029,0.4217]},"up":{"uv":[6.8457,9.8457],"uv_size":[-0.7029,-0.7029]},"down":{"uv":[6.1314,9.8457],"uv_size":[-0.7029,-0.7029]}}},{"origin":[-1.7,-8.5,8.5],"size":[3.3,5,3],"pivot":[0,5.5,4.5],"uv":{"north":{"uv":[5.5783,9.1543],"uv_size":[0.4217,0.7029]},"south":{"uv":[6.2926,9.1543],"uv_size":[0.4217,0.7029]},"east":{"uv":[6.8457,9.864],"uv_size":[-0.7029,0.4217]},"west":{"uv":[6.1543,9.864],"uv_size":[0.7029,0.4217]},"up":{"uv":[5.9931,10.2789],"uv_size":[-0.4217,-0.4217]},"down":{"uv":[5.9931,10.2789],"uv_size":[-0.4217,-0.4217]}}}],"name":"rot_38"},{"parent":"geyser_custom_z","pivot":[-0.05,-9,10],"rotation":[0,-0,0],"cubes":[{"origin":[-1,-12.1,12.5],"size":[1.8,1.9,2],"pivot":[-0.05,-9,10],"uv":{"north":{"uv":[5.5783,10.0046],"uv_size":[0.4217,0.2811]},"south":{"uv":[5.5783,10.0046],"uv_size":[0.4217,0.2811]},"east":{"uv":[6.8526,9.8617],"uv_size":[-0.2811,0.2811]},"west":{"uv":[6.576,9.8617],"uv_size":[0.2811,0.2811]},"up":{"uv":[6.6383,9.8526],"uv_size":[-0.2811,-0.2811]},"down":{"uv":[5.9931,9.7811],"uv_size":[-0.4217,-0.2811]}}}],"name":"rot_39"},{"parent":"geyser_custom_z","pivot":[-1,10,5.5],"rotation":[0,-0,0],"cubes":[{"origin":[0,1,0],"size":[0,4,7],"pivot":[-1,10,5.5],"uv":{"north":{"uv":[2.2857,0.0091],"uv_size":[0,0.5623]},"south":{"uv":[2.2857,0.0091],"uv_size":[0,0.5623]},"east":{"uv":[3.2697,4.0091],"uv_size":[-0.984,0.5623]},"west":{"uv":[2.3017,4.0091],"uv_size":[0.984,0.5623]},"up":{"uv":[2.2857,0.984],"uv_size":[0,-0.984]},"down":{"uv":[2.2857,0.984],"uv_size":[0,-0.984]}}}],"name":"rot_40"},{"parent":"geyser_custom_z","pivot":[-3,-6,-16],"rotation":[0,-0,0],"cubes":[{"origin":[2,-4.8,-8.1],"size":[6,6,0],"pivot":[-3,-6,-16],"uv":{"north":{"uv":[12.1566,7.0851],"uv_size":[0.8434,0.8434]},"south":{"uv":[12.1566,7.0851],"uv_size":[0.8434,0.8434]},"east":{"uv":[11.8571,6.9423],"uv_size":[0,0.8434]},"west":{"uv":[11.8571,6.9423],"uv_size":[0,0.8434]},"up":{"uv":[11.44,6.8571],"uv_size":[0.7029,0]},"down":{"uv":[11.44,6.8571],"uv_size":[0.7029,0]}}}],"name":"rot_41"},{"parent":"geyser_custom_z","pivot":[-4,18.2,-9],"rotation":[0,-0,0],"cubes":[{"origin":[-8.1,1,-2],"size":[8,3,0],"pivot":[-4,18.2,-9],"uv":{"north":{"uv":[3.4126,3.0069],"uv_size":[-1.1269,0.4217]},"south":{"uv":[2.3017,3.0069],"uv_size":[1.1269,0.4217]},"east":{"uv":[2.2857,3.0069],"uv_size":[0,0.4217]},"west":{"uv":[2.2857,3.0069],"uv_size":[0,0.4217]},"up":{"uv":[2.3017,0],"uv_size":[1.1269,0]},"down":{"uv":[2.3017,0],"uv_size":[1.1269,0]}}}],"name":"rot_42"},{"parent":"geyser_custom_z","pivot":[-6.8936,-1.5,-8.2646],"rotation":[0,-0,0],"cubes":[{"origin":[-8.0367,-5,0],"size":[0,3,2.8],"pivot":[-6.8936,-1.5,-8.2646],"uv":{"north":{"uv":[4.1429,11.1983],"uv_size":[0,-2.0554]},"south":{"uv":[4,11.1983],"uv_size":[0,-2.0554]},"east":{"uv":[6.2949,10.7074],"uv_size":[0.5623,-0.4217]},"west":{"uv":[6.848,10.7074],"uv_size":[-0.5623,-0.4217]},"up":{"uv":[4.3017,9.2857],"uv_size":[0.984,0]},"down":{"uv":[4.3017,9.1429],"uv_size":[0.984,0]}}}],"name":"rot_43"},{"parent":"geyser_custom_z","pivot":[-6.8936,-1.5,8.2646],"rotation":[0,-0,0],"cubes":[{"origin":[-8.0504,-5,7.1578],"size":[3,3,0],"pivot":[-6.8936,-1.5,8.2646],"uv":{"north":{"uv":[6.848,10.7074],"uv_size":[-0.5623,-0.4217]},"south":{"uv":[6.2949,10.7074],"uv_size":[0.5623,-0.4217]},"east":{"uv":[4.1429,11.1983],"uv_size":[0,-2.0554]},"west":{"uv":[4,11.1983],"uv_size":[0,-2.0554]},"up":{"uv":[5.2697,9.2857],"uv_size":[-0.984,0]},"down":{"uv":[5.2697,9.1429],"uv_size":[-0.984,0]}}},{"origin":[-8.0367,-5,4.3715],"size":[0,3,2.8],"pivot":[-6.8936,-1.5,8.2646],"uv":{"north":{"uv":[4,11.1983],"uv_size":[0,-2.0554]},"south":{"uv":[4.1429,11.1983],"uv_size":[0,-2.0554]},"east":{"uv":[6.848,10.7074],"uv_size":[-0.5623,-0.4217]},"west":{"uv":[6.2949,10.7074],"uv_size":[0.5623,-0.4217]},"up":{"uv":[5.2697,9.2857],"uv_size":[-0.984,0]},"down":{"uv":[5.2697,9.1429],"uv_size":[-0.984,0]}}},{"origin":[-8.0367,-5,-2.8],"size":[0,3,2.8],"pivot":[-6.8936,-1.5,8.2646],"uv":{"north":{"uv":[4,11.1983],"uv_size":[0,-2.0554]},"south":{"uv":[4.1429,11.1983],"uv_size":[0,-2.0554]},"east":{"uv":[6.848,10.7074],"uv_size":[-0.5623,-0.4217]},"west":{"uv":[6.2949,10.7074],"uv_size":[0.5623,-0.4217]},"up":{"uv":[5.2697,9.2857],"uv_size":[-0.984,0]},"down":{"uv":[5.2697,9.1429],"uv_size":[-0.984,0]}}}],"name":"rot_44"},{"parent":"geyser_custom_z","pivot":[-7.5,-9,-5.5],"rotation":[0,-0,0],"cubes":[{"origin":[-8.8,-10.7,-6.9],"size":[2,5,3],"pivot":[-7.5,-9,-5.5],"uv":{"north":{"uv":[7.8526,3.8686],"uv_size":[-0.2811,0.7029]},"south":{"uv":[7.8526,3.8686],"uv_size":[-0.2811,0.7029]},"east":{"uv":[8.1497,3.0829],"uv_size":[0.4217,0.7029]},"west":{"uv":[8.5646,3.0829],"uv_size":[-0.4217,0.7029]},"up":{"uv":[8.1383,3.6497],"uv_size":[-0.2811,0.4217]},"down":{"uv":[8.1383,3.6497],"uv_size":[-0.2811,0.4217]}}}],"name":"rot_45"},{"parent":"geyser_custom_z","pivot":[-7.5,-9,5.5],"rotation":[0,-0,0],"cubes":[{"origin":[-8.8,-10.7,3.9],"size":[2,5,3],"pivot":[-7.5,-9,5.5],"uv":{"north":{"uv":[7.576,3.8686],"uv_size":[0.2811,0.7029]},"south":{"uv":[7.576,3.8686],"uv_size":[0.2811,0.7029]},"east":{"uv":[8.5646,3.0829],"uv_size":[-0.4217,0.7029]},"west":{"uv":[8.1497,3.0829],"uv_size":[0.4217,0.7029]},"up":{"uv":[8.1383,4.0646],"uv_size":[-0.2811,-0.4217]},"down":{"uv":[8.1383,4.0646],"uv_size":[-0.2811,-0.4217]}}}],"name":"rot_46"},{"parent":"geyser_custom_z","pivot":[-8,-11,8],"rotation":[0,-0,0],"cubes":[{"origin":[8,-10,-6],"size":[0,4,12],"pivot":[-8,-11,8],"uv":{"north":{"uv":[6.2949,4.5874],"uv_size":[0.5623,1.984]},"south":{"uv":[6.2949,4.5874],"uv_size":[0.5623,1.984]},"east":{"uv":[6.2949,8.2697],"uv_size":[0.5623,-1.6983]},"west":{"uv":[6.2949,6.5874],"uv_size":[0.5623,1.6983]},"up":{"uv":[2.3017,4.5874],"uv_size":[1.984,1.6983]},"down":{"uv":[2.3017,4.5874],"uv_size":[1.984,1.6983]}}},{"origin":[-8,-4,-5],"size":[0,3,10],"pivot":[-8,-11,8],"uv":{"north":{"uv":[7.9286,5.9354],"uv_size":[0,0.4217]},"south":{"uv":[7.9286,5.9354],"uv_size":[0,0.4217]},"east":{"uv":[7.1589,6.2926],"uv_size":[1.4126,0.4217]},"west":{"uv":[8.5554,6.2926],"uv_size":[-1.4126,0.4217]},"up":{"uv":[7.9286,6.8017],"uv_size":[0,1.4126]},"down":{"uv":[7.9286,6.8017],"uv_size":[0,1.4126]}}}],"name":"rot_47"},{"parent":"geyser_custom_z","pivot":[-8,-1,-8],"rotation":[0,-0,0],"cubes":[{"origin":[1,-6,-9],"size":[1,3,2],"pivot":[-8,-1,-8],"uv":{"north":{"uv":[7.864,8.8549],"uv_size":[0.4217,-0.1406]},"south":{"uv":[7.864,8.8549],"uv_size":[0.4217,-0.1406]},"east":{"uv":[7.864,9.1383],"uv_size":[0.4217,-0.2811]},"west":{"uv":[7.864,9.1383],"uv_size":[0.4217,-0.2811]},"up":{"uv":[8.288,9.1383],"uv_size":[0.1406,-0.2811]},"down":{"uv":[8.288,9.1383],"uv_size":[0.1406,-0.2811]}}}],"name":"rot_48"},{"parent":"geyser_custom_z","pivot":[-9.1529,0.3236,-5.75],"rotation":[0,-0,0],"cubes":[{"origin":[-10.4292,-0.2292,-6.5],"size":[5,2,1.9],"pivot":[-9.1529,0.3236,-5.75],"uv":{"north":{"uv":[7.1474,7.0114],"uv_size":[0.2811,0.7029]},"south":{"uv":[7.424,7.0114],"uv_size":[-0.2811,0.7029]},"east":{"uv":[8.8526,6.4329],"uv_size":[-0.2811,0.2671]},"west":{"uv":[8.8526,6.4329],"uv_size":[-0.2811,0.2671]},"up":{"uv":[6.8615,7.7029],"uv_size":[0.2671,-0.7029]},"down":{"uv":[6.8615,7.7029],"uv_size":[0.2671,-0.7029]}}}],"name":"rot_49"},{"parent":"geyser_custom_z","pivot":[-11.0424,-8.1697,-5.9401],"rotation":[0,-0,0],"cubes":[{"origin":[-12.5126,-9.0622,-11.155],"size":[3.4,1.7,6.8],"pivot":[-11.0424,-8.1697,-5.9401],"uv":{"north":{"uv":[4.008,3.068],"uv_size":[0.492,-0.2109]},"south":{"uv":[4.008,3.068],"uv_size":[0.492,-0.2109]},"east":{"uv":[4.6983,0.2177],"uv_size":[-0.984,0.2109]},"west":{"uv":[4.6983,0.0034],"uv_size":[-0.984,0.2109]},"up":{"uv":[4.492,4.0554],"uv_size":[-0.492,-0.984]},"down":{"uv":[4.492,4.0554],"uv_size":[-0.492,-0.984]}}},{"origin":[-13.5326,-9.7422,-2.825],"size":[3.4,3.23,3.4],"pivot":[-11.0424,-8.1697,-5.9401],"uv":{"north":{"uv":[5.4366,2.4931],"uv_size":[0.492,-0.4217]},"south":{"uv":[5.4366,2.4931],"uv_size":[0.492,-0.4217]},"east":{"uv":[5.2211,0.992],"uv_size":[0.4217,-0.492]},"west":{"uv":[5.0069,2.5634],"uv_size":[0.4217,-0.492]},"up":{"uv":[5.2366,0.0078],"uv_size":[0.492,0.4779]},"down":{"uv":[5.2366,0.4779],"uv_size":[0.492,-0.4779]}}}],"name":"rot_50"},{"parent":"geyser_custom_z","pivot":[0,-1.5,13],"rotation":[-22.5,0,0],"cubes":[{"origin":[0,-1.5,4.5],"size":[0,4,5],"pivot":[0,-1.5,13],"uv":{"north":{"uv":[6.1429,2.0806],"uv_size":[0,0.5623]},"south":{"uv":[6.1429,2.0806],"uv_size":[0,0.5623]},"east":{"uv":[6.8457,2.0806],"uv_size":[-0.7029,0.5623]},"west":{"uv":[6.1543,2.0806],"uv_size":[0.7029,0.5623]},"up":{"uv":[6.1429,2.7743],"uv_size":[0,-0.7029]},"down":{"uv":[6.1429,2.7743],"uv_size":[0,-0.7029]}}}],"name":"rot_51"},{"parent":"geyser_custom_z","pivot":[0,5.5,4.5],"rotation":[-22.5,0,0],"cubes":[{"origin":[-2.1,0.5,6.5],"size":[4.2,3,5],"pivot":[0,5.5,4.5],"uv":{"north":{"uv":[5.5091,9.864],"uv_size":[0.5623,0.4217]},"south":{"uv":[5.5091,9.864],"uv_size":[0.5623,0.4217]},"east":{"uv":[6.8457,9.864],"uv_size":[-0.7029,0.4217]},"west":{"uv":[6.1543,9.864],"uv_size":[0.7029,0.4217]},"up":{"uv":[6.7766,9.8457],"uv_size":[-0.5623,-0.7029]},"down":{"uv":[6.0623,9.8457],"uv_size":[-0.5623,-0.7029]}}}],"name":"rot_52"},{"parent":"geyser_custom_z","pivot":[-0.05,-9,10],"rotation":[-22.5,0,0],"cubes":[{"origin":[-1.2,-11.1,11.5],"size":[2.2,2.3,2],"pivot":[-0.05,-9,10],"uv":{"north":{"uv":[5.5783,9.9343],"uv_size":[0.4217,0.3514]},"south":{"uv":[5.5783,9.9343],"uv_size":[0.4217,0.3514]},"east":{"uv":[6.8526,9.8629],"uv_size":[-0.2811,0.3514]},"west":{"uv":[6.576,9.8629],"uv_size":[0.2811,0.3514]},"up":{"uv":[6.6383,9.8526],"uv_size":[-0.2811,-0.2811]},"down":{"uv":[5.9931,9.8233],"uv_size":[-0.4217,-0.3233]}}}],"name":"rot_53"},{"parent":"geyser_custom_z","pivot":[11.0424,-8.1697,-5.9401],"rotation":[0,-22.5,0],"cubes":[{"origin":[7.3338,-8.8922,-11.7307],"size":[3.06,1.36,1.7],"pivot":[11.0424,-8.1697,-5.9401],"uv":{"north":{"uv":[4.6497,3.9966],"uv_size":[0.4217,-0.2109]},"south":{"uv":[4.6497,3.9966],"uv_size":[0.4217,-0.2109]},"east":{"uv":[4.5034,3.7823],"uv_size":[0.2109,-0.2109]},"west":{"uv":[4.7177,3.7823],"uv_size":[0.2109,-0.2109]},"up":{"uv":[5.0646,4.2109],"uv_size":[-0.4217,-0.2109]},"down":{"uv":[5.0646,4.2109],"uv_size":[-0.4217,-0.2109]}}}],"name":"rot_54"},{"parent":"geyser_custom_z","pivot":[-8,0,-8],"rotation":[0,-22.5,0],"cubes":[{"origin":[-5,-6,-1],"size":[0,11,12],"pivot":[-8,0,-8],"uv":{"north":{"uv":[2.2857,9.1589],"uv_size":[0,1.5554]},"south":{"uv":[2.2857,9.1589],"uv_size":[0,1.5554]},"east":{"uv":[3.984,9.1589],"uv_size":[-1.6983,1.5554]},"west":{"uv":[2.3017,9.1589],"uv_size":[1.6983,1.5554]},"up":{"uv":[2.2857,9.1589],"uv_size":[0,1.6983]},"down":{"uv":[2.2857,10.8411],"uv_size":[0,-1.6983]}}}],"name":"rot_55"},{"parent":"geyser_custom_z","pivot":[-11.0424,-8.1697,-5.9401],"rotation":[0,-22.5,0],"cubes":[{"origin":[-12.0935,-9.4022,-5.4136],"size":[3.4,2.55,3.4],"pivot":[-11.0424,-8.1697,-5.9401],"uv":{"north":{"uv":[4.508,3.0657],"uv_size":[0.492,-0.3514]},"south":{"uv":[4.508,3.0657],"uv_size":[0.492,-0.3514]},"east":{"uv":[4.492,2.4343],"uv_size":[-0.492,0.3514]},"west":{"uv":[5.492,2.6486],"uv_size":[-0.492,0.3514]},"up":{"uv":[4.508,3.0794],"uv_size":[0.492,0.492]},"down":{"uv":[4.508,3.5634],"uv_size":[0.492,-0.492]}}},{"origin":[-7.8435,-10.0822,-0.9936],"size":[3.4,3.91,3.4],"pivot":[-11.0424,-8.1697,-5.9401],"uv":{"north":{"uv":[12.4909,6.0794],"uv_size":[-0.5623,0.492]},"south":{"uv":[12.5623,5.5794],"uv_size":[-0.5623,0.492]},"east":{"uv":[11.4377,6.0634],"uv_size":[0.5623,-0.492]},"west":{"uv":[11.4377,6.0634],"uv_size":[0.5623,-0.492]},"up":{"uv":[11.4366,6.0794],"uv_size":[0.492,0.492]},"down":{"uv":[11.9206,6.0794],"uv_size":[-0.492,0.492]}}},{"origin":[-17.2163,-8.5522,-13.7766],"size":[2.55,0.68,2.38],"pivot":[-11.0424,-8.1697,-5.9401],"uv":{"north":{"uv":[5.1417,3.8629],"uv_size":[-0.0703,0.3514]},"south":{"uv":[5.1417,3.5057],"uv_size":[-0.0703,0.3514]},"east":{"uv":[5.0726,4.5657],"uv_size":[0.0703,-0.3514]},"west":{"uv":[5.0726,4.5657],"uv_size":[0.0703,-0.3514]},"up":{"uv":[5.0657,4.22],"uv_size":[-0.3514,0.3514]},"down":{"uv":[5.0657,4.22],"uv_size":[-0.3514,0.3514]}}}],"name":"rot_56"},{"parent":"geyser_custom_z","pivot":[9.1529,0.3236,-5.75],"rotation":[0,0,22.5],"cubes":[{"origin":[9.7504,0.1672,-6.3],"size":[2,2,1.5],"pivot":[9.1529,0.3236,-5.75],"uv":{"north":{"uv":[8.7189,7.2811],"uv_size":[0.2811,-0.2811]},"south":{"uv":[8.9954,7.2811],"uv_size":[-0.2811,-0.2811]},"east":{"uv":[8.7097,7.2109],"uv_size":[-0.2811,-0.2109]},"west":{"uv":[8.7097,7.2109],"uv_size":[-0.2811,-0.2109]},"up":{"uv":[8.932,6.4331],"uv_size":[0.2109,0.2811]},"down":{"uv":[8.932,6.4331],"uv_size":[0.2109,0.2811]}}},{"origin":[4.3504,-3.5328,-6.7],"size":[2,2,2.3],"pivot":[9.1529,0.3236,-5.75],"uv":{"north":{"uv":[8.2189,7.5669],"uv_size":[0.2811,-0.2811]},"south":{"uv":[8.2189,7.5669],"uv_size":[0.2811,-0.2811]},"east":{"uv":[7.8514,7.5669],"uv_size":[-0.3514,-0.2811]},"west":{"uv":[7.8514,7.5669],"uv_size":[-0.3514,-0.2811]},"up":{"uv":[7.8629,7.2903],"uv_size":[0.3514,0.2811]},"down":{"uv":[7.8629,7.2903],"uv_size":[0.3514,0.2811]}}}],"name":"rot_57"},{"parent":"geyser_custom_z","pivot":[7.5,-9,-5.5],"rotation":[0,0,22.5],"cubes":[{"origin":[7,-11.6,-7.1],"size":[3,2,3.4],"pivot":[7.5,-9,-5.5],"uv":{"north":{"uv":[8.1497,4.0669],"uv_size":[0.4217,-0.2811]},"south":{"uv":[8.1497,4.0669],"uv_size":[0.4217,-0.2811]},"east":{"uv":[8.1383,4.0794],"uv_size":[-0.2811,0.492]},"west":{"uv":[8.1383,4.0794],"uv_size":[-0.2811,0.492]},"up":{"uv":[8.1497,4.5634],"uv_size":[0.4217,-0.492]},"down":{"uv":[8.1497,4.5634],"uv_size":[0.4217,-0.492]}}}],"name":"rot_58"},{"parent":"geyser_custom_z","pivot":[7.5,-9,5.5],"rotation":[0,0,22.5],"cubes":[{"origin":[7,-11.6,3.7],"size":[3,2,3.4],"pivot":[7.5,-9,5.5],"uv":{"north":{"uv":[8.5646,4.0669],"uv_size":[-0.4217,-0.2811]},"south":{"uv":[8.5646,4.0669],"uv_size":[-0.4217,-0.2811]},"east":{"uv":[8.1383,4.5634],"uv_size":[-0.2811,-0.492]},"west":{"uv":[8.1383,4.5634],"uv_size":[-0.2811,-0.492]},"up":{"uv":[8.1497,4.0794],"uv_size":[0.4217,0.492]},"down":{"uv":[8.1497,4.0794],"uv_size":[0.4217,0.492]}}}],"name":"rot_59"},{"parent":"geyser_custom_z","pivot":[-7.5,25,-5.5],"rotation":[0,0,22.5],"cubes":[{"origin":[2.3,-3.9,-7.1],"size":[3,2,3.4],"pivot":[-7.5,25,-5.5],"uv":{"north":{"uv":[8.5646,4.0669],"uv_size":[-0.4217,-0.2811]},"south":{"uv":[8.5646,4.0669],"uv_size":[-0.4217,-0.2811]},"east":{"uv":[8.1383,4.5634],"uv_size":[-0.2811,-0.492]},"west":{"uv":[8.1383,4.5634],"uv_size":[-0.2811,-0.492]},"up":{"uv":[8.5646,4.5634],"uv_size":[-0.4217,-0.492]},"down":{"uv":[8.5646,4.5634],"uv_size":[-0.4217,-0.492]}}}],"name":"rot_60"},{"parent":"geyser_custom_z","pivot":[-7.5,25,5.5],"rotation":[0,0,22.5],"cubes":[{"origin":[2.3,-3.9,3.7],"size":[3,2,3.4],"pivot":[-7.5,25,5.5],"uv":{"north":{"uv":[8.1497,4.0669],"uv_size":[0.4217,-0.2811]},"south":{"uv":[8.1497,4.0669],"uv_size":[0.4217,-0.2811]},"east":{"uv":[8.1383,4.0794],"uv_size":[-0.2811,0.492]},"west":{"uv":[8.1383,4.0794],"uv_size":[-0.2811,0.492]},"up":{"uv":[8.5646,4.0794],"uv_size":[-0.4217,0.492]},"down":{"uv":[8.5646,4.0794],"uv_size":[-0.4217,0.492]}}}],"name":"rot_61"},{"parent":"geyser_custom_z","pivot":[-9.1529,0.3236,-5.75],"rotation":[0,0,22.5],"cubes":[{"origin":[-12.8528,-1.6158,-5.9],"size":[2,1.8,0.8],"pivot":[-9.1529,0.3236,-5.75],"uv":{"north":{"uv":[9.147,6.4331],"uv_size":[0.253,0.2811]},"south":{"uv":[9.3959,6.4331],"uv_size":[-0.253,0.2811]},"east":{"uv":[9.1102,6.3233],"uv_size":[-0.253,0.1125]},"west":{"uv":[9.1102,6.3233],"uv_size":[-0.253,0.1125]},"up":{"uv":[8.8526,6.3233],"uv_size":[-0.2811,0.1125]},"down":{"uv":[8.8526,6.3233],"uv_size":[-0.2811,0.1125]}}}],"name":"rot_62"},{"parent":"geyser_custom_z","pivot":[1.5,21.5,-2],"rotation":[0,-45,0],"cubes":[{"origin":[-0.5,-10,-15.5],"size":[0,9,9],"pivot":[1.5,21.5,-2],"uv":{"north":{"uv":[13.7143,11.4394],"uv_size":[0,0.6677]},"south":{"uv":[13.7143,11.4394],"uv_size":[0,0.6677]},"east":{"uv":[13.7303,12.4446],"uv_size":[1.2697,1.2697]},"west":{"uv":[14.984,12.4446],"uv_size":[-1.2697,1.2697]},"up":{"uv":[14.1009,11.4286],"uv_size":[-0.3866,0]},"down":{"uv":[14.1009,11.4286],"uv_size":[-0.3866,0]}}}],"name":"rot_63"},{"parent":"geyser_custom_z","pivot":[-11.0424,-8.1697,-5.9401],"rotation":[0,-45,0],"cubes":[{"origin":[-8.2291,-9.9122,-2.9418],"size":[3.4,3.57,3.4],"pivot":[-11.0424,-8.1697,-5.9401],"uv":{"north":{"uv":[12.4206,5.0634],"uv_size":[-0.492,-0.492]},"south":{"uv":[12.4206,5.5634],"uv_size":[-0.492,-0.492]},"east":{"uv":[11.9206,4.5794],"uv_size":[-0.492,0.492]},"west":{"uv":[11.9206,4.5794],"uv_size":[-0.492,0.492]},"up":{"uv":[11.4366,5.5634],"uv_size":[0.492,-0.492]},"down":{"uv":[11.9206,5.5634],"uv_size":[-0.492,-0.492]}}},{"origin":[-17.4695,-8.7222,-11.6722],"size":[2.55,1.02,2.72],"pivot":[-11.0424,-8.1697,-5.9401],"uv":{"north":{"uv":[4.712,4.22],"uv_size":[-0.1406,0.3514]},"south":{"uv":[4.212,4.22],"uv_size":[-0.1406,0.3514]},"east":{"uv":[4.5657,4.0737],"uv_size":[-0.3514,0.1406]},"west":{"uv":[4.5657,4.0737],"uv_size":[-0.3514,0.1406]},"up":{"uv":[4.22,4.22],"uv_size":[0.3514,0.3514]},"down":{"uv":[4.5657,4.22],"uv_size":[-0.3514,0.3514]}}}],"name":"rot_64"},{"parent":"geyser_custom_z","pivot":[13,-6,-16],"rotation":[0,0,45],"cubes":[{"origin":[1.7,-7,-9],"size":[5.3,1,2],"pivot":[13,-6,-16],"uv":{"north":{"uv":[9.8686,13.5737],"uv_size":[0.7029,0.1406]},"south":{"uv":[9.8686,13.5737],"uv_size":[0.7029,0.1406]},"east":{"uv":[9.8617,13.4309],"uv_size":[0.2811,0.1406]},"west":{"uv":[9.8617,13.4309],"uv_size":[0.2811,0.1406]},"up":{"uv":[9.8457,13.7097],"uv_size":[-0.7029,-0.2811]},"down":{"uv":[9.8457,13.7097],"uv_size":[-0.7029,-0.2811]}}}],"name":"rot_65"},{"parent":"geyser_custom_z","pivot":[9.1529,0.3236,-5.75],"rotation":[0,0,45],"cubes":[{"origin":[5.4786,-3.2669,-6.6],"size":[2,2,2.1],"pivot":[9.1529,0.3236,-5.75],"uv":{"north":{"uv":[8.3526,7.0046],"uv_size":[-0.2811,0.2811]},"south":{"uv":[8.3526,7.2811],"uv_size":[-0.2811,-0.2811]},"east":{"uv":[7.7809,7.2811],"uv_size":[-0.2952,-0.2811]},"west":{"uv":[7.7809,7.2811],"uv_size":[-0.2952,-0.2811]},"up":{"uv":[7.7903,7.0046],"uv_size":[0.2811,0.2811]},"down":{"uv":[7.7903,7.0046],"uv_size":[0.2811,0.2811]}}},{"origin":[10.7141,2.9687,-5.8],"size":[1.6,1.5,0.6],"pivot":[9.1529,0.3236,-5.75],"uv":{"north":{"uv":[9.3537,6.2177],"uv_size":[-0.2109,0.2109]},"south":{"uv":[9.3537,6.4251],"uv_size":[-0.2109,-0.2109]},"east":{"uv":[9.4274,6.4251],"uv_size":[-0.0703,-0.2109]},"west":{"uv":[9.4274,6.4251],"uv_size":[-0.0703,-0.2109]},"up":{"uv":[9.1463,6.144],"uv_size":[0.2109,0.0703]},"down":{"uv":[9.1463,6.144],"uv_size":[0.2109,0.0703]}}}],"name":"rot_66"},{"parent":"geyser_custom_z","pivot":[1.5,-4.5,-8],"rotation":[0,0,45],"cubes":[{"origin":[2,-6.9,-8],"size":[1,2,1],"pivot":[1.5,-4.5,-8],"uv":{"north":{"uv":[8.5737,9.1383],"uv_size":[0.1406,-0.2811]},"south":{"uv":[8.5737,9.1383],"uv_size":[0.1406,-0.2811]},"east":{"uv":[8.4309,9.1383],"uv_size":[0.1406,-0.2811]},"west":{"uv":[8.4309,9.1383],"uv_size":[0.1406,-0.2811]},"up":{"uv":[8.4263,8.7166],"uv_size":[-0.1406,0.1406]},"down":{"uv":[8.4263,8.7166],"uv_size":[-0.1406,0.1406]}}}],"name":"rot_67"},{"parent":"geyser_custom_z","pivot":[-1.5,-4.5,-8],"rotation":[0,0,45],"cubes":[{"origin":[-3,-4.1,-8],"size":[1,2,1],"pivot":[-1.5,-4.5,-8],"uv":{"north":{"uv":[8.712,8.8617],"uv_size":[-0.1406,0.2811]},"south":{"uv":[8.712,8.8617],"uv_size":[-0.1406,0.2811]},"east":{"uv":[8.5691,8.8617],"uv_size":[-0.1406,0.2811]},"west":{"uv":[8.5691,8.8617],"uv_size":[-0.1406,0.2811]},"up":{"uv":[8.288,8.8549],"uv_size":[0.1406,-0.1406]},"down":{"uv":[8.288,8.8549],"uv_size":[0.1406,-0.1406]}}}],"name":"rot_68"},{"parent":"geyser_custom_z","pivot":[-3,2.5,-16],"rotation":[0,0,45],"cubes":[{"origin":[3,2.5,-9],"size":[5.3,1,2],"pivot":[-3,2.5,-16],"uv":{"north":{"uv":[10.56,13.712],"uv_size":[-0.7029,-0.1406]},"south":{"uv":[10.56,13.712],"uv_size":[-0.7029,-0.1406]},"east":{"uv":[10.1383,13.5691],"uv_size":[-0.2811,-0.1406]},"west":{"uv":[10.1383,13.5691],"uv_size":[-0.2811,-0.1406]},"up":{"uv":[9.1543,13.4331],"uv_size":[0.7029,0.2811]},"down":{"uv":[9.1543,13.4331],"uv_size":[0.7029,0.2811]}}}],"name":"rot_69"},{"parent":"geyser_custom_z","pivot":[-13,2.5,-16],"rotation":[0,0,45],"cubes":[{"origin":[-7,2.5,-8.9],"size":[5.3,1,1.8],"pivot":[-13,2.5,-16],"uv":{"north":{"uv":[10.56,13.712],"uv_size":[-0.7029,-0.1406]},"south":{"uv":[10.56,13.712],"uv_size":[-0.7029,-0.1406]},"east":{"uv":[10.1383,13.5691],"uv_size":[-0.2811,-0.1406]},"west":{"uv":[10.1383,13.5691],"uv_size":[-0.2811,-0.1406]},"up":{"uv":[9.1543,13.4331],"uv_size":[0.7029,0.2811]},"down":{"uv":[9.1543,13.4331],"uv_size":[0.7029,0.2811]}}},{"origin":[-7,6.7,-8.9],"size":[5.3,1,1.8],"pivot":[-13,2.5,-16],"uv":{"north":{"uv":[10.56,13.712],"uv_size":[-0.7029,-0.1406]},"south":{"uv":[10.56,13.712],"uv_size":[-0.7029,-0.1406]},"east":{"uv":[10.1383,13.5691],"uv_size":[-0.2811,-0.1406]},"west":{"uv":[10.1383,13.5691],"uv_size":[-0.2811,-0.1406]},"up":{"uv":[9.1543,13.4331],"uv_size":[0.7029,0.2811]},"down":{"uv":[9.1543,13.4331],"uv_size":[0.7029,0.2811]}}}],"name":"rot_70"}]}]}
