{"format_version":"1.16.0","minecraft:geometry":[{"description":{"identifier":"geometry.geyser_custom.geo_b21a13f","texture_width":16,"texture_height":16,"visible_bounds_width":4,"visible_bounds_height":4.5,"visible_bounds_offset":[0,0.75,0]},"bones":[{"name":"geyser_custom","binding":"c.item_slot == 'head' ? 'head' : q.item_slot_to_bone_name(c.item_slot)","pivot":[0,8,0]},{"name":"geyser_custom_x","parent":"geyser_custom","pivot":[0,8,0]},{"name":"geyser_custom_y","parent":"geyser_custom_x","pivot":[0,8,0]},{"name":"geyser_custom_z","parent":"geyser_custom_y","pivot":[0,8,0],"cubes":[]},{"parent":"geyser_custom_z","pivot":[8.3,-4,8.1],"rotation":[0,45,0],"cubes":[{"origin":[9.7,-10,-4.7],"size":[0,3,2.8],"pivot":[8.3,-4,8.1],"uv":{"north":{"uv":[4,9.1589],"uv_size":[0,2.0554]},"south":{"uv":[4.1429,9.1589],"uv_size":[0,2.0554]},"east":{"uv":[6.848,10.2926],"uv_size":[-0.5623,0.4217]},"west":{"uv":[6.2949,10.2926],"uv_size":[0.5623,0.4217]},"up":{"uv":[5.2697,9.1429],"uv_size":[-0.984,0]},"down":{"uv":[5.2697,9.2857],"uv_size":[-0.984,0]}}}],"name":"rot_1"},{"parent":"geyser_custom_z","pivot":[8.2,-2,8.1],"rotation":[0,45,0],"cubes":[{"origin":[9.6,-7.5,-4.7],"size":[0,3,2.8],"pivot":[8.2,-2,8.1],"uv":{"north":{"uv":[4,9.1589],"uv_size":[0,2.0554]},"south":{"uv":[4.1429,9.1589],"uv_size":[0,2.0554]},"east":{"uv":[6.848,10.2926],"uv_size":[-0.5623,0.4217]},"west":{"uv":[6.2949,10.2926],"uv_size":[0.5623,0.4217]},"up":{"uv":[5.2697,9.1429],"uv_size":[-0.984,0]},"down":{"uv":[5.2697,9.2857],"uv_size":[-0.984,0]}}}],"name":"rot_2"},{"parent":"geyser_custom_z","pivot":[8,-5,-8.3],"rotation":[0,45,0],"cubes":[{"origin":[-4.8,-10.5,-9.7],"size":[2.8,3,0],"pivot":[8,-5,-8.3],"uv":{"north":{"uv":[6.2949,10.2926],"uv_size":[0.5623,0.4217]},"south":{"uv":[6.848,10.2926],"uv_size":[-0.5623,0.4217]},"east":{"uv":[4,9.1589],"uv_size":[0,2.0554]},"west":{"uv":[4.1429,9.1589],"uv_size":[0,2.0554]},"up":{"uv":[4.3017,9.1429],"uv_size":[0.984,0]},"down":{"uv":[4.3017,9.2857],"uv_size":[0.984,0]}}}],"name":"rot_3"},{"parent":"geyser_custom_z","pivot":[8,-2.5,-8.2],"rotation":[0,45,0],"cubes":[{"origin":[-4.8,-8,-9.6],"size":[2.8,3,0],"pivot":[8,-2.5,-8.2],"uv":{"north":{"uv":[6.2949,10.2926],"uv_size":[0.5623,0.4217]},"south":{"uv":[6.848,10.2926],"uv_size":[-0.5623,0.4217]},"east":{"uv":[4,9.1589],"uv_size":[0,2.0554]},"west":{"uv":[4.1429,9.1589],"uv_size":[0,2.0554]},"up":{"uv":[4.3017,9.1429],"uv_size":[0.984,0]},"down":{"uv":[4.3017,9.2857],"uv_size":[0.984,0]}}}],"name":"rot_4"},{"parent":"geyser_custom_z","pivot":[0,7,-2.9],"rotation":[0,45,0],"cubes":[{"origin":[-2,4.1,-6.4],"size":[0,3,3],"pivot":[0,7,-2.9],"uv":{"north":{"uv":[5.2697,9.2857],"uv_size":[-0.984,0]},"south":{"uv":[5.2697,9.1429],"uv_size":[-0.984,0]},"east":{"uv":[6.848,10.7074],"uv_size":[-0.5623,-0.4217]},"west":{"uv":[6.2949,10.7074],"uv_size":[0.5623,-0.4217]},"up":{"uv":[4.1429,9.1589],"uv_size":[0,2.0554]},"down":{"uv":[4,9.1589],"uv_size":[0,2.0554]}}},{"origin":[-2,7,-6.4],"size":[0,2.8,3],"pivot":[0,7,-2.9],"uv":{"north":{"uv":[4.3017,9.2857],"uv_size":[0.984,0]},"south":{"uv":[4.3017,9.1429],"uv_size":[0.984,0]},"east":{"uv":[6.2949,10.7074],"uv_size":[0.5623,-0.4217]},"west":{"uv":[6.848,10.7074],"uv_size":[-0.5623,-0.4217]},"up":{"uv":[4,9.1589],"uv_size":[0,2.0554]},"down":{"uv":[4.1429,9.1589],"uv_size":[0,2.0554]}}}],"name":"rot_5"},{"parent":"geyser_custom_z","pivot":[-8,-5,8.3],"rotation":[0,45,0],"cubes":[{"origin":[1.9,-10.5,9.6],"size":[3,3,0],"pivot":[-8,-5,8.3],"uv":{"north":{"uv":[6.848,10.2926],"uv_size":[-0.5623,0.4217]},"south":{"uv":[6.2949,10.2926],"uv_size":[0.5623,0.4217]},"east":{"uv":[4.1429,9.1589],"uv_size":[0,2.0554]},"west":{"uv":[4,9.1589],"uv_size":[0,2.0554]},"up":{"uv":[5.2697,9.1429],"uv_size":[-0.984,0]},"down":{"uv":[5.2697,9.2857],"uv_size":[-0.984,0]}}}],"name":"rot_6"},{"parent":"geyser_custom_z","pivot":[-8,-2.5,8.2],"rotation":[0,45,0],"cubes":[{"origin":[1.9,-8,9.5],"size":[3,3,0],"pivot":[-8,-2.5,8.2],"uv":{"north":{"uv":[6.848,10.2926],"uv_size":[-0.5623,0.4217]},"south":{"uv":[6.2949,10.2926],"uv_size":[0.5623,0.4217]},"east":{"uv":[4.1429,9.1589],"uv_size":[0,2.0554]},"west":{"uv":[4,9.1589],"uv_size":[0,2.0554]},"up":{"uv":[5.2697,9.1429],"uv_size":[-0.984,0]},"down":{"uv":[5.2697,9.2857],"uv_size":[-0.984,0]}}}],"name":"rot_7"},{"parent":"geyser_custom_z","pivot":[-8.4,-2,-7.9],"rotation":[0,45,0],"cubes":[{"origin":[-9.7,-7.5,2],"size":[0,3,3],"pivot":[-8.4,-2,-7.9],"uv":{"north":{"uv":[4.1429,9.1589],"uv_size":[0,2.0554]},"south":{"uv":[4,9.1589],"uv_size":[0,2.0554]},"east":{"uv":[6.2949,10.2926],"uv_size":[0.5623,0.4217]},"west":{"uv":[6.848,10.2926],"uv_size":[-0.5623,0.4217]},"up":{"uv":[4.3017,9.1429],"uv_size":[0.984,0]},"down":{"uv":[4.3017,9.2857],"uv_size":[0.984,0]}}}],"name":"rot_8"},{"parent":"geyser_custom_z","pivot":[-8.5,-4,-7.9],"rotation":[0,45,0],"cubes":[{"origin":[-9.8,-10,2],"size":[0,3,3],"pivot":[-8.5,-4,-7.9],"uv":{"north":{"uv":[4.1429,9.1589],"uv_size":[0,2.0554]},"south":{"uv":[4,9.1589],"uv_size":[0,2.0554]},"east":{"uv":[6.2949,10.2926],"uv_size":[0.5623,0.4217]},"west":{"uv":[6.848,10.2926],"uv_size":[-0.5623,0.4217]},"up":{"uv":[4.3017,9.1429],"uv_size":[0.984,0]},"down":{"uv":[4.3017,9.2857],"uv_size":[0.984,0]}}}],"name":"rot_9"},{"parent":"geyser_custom_z","pivot":[-12,7,2.9],"rotation":[0,45,0],"cubes":[{"origin":[-1.5,7,12],"size":[0,2.8,3],"pivot":[-12,7,2.9],"uv":{"north":{"uv":[4.3017,9.1429],"uv_size":[0.984,0]},"south":{"uv":[4.3017,9.2857],"uv_size":[0.984,0]},"east":{"uv":[6.848,10.7074],"uv_size":[-0.5623,-0.4217]},"west":{"uv":[6.2949,10.7074],"uv_size":[0.5623,-0.4217]},"up":{"uv":[4,11.1983],"uv_size":[0,-2.0554]},"down":{"uv":[4.1429,11.1983],"uv_size":[0,-2.0554]}}},{"origin":[-1.5,4.1,12],"size":[0,3,3],"pivot":[-12,7,2.9],"uv":{"north":{"uv":[5.2697,9.1429],"uv_size":[-0.984,0]},"south":{"uv":[5.2697,9.2857],"uv_size":[-0.984,0]},"east":{"uv":[6.2949,10.7074],"uv_size":[0.5623,-0.4217]},"west":{"uv":[6.848,10.7074],"uv_size":[-0.5623,-0.4217]},"up":{"uv":[4.1429,11.1983],"uv_size":[0,-2.0554]},"down":{"uv":[4,11.1983],"uv_size":[0,-2.0554]}}}],"name":"rot_10"},{"parent":"geyser_custom_z","pivot":[8,4,-8],"rotation":[0,0,-45],"cubes":[{"origin":[-6.3,1,-1.1],"size":[2,2,2.2],"pivot":[8,4,-8],"uv":{"north":{"uv":[4.7811,10.4331],"uv_size":[-0.2811,0.2811]},"south":{"uv":[4.7811,10.4331],"uv_size":[-0.2811,0.2811]},"east":{"uv":[4.7811,10.7189],"uv_size":[-0.2811,0.2811]},"west":{"uv":[4.7811,10.7189],"uv_size":[-0.2811,0.2811]},"up":{"uv":[4.7811,10.7189],"uv_size":[-0.2811,0.2811]},"down":{"uv":[4.7811,10.7189],"uv_size":[-0.2811,0.2811]}}},{"origin":[-7.3,0,-1],"size":[2,2,2],"pivot":[8,4,-8],"uv":{"north":{"uv":[4.7811,10.4331],"uv_size":[-0.2811,0.2811]},"south":{"uv":[4.7811,10.4331],"uv_size":[-0.2811,0.2811]},"east":{"uv":[4.7811,10.7189],"uv_size":[-0.2811,0.2811]},"west":{"uv":[4.7811,10.7189],"uv_size":[-0.2811,0.2811]},"up":{"uv":[4.7811,10.7189],"uv_size":[-0.2811,0.2811]},"down":{"uv":[4.7811,10.7189],"uv_size":[-0.2811,0.2811]}}}],"name":"rot_11"},{"parent":"geyser_custom_z","pivot":[9.1361,24.5,4.9113],"rotation":[0,-0,0],"cubes":[{"origin":[1.6361,9,-0.0887],"size":[9,9,0],"pivot":[9.1361,24.5,4.9113],"uv":{"north":{"uv":[13.7303,12.4446],"uv_size":[1.2697,1.2697]},"south":{"uv":[14.984,12.4446],"uv_size":[-1.2697,1.2697]},"east":{"uv":[13.7143,12.7697],"uv_size":[0,-1.3411]},"west":{"uv":[13.7143,12.7697],"uv_size":[0,-1.3411]},"up":{"uv":[14.4874,11.4286],"uv_size":[-0.7731,0]},"down":{"uv":[14.4874,11.4286],"uv_size":[-0.7731,0]}}}],"name":"rot_12"},{"parent":"geyser_custom_z","pivot":[8,-3,-8],"rotation":[0,-0,0],"cubes":[{"origin":[-1,-7,-1],"size":[2,9,2],"pivot":[8,-3,-8],"uv":{"north":{"uv":[5.0669,9.1589],"uv_size":[-0.2811,1.2697]},"south":{"uv":[5.0669,9.1589],"uv_size":[-0.2811,1.2697]},"east":{"uv":[4.7811,9.1589],"uv_size":[-0.2811,1.2697]},"west":{"uv":[4.5046,9.1589],"uv_size":[0.2811,1.2697]},"up":{"uv":[4.7903,10.7097],"uv_size":[0.2811,-0.2811]},"down":{"uv":[4.7903,10.4331],"uv_size":[0.2811,0.2811]}}}],"name":"rot_13"},{"parent":"geyser_custom_z","pivot":[8,4,-8],"rotation":[0,-0,0],"cubes":[{"origin":[-1.5,-13,0],"size":[3,6,0],"pivot":[8,4,-8],"uv":{"north":{"uv":[6.2074,10.2994],"uv_size":[-0.4217,0.8434]},"south":{"uv":[6.2074,10.2994],"uv_size":[-0.4217,0.8434]},"east":{"uv":[5.7857,10.2994],"uv_size":[0,0.8434]},"west":{"uv":[5.7857,10.2994],"uv_size":[0,0.8434]},"up":{"uv":[5.7143,10.2949],"uv_size":[0,0.5623]},"down":{"uv":[5.7143,10.2949],"uv_size":[0,0.5623]}}},{"origin":[0,-13,-1],"size":[0,6,2],"pivot":[8,4,-8],"uv":{"north":{"uv":[5.7857,10.2994],"uv_size":[0,0.8434]},"south":{"uv":[5.7857,10.2994],"uv_size":[0,0.8434]},"east":{"uv":[6.1383,10.2994],"uv_size":[-0.2811,0.8434]},"west":{"uv":[6.1383,10.2994],"uv_size":[-0.2811,0.8434]},"up":{"uv":[5.7143,10.848],"uv_size":[0,-0.5623]},"down":{"uv":[5.7143,10.848],"uv_size":[0,-0.5623]}}}],"name":"rot_14"},{"parent":"geyser_custom_z","pivot":[2,0,-8],"rotation":[0,-0,0],"cubes":[{"origin":[-2,2,-2],"size":[4,10,4],"pivot":[2,0,-8],"uv":{"north":{"uv":[13.5806,0.8731],"uv_size":[0.5623,1.4126]},"south":{"uv":[13.5806,0.8731],"uv_size":[0.5623,1.4126]},"east":{"uv":[13.5806,0.8731],"uv_size":[0.5623,1.4126]},"west":{"uv":[13.5806,0.8731],"uv_size":[0.5623,1.4126]},"up":{"uv":[14.1337,2.848],"uv_size":[-0.5623,-0.5623]},"down":{"uv":[14.1337,2.848],"uv_size":[-0.5623,-0.5623]}}}],"name":"rot_15"},{"parent":"geyser_custom_z","pivot":[-0.6,9,-8.1],"rotation":[0,-0,0],"cubes":[{"origin":[0,7,1.4],"size":[0,2.8,3],"pivot":[-0.6,9,-8.1],"uv":{"north":{"uv":[4.3017,9.1429],"uv_size":[0.984,0]},"south":{"uv":[4.3017,9.2857],"uv_size":[0.984,0]},"east":{"uv":[6.2949,10.2926],"uv_size":[0.5623,0.4217]},"west":{"uv":[6.848,10.2926],"uv_size":[-0.5623,0.4217]},"up":{"uv":[4,11.1983],"uv_size":[0,-2.0554]},"down":{"uv":[4.1429,11.1983],"uv_size":[0,-2.0554]}}}],"name":"rot_16"},{"parent":"geyser_custom_z","pivot":[-0.6,9,8.1],"rotation":[0,-0,0],"cubes":[{"origin":[1.9,7,0],"size":[3,2.8,0],"pivot":[-0.6,9,8.1],"uv":{"north":{"uv":[6.2949,10.7074],"uv_size":[0.5623,-0.4217]},"south":{"uv":[6.848,10.7074],"uv_size":[-0.5623,-0.4217]},"east":{"uv":[4.3017,9.1429],"uv_size":[0.984,0]},"west":{"uv":[4.3017,9.2857],"uv_size":[0.984,0]},"up":{"uv":[4,9.1589],"uv_size":[0,2.0554]},"down":{"uv":[4.1429,9.1589],"uv_size":[0,2.0554]}}},{"origin":[0,7,-4.4],"size":[0,2.8,3],"pivot":[-0.6,9,8.1],"uv":{"north":{"uv":[4.3017,9.2857],"uv_size":[0.984,0]},"south":{"uv":[4.3017,9.1429],"uv_size":[0.984,0]},"east":{"uv":[6.2949,10.7074],"uv_size":[0.5623,-0.4217]},"west":{"uv":[6.848,10.7074],"uv_size":[-0.5623,-0.4217]},"up":{"uv":[4,9.1589],"uv_size":[0,2.0554]},"down":{"uv":[4.1429,9.1589],"uv_size":[0,2.0554]}}}],"name":"rot_17"},{"parent":"geyser_custom_z","pivot":[-0.6,25,-8.1],"rotation":[0,-0,0],"cubes":[{"origin":[0,4.1,1.4],"size":[0,3,3],"pivot":[-0.6,25,-8.1],"uv":{"north":{"uv":[5.2697,9.1429],"uv_size":[-0.984,0]},"south":{"uv":[5.2697,9.2857],"uv_size":[-0.984,0]},"east":{"uv":[6.848,10.2926],"uv_size":[-0.5623,0.4217]},"west":{"uv":[6.2949,10.2926],"uv_size":[0.5623,0.4217]},"up":{"uv":[4.1429,11.1983],"uv_size":[0,-2.0554]},"down":{"uv":[4,11.1983],"uv_size":[0,-2.0554]}}}],"name":"rot_18"},{"parent":"geyser_custom_z","pivot":[-0.6,25,8.1],"rotation":[0,-0,0],"cubes":[{"origin":[1.9,4.1,0],"size":[3,3,0],"pivot":[-0.6,25,8.1],"uv":{"north":{"uv":[6.848,10.7074],"uv_size":[-0.5623,-0.4217]},"south":{"uv":[6.2949,10.7074],"uv_size":[0.5623,-0.4217]},"east":{"uv":[5.2697,9.1429],"uv_size":[-0.984,0]},"west":{"uv":[5.2697,9.2857],"uv_size":[-0.984,0]},"up":{"uv":[4.1429,9.1589],"uv_size":[0,2.0554]},"down":{"uv":[4,9.1589],"uv_size":[0,2.0554]}}},{"origin":[0,4.1,-4.4],"size":[0,3,3],"pivot":[-0.6,25,8.1],"uv":{"north":{"uv":[5.2697,9.2857],"uv_size":[-0.984,0]},"south":{"uv":[5.2697,9.1429],"uv_size":[-0.984,0]},"east":{"uv":[6.848,10.7074],"uv_size":[-0.5623,-0.4217]},"west":{"uv":[6.2949,10.7074],"uv_size":[0.5623,-0.4217]},"up":{"uv":[4.1429,9.1589],"uv_size":[0,2.0554]},"down":{"uv":[4,9.1589],"uv_size":[0,2.0554]}}}],"name":"rot_19"},{"parent":"geyser_custom_z","pivot":[-7,5.75,0],"rotation":[0,-0,0],"cubes":[{"origin":[-1,12,-1],"size":[2,2,2],"pivot":[-7,5.75,0],"uv":{"north":{"uv":[4.5046,9.7811],"uv_size":[0.2811,-0.2811]},"south":{"uv":[4.7811,9.7811],"uv_size":[-0.2811,-0.2811]},"east":{"uv":[4.7811,9.7811],"uv_size":[-0.2811,-0.2811]},"west":{"uv":[4.7811,9.7811],"uv_size":[-0.2811,-0.2811]},"up":{"uv":[4.7903,10.7097],"uv_size":[0.2811,-0.2811]},"down":{"uv":[4.7903,10.4331],"uv_size":[0.2811,0.2811]}}}],"name":"rot_20"},{"parent":"geyser_custom_z","pivot":[-11.4,9,8.1],"rotation":[0,-0,0],"cubes":[{"origin":[-4.9,7,0],"size":[3,2.8,0],"pivot":[-11.4,9,8.1],"uv":{"north":{"uv":[6.2949,10.2926],"uv_size":[0.5623,0.4217]},"south":{"uv":[6.848,10.2926],"uv_size":[-0.5623,0.4217]},"east":{"uv":[4.3017,9.2857],"uv_size":[0.984,0]},"west":{"uv":[4.3017,9.1429],"uv_size":[0.984,0]},"up":{"uv":[4,11.1983],"uv_size":[0,-2.0554]},"down":{"uv":[4.1429,11.1983],"uv_size":[0,-2.0554]}}}],"name":"rot_21"},{"parent":"geyser_custom_z","pivot":[-11.4,25,8.1],"rotation":[0,-0,0],"cubes":[{"origin":[-4.9,4.1,0],"size":[3,3,0],"pivot":[-11.4,25,8.1],"uv":{"north":{"uv":[6.848,10.2926],"uv_size":[-0.5623,0.4217]},"south":{"uv":[6.2949,10.2926],"uv_size":[0.5623,0.4217]},"east":{"uv":[5.2697,9.2857],"uv_size":[-0.984,0]},"west":{"uv":[5.2697,9.1429],"uv_size":[-0.984,0]},"up":{"uv":[4.1429,11.1983],"uv_size":[0,-2.0554]},"down":{"uv":[4,11.1983],"uv_size":[0,-2.0554]}}}],"name":"rot_22"},{"parent":"geyser_custom_z","pivot":[8.3,-4,-7.9],"rotation":[0,-45,0],"cubes":[{"origin":[9.6,-10,2],"size":[0,3,3],"pivot":[8.3,-4,-7.9],"uv":{"north":{"uv":[4.1429,9.1589],"uv_size":[0,2.0554]},"south":{"uv":[4,9.1589],"uv_size":[0,2.0554]},"east":{"uv":[6.2949,10.2926],"uv_size":[0.5623,0.4217]},"west":{"uv":[6.848,10.2926],"uv_size":[-0.5623,0.4217]},"up":{"uv":[4.3017,9.1429],"uv_size":[0.984,0]},"down":{"uv":[4.3017,9.2857],"uv_size":[0.984,0]}}}],"name":"rot_23"},{"parent":"geyser_custom_z","pivot":[8.2,-2,-7.9],"rotation":[0,-45,0],"cubes":[{"origin":[9.5,-7.5,2],"size":[0,3,3],"pivot":[8.2,-2,-7.9],"uv":{"north":{"uv":[4.1429,9.1589],"uv_size":[0,2.0554]},"south":{"uv":[4,9.1589],"uv_size":[0,2.0554]},"east":{"uv":[6.2949,10.2926],"uv_size":[0.5623,0.4217]},"west":{"uv":[6.848,10.2926],"uv_size":[-0.5623,0.4217]},"up":{"uv":[4.3017,9.1429],"uv_size":[0.984,0]},"down":{"uv":[4.3017,9.2857],"uv_size":[0.984,0]}}}],"name":"rot_24"},{"parent":"geyser_custom_z","pivot":[8,-5,8.3],"rotation":[0,-45,0],"cubes":[{"origin":[-4.8,-10.5,9.7],"size":[2.8,3,0],"pivot":[8,-5,8.3],"uv":{"north":{"uv":[6.2949,10.2926],"uv_size":[0.5623,0.4217]},"south":{"uv":[6.848,10.2926],"uv_size":[-0.5623,0.4217]},"east":{"uv":[4,9.1589],"uv_size":[0,2.0554]},"west":{"uv":[4.1429,9.1589],"uv_size":[0,2.0554]},"up":{"uv":[4.3017,9.1429],"uv_size":[0.984,0]},"down":{"uv":[4.3017,9.2857],"uv_size":[0.984,0]}}}],"name":"rot_25"},{"parent":"geyser_custom_z","pivot":[8,-2.5,8.2],"rotation":[0,-45,0],"cubes":[{"origin":[-4.8,-8,9.6],"size":[2.8,3,0],"pivot":[8,-2.5,8.2],"uv":{"north":{"uv":[6.2949,10.2926],"uv_size":[0.5623,0.4217]},"south":{"uv":[6.848,10.2926],"uv_size":[-0.5623,0.4217]},"east":{"uv":[4,9.1589],"uv_size":[0,2.0554]},"west":{"uv":[4.1429,9.1589],"uv_size":[0,2.0554]},"up":{"uv":[4.3017,9.1429],"uv_size":[0.984,0]},"down":{"uv":[4.3017,9.2857],"uv_size":[0.984,0]}}}],"name":"rot_26"},{"parent":"geyser_custom_z","pivot":[0,7,2.9],"rotation":[0,-45,0],"cubes":[{"origin":[-2,7,3.4],"size":[0,2.8,3],"pivot":[0,7,2.9],"uv":{"north":{"uv":[4.3017,9.1429],"uv_size":[0.984,0]},"south":{"uv":[4.3017,9.2857],"uv_size":[0.984,0]},"east":{"uv":[6.2949,10.2926],"uv_size":[0.5623,0.4217]},"west":{"uv":[6.848,10.2926],"uv_size":[-0.5623,0.4217]},"up":{"uv":[4,11.1983],"uv_size":[0,-2.0554]},"down":{"uv":[4.1429,11.1983],"uv_size":[0,-2.0554]}}},{"origin":[-2,4.1,3.4],"size":[0,3,3],"pivot":[0,7,2.9],"uv":{"north":{"uv":[5.2697,9.1429],"uv_size":[-0.984,0]},"south":{"uv":[5.2697,9.2857],"uv_size":[-0.984,0]},"east":{"uv":[6.848,10.2926],"uv_size":[-0.5623,0.4217]},"west":{"uv":[6.2949,10.2926],"uv_size":[0.5623,0.4217]},"up":{"uv":[4.1429,11.1983],"uv_size":[0,-2.0554]},"down":{"uv":[4,11.1983],"uv_size":[0,-2.0554]}}}],"name":"rot_27"},{"parent":"geyser_custom_z","pivot":[-8,-5,-8.3],"rotation":[0,-45,0],"cubes":[{"origin":[1.9,-10.5,-9.6],"size":[3,3,0],"pivot":[-8,-5,-8.3],"uv":{"north":{"uv":[6.848,10.2926],"uv_size":[-0.5623,0.4217]},"south":{"uv":[6.2949,10.2926],"uv_size":[0.5623,0.4217]},"east":{"uv":[4.1429,9.1589],"uv_size":[0,2.0554]},"west":{"uv":[4,9.1589],"uv_size":[0,2.0554]},"up":{"uv":[5.2697,9.1429],"uv_size":[-0.984,0]},"down":{"uv":[5.2697,9.2857],"uv_size":[-0.984,0]}}}],"name":"rot_28"},{"parent":"geyser_custom_z","pivot":[-8,-2.5,-8.2],"rotation":[0,-45,0],"cubes":[{"origin":[1.9,-8,-9.5],"size":[3,3,0],"pivot":[-8,-2.5,-8.2],"uv":{"north":{"uv":[6.848,10.2926],"uv_size":[-0.5623,0.4217]},"south":{"uv":[6.2949,10.2926],"uv_size":[0.5623,0.4217]},"east":{"uv":[4.1429,9.1589],"uv_size":[0,2.0554]},"west":{"uv":[4,9.1589],"uv_size":[0,2.0554]},"up":{"uv":[5.2697,9.1429],"uv_size":[-0.984,0]},"down":{"uv":[5.2697,9.2857],"uv_size":[-0.984,0]}}}],"name":"rot_29"},{"parent":"geyser_custom_z","pivot":[-8.4,-2,8.1],"rotation":[0,-45,0],"cubes":[{"origin":[-9.8,-7.5,-4.7],"size":[0,3,2.8],"pivot":[-8.4,-2,8.1],"uv":{"north":{"uv":[4,9.1589],"uv_size":[0,2.0554]},"south":{"uv":[4.1429,9.1589],"uv_size":[0,2.0554]},"east":{"uv":[6.848,10.2926],"uv_size":[-0.5623,0.4217]},"west":{"uv":[6.2949,10.2926],"uv_size":[0.5623,0.4217]},"up":{"uv":[5.2697,9.1429],"uv_size":[-0.984,0]},"down":{"uv":[5.2697,9.2857],"uv_size":[-0.984,0]}}}],"name":"rot_30"},{"parent":"geyser_custom_z","pivot":[-8.5,-4,8.1],"rotation":[0,-45,0],"cubes":[{"origin":[-9.9,-10,-4.7],"size":[0,3,2.8],"pivot":[-8.5,-4,8.1],"uv":{"north":{"uv":[4,9.1589],"uv_size":[0,2.0554]},"south":{"uv":[4.1429,9.1589],"uv_size":[0,2.0554]},"east":{"uv":[6.848,10.2926],"uv_size":[-0.5623,0.4217]},"west":{"uv":[6.2949,10.2926],"uv_size":[0.5623,0.4217]},"up":{"uv":[5.2697,9.1429],"uv_size":[-0.984,0]},"down":{"uv":[5.2697,9.2857],"uv_size":[-0.984,0]}}}],"name":"rot_31"},{"parent":"geyser_custom_z","pivot":[-12,7,-2.9],"rotation":[0,-45,0],"cubes":[{"origin":[-1.5,7,-15],"size":[0,2.8,3],"pivot":[-12,7,-2.9],"uv":{"north":{"uv":[4.3017,9.2857],"uv_size":[0.984,0]},"south":{"uv":[4.3017,9.1429],"uv_size":[0.984,0]},"east":{"uv":[6.848,10.2926],"uv_size":[-0.5623,0.4217]},"west":{"uv":[6.2949,10.2926],"uv_size":[0.5623,0.4217]},"up":{"uv":[4,9.1589],"uv_size":[0,2.0554]},"down":{"uv":[4.1429,9.1589],"uv_size":[0,2.0554]}}},{"origin":[-1.5,4.1,-15],"size":[0,3,3],"pivot":[-12,7,-2.9],"uv":{"north":{"uv":[5.2697,9.2857],"uv_size":[-0.984,0]},"south":{"uv":[5.2697,9.1429],"uv_size":[-0.984,0]},"east":{"uv":[6.2949,10.2926],"uv_size":[0.5623,0.4217]},"west":{"uv":[6.848,10.2926],"uv_size":[-0.5623,0.4217]},"up":{"uv":[4.1429,9.1589],"uv_size":[0,2.0554]},"down":{"uv":[4,9.1589],"uv_size":[0,2.0554]}}}],"name":"rot_32"}]}]}
