{"format_version":"1.16.0","minecraft:geometry":[{"description":{"identifier":"geometry.geyser_custom.geo_e7dddc0","texture_width":16,"texture_height":16,"visible_bounds_width":4,"visible_bounds_height":4.5,"visible_bounds_offset":[0,0.75,0]},"bones":[{"name":"geyser_custom","binding":"c.item_slot == 'head' ? 'head' : q.item_slot_to_bone_name(c.item_slot)","pivot":[0,8,0]},{"name":"geyser_custom_x","parent":"geyser_custom","pivot":[0,8,0]},{"name":"geyser_custom_y","parent":"geyser_custom_x","pivot":[0,8,0]},{"name":"geyser_custom_z","parent":"geyser_custom_y","pivot":[0,8,0],"cubes":[{"origin":[0,18,-2],"size":[0,8,10],"uv":{"north":{"uv":[5.4286,12.5874],"uv_size":[0,1.1269]},"south":{"uv":[5.4286,12.5874],"uv_size":[0,1.1269]},"east":{"uv":[5.4446,12.5874],"uv_size":[1.4126,1.1269]},"west":{"uv":[6.8411,12.5874],"uv_size":[-1.4126,1.1269]},"up":{"uv":[3.6983,9.1429],"uv_size":[-1.4126,0]},"down":{"uv":[3.6983,9.1429],"uv_size":[-1.4126,0]}}}]},{"parent":"geyser_custom_z","pivot":[-0.5,22.5,-9],"rotation":[45,0,0],"cubes":[{"origin":[-0.5,21,-16.5],"size":[0,9,9],"pivot":[-0.5,22.5,-9],"uv":{"north":{"uv":[13.7143,11.4394],"uv_size":[0,0.6677]},"south":{"uv":[13.7143,11.4394],"uv_size":[0,0.6677]},"east":{"uv":[14.984,12.4446],"uv_size":[-1.2697,1.2697]},"west":{"uv":[13.7303,12.4446],"uv_size":[1.2697,1.2697]},"up":{"uv":[13.7206,11.4286],"uv_size":[0.3866,0]},"down":{"uv":[13.7206,11.4286],"uv_size":[0.3866,0]}}}],"name":"rot_1"},{"parent":"geyser_custom_z","pivot":[0,-4.2773,-4.25],"rotation":[0,0,-45],"cubes":[{"origin":[-2.1847,-9.8987,-1.6],"size":[2,2,2.1],"pivot":[0,-4.2773,-4.25],"uv":{"north":{"uv":[8.3526,7.2811],"uv_size":[-0.2811,-0.2811]},"south":{"uv":[8.3526,7.0046],"uv_size":[-0.2811,0.2811]},"east":{"uv":[7.7809,7.0046],"uv_size":[-0.2952,0.2811]},"west":{"uv":[7.7809,7.0046],"uv_size":[-0.2952,0.2811]},"up":{"uv":[7.7903,7.2811],"uv_size":[0.2811,-0.2811]},"down":{"uv":[7.7903,7.2811],"uv_size":[0.2811,-0.2811]}}},{"origin":[3.0508,-15.6343,-0.8],"size":[1.6,1.5,0.6],"pivot":[0,-4.2773,-4.25],"uv":{"north":{"uv":[9.3537,6.4251],"uv_size":[-0.2109,-0.2109]},"south":{"uv":[9.3537,6.2177],"uv_size":[-0.2109,0.2109]},"east":{"uv":[9.4274,6.2177],"uv_size":[-0.0703,0.2109]},"west":{"uv":[9.4274,6.2177],"uv_size":[-0.0703,0.2109]},"up":{"uv":[9.1463,6.2131],"uv_size":[0.2109,-0.0703]},"down":{"uv":[9.1463,6.2131],"uv_size":[0.2109,-0.0703]}}},{"origin":[-0.8892,-10.1817,-2],"size":[3,3,3],"pivot":[0,-4.2773,-4.25],"uv":{"north":{"uv":[10.7074,9.9931],"uv_size":[-0.4217,-0.4217]},"south":{"uv":[10.7074,10.4217],"uv_size":[-0.4217,-0.4217]},"east":{"uv":[10.7074,9.5646],"uv_size":[-0.4217,-0.4217]},"west":{"uv":[10.7074,9.5646],"uv_size":[-0.4217,-0.4217]},"up":{"uv":[10.2926,9.1497],"uv_size":[0.4217,0.4217]},"down":{"uv":[10.2926,9.1497],"uv_size":[0.4217,0.4217]}}}],"name":"rot_2"},{"parent":"geyser_custom_z","pivot":[0,20.2773,-4.25],"rotation":[0,0,-45],"cubes":[{"origin":[0.1847,23.8987,-1.6],"size":[2,2,2.1],"pivot":[0,20.2773,-4.25],"uv":{"north":{"uv":[8.076,7.0046],"uv_size":[0.2811,0.2811]},"south":{"uv":[8.076,7.2811],"uv_size":[0.2811,-0.2811]},"east":{"uv":[7.4905,7.2811],"uv_size":[0.2952,-0.2811]},"west":{"uv":[7.4905,7.2811],"uv_size":[0.2952,-0.2811]},"up":{"uv":[8.0669,7.0046],"uv_size":[-0.2811,0.2811]},"down":{"uv":[8.0669,7.0046],"uv_size":[-0.2811,0.2811]}}},{"origin":[-4.6508,30.1343,-0.8],"size":[1.6,1.5,0.6],"pivot":[0,20.2773,-4.25],"uv":{"north":{"uv":[9.1463,6.2177],"uv_size":[0.2109,0.2109]},"south":{"uv":[9.1463,6.4251],"uv_size":[0.2109,-0.2109]},"east":{"uv":[9.3583,6.4251],"uv_size":[0.0703,-0.2109]},"west":{"uv":[9.3583,6.4251],"uv_size":[0.0703,-0.2109]},"up":{"uv":[9.3537,6.144],"uv_size":[-0.2109,0.0703]},"down":{"uv":[9.3537,6.144],"uv_size":[-0.2109,0.0703]}}},{"origin":[-2.1819,23.2528,-2],"size":[3,3,3],"pivot":[0,20.2773,-4.25],"uv":{"north":{"uv":[10.2926,9.5783],"uv_size":[0.4217,0.4217]},"south":{"uv":[10.2926,10.0069],"uv_size":[0.4217,0.4217]},"east":{"uv":[10.2926,9.1497],"uv_size":[0.4217,0.4217]},"west":{"uv":[10.2926,9.1497],"uv_size":[0.4217,0.4217]},"up":{"uv":[10.7074,9.5646],"uv_size":[-0.4217,-0.4217]},"down":{"uv":[10.7074,9.5646],"uv_size":[-0.4217,-0.4217]}}}],"name":"rot_3"},{"parent":"geyser_custom_z","pivot":[0,20.2773,-4.25],"rotation":[22.5,0,0],"cubes":[{"origin":[-2,19.9842,-6.4317],"size":[4,3,5],"pivot":[0,20.2773,-4.25],"uv":{"north":{"uv":[13.7234,0.4354],"uv_size":[0.5623,0.4217]},"south":{"uv":[13.7234,0.4354],"uv_size":[0.5623,0.4217]},"east":{"uv":[13.5829,0.0069],"uv_size":[0.7029,0.4217]},"west":{"uv":[13.5829,0.0069],"uv_size":[0.7029,0.4217]},"up":{"uv":[14.848,0.7029],"uv_size":[-0.5623,-0.7029]},"down":{"uv":[14.848,0.7029],"uv_size":[-0.5623,-0.7029]}}}],"name":"rot_4"},{"parent":"geyser_custom_z","pivot":[0,-4.2773,-4.25],"rotation":[0,22.5,0],"cubes":[{"origin":[-1.9414,-6.1,-6.7949],"size":[5,3,6],"pivot":[0,-4.2773,-4.25],"uv":{"north":{"uv":[15.2971,2.5646],"uv_size":[0.7029,-0.4217]},"south":{"uv":[15.2971,2.5646],"uv_size":[0.7029,-0.4217]},"east":{"uv":[15.1566,2.136],"uv_size":[0.8434,-0.4217]},"west":{"uv":[15.1566,2.136],"uv_size":[0.8434,-0.4217]},"up":{"uv":[15.9886,0.8686],"uv_size":[-0.7029,0.7029]},"down":{"uv":[15.9886,0.8686],"uv_size":[-0.7029,0.7029]}}}],"name":"rot_5"},{"parent":"geyser_custom_z","pivot":[0,-0.5,13],"rotation":[0,22.5,0],"cubes":[{"origin":[10,-8,3],"size":[0,5,4],"pivot":[0,-0.5,13],"uv":{"north":{"uv":[6.1429,2.7743],"uv_size":[0,-0.7029]},"south":{"uv":[6.1429,2.7743],"uv_size":[0,-0.7029]},"east":{"uv":[6.1543,2.0806],"uv_size":[0.7029,0.5623]},"west":{"uv":[6.8457,2.0806],"uv_size":[-0.7029,0.5623]},"up":{"uv":[6.1429,2.0806],"uv_size":[0,0.5623]},"down":{"uv":[6.1429,2.0806],"uv_size":[0,0.5623]}}}],"name":"rot_6"},{"parent":"geyser_custom_z","pivot":[0,16.5,13],"rotation":[0,22.5,0],"cubes":[{"origin":[10,19,3],"size":[0,5,4],"pivot":[0,16.5,13],"uv":{"north":{"uv":[6.1429,2.0829],"uv_size":[0,0.7029]},"south":{"uv":[6.1429,2.0829],"uv_size":[0,0.7029]},"east":{"uv":[6.8457,2.0806],"uv_size":[-0.7029,0.5623]},"west":{"uv":[6.1543,2.0806],"uv_size":[0.7029,0.5623]},"up":{"uv":[6.1429,2.6337],"uv_size":[0,-0.5623]},"down":{"uv":[6.1429,2.6337],"uv_size":[0,-0.5623]}}}],"name":"rot_7"},{"parent":"geyser_custom_z","pivot":[0,20.2773,-4.25],"rotation":[0,22.5,0],"cubes":[{"origin":[-1.9414,19.1,-6.7949],"size":[5,3,6],"pivot":[0,20.2773,-4.25],"uv":{"north":{"uv":[15.2971,2.1497],"uv_size":[0.7029,0.4217]},"south":{"uv":[15.2971,2.1497],"uv_size":[0.7029,0.4217]},"east":{"uv":[15.1566,1.7211],"uv_size":[0.8434,0.4217]},"west":{"uv":[15.1566,1.7211],"uv_size":[0.8434,0.4217]},"up":{"uv":[15.9886,1.56],"uv_size":[-0.7029,-0.7029]},"down":{"uv":[15.9886,1.56],"uv_size":[-0.7029,-0.7029]}}}],"name":"rot_8"},{"parent":"geyser_custom_z","pivot":[0,-4.2773,-4.25],"rotation":[0,0,-22.5],"cubes":[{"origin":[4.7336,-12.2138,-1.3],"size":[2,2,1.5],"pivot":[0,-4.2773,-4.25],"uv":{"north":{"uv":[8.9954,7.2811],"uv_size":[-0.2811,-0.2811]},"south":{"uv":[8.7189,7.2811],"uv_size":[0.2811,-0.2811]},"east":{"uv":[8.4331,7.2109],"uv_size":[0.2811,-0.2109]},"west":{"uv":[8.4331,7.2109],"uv_size":[0.2811,-0.2109]},"up":{"uv":[9.1394,6.4331],"uv_size":[-0.2109,0.2811]},"down":{"uv":[9.1394,6.4331],"uv_size":[-0.2109,0.2811]}}},{"origin":[-0.6664,-8.5138,-1.7],"size":[2,2,2.3],"pivot":[0,-4.2773,-4.25],"uv":{"north":{"uv":[8.2189,7.2903],"uv_size":[0.2811,0.2811]},"south":{"uv":[8.2189,7.2903],"uv_size":[0.2811,0.2811]},"east":{"uv":[7.8514,7.2903],"uv_size":[-0.3514,0.2811]},"west":{"uv":[7.8514,7.2903],"uv_size":[-0.3514,0.2811]},"up":{"uv":[8.2086,7.2903],"uv_size":[-0.3514,0.2811]},"down":{"uv":[8.2086,7.2903],"uv_size":[-0.3514,0.2811]}}},{"origin":[-10.9329,-5.5216,-0.9],"size":[2,1.8,0.8],"pivot":[0,-4.2773,-4.25],"uv":{"north":{"uv":[9.3959,6.4331],"uv_size":[-0.253,0.2811]},"south":{"uv":[9.147,6.4331],"uv_size":[0.253,0.2811]},"east":{"uv":[8.8617,6.288],"uv_size":[0.2811,0.1406]},"west":{"uv":[8.8617,6.288],"uv_size":[0.2811,0.1406]},"up":{"uv":[8.8526,6.4263],"uv_size":[-0.2811,-0.1406]},"down":{"uv":[8.8526,6.4263],"uv_size":[-0.2811,-0.1406]}}}],"name":"rot_9"},{"parent":"geyser_custom_z","pivot":[0,20.2773,-4.25],"rotation":[0,0,-22.5],"cubes":[{"origin":[8.9329,19.7216,-0.9],"size":[2,1.8,0.8],"pivot":[0,20.2773,-4.25],"uv":{"north":{"uv":[9.147,6.7097],"uv_size":[0.253,-0.2811]},"south":{"uv":[9.3959,6.7097],"uv_size":[-0.253,-0.2811]},"east":{"uv":[9.1383,6.4263],"uv_size":[-0.2811,-0.1406]},"west":{"uv":[9.1383,6.4263],"uv_size":[-0.2811,-0.1406]},"up":{"uv":[8.576,6.288],"uv_size":[0.2811,0.1406]},"down":{"uv":[8.576,6.288],"uv_size":[0.2811,0.1406]}}},{"origin":[-6.7336,26.2138,-1.3],"size":[2,2,1.5],"pivot":[0,20.2773,-4.25],"uv":{"north":{"uv":[8.7189,7.0046],"uv_size":[0.2811,0.2811]},"south":{"uv":[8.9954,7.0046],"uv_size":[-0.2811,0.2811]},"east":{"uv":[8.7097,7.0034],"uv_size":[-0.2811,0.2109]},"west":{"uv":[8.7097,7.0034],"uv_size":[-0.2811,0.2109]},"up":{"uv":[8.932,6.7097],"uv_size":[0.2109,-0.2811]},"down":{"uv":[8.932,6.7097],"uv_size":[0.2109,-0.2811]}}},{"origin":[-1.3336,22.5138,-1.7],"size":[2,2,2.3],"pivot":[0,20.2773,-4.25],"uv":{"north":{"uv":[8.4954,7.5669],"uv_size":[-0.2811,-0.2811]},"south":{"uv":[8.4954,7.5669],"uv_size":[-0.2811,-0.2811]},"east":{"uv":[7.5057,7.5669],"uv_size":[0.3514,-0.2811]},"west":{"uv":[7.5057,7.5669],"uv_size":[0.3514,-0.2811]},"up":{"uv":[7.8629,7.5669],"uv_size":[0.3514,-0.2811]},"down":{"uv":[7.8629,7.5669],"uv_size":[0.3514,-0.2811]}}}],"name":"rot_10"},{"parent":"geyser_custom_z","pivot":[8,16,-8],"rotation":[0,-0,0],"cubes":[{"origin":[0,-10,-2],"size":[0,8,10],"pivot":[8,16,-8],"uv":{"north":{"uv":[5.4286,13.6983],"uv_size":[0,-1.1269]},"south":{"uv":[5.4286,13.6983],"uv_size":[0,-1.1269]},"east":{"uv":[5.4446,13.6983],"uv_size":[1.4126,-1.1269]},"west":{"uv":[6.8411,13.6983],"uv_size":[-1.4126,-1.1269]},"up":{"uv":[2.3017,9.1429],"uv_size":[1.4126,0]},"down":{"uv":[2.3017,9.1429],"uv_size":[1.4126,0]}}}],"name":"rot_11"},{"parent":"geyser_custom_z","pivot":[4,-8.4645,-0.864],"rotation":[0,-0,0],"cubes":[{"origin":[3.5,-9.7645,0.136],"size":[0,7,4],"pivot":[4,-8.4645,-0.864],"uv":{"north":{"uv":[2.2857,0.984],"uv_size":[0,-0.984]},"south":{"uv":[2.2857,0.984],"uv_size":[0,-0.984]},"east":{"uv":[2.3017,4.0091],"uv_size":[0.984,0.5623]},"west":{"uv":[3.2697,4.0091],"uv_size":[-0.984,0.5623]},"up":{"uv":[2.2857,0.0091],"uv_size":[0,0.5623]},"down":{"uv":[2.2857,0.0091],"uv_size":[0,0.5623]}}}],"name":"rot_12"},{"parent":"geyser_custom_z","pivot":[4,24.4645,-0.864],"rotation":[0,-0,0],"cubes":[{"origin":[3.5,18.7645,0.136],"size":[0,7,4],"pivot":[4,24.4645,-0.864],"uv":{"north":{"uv":[2.2857,0.016],"uv_size":[0,0.984]},"south":{"uv":[2.2857,0.016],"uv_size":[0,0.984]},"east":{"uv":[3.2697,4.0091],"uv_size":[-0.984,0.5623]},"west":{"uv":[2.3017,4.0091],"uv_size":[0.984,0.5623]},"up":{"uv":[2.2857,0.5623],"uv_size":[0,-0.5623]},"down":{"uv":[2.2857,0.5623],"uv_size":[0,-0.5623]}}}],"name":"rot_13"},{"parent":"geyser_custom_z","pivot":[0,-4.2773,-4.25],"rotation":[0,-0,0],"cubes":[{"origin":[-2.4,-6.1,-9],"size":[4.6,3.2,2],"pivot":[0,-4.2773,-4.25],"uv":{"north":{"uv":[14.6531,1.2789],"uv_size":[0.6326,-0.4217]},"south":{"uv":[14.6531,1.2789],"uv_size":[0.6326,-0.4217]},"east":{"uv":[15.0046,1.7074],"uv_size":[0.2811,-0.4217]},"west":{"uv":[15.0046,1.7074],"uv_size":[0.2811,-0.4217]},"up":{"uv":[14.9897,1.576],"uv_size":[-0.6326,0.2811]},"down":{"uv":[14.9897,1.576],"uv_size":[-0.6326,0.2811]}}},{"origin":[-5.7,-7,-3],"size":[11.2,4.1,3],"pivot":[0,-4.2773,-4.25],"uv":{"north":{"uv":[6.8731,12.7051],"uv_size":[1.4126,-0.5623]},"south":{"uv":[11.4446,3.2766],"uv_size":[1.4126,-0.5623]},"east":{"uv":[8.2926,12.7051],"uv_size":[0.4217,-0.5623]},"west":{"uv":[8.2926,12.7051],"uv_size":[0.4217,-0.5623]},"up":{"uv":[15.5554,4.0069],"uv_size":[-1.584,0.4217]},"down":{"uv":[15.5554,4.0069],"uv_size":[-1.584,0.4217]}}},{"origin":[2.4292,-9.7708,-1.5],"size":[5,2,1.9],"pivot":[0,-4.2773,-4.25],"uv":{"north":{"uv":[7.424,7.7029],"uv_size":[-0.2811,-0.7029]},"south":{"uv":[7.1474,7.7029],"uv_size":[0.2811,-0.7029]},"east":{"uv":[8.576,6.6957],"uv_size":[0.2811,-0.2671]},"west":{"uv":[8.576,6.6957],"uv_size":[0.2811,-0.2671]},"up":{"uv":[7.1242,7.0114],"uv_size":[-0.2671,0.7029]},"down":{"uv":[7.1242,7.0114],"uv_size":[-0.2671,0.7029]}}},{"origin":[-3,-3,-9],"size":[6,1,11],"pivot":[0,-4.2773,-4.25],"uv":{"north":{"uv":[5.0851,6.1451],"uv_size":[0.8434,0.1406]},"south":{"uv":[5.0851,6.1451],"uv_size":[0.8434,0.1406]},"east":{"uv":[4.9309,4.8017],"uv_size":[0.1406,1.5554]},"west":{"uv":[4.9309,6.3411],"uv_size":[0.1406,-1.5554]},"up":{"uv":[13.5577,1.5554],"uv_size":[-0.8434,-1.5554]},"down":{"uv":[5.9149,6.1269],"uv_size":[-0.8434,-1.5554]}}},{"origin":[-7.4292,-9.7708,-1.5],"size":[5,2,1.9],"pivot":[0,-4.2773,-4.25],"uv":{"north":{"uv":[7.424,7.0114],"uv_size":[-0.2811,0.7029]},"south":{"uv":[7.1474,7.0114],"uv_size":[0.2811,0.7029]},"east":{"uv":[8.576,6.4329],"uv_size":[0.2811,0.2671]},"west":{"uv":[8.576,6.4329],"uv_size":[0.2811,0.2671]},"up":{"uv":[7.1242,7.7029],"uv_size":[-0.2671,-0.7029]},"down":{"uv":[7.1242,7.7029],"uv_size":[-0.2671,-0.7029]}}},{"origin":[-2,-2,-13],"size":[0,5,11],"pivot":[0,-4.2773,-4.25],"uv":{"north":{"uv":[11.4286,0.0114],"uv_size":[0,0.7029]},"south":{"uv":[11.4286,0.0114],"uv_size":[0,0.7029]},"east":{"uv":[12.8686,1.7303],"uv_size":[0.7029,1.5554]},"west":{"uv":[12.8686,3.2697],"uv_size":[0.7029,-1.5554]},"up":{"uv":[11.4286,1.5554],"uv_size":[0,-1.5554]},"down":{"uv":[11.4286,1.5554],"uv_size":[0,-1.5554]}}},{"origin":[0,-2,-13],"size":[0,5,11],"pivot":[0,-4.2773,-4.25],"uv":{"north":{"uv":[11.4286,0.0114],"uv_size":[0,0.7029]},"south":{"uv":[11.4286,0.0114],"uv_size":[0,0.7029]},"east":{"uv":[12.8686,1.7303],"uv_size":[0.7029,1.5554]},"west":{"uv":[12.8686,3.2697],"uv_size":[0.7029,-1.5554]},"up":{"uv":[11.4286,1.5554],"uv_size":[0,-1.5554]},"down":{"uv":[11.4286,1.5554],"uv_size":[0,-1.5554]}}},{"origin":[2,-2,-13],"size":[0,5,11],"pivot":[0,-4.2773,-4.25],"uv":{"north":{"uv":[11.4286,0.0114],"uv_size":[0,0.7029]},"south":{"uv":[11.4286,0.0114],"uv_size":[0,0.7029]},"east":{"uv":[12.8686,1.7303],"uv_size":[0.7029,1.5554]},"west":{"uv":[12.8686,3.2697],"uv_size":[0.7029,-1.5554]},"up":{"uv":[11.4286,1.5554],"uv_size":[0,-1.5554]},"down":{"uv":[11.4286,1.5554],"uv_size":[0,-1.5554]}}}],"name":"rot_14"},{"parent":"geyser_custom_z","pivot":[0,20.2773,-4.25],"rotation":[0,-0,0],"cubes":[{"origin":[-2.4,18.9,-9],"size":[4.6,3.2,2],"pivot":[0,20.2773,-4.25],"uv":{"north":{"uv":[14.6531,0.864],"uv_size":[0.6326,0.4217]},"south":{"uv":[14.6531,0.864],"uv_size":[0.6326,0.4217]},"east":{"uv":[15.0046,1.2926],"uv_size":[0.2811,0.4217]},"west":{"uv":[15.0046,1.2926],"uv_size":[0.2811,0.4217]},"up":{"uv":[14.9897,1.8526],"uv_size":[-0.6326,-0.2811]},"down":{"uv":[14.9897,1.8526],"uv_size":[-0.6326,-0.2811]}}},{"origin":[-5.7,18.9,-3],"size":[11.2,4.1,3],"pivot":[0,20.2773,-4.25],"uv":{"north":{"uv":[6.8731,12.152],"uv_size":[1.4126,0.5623]},"south":{"uv":[11.4446,2.7234],"uv_size":[1.4126,0.5623]},"east":{"uv":[8.2926,12.152],"uv_size":[0.4217,0.5623]},"west":{"uv":[8.2926,12.152],"uv_size":[0.4217,0.5623]},"up":{"uv":[15.4126,4.4217],"uv_size":[-1.4126,-0.4217]},"down":{"uv":[15.4126,4.4217],"uv_size":[-1.4126,-0.4217]}}},{"origin":[2.4292,23.7708,-1.5],"size":[5,2,1.9],"pivot":[0,20.2773,-4.25],"uv":{"north":{"uv":[7.1474,7.7029],"uv_size":[0.2811,-0.7029]},"south":{"uv":[7.424,7.7029],"uv_size":[-0.2811,-0.7029]},"east":{"uv":[8.8526,6.6957],"uv_size":[-0.2811,-0.2671]},"west":{"uv":[8.8526,6.6957],"uv_size":[-0.2811,-0.2671]},"up":{"uv":[6.8615,7.0114],"uv_size":[0.2671,0.7029]},"down":{"uv":[6.8615,7.0114],"uv_size":[0.2671,0.7029]}}},{"origin":[-3,18,-9],"size":[6,1,11],"pivot":[0,20.2773,-4.25],"uv":{"north":{"uv":[5.0851,6.2834],"uv_size":[0.8434,-0.1406]},"south":{"uv":[5.0851,6.2834],"uv_size":[0.8434,-0.1406]},"east":{"uv":[5.0691,4.8017],"uv_size":[-0.1406,1.5554]},"west":{"uv":[5.0691,6.3411],"uv_size":[-0.1406,-1.5554]},"up":{"uv":[5.9149,4.5874],"uv_size":[-0.8434,1.5554]},"down":{"uv":[13.5577,0.016],"uv_size":[-0.8434,1.5554]}}},{"origin":[-7.4292,23.7708,-1.5],"size":[5,2,1.9],"pivot":[0,20.2773,-4.25],"uv":{"north":{"uv":[7.1474,7.0114],"uv_size":[0.2811,0.7029]},"south":{"uv":[7.424,7.0114],"uv_size":[-0.2811,0.7029]},"east":{"uv":[8.8526,6.4329],"uv_size":[-0.2811,0.2671]},"west":{"uv":[8.8526,6.4329],"uv_size":[-0.2811,0.2671]},"up":{"uv":[6.8615,7.7029],"uv_size":[0.2671,-0.7029]},"down":{"uv":[6.8615,7.7029],"uv_size":[0.2671,-0.7029]}}},{"origin":[-2,13,-13],"size":[0,5,11],"pivot":[0,20.2773,-4.25],"uv":{"north":{"uv":[11.4286,0.7029],"uv_size":[0,-0.7029]},"south":{"uv":[11.4286,0.7029],"uv_size":[0,-0.7029]},"east":{"uv":[13.56,1.7303],"uv_size":[-0.7029,1.5554]},"west":{"uv":[13.56,3.2697],"uv_size":[-0.7029,-1.5554]},"up":{"uv":[11.4286,0.016],"uv_size":[0,1.5554]},"down":{"uv":[11.4286,0.016],"uv_size":[0,1.5554]}}},{"origin":[0,13,-13],"size":[0,5,11],"pivot":[0,20.2773,-4.25],"uv":{"north":{"uv":[11.4286,0.7029],"uv_size":[0,-0.7029]},"south":{"uv":[11.4286,0.7029],"uv_size":[0,-0.7029]},"east":{"uv":[13.56,1.7303],"uv_size":[-0.7029,1.5554]},"west":{"uv":[13.56,3.2697],"uv_size":[-0.7029,-1.5554]},"up":{"uv":[11.4286,0.016],"uv_size":[0,1.5554]},"down":{"uv":[11.4286,0.016],"uv_size":[0,1.5554]}}},{"origin":[2,13,-13],"size":[0,5,11],"pivot":[0,20.2773,-4.25],"uv":{"north":{"uv":[11.4286,0.7029],"uv_size":[0,-0.7029]},"south":{"uv":[11.4286,0.7029],"uv_size":[0,-0.7029]},"east":{"uv":[13.56,1.7303],"uv_size":[-0.7029,1.5554]},"west":{"uv":[13.56,3.2697],"uv_size":[-0.7029,-1.5554]},"up":{"uv":[11.4286,0.016],"uv_size":[0,1.5554]},"down":{"uv":[11.4286,0.016],"uv_size":[0,1.5554]}}}],"name":"rot_15"},{"parent":"geyser_custom_z","pivot":[-4,-8.4645,-0.864],"rotation":[0,-0,0],"cubes":[{"origin":[-3.5,-9.7645,0.136],"size":[0,7,4],"pivot":[-4,-8.4645,-0.864],"uv":{"north":{"uv":[2.2857,0.984],"uv_size":[0,-0.984]},"south":{"uv":[2.2857,0.984],"uv_size":[0,-0.984]},"east":{"uv":[3.2697,4.5623],"uv_size":[-0.984,-0.5623]},"west":{"uv":[2.3017,4.5623],"uv_size":[0.984,-0.5623]},"up":{"uv":[2.2857,0.0091],"uv_size":[0,0.5623]},"down":{"uv":[2.2857,0.0091],"uv_size":[0,0.5623]}}}],"name":"rot_16"},{"parent":"geyser_custom_z","pivot":[-4,24.4645,-0.864],"rotation":[0,-0,0],"cubes":[{"origin":[-3.5,18.7645,0.136],"size":[0,7,4],"pivot":[-4,24.4645,-0.864],"uv":{"north":{"uv":[2.2857,0.016],"uv_size":[0,0.984]},"south":{"uv":[2.2857,0.016],"uv_size":[0,0.984]},"east":{"uv":[2.3017,4.5623],"uv_size":[0.984,-0.5623]},"west":{"uv":[3.2697,4.5623],"uv_size":[-0.984,-0.5623]},"up":{"uv":[2.2857,0.5623],"uv_size":[0,-0.5623]},"down":{"uv":[2.2857,0.5623],"uv_size":[0,-0.5623]}}}],"name":"rot_17"},{"parent":"geyser_custom_z","pivot":[0,-4.2773,-4.25],"rotation":[-22.5,0,0],"cubes":[{"origin":[-2,-6.9842,-6.4317],"size":[4,3,5],"pivot":[0,-4.2773,-4.25],"uv":{"north":{"uv":[13.7234,0.8503],"uv_size":[0.5623,-0.4217]},"south":{"uv":[13.7234,0.8503],"uv_size":[0.5623,-0.4217]},"east":{"uv":[13.5829,0.4217],"uv_size":[0.7029,-0.4217]},"west":{"uv":[13.5829,0.4217],"uv_size":[0.7029,-0.4217]},"up":{"uv":[14.848,0.0114],"uv_size":[-0.5623,0.7029]},"down":{"uv":[14.848,0.0114],"uv_size":[-0.5623,0.7029]}}}],"name":"rot_18"},{"parent":"geyser_custom_z","pivot":[0,-4.2773,-4.25],"rotation":[0,-22.5,0],"cubes":[{"origin":[-3.2974,-6,-6.868],"size":[5,3,6],"pivot":[0,-4.2773,-4.25],"uv":{"north":{"uv":[15.9886,2.1497],"uv_size":[-0.7029,0.4217]},"south":{"uv":[15.2971,2.5646],"uv_size":[0.7029,-0.4217]},"east":{"uv":[15.9863,2.136],"uv_size":[-0.8434,-0.4217]},"west":{"uv":[15.9863,2.136],"uv_size":[-0.8434,-0.4217]},"up":{"uv":[15.2971,0.8709],"uv_size":[0.7029,0.8434]},"down":{"uv":[15.2971,0.8709],"uv_size":[0.7029,0.8434]}}}],"name":"rot_19"},{"parent":"geyser_custom_z","pivot":[0,-0.5,13],"rotation":[0,-22.5,0],"cubes":[{"origin":[-10,-8,3],"size":[0,5,4],"pivot":[0,-0.5,13],"uv":{"north":{"uv":[6.1429,2.7743],"uv_size":[0,-0.7029]},"south":{"uv":[6.1429,2.7743],"uv_size":[0,-0.7029]},"east":{"uv":[6.8457,2.6337],"uv_size":[-0.7029,-0.5623]},"west":{"uv":[6.1543,2.6337],"uv_size":[0.7029,-0.5623]},"up":{"uv":[6.1429,2.0806],"uv_size":[0,0.5623]},"down":{"uv":[6.1429,2.0806],"uv_size":[0,0.5623]}}}],"name":"rot_20"},{"parent":"geyser_custom_z","pivot":[0,16.5,13],"rotation":[0,-22.5,0],"cubes":[{"origin":[-10,19,3],"size":[0,5,4],"pivot":[0,16.5,13],"uv":{"north":{"uv":[6.1429,2.0829],"uv_size":[0,0.7029]},"south":{"uv":[6.1429,2.0829],"uv_size":[0,0.7029]},"east":{"uv":[6.1543,2.6337],"uv_size":[0.7029,-0.5623]},"west":{"uv":[6.8457,2.6337],"uv_size":[-0.7029,-0.5623]},"up":{"uv":[6.1429,2.6337],"uv_size":[0,-0.5623]},"down":{"uv":[6.1429,2.6337],"uv_size":[0,-0.5623]}}}],"name":"rot_21"},{"parent":"geyser_custom_z","pivot":[0,20.2773,-4.25],"rotation":[0,-22.5,0],"cubes":[{"origin":[-3.2974,19,-6.868],"size":[5,3,6],"pivot":[0,20.2773,-4.25],"uv":{"north":{"uv":[15.9886,2.5646],"uv_size":[-0.7029,-0.4217]},"south":{"uv":[15.2971,2.1497],"uv_size":[0.7029,0.4217]},"east":{"uv":[15.9863,1.7211],"uv_size":[-0.8434,0.4217]},"west":{"uv":[15.9863,1.7211],"uv_size":[-0.8434,0.4217]},"up":{"uv":[15.2971,1.7006],"uv_size":[0.7029,-0.8434]},"down":{"uv":[15.2971,1.7006],"uv_size":[0.7029,-0.8434]}}}],"name":"rot_22"},{"parent":"geyser_custom_z","pivot":[0,-4.2773,-4.25],"rotation":[0,0,22.5],"cubes":[{"origin":[8.9329,-5.5216,-0.9],"size":[2,1.8,0.8],"pivot":[0,-4.2773,-4.25],"uv":{"north":{"uv":[9.3959,6.7097],"uv_size":[-0.253,-0.2811]},"south":{"uv":[9.147,6.7097],"uv_size":[0.253,-0.2811]},"east":{"uv":[8.8617,6.4263],"uv_size":[0.2811,-0.1406]},"west":{"uv":[8.8617,6.4263],"uv_size":[0.2811,-0.1406]},"up":{"uv":[8.576,6.4263],"uv_size":[0.2811,-0.1406]},"down":{"uv":[8.576,6.4263],"uv_size":[0.2811,-0.1406]}}},{"origin":[-6.7336,-12.2138,-1.3],"size":[2,2,1.5],"pivot":[0,-4.2773,-4.25],"uv":{"north":{"uv":[8.9954,7.0046],"uv_size":[-0.2811,0.2811]},"south":{"uv":[8.7189,7.0046],"uv_size":[0.2811,0.2811]},"east":{"uv":[8.4331,7.0034],"uv_size":[0.2811,0.2109]},"west":{"uv":[8.4331,7.0034],"uv_size":[0.2811,0.2109]},"up":{"uv":[9.1394,6.7097],"uv_size":[-0.2109,-0.2811]},"down":{"uv":[9.1394,6.7097],"uv_size":[-0.2109,-0.2811]}}},{"origin":[-1.3336,-8.5138,-1.7],"size":[2,2,2.3],"pivot":[0,-4.2773,-4.25],"uv":{"north":{"uv":[8.4954,7.2903],"uv_size":[-0.2811,0.2811]},"south":{"uv":[8.4954,7.2903],"uv_size":[-0.2811,0.2811]},"east":{"uv":[7.5057,7.2903],"uv_size":[0.3514,0.2811]},"west":{"uv":[7.5057,7.2903],"uv_size":[0.3514,0.2811]},"up":{"uv":[8.2086,7.5669],"uv_size":[-0.3514,-0.2811]},"down":{"uv":[8.2086,7.5669],"uv_size":[-0.3514,-0.2811]}}}],"name":"rot_23"},{"parent":"geyser_custom_z","pivot":[0,20.2773,-4.25],"rotation":[0,0,22.5],"cubes":[{"origin":[4.7336,26.2138,-1.3],"size":[2,2,1.5],"pivot":[0,20.2773,-4.25],"uv":{"north":{"uv":[8.7189,7.2811],"uv_size":[0.2811,-0.2811]},"south":{"uv":[8.9954,7.2811],"uv_size":[-0.2811,-0.2811]},"east":{"uv":[8.7097,7.2109],"uv_size":[-0.2811,-0.2109]},"west":{"uv":[8.7097,7.2109],"uv_size":[-0.2811,-0.2109]},"up":{"uv":[8.932,6.4331],"uv_size":[0.2109,0.2811]},"down":{"uv":[8.932,6.4331],"uv_size":[0.2109,0.2811]}}},{"origin":[-0.6664,22.5138,-1.7],"size":[2,2,2.3],"pivot":[0,20.2773,-4.25],"uv":{"north":{"uv":[8.2189,7.5669],"uv_size":[0.2811,-0.2811]},"south":{"uv":[8.2189,7.5669],"uv_size":[0.2811,-0.2811]},"east":{"uv":[7.8514,7.5669],"uv_size":[-0.3514,-0.2811]},"west":{"uv":[7.8514,7.5669],"uv_size":[-0.3514,-0.2811]},"up":{"uv":[7.8629,7.2903],"uv_size":[0.3514,0.2811]},"down":{"uv":[7.8629,7.2903],"uv_size":[0.3514,0.2811]}}},{"origin":[-10.9329,19.7216,-0.9],"size":[2,1.8,0.8],"pivot":[0,20.2773,-4.25],"uv":{"north":{"uv":[9.147,6.4331],"uv_size":[0.253,0.2811]},"south":{"uv":[9.3959,6.4331],"uv_size":[-0.253,0.2811]},"east":{"uv":[9.1383,6.288],"uv_size":[-0.2811,0.1406]},"west":{"uv":[9.1383,6.288],"uv_size":[-0.2811,0.1406]},"up":{"uv":[8.8526,6.288],"uv_size":[-0.2811,0.1406]},"down":{"uv":[8.8526,6.288],"uv_size":[-0.2811,0.1406]}}}],"name":"rot_24"},{"parent":"geyser_custom_z","pivot":[-0.5,-6.5,-9],"rotation":[-45,0,0],"cubes":[{"origin":[-0.5,-14,-16.5],"size":[0,9,9],"pivot":[-0.5,-6.5,-9],"uv":{"north":{"uv":[13.7143,12.0963],"uv_size":[0,-0.6677]},"south":{"uv":[13.7143,12.0963],"uv_size":[0,-0.6677]},"east":{"uv":[14.984,13.6983],"uv_size":[-1.2697,-1.2697]},"west":{"uv":[13.7303,13.6983],"uv_size":[1.2697,-1.2697]},"up":{"uv":[14.1009,11.4286],"uv_size":[-0.3866,0]},"down":{"uv":[14.1009,11.4286],"uv_size":[-0.3866,0]}}}],"name":"rot_25"},{"parent":"geyser_custom_z","pivot":[0,-4.2773,-4.25],"rotation":[0,0,45],"cubes":[{"origin":[0.1847,-9.8987,-1.6],"size":[2,2,2.1],"pivot":[0,-4.2773,-4.25],"uv":{"north":{"uv":[8.076,7.2811],"uv_size":[0.2811,-0.2811]},"south":{"uv":[8.076,7.0046],"uv_size":[0.2811,0.2811]},"east":{"uv":[7.4905,7.0046],"uv_size":[0.2952,0.2811]},"west":{"uv":[7.4905,7.0046],"uv_size":[0.2952,0.2811]},"up":{"uv":[8.0669,7.2811],"uv_size":[-0.2811,-0.2811]},"down":{"uv":[8.0669,7.2811],"uv_size":[-0.2811,-0.2811]}}},{"origin":[-4.6508,-15.6343,-0.8],"size":[1.6,1.5,0.6],"pivot":[0,-4.2773,-4.25],"uv":{"north":{"uv":[9.1463,6.4251],"uv_size":[0.2109,-0.2109]},"south":{"uv":[9.1463,6.2177],"uv_size":[0.2109,0.2109]},"east":{"uv":[9.3583,6.2177],"uv_size":[0.0703,0.2109]},"west":{"uv":[9.3583,6.2177],"uv_size":[0.0703,0.2109]},"up":{"uv":[9.3537,6.2131],"uv_size":[-0.2109,-0.0703]},"down":{"uv":[9.3537,6.2131],"uv_size":[-0.2109,-0.0703]}}},{"origin":[-2.1819,-10.2528,-2],"size":[3,3,3],"pivot":[0,-4.2773,-4.25],"uv":{"north":{"uv":[10.2926,9.9931],"uv_size":[0.4217,-0.4217]},"south":{"uv":[10.2926,10.4217],"uv_size":[0.4217,-0.4217]},"east":{"uv":[10.2926,9.5646],"uv_size":[0.4217,-0.4217]},"west":{"uv":[10.2926,9.5646],"uv_size":[0.4217,-0.4217]},"up":{"uv":[10.7074,9.1497],"uv_size":[-0.4217,0.4217]},"down":{"uv":[10.7074,9.1497],"uv_size":[-0.4217,0.4217]}}}],"name":"rot_26"},{"parent":"geyser_custom_z","pivot":[0,20.2773,-4.25],"rotation":[0,0,45],"cubes":[{"origin":[-2.1847,23.8987,-1.6],"size":[2,2,2.1],"pivot":[0,20.2773,-4.25],"uv":{"north":{"uv":[8.3526,7.0046],"uv_size":[-0.2811,0.2811]},"south":{"uv":[8.3526,7.2811],"uv_size":[-0.2811,-0.2811]},"east":{"uv":[7.7809,7.2811],"uv_size":[-0.2952,-0.2811]},"west":{"uv":[7.7809,7.2811],"uv_size":[-0.2952,-0.2811]},"up":{"uv":[7.7903,7.0046],"uv_size":[0.2811,0.2811]},"down":{"uv":[7.7903,7.0046],"uv_size":[0.2811,0.2811]}}},{"origin":[3.0508,30.1343,-0.8],"size":[1.6,1.5,0.6],"pivot":[0,20.2773,-4.25],"uv":{"north":{"uv":[9.3537,6.2177],"uv_size":[-0.2109,0.2109]},"south":{"uv":[9.3537,6.4251],"uv_size":[-0.2109,-0.2109]},"east":{"uv":[9.4274,6.4251],"uv_size":[-0.0703,-0.2109]},"west":{"uv":[9.4274,6.4251],"uv_size":[-0.0703,-0.2109]},"up":{"uv":[9.1463,6.144],"uv_size":[0.2109,0.0703]},"down":{"uv":[9.1463,6.144],"uv_size":[0.2109,0.0703]}}},{"origin":[-0.8892,23.1817,-2],"size":[3,3,3],"pivot":[0,20.2773,-4.25],"uv":{"north":{"uv":[10.7074,9.5783],"uv_size":[-0.4217,0.4217]},"south":{"uv":[10.7074,10.0069],"uv_size":[-0.4217,0.4217]},"east":{"uv":[10.7074,9.1497],"uv_size":[-0.4217,0.4217]},"west":{"uv":[10.7074,9.1497],"uv_size":[-0.4217,0.4217]},"up":{"uv":[10.2926,9.5646],"uv_size":[0.4217,-0.4217]},"down":{"uv":[10.2926,9.5646],"uv_size":[0.4217,-0.4217]}}}],"name":"rot_27"}]}]}
