{"format_version":"1.16.0","minecraft:geometry":[{"description":{"identifier":"geometry.geyser_custom.geo_be15713","texture_width":16,"texture_height":16,"visible_bounds_width":4,"visible_bounds_height":4.5,"visible_bounds_offset":[0,0.75,0]},"bones":[{"name":"geyser_custom","binding":"c.item_slot == 'head' ? 'head' : q.item_slot_to_bone_name(c.item_slot)","pivot":[0,8,0]},{"name":"geyser_custom_x","parent":"geyser_custom","pivot":[0,8,0]},{"name":"geyser_custom_y","parent":"geyser_custom_x","pivot":[0,8,0]},{"name":"geyser_custom_z","parent":"geyser_custom_y","pivot":[0,8,0],"cubes":[{"origin":[6,3,-1],"size":[8,10,0],"uv":{"north":{"uv":[5.4446,12.5874],"uv_size":[1.4126,1.1269]},"south":{"uv":[6.8411,12.5874],"uv_size":[-1.4126,1.1269]},"east":{"uv":[2.3017,9.1429],"uv_size":[1.4126,0]},"west":{"uv":[2.3017,9.1429],"uv_size":[1.4126,0]},"up":{"uv":[5.4286,13.6983],"uv_size":[0,-1.1269]},"down":{"uv":[5.4286,13.6983],"uv_size":[0,-1.1269]}}},{"origin":[-5.5,8.3,-1.1],"size":[11.2,15.2,0],"uv":{"north":{"uv":[14.0874,9.1589],"uv_size":[1.584,2.1554]},"south":{"uv":[14.0874,9.1589],"uv_size":[1.584,2.1554]},"east":{"uv":[13.7143,9.1589],"uv_size":[0,2.2697]},"west":{"uv":[13.7143,9.1589],"uv_size":[0,2.2697]},"up":{"uv":[15.2697,9.1429],"uv_size":[-1.5554,0]},"down":{"uv":[15.2697,9.1429],"uv_size":[-1.5554,0]}}},{"origin":[-5.5,-6.9,-1.1],"size":[11.2,15.2,0],"uv":{"north":{"uv":[11.8017,11.4446],"uv_size":[1.584,2.1554]},"south":{"uv":[11.8017,11.4446],"uv_size":[1.584,2.1554]},"east":{"uv":[11.4286,11.4446],"uv_size":[0,2.2697]},"west":{"uv":[11.4286,11.4446],"uv_size":[0,2.2697]},"up":{"uv":[12.984,11.4286],"uv_size":[-1.5554,0]},"down":{"uv":[12.984,11.4286],"uv_size":[-1.5554,0]}}}]},{"parent":"geyser_custom_z","pivot":[5,28.1,8.3],"rotation":[45,0,0],"cubes":[{"origin":[7.5,29.5,-4.5],"size":[3,0,2.8],"pivot":[5,28.1,8.3],"uv":{"north":{"uv":[4,11.1983],"uv_size":[0,-2.0554]},"south":{"uv":[4.1429,11.1983],"uv_size":[0,-2.0554]},"east":{"uv":[5.2697,9.1429],"uv_size":[-0.984,0]},"west":{"uv":[5.2697,9.2857],"uv_size":[-0.984,0]},"up":{"uv":[6.2949,10.2926],"uv_size":[0.5623,0.4217]},"down":{"uv":[6.848,10.2926],"uv_size":[-0.5623,0.4217]}}}],"name":"rot_1"},{"parent":"geyser_custom_z","pivot":[3,23.9936,0.2646],"rotation":[45,0,0],"cubes":[{"origin":[1.5,24.7367,-1.8285],"size":[3,0,2.8],"pivot":[3,23.9936,0.2646],"uv":{"north":{"uv":[4,11.1983],"uv_size":[0,-2.0554]},"south":{"uv":[4.1429,11.1983],"uv_size":[0,-2.0554]},"east":{"uv":[5.2697,9.1429],"uv_size":[-0.984,0]},"west":{"uv":[5.2697,9.2857],"uv_size":[-0.984,0]},"up":{"uv":[6.2949,10.2926],"uv_size":[0.5623,0.4217]},"down":{"uv":[6.848,10.2926],"uv_size":[-0.5623,0.4217]}}}],"name":"rot_2"},{"parent":"geyser_custom_z","pivot":[3,29,8.3],"rotation":[45,0,0],"cubes":[{"origin":[5.5,30.4,-4.5],"size":[3,0,2.8],"pivot":[3,29,8.3],"uv":{"north":{"uv":[4,11.1983],"uv_size":[0,-2.0554]},"south":{"uv":[4.1429,11.1983],"uv_size":[0,-2.0554]},"east":{"uv":[5.2697,9.1429],"uv_size":[-0.984,0]},"west":{"uv":[5.2697,9.2857],"uv_size":[-0.984,0]},"up":{"uv":[6.2949,10.2926],"uv_size":[0.5623,0.4217]},"down":{"uv":[6.848,10.2926],"uv_size":[-0.5623,0.4217]}}}],"name":"rot_3"},{"parent":"geyser_custom_z","pivot":[1,30,8.3],"rotation":[45,0,0],"cubes":[{"origin":[3.5,31.4,-4.5],"size":[3,0,2.8],"pivot":[1,30,8.3],"uv":{"north":{"uv":[4,11.1983],"uv_size":[0,-2.0554]},"south":{"uv":[4.1429,11.1983],"uv_size":[0,-2.0554]},"east":{"uv":[5.2697,9.1429],"uv_size":[-0.984,0]},"west":{"uv":[5.2697,9.2857],"uv_size":[-0.984,0]},"up":{"uv":[6.2949,10.2926],"uv_size":[0.5623,0.4217]},"down":{"uv":[6.848,10.2926],"uv_size":[-0.5623,0.4217]}}}],"name":"rot_4"},{"parent":"geyser_custom_z","pivot":[-1,30,8.3],"rotation":[45,0,0],"cubes":[{"origin":[-6.5,31.4,-4.5],"size":[3,0,2.8],"pivot":[-1,30,8.3],"uv":{"north":{"uv":[4,9.1589],"uv_size":[0,2.0554]},"south":{"uv":[4.1429,9.1589],"uv_size":[0,2.0554]},"east":{"uv":[4.3017,9.2857],"uv_size":[0.984,0]},"west":{"uv":[4.3017,9.1429],"uv_size":[0.984,0]},"up":{"uv":[6.2949,10.7074],"uv_size":[0.5623,-0.4217]},"down":{"uv":[6.848,10.7074],"uv_size":[-0.5623,-0.4217]}}}],"name":"rot_5"},{"parent":"geyser_custom_z","pivot":[-3,23.9936,0.2646],"rotation":[45,0,0],"cubes":[{"origin":[-4.5,24.7367,-1.8285],"size":[3,0,2.8],"pivot":[-3,23.9936,0.2646],"uv":{"north":{"uv":[4,9.1589],"uv_size":[0,2.0554]},"south":{"uv":[4.1429,9.1589],"uv_size":[0,2.0554]},"east":{"uv":[4.3017,9.2857],"uv_size":[0.984,0]},"west":{"uv":[4.3017,9.1429],"uv_size":[0.984,0]},"up":{"uv":[6.2949,10.7074],"uv_size":[0.5623,-0.4217]},"down":{"uv":[6.848,10.7074],"uv_size":[-0.5623,-0.4217]}}}],"name":"rot_6"},{"parent":"geyser_custom_z","pivot":[-3,29,8.3],"rotation":[45,0,0],"cubes":[{"origin":[-8.5,30.4,-4.5],"size":[3,0,2.8],"pivot":[-3,29,8.3],"uv":{"north":{"uv":[4,9.1589],"uv_size":[0,2.0554]},"south":{"uv":[4.1429,9.1589],"uv_size":[0,2.0554]},"east":{"uv":[4.3017,9.2857],"uv_size":[0.984,0]},"west":{"uv":[4.3017,9.1429],"uv_size":[0.984,0]},"up":{"uv":[6.2949,10.7074],"uv_size":[0.5623,-0.4217]},"down":{"uv":[6.848,10.7074],"uv_size":[-0.5623,-0.4217]}}}],"name":"rot_7"},{"parent":"geyser_custom_z","pivot":[-5,28.1,8.3],"rotation":[45,0,0],"cubes":[{"origin":[-10.5,29.5,-4.5],"size":[3,0,2.8],"pivot":[-5,28.1,8.3],"uv":{"north":{"uv":[4,9.1589],"uv_size":[0,2.0554]},"south":{"uv":[4.1429,9.1589],"uv_size":[0,2.0554]},"east":{"uv":[4.3017,9.2857],"uv_size":[0.984,0]},"west":{"uv":[4.3017,9.1429],"uv_size":[0.984,0]},"up":{"uv":[6.2949,10.7074],"uv_size":[0.5623,-0.4217]},"down":{"uv":[6.848,10.7074],"uv_size":[-0.5623,-0.4217]}}}],"name":"rot_8"},{"parent":"geyser_custom_z","pivot":[18,-2.5,8.3],"rotation":[0,45,0],"cubes":[{"origin":[19.4,0,-4.5],"size":[0,3,2.8],"pivot":[18,-2.5,8.3],"uv":{"north":{"uv":[4,11.1983],"uv_size":[0,-2.0554]},"south":{"uv":[4.1429,11.1983],"uv_size":[0,-2.0554]},"east":{"uv":[6.848,10.7074],"uv_size":[-0.5623,-0.4217]},"west":{"uv":[6.2949,10.7074],"uv_size":[0.5623,-0.4217]},"up":{"uv":[4.3017,9.2857],"uv_size":[0.984,0]},"down":{"uv":[4.3017,9.1429],"uv_size":[0.984,0]}}}],"name":"rot_9"},{"parent":"geyser_custom_z","pivot":[16,-4.5,8.3],"rotation":[0,45,0],"cubes":[{"origin":[17.4,-2,-4.5],"size":[0,3,2.8],"pivot":[16,-4.5,8.3],"uv":{"north":{"uv":[4,11.1983],"uv_size":[0,-2.0554]},"south":{"uv":[4.1429,11.1983],"uv_size":[0,-2.0554]},"east":{"uv":[6.848,10.7074],"uv_size":[-0.5623,-0.4217]},"west":{"uv":[6.2949,10.7074],"uv_size":[0.5623,-0.4217]},"up":{"uv":[4.3017,9.2857],"uv_size":[0.984,0]},"down":{"uv":[4.3017,9.1429],"uv_size":[0.984,0]}}}],"name":"rot_10"},{"parent":"geyser_custom_z","pivot":[14,-7.5,8.3],"rotation":[0,45,0],"cubes":[{"origin":[15.4,-5,-4.5],"size":[0,3,2.8],"pivot":[14,-7.5,8.3],"uv":{"north":{"uv":[4,11.1983],"uv_size":[0,-2.0554]},"south":{"uv":[4.1429,11.1983],"uv_size":[0,-2.0554]},"east":{"uv":[6.848,10.7074],"uv_size":[-0.5623,-0.4217]},"west":{"uv":[6.2949,10.7074],"uv_size":[0.5623,-0.4217]},"up":{"uv":[4.3017,9.2857],"uv_size":[0.984,0]},"down":{"uv":[4.3017,9.1429],"uv_size":[0.984,0]}}}],"name":"rot_11"},{"parent":"geyser_custom_z","pivot":[12,-10.5,8.3],"rotation":[0,45,0],"cubes":[{"origin":[13.4,-8,-4.5],"size":[0,3,2.8],"pivot":[12,-10.5,8.3],"uv":{"north":{"uv":[4,11.1983],"uv_size":[0,-2.0554]},"south":{"uv":[4.1429,11.1983],"uv_size":[0,-2.0554]},"east":{"uv":[6.848,10.7074],"uv_size":[-0.5623,-0.4217]},"west":{"uv":[6.2949,10.7074],"uv_size":[0.5623,-0.4217]},"up":{"uv":[4.3017,9.2857],"uv_size":[0.984,0]},"down":{"uv":[4.3017,9.1429],"uv_size":[0.984,0]}}}],"name":"rot_12"},{"parent":"geyser_custom_z","pivot":[10,-12.5,8.3],"rotation":[0,45,0],"cubes":[{"origin":[11.4,-10,-4.5],"size":[0,3,2.8],"pivot":[10,-12.5,8.3],"uv":{"north":{"uv":[4,11.1983],"uv_size":[0,-2.0554]},"south":{"uv":[4.1429,11.1983],"uv_size":[0,-2.0554]},"east":{"uv":[6.848,10.7074],"uv_size":[-0.5623,-0.4217]},"west":{"uv":[6.2949,10.7074],"uv_size":[0.5623,-0.4217]},"up":{"uv":[4.3017,9.2857],"uv_size":[0.984,0]},"down":{"uv":[4.3017,9.1429],"uv_size":[0.984,0]}}}],"name":"rot_13"},{"parent":"geyser_custom_z","pivot":[-10,-12.5,-7.7],"rotation":[0,45,0],"cubes":[{"origin":[-11.3,-10,2.2],"size":[0,3,3],"pivot":[-10,-12.5,-7.7],"uv":{"north":{"uv":[4.1429,11.1983],"uv_size":[0,-2.0554]},"south":{"uv":[4,11.1983],"uv_size":[0,-2.0554]},"east":{"uv":[6.2949,10.7074],"uv_size":[0.5623,-0.4217]},"west":{"uv":[6.848,10.7074],"uv_size":[-0.5623,-0.4217]},"up":{"uv":[5.2697,9.2857],"uv_size":[-0.984,0]},"down":{"uv":[5.2697,9.1429],"uv_size":[-0.984,0]}}}],"name":"rot_14"},{"parent":"geyser_custom_z","pivot":[-12,-10.5,-7.7],"rotation":[0,45,0],"cubes":[{"origin":[-13.3,-8,2.2],"size":[0,3,3],"pivot":[-12,-10.5,-7.7],"uv":{"north":{"uv":[4.1429,11.1983],"uv_size":[0,-2.0554]},"south":{"uv":[4,11.1983],"uv_size":[0,-2.0554]},"east":{"uv":[6.2949,10.7074],"uv_size":[0.5623,-0.4217]},"west":{"uv":[6.848,10.7074],"uv_size":[-0.5623,-0.4217]},"up":{"uv":[5.2697,9.2857],"uv_size":[-0.984,0]},"down":{"uv":[5.2697,9.1429],"uv_size":[-0.984,0]}}}],"name":"rot_15"},{"parent":"geyser_custom_z","pivot":[-14,-7.5,-7.7],"rotation":[0,45,0],"cubes":[{"origin":[-15.3,-5,2.2],"size":[0,3,3],"pivot":[-14,-7.5,-7.7],"uv":{"north":{"uv":[4.1429,11.1983],"uv_size":[0,-2.0554]},"south":{"uv":[4,11.1983],"uv_size":[0,-2.0554]},"east":{"uv":[6.2949,10.7074],"uv_size":[0.5623,-0.4217]},"west":{"uv":[6.848,10.7074],"uv_size":[-0.5623,-0.4217]},"up":{"uv":[5.2697,9.2857],"uv_size":[-0.984,0]},"down":{"uv":[5.2697,9.1429],"uv_size":[-0.984,0]}}}],"name":"rot_16"},{"parent":"geyser_custom_z","pivot":[-16,-4.5,-7.7],"rotation":[0,45,0],"cubes":[{"origin":[-17.3,-2,2.2],"size":[0,3,3],"pivot":[-16,-4.5,-7.7],"uv":{"north":{"uv":[4.1429,11.1983],"uv_size":[0,-2.0554]},"south":{"uv":[4,11.1983],"uv_size":[0,-2.0554]},"east":{"uv":[6.2949,10.7074],"uv_size":[0.5623,-0.4217]},"west":{"uv":[6.848,10.7074],"uv_size":[-0.5623,-0.4217]},"up":{"uv":[5.2697,9.2857],"uv_size":[-0.984,0]},"down":{"uv":[5.2697,9.1429],"uv_size":[-0.984,0]}}}],"name":"rot_17"},{"parent":"geyser_custom_z","pivot":[-18,-2.5,-7.7],"rotation":[0,45,0],"cubes":[{"origin":[-19.3,0,2.2],"size":[0,3,3],"pivot":[-18,-2.5,-7.7],"uv":{"north":{"uv":[4.1429,11.1983],"uv_size":[0,-2.0554]},"south":{"uv":[4,11.1983],"uv_size":[0,-2.0554]},"east":{"uv":[6.2949,10.7074],"uv_size":[0.5623,-0.4217]},"west":{"uv":[6.848,10.7074],"uv_size":[-0.5623,-0.4217]},"up":{"uv":[5.2697,9.2857],"uv_size":[-0.984,0]},"down":{"uv":[5.2697,9.1429],"uv_size":[-0.984,0]}}}],"name":"rot_18"},{"parent":"geyser_custom_z","pivot":[12.6339,17.7642,0.6121],"rotation":[0,0,-45],"cubes":[{"origin":[7.6632,12.6455,-0.8499],"size":[2.72,2.72,2.856],"pivot":[12.6339,17.7642,0.6121],"uv":{"north":{"uv":[11.4366,5.5634],"uv_size":[0.492,-0.492]},"south":{"uv":[11.9206,5.5634],"uv_size":[-0.492,-0.492]},"east":{"uv":[11.4366,5.0634],"uv_size":[0.492,-0.492]},"west":{"uv":[11.4366,5.0634],"uv_size":[0.492,-0.492]},"up":{"uv":[11.9366,4.5794],"uv_size":[0.492,0.492]},"down":{"uv":[11.9366,5.0794],"uv_size":[0.492,0.492]}}},{"origin":[15.7356,20.1739,0.2381],"size":[2.04,2.176,0.816],"pivot":[12.6339,17.7642,0.6121],"uv":{"north":{"uv":[4.22,4.22],"uv_size":[0.3514,0.3514]},"south":{"uv":[4.5657,4.22],"uv_size":[-0.3514,0.3514]},"east":{"uv":[4.22,4.212],"uv_size":[0.3514,-0.1406]},"west":{"uv":[4.22,4.212],"uv_size":[0.3514,-0.1406]},"up":{"uv":[4.5737,4.5657],"uv_size":[0.1406,-0.3514]},"down":{"uv":[4.0737,4.5657],"uv_size":[0.1406,-0.3514]}}}],"name":"rot_19"},{"parent":"geyser_custom_z","pivot":[12.6339,17.7642,0.6121],"rotation":[0,0,-22.5],"cubes":[{"origin":[10.7548,14.623,-0.4419],"size":[2.72,2.72,2.04],"pivot":[12.6339,17.7642,0.6121],"uv":{"north":{"uv":[4.508,3.0794],"uv_size":[0.492,0.492]},"south":{"uv":[4.508,3.5634],"uv_size":[0.492,-0.492]},"east":{"uv":[5.008,2.9943],"uv_size":[0.492,-0.3514]},"west":{"uv":[4.008,2.78],"uv_size":[0.492,-0.3514]},"up":{"uv":[4.992,2.72],"uv_size":[-0.492,0.3514]},"down":{"uv":[4.992,2.72],"uv_size":[-0.492,0.3514]}}},{"origin":[7.3548,11.087,-0.9859],"size":[2.72,2.72,3.128],"pivot":[12.6339,17.7642,0.6121],"uv":{"north":{"uv":[11.4366,6.0794],"uv_size":[0.492,0.492]},"south":{"uv":[11.9206,6.0794],"uv_size":[-0.492,0.492]},"east":{"uv":[11.9909,5.5794],"uv_size":[-0.5623,0.492]},"west":{"uv":[11.9909,5.5794],"uv_size":[-0.5623,0.492]},"up":{"uv":[11.9377,6.5634],"uv_size":[0.5623,-0.492]},"down":{"uv":[12.0091,6.0634],"uv_size":[0.5623,-0.492]}}},{"origin":[15.533,22.1294,0.3741],"size":[2.04,1.904,0.544],"pivot":[12.6339,17.7642,0.6121],"uv":{"north":{"uv":[5.0657,4.22],"uv_size":[-0.3514,0.3514]},"south":{"uv":[5.0657,4.22],"uv_size":[-0.3514,0.3514]},"east":{"uv":[5.1417,4.22],"uv_size":[-0.0703,0.3514]},"west":{"uv":[5.1417,4.22],"uv_size":[-0.0703,0.3514]},"up":{"uv":[5.0726,4.2086],"uv_size":[0.0703,-0.3514]},"down":{"uv":[5.0726,3.8514],"uv_size":[0.0703,-0.3514]}}}],"name":"rot_20"},{"parent":"geyser_custom_z","pivot":[-12.6339,17.7642,0.6121],"rotation":[0,0,-22.5],"cubes":[{"origin":[-12.1151,21.0367,0.1021],"size":[2.448,1.36,1.088],"pivot":[-12.6339,17.7642,0.6121],"uv":{"north":{"uv":[5.0646,4.2109],"uv_size":[-0.4217,-0.2109]},"south":{"uv":[5.0646,4.2109],"uv_size":[-0.4217,-0.2109]},"east":{"uv":[4.7177,3.7823],"uv_size":[0.2109,-0.2109]},"west":{"uv":[4.5034,3.7823],"uv_size":[0.2109,-0.2109]},"up":{"uv":[5.0646,3.7891],"uv_size":[-0.4217,0.2109]},"down":{"uv":[5.0646,3.7891],"uv_size":[-0.4217,0.2109]}}}],"name":"rot_21"},{"parent":"geyser_custom_z","pivot":[12.6339,17.7642,0.6121],"rotation":[0,-0,0],"cubes":[{"origin":[11.0901,16.4961,-0.0339],"size":[2.72,5.44,1.36],"pivot":[12.6339,17.7642,0.6121],"uv":{"north":{"uv":[4.492,4.0554],"uv_size":[-0.492,-0.984]},"south":{"uv":[4.492,4.0554],"uv_size":[-0.492,-0.984]},"east":{"uv":[3.7303,0.2109],"uv_size":[0.984,-0.2109]},"west":{"uv":[3.7303,0.4251],"uv_size":[0.984,-0.2109]},"up":{"uv":[4.492,2.8606],"uv_size":[-0.492,0.2109]},"down":{"uv":[4.492,2.8606],"uv_size":[-0.492,0.2109]}}},{"origin":[11.9061,12.5521,-0.7139],"size":[2.72,2.72,2.584],"pivot":[12.6339,17.7642,0.6121],"uv":{"north":{"uv":[5.2366,0.0078],"uv_size":[0.492,0.4779]},"south":{"uv":[5.2366,0.4779],"uv_size":[0.492,-0.4779]},"east":{"uv":[5.4217,2.0794],"uv_size":[-0.4217,0.492]},"west":{"uv":[5.636,0.508],"uv_size":[-0.4217,0.492]},"up":{"uv":[5.9206,2.0783],"uv_size":[-0.492,0.4217]},"down":{"uv":[5.9206,2.0783],"uv_size":[-0.492,0.4217]}}}],"name":"rot_22"},{"parent":"geyser_custom_z","pivot":[8,0,-2],"rotation":[0,-0,0],"cubes":[{"origin":[-4,-8.9,-0.8],"size":[2,32.8,1.8],"pivot":[8,0,-2],"uv":{"north":{"uv":[10.2903,0.016],"uv_size":[0.2811,4.5554]},"south":{"uv":[10.5669,0.016],"uv_size":[-0.2811,4.5554]},"east":{"uv":[10.0046,0.016],"uv_size":[0.2811,4.5554]},"west":{"uv":[10.0046,0.016],"uv_size":[0.2811,4.5554]},"up":{"uv":[7.1383,4.2811],"uv_size":[-0.2811,-0.2811]},"down":{"uv":[7.1383,4.2811],"uv_size":[-0.2811,-0.2811]}}},{"origin":[-2,-10,-1],"size":[4,35,2],"pivot":[8,0,-2],"uv":{"north":{"uv":[10.8663,0.016],"uv_size":[0.5623,4.5554]},"south":{"uv":[10.8663,0.016],"uv_size":[0.5623,4.5554]},"east":{"uv":[10.576,0.016],"uv_size":[0.2811,4.5554]},"west":{"uv":[10.576,0.016],"uv_size":[0.2811,4.5554]},"up":{"uv":[7.4194,4.5669],"uv_size":[-0.5623,-0.2811]},"down":{"uv":[7.4194,4.5669],"uv_size":[-0.5623,-0.2811]}}},{"origin":[10,12,0],"size":[2,8,1],"pivot":[8,0,-2],"uv":{"north":{"uv":[4.924,12.1589],"uv_size":[-0.2811,1.1269]},"south":{"uv":[4.6474,12.1589],"uv_size":[0.2811,1.1269]},"east":{"uv":[5.0737,12.1589],"uv_size":[0.1406,1.1269]},"west":{"uv":[5.0737,12.1589],"uv_size":[0.1406,1.1269]},"up":{"uv":[3.0046,13.4263],"uv_size":[0.2811,-0.1406]},"down":{"uv":[3.0046,13.4263],"uv_size":[0.2811,-0.1406]}}},{"origin":[10,2,0],"size":[2,8,1],"pivot":[8,0,-2],"uv":{"north":{"uv":[5.7303,11.424],"uv_size":[1.1269,-0.2811]},"south":{"uv":[6.8411,11.1474],"uv_size":[-1.1269,0.2811]},"east":{"uv":[5.7303,11.5737],"uv_size":[1.1269,0.1406]},"west":{"uv":[5.7303,11.5737],"uv_size":[1.1269,0.1406]},"up":{"uv":[4.9331,12.1406],"uv_size":[0.2811,-0.1406]},"down":{"uv":[4.9331,12.1406],"uv_size":[0.2811,-0.1406]}}},{"origin":[-6,-5.9,-0.6],"size":[2,28.8,1.6],"pivot":[8,0,-2],"uv":{"north":{"uv":[9.7189,0.4446],"uv_size":[0.2811,4.1269]},"south":{"uv":[9.9954,0.4446],"uv_size":[-0.2811,4.1269]},"east":{"uv":[9.5034,0.4446],"uv_size":[0.2109,4.1269]},"west":{"uv":[9.5034,0.4446],"uv_size":[0.2109,4.1269]},"up":{"uv":[7.1383,3.9966],"uv_size":[-0.2811,-0.2109]},"down":{"uv":[7.1383,3.9966],"uv_size":[-0.2811,-0.2109]}}},{"origin":[-8,-3,-0.4],"size":[2,25,1.4],"pivot":[8,0,-2],"uv":{"north":{"uv":[9.2189,1.016],"uv_size":[0.2811,3.5554]},"south":{"uv":[9.4954,1.016],"uv_size":[-0.2811,3.5554]},"east":{"uv":[9.0034,1.016],"uv_size":[0.2109,3.5554]},"west":{"uv":[9.0034,1.016],"uv_size":[0.2109,3.5554]},"up":{"uv":[7.1383,3.7823],"uv_size":[-0.2811,-0.2109]},"down":{"uv":[7.1383,3.7823],"uv_size":[-0.2811,-0.2109]}}},{"origin":[-10,0,-0.2],"size":[2,21,1.2],"pivot":[8,0,-2],"uv":{"north":{"uv":[8.7189,1.5874],"uv_size":[0.2811,2.984]},"south":{"uv":[8.9954,1.5874],"uv_size":[-0.2811,2.984]},"east":{"uv":[8.5737,1.5874],"uv_size":[0.1406,2.984]},"west":{"uv":[8.5737,1.5874],"uv_size":[0.1406,2.984]},"up":{"uv":[7.424,4.2834],"uv_size":[-0.2811,-0.1406]},"down":{"uv":[7.424,4.2834],"uv_size":[-0.2811,-0.1406]}}}],"name":"rot_23"},{"parent":"geyser_custom_z","pivot":[-8,0,-8],"rotation":[0,-0,0],"cubes":[{"origin":[-14,3,-1],"size":[8,10,0],"pivot":[-8,0,-8],"uv":{"north":{"uv":[5.4446,13.6983],"uv_size":[1.4126,-1.1269]},"south":{"uv":[6.8411,13.6983],"uv_size":[-1.4126,-1.1269]},"east":{"uv":[2.3017,9.1429],"uv_size":[1.4126,0]},"west":{"uv":[2.3017,9.1429],"uv_size":[1.4126,0]},"up":{"uv":[5.4286,12.5874],"uv_size":[0,1.1269]},"down":{"uv":[5.4286,12.5874],"uv_size":[0,1.1269]}}}],"name":"rot_24"},{"parent":"geyser_custom_z","pivot":[-8,0,-2],"rotation":[0,-0,0],"cubes":[{"origin":[2,-8.9,-0.8],"size":[2,32.8,1.8],"pivot":[-8,0,-2],"uv":{"north":{"uv":[10.5669,0.016],"uv_size":[-0.2811,4.5554]},"south":{"uv":[10.2903,0.016],"uv_size":[0.2811,4.5554]},"east":{"uv":[10.2811,0.016],"uv_size":[-0.2811,4.5554]},"west":{"uv":[10.2811,0.016],"uv_size":[-0.2811,4.5554]},"up":{"uv":[6.8617,4.2811],"uv_size":[0.2811,-0.2811]},"down":{"uv":[6.8617,4.2811],"uv_size":[0.2811,-0.2811]}}},{"origin":[4,-5.9,-0.6],"size":[2,28.8,1.6],"pivot":[-8,0,-2],"uv":{"north":{"uv":[9.9954,0.4446],"uv_size":[-0.2811,4.1269]},"south":{"uv":[9.7189,0.4446],"uv_size":[0.2811,4.1269]},"east":{"uv":[9.7109,0.4446],"uv_size":[-0.2109,4.1269]},"west":{"uv":[9.7109,0.4446],"uv_size":[-0.2109,4.1269]},"up":{"uv":[6.8617,3.9966],"uv_size":[0.2811,-0.2109]},"down":{"uv":[6.8617,3.9966],"uv_size":[0.2811,-0.2109]}}},{"origin":[6,-3,-0.4],"size":[2,25,1.4],"pivot":[-8,0,-2],"uv":{"north":{"uv":[9.4954,1.016],"uv_size":[-0.2811,3.5554]},"south":{"uv":[9.2189,1.016],"uv_size":[0.2811,3.5554]},"east":{"uv":[9.2109,1.016],"uv_size":[-0.2109,3.5554]},"west":{"uv":[9.2109,1.016],"uv_size":[-0.2109,3.5554]},"up":{"uv":[6.8617,3.7823],"uv_size":[0.2811,-0.2109]},"down":{"uv":[6.8617,3.7823],"uv_size":[0.2811,-0.2109]}}},{"origin":[8,0,-0.2],"size":[2,21,1.2],"pivot":[-8,0,-2],"uv":{"north":{"uv":[8.9954,1.5874],"uv_size":[-0.2811,2.984]},"south":{"uv":[8.7189,1.5874],"uv_size":[0.2811,2.984]},"east":{"uv":[8.712,1.5874],"uv_size":[-0.1406,2.984]},"west":{"uv":[8.712,1.5874],"uv_size":[-0.1406,2.984]},"up":{"uv":[7.1474,4.2834],"uv_size":[0.2811,-0.1406]},"down":{"uv":[7.1474,4.2834],"uv_size":[0.2811,-0.1406]}}},{"origin":[-12,2,0],"size":[2,8,1],"pivot":[-8,0,-2],"uv":{"north":{"uv":[5.7303,11.1474],"uv_size":[1.1269,0.2811]},"south":{"uv":[6.8411,11.424],"uv_size":[-1.1269,-0.2811]},"east":{"uv":[5.7303,11.712],"uv_size":[1.1269,-0.1406]},"west":{"uv":[5.7303,11.712],"uv_size":[1.1269,-0.1406]},"up":{"uv":[5.2097,12.1406],"uv_size":[-0.2811,-0.1406]},"down":{"uv":[5.2097,12.1406],"uv_size":[-0.2811,-0.1406]}}},{"origin":[-12,12,0],"size":[2,8,1],"pivot":[-8,0,-2],"uv":{"north":{"uv":[4.6474,12.1589],"uv_size":[0.2811,1.1269]},"south":{"uv":[4.924,12.1589],"uv_size":[-0.2811,1.1269]},"east":{"uv":[5.212,12.1589],"uv_size":[-0.1406,1.1269]},"west":{"uv":[5.212,12.1589],"uv_size":[-0.1406,1.1269]},"up":{"uv":[3.2811,13.4263],"uv_size":[-0.2811,-0.1406]},"down":{"uv":[3.2811,13.4263],"uv_size":[-0.2811,-0.1406]}}}],"name":"rot_25"},{"parent":"geyser_custom_z","pivot":[-12.6339,17.7642,0.6121],"rotation":[0,-0,0],"cubes":[{"origin":[-13.8101,16.4961,-0.0339],"size":[2.72,5.44,1.36],"pivot":[-12.6339,17.7642,0.6121],"uv":{"north":{"uv":[4.008,4.0554],"uv_size":[0.492,-0.984]},"south":{"uv":[4.008,4.0554],"uv_size":[0.492,-0.984]},"east":{"uv":[3.7303,0.2177],"uv_size":[0.984,0.2109]},"west":{"uv":[3.7303,0.0034],"uv_size":[0.984,0.2109]},"up":{"uv":[4.008,2.8606],"uv_size":[0.492,0.2109]},"down":{"uv":[4.008,2.8606],"uv_size":[0.492,0.2109]}}},{"origin":[-14.6261,12.5521,-0.7139],"size":[2.72,2.72,2.584],"pivot":[-12.6339,17.7642,0.6121],"uv":{"north":{"uv":[5.7206,0.0078],"uv_size":[-0.492,0.4779]},"south":{"uv":[5.7206,0.4779],"uv_size":[-0.492,-0.4779]},"east":{"uv":[5.2211,0.508],"uv_size":[0.4217,0.492]},"west":{"uv":[5.0069,2.0794],"uv_size":[0.4217,0.492]},"up":{"uv":[5.4366,2.0783],"uv_size":[0.492,0.4217]},"down":{"uv":[5.4366,2.0783],"uv_size":[0.492,0.4217]}}}],"name":"rot_26"},{"parent":"geyser_custom_z","pivot":[12.6339,17.7642,0.6121],"rotation":[0,0,22.5],"cubes":[{"origin":[9.6671,21.0367,0.1021],"size":[2.448,1.36,1.088],"pivot":[12.6339,17.7642,0.6121],"uv":{"north":{"uv":[4.6497,4.2109],"uv_size":[0.4217,-0.2109]},"south":{"uv":[4.6497,4.2109],"uv_size":[0.4217,-0.2109]},"east":{"uv":[4.7109,3.7823],"uv_size":[-0.2109,-0.2109]},"west":{"uv":[4.9251,3.7823],"uv_size":[-0.2109,-0.2109]},"up":{"uv":[4.6497,3.7891],"uv_size":[0.4217,0.2109]},"down":{"uv":[4.6497,3.7891],"uv_size":[0.4217,0.2109]}}}],"name":"rot_27"},{"parent":"geyser_custom_z","pivot":[-12.6339,17.7642,0.6121],"rotation":[0,0,22.5],"cubes":[{"origin":[-13.4748,14.623,-0.4419],"size":[2.72,2.72,2.04],"pivot":[-12.6339,17.7642,0.6121],"uv":{"north":{"uv":[4.992,3.0794],"uv_size":[-0.492,0.492]},"south":{"uv":[4.992,3.5634],"uv_size":[-0.492,-0.492]},"east":{"uv":[4.008,2.4343],"uv_size":[0.492,0.3514]},"west":{"uv":[5.008,2.6486],"uv_size":[0.492,0.3514]},"up":{"uv":[4.508,2.72],"uv_size":[0.492,0.3514]},"down":{"uv":[4.508,2.72],"uv_size":[0.492,0.3514]}}},{"origin":[-10.0748,11.087,-0.9859],"size":[2.72,2.72,3.128],"pivot":[-12.6339,17.7642,0.6121],"uv":{"north":{"uv":[11.4366,6.5634],"uv_size":[0.492,-0.492]},"south":{"uv":[11.9206,6.5634],"uv_size":[-0.492,-0.492]},"east":{"uv":[11.4377,5.5794],"uv_size":[0.5623,0.492]},"west":{"uv":[11.4377,5.5794],"uv_size":[0.5623,0.492]},"up":{"uv":[11.9377,6.0794],"uv_size":[0.5623,0.492]},"down":{"uv":[12.0091,5.5794],"uv_size":[0.5623,0.492]}}},{"origin":[-17.573,22.1294,0.3741],"size":[2.04,1.904,0.544],"pivot":[-12.6339,17.7642,0.6121],"uv":{"north":{"uv":[5.0657,4.5657],"uv_size":[-0.3514,-0.3514]},"south":{"uv":[5.0657,4.5657],"uv_size":[-0.3514,-0.3514]},"east":{"uv":[5.0726,4.22],"uv_size":[0.0703,0.3514]},"west":{"uv":[5.0726,4.22],"uv_size":[0.0703,0.3514]},"up":{"uv":[5.0726,3.8629],"uv_size":[0.0703,0.3514]},"down":{"uv":[5.0726,3.5057],"uv_size":[0.0703,0.3514]}}}],"name":"rot_28"},{"parent":"geyser_custom_z","pivot":[5,28.1,-7.7],"rotation":[-45,0,0],"cubes":[{"origin":[7.5,29.4,2.2],"size":[3,0,3],"pivot":[5,28.1,-7.7],"uv":{"north":{"uv":[4.1429,11.1983],"uv_size":[0,-2.0554]},"south":{"uv":[4,11.1983],"uv_size":[0,-2.0554]},"east":{"uv":[4.3017,9.1429],"uv_size":[0.984,0]},"west":{"uv":[4.3017,9.2857],"uv_size":[0.984,0]},"up":{"uv":[6.848,10.2926],"uv_size":[-0.5623,0.4217]},"down":{"uv":[6.2949,10.2926],"uv_size":[0.5623,0.4217]}}}],"name":"rot_29"},{"parent":"geyser_custom_z","pivot":[3,23.9936,0.2646],"rotation":[-45,0,0],"cubes":[{"origin":[1.5,24.6867,-0.4922],"size":[3,0,3],"pivot":[3,23.9936,0.2646],"uv":{"north":{"uv":[4.1429,11.1983],"uv_size":[0,-2.0554]},"south":{"uv":[4,11.1983],"uv_size":[0,-2.0554]},"east":{"uv":[4.3017,9.1429],"uv_size":[0.984,0]},"west":{"uv":[4.3017,9.2857],"uv_size":[0.984,0]},"up":{"uv":[6.848,10.2926],"uv_size":[-0.5623,0.4217]},"down":{"uv":[6.2949,10.2926],"uv_size":[0.5623,0.4217]}}}],"name":"rot_30"},{"parent":"geyser_custom_z","pivot":[3,29,-7.7],"rotation":[-45,0,0],"cubes":[{"origin":[5.5,30.3,2.2],"size":[3,0,3],"pivot":[3,29,-7.7],"uv":{"north":{"uv":[4.1429,11.1983],"uv_size":[0,-2.0554]},"south":{"uv":[4,11.1983],"uv_size":[0,-2.0554]},"east":{"uv":[4.3017,9.1429],"uv_size":[0.984,0]},"west":{"uv":[4.3017,9.2857],"uv_size":[0.984,0]},"up":{"uv":[6.848,10.2926],"uv_size":[-0.5623,0.4217]},"down":{"uv":[6.2949,10.2926],"uv_size":[0.5623,0.4217]}}}],"name":"rot_31"},{"parent":"geyser_custom_z","pivot":[1,30,-7.7],"rotation":[-45,0,0],"cubes":[{"origin":[3.5,31.3,2.2],"size":[3,0,3],"pivot":[1,30,-7.7],"uv":{"north":{"uv":[4.1429,11.1983],"uv_size":[0,-2.0554]},"south":{"uv":[4,11.1983],"uv_size":[0,-2.0554]},"east":{"uv":[4.3017,9.1429],"uv_size":[0.984,0]},"west":{"uv":[4.3017,9.2857],"uv_size":[0.984,0]},"up":{"uv":[6.848,10.2926],"uv_size":[-0.5623,0.4217]},"down":{"uv":[6.2949,10.2926],"uv_size":[0.5623,0.4217]}}}],"name":"rot_32"},{"parent":"geyser_custom_z","pivot":[-1,30,-7.7],"rotation":[-45,0,0],"cubes":[{"origin":[-6.5,31.3,2.2],"size":[3,0,3],"pivot":[-1,30,-7.7],"uv":{"north":{"uv":[4.1429,9.1589],"uv_size":[0,2.0554]},"south":{"uv":[4,9.1589],"uv_size":[0,2.0554]},"east":{"uv":[5.2697,9.2857],"uv_size":[-0.984,0]},"west":{"uv":[5.2697,9.1429],"uv_size":[-0.984,0]},"up":{"uv":[6.848,10.7074],"uv_size":[-0.5623,-0.4217]},"down":{"uv":[6.2949,10.7074],"uv_size":[0.5623,-0.4217]}}}],"name":"rot_33"},{"parent":"geyser_custom_z","pivot":[-3,23.9936,0.2646],"rotation":[-45,0,0],"cubes":[{"origin":[-4.5,24.6867,-0.4922],"size":[3,0,3],"pivot":[-3,23.9936,0.2646],"uv":{"north":{"uv":[4.1429,9.1589],"uv_size":[0,2.0554]},"south":{"uv":[4,9.1589],"uv_size":[0,2.0554]},"east":{"uv":[5.2697,9.2857],"uv_size":[-0.984,0]},"west":{"uv":[5.2697,9.1429],"uv_size":[-0.984,0]},"up":{"uv":[6.848,10.7074],"uv_size":[-0.5623,-0.4217]},"down":{"uv":[6.2949,10.7074],"uv_size":[0.5623,-0.4217]}}}],"name":"rot_34"},{"parent":"geyser_custom_z","pivot":[-3,29,-7.7],"rotation":[-45,0,0],"cubes":[{"origin":[-8.5,30.3,2.2],"size":[3,0,3],"pivot":[-3,29,-7.7],"uv":{"north":{"uv":[4.1429,9.1589],"uv_size":[0,2.0554]},"south":{"uv":[4,9.1589],"uv_size":[0,2.0554]},"east":{"uv":[5.2697,9.2857],"uv_size":[-0.984,0]},"west":{"uv":[5.2697,9.1429],"uv_size":[-0.984,0]},"up":{"uv":[6.848,10.7074],"uv_size":[-0.5623,-0.4217]},"down":{"uv":[6.2949,10.7074],"uv_size":[0.5623,-0.4217]}}}],"name":"rot_35"},{"parent":"geyser_custom_z","pivot":[-5,28.1,-7.7],"rotation":[-45,0,0],"cubes":[{"origin":[-10.5,29.4,2.2],"size":[3,0,3],"pivot":[-5,28.1,-7.7],"uv":{"north":{"uv":[4.1429,9.1589],"uv_size":[0,2.0554]},"south":{"uv":[4,9.1589],"uv_size":[0,2.0554]},"east":{"uv":[5.2697,9.2857],"uv_size":[-0.984,0]},"west":{"uv":[5.2697,9.1429],"uv_size":[-0.984,0]},"up":{"uv":[6.848,10.7074],"uv_size":[-0.5623,-0.4217]},"down":{"uv":[6.2949,10.7074],"uv_size":[0.5623,-0.4217]}}}],"name":"rot_36"},{"parent":"geyser_custom_z","pivot":[18,-2.5,-7.7],"rotation":[0,-45,0],"cubes":[{"origin":[19.3,0,2.2],"size":[0,3,3],"pivot":[18,-2.5,-7.7],"uv":{"north":{"uv":[4.1429,11.1983],"uv_size":[0,-2.0554]},"south":{"uv":[4,11.1983],"uv_size":[0,-2.0554]},"east":{"uv":[6.2949,10.7074],"uv_size":[0.5623,-0.4217]},"west":{"uv":[6.848,10.7074],"uv_size":[-0.5623,-0.4217]},"up":{"uv":[5.2697,9.2857],"uv_size":[-0.984,0]},"down":{"uv":[5.2697,9.1429],"uv_size":[-0.984,0]}}}],"name":"rot_37"},{"parent":"geyser_custom_z","pivot":[16,-4.5,-7.7],"rotation":[0,-45,0],"cubes":[{"origin":[17.3,-2,2.2],"size":[0,3,3],"pivot":[16,-4.5,-7.7],"uv":{"north":{"uv":[4.1429,11.1983],"uv_size":[0,-2.0554]},"south":{"uv":[4,11.1983],"uv_size":[0,-2.0554]},"east":{"uv":[6.2949,10.7074],"uv_size":[0.5623,-0.4217]},"west":{"uv":[6.848,10.7074],"uv_size":[-0.5623,-0.4217]},"up":{"uv":[5.2697,9.2857],"uv_size":[-0.984,0]},"down":{"uv":[5.2697,9.1429],"uv_size":[-0.984,0]}}}],"name":"rot_38"},{"parent":"geyser_custom_z","pivot":[14,-7.5,-7.7],"rotation":[0,-45,0],"cubes":[{"origin":[15.3,-5,2.2],"size":[0,3,3],"pivot":[14,-7.5,-7.7],"uv":{"north":{"uv":[4.1429,11.1983],"uv_size":[0,-2.0554]},"south":{"uv":[4,11.1983],"uv_size":[0,-2.0554]},"east":{"uv":[6.2949,10.7074],"uv_size":[0.5623,-0.4217]},"west":{"uv":[6.848,10.7074],"uv_size":[-0.5623,-0.4217]},"up":{"uv":[5.2697,9.2857],"uv_size":[-0.984,0]},"down":{"uv":[5.2697,9.1429],"uv_size":[-0.984,0]}}}],"name":"rot_39"},{"parent":"geyser_custom_z","pivot":[12,-10.5,-7.7],"rotation":[0,-45,0],"cubes":[{"origin":[13.3,-8,2.2],"size":[0,3,3],"pivot":[12,-10.5,-7.7],"uv":{"north":{"uv":[4.1429,11.1983],"uv_size":[0,-2.0554]},"south":{"uv":[4,11.1983],"uv_size":[0,-2.0554]},"east":{"uv":[6.2949,10.7074],"uv_size":[0.5623,-0.4217]},"west":{"uv":[6.848,10.7074],"uv_size":[-0.5623,-0.4217]},"up":{"uv":[5.2697,9.2857],"uv_size":[-0.984,0]},"down":{"uv":[5.2697,9.1429],"uv_size":[-0.984,0]}}}],"name":"rot_40"},{"parent":"geyser_custom_z","pivot":[10,-12.5,-7.7],"rotation":[0,-45,0],"cubes":[{"origin":[11.3,-10,2.2],"size":[0,3,3],"pivot":[10,-12.5,-7.7],"uv":{"north":{"uv":[4.1429,11.1983],"uv_size":[0,-2.0554]},"south":{"uv":[4,11.1983],"uv_size":[0,-2.0554]},"east":{"uv":[6.2949,10.7074],"uv_size":[0.5623,-0.4217]},"west":{"uv":[6.848,10.7074],"uv_size":[-0.5623,-0.4217]},"up":{"uv":[5.2697,9.2857],"uv_size":[-0.984,0]},"down":{"uv":[5.2697,9.1429],"uv_size":[-0.984,0]}}}],"name":"rot_41"},{"parent":"geyser_custom_z","pivot":[-10,-12.5,8.3],"rotation":[0,-45,0],"cubes":[{"origin":[-11.4,-10,-4.5],"size":[0,3,2.8],"pivot":[-10,-12.5,8.3],"uv":{"north":{"uv":[4,11.1983],"uv_size":[0,-2.0554]},"south":{"uv":[4.1429,11.1983],"uv_size":[0,-2.0554]},"east":{"uv":[6.848,10.7074],"uv_size":[-0.5623,-0.4217]},"west":{"uv":[6.2949,10.7074],"uv_size":[0.5623,-0.4217]},"up":{"uv":[4.3017,9.2857],"uv_size":[0.984,0]},"down":{"uv":[4.3017,9.1429],"uv_size":[0.984,0]}}}],"name":"rot_42"},{"parent":"geyser_custom_z","pivot":[-12,-10.5,8.3],"rotation":[0,-45,0],"cubes":[{"origin":[-13.4,-8,-4.5],"size":[0,3,2.8],"pivot":[-12,-10.5,8.3],"uv":{"north":{"uv":[4,11.1983],"uv_size":[0,-2.0554]},"south":{"uv":[4.1429,11.1983],"uv_size":[0,-2.0554]},"east":{"uv":[6.848,10.7074],"uv_size":[-0.5623,-0.4217]},"west":{"uv":[6.2949,10.7074],"uv_size":[0.5623,-0.4217]},"up":{"uv":[4.3017,9.2857],"uv_size":[0.984,0]},"down":{"uv":[4.3017,9.1429],"uv_size":[0.984,0]}}}],"name":"rot_43"},{"parent":"geyser_custom_z","pivot":[-14,-7.5,8.3],"rotation":[0,-45,0],"cubes":[{"origin":[-15.4,-5,-4.5],"size":[0,3,2.8],"pivot":[-14,-7.5,8.3],"uv":{"north":{"uv":[4,11.1983],"uv_size":[0,-2.0554]},"south":{"uv":[4.1429,11.1983],"uv_size":[0,-2.0554]},"east":{"uv":[6.848,10.7074],"uv_size":[-0.5623,-0.4217]},"west":{"uv":[6.2949,10.7074],"uv_size":[0.5623,-0.4217]},"up":{"uv":[4.3017,9.2857],"uv_size":[0.984,0]},"down":{"uv":[4.3017,9.1429],"uv_size":[0.984,0]}}}],"name":"rot_44"},{"parent":"geyser_custom_z","pivot":[-16,-4.5,8.3],"rotation":[0,-45,0],"cubes":[{"origin":[-17.4,-2,-4.5],"size":[0,3,2.8],"pivot":[-16,-4.5,8.3],"uv":{"north":{"uv":[4,11.1983],"uv_size":[0,-2.0554]},"south":{"uv":[4.1429,11.1983],"uv_size":[0,-2.0554]},"east":{"uv":[6.848,10.7074],"uv_size":[-0.5623,-0.4217]},"west":{"uv":[6.2949,10.7074],"uv_size":[0.5623,-0.4217]},"up":{"uv":[4.3017,9.2857],"uv_size":[0.984,0]},"down":{"uv":[4.3017,9.1429],"uv_size":[0.984,0]}}}],"name":"rot_45"},{"parent":"geyser_custom_z","pivot":[-18,-2.5,8.3],"rotation":[0,-45,0],"cubes":[{"origin":[-19.4,0,-4.5],"size":[0,3,2.8],"pivot":[-18,-2.5,8.3],"uv":{"north":{"uv":[4,11.1983],"uv_size":[0,-2.0554]},"south":{"uv":[4.1429,11.1983],"uv_size":[0,-2.0554]},"east":{"uv":[6.848,10.7074],"uv_size":[-0.5623,-0.4217]},"west":{"uv":[6.2949,10.7074],"uv_size":[0.5623,-0.4217]},"up":{"uv":[4.3017,9.2857],"uv_size":[0.984,0]},"down":{"uv":[4.3017,9.1429],"uv_size":[0.984,0]}}}],"name":"rot_46"},{"parent":"geyser_custom_z","pivot":[-12.6339,17.7642,0.6121],"rotation":[0,0,45],"cubes":[{"origin":[-10.3832,12.6455,-0.8499],"size":[2.72,2.72,2.856],"pivot":[-12.6339,17.7642,0.6121],"uv":{"north":{"uv":[11.4366,5.0794],"uv_size":[0.492,0.492]},"south":{"uv":[11.9206,5.0794],"uv_size":[-0.492,0.492]},"east":{"uv":[11.9206,5.0634],"uv_size":[-0.492,-0.492]},"west":{"uv":[11.9206,5.0634],"uv_size":[-0.492,-0.492]},"up":{"uv":[11.9366,5.0634],"uv_size":[0.492,-0.492]},"down":{"uv":[11.9366,5.5634],"uv_size":[0.492,-0.492]}}},{"origin":[-17.7756,20.1739,0.2381],"size":[2.04,2.176,0.816],"pivot":[-12.6339,17.7642,0.6121],"uv":{"north":{"uv":[4.22,4.5657],"uv_size":[0.3514,-0.3514]},"south":{"uv":[4.5657,4.5657],"uv_size":[-0.3514,-0.3514]},"east":{"uv":[4.22,4.0737],"uv_size":[0.3514,0.1406]},"west":{"uv":[4.22,4.0737],"uv_size":[0.3514,0.1406]},"up":{"uv":[4.5737,4.22],"uv_size":[0.1406,0.3514]},"down":{"uv":[4.0737,4.22],"uv_size":[0.1406,0.3514]}}}],"name":"rot_47"}]}]}
