{"format_version":"1.16.0","minecraft:geometry":[{"description":{"identifier":"geometry.geyser_custom.geo_acc0575","texture_width":16,"texture_height":16,"visible_bounds_width":4,"visible_bounds_height":4.5,"visible_bounds_offset":[0,0.75,0]},"bones":[{"name":"geyser_custom","binding":"c.item_slot == 'head' ? 'head' : q.item_slot_to_bone_name(c.item_slot)","pivot":[0,8,0]},{"name":"geyser_custom_x","parent":"geyser_custom","pivot":[0,8,0]},{"name":"geyser_custom_y","parent":"geyser_custom_x","pivot":[0,8,0]},{"name":"geyser_custom_z","parent":"geyser_custom_y","pivot":[0,8,0],"cubes":[]},{"parent":"geyser_custom_z","pivot":[-1.1,5.25,0],"rotation":[0,45,0],"cubes":[{"origin":[-2.2327,-4,-1.6121],"size":[2.8,3,0],"pivot":[-1.1,5.25,0],"uv":{"north":{"uv":[6.2949,10.2926],"uv_size":[0.5623,0.4217]},"south":{"uv":[6.848,10.2926],"uv_size":[-0.5623,0.4217]},"east":{"uv":[4,9.1589],"uv_size":[0,2.0554]},"west":{"uv":[4.1429,9.1589],"uv_size":[0,2.0554]},"up":{"uv":[5.2697,9.1429],"uv_size":[-0.984,0]},"down":{"uv":[5.2697,9.2857],"uv_size":[-0.984,0]}}},{"origin":[-2.3034,-1.5,-1.5414],"size":[2.8,3,0],"pivot":[-1.1,5.25,0],"uv":{"north":{"uv":[6.2949,10.2926],"uv_size":[0.5623,0.4217]},"south":{"uv":[6.848,10.2926],"uv_size":[-0.5623,0.4217]},"east":{"uv":[4,9.1589],"uv_size":[0,2.0554]},"west":{"uv":[4.1429,9.1589],"uv_size":[0,2.0554]},"up":{"uv":[5.2697,9.1429],"uv_size":[-0.984,0]},"down":{"uv":[5.2697,9.2857],"uv_size":[-0.984,0]}}},{"origin":[-2.7258,-4,1.6535],"size":[3,3,0],"pivot":[-1.1,5.25,0],"uv":{"north":{"uv":[6.848,10.2926],"uv_size":[-0.5623,0.4217]},"south":{"uv":[6.2949,10.2926],"uv_size":[0.5623,0.4217]},"east":{"uv":[4.1429,9.1589],"uv_size":[0,2.0554]},"west":{"uv":[4,9.1589],"uv_size":[0,2.0554]},"up":{"uv":[4.3017,9.1429],"uv_size":[0.984,0]},"down":{"uv":[4.3017,9.2857],"uv_size":[0.984,0]}}},{"origin":[-2.6551,-1.5,1.5828],"size":[3,3,0],"pivot":[-1.1,5.25,0],"uv":{"north":{"uv":[6.848,10.2926],"uv_size":[-0.5623,0.4217]},"south":{"uv":[6.2949,10.2926],"uv_size":[0.5623,0.4217]},"east":{"uv":[4.1429,9.1589],"uv_size":[0,2.0554]},"west":{"uv":[4,9.1589],"uv_size":[0,2.0554]},"up":{"uv":[4.3017,9.1429],"uv_size":[0.984,0]},"down":{"uv":[4.3017,9.2857],"uv_size":[0.984,0]}}},{"origin":[-2.6414,-4.5,-1.5965],"size":[0,3,2.8],"pivot":[-1.1,5.25,0],"uv":{"north":{"uv":[4.1429,9.1589],"uv_size":[0,2.0554]},"south":{"uv":[4,9.1589],"uv_size":[0,2.0554]},"east":{"uv":[6.2949,10.2926],"uv_size":[0.5623,0.4217]},"west":{"uv":[6.848,10.2926],"uv_size":[-0.5623,0.4217]},"up":{"uv":[4.3017,9.1429],"uv_size":[0.984,0]},"down":{"uv":[4.3017,9.2857],"uv_size":[0.984,0]}}},{"origin":[-2.5707,-2,-1.5258],"size":[0,3,2.8],"pivot":[-1.1,5.25,0],"uv":{"north":{"uv":[4.1429,9.1589],"uv_size":[0,2.0554]},"south":{"uv":[4,9.1589],"uv_size":[0,2.0554]},"east":{"uv":[6.2949,10.2926],"uv_size":[0.5623,0.4217]},"west":{"uv":[6.848,10.2926],"uv_size":[-0.5623,0.4217]},"up":{"uv":[4.3017,9.1429],"uv_size":[0.984,0]},"down":{"uv":[4.3017,9.2857],"uv_size":[0.984,0]}}},{"origin":[0.4828,-4.5,-1.4449],"size":[0,3,3],"pivot":[-1.1,5.25,0],"uv":{"north":{"uv":[4,9.1589],"uv_size":[0,2.0554]},"south":{"uv":[4.1429,9.1589],"uv_size":[0,2.0554]},"east":{"uv":[6.848,10.2926],"uv_size":[-0.5623,0.4217]},"west":{"uv":[6.2949,10.2926],"uv_size":[0.5623,0.4217]},"up":{"uv":[5.2697,9.1429],"uv_size":[-0.984,0]},"down":{"uv":[5.2697,9.2857],"uv_size":[-0.984,0]}}},{"origin":[0.4121,-2,-1.5156],"size":[0,3,3],"pivot":[-1.1,5.25,0],"uv":{"north":{"uv":[4,9.1589],"uv_size":[0,2.0554]},"south":{"uv":[4.1429,9.1589],"uv_size":[0,2.0554]},"east":{"uv":[6.848,10.2926],"uv_size":[-0.5623,0.4217]},"west":{"uv":[6.2949,10.2926],"uv_size":[0.5623,0.4217]},"up":{"uv":[5.2697,9.1429],"uv_size":[-0.984,0]},"down":{"uv":[5.2697,9.2857],"uv_size":[-0.984,0]}}},{"origin":[-2.3034,9.5,-1.5414],"size":[2.8,3,0],"pivot":[-1.1,5.25,0],"uv":{"north":{"uv":[6.2949,10.7074],"uv_size":[0.5623,-0.4217]},"south":{"uv":[6.848,10.7074],"uv_size":[-0.5623,-0.4217]},"east":{"uv":[4,11.1983],"uv_size":[0,-2.0554]},"west":{"uv":[4.1429,11.1983],"uv_size":[0,-2.0554]},"up":{"uv":[4.3017,9.2857],"uv_size":[0.984,0]},"down":{"uv":[4.3017,9.1429],"uv_size":[0.984,0]}}},{"origin":[-2.6551,9.5,1.5828],"size":[3,3,0],"pivot":[-1.1,5.25,0],"uv":{"north":{"uv":[6.848,10.7074],"uv_size":[-0.5623,-0.4217]},"south":{"uv":[6.2949,10.7074],"uv_size":[0.5623,-0.4217]},"east":{"uv":[4.1429,11.1983],"uv_size":[0,-2.0554]},"west":{"uv":[4,11.1983],"uv_size":[0,-2.0554]},"up":{"uv":[5.2697,9.2857],"uv_size":[-0.984,0]},"down":{"uv":[5.2697,9.1429],"uv_size":[-0.984,0]}}},{"origin":[-2.5707,10,-1.5258],"size":[0,3,2.8],"pivot":[-1.1,5.25,0],"uv":{"north":{"uv":[4.1429,11.1983],"uv_size":[0,-2.0554]},"south":{"uv":[4,11.1983],"uv_size":[0,-2.0554]},"east":{"uv":[6.2949,10.7074],"uv_size":[0.5623,-0.4217]},"west":{"uv":[6.848,10.7074],"uv_size":[-0.5623,-0.4217]},"up":{"uv":[4.3017,9.2857],"uv_size":[0.984,0]},"down":{"uv":[4.3017,9.1429],"uv_size":[0.984,0]}}},{"origin":[0.4121,10,-1.5156],"size":[0,3,3],"pivot":[-1.1,5.25,0],"uv":{"north":{"uv":[4,11.1983],"uv_size":[0,-2.0554]},"south":{"uv":[4.1429,11.1983],"uv_size":[0,-2.0554]},"east":{"uv":[6.848,10.7074],"uv_size":[-0.5623,-0.4217]},"west":{"uv":[6.2949,10.7074],"uv_size":[0.5623,-0.4217]},"up":{"uv":[5.2697,9.2857],"uv_size":[-0.984,0]},"down":{"uv":[5.2697,9.1429],"uv_size":[-0.984,0]}}}],"name":"rot_1"},{"parent":"geyser_custom_z","pivot":[-1.1,23.85,-0.3],"rotation":[0,45,0],"cubes":[{"origin":[-2.2327,14.1,-1.9121],"size":[2.8,3,0],"pivot":[-1.1,23.85,-0.3],"uv":{"north":{"uv":[6.2949,10.2926],"uv_size":[0.5623,0.4217]},"south":{"uv":[6.848,10.2926],"uv_size":[-0.5623,0.4217]},"east":{"uv":[4,9.1589],"uv_size":[0,2.0554]},"west":{"uv":[4.1429,9.1589],"uv_size":[0,2.0554]},"up":{"uv":[4.3017,9.1429],"uv_size":[0.984,0]},"down":{"uv":[4.3017,9.2857],"uv_size":[0.984,0]}}}],"name":"rot_2"},{"parent":"geyser_custom_z","pivot":[-1.1,23.85,0.3],"rotation":[0,45,0],"cubes":[{"origin":[-2.7258,14.1,1.9536],"size":[3,3,0],"pivot":[-1.1,23.85,0.3],"uv":{"north":{"uv":[6.848,10.2926],"uv_size":[-0.5623,0.4217]},"south":{"uv":[6.2949,10.2926],"uv_size":[0.5623,0.4217]},"east":{"uv":[4.1429,9.1589],"uv_size":[0,2.0554]},"west":{"uv":[4,9.1589],"uv_size":[0,2.0554]},"up":{"uv":[5.2697,9.1429],"uv_size":[-0.984,0]},"down":{"uv":[5.2697,9.2857],"uv_size":[-0.984,0]}}}],"name":"rot_3"},{"parent":"geyser_custom_z","pivot":[-2.1,25.85,-1.3],"rotation":[0,45,0],"cubes":[{"origin":[-3.2327,16.1,-2.9121],"size":[2.8,3,0],"pivot":[-2.1,25.85,-1.3],"uv":{"north":{"uv":[6.2949,10.2926],"uv_size":[0.5623,0.4217]},"south":{"uv":[6.848,10.2926],"uv_size":[-0.5623,0.4217]},"east":{"uv":[4,9.1589],"uv_size":[0,2.0554]},"west":{"uv":[4.1429,9.1589],"uv_size":[0,2.0554]},"up":{"uv":[4.3017,9.1429],"uv_size":[0.984,0]},"down":{"uv":[4.3017,9.2857],"uv_size":[0.984,0]}}}],"name":"rot_4"},{"parent":"geyser_custom_z","pivot":[-2.1,25.85,1.3],"rotation":[0,45,0],"cubes":[{"origin":[-3.7258,16.1,2.9536],"size":[3,3,0],"pivot":[-2.1,25.85,1.3],"uv":{"north":{"uv":[6.848,10.2926],"uv_size":[-0.5623,0.4217]},"south":{"uv":[6.2949,10.2926],"uv_size":[0.5623,0.4217]},"east":{"uv":[4.1429,9.1589],"uv_size":[0,2.0554]},"west":{"uv":[4,9.1589],"uv_size":[0,2.0554]},"up":{"uv":[5.2697,9.1429],"uv_size":[-0.984,0]},"down":{"uv":[5.2697,9.2857],"uv_size":[-0.984,0]}}}],"name":"rot_5"},{"parent":"geyser_custom_z","pivot":[7,26.5,-11.1],"rotation":[0,0,-45],"cubes":[{"origin":[-4.3,26.5,-4],"size":[5.3,1,1.8],"pivot":[7,26.5,-11.1],"uv":{"north":{"uv":[9.8686,13.712],"uv_size":[0.7029,-0.1406]},"south":{"uv":[9.8686,13.712],"uv_size":[0.7029,-0.1406]},"east":{"uv":[9.8617,13.5691],"uv_size":[0.2811,-0.1406]},"west":{"uv":[9.8617,13.5691],"uv_size":[0.2811,-0.1406]},"up":{"uv":[9.8457,13.4331],"uv_size":[-0.7029,0.2811]},"down":{"uv":[9.8457,13.4331],"uv_size":[-0.7029,0.2811]}}},{"origin":[-4.3,30.7,-4],"size":[5.3,1,1.8],"pivot":[7,26.5,-11.1],"uv":{"north":{"uv":[9.8686,13.712],"uv_size":[0.7029,-0.1406]},"south":{"uv":[9.8686,13.712],"uv_size":[0.7029,-0.1406]},"east":{"uv":[9.8617,13.5691],"uv_size":[0.2811,-0.1406]},"west":{"uv":[9.8617,13.5691],"uv_size":[0.2811,-0.1406]},"up":{"uv":[9.8457,13.4331],"uv_size":[-0.7029,0.2811]},"down":{"uv":[9.8457,13.4331],"uv_size":[-0.7029,0.2811]}}}],"name":"rot_6"},{"parent":"geyser_custom_z","pivot":[7,26.5,11.1],"rotation":[0,0,-45],"cubes":[{"origin":[-4.3,26.5,2.2],"size":[5.3,1,1.8],"pivot":[7,26.5,11.1],"uv":{"north":{"uv":[10.56,13.712],"uv_size":[-0.7029,-0.1406]},"south":{"uv":[10.56,13.712],"uv_size":[-0.7029,-0.1406]},"east":{"uv":[10.1383,13.5691],"uv_size":[-0.2811,-0.1406]},"west":{"uv":[10.1383,13.5691],"uv_size":[-0.2811,-0.1406]},"up":{"uv":[9.8457,13.7097],"uv_size":[-0.7029,-0.2811]},"down":{"uv":[9.8457,13.7097],"uv_size":[-0.7029,-0.2811]}}},{"origin":[-4.3,30.7,2.2],"size":[5.3,1,1.8],"pivot":[7,26.5,11.1],"uv":{"north":{"uv":[10.56,13.712],"uv_size":[-0.7029,-0.1406]},"south":{"uv":[10.56,13.712],"uv_size":[-0.7029,-0.1406]},"east":{"uv":[10.1383,13.5691],"uv_size":[-0.2811,-0.1406]},"west":{"uv":[10.1383,13.5691],"uv_size":[-0.2811,-0.1406]},"up":{"uv":[9.8457,13.7097],"uv_size":[-0.7029,-0.2811]},"down":{"uv":[9.8457,13.7097],"uv_size":[-0.7029,-0.2811]}}}],"name":"rot_7"},{"parent":"geyser_custom_z","pivot":[8.3456,-11.5,-1.7486],"rotation":[0,22.5,0],"cubes":[{"origin":[-2.1544,19,-4.7486],"size":[9,9,0],"pivot":[8.3456,-11.5,-1.7486],"uv":{"north":{"uv":[13.7303,13.6983],"uv_size":[1.2697,-1.2697]},"south":{"uv":[14.984,13.6983],"uv_size":[-1.2697,-1.2697]},"east":{"uv":[13.7143,12.7697],"uv_size":[0,-1.3411]},"west":{"uv":[13.7143,12.7697],"uv_size":[0,-1.3411]},"up":{"uv":[14.4874,11.4286],"uv_size":[-0.7731,0]},"down":{"uv":[14.4874,11.4286],"uv_size":[-0.7731,0]}}}],"name":"rot_8"},{"parent":"geyser_custom_z","pivot":[7,0,-1],"rotation":[0,-0,0],"cubes":[{"origin":[-2,18,-3.5],"size":[3,2,7],"pivot":[7,0,-1],"uv":{"north":{"uv":[11.1474,9.1497],"uv_size":[0.2811,0.4217]},"south":{"uv":[11.1474,9.1497],"uv_size":[0.2811,0.4217]},"east":{"uv":[11.1474,9.5874],"uv_size":[0.2811,0.984]},"west":{"uv":[11.1474,9.5874],"uv_size":[0.2811,0.984]},"up":{"uv":[11.136,10.1269],"uv_size":[-0.4217,-0.984]},"down":{"uv":[11.136,10.1269],"uv_size":[-0.4217,-0.984]}}}],"name":"rot_9"},{"parent":"geyser_custom_z","pivot":[0,19.6,0.5],"rotation":[0,-0,0],"cubes":[{"origin":[-2.5,16.1,-3],"size":[1,11,6],"pivot":[0,19.6,0.5],"uv":{"north":{"uv":[4.3017,6.4309],"uv_size":[1.6983,0.1406]},"south":{"uv":[4.3017,6.4309],"uv_size":[1.6983,0.1406]},"east":{"uv":[4.1566,8.1983],"uv_size":[0.8434,-1.5554]},"west":{"uv":[4.1566,8.1983],"uv_size":[0.8434,-1.5554]},"up":{"uv":[5.2006,6.3549],"uv_size":[-0.8434,-0.1406]},"down":{"uv":[5.2006,6.3549],"uv_size":[-0.8434,-0.1406]}}}],"name":"rot_10"},{"parent":"geyser_custom_z","pivot":[-1.1,5.25,0],"rotation":[0,-0,0],"cubes":[{"origin":[-2.1,-8,-1.1],"size":[2,9,2],"pivot":[-1.1,5.25,0],"uv":{"north":{"uv":[4.5046,9.1589],"uv_size":[0.2811,1.2697]},"south":{"uv":[4.7811,9.1589],"uv_size":[-0.2811,1.2697]},"east":{"uv":[5.0669,9.1589],"uv_size":[-0.2811,1.2697]},"west":{"uv":[5.0669,9.1589],"uv_size":[-0.2811,1.2697]},"up":{"uv":[4.7903,10.7097],"uv_size":[0.2811,-0.2811]},"down":{"uv":[4.7903,10.4331],"uv_size":[0.2811,0.2811]}}},{"origin":[-2.1,1,-1.1],"size":[2,9,2],"pivot":[-1.1,5.25,0],"uv":{"north":{"uv":[4.5046,9.1589],"uv_size":[0.2811,1.2697]},"south":{"uv":[4.7811,9.1589],"uv_size":[-0.2811,1.2697]},"east":{"uv":[5.0669,9.1589],"uv_size":[-0.2811,1.2697]},"west":{"uv":[5.0669,9.1589],"uv_size":[-0.2811,1.2697]},"up":{"uv":[4.7903,10.7097],"uv_size":[0.2811,-0.2811]},"down":{"uv":[4.7903,10.4331],"uv_size":[0.2811,0.2811]}}},{"origin":[-2.1,10,-1.1],"size":[2,9,2],"pivot":[-1.1,5.25,0],"uv":{"north":{"uv":[4.5046,9.1589],"uv_size":[0.2811,1.2697]},"south":{"uv":[4.7811,9.1589],"uv_size":[-0.2811,1.2697]},"east":{"uv":[5.0669,9.1589],"uv_size":[-0.2811,1.2697]},"west":{"uv":[5.0669,9.1589],"uv_size":[-0.2811,1.2697]},"up":{"uv":[4.7903,10.7097],"uv_size":[0.2811,-0.2811]},"down":{"uv":[4.7903,10.4331],"uv_size":[0.2811,0.2811]}}},{"origin":[-1.1,-14,-1.6],"size":[0,6,3],"pivot":[-1.1,5.25,0],"uv":{"north":{"uv":[5.7857,10.2994],"uv_size":[0,0.8434]},"south":{"uv":[5.7857,10.2994],"uv_size":[0,0.8434]},"east":{"uv":[6.2074,10.2994],"uv_size":[-0.4217,0.8434]},"west":{"uv":[6.2074,10.2994],"uv_size":[-0.4217,0.8434]},"up":{"uv":[5.7143,10.2949],"uv_size":[0,0.5623]},"down":{"uv":[5.7143,10.2949],"uv_size":[0,0.5623]}}},{"origin":[-2.1,-14,-0.1],"size":[2,6,0],"pivot":[-1.1,5.25,0],"uv":{"north":{"uv":[6.1383,10.2994],"uv_size":[-0.2811,0.8434]},"south":{"uv":[6.1383,10.2994],"uv_size":[-0.2811,0.8434]},"east":{"uv":[5.7857,10.2994],"uv_size":[0,0.8434]},"west":{"uv":[5.7857,10.2994],"uv_size":[0,0.8434]},"up":{"uv":[5.7143,10.848],"uv_size":[0,-0.5623]},"down":{"uv":[5.7143,10.848],"uv_size":[0,-0.5623]}}},{"origin":[-2.5172,24.5,-0.0551],"size":[0,3,3],"pivot":[-1.1,5.25,0],"uv":{"north":{"uv":[4.1429,11.1983],"uv_size":[0,-2.0554]},"south":{"uv":[4,11.1983],"uv_size":[0,-2.0554]},"east":{"uv":[6.2949,10.7074],"uv_size":[0.5623,-0.4217]},"west":{"uv":[6.848,10.7074],"uv_size":[-0.5623,-0.4217]},"up":{"uv":[4.3017,9.2857],"uv_size":[0.984,0]},"down":{"uv":[4.3017,9.1429],"uv_size":[0.984,0]}}},{"origin":[-2.5172,24.5,-2.9449],"size":[0,3,3],"pivot":[-1.1,5.25,0],"uv":{"north":{"uv":[4,11.1983],"uv_size":[0,-2.0554]},"south":{"uv":[4.1429,11.1983],"uv_size":[0,-2.0554]},"east":{"uv":[6.848,10.7074],"uv_size":[-0.5623,-0.4217]},"west":{"uv":[6.2949,10.7074],"uv_size":[0.5623,-0.4217]},"up":{"uv":[5.2697,9.2857],"uv_size":[-0.984,0]},"down":{"uv":[5.2697,9.1429],"uv_size":[-0.984,0]}}},{"origin":[-1.4172,25.5,-2.9449],"size":[0,3,3],"pivot":[-1.1,5.25,0],"uv":{"north":{"uv":[4,11.1983],"uv_size":[0,-2.0554]},"south":{"uv":[4.1429,11.1983],"uv_size":[0,-2.0554]},"east":{"uv":[6.848,10.7074],"uv_size":[-0.5623,-0.4217]},"west":{"uv":[6.2949,10.7074],"uv_size":[0.5623,-0.4217]},"up":{"uv":[5.2697,9.2857],"uv_size":[-0.984,0]},"down":{"uv":[5.2697,9.1429],"uv_size":[-0.984,0]}}},{"origin":[-1.4172,25.5,-0.0551],"size":[0,3,3],"pivot":[-1.1,5.25,0],"uv":{"north":{"uv":[4.1429,11.1983],"uv_size":[0,-2.0554]},"south":{"uv":[4,11.1983],"uv_size":[0,-2.0554]},"east":{"uv":[6.2949,10.7074],"uv_size":[0.5623,-0.4217]},"west":{"uv":[6.848,10.7074],"uv_size":[-0.5623,-0.4217]},"up":{"uv":[4.3017,9.2857],"uv_size":[0.984,0]},"down":{"uv":[4.3017,9.1429],"uv_size":[0.984,0]}}}],"name":"rot_11"},{"parent":"geyser_custom_z","pivot":[-1.2,28,-15],"rotation":[0,-0,0],"cubes":[{"origin":[-2.5,24.5,-3],"size":[0,5,6],"pivot":[-1.2,28,-15],"uv":{"north":{"uv":[6.8731,4.5714],"uv_size":[1.4126,0]},"south":{"uv":[6.8731,4.5714],"uv_size":[1.4126,0]},"east":{"uv":[9.5851,6.4171],"uv_size":[0.8434,-0.7029]},"west":{"uv":[9.5851,5.7257],"uv_size":[0.8434,0.7029]},"up":{"uv":[8.5554,4.5714],"uv_size":[-1.6983,0]},"down":{"uv":[8.5554,4.5714],"uv_size":[-1.6983,0]}}}],"name":"rot_12"},{"parent":"geyser_custom_z","pivot":[-2.2,26,-15],"rotation":[0,-0,0],"cubes":[{"origin":[-2,24.5,-4],"size":[0,7,8],"pivot":[-2.2,26,-15],"uv":{"north":{"uv":[6.8731,4.5714],"uv_size":[1.984,0]},"south":{"uv":[6.8731,4.5714],"uv_size":[1.984,0]},"east":{"uv":[9.4446,6.6983],"uv_size":[1.1269,-0.984]},"west":{"uv":[9.4446,5.7303],"uv_size":[1.1269,0.984]},"up":{"uv":[9.1269,4.5714],"uv_size":[-2.2697,0]},"down":{"uv":[9.1269,4.5714],"uv_size":[-2.2697,0]}}}],"name":"rot_13"},{"parent":"geyser_custom_z","pivot":[-9,18,-11.1],"rotation":[0,-0,0],"cubes":[{"origin":[-4,19.2,-3.2],"size":[6,6,0],"pivot":[-9,18,-11.1],"uv":{"north":{"uv":[12.1566,7.0851],"uv_size":[0.8434,0.8434]},"south":{"uv":[12.1566,7.0851],"uv_size":[0.8434,0.8434]},"east":{"uv":[11.8571,6.9423],"uv_size":[0,0.8434]},"west":{"uv":[11.8571,6.9423],"uv_size":[0,0.8434]},"up":{"uv":[11.44,6.8571],"uv_size":[0.7029,0]},"down":{"uv":[11.44,6.8571],"uv_size":[0.7029,0]}}}],"name":"rot_14"},{"parent":"geyser_custom_z","pivot":[-9,18,11.1],"rotation":[0,-0,0],"cubes":[{"origin":[-4,19.2,3.2],"size":[6,6,0],"pivot":[-9,18,11.1],"uv":{"north":{"uv":[12.9863,7.0851],"uv_size":[-0.8434,0.8434]},"south":{"uv":[12.9863,7.0851],"uv_size":[-0.8434,0.8434]},"east":{"uv":[11.8571,6.9423],"uv_size":[0,0.8434]},"west":{"uv":[11.8571,6.9423],"uv_size":[0,0.8434]},"up":{"uv":[11.44,6.8571],"uv_size":[0.7029,0]},"down":{"uv":[11.44,6.8571],"uv_size":[0.7029,0]}}}],"name":"rot_15"},{"parent":"geyser_custom_z","pivot":[-15.5,0.5,0],"rotation":[0,-0,0],"cubes":[{"origin":[-3.5,13.5,0.9],"size":[8,10,0],"pivot":[-15.5,0.5,0],"uv":{"north":{"uv":[5.4446,12.5874],"uv_size":[1.4126,1.1269]},"south":{"uv":[6.8411,12.5874],"uv_size":[-1.4126,1.1269]},"east":{"uv":[3.6983,9.1429],"uv_size":[-1.4126,0]},"west":{"uv":[3.6983,9.1429],"uv_size":[-1.4126,0]},"up":{"uv":[5.4286,13.6983],"uv_size":[0,-1.1269]},"down":{"uv":[5.4286,13.6983],"uv_size":[0,-1.1269]}}},{"origin":[-3.5,13.5,-1.1],"size":[8,10,0],"pivot":[-15.5,0.5,0],"uv":{"north":{"uv":[5.4446,12.5874],"uv_size":[1.4126,1.1269]},"south":{"uv":[6.8411,12.5874],"uv_size":[-1.4126,1.1269]},"east":{"uv":[3.6983,9.1429],"uv_size":[-1.4126,0]},"west":{"uv":[3.6983,9.1429],"uv_size":[-1.4126,0]},"up":{"uv":[5.4286,13.6983],"uv_size":[0,-1.1269]},"down":{"uv":[5.4286,13.6983],"uv_size":[0,-1.1269]}}}],"name":"rot_16"},{"parent":"geyser_custom_z","pivot":[8.3456,-11.5,1.7486],"rotation":[0,-22.5,0],"cubes":[{"origin":[-2.1544,22,4.7486],"size":[9,9,0],"pivot":[8.3456,-11.5,1.7486],"uv":{"north":{"uv":[13.7303,13.6983],"uv_size":[1.2697,-1.2697]},"south":{"uv":[14.984,13.6983],"uv_size":[-1.2697,-1.2697]},"east":{"uv":[13.7143,12.7697],"uv_size":[0,-1.3411]},"west":{"uv":[13.7143,12.7697],"uv_size":[0,-1.3411]},"up":{"uv":[14.4874,11.4286],"uv_size":[-0.7731,0]},"down":{"uv":[14.4874,11.4286],"uv_size":[-0.7731,0]}}}],"name":"rot_17"},{"parent":"geyser_custom_z","pivot":[-1.1,5.25,0],"rotation":[-45,0,0],"cubes":[{"origin":[-2.2,-5.0686,8.1634],"size":[2.2,2,2],"pivot":[-1.1,5.25,0],"uv":{"north":{"uv":[4.7811,10.7189],"uv_size":[-0.2811,0.2811]},"south":{"uv":[4.7811,10.9954],"uv_size":[-0.2811,-0.2811]},"east":{"uv":[4.7811,10.4331],"uv_size":[-0.2811,0.2811]},"west":{"uv":[4.7811,10.4331],"uv_size":[-0.2811,0.2811]},"up":{"uv":[4.7811,10.7189],"uv_size":[-0.2811,0.2811]},"down":{"uv":[4.7811,10.7189],"uv_size":[-0.2811,0.2811]}}},{"origin":[-2.1,-6.0686,9.1634],"size":[2,2,2],"pivot":[-1.1,5.25,0],"uv":{"north":{"uv":[4.7811,10.7189],"uv_size":[-0.2811,0.2811]},"south":{"uv":[4.7811,10.9954],"uv_size":[-0.2811,-0.2811]},"east":{"uv":[4.7811,10.4331],"uv_size":[-0.2811,0.2811]},"west":{"uv":[4.7811,10.4331],"uv_size":[-0.2811,0.2811]},"up":{"uv":[4.7811,10.7189],"uv_size":[-0.2811,0.2811]},"down":{"uv":[4.7811,10.7189],"uv_size":[-0.2811,0.2811]}}}],"name":"rot_18"},{"parent":"geyser_custom_z","pivot":[-1.1,5.25,0],"rotation":[0,-45,0],"cubes":[{"origin":[-2.7258,-4,-1.6536],"size":[3,3,0],"pivot":[-1.1,5.25,0],"uv":{"north":{"uv":[6.848,10.2926],"uv_size":[-0.5623,0.4217]},"south":{"uv":[6.2949,10.2926],"uv_size":[0.5623,0.4217]},"east":{"uv":[4.1429,9.1589],"uv_size":[0,2.0554]},"west":{"uv":[4,9.1589],"uv_size":[0,2.0554]},"up":{"uv":[4.3017,9.1429],"uv_size":[0.984,0]},"down":{"uv":[4.3017,9.2857],"uv_size":[0.984,0]}}},{"origin":[-2.2327,-4,1.6121],"size":[2.8,3,0],"pivot":[-1.1,5.25,0],"uv":{"north":{"uv":[6.2949,10.2926],"uv_size":[0.5623,0.4217]},"south":{"uv":[6.848,10.2926],"uv_size":[-0.5623,0.4217]},"east":{"uv":[4,9.1589],"uv_size":[0,2.0554]},"west":{"uv":[4.1429,9.1589],"uv_size":[0,2.0554]},"up":{"uv":[5.2697,9.1429],"uv_size":[-0.984,0]},"down":{"uv":[5.2697,9.2857],"uv_size":[-0.984,0]}}},{"origin":[-2.3034,-1.5,1.5414],"size":[2.8,3,0],"pivot":[-1.1,5.25,0],"uv":{"north":{"uv":[6.2949,10.2926],"uv_size":[0.5623,0.4217]},"south":{"uv":[6.848,10.2926],"uv_size":[-0.5623,0.4217]},"east":{"uv":[4,9.1589],"uv_size":[0,2.0554]},"west":{"uv":[4.1429,9.1589],"uv_size":[0,2.0554]},"up":{"uv":[5.2697,9.1429],"uv_size":[-0.984,0]},"down":{"uv":[5.2697,9.2857],"uv_size":[-0.984,0]}}},{"origin":[-2.6551,-1.5,-1.5828],"size":[3,3,0],"pivot":[-1.1,5.25,0],"uv":{"north":{"uv":[6.848,10.2926],"uv_size":[-0.5623,0.4217]},"south":{"uv":[6.2949,10.2926],"uv_size":[0.5623,0.4217]},"east":{"uv":[4.1429,9.1589],"uv_size":[0,2.0554]},"west":{"uv":[4,9.1589],"uv_size":[0,2.0554]},"up":{"uv":[4.3017,9.1429],"uv_size":[0.984,0]},"down":{"uv":[4.3017,9.2857],"uv_size":[0.984,0]}}},{"origin":[-2.6828,-4.5,-1.4449],"size":[0,3,3],"pivot":[-1.1,5.25,0],"uv":{"north":{"uv":[4,9.1589],"uv_size":[0,2.0554]},"south":{"uv":[4.1429,9.1589],"uv_size":[0,2.0554]},"east":{"uv":[6.848,10.2926],"uv_size":[-0.5623,0.4217]},"west":{"uv":[6.2949,10.2926],"uv_size":[0.5623,0.4217]},"up":{"uv":[5.2697,9.1429],"uv_size":[-0.984,0]},"down":{"uv":[5.2697,9.2857],"uv_size":[-0.984,0]}}},{"origin":[-2.6121,-2,-1.5156],"size":[0,3,3],"pivot":[-1.1,5.25,0],"uv":{"north":{"uv":[4,9.1589],"uv_size":[0,2.0554]},"south":{"uv":[4.1429,9.1589],"uv_size":[0,2.0554]},"east":{"uv":[6.848,10.2926],"uv_size":[-0.5623,0.4217]},"west":{"uv":[6.2949,10.2926],"uv_size":[0.5623,0.4217]},"up":{"uv":[5.2697,9.1429],"uv_size":[-0.984,0]},"down":{"uv":[5.2697,9.2857],"uv_size":[-0.984,0]}}},{"origin":[0.4414,-4.5,-1.5965],"size":[0,3,2.8],"pivot":[-1.1,5.25,0],"uv":{"north":{"uv":[4.1429,9.1589],"uv_size":[0,2.0554]},"south":{"uv":[4,9.1589],"uv_size":[0,2.0554]},"east":{"uv":[6.2949,10.2926],"uv_size":[0.5623,0.4217]},"west":{"uv":[6.848,10.2926],"uv_size":[-0.5623,0.4217]},"up":{"uv":[4.3017,9.1429],"uv_size":[0.984,0]},"down":{"uv":[4.3017,9.2857],"uv_size":[0.984,0]}}},{"origin":[0.3707,-2,-1.5258],"size":[0,3,2.8],"pivot":[-1.1,5.25,0],"uv":{"north":{"uv":[4.1429,9.1589],"uv_size":[0,2.0554]},"south":{"uv":[4,9.1589],"uv_size":[0,2.0554]},"east":{"uv":[6.2949,10.2926],"uv_size":[0.5623,0.4217]},"west":{"uv":[6.848,10.2926],"uv_size":[-0.5623,0.4217]},"up":{"uv":[4.3017,9.1429],"uv_size":[0.984,0]},"down":{"uv":[4.3017,9.2857],"uv_size":[0.984,0]}}},{"origin":[-2.3034,9.5,1.5414],"size":[2.8,3,0],"pivot":[-1.1,5.25,0],"uv":{"north":{"uv":[6.2949,10.7074],"uv_size":[0.5623,-0.4217]},"south":{"uv":[6.848,10.7074],"uv_size":[-0.5623,-0.4217]},"east":{"uv":[4,11.1983],"uv_size":[0,-2.0554]},"west":{"uv":[4.1429,11.1983],"uv_size":[0,-2.0554]},"up":{"uv":[4.3017,9.2857],"uv_size":[0.984,0]},"down":{"uv":[4.3017,9.1429],"uv_size":[0.984,0]}}},{"origin":[-2.6551,9.5,-1.5828],"size":[3,3,0],"pivot":[-1.1,5.25,0],"uv":{"north":{"uv":[6.848,10.7074],"uv_size":[-0.5623,-0.4217]},"south":{"uv":[6.2949,10.7074],"uv_size":[0.5623,-0.4217]},"east":{"uv":[4.1429,11.1983],"uv_size":[0,-2.0554]},"west":{"uv":[4,11.1983],"uv_size":[0,-2.0554]},"up":{"uv":[5.2697,9.2857],"uv_size":[-0.984,0]},"down":{"uv":[5.2697,9.1429],"uv_size":[-0.984,0]}}},{"origin":[-2.6121,10,-1.5156],"size":[0,3,3],"pivot":[-1.1,5.25,0],"uv":{"north":{"uv":[4,11.1983],"uv_size":[0,-2.0554]},"south":{"uv":[4.1429,11.1983],"uv_size":[0,-2.0554]},"east":{"uv":[6.848,10.7074],"uv_size":[-0.5623,-0.4217]},"west":{"uv":[6.2949,10.7074],"uv_size":[0.5623,-0.4217]},"up":{"uv":[5.2697,9.2857],"uv_size":[-0.984,0]},"down":{"uv":[5.2697,9.1429],"uv_size":[-0.984,0]}}},{"origin":[0.3707,10,-1.5258],"size":[0,3,2.8],"pivot":[-1.1,5.25,0],"uv":{"north":{"uv":[4.1429,11.1983],"uv_size":[0,-2.0554]},"south":{"uv":[4,11.1983],"uv_size":[0,-2.0554]},"east":{"uv":[6.2949,10.7074],"uv_size":[0.5623,-0.4217]},"west":{"uv":[6.848,10.7074],"uv_size":[-0.5623,-0.4217]},"up":{"uv":[4.3017,9.2857],"uv_size":[0.984,0]},"down":{"uv":[4.3017,9.1429],"uv_size":[0.984,0]}}}],"name":"rot_19"},{"parent":"geyser_custom_z","pivot":[-1.1,23.85,-0.3],"rotation":[0,-45,0],"cubes":[{"origin":[-2.7258,14.1,-1.9536],"size":[3,3,0],"pivot":[-1.1,23.85,-0.3],"uv":{"north":{"uv":[6.848,10.2926],"uv_size":[-0.5623,0.4217]},"south":{"uv":[6.2949,10.2926],"uv_size":[0.5623,0.4217]},"east":{"uv":[4.1429,9.1589],"uv_size":[0,2.0554]},"west":{"uv":[4,9.1589],"uv_size":[0,2.0554]},"up":{"uv":[5.2697,9.1429],"uv_size":[-0.984,0]},"down":{"uv":[5.2697,9.2857],"uv_size":[-0.984,0]}}}],"name":"rot_20"},{"parent":"geyser_custom_z","pivot":[-1.1,23.85,0.3],"rotation":[0,-45,0],"cubes":[{"origin":[-2.2327,14.1,1.9121],"size":[2.8,3,0],"pivot":[-1.1,23.85,0.3],"uv":{"north":{"uv":[6.2949,10.2926],"uv_size":[0.5623,0.4217]},"south":{"uv":[6.848,10.2926],"uv_size":[-0.5623,0.4217]},"east":{"uv":[4,9.1589],"uv_size":[0,2.0554]},"west":{"uv":[4.1429,9.1589],"uv_size":[0,2.0554]},"up":{"uv":[4.3017,9.1429],"uv_size":[0.984,0]},"down":{"uv":[4.3017,9.2857],"uv_size":[0.984,0]}}}],"name":"rot_21"},{"parent":"geyser_custom_z","pivot":[-2.1,25.85,-1.3],"rotation":[0,-45,0],"cubes":[{"origin":[-3.7258,16.1,-2.9536],"size":[3,3,0],"pivot":[-2.1,25.85,-1.3],"uv":{"north":{"uv":[6.848,10.2926],"uv_size":[-0.5623,0.4217]},"south":{"uv":[6.2949,10.2926],"uv_size":[0.5623,0.4217]},"east":{"uv":[4.1429,9.1589],"uv_size":[0,2.0554]},"west":{"uv":[4,9.1589],"uv_size":[0,2.0554]},"up":{"uv":[5.2697,9.1429],"uv_size":[-0.984,0]},"down":{"uv":[5.2697,9.2857],"uv_size":[-0.984,0]}}}],"name":"rot_22"},{"parent":"geyser_custom_z","pivot":[-2.1,25.85,1.3],"rotation":[0,-45,0],"cubes":[{"origin":[-3.2327,16.1,2.9121],"size":[2.8,3,0],"pivot":[-2.1,25.85,1.3],"uv":{"north":{"uv":[6.2949,10.2926],"uv_size":[0.5623,0.4217]},"south":{"uv":[6.848,10.2926],"uv_size":[-0.5623,0.4217]},"east":{"uv":[4,9.1589],"uv_size":[0,2.0554]},"west":{"uv":[4.1429,9.1589],"uv_size":[0,2.0554]},"up":{"uv":[4.3017,9.1429],"uv_size":[0.984,0]},"down":{"uv":[4.3017,9.2857],"uv_size":[0.984,0]}}}],"name":"rot_23"},{"parent":"geyser_custom_z","pivot":[7,18,-11.1],"rotation":[0,0,45],"cubes":[{"origin":[-4.3,17,-4.1],"size":[5.3,1,2],"pivot":[7,18,-11.1],"uv":{"north":{"uv":[9.8686,13.5737],"uv_size":[0.7029,0.1406]},"south":{"uv":[9.8686,13.5737],"uv_size":[0.7029,0.1406]},"east":{"uv":[9.8617,13.4309],"uv_size":[0.2811,0.1406]},"west":{"uv":[9.8617,13.4309],"uv_size":[0.2811,0.1406]},"up":{"uv":[9.8457,13.7097],"uv_size":[-0.7029,-0.2811]},"down":{"uv":[9.8457,13.7097],"uv_size":[-0.7029,-0.2811]}}}],"name":"rot_24"},{"parent":"geyser_custom_z","pivot":[7,18,11.1],"rotation":[0,0,45],"cubes":[{"origin":[-4.3,17,2.1],"size":[5.3,1,2],"pivot":[7,18,11.1],"uv":{"north":{"uv":[10.56,13.5737],"uv_size":[-0.7029,0.1406]},"south":{"uv":[10.56,13.5737],"uv_size":[-0.7029,0.1406]},"east":{"uv":[10.1383,13.4309],"uv_size":[-0.2811,0.1406]},"west":{"uv":[10.1383,13.4309],"uv_size":[-0.2811,0.1406]},"up":{"uv":[9.8457,13.4331],"uv_size":[-0.7029,0.2811]},"down":{"uv":[9.8457,13.4331],"uv_size":[-0.7029,0.2811]}}}],"name":"rot_25"},{"parent":"geyser_custom_z","pivot":[-9,26.5,-11.1],"rotation":[0,0,45],"cubes":[{"origin":[-3,26.5,-4.1],"size":[5.3,1,2],"pivot":[-9,26.5,-11.1],"uv":{"north":{"uv":[10.56,13.712],"uv_size":[-0.7029,-0.1406]},"south":{"uv":[10.56,13.712],"uv_size":[-0.7029,-0.1406]},"east":{"uv":[10.1383,13.5691],"uv_size":[-0.2811,-0.1406]},"west":{"uv":[10.1383,13.5691],"uv_size":[-0.2811,-0.1406]},"up":{"uv":[9.1543,13.4331],"uv_size":[0.7029,0.2811]},"down":{"uv":[9.1543,13.4331],"uv_size":[0.7029,0.2811]}}}],"name":"rot_26"},{"parent":"geyser_custom_z","pivot":[-9,26.5,11.1],"rotation":[0,0,45],"cubes":[{"origin":[-3,26.5,2.1],"size":[5.3,1,2],"pivot":[-9,26.5,11.1],"uv":{"north":{"uv":[9.8686,13.712],"uv_size":[0.7029,-0.1406]},"south":{"uv":[9.8686,13.712],"uv_size":[0.7029,-0.1406]},"east":{"uv":[9.8617,13.5691],"uv_size":[0.2811,-0.1406]},"west":{"uv":[9.8617,13.5691],"uv_size":[0.2811,-0.1406]},"up":{"uv":[9.1543,13.7097],"uv_size":[0.7029,-0.2811]},"down":{"uv":[9.1543,13.7097],"uv_size":[0.7029,-0.2811]}}}],"name":"rot_27"}]}]}
