{"format_version":"1.16.0","minecraft:geometry":[{"description":{"identifier":"geometry.geyser_custom.geo_cd364fa","texture_width":16,"texture_height":16,"visible_bounds_width":4,"visible_bounds_height":4.5,"visible_bounds_offset":[0,0.75,0]},"bones":[{"name":"geyser_custom","binding":"c.item_slot == 'head' ? 'head' : q.item_slot_to_bone_name(c.item_slot)","pivot":[0,8,0]},{"name":"geyser_custom_x","parent":"geyser_custom","pivot":[0,8,0]},{"name":"geyser_custom_y","parent":"geyser_custom_x","pivot":[0,8,0]},{"name":"geyser_custom_z","parent":"geyser_custom_y","pivot":[0,8,0],"cubes":[{"origin":[-3,-4,0],"size":[0,16,10],"uv":{"north":{"uv":[2.2857,9.1589],"uv_size":[0,2.2697]},"south":{"uv":[2.2857,9.1589],"uv_size":[0,2.2697]},"east":{"uv":[3.6983,10.7303],"uv_size":[-1.4126,2.2697]},"west":{"uv":[2.3017,10.7303],"uv_size":[1.4126,2.2697]},"up":{"uv":[2.2857,10.5554],"uv_size":[0,-1.4126]},"down":{"uv":[2.2857,10.5554],"uv_size":[0,-1.4126]}}}]},{"parent":"geyser_custom_z","pivot":[-0.05,-2,11],"rotation":[45,0,0],"cubes":[{"origin":[-1.3,-4.4,9.6],"size":[2.5,2,2.6],"pivot":[-0.05,-2,11],"uv":{"north":{"uv":[5.5783,9.5046],"uv_size":[0.4217,0.2811]},"south":{"uv":[6.2926,9.576],"uv_size":[0.4217,0.2811]},"east":{"uv":[6.8526,9.864],"uv_size":[-0.2811,0.4217]},"west":{"uv":[6.576,9.864],"uv_size":[0.2811,0.4217]},"up":{"uv":[5.9931,10.28],"uv_size":[-0.4217,-0.3514]},"down":{"uv":[5.9931,10.28],"uv_size":[-0.4217,-0.3514]}}}],"name":"rot_1"},{"parent":"geyser_custom_z","pivot":[13,15.5,-5],"rotation":[0,0,-45],"cubes":[{"origin":[1.7,15.5,2],"size":[5.3,1,2],"pivot":[13,15.5,-5],"uv":{"north":{"uv":[9.8686,13.712],"uv_size":[0.7029,-0.1406]},"south":{"uv":[9.8686,13.712],"uv_size":[0.7029,-0.1406]},"east":{"uv":[9.8617,13.5691],"uv_size":[0.2811,-0.1406]},"west":{"uv":[9.8617,13.5691],"uv_size":[0.2811,-0.1406]},"up":{"uv":[9.8457,13.4331],"uv_size":[-0.7029,0.2811]},"down":{"uv":[9.8457,13.4331],"uv_size":[-0.7029,0.2811]}}}],"name":"rot_2"},{"parent":"geyser_custom_z","pivot":[3,15.5,-5],"rotation":[0,0,-45],"cubes":[{"origin":[-8.3,15.5,2],"size":[5.3,1,2],"pivot":[3,15.5,-5],"uv":{"north":{"uv":[9.8686,13.712],"uv_size":[0.7029,-0.1406]},"south":{"uv":[9.8686,13.712],"uv_size":[0.7029,-0.1406]},"east":{"uv":[9.8617,13.5691],"uv_size":[0.2811,-0.1406]},"west":{"uv":[9.8617,13.5691],"uv_size":[0.2811,-0.1406]},"up":{"uv":[9.8457,13.4331],"uv_size":[-0.7029,0.2811]},"down":{"uv":[9.8457,13.4331],"uv_size":[-0.7029,0.2811]}}}],"name":"rot_3"},{"parent":"geyser_custom_z","pivot":[-3,7,-5],"rotation":[0,0,-45],"cubes":[{"origin":[3,6,2],"size":[5.3,1,2],"pivot":[-3,7,-5],"uv":{"north":{"uv":[10.56,13.5737],"uv_size":[-0.7029,0.1406]},"south":{"uv":[10.56,13.5737],"uv_size":[-0.7029,0.1406]},"east":{"uv":[10.1383,13.4309],"uv_size":[-0.2811,0.1406]},"west":{"uv":[10.1383,13.4309],"uv_size":[-0.2811,0.1406]},"up":{"uv":[9.1543,13.7097],"uv_size":[0.7029,-0.2811]},"down":{"uv":[9.1543,13.7097],"uv_size":[0.7029,-0.2811]}}}],"name":"rot_4"},{"parent":"geyser_custom_z","pivot":[-8.3661,14.7642,2.6121],"rotation":[0,0,-45],"cubes":[{"origin":[-5.9674,9.7935,1.1501],"size":[2.72,2.72,2.856],"pivot":[-8.3661,14.7642,2.6121],"uv":{"north":{"uv":[11.4366,5.5634],"uv_size":[0.492,-0.492]},"south":{"uv":[11.9206,5.5634],"uv_size":[-0.492,-0.492]},"east":{"uv":[12.4206,5.0634],"uv_size":[-0.492,-0.492]},"west":{"uv":[12.4206,5.5634],"uv_size":[-0.492,-0.492]},"up":{"uv":[11.9206,4.5794],"uv_size":[-0.492,0.492]},"down":{"uv":[11.9206,4.5794],"uv_size":[-0.492,0.492]}}},{"origin":[-12.9518,17.8659,2.2381],"size":[2.176,2.04,0.816],"pivot":[-8.3661,14.7642,2.6121],"uv":{"north":{"uv":[4.22,4.22],"uv_size":[0.3514,0.3514]},"south":{"uv":[4.5657,4.22],"uv_size":[-0.3514,0.3514]},"east":{"uv":[4.712,4.22],"uv_size":[-0.1406,0.3514]},"west":{"uv":[4.212,4.22],"uv_size":[-0.1406,0.3514]},"up":{"uv":[4.5657,4.0737],"uv_size":[-0.3514,0.1406]},"down":{"uv":[4.5657,4.0737],"uv_size":[-0.3514,0.1406]}}}],"name":"rot_5"},{"parent":"geyser_custom_z","pivot":[-13,7,-5],"rotation":[0,0,-45],"cubes":[{"origin":[-7,6,2],"size":[5.3,1,2],"pivot":[-13,7,-5],"uv":{"north":{"uv":[10.56,13.5737],"uv_size":[-0.7029,0.1406]},"south":{"uv":[10.56,13.5737],"uv_size":[-0.7029,0.1406]},"east":{"uv":[10.1383,13.4309],"uv_size":[-0.2811,0.1406]},"west":{"uv":[10.1383,13.4309],"uv_size":[-0.2811,0.1406]},"up":{"uv":[9.1543,13.7097],"uv_size":[0.7029,-0.2811]},"down":{"uv":[9.1543,13.7097],"uv_size":[0.7029,-0.2811]}}}],"name":"rot_6"},{"parent":"geyser_custom_z","pivot":[0,-1.5,23],"rotation":[22.5,0,0],"cubes":[{"origin":[0,4,14],"size":[0,5,4],"pivot":[0,-1.5,23],"uv":{"north":{"uv":[6.1429,2.0829],"uv_size":[0,0.7029]},"south":{"uv":[6.1429,2.0829],"uv_size":[0,0.7029]},"east":{"uv":[6.8457,2.0806],"uv_size":[-0.7029,0.5623]},"west":{"uv":[6.1543,2.0806],"uv_size":[0.7029,0.5623]},"up":{"uv":[6.1429,2.6337],"uv_size":[0,-0.5623]},"down":{"uv":[6.1429,2.6337],"uv_size":[0,-0.5623]}}}],"name":"rot_7"},{"parent":"geyser_custom_z","pivot":[0,12.5,5.5],"rotation":[22.5,0,0],"cubes":[{"origin":[-1.9,1.5,5.5],"size":[3.7,5,3],"pivot":[0,12.5,5.5],"uv":{"north":{"uv":[5.5366,9.1543],"uv_size":[0.492,0.7029]},"south":{"uv":[6.2234,9.1543],"uv_size":[0.5623,0.7029]},"east":{"uv":[6.8457,9.864],"uv_size":[-0.7029,0.4217]},"west":{"uv":[6.1543,9.864],"uv_size":[0.7029,0.4217]},"up":{"uv":[6.0206,10.2789],"uv_size":[-0.492,-0.4217]},"down":{"uv":[6.0206,10.2789],"uv_size":[-0.492,-0.4217]}}}],"name":"rot_8"},{"parent":"geyser_custom_z","pivot":[-0.05,-2,11],"rotation":[22.5,0,0],"cubes":[{"origin":[-1.5,-2.9,9.9],"size":[2.9,2,2.7],"pivot":[-0.05,-2,11],"uv":{"north":{"uv":[5.5783,9.5046],"uv_size":[0.4217,0.2811]},"south":{"uv":[6.2926,9.576],"uv_size":[0.4217,0.2811]},"east":{"uv":[6.8526,9.864],"uv_size":[-0.2811,0.4217]},"west":{"uv":[6.576,9.864],"uv_size":[0.2811,0.4217]},"up":{"uv":[5.9931,10.28],"uv_size":[-0.4217,-0.3514]},"down":{"uv":[5.9931,10.28],"uv_size":[-0.4217,-0.3514]}}}],"name":"rot_9"},{"parent":"geyser_custom_z","pivot":[-0.4,-2.4239,17.3963],"rotation":[22.5,0,0],"cubes":[{"origin":[-4.4,-3.4239,13.8963],"size":[8,0,9],"pivot":[-0.4,-2.4239,17.3963],"uv":{"north":{"uv":[2.3017,4.5714],"uv_size":[1.2697,0]},"south":{"uv":[2.3017,4.5714],"uv_size":[1.2697,0]},"east":{"uv":[2.3017,4.5714],"uv_size":[1.2697,0]},"west":{"uv":[2.3017,4.5714],"uv_size":[1.2697,0]},"up":{"uv":[3.5554,5.8411],"uv_size":[-1.1269,-1.2697]},"down":{"uv":[3.5554,4.5874],"uv_size":[-1.1269,1.2697]}}}],"name":"rot_10"},{"parent":"geyser_custom_z","pivot":[8,0,0],"rotation":[0,22.5,0],"cubes":[{"origin":[2,11,0],"size":[0,11,12],"pivot":[8,0,0],"uv":{"north":{"uv":[2.2857,9.1589],"uv_size":[0,3.1269]},"south":{"uv":[2.2857,9.1589],"uv_size":[0,3.1269]},"east":{"uv":[3.984,9.1589],"uv_size":[-1.6983,1.5554]},"west":{"uv":[2.3017,9.1589],"uv_size":[1.6983,1.5554]},"up":{"uv":[2.2857,9.1589],"uv_size":[0,3.4126]},"down":{"uv":[2.2857,12.5554],"uv_size":[0,-3.4126]}}}],"name":"rot_11"},{"parent":"geyser_custom_z","pivot":[-3.4,4.7,8.2],"rotation":[0,22.5,0],"cubes":[{"origin":[-3.9,1.5,10.6],"size":[1,0.8,0.8],"pivot":[-3.4,4.7,8.2],"uv":{"north":{"uv":[5.2834,9.4309],"uv_size":[-0.1406,0.1406]},"south":{"uv":[5.2834,9.4309],"uv_size":[-0.1406,0.1406]},"east":{"uv":[5.0023,9.4263],"uv_size":[0.1406,-0.1406]},"west":{"uv":[5.0023,9.4263],"uv_size":[0.1406,-0.1406]},"up":{"uv":[5.4263,9.4309],"uv_size":[-0.1406,0.1406]},"down":{"uv":[5.4263,9.4309],"uv_size":[-0.1406,0.1406]}}}],"name":"rot_12"},{"parent":"geyser_custom_z","pivot":[-3.4,4.7,8.3],"rotation":[0,22.5,0],"cubes":[{"origin":[-4.3,1.7,10.8],"size":[0.5,0.4,0.5],"pivot":[-3.4,4.7,8.3],"uv":{"north":{"uv":[5.0726,9.5703],"uv_size":[0.0703,-0.0703]},"south":{"uv":[5.0726,9.5703],"uv_size":[0.0703,-0.0703]},"east":{"uv":[5.1417,9.4297],"uv_size":[-0.0703,0.0703]},"west":{"uv":[5.1417,9.4297],"uv_size":[-0.0703,0.0703]},"up":{"uv":[5.0726,9.6417],"uv_size":[0.0703,-0.0703]},"down":{"uv":[5.0726,9.6417],"uv_size":[0.0703,-0.0703]}}}],"name":"rot_13"},{"parent":"geyser_custom_z","pivot":[-4.4,7.7,7.2],"rotation":[0,22.5,0],"cubes":[{"origin":[-4.9,4.5,9.6],"size":[1,0.8,0.8],"pivot":[-4.4,7.7,7.2],"uv":{"north":{"uv":[5.2834,9.4309],"uv_size":[-0.1406,0.1406]},"south":{"uv":[5.2834,9.4309],"uv_size":[-0.1406,0.1406]},"east":{"uv":[5.0023,9.4263],"uv_size":[0.1406,-0.1406]},"west":{"uv":[5.0023,9.4263],"uv_size":[0.1406,-0.1406]},"up":{"uv":[5.4263,9.4309],"uv_size":[-0.1406,0.1406]},"down":{"uv":[5.4263,9.4309],"uv_size":[-0.1406,0.1406]}}}],"name":"rot_14"},{"parent":"geyser_custom_z","pivot":[-4.4,7.7,7.3],"rotation":[0,22.5,0],"cubes":[{"origin":[-5.3,4.7,9.8],"size":[0.5,0.4,0.5],"pivot":[-4.4,7.7,7.3],"uv":{"north":{"uv":[5.0726,9.5703],"uv_size":[0.0703,-0.0703]},"south":{"uv":[5.0726,9.5703],"uv_size":[0.0703,-0.0703]},"east":{"uv":[5.1417,9.4297],"uv_size":[-0.0703,0.0703]},"west":{"uv":[5.1417,9.4297],"uv_size":[-0.0703,0.0703]},"up":{"uv":[5.0726,9.6417],"uv_size":[0.0703,-0.0703]},"down":{"uv":[5.0726,9.6417],"uv_size":[0.0703,-0.0703]}}}],"name":"rot_15"},{"parent":"geyser_custom_z","pivot":[8.3661,14.7642,2.6121],"rotation":[0,0,-22.5],"cubes":[{"origin":[11.6386,11.7974,2.1021],"size":[1.36,2.448,1.088],"pivot":[8.3661,14.7642,2.6121],"uv":{"north":{"uv":[4.6497,4.0034],"uv_size":[0.4217,0.2109]},"south":{"uv":[4.6497,4.0034],"uv_size":[0.4217,0.2109]},"east":{"uv":[5.0646,3.7891],"uv_size":[-0.4217,0.2109]},"west":{"uv":[5.0646,3.7891],"uv_size":[-0.4217,0.2109]},"up":{"uv":[4.7177,3.7823],"uv_size":[0.2109,-0.2109]},"down":{"uv":[4.5034,3.7823],"uv_size":[0.2109,-0.2109]}}}],"name":"rot_16"},{"parent":"geyser_custom_z","pivot":[-8.3661,14.7642,2.6121],"rotation":[0,0,-22.5],"cubes":[{"origin":[-7.9449,12.8851,1.5581],"size":[2.72,2.72,2.04],"pivot":[-8.3661,14.7642,2.6121],"uv":{"north":{"uv":[4.508,3.0794],"uv_size":[0.492,0.492]},"south":{"uv":[4.508,3.5634],"uv_size":[0.492,-0.492]},"east":{"uv":[4.508,3.0657],"uv_size":[0.492,-0.3514]},"west":{"uv":[4.508,3.0657],"uv_size":[0.492,-0.3514]},"up":{"uv":[4.492,2.4343],"uv_size":[-0.492,0.3514]},"down":{"uv":[5.492,2.6486],"uv_size":[-0.492,0.3514]}}},{"origin":[-4.4089,9.4851,1.0141],"size":[2.72,2.72,3.128],"pivot":[-8.3661,14.7642,2.6121],"uv":{"north":{"uv":[11.4366,6.0794],"uv_size":[0.492,0.492]},"south":{"uv":[11.9206,6.0794],"uv_size":[-0.492,0.492]},"east":{"uv":[12.4909,6.0794],"uv_size":[-0.5623,0.492]},"west":{"uv":[12.5623,5.5794],"uv_size":[-0.5623,0.492]},"up":{"uv":[11.4377,6.0634],"uv_size":[0.5623,-0.492]},"down":{"uv":[11.4377,6.0634],"uv_size":[0.5623,-0.492]}}},{"origin":[-14.6353,17.6633,2.3741],"size":[1.904,2.04,0.544],"pivot":[-8.3661,14.7642,2.6121],"uv":{"north":{"uv":[5.0657,4.22],"uv_size":[-0.3514,0.3514]},"south":{"uv":[5.0657,4.22],"uv_size":[-0.3514,0.3514]},"east":{"uv":[5.1417,3.8629],"uv_size":[-0.0703,0.3514]},"west":{"uv":[5.1417,3.5057],"uv_size":[-0.0703,0.3514]},"up":{"uv":[5.0726,4.5657],"uv_size":[0.0703,-0.3514]},"down":{"uv":[5.0726,4.5657],"uv_size":[0.0703,-0.3514]}}}],"name":"rot_17"},{"parent":"geyser_custom_z","pivot":[15.7782,4,3.8492],"rotation":[0,-0,0],"cubes":[{"origin":[1.7782,-2,0.8492],"size":[10,16,0],"pivot":[15.7782,4,3.8492],"uv":{"north":{"uv":[2.3017,5.8731],"uv_size":[1.4126,2.2697]},"south":{"uv":[3.6983,5.8731],"uv_size":[-1.4126,2.2697]},"east":{"uv":[2.2857,4.5874],"uv_size":[0,2.2697]},"west":{"uv":[2.2857,4.5874],"uv_size":[0,2.2697]},"up":{"uv":[2.2857,5.984],"uv_size":[0,-1.4126]},"down":{"uv":[2.2857,5.984],"uv_size":[0,-1.4126]}}}],"name":"rot_18"},{"parent":"geyser_custom_z","pivot":[13,7,-5],"rotation":[0,-0,0],"cubes":[{"origin":[2,8.2,3],"size":[6,6,0],"pivot":[13,7,-5],"uv":{"north":{"uv":[12.1566,7.0851],"uv_size":[0.8434,0.8434]},"south":{"uv":[12.9863,7.0851],"uv_size":[-0.8434,0.8434]},"east":{"uv":[11.8571,6.9423],"uv_size":[0,0.8434]},"west":{"uv":[11.8571,6.9423],"uv_size":[0,0.8434]},"up":{"uv":[12.1314,6.8571],"uv_size":[-0.7029,0]},"down":{"uv":[12.1314,6.8571],"uv_size":[-0.7029,0]}}}],"name":"rot_19"},{"parent":"geyser_custom_z","pivot":[8.3661,14.7642,2.6121],"rotation":[0,-0,0],"cubes":[{"origin":[7.098,13.2204,1.9661],"size":[5.44,2.72,1.36],"pivot":[8.3661,14.7642,2.6121],"uv":{"north":{"uv":[4.492,3.0874],"uv_size":[-0.492,0.984]},"south":{"uv":[4.492,3.0874],"uv_size":[-0.492,0.984]},"east":{"uv":[4.008,2.8606],"uv_size":[0.492,0.2109]},"west":{"uv":[4.008,2.8606],"uv_size":[0.492,0.2109]},"up":{"uv":[3.7303,0.2177],"uv_size":[0.984,0.2109]},"down":{"uv":[3.7303,0.0034],"uv_size":[0.984,0.2109]}}},{"origin":[3.154,14.0364,1.2861],"size":[2.72,2.72,2.584],"pivot":[8.3661,14.7642,2.6121],"uv":{"north":{"uv":[5.2366,0.4779],"uv_size":[0.492,-0.4779]},"south":{"uv":[5.2366,0.0078],"uv_size":[0.492,0.4779]},"east":{"uv":[5.4366,2.0783],"uv_size":[0.492,0.4217]},"west":{"uv":[5.4366,2.0783],"uv_size":[0.492,0.4217]},"up":{"uv":[5.2211,0.508],"uv_size":[0.4217,0.492]},"down":{"uv":[5.0069,2.0794],"uv_size":[0.4217,0.492]}}}],"name":"rot_20"},{"parent":"geyser_custom_z","pivot":[8,0,-11],"rotation":[0,-0,0],"cubes":[{"origin":[3,-4,0],"size":[0,16,10],"pivot":[8,0,-11],"uv":{"north":{"uv":[2.2857,9.1589],"uv_size":[0,2.2697]},"south":{"uv":[2.2857,9.1589],"uv_size":[0,2.2697]},"east":{"uv":[3.6983,10.7303],"uv_size":[-1.4126,2.2697]},"west":{"uv":[2.3017,10.7303],"uv_size":[1.4126,2.2697]},"up":{"uv":[2.2857,10.5554],"uv_size":[0,-1.4126]},"down":{"uv":[2.2857,10.5554],"uv_size":[0,-1.4126]}}},{"origin":[-2.5,11,-1],"size":[5,3,5],"pivot":[8,0,-11],"uv":{"north":{"uv":[5.44,9.864],"uv_size":[0.7029,0.4217]},"south":{"uv":[5.44,9.864],"uv_size":[0.7029,0.4217]},"east":{"uv":[6.8457,9.864],"uv_size":[-0.7029,0.4217]},"west":{"uv":[6.1543,9.864],"uv_size":[0.7029,0.4217]},"up":{"uv":[6.8457,9.8457],"uv_size":[-0.7029,-0.7029]},"down":{"uv":[6.1314,9.8457],"uv_size":[-0.7029,-0.7029]}}}],"name":"rot_21"},{"parent":"geyser_custom_z","pivot":[4.4,7.8,7.2],"rotation":[0,-0,0],"cubes":[{"origin":[1.2,4.4,9.2],"size":[2,1,1],"pivot":[4.4,7.8,7.2],"uv":{"north":{"uv":[5.424,9.2834],"uv_size":[-0.2811,-0.1406]},"south":{"uv":[5.424,9.2834],"uv_size":[-0.2811,-0.1406]},"east":{"uv":[5.1406,9.2834],"uv_size":[-0.1406,-0.1406]},"west":{"uv":[5.1406,9.2834],"uv_size":[-0.1406,-0.1406]},"up":{"uv":[5.424,9.288],"uv_size":[-0.2811,0.1406]},"down":{"uv":[5.424,9.288],"uv_size":[-0.2811,0.1406]}}}],"name":"rot_22"},{"parent":"geyser_custom_z","pivot":[3.4,4.8,8.2],"rotation":[0,-0,0],"cubes":[{"origin":[0.2,1.4,10.2],"size":[2,1,1],"pivot":[3.4,4.8,8.2],"uv":{"north":{"uv":[5.424,9.2834],"uv_size":[-0.2811,-0.1406]},"south":{"uv":[5.424,9.2834],"uv_size":[-0.2811,-0.1406]},"east":{"uv":[5.1406,9.2834],"uv_size":[-0.1406,-0.1406]},"west":{"uv":[5.1406,9.2834],"uv_size":[-0.1406,-0.1406]},"up":{"uv":[5.424,9.288],"uv_size":[-0.2811,0.1406]},"down":{"uv":[5.424,9.288],"uv_size":[-0.2811,0.1406]}}}],"name":"rot_23"},{"parent":"geyser_custom_z","pivot":[3,7,-5],"rotation":[0,-0,0],"cubes":[{"origin":[-8,8.2,3],"size":[6,6,0],"pivot":[3,7,-5],"uv":{"north":{"uv":[12.1566,7.0851],"uv_size":[0.8434,0.8434]},"south":{"uv":[12.9863,7.0851],"uv_size":[-0.8434,0.8434]},"east":{"uv":[11.8571,6.9423],"uv_size":[0,0.8434]},"west":{"uv":[11.8571,6.9423],"uv_size":[0,0.8434]},"up":{"uv":[12.1314,6.8571],"uv_size":[-0.7029,0]},"down":{"uv":[12.1314,6.8571],"uv_size":[-0.7029,0]}}}],"name":"rot_24"},{"parent":"geyser_custom_z","pivot":[0,12.5,5.5],"rotation":[0,-0,0],"cubes":[{"origin":[-1.7,-1.5,9.5],"size":[3.3,5,3],"pivot":[0,12.5,5.5],"uv":{"north":{"uv":[5.5783,9.1543],"uv_size":[0.4217,0.7029]},"south":{"uv":[6.2926,9.1543],"uv_size":[0.4217,0.7029]},"east":{"uv":[6.8457,9.864],"uv_size":[-0.7029,0.4217]},"west":{"uv":[6.1543,9.864],"uv_size":[0.7029,0.4217]},"up":{"uv":[5.9931,10.2789],"uv_size":[-0.4217,-0.4217]},"down":{"uv":[5.9931,10.2789],"uv_size":[-0.4217,-0.4217]}}}],"name":"rot_25"},{"parent":"geyser_custom_z","pivot":[-0.05,-2,11],"rotation":[0,-0,0],"cubes":[{"origin":[-1,-5.1,13.5],"size":[1.8,1.9,2],"pivot":[-0.05,-2,11],"uv":{"north":{"uv":[5.5783,10.0046],"uv_size":[0.4217,0.2811]},"south":{"uv":[5.5783,10.0046],"uv_size":[0.4217,0.2811]},"east":{"uv":[6.8526,9.8617],"uv_size":[-0.2811,0.2811]},"west":{"uv":[6.576,9.8617],"uv_size":[0.2811,0.2811]},"up":{"uv":[6.6383,9.8526],"uv_size":[-0.2811,-0.2811]},"down":{"uv":[5.9931,9.7811],"uv_size":[-0.4217,-0.2811]}}}],"name":"rot_26"},{"parent":"geyser_custom_z","pivot":[-3.4,4.8,8.2],"rotation":[0,-0,0],"cubes":[{"origin":[-2.2,1.4,10.2],"size":[2,1,1],"pivot":[-3.4,4.8,8.2],"uv":{"north":{"uv":[5.1474,9.2834],"uv_size":[0.2811,-0.1406]},"south":{"uv":[5.1474,9.2834],"uv_size":[0.2811,-0.1406]},"east":{"uv":[5.1406,9.1451],"uv_size":[-0.1406,0.1406]},"west":{"uv":[5.1406,9.1451],"uv_size":[-0.1406,0.1406]},"up":{"uv":[5.1474,9.288],"uv_size":[0.2811,0.1406]},"down":{"uv":[5.1474,9.288],"uv_size":[0.2811,0.1406]}}}],"name":"rot_27"},{"parent":"geyser_custom_z","pivot":[-4.4,7.8,7.2],"rotation":[0,-0,0],"cubes":[{"origin":[-3.2,4.4,9.2],"size":[2,1,1],"pivot":[-4.4,7.8,7.2],"uv":{"north":{"uv":[5.1474,9.2834],"uv_size":[0.2811,-0.1406]},"south":{"uv":[5.1474,9.2834],"uv_size":[0.2811,-0.1406]},"east":{"uv":[5.1406,9.1451],"uv_size":[-0.1406,0.1406]},"west":{"uv":[5.1406,9.1451],"uv_size":[-0.1406,0.1406]},"up":{"uv":[5.1474,9.288],"uv_size":[0.2811,0.1406]},"down":{"uv":[5.1474,9.288],"uv_size":[0.2811,0.1406]}}}],"name":"rot_28"},{"parent":"geyser_custom_z","pivot":[-8.3661,14.7642,2.6121],"rotation":[0,-0,0],"cubes":[{"origin":[-12.538,13.2204,1.9661],"size":[5.44,2.72,1.36],"pivot":[-8.3661,14.7642,2.6121],"uv":{"north":{"uv":[4.492,4.0554],"uv_size":[-0.492,-0.984]},"south":{"uv":[4.492,4.0554],"uv_size":[-0.492,-0.984]},"east":{"uv":[4.008,3.068],"uv_size":[0.492,-0.2109]},"west":{"uv":[4.008,3.068],"uv_size":[0.492,-0.2109]},"up":{"uv":[4.6983,0.2177],"uv_size":[-0.984,0.2109]},"down":{"uv":[4.6983,0.0034],"uv_size":[-0.984,0.2109]}}},{"origin":[-5.874,14.0364,1.2861],"size":[2.72,2.72,2.584],"pivot":[-8.3661,14.7642,2.6121],"uv":{"north":{"uv":[5.2366,0.0078],"uv_size":[0.492,0.4779]},"south":{"uv":[5.2366,0.4779],"uv_size":[0.492,-0.4779]},"east":{"uv":[5.4366,2.4931],"uv_size":[0.492,-0.4217]},"west":{"uv":[5.4366,2.4931],"uv_size":[0.492,-0.4217]},"up":{"uv":[5.2211,0.992],"uv_size":[0.4217,-0.492]},"down":{"uv":[5.0069,2.5634],"uv_size":[0.4217,-0.492]}}}],"name":"rot_29"},{"parent":"geyser_custom_z","pivot":[-15.7782,4,3.8492],"rotation":[0,-0,0],"cubes":[{"origin":[-11.7782,-2,0.8492],"size":[10,16,0],"pivot":[-15.7782,4,3.8492],"uv":{"north":{"uv":[3.6983,5.8731],"uv_size":[-1.4126,2.2697]},"south":{"uv":[2.3017,5.8731],"uv_size":[1.4126,2.2697]},"east":{"uv":[2.2857,4.5874],"uv_size":[0,2.2697]},"west":{"uv":[2.2857,4.5874],"uv_size":[0,2.2697]},"up":{"uv":[2.2857,4.5874],"uv_size":[0,1.4126]},"down":{"uv":[2.2857,4.5874],"uv_size":[0,1.4126]}}}],"name":"rot_30"},{"parent":"geyser_custom_z","pivot":[0,12.5,5.5],"rotation":[-22.5,0,0],"cubes":[{"origin":[-2.3,10,3],"size":[4.6,3,5],"pivot":[0,12.5,5.5],"uv":{"north":{"uv":[5.44,9.864],"uv_size":[0.7029,0.4217]},"south":{"uv":[5.44,9.864],"uv_size":[0.7029,0.4217]},"east":{"uv":[6.8457,9.864],"uv_size":[-0.7029,0.4217]},"west":{"uv":[6.1543,9.864],"uv_size":[0.7029,0.4217]},"up":{"uv":[6.8457,9.8457],"uv_size":[-0.7029,-0.7029]},"down":{"uv":[6.1314,9.8457],"uv_size":[-0.7029,-0.7029]}}}],"name":"rot_31"},{"parent":"geyser_custom_z","pivot":[-0.05,-2,11],"rotation":[-22.5,0,0],"cubes":[{"origin":[-1.2,-4.1,12.5],"size":[2.2,2.3,2],"pivot":[-0.05,-2,11],"uv":{"north":{"uv":[5.5783,9.9343],"uv_size":[0.4217,0.3514]},"south":{"uv":[5.5783,9.9343],"uv_size":[0.4217,0.3514]},"east":{"uv":[6.8526,9.8629],"uv_size":[-0.2811,0.3514]},"west":{"uv":[6.576,9.8629],"uv_size":[0.2811,0.3514]},"up":{"uv":[6.6383,9.8526],"uv_size":[-0.2811,-0.2811]},"down":{"uv":[5.9931,9.8233],"uv_size":[-0.4217,-0.3233]}}}],"name":"rot_32"},{"parent":"geyser_custom_z","pivot":[-1,10,15.5],"rotation":[-22.5,0,0],"cubes":[{"origin":[0,8,4],"size":[0,4,7],"pivot":[-1,10,15.5],"uv":{"north":{"uv":[2.2857,0.0091],"uv_size":[0,0.5623]},"south":{"uv":[2.2857,0.0091],"uv_size":[0,0.5623]},"east":{"uv":[3.2697,4.0091],"uv_size":[-0.984,0.5623]},"west":{"uv":[2.3017,4.0091],"uv_size":[0.984,0.5623]},"up":{"uv":[2.2857,0.984],"uv_size":[0,-0.984]},"down":{"uv":[2.2857,0.984],"uv_size":[0,-0.984]}}}],"name":"rot_33"},{"parent":"geyser_custom_z","pivot":[4.4,7.7,7.2],"rotation":[0,-22.5,0],"cubes":[{"origin":[3.9,4.5,9.6],"size":[1,0.8,0.8],"pivot":[4.4,7.7,7.2],"uv":{"north":{"uv":[5.2834,9.5691],"uv_size":[-0.1406,-0.1406]},"south":{"uv":[5.2834,9.5691],"uv_size":[-0.1406,-0.1406]},"east":{"uv":[5.1406,9.4263],"uv_size":[-0.1406,-0.1406]},"west":{"uv":[5.1406,9.4263],"uv_size":[-0.1406,-0.1406]},"up":{"uv":[5.4263,9.5691],"uv_size":[-0.1406,-0.1406]},"down":{"uv":[5.4263,9.5691],"uv_size":[-0.1406,-0.1406]}}}],"name":"rot_34"},{"parent":"geyser_custom_z","pivot":[4.4,7.7,7.3],"rotation":[0,-22.5,0],"cubes":[{"origin":[4.8,4.7,9.8],"size":[0.5,0.4,0.5],"pivot":[4.4,7.7,7.3],"uv":{"north":{"uv":[5.1417,9.5703],"uv_size":[-0.0703,-0.0703]},"south":{"uv":[5.1417,9.5703],"uv_size":[-0.0703,-0.0703]},"east":{"uv":[5.1417,9.4989],"uv_size":[-0.0703,-0.0703]},"west":{"uv":[5.1417,9.4989],"uv_size":[-0.0703,-0.0703]},"up":{"uv":[5.1417,9.6417],"uv_size":[-0.0703,-0.0703]},"down":{"uv":[5.1417,9.6417],"uv_size":[-0.0703,-0.0703]}}}],"name":"rot_35"},{"parent":"geyser_custom_z","pivot":[3.4,4.7,8.2],"rotation":[0,-22.5,0],"cubes":[{"origin":[2.9,1.5,10.6],"size":[1,0.8,0.8],"pivot":[3.4,4.7,8.2],"uv":{"north":{"uv":[5.2834,9.5691],"uv_size":[-0.1406,-0.1406]},"south":{"uv":[5.2834,9.5691],"uv_size":[-0.1406,-0.1406]},"east":{"uv":[5.1406,9.4263],"uv_size":[-0.1406,-0.1406]},"west":{"uv":[5.1406,9.4263],"uv_size":[-0.1406,-0.1406]},"up":{"uv":[5.4263,9.5691],"uv_size":[-0.1406,-0.1406]},"down":{"uv":[5.4263,9.5691],"uv_size":[-0.1406,-0.1406]}}}],"name":"rot_36"},{"parent":"geyser_custom_z","pivot":[3.4,4.7,8.3],"rotation":[0,-22.5,0],"cubes":[{"origin":[3.8,1.7,10.8],"size":[0.5,0.4,0.5],"pivot":[3.4,4.7,8.3],"uv":{"north":{"uv":[5.1417,9.5703],"uv_size":[-0.0703,-0.0703]},"south":{"uv":[5.1417,9.5703],"uv_size":[-0.0703,-0.0703]},"east":{"uv":[5.1417,9.4989],"uv_size":[-0.0703,-0.0703]},"west":{"uv":[5.1417,9.4989],"uv_size":[-0.0703,-0.0703]},"up":{"uv":[5.1417,9.6417],"uv_size":[-0.0703,-0.0703]},"down":{"uv":[5.1417,9.6417],"uv_size":[-0.0703,-0.0703]}}}],"name":"rot_37"},{"parent":"geyser_custom_z","pivot":[-8,0,0],"rotation":[0,-22.5,0],"cubes":[{"origin":[-2,11,0],"size":[0,11,12],"pivot":[-8,0,0],"uv":{"north":{"uv":[2.2857,9.1589],"uv_size":[0,3.1269]},"south":{"uv":[2.2857,9.1589],"uv_size":[0,3.1269]},"east":{"uv":[3.984,9.1589],"uv_size":[-1.6983,1.5554]},"west":{"uv":[2.3017,9.1589],"uv_size":[1.6983,1.5554]},"up":{"uv":[2.2857,9.1589],"uv_size":[0,3.4126]},"down":{"uv":[2.2857,12.5554],"uv_size":[0,-3.4126]}}},{"origin":[-2,11,0],"size":[0,11,12],"pivot":[-8,0,0],"uv":{"north":{"uv":[2.2857,9.1589],"uv_size":[0,3.1269]},"south":{"uv":[2.2857,9.1589],"uv_size":[0,3.1269]},"east":{"uv":[3.984,9.1589],"uv_size":[-1.6983,1.5554]},"west":{"uv":[2.3017,9.1589],"uv_size":[1.6983,1.5554]},"up":{"uv":[2.2857,9.1589],"uv_size":[0,3.4126]},"down":{"uv":[2.2857,12.5554],"uv_size":[0,-3.4126]}}}],"name":"rot_38"},{"parent":"geyser_custom_z","pivot":[8.3661,14.7642,2.6121],"rotation":[0,0,22.5],"cubes":[{"origin":[5.2249,12.8851,1.5581],"size":[2.72,2.72,2.04],"pivot":[8.3661,14.7642,2.6121],"uv":{"north":{"uv":[4.508,3.5634],"uv_size":[0.492,-0.492]},"south":{"uv":[4.508,3.0794],"uv_size":[0.492,0.492]},"east":{"uv":[4.508,2.72],"uv_size":[0.492,0.3514]},"west":{"uv":[4.508,2.72],"uv_size":[0.492,0.3514]},"up":{"uv":[4.008,2.4343],"uv_size":[0.492,0.3514]},"down":{"uv":[5.008,2.6486],"uv_size":[0.492,0.3514]}}},{"origin":[1.6889,9.4851,1.0141],"size":[2.72,2.72,3.128],"pivot":[8.3661,14.7642,2.6121],"uv":{"north":{"uv":[11.9206,6.0794],"uv_size":[-0.492,0.492]},"south":{"uv":[11.4366,6.0794],"uv_size":[0.492,0.492]},"east":{"uv":[12.0091,5.5794],"uv_size":[0.5623,0.492]},"west":{"uv":[11.9377,6.0794],"uv_size":[0.5623,0.492]},"up":{"uv":[11.4377,5.5794],"uv_size":[0.5623,0.492]},"down":{"uv":[11.4377,5.5794],"uv_size":[0.5623,0.492]}}},{"origin":[12.7313,17.6633,2.3741],"size":[1.904,2.04,0.544],"pivot":[8.3661,14.7642,2.6121],"uv":{"north":{"uv":[4.72,4.22],"uv_size":[0.3514,0.3514]},"south":{"uv":[4.72,4.22],"uv_size":[0.3514,0.3514]},"east":{"uv":[5.0726,3.5057],"uv_size":[0.0703,0.3514]},"west":{"uv":[5.0726,3.8629],"uv_size":[0.0703,0.3514]},"up":{"uv":[5.0726,4.22],"uv_size":[0.0703,0.3514]},"down":{"uv":[5.0726,4.22],"uv_size":[0.0703,0.3514]}}}],"name":"rot_39"},{"parent":"geyser_custom_z","pivot":[-8.3661,14.7642,2.6121],"rotation":[0,0,22.5],"cubes":[{"origin":[-12.9986,11.7974,2.1021],"size":[1.36,2.448,1.088],"pivot":[-8.3661,14.7642,2.6121],"uv":{"north":{"uv":[4.6497,4.2109],"uv_size":[0.4217,-0.2109]},"south":{"uv":[4.6497,4.2109],"uv_size":[0.4217,-0.2109]},"east":{"uv":[5.0646,3.9966],"uv_size":[-0.4217,-0.2109]},"west":{"uv":[5.0646,3.9966],"uv_size":[-0.4217,-0.2109]},"up":{"uv":[4.7177,3.5749],"uv_size":[0.2109,0.2109]},"down":{"uv":[4.5034,3.5749],"uv_size":[0.2109,0.2109]}}}],"name":"rot_40"},{"parent":"geyser_custom_z","pivot":[0,-1.5,23],"rotation":[-45,0,0],"cubes":[{"origin":[0,-4.5,4.5],"size":[0,4,5],"pivot":[0,-1.5,23],"uv":{"north":{"uv":[6.1429,2.0806],"uv_size":[0,0.5623]},"south":{"uv":[6.1429,2.0806],"uv_size":[0,0.5623]},"east":{"uv":[6.8457,2.0806],"uv_size":[-0.7029,0.5623]},"west":{"uv":[6.1543,2.0806],"uv_size":[0.7029,0.5623]},"up":{"uv":[6.1429,2.7743],"uv_size":[0,-0.7029]},"down":{"uv":[6.1429,2.7743],"uv_size":[0,-0.7029]}}}],"name":"rot_41"},{"parent":"geyser_custom_z","pivot":[0,12.5,5.5],"rotation":[-45,0,0],"cubes":[{"origin":[-2.1,10.5,7.5],"size":[4.2,3,5],"pivot":[0,12.5,5.5],"uv":{"north":{"uv":[5.5091,9.864],"uv_size":[0.5623,0.4217]},"south":{"uv":[5.5091,9.864],"uv_size":[0.5623,0.4217]},"east":{"uv":[6.8457,9.864],"uv_size":[-0.7029,0.4217]},"west":{"uv":[6.1543,9.864],"uv_size":[0.7029,0.4217]},"up":{"uv":[6.7766,9.8457],"uv_size":[-0.5623,-0.7029]},"down":{"uv":[6.0623,9.8457],"uv_size":[-0.5623,-0.7029]}}}],"name":"rot_42"},{"parent":"geyser_custom_z","pivot":[-8,0,0],"rotation":[-45,0,0],"cubes":[{"origin":[-2.9,8,-8],"size":[0,11,12],"pivot":[-8,0,0],"uv":{"north":{"uv":[2.2857,9.1589],"uv_size":[0,3.1269]},"south":{"uv":[2.2857,9.1589],"uv_size":[0,3.1269]},"east":{"uv":[3.984,9.1589],"uv_size":[-1.6983,1.5554]},"west":{"uv":[2.3017,9.1589],"uv_size":[1.6983,1.5554]},"up":{"uv":[2.2857,9.1589],"uv_size":[0,3.4126]},"down":{"uv":[2.2857,12.5554],"uv_size":[0,-3.4126]}}},{"origin":[2.9,8,-8],"size":[0,11,12],"pivot":[-8,0,0],"uv":{"north":{"uv":[2.2857,9.1589],"uv_size":[0,3.1269]},"south":{"uv":[2.2857,9.1589],"uv_size":[0,3.1269]},"east":{"uv":[3.984,9.1589],"uv_size":[-1.6983,1.5554]},"west":{"uv":[2.3017,9.1589],"uv_size":[1.6983,1.5554]},"up":{"uv":[2.2857,9.1589],"uv_size":[0,3.4126]},"down":{"uv":[2.2857,12.5554],"uv_size":[0,-3.4126]}}}],"name":"rot_43"},{"parent":"geyser_custom_z","pivot":[8.3661,14.7642,2.6121],"rotation":[0,0,45],"cubes":[{"origin":[3.2474,9.7935,1.1501],"size":[2.72,2.72,2.856],"pivot":[8.3661,14.7642,2.6121],"uv":{"north":{"uv":[11.9206,5.5634],"uv_size":[-0.492,-0.492]},"south":{"uv":[11.4366,5.5634],"uv_size":[0.492,-0.492]},"east":{"uv":[11.9366,5.5634],"uv_size":[0.492,-0.492]},"west":{"uv":[11.9366,5.0634],"uv_size":[0.492,-0.492]},"up":{"uv":[11.9206,5.0634],"uv_size":[-0.492,-0.492]},"down":{"uv":[11.9206,5.0634],"uv_size":[-0.492,-0.492]}}},{"origin":[10.7758,17.8659,2.2381],"size":[2.176,2.04,0.816],"pivot":[8.3661,14.7642,2.6121],"uv":{"north":{"uv":[4.5657,4.22],"uv_size":[-0.3514,0.3514]},"south":{"uv":[4.22,4.22],"uv_size":[0.3514,0.3514]},"east":{"uv":[4.0737,4.22],"uv_size":[0.1406,0.3514]},"west":{"uv":[4.5737,4.22],"uv_size":[0.1406,0.3514]},"up":{"uv":[4.22,4.0737],"uv_size":[0.3514,0.1406]},"down":{"uv":[4.22,4.0737],"uv_size":[0.3514,0.1406]}}}],"name":"rot_44"},{"parent":"geyser_custom_z","pivot":[-3,15.5,-5],"rotation":[0,0,45],"cubes":[{"origin":[3,15.5,2.1],"size":[5.3,1,1.8],"pivot":[-3,15.5,-5],"uv":{"north":{"uv":[10.56,13.712],"uv_size":[-0.7029,-0.1406]},"south":{"uv":[10.56,13.712],"uv_size":[-0.7029,-0.1406]},"east":{"uv":[10.1383,13.5691],"uv_size":[-0.2811,-0.1406]},"west":{"uv":[10.1383,13.5691],"uv_size":[-0.2811,-0.1406]},"up":{"uv":[9.1543,13.4331],"uv_size":[0.7029,0.2811]},"down":{"uv":[9.1543,13.4331],"uv_size":[0.7029,0.2811]}}},{"origin":[3,19.7,2.1],"size":[5.3,1,1.8],"pivot":[-3,15.5,-5],"uv":{"north":{"uv":[10.56,13.712],"uv_size":[-0.7029,-0.1406]},"south":{"uv":[10.56,13.712],"uv_size":[-0.7029,-0.1406]},"east":{"uv":[10.1383,13.5691],"uv_size":[-0.2811,-0.1406]},"west":{"uv":[10.1383,13.5691],"uv_size":[-0.2811,-0.1406]},"up":{"uv":[9.1543,13.4331],"uv_size":[0.7029,0.2811]},"down":{"uv":[9.1543,13.4331],"uv_size":[0.7029,0.2811]}}}],"name":"rot_45"},{"parent":"geyser_custom_z","pivot":[-13,15.5,-5],"rotation":[0,0,45],"cubes":[{"origin":[-7,15.5,2.1],"size":[5.3,1,1.8],"pivot":[-13,15.5,-5],"uv":{"north":{"uv":[10.56,13.712],"uv_size":[-0.7029,-0.1406]},"south":{"uv":[10.56,13.712],"uv_size":[-0.7029,-0.1406]},"east":{"uv":[10.1383,13.5691],"uv_size":[-0.2811,-0.1406]},"west":{"uv":[10.1383,13.5691],"uv_size":[-0.2811,-0.1406]},"up":{"uv":[9.1543,13.4331],"uv_size":[0.7029,0.2811]},"down":{"uv":[9.1543,13.4331],"uv_size":[0.7029,0.2811]}}},{"origin":[-7,19.7,2.1],"size":[5.3,1,1.8],"pivot":[-13,15.5,-5],"uv":{"north":{"uv":[10.56,13.712],"uv_size":[-0.7029,-0.1406]},"south":{"uv":[10.56,13.712],"uv_size":[-0.7029,-0.1406]},"east":{"uv":[10.1383,13.5691],"uv_size":[-0.2811,-0.1406]},"west":{"uv":[10.1383,13.5691],"uv_size":[-0.2811,-0.1406]},"up":{"uv":[9.1543,13.4331],"uv_size":[0.7029,0.2811]},"down":{"uv":[9.1543,13.4331],"uv_size":[0.7029,0.2811]}}}],"name":"rot_46"}]}]}
