{"credit":"Made by PolygonMC","texture_size":[24,24],"textures":{"2":"fiendskullset:animations/animations_1","4":"fiendskullset:bow","particle":"fiendskullset:bow"},"elements":[{"from":[7.5,16.66014,11.7693],"to":[8.5,17.66014,12.2693],"rotation":{"angle":-22.5,"axis":"x","origin":[8,17.16014,13.0193]},"faces":{"east":{"uv":[0.66667,14.66667,1,15.33333],"texture":"#4"},"west":{"uv":[14.66667,0.66667,15,1.33333],"texture":"#4"},"up":{"uv":[15.33333,1.66667,14.66667,1.33333],"texture":"#4"},"down":{"uv":[15.33333,2,14.66667,2.33333],"texture":"#4"}}},{"from":[7.5,15.67726,9.87801],"to":[8.5,16.67726,10.87801],"rotation":{"angle":-22.5,"axis":"x","origin":[8,17.75226,10.35301]},"faces":{"north":{"uv":[6,8.66667,6.66667,9.33333],"texture":"#4"},"east":{"uv":[10,4,10.66667,4.66667],"texture":"#4"},"west":{"uv":[10.66667,6.66667,11.33333,7.33333],"texture":"#4"},"up":{"uv":[7.33333,12.66667,6.66667,12],"texture":"#4"},"down":{"uv":[8,12,7.33333,12.66667],"texture":"#4"}}},{"from":[7.5,13.73036,9.07787],"to":[8.5,14.73036,10.07787],"rotation":{"angle":22.5,"axis":"x","origin":[8,15.98036,9.07787]},"faces":{"north":{"uv":[12,8,12.66667,8.66667],"texture":"#4"},"east":{"uv":[12,8.66667,12.66667,9.33333],"texture":"#4"},"south":{"uv":[12,9.33333,12.66667,10],"texture":"#4"},"west":{"uv":[12,10,12.66667,10.66667],"texture":"#4"},"up":{"uv":[12.66667,11.33333,12,10.66667],"texture":"#4"}}},{"from":[7.6,14.41402,9.61481],"to":[8.4,16.91402,10.41481],"rotation":{"angle":45,"axis":"x","origin":[8,15.78902,9.53981]},"faces":{"north":{"uv":[8,10.66667,8.5,12.33333],"texture":"#4"},"east":{"uv":[11.33333,5.33333,11.83333,7],"texture":"#4"},"south":{"uv":[11.33333,7.33333,11.83333,9],"texture":"#4"},"west":{"uv":[8.66667,11.33333,9.16667,13],"texture":"#4"}}},{"from":[7.4,13.23036,8.97787],"to":[8.6,13.73036,10.17787],"rotation":{"angle":22.5,"axis":"x","origin":[8,15.98036,9.07787]},"faces":{"north":{"uv":[7.33333,13.33333,8.16667,13.66667],"texture":"#4"},"east":{"uv":[8.66667,13.33333,9.5,13.66667],"texture":"#4"},"south":{"uv":[10,13.33333,10.83333,13.66667],"texture":"#4"},"west":{"uv":[11.33333,13.33333,12.16667,13.66667],"texture":"#4"},"up":{"uv":[12.83333,2.16667,12,1.33333],"texture":"#4"},"down":{"uv":[2.83333,12,2,12.83333],"texture":"#4"}}},{"from":[7.4,15.57726,10.87801],"to":[8.6,16.77726,11.37801],"rotation":{"angle":-22.5,"axis":"x","origin":[8,17.75226,10.35301]},"faces":{"north":{"uv":[3.33333,12,4.16667,12.83333],"texture":"#4"},"east":{"uv":[12.66667,13.33333,13,14.16667],"texture":"#4"},"south":{"uv":[12,4,12.83333,4.83333],"texture":"#4"},"west":{"uv":[13.33333,13.33333,13.66667,14.16667],"texture":"#4"},"up":{"uv":[0.83333,14.33333,0,14],"texture":"#4"},"down":{"uv":[14.83333,0,14,0.33333],"texture":"#4"}}},{"from":[7.455,16.26159,12.12075],"to":[8.545,17.35159,13.21075],"rotation":{"angle":22.5,"axis":"x","origin":[8,17.16014,13.0193]},"faces":{"north":{"uv":[12.66667,0,13.33333,0.66667],"texture":"#4"},"east":{"uv":[12.66667,0.66667,13.33333,1.33333],"texture":"#4"},"south":{"uv":[12.66667,2.66667,13.33333,3.33333],"texture":"#4"},"west":{"uv":[12.66667,3.33333,13.33333,4],"texture":"#4"},"up":{"uv":[13.33333,6,12.66667,5.33333],"texture":"#4"},"down":{"uv":[13.33333,6,12.66667,6.66667],"texture":"#4"}}},{"from":[7,11.46391,6.7],"to":[9,13.46391,8.95],"rotation":{"angle":22.5,"axis":"x","origin":[8,11.62815,7.60187]},"faces":{"north":{"uv":[8.66667,7.33333,10,8.66667],"texture":"#4"},"east":{"uv":[8.66667,0,10.16667,1.33333],"texture":"#4"},"south":{"uv":[8.66667,8.66667,10,10],"texture":"#4"},"west":{"uv":[8.66667,1.33333,10.16667,2.66667],"texture":"#4"},"up":{"uv":[10,4.16667,8.66667,2.66667],"texture":"#4"},"down":{"uv":[6,8.66667,4.66667,10.16667],"texture":"#4"}}},{"from":[7,11.00989,7.01882],"to":[9,11.50989,7.04882],"rotation":{"angle":22.5,"axis":"x","origin":[8,11.82413,7.52069]},"faces":{"north":{"uv":[6.66667,12.66667,8,13],"texture":"#4"},"south":{"uv":[12.66667,8,14,8.33333],"texture":"#4"}}},{"from":[6.75,10.10979,6.9258],"to":[7,10.60979,8.9258],"rotation":{"angle":-22.5,"axis":"x","origin":[8,10.60979,7.6758]},"faces":{"north":{"uv":[5.33333,15.33333,5.5,15.66667],"texture":"#4"},"east":{"uv":[12.66667,8.66667,14,9],"texture":"#4"},"south":{"uv":[15.33333,5.33333,15.5,5.66667],"texture":"#4"},"west":{"uv":[12.66667,9.33333,14,9.66667],"texture":"#4"},"up":{"uv":[2.83333,16,2.66667,14.66667],"texture":"#4"},"down":{"uv":[14.83333,2.66667,14.66667,4],"texture":"#4"}}},{"from":[7,10.10979,6.6758],"to":[9,10.60979,7.1758],"rotation":{"angle":-22.5,"axis":"x","origin":[8,10.60979,7.6758]},"faces":{"north":{"uv":[12.66667,10,14,10.33333],"texture":"#4"},"east":{"uv":[8.66667,14.66667,9,15],"texture":"#4"},"south":{"uv":[12.66667,10.66667,14,11],"texture":"#4"},"west":{"uv":[14.66667,8.66667,15,9],"texture":"#4"},"up":{"uv":[12.66667,13,11.33333,12.66667],"texture":"#4"},"down":{"uv":[14,11.33333,12.66667,11.66667],"texture":"#4"}}},{"from":[6.75,10.60979,7.9258],"to":[7,11.10979,8.9258],"rotation":{"angle":-22.5,"axis":"x","origin":[8,10.60979,7.6758]},"faces":{"north":{"uv":[6,15.33333,6.16667,15.66667],"texture":"#4"},"east":{"uv":[3.33333,14.66667,4,15],"texture":"#4"},"south":{"uv":[15.33333,6,15.5,6.33333],"texture":"#4"},"west":{"uv":[4,14.66667,4.66667,15],"texture":"#4"},"up":{"uv":[9.5,15.33333,9.33333,14.66667],"texture":"#4"}}},{"from":[9,10.60979,7.9258],"to":[9.25,11.10979,8.9258],"rotation":{"angle":-22.5,"axis":"x","origin":[8,10.60979,7.6758]},"faces":{"north":{"uv":[15.33333,6.66667,15.5,7],"texture":"#4"},"east":{"uv":[14.66667,4,15.33333,4.33333],"texture":"#4"},"south":{"uv":[7.33333,15.33333,7.5,15.66667],"texture":"#4"},"west":{"uv":[4.66667,14.66667,5.33333,15],"texture":"#4"},"up":{"uv":[14.83333,10,14.66667,9.33333],"texture":"#4"}}},{"from":[9.07,10.60979,7.0258],"to":[9.1,11.10979,7.9258],"rotation":{"angle":-22.5,"axis":"x","origin":[8,10.60979,7.6758]},"faces":{"east":{"uv":[14.66667,4.66667,15.33333,5],"texture":"#4"},"west":{"uv":[5.33333,14.66667,6,15],"texture":"#4"}}},{"from":[6.9,10.60979,7.0258],"to":[9.1,11.10979,7.0558],"rotation":{"angle":-22.5,"axis":"x","origin":[8,10.60979,7.6758]},"faces":{"north":{"uv":[12,6.66667,13.5,7],"texture":"#4"},"south":{"uv":[12,7.33333,13.5,7.66667],"texture":"#4"}}},{"from":[6.9,10.60979,7.0258],"to":[6.93,11.10979,7.9258],"rotation":{"angle":-22.5,"axis":"x","origin":[8,10.60979,7.6758]},"faces":{"east":{"uv":[14.66667,5.33333,15.33333,5.66667],"texture":"#4"},"west":{"uv":[6,14.66667,6.66667,15],"texture":"#4"}}},{"from":[9,10.10979,6.9258],"to":[9.25,10.60979,8.9258],"rotation":{"angle":-22.5,"axis":"x","origin":[8,10.60979,7.6758]},"faces":{"north":{"uv":[15.33333,7.33333,15.5,7.66667],"texture":"#4"},"east":{"uv":[12.66667,12,14,12.33333],"texture":"#4"},"south":{"uv":[8,15.33333,8.16667,15.66667],"texture":"#4"},"west":{"uv":[12.66667,12.66667,14,13],"texture":"#4"},"up":{"uv":[14.83333,7.33333,14.66667,6],"texture":"#4"},"down":{"uv":[6.83333,14.66667,6.66667,16],"texture":"#4"}}},{"from":[8.5,12.71391,6.55],"to":[9.25,12.96391,7.05],"rotation":{"angle":22.5,"axis":"x","origin":[8,11.62815,7.60187]},"faces":{"north":{"uv":[4,15.33333,4.5,15.5],"texture":"#4"},"east":{"uv":[15.33333,8,15.66667,8.16667],"texture":"#4"},"south":{"uv":[15.33333,4,15.83333,4.16667],"texture":"#4"},"west":{"uv":[8.66667,15.33333,9,15.5],"texture":"#4"},"up":{"uv":[7.83333,15,7.33333,14.66667],"texture":"#4"},"down":{"uv":[15.16667,7.33333,14.66667,7.66667],"texture":"#4"}}},{"from":[6.75,12.71391,6.55],"to":[7.5,12.96391,7.05],"rotation":{"angle":22.5,"axis":"x","origin":[8,11.62815,7.60187]},"faces":{"north":{"uv":[4.66667,15.33333,5.16667,15.5],"texture":"#4"},"east":{"uv":[15.33333,8.66667,15.66667,8.83333],"texture":"#4"},"south":{"uv":[15.33333,4.66667,15.83333,4.83333],"texture":"#4"},"west":{"uv":[9.33333,15.33333,9.66667,15.5],"texture":"#4"},"up":{"uv":[8.5,15,8,14.66667],"texture":"#4"},"down":{"uv":[15.16667,8,14.66667,8.33333],"texture":"#4"}}},{"from":[6.75,11.96391,7.2],"to":[9.25,13.71391,9.2],"rotation":{"angle":22.5,"axis":"x","origin":[8,11.62815,7.60187]},"faces":{"north":{"uv":[8.66667,4.66667,10.33333,5.83333],"texture":"#4"},"east":{"uv":[10,7.33333,11.33333,8.5],"texture":"#4"},"south":{"uv":[8.66667,6,10.33333,7.16667],"texture":"#4"},"west":{"uv":[8.66667,10,10,11.16667],"texture":"#4"},"up":{"uv":[8.33333,8,6.66667,6.66667],"texture":"#4"},"down":{"uv":[8.33333,8,6.66667,9.33333],"texture":"#4"}}},{"from":[7.5,9.29241,10.8595],"to":[8.5,11.29241,11.8595],"rotation":{"angle":-45,"axis":"x","origin":[8,6.69301,9.83929]},"faces":{"north":{"uv":[10.66667,5.33333,11.33333,6.66667],"texture":"#4"},"east":{"uv":[6,10.66667,6.66667,12],"texture":"#4"},"south":{"uv":[6.66667,10.66667,7.33333,12],"texture":"#4"},"west":{"uv":[7.33333,10.66667,8,12],"texture":"#4"},"up":{"uv":[8.66667,13.33333,8,12.66667],"texture":"#4"},"down":{"uv":[0.66667,13.33333,0,14],"texture":"#4"}}},{"from":[7.55,8.06765,9.81097],"to":[8.45,9.86765,10.71097],"rotation":{"angle":-22.5,"axis":"x","origin":[8,6.69301,9.83929]},"faces":{"north":{"uv":[0,12,0.66667,13.16667],"texture":"#4"},"east":{"uv":[12,0,12.66667,1.16667],"texture":"#4"},"south":{"uv":[0.66667,12,1.33333,13.16667],"texture":"#4"},"west":{"uv":[1.33333,12,2,13.16667],"texture":"#4"},"down":{"uv":[14,0,13.33333,0.66667],"texture":"#4"}}},{"from":[7.5905,6.65859,9.29957],"to":[8.4095,8.29659,10.11857],"rotation":{"angle":0,"axis":"y","origin":[8,6.69301,9.83929]},"faces":{"north":{"uv":[4.66667,12,5.16667,13.16667],"texture":"#4"},"east":{"uv":[5.33333,12,5.83333,13.16667],"texture":"#4"},"south":{"uv":[12,5.33333,12.5,6.5],"texture":"#4"},"west":{"uv":[6,12,6.5,13.16667],"texture":"#4"},"down":{"uv":[3.16667,14,2.66667,14.5],"texture":"#4"}}},{"from":[7.63555,4.31026,9.38157],"to":[8.36446,6.76808,10.11048],"rotation":{"angle":22.5,"axis":"x","origin":[8,6.69301,9.83929]},"faces":{"north":{"uv":[9.33333,11.33333,9.83333,13],"texture":"#4"},"east":{"uv":[11.33333,9.33333,11.83333,11],"texture":"#4"},"south":{"uv":[10,11.33333,10.5,13],"texture":"#4"},"west":{"uv":[10.66667,11.33333,11.16667,13],"texture":"#4"},"down":{"uv":[3.83333,14,3.33333,14.5],"texture":"#4"}}},{"from":[7.67564,3.36934,8.50458],"to":[8.32436,4.6668,9.15331],"rotation":{"angle":0,"axis":"y","origin":[8,6.69301,9.83929]},"faces":{"north":{"uv":[4.66667,13.33333,5.16667,14.16667],"texture":"#4"},"east":{"uv":[13.33333,4.66667,13.83333,5.5],"texture":"#4"},"south":{"uv":[5.33333,13.33333,5.83333,14.16667],"texture":"#4"},"west":{"uv":[6,13.33333,6.5,14.16667],"texture":"#4"},"down":{"uv":[14.5,3.33333,14,3.83333],"texture":"#4"}}},{"from":[7.71132,2.97837,7.33426],"to":[8.28868,4.13311,7.91163],"rotation":{"angle":-22.5,"axis":"x","origin":[8,6.69301,9.83929]},"faces":{"north":{"uv":[14,0.66667,14.33333,1.5],"texture":"#4"},"east":{"uv":[1.33333,14,1.66667,14.83333],"texture":"#4"},"south":{"uv":[2,14,2.33333,14.83333],"texture":"#4"},"west":{"uv":[14,2,14.33333,2.83333],"texture":"#4"},"down":{"uv":[10.33333,14.66667,10,15],"texture":"#4"}}},{"from":[7.49175,9.61135,10.23271],"to":[8.50825,10.62785,11.24921],"rotation":{"angle":-22.5,"axis":"x","origin":[8,6.72072,10.09918]},"faces":{"north":{"uv":[0.66667,13.33333,1.33333,14],"texture":"#4"},"east":{"uv":[13.33333,0.66667,14,1.33333],"texture":"#4"},"south":{"uv":[1.33333,13.33333,2,14],"texture":"#4"},"west":{"uv":[13.33333,1.33333,14,2],"texture":"#4"},"up":{"uv":[2.66667,14,2,13.33333],"texture":"#4"},"down":{"uv":[14,2,13.33333,2.66667],"texture":"#4"}}},{"from":[7.61881,9.89881,9.69477],"to":[8.38119,10.66118,10.45715],"rotation":{"angle":0,"axis":"y","origin":[8,6.72072,10.09918]},"faces":{"east":{"uv":[4,14,4.5,14.5],"texture":"#4"},"south":{"uv":[14,4,14.5,4.5],"texture":"#4"},"west":{"uv":[14,4.66667,14.5,5.16667],"texture":"#4"},"up":{"uv":[14.5,5.83333,14,5.33333],"texture":"#4"},"down":{"uv":[14.5,6,14,6.5],"texture":"#4"}}},{"from":[7.71792,9.88578,8.89399],"to":[8.28208,10.44994,9.45815],"rotation":{"angle":22.5,"axis":"x","origin":[8,6.72072,10.09918]},"faces":{"east":{"uv":[14.66667,10,15,10.33333],"texture":"#4"},"south":{"uv":[10.66667,14.66667,11,15],"texture":"#4"},"west":{"uv":[14.66667,10.66667,15,11],"texture":"#4"},"up":{"uv":[11.66667,15,11.33333,14.66667],"texture":"#4"},"down":{"uv":[15,11.33333,14.66667,11.66667],"texture":"#4"}}},{"from":[7.54257,7.72737,9.71512],"to":[8.45743,8.64222,10.62997],"rotation":{"angle":0,"axis":"y","origin":[8,6.85323,9.9442]},"faces":{"north":{"uv":[2.66667,13.33333,3.33333,14],"texture":"#4"},"east":{"uv":[13.33333,2.66667,14,3.33333],"texture":"#4"},"south":{"uv":[3.33333,13.33333,4,14],"texture":"#4"},"west":{"uv":[13.33333,3.33333,14,4],"texture":"#4"},"up":{"uv":[4.66667,14,4,13.33333],"texture":"#4"},"down":{"uv":[14,4,13.33333,4.66667],"texture":"#4"}}},{"from":[7.65693,7.98392,9.91862],"to":[8.34307,8.67006,10.60476],"rotation":{"angle":22.5,"axis":"x","origin":[8,6.85323,9.9442]},"faces":{"east":{"uv":[6.66667,14,7.16667,14.5],"texture":"#4"},"south":{"uv":[14,6.66667,14.5,7.16667],"texture":"#4"},"west":{"uv":[7.33333,14,7.83333,14.5],"texture":"#4"},"up":{"uv":[14.5,7.83333,14,7.33333],"texture":"#4"},"down":{"uv":[8.5,14,8,14.5],"texture":"#4"}}},{"from":[7.74613,6.45564,11.32432],"to":[8.25387,6.96339,11.83206],"rotation":{"angle":-45,"axis":"x","origin":[8,6.85323,9.9442]},"faces":{"north":{"uv":[12,14.66667,12.33333,15],"texture":"#4"},"east":{"uv":[14.66667,12,15,12.33333],"texture":"#4"},"south":{"uv":[12.66667,14.66667,13,15],"texture":"#4"},"west":{"uv":[14.66667,12.66667,15,13],"texture":"#4"},"down":{"uv":[13.66667,14.66667,13.33333,15],"texture":"#4"}}},{"from":[7.58324,5.92692,9.79688],"to":[8.41677,6.76045,10.63041],"rotation":{"angle":22.5,"axis":"x","origin":[8,6.91072,9.86168]},"faces":{"north":{"uv":[14,8,14.5,8.5],"texture":"#4"},"east":{"uv":[8.66667,14,9.16667,14.5],"texture":"#4"},"south":{"uv":[14,8.66667,14.5,9.16667],"texture":"#4"},"west":{"uv":[9.33333,14,9.83333,14.5],"texture":"#4"},"up":{"uv":[14.5,9.83333,14,9.33333],"texture":"#4"},"down":{"uv":[10.5,14,10,14.5],"texture":"#4"}}},{"from":[7.68743,5.49464,9.30222],"to":[8.31257,6.11979,9.92736],"rotation":{"angle":-45,"axis":"x","origin":[8,6.91072,9.86168]},"faces":{"north":{"uv":[14,10,14.5,10.5],"texture":"#4"},"east":{"uv":[10.66667,14,11.16667,14.5],"texture":"#4"},"south":{"uv":[14,10.66667,14.5,11.16667],"texture":"#4"},"west":{"uv":[11.33333,14,11.83333,14.5],"texture":"#4"},"down":{"uv":[14.5,11.33333,14,11.83333],"texture":"#4"}}},{"from":[7.7687,5.18788,9.96207],"to":[8.2313,5.65049,10.42468],"rotation":{"angle":-22.5,"axis":"x","origin":[8,6.91072,9.86168]},"faces":{"north":{"uv":[14.66667,13.33333,15,13.66667],"texture":"#4"},"east":{"uv":[14,14.66667,14.33333,15],"texture":"#4"},"south":{"uv":[14.66667,14,15,14.33333],"texture":"#4"},"west":{"uv":[14.66667,14.66667,15,15],"texture":"#4"},"down":{"uv":[0.33333,15.33333,0,15.66667],"texture":"#4"}}},{"from":[7.62074,3.82681,8.75368],"to":[8.37926,4.58532,9.5122],"rotation":{"angle":45,"axis":"x","origin":[8,4.09091,9.55939]},"faces":{"north":{"uv":[12,14,12.5,14.5],"texture":"#4"},"east":{"uv":[14,12,14.5,12.5],"texture":"#4"},"south":{"uv":[14,12.66667,14.5,13.16667],"texture":"#4"},"west":{"uv":[14,13.33333,14.5,13.83333],"texture":"#4"},"up":{"uv":[14.5,14.5,14,14],"texture":"#4"},"down":{"uv":[0.5,14.66667,0,15.16667],"texture":"#4"}}},{"from":[7.71556,3.73371,9.34762],"to":[8.28444,4.30259,9.91651],"rotation":{"angle":-22.5,"axis":"x","origin":[8,4.09091,9.55939]},"faces":{"north":{"uv":[15.33333,0,15.66667,0.33333],"texture":"#4"},"east":{"uv":[0.66667,15.33333,1,15.66667],"texture":"#4"},"south":{"uv":[15.33333,0.66667,15.66667,1],"texture":"#4"},"west":{"uv":[1.33333,15.33333,1.66667,15.66667],"texture":"#4"},"down":{"uv":[15.66667,1.33333,15.33333,1.66667],"texture":"#4"}}},{"from":[7.78951,3.49745,9.56901],"to":[8.21049,3.91842,9.98999],"rotation":{"angle":0,"axis":"y","origin":[8,4.09091,9.55939]},"faces":{"north":{"uv":[2,15.33333,2.33333,15.66667],"texture":"#4"},"east":{"uv":[15.33333,2,15.66667,2.33333],"texture":"#4"},"south":{"uv":[15.33333,2.66667,15.66667,3],"texture":"#4"},"west":{"uv":[3.33333,15.33333,3.66667,15.66667],"texture":"#4"},"down":{"uv":[15.66667,3.33333,15.33333,3.66667],"texture":"#4"}}},{"from":[7.97,16.16014,12.5193],"to":[8.03,18.16014,15.5193],"rotation":{"angle":-22.5,"axis":"x","origin":[7.985,17.16014,13.0193]},"faces":{"east":{"uv":[6.66667,4,8.66667,5.33333],"texture":"#4"},"west":{"uv":[6.66667,5.33333,8.66667,6.66667],"texture":"#4"}}},{"from":[7.4,2.26964,8.97787],"to":[8.6,2.76964,10.17787],"rotation":{"angle":-22.5,"axis":"x","origin":[8,0.01964,9.07787]},"faces":{"north":{"uv":[7.33333,13.66667,8.16667,13.33333],"texture":"#4"},"east":{"uv":[8.66667,13.66667,9.5,13.33333],"texture":"#4"},"south":{"uv":[10,13.66667,10.83333,13.33333],"texture":"#4"},"west":{"uv":[11.33333,13.66667,12.16667,13.33333],"texture":"#4"},"up":{"uv":[2.83333,12.83333,2,12],"texture":"#4"},"down":{"uv":[12.83333,1.33333,12,2.16667],"texture":"#4"}}},{"from":[7.5,1.26964,9.07787],"to":[8.5,2.26964,10.07787],"rotation":{"angle":-22.5,"axis":"x","origin":[8,0.01964,9.07787]},"faces":{"north":{"uv":[12,8.66667,12.66667,8],"texture":"#4"},"east":{"uv":[12,9.33333,12.66667,8.66667],"texture":"#4"},"south":{"uv":[12,10,12.66667,9.33333],"texture":"#4"},"west":{"uv":[12,10.66667,12.66667,10],"texture":"#4"},"down":{"uv":[12.66667,10.66667,12,11.33333],"texture":"#4"}}},{"from":[7.6,-0.91402,9.61481],"to":[8.4,1.58598,10.41481],"rotation":{"angle":-45,"axis":"x","origin":[8,0.21098,9.53981]},"faces":{"north":{"uv":[8,12.33333,8.5,10.66667],"texture":"#4"},"east":{"uv":[11.33333,7,11.83333,5.33333],"texture":"#4"},"south":{"uv":[11.33333,9,11.83333,7.33333],"texture":"#4"},"west":{"uv":[8.66667,13,9.16667,11.33333],"texture":"#4"}}},{"from":[7.5,-0.67726,9.87801],"to":[8.5,0.32274,10.87801],"rotation":{"angle":22.5,"axis":"x","origin":[8,-1.75226,10.35301]},"faces":{"north":{"uv":[6,9.33333,6.66667,8.66667],"texture":"#4"},"east":{"uv":[10,4.66667,10.66667,4],"texture":"#4"},"west":{"uv":[10.66667,7.33333,11.33333,6.66667],"texture":"#4"},"up":{"uv":[8,12.66667,7.33333,12],"texture":"#4"},"down":{"uv":[7.33333,12,6.66667,12.66667],"texture":"#4"}}},{"from":[7.5,-1.66014,11.7693],"to":[8.5,-0.66014,12.2693],"rotation":{"angle":22.5,"axis":"x","origin":[8,-1.16014,13.0193]},"faces":{"east":{"uv":[0.66667,15.33333,1,14.66667],"texture":"#4"},"west":{"uv":[14.66667,1.33333,15,0.66667],"texture":"#4"},"up":{"uv":[15.33333,2.33333,14.66667,2],"texture":"#4"},"down":{"uv":[15.33333,1.33333,14.66667,1.66667],"texture":"#4"}}},{"from":[7.4,-0.77726,10.87801],"to":[8.6,0.42274,11.37801],"rotation":{"angle":22.5,"axis":"x","origin":[8,-1.75226,10.35301]},"faces":{"north":{"uv":[3.33333,12.83333,4.16667,12],"texture":"#4"},"east":{"uv":[12.66667,14.16667,13,13.33333],"texture":"#4"},"south":{"uv":[12,4.83333,12.83333,4],"texture":"#4"},"west":{"uv":[13.33333,14.16667,13.66667,13.33333],"texture":"#4"},"up":{"uv":[14.83333,0.33333,14,0],"texture":"#4"},"down":{"uv":[0.83333,14,0,14.33333],"texture":"#4"}}},{"from":[7.455,-1.35159,12.12075],"to":[8.545,-0.26159,13.21075],"rotation":{"angle":-22.5,"axis":"x","origin":[8,-1.16014,13.0193]},"faces":{"north":{"uv":[12.66667,0.66667,13.33333,0],"texture":"#4"},"east":{"uv":[12.66667,1.33333,13.33333,0.66667],"texture":"#4"},"south":{"uv":[12.66667,3.33333,13.33333,2.66667],"texture":"#4"},"west":{"uv":[12.66667,4,13.33333,3.33333],"texture":"#4"},"up":{"uv":[13.33333,6.66667,12.66667,6],"texture":"#4"},"down":{"uv":[13.33333,5.33333,12.66667,6],"texture":"#4"}}},{"from":[7.97,-2.16014,12.5193],"to":[8.03,-0.16014,15.5193],"rotation":{"angle":22.5,"axis":"x","origin":[7.985,-1.16014,13.0193]},"faces":{"east":{"uv":[6.66667,5.33333,8.66667,4],"texture":"#4"},"west":{"uv":[6.66667,6.66667,8.66667,5.33333],"texture":"#4"}}},{"from":[7.775,7.51391,8.5],"to":[7.805,10.51391,11.5],"rotation":{"angle":0,"axis":"y","origin":[8,-4.48609,-0.25]},"faces":{"east":{"uv":[6.66667,0,8.66667,2],"texture":"#4"},"west":{"uv":[6.66667,2,8.66667,4],"texture":"#4"}}},{"from":[6.85,8.86391,7.1],"to":[6.88,10.36391,8.35],"rotation":{"angle":0,"axis":"y","origin":[0,-4.48609,-0.25]},"faces":{"east":{"uv":[11.33333,2.66667,12.16667,3.66667],"texture":"#4"},"west":{"uv":[11.33333,11.33333,12.16667,12.33333],"texture":"#4"}}},{"from":[7.985,6.86391,10.475],"to":[8.015,7.86391,11.225],"rotation":{"angle":0,"axis":"y","origin":[7.985,0.56391,1.675]},"faces":{"east":{"uv":[13.33333,6,13.83333,6.66667],"texture":"#4"},"west":{"uv":[6.66667,13.33333,7.16667,14],"texture":"#4"}}},{"from":[8.2,4.26391,8.75],"to":[8.23,6.26391,10.75],"rotation":{"angle":0,"axis":"y","origin":[8,-4.48609,-0.25]},"faces":{"east":{"uv":[6,9.33333,7.33333,10.66667],"texture":"#4"},"west":{"uv":[7.33333,9.33333,8.66667,10.66667],"texture":"#4"}}},{"from":[6.8,10.63891,7.1],"to":[6.8,12.63891,9.1],"rotation":{"angle":0,"axis":"y","origin":[8,-4.48609,-0.25]},"faces":{"north":{"uv":[0,0,0,1.33333],"texture":"#4"},"south":{"uv":[0,0,0,1.33333],"texture":"#4"},"west":{"uv":[10,2.66667,11.33333,4],"texture":"#4"},"up":{"uv":[0,1.33333,0,0],"texture":"#4"},"down":{"uv":[0,0,0,1.33333],"texture":"#4"}}},{"from":[8.485,8.3,3.5],"to":[8.515,14.3,7.5],"rotation":{"angle":-45,"axis":"z","origin":[8.5,11.3,5.5]},"faces":{"east":{"uv":[8,0,0,12],"texture":"#2"},"west":{"uv":[0,0,8,12],"texture":"#2"}}},{"from":[7.485,8.3,3.5],"to":[7.515,14.3,7.5],"rotation":{"angle":45,"axis":"z","origin":[7.5,11.3,5.5]},"faces":{"east":{"uv":[8,0,0,12],"texture":"#2"},"west":{"uv":[0,0,8,12],"texture":"#2"}}},{"from":[7.425,2.57635,7.325],"to":[8.575,4.32635,9.075],"rotation":{"angle":22.5,"axis":"x","origin":[8,3.45135,8.2]},"faces":{"north":{"uv":[10.66667,0,11.5,1.16667],"texture":"#4"},"east":{"uv":[10,8.66667,11.16667,9.83333],"texture":"#4"},"south":{"uv":[10.66667,1.33333,11.5,2.5],"texture":"#4"},"west":{"uv":[10,10,11.16667,11.16667],"texture":"#4"},"up":{"uv":[11.5,5.16667,10.66667,4],"texture":"#4"},"down":{"uv":[5.5,10.66667,4.66667,11.83333],"texture":"#4"}}},{"from":[7.985,-0.625,12.25],"to":[8.015,16.625,19.25],"rotation":{"angle":0,"axis":"y","origin":[7.985,0.125,12.25]},"faces":{"east":{"uv":[4.66667,0,0,11.5],"texture":"#4"},"west":{"uv":[0,0,4.66667,11.5],"texture":"#4"}}}],"gui_light":"front","display":{"thirdperson_righthand":{"translation":[0,-1.5,-0.5]},"thirdperson_lefthand":{"translation":[0,-1.5,-0.5]},"firstperson_righthand":{"translation":[0,4.75,-0.5]},"firstperson_lefthand":{"translation":[0,4.75,-0.5]},"ground":{"rotation":[45,0,0],"translation":[0,8,0]},"gui":{"rotation":[-90,135,90],"translation":[-3,3,0],"scale":[0.8,0.8,0.8]},"head":{"rotation":[90,-45,90]},"fixed":{"rotation":[0,-90,0],"translation":[5.5,0,-2.25],"scale":[2.5,2.5,2.5]}}}