{"credit":"70607 / 3721HCK7EF34FQTBQAOT1PRNYZ","texture_size":[28,28],"textures":{"2":"fiendskullset:animations/animations_1","4":"fiendskullset:shield","particle":"fiendskullset:shield"},"elements":[{"from":[7.5,2.85515,10.75],"to":[8.5,3.35515,11.75],"rotation":{"angle":0,"axis":"y","origin":[7.5,2.10515,10.75]},"faces":{"north":{"uv":[13.14286,3.42857,13.71429,3.71429],"texture":"#4"},"east":{"uv":[13.14286,4,13.71429,4.28571],"texture":"#4"},"south":{"uv":[4.57143,13.14286,5.14286,13.42857],"texture":"#4"},"west":{"uv":[13.14286,4.57143,13.71429,4.85714],"texture":"#4"}}},{"from":[7.5,7.35515,10.75],"to":[8.5,8.35515,11.75],"rotation":{"angle":0,"axis":"y","origin":[7.5,4.10515,10.75]},"faces":{"north":{"uv":[9.71429,7.42857,10.28571,8],"texture":"#4"},"east":{"uv":[0.57143,11.42857,1.14286,12],"texture":"#4"},"south":{"uv":[1.14286,11.42857,1.71429,12],"texture":"#4"},"west":{"uv":[11.42857,1.14286,12,1.71429],"texture":"#4"},"down":{"uv":[2.28571,11.42857,1.71429,12],"texture":"#4"}}},{"from":[7.5,3.85515,10.75],"to":[8.5,4.85515,11.75],"rotation":{"angle":0,"axis":"y","origin":[7.5,4.10515,10.75]},"faces":{"north":{"uv":[11.42857,1.71429,12,2.28571],"texture":"#4"},"east":{"uv":[2.28571,11.42857,2.85714,12],"texture":"#4"},"south":{"uv":[11.42857,2.28571,12,2.85714],"texture":"#4"},"west":{"uv":[2.85714,11.42857,3.42857,12],"texture":"#4"},"up":{"uv":[12,3.42857,11.42857,2.85714],"texture":"#4"}}},{"from":[7.6,4.85515,10.85],"to":[8.4,7.35515,11.65],"rotation":{"angle":0,"axis":"y","origin":[7.5,4.10515,10.75]},"faces":{"north":{"uv":[7.42857,9.14286,7.85714,10.57143],"texture":"#4"},"east":{"uv":[8,9.14286,8.42857,10.57143],"texture":"#4"},"south":{"uv":[8.57143,9.14286,9,10.57143],"texture":"#4"},"west":{"uv":[9.14286,9.14286,9.57143,10.57143],"texture":"#4"}}},{"from":[7.6,8.20515,8.25],"to":[8.4,9.00515,10.75],"rotation":{"angle":0,"axis":"x","origin":[8,8.60515,9.5]},"faces":{"east":{"uv":[0,9.71429,1.42857,10.14286],"texture":"#4"},"west":{"uv":[9.71429,2.28571,11.14286,2.71429],"texture":"#4"},"up":{"uv":[2.14286,11.14286,1.71429,9.71429],"texture":"#4"},"down":{"uv":[10.14286,2.85714,9.71429,4.28571],"texture":"#4"}}},{"from":[7.6,3.20515,8.25],"to":[8.4,4.00515,10.75],"rotation":{"angle":0,"axis":"x","origin":[8,3.60515,9.5]},"faces":{"east":{"uv":[9.71429,4.57143,11.14286,5],"texture":"#4"},"west":{"uv":[9.71429,5.14286,11.14286,5.57143],"texture":"#4"},"up":{"uv":[3.85714,11.14286,3.42857,9.71429],"texture":"#4"},"down":{"uv":[5.57143,9.71429,5.14286,11.14286],"texture":"#4"}}},{"from":[7.4,3.35515,10.65],"to":[8.6,3.85515,11.85],"rotation":{"angle":0,"axis":"y","origin":[7.5,4.10515,10.75]},"faces":{"north":{"uv":[12,12,12.71429,12.28571],"texture":"#4"},"east":{"uv":[0,12.57143,0.71429,12.85714],"texture":"#4"},"south":{"uv":[12.57143,0,13.28571,0.28571],"texture":"#4"},"west":{"uv":[12.57143,0.57143,13.28571,0.85714],"texture":"#4"},"up":{"uv":[7,11,6.28571,10.28571],"texture":"#4"},"down":{"uv":[11,6.85714,10.28571,7.57143],"texture":"#4"}}},{"from":[7.4,8.35515,10.65],"to":[8.6,8.85515,11.85],"rotation":{"angle":0,"axis":"y","origin":[7.5,4.10515,10.75]},"faces":{"north":{"uv":[1.14286,12.57143,1.85714,12.85714],"texture":"#4"},"east":{"uv":[12.57143,1.14286,13.28571,1.42857],"texture":"#4"},"south":{"uv":[12.57143,1.71429,13.28571,2],"texture":"#4"},"west":{"uv":[2.28571,12.57143,3,12.85714],"texture":"#4"},"up":{"uv":[11,8.71429,10.28571,8],"texture":"#4"},"down":{"uv":[11,9.14286,10.28571,9.85714],"texture":"#4"}}},{"from":[7.455,2.06015,10.705],"to":[8.545,3.15015,11.795],"rotation":{"angle":-45,"axis":"x","origin":[8,2.60515,11.25]},"faces":{"north":{"uv":[3.42857,11.42857,4,12],"texture":"#4"},"east":{"uv":[11.42857,3.42857,12,4],"texture":"#4"},"south":{"uv":[11.42857,4.57143,12,5.14286],"texture":"#4"},"west":{"uv":[5.14286,11.42857,5.71429,12],"texture":"#4"},"up":{"uv":[12,5.71429,11.42857,5.14286],"texture":"#4"},"down":{"uv":[6.28571,11.42857,5.71429,12],"texture":"#4"}}},{"from":[7.5,8.85515,10.75],"to":[8.5,9.35515,11.75],"rotation":{"angle":0,"axis":"y","origin":[7.5,10.10515,10.75]},"faces":{"north":{"uv":[5.14286,13.14286,5.71429,13.42857],"texture":"#4"},"east":{"uv":[13.14286,5.14286,13.71429,5.42857],"texture":"#4"},"south":{"uv":[5.71429,13.14286,6.28571,13.42857],"texture":"#4"},"west":{"uv":[13.14286,5.71429,13.71429,6],"texture":"#4"}}},{"from":[7.455,9.06015,10.705],"to":[8.545,10.15015,11.795],"rotation":{"angle":45,"axis":"x","origin":[8,9.60515,11.25]},"faces":{"north":{"uv":[11.42857,5.71429,12,6.28571],"texture":"#4"},"east":{"uv":[6.28571,11.42857,6.85714,12],"texture":"#4"},"south":{"uv":[11.42857,6.28571,12,6.85714],"texture":"#4"},"west":{"uv":[6.85714,11.42857,7.42857,12],"texture":"#4"},"up":{"uv":[12,7.42857,11.42857,6.85714],"texture":"#4"},"down":{"uv":[12,7.42857,11.42857,8],"texture":"#4"}}},{"from":[7,13.30515,6.7],"to":[9,15.30515,8.95],"rotation":{"angle":22.5,"axis":"x","origin":[8,13.46939,7.60187]},"faces":{"north":{"uv":[7.42857,2.28571,8.57143,3.42857],"texture":"#4"},"east":{"uv":[6.28571,4.57143,7.57143,5.71429],"texture":"#4"},"south":{"uv":[5.14286,7.42857,6.28571,8.57143],"texture":"#4"},"west":{"uv":[6.28571,5.71429,7.57143,6.85714],"texture":"#4"},"up":{"uv":[1.14286,8.14286,0,6.85714],"texture":"#4"},"down":{"uv":[2.28571,6.85714,1.14286,8.14286],"texture":"#4"}}},{"from":[7,12.85113,7.01882],"to":[9,13.35113,7.04882],"rotation":{"angle":22.5,"axis":"x","origin":[8,13.66537,7.52069]},"faces":{"north":{"uv":[11.42857,8,12.57143,8.28571],"texture":"#4"},"south":{"uv":[8.57143,11.42857,9.71429,11.71429],"texture":"#4"}}},{"from":[6.75,11.95103,6.9258],"to":[7,12.45103,8.9258],"rotation":{"angle":-22.5,"axis":"x","origin":[8,12.45103,7.6758]},"faces":{"north":{"uv":[8,13.71429,8.14286,14],"texture":"#4"},"east":{"uv":[11.42857,8.57143,12.57143,8.85714],"texture":"#4"},"south":{"uv":[13.71429,8,13.85714,8.28571],"texture":"#4"},"west":{"uv":[11.42857,9.14286,12.57143,9.42857],"texture":"#4"},"up":{"uv":[6.42857,14.28571,6.28571,13.14286],"texture":"#4"},"down":{"uv":[13.28571,6.28571,13.14286,7.42857],"texture":"#4"}}},{"from":[7,11.95103,6.6758],"to":[9,12.45103,7.1758],"rotation":{"angle":-22.5,"axis":"x","origin":[8,12.45103,7.6758]},"faces":{"north":{"uv":[9.71429,11.42857,10.85714,11.71429],"texture":"#4"},"east":{"uv":[11.42857,13.14286,11.71429,13.42857],"texture":"#4"},"south":{"uv":[11.42857,9.71429,12.57143,10],"texture":"#4"},"west":{"uv":[13.14286,11.42857,13.42857,11.71429],"texture":"#4"},"up":{"uv":[12.57143,10.57143,11.42857,10.28571],"texture":"#4"},"down":{"uv":[12,11.42857,10.85714,11.71429],"texture":"#4"}}},{"from":[6.75,12.45103,7.9258],"to":[7,12.95103,8.9258],"rotation":{"angle":-22.5,"axis":"x","origin":[8,12.45103,7.6758]},"faces":{"north":{"uv":[8.57143,13.71429,8.71429,14],"texture":"#4"},"east":{"uv":[6.85714,13.14286,7.42857,13.42857],"texture":"#4"},"south":{"uv":[13.71429,8.57143,13.85714,8.85714],"texture":"#4"},"west":{"uv":[7.42857,13.14286,8,13.42857],"texture":"#4"},"up":{"uv":[12.14286,13.71429,12,13.14286],"texture":"#4"}}},{"from":[9,12.45103,7.9258],"to":[9.25,12.95103,8.9258],"rotation":{"angle":-22.5,"axis":"x","origin":[8,12.45103,7.6758]},"faces":{"north":{"uv":[9.14286,13.71429,9.28571,14],"texture":"#4"},"east":{"uv":[13.14286,7.42857,13.71429,7.71429],"texture":"#4"},"south":{"uv":[13.71429,9.14286,13.85714,9.42857],"texture":"#4"},"west":{"uv":[8,13.14286,8.57143,13.42857],"texture":"#4"},"up":{"uv":[13.28571,12.57143,13.14286,12],"texture":"#4"}}},{"from":[9.07,12.45103,7.0258],"to":[9.1,12.95103,7.9258],"rotation":{"angle":-22.5,"axis":"x","origin":[8,12.45103,7.6758]},"faces":{"east":{"uv":[13.14286,8,13.71429,8.28571],"texture":"#4"},"west":{"uv":[8.57143,13.14286,9.14286,13.42857],"texture":"#4"}}},{"from":[6.9,12.45103,7.0258],"to":[9.1,12.95103,7.0558],"rotation":{"angle":-22.5,"axis":"x","origin":[8,12.45103,7.6758]},"faces":{"north":{"uv":[10.28571,4,11.57143,4.28571],"texture":"#4"},"south":{"uv":[8.57143,10.85714,9.85714,11.14286],"texture":"#4"}}},{"from":[6.9,12.45103,7.0258],"to":[6.93,12.95103,7.9258],"rotation":{"angle":-22.5,"axis":"x","origin":[8,12.45103,7.6758]},"faces":{"east":{"uv":[13.14286,8.57143,13.71429,8.85714],"texture":"#4"},"west":{"uv":[9.14286,13.14286,9.71429,13.42857],"texture":"#4"}}},{"from":[9,11.95103,6.9258],"to":[9.25,12.45103,8.9258],"rotation":{"angle":-22.5,"axis":"x","origin":[8,12.45103,7.6758]},"faces":{"north":{"uv":[13.71429,9.71429,13.85714,10],"texture":"#4"},"east":{"uv":[11.42857,10.85714,12.57143,11.14286],"texture":"#4"},"south":{"uv":[10.28571,13.71429,10.42857,14],"texture":"#4"},"west":{"uv":[0,12,1.14286,12.28571],"texture":"#4"},"up":{"uv":[13.28571,10.28571,13.14286,9.14286],"texture":"#4"},"down":{"uv":[9.85714,13.14286,9.71429,14.28571],"texture":"#4"}}},{"from":[8.5,14.55515,6.55],"to":[9.25,14.80515,7.05],"rotation":{"angle":22.5,"axis":"x","origin":[8,13.46939,7.60187]},"faces":{"north":{"uv":[6.85714,13.71429,7.28571,13.85714],"texture":"#4"},"east":{"uv":[13.71429,10.28571,14,10.42857],"texture":"#4"},"south":{"uv":[13.71429,6.85714,14.14286,7],"texture":"#4"},"west":{"uv":[10.85714,13.71429,11.14286,13.85714],"texture":"#4"},"up":{"uv":[10.71429,13.42857,10.28571,13.14286],"texture":"#4"},"down":{"uv":[13.57143,10.28571,13.14286,10.57143],"texture":"#4"}}},{"from":[6.75,14.55515,6.55],"to":[7.5,14.80515,7.05],"rotation":{"angle":22.5,"axis":"x","origin":[8,13.46939,7.60187]},"faces":{"north":{"uv":[7.42857,13.71429,7.85714,13.85714],"texture":"#4"},"east":{"uv":[13.71429,10.85714,14,11],"texture":"#4"},"south":{"uv":[13.71429,7.42857,14.14286,7.57143],"texture":"#4"},"west":{"uv":[11.42857,13.71429,11.71429,13.85714],"texture":"#4"},"up":{"uv":[11.28571,13.42857,10.85714,13.14286],"texture":"#4"},"down":{"uv":[13.57143,10.85714,13.14286,11.14286],"texture":"#4"}}},{"from":[6.75,13.80515,7.2],"to":[9.25,15.55515,9.2],"rotation":{"angle":22.5,"axis":"x","origin":[8,13.46939,7.60187]},"faces":{"north":{"uv":[7.42857,0,8.85714,1],"texture":"#4"},"east":{"uv":[8,6.85714,9.14286,7.85714],"texture":"#4"},"south":{"uv":[7.42857,1.14286,8.85714,2.14286],"texture":"#4"},"west":{"uv":[7.42857,8,8.57143,9],"texture":"#4"},"up":{"uv":[7.71429,4.57143,6.28571,3.42857],"texture":"#4"},"down":{"uv":[6,6.28571,4.57143,7.42857],"texture":"#4"}}},{"from":[7.5,11.13365,10.8595],"to":[8.5,13.13365,11.8595],"rotation":{"angle":-45,"axis":"x","origin":[8,8.53425,9.83929]},"faces":{"north":{"uv":[9.14286,3.42857,9.71429,4.57143],"texture":"#4"},"east":{"uv":[9.14286,4.57143,9.71429,5.71429],"texture":"#4"},"south":{"uv":[9.14286,5.71429,9.71429,6.85714],"texture":"#4"},"west":{"uv":[6.28571,9.14286,6.85714,10.28571],"texture":"#4"},"up":{"uv":[12.57143,0.57143,12,0],"texture":"#4"},"down":{"uv":[12.57143,0.57143,12,1.14286],"texture":"#4"}}},{"from":[7.55,9.90889,9.81097],"to":[8.45,11.70889,10.71097],"rotation":{"angle":-22.5,"axis":"x","origin":[8,8.53425,9.83929]},"faces":{"north":{"uv":[2.28571,10.28571,2.85714,11.28571],"texture":"#4"},"east":{"uv":[2.85714,10.28571,3.42857,11.28571],"texture":"#4"},"south":{"uv":[10.28571,2.85714,10.85714,3.85714],"texture":"#4"},"west":{"uv":[10.28571,5.71429,10.85714,6.71429],"texture":"#4"},"down":{"uv":[1.71429,12,1.14286,12.57143],"texture":"#4"}}},{"from":[7.5905,8.49983,9.29957],"to":[8.4095,10.13783,10.11857],"rotation":{"angle":0,"axis":"y","origin":[8,8.53425,9.83929]},"faces":{"north":{"uv":[10.85714,2.85714,11.28571,3.85714],"texture":"#4"},"east":{"uv":[10.85714,5.71429,11.28571,6.71429],"texture":"#4"},"south":{"uv":[7.42857,10.85714,7.85714,11.85714],"texture":"#4"},"west":{"uv":[8,10.85714,8.42857,11.85714],"texture":"#4"},"down":{"uv":[5,12.57143,4.57143,13],"texture":"#4"}}},{"from":[7.63555,6.1515,9.38157],"to":[8.36446,8.60932,10.11048],"rotation":{"angle":22.5,"axis":"x","origin":[8,8.53425,9.83929]},"faces":{"north":{"uv":[5.71429,9.71429,6.14286,11.14286],"texture":"#4"},"east":{"uv":[9.71429,5.71429,10.14286,7.14286],"texture":"#4"},"south":{"uv":[9.71429,9.14286,10.14286,10.57143],"texture":"#4"},"west":{"uv":[0,10.28571,0.42857,11.71429],"texture":"#4"},"down":{"uv":[13,4.57143,12.57143,5],"texture":"#4"}}},{"from":[7.67564,5.21058,8.50458],"to":[8.32436,6.50804,9.15331],"rotation":{"angle":0,"axis":"y","origin":[8,8.53425,9.83929]},"faces":{"north":{"uv":[12,5.71429,12.42857,6.42857],"texture":"#4"},"east":{"uv":[6.28571,12,6.71429,12.71429],"texture":"#4"},"south":{"uv":[6.85714,12,7.28571,12.71429],"texture":"#4"},"west":{"uv":[12,6.85714,12.42857,7.57143],"texture":"#4"},"down":{"uv":[5.57143,12.57143,5.14286,13],"texture":"#4"}}},{"from":[7.71132,4.81961,7.33426],"to":[8.28868,5.97435,7.91163],"rotation":{"angle":-22.5,"axis":"x","origin":[8,8.53425,9.83929]},"faces":{"north":{"uv":[12.57143,2.28571,12.85714,3],"texture":"#4"},"east":{"uv":[3.42857,12.57143,3.71429,13.28571],"texture":"#4"},"south":{"uv":[12.57143,3.42857,12.85714,4.14286],"texture":"#4"},"west":{"uv":[4,12.57143,4.28571,13.28571],"texture":"#4"},"down":{"uv":[12.85714,13.14286,12.57143,13.42857],"texture":"#4"}}},{"from":[7.49175,11.45259,10.23271],"to":[8.50825,12.46909,11.24921],"rotation":{"angle":-22.5,"axis":"x","origin":[8,8.56196,10.09918]},"faces":{"north":{"uv":[12,1.14286,12.57143,1.71429],"texture":"#4"},"east":{"uv":[1.71429,12,2.28571,12.57143],"texture":"#4"},"south":{"uv":[12,1.71429,12.57143,2.28571],"texture":"#4"},"west":{"uv":[2.28571,12,2.85714,12.57143],"texture":"#4"},"up":{"uv":[12.57143,2.85714,12,2.28571],"texture":"#4"},"down":{"uv":[3.42857,12,2.85714,12.57143],"texture":"#4"}}},{"from":[7.61881,11.74005,9.69477],"to":[8.38119,12.50242,10.45715],"rotation":{"angle":0,"axis":"y","origin":[8,8.56196,10.09918]},"faces":{"east":{"uv":[5.71429,12.57143,6.14286,13],"texture":"#4"},"south":{"uv":[12.57143,5.71429,13,6.14286],"texture":"#4"},"west":{"uv":[12.57143,6.28571,13,6.71429],"texture":"#4"},"up":{"uv":[13,7.28571,12.57143,6.85714],"texture":"#4"},"down":{"uv":[7.85714,12.57143,7.42857,13],"texture":"#4"}}},{"from":[7.71792,11.72702,8.89399],"to":[8.28208,12.29118,9.45815],"rotation":{"angle":22.5,"axis":"x","origin":[8,8.56196,10.09918]},"faces":{"east":{"uv":[13.14286,12.57143,13.42857,12.85714],"texture":"#4"},"south":{"uv":[13.14286,13.14286,13.42857,13.42857],"texture":"#4"},"west":{"uv":[0,13.71429,0.28571,14],"texture":"#4"},"up":{"uv":[14,0.28571,13.71429,0],"texture":"#4"},"down":{"uv":[0.85714,13.71429,0.57143,14],"texture":"#4"}}},{"from":[7.54257,9.56861,9.71512],"to":[8.45743,10.48346,10.62997],"rotation":{"angle":0,"axis":"y","origin":[8,8.69447,9.9442]},"faces":{"north":{"uv":[12,2.85714,12.57143,3.42857],"texture":"#4"},"east":{"uv":[3.42857,12,4,12.57143],"texture":"#4"},"south":{"uv":[12,3.42857,12.57143,4],"texture":"#4"},"west":{"uv":[4,12,4.57143,12.57143],"texture":"#4"},"up":{"uv":[12.57143,4.57143,12,4],"texture":"#4"},"down":{"uv":[12.57143,4.57143,12,5.14286],"texture":"#4"}}},{"from":[7.65693,9.82516,9.91862],"to":[8.34307,10.5113,10.60476],"rotation":{"angle":22.5,"axis":"x","origin":[8,8.69447,9.9442]},"faces":{"east":{"uv":[12.57143,7.42857,13,7.85714],"texture":"#4"},"south":{"uv":[8,12.57143,8.42857,13],"texture":"#4"},"west":{"uv":[12.57143,8,13,8.42857],"texture":"#4"},"up":{"uv":[9,13,8.57143,12.57143],"texture":"#4"},"down":{"uv":[13,8.57143,12.57143,9],"texture":"#4"}}},{"from":[7.74613,8.29688,11.32432],"to":[8.25387,8.80463,11.83206],"rotation":{"angle":-45,"axis":"x","origin":[8,8.69447,9.9442]},"faces":{"north":{"uv":[13.71429,0.57143,14,0.85714],"texture":"#4"},"east":{"uv":[1.14286,13.71429,1.42857,14],"texture":"#4"},"south":{"uv":[13.71429,1.14286,14,1.42857],"texture":"#4"},"west":{"uv":[1.71429,13.71429,2,14],"texture":"#4"},"down":{"uv":[14,1.71429,13.71429,2],"texture":"#4"}}},{"from":[7.58324,7.76816,9.79688],"to":[8.41677,8.60169,10.63041],"rotation":{"angle":22.5,"axis":"x","origin":[8,8.75196,9.86168]},"faces":{"north":{"uv":[9.14286,12.57143,9.57143,13],"texture":"#4"},"east":{"uv":[12.57143,9.14286,13,9.57143],"texture":"#4"},"south":{"uv":[12.57143,9.71429,13,10.14286],"texture":"#4"},"west":{"uv":[12.57143,10.28571,13,10.71429],"texture":"#4"},"up":{"uv":[11.28571,13,10.85714,12.57143],"texture":"#4"},"down":{"uv":[13,10.85714,12.57143,11.28571],"texture":"#4"}}},{"from":[7.68743,7.33588,9.30222],"to":[8.31257,7.96103,9.92736],"rotation":{"angle":-45,"axis":"x","origin":[8,8.75196,9.86168]},"faces":{"north":{"uv":[11.42857,12.57143,11.85714,13],"texture":"#4"},"east":{"uv":[12,12.57143,12.42857,13],"texture":"#4"},"south":{"uv":[12.57143,12.57143,13,13],"texture":"#4"},"west":{"uv":[0,13.14286,0.42857,13.57143],"texture":"#4"},"down":{"uv":[1,13.14286,0.57143,13.57143],"texture":"#4"}}},{"from":[7.7687,7.02912,9.96207],"to":[8.2313,7.49173,10.42468],"rotation":{"angle":-22.5,"axis":"x","origin":[8,8.75196,9.86168]},"faces":{"north":{"uv":[2.28571,13.71429,2.57143,14],"texture":"#4"},"east":{"uv":[13.71429,2.28571,14,2.57143],"texture":"#4"},"south":{"uv":[2.85714,13.71429,3.14286,14],"texture":"#4"},"west":{"uv":[13.71429,2.85714,14,3.14286],"texture":"#4"},"down":{"uv":[3.71429,13.71429,3.42857,14],"texture":"#4"}}},{"from":[7.62074,5.66805,8.75368],"to":[8.37926,6.42656,9.5122],"rotation":{"angle":45,"axis":"x","origin":[8,5.93215,9.55939]},"faces":{"north":{"uv":[1.14286,13.14286,1.57143,13.57143],"texture":"#4"},"east":{"uv":[1.71429,13.14286,2.14286,13.57143],"texture":"#4"},"south":{"uv":[2.28571,13.14286,2.71429,13.57143],"texture":"#4"},"west":{"uv":[13.14286,2.28571,13.57143,2.71429],"texture":"#4"},"up":{"uv":[3.28571,13.57143,2.85714,13.14286],"texture":"#4"},"down":{"uv":[13.57143,2.85714,13.14286,3.28571],"texture":"#4"}}},{"from":[7.71556,5.57495,9.34762],"to":[8.28444,6.14383,9.91651],"rotation":{"angle":-22.5,"axis":"x","origin":[8,5.93215,9.55939]},"faces":{"north":{"uv":[13.71429,3.42857,14,3.71429],"texture":"#4"},"east":{"uv":[4,13.71429,4.28571,14],"texture":"#4"},"south":{"uv":[13.71429,4,14,4.28571],"texture":"#4"},"west":{"uv":[4.57143,13.71429,4.85714,14],"texture":"#4"},"down":{"uv":[14,4.57143,13.71429,4.85714],"texture":"#4"}}},{"from":[7.78951,5.33869,9.56901],"to":[8.21049,5.75966,9.98999],"rotation":{"angle":0,"axis":"y","origin":[8,5.93215,9.55939]},"faces":{"north":{"uv":[5.14286,13.71429,5.42857,14],"texture":"#4"},"east":{"uv":[13.71429,5.14286,14,5.42857],"texture":"#4"},"south":{"uv":[5.71429,13.71429,6,14],"texture":"#4"},"west":{"uv":[13.71429,5.71429,14,6],"texture":"#4"},"down":{"uv":[14,6.28571,13.71429,6.57143],"texture":"#4"}}},{"from":[7.985,-0.39485,10.25],"to":[8.015,2.60515,12.25],"rotation":{"angle":0,"axis":"y","origin":[7.985,2.10515,10.25]},"faces":{"east":{"uv":[6.28571,0,7.42857,1.71429],"texture":"#4"},"west":{"uv":[6.28571,1.71429,7.42857,3.42857],"texture":"#4"}}},{"from":[6.85,10.70515,7.1],"to":[6.88,12.20515,8.35],"rotation":{"angle":0,"axis":"y","origin":[0,-2.64485,-0.25]},"faces":{"east":{"uv":[0.57143,10.28571,1.28571,11.14286],"texture":"#4"},"west":{"uv":[10.28571,1.14286,11,2],"texture":"#4"}}},{"from":[7.985,10.85515,9.975],"to":[8.015,11.85515,10.725],"rotation":{"angle":0,"axis":"y","origin":[7.985,4.55515,1.175]},"faces":{"east":{"uv":[7.42857,12,7.85714,12.57143],"texture":"#4"},"west":{"uv":[8,12,8.42857,12.57143],"texture":"#4"}}},{"from":[8.2,6.10515,8.75],"to":[8.23,8.10515,10.75],"rotation":{"angle":0,"axis":"y","origin":[8,-2.64485,-0.25]},"faces":{"east":{"uv":[2.28571,8,3.42857,9.14286],"texture":"#4"},"west":{"uv":[8,3.42857,9.14286,4.57143],"texture":"#4"}}},{"from":[6.8,12.48015,7.1],"to":[6.8,14.48015,9.1],"rotation":{"angle":0,"axis":"y","origin":[8,-2.64485,-0.25]},"faces":{"west":{"uv":[8,4.57143,9.14286,5.71429],"texture":"#4"}}},{"from":[8.485,10.3,3.5],"to":[8.515,16.3,7.5],"rotation":{"angle":-45,"axis":"z","origin":[8.5,13.3,5.5]},"faces":{"east":{"uv":[8,0,0,12],"texture":"#2"},"west":{"uv":[0,0,8,12],"texture":"#2"}}},{"from":[7.485,10.3,3.5],"to":[7.515,16.3,7.5],"rotation":{"angle":45,"axis":"z","origin":[7.5,13.3,5.5]},"faces":{"east":{"uv":[8,0,0,12],"texture":"#2"},"west":{"uv":[0,0,8,12],"texture":"#2"}}},{"from":[6.75,9.35515,7.5],"to":[9.25,11.85515,8.5],"rotation":{"angle":45,"axis":"z","origin":[8,10.60515,8]},"faces":{"north":{"uv":[4.57143,4.57143,6,6],"texture":"#4"},"east":{"uv":[2.85714,5.14286,3.42857,6.57143],"texture":"#4"},"south":{"uv":[1.14286,5.14286,2.57143,6.57143],"texture":"#4"},"west":{"uv":[3.42857,8,4,9.42857],"texture":"#4"},"up":{"uv":[10,8.57143,8.57143,8],"texture":"#4"},"down":{"uv":[10,8.57143,8.57143,9.14286],"texture":"#4"}}},{"from":[7,9.60515,7.25],"to":[9,11.60515,8.75],"rotation":{"angle":45,"axis":"z","origin":[8,10.60515,8]},"faces":{"north":{"uv":[8,5.71429,9.14286,6.85714],"texture":"#4"},"east":{"uv":[0,8.57143,0.85714,9.71429],"texture":"#4"},"south":{"uv":[6.28571,8,7.42857,9.14286],"texture":"#4"},"west":{"uv":[1.14286,8.57143,2,9.71429],"texture":"#4"},"up":{"uv":[9.71429,3.14286,8.57143,2.28571],"texture":"#4"},"down":{"uv":[6.28571,8.57143,5.14286,9.42857],"texture":"#4"}}},{"from":[7.75,10.60515,7.775],"to":[10.75,12.10515,8.475],"rotation":{"angle":-22.5,"axis":"z","origin":[7.75,10.60515,7.5]},"faces":{"north":{"uv":[2.28571,6.85714,4,7.71429],"texture":"#4"},"east":{"uv":[10.85714,10.28571,11.28571,11.14286],"texture":"#4"},"south":{"uv":[6.28571,6.85714,8,7.71429],"texture":"#4"},"west":{"uv":[11.42857,0,11.85714,0.85714],"texture":"#4"},"up":{"uv":[10.85714,0.42857,9.14286,0],"texture":"#4"},"down":{"uv":[10.85714,0.57143,9.14286,1],"texture":"#4"}}},{"from":[10.75,10.60515,7.775],"to":[11.75,12.60515,8.475],"rotation":{"angle":-22.5,"axis":"z","origin":[7.75,10.60515,7.5]},"faces":{"north":{"uv":[6.85714,9.14286,7.42857,10.28571],"texture":"#4"},"east":{"uv":[10.28571,10.28571,10.71429,11.42857],"texture":"#4"},"south":{"uv":[9.14286,6.85714,9.71429,8],"texture":"#4"},"west":{"uv":[10.85714,0,11.28571,1.14286],"texture":"#4"},"up":{"uv":[9.14286,12.42857,8.57143,12],"texture":"#4"},"down":{"uv":[9.71429,12,9.14286,12.42857],"texture":"#4"}}},{"from":[7,1.10515,7.75],"to":[9,10.10515,8.25],"rotation":{"angle":0,"axis":"y","origin":[5,-2.39485,0]},"faces":{"north":{"uv":[1.14286,0,2.28571,5.14286],"texture":"#4"},"east":{"uv":[4,6.85714,4.28571,12],"texture":"#4"},"south":{"uv":[2.28571,0,3.42857,5.14286],"texture":"#4"},"west":{"uv":[4.57143,7.42857,4.85714,12.57143],"texture":"#4"},"up":{"uv":[6.28571,12.28571,5.14286,12],"texture":"#4"},"down":{"uv":[13.14286,5.14286,12,5.42857],"texture":"#4"}}},{"from":[8.5,-1.39485,7.85],"to":[10.5,10.60515,7.88],"rotation":{"angle":0,"axis":"y","origin":[5,-2.39485,-0.15]},"faces":{"north":{"uv":[0,0,1.14286,6.85714],"texture":"#4"},"south":{"uv":[1.14286,0,0,6.85714],"texture":"#4"}}},{"from":[9,10.83015,8.05],"to":[11.5,14.58015,8.08],"rotation":{"angle":0,"axis":"y","origin":[5.5,1.58015,0.05]},"faces":{"north":{"uv":[4.57143,0,6,2.14286],"texture":"#4"},"south":{"uv":[4.57143,2.28571,6,4.42857],"texture":"#4"}}},{"from":[5.25,10.60515,7.775],"to":[8.25,12.10515,8.475],"rotation":{"angle":22.5,"axis":"z","origin":[8.25,10.60515,7.5]},"faces":{"north":{"uv":[4,6.85714,2.28571,7.71429],"texture":"#4"},"east":{"uv":[11.85714,0,11.42857,0.85714],"texture":"#4"},"south":{"uv":[8,6.85714,6.28571,7.71429],"texture":"#4"},"west":{"uv":[11.28571,10.28571,10.85714,11.14286],"texture":"#4"},"up":{"uv":[9.14286,0.42857,10.85714,0],"texture":"#4"},"down":{"uv":[9.14286,0.57143,10.85714,1],"texture":"#4"}}},{"from":[4.25,10.60515,7.775],"to":[5.25,12.60515,8.475],"rotation":{"angle":22.5,"axis":"z","origin":[8.25,10.60515,7.5]},"faces":{"north":{"uv":[7.42857,9.14286,6.85714,10.28571],"texture":"#4"},"east":{"uv":[11.28571,0,10.85714,1.14286],"texture":"#4"},"south":{"uv":[9.71429,6.85714,9.14286,8],"texture":"#4"},"west":{"uv":[10.71429,10.28571,10.28571,11.42857],"texture":"#4"},"up":{"uv":[8.57143,12.42857,9.14286,12],"texture":"#4"},"down":{"uv":[9.14286,12,9.71429,12.42857],"texture":"#4"}}},{"from":[4.5,10.83015,8.05],"to":[7,14.58015,8.08],"rotation":{"angle":0,"axis":"y","origin":[10.5,1.58015,0.05]},"faces":{"north":{"uv":[6,0,4.57143,2.14286],"texture":"#4"},"south":{"uv":[6,2.28571,4.57143,4.42857],"texture":"#4"}}},{"from":[10.40485,-1.39485,8.32835],"to":[11.90485,10.60515,8.35835],"rotation":{"angle":-22.5,"axis":"y","origin":[11.65485,4.60515,8.32835]},"faces":{"north":{"uv":[3.42857,0,4.28571,6.85714],"texture":"#4"},"south":{"uv":[4.28571,0,3.42857,6.85714],"texture":"#4"}}},{"from":[5.5,-1.39485,7.85],"to":[7.5,10.60515,7.88],"rotation":{"angle":0,"axis":"y","origin":[11,-2.39485,-0.15]},"faces":{"north":{"uv":[1.14286,0,0,6.85714],"texture":"#4"},"south":{"uv":[0,0,1.14286,6.85714],"texture":"#4"}}},{"from":[4.09515,-1.39485,8.32835],"to":[5.59515,10.60515,8.35835],"rotation":{"angle":22.5,"axis":"y","origin":[4.34515,4.60515,8.32835]},"faces":{"north":{"uv":[4.28571,0,3.42857,6.85714],"texture":"#4"},"south":{"uv":[3.42857,0,4.28571,6.85714],"texture":"#4"}}},{"from":[7.575,0.51174,7.7485],"to":[9,1.93674,8.2515],"rotation":{"angle":-45,"axis":"z","origin":[8,1.51174,7.9985]},"faces":{"north":{"uv":[9.14286,1.14286,10,2],"texture":"#4"},"east":{"uv":[9.71429,12,10,12.85714],"texture":"#4"},"south":{"uv":[2.28571,9.14286,3.14286,10],"texture":"#4"},"west":{"uv":[10.28571,12,10.57143,12.85714],"texture":"#4"},"up":{"uv":[11.71429,12.28571,10.85714,12],"texture":"#4"},"down":{"uv":[12.85714,11.42857,12,11.71429],"texture":"#4"}}}],"gui_light":"front","display":{"thirdperson_righthand":{"rotation":[0,-63,0],"translation":[2.5,0.25,-0.5],"scale":[1.1,1.1,1.1]},"thirdperson_lefthand":{"rotation":[0,-63,0],"translation":[2.5,0.25,-0.5],"scale":[1.1,1.1,1.1]},"firstperson_righthand":{"rotation":[0,0,10],"translation":[0,2.5,2]},"firstperson_lefthand":{"rotation":[0,0,10],"translation":[0,2.5,2]},"ground":{"rotation":[45,0,0],"translation":[0,4.5,0]},"gui":{"rotation":[0,180,-45],"translation":[-1.25,1.25,0]},"fixed":{"translation":[0,2.75,-5],"scale":[2.5,2.5,2.5]}}}