{"format_version":"1.16.0","minecraft:geometry":[{"description":{"identifier":"geometry.geyser_custom.geo_68c4b8c","texture_width":16,"texture_height":16,"visible_bounds_width":4,"visible_bounds_height":4.5,"visible_bounds_offset":[0,0.75,0]},"bones":[{"name":"geyser_custom","binding":"c.item_slot == 'head' ? 'head' : q.item_slot_to_bone_name(c.item_slot)","pivot":[0,8,0]},{"name":"geyser_custom_x","parent":"geyser_custom","pivot":[0,8,0]},{"name":"geyser_custom_y","parent":"geyser_custom_x","pivot":[0,8,0]},{"name":"geyser_custom_z","parent":"geyser_custom_y","pivot":[0,8,0],"cubes":[]},{"parent":"geyser_custom_z","pivot":[4.25,20,-0.8],"rotation":[45,0,0],"cubes":[{"origin":[4.25,16,-4.8],"size":[0,8,8],"pivot":[4.25,20,-0.8],"uv":{"north":{"uv":[2.6827,13.3333],"uv_size":[0.984,0]},"south":{"uv":[2.6827,13.3333],"uv_size":[0.984,0]},"east":{"uv":[2.6773,14.0107],"uv_size":[0.656,0.656]},"west":{"uv":[2.6773,14.0107],"uv_size":[0.656,0.656]},"up":{"uv":[2.6667,13.9893],"uv_size":[0,-0.656]},"down":{"uv":[2.6667,13.9893],"uv_size":[0,-0.656]}}}],"name":"rot_1"},{"parent":"geyser_custom_z","pivot":[3.25,20,-0.8],"rotation":[45,0,0],"cubes":[{"origin":[3.25,16,-4.8],"size":[0,8,8],"pivot":[3.25,20,-0.8],"uv":{"north":{"uv":[4.016,14.6667],"uv_size":[0.984,0]},"south":{"uv":[4.016,14.6667],"uv_size":[0.984,0]},"east":{"uv":[4.0107,15.344],"uv_size":[0.656,0.656]},"west":{"uv":[4.0107,15.344],"uv_size":[0.656,0.656]},"up":{"uv":[4,15.3227],"uv_size":[0,-0.656]},"down":{"uv":[4,15.3227],"uv_size":[0,-0.656]}}}],"name":"rot_2"},{"parent":"geyser_custom_z","pivot":[0,20,-3.75],"rotation":[45,0,0],"cubes":[{"origin":[-0.75,14.9,0.35],"size":[2,3,1],"pivot":[0,20,-3.75],"uv":{"north":{"uv":[13.1693,6.129],"uv_size":[0.164,0.246]},"south":{"uv":[13.1693,5.879],"uv_size":[0.164,0.246]},"east":{"uv":[13.0873,7.3763],"uv_size":[0.246,0.082]},"west":{"uv":[13.0873,7.3763],"uv_size":[0.246,0.082]},"up":{"uv":[12.6693,7.2903],"uv_size":[0.164,-0.082]},"down":{"uv":[12.4193,7.082],"uv_size":[0.164,-0.082]}}},{"origin":[-0.75,14.9,-1.65],"size":[2,1,2],"pivot":[0,20,-3.75],"uv":{"north":{"uv":[12.168,6.5232],"uv_size":[0.082,0.1435]},"south":{"uv":[12.168,6.5232],"uv_size":[0.082,0.1435]},"east":{"uv":[12.2527,6.6653],"uv_size":[0.164,-0.082]},"west":{"uv":[12.2527,6.5847],"uv_size":[0.164,0.082]},"up":{"uv":[12.3723,6.3357],"uv_size":[-0.164,0.1435]},"down":{"uv":[12.3723,6.4768],"uv_size":[-0.164,-0.1435]}}}],"name":"rot_3"},{"parent":"geyser_custom_z","pivot":[-0.75,23.6,-2.85],"rotation":[45,0,0],"cubes":[{"origin":[-4,21.6,-4.85],"size":[6.5,3,3],"pivot":[-0.75,23.6,-2.85],"uv":{"north":{"uv":[13.0747,7.754],"uv_size":[-0.533,0.246]},"south":{"uv":[13.0873,7.9913],"uv_size":[0.246,-0.533]},"east":{"uv":[12.8373,7.504],"uv_size":[0.246,0.246]},"west":{"uv":[13.0793,7.504],"uv_size":[-0.246,0.246]},"up":{"uv":[12.5503,7.996],"uv_size":[0.533,-0.246]},"down":{"uv":[13.0873,7.9913],"uv_size":[0.246,-0.533]}}}],"name":"rot_4"},{"parent":"geyser_custom_z","pivot":[-1.5,20,-3.75],"rotation":[45,0,0],"cubes":[{"origin":[-2.75,14.9,-1.65],"size":[2,1,2],"pivot":[-1.5,20,-3.75],"uv":{"north":{"uv":[12.168,6.6643],"uv_size":[0.082,-0.1435]},"south":{"uv":[12.168,6.6643],"uv_size":[0.082,-0.1435]},"east":{"uv":[12.414,6.5847],"uv_size":[-0.164,0.082]},"west":{"uv":[12.414,6.6653],"uv_size":[-0.164,-0.082]},"up":{"uv":[12.3723,6.4768],"uv_size":[-0.164,-0.1435]},"down":{"uv":[12.3723,6.3357],"uv_size":[-0.164,0.1435]}}},{"origin":[-2.75,14.9,0.35],"size":[2,3,1],"pivot":[-1.5,20,-3.75],"uv":{"north":{"uv":[13.3307,6.129],"uv_size":[-0.164,0.246]},"south":{"uv":[13.3307,5.879],"uv_size":[-0.164,0.246]},"east":{"uv":[13.0873,7.457],"uv_size":[0.246,-0.082]},"west":{"uv":[13.0873,7.457],"uv_size":[0.246,-0.082]},"up":{"uv":[12.6693,7.2903],"uv_size":[0.164,-0.082]},"down":{"uv":[12.4193,7.082],"uv_size":[0.164,-0.082]}}}],"name":"rot_5"},{"parent":"geyser_custom_z","pivot":[-4.75,20,-0.8],"rotation":[45,0,0],"cubes":[{"origin":[-4.75,16,-4.8],"size":[0,8,8],"pivot":[-4.75,20,-0.8],"uv":{"north":{"uv":[4.016,14.6667],"uv_size":[0.984,0]},"south":{"uv":[4.016,14.6667],"uv_size":[0.984,0]},"east":{"uv":[4.0107,15.9893],"uv_size":[0.656,-0.656]},"west":{"uv":[4.0107,15.9893],"uv_size":[0.656,-0.656]},"up":{"uv":[4,15.3227],"uv_size":[0,-0.656]},"down":{"uv":[4,15.3227],"uv_size":[0,-0.656]}}}],"name":"rot_6"},{"parent":"geyser_custom_z","pivot":[-5.75,20,-0.8],"rotation":[45,0,0],"cubes":[{"origin":[-5.75,16,-4.8],"size":[0,8,8],"pivot":[-5.75,20,-0.8],"uv":{"north":{"uv":[2.6827,13.3333],"uv_size":[0.984,0]},"south":{"uv":[2.6827,13.3333],"uv_size":[0.984,0]},"east":{"uv":[2.6773,14.656],"uv_size":[0.656,-0.656]},"west":{"uv":[2.6773,14.656],"uv_size":[0.656,-0.656]},"up":{"uv":[2.6667,13.9893],"uv_size":[0,-0.656]},"down":{"uv":[2.6667,13.9893],"uv_size":[0,-0.656]}}}],"name":"rot_7"},{"parent":"geyser_custom_z","pivot":[-0.75,26.4,-2.15],"rotation":[0,0,-45],"cubes":[{"origin":[-8.25,18.9,-4.65],"size":[5,5,2],"pivot":[-0.75,26.4,-2.15],"uv":{"north":{"uv":[12.9233,6.9517],"uv_size":[0.41,-0.41]},"south":{"uv":[12.9233,7.3683],"uv_size":[0.41,-0.41]},"east":{"uv":[12.91,6.3777],"uv_size":[-0.41,0.164]},"west":{"uv":[13.3267,6.3777],"uv_size":[-0.41,0.164]},"up":{"uv":[12.9233,6.539],"uv_size":[0.41,-0.164]},"down":{"uv":[12.91,6.539],"uv_size":[-0.41,-0.164]}}}],"name":"rot_8"},{"parent":"geyser_custom_z","pivot":[4.25,20,-0.8],"rotation":[22.5,0,0],"cubes":[{"origin":[4.25,16,-4.8],"size":[0,8,8],"pivot":[4.25,20,-0.8],"uv":{"north":{"uv":[2.6827,13.3333],"uv_size":[0.984,0]},"south":{"uv":[2.6827,13.3333],"uv_size":[0.984,0]},"east":{"uv":[3.344,14.0107],"uv_size":[0.656,0.656]},"west":{"uv":[3.344,14.0107],"uv_size":[0.656,0.656]},"up":{"uv":[2.6667,13.9893],"uv_size":[0,-0.656]},"down":{"uv":[2.6667,13.9893],"uv_size":[0,-0.656]}}}],"name":"rot_9"},{"parent":"geyser_custom_z","pivot":[3.25,20,-0.8],"rotation":[22.5,0,0],"cubes":[{"origin":[3.25,16,-4.8],"size":[0,8,8],"pivot":[3.25,20,-0.8],"uv":{"north":{"uv":[4.016,14.6667],"uv_size":[0.984,0]},"south":{"uv":[4.016,14.6667],"uv_size":[0.984,0]},"east":{"uv":[4.6773,15.344],"uv_size":[0.656,0.656]},"west":{"uv":[4.6773,15.344],"uv_size":[0.656,0.656]},"up":{"uv":[4,15.3227],"uv_size":[0,-0.656]},"down":{"uv":[4,15.3227],"uv_size":[0,-0.656]}}}],"name":"rot_10"},{"parent":"geyser_custom_z","pivot":[-0.75,7.6522,-0.75],"rotation":[22.5,0,0],"cubes":[{"origin":[-1.75,5.1247,-2.8907],"size":[2,6,2],"pivot":[-0.75,7.6522,-0.75],"uv":{"north":{"uv":[10.9973,7.508],"uv_size":[-0.164,0.492]},"south":{"uv":[10.836,7.508],"uv_size":[0.164,0.492]},"east":{"uv":[10.8307,7.508],"uv_size":[-0.164,0.492]},"west":{"uv":[10.6693,7.508],"uv_size":[0.164,0.492]},"up":{"uv":[10.8307,7.4973],"uv_size":[-0.164,-0.164]},"down":{"uv":[10.8307,7.4973],"uv_size":[-0.164,-0.164]}}}],"name":"rot_11"},{"parent":"geyser_custom_z","pivot":[-4.75,20,-0.8],"rotation":[22.5,0,0],"cubes":[{"origin":[-4.75,16,-4.8],"size":[0,8,8],"pivot":[-4.75,20,-0.8],"uv":{"north":{"uv":[4.016,14.6667],"uv_size":[0.984,0]},"south":{"uv":[4.016,14.6667],"uv_size":[0.984,0]},"east":{"uv":[4.6773,15.9893],"uv_size":[0.656,-0.656]},"west":{"uv":[4.6773,15.9893],"uv_size":[0.656,-0.656]},"up":{"uv":[4,15.3227],"uv_size":[0,-0.656]},"down":{"uv":[4,15.3227],"uv_size":[0,-0.656]}}}],"name":"rot_12"},{"parent":"geyser_custom_z","pivot":[-5.75,20,-0.8],"rotation":[22.5,0,0],"cubes":[{"origin":[-5.75,16,-4.8],"size":[0,8,8],"pivot":[-5.75,20,-0.8],"uv":{"north":{"uv":[2.6827,13.3333],"uv_size":[0.984,0]},"south":{"uv":[2.6827,13.3333],"uv_size":[0.984,0]},"east":{"uv":[3.344,14.656],"uv_size":[0.656,-0.656]},"west":{"uv":[3.344,14.656],"uv_size":[0.656,-0.656]},"up":{"uv":[2.6667,13.9893],"uv_size":[0,-0.656]},"down":{"uv":[2.6667,13.9893],"uv_size":[0,-0.656]}}}],"name":"rot_13"},{"parent":"geyser_custom_z","pivot":[-0.75,7.6522,-0.75],"rotation":[0,0,-22.5],"cubes":[{"origin":[-2.8907,5.1247,-1.75],"size":[2,6,2],"pivot":[-0.75,7.6522,-0.75],"uv":{"north":{"uv":[10.6693,7.508],"uv_size":[0.164,0.492]},"south":{"uv":[10.8307,7.508],"uv_size":[-0.164,0.492]},"east":{"uv":[10.9973,7.508],"uv_size":[-0.164,0.492]},"west":{"uv":[10.9973,7.508],"uv_size":[-0.164,0.492]},"up":{"uv":[10.6693,7.4973],"uv_size":[0.164,-0.164]},"down":{"uv":[10.6693,7.4973],"uv_size":[0.164,-0.164]}}}],"name":"rot_14"},{"parent":"geyser_custom_z","pivot":[7.25,10,7.25],"rotation":[0,-0,0],"cubes":[{"origin":[-2.25,-12,-2.25],"size":[3,2,3],"pivot":[7.25,10,7.25],"uv":{"north":{"uv":[12.5873,5.336],"uv_size":[0.246,0.164]},"south":{"uv":[12.5873,5.336],"uv_size":[0.246,0.164]},"east":{"uv":[12.8373,5.336],"uv_size":[0.246,0.164]},"west":{"uv":[12.8373,5.336],"uv_size":[0.246,0.164]},"up":{"uv":[13.3293,5.5793],"uv_size":[-0.246,-0.246]},"down":{"uv":[12.7043,6.2877],"uv_size":[-0.246,-0.246]}}}],"name":"rot_15"},{"parent":"geyser_custom_z","pivot":[7.25,11,7.25],"rotation":[0,-0,0],"cubes":[{"origin":[-0.75,8.8,-11.65],"size":[0,16,10],"pivot":[7.25,11,7.25],"uv":{"north":{"uv":[10.6667,5.3493],"uv_size":[0,1.3173]},"south":{"uv":[10.6667,5.3493],"uv_size":[0,1.3173]},"east":{"uv":[10.68,5.3493],"uv_size":[0.82,1.3173]},"west":{"uv":[11.4867,5.3493],"uv_size":[-0.82,1.3173]},"up":{"uv":[11.4867,5.3333],"uv_size":[-0.82,0]},"down":{"uv":[11.4867,5.3333],"uv_size":[-0.82,0]}}},{"origin":[-1,16.8,-9.65],"size":[0.5,5,5],"pivot":[7.25,11,7.25],"uv":{"north":{"uv":[10.9173,5.59],"uv_size":[0.041,0.41]},"south":{"uv":[10.9173,5.59],"uv_size":[0.041,0.41]},"east":{"uv":[10.9233,5.59],"uv_size":[0.41,0.41]},"west":{"uv":[11.3267,5.59],"uv_size":[-0.41,0.41]},"up":{"uv":[11.3267,5.6243],"uv_size":[-0.41,-0.041]},"down":{"uv":[11.3267,5.9993],"uv_size":[-0.41,-0.041]}}}],"name":"rot_16"},{"parent":"geyser_custom_z","pivot":[7.25,16.5,7.25],"rotation":[0,-0,0],"cubes":[{"origin":[-2.75,9.5,-2.75],"size":[4,2,4],"pivot":[7.25,16.5,7.25],"uv":{"north":{"uv":[11.0053,7.836],"uv_size":[0.328,0.164]},"south":{"uv":[11.0053,7.836],"uv_size":[0.328,0.164]},"east":{"uv":[11.0053,7.836],"uv_size":[0.328,0.164]},"west":{"uv":[11.0053,7.836],"uv_size":[0.328,0.164]},"up":{"uv":[11.328,7.828],"uv_size":[-0.328,-0.328]},"down":{"uv":[11.703,7.9947],"uv_size":[-0.328,-0.328]}}}],"name":"rot_17"},{"parent":"geyser_custom_z","pivot":[4.25,18,1.2],"rotation":[0,-0,0],"cubes":[{"origin":[4.25,16,-4.8],"size":[0,8,8],"pivot":[4.25,18,1.2],"uv":{"north":{"uv":[2.6667,13.344],"uv_size":[0,0.656]},"south":{"uv":[2.6667,13.344],"uv_size":[0,0.656]},"east":{"uv":[2.6773,13.344],"uv_size":[0.656,0.656]},"west":{"uv":[2.6773,13.344],"uv_size":[0.656,0.656]},"up":{"uv":[3.6507,13.3333],"uv_size":[-0.984,0]},"down":{"uv":[3.6507,13.3333],"uv_size":[-0.984,0]}}}],"name":"rot_18"},{"parent":"geyser_custom_z","pivot":[3.25,18,1.2],"rotation":[0,-0,0],"cubes":[{"origin":[3.25,16,-4.8],"size":[0,8,8],"pivot":[3.25,18,1.2],"uv":{"north":{"uv":[4,14.6773],"uv_size":[0,0.656]},"south":{"uv":[4,14.6773],"uv_size":[0,0.656]},"east":{"uv":[4.0107,14.6773],"uv_size":[0.656,0.656]},"west":{"uv":[4.0107,14.6773],"uv_size":[0.656,0.656]},"up":{"uv":[4.984,14.6667],"uv_size":[-0.984,0]},"down":{"uv":[4.984,14.6667],"uv_size":[-0.984,0]}}}],"name":"rot_19"},{"parent":"geyser_custom_z","pivot":[-0.5,-10,3.25],"rotation":[0,-0,0],"cubes":[{"origin":[-1.75,-10,-1.75],"size":[2,6,2],"pivot":[-0.5,-10,3.25],"uv":{"north":{"uv":[12.3723,7.508],"uv_size":[-0.164,0.492]},"south":{"uv":[12.3723,7.508],"uv_size":[-0.164,0.492]},"east":{"uv":[12.539,7.508],"uv_size":[-0.164,0.492]},"west":{"uv":[12.539,7.992],"uv_size":[-0.164,-0.492]},"up":{"uv":[12.3307,5.4973],"uv_size":[-0.164,-0.164]},"down":{"uv":[12.3307,5.336],"uv_size":[-0.164,0.164]}}}],"name":"rot_20"},{"parent":"geyser_custom_z","pivot":[-0.5,8,3.25],"rotation":[0,-0,0],"cubes":[{"origin":[-1.75,2,-1.75],"size":[2,6,2],"pivot":[-0.5,8,3.25],"uv":{"north":{"uv":[12.3723,7.508],"uv_size":[-0.164,0.492]},"south":{"uv":[12.3723,7.508],"uv_size":[-0.164,0.492]},"east":{"uv":[12.539,7.508],"uv_size":[-0.164,0.492]},"west":{"uv":[12.539,7.992],"uv_size":[-0.164,-0.492]},"up":{"uv":[12.3307,5.4973],"uv_size":[-0.164,-0.164]},"down":{"uv":[12.3307,5.336],"uv_size":[-0.164,0.164]}}}],"name":"rot_21"},{"parent":"geyser_custom_z","pivot":[-0.5,14,3.25],"rotation":[0,-0,0],"cubes":[{"origin":[-2.5,14,1.25],"size":[3.5,6,2],"pivot":[-0.5,14,3.25],"uv":{"north":{"uv":[13.162,5.883],"uv_size":[-0.287,0.492]},"south":{"uv":[13.162,5.883],"uv_size":[-0.287,0.492]},"east":{"uv":[12.8723,5.758],"uv_size":[-0.164,0.492]},"west":{"uv":[12.8723,6.242],"uv_size":[-0.164,-0.492]},"up":{"uv":[13.039,5.8703],"uv_size":[-0.164,-0.287]},"down":{"uv":[13.039,5.588],"uv_size":[-0.164,0.287]}}},{"origin":[-2.5,14,-2.75],"size":[3.5,6,4],"pivot":[-0.5,14,3.25],"uv":{"north":{"uv":[12.4947,5.5497],"uv_size":[-0.328,0.492]},"south":{"uv":[12.4947,5.5497],"uv_size":[-0.328,0.492]},"east":{"uv":[12.4947,5.5497],"uv_size":[-0.328,0.492]},"west":{"uv":[12.4947,6.0337],"uv_size":[-0.328,-0.492]},"up":{"uv":[12.9113,6.8287],"uv_size":[-0.328,-0.287]},"down":{"uv":[12.9113,6.5463],"uv_size":[-0.328,0.287]}}}],"name":"rot_22"},{"parent":"geyser_custom_z","pivot":[-0.5,30,3.25],"rotation":[0,-0,0],"cubes":[{"origin":[-1.75,-4,-1.75],"size":[2,6,2],"pivot":[-0.5,30,3.25],"uv":{"north":{"uv":[12.3723,7.992],"uv_size":[-0.164,-0.492]},"south":{"uv":[12.3723,7.992],"uv_size":[-0.164,-0.492]},"east":{"uv":[12.539,7.992],"uv_size":[-0.164,-0.492]},"west":{"uv":[12.539,7.508],"uv_size":[-0.164,0.492]},"up":{"uv":[12.3307,5.4973],"uv_size":[-0.164,-0.164]},"down":{"uv":[12.3307,5.336],"uv_size":[-0.164,0.164]}}}],"name":"rot_23"},{"parent":"geyser_custom_z","pivot":[-0.5,46,3.25],"rotation":[0,-0,0],"cubes":[{"origin":[-1.75,8,-1.75],"size":[2,6,2],"pivot":[-0.5,46,3.25],"uv":{"north":{"uv":[12.3723,7.992],"uv_size":[-0.164,-0.492]},"south":{"uv":[12.3723,7.992],"uv_size":[-0.164,-0.492]},"east":{"uv":[12.539,7.992],"uv_size":[-0.164,-0.492]},"west":{"uv":[12.539,7.508],"uv_size":[-0.164,0.492]},"up":{"uv":[12.3307,5.4973],"uv_size":[-0.164,-0.164]},"down":{"uv":[12.3307,5.336],"uv_size":[-0.164,0.164]}}}],"name":"rot_24"},{"parent":"geyser_custom_z","pivot":[-4.75,18,1.2],"rotation":[0,-0,0],"cubes":[{"origin":[-4.75,16,-4.8],"size":[0,8,8],"pivot":[-4.75,18,1.2],"uv":{"north":{"uv":[4,14.6773],"uv_size":[0,0.656]},"south":{"uv":[4,14.6773],"uv_size":[0,0.656]},"east":{"uv":[4.656,14.6773],"uv_size":[-0.656,0.656]},"west":{"uv":[4.656,14.6773],"uv_size":[-0.656,0.656]},"up":{"uv":[4.984,14.6667],"uv_size":[-0.984,0]},"down":{"uv":[4.984,14.6667],"uv_size":[-0.984,0]}}}],"name":"rot_25"},{"parent":"geyser_custom_z","pivot":[-5.75,18,1.2],"rotation":[0,-0,0],"cubes":[{"origin":[-5.75,16,-4.8],"size":[0,8,8],"pivot":[-5.75,18,1.2],"uv":{"north":{"uv":[2.6667,13.344],"uv_size":[0,0.656]},"south":{"uv":[2.6667,13.344],"uv_size":[0,0.656]},"east":{"uv":[3.3227,13.344],"uv_size":[-0.656,0.656]},"west":{"uv":[3.3227,13.344],"uv_size":[-0.656,0.656]},"up":{"uv":[3.6507,13.3333],"uv_size":[-0.984,0]},"down":{"uv":[3.6507,13.3333],"uv_size":[-0.984,0]}}}],"name":"rot_26"},{"parent":"geyser_custom_z","pivot":[4.25,20,-0.8],"rotation":[-22.5,0,0],"cubes":[{"origin":[4.25,16,-4.8],"size":[0,8,8],"pivot":[4.25,20,-0.8],"uv":{"north":{"uv":[2.6667,13.344],"uv_size":[0,0.656]},"south":{"uv":[2.6667,13.344],"uv_size":[0,0.656]},"east":{"uv":[3.344,13.344],"uv_size":[0.656,0.656]},"west":{"uv":[3.344,13.344],"uv_size":[0.656,0.656]},"up":{"uv":[3.6507,13.3333],"uv_size":[-0.984,0]},"down":{"uv":[3.6507,13.3333],"uv_size":[-0.984,0]}}}],"name":"rot_27"},{"parent":"geyser_custom_z","pivot":[3.25,20,-0.8],"rotation":[-22.5,0,0],"cubes":[{"origin":[3.25,16,-4.8],"size":[0,8,8],"pivot":[3.25,20,-0.8],"uv":{"north":{"uv":[4,14.6773],"uv_size":[0,0.656]},"south":{"uv":[4,14.6773],"uv_size":[0,0.656]},"east":{"uv":[4.6773,14.6773],"uv_size":[0.656,0.656]},"west":{"uv":[4.6773,14.6773],"uv_size":[0.656,0.656]},"up":{"uv":[4.984,14.6667],"uv_size":[-0.984,0]},"down":{"uv":[4.984,14.6667],"uv_size":[-0.984,0]}}}],"name":"rot_28"},{"parent":"geyser_custom_z","pivot":[-0.5,14,3.25],"rotation":[-22.5,0,0],"cubes":[{"origin":[-2,11,1.25],"size":[2.5,3,2],"pivot":[-0.5,14,3.25],"uv":{"north":{"uv":[13.0457,5.8717],"uv_size":[0.246,-0.205]},"south":{"uv":[12.5873,7.205],"uv_size":[0.246,-0.205]},"east":{"uv":[12.8307,7.504],"uv_size":[-0.164,0.246]},"west":{"uv":[12.8307,7.746],"uv_size":[-0.164,-0.246]},"up":{"uv":[12.7467,5.7057],"uv_size":[-0.205,-0.164]},"down":{"uv":[12.7467,5.7057],"uv_size":[-0.205,-0.164]}}}],"name":"rot_29"},{"parent":"geyser_custom_z","pivot":[-0.75,7.6522,-0.75],"rotation":[-22.5,0,0],"cubes":[{"origin":[-1.75,5.1247,-0.6094],"size":[2,6,2],"pivot":[-0.75,7.6522,-0.75],"uv":{"north":{"uv":[10.9973,7.508],"uv_size":[-0.164,0.492]},"south":{"uv":[10.9973,7.508],"uv_size":[-0.164,0.492]},"east":{"uv":[10.6693,7.508],"uv_size":[0.164,0.492]},"west":{"uv":[10.8307,7.508],"uv_size":[-0.164,0.492]},"up":{"uv":[10.6693,7.4973],"uv_size":[0.164,-0.164]},"down":{"uv":[10.6693,7.4973],"uv_size":[0.164,-0.164]}}}],"name":"rot_30"},{"parent":"geyser_custom_z","pivot":[-4.75,20,-0.8],"rotation":[-22.5,0,0],"cubes":[{"origin":[-4.75,16,-4.8],"size":[0,8,8],"pivot":[-4.75,20,-0.8],"uv":{"north":{"uv":[4,14.6773],"uv_size":[0,0.656]},"south":{"uv":[4,14.6773],"uv_size":[0,0.656]},"east":{"uv":[5.3227,14.6773],"uv_size":[-0.656,0.656]},"west":{"uv":[5.3227,14.6773],"uv_size":[-0.656,0.656]},"up":{"uv":[4.984,14.6667],"uv_size":[-0.984,0]},"down":{"uv":[4.984,14.6667],"uv_size":[-0.984,0]}}}],"name":"rot_31"},{"parent":"geyser_custom_z","pivot":[-5.75,20,-0.8],"rotation":[-22.5,0,0],"cubes":[{"origin":[-5.75,16,-4.8],"size":[0,8,8],"pivot":[-5.75,20,-0.8],"uv":{"north":{"uv":[2.6667,13.344],"uv_size":[0,0.656]},"south":{"uv":[2.6667,13.344],"uv_size":[0,0.656]},"east":{"uv":[3.9893,13.344],"uv_size":[-0.656,0.656]},"west":{"uv":[3.9893,13.344],"uv_size":[-0.656,0.656]},"up":{"uv":[3.6507,13.3333],"uv_size":[-0.984,0]},"down":{"uv":[3.6507,13.3333],"uv_size":[-0.984,0]}}}],"name":"rot_32"},{"parent":"geyser_custom_z","pivot":[-0.75,7.6522,-0.75],"rotation":[0,0,22.5],"cubes":[{"origin":[-0.6093,5.1247,-1.75],"size":[2,6,2],"pivot":[-0.75,7.6522,-0.75],"uv":{"north":{"uv":[10.8307,7.508],"uv_size":[-0.164,0.492]},"south":{"uv":[10.6693,7.508],"uv_size":[0.164,0.492]},"east":{"uv":[10.836,7.508],"uv_size":[0.164,0.492]},"west":{"uv":[10.9973,7.508],"uv_size":[-0.164,0.492]},"up":{"uv":[10.8307,7.4973],"uv_size":[-0.164,-0.164]},"down":{"uv":[10.8307,7.4973],"uv_size":[-0.164,-0.164]}}}],"name":"rot_33"},{"parent":"geyser_custom_z","pivot":[0,20,-0.75],"rotation":[-45,0,0],"cubes":[{"origin":[-0.75,18,-2.75],"size":[2,4,4],"pivot":[0,20,-0.75],"uv":{"north":{"uv":[11.8803,7.4973],"uv_size":[0.328,-0.164]},"south":{"uv":[12.203,7.5027],"uv_size":[-0.328,0.164]},"east":{"uv":[12.203,7.9947],"uv_size":[-0.328,-0.328]},"west":{"uv":[12.203,7.672],"uv_size":[-0.328,0.328]},"up":{"uv":[11.8803,7.5027],"uv_size":[0.328,0.164]},"down":{"uv":[11.8803,7.4973],"uv_size":[0.328,-0.164]}}}],"name":"rot_34"},{"parent":"geyser_custom_z","pivot":[-1.5,20,-0.75],"rotation":[-45,0,0],"cubes":[{"origin":[-2.75,18,-2.75],"size":[2,4,4],"pivot":[-1.5,20,-0.75],"uv":{"north":{"uv":[11.8803,7.336],"uv_size":[0.328,0.164]},"south":{"uv":[11.8803,7.5027],"uv_size":[0.328,0.164]},"east":{"uv":[11.8803,7.672],"uv_size":[0.328,0.328]},"west":{"uv":[11.8803,7.9947],"uv_size":[0.328,-0.328]},"up":{"uv":[11.8803,7.664],"uv_size":[0.328,-0.164]},"down":{"uv":[11.8803,7.336],"uv_size":[0.328,0.164]}}}],"name":"rot_35"}]}]}
