{"format_version":"1.16.0","minecraft:geometry":[{"description":{"identifier":"geometry.geyser_custom.geo_e7edeef","texture_width":16,"texture_height":16,"visible_bounds_width":4,"visible_bounds_height":4.5,"visible_bounds_offset":[0,0.75,0]},"bones":[{"name":"geyser_custom","binding":"c.item_slot == 'head' ? 'head' : q.item_slot_to_bone_name(c.item_slot)","pivot":[0,8,0]},{"name":"geyser_custom_x","parent":"geyser_custom","pivot":[0,8,0]},{"name":"geyser_custom_y","parent":"geyser_custom_x","pivot":[0,8,0]},{"name":"geyser_custom_z","parent":"geyser_custom_y","pivot":[0,8,0],"cubes":[]},{"parent":"geyser_custom_z","pivot":[-1.3396,8,0],"rotation":[45,0,0],"cubes":[{"origin":[-1.3396,16.8615,11.8873],"size":[2,4,4],"pivot":[-1.3396,8,0],"uv":{"north":{"uv":[12.1613,9.3723],"uv_size":[-0.328,-0.164]},"south":{"uv":[11.8387,9.0443],"uv_size":[0.328,0.164]},"east":{"uv":[11.8387,9.703],"uv_size":[0.328,-0.328]},"west":{"uv":[11.8387,9.3803],"uv_size":[0.328,0.328]},"up":{"uv":[12.1613,9.211],"uv_size":[-0.328,0.164]},"down":{"uv":[12.1613,9.2057],"uv_size":[-0.328,-0.164]}}},{"origin":[-2.3396,-3.4314,7.1802],"size":[2,4,4],"pivot":[-1.3396,8,0],"uv":{"north":{"uv":[12.1613,9.3723],"uv_size":[-0.328,-0.164]},"south":{"uv":[11.8387,9.0443],"uv_size":[0.328,0.164]},"east":{"uv":[11.8387,9.703],"uv_size":[0.328,-0.328]},"west":{"uv":[11.8387,9.3803],"uv_size":[0.328,0.328]},"up":{"uv":[12.1613,9.211],"uv_size":[-0.328,0.164]},"down":{"uv":[12.1613,9.2057],"uv_size":[-0.328,-0.164]}}},{"origin":[-3.3396,16.8615,11.8873],"size":[2,4,4],"pivot":[-1.3396,8,0],"uv":{"north":{"uv":[11.8387,9.3723],"uv_size":[0.328,-0.164]},"south":{"uv":[11.8387,9.2057],"uv_size":[0.328,-0.164]},"east":{"uv":[12.1613,9.3803],"uv_size":[-0.328,0.328]},"west":{"uv":[12.1613,9.703],"uv_size":[-0.328,-0.328]},"up":{"uv":[12.1613,9.3723],"uv_size":[-0.328,-0.164]},"down":{"uv":[12.1613,9.0443],"uv_size":[-0.328,0.164]}}},{"origin":[-1.3396,-5.9086,-13.8401],"size":[2,3,1],"pivot":[-1.3396,8,0],"uv":{"north":{"uv":[13.3307,8.7877],"uv_size":[-0.164,-0.246]},"south":{"uv":[13.3307,9.0377],"uv_size":[-0.164,-0.246]},"east":{"uv":[13.1627,9.582],"uv_size":[-0.246,-0.082]},"west":{"uv":[13.1627,9.582],"uv_size":[-0.246,-0.082]},"up":{"uv":[12.1693,9.582],"uv_size":[0.164,-0.082]},"down":{"uv":[11.586,9.9597],"uv_size":[0.164,0.082]}}},{"origin":[-3.3396,-5.9086,-13.8401],"size":[2,3,1],"pivot":[-1.3396,8,0],"uv":{"north":{"uv":[13.1693,8.7877],"uv_size":[0.164,-0.246]},"south":{"uv":[13.1693,9.0377],"uv_size":[0.164,-0.246]},"east":{"uv":[13.1627,9.5013],"uv_size":[-0.246,0.082]},"west":{"uv":[13.1627,9.5013],"uv_size":[-0.246,0.082]},"up":{"uv":[12.3307,9.5013],"uv_size":[-0.164,0.082]},"down":{"uv":[11.7473,9.9597],"uv_size":[-0.164,0.082]}}},{"origin":[-5.3396,14.8261,9.8519],"size":[0,8,8],"pivot":[-1.3396,8,0],"uv":{"north":{"uv":[2.6827,13.3333],"uv_size":[0.984,0]},"south":{"uv":[2.6827,13.3333],"uv_size":[0.984,0]},"east":{"uv":[2.6773,14.656],"uv_size":[0.656,-0.656]},"west":{"uv":[2.6773,14.656],"uv_size":[0.656,-0.656]},"up":{"uv":[2.6667,13.9893],"uv_size":[0,-0.656]},"down":{"uv":[2.6667,13.9893],"uv_size":[0,-0.656]}}},{"origin":[-4.3396,14.8261,9.8519],"size":[0,8,8],"pivot":[-1.3396,8,0],"uv":{"north":{"uv":[4.016,14.6667],"uv_size":[0.984,0]},"south":{"uv":[4.016,14.6667],"uv_size":[0.984,0]},"east":{"uv":[4.0107,15.9893],"uv_size":[0.656,-0.656]},"west":{"uv":[4.0107,15.9893],"uv_size":[0.656,-0.656]},"up":{"uv":[4,15.3227],"uv_size":[0,-0.656]},"down":{"uv":[4,15.3227],"uv_size":[0,-0.656]}}},{"origin":[2.6604,14.8261,9.8519],"size":[0,8,8],"pivot":[-1.3396,8,0],"uv":{"north":{"uv":[2.6827,13.3333],"uv_size":[0.984,0]},"south":{"uv":[2.6827,13.3333],"uv_size":[0.984,0]},"east":{"uv":[2.6773,14.0107],"uv_size":[0.656,0.656]},"west":{"uv":[2.6773,14.0107],"uv_size":[0.656,0.656]},"up":{"uv":[2.6667,13.9893],"uv_size":[0,-0.656]},"down":{"uv":[2.6667,13.9893],"uv_size":[0,-0.656]}}},{"origin":[1.6604,14.8261,9.8519],"size":[0,8,8],"pivot":[-1.3396,8,0],"uv":{"north":{"uv":[4.016,14.6667],"uv_size":[0.984,0]},"south":{"uv":[4.016,14.6667],"uv_size":[0.984,0]},"east":{"uv":[4.0107,15.344],"uv_size":[0.656,0.656]},"west":{"uv":[4.0107,15.344],"uv_size":[0.656,0.656]},"up":{"uv":[4,15.3227],"uv_size":[0,-0.656]},"down":{"uv":[4,15.3227],"uv_size":[0,-0.656]}}}],"name":"rot_1"},{"parent":"geyser_custom_z","pivot":[-1.3396,8,0],"rotation":[0,45,0],"cubes":[{"origin":[0.3901,12.05,-7.6309],"size":[5,1.5,1],"pivot":[-1.3396,8,0],"uv":{"north":{"uv":[12.498,9.4933],"uv_size":[-0.123,-0.41]},"south":{"uv":[11.498,9.1183],"uv_size":[-0.123,-0.41]},"east":{"uv":[12.498,9.082],"uv_size":[-0.123,-0.082]},"west":{"uv":[12.498,9.082],"uv_size":[-0.123,-0.082]},"up":{"uv":[11.3347,8.2983],"uv_size":[0.082,0.41]},"down":{"uv":[11.418,8.2983],"uv_size":[0.082,0.41]}}},{"origin":[0.3901,2.45,-7.6309],"size":[5,1.5,1],"pivot":[-1.3396,8,0],"uv":{"north":{"uv":[12.377,9.4933],"uv_size":[0.123,-0.41]},"south":{"uv":[11.377,9.1183],"uv_size":[0.123,-0.41]},"east":{"uv":[12.377,9.082],"uv_size":[0.123,-0.082]},"west":{"uv":[12.377,9.082],"uv_size":[0.123,-0.082]},"up":{"uv":[11.418,8.7017],"uv_size":[0.082,-0.41]},"down":{"uv":[11.3347,8.7017],"uv_size":[0.082,-0.41]}}}],"name":"rot_2"},{"parent":"geyser_custom_z","pivot":[-1.3396,8,0],"rotation":[0,0,-45],"cubes":[{"origin":[-3.2685,6.0711,-7.1604],"size":[4,4,9],"pivot":[-1.3396,8,0],"uv":{"north":{"uv":[12.8387,9.4947],"uv_size":[0.328,-0.328]},"south":{"uv":[12.8387,9.4947],"uv_size":[0.328,-0.328]},"east":{"uv":[12.8387,8.4287],"uv_size":[0.328,0.738]},"west":{"uv":[12.828,8.762],"uv_size":[-0.328,0.738]},"up":{"uv":[12.828,9.488],"uv_size":[-0.328,-0.738]},"down":{"uv":[12.8387,9.1547],"uv_size":[0.328,-0.738]}}}],"name":"rot_3"},{"parent":"geyser_custom_z","pivot":[-1.3396,8,0],"rotation":[22.5,0,0],"cubes":[{"origin":[-2.8396,9.2206,-1.5171],"size":[3,6,2],"pivot":[-1.3396,8,0],"uv":{"north":{"uv":[10.9207,9.883],"uv_size":[0.246,0.492]},"south":{"uv":[11.504,10.1747],"uv_size":[0.246,0.492]},"east":{"uv":[11.336,10.1747],"uv_size":[0.164,0.492]},"west":{"uv":[11.336,10.1747],"uv_size":[0.164,0.492]},"up":{"uv":[11.4973,10.1627],"uv_size":[-0.164,-0.246]},"down":{"uv":[11.4973,10.1627],"uv_size":[-0.164,-0.246]}}},{"origin":[-2.3396,10.2206,-3.5171],"size":[2,3,2],"pivot":[-1.3396,8,0],"uv":{"north":{"uv":[12.1693,8.9207],"uv_size":[0.164,0.246]},"south":{"uv":[12.1693,8.9207],"uv_size":[0.164,0.246]},"east":{"uv":[12.0027,8.7957],"uv_size":[0.164,0.246]},"west":{"uv":[12.0027,8.7957],"uv_size":[0.164,0.246]},"up":{"uv":[12.3307,9.3307],"uv_size":[-0.164,-0.164]},"down":{"uv":[12.3307,9.3307],"uv_size":[-0.164,-0.164]}}},{"origin":[-1.3396,-6.584,-3.1451],"size":[0,8.5,4],"pivot":[-1.3396,8,0],"uv":{"north":{"uv":[11.1667,10.359],"uv_size":[0,-1.0257]},"south":{"uv":[11.1667,10.359],"uv_size":[0,-1.0257]},"east":{"uv":[11.8387,8.7803],"uv_size":[0.328,-0.697]},"west":{"uv":[12.1613,8.7803],"uv_size":[-0.328,-0.697]},"up":{"uv":[11.41,8.25],"uv_size":[-0.41,0]},"down":{"uv":[11.41,8.25],"uv_size":[-0.41,0]}}},{"origin":[-2.3396,21.89,7.8563],"size":[2,5,2],"pivot":[-1.3396,8,0],"uv":{"north":{"uv":[10.6693,9.8817],"uv_size":[0.164,0.41]},"south":{"uv":[10.6693,9.8817],"uv_size":[0.164,0.41]},"east":{"uv":[11.0027,8.59],"uv_size":[0.164,0.41]},"west":{"uv":[11.0027,8.59],"uv_size":[0.164,0.41]},"up":{"uv":[11.164,8.5807],"uv_size":[-0.164,-0.164]},"down":{"uv":[11.164,8.5807],"uv_size":[-0.164,-0.164]}}},{"origin":[-2.3396,-9.084,-6.1451],"size":[2,13,2],"pivot":[-1.3396,8,0],"uv":{"north":{"uv":[10.836,9.0673],"uv_size":[0.164,-1.0673]},"south":{"uv":[10.836,9.0673],"uv_size":[0.164,-1.0673]},"east":{"uv":[10.6693,9.234],"uv_size":[0.164,-1.0673]},"west":{"uv":[10.8307,9.234],"uv_size":[-0.164,-1.0673]},"up":{"uv":[10.8307,8.0027],"uv_size":[-0.164,0.164]},"down":{"uv":[10.8307,8.0027],"uv_size":[-0.164,0.164]}}},{"origin":[-2.3396,-10.084,-4.1451],"size":[2,16,2],"pivot":[-1.3396,8,0],"uv":{"north":{"uv":[11.1693,10.6507],"uv_size":[0.164,-1.3173]},"south":{"uv":[11.1693,10.6507],"uv_size":[0.164,-1.3173]},"east":{"uv":[11.1693,9.3173],"uv_size":[0.164,-1.3173]},"west":{"uv":[11.3307,9.3173],"uv_size":[-0.164,-1.3173]},"up":{"uv":[11.164,8.2527],"uv_size":[-0.164,0.164]},"down":{"uv":[11.164,8.2527],"uv_size":[-0.164,0.164]}}},{"origin":[-2.3396,22.89,9.8563],"size":[2,3,6],"pivot":[-1.3396,8,0],"uv":{"north":{"uv":[11.0027,8.004],"uv_size":[0.164,0.246]},"south":{"uv":[11.0027,8.004],"uv_size":[0.164,0.246]},"east":{"uv":[10.6747,9.4623],"uv_size":[0.492,0.246]},"west":{"uv":[10.6747,9.4623],"uv_size":[0.492,0.246]},"up":{"uv":[11.1587,9.4557],"uv_size":[-0.492,-0.164]},"down":{"uv":[11.1587,9.8723],"uv_size":[-0.492,-0.164]}}},{"origin":[-5.6146,-2.827,-0.2764],"size":[0.95,6,2],"pivot":[-1.3396,8,0],"uv":{"north":{"uv":[10.6747,10.418],"uv_size":[0.492,0.082]},"south":{"uv":[12.4247,9.5013],"uv_size":[0.492,0.082]},"east":{"uv":[13.3307,9.6587],"uv_size":[-0.164,-0.492]},"west":{"uv":[11.664,9.2003],"uv_size":[-0.164,-0.492]},"up":{"uv":[13.1693,9.0437],"uv_size":[0.164,0.123]},"down":{"uv":[13.1693,9.043],"uv_size":[0.164,0.082]}}},{"origin":[1.9854,-2.827,-0.2764],"size":[0.95,6,2],"pivot":[-1.3396,8,0],"uv":{"north":{"uv":[10.6747,10.4987],"uv_size":[0.492,-0.082]},"south":{"uv":[12.4247,9.582],"uv_size":[0.492,-0.082]},"east":{"uv":[11.664,8.7163],"uv_size":[-0.164,0.492]},"west":{"uv":[13.3307,9.1747],"uv_size":[-0.164,0.492]},"up":{"uv":[13.1693,9.1647],"uv_size":[0.164,-0.123]},"down":{"uv":[13.1693,9.1237],"uv_size":[0.164,-0.082]}}},{"origin":[-5.6146,-3.8073,-0.2612],"size":[8.55,1,1.5],"pivot":[-1.3396,8,0],"uv":{"north":{"uv":[13.0303,10.168],"uv_size":[-0.697,0.082]},"south":{"uv":[13.0303,10.2513],"uv_size":[-0.697,0.082]},"east":{"uv":[12.123,8.0013],"uv_size":[-0.123,0.082]},"west":{"uv":[12.123,8.082],"uv_size":[-0.123,-0.082]},"up":{"uv":[11.6687,9.697],"uv_size":[0.123,-0.697]},"down":{"uv":[12.447,10.5437],"uv_size":[-0.697,0.123]}}},{"origin":[-3.0896,-8.1127,-8.1197],"size":[3.5,6,2],"pivot":[-1.3396,8,0],"uv":{"north":{"uv":[11.3797,9.7003],"uv_size":[0.287,-0.492]},"south":{"uv":[11.3797,9.7003],"uv_size":[0.287,-0.492]},"east":{"uv":[11.5027,8.7003],"uv_size":[0.164,-0.492]},"west":{"uv":[11.5027,8.2163],"uv_size":[0.164,0.492]},"up":{"uv":[11.6693,8.3287],"uv_size":[0.164,-0.287]},"down":{"uv":[11.6693,8.0463],"uv_size":[0.164,0.287]}}},{"origin":[-3.8396,-2.8114,-0.2618],"size":[5,5,2],"pivot":[-1.3396,8,0],"uv":{"north":{"uv":[11.7567,10.535],"uv_size":[0.41,-0.41]},"south":{"uv":[11.7567,10.1183],"uv_size":[0.41,-0.41]},"east":{"uv":[11.0767,10.5027],"uv_size":[-0.41,0.164]},"west":{"uv":[11.0767,10.5027],"uv_size":[-0.41,0.164]},"up":{"uv":[11.0767,10.664],"uv_size":[-0.41,-0.164]},"down":{"uv":[11.0767,10.664],"uv_size":[-0.41,-0.164]}}},{"origin":[-5.3396,19.3029,4.6546],"size":[0,8,8],"pivot":[-1.3396,8,0],"uv":{"north":{"uv":[2.6827,13.3333],"uv_size":[0.984,0]},"south":{"uv":[2.6827,13.3333],"uv_size":[0.984,0]},"east":{"uv":[3.344,14.656],"uv_size":[0.656,-0.656]},"west":{"uv":[3.344,14.656],"uv_size":[0.656,-0.656]},"up":{"uv":[2.6667,13.9893],"uv_size":[0,-0.656]},"down":{"uv":[2.6667,13.9893],"uv_size":[0,-0.656]}}},{"origin":[-4.3396,19.3029,4.6546],"size":[0,8,8],"pivot":[-1.3396,8,0],"uv":{"north":{"uv":[4.016,14.6667],"uv_size":[0.984,0]},"south":{"uv":[4.016,14.6667],"uv_size":[0.984,0]},"east":{"uv":[4.6773,15.9893],"uv_size":[0.656,-0.656]},"west":{"uv":[4.6773,15.9893],"uv_size":[0.656,-0.656]},"up":{"uv":[4,15.3227],"uv_size":[0,-0.656]},"down":{"uv":[4,15.3227],"uv_size":[0,-0.656]}}},{"origin":[2.6604,19.3029,4.6546],"size":[0,8,8],"pivot":[-1.3396,8,0],"uv":{"north":{"uv":[2.6827,13.3333],"uv_size":[0.984,0]},"south":{"uv":[2.6827,13.3333],"uv_size":[0.984,0]},"east":{"uv":[3.344,14.0107],"uv_size":[0.656,0.656]},"west":{"uv":[3.344,14.0107],"uv_size":[0.656,0.656]},"up":{"uv":[2.6667,13.9893],"uv_size":[0,-0.656]},"down":{"uv":[2.6667,13.9893],"uv_size":[0,-0.656]}}},{"origin":[1.6604,19.3029,4.6546],"size":[0,8,8],"pivot":[-1.3396,8,0],"uv":{"north":{"uv":[4.016,14.6667],"uv_size":[0.984,0]},"south":{"uv":[4.016,14.6667],"uv_size":[0.984,0]},"east":{"uv":[4.6773,15.344],"uv_size":[0.656,0.656]},"west":{"uv":[4.6773,15.344],"uv_size":[0.656,0.656]},"up":{"uv":[4,15.3227],"uv_size":[0,-0.656]},"down":{"uv":[4,15.3227],"uv_size":[0,-0.656]}}},{"origin":[2.6604,-12.9405,-8.7011],"size":[0,8,8],"pivot":[-1.3396,8,0],"uv":{"north":{"uv":[2.6667,13.9893],"uv_size":[0,-0.656]},"south":{"uv":[2.6667,13.9893],"uv_size":[0,-0.656]},"east":{"uv":[3.344,13.9893],"uv_size":[0.656,-0.656]},"west":{"uv":[3.344,13.9893],"uv_size":[0.656,-0.656]},"up":{"uv":[3.6507,13.3333],"uv_size":[-0.984,0]},"down":{"uv":[3.6507,13.3333],"uv_size":[-0.984,0]}}},{"origin":[1.6604,-12.9405,-8.7011],"size":[0,8,8],"pivot":[-1.3396,8,0],"uv":{"north":{"uv":[4,15.3227],"uv_size":[0,-0.656]},"south":{"uv":[4,15.3227],"uv_size":[0,-0.656]},"east":{"uv":[4.6773,15.3227],"uv_size":[0.656,-0.656]},"west":{"uv":[4.6773,15.3227],"uv_size":[0.656,-0.656]},"up":{"uv":[4.984,14.6667],"uv_size":[-0.984,0]},"down":{"uv":[4.984,14.6667],"uv_size":[-0.984,0]}}},{"origin":[-5.3396,-12.9405,-8.7011],"size":[0,8,8],"pivot":[-1.3396,8,0],"uv":{"north":{"uv":[2.6667,13.9893],"uv_size":[0,-0.656]},"south":{"uv":[2.6667,13.9893],"uv_size":[0,-0.656]},"east":{"uv":[3.9893,13.9893],"uv_size":[-0.656,-0.656]},"west":{"uv":[3.9893,13.9893],"uv_size":[-0.656,-0.656]},"up":{"uv":[3.6507,13.3333],"uv_size":[-0.984,0]},"down":{"uv":[3.6507,13.3333],"uv_size":[-0.984,0]}}},{"origin":[-4.3396,-12.9405,-8.7011],"size":[0,8,8],"pivot":[-1.3396,8,0],"uv":{"north":{"uv":[4,15.3227],"uv_size":[0,-0.656]},"south":{"uv":[4,15.3227],"uv_size":[0,-0.656]},"east":{"uv":[5.3227,15.3227],"uv_size":[-0.656,-0.656]},"west":{"uv":[5.3227,15.3227],"uv_size":[-0.656,-0.656]},"up":{"uv":[4.984,14.6667],"uv_size":[-0.984,0]},"down":{"uv":[4.984,14.6667],"uv_size":[-0.984,0]}}}],"name":"rot_4"},{"parent":"geyser_custom_z","pivot":[-1.3396,8,0],"rotation":[0,-0,0],"cubes":[{"origin":[1.9604,11.8,-6.5604],"size":[1,2,10],"pivot":[-1.3396,8,0],"uv":{"north":{"uv":[11.9973,8.0013],"uv_size":[-0.164,0.082]},"south":{"uv":[11.9973,8.082],"uv_size":[-0.164,-0.082]},"east":{"uv":[13.32,10.664],"uv_size":[-0.82,-0.164]},"west":{"uv":[13.3307,10.4867],"uv_size":[-0.164,-0.82]},"up":{"uv":[12.3467,10.3347],"uv_size":[0.82,0.082]},"down":{"uv":[12.3467,10.418],"uv_size":[0.82,0.082]}}},{"origin":[-5.6396,11.8,-6.5604],"size":[1,2,10],"pivot":[-1.3396,8,0],"uv":{"north":{"uv":[11.9973,8.082],"uv_size":[-0.164,-0.082]},"south":{"uv":[11.9973,8.0013],"uv_size":[-0.164,0.082]},"east":{"uv":[13.1693,10.4867],"uv_size":[0.164,-0.82]},"west":{"uv":[13.32,10.5027],"uv_size":[-0.82,0.164]},"up":{"uv":[12.3467,10.4153],"uv_size":[0.82,-0.082]},"down":{"uv":[12.3467,10.4987],"uv_size":[0.82,-0.082]}}},{"origin":[1.9604,2.2,-6.5604],"size":[1,2,10],"pivot":[-1.3396,8,0],"uv":{"north":{"uv":[11.836,8.0013],"uv_size":[0.164,0.082]},"south":{"uv":[11.836,8.082],"uv_size":[0.164,-0.082]},"east":{"uv":[13.32,10.5027],"uv_size":[-0.82,0.164]},"west":{"uv":[13.1693,10.4867],"uv_size":[0.164,-0.82]},"up":{"uv":[12.3467,10.4987],"uv_size":[0.82,-0.082]},"down":{"uv":[12.3467,10.4153],"uv_size":[0.82,-0.082]}}},{"origin":[-5.6396,2.2,-6.5604],"size":[1,2,10],"pivot":[-1.3396,8,0],"uv":{"north":{"uv":[11.836,8.082],"uv_size":[0.164,-0.082]},"south":{"uv":[11.836,8.0013],"uv_size":[0.164,0.082]},"east":{"uv":[13.3307,10.4867],"uv_size":[-0.164,-0.82]},"west":{"uv":[13.32,10.664],"uv_size":[-0.82,-0.164]},"up":{"uv":[12.3467,10.418],"uv_size":[0.82,0.082]},"down":{"uv":[12.3467,10.3347],"uv_size":[0.82,0.082]}}},{"origin":[-1.8396,7.5,-11.6604],"size":[1,1,12],"pivot":[-1.3396,8,0],"uv":{"north":{"uv":[12.3347,9.5013],"uv_size":[0.082,0.082]},"south":{"uv":[12.3347,9.5013],"uv_size":[0.082,0.082]},"east":{"uv":[12.1827,9.668],"uv_size":[0.984,0.082]},"west":{"uv":[13.1507,9.668],"uv_size":[-0.984,0.082]},"up":{"uv":[13.1507,9.6653],"uv_size":[-0.984,-0.082]},"down":{"uv":[13.1507,9.832],"uv_size":[-0.984,-0.082]}}},{"origin":[-1.8396,7.5,0.3396],"size":[1,1,12],"pivot":[-1.3396,8,0],"uv":{"north":{"uv":[12.4153,9.5013],"uv_size":[-0.082,0.082]},"south":{"uv":[12.4153,9.5013],"uv_size":[-0.082,0.082]},"east":{"uv":[13.1507,9.668],"uv_size":[-0.984,0.082]},"west":{"uv":[12.1827,9.668],"uv_size":[0.984,0.082]},"up":{"uv":[12.1827,9.6653],"uv_size":[0.984,-0.082]},"down":{"uv":[12.1827,9.832],"uv_size":[0.984,-0.082]}}},{"origin":[-1.3396,8,6.3396],"size":[0,22,0.5],"pivot":[-1.3396,8,0],"uv":{"north":{"uv":[10.6667,8.016],"uv_size":[0,1.8173]},"south":{"uv":[10.6667,8.016],"uv_size":[0,1.8173]},"east":{"uv":[13.2923,8.8493],"uv_size":[0.041,1.8173]},"west":{"uv":[13.2923,8.8493],"uv_size":[0.041,1.8173]},"up":{"uv":[10.9947,8],"uv_size":[-0.328,0]},"down":{"uv":[10.9947,8],"uv_size":[-0.328,0]}}},{"origin":[-1.3396,-14,6.3396],"size":[0,22,0.5],"pivot":[-1.3396,8,0],"uv":{"north":{"uv":[10.6667,9.8173],"uv_size":[0,-1.8173]},"south":{"uv":[10.6667,9.8173],"uv_size":[0,-1.8173]},"east":{"uv":[13.2923,10.6507],"uv_size":[0.041,-1.8173]},"west":{"uv":[13.2923,10.6507],"uv_size":[0.041,-1.8173]},"up":{"uv":[10.9947,8],"uv_size":[-0.328,0]},"down":{"uv":[10.9947,8],"uv_size":[-0.328,0]}}},{"origin":[-4.3396,8,-16.6604],"size":[3,0,7],"pivot":[-1.3396,8,0],"uv":{"north":{"uv":[10.6667,8.004],"uv_size":[0,0.246]},"south":{"uv":[10.6667,8.004],"uv_size":[0,0.246]},"east":{"uv":[12.7593,8],"uv_size":[0.574,0]},"west":{"uv":[12.7593,8],"uv_size":[0.574,0]},"up":{"uv":[12.7593,8.246],"uv_size":[0.574,-0.246]},"down":{"uv":[13.324,8.246],"uv_size":[-0.574,-0.246]}}},{"origin":[-1.3396,8,-16.6604],"size":[3,0,7],"pivot":[-1.3396,8,0],"uv":{"north":{"uv":[10.6667,8.246],"uv_size":[0,-0.246]},"south":{"uv":[10.6667,8.246],"uv_size":[0,-0.246]},"east":{"uv":[12.7593,8],"uv_size":[0.574,0]},"west":{"uv":[12.7593,8],"uv_size":[0.574,0]},"up":{"uv":[12.7593,8.004],"uv_size":[0.574,0.246]},"down":{"uv":[13.324,8.004],"uv_size":[-0.574,0.246]}}},{"origin":[-1.3396,8,-16.6604],"size":[0,3,7],"pivot":[-1.3396,8,0],"uv":{"north":{"uv":[10.6667,8.004],"uv_size":[0,0.246]},"south":{"uv":[10.6667,8.004],"uv_size":[0,0.246]},"east":{"uv":[12.7593,8.004],"uv_size":[0.574,0.246]},"west":{"uv":[13.324,8.004],"uv_size":[-0.574,0.246]},"up":{"uv":[13.324,8],"uv_size":[-0.574,0]},"down":{"uv":[13.324,8],"uv_size":[-0.574,0]}}},{"origin":[-1.3396,5,-16.6604],"size":[0,3,7],"pivot":[-1.3396,8,0],"uv":{"north":{"uv":[10.6667,8.246],"uv_size":[0,-0.246]},"south":{"uv":[10.6667,8.246],"uv_size":[0,-0.246]},"east":{"uv":[12.7593,8.246],"uv_size":[0.574,-0.246]},"west":{"uv":[13.324,8.246],"uv_size":[-0.574,-0.246]},"up":{"uv":[13.324,8],"uv_size":[-0.574,0]},"down":{"uv":[13.324,8],"uv_size":[-0.574,0]}}},{"origin":[-5.3396,21.45,-1.8604],"size":[0,8,8],"pivot":[-1.3396,8,0],"uv":{"north":{"uv":[2.6667,13.344],"uv_size":[0,0.656]},"south":{"uv":[2.6667,13.344],"uv_size":[0,0.656]},"east":{"uv":[3.3227,13.344],"uv_size":[-0.656,0.656]},"west":{"uv":[3.3227,13.344],"uv_size":[-0.656,0.656]},"up":{"uv":[3.6507,13.3333],"uv_size":[-0.984,0]},"down":{"uv":[3.6507,13.3333],"uv_size":[-0.984,0]}}},{"origin":[-4.3396,21.45,-1.8604],"size":[0,8,8],"pivot":[-1.3396,8,0],"uv":{"north":{"uv":[4,14.6773],"uv_size":[0,0.656]},"south":{"uv":[4,14.6773],"uv_size":[0,0.656]},"east":{"uv":[4.656,14.6773],"uv_size":[-0.656,0.656]},"west":{"uv":[4.656,14.6773],"uv_size":[-0.656,0.656]},"up":{"uv":[4.984,14.6667],"uv_size":[-0.984,0]},"down":{"uv":[4.984,14.6667],"uv_size":[-0.984,0]}}},{"origin":[2.6604,21.45,-1.8604],"size":[0,8,8],"pivot":[-1.3396,8,0],"uv":{"north":{"uv":[2.6667,13.344],"uv_size":[0,0.656]},"south":{"uv":[2.6667,13.344],"uv_size":[0,0.656]},"east":{"uv":[2.6773,13.344],"uv_size":[0.656,0.656]},"west":{"uv":[2.6773,13.344],"uv_size":[0.656,0.656]},"up":{"uv":[3.6507,13.3333],"uv_size":[-0.984,0]},"down":{"uv":[3.6507,13.3333],"uv_size":[-0.984,0]}}},{"origin":[1.6604,21.45,-1.8604],"size":[0,8,8],"pivot":[-1.3396,8,0],"uv":{"north":{"uv":[4,14.6773],"uv_size":[0,0.656]},"south":{"uv":[4,14.6773],"uv_size":[0,0.656]},"east":{"uv":[4.0107,14.6773],"uv_size":[0.656,0.656]},"west":{"uv":[4.0107,14.6773],"uv_size":[0.656,0.656]},"up":{"uv":[4.984,14.6667],"uv_size":[-0.984,0]},"down":{"uv":[4.984,14.6667],"uv_size":[-0.984,0]}}},{"origin":[2.6604,-13.45,-1.8604],"size":[0,8,8],"pivot":[-1.3396,8,0],"uv":{"north":{"uv":[2.6667,13.9893],"uv_size":[0,-0.656]},"south":{"uv":[2.6667,13.9893],"uv_size":[0,-0.656]},"east":{"uv":[2.6773,13.9893],"uv_size":[0.656,-0.656]},"west":{"uv":[2.6773,13.9893],"uv_size":[0.656,-0.656]},"up":{"uv":[3.6507,13.3333],"uv_size":[-0.984,0]},"down":{"uv":[3.6507,13.3333],"uv_size":[-0.984,0]}}},{"origin":[1.6604,-13.45,-1.8604],"size":[0,8,8],"pivot":[-1.3396,8,0],"uv":{"north":{"uv":[4,15.3227],"uv_size":[0,-0.656]},"south":{"uv":[4,15.3227],"uv_size":[0,-0.656]},"east":{"uv":[4.0107,15.3227],"uv_size":[0.656,-0.656]},"west":{"uv":[4.0107,15.3227],"uv_size":[0.656,-0.656]},"up":{"uv":[4.984,14.6667],"uv_size":[-0.984,0]},"down":{"uv":[4.984,14.6667],"uv_size":[-0.984,0]}}},{"origin":[-5.3396,-13.45,-1.8604],"size":[0,8,8],"pivot":[-1.3396,8,0],"uv":{"north":{"uv":[2.6667,13.9893],"uv_size":[0,-0.656]},"south":{"uv":[2.6667,13.9893],"uv_size":[0,-0.656]},"east":{"uv":[3.3227,13.9893],"uv_size":[-0.656,-0.656]},"west":{"uv":[3.3227,13.9893],"uv_size":[-0.656,-0.656]},"up":{"uv":[3.6507,13.3333],"uv_size":[-0.984,0]},"down":{"uv":[3.6507,13.3333],"uv_size":[-0.984,0]}}},{"origin":[-4.3396,-13.45,-1.8604],"size":[0,8,8],"pivot":[-1.3396,8,0],"uv":{"north":{"uv":[4,15.3227],"uv_size":[0,-0.656]},"south":{"uv":[4,15.3227],"uv_size":[0,-0.656]},"east":{"uv":[4.656,15.3227],"uv_size":[-0.656,-0.656]},"west":{"uv":[4.656,15.3227],"uv_size":[-0.656,-0.656]},"up":{"uv":[4.984,14.6667],"uv_size":[-0.984,0]},"down":{"uv":[4.984,14.6667],"uv_size":[-0.984,0]}}}],"name":"rot_5"},{"parent":"geyser_custom_z","pivot":[-1.3396,8,0],"rotation":[-22.5,0,0],"cubes":[{"origin":[-2.3396,12.084,-6.1451],"size":[2,13,2],"pivot":[-1.3396,8,0],"uv":{"north":{"uv":[10.836,8.016],"uv_size":[0.164,1.0673]},"south":{"uv":[10.836,8.016],"uv_size":[0.164,1.0673]},"east":{"uv":[10.6693,8.1827],"uv_size":[0.164,1.0673]},"west":{"uv":[10.8307,8.1827],"uv_size":[-0.164,1.0673]},"up":{"uv":[10.8307,8.164],"uv_size":[-0.164,-0.164]},"down":{"uv":[10.8307,8.164],"uv_size":[-0.164,-0.164]}}},{"origin":[-2.3396,10.084,-4.1451],"size":[2,16,2],"pivot":[-1.3396,8,0],"uv":{"north":{"uv":[11.1693,9.3493],"uv_size":[0.164,1.3173]},"south":{"uv":[11.1693,9.3493],"uv_size":[0.164,1.3173]},"east":{"uv":[11.1693,8.016],"uv_size":[0.164,1.3173]},"west":{"uv":[11.3307,8.016],"uv_size":[-0.164,1.3173]},"up":{"uv":[11.164,8.414],"uv_size":[-0.164,-0.164]},"down":{"uv":[11.164,8.414],"uv_size":[-0.164,-0.164]}}},{"origin":[-1.3396,14.084,-3.1451],"size":[0,8.5,4],"pivot":[-1.3396,8,0],"uv":{"north":{"uv":[11.1667,9.3493],"uv_size":[0,1.0257]},"south":{"uv":[11.1667,9.3493],"uv_size":[0,1.0257]},"east":{"uv":[11.8387,8.0947],"uv_size":[0.328,0.697]},"west":{"uv":[12.1613,8.0947],"uv_size":[-0.328,0.697]},"up":{"uv":[11.41,8.25],"uv_size":[-0.41,0]},"down":{"uv":[11.41,8.25],"uv_size":[-0.41,0]}}},{"origin":[-5.6146,12.827,-0.2764],"size":[0.95,6,2],"pivot":[-1.3396,8,0],"uv":{"north":{"uv":[11.1587,10.418],"uv_size":[-0.492,0.082]},"south":{"uv":[12.9087,9.5013],"uv_size":[-0.492,0.082]},"east":{"uv":[13.3307,9.1747],"uv_size":[-0.164,0.492]},"west":{"uv":[11.664,8.7163],"uv_size":[-0.164,0.492]},"up":{"uv":[13.1693,9.1237],"uv_size":[0.164,-0.082]},"down":{"uv":[13.1693,9.1647],"uv_size":[0.164,-0.123]}}},{"origin":[-5.6146,18.8073,-0.2612],"size":[8.55,1,1.5],"pivot":[-1.3396,8,0],"uv":{"north":{"uv":[13.0303,10.2487],"uv_size":[-0.697,-0.082]},"south":{"uv":[13.0303,10.332],"uv_size":[-0.697,-0.082]},"east":{"uv":[12.123,8.082],"uv_size":[-0.123,-0.082]},"west":{"uv":[12.123,8.0013],"uv_size":[-0.123,0.082]},"up":{"uv":[11.7613,10.5437],"uv_size":[0.697,0.123]},"down":{"uv":[11.6687,9.0113],"uv_size":[0.123,0.697]}}},{"origin":[1.9854,12.827,-0.2764],"size":[0.95,6,2],"pivot":[-1.3396,8,0],"uv":{"north":{"uv":[11.1587,10.4987],"uv_size":[-0.492,-0.082]},"south":{"uv":[12.9087,9.582],"uv_size":[-0.492,-0.082]},"east":{"uv":[11.664,9.2003],"uv_size":[-0.164,-0.492]},"west":{"uv":[13.3307,9.6587],"uv_size":[-0.164,-0.492]},"up":{"uv":[13.1693,9.043],"uv_size":[0.164,0.082]},"down":{"uv":[13.1693,9.0437],"uv_size":[0.164,0.123]}}},{"origin":[-3.8396,13.8114,-0.2618],"size":[5,5,2],"pivot":[-1.3396,8,0],"uv":{"north":{"uv":[11.7567,10.1317],"uv_size":[0.41,0.41]},"south":{"uv":[11.7567,9.715],"uv_size":[0.41,0.41]},"east":{"uv":[10.6733,10.5027],"uv_size":[0.41,0.164]},"west":{"uv":[10.6733,10.5027],"uv_size":[0.41,0.164]},"up":{"uv":[10.6733,10.664],"uv_size":[0.41,-0.164]},"down":{"uv":[10.6733,10.664],"uv_size":[0.41,-0.164]}}},{"origin":[-2.3396,-10.89,7.8563],"size":[2,5,2],"pivot":[-1.3396,8,0],"uv":{"north":{"uv":[10.6693,10.285],"uv_size":[0.164,-0.41]},"south":{"uv":[10.6693,10.285],"uv_size":[0.164,-0.41]},"east":{"uv":[11.0027,8.9933],"uv_size":[0.164,-0.41]},"west":{"uv":[11.0027,8.9933],"uv_size":[0.164,-0.41]},"up":{"uv":[11.164,8.4193],"uv_size":[-0.164,0.164]},"down":{"uv":[11.164,8.4193],"uv_size":[-0.164,0.164]}}},{"origin":[-2.3396,-9.89,9.8563],"size":[2,3,6],"pivot":[-1.3396,8,0],"uv":{"north":{"uv":[11.0027,8.246],"uv_size":[0.164,-0.246]},"south":{"uv":[11.0027,8.246],"uv_size":[0.164,-0.246]},"east":{"uv":[10.6747,9.7043],"uv_size":[0.492,-0.246]},"west":{"uv":[10.6747,9.7043],"uv_size":[0.492,-0.246]},"up":{"uv":[11.1587,9.711],"uv_size":[-0.492,0.164]},"down":{"uv":[11.1587,9.2943],"uv_size":[-0.492,0.164]}}},{"origin":[-2.8396,0.7794,-1.5171],"size":[3,6,2],"pivot":[-1.3396,8,0],"uv":{"north":{"uv":[10.9207,10.367],"uv_size":[0.246,-0.492]},"south":{"uv":[11.504,10.6587],"uv_size":[0.246,-0.492]},"east":{"uv":[11.336,10.6587],"uv_size":[0.164,-0.492]},"west":{"uv":[11.336,10.6587],"uv_size":[0.164,-0.492]},"up":{"uv":[11.4973,9.9207],"uv_size":[-0.164,0.246]},"down":{"uv":[11.4973,9.9207],"uv_size":[-0.164,0.246]}}},{"origin":[-2.3396,2.7794,-3.5171],"size":[2,3,2],"pivot":[-1.3396,8,0],"uv":{"north":{"uv":[12.1693,9.1627],"uv_size":[0.164,-0.246]},"south":{"uv":[12.1693,9.1627],"uv_size":[0.164,-0.246]},"east":{"uv":[12.0027,9.0377],"uv_size":[0.164,-0.246]},"west":{"uv":[12.0027,9.0377],"uv_size":[0.164,-0.246]},"up":{"uv":[12.3307,9.1693],"uv_size":[-0.164,0.164]},"down":{"uv":[12.3307,9.1693],"uv_size":[-0.164,0.164]}}},{"origin":[-3.0896,17.9127,-8.1197],"size":[3.5,6,2],"pivot":[-1.3396,8,0],"uv":{"north":{"uv":[11.3797,9.2163],"uv_size":[0.287,0.492]},"south":{"uv":[11.3797,9.2163],"uv_size":[0.287,0.492]},"east":{"uv":[11.5027,8.2163],"uv_size":[0.164,0.492]},"west":{"uv":[11.5027,8.7003],"uv_size":[0.164,-0.492]},"up":{"uv":[11.6693,8.3287],"uv_size":[0.164,-0.287]},"down":{"uv":[11.6693,8.0463],"uv_size":[0.164,0.287]}}},{"origin":[-5.3396,20.9405,-8.7011],"size":[0,8,8],"pivot":[-1.3396,8,0],"uv":{"north":{"uv":[2.6667,13.344],"uv_size":[0,0.656]},"south":{"uv":[2.6667,13.344],"uv_size":[0,0.656]},"east":{"uv":[3.9893,13.344],"uv_size":[-0.656,0.656]},"west":{"uv":[3.9893,13.344],"uv_size":[-0.656,0.656]},"up":{"uv":[3.6507,13.3333],"uv_size":[-0.984,0]},"down":{"uv":[3.6507,13.3333],"uv_size":[-0.984,0]}}},{"origin":[-4.3396,20.9405,-8.7011],"size":[0,8,8],"pivot":[-1.3396,8,0],"uv":{"north":{"uv":[4,14.6773],"uv_size":[0,0.656]},"south":{"uv":[4,14.6773],"uv_size":[0,0.656]},"east":{"uv":[5.3227,14.6773],"uv_size":[-0.656,0.656]},"west":{"uv":[5.3227,14.6773],"uv_size":[-0.656,0.656]},"up":{"uv":[4.984,14.6667],"uv_size":[-0.984,0]},"down":{"uv":[4.984,14.6667],"uv_size":[-0.984,0]}}},{"origin":[2.6604,20.9405,-8.7011],"size":[0,8,8],"pivot":[-1.3396,8,0],"uv":{"north":{"uv":[2.6667,13.344],"uv_size":[0,0.656]},"south":{"uv":[2.6667,13.344],"uv_size":[0,0.656]},"east":{"uv":[3.344,13.344],"uv_size":[0.656,0.656]},"west":{"uv":[3.344,13.344],"uv_size":[0.656,0.656]},"up":{"uv":[3.6507,13.3333],"uv_size":[-0.984,0]},"down":{"uv":[3.6507,13.3333],"uv_size":[-0.984,0]}}},{"origin":[1.6604,20.9405,-8.7011],"size":[0,8,8],"pivot":[-1.3396,8,0],"uv":{"north":{"uv":[4,14.6773],"uv_size":[0,0.656]},"south":{"uv":[4,14.6773],"uv_size":[0,0.656]},"east":{"uv":[4.6773,14.6773],"uv_size":[0.656,0.656]},"west":{"uv":[4.6773,14.6773],"uv_size":[0.656,0.656]},"up":{"uv":[4.984,14.6667],"uv_size":[-0.984,0]},"down":{"uv":[4.984,14.6667],"uv_size":[-0.984,0]}}},{"origin":[2.6604,-11.3029,4.6546],"size":[0,8,8],"pivot":[-1.3396,8,0],"uv":{"north":{"uv":[3.6507,13.3333],"uv_size":[-0.984,0]},"south":{"uv":[3.6507,13.3333],"uv_size":[-0.984,0]},"east":{"uv":[3.9893,14.0107],"uv_size":[-0.656,0.656]},"west":{"uv":[3.9893,14.0107],"uv_size":[-0.656,0.656]},"up":{"uv":[2.6667,13.9893],"uv_size":[0,-0.656]},"down":{"uv":[2.6667,13.9893],"uv_size":[0,-0.656]}}},{"origin":[1.6604,-11.3029,4.6546],"size":[0,8,8],"pivot":[-1.3396,8,0],"uv":{"north":{"uv":[4.984,14.6667],"uv_size":[-0.984,0]},"south":{"uv":[4.984,14.6667],"uv_size":[-0.984,0]},"east":{"uv":[5.3227,15.344],"uv_size":[-0.656,0.656]},"west":{"uv":[5.3227,15.344],"uv_size":[-0.656,0.656]},"up":{"uv":[4,15.3227],"uv_size":[0,-0.656]},"down":{"uv":[4,15.3227],"uv_size":[0,-0.656]}}},{"origin":[-5.3396,-11.3029,4.6546],"size":[0,8,8],"pivot":[-1.3396,8,0],"uv":{"north":{"uv":[3.6507,13.3333],"uv_size":[-0.984,0]},"south":{"uv":[3.6507,13.3333],"uv_size":[-0.984,0]},"east":{"uv":[3.9893,14.656],"uv_size":[-0.656,-0.656]},"west":{"uv":[3.9893,14.656],"uv_size":[-0.656,-0.656]},"up":{"uv":[2.6667,13.9893],"uv_size":[0,-0.656]},"down":{"uv":[2.6667,13.9893],"uv_size":[0,-0.656]}}},{"origin":[-4.3396,-11.3029,4.6546],"size":[0,8,8],"pivot":[-1.3396,8,0],"uv":{"north":{"uv":[4.984,14.6667],"uv_size":[-0.984,0]},"south":{"uv":[4.984,14.6667],"uv_size":[-0.984,0]},"east":{"uv":[5.3227,15.9893],"uv_size":[-0.656,-0.656]},"west":{"uv":[5.3227,15.9893],"uv_size":[-0.656,-0.656]},"up":{"uv":[4,15.3227],"uv_size":[0,-0.656]},"down":{"uv":[4,15.3227],"uv_size":[0,-0.656]}}}],"name":"rot_6"},{"parent":"geyser_custom_z","pivot":[-1.3396,8,0],"rotation":[-45,0,0],"cubes":[{"origin":[-1.3396,18.9086,-13.8401],"size":[2,3,1],"pivot":[-1.3396,8,0],"uv":{"north":{"uv":[13.3307,8.5457],"uv_size":[-0.164,0.246]},"south":{"uv":[13.3307,8.7957],"uv_size":[-0.164,0.246]},"east":{"uv":[12.9207,9.582],"uv_size":[0.246,-0.082]},"west":{"uv":[12.9207,9.582],"uv_size":[0.246,-0.082]},"up":{"uv":[11.7473,9.9597],"uv_size":[-0.164,0.082]},"down":{"uv":[12.3307,9.582],"uv_size":[-0.164,-0.082]}}},{"origin":[-3.3396,18.9086,-13.8401],"size":[2,3,1],"pivot":[-1.3396,8,0],"uv":{"north":{"uv":[13.1693,8.5457],"uv_size":[0.164,0.246]},"south":{"uv":[13.1693,8.7957],"uv_size":[0.164,0.246]},"east":{"uv":[12.9207,9.5013],"uv_size":[0.246,0.082]},"west":{"uv":[12.9207,9.5013],"uv_size":[0.246,0.082]},"up":{"uv":[11.586,9.9597],"uv_size":[0.164,0.082]},"down":{"uv":[12.1693,9.5013],"uv_size":[0.164,0.082]}}},{"origin":[-1.3396,-4.8614,11.8873],"size":[2,4,4],"pivot":[-1.3396,8,0],"uv":{"north":{"uv":[11.8387,9.3723],"uv_size":[0.328,-0.164]},"south":{"uv":[12.1613,9.0443],"uv_size":[-0.328,0.164]},"east":{"uv":[11.8387,9.3803],"uv_size":[0.328,0.328]},"west":{"uv":[11.8387,9.703],"uv_size":[0.328,-0.328]},"up":{"uv":[12.1613,9.0443],"uv_size":[-0.328,0.164]},"down":{"uv":[12.1613,9.3723],"uv_size":[-0.328,-0.164]}}},{"origin":[-3.3396,-4.8614,11.8873],"size":[2,4,4],"pivot":[-1.3396,8,0],"uv":{"north":{"uv":[12.1613,9.3723],"uv_size":[-0.328,-0.164]},"south":{"uv":[12.1613,9.2057],"uv_size":[-0.328,-0.164]},"east":{"uv":[12.1613,9.703],"uv_size":[-0.328,-0.328]},"west":{"uv":[12.1613,9.3803],"uv_size":[-0.328,0.328]},"up":{"uv":[12.1613,9.2057],"uv_size":[-0.328,-0.164]},"down":{"uv":[12.1613,9.211],"uv_size":[-0.328,0.164]}}},{"origin":[2.6604,-6.8261,9.8519],"size":[0,8,8],"pivot":[-1.3396,8,0],"uv":{"north":{"uv":[3.6507,13.3333],"uv_size":[-0.984,0]},"south":{"uv":[3.6507,13.3333],"uv_size":[-0.984,0]},"east":{"uv":[3.3227,14.0107],"uv_size":[-0.656,0.656]},"west":{"uv":[3.3227,14.0107],"uv_size":[-0.656,0.656]},"up":{"uv":[2.6667,13.9893],"uv_size":[0,-0.656]},"down":{"uv":[2.6667,13.9893],"uv_size":[0,-0.656]}}},{"origin":[1.6604,-6.8261,9.8519],"size":[0,8,8],"pivot":[-1.3396,8,0],"uv":{"north":{"uv":[4.984,14.6667],"uv_size":[-0.984,0]},"south":{"uv":[4.984,14.6667],"uv_size":[-0.984,0]},"east":{"uv":[4.656,15.344],"uv_size":[-0.656,0.656]},"west":{"uv":[4.656,15.344],"uv_size":[-0.656,0.656]},"up":{"uv":[4,15.3227],"uv_size":[0,-0.656]},"down":{"uv":[4,15.3227],"uv_size":[0,-0.656]}}},{"origin":[-5.3396,-6.8261,9.8519],"size":[0,8,8],"pivot":[-1.3396,8,0],"uv":{"north":{"uv":[3.6507,13.3333],"uv_size":[-0.984,0]},"south":{"uv":[3.6507,13.3333],"uv_size":[-0.984,0]},"east":{"uv":[3.3227,14.656],"uv_size":[-0.656,-0.656]},"west":{"uv":[3.3227,14.656],"uv_size":[-0.656,-0.656]},"up":{"uv":[2.6667,13.9893],"uv_size":[0,-0.656]},"down":{"uv":[2.6667,13.9893],"uv_size":[0,-0.656]}}},{"origin":[-4.3396,-6.8261,9.8519],"size":[0,8,8],"pivot":[-1.3396,8,0],"uv":{"north":{"uv":[4.984,14.6667],"uv_size":[-0.984,0]},"south":{"uv":[4.984,14.6667],"uv_size":[-0.984,0]},"east":{"uv":[4.656,15.9893],"uv_size":[-0.656,-0.656]},"west":{"uv":[4.656,15.9893],"uv_size":[-0.656,-0.656]},"up":{"uv":[4,15.3227],"uv_size":[0,-0.656]},"down":{"uv":[4,15.3227],"uv_size":[0,-0.656]}}}],"name":"rot_7"},{"parent":"geyser_custom_z","pivot":[-1.3396,8,0],"rotation":[0,-45,0],"cubes":[{"origin":[-8.9986,12.05,-7.7017],"size":[6,1.5,1],"pivot":[-1.3396,8,0],"uv":{"north":{"uv":[13.1647,10.3253],"uv_size":[-0.123,-0.492]},"south":{"uv":[13.0337,10.123],"uv_size":[-0.492,-0.123]},"east":{"uv":[11.4563,8.2903],"uv_size":[-0.123,-0.082]},"west":{"uv":[11.3353,8.2903],"uv_size":[0.123,-0.082]},"up":{"uv":[12.5497,9.8347],"uv_size":[0.492,0.082]},"down":{"uv":[12.5497,9.918],"uv_size":[0.492,0.082]}}},{"origin":[-8.9986,2.45,-7.7017],"size":[6,1.5,1],"pivot":[-1.3396,8,0],"uv":{"north":{"uv":[13.0437,10.3253],"uv_size":[0.123,-0.492]},"south":{"uv":[13.0337,10.002],"uv_size":[-0.492,0.123]},"east":{"uv":[11.3353,8.2903],"uv_size":[0.123,-0.082]},"west":{"uv":[11.4563,8.2903],"uv_size":[-0.123,-0.082]},"up":{"uv":[13.0337,9.918],"uv_size":[-0.492,0.082]},"down":{"uv":[13.0337,9.8347],"uv_size":[-0.492,0.082]}}}],"name":"rot_8"}]}]}
