{"format_version":"1.16.0","minecraft:geometry":[{"description":{"identifier":"geometry.geyser_custom.geo_592c78c","texture_width":16,"texture_height":16,"visible_bounds_width":4,"visible_bounds_height":4.5,"visible_bounds_offset":[0,0.75,0]},"bones":[{"name":"geyser_custom","binding":"c.item_slot == 'head' ? 'head' : q.item_slot_to_bone_name(c.item_slot)","pivot":[0,8,0]},{"name":"geyser_custom_x","parent":"geyser_custom","pivot":[0,8,0]},{"name":"geyser_custom_y","parent":"geyser_custom_x","pivot":[0,8,0]},{"name":"geyser_custom_z","parent":"geyser_custom_y","pivot":[0,8,0],"cubes":[{"origin":[-6,4.5,-1],"size":[18,2,2],"uv":{"north":{"uv":[7.3493,4.836],"uv_size":[1.484,0.164]},"south":{"uv":[8.8173,4.836],"uv_size":[-1.484,0.164]},"east":{"uv":[6.836,5.1693],"uv_size":[0.164,0.164]},"west":{"uv":[6.836,5.1693],"uv_size":[0.164,0.164]},"up":{"uv":[8.8173,5.3307],"uv_size":[-1.484,-0.164]},"down":{"uv":[8.8173,5.164],"uv_size":[-1.484,-0.164]}}},{"origin":[1,-2,0],"size":[15,6,0],"uv":{"north":{"uv":[9.4327,4.8413],"uv_size":[1.234,0.492]},"south":{"uv":[10.6507,4.8413],"uv_size":[-1.234,0.492]},"east":{"uv":[5.3333,0.008],"uv_size":[0,0.492]},"west":{"uv":[5.3333,0.008],"uv_size":[0,0.492]},"up":{"uv":[6.5673,0],"uv_size":[-1.234,0]},"down":{"uv":[6.5673,0],"uv_size":[-1.234,0]}}}]},{"parent":"geyser_custom_z","pivot":[-10.5,10.5,0.1005],"rotation":[45,0,0],"cubes":[{"origin":[-15,4.65,-5.8995],"size":[9,4,4],"pivot":[-10.5,10.5,0.1005],"uv":{"north":{"uv":[7.828,0.4287],"uv_size":[-0.328,0.738]},"south":{"uv":[7.172,0.762],"uv_size":[0.328,0.738]},"east":{"uv":[7.5053,1.172],"uv_size":[0.328,0.328]},"west":{"uv":[7.5053,1.172],"uv_size":[0.328,0.328]},"up":{"uv":[7.172,1.488],"uv_size":[0.328,-0.738]},"down":{"uv":[7.828,1.1547],"uv_size":[-0.328,-0.738]}}}],"name":"rot_1"},{"parent":"geyser_custom_z","pivot":[-8.7382,2.6,0],"rotation":[0,45,0],"cubes":[{"origin":[-15.8044,6.65,-7.0236],"size":[1,1.5,6],"pivot":[-8.7382,2.6,0],"uv":{"north":{"uv":[6.002,0.2903],"uv_size":[0.123,-0.082]},"south":{"uv":[6.123,0.2903],"uv_size":[-0.123,-0.082]},"east":{"uv":[7.7103,2.3253],"uv_size":[0.123,-0.492]},"west":{"uv":[7.7003,2.002],"uv_size":[-0.492,0.123]},"up":{"uv":[7.7003,1.8347],"uv_size":[-0.492,0.082]},"down":{"uv":[7.7003,1.918],"uv_size":[-0.492,0.082]}}}],"name":"rot_2"},{"parent":"geyser_custom_z","pivot":[-8.7382,5.5,0],"rotation":[0,45,0],"cubes":[{"origin":[-21.9429,5.5,11.544],"size":[1,2,3],"pivot":[-8.7382,5.5,0],"uv":{"north":{"uv":[6.836,1.5013],"uv_size":[0.164,0.082]},"south":{"uv":[6.2527,2.0403],"uv_size":[0.164,-0.082]},"east":{"uv":[7.9973,0.5457],"uv_size":[-0.164,0.246]},"west":{"uv":[7.9973,0.7957],"uv_size":[-0.164,0.246]},"up":{"uv":[7.8293,1.5013],"uv_size":[-0.246,0.082]},"down":{"uv":[7.8293,1.5013],"uv_size":[-0.246,0.082]}}},{"origin":[-21.9429,3.5,11.544],"size":[1,2,3],"pivot":[-8.7382,5.5,0],"uv":{"north":{"uv":[6.9973,1.582],"uv_size":[-0.164,-0.082]},"south":{"uv":[6.414,2.0403],"uv_size":[-0.164,-0.082]},"east":{"uv":[7.836,0.5457],"uv_size":[0.164,0.246]},"west":{"uv":[7.836,0.7957],"uv_size":[0.164,0.246]},"up":{"uv":[7.8293,1.582],"uv_size":[-0.246,-0.082]},"down":{"uv":[7.8293,1.582],"uv_size":[-0.246,-0.082]}}},{"origin":[3.7845,3.5,-12.2261],"size":[4,2,4],"pivot":[-8.7382,5.5,0],"uv":{"north":{"uv":[6.5053,1.3723],"uv_size":[0.328,-0.164]},"south":{"uv":[6.5053,1.0443],"uv_size":[0.328,0.164]},"east":{"uv":[6.828,1.3723],"uv_size":[-0.328,-0.164]},"west":{"uv":[6.828,1.2057],"uv_size":[-0.328,-0.164]},"up":{"uv":[6.5053,1.703],"uv_size":[0.328,-0.328]},"down":{"uv":[6.5053,1.3803],"uv_size":[0.328,0.328]}}},{"origin":[3.7845,5.5,-12.2261],"size":[4,2,4],"pivot":[-8.7382,5.5,0],"uv":{"north":{"uv":[6.5053,1.211],"uv_size":[0.328,0.164]},"south":{"uv":[6.5053,1.2057],"uv_size":[0.328,-0.164]},"east":{"uv":[6.5053,1.3723],"uv_size":[0.328,-0.164]},"west":{"uv":[6.828,1.0443],"uv_size":[-0.328,0.164]},"up":{"uv":[6.828,1.3803],"uv_size":[-0.328,0.328]},"down":{"uv":[6.828,1.703],"uv_size":[-0.328,-0.328]}}}],"name":"rot_3"},{"parent":"geyser_custom_z","pivot":[0.05,11,0],"rotation":[22.5,0,0],"cubes":[{"origin":[0.05,7,-4],"size":[0,8,8],"pivot":[0.05,11,0],"uv":{"north":{"uv":[4,14.6773],"uv_size":[0,0.656]},"south":{"uv":[4,14.6773],"uv_size":[0,0.656]},"east":{"uv":[4.6773,14.6773],"uv_size":[0.656,0.656]},"west":{"uv":[4.6773,14.6773],"uv_size":[0.656,0.656]},"up":{"uv":[4.984,14.6667],"uv_size":[-0.984,0]},"down":{"uv":[4.984,14.6667],"uv_size":[-0.984,0]}}}],"name":"rot_4"},{"parent":"geyser_custom_z","pivot":[-0.95,11,0],"rotation":[22.5,0,0],"cubes":[{"origin":[-0.95,7,-4],"size":[0,8,8],"pivot":[-0.95,11,0],"uv":{"north":{"uv":[2.6667,13.344],"uv_size":[0,0.656]},"south":{"uv":[2.6667,13.344],"uv_size":[0,0.656]},"east":{"uv":[3.344,13.344],"uv_size":[0.656,0.656]},"west":{"uv":[3.344,13.344],"uv_size":[0.656,0.656]},"up":{"uv":[3.6507,13.3333],"uv_size":[-0.984,0]},"down":{"uv":[3.6507,13.3333],"uv_size":[-0.984,0]}}}],"name":"rot_5"},{"parent":"geyser_custom_z","pivot":[19.6522,5,0],"rotation":[0,22.5,0],"cubes":[{"origin":[17.1247,4,-2.1407],"size":[6,2,2],"pivot":[19.6522,5,0],"uv":{"north":{"uv":[5.664,4.8413],"uv_size":[-0.164,0.492]},"south":{"uv":[5.5027,4.8413],"uv_size":[0.164,0.492]},"east":{"uv":[5.336,4.6693],"uv_size":[0.164,0.164]},"west":{"uv":[5.336,4.6693],"uv_size":[0.164,0.164]},"up":{"uv":[5.336,5.3253],"uv_size":[0.164,-0.492]},"down":{"uv":[5.4973,5.3253],"uv_size":[-0.164,-0.492]}}}],"name":"rot_6"},{"parent":"geyser_custom_z","pivot":[-1.25,5.5,-20],"rotation":[0,22.5,0],"cubes":[{"origin":[-1.5,5.5,-22],"size":[0.5,0,22],"pivot":[-1.25,5.5,-20],"uv":{"north":{"uv":[5.6613,0],"uv_size":[-0.328,0]},"south":{"uv":[5.6613,0],"uv_size":[-0.328,0]},"east":{"uv":[5.3333,1.8173],"uv_size":[0,-1.8173]},"west":{"uv":[5.3333,1.8173],"uv_size":[0,-1.8173]},"up":{"uv":[7.9993,0.8493],"uv_size":[-0.041,1.8173]},"down":{"uv":[7.9993,0.8493],"uv_size":[-0.041,1.8173]}}}],"name":"rot_7"},{"parent":"geyser_custom_z","pivot":[-8.7382,5.5,0],"rotation":[0,22.5,0],"cubes":[{"origin":[-14.0531,4.5,4.4279],"size":[2,2,13],"pivot":[-8.7382,5.5,0],"uv":{"north":{"uv":[5.336,0.0027],"uv_size":[0.164,0.164]},"south":{"uv":[5.336,0.0027],"uv_size":[0.164,0.164]},"east":{"uv":[5.5027,0.016],"uv_size":[0.164,1.0673]},"west":{"uv":[5.5027,0.016],"uv_size":[0.164,1.0673]},"up":{"uv":[5.336,1.234],"uv_size":[0.164,-1.0673]},"down":{"uv":[5.4973,1.234],"uv_size":[-0.164,-1.0673]}}},{"origin":[-12.0531,4.5,2.4279],"size":[2,2,16],"pivot":[-8.7382,5.5,0],"uv":{"north":{"uv":[5.6693,0.2527],"uv_size":[0.164,0.164]},"south":{"uv":[5.6693,0.2527],"uv_size":[0.164,0.164]},"east":{"uv":[5.836,1.3493],"uv_size":[0.164,1.3173]},"west":{"uv":[5.836,1.3493],"uv_size":[0.164,1.3173]},"up":{"uv":[5.836,1.3173],"uv_size":[0.164,-1.3173]},"down":{"uv":[5.9973,1.3173],"uv_size":[-0.164,-1.3173]}}},{"origin":[-11.4251,4.5,-4.8767],"size":[2,2,3],"pivot":[-8.7382,5.5,0],"uv":{"north":{"uv":[6.836,1.3307],"uv_size":[0.164,-0.164]},"south":{"uv":[6.836,1.3307],"uv_size":[0.164,-0.164]},"east":{"uv":[6.836,1.1627],"uv_size":[0.164,-0.246]},"west":{"uv":[6.836,1.1627],"uv_size":[0.164,-0.246]},"up":{"uv":[6.8307,0.7957],"uv_size":[-0.164,0.246]},"down":{"uv":[6.8307,0.7957],"uv_size":[-0.164,0.246]}}},{"origin":[-9.4251,4,-6.8768],"size":[2,3,6],"pivot":[-8.7382,5.5,0],"uv":{"north":{"uv":[6.0027,2.1627],"uv_size":[0.164,-0.246]},"south":{"uv":[6.0027,2.1627],"uv_size":[0.164,-0.246]},"east":{"uv":[5.5873,2.367],"uv_size":[0.246,-0.492]},"west":{"uv":[6.1707,2.6587],"uv_size":[0.246,-0.492]},"up":{"uv":[6.164,2.1747],"uv_size":[-0.164,0.492]},"down":{"uv":[6.164,2.1747],"uv_size":[-0.164,0.492]}}},{"origin":[1.9483,4.5,-17.5461],"size":[6,2,3],"pivot":[-8.7382,5.5,0],"uv":{"north":{"uv":[5.3413,1.4557],"uv_size":[0.492,-0.164]},"south":{"uv":[5.3413,1.8723],"uv_size":[0.492,-0.164]},"east":{"uv":[5.6693,0.246],"uv_size":[0.164,-0.246]},"west":{"uv":[5.6693,0.246],"uv_size":[0.164,-0.246]},"up":{"uv":[5.8253,1.4623],"uv_size":[-0.492,0.246]},"down":{"uv":[5.8253,1.4623],"uv_size":[-0.492,0.246]}}},{"origin":[-0.0517,4.5,-18.5461],"size":[2,2,5],"pivot":[-8.7382,5.5,0],"uv":{"north":{"uv":[5.6693,0.5807],"uv_size":[0.164,-0.164]},"south":{"uv":[5.6693,0.5807],"uv_size":[0.164,-0.164]},"east":{"uv":[5.336,2.285],"uv_size":[0.164,-0.41]},"west":{"uv":[5.336,2.285],"uv_size":[0.164,-0.41]},"up":{"uv":[5.8307,0.59],"uv_size":[-0.164,0.41]},"down":{"uv":[5.8307,0.59],"uv_size":[-0.164,0.41]}}},{"origin":[-16.0276,3.75,10.2565],"size":[2,3.5,6],"pivot":[-8.7382,5.5,0],"uv":{"north":{"uv":[6.4973,0.3287],"uv_size":[-0.164,-0.287]},"south":{"uv":[6.4973,0.0463],"uv_size":[-0.164,0.287]},"east":{"uv":[6.0463,1.2163],"uv_size":[0.287,0.492]},"west":{"uv":[6.0463,1.2163],"uv_size":[0.287,0.492]},"up":{"uv":[6.3307,0.2163],"uv_size":[-0.164,0.492]},"down":{"uv":[6.3307,0.7003],"uv_size":[-0.164,-0.492]}}},{"origin":[-11.0531,5.5,6.4279],"size":[4,0,8.5],"pivot":[-8.7382,5.5,0],"uv":{"north":{"uv":[5.6733,0.25],"uv_size":[0.41,0]},"south":{"uv":[5.6733,0.25],"uv_size":[0.41,0]},"east":{"uv":[5.8333,1.3493],"uv_size":[0,1.0257]},"west":{"uv":[5.8333,1.3493],"uv_size":[0,1.0257]},"up":{"uv":[6.5053,0.7803],"uv_size":[0.328,-0.697]},"down":{"uv":[6.828,0.7803],"uv_size":[-0.328,-0.697]}}}],"name":"rot_8"},{"parent":"geyser_custom_z","pivot":[19.6522,5,0],"rotation":[0,0,-22.5],"cubes":[{"origin":[17.1247,5.1407,-1],"size":[6,2,2],"pivot":[19.6522,5,0],"uv":{"north":{"uv":[5.336,4.8413],"uv_size":[0.164,0.492]},"south":{"uv":[5.4973,4.8413],"uv_size":[-0.164,0.492]},"east":{"uv":[5.336,4.6693],"uv_size":[0.164,0.164]},"west":{"uv":[5.336,4.6693],"uv_size":[0.164,0.164]},"up":{"uv":[5.5027,5.3253],"uv_size":[0.164,-0.492]},"down":{"uv":[5.664,5.3253],"uv_size":[-0.164,-0.492]}}}],"name":"rot_9"},{"parent":"geyser_custom_z","pivot":[10,3.5,0],"rotation":[0,0,-22.5],"cubes":[{"origin":[11.7,2.7,-0.9],"size":[3,1,1.8],"pivot":[10,3.5,0],"uv":{"north":{"uv":[6.0873,2.8347],"uv_size":[0.246,0.082]},"south":{"uv":[6.0873,2.8347],"uv_size":[0.246,0.082]},"east":{"uv":[6.1693,2.7513],"uv_size":[0.164,0.082]},"west":{"uv":[6.1693,2.7513],"uv_size":[0.164,0.082]},"up":{"uv":[6.5793,2.914],"uv_size":[-0.246,-0.164]},"down":{"uv":[6.5793,2.914],"uv_size":[-0.246,-0.164]}}}],"name":"rot_10"},{"parent":"geyser_custom_z","pivot":[28.5,-3,-8],"rotation":[0,-0,0],"cubes":[{"origin":[21.5,3,-2],"size":[2,4,4],"pivot":[28.5,-3,-8],"uv":{"north":{"uv":[5.672,5.1693],"uv_size":[0.328,0.164]},"south":{"uv":[5.672,5.1693],"uv_size":[0.328,0.164]},"east":{"uv":[6.047,5.0053],"uv_size":[0.328,0.328]},"west":{"uv":[5.672,4.8387],"uv_size":[0.328,0.328]},"up":{"uv":[5.9947,5.3307],"uv_size":[-0.328,-0.164]},"down":{"uv":[5.9947,5.3307],"uv_size":[-0.328,-0.164]}}}],"name":"rot_11"},{"parent":"geyser_custom_z","pivot":[20,1,-0.25],"rotation":[0,-0,0],"cubes":[{"origin":[14,4,-1],"size":[6,2,2],"pivot":[20,1,-0.25],"uv":{"north":{"uv":[7.3307,5.3253],"uv_size":[-0.164,-0.492]},"south":{"uv":[7.3307,4.8413],"uv_size":[-0.164,0.492]},"east":{"uv":[6.836,2.8307],"uv_size":[0.164,-0.164]},"west":{"uv":[6.836,2.6693],"uv_size":[0.164,0.164]},"up":{"uv":[7.0027,5.3253],"uv_size":[0.164,-0.492]},"down":{"uv":[7.0027,5.3253],"uv_size":[0.164,-0.492]}}}],"name":"rot_12"},{"parent":"geyser_custom_z","pivot":[12,0,8],"rotation":[0,-0,0],"cubes":[{"origin":[12,4.5,-1],"size":[2,1,2],"pivot":[12,0,8],"uv":{"north":{"uv":[6.754,2.8347],"uv_size":[0.246,0.082]},"south":{"uv":[6.754,2.8347],"uv_size":[0.246,0.082]},"east":{"uv":[6.586,2.8347],"uv_size":[0.164,0.082]},"west":{"uv":[6.586,2.8347],"uv_size":[0.164,0.082]},"up":{"uv":[7.246,2.9973],"uv_size":[-0.246,-0.164]},"down":{"uv":[7.246,2.8307],"uv_size":[-0.246,-0.164]}}}],"name":"rot_13"},{"parent":"geyser_custom_z","pivot":[11,12,-8],"rotation":[0,-0,0],"cubes":[{"origin":[-9,5,-0.5],"size":[22,1,1],"pivot":[11,12,-8],"uv":{"north":{"uv":[7.9153,2.6507],"uv_size":[-0.082,-1.8173]},"south":{"uv":[7.8347,0.8493],"uv_size":[0.082,1.8173]},"east":{"uv":[6.1055,0.543],"uv_size":[0.082,0.082]},"west":{"uv":[6.1055,0.793],"uv_size":[0.082,0.082]},"up":{"uv":[7.832,2.6507],"uv_size":[-0.082,-1.8173]},"down":{"uv":[7.832,2.6507],"uv_size":[-0.082,-1.8173]}}},{"origin":[-15,5.5,0],"size":[8,0,3],"pivot":[11,12,-8],"uv":{"north":{"uv":[5.344,0],"uv_size":[0.656,0]},"south":{"uv":[5.344,0],"uv_size":[0.656,0]},"east":{"uv":[5.3333,0.004],"uv_size":[0,0.246]},"west":{"uv":[5.3333,0.004],"uv_size":[0,0.246]},"up":{"uv":[6.656,1.5793],"uv_size":[-0.656,-0.246]},"down":{"uv":[6.0107,1.5793],"uv_size":[0.656,-0.246]}}}],"name":"rot_14"},{"parent":"geyser_custom_z","pivot":[11,12,8],"rotation":[0,-0,0],"cubes":[{"origin":[-15,5.5,-3],"size":[8,0,3],"pivot":[11,12,8],"uv":{"north":{"uv":[5.344,0],"uv_size":[0.656,0]},"south":{"uv":[5.344,0],"uv_size":[0.656,0]},"east":{"uv":[5.3333,0.246],"uv_size":[0,-0.246]},"west":{"uv":[5.3333,0.246],"uv_size":[0,-0.246]},"up":{"uv":[6.656,1.3373],"uv_size":[-0.656,0.246]},"down":{"uv":[6.0107,1.3373],"uv_size":[0.656,0.246]}}}],"name":"rot_15"},{"parent":"geyser_custom_z","pivot":[7,0,-8],"rotation":[0,-0,0],"cubes":[{"origin":[-18,4.5,-0.5],"size":[12,1,1],"pivot":[7,0,-8],"uv":{"north":{"uv":[7.8173,1.668],"uv_size":[-0.984,0.082]},"south":{"uv":[6.8493,1.668],"uv_size":[0.984,0.082]},"east":{"uv":[7.0013,1.5013],"uv_size":[0.082,0.082]},"west":{"uv":[7.0013,1.5013],"uv_size":[0.082,0.082]},"up":{"uv":[7.8173,1.6653],"uv_size":[-0.984,-0.082]},"down":{"uv":[7.8173,1.832],"uv_size":[-0.984,-0.082]}}}],"name":"rot_16"},{"parent":"geyser_custom_z","pivot":[4.7,10.9,-0.25],"rotation":[0,-0,0],"cubes":[{"origin":[-0.3,1.9,-1.75],"size":[6,2,3.5],"pivot":[4.7,10.9,-0.25],"uv":{"north":{"uv":[6.3307,0.7003],"uv_size":[-0.164,-0.492]},"south":{"uv":[6.3307,0.2163],"uv_size":[-0.164,0.492]},"east":{"uv":[6.336,0.0463],"uv_size":[0.164,0.287]},"west":{"uv":[6.336,0.3287],"uv_size":[0.164,-0.287]},"up":{"uv":[6.0463,1.7003],"uv_size":[0.287,-0.492]},"down":{"uv":[6.0463,1.7003],"uv_size":[0.287,-0.492]}}}],"name":"rot_17"},{"parent":"geyser_custom_z","pivot":[0.05,9,-2],"rotation":[0,-0,0],"cubes":[{"origin":[0.05,7,-4],"size":[0,8,8],"pivot":[0.05,9,-2],"uv":{"north":{"uv":[4,14.6773],"uv_size":[0,0.656]},"south":{"uv":[4,14.6773],"uv_size":[0,0.656]},"east":{"uv":[4.0107,14.6773],"uv_size":[0.656,0.656]},"west":{"uv":[4.0107,14.6773],"uv_size":[0.656,0.656]},"up":{"uv":[4.984,14.6667],"uv_size":[-0.984,0]},"down":{"uv":[4.984,14.6667],"uv_size":[-0.984,0]}}}],"name":"rot_18"},{"parent":"geyser_custom_z","pivot":[-0.95,9,-2],"rotation":[0,-0,0],"cubes":[{"origin":[-0.95,7,-4],"size":[0,8,8],"pivot":[-0.95,9,-2],"uv":{"north":{"uv":[2.6667,13.344],"uv_size":[0,0.656]},"south":{"uv":[2.6667,13.344],"uv_size":[0,0.656]},"east":{"uv":[2.6773,13.344],"uv_size":[0.656,0.656]},"west":{"uv":[2.6773,13.344],"uv_size":[0.656,0.656]},"up":{"uv":[3.6507,13.3333],"uv_size":[-0.984,0]},"down":{"uv":[3.6507,13.3333],"uv_size":[-0.984,0]}}}],"name":"rot_19"},{"parent":"geyser_custom_z","pivot":[-2,9,-8],"rotation":[0,-0,0],"cubes":[{"origin":[-6,3.5,-0.5],"size":[18,1,1],"pivot":[-2,9,-8],"uv":{"north":{"uv":[5.4327,2.918],"uv_size":[1.484,0.082]},"south":{"uv":[6.9007,2.918],"uv_size":[-1.484,0.082]},"east":{"uv":[5.3347,3.0013],"uv_size":[0.082,0.082]},"west":{"uv":[5.3347,2.918],"uv_size":[0.082,0.082]},"up":{"uv":[6.9007,3.082],"uv_size":[-1.484,-0.082]},"down":{"uv":[6.9007,3.082],"uv_size":[-1.484,-0.082]}}}],"name":"rot_20"},{"parent":"geyser_custom_z","pivot":[-8.7382,2.6,0],"rotation":[0,-0,0],"cubes":[{"origin":[-14.4,6.4,-4.3],"size":[10,2,1],"pivot":[-8.7382,2.6,0],"uv":{"north":{"uv":[7.9973,2.4867],"uv_size":[-0.164,-0.82]},"south":{"uv":[7.9867,2.664],"uv_size":[-0.82,-0.164]},"east":{"uv":[6.5027,0.082],"uv_size":[0.164,-0.082]},"west":{"uv":[6.5027,0.0013],"uv_size":[0.164,0.082]},"up":{"uv":[7.0133,2.3347],"uv_size":[0.82,0.082]},"down":{"uv":[7.0133,2.418],"uv_size":[0.82,0.082]}}},{"origin":[-14.4,6.4,3.3],"size":[10,2,1],"pivot":[-8.7382,2.6,0],"uv":{"north":{"uv":[7.9867,2.5027],"uv_size":[-0.82,0.164]},"south":{"uv":[7.836,2.4867],"uv_size":[0.164,-0.82]},"east":{"uv":[6.5027,0.0013],"uv_size":[0.164,0.082]},"west":{"uv":[6.5027,0.082],"uv_size":[0.164,-0.082]},"up":{"uv":[7.0133,2.4153],"uv_size":[0.82,-0.082]},"down":{"uv":[7.0133,2.4987],"uv_size":[0.82,-0.082]}}}],"name":"rot_21"},{"parent":"geyser_custom_z","pivot":[-13.5,8,0],"rotation":[0,-0,0],"cubes":[{"origin":[-23,5,0],"size":[7,3,0],"pivot":[-13.5,8,0],"uv":{"north":{"uv":[5.949,2.6707],"uv_size":[-0.574,0.246]},"south":{"uv":[5.3843,2.6707],"uv_size":[0.574,0.246]},"east":{"uv":[5.3333,0.004],"uv_size":[0,0.246]},"west":{"uv":[5.3333,0.004],"uv_size":[0,0.246]},"up":{"uv":[5.949,2.6667],"uv_size":[-0.574,0]},"down":{"uv":[5.949,2.6667],"uv_size":[-0.574,0]}}},{"origin":[-23,2,0],"size":[7,3,0],"pivot":[-13.5,8,0],"uv":{"north":{"uv":[5.949,2.9127],"uv_size":[-0.574,-0.246]},"south":{"uv":[5.3843,2.9127],"uv_size":[0.574,-0.246]},"east":{"uv":[5.3333,0.246],"uv_size":[0,-0.246]},"west":{"uv":[5.3333,0.246],"uv_size":[0,-0.246]},"up":{"uv":[5.949,2.6667],"uv_size":[-0.574,0]},"down":{"uv":[5.949,2.6667],"uv_size":[-0.574,0]}}},{"origin":[-23,5,-3],"size":[7,0,3],"pivot":[-13.5,8,0],"uv":{"north":{"uv":[5.3843,2.6667],"uv_size":[0.574,0]},"south":{"uv":[5.3843,2.6667],"uv_size":[0.574,0]},"east":{"uv":[5.3333,0.246],"uv_size":[0,-0.246]},"west":{"uv":[5.3333,0.246],"uv_size":[0,-0.246]},"up":{"uv":[5.3843,2.6707],"uv_size":[0.574,0.246]},"down":{"uv":[5.949,2.6707],"uv_size":[-0.574,0.246]}}},{"origin":[-23,5,0],"size":[7,0,3],"pivot":[-13.5,8,0],"uv":{"north":{"uv":[5.3843,2.6667],"uv_size":[0.574,0]},"south":{"uv":[5.3843,2.6667],"uv_size":[0.574,0]},"east":{"uv":[5.3333,0.004],"uv_size":[0,0.246]},"west":{"uv":[5.3333,0.004],"uv_size":[0,0.246]},"up":{"uv":[5.3843,2.9127],"uv_size":[0.574,-0.246]},"down":{"uv":[5.949,2.9127],"uv_size":[-0.574,-0.246]}}}],"name":"rot_22"},{"parent":"geyser_custom_z","pivot":[0.05,11,0],"rotation":[-22.5,0,0],"cubes":[{"origin":[0.05,7,-4],"size":[0,8,8],"pivot":[0.05,11,0],"uv":{"north":{"uv":[4.016,14.6667],"uv_size":[0.984,0]},"south":{"uv":[4.016,14.6667],"uv_size":[0.984,0]},"east":{"uv":[4.6773,15.344],"uv_size":[0.656,0.656]},"west":{"uv":[4.6773,15.344],"uv_size":[0.656,0.656]},"up":{"uv":[4,15.3227],"uv_size":[0,-0.656]},"down":{"uv":[4,15.3227],"uv_size":[0,-0.656]}}}],"name":"rot_23"},{"parent":"geyser_custom_z","pivot":[-0.95,11,0],"rotation":[-22.5,0,0],"cubes":[{"origin":[-0.95,7,-4],"size":[0,8,8],"pivot":[-0.95,11,0],"uv":{"north":{"uv":[2.6827,13.3333],"uv_size":[0.984,0]},"south":{"uv":[2.6827,13.3333],"uv_size":[0.984,0]},"east":{"uv":[3.344,14.0107],"uv_size":[0.656,0.656]},"west":{"uv":[3.344,14.0107],"uv_size":[0.656,0.656]},"up":{"uv":[2.6667,13.9893],"uv_size":[0,-0.656]},"down":{"uv":[2.6667,13.9893],"uv_size":[0,-0.656]}}}],"name":"rot_24"},{"parent":"geyser_custom_z","pivot":[19.6522,5,0],"rotation":[0,-22.5,0],"cubes":[{"origin":[17.1247,4,0.1407],"size":[6,2,2],"pivot":[19.6522,5,0],"uv":{"north":{"uv":[5.664,4.8413],"uv_size":[-0.164,0.492]},"south":{"uv":[5.664,4.8413],"uv_size":[-0.164,0.492]},"east":{"uv":[5.4973,4.6693],"uv_size":[-0.164,0.164]},"west":{"uv":[5.4973,4.6693],"uv_size":[-0.164,0.164]},"up":{"uv":[5.4973,5.3253],"uv_size":[-0.164,-0.492]},"down":{"uv":[5.336,5.3253],"uv_size":[0.164,-0.492]}}}],"name":"rot_25"},{"parent":"geyser_custom_z","pivot":[-1.25,5.5,20],"rotation":[0,-22.5,0],"cubes":[{"origin":[-1.5,5.5,0],"size":[0.5,0,22],"pivot":[-1.25,5.5,20],"uv":{"north":{"uv":[5.3387,0],"uv_size":[0.328,0]},"south":{"uv":[5.3387,0],"uv_size":[0.328,0]},"east":{"uv":[5.3333,0.016],"uv_size":[0,1.8173]},"west":{"uv":[5.3333,0.016],"uv_size":[0,1.8173]},"up":{"uv":[7.9993,2.6507],"uv_size":[-0.041,-1.8173]},"down":{"uv":[7.9993,2.6507],"uv_size":[-0.041,-1.8173]}}}],"name":"rot_26"},{"parent":"geyser_custom_z","pivot":[-8.7382,5.5,0],"rotation":[0,-22.5,0],"cubes":[{"origin":[-14.0531,4.5,-17.4279],"size":[2,2,13],"pivot":[-8.7382,5.5,0],"uv":{"north":{"uv":[5.336,0.164],"uv_size":[0.164,-0.164]},"south":{"uv":[5.336,0.164],"uv_size":[0.164,-0.164]},"east":{"uv":[5.5027,1.0673],"uv_size":[0.164,-1.0673]},"west":{"uv":[5.5027,1.0673],"uv_size":[0.164,-1.0673]},"up":{"uv":[5.336,0.1827],"uv_size":[0.164,1.0673]},"down":{"uv":[5.4973,0.1827],"uv_size":[-0.164,1.0673]}}},{"origin":[-0.0517,4.5,13.5461],"size":[2,2,5],"pivot":[-8.7382,5.5,0],"uv":{"north":{"uv":[5.6693,0.4193],"uv_size":[0.164,0.164]},"south":{"uv":[5.6693,0.4193],"uv_size":[0.164,0.164]},"east":{"uv":[5.336,1.8817],"uv_size":[0.164,0.41]},"west":{"uv":[5.336,1.8817],"uv_size":[0.164,0.41]},"up":{"uv":[5.8307,0.9933],"uv_size":[-0.164,-0.41]},"down":{"uv":[5.8307,0.9933],"uv_size":[-0.164,-0.41]}}},{"origin":[-9.4251,4,0.8767],"size":[2,3,6],"pivot":[-8.7382,5.5,0],"uv":{"north":{"uv":[6.0027,1.9207],"uv_size":[0.164,0.246]},"south":{"uv":[6.0027,1.9207],"uv_size":[0.164,0.246]},"east":{"uv":[5.5873,1.883],"uv_size":[0.246,0.492]},"west":{"uv":[6.1707,2.1747],"uv_size":[0.246,0.492]},"up":{"uv":[6.164,2.6587],"uv_size":[-0.164,-0.492]},"down":{"uv":[6.164,2.6587],"uv_size":[-0.164,-0.492]}}},{"origin":[-11.4251,4.5,1.8767],"size":[2,2,3],"pivot":[-8.7382,5.5,0],"uv":{"north":{"uv":[6.836,1.1693],"uv_size":[0.164,0.164]},"south":{"uv":[6.836,1.1693],"uv_size":[0.164,0.164]},"east":{"uv":[6.836,0.9207],"uv_size":[0.164,0.246]},"west":{"uv":[6.836,0.9207],"uv_size":[0.164,0.246]},"up":{"uv":[6.8307,1.0377],"uv_size":[-0.164,-0.246]},"down":{"uv":[6.8307,1.0377],"uv_size":[-0.164,-0.246]}}},{"origin":[-16.0276,3.75,-16.4565],"size":[2,3.5,6],"pivot":[-8.7382,5.5,0],"uv":{"north":{"uv":[6.4973,0.3287],"uv_size":[-0.164,-0.287]},"south":{"uv":[6.4973,0.0463],"uv_size":[-0.164,0.287]},"east":{"uv":[6.0463,1.7003],"uv_size":[0.287,-0.492]},"west":{"uv":[6.0463,1.7003],"uv_size":[0.287,-0.492]},"up":{"uv":[6.3307,0.7003],"uv_size":[-0.164,-0.492]},"down":{"uv":[6.3307,0.2163],"uv_size":[-0.164,0.492]}}},{"origin":[-12.0531,4.5,-18.4279],"size":[2,2,16],"pivot":[-8.7382,5.5,0],"uv":{"north":{"uv":[5.6693,0.414],"uv_size":[0.164,-0.164]},"south":{"uv":[5.6693,0.414],"uv_size":[0.164,-0.164]},"east":{"uv":[5.836,2.6507],"uv_size":[0.164,-1.3173]},"west":{"uv":[5.836,2.6507],"uv_size":[0.164,-1.3173]},"up":{"uv":[5.836,0.016],"uv_size":[0.164,1.3173]},"down":{"uv":[5.9973,0.016],"uv_size":[-0.164,1.3173]}}},{"origin":[1.9483,4.5,14.5461],"size":[6,2,3],"pivot":[-8.7382,5.5,0],"uv":{"north":{"uv":[5.3413,1.711],"uv_size":[0.492,0.164]},"south":{"uv":[5.3413,1.2943],"uv_size":[0.492,0.164]},"east":{"uv":[5.6693,0.004],"uv_size":[0.164,0.246]},"west":{"uv":[5.6693,0.004],"uv_size":[0.164,0.246]},"up":{"uv":[5.8253,1.7043],"uv_size":[-0.492,-0.246]},"down":{"uv":[5.8253,1.7043],"uv_size":[-0.492,-0.246]}}},{"origin":[-11.0531,5.5,-14.9279],"size":[4,0,8.5],"pivot":[-8.7382,5.5,0],"uv":{"north":{"uv":[5.6733,0.25],"uv_size":[0.41,0]},"south":{"uv":[5.6733,0.25],"uv_size":[0.41,0]},"east":{"uv":[5.8333,2.359],"uv_size":[0,-1.0257]},"west":{"uv":[5.8333,2.359],"uv_size":[0,-1.0257]},"up":{"uv":[6.5053,0.0947],"uv_size":[0.328,0.697]},"down":{"uv":[6.828,0.0947],"uv_size":[-0.328,0.697]}}}],"name":"rot_27"},{"parent":"geyser_custom_z","pivot":[19.6522,5,0],"rotation":[0,0,22.5],"cubes":[{"origin":[17.1247,2.8594,-1],"size":[6,2,2],"pivot":[19.6522,5,0],"uv":{"north":{"uv":[5.4973,4.8413],"uv_size":[-0.164,0.492]},"south":{"uv":[5.336,4.8413],"uv_size":[0.164,0.492]},"east":{"uv":[5.4973,4.6693],"uv_size":[-0.164,0.164]},"west":{"uv":[5.4973,4.6693],"uv_size":[-0.164,0.164]},"up":{"uv":[5.5027,5.3253],"uv_size":[0.164,-0.492]},"down":{"uv":[5.5027,5.3253],"uv_size":[0.164,-0.492]}}}],"name":"rot_28"},{"parent":"geyser_custom_z","pivot":[10,5.5,0],"rotation":[0,0,22.5],"cubes":[{"origin":[11.4,6.3,-0.9],"size":[3,1,1.8],"pivot":[10,5.5,0],"uv":{"north":{"uv":[6.0873,2.8347],"uv_size":[0.246,0.082]},"south":{"uv":[6.0873,2.8347],"uv_size":[0.246,0.082]},"east":{"uv":[6.1693,2.7513],"uv_size":[0.164,0.082]},"west":{"uv":[6.1693,2.7513],"uv_size":[0.164,0.082]},"up":{"uv":[6.5793,2.914],"uv_size":[-0.246,-0.164]},"down":{"uv":[6.5793,2.914],"uv_size":[-0.246,-0.164]}}}],"name":"rot_29"},{"parent":"geyser_custom_z","pivot":[-8.7382,2.6,0],"rotation":[0,0,22.5],"cubes":[{"origin":[-8.1698,8.7553,-2.5],"size":[2,5,5],"pivot":[-8.7382,2.6,0],"uv":{"north":{"uv":[5.7433,2.5027],"uv_size":[-0.41,0.164]},"south":{"uv":[5.7433,2.5027],"uv_size":[-0.41,0.164]},"east":{"uv":[6.4233,2.535],"uv_size":[0.41,-0.41]},"west":{"uv":[6.4233,2.1183],"uv_size":[0.41,-0.41]},"up":{"uv":[5.7433,2.664],"uv_size":[-0.41,-0.164]},"down":{"uv":[5.7433,2.664],"uv_size":[-0.41,-0.164]}}},{"origin":[-8.1692,13.7512,-4.275],"size":[1.5,1,8.55],"pivot":[-8.7382,2.6,0],"uv":{"north":{"uv":[6.7897,0.0013],"uv_size":[-0.123,0.082]},"south":{"uv":[6.7897,0.082],"uv_size":[-0.123,-0.082]},"east":{"uv":[7.697,2.168],"uv_size":[-0.697,0.082]},"west":{"uv":[7.697,2.2513],"uv_size":[-0.697,0.082]},"up":{"uv":[7.1137,2.5437],"uv_size":[-0.697,0.123]},"down":{"uv":[6.3353,1.697],"uv_size":[0.123,-0.697]}}},{"origin":[-8.1844,7.7709,3.325],"size":[2,6,0.95],"pivot":[-8.7382,2.6,0],"uv":{"north":{"uv":[6.3307,0.7163],"uv_size":[-0.164,0.492]},"south":{"uv":[7.9973,1.1747],"uv_size":[-0.164,0.492]},"east":{"uv":[5.3413,2.4987],"uv_size":[0.492,-0.082]},"west":{"uv":[7.0913,1.582],"uv_size":[0.492,-0.082]},"up":{"uv":[7.836,1.1237],"uv_size":[0.164,-0.082]},"down":{"uv":[7.836,1.1647],"uv_size":[0.164,-0.123]}}},{"origin":[-8.1844,7.7709,-4.275],"size":[2,6,0.95],"pivot":[-8.7382,2.6,0],"uv":{"north":{"uv":[7.9973,1.6587],"uv_size":[-0.164,-0.492]},"south":{"uv":[6.3307,1.2003],"uv_size":[-0.164,-0.492]},"east":{"uv":[5.3413,2.418],"uv_size":[0.492,0.082]},"west":{"uv":[7.0913,1.5013],"uv_size":[0.492,0.082]},"up":{"uv":[7.836,1.043],"uv_size":[0.164,0.082]},"down":{"uv":[7.836,1.0437],"uv_size":[0.164,0.123]}}}],"name":"rot_30"},{"parent":"geyser_custom_z","pivot":[0.05,11,0],"rotation":[-45,0,0],"cubes":[{"origin":[0.05,7,-4],"size":[0,8,8],"pivot":[0.05,11,0],"uv":{"north":{"uv":[4.016,14.6667],"uv_size":[0.984,0]},"south":{"uv":[4.016,14.6667],"uv_size":[0.984,0]},"east":{"uv":[4.0107,15.344],"uv_size":[0.656,0.656]},"west":{"uv":[4.0107,15.344],"uv_size":[0.656,0.656]},"up":{"uv":[4,15.3227],"uv_size":[0,-0.656]},"down":{"uv":[4,15.3227],"uv_size":[0,-0.656]}}}],"name":"rot_31"},{"parent":"geyser_custom_z","pivot":[0.0213,6.6,0],"rotation":[-45,0,0],"cubes":[{"origin":[-5.9787,4.85,-1.25],"size":[6.5,3,3],"pivot":[0.0213,6.6,0],"uv":{"north":{"uv":[8.533,0.7957],"uv_size":[-0.533,0.246]},"south":{"uv":[8.5457,1.033],"uv_size":[0.246,-0.533]},"east":{"uv":[8.2957,0.5457],"uv_size":[0.246,0.246]},"west":{"uv":[8.5377,0.5457],"uv_size":[-0.246,0.246]},"up":{"uv":[8.0087,1.0377],"uv_size":[0.533,-0.246]},"down":{"uv":[8.5457,1.033],"uv_size":[0.246,-0.533]}}}],"name":"rot_32"},{"parent":"geyser_custom_z","pivot":[-0.95,11,0],"rotation":[-45,0,0],"cubes":[{"origin":[-0.95,7,-4],"size":[0,8,8],"pivot":[-0.95,11,0],"uv":{"north":{"uv":[2.6827,13.3333],"uv_size":[0.984,0]},"south":{"uv":[2.6827,13.3333],"uv_size":[0.984,0]},"east":{"uv":[2.6773,14.0107],"uv_size":[0.656,0.656]},"west":{"uv":[2.6773,14.0107],"uv_size":[0.656,0.656]},"up":{"uv":[2.6667,13.9893],"uv_size":[0,-0.656]},"down":{"uv":[2.6667,13.9893],"uv_size":[0,-0.656]}}}],"name":"rot_33"},{"parent":"geyser_custom_z","pivot":[-8.7382,2.6,0],"rotation":[0,-45,0],"cubes":[{"origin":[-15.7337,6.65,1.0943],"size":[1,1.5,5],"pivot":[-8.7382,2.6,0],"uv":{"north":{"uv":[7.0437,1.082],"uv_size":[0.123,-0.082]},"south":{"uv":[7.0437,1.082],"uv_size":[0.123,-0.082]},"east":{"uv":[7.0437,1.4933],"uv_size":[0.123,-0.41]},"west":{"uv":[6.0437,1.1183],"uv_size":[0.123,-0.41]},"up":{"uv":[6.0013,0.7017],"uv_size":[0.082,-0.41]},"down":{"uv":[6.0847,0.7017],"uv_size":[0.082,-0.41]}}}],"name":"rot_34"},{"parent":"geyser_custom_z","pivot":[-8.7382,5.5,0],"rotation":[0,-45,0],"cubes":[{"origin":[2.7845,5.5,8.2261],"size":[4,2,4],"pivot":[-8.7382,5.5,0],"uv":{"north":{"uv":[6.5053,1.0443],"uv_size":[0.328,0.164]},"south":{"uv":[6.5053,1.3723],"uv_size":[0.328,-0.164]},"east":{"uv":[6.828,1.3723],"uv_size":[-0.328,-0.164]},"west":{"uv":[6.5053,1.0443],"uv_size":[0.328,0.164]},"up":{"uv":[6.828,1.703],"uv_size":[-0.328,-0.328]},"down":{"uv":[6.828,1.3803],"uv_size":[-0.328,0.328]}}},{"origin":[3.7845,3.5,8.2261],"size":[4,2,4],"pivot":[-8.7382,5.5,0],"uv":{"north":{"uv":[6.5053,1.2057],"uv_size":[0.328,-0.164]},"south":{"uv":[6.5053,1.211],"uv_size":[0.328,0.164]},"east":{"uv":[6.5053,1.3723],"uv_size":[0.328,-0.164]},"west":{"uv":[6.5053,1.2057],"uv_size":[0.328,-0.164]},"up":{"uv":[6.5053,1.3803],"uv_size":[0.328,0.328]},"down":{"uv":[6.5053,1.703],"uv_size":[0.328,-0.328]}}},{"origin":[-21.9429,3.5,-14.544],"size":[1,2,3],"pivot":[-8.7382,5.5,0],"uv":{"north":{"uv":[6.2527,2.0403],"uv_size":[0.164,-0.082]},"south":{"uv":[6.836,1.582],"uv_size":[0.164,-0.082]},"east":{"uv":[7.836,0.7877],"uv_size":[0.164,-0.246]},"west":{"uv":[7.836,1.0377],"uv_size":[0.164,-0.246]},"up":{"uv":[7.5873,1.582],"uv_size":[0.246,-0.082]},"down":{"uv":[7.5873,1.582],"uv_size":[0.246,-0.082]}}},{"origin":[-21.9429,5.5,-14.544],"size":[1,2,3],"pivot":[-8.7382,5.5,0],"uv":{"north":{"uv":[6.414,2.0403],"uv_size":[-0.164,-0.082]},"south":{"uv":[6.9973,1.5013],"uv_size":[-0.164,0.082]},"east":{"uv":[7.9973,0.7877],"uv_size":[-0.164,-0.246]},"west":{"uv":[7.9973,1.0377],"uv_size":[-0.164,-0.246]},"up":{"uv":[7.5873,1.5013],"uv_size":[0.246,0.082]},"down":{"uv":[7.5873,1.5013],"uv_size":[0.246,0.082]}}}],"name":"rot_35"},{"parent":"geyser_custom_z","pivot":[-8.7382,5.5,0],"rotation":[0,0,45],"cubes":[{"origin":[2.0358,11.9773,-2],"size":[4,4,2],"pivot":[-8.7382,5.5,0],"uv":{"north":{"uv":[6.5053,1.703],"uv_size":[0.328,-0.328]},"south":{"uv":[6.5053,1.3803],"uv_size":[0.328,0.328]},"east":{"uv":[6.5053,1.211],"uv_size":[0.328,0.164]},"west":{"uv":[6.5053,1.2057],"uv_size":[0.328,-0.164]},"up":{"uv":[6.828,1.211],"uv_size":[-0.328,0.164]},"down":{"uv":[6.828,1.2057],"uv_size":[-0.328,-0.164]}}},{"origin":[2.0358,11.9773,0],"size":[4,4,2],"pivot":[-8.7382,5.5,0],"uv":{"north":{"uv":[6.828,1.3803],"uv_size":[-0.328,0.328]},"south":{"uv":[6.828,1.703],"uv_size":[-0.328,-0.328]},"east":{"uv":[6.5053,1.3723],"uv_size":[0.328,-0.164]},"west":{"uv":[6.5053,1.0443],"uv_size":[0.328,0.164]},"up":{"uv":[6.828,1.3723],"uv_size":[-0.328,-0.164]},"down":{"uv":[6.828,1.0443],"uv_size":[-0.328,0.164]}}}],"name":"rot_36"}]}]}
