{"format_version":"1.16.0","minecraft:geometry":[{"description":{"identifier":"geometry.geyser_custom.geo_fd6d557","texture_width":16,"texture_height":16,"visible_bounds_width":4,"visible_bounds_height":4.5,"visible_bounds_offset":[0,0.75,0]},"bones":[{"name":"geyser_custom","binding":"c.item_slot == 'head' ? 'head' : q.item_slot_to_bone_name(c.item_slot)","pivot":[0,8,0]},{"name":"geyser_custom_x","parent":"geyser_custom","pivot":[0,8,0]},{"name":"geyser_custom_y","parent":"geyser_custom_x","pivot":[0,8,0]},{"name":"geyser_custom_z","parent":"geyser_custom_y","pivot":[0,8,0],"cubes":[]},{"parent":"geyser_custom_z","pivot":[-0.025,9.3234,0],"rotation":[0,0,-45],"cubes":[{"origin":[-8.0898,0.3041,3],"size":[8,8,0],"pivot":[-0.025,9.3234,0],"uv":{"north":{"uv":[4.0107,15.9893],"uv_size":[0.656,-0.656]},"south":{"uv":[4.0107,15.9893],"uv_size":[0.656,-0.656]},"east":{"uv":[4.016,14.6667],"uv_size":[0.984,0]},"west":{"uv":[4.016,14.6667],"uv_size":[0.984,0]},"up":{"uv":[4,15.3227],"uv_size":[0,-0.656]},"down":{"uv":[4,15.3227],"uv_size":[0,-0.656]}}},{"origin":[-8.0898,0.3041,4],"size":[8,8,0],"pivot":[-0.025,9.3234,0],"uv":{"north":{"uv":[2.6773,14.656],"uv_size":[0.656,-0.656]},"south":{"uv":[2.6773,14.656],"uv_size":[0.656,-0.656]},"east":{"uv":[2.6827,13.3333],"uv_size":[0.984,0]},"west":{"uv":[2.6827,13.3333],"uv_size":[0.984,0]},"up":{"uv":[2.6667,13.9893],"uv_size":[0,-0.656]},"down":{"uv":[2.6667,13.9893],"uv_size":[0,-0.656]}}},{"origin":[-8.0898,0.3041,-4],"size":[8,8,0],"pivot":[-0.025,9.3234,0],"uv":{"north":{"uv":[2.6773,14.0107],"uv_size":[0.656,0.656]},"south":{"uv":[2.6773,14.0107],"uv_size":[0.656,0.656]},"east":{"uv":[2.6827,13.3333],"uv_size":[0.984,0]},"west":{"uv":[2.6827,13.3333],"uv_size":[0.984,0]},"up":{"uv":[2.6667,13.9893],"uv_size":[0,-0.656]},"down":{"uv":[2.6667,13.9893],"uv_size":[0,-0.656]}}},{"origin":[-8.0898,0.3041,-3],"size":[8,8,0],"pivot":[-0.025,9.3234,0],"uv":{"north":{"uv":[4.0107,15.344],"uv_size":[0.656,0.656]},"south":{"uv":[4.0107,15.344],"uv_size":[0.656,0.656]},"east":{"uv":[4.016,14.6667],"uv_size":[0.984,0]},"west":{"uv":[4.016,14.6667],"uv_size":[0.984,0]},"up":{"uv":[4,15.3227],"uv_size":[0,-0.656]},"down":{"uv":[4,15.3227],"uv_size":[0,-0.656]}}},{"origin":[-2.0757,1.2901,-2],"size":[1,3,2],"pivot":[-0.025,9.3234,0],"uv":{"north":{"uv":[10.254,11.8763],"uv_size":[0.246,0.082]},"south":{"uv":[10.254,11.8763],"uv_size":[0.246,0.082]},"east":{"uv":[10.5027,11.4623],"uv_size":[0.164,0.246]},"west":{"uv":[10.5027,11.2123],"uv_size":[0.164,0.246]},"up":{"uv":[8.9193,12.6653],"uv_size":[0.164,-0.082]},"down":{"uv":[9.664,12.1263],"uv_size":[-0.164,0.082]}}},{"origin":[-4.0757,1.2901,-2],"size":[2,1,2],"pivot":[-0.025,9.3234,0],"uv":{"north":{"uv":[9.586,11.918],"uv_size":[0.164,0.082]},"south":{"uv":[9.586,11.9987],"uv_size":[0.164,-0.082]},"east":{"uv":[9.5013,11.8565],"uv_size":[0.082,0.1435]},"west":{"uv":[9.5013,11.8565],"uv_size":[0.082,0.1435]},"up":{"uv":[9.7057,11.669],"uv_size":[-0.164,0.1435]},"down":{"uv":[9.7057,11.8102],"uv_size":[-0.164,-0.1435]}}},{"origin":[-4.0757,1.2901,0],"size":[2,1,2],"pivot":[-0.025,9.3234,0],"uv":{"north":{"uv":[9.7473,11.9987],"uv_size":[-0.164,-0.082]},"south":{"uv":[9.7473,11.918],"uv_size":[-0.164,0.082]},"east":{"uv":[9.5013,11.9977],"uv_size":[0.082,-0.1435]},"west":{"uv":[9.5013,11.9977],"uv_size":[0.082,-0.1435]},"up":{"uv":[9.7057,11.8102],"uv_size":[-0.164,-0.1435]},"down":{"uv":[9.7057,11.669],"uv_size":[-0.164,0.1435]}}},{"origin":[-2.0757,1.2901,0],"size":[1,3,2],"pivot":[-0.025,9.3234,0],"uv":{"north":{"uv":[10.254,11.957],"uv_size":[0.246,-0.082]},"south":{"uv":[10.254,11.957],"uv_size":[0.246,-0.082]},"east":{"uv":[10.664,11.4623],"uv_size":[-0.164,0.246]},"west":{"uv":[10.664,11.2123],"uv_size":[-0.164,0.246]},"up":{"uv":[8.9193,12.6653],"uv_size":[0.164,-0.082]},"down":{"uv":[9.5027,12.207],"uv_size":[0.164,-0.082]}}}],"name":"rot_1"},{"parent":"geyser_custom_z","pivot":[-0.025,9.3234,0],"rotation":[0,0,-22.5],"cubes":[{"origin":[-5.8595,-0.8694,3],"size":[8,8,0],"pivot":[-0.025,9.3234,0],"uv":{"north":{"uv":[4.6773,15.9893],"uv_size":[0.656,-0.656]},"south":{"uv":[4.6773,15.9893],"uv_size":[0.656,-0.656]},"east":{"uv":[4.016,14.6667],"uv_size":[0.984,0]},"west":{"uv":[4.016,14.6667],"uv_size":[0.984,0]},"up":{"uv":[4,15.3227],"uv_size":[0,-0.656]},"down":{"uv":[4,15.3227],"uv_size":[0,-0.656]}}},{"origin":[-5.8595,-0.8694,4],"size":[8,8,0],"pivot":[-0.025,9.3234,0],"uv":{"north":{"uv":[3.344,14.656],"uv_size":[0.656,-0.656]},"south":{"uv":[3.344,14.656],"uv_size":[0.656,-0.656]},"east":{"uv":[2.6827,13.3333],"uv_size":[0.984,0]},"west":{"uv":[2.6827,13.3333],"uv_size":[0.984,0]},"up":{"uv":[2.6667,13.9893],"uv_size":[0,-0.656]},"down":{"uv":[2.6667,13.9893],"uv_size":[0,-0.656]}}},{"origin":[-5.8595,-0.8694,-4],"size":[8,8,0],"pivot":[-0.025,9.3234,0],"uv":{"north":{"uv":[3.344,14.0107],"uv_size":[0.656,0.656]},"south":{"uv":[3.344,14.0107],"uv_size":[0.656,0.656]},"east":{"uv":[2.6827,13.3333],"uv_size":[0.984,0]},"west":{"uv":[2.6827,13.3333],"uv_size":[0.984,0]},"up":{"uv":[2.6667,13.9893],"uv_size":[0,-0.656]},"down":{"uv":[2.6667,13.9893],"uv_size":[0,-0.656]}}},{"origin":[-5.8595,-0.8694,-3],"size":[8,8,0],"pivot":[-0.025,9.3234,0],"uv":{"north":{"uv":[4.6773,15.344],"uv_size":[0.656,0.656]},"south":{"uv":[4.6773,15.344],"uv_size":[0.656,0.656]},"east":{"uv":[4.016,14.6667],"uv_size":[0.984,0]},"west":{"uv":[4.016,14.6667],"uv_size":[0.984,0]},"up":{"uv":[4,15.3227],"uv_size":[0,-0.656]},"down":{"uv":[4,15.3227],"uv_size":[0,-0.656]}}}],"name":"rot_2"},{"parent":"geyser_custom_z","pivot":[-0.025,9.3234,0],"rotation":[0,-0,0],"cubes":[{"origin":[-2,2,-2],"size":[4,4,4],"pivot":[-0.025,9.3234,0],"uv":{"north":{"uv":[9.5053,11.3697],"uv_size":[0.328,-0.328]},"south":{"uv":[9.5053,11.047],"uv_size":[0.328,0.328]},"east":{"uv":[9.5053,11.047],"uv_size":[0.328,0.328]},"west":{"uv":[9.5053,11.047],"uv_size":[0.328,0.328]},"up":{"uv":[9.3803,11.703],"uv_size":[0.328,-0.328]},"down":{"uv":[9.3803,11.3803],"uv_size":[0.328,0.328]}}},{"origin":[-3.35,-1.1,3],"size":[8,8,0],"pivot":[-0.025,9.3234,0],"uv":{"north":{"uv":[4.656,14.6773],"uv_size":[-0.656,0.656]},"south":{"uv":[4.656,14.6773],"uv_size":[-0.656,0.656]},"east":{"uv":[4,14.6773],"uv_size":[0,0.656]},"west":{"uv":[4,14.6773],"uv_size":[0,0.656]},"up":{"uv":[4.984,14.6667],"uv_size":[-0.984,0]},"down":{"uv":[4.984,14.6667],"uv_size":[-0.984,0]}}},{"origin":[-3.35,-1.1,4],"size":[8,8,0],"pivot":[-0.025,9.3234,0],"uv":{"north":{"uv":[3.3227,13.344],"uv_size":[-0.656,0.656]},"south":{"uv":[3.3227,13.344],"uv_size":[-0.656,0.656]},"east":{"uv":[2.6667,13.344],"uv_size":[0,0.656]},"west":{"uv":[2.6667,13.344],"uv_size":[0,0.656]},"up":{"uv":[3.6507,13.3333],"uv_size":[-0.984,0]},"down":{"uv":[3.6507,13.3333],"uv_size":[-0.984,0]}}},{"origin":[-3.35,-1.1,-4],"size":[8,8,0],"pivot":[-0.025,9.3234,0],"uv":{"north":{"uv":[2.6773,13.344],"uv_size":[0.656,0.656]},"south":{"uv":[2.6773,13.344],"uv_size":[0.656,0.656]},"east":{"uv":[2.6667,13.344],"uv_size":[0,0.656]},"west":{"uv":[2.6667,13.344],"uv_size":[0,0.656]},"up":{"uv":[3.6507,13.3333],"uv_size":[-0.984,0]},"down":{"uv":[3.6507,13.3333],"uv_size":[-0.984,0]}}},{"origin":[-3.35,-1.1,-3],"size":[8,8,0],"pivot":[-0.025,9.3234,0],"uv":{"north":{"uv":[4.0107,14.6773],"uv_size":[0.656,0.656]},"south":{"uv":[4.0107,14.6773],"uv_size":[0.656,0.656]},"east":{"uv":[4,14.6773],"uv_size":[0,0.656]},"west":{"uv":[4,14.6773],"uv_size":[0,0.656]},"up":{"uv":[4.984,14.6667],"uv_size":[-0.984,0]},"down":{"uv":[4.984,14.6667],"uv_size":[-0.984,0]}}},{"origin":[2.7,-3.1,-1.75],"size":[2,6,3.5],"pivot":[-0.025,9.3234,0],"uv":{"north":{"uv":[8.9973,11.367],"uv_size":[-0.164,-0.492]},"south":{"uv":[8.9973,10.883],"uv_size":[-0.164,0.492]},"east":{"uv":[8.9953,11.883],"uv_size":[-0.287,0.492]},"west":{"uv":[8.9953,11.883],"uv_size":[-0.287,0.492]},"up":{"uv":[9.164,10.9953],"uv_size":[-0.164,-0.287]},"down":{"uv":[9.164,10.713],"uv_size":[-0.164,0.287]}}},{"origin":[2.2,3.6,-1],"size":[2,4.9,1],"pivot":[-0.025,9.3234,0],"uv":{"north":{"uv":[10.664,11.2017],"uv_size":[-0.164,-0.41]},"south":{"uv":[10.664,10.7983],"uv_size":[-0.164,0.41]},"east":{"uv":[8.2567,13.1653],"uv_size":[0.41,-0.082]},"west":{"uv":[8.7487,12.7567],"uv_size":[-0.082,0.41]},"up":{"uv":[9.8307,12.207],"uv_size":[-0.164,-0.082]},"down":{"uv":[9.8307,12.1263],"uv_size":[-0.164,0.082]}}},{"origin":[2.2,3.6,0],"size":[2,4.9,1],"pivot":[-0.025,9.3234,0],"uv":{"north":{"uv":[10.5027,10.7983],"uv_size":[0.164,0.41]},"south":{"uv":[10.5027,11.2017],"uv_size":[0.164,-0.41]},"east":{"uv":[8.2567,13.0847],"uv_size":[0.41,0.082]},"west":{"uv":[8.668,12.7567],"uv_size":[0.082,0.41]},"up":{"uv":[9.8307,12.1263],"uv_size":[-0.164,0.082]},"down":{"uv":[9.8307,12.207],"uv_size":[-0.164,-0.082]}}},{"origin":[-3.5,6,0],"size":[2,6,1.5],"pivot":[-0.025,9.3234,0],"uv":{"north":{"uv":[9.5027,12.2163],"uv_size":[0.164,0.492]},"south":{"uv":[9.5027,12.2163],"uv_size":[0.164,0.492]},"east":{"uv":[9.008,11.0853],"uv_size":[0.492,0.123]},"west":{"uv":[9.6747,10.6687],"uv_size":[0.492,0.123]},"up":{"uv":[9.836,12.127],"uv_size":[0.164,0.123]},"down":{"uv":[9.836,12.127],"uv_size":[0.164,0.123]}}},{"origin":[-3.5,6,-1.5],"size":[2,6,1.5],"pivot":[-0.025,9.3234,0],"uv":{"north":{"uv":[9.664,12.2163],"uv_size":[-0.164,0.492]},"south":{"uv":[9.664,12.2163],"uv_size":[-0.164,0.492]},"east":{"uv":[9.008,11.2063],"uv_size":[0.492,-0.123]},"west":{"uv":[9.6747,10.7897],"uv_size":[0.492,-0.123]},"up":{"uv":[9.836,12.248],"uv_size":[0.164,-0.123]},"down":{"uv":[9.836,12.248],"uv_size":[0.164,-0.123]}}},{"origin":[-0.5,8.25,-0.5],"size":[1,12,1],"pivot":[-0.025,9.3234,0],"uv":{"north":{"uv":[8.0847,11.6507],"uv_size":[0.082,-0.984]},"south":{"uv":[8.0847,11.6507],"uv_size":[0.082,-0.984]},"east":{"uv":[8.168,11.6507],"uv_size":[0.082,-0.984]},"west":{"uv":[8.0013,11.6507],"uv_size":[0.082,-0.984]},"up":{"uv":[9.7097,12.332],"uv_size":[0.082,-0.082]},"down":{"uv":[9.7097,12.332],"uv_size":[0.082,-0.082]}}},{"origin":[0,19.25,0],"size":[3,7,0],"pivot":[-0.025,9.3234,0],"uv":{"north":{"uv":[8.699,12.4207],"uv_size":[-0.574,0.246]},"south":{"uv":[8.1343,12.4207],"uv_size":[0.574,0.246]},"east":{"uv":[10.0927,10.6667],"uv_size":[0.574,0]},"west":{"uv":[10.0927,10.6667],"uv_size":[0.574,0]},"up":{"uv":[8,10.9127],"uv_size":[0,-0.246]},"down":{"uv":[8,10.9127],"uv_size":[0,-0.246]}}},{"origin":[-3,19.25,0],"size":[3,7,0],"pivot":[-0.025,9.3234,0],"uv":{"north":{"uv":[8.699,12.6627],"uv_size":[-0.574,-0.246]},"south":{"uv":[8.1343,12.6627],"uv_size":[0.574,-0.246]},"east":{"uv":[10.0927,10.6667],"uv_size":[0.574,0]},"west":{"uv":[10.0927,10.6667],"uv_size":[0.574,0]},"up":{"uv":[8,10.6707],"uv_size":[0,0.246]},"down":{"uv":[8,10.6707],"uv_size":[0,0.246]}}},{"origin":[0,19.25,-3],"size":[0,7,3],"pivot":[-0.025,9.3234,0],"uv":{"north":{"uv":[8.1343,12.4167],"uv_size":[0.574,0]},"south":{"uv":[10.0927,10.6667],"uv_size":[0.574,0]},"east":{"uv":[8.1343,12.6627],"uv_size":[0.574,-0.246]},"west":{"uv":[8.699,12.6627],"uv_size":[-0.574,-0.246]},"up":{"uv":[8,10.6707],"uv_size":[0,0.246]},"down":{"uv":[8,10.6707],"uv_size":[0,0.246]}}},{"origin":[0,19.25,0],"size":[0,7,3],"pivot":[-0.025,9.3234,0],"uv":{"north":{"uv":[8.1343,12.4167],"uv_size":[0.574,0]},"south":{"uv":[8.1343,12.4167],"uv_size":[0.574,0]},"east":{"uv":[8.1343,12.4207],"uv_size":[0.574,0.246]},"west":{"uv":[8.699,12.4207],"uv_size":[-0.574,0.246]},"up":{"uv":[8,10.9127],"uv_size":[0,-0.246]},"down":{"uv":[8,10.9127],"uv_size":[0,-0.246]}}},{"origin":[-10.75,-7,0],"size":[14,14,0],"pivot":[-0.025,9.3234,0],"uv":{"north":{"uv":[11.8173,13.516],"uv_size":[-1.1507,1.1507]},"south":{"uv":[10.6827,13.516],"uv_size":[1.1507,1.1507]},"east":{"uv":[10.6667,13.3493],"uv_size":[0,1.3173]},"west":{"uv":[10.6667,13.3493],"uv_size":[0,1.3173]},"up":{"uv":[11.0357,13.3333],"uv_size":[-0.369,0]},"down":{"uv":[11.0357,13.3333],"uv_size":[-0.369,0]}}}],"name":"rot_3"},{"parent":"geyser_custom_z","pivot":[-0.025,9.3234,0],"rotation":[0,0,22.5],"cubes":[{"origin":[-0.9432,-0.3527,3],"size":[8,8,0],"pivot":[-0.025,9.3234,0],"uv":{"north":{"uv":[5.3227,14.6773],"uv_size":[-0.656,0.656]},"south":{"uv":[5.3227,14.6773],"uv_size":[-0.656,0.656]},"east":{"uv":[4,14.6773],"uv_size":[0,0.656]},"west":{"uv":[4,14.6773],"uv_size":[0,0.656]},"up":{"uv":[4.984,14.6667],"uv_size":[-0.984,0]},"down":{"uv":[4.984,14.6667],"uv_size":[-0.984,0]}}},{"origin":[-0.9432,-0.3527,4],"size":[8,8,0],"pivot":[-0.025,9.3234,0],"uv":{"north":{"uv":[3.9893,13.344],"uv_size":[-0.656,0.656]},"south":{"uv":[3.9893,13.344],"uv_size":[-0.656,0.656]},"east":{"uv":[2.6667,13.344],"uv_size":[0,0.656]},"west":{"uv":[2.6667,13.344],"uv_size":[0,0.656]},"up":{"uv":[3.6507,13.3333],"uv_size":[-0.984,0]},"down":{"uv":[3.6507,13.3333],"uv_size":[-0.984,0]}}},{"origin":[-0.9432,-0.3527,-4],"size":[8,8,0],"pivot":[-0.025,9.3234,0],"uv":{"north":{"uv":[3.344,13.344],"uv_size":[0.656,0.656]},"south":{"uv":[3.344,13.344],"uv_size":[0.656,0.656]},"east":{"uv":[2.6667,13.344],"uv_size":[0,0.656]},"west":{"uv":[2.6667,13.344],"uv_size":[0,0.656]},"up":{"uv":[3.6507,13.3333],"uv_size":[-0.984,0]},"down":{"uv":[3.6507,13.3333],"uv_size":[-0.984,0]}}},{"origin":[-0.9432,-0.3527,-3],"size":[8,8,0],"pivot":[-0.025,9.3234,0],"uv":{"north":{"uv":[4.6773,14.6773],"uv_size":[0.656,0.656]},"south":{"uv":[4.6773,14.6773],"uv_size":[0.656,0.656]},"east":{"uv":[4,14.6773],"uv_size":[0,0.656]},"west":{"uv":[4,14.6773],"uv_size":[0,0.656]},"up":{"uv":[4.984,14.6667],"uv_size":[-0.984,0]},"down":{"uv":[4.984,14.6667],"uv_size":[-0.984,0]}}},{"origin":[7.0946,-3.3461,-1.25],"size":[2,3,2.5],"pivot":[-0.025,9.3234,0],"uv":{"north":{"uv":[9.289,11.7043],"uv_size":[-0.164,-0.246]},"south":{"uv":[9.289,11.4623],"uv_size":[-0.164,0.246]},"east":{"uv":[9.1707,10.9967],"uv_size":[0.246,-0.205]},"west":{"uv":[8.8373,12.58],"uv_size":[0.246,-0.205]},"up":{"uv":[8.8717,10.8307],"uv_size":[-0.205,-0.164]},"down":{"uv":[8.8717,10.8307],"uv_size":[-0.205,-0.164]}}}],"name":"rot_4"},{"parent":"geyser_custom_z","pivot":[-0.025,9.3234,0],"rotation":[0,-45,0],"cubes":[{"origin":[-2.0609,6,-2.0212],"size":[4,9,4],"pivot":[-0.025,9.3234,0],"uv":{"north":{"uv":[9.8387,11.863],"uv_size":[0.328,-0.738]},"south":{"uv":[9.8387,11.863],"uv_size":[0.328,-0.738]},"east":{"uv":[10.1613,11.863],"uv_size":[-0.328,-0.738]},"west":{"uv":[10.1613,11.863],"uv_size":[-0.328,-0.738]},"up":{"uv":[10.172,11.8697],"uv_size":[0.328,-0.328]},"down":{"uv":[10.172,11.8697],"uv_size":[0.328,-0.328]}}},{"origin":[-2.5609,15,-2.5212],"size":[5,2,5],"pivot":[-0.025,9.3234,0],"uv":{"north":{"uv":[8.2567,13.3307],"uv_size":[0.41,-0.164]},"south":{"uv":[8.2567,13.3307],"uv_size":[0.41,-0.164]},"east":{"uv":[8.66,13.3307],"uv_size":[-0.41,-0.164]},"west":{"uv":[8.66,13.3307],"uv_size":[-0.41,-0.164]},"up":{"uv":[9.09,12.785],"uv_size":[0.41,-0.41]},"down":{"uv":[9.09,13.2017],"uv_size":[0.41,-0.41]}}}],"name":"rot_5"},{"parent":"geyser_custom_z","pivot":[-0.025,9.3234,0],"rotation":[0,0,45],"cubes":[{"origin":[-0.0213,3.3134,-3.25],"size":[3,3,6.5],"pivot":[-0.025,9.3234,0],"uv":{"north":{"uv":[10.004,12.004],"uv_size":[0.246,0.246]},"south":{"uv":[10.246,12.004],"uv_size":[-0.246,0.246]},"east":{"uv":[10.254,11.967],"uv_size":[0.246,0.533]},"west":{"uv":[9.717,12.254],"uv_size":[0.533,0.246]},"up":{"uv":[9.717,12.254],"uv_size":[0.533,0.246]},"down":{"uv":[10.496,12.4913],"uv_size":[-0.246,-0.533]}}},{"origin":[3.0297,3.294,-2.25],"size":[4,4,2],"pivot":[-0.025,9.3234,0],"uv":{"north":{"uv":[9.4947,12.047],"uv_size":[-0.328,0.328]},"south":{"uv":[9.4947,12.3697],"uv_size":[-0.328,-0.328]},"east":{"uv":[9.172,11.8723],"uv_size":[0.328,-0.164]},"west":{"uv":[9.4947,11.8777],"uv_size":[-0.328,0.164]},"up":{"uv":[9.172,11.8777],"uv_size":[0.328,0.164]},"down":{"uv":[9.172,11.8723],"uv_size":[0.328,-0.164]}}},{"origin":[3.0297,3.294,0.25],"size":[4,4,2],"pivot":[-0.025,9.3234,0],"uv":{"north":{"uv":[9.172,12.3697],"uv_size":[0.328,-0.328]},"south":{"uv":[9.172,12.047],"uv_size":[0.328,0.328]},"east":{"uv":[9.172,11.711],"uv_size":[0.328,0.164]},"west":{"uv":[9.172,12.039],"uv_size":[0.328,-0.164]},"up":{"uv":[9.172,12.039],"uv_size":[0.328,-0.164]},"down":{"uv":[9.172,11.711],"uv_size":[0.328,0.164]}}}],"name":"rot_6"}]}]}
