{"format_version":"1.16.0","minecraft:geometry":[{"description":{"identifier":"geometry.geyser_custom.geo_14ddcf5","texture_width":16,"texture_height":16,"visible_bounds_width":4,"visible_bounds_height":4.5,"visible_bounds_offset":[0,0.75,0]},"bones":[{"name":"geyser_custom","binding":"c.item_slot == 'head' ? 'head' : q.item_slot_to_bone_name(c.item_slot)","pivot":[0,8,0]},{"name":"geyser_custom_x","parent":"geyser_custom","pivot":[0,8,0]},{"name":"geyser_custom_y","parent":"geyser_custom_x","pivot":[0,8,0]},{"name":"geyser_custom_z","parent":"geyser_custom_y","pivot":[0,8,0],"cubes":[]},{"parent":"geyser_custom_z","pivot":[-1.5,4.1964,0],"rotation":[45,0,0],"cubes":[{"origin":[-1.5,12.3106,10.2355],"size":[2,4,4],"pivot":[-1.5,4.1964,0],"uv":{"north":{"uv":[14.8697,12.9973],"uv_size":[-0.328,-0.164]},"south":{"uv":[14.547,12.6693],"uv_size":[0.328,0.164]},"east":{"uv":[14.547,13.328],"uv_size":[0.328,-0.328]},"west":{"uv":[14.547,13.0053],"uv_size":[0.328,0.328]},"up":{"uv":[14.8697,12.836],"uv_size":[-0.328,0.164]},"down":{"uv":[14.8697,12.8307],"uv_size":[-0.328,-0.164]}}},{"origin":[-3.5,12.3106,10.2355],"size":[2,4,4],"pivot":[-1.5,4.1964,0],"uv":{"north":{"uv":[14.547,12.9973],"uv_size":[0.328,-0.164]},"south":{"uv":[14.547,12.8307],"uv_size":[0.328,-0.164]},"east":{"uv":[14.8697,13.0053],"uv_size":[-0.328,0.328]},"west":{"uv":[14.8697,13.328],"uv_size":[-0.328,-0.328]},"up":{"uv":[14.8697,12.9973],"uv_size":[-0.328,-0.164]},"down":{"uv":[14.8697,12.6693],"uv_size":[-0.328,0.164]}}},{"origin":[-5.5,10.3459,8.2001],"size":[0,8,8],"pivot":[-1.5,4.1964,0],"uv":{"north":{"uv":[4.016,14.6667],"uv_size":[0.984,0]},"south":{"uv":[4.016,14.6667],"uv_size":[0.984,0]},"east":{"uv":[4.0107,15.9893],"uv_size":[0.656,-0.656]},"west":{"uv":[4.0107,15.9893],"uv_size":[0.656,-0.656]},"up":{"uv":[4,15.3227],"uv_size":[0,-0.656]},"down":{"uv":[4,15.3227],"uv_size":[0,-0.656]}}},{"origin":[-6.5,10.3459,8.2001],"size":[0,8,8],"pivot":[-1.5,4.1964,0],"uv":{"north":{"uv":[2.6827,13.3333],"uv_size":[0.984,0]},"south":{"uv":[2.6827,13.3333],"uv_size":[0.984,0]},"east":{"uv":[2.6773,14.656],"uv_size":[0.656,-0.656]},"west":{"uv":[2.6773,14.656],"uv_size":[0.656,-0.656]},"up":{"uv":[2.6667,13.9893],"uv_size":[0,-0.656]},"down":{"uv":[2.6667,13.9893],"uv_size":[0,-0.656]}}},{"origin":[3.5,10.3459,8.2001],"size":[0,8,8],"pivot":[-1.5,4.1964,0],"uv":{"north":{"uv":[2.6827,13.3333],"uv_size":[0.984,0]},"south":{"uv":[2.6827,13.3333],"uv_size":[0.984,0]},"east":{"uv":[2.6773,14.0107],"uv_size":[0.656,0.656]},"west":{"uv":[2.6773,14.0107],"uv_size":[0.656,0.656]},"up":{"uv":[2.6667,13.9893],"uv_size":[0,-0.656]},"down":{"uv":[2.6667,13.9893],"uv_size":[0,-0.656]}}},{"origin":[2.5,10.3459,8.2001],"size":[0,8,8],"pivot":[-1.5,4.1964,0],"uv":{"north":{"uv":[4.016,14.6667],"uv_size":[0.984,0]},"south":{"uv":[4.016,14.6667],"uv_size":[0.984,0]},"east":{"uv":[4.0107,15.344],"uv_size":[0.656,0.656]},"west":{"uv":[4.0107,15.344],"uv_size":[0.656,0.656]},"up":{"uv":[4,15.3227],"uv_size":[0,-0.656]},"down":{"uv":[4,15.3227],"uv_size":[0,-0.656]}}}],"name":"rot_1"},{"parent":"geyser_custom_z","pivot":[-1.5,4.1964,0],"rotation":[0,0,-45],"cubes":[{"origin":[6.7003,12.3967,3.4],"size":[5,5,2],"pivot":[-1.5,4.1964,0],"uv":{"north":{"uv":[15.9933,12.7017],"uv_size":[-0.41,-0.41]},"south":{"uv":[15.9933,12.285],"uv_size":[-0.41,-0.41]},"east":{"uv":[15.5767,11.8723],"uv_size":[-0.41,-0.164]},"west":{"uv":[15.9933,11.8723],"uv_size":[-0.41,-0.164]},"up":{"uv":[15.59,11.711],"uv_size":[0.41,0.164]},"down":{"uv":[15.5767,11.711],"uv_size":[-0.41,0.164]}}}],"name":"rot_2"},{"parent":"geyser_custom_z","pivot":[-1.5,4.1964,0],"rotation":[22.5,0,0],"cubes":[{"origin":[-2.75,20.5254,1.8861],"size":[2.5,2,3],"pivot":[-1.5,4.1964,0],"uv":{"north":{"uv":[15.2117,11.039],"uv_size":[0.205,-0.164]},"south":{"uv":[15.2117,11.039],"uv_size":[0.205,-0.164]},"east":{"uv":[15.336,12.8373],"uv_size":[0.164,0.246]},"west":{"uv":[15.336,13.0793],"uv_size":[0.164,-0.246]},"up":{"uv":[15.496,12.5383],"uv_size":[-0.246,-0.205]},"down":{"uv":[15.9543,11.205],"uv_size":[-0.246,-0.205]}}},{"origin":[-2.5,1.0541,-0.7717],"size":[2,6,2],"pivot":[-1.5,4.1964,0],"uv":{"north":{"uv":[13.5027,12.8413],"uv_size":[0.164,0.492]},"south":{"uv":[13.5027,12.8413],"uv_size":[0.164,0.492]},"east":{"uv":[13.4973,12.8413],"uv_size":[-0.164,0.492]},"west":{"uv":[13.336,12.8413],"uv_size":[0.164,0.492]},"up":{"uv":[13.4973,12.8307],"uv_size":[-0.164,-0.164]},"down":{"uv":[13.4973,12.8307],"uv_size":[-0.164,-0.164]}}},{"origin":[-5.5,14.2421,3.3874],"size":[0,8,8],"pivot":[-1.5,4.1964,0],"uv":{"north":{"uv":[4.016,14.6667],"uv_size":[0.984,0]},"south":{"uv":[4.016,14.6667],"uv_size":[0.984,0]},"east":{"uv":[4.6773,15.9893],"uv_size":[0.656,-0.656]},"west":{"uv":[4.6773,15.9893],"uv_size":[0.656,-0.656]},"up":{"uv":[4,15.3227],"uv_size":[0,-0.656]},"down":{"uv":[4,15.3227],"uv_size":[0,-0.656]}}},{"origin":[-6.5,14.2421,3.3874],"size":[0,8,8],"pivot":[-1.5,4.1964,0],"uv":{"north":{"uv":[2.6827,13.3333],"uv_size":[0.984,0]},"south":{"uv":[2.6827,13.3333],"uv_size":[0.984,0]},"east":{"uv":[3.344,14.656],"uv_size":[0.656,-0.656]},"west":{"uv":[3.344,14.656],"uv_size":[0.656,-0.656]},"up":{"uv":[2.6667,13.9893],"uv_size":[0,-0.656]},"down":{"uv":[2.6667,13.9893],"uv_size":[0,-0.656]}}},{"origin":[3.5,14.2421,3.3874],"size":[0,8,8],"pivot":[-1.5,4.1964,0],"uv":{"north":{"uv":[2.6827,13.3333],"uv_size":[0.984,0]},"south":{"uv":[2.6827,13.3333],"uv_size":[0.984,0]},"east":{"uv":[3.344,14.0107],"uv_size":[0.656,0.656]},"west":{"uv":[3.344,14.0107],"uv_size":[0.656,0.656]},"up":{"uv":[2.6667,13.9893],"uv_size":[0,-0.656]},"down":{"uv":[2.6667,13.9893],"uv_size":[0,-0.656]}}},{"origin":[2.5,14.2421,3.3874],"size":[0,8,8],"pivot":[-1.5,4.1964,0],"uv":{"north":{"uv":[4.016,14.6667],"uv_size":[0.984,0]},"south":{"uv":[4.016,14.6667],"uv_size":[0.984,0]},"east":{"uv":[4.6773,15.344],"uv_size":[0.656,0.656]},"west":{"uv":[4.6773,15.344],"uv_size":[0.656,0.656]},"up":{"uv":[4,15.3227],"uv_size":[0,-0.656]},"down":{"uv":[4,15.3227],"uv_size":[0,-0.656]}}}],"name":"rot_3"},{"parent":"geyser_custom_z","pivot":[-1.5,4.1964,0],"rotation":[0,0,-22.5],"cubes":[{"origin":[-3.6576,1.6281,0.5],"size":[2,6,2],"pivot":[-1.5,4.1964,0],"uv":{"north":{"uv":[13.336,12.8413],"uv_size":[0.164,0.492]},"south":{"uv":[13.4973,12.8413],"uv_size":[-0.164,0.492]},"east":{"uv":[13.5027,12.8413],"uv_size":[0.164,0.492]},"west":{"uv":[13.5027,12.8413],"uv_size":[0.164,0.492]},"up":{"uv":[13.336,12.6693],"uv_size":[0.164,0.164]},"down":{"uv":[13.336,12.6693],"uv_size":[0.164,0.164]}}}],"name":"rot_4"},{"parent":"geyser_custom_z","pivot":[-1.5,4.1964,0],"rotation":[0,-0,0],"cubes":[{"origin":[-3.25,21,-2.5],"size":[3.5,2,6],"pivot":[-1.5,4.1964,0],"uv":{"north":{"uv":[15.7057,11.2037],"uv_size":[-0.164,-0.287]},"south":{"uv":[15.7057,10.9213],"uv_size":[-0.164,0.287]},"east":{"uv":[15.3777,11.0913],"uv_size":[0.164,0.492]},"west":{"uv":[15.3777,11.5753],"uv_size":[0.164,-0.492]},"up":{"uv":[15.8287,11.7003],"uv_size":[-0.287,-0.492]},"down":{"uv":[15.8287,11.7003],"uv_size":[-0.287,-0.492]}}},{"origin":[-3.25,14,-0.5],"size":[3.5,6,4],"pivot":[-1.5,4.1964,0],"uv":{"north":{"uv":[14.8387,10.883],"uv_size":[0.328,0.492]},"south":{"uv":[14.8387,10.883],"uv_size":[0.328,0.492]},"east":{"uv":[14.8387,10.883],"uv_size":[0.328,0.492]},"west":{"uv":[14.8387,11.367],"uv_size":[0.328,-0.492]},"up":{"uv":[15.2553,12.162],"uv_size":[0.328,-0.287]},"down":{"uv":[15.2553,11.8797],"uv_size":[0.328,0.287]}}},{"origin":[-2.5,-1.5,0.5],"size":[2,6,2],"pivot":[-1.5,4.1964,0],"uv":{"north":{"uv":[14.8777,12.8413],"uv_size":[0.164,0.492]},"south":{"uv":[14.8777,12.8413],"uv_size":[0.164,0.492]},"east":{"uv":[15.0443,12.8413],"uv_size":[0.164,0.492]},"west":{"uv":[15.0443,13.3253],"uv_size":[0.164,-0.492]},"up":{"uv":[14.836,10.8307],"uv_size":[0.164,-0.164]},"down":{"uv":[14.836,10.6693],"uv_size":[0.164,0.164]}}},{"origin":[-2.5,-13.5,0.5],"size":[2,6,2],"pivot":[-1.5,4.1964,0],"uv":{"north":{"uv":[14.8777,12.8413],"uv_size":[0.164,0.492]},"south":{"uv":[14.8777,12.8413],"uv_size":[0.164,0.492]},"east":{"uv":[15.0443,12.8413],"uv_size":[0.164,0.492]},"west":{"uv":[15.0443,13.3253],"uv_size":[0.164,-0.492]},"up":{"uv":[14.836,10.8307],"uv_size":[0.164,-0.164]},"down":{"uv":[14.836,10.6693],"uv_size":[0.164,0.164]}}},{"origin":[-2.5,-7.5,0.5],"size":[2,6,2],"pivot":[-1.5,4.1964,0],"uv":{"north":{"uv":[14.8777,13.3253],"uv_size":[0.164,-0.492]},"south":{"uv":[14.8777,13.3253],"uv_size":[0.164,-0.492]},"east":{"uv":[15.0443,13.3253],"uv_size":[0.164,-0.492]},"west":{"uv":[15.0443,12.8413],"uv_size":[0.164,0.492]},"up":{"uv":[14.836,10.8307],"uv_size":[0.164,-0.164]},"down":{"uv":[14.836,10.6693],"uv_size":[0.164,0.164]}}},{"origin":[-2.5,8,0.5],"size":[2,6,2],"pivot":[-1.5,4.1964,0],"uv":{"north":{"uv":[14.8777,12.8413],"uv_size":[0.164,0.492]},"south":{"uv":[14.8777,12.8413],"uv_size":[0.164,0.492]},"east":{"uv":[15.0443,12.8413],"uv_size":[0.164,0.492]},"west":{"uv":[15.0443,13.3253],"uv_size":[0.164,-0.492]},"up":{"uv":[14.836,10.8307],"uv_size":[0.164,-0.164]},"down":{"uv":[14.836,10.6693],"uv_size":[0.164,0.164]}}},{"origin":[-5.5,16,-2.55],"size":[0,8,8],"pivot":[-1.5,4.1964,0],"uv":{"north":{"uv":[4,14.6773],"uv_size":[0,0.656]},"south":{"uv":[4,14.6773],"uv_size":[0,0.656]},"east":{"uv":[4.656,14.6773],"uv_size":[-0.656,0.656]},"west":{"uv":[4.656,14.6773],"uv_size":[-0.656,0.656]},"up":{"uv":[4.984,14.6667],"uv_size":[-0.984,0]},"down":{"uv":[4.984,14.6667],"uv_size":[-0.984,0]}}},{"origin":[-6.5,16,-2.55],"size":[0,8,8],"pivot":[-1.5,4.1964,0],"uv":{"north":{"uv":[2.6667,13.344],"uv_size":[0,0.656]},"south":{"uv":[2.6667,13.344],"uv_size":[0,0.656]},"east":{"uv":[3.3227,13.344],"uv_size":[-0.656,0.656]},"west":{"uv":[3.3227,13.344],"uv_size":[-0.656,0.656]},"up":{"uv":[3.6507,13.3333],"uv_size":[-0.984,0]},"down":{"uv":[3.6507,13.3333],"uv_size":[-0.984,0]}}},{"origin":[3.5,16,-2.55],"size":[0,8,8],"pivot":[-1.5,4.1964,0],"uv":{"north":{"uv":[2.6667,13.344],"uv_size":[0,0.656]},"south":{"uv":[2.6667,13.344],"uv_size":[0,0.656]},"east":{"uv":[2.6773,13.344],"uv_size":[0.656,0.656]},"west":{"uv":[2.6773,13.344],"uv_size":[0.656,0.656]},"up":{"uv":[3.6507,13.3333],"uv_size":[-0.984,0]},"down":{"uv":[3.6507,13.3333],"uv_size":[-0.984,0]}}},{"origin":[-0.5,7,4.5],"size":[0,14,14],"pivot":[-1.5,4.1964,0],"uv":{"north":{"uv":[10.6667,13.3493],"uv_size":[0,1.3173]},"south":{"uv":[10.6667,13.3493],"uv_size":[0,1.3173]},"east":{"uv":[11.8173,13.516],"uv_size":[-1.1507,1.1507]},"west":{"uv":[10.6827,13.516],"uv_size":[1.1507,1.1507]},"up":{"uv":[11.0357,13.3333],"uv_size":[-0.369,0]},"down":{"uv":[11.0357,13.3333],"uv_size":[-0.369,0]}}},{"origin":[2.5,16,-2.55],"size":[0,8,8],"pivot":[-1.5,4.1964,0],"uv":{"north":{"uv":[4,14.6773],"uv_size":[0,0.656]},"south":{"uv":[4,14.6773],"uv_size":[0,0.656]},"east":{"uv":[4.0107,14.6773],"uv_size":[0.656,0.656]},"west":{"uv":[4.0107,14.6773],"uv_size":[0.656,0.656]},"up":{"uv":[4.984,14.6667],"uv_size":[-0.984,0]},"down":{"uv":[4.984,14.6667],"uv_size":[-0.984,0]}}},{"origin":[-3.5,6,-0.5],"size":[4,2,4],"pivot":[-1.5,4.1964,0],"uv":{"north":{"uv":[13.9947,13.1693],"uv_size":[-0.328,0.164]},"south":{"uv":[13.9947,13.1693],"uv_size":[-0.328,0.164]},"east":{"uv":[13.9947,13.1693],"uv_size":[-0.328,0.164]},"west":{"uv":[13.9947,13.1693],"uv_size":[-0.328,0.164]},"up":{"uv":[13.672,13.1613],"uv_size":[0.328,-0.328]},"down":{"uv":[14.047,13.328],"uv_size":[0.328,-0.328]}}},{"origin":[-1.5,10,-22.5],"size":[0,12,22],"pivot":[-1.5,4.1964,0],"uv":{"north":{"uv":[13.3333,10.6827],"uv_size":[0,0.984]},"south":{"uv":[13.3333,10.6827],"uv_size":[0,0.984]},"east":{"uv":[13.3493,12.484],"uv_size":[0.984,-1.8173]},"west":{"uv":[13.3493,10.6827],"uv_size":[0.984,1.8173]},"up":{"uv":[15.1507,10.6667],"uv_size":[-1.8173,0]},"down":{"uv":[15.1507,10.6667],"uv_size":[-1.8173,0]}}},{"origin":[-1.75,18,-12.5],"size":[0.5,2,10],"pivot":[-1.5,4.1964,0],"uv":{"north":{"uv":[13.5027,11.6257],"uv_size":[0.164,0.041]},"south":{"uv":[13.5027,11.6257],"uv_size":[0.164,0.041]},"east":{"uv":[13.5027,11.6533],"uv_size":[0.164,-0.82]},"west":{"uv":[13.5027,10.8467],"uv_size":[0.164,0.82]},"up":{"uv":[13.541,11.6533],"uv_size":[-0.041,-0.82]},"down":{"uv":[13.666,11.6533],"uv_size":[-0.041,-0.82]}}},{"origin":[-3,-15.5,0],"size":[3,2,3],"pivot":[-1.5,4.1964,0],"uv":{"north":{"uv":[15.496,10.6693],"uv_size":[-0.246,0.164]},"south":{"uv":[15.496,10.6693],"uv_size":[-0.246,0.164]},"east":{"uv":[15.746,10.6693],"uv_size":[-0.246,0.164]},"west":{"uv":[15.746,10.6693],"uv_size":[-0.246,0.164]},"up":{"uv":[15.754,10.9127],"uv_size":[0.246,-0.246]},"down":{"uv":[15.129,11.621],"uv_size":[0.246,-0.246]}}}],"name":"rot_5"},{"parent":"geyser_custom_z","pivot":[-1.5,4.1964,0],"rotation":[-22.5,0,0],"cubes":[{"origin":[-5.5,15.3519,-8.7081],"size":[0,8,8],"pivot":[-1.5,4.1964,0],"uv":{"north":{"uv":[4,14.6773],"uv_size":[0,0.656]},"south":{"uv":[4,14.6773],"uv_size":[0,0.656]},"east":{"uv":[5.3227,14.6773],"uv_size":[-0.656,0.656]},"west":{"uv":[5.3227,14.6773],"uv_size":[-0.656,0.656]},"up":{"uv":[4.984,14.6667],"uv_size":[-0.984,0]},"down":{"uv":[4.984,14.6667],"uv_size":[-0.984,0]}}},{"origin":[-6.5,15.3519,-8.7081],"size":[0,8,8],"pivot":[-1.5,4.1964,0],"uv":{"north":{"uv":[2.6667,13.344],"uv_size":[0,0.656]},"south":{"uv":[2.6667,13.344],"uv_size":[0,0.656]},"east":{"uv":[3.9893,13.344],"uv_size":[-0.656,0.656]},"west":{"uv":[3.9893,13.344],"uv_size":[-0.656,0.656]},"up":{"uv":[3.6507,13.3333],"uv_size":[-0.984,0]},"down":{"uv":[3.6507,13.3333],"uv_size":[-0.984,0]}}},{"origin":[3.5,15.3519,-8.7081],"size":[0,8,8],"pivot":[-1.5,4.1964,0],"uv":{"north":{"uv":[2.6667,13.344],"uv_size":[0,0.656]},"south":{"uv":[2.6667,13.344],"uv_size":[0,0.656]},"east":{"uv":[3.344,13.344],"uv_size":[0.656,0.656]},"west":{"uv":[3.344,13.344],"uv_size":[0.656,0.656]},"up":{"uv":[3.6507,13.3333],"uv_size":[-0.984,0]},"down":{"uv":[3.6507,13.3333],"uv_size":[-0.984,0]}}},{"origin":[2.5,15.3519,-8.7081],"size":[0,8,8],"pivot":[-1.5,4.1964,0],"uv":{"north":{"uv":[4,14.6773],"uv_size":[0,0.656]},"south":{"uv":[4,14.6773],"uv_size":[0,0.656]},"east":{"uv":[4.6773,14.6773],"uv_size":[0.656,0.656]},"west":{"uv":[4.6773,14.6773],"uv_size":[0.656,0.656]},"up":{"uv":[4.984,14.6667],"uv_size":[-0.984,0]},"down":{"uv":[4.984,14.6667],"uv_size":[-0.984,0]}}},{"origin":[-2.5,2.2021,1.5434],"size":[2,6,2],"pivot":[-1.5,4.1964,0],"uv":{"north":{"uv":[13.664,12.8413],"uv_size":[-0.164,0.492]},"south":{"uv":[13.5027,12.8413],"uv_size":[0.164,0.492]},"east":{"uv":[13.336,12.8413],"uv_size":[0.164,0.492]},"west":{"uv":[13.4973,12.8413],"uv_size":[-0.164,0.492]},"up":{"uv":[13.336,12.8307],"uv_size":[0.164,-0.164]},"down":{"uv":[13.336,12.8307],"uv_size":[0.164,-0.164]}}}],"name":"rot_6"},{"parent":"geyser_custom_z","pivot":[-1.5,4.1964,0],"rotation":[0,0,22.5],"cubes":[{"origin":[-1.3424,1.6281,0.5],"size":[2,6,2],"pivot":[-1.5,4.1964,0],"uv":{"north":{"uv":[13.4973,12.8413],"uv_size":[-0.164,0.492]},"south":{"uv":[13.336,12.8413],"uv_size":[0.164,0.492]},"east":{"uv":[13.664,12.8413],"uv_size":[-0.164,0.492]},"west":{"uv":[13.5027,12.8413],"uv_size":[0.164,0.492]},"up":{"uv":[13.4973,12.6693],"uv_size":[-0.164,0.164]},"down":{"uv":[13.4973,12.6693],"uv_size":[-0.164,0.164]}}}],"name":"rot_7"},{"parent":"geyser_custom_z","pivot":[-1.5,4.1964,0],"rotation":[-45,0,0],"cubes":[{"origin":[-1.5,13.4532,-12.0928],"size":[2,1,2],"pivot":[-1.5,4.1964,0],"uv":{"north":{"uv":[14.8347,11.9977],"uv_size":[0.082,-0.1435]},"south":{"uv":[14.8347,11.9977],"uv_size":[0.082,-0.1435]},"east":{"uv":[15.0807,11.9987],"uv_size":[-0.164,-0.082]},"west":{"uv":[15.0807,11.918],"uv_size":[-0.164,0.082]},"up":{"uv":[14.8777,11.669],"uv_size":[0.164,0.1435]},"down":{"uv":[14.8777,11.8102],"uv_size":[0.164,-0.1435]}}},{"origin":[-1.5,13.4532,-13.0928],"size":[2,3,1],"pivot":[-1.5,4.1964,0],"uv":{"north":{"uv":[15.9973,11.2123],"uv_size":[-0.164,0.246]},"south":{"uv":[15.9973,11.4623],"uv_size":[-0.164,0.246]},"east":{"uv":[15.754,12.7903],"uv_size":[0.246,-0.082]},"west":{"uv":[15.754,12.7903],"uv_size":[0.246,-0.082]},"up":{"uv":[15.336,12.543],"uv_size":[0.164,0.082]},"down":{"uv":[15.086,12.3347],"uv_size":[0.164,0.082]}}},{"origin":[-3.5,13.4532,-13.0928],"size":[2,3,1],"pivot":[-1.5,4.1964,0],"uv":{"north":{"uv":[15.836,11.2123],"uv_size":[0.164,0.246]},"south":{"uv":[15.836,11.4623],"uv_size":[0.164,0.246]},"east":{"uv":[15.754,12.7097],"uv_size":[0.246,0.082]},"west":{"uv":[15.754,12.7097],"uv_size":[0.246,0.082]},"up":{"uv":[15.336,12.543],"uv_size":[0.164,0.082]},"down":{"uv":[15.086,12.3347],"uv_size":[0.164,0.082]}}},{"origin":[-3.5,13.4532,-12.0928],"size":[2,1,2],"pivot":[-1.5,4.1964,0],"uv":{"north":{"uv":[14.8347,11.8565],"uv_size":[0.082,0.1435]},"south":{"uv":[14.8347,11.8565],"uv_size":[0.082,0.1435]},"east":{"uv":[14.9193,11.918],"uv_size":[0.164,0.082]},"west":{"uv":[14.9193,11.9987],"uv_size":[0.164,-0.082]},"up":{"uv":[14.8777,11.8102],"uv_size":[0.164,-0.1435]},"down":{"uv":[14.8777,11.669],"uv_size":[0.164,0.1435]}}},{"origin":[-2,11.2964,-12.7213],"size":[1,4,4.5],"pivot":[-1.5,4.1964,0],"uv":{"north":{"uv":[14.3347,10.672],"uv_size":[0.082,0.328]},"south":{"uv":[14.3347,10.672],"uv_size":[0.082,0.328]},"east":{"uv":[14.7857,10.7553],"uv_size":[-0.369,0.328]},"west":{"uv":[14.4227,10.7553],"uv_size":[0.369,0.328]},"up":{"uv":[14.7857,10.7487],"uv_size":[-0.369,-0.082]},"down":{"uv":[14.7857,10.7487],"uv_size":[-0.369,-0.082]}}},{"origin":[-4.75,18.4624,-12.1748],"size":[6.5,3,3],"pivot":[-1.5,4.1964,0],"uv":{"north":{"uv":[15.754,12.8003],"uv_size":[0.246,0.533]},"south":{"uv":[15.217,13.0873],"uv_size":[0.533,0.246]},"east":{"uv":[15.746,12.8373],"uv_size":[-0.246,0.246]},"west":{"uv":[15.504,12.8373],"uv_size":[0.246,0.246]},"up":{"uv":[15.217,13.0873],"uv_size":[0.533,0.246]},"down":{"uv":[15.996,13.3247],"uv_size":[-0.246,-0.533]}}}],"name":"rot_8"}]}]}
