{"format_version":"1.16.0","minecraft:geometry":[{"description":{"identifier":"geometry.geyser_custom.geo_7e50e16","texture_width":16,"texture_height":16,"visible_bounds_width":4,"visible_bounds_height":4.5,"visible_bounds_offset":[0,0.75,0]},"bones":[{"name":"geyser_custom","binding":"c.item_slot == 'head' ? 'head' : q.item_slot_to_bone_name(c.item_slot)","pivot":[0,8,0]},{"name":"geyser_custom_x","parent":"geyser_custom","pivot":[0,8,0]},{"name":"geyser_custom_y","parent":"geyser_custom_x","pivot":[0,8,0]},{"name":"geyser_custom_z","parent":"geyser_custom_y","pivot":[0,8,0],"cubes":[{"origin":[1.75,21,-1.5],"size":[1,6,1],"uv":{"north":{"uv":[5.418,14.8413],"uv_size":[0.082,0.492]},"south":{"uv":[5.418,14.8413],"uv_size":[0.082,0.492]},"east":{"uv":[5.3347,14.8413],"uv_size":[0.082,0.492]},"west":{"uv":[5.3347,14.8413],"uv_size":[0.082,0.492]},"up":{"uv":[5.582,15.4987],"uv_size":[-0.082,-0.082]},"down":{"uv":[5.582,15.4987],"uv_size":[-0.082,-0.082]}}}]},{"parent":"geyser_custom_z","pivot":[-3,20,-0.75],"rotation":[0,0,-45],"cubes":[{"origin":[-0.9,14.9,-2],"size":[2,1,2],"pivot":[-3,20,-0.75],"uv":{"north":{"uv":[6.9193,14.5847],"uv_size":[0.164,0.082]},"south":{"uv":[6.9193,14.6653],"uv_size":[0.164,-0.082]},"east":{"uv":[6.8347,14.5232],"uv_size":[0.082,0.1435]},"west":{"uv":[6.8347,14.5232],"uv_size":[0.082,0.1435]},"up":{"uv":[7.039,14.3357],"uv_size":[-0.164,0.1435]},"down":{"uv":[7.039,14.4768],"uv_size":[-0.164,-0.1435]}}},{"origin":[1.1,14.9,-2],"size":[1,3,2],"pivot":[-3,20,-0.75],"uv":{"north":{"uv":[7.754,15.3763],"uv_size":[0.246,0.082]},"south":{"uv":[7.754,15.3763],"uv_size":[0.246,0.082]},"east":{"uv":[7.836,14.129],"uv_size":[0.164,0.246]},"west":{"uv":[7.836,13.879],"uv_size":[0.164,0.246]},"up":{"uv":[7.336,15.2903],"uv_size":[0.164,-0.082]},"down":{"uv":[7.086,15.082],"uv_size":[0.164,-0.082]}}}],"name":"rot_1"},{"parent":"geyser_custom_z","pivot":[-3,20,0.75],"rotation":[0,0,-45],"cubes":[{"origin":[1.1,14.9,0],"size":[1,3,2],"pivot":[-3,20,0.75],"uv":{"north":{"uv":[7.754,15.457],"uv_size":[0.246,-0.082]},"south":{"uv":[7.754,15.457],"uv_size":[0.246,-0.082]},"east":{"uv":[7.9973,14.129],"uv_size":[-0.164,0.246]},"west":{"uv":[7.9973,13.879],"uv_size":[-0.164,0.246]},"up":{"uv":[7.336,15.2903],"uv_size":[0.164,-0.082]},"down":{"uv":[7.086,15.082],"uv_size":[0.164,-0.082]}}},{"origin":[-0.9,14.9,0],"size":[2,1,2],"pivot":[-3,20,0.75],"uv":{"north":{"uv":[7.0807,14.6653],"uv_size":[-0.164,-0.082]},"south":{"uv":[7.0807,14.5847],"uv_size":[-0.164,0.082]},"east":{"uv":[6.8347,14.6643],"uv_size":[0.082,-0.1435]},"west":{"uv":[6.8347,14.6643],"uv_size":[0.082,-0.1435]},"up":{"uv":[7.039,14.4768],"uv_size":[-0.164,-0.1435]},"down":{"uv":[7.039,14.3357],"uv_size":[-0.164,0.1435]}}}],"name":"rot_2"},{"parent":"geyser_custom_z","pivot":[0,7.6522,0],"rotation":[22.5,0,0],"cubes":[{"origin":[-1,5.1247,-2.1407],"size":[2,6,2],"pivot":[0,7.6522,0],"uv":{"north":{"uv":[5.664,15.508],"uv_size":[-0.164,0.492]},"south":{"uv":[5.5027,15.508],"uv_size":[0.164,0.492]},"east":{"uv":[5.4973,15.508],"uv_size":[-0.164,0.492]},"west":{"uv":[5.336,15.508],"uv_size":[0.164,0.492]},"up":{"uv":[5.4973,15.4973],"uv_size":[-0.164,-0.164]},"down":{"uv":[5.4973,15.4973],"uv_size":[-0.164,-0.164]}}}],"name":"rot_3"},{"parent":"geyser_custom_z","pivot":[-0.05,28,0],"rotation":[0,22.5,0],"cubes":[{"origin":[-4.05,28,-4],"size":[8,0,8],"pivot":[-0.05,28,0],"uv":{"north":{"uv":[4.016,14.6667],"uv_size":[0.984,0]},"south":{"uv":[4.016,14.6667],"uv_size":[0.984,0]},"east":{"uv":[4,14.6773],"uv_size":[0,0.656]},"west":{"uv":[4,14.6773],"uv_size":[0,0.656]},"up":{"uv":[5.3227,15.3227],"uv_size":[-0.656,-0.656]},"down":{"uv":[5.3227,15.3227],"uv_size":[-0.656,-0.656]}}}],"name":"rot_4"},{"parent":"geyser_custom_z","pivot":[-0.05,29,0],"rotation":[0,22.5,0],"cubes":[{"origin":[-4.05,29,-4],"size":[8,0,8],"pivot":[-0.05,29,0],"uv":{"north":{"uv":[2.6827,13.3333],"uv_size":[0.984,0]},"south":{"uv":[2.6827,13.3333],"uv_size":[0.984,0]},"east":{"uv":[2.6667,13.344],"uv_size":[0,0.656]},"west":{"uv":[2.6667,13.344],"uv_size":[0,0.656]},"up":{"uv":[3.9893,13.9893],"uv_size":[-0.656,-0.656]},"down":{"uv":[3.9893,13.9893],"uv_size":[-0.656,-0.656]}}}],"name":"rot_5"},{"parent":"geyser_custom_z","pivot":[0,7.6522,0],"rotation":[0,0,-22.5],"cubes":[{"origin":[-2.1407,5.1247,-1],"size":[2,6,2],"pivot":[0,7.6522,0],"uv":{"north":{"uv":[5.336,15.508],"uv_size":[0.164,0.492]},"south":{"uv":[5.4973,15.508],"uv_size":[-0.164,0.492]},"east":{"uv":[5.664,15.508],"uv_size":[-0.164,0.492]},"west":{"uv":[5.5027,15.508],"uv_size":[0.164,0.492]},"up":{"uv":[5.4973,15.4973],"uv_size":[-0.164,-0.164]},"down":{"uv":[5.4973,15.4973],"uv_size":[-0.164,-0.164]}}}],"name":"rot_6"},{"parent":"geyser_custom_z","pivot":[-4,14,-0.25],"rotation":[0,0,-22.5],"cubes":[{"origin":[-4,11,-1.25],"size":[2,3,2.5],"pivot":[-4,14,-0.25],"uv":{"north":{"uv":[7.336,15.746],"uv_size":[0.164,-0.246]},"south":{"uv":[7.336,15.504],"uv_size":[0.164,0.246]},"east":{"uv":[7.254,15.0033],"uv_size":[0.246,0.205]},"west":{"uv":[7.7123,13.67],"uv_size":[0.246,0.205]},"up":{"uv":[7.4133,13.5443],"uv_size":[-0.205,0.164]},"down":{"uv":[7.4133,13.5443],"uv_size":[-0.205,0.164]}}}],"name":"rot_7"},{"parent":"geyser_custom_z","pivot":[8,0,8],"rotation":[0,-0,0],"cubes":[{"origin":[1.75,21,0.5],"size":[1,6,1],"pivot":[8,0,8],"uv":{"north":{"uv":[5.4987,14.8413],"uv_size":[-0.082,0.492]},"south":{"uv":[5.4987,14.8413],"uv_size":[-0.082,0.492]},"east":{"uv":[5.4153,14.8413],"uv_size":[-0.082,0.492]},"west":{"uv":[5.4153,14.8413],"uv_size":[-0.082,0.492]},"up":{"uv":[5.582,15.418],"uv_size":[-0.082,0.082]},"down":{"uv":[5.582,15.418],"uv_size":[-0.082,0.082]}}}],"name":"rot_8"},{"parent":"geyser_custom_z","pivot":[8,10,-8],"rotation":[0,-0,0],"cubes":[{"origin":[-1.5,-12,-1.5],"size":[3,2,3],"pivot":[8,10,-8],"uv":{"north":{"uv":[7.504,13.336],"uv_size":[0.246,0.164]},"south":{"uv":[7.504,13.336],"uv_size":[0.246,0.164]},"east":{"uv":[7.254,13.336],"uv_size":[0.246,0.164]},"west":{"uv":[7.254,13.336],"uv_size":[0.246,0.164]},"up":{"uv":[7.996,13.5793],"uv_size":[-0.246,-0.246]},"down":{"uv":[7.371,14.2877],"uv_size":[-0.246,-0.246]}}}],"name":"rot_9"},{"parent":"geyser_custom_z","pivot":[8,16.5,-8],"rotation":[0,-0,0],"cubes":[{"origin":[-2,9.5,-2],"size":[4,2,4],"pivot":[8,16.5,-8],"uv":{"north":{"uv":[5.672,15.836],"uv_size":[0.328,0.164]},"south":{"uv":[5.672,15.836],"uv_size":[0.328,0.164]},"east":{"uv":[5.672,15.836],"uv_size":[0.328,0.164]},"west":{"uv":[5.672,15.836],"uv_size":[0.328,0.164]},"up":{"uv":[5.9947,15.828],"uv_size":[-0.328,-0.328]},"down":{"uv":[6.3697,15.9947],"uv_size":[-0.328,-0.328]}}}],"name":"rot_10"},{"parent":"geyser_custom_z","pivot":[4,-10,-0.25],"rotation":[0,-0,0],"cubes":[{"origin":[-1,-10,-1],"size":[2,6,2],"pivot":[4,-10,-0.25],"uv":{"north":{"uv":[7.2057,15.992],"uv_size":[-0.164,-0.492]},"south":{"uv":[7.2057,15.508],"uv_size":[-0.164,0.492]},"east":{"uv":[7.039,15.508],"uv_size":[-0.164,0.492]},"west":{"uv":[7.039,15.508],"uv_size":[-0.164,0.492]},"up":{"uv":[6.9973,13.4973],"uv_size":[-0.164,-0.164]},"down":{"uv":[6.9973,13.336],"uv_size":[-0.164,0.164]}}}],"name":"rot_11"},{"parent":"geyser_custom_z","pivot":[4,8,-0.25],"rotation":[0,-0,0],"cubes":[{"origin":[-1,2,-1],"size":[2,6,2],"pivot":[4,8,-0.25],"uv":{"north":{"uv":[7.2057,15.992],"uv_size":[-0.164,-0.492]},"south":{"uv":[7.2057,15.508],"uv_size":[-0.164,0.492]},"east":{"uv":[7.039,15.508],"uv_size":[-0.164,0.492]},"west":{"uv":[7.039,15.508],"uv_size":[-0.164,0.492]},"up":{"uv":[6.9973,13.4973],"uv_size":[-0.164,-0.164]},"down":{"uv":[6.9973,13.336],"uv_size":[-0.164,0.164]}}}],"name":"rot_12"},{"parent":"geyser_custom_z","pivot":[4,14,-0.25],"rotation":[0,-0,0],"cubes":[{"origin":[2,14,-1.75],"size":[2,6,3.5],"pivot":[4,14,-0.25],"uv":{"north":{"uv":[7.539,14.242],"uv_size":[-0.164,-0.492]},"south":{"uv":[7.539,13.758],"uv_size":[-0.164,0.492]},"east":{"uv":[7.8287,13.883],"uv_size":[-0.287,0.492]},"west":{"uv":[7.8287,13.883],"uv_size":[-0.287,0.492]},"up":{"uv":[7.7057,13.8703],"uv_size":[-0.164,-0.287]},"down":{"uv":[7.7057,13.588],"uv_size":[-0.164,0.287]}}},{"origin":[-2,14,-1.75],"size":[4,6,3.5],"pivot":[4,14,-0.25],"uv":{"north":{"uv":[7.1613,14.0337],"uv_size":[-0.328,-0.492]},"south":{"uv":[7.1613,13.5497],"uv_size":[-0.328,0.492]},"east":{"uv":[7.1613,13.5497],"uv_size":[-0.328,0.492]},"west":{"uv":[7.1613,13.5497],"uv_size":[-0.328,0.492]},"up":{"uv":[7.578,14.8287],"uv_size":[-0.328,-0.287]},"down":{"uv":[7.578,14.5463],"uv_size":[-0.328,0.287]}}}],"name":"rot_13"},{"parent":"geyser_custom_z","pivot":[4,30,-0.25],"rotation":[0,-0,0],"cubes":[{"origin":[-1,-4,-1],"size":[2,6,2],"pivot":[4,30,-0.25],"uv":{"north":{"uv":[7.2057,15.508],"uv_size":[-0.164,0.492]},"south":{"uv":[7.2057,15.992],"uv_size":[-0.164,-0.492]},"east":{"uv":[7.039,15.992],"uv_size":[-0.164,-0.492]},"west":{"uv":[7.039,15.992],"uv_size":[-0.164,-0.492]},"up":{"uv":[6.9973,13.4973],"uv_size":[-0.164,-0.164]},"down":{"uv":[6.9973,13.336],"uv_size":[-0.164,0.164]}}}],"name":"rot_14"},{"parent":"geyser_custom_z","pivot":[4,46,-0.25],"rotation":[0,-0,0],"cubes":[{"origin":[-1,8,-1],"size":[2,6,2],"pivot":[4,46,-0.25],"uv":{"north":{"uv":[7.2057,15.508],"uv_size":[-0.164,0.492]},"south":{"uv":[7.2057,15.992],"uv_size":[-0.164,-0.492]},"east":{"uv":[7.039,15.992],"uv_size":[-0.164,-0.492]},"west":{"uv":[7.039,15.992],"uv_size":[-0.164,-0.492]},"up":{"uv":[6.9973,13.4973],"uv_size":[-0.164,-0.164]},"down":{"uv":[6.9973,13.336],"uv_size":[-0.164,0.164]}}}],"name":"rot_15"},{"parent":"geyser_custom_z","pivot":[1.95,28,-2],"rotation":[0,-0,0],"cubes":[{"origin":[-4.05,28,-4],"size":[8,0,8],"pivot":[1.95,28,-2],"uv":{"north":{"uv":[4.016,14.6667],"uv_size":[0.984,0]},"south":{"uv":[4.016,14.6667],"uv_size":[0.984,0]},"east":{"uv":[4,14.6773],"uv_size":[0,0.656]},"west":{"uv":[4,14.6773],"uv_size":[0,0.656]},"up":{"uv":[4.656,15.3227],"uv_size":[-0.656,-0.656]},"down":{"uv":[4.656,15.3227],"uv_size":[-0.656,-0.656]}}}],"name":"rot_16"},{"parent":"geyser_custom_z","pivot":[1.95,29,-2],"rotation":[0,-0,0],"cubes":[{"origin":[-4.05,29,-4],"size":[8,0,8],"pivot":[1.95,29,-2],"uv":{"north":{"uv":[2.6827,13.3333],"uv_size":[0.984,0]},"south":{"uv":[2.6827,13.3333],"uv_size":[0.984,0]},"east":{"uv":[2.6667,13.344],"uv_size":[0,0.656]},"west":{"uv":[2.6667,13.344],"uv_size":[0,0.656]},"up":{"uv":[3.3227,13.9893],"uv_size":[-0.656,-0.656]},"down":{"uv":[3.3227,13.9893],"uv_size":[-0.656,-0.656]}}}],"name":"rot_17"},{"parent":"geyser_custom_z","pivot":[-4,14,-0.25],"rotation":[0,-0,0],"cubes":[{"origin":[-4,14,-1.75],"size":[2,6,3.5],"pivot":[-4,14,-0.25],"uv":{"north":{"uv":[7.3777,14.242],"uv_size":[0.164,-0.492]},"south":{"uv":[7.3777,13.758],"uv_size":[0.164,0.492]},"east":{"uv":[7.5463,13.883],"uv_size":[0.287,0.492]},"west":{"uv":[7.5463,13.883],"uv_size":[0.287,0.492]},"up":{"uv":[7.5443,13.8703],"uv_size":[0.164,-0.287]},"down":{"uv":[7.5443,13.588],"uv_size":[0.164,0.287]}}}],"name":"rot_18"},{"parent":"geyser_custom_z","pivot":[-8,0,-8],"rotation":[0,-0,0],"cubes":[{"origin":[-2.75,21,-1.5],"size":[1,6,1],"pivot":[-8,0,-8],"uv":{"north":{"uv":[5.4987,14.8413],"uv_size":[-0.082,0.492]},"south":{"uv":[5.4987,14.8413],"uv_size":[-0.082,0.492]},"east":{"uv":[5.4153,14.8413],"uv_size":[-0.082,0.492]},"west":{"uv":[5.4153,14.8413],"uv_size":[-0.082,0.492]},"up":{"uv":[5.5013,15.4987],"uv_size":[0.082,-0.082]},"down":{"uv":[5.5013,15.4987],"uv_size":[0.082,-0.082]}}}],"name":"rot_19"},{"parent":"geyser_custom_z","pivot":[-8,0,8],"rotation":[0,-0,0],"cubes":[{"origin":[-2.75,21,0.5],"size":[1,6,1],"pivot":[-8,0,8],"uv":{"north":{"uv":[5.418,14.8413],"uv_size":[0.082,0.492]},"south":{"uv":[5.418,14.8413],"uv_size":[0.082,0.492]},"east":{"uv":[5.3347,14.8413],"uv_size":[0.082,0.492]},"west":{"uv":[5.3347,14.8413],"uv_size":[0.082,0.492]},"up":{"uv":[5.5013,15.418],"uv_size":[0.082,0.082]},"down":{"uv":[5.5013,15.418],"uv_size":[0.082,0.082]}}}],"name":"rot_20"},{"parent":"geyser_custom_z","pivot":[0,7.6522,0],"rotation":[-22.5,0,0],"cubes":[{"origin":[-1,5.1247,0.1407],"size":[2,6,2],"pivot":[0,7.6522,0],"uv":{"north":{"uv":[5.664,15.508],"uv_size":[-0.164,0.492]},"south":{"uv":[5.664,15.508],"uv_size":[-0.164,0.492]},"east":{"uv":[5.336,15.508],"uv_size":[0.164,0.492]},"west":{"uv":[5.4973,15.508],"uv_size":[-0.164,0.492]},"up":{"uv":[5.336,15.4973],"uv_size":[0.164,-0.164]},"down":{"uv":[5.336,15.4973],"uv_size":[0.164,-0.164]}}}],"name":"rot_21"},{"parent":"geyser_custom_z","pivot":[-0.05,28,0],"rotation":[0,-22.5,0],"cubes":[{"origin":[-4.05,28,-4],"size":[8,0,8],"pivot":[-0.05,28,0],"uv":{"north":{"uv":[4,14.6773],"uv_size":[0,0.656]},"south":{"uv":[4,14.6773],"uv_size":[0,0.656]},"east":{"uv":[4.016,14.6667],"uv_size":[0.984,0]},"west":{"uv":[4.016,14.6667],"uv_size":[0.984,0]},"up":{"uv":[5.3227,15.9893],"uv_size":[-0.656,-0.656]},"down":{"uv":[5.3227,15.9893],"uv_size":[-0.656,-0.656]}}}],"name":"rot_22"},{"parent":"geyser_custom_z","pivot":[-0.05,29,0],"rotation":[0,-22.5,0],"cubes":[{"origin":[-4.05,29,-4],"size":[8,0,8],"pivot":[-0.05,29,0],"uv":{"north":{"uv":[2.6667,13.344],"uv_size":[0,0.656]},"south":{"uv":[2.6667,13.344],"uv_size":[0,0.656]},"east":{"uv":[2.6827,13.3333],"uv_size":[0.984,0]},"west":{"uv":[2.6827,13.3333],"uv_size":[0.984,0]},"up":{"uv":[3.9893,14.656],"uv_size":[-0.656,-0.656]},"down":{"uv":[3.9893,14.656],"uv_size":[-0.656,-0.656]}}}],"name":"rot_23"},{"parent":"geyser_custom_z","pivot":[4,14,-0.25],"rotation":[0,0,22.5],"cubes":[{"origin":[2,11,-1.25],"size":[2,3,2.5],"pivot":[4,14,-0.25],"uv":{"north":{"uv":[7.4973,15.746],"uv_size":[-0.164,-0.246]},"south":{"uv":[7.4973,15.504],"uv_size":[-0.164,0.246]},"east":{"uv":[7.7123,13.8717],"uv_size":[0.246,-0.205]},"west":{"uv":[7.254,15.205],"uv_size":[0.246,-0.205]},"up":{"uv":[7.4133,13.7057],"uv_size":[-0.205,-0.164]},"down":{"uv":[7.4133,13.7057],"uv_size":[-0.205,-0.164]}}}],"name":"rot_24"},{"parent":"geyser_custom_z","pivot":[0,7.6522,0],"rotation":[0,0,22.5],"cubes":[{"origin":[0.1406,5.1247,-1],"size":[2,6,2],"pivot":[0,7.6522,0],"uv":{"north":{"uv":[5.4973,15.508],"uv_size":[-0.164,0.492]},"south":{"uv":[5.336,15.508],"uv_size":[0.164,0.492]},"east":{"uv":[5.664,15.508],"uv_size":[-0.164,0.492]},"west":{"uv":[5.664,15.508],"uv_size":[-0.164,0.492]},"up":{"uv":[5.336,15.4973],"uv_size":[0.164,-0.164]},"down":{"uv":[5.336,15.4973],"uv_size":[0.164,-0.164]}}}],"name":"rot_25"},{"parent":"geyser_custom_z","pivot":[7.6,21.4,0],"rotation":[0,-45,0],"cubes":[{"origin":[-0.25,24.9,2.85],"size":[5,2,5],"pivot":[7.6,21.4,0],"uv":{"north":{"uv":[7.5767,14.3777],"uv_size":[-0.41,0.164]},"south":{"uv":[7.5767,14.3777],"uv_size":[-0.41,0.164]},"east":{"uv":[7.1733,14.3777],"uv_size":[0.41,0.164]},"west":{"uv":[7.1733,14.3777],"uv_size":[0.41,0.164]},"up":{"uv":[7.9933,14.5483],"uv_size":[-0.41,0.41]},"down":{"uv":[7.9933,14.965],"uv_size":[-0.41,0.41]}}}],"name":"rot_26"},{"parent":"geyser_custom_z","pivot":[-0.05,28,0],"rotation":[0,-45,0],"cubes":[{"origin":[-4.05,28,-4],"size":[8,0,8],"pivot":[-0.05,28,0],"uv":{"north":{"uv":[4,14.6773],"uv_size":[0,0.656]},"south":{"uv":[4,14.6773],"uv_size":[0,0.656]},"east":{"uv":[4.016,14.6667],"uv_size":[0.984,0]},"west":{"uv":[4.016,14.6667],"uv_size":[0.984,0]},"up":{"uv":[4.656,15.9893],"uv_size":[-0.656,-0.656]},"down":{"uv":[4.656,15.9893],"uv_size":[-0.656,-0.656]}}}],"name":"rot_27"},{"parent":"geyser_custom_z","pivot":[-0.05,29,0],"rotation":[0,-45,0],"cubes":[{"origin":[-4.05,29,-4],"size":[8,0,8],"pivot":[-0.05,29,0],"uv":{"north":{"uv":[2.6667,13.344],"uv_size":[0,0.656]},"south":{"uv":[2.6667,13.344],"uv_size":[0,0.656]},"east":{"uv":[2.6827,13.3333],"uv_size":[0.984,0]},"west":{"uv":[2.6827,13.3333],"uv_size":[0.984,0]},"up":{"uv":[3.3227,14.656],"uv_size":[-0.656,-0.656]},"down":{"uv":[3.3227,14.656],"uv_size":[-0.656,-0.656]}}}],"name":"rot_28"},{"parent":"geyser_custom_z","pivot":[3,20,-0.75],"rotation":[0,0,45],"cubes":[{"origin":[-2.1,14.9,-2],"size":[1,3,2],"pivot":[3,20,-0.75],"uv":{"north":{"uv":[7.754,15.457],"uv_size":[0.246,-0.082]},"south":{"uv":[7.754,15.457],"uv_size":[0.246,-0.082]},"east":{"uv":[7.9973,13.879],"uv_size":[-0.164,0.246]},"west":{"uv":[7.9973,14.129],"uv_size":[-0.164,0.246]},"up":{"uv":[7.336,15.2097],"uv_size":[0.164,0.082]},"down":{"uv":[7.086,15.0013],"uv_size":[0.164,0.082]}}},{"origin":[-1.1,14.9,-2],"size":[2,1,2],"pivot":[3,20,-0.75],"uv":{"north":{"uv":[7.0807,14.5847],"uv_size":[-0.164,0.082]},"south":{"uv":[7.0807,14.6653],"uv_size":[-0.164,-0.082]},"east":{"uv":[6.8347,14.6643],"uv_size":[0.082,-0.1435]},"west":{"uv":[6.8347,14.6643],"uv_size":[0.082,-0.1435]},"up":{"uv":[6.8777,14.3357],"uv_size":[0.164,0.1435]},"down":{"uv":[6.8777,14.4768],"uv_size":[0.164,-0.1435]}}}],"name":"rot_29"},{"parent":"geyser_custom_z","pivot":[3,20,0.75],"rotation":[0,0,45],"cubes":[{"origin":[-1.1,14.9,0],"size":[2,1,2],"pivot":[3,20,0.75],"uv":{"north":{"uv":[6.9193,14.6653],"uv_size":[0.164,-0.082]},"south":{"uv":[6.9193,14.5847],"uv_size":[0.164,0.082]},"east":{"uv":[6.8347,14.5232],"uv_size":[0.082,0.1435]},"west":{"uv":[6.8347,14.5232],"uv_size":[0.082,0.1435]},"up":{"uv":[6.8777,14.4768],"uv_size":[0.164,-0.1435]},"down":{"uv":[6.8777,14.3357],"uv_size":[0.164,0.1435]}}},{"origin":[-2.1,14.9,0],"size":[1,3,2],"pivot":[3,20,0.75],"uv":{"north":{"uv":[7.754,15.3763],"uv_size":[0.246,0.082]},"south":{"uv":[7.754,15.3763],"uv_size":[0.246,0.082]},"east":{"uv":[7.836,13.879],"uv_size":[0.164,0.246]},"west":{"uv":[7.836,14.129],"uv_size":[0.164,0.246]},"up":{"uv":[7.336,15.2097],"uv_size":[0.164,0.082]},"down":{"uv":[7.086,15.0013],"uv_size":[0.164,0.082]}}}],"name":"rot_30"},{"parent":"geyser_custom_z","pivot":[0,20,-0.75],"rotation":[0,0,45],"cubes":[{"origin":[-2,18,-2],"size":[4,4,2],"pivot":[0,20,-0.75],"uv":{"north":{"uv":[6.8697,15.672],"uv_size":[-0.328,0.328]},"south":{"uv":[6.8697,15.9947],"uv_size":[-0.328,-0.328]},"east":{"uv":[6.547,15.4973],"uv_size":[0.328,-0.164]},"west":{"uv":[6.8697,15.5027],"uv_size":[-0.328,0.164]},"up":{"uv":[6.547,15.5027],"uv_size":[0.328,0.164]},"down":{"uv":[6.547,15.4973],"uv_size":[0.328,-0.164]}}}],"name":"rot_31"},{"parent":"geyser_custom_z","pivot":[0,20,0.75],"rotation":[0,0,45],"cubes":[{"origin":[-2,18,0],"size":[4,4,2],"pivot":[0,20,0.75],"uv":{"north":{"uv":[6.547,15.9947],"uv_size":[0.328,-0.328]},"south":{"uv":[6.547,15.672],"uv_size":[0.328,0.328]},"east":{"uv":[6.547,15.336],"uv_size":[0.328,0.164]},"west":{"uv":[6.547,15.5027],"uv_size":[0.328,0.164]},"up":{"uv":[6.547,15.664],"uv_size":[0.328,-0.164]},"down":{"uv":[6.547,15.336],"uv_size":[0.328,0.164]}}}],"name":"rot_32"}]}]}
