{"credit":"Made with Blockbench","textures":{"0":"elitecreatures:azgad_weapon/azgadtex4","2":"elitecreatures:azgad_weapon/azgadtex1","3":"elitecreatures:azgad_weapon/azgadtex7","5":"elitecreatures:azgad_weapon/azgadtex2","6":"elitecreatures:azgad_weapon/eye","7":"elitecreatures:azgad_weapon/flare","particle":"elitecreatures:azgad_weapon/azgadtex4"},"elements":[{"from":[1,-10,7],"to":[3,-1,9],"rotation":{"angle":0,"axis":"y","origin":[-6,-6,0]},"faces":{"north":{"uv":[9.75,0,8.75,4.5],"texture":"#0"},"east":{"uv":[8.75,0,7.75,4.5],"texture":"#0"},"south":{"uv":[9.75,0,8.75,4.5],"texture":"#0"},"west":{"uv":[7.75,0,8.75,4.5],"texture":"#0"},"up":{"uv":[9.75,4.5,8.75,5.5],"rotation":90,"texture":"#0"},"down":{"uv":[9.75,5.5,8.75,4.5],"rotation":270,"texture":"#0"}}},{"from":[1,-1,7],"to":[3,8,9],"rotation":{"angle":0,"axis":"y","origin":[-6,-6,0]},"faces":{"north":{"uv":[9.75,0,8.75,4.5],"texture":"#0"},"east":{"uv":[8.75,0,7.75,4.5],"texture":"#0"},"south":{"uv":[9.75,0,8.75,4.5],"texture":"#0"},"west":{"uv":[7.75,0,8.75,4.5],"texture":"#0"},"up":{"uv":[9.75,4.5,8.75,5.5],"rotation":90,"texture":"#0"},"down":{"uv":[9.75,5.5,8.75,4.5],"rotation":270,"texture":"#0"}}},{"from":[1,8,7],"to":[3,17,9],"rotation":{"angle":0,"axis":"y","origin":[-6,-6,0]},"faces":{"north":{"uv":[9.75,0,8.75,4.5],"texture":"#0"},"east":{"uv":[8.75,0,7.75,4.5],"texture":"#0"},"south":{"uv":[9.75,0,8.75,4.5],"texture":"#0"},"west":{"uv":[7.75,0,8.75,4.5],"texture":"#0"},"up":{"uv":[9.75,4.5,8.75,5.5],"rotation":90,"texture":"#0"},"down":{"uv":[9.75,5.5,8.75,4.5],"rotation":270,"texture":"#0"}}},{"from":[-7.7,-6,3.3],"to":[-7.7,-3,6.1],"rotation":{"angle":-45,"axis":"y","origin":[-6.3,0,16.1]},"faces":{"north":{"uv":[6,0,6,7.25],"texture":"#0"},"east":{"uv":[16,4,14,5.5],"texture":"#0"},"south":{"uv":[6.5,0,6.5,7.25],"texture":"#0"},"west":{"uv":[14,4,16,5.5],"texture":"#0"},"up":{"uv":[7,0,10.5,0],"rotation":90,"texture":"#0"},"down":{"uv":[7,0.5,10.5,0.5],"rotation":270,"texture":"#0"}}},{"from":[-7.6,-3.5,3.3],"to":[-7.6,-0.5,6.1],"rotation":{"angle":-45,"axis":"y","origin":[-6.2,2,16.1]},"faces":{"north":{"uv":[6,0,6,7.25],"texture":"#0"},"east":{"uv":[16,4,14,5.5],"texture":"#0"},"south":{"uv":[6.5,0,6.5,7.25],"texture":"#0"},"west":{"uv":[14,4,16,5.5],"texture":"#0"},"up":{"uv":[7,0,10.5,0],"rotation":90,"texture":"#0"},"down":{"uv":[7,0.5,10.5,0.5],"rotation":270,"texture":"#0"}}},{"from":[-7.6,-6,10],"to":[-7.6,-3,13],"rotation":{"angle":45,"axis":"y","origin":[-6.3,0,0.1]},"faces":{"north":{"uv":[6.5,0,6.5,7.25],"texture":"#0"},"east":{"uv":[14,4,16,5.5],"texture":"#0"},"south":{"uv":[6,0,6,7.25],"texture":"#0"},"west":{"uv":[16,4,14,5.5],"texture":"#0"},"up":{"uv":[10.5,0,7,0],"rotation":90,"texture":"#0"},"down":{"uv":[10.5,0.5,7,0.5],"rotation":270,"texture":"#0"}}},{"from":[11.8,-6,10],"to":[11.8,-3,13],"rotation":{"angle":-45,"axis":"y","origin":[10.5,0,0.1]},"faces":{"north":{"uv":[6.5,0,6.5,7.25],"texture":"#0"},"east":{"uv":[14,4,16,5.5],"texture":"#0"},"south":{"uv":[6,0,6,7.25],"texture":"#0"},"west":{"uv":[16,4,14,5.5],"texture":"#0"},"up":{"uv":[10.5,0,7,0],"rotation":90,"texture":"#0"},"down":{"uv":[10.5,0.5,7,0.5],"rotation":270,"texture":"#0"}}},{"from":[11.9,-6,3.3],"to":[11.9,-3,6.1],"rotation":{"angle":45,"axis":"y","origin":[10.5,0,16.1]},"faces":{"north":{"uv":[6,0,6,7.25],"texture":"#0"},"east":{"uv":[16,4,14,5.5],"texture":"#0"},"south":{"uv":[6.5,0,6.5,7.25],"texture":"#0"},"west":{"uv":[14,4,16,5.5],"texture":"#0"},"up":{"uv":[7,0,10.5,0],"rotation":90,"texture":"#0"},"down":{"uv":[7,0.5,10.5,0.5],"rotation":270,"texture":"#0"}}},{"from":[11.7,-3.5,10],"to":[11.7,-0.5,13],"rotation":{"angle":-45,"axis":"y","origin":[10.4,2,0.1]},"faces":{"north":{"uv":[6.5,0,6.5,7.25],"texture":"#0"},"east":{"uv":[14,4,16,5.5],"texture":"#0"},"south":{"uv":[6,0,6,7.25],"texture":"#0"},"west":{"uv":[16,4,14,5.5],"texture":"#0"},"up":{"uv":[10.5,0,7,0],"rotation":90,"texture":"#0"},"down":{"uv":[10.5,0.5,7,0.5],"rotation":270,"texture":"#0"}}},{"from":[11.8,-3.5,3.3],"to":[11.8,-0.5,6.1],"rotation":{"angle":45,"axis":"y","origin":[10.4,2,16.1]},"faces":{"north":{"uv":[6,0,6,7.25],"texture":"#0"},"east":{"uv":[16,4,14,5.5],"texture":"#0"},"south":{"uv":[6.5,0,6.5,7.25],"texture":"#0"},"west":{"uv":[14,4,16,5.5],"texture":"#0"},"up":{"uv":[7,0,10.5,0],"rotation":90,"texture":"#0"},"down":{"uv":[7,0.5,10.5,0.5],"rotation":270,"texture":"#0"}}},{"from":[-7.5,-3.5,10],"to":[-7.5,-0.5,13],"rotation":{"angle":45,"axis":"y","origin":[-6.2,2,0.1]},"faces":{"north":{"uv":[6.5,0,6.5,7.25],"texture":"#0"},"east":{"uv":[14,4,16,5.5],"texture":"#0"},"south":{"uv":[6,0,6,7.25],"texture":"#0"},"west":{"uv":[16,4,14,5.5],"texture":"#0"},"up":{"uv":[10.5,0,7,0],"rotation":90,"texture":"#0"},"down":{"uv":[10.5,0.5,7,0.5],"rotation":270,"texture":"#0"}}},{"from":[-2.9,-6.5,-1.6],"to":[0.1,-3.5,-1.6],"rotation":{"angle":45,"axis":"y","origin":[10,-1,-0.3]},"faces":{"north":{"uv":[16,4,14,5.5],"texture":"#0"},"east":{"uv":[6.5,0,6.5,7.25],"texture":"#0"},"south":{"uv":[14,4,16,5.5],"texture":"#0"},"west":{"uv":[6,0,6,7.25],"texture":"#0"},"up":{"uv":[7,0,10.5,0],"texture":"#0"},"down":{"uv":[7,0.5,10.5,0.5],"texture":"#0"}}},{"from":[-2.9,-4,-1.5],"to":[0.1,-1,-1.5],"rotation":{"angle":45,"axis":"y","origin":[10,1.5,-0.2]},"faces":{"north":{"uv":[16,4,14,5.5],"texture":"#0"},"east":{"uv":[6.5,0,6.5,7.25],"texture":"#0"},"south":{"uv":[14,4,16,5.5],"texture":"#0"},"west":{"uv":[6,0,6,7.25],"texture":"#0"},"up":{"uv":[7,0,10.5,0],"texture":"#0"},"down":{"uv":[7,0.5,10.5,0.5],"texture":"#0"}}},{"from":[4,-6.5,-1.7],"to":[6.8,-3.5,-1.7],"rotation":{"angle":-45,"axis":"y","origin":[-6,-1,-0.3]},"faces":{"north":{"uv":[14,4,16,5.5],"texture":"#0"},"east":{"uv":[6,0,6,7.25],"texture":"#0"},"south":{"uv":[16,4,14,5.5],"texture":"#0"},"west":{"uv":[6.5,0,6.5,7.25],"texture":"#0"},"up":{"uv":[10.5,0,7,0],"texture":"#0"},"down":{"uv":[10.5,0.5,7,0.5],"texture":"#0"}}},{"from":[4,-4,-1.6],"to":[6.8,-1,-1.6],"rotation":{"angle":-45,"axis":"y","origin":[-6,1.5,-0.2]},"faces":{"north":{"uv":[14,4,16,5.5],"texture":"#0"},"east":{"uv":[6,0,6,7.25],"texture":"#0"},"south":{"uv":[16,4,14,5.5],"texture":"#0"},"west":{"uv":[6.5,0,6.5,7.25],"texture":"#0"},"up":{"uv":[10.5,0,7,0],"texture":"#0"},"down":{"uv":[10.5,0.5,7,0.5],"texture":"#0"}}},{"from":[-2.9,-6.5,17.6],"to":[0.1,-3.5,17.6],"rotation":{"angle":-45,"axis":"y","origin":[10,-1,16.3]},"faces":{"north":{"uv":[16,4,14,5.5],"texture":"#0"},"east":{"uv":[6.5,0,6.5,7.25],"texture":"#0"},"south":{"uv":[14,4,16,5.5],"texture":"#0"},"west":{"uv":[6,0,6,7.25],"texture":"#0"},"up":{"uv":[7,0,10.5,0],"texture":"#0"},"down":{"uv":[7,0.5,10.5,0.5],"texture":"#0"}}},{"from":[-2.9,-4,17.5],"to":[0.1,-1,17.5],"rotation":{"angle":-45,"axis":"y","origin":[10,1.5,16.2]},"faces":{"north":{"uv":[16,4,14,5.5],"texture":"#0"},"east":{"uv":[6.5,0,6.5,7.25],"texture":"#0"},"south":{"uv":[14,4,16,5.5],"texture":"#0"},"west":{"uv":[6,0,6,7.25],"texture":"#0"},"up":{"uv":[7,0,10.5,0],"texture":"#0"},"down":{"uv":[7,0.5,10.5,0.5],"texture":"#0"}}},{"from":[4,-6.5,17.7],"to":[6.8,-3.5,17.7],"rotation":{"angle":45,"axis":"y","origin":[-6,-1,16.3]},"faces":{"north":{"uv":[14,4,16,5.5],"texture":"#0"},"east":{"uv":[6,0,6,7.25],"texture":"#0"},"south":{"uv":[16,4,14,5.5],"texture":"#0"},"west":{"uv":[6.5,0,6.5,7.25],"texture":"#0"},"up":{"uv":[10.5,0,7,0],"texture":"#0"},"down":{"uv":[10.5,0.5,7,0.5],"texture":"#0"}}},{"from":[4,-4,17.6],"to":[6.8,-1,17.6],"rotation":{"angle":45,"axis":"y","origin":[-6,1.5,16.2]},"faces":{"north":{"uv":[14,4,16,5.5],"texture":"#0"},"east":{"uv":[6,0,6,7.25],"texture":"#0"},"south":{"uv":[16,4,14,5.5],"texture":"#0"},"west":{"uv":[6.5,0,6.5,7.25],"texture":"#0"},"up":{"uv":[10.5,0,7,0],"texture":"#0"},"down":{"uv":[10.5,0.5,7,0.5],"texture":"#0"}}},{"from":[6.3,-2,6.9],"to":[8.3,0,9.1],"rotation":{"angle":-45,"axis":"z","origin":[-6,1,0]},"faces":{"north":{"uv":[8.75,4.5,7.75,5.5],"texture":"#0"},"east":{"uv":[8.75,5.5,7.75,6.5],"texture":"#0"},"south":{"uv":[8.75,4.5,7.75,5.5],"texture":"#0"},"west":{"uv":[8.75,5.5,7.75,6.5],"texture":"#0"},"up":{"uv":[7.75,6.5,8.75,5.5],"rotation":90,"texture":"#0"},"down":{"uv":[7.75,6.5,8.75,5.5],"rotation":270,"texture":"#0"}}},{"from":[7.3,-3,7],"to":[9.3,-1,9],"rotation":{"angle":-45,"axis":"z","origin":[-6,1,0]},"faces":{"north":{"uv":[8.75,4.5,7.75,5.5],"texture":"#0"},"east":{"uv":[8.75,5.5,7.75,6.5],"texture":"#0"},"south":{"uv":[8.75,4.5,7.75,5.5],"texture":"#0"},"west":{"uv":[8.75,5.5,7.75,6.5],"texture":"#0"},"up":{"uv":[7.75,6.5,8.75,5.5],"rotation":90,"texture":"#0"},"down":{"uv":[7.75,6.5,8.75,5.5],"rotation":270,"texture":"#0"}}},{"from":[0.5,-16,8],"to":[3.5,-10,8],"rotation":{"angle":0,"axis":"y","origin":[-6,1,0]},"faces":{"north":{"uv":[13.75,4,12.25,7],"texture":"#0"},"east":{"uv":[12.25,4,12.25,7],"texture":"#0"},"south":{"uv":[13.75,4,12.25,7],"texture":"#0"},"west":{"uv":[12.25,4,12.25,7],"texture":"#0"},"up":{"uv":[12,6,12,4],"rotation":90,"texture":"#0"},"down":{"uv":[12,6,12,4],"rotation":270,"texture":"#0"}}},{"from":[2,-16,7],"to":[2,-10,9],"rotation":{"angle":0,"axis":"y","origin":[-6,1,0]},"faces":{"north":{"uv":[12.25,4,12.25,7],"texture":"#0"},"east":{"uv":[13.5,4,12.5,7],"texture":"#0"},"south":{"uv":[12.25,4,12.25,7],"texture":"#0"},"west":{"uv":[13.5,4,12.5,7],"texture":"#0"},"up":{"uv":[12,4,12,6],"rotation":180,"texture":"#0"},"down":{"uv":[12,4,12,6],"rotation":180,"texture":"#0"}}},{"from":[-7.7,10,3.3],"to":[-7.7,13,6.1],"rotation":{"angle":-45,"axis":"y","origin":[-6.3,7,16.1]},"faces":{"north":{"uv":[6,7.25,6,0],"texture":"#0"},"east":{"uv":[16,5.5,14,4],"texture":"#0"},"south":{"uv":[6.5,7.25,6.5,0],"texture":"#0"},"west":{"uv":[14,5.5,16,4],"texture":"#0"},"up":{"uv":[10.5,0.5,7,0.5],"rotation":270,"texture":"#0"},"down":{"uv":[10.5,0,7,0],"rotation":90,"texture":"#0"}}},{"from":[-7.6,7.5,3.3],"to":[-7.6,10.5,6.1],"rotation":{"angle":-45,"axis":"y","origin":[-6.2,5,16.1]},"faces":{"north":{"uv":[6,7.25,6,0],"texture":"#0"},"east":{"uv":[16,5.5,14,4],"texture":"#0"},"south":{"uv":[6.5,7.25,6.5,0],"texture":"#0"},"west":{"uv":[14,5.5,16,4],"texture":"#0"},"up":{"uv":[10.5,0.5,7,0.5],"rotation":270,"texture":"#0"},"down":{"uv":[10.5,0,7,0],"rotation":90,"texture":"#0"}}},{"from":[-7.6,10,10],"to":[-7.6,13,13],"rotation":{"angle":45,"axis":"y","origin":[-6.3,7,0.1]},"faces":{"north":{"uv":[6.5,7.25,6.5,0],"texture":"#0"},"east":{"uv":[14,5.5,16,4],"texture":"#0"},"south":{"uv":[6,7.25,6,0],"texture":"#0"},"west":{"uv":[16,5.5,14,4],"texture":"#0"},"up":{"uv":[7,0.5,10.5,0.5],"rotation":270,"texture":"#0"},"down":{"uv":[7,0,10.5,0],"rotation":90,"texture":"#0"}}},{"from":[11.8,10,10],"to":[11.8,13,13],"rotation":{"angle":-45,"axis":"y","origin":[10.5,7,0.1]},"faces":{"north":{"uv":[6.5,7.25,6.5,0],"texture":"#0"},"east":{"uv":[14,5.5,16,4],"texture":"#0"},"south":{"uv":[6,7.25,6,0],"texture":"#0"},"west":{"uv":[16,5.5,14,4],"texture":"#0"},"up":{"uv":[7,0.5,10.5,0.5],"rotation":270,"texture":"#0"},"down":{"uv":[7,0,10.5,0],"rotation":90,"texture":"#0"}}},{"from":[11.9,10,3.3],"to":[11.9,13,6.1],"rotation":{"angle":45,"axis":"y","origin":[10.5,7,16.1]},"faces":{"north":{"uv":[6,7.25,6,0],"texture":"#0"},"east":{"uv":[16,5.5,14,4],"texture":"#0"},"south":{"uv":[6.5,7.25,6.5,0],"texture":"#0"},"west":{"uv":[14,5.5,16,4],"texture":"#0"},"up":{"uv":[10.5,0.5,7,0.5],"rotation":270,"texture":"#0"},"down":{"uv":[10.5,0,7,0],"rotation":90,"texture":"#0"}}},{"from":[11.7,7.5,10],"to":[11.7,10.5,13],"rotation":{"angle":-45,"axis":"y","origin":[10.4,5,0.1]},"faces":{"north":{"uv":[6.5,7.25,6.5,0],"texture":"#0"},"east":{"uv":[14,5.5,16,4],"texture":"#0"},"south":{"uv":[6,7.25,6,0],"texture":"#0"},"west":{"uv":[16,5.5,14,4],"texture":"#0"},"up":{"uv":[7,0.5,10.5,0.5],"rotation":270,"texture":"#0"},"down":{"uv":[7,0,10.5,0],"rotation":90,"texture":"#0"}}},{"from":[11.8,7.5,3.3],"to":[11.8,10.5,6.1],"rotation":{"angle":45,"axis":"y","origin":[10.4,5,16.1]},"faces":{"north":{"uv":[6,7.25,6,0],"texture":"#0"},"east":{"uv":[16,5.5,14,4],"texture":"#0"},"south":{"uv":[6.5,7.25,6.5,0],"texture":"#0"},"west":{"uv":[14,5.5,16,4],"texture":"#0"},"up":{"uv":[10.5,0.5,7,0.5],"rotation":270,"texture":"#0"},"down":{"uv":[10.5,0,7,0],"rotation":90,"texture":"#0"}}},{"from":[-7.5,7.5,10],"to":[-7.5,10.5,13],"rotation":{"angle":45,"axis":"y","origin":[-6.2,5,0.1]},"faces":{"north":{"uv":[6.5,7.25,6.5,0],"texture":"#0"},"east":{"uv":[14,5.5,16,4],"texture":"#0"},"south":{"uv":[6,7.25,6,0],"texture":"#0"},"west":{"uv":[16,5.5,14,4],"texture":"#0"},"up":{"uv":[7,0.5,10.5,0.5],"rotation":270,"texture":"#0"},"down":{"uv":[7,0,10.5,0],"rotation":90,"texture":"#0"}}},{"from":[-2.9,10.5,-1.6],"to":[0.1,13.5,-1.6],"rotation":{"angle":45,"axis":"y","origin":[10,8,-0.3]},"faces":{"north":{"uv":[16,5.5,14,4],"texture":"#0"},"east":{"uv":[6.5,7.25,6.5,0],"texture":"#0"},"south":{"uv":[14,5.5,16,4],"texture":"#0"},"west":{"uv":[6,7.25,6,0],"texture":"#0"},"up":{"uv":[7,0.5,10.5,0.5],"texture":"#0"},"down":{"uv":[7,0,10.5,0],"texture":"#0"}}},{"from":[-2.9,8,-1.5],"to":[0.1,11,-1.5],"rotation":{"angle":45,"axis":"y","origin":[10,5.5,-0.2]},"faces":{"north":{"uv":[16,5.5,14,4],"texture":"#0"},"east":{"uv":[6.5,7.25,6.5,0],"texture":"#0"},"south":{"uv":[14,5.5,16,4],"texture":"#0"},"west":{"uv":[6,7.25,6,0],"texture":"#0"},"up":{"uv":[7,0.5,10.5,0.5],"texture":"#0"},"down":{"uv":[7,0,10.5,0],"texture":"#0"}}},{"from":[4,10.5,-1.7],"to":[6.8,13.5,-1.7],"rotation":{"angle":-45,"axis":"y","origin":[-6,8,-0.3]},"faces":{"north":{"uv":[14,5.5,16,4],"texture":"#0"},"east":{"uv":[6,7.25,6,0],"texture":"#0"},"south":{"uv":[16,5.5,14,4],"texture":"#0"},"west":{"uv":[6.5,7.25,6.5,0],"texture":"#0"},"up":{"uv":[10.5,0.5,7,0.5],"texture":"#0"},"down":{"uv":[10.5,0,7,0],"texture":"#0"}}},{"from":[4,8,-1.6],"to":[6.8,11,-1.6],"rotation":{"angle":-45,"axis":"y","origin":[-6,5.5,-0.2]},"faces":{"north":{"uv":[14,5.5,16,4],"texture":"#0"},"east":{"uv":[6,7.25,6,0],"texture":"#0"},"south":{"uv":[16,5.5,14,4],"texture":"#0"},"west":{"uv":[6.5,7.25,6.5,0],"texture":"#0"},"up":{"uv":[10.5,0.5,7,0.5],"texture":"#0"},"down":{"uv":[10.5,0,7,0],"texture":"#0"}}},{"from":[-2.9,10.5,17.6],"to":[0.1,13.5,17.6],"rotation":{"angle":-45,"axis":"y","origin":[10,8,16.3]},"faces":{"north":{"uv":[16,5.5,14,4],"texture":"#0"},"east":{"uv":[6.5,7.25,6.5,0],"texture":"#0"},"south":{"uv":[14,5.5,16,4],"texture":"#0"},"west":{"uv":[6,7.25,6,0],"texture":"#0"},"up":{"uv":[7,0.5,10.5,0.5],"texture":"#0"},"down":{"uv":[7,0,10.5,0],"texture":"#0"}}},{"from":[-2.9,8,17.5],"to":[0.1,11,17.5],"rotation":{"angle":-45,"axis":"y","origin":[10,5.5,16.2]},"faces":{"north":{"uv":[16,5.5,14,4],"texture":"#0"},"east":{"uv":[6.5,7.25,6.5,0],"texture":"#0"},"south":{"uv":[14,5.5,16,4],"texture":"#0"},"west":{"uv":[6,7.25,6,0],"texture":"#0"},"up":{"uv":[7,0.5,10.5,0.5],"texture":"#0"},"down":{"uv":[7,0,10.5,0],"texture":"#0"}}},{"from":[4,10.5,17.7],"to":[6.8,13.5,17.7],"rotation":{"angle":45,"axis":"y","origin":[-6,8,16.3]},"faces":{"north":{"uv":[14,5.5,16,4],"texture":"#0"},"east":{"uv":[6,7.25,6,0],"texture":"#0"},"south":{"uv":[16,5.5,14,4],"texture":"#0"},"west":{"uv":[6.5,7.25,6.5,0],"texture":"#0"},"up":{"uv":[10.5,0.5,7,0.5],"texture":"#0"},"down":{"uv":[10.5,0,7,0],"texture":"#0"}}},{"from":[4,8,17.6],"to":[6.8,11,17.6],"rotation":{"angle":45,"axis":"y","origin":[-6,5.5,16.2]},"faces":{"north":{"uv":[14,5.5,16,4],"texture":"#0"},"east":{"uv":[6,7.25,6,0],"texture":"#0"},"south":{"uv":[16,5.5,14,4],"texture":"#0"},"west":{"uv":[6.5,7.25,6.5,0],"texture":"#0"},"up":{"uv":[10.5,0.5,7,0.5],"texture":"#0"},"down":{"uv":[10.5,0,7,0],"texture":"#0"}}},{"from":[3,9,8],"to":[14,28,8],"faces":{"north":{"uv":[0,0,5.5,9.5],"texture":"#3"},"east":{"uv":[0,0,0,9.5],"texture":"#3"},"south":{"uv":[5.5,0,0,9.5],"texture":"#3"},"west":{"uv":[0,0,0,9.5],"texture":"#3"},"up":{"uv":[0,0,5.5,0],"texture":"#3"},"down":{"uv":[0,0,5.5,0],"texture":"#3"}}},{"from":[0,21,8],"to":[9,30,8],"rotation":{"angle":-22.5,"axis":"y","origin":[9.5,21.5,6]},"faces":{"north":{"uv":[0,7,9,16],"texture":"#7"},"east":{"uv":[0,0,0,9.5],"texture":"#7"},"south":{"uv":[9,7,0,16],"texture":"#7"},"west":{"uv":[0,0,0,9.5],"texture":"#7"},"up":{"uv":[0,0,5.5,0],"texture":"#7"},"down":{"uv":[0,0,5.5,0],"texture":"#7"}}},{"from":[2,12,7],"to":[11,21,7],"rotation":{"angle":-22.5,"axis":"y","origin":[9.5,21.5,6]},"faces":{"north":{"uv":[0,7,9,16],"texture":"#7"},"east":{"uv":[0,0,0,9.5],"texture":"#7"},"south":{"uv":[9,7,0,16],"texture":"#7"},"west":{"uv":[0,0,0,9.5],"texture":"#7"},"up":{"uv":[0,0,5.5,0],"texture":"#7"},"down":{"uv":[0,0,5.5,0],"texture":"#7"}}},{"from":[0,21,8],"to":[9,30,8],"rotation":{"angle":22.5,"axis":"y","origin":[9.5,21.5,10]},"faces":{"north":{"uv":[0,7,9,16],"texture":"#7"},"east":{"uv":[0,0,0,9.5],"texture":"#7"},"south":{"uv":[9,7,0,16],"texture":"#7"},"west":{"uv":[0,0,0,9.5],"texture":"#7"},"up":{"uv":[0,0,5.5,0],"texture":"#7"},"down":{"uv":[0,0,5.5,0],"texture":"#7"}}},{"from":[2,12,9],"to":[11,21,9],"rotation":{"angle":22.5,"axis":"y","origin":[9.5,21.5,10]},"faces":{"north":{"uv":[0,7,9,16],"texture":"#7"},"east":{"uv":[0,0,0,9.5],"texture":"#7"},"south":{"uv":[9,7,0,16],"texture":"#7"},"west":{"uv":[0,0,0,9.5],"texture":"#7"},"up":{"uv":[0,0,5.5,0],"texture":"#7"},"down":{"uv":[0,0,5.5,0],"texture":"#7"}}},{"from":[-5,15,7.9],"to":[3,25,7.9],"rotation":{"angle":0,"axis":"y","origin":[6.9,5.25,8]},"faces":{"north":{"uv":[16,16,11,12],"rotation":90,"texture":"#0"},"east":{"uv":[0,0,5,0],"rotation":90,"texture":"#0"},"south":{"uv":[11,16,16,12],"rotation":270,"texture":"#0"},"west":{"uv":[0,0,5,0],"rotation":90,"texture":"#0"},"up":{"uv":[11,16,11,12],"rotation":270,"texture":"#0"},"down":{"uv":[11,16,11,12],"rotation":270,"texture":"#0"}}},{"from":[-4.42781,7.61535,7.1674],"to":[-1.02781,14.41535,8.8674],"rotation":{"angle":-45,"axis":"z","origin":[-2.95762,12.83026,8.0599]},"faces":{"north":{"uv":[6,10.75,7.75,14.25],"texture":"#2"},"east":{"uv":[5,0.75,8.5,0],"rotation":90,"texture":"#2"},"south":{"uv":[6,10.75,7.75,14.25],"rotation":180,"texture":"#2"},"west":{"uv":[5,1.5,8.5,0.75],"rotation":270,"texture":"#2"},"up":{"uv":[6,10.75,7.75,10],"texture":"#2"},"down":{"uv":[6,10.75,7.75,10],"rotation":180,"texture":"#2"}}},{"from":[-4.00872,13.35674,6.8274],"to":[-0.60872,16.75674,9.3774],"rotation":{"angle":-22.5,"axis":"z","origin":[-2.95762,12.83026,8.0599]},"faces":{"north":{"uv":[9.5,10.75,7.75,12.5],"rotation":180,"texture":"#2"},"east":{"uv":[9.5,10.5,11.25,9.25],"rotation":90,"texture":"#2"},"south":{"uv":[9.5,12.5,7.75,10.75],"texture":"#2"},"west":{"uv":[6,9.75,7.75,8.5],"rotation":270,"texture":"#2"},"up":{"uv":[7.75,10.75,9.5,9.5],"texture":"#2"},"down":{"uv":[7.75,10.75,9.5,9.5],"rotation":180,"texture":"#2"}}},{"from":[-5.44781,15.94535,6.4874],"to":[-2.04781,19.34535,9.7174],"rotation":{"angle":-45,"axis":"z","origin":[-2.95762,12.83026,8.0599]},"faces":{"north":{"uv":[12.05,0,10.3,1.7],"rotation":180,"texture":"#2"},"east":{"uv":[11,7.25,9.5,9],"rotation":180,"texture":"#2"},"south":{"uv":[12.05,1.7,10.3,0],"texture":"#2"},"west":{"uv":[11.75,1.75,10.25,3.5],"texture":"#2"},"up":{"uv":[11,8.75,12.75,7.25],"texture":"#2"},"down":{"uv":[11,8.75,12.75,7.25],"rotation":180,"texture":"#2"}}},{"from":[-0.14429,15.82858,6.3174],"to":[3.25571,19.22858,9.8874],"rotation":{"angle":0,"axis":"y","origin":[-2.95762,12.83026,8.0599]},"faces":{"north":{"uv":[0,3.5,3.5,7],"rotation":270,"texture":"#5"},"east":{"uv":[0,3.5,3.5,0],"texture":"#5"},"south":{"uv":[3.5,3.5,0,7],"rotation":90,"texture":"#5"},"west":{"uv":[0,3.5,3.5,0],"rotation":180,"texture":"#5"},"up":{"uv":[7,7,3.5,3.5],"rotation":270,"texture":"#5"},"down":{"uv":[7,3.5,3.5,0],"rotation":270,"texture":"#5"}}},{"from":[-8.74822,9.12172,7.3374],"to":[-7.04822,12.18172,8.6974],"rotation":{"angle":22.5,"axis":"z","origin":[-2.95762,12.83026,8.0599]},"faces":{"north":{"uv":[9.75,14,8.25,14.75],"rotation":90,"texture":"#2"},"east":{"uv":[9.75,14,8.25,13.25],"rotation":90,"texture":"#2"},"south":{"uv":[9.75,14,8.25,14.75],"rotation":90,"texture":"#2"},"west":{"uv":[9.75,14,8.25,13.25],"rotation":270,"texture":"#2"},"up":{"uv":[9.25,13.25,8.5,12.5],"rotation":270,"texture":"#2"},"down":{"uv":[8.5,13.25,7.75,12.5],"rotation":90,"texture":"#2"}}},{"from":[-9.3847,7.09818,7.5074],"to":[-6.8347,9.81818,8.5274],"rotation":{"angle":0,"axis":"y","origin":[-2.95762,12.83026,8.0599]},"faces":{"north":{"uv":[6.75,16,8,14.75],"rotation":270,"texture":"#2"},"east":{"uv":[6.75,14.75,8,14.25],"rotation":270,"texture":"#2"},"south":{"uv":[8,16,6.75,14.75],"rotation":90,"texture":"#2"},"west":{"uv":[6.75,14.75,8,14.25],"rotation":90,"texture":"#2"},"up":{"uv":[6.75,14.75,6.25,16],"rotation":270,"texture":"#2"},"down":{"uv":[8.5,14.75,8,16],"rotation":90,"texture":"#2"}}},{"from":[-9.13153,4.99377,7.6774],"to":[-6.58153,7.37377,8.3574],"rotation":{"angle":-22.5,"axis":"z","origin":[-2.95762,12.83026,8.0599]},"faces":{"north":{"uv":[8.5,16,9.75,14.75],"rotation":270,"texture":"#2"},"east":{"uv":[10,14.75,9.75,16],"rotation":180,"texture":"#2"},"south":{"uv":[8.5,16,9.75,14.75],"rotation":270,"texture":"#2"},"west":{"uv":[10,14.75,9.75,16],"texture":"#2"},"up":{"uv":[10,12.25,9.75,13.5],"rotation":270,"texture":"#2"},"down":{"uv":[10,13.5,9.75,14.75],"rotation":270,"texture":"#2"}}},{"from":[-1.3,22.5,5],"to":[4,23.5,7],"rotation":{"angle":45,"axis":"z","origin":[10,22.5,-2]},"faces":{"north":{"uv":[13,16,10.5,15.5],"texture":"#3"},"east":{"uv":[11.5,15.5,10.5,15],"texture":"#3"},"south":{"uv":[13,16,10.5,15.5],"texture":"#3"},"west":{"uv":[11.5,15.5,10.5,15],"texture":"#3"},"up":{"uv":[10.5,16,8,15],"texture":"#3"},"down":{"uv":[10.5,16,8,15],"texture":"#3"}}},{"from":[-1,15.2,5.9],"to":[5,21.2,5.9],"rotation":{"angle":0,"axis":"y","origin":[10,14,-2]},"faces":{"north":{"uv":[5,1.5,11,7.5],"texture":"#6"},"east":{"uv":[3,0.5,3,6.5],"texture":"#6"},"south":{"uv":[5,1.5,11,7.5],"texture":"#6"},"west":{"uv":[3,0.5,3,6.5],"texture":"#6"},"up":{"uv":[5,0,0,0],"texture":"#6"},"down":{"uv":[5,0,0,0],"texture":"#6"}}},{"from":[0,22.5,5.1],"to":[5.3,23.5,6.9],"rotation":{"angle":-45,"axis":"z","origin":[-6,22.5,-2]},"faces":{"north":{"uv":[10.5,16,13,15.5],"texture":"#3"},"east":{"uv":[10.5,15.5,11.5,15],"texture":"#3"},"south":{"uv":[10.5,16,13,15.5],"texture":"#3"},"west":{"uv":[10.5,15.5,11.5,15],"texture":"#3"},"up":{"uv":[8,16,10.5,15],"texture":"#3"},"down":{"uv":[8,16,10.5,15],"texture":"#3"}}},{"from":[0,26.7,5.1],"to":[5.3,27.7,6.9],"rotation":{"angle":-45,"axis":"z","origin":[-6,22.5,-2]},"faces":{"north":{"uv":[10.5,16,13,15.5],"texture":"#3"},"east":{"uv":[10.5,15.5,11.5,15],"texture":"#3"},"south":{"uv":[10.5,16,13,15.5],"texture":"#3"},"west":{"uv":[10.5,15.5,11.5,15],"texture":"#3"},"up":{"uv":[8,16,10.5,15],"texture":"#3"},"down":{"uv":[8,16,10.5,15],"texture":"#3"}}},{"from":[0,13,5],"to":[5.3,14,7],"rotation":{"angle":45,"axis":"z","origin":[-6,14,-2]},"faces":{"north":{"uv":[10.5,15.5,13,16],"texture":"#3"},"east":{"uv":[10.5,15,11.5,15.5],"texture":"#3"},"south":{"uv":[10.5,15.5,13,16],"texture":"#3"},"west":{"uv":[10.5,15,11.5,15.5],"texture":"#3"},"up":{"uv":[8,15,10.5,16],"texture":"#3"},"down":{"uv":[8,15,10.5,16],"texture":"#3"}}},{"from":[-1.3,22.5,9],"to":[4,23.5,11],"rotation":{"angle":45,"axis":"z","origin":[10,22.5,2]},"faces":{"north":{"uv":[13,16,10.5,15.5],"texture":"#3"},"east":{"uv":[11.5,15.5,10.5,15],"texture":"#3"},"south":{"uv":[13,16,10.5,15.5],"texture":"#3"},"west":{"uv":[11.5,15.5,10.5,15],"texture":"#3"},"up":{"uv":[10.5,16,8,15],"texture":"#3"},"down":{"uv":[10.5,16,8,15],"texture":"#3"}}},{"from":[-1,15.2,9.9],"to":[5,21.2,9.9],"rotation":{"angle":0,"axis":"y","origin":[10,14,2]},"faces":{"north":{"uv":[5,1.5,11,7.5],"texture":"#6"},"east":{"uv":[3,0.5,3,6.5],"texture":"#6"},"south":{"uv":[5,1.5,11,7.5],"texture":"#6"},"west":{"uv":[3,0.5,3,6.5],"texture":"#6"},"up":{"uv":[5,0,0,0],"texture":"#6"},"down":{"uv":[5,0,0,0],"texture":"#6"}}},{"from":[0,22.5,9.1],"to":[5.3,23.5,10.9],"rotation":{"angle":-45,"axis":"z","origin":[-6,22.5,2]},"faces":{"north":{"uv":[10.5,16,13,15.5],"texture":"#3"},"east":{"uv":[10.5,15.5,11.5,15],"texture":"#3"},"south":{"uv":[10.5,16,13,15.5],"texture":"#3"},"west":{"uv":[10.5,15.5,11.5,15],"texture":"#3"},"up":{"uv":[8,16,10.5,15],"texture":"#3"},"down":{"uv":[8,16,10.5,15],"texture":"#3"}}},{"from":[0,26.7,9.1],"to":[5.3,27.7,10.9],"rotation":{"angle":-45,"axis":"z","origin":[-6,22.5,2]},"faces":{"north":{"uv":[10.5,16,13,15.5],"texture":"#3"},"east":{"uv":[10.5,15.5,11.5,15],"texture":"#3"},"south":{"uv":[10.5,16,13,15.5],"texture":"#3"},"west":{"uv":[10.5,15.5,11.5,15],"texture":"#3"},"up":{"uv":[8,16,10.5,15],"texture":"#3"},"down":{"uv":[8,16,10.5,15],"texture":"#3"}}},{"from":[0,13,9],"to":[5.3,14,11],"rotation":{"angle":45,"axis":"z","origin":[-6,14,2]},"faces":{"north":{"uv":[10.5,15.5,13,16],"texture":"#3"},"east":{"uv":[10.5,15,11.5,15.5],"texture":"#3"},"south":{"uv":[10.5,15.5,13,16],"texture":"#3"},"west":{"uv":[10.5,15,11.5,15.5],"texture":"#3"},"up":{"uv":[8,15,10.5,16],"texture":"#3"},"down":{"uv":[8,15,10.5,16],"texture":"#3"}}}],"gui_light":"front","display":{"thirdperson_righthand":{"rotation":[0,90,0],"translation":[0,9.75,-2],"scale":[0.7,0.7,0.7]},"thirdperson_lefthand":{"rotation":[0,-90,0],"translation":[0,9.75,-2],"scale":[0.7,0.7,0.7]},"firstperson_righthand":{"rotation":[-165,80,170],"translation":[0.75,1.75,-1.25],"scale":[0.63672,0.63672,0.63672]},"firstperson_lefthand":{"rotation":[175.5,-93,170],"translation":[0.75,1.75,-1.25],"scale":[0.63672,0.63672,0.63672]},"ground":{"rotation":[45,0,0],"translation":[0,5.25,0],"scale":[0.35,0.35,0.35]},"gui":{"rotation":[0,0,-45],"translation":[1.5,-1.5,-2],"scale":[0.41422,0.41422,0.41422]},"head":{"rotation":[-135.5,0,0],"translation":[0,20.5,4.75],"scale":[0,0,0]},"fixed":{"rotation":[0,180,0],"translation":[-8.25,5,-4.25],"scale":[1.4,1.4,1.4]}}}