{"credit":"Made with Blockbench","texture_size":[32,32],"textures":{"0":"elitecreatures:azgad_weapon/azgadtex4","2":"elitecreatures:azgad_weapon/azgadtex1","3":"elitecreatures:azgad_weapon/azgadtex7","4":"elitecreatures:azgad_weapon/azgadtex6","5":"elitecreatures:azgad_weapon/azgadtex2","7":"elitecreatures:azgad_weapon/eye","8":"elitecreatures:azgad_weapon/flare","9":"elitecreatures:azgad_weapon/azgadtex8","10":"elitecreatures:azgad_weapon/azgadtex3","particle":"elitecreatures:azgad_weapon/azgadtex4"},"elements":[{"from":[8.1,-8,6.9],"to":[10.1,1,8.9],"rotation":{"angle":0,"axis":"y","origin":[9.1,5.25,8]},"faces":{"north":{"uv":[7.75,0,8.75,4.5],"texture":"#0"},"east":{"uv":[9.75,0,8.75,4.5],"texture":"#0"},"south":{"uv":[8.75,0,7.75,4.5],"texture":"#0"},"west":{"uv":[9.75,0,8.75,4.5],"texture":"#0"},"up":{"uv":[9.75,4.5,8.75,5.5],"rotation":180,"texture":"#0"},"down":{"uv":[9.75,5.5,8.75,4.5],"rotation":180,"texture":"#0"}}},{"from":[8.1,1,6.9],"to":[10.1,10,8.9],"rotation":{"angle":0,"axis":"y","origin":[9.1,5.25,8]},"faces":{"north":{"uv":[7.75,0,8.75,4.5],"texture":"#0"},"east":{"uv":[9.75,0,8.75,4.5],"texture":"#0"},"south":{"uv":[8.75,0,7.75,4.5],"texture":"#0"},"west":{"uv":[9.75,0,8.75,4.5],"texture":"#0"},"up":{"uv":[9.75,4.5,8.75,5.5],"rotation":180,"texture":"#0"},"down":{"uv":[9.75,5.5,8.75,4.5],"rotation":180,"texture":"#0"}}},{"from":[8.1,10,6.9],"to":[10.1,19,8.9],"rotation":{"angle":0,"axis":"y","origin":[9.1,5.25,8]},"faces":{"north":{"uv":[7.75,0,8.75,4.5],"texture":"#0"},"east":{"uv":[9.75,0,8.75,4.5],"texture":"#0"},"south":{"uv":[8.75,0,7.75,4.5],"texture":"#0"},"west":{"uv":[9.75,0,8.75,4.5],"texture":"#0"},"up":{"uv":[9.75,4.5,8.75,5.5],"rotation":180,"texture":"#0"},"down":{"uv":[9.75,5.5,8.75,4.5],"rotation":180,"texture":"#0"}}},{"from":[7.43274,-4,6.38787],"to":[10.23274,-1,6.38787],"rotation":{"angle":-45,"axis":"y","origin":[9.1,5.25,8]},"faces":{"north":{"uv":[14,4,16,5.5],"texture":"#0"},"east":{"uv":[6,0,6,7.25],"texture":"#0"},"south":{"uv":[16,4,14,5.5],"texture":"#0"},"west":{"uv":[6.5,0,6.5,7.25],"texture":"#0"},"up":{"uv":[7,0,10.5,0],"rotation":180,"texture":"#0"},"down":{"uv":[7,0.5,10.5,0.5],"rotation":180,"texture":"#0"}}},{"from":[7.50345,-1.5,6.45858],"to":[10.30345,1.5,6.45858],"rotation":{"angle":-45,"axis":"y","origin":[9.1,5.25,8]},"faces":{"north":{"uv":[14,4,16,5.5],"texture":"#0"},"east":{"uv":[6,0,6,7.25],"texture":"#0"},"south":{"uv":[16,4,14,5.5],"texture":"#0"},"west":{"uv":[6.5,0,6.5,7.25],"texture":"#0"},"up":{"uv":[7,0,10.5,0],"rotation":180,"texture":"#0"},"down":{"uv":[7,0.5,10.5,0.5],"rotation":180,"texture":"#0"}}},{"from":[7.72584,-4,6.34645],"to":[10.72584,-1,6.34645],"rotation":{"angle":45,"axis":"y","origin":[9.1,5.25,8]},"faces":{"north":{"uv":[16,4,14,5.5],"texture":"#0"},"east":{"uv":[6.5,0,6.5,7.25],"texture":"#0"},"south":{"uv":[14,4,16,5.5],"texture":"#0"},"west":{"uv":[6,0,6,7.25],"texture":"#0"},"up":{"uv":[10.5,0,7,0],"rotation":180,"texture":"#0"},"down":{"uv":[10.5,0.5,7,0.5],"rotation":180,"texture":"#0"}}},{"from":[7.72584,-4,9.65355],"to":[10.72584,-1,9.65355],"rotation":{"angle":-45,"axis":"y","origin":[9.1,5.25,8]},"faces":{"north":{"uv":[16,4,14,5.5],"texture":"#0"},"east":{"uv":[6.5,0,6.5,7.25],"texture":"#0"},"south":{"uv":[14,4,16,5.5],"texture":"#0"},"west":{"uv":[6,0,6,7.25],"texture":"#0"},"up":{"uv":[10.5,0,7,0],"rotation":180,"texture":"#0"},"down":{"uv":[10.5,0.5,7,0.5],"rotation":180,"texture":"#0"}}},{"from":[7.43274,-4,9.61213],"to":[10.23274,-1,9.61213],"rotation":{"angle":45,"axis":"y","origin":[9.1,5.25,8]},"faces":{"north":{"uv":[14,4,16,5.5],"texture":"#0"},"east":{"uv":[6,0,6,7.25],"texture":"#0"},"south":{"uv":[16,4,14,5.5],"texture":"#0"},"west":{"uv":[6.5,0,6.5,7.25],"texture":"#0"},"up":{"uv":[7,0,10.5,0],"rotation":180,"texture":"#0"},"down":{"uv":[7,0.5,10.5,0.5],"rotation":180,"texture":"#0"}}},{"from":[7.65513,-1.5,9.58284],"to":[10.65513,1.5,9.58284],"rotation":{"angle":-45,"axis":"y","origin":[9.1,5.25,8]},"faces":{"north":{"uv":[16,4,14,5.5],"texture":"#0"},"east":{"uv":[6.5,0,6.5,7.25],"texture":"#0"},"south":{"uv":[14,4,16,5.5],"texture":"#0"},"west":{"uv":[6,0,6,7.25],"texture":"#0"},"up":{"uv":[10.5,0,7,0],"rotation":180,"texture":"#0"},"down":{"uv":[10.5,0.5,7,0.5],"rotation":180,"texture":"#0"}}},{"from":[7.50345,-1.5,9.54142],"to":[10.30345,1.5,9.54142],"rotation":{"angle":45,"axis":"y","origin":[9.1,5.25,8]},"faces":{"north":{"uv":[14,4,16,5.5],"texture":"#0"},"east":{"uv":[6,0,6,7.25],"texture":"#0"},"south":{"uv":[16,4,14,5.5],"texture":"#0"},"west":{"uv":[6.5,0,6.5,7.25],"texture":"#0"},"up":{"uv":[7,0,10.5,0],"rotation":180,"texture":"#0"},"down":{"uv":[7,0.5,10.5,0.5],"rotation":180,"texture":"#0"}}},{"from":[7.65513,-1.5,6.41716],"to":[10.65513,1.5,6.41716],"rotation":{"angle":45,"axis":"y","origin":[9.1,5.25,8]},"faces":{"north":{"uv":[16,4,14,5.5],"texture":"#0"},"east":{"uv":[6.5,0,6.5,7.25],"texture":"#0"},"south":{"uv":[14,4,16,5.5],"texture":"#0"},"west":{"uv":[6,0,6,7.25],"texture":"#0"},"up":{"uv":[10.5,0,7,0],"rotation":180,"texture":"#0"},"down":{"uv":[10.5,0.5,7,0.5],"rotation":180,"texture":"#0"}}},{"from":[10.68284,-4.5,6.55513],"to":[10.68284,-1.5,9.55513],"rotation":{"angle":45,"axis":"y","origin":[9.1,5.25,8]},"faces":{"north":{"uv":[6,0,6,7.25],"texture":"#0"},"east":{"uv":[16,4,14,5.5],"texture":"#0"},"south":{"uv":[6.5,0,6.5,7.25],"texture":"#0"},"west":{"uv":[14,4,16,5.5],"texture":"#0"},"up":{"uv":[7,0,10.5,0],"rotation":90,"texture":"#0"},"down":{"uv":[7,0.5,10.5,0.5],"rotation":270,"texture":"#0"}}},{"from":[10.61213,-2,6.48442],"to":[10.61213,1,9.48442],"rotation":{"angle":45,"axis":"y","origin":[9.1,5.25,8]},"faces":{"north":{"uv":[6,0,6,7.25],"texture":"#0"},"east":{"uv":[16,4,14,5.5],"texture":"#0"},"south":{"uv":[6.5,0,6.5,7.25],"texture":"#0"},"west":{"uv":[14,4,16,5.5],"texture":"#0"},"up":{"uv":[7,0,10.5,0],"rotation":90,"texture":"#0"},"down":{"uv":[7,0.5,10.5,0.5],"rotation":270,"texture":"#0"}}},{"from":[10.64142,-4.5,6.40345],"to":[10.64142,-1.5,9.20345],"rotation":{"angle":-45,"axis":"y","origin":[9.1,5.25,8]},"faces":{"north":{"uv":[6.5,0,6.5,7.25],"texture":"#0"},"east":{"uv":[14,4,16,5.5],"texture":"#0"},"south":{"uv":[6,0,6,7.25],"texture":"#0"},"west":{"uv":[16,4,14,5.5],"texture":"#0"},"up":{"uv":[10.5,0,7,0],"rotation":90,"texture":"#0"},"down":{"uv":[10.5,0.5,7,0.5],"rotation":270,"texture":"#0"}}},{"from":[10.57071,-2,6.47416],"to":[10.57071,1,9.27416],"rotation":{"angle":-45,"axis":"y","origin":[9.1,5.25,8]},"faces":{"north":{"uv":[6.5,0,6.5,7.25],"texture":"#0"},"east":{"uv":[14,4,16,5.5],"texture":"#0"},"south":{"uv":[6,0,6,7.25],"texture":"#0"},"west":{"uv":[16,4,14,5.5],"texture":"#0"},"up":{"uv":[10.5,0,7,0],"rotation":90,"texture":"#0"},"down":{"uv":[10.5,0.5,7,0.5],"rotation":270,"texture":"#0"}}},{"from":[7.51716,-4.5,6.55513],"to":[7.51716,-1.5,9.55513],"rotation":{"angle":-45,"axis":"y","origin":[9.1,5.25,8]},"faces":{"north":{"uv":[6,0,6,7.25],"texture":"#0"},"east":{"uv":[16,4,14,5.5],"texture":"#0"},"south":{"uv":[6.5,0,6.5,7.25],"texture":"#0"},"west":{"uv":[14,4,16,5.5],"texture":"#0"},"up":{"uv":[7,0,10.5,0],"rotation":90,"texture":"#0"},"down":{"uv":[7,0.5,10.5,0.5],"rotation":270,"texture":"#0"}}},{"from":[7.58787,-2,6.48442],"to":[7.58787,1,9.48442],"rotation":{"angle":-45,"axis":"y","origin":[9.1,5.25,8]},"faces":{"north":{"uv":[6,0,6,7.25],"texture":"#0"},"east":{"uv":[16,4,14,5.5],"texture":"#0"},"south":{"uv":[6.5,0,6.5,7.25],"texture":"#0"},"west":{"uv":[14,4,16,5.5],"texture":"#0"},"up":{"uv":[7,0,10.5,0],"rotation":90,"texture":"#0"},"down":{"uv":[7,0.5,10.5,0.5],"rotation":270,"texture":"#0"}}},{"from":[7.55858,-4.5,6.40345],"to":[7.55858,-1.5,9.20345],"rotation":{"angle":45,"axis":"y","origin":[9.1,5.25,8]},"faces":{"north":{"uv":[6.5,0,6.5,7.25],"texture":"#0"},"east":{"uv":[14,4,16,5.5],"texture":"#0"},"south":{"uv":[6,0,6,7.25],"texture":"#0"},"west":{"uv":[16,4,14,5.5],"texture":"#0"},"up":{"uv":[10.5,0,7,0],"rotation":90,"texture":"#0"},"down":{"uv":[10.5,0.5,7,0.5],"rotation":270,"texture":"#0"}}},{"from":[7.62929,-2,6.47416],"to":[7.62929,1,9.27416],"rotation":{"angle":45,"axis":"y","origin":[9.1,5.25,8]},"faces":{"north":{"uv":[6.5,0,6.5,7.25],"texture":"#0"},"east":{"uv":[14,4,16,5.5],"texture":"#0"},"south":{"uv":[6,0,6,7.25],"texture":"#0"},"west":{"uv":[16,4,14,5.5],"texture":"#0"},"up":{"uv":[10.5,0,7,0],"rotation":90,"texture":"#0"},"down":{"uv":[10.5,0.5,7,0.5],"rotation":270,"texture":"#0"}}},{"from":[8,-5.06856,16.16343],"to":[10.2,-3.06856,18.16343],"rotation":{"angle":45,"axis":"x","origin":[9.1,5.25,8]},"faces":{"north":{"uv":[8.75,5.5,7.75,6.5],"texture":"#0"},"east":{"uv":[8.75,4.5,7.75,5.5],"texture":"#0"},"south":{"uv":[8.75,6.5,7.75,5.5],"texture":"#0"},"west":{"uv":[8.75,4.5,7.75,5.5],"texture":"#0"},"up":{"uv":[7.75,6.5,8.75,5.5],"rotation":180,"texture":"#0"},"down":{"uv":[7.75,6.5,8.75,5.5],"rotation":180,"texture":"#0"}}},{"from":[8.1,-6.06856,17.16343],"to":[10.1,-4.06856,19.16343],"rotation":{"angle":45,"axis":"x","origin":[9.1,5.25,8]},"faces":{"north":{"uv":[8.75,5.5,7.75,6.5],"texture":"#0"},"east":{"uv":[8.75,4.5,7.75,5.5],"texture":"#0"},"south":{"uv":[8.75,6.5,7.75,5.5],"texture":"#0"},"west":{"uv":[8.75,4.5,7.75,5.5],"texture":"#0"},"up":{"uv":[7.75,6.5,8.75,5.5],"rotation":180,"texture":"#0"},"down":{"uv":[7.75,6.5,8.75,5.5],"rotation":180,"texture":"#0"}}},{"from":[9.1,-14,6.4],"to":[9.1,-8,9.4],"rotation":{"angle":0,"axis":"y","origin":[9.1,5.25,8]},"faces":{"north":{"uv":[12.25,4,12.25,7],"texture":"#0"},"east":{"uv":[13.75,4,12.25,7],"texture":"#0"},"south":{"uv":[12.25,4,12.25,7],"texture":"#0"},"west":{"uv":[13.75,4,12.25,7],"texture":"#0"},"up":{"uv":[12,6,12,4],"rotation":180,"texture":"#0"},"down":{"uv":[12,6,12,4],"rotation":180,"texture":"#0"}}},{"from":[8.1,-14,7.9],"to":[10.1,-8,7.9],"rotation":{"angle":0,"axis":"y","origin":[9.1,5.25,8]},"faces":{"north":{"uv":[13.5,4,12.5,7],"texture":"#0"},"east":{"uv":[12.25,4,12.25,7],"texture":"#0"},"south":{"uv":[13.5,4,12.5,7],"texture":"#0"},"west":{"uv":[12.25,4,12.25,7],"texture":"#0"},"up":{"uv":[12,4,12,6],"rotation":270,"texture":"#0"},"down":{"uv":[12,4,12,6],"rotation":90,"texture":"#0"}}},{"from":[7.43274,12,6.38787],"to":[10.23274,15,6.38787],"rotation":{"angle":-45,"axis":"y","origin":[9.1,5.25,8]},"faces":{"north":{"uv":[14,5.5,16,4],"texture":"#0"},"east":{"uv":[6,7.25,6,0],"texture":"#0"},"south":{"uv":[16,5.5,14,4],"texture":"#0"},"west":{"uv":[6.5,7.25,6.5,0],"texture":"#0"},"up":{"uv":[10.5,0.5,7,0.5],"texture":"#0"},"down":{"uv":[10.5,0,7,0],"texture":"#0"}}},{"from":[7.50345,9.5,6.45858],"to":[10.30345,12.5,6.45858],"rotation":{"angle":-45,"axis":"y","origin":[9.1,5.25,8]},"faces":{"north":{"uv":[14,5.5,16,4],"texture":"#0"},"east":{"uv":[6,7.25,6,0],"texture":"#0"},"south":{"uv":[16,5.5,14,4],"texture":"#0"},"west":{"uv":[6.5,7.25,6.5,0],"texture":"#0"},"up":{"uv":[10.5,0.5,7,0.5],"texture":"#0"},"down":{"uv":[10.5,0,7,0],"texture":"#0"}}},{"from":[10.70345,27.1,5.95858],"to":[13.50345,27.1,8.95858],"rotation":{"angle":0,"axis":"y","origin":[8.90345,11,6.45858]},"faces":{"north":{"uv":[10.5,0.5,7,0.5],"texture":"#0"},"east":{"uv":[6.5,7.25,6.5,0],"rotation":90,"texture":"#0"},"south":{"uv":[10.5,0,7,0],"rotation":180,"texture":"#0"},"west":{"uv":[6,7.25,6,0],"rotation":270,"texture":"#0"},"up":{"uv":[14,5.5,16,4],"texture":"#0"},"down":{"uv":[16,5.5,14,4],"rotation":180,"texture":"#0"}}},{"from":[6.20345,27.2,5.95858],"to":[9.00345,27.2,8.95858],"rotation":{"angle":0,"axis":"y","origin":[8.90345,11,6.45858]},"faces":{"north":{"uv":[10.5,0.5,7,0.5],"texture":"#0"},"east":{"uv":[6.5,7.25,6.5,0],"rotation":90,"texture":"#0"},"south":{"uv":[10.5,0,7,0],"rotation":180,"texture":"#0"},"west":{"uv":[6,7.25,6,0],"rotation":270,"texture":"#0"},"up":{"uv":[14,5.5,16,4],"texture":"#0"},"down":{"uv":[16,5.5,14,4],"rotation":180,"texture":"#0"}}},{"from":[4.39655,27.1,5.95858],"to":[7.19655,27.1,8.95858],"rotation":{"angle":0,"axis":"y","origin":[7.09655,11,6.45858]},"faces":{"north":{"uv":[7,0.5,10.5,0.5],"texture":"#0"},"east":{"uv":[6,0,6,7.25],"rotation":270,"texture":"#0"},"south":{"uv":[7,0,10.5,0],"rotation":180,"texture":"#0"},"west":{"uv":[6.5,0,6.5,7.25],"rotation":90,"texture":"#0"},"up":{"uv":[16,5.5,14,4],"texture":"#0"},"down":{"uv":[14,5.5,16,4],"rotation":180,"texture":"#0"}}},{"from":[8.89655,27.2,5.95858],"to":[11.69655,27.2,8.95858],"rotation":{"angle":0,"axis":"y","origin":[7.09655,11,6.45858]},"faces":{"north":{"uv":[7,0.5,10.5,0.5],"texture":"#0"},"east":{"uv":[6,0,6,7.25],"rotation":270,"texture":"#0"},"south":{"uv":[7,0,10.5,0],"rotation":180,"texture":"#0"},"west":{"uv":[6.5,0,6.5,7.25],"rotation":90,"texture":"#0"},"up":{"uv":[16,5.5,14,4],"texture":"#0"},"down":{"uv":[14,5.5,16,4],"rotation":180,"texture":"#0"}}},{"from":[7.72584,12,6.34645],"to":[10.72584,15,6.34645],"rotation":{"angle":45,"axis":"y","origin":[9.1,5.25,8]},"faces":{"north":{"uv":[16,5.5,14,4],"texture":"#0"},"east":{"uv":[6.5,7.25,6.5,0],"texture":"#0"},"south":{"uv":[14,5.5,16,4],"texture":"#0"},"west":{"uv":[6,7.25,6,0],"texture":"#0"},"up":{"uv":[7,0.5,10.5,0.5],"texture":"#0"},"down":{"uv":[7,0,10.5,0],"texture":"#0"}}},{"from":[7.72584,12,9.65355],"to":[10.72584,15,9.65355],"rotation":{"angle":-45,"axis":"y","origin":[9.1,5.25,8]},"faces":{"north":{"uv":[16,5.5,14,4],"texture":"#0"},"east":{"uv":[6.5,7.25,6.5,0],"texture":"#0"},"south":{"uv":[14,5.5,16,4],"texture":"#0"},"west":{"uv":[6,7.25,6,0],"texture":"#0"},"up":{"uv":[7,0.5,10.5,0.5],"texture":"#0"},"down":{"uv":[7,0,10.5,0],"texture":"#0"}}},{"from":[7.43274,12,9.61213],"to":[10.23274,15,9.61213],"rotation":{"angle":45,"axis":"y","origin":[9.1,5.25,8]},"faces":{"north":{"uv":[14,5.5,16,4],"texture":"#0"},"east":{"uv":[6,7.25,6,0],"texture":"#0"},"south":{"uv":[16,5.5,14,4],"texture":"#0"},"west":{"uv":[6.5,7.25,6.5,0],"texture":"#0"},"up":{"uv":[10.5,0.5,7,0.5],"texture":"#0"},"down":{"uv":[10.5,0,7,0],"texture":"#0"}}},{"from":[7.65513,9.5,9.58284],"to":[10.65513,12.5,9.58284],"rotation":{"angle":-45,"axis":"y","origin":[9.1,5.25,8]},"faces":{"north":{"uv":[16,5.5,14,4],"texture":"#0"},"east":{"uv":[6.5,7.25,6.5,0],"texture":"#0"},"south":{"uv":[14,5.5,16,4],"texture":"#0"},"west":{"uv":[6,7.25,6,0],"texture":"#0"},"up":{"uv":[7,0.5,10.5,0.5],"texture":"#0"},"down":{"uv":[7,0,10.5,0],"texture":"#0"}}},{"from":[7.50345,9.5,9.54142],"to":[10.30345,12.5,9.54142],"rotation":{"angle":45,"axis":"y","origin":[9.1,5.25,8]},"faces":{"north":{"uv":[14,5.5,16,4],"texture":"#0"},"east":{"uv":[6,7.25,6,0],"texture":"#0"},"south":{"uv":[16,5.5,14,4],"texture":"#0"},"west":{"uv":[6.5,7.25,6.5,0],"texture":"#0"},"up":{"uv":[10.5,0.5,7,0.5],"texture":"#0"},"down":{"uv":[10.5,0,7,0],"texture":"#0"}}},{"from":[7.65513,9.5,6.41716],"to":[10.65513,12.5,6.41716],"rotation":{"angle":45,"axis":"y","origin":[9.1,5.25,8]},"faces":{"north":{"uv":[16,5.5,14,4],"texture":"#0"},"east":{"uv":[6.5,7.25,6.5,0],"texture":"#0"},"south":{"uv":[14,5.5,16,4],"texture":"#0"},"west":{"uv":[6,7.25,6,0],"texture":"#0"},"up":{"uv":[7,0.5,10.5,0.5],"texture":"#0"},"down":{"uv":[7,0,10.5,0],"texture":"#0"}}},{"from":[10.68284,12.5,6.55513],"to":[10.68284,15.5,9.55513],"rotation":{"angle":45,"axis":"y","origin":[9.1,5.25,8]},"faces":{"north":{"uv":[6,7.25,6,0],"texture":"#0"},"east":{"uv":[16,5.5,14,4],"texture":"#0"},"south":{"uv":[6.5,7.25,6.5,0],"texture":"#0"},"west":{"uv":[14,5.5,16,4],"texture":"#0"},"up":{"uv":[7,0.5,10.5,0.5],"rotation":90,"texture":"#0"},"down":{"uv":[7,0,10.5,0],"rotation":270,"texture":"#0"}}},{"from":[10.61213,10,6.48442],"to":[10.61213,13,9.48442],"rotation":{"angle":45,"axis":"y","origin":[9.1,5.25,8]},"faces":{"north":{"uv":[6,7.25,6,0],"texture":"#0"},"east":{"uv":[16,5.5,14,4],"texture":"#0"},"south":{"uv":[6.5,7.25,6.5,0],"texture":"#0"},"west":{"uv":[14,5.5,16,4],"texture":"#0"},"up":{"uv":[7,0.5,10.5,0.5],"rotation":90,"texture":"#0"},"down":{"uv":[7,0,10.5,0],"rotation":270,"texture":"#0"}}},{"from":[10.64142,12.5,6.40345],"to":[10.64142,15.5,9.20345],"rotation":{"angle":-45,"axis":"y","origin":[9.1,5.25,8]},"faces":{"north":{"uv":[6.5,7.25,6.5,0],"texture":"#0"},"east":{"uv":[14,5.5,16,4],"texture":"#0"},"south":{"uv":[6,7.25,6,0],"texture":"#0"},"west":{"uv":[16,5.5,14,4],"texture":"#0"},"up":{"uv":[10.5,0.5,7,0.5],"rotation":90,"texture":"#0"},"down":{"uv":[10.5,0,7,0],"rotation":270,"texture":"#0"}}},{"from":[10.57071,10,6.47416],"to":[10.57071,13,9.27416],"rotation":{"angle":-45,"axis":"y","origin":[9.1,5.25,8]},"faces":{"north":{"uv":[6.5,7.25,6.5,0],"texture":"#0"},"east":{"uv":[14,5.5,16,4],"texture":"#0"},"south":{"uv":[6,7.25,6,0],"texture":"#0"},"west":{"uv":[16,5.5,14,4],"texture":"#0"},"up":{"uv":[10.5,0.5,7,0.5],"rotation":90,"texture":"#0"},"down":{"uv":[10.5,0,7,0],"rotation":270,"texture":"#0"}}},{"from":[7.51716,12.5,6.55513],"to":[7.51716,15.5,9.55513],"rotation":{"angle":-45,"axis":"y","origin":[9.1,5.25,8]},"faces":{"north":{"uv":[6,7.25,6,0],"texture":"#0"},"east":{"uv":[16,5.5,14,4],"texture":"#0"},"south":{"uv":[6.5,7.25,6.5,0],"texture":"#0"},"west":{"uv":[14,5.5,16,4],"texture":"#0"},"up":{"uv":[7,0.5,10.5,0.5],"rotation":90,"texture":"#0"},"down":{"uv":[7,0,10.5,0],"rotation":270,"texture":"#0"}}},{"from":[7.58787,10,6.48442],"to":[7.58787,13,9.48442],"rotation":{"angle":-45,"axis":"y","origin":[9.1,5.25,8]},"faces":{"north":{"uv":[6,7.25,6,0],"texture":"#0"},"east":{"uv":[16,5.5,14,4],"texture":"#0"},"south":{"uv":[6.5,7.25,6.5,0],"texture":"#0"},"west":{"uv":[14,5.5,16,4],"texture":"#0"},"up":{"uv":[7,0.5,10.5,0.5],"rotation":90,"texture":"#0"},"down":{"uv":[7,0,10.5,0],"rotation":270,"texture":"#0"}}},{"from":[7.55858,12.5,6.40345],"to":[7.55858,15.5,9.20345],"rotation":{"angle":45,"axis":"y","origin":[9.1,5.25,8]},"faces":{"north":{"uv":[6.5,7.25,6.5,0],"texture":"#0"},"east":{"uv":[14,5.5,16,4],"texture":"#0"},"south":{"uv":[6,7.25,6,0],"texture":"#0"},"west":{"uv":[16,5.5,14,4],"texture":"#0"},"up":{"uv":[10.5,0.5,7,0.5],"rotation":90,"texture":"#0"},"down":{"uv":[10.5,0,7,0],"rotation":270,"texture":"#0"}}},{"from":[7.62929,10,6.47416],"to":[7.62929,13,9.27416],"rotation":{"angle":45,"axis":"y","origin":[9.1,5.25,8]},"faces":{"north":{"uv":[6.5,7.25,6.5,0],"texture":"#0"},"east":{"uv":[14,5.5,16,4],"texture":"#0"},"south":{"uv":[6,7.25,6,0],"texture":"#0"},"west":{"uv":[16,5.5,14,4],"texture":"#0"},"up":{"uv":[10.5,0.5,7,0.5],"rotation":90,"texture":"#0"},"down":{"uv":[10.5,0,7,0],"rotation":270,"texture":"#0"}}},{"from":[6.8724,8.40828,7.26052],"to":[6.8724,20.40828,18.26052],"rotation":{"angle":-22.5,"axis":"z","origin":[9,22.27733,9.53785]},"faces":{"north":{"uv":[10,10,10,16],"rotation":180,"texture":"#2"},"east":{"uv":[16,10.5,10,16],"rotation":270,"texture":"#2"},"south":{"uv":[10,10,10,16],"texture":"#2"},"west":{"uv":[10,10.5,16,16],"rotation":90,"texture":"#2"},"up":{"uv":[10,10,10,15.5],"rotation":180,"texture":"#2"},"down":{"uv":[10,10,10,15.5],"texture":"#2"}}},{"from":[11.1276,8.40828,7.26052],"to":[11.1276,20.40828,18.26052],"rotation":{"angle":22.5,"axis":"z","origin":[9,22.27733,9.53785]},"faces":{"north":{"uv":[10,10,10,16],"rotation":180,"texture":"#2"},"east":{"uv":[16,10.5,10,16],"rotation":270,"texture":"#2"},"south":{"uv":[10,10,10,16],"texture":"#2"},"west":{"uv":[10,10.5,16,16],"rotation":90,"texture":"#2"},"up":{"uv":[10,10,10,15.5],"rotation":180,"texture":"#2"},"down":{"uv":[10,10,10,15.5],"texture":"#2"}}},{"from":[5.63985,19.55006,9.26052],"to":[10.63985,25.55006,12.26052],"rotation":{"angle":-22.5,"axis":"z","origin":[9,22.27733,9.53785]},"faces":{"north":{"uv":[13.5,3,16,5.5],"rotation":180,"texture":"#9"},"east":{"uv":[13,6,16,7.5],"rotation":270,"texture":"#9"},"south":{"uv":[13.5,3,16,5.5],"texture":"#9"},"west":{"uv":[13,6,16,7.5],"rotation":90,"texture":"#9"},"up":{"uv":[13.5,7.5,16,9],"rotation":180,"texture":"#9"},"down":{"uv":[13.5,7.5,16,9],"texture":"#9"}}},{"from":[6.8,25.81517,9.26052],"to":[11.4,27.81517,12.46052],"rotation":{"angle":0,"axis":"y","origin":[9,22.27733,9.53785]},"faces":{"north":{"uv":[10.25,5.5,12.5,6.5],"rotation":180,"texture":"#9"},"east":{"uv":[12.5,4.5,13.5,6],"rotation":270,"texture":"#9"},"south":{"uv":[10.25,5.5,12.5,6.5],"texture":"#9"},"west":{"uv":[12.5,4.5,13.5,6],"rotation":90,"texture":"#9"},"up":{"uv":[11.25,3,13.5,4.5],"rotation":180,"texture":"#9"},"down":{"uv":[11.25,3,13.5,4.5],"texture":"#9"}}},{"from":[3.5,18.81517,9.26052],"to":[14.7,21.81517,13.26052],"rotation":{"angle":0,"axis":"y","origin":[9,22.27733,9.53785]},"faces":{"north":{"uv":[10.5,5,15.5,6.5],"rotation":180,"texture":"#3"},"east":{"uv":[5,10.5,6.5,12.5],"rotation":270,"texture":"#3"},"south":{"uv":[10.5,5,15.5,6.5],"texture":"#3"},"west":{"uv":[5,10.5,6.5,12.5],"rotation":90,"texture":"#3"},"up":{"uv":[0,10.5,5,12.5],"rotation":180,"texture":"#3"},"down":{"uv":[5.5,0,10.5,2],"texture":"#3"}}},{"from":[7,19.80424,10.47014],"to":[11,24.80424,13.47014],"rotation":{"angle":-22.5,"axis":"x","origin":[9,22.27733,9.53785]},"faces":{"north":{"uv":[10,0,12,2.5],"rotation":180,"texture":"#9"},"east":{"uv":[7.5,0,10,1.5],"rotation":270,"texture":"#9"},"south":{"uv":[10,0,12,2.5],"texture":"#9"},"west":{"uv":[7.5,0,10,1.5],"rotation":90,"texture":"#9"},"up":{"uv":[8,1.5,10,3],"rotation":180,"texture":"#9"},"down":{"uv":[8,1.5,10,3],"texture":"#9"}}},{"from":[7.47478,17.81517,13.22043],"to":[10.47478,20.81517,16.22043],"rotation":{"angle":45,"axis":"y","origin":[9,22.27733,9.53785]},"faces":{"north":{"uv":[12,0,13.5,1.5],"rotation":180,"texture":"#3"},"east":{"uv":[12,0,13.5,1.5],"rotation":270,"texture":"#3"},"south":{"uv":[12,0,13.5,1.5],"texture":"#3"},"west":{"uv":[12,0,13.5,1.5],"rotation":90,"texture":"#3"},"up":{"uv":[12,1.5,13.5,3],"rotation":180,"texture":"#3"},"down":{"uv":[12,3,13.5,4.5],"texture":"#3"}}},{"from":[7.59894,19.62323,9.26052],"to":[12.59894,25.62323,12.36052],"rotation":{"angle":22.5,"axis":"z","origin":[9,22.27733,9.53785]},"faces":{"north":{"uv":[16,3,13.5,6],"rotation":180,"texture":"#9"},"east":{"uv":[16,6,13,7.5],"rotation":270,"texture":"#9"},"south":{"uv":[16,3,13.5,6],"texture":"#9"},"west":{"uv":[16,6,13,7.5],"rotation":90,"texture":"#9"},"up":{"uv":[16,9,13.5,7.5],"rotation":180,"texture":"#9"},"down":{"uv":[13.5,7.5,16,9],"texture":"#9"}}},{"from":[2.64907,18.61517,16.39821],"to":[4.64907,20.11517,18.39821],"rotation":{"angle":-22.5,"axis":"y","origin":[9,22.27733,9.53785]},"faces":{"north":{"uv":[8,7.5,7.25,6.5],"rotation":270,"texture":"#4"},"east":{"uv":[6.5,9.25,5.5,8.5],"rotation":180,"texture":"#4"},"south":{"uv":[8,7.5,7.25,6.5],"rotation":90,"texture":"#4"},"west":{"uv":[6.5,9.25,5.5,8.5],"texture":"#4"},"up":{"uv":[6.5,9.5,7.5,8.5],"rotation":90,"texture":"#4"},"down":{"uv":[7.5,9.5,6.5,8.5],"rotation":90,"texture":"#4"}}},{"from":[1.57077,18.41517,14.03129],"to":[6.57077,20.31517,16.03129],"rotation":{"angle":0,"axis":"y","origin":[9,22.27733,9.53785]},"faces":{"north":{"uv":[0.95,11,0,8.5],"rotation":270,"texture":"#4"},"east":{"uv":[7,7.45,6,6.5],"rotation":180,"texture":"#4"},"south":{"uv":[0.95,11,0,8.5],"rotation":90,"texture":"#4"},"west":{"uv":[7,7.45,6,6.5],"texture":"#4"},"up":{"uv":[1,11,2,8.5],"rotation":90,"texture":"#4"},"down":{"uv":[2,11,1,8.5],"rotation":90,"texture":"#4"}}},{"from":[9.89185,18.31517,13.86637],"to":[11.89185,20.41517,15.86637],"rotation":{"angle":-45,"axis":"y","origin":[9,22.27733,9.53785]},"faces":{"north":{"uv":[4.25,9.5,3.25,8.5],"rotation":180,"texture":"#4"},"east":{"uv":[3.25,9.5,2.2,8.5],"rotation":90,"texture":"#4"},"south":{"uv":[4.25,9.5,3.25,8.5],"texture":"#4"},"west":{"uv":[3.25,9.5,2.2,8.5],"rotation":270,"texture":"#4"},"up":{"uv":[5.25,8.5,4.25,9.5],"texture":"#4"},"down":{"uv":[5.25,9.5,4.25,8.5],"texture":"#4"}}},{"from":[8.04907,18.21517,12.69821],"to":[10.04907,20.51517,14.69821],"rotation":{"angle":-22.5,"axis":"y","origin":[9,22.27733,9.53785]},"faces":{"north":{"uv":[4.75,10.5,3.5,9.5],"rotation":90,"texture":"#4"},"east":{"uv":[3.5,10.5,2.25,9.5],"rotation":90,"texture":"#4"},"south":{"uv":[4.75,10.5,3.5,9.5],"rotation":270,"texture":"#4"},"west":{"uv":[3.5,10.5,2.25,9.5],"rotation":270,"texture":"#4"},"up":{"uv":[4.75,10.5,5.75,9.5],"texture":"#4"},"down":{"uv":[4.75,10.5,5.75,9.5],"rotation":180,"texture":"#4"}}},{"from":[-2.3156,18.91517,9.90597],"to":[-0.3156,19.71517,11.70597],"rotation":{"angle":22.5,"axis":"y","origin":[9,22.27733,9.53785]},"faces":{"north":{"uv":[7,6.5,6,6],"texture":"#4"},"east":{"uv":[8,6.5,7,6],"rotation":180,"texture":"#4"},"south":{"uv":[7,6.5,6,6],"rotation":180,"texture":"#4"},"west":{"uv":[8,6.5,7,6],"texture":"#4"},"up":{"uv":[8,7.5,8.9,6.5],"rotation":90,"texture":"#4"},"down":{"uv":[8.9,7.5,8,6.5],"rotation":90,"texture":"#4"}}},{"from":[5.05632,19.01517,20.1019],"to":[6.65632,19.61517,21.6019],"rotation":{"angle":-45,"axis":"y","origin":[9,22.27733,9.53785]},"faces":{"north":{"uv":[8.75,5.75,8,5.5],"rotation":180,"texture":"#4"},"east":{"uv":[9,6.5,8.75,5.75],"rotation":90,"texture":"#4"},"south":{"uv":[8.75,5.75,8,5.5],"texture":"#4"},"west":{"uv":[9,6.5,8.75,5.75],"rotation":270,"texture":"#4"},"up":{"uv":[8.75,5.75,8,6.5],"rotation":180,"texture":"#4"},"down":{"uv":[8.75,6.5,8,5.75],"rotation":180,"texture":"#4"}}},{"from":[13.35093,18.61517,16.39821],"to":[15.35093,20.11517,18.39821],"rotation":{"angle":22.5,"axis":"y","origin":[9,22.27733,9.53785]},"faces":{"north":{"uv":[8,6.5,7.25,7.5],"rotation":270,"texture":"#4"},"east":{"uv":[6.5,8.5,5.5,9.25],"rotation":180,"texture":"#4"},"south":{"uv":[8,6.5,7.25,7.5],"rotation":90,"texture":"#4"},"west":{"uv":[6.5,8.5,5.5,9.25],"texture":"#4"},"up":{"uv":[6.5,8.5,7.5,9.5],"rotation":90,"texture":"#4"},"down":{"uv":[7.5,8.5,6.5,9.5],"rotation":90,"texture":"#4"}}},{"from":[11.42923,18.41517,14.03129],"to":[16.42923,20.31517,16.03129],"rotation":{"angle":0,"axis":"y","origin":[9,22.27733,9.53785]},"faces":{"north":{"uv":[0.95,8.5,0,11],"rotation":270,"texture":"#4"},"east":{"uv":[7,6.5,6,7.45],"rotation":180,"texture":"#4"},"south":{"uv":[0.95,8.5,0,11],"rotation":90,"texture":"#4"},"west":{"uv":[7,6.5,6,7.45],"texture":"#4"},"up":{"uv":[1,8.5,2,11],"rotation":90,"texture":"#4"},"down":{"uv":[2,8.5,1,11],"rotation":90,"texture":"#4"}}},{"from":[6.10815,18.31517,13.86637],"to":[8.10815,20.41517,15.86637],"rotation":{"angle":45,"axis":"y","origin":[9,22.27733,9.53785]},"faces":{"north":{"uv":[3.25,9.5,4.25,8.5],"rotation":180,"texture":"#4"},"east":{"uv":[2.2,9.5,3.25,8.5],"rotation":90,"texture":"#4"},"south":{"uv":[3.25,9.5,4.25,8.5],"texture":"#4"},"west":{"uv":[2.2,9.5,3.25,8.5],"rotation":270,"texture":"#4"},"up":{"uv":[4.25,8.5,5.25,9.5],"texture":"#4"},"down":{"uv":[4.25,9.5,5.25,8.5],"texture":"#4"}}},{"from":[7.95093,18.21517,12.69821],"to":[9.95093,20.51517,14.69821],"rotation":{"angle":22.5,"axis":"y","origin":[9,22.27733,9.53785]},"faces":{"north":{"uv":[4.75,9.5,3.5,10.5],"rotation":90,"texture":"#4"},"east":{"uv":[2.25,10.5,3.5,9.5],"rotation":90,"texture":"#4"},"south":{"uv":[4.75,9.5,3.5,10.5],"rotation":270,"texture":"#4"},"west":{"uv":[2.25,10.5,3.5,9.5],"rotation":270,"texture":"#4"},"up":{"uv":[5.75,10.5,4.75,9.5],"texture":"#4"},"down":{"uv":[5.75,10.5,4.75,9.5],"rotation":180,"texture":"#4"}}},{"from":[18.3156,18.91517,9.90597],"to":[20.3156,19.71517,11.70597],"rotation":{"angle":-22.5,"axis":"y","origin":[9,22.27733,9.53785]},"faces":{"north":{"uv":[6,6.5,7,6],"texture":"#4"},"east":{"uv":[8,6,7,6.5],"rotation":180,"texture":"#4"},"south":{"uv":[6,6.5,7,6],"rotation":180,"texture":"#4"},"west":{"uv":[8,6,7,6.5],"texture":"#4"},"up":{"uv":[8,6.5,8.9,7.5],"rotation":90,"texture":"#4"},"down":{"uv":[8.9,6.5,8,7.5],"rotation":90,"texture":"#4"}}},{"from":[11.34368,19.01517,20.1019],"to":[12.94368,19.61517,21.6019],"rotation":{"angle":45,"axis":"y","origin":[9,22.27733,9.53785]},"faces":{"north":{"uv":[8,5.75,8.75,5.5],"rotation":180,"texture":"#4"},"east":{"uv":[8.75,6.5,9,5.75],"rotation":90,"texture":"#4"},"south":{"uv":[8,5.75,8.75,5.5],"texture":"#4"},"west":{"uv":[8.75,6.5,9,5.75],"rotation":270,"texture":"#4"},"up":{"uv":[8,5.75,8.75,6.5],"rotation":180,"texture":"#4"},"down":{"uv":[8,6.5,8.75,5.75],"rotation":180,"texture":"#4"}}},{"from":[7.59629,17.81517,13.14936],"to":[10.59629,20.81517,16.14936],"rotation":{"angle":-45,"axis":"y","origin":[9,22.27733,9.53785]},"faces":{"north":{"uv":[13.5,0,12,1.5],"rotation":180,"texture":"#3"},"east":{"uv":[13.5,0,12,1.5],"rotation":270,"texture":"#3"},"south":{"uv":[13.5,0,12,1.5],"texture":"#3"},"west":{"uv":[13.5,0,12,1.5],"rotation":90,"texture":"#3"},"up":{"uv":[13.5,1.5,12,3],"rotation":180,"texture":"#3"},"down":{"uv":[13.5,3,12,4.5],"texture":"#3"}}},{"from":[12.73553,25.0901,2.57136],"to":[13.27953,26.9941,4.61136],"rotation":{"angle":22.5,"axis":"x","origin":[12,21.27733,14.46215]},"faces":{"north":{"uv":[10,14.75,9.75,16],"rotation":180,"texture":"#2"},"east":{"uv":[9.75,14.75,8.5,16],"rotation":270,"texture":"#2"},"south":{"uv":[10,14.75,9.75,16],"texture":"#2"},"west":{"uv":[9.75,14.75,8.5,16],"rotation":270,"texture":"#2"},"up":{"uv":[9.75,14.75,10,13.5],"rotation":180,"texture":"#2"},"down":{"uv":[9.75,13.5,10,12.25],"texture":"#2"}}},{"from":[12.59953,20.51634,3.10938],"to":[13.41553,22.69234,5.14938],"rotation":{"angle":45,"axis":"x","origin":[12,21.27733,14.46215]},"faces":{"north":{"uv":[6.75,14.75,8,14.25],"rotation":270,"texture":"#2"},"east":{"uv":[6.75,14.75,8,16],"rotation":90,"texture":"#2"},"south":{"uv":[6.75,14.75,8,14.25],"rotation":90,"texture":"#2"},"west":{"uv":[8,14.75,6.75,16],"rotation":270,"texture":"#2"},"up":{"uv":[8,16,8.5,14.75],"texture":"#2"},"down":{"uv":[6.25,16,6.75,14.75],"texture":"#2"}}},{"from":[12.46353,29.07476,9.6748],"to":[13.55153,30.43476,12.1228],"rotation":{"angle":-22.5,"axis":"x","origin":[12,21.27733,14.46215]},"faces":{"north":{"uv":[9.25,13.25,8.5,12.5],"texture":"#2"},"east":{"uv":[8.25,14.75,9.75,14],"texture":"#2"},"south":{"uv":[8.5,13.25,7.75,12.5],"rotation":180,"texture":"#2"},"west":{"uv":[8.25,14.75,9.75,14],"rotation":180,"texture":"#2"},"up":{"uv":[8.25,13.25,9.75,14],"rotation":90,"texture":"#2"},"down":{"uv":[8.25,13.25,9.75,14],"rotation":90,"texture":"#2"}}},{"from":[12.32753,22.15918,6.6521],"to":[13.68753,27.59918,9.3721],"rotation":{"angle":0,"axis":"y","origin":[12,21.27733,14.46215]},"faces":{"north":{"uv":[5,1.5,8.5,0.75],"rotation":90,"texture":"#2"},"east":{"uv":[7.75,14.25,6,10.75],"rotation":180,"texture":"#2"},"south":{"uv":[5,0.75,8.5,0],"rotation":270,"texture":"#2"},"west":{"uv":[7.75,14.25,6,10.75],"texture":"#2"},"up":{"uv":[7.75,10,6,10.75],"rotation":90,"texture":"#2"},"down":{"uv":[7.75,10,6,10.75],"rotation":90,"texture":"#2"}}},{"from":[12.05553,17.58372,6.66961],"to":[14.09553,20.30372,9.38961],"rotation":{"angle":22.5,"axis":"x","origin":[12,21.27733,14.46215]},"faces":{"north":{"uv":[6,9.75,7.75,8.5],"rotation":90,"texture":"#2"},"east":{"uv":[7.75,10.75,9.5,12.5],"texture":"#2"},"south":{"uv":[9.5,10.5,11.25,9.25],"rotation":270,"texture":"#2"},"west":{"uv":[7.75,12.5,9.5,10.75],"rotation":180,"texture":"#2"},"up":{"uv":[9.5,9.5,7.75,10.75],"rotation":90,"texture":"#2"},"down":{"uv":[9.5,9.5,7.75,10.75],"rotation":90,"texture":"#2"}}},{"from":[11.64753,12.98801,10.50171],"to":[14.50353,15.70801,13.22171],"rotation":{"angle":45,"axis":"x","origin":[12,21.27733,14.46215]},"faces":{"north":{"uv":[0,3.5,3.5,0],"texture":"#5"},"east":{"uv":[0,7,3.5,3.5],"rotation":90,"texture":"#5"},"south":{"uv":[0,3.5,3.5,0],"rotation":180,"texture":"#5"},"west":{"uv":[3.5,7,0,3.5],"rotation":270,"texture":"#5"},"up":{"uv":[3.5,0,7,3.5],"rotation":180,"texture":"#5"},"down":{"uv":[3.5,3.5,7,7],"texture":"#5"}}},{"from":[11.78353,18.21518,5.8361],"to":[14.36753,20.93518,8.5561],"rotation":{"angle":0,"axis":"y","origin":[12,21.27733,14.46215]},"faces":{"north":{"uv":[11.75,1.75,10.25,3.5],"rotation":180,"texture":"#2"},"east":{"uv":[10.3,0,12.05,1.7],"texture":"#2"},"south":{"uv":[11,7.25,9.5,9],"texture":"#2"},"west":{"uv":[10.3,1.7,12.05,0],"rotation":180,"texture":"#2"},"up":{"uv":[12.75,7.25,11,8.75],"rotation":90,"texture":"#2"},"down":{"uv":[12.75,7.25,11,8.75],"rotation":90,"texture":"#2"}}},{"from":[11.51153,14.04772,10.06961],"to":[14.63953,16.76772,12.78961],"rotation":{"angle":22.5,"axis":"x","origin":[12,21.27733,14.46215]},"faces":{"north":{"uv":[4,7,0,10.5],"rotation":180,"texture":"#5"},"east":{"uv":[0,10.5,3.5,14],"rotation":90,"texture":"#5"},"south":{"uv":[4,7,0,10.5],"rotation":180,"texture":"#5"},"west":{"uv":[3.5,10.5,0,14],"rotation":270,"texture":"#5"},"up":{"uv":[3.5,14,7.5,10.5],"rotation":180,"texture":"#5"},"down":{"uv":[4,10.5,8,7],"texture":"#5"}}},{"from":[4.72047,25.0901,2.57136],"to":[5.26447,26.9941,4.61136],"rotation":{"angle":22.5,"axis":"x","origin":[6,21.27733,14.46215]},"faces":{"north":{"uv":[9.75,14.75,10,16],"rotation":180,"texture":"#2"},"east":{"uv":[9.75,16,8.5,14.75],"rotation":270,"texture":"#2"},"south":{"uv":[9.75,14.75,10,16],"texture":"#2"},"west":{"uv":[9.75,16,8.5,14.75],"rotation":270,"texture":"#2"},"up":{"uv":[10,14.75,9.75,13.5],"rotation":180,"texture":"#2"},"down":{"uv":[10,13.5,9.75,12.25],"texture":"#2"}}},{"from":[4.58447,20.51634,3.10938],"to":[5.40047,22.69234,5.14938],"rotation":{"angle":45,"axis":"x","origin":[6,21.27733,14.46215]},"faces":{"north":{"uv":[6.75,14.25,8,14.75],"rotation":270,"texture":"#2"},"east":{"uv":[8,16,6.75,14.75],"rotation":270,"texture":"#2"},"south":{"uv":[6.75,14.25,8,14.75],"rotation":90,"texture":"#2"},"west":{"uv":[6.75,16,8,14.75],"rotation":90,"texture":"#2"},"up":{"uv":[8.5,16,8,14.75],"texture":"#2"},"down":{"uv":[6.75,16,6.25,14.75],"texture":"#2"}}},{"from":[4.44847,29.07476,9.6748],"to":[5.53647,30.43476,12.1228],"rotation":{"angle":-22.5,"axis":"x","origin":[6,21.27733,14.46215]},"faces":{"north":{"uv":[8.5,13.25,9.25,12.5],"texture":"#2"},"east":{"uv":[9.75,14.75,8.25,14],"rotation":180,"texture":"#2"},"south":{"uv":[7.75,13.25,8.5,12.5],"rotation":180,"texture":"#2"},"west":{"uv":[9.75,14.75,8.25,14],"texture":"#2"},"up":{"uv":[8.25,14,9.75,13.25],"rotation":90,"texture":"#2"},"down":{"uv":[8.25,14,9.75,13.25],"rotation":90,"texture":"#2"}}},{"from":[4.31247,22.15918,6.6521],"to":[5.67247,27.59918,9.3721],"rotation":{"angle":0,"axis":"y","origin":[6,21.27733,14.46215]},"faces":{"north":{"uv":[5,0.75,8.5,1.5],"rotation":90,"texture":"#2"},"east":{"uv":[6,14.25,7.75,10.75],"texture":"#2"},"south":{"uv":[5,0,8.5,0.75],"rotation":270,"texture":"#2"},"west":{"uv":[6,14.25,7.75,10.75],"rotation":180,"texture":"#2"},"up":{"uv":[7.75,10.75,6,10],"rotation":90,"texture":"#2"},"down":{"uv":[7.75,10.75,6,10],"rotation":90,"texture":"#2"}}},{"from":[3.90447,17.58372,6.66961],"to":[5.94447,20.30372,9.38961],"rotation":{"angle":22.5,"axis":"x","origin":[6,21.27733,14.46215]},"faces":{"north":{"uv":[6,8.5,7.75,9.75],"rotation":90,"texture":"#2"},"east":{"uv":[9.5,12.5,7.75,10.75],"rotation":180,"texture":"#2"},"south":{"uv":[9.5,9.25,11.25,10.5],"rotation":270,"texture":"#2"},"west":{"uv":[9.5,10.75,7.75,12.5],"texture":"#2"},"up":{"uv":[9.5,10.75,7.75,9.5],"rotation":90,"texture":"#2"},"down":{"uv":[9.5,10.75,7.75,9.5],"rotation":90,"texture":"#2"}}},{"from":[3.49647,12.98801,10.50171],"to":[6.35247,15.70801,13.22171],"rotation":{"angle":45,"axis":"x","origin":[6,21.27733,14.46215]},"faces":{"north":{"uv":[3.5,3.5,0,0],"texture":"#5"},"east":{"uv":[3.5,3.5,0,7],"rotation":270,"texture":"#5"},"south":{"uv":[3.5,3.5,0,0],"rotation":180,"texture":"#5"},"west":{"uv":[0,3.5,3.5,7],"rotation":90,"texture":"#5"},"up":{"uv":[7,0,3.5,3.5],"rotation":180,"texture":"#5"},"down":{"uv":[7,3.5,3.5,7],"texture":"#5"}}},{"from":[3.63247,18.21518,5.8361],"to":[6.21647,20.93518,8.5561],"rotation":{"angle":0,"axis":"y","origin":[6,21.27733,14.46215]},"faces":{"north":{"uv":[10.25,1.75,11.75,3.5],"rotation":180,"texture":"#2"},"east":{"uv":[12.05,1.7,10.3,0],"rotation":180,"texture":"#2"},"south":{"uv":[9.5,7.25,11,9],"texture":"#2"},"west":{"uv":[12.05,0,10.3,1.7],"texture":"#2"},"up":{"uv":[12.75,8.75,11,7.25],"rotation":90,"texture":"#2"},"down":{"uv":[12.75,8.75,11,7.25],"rotation":90,"texture":"#2"}}},{"from":[3.36047,14.04772,10.06961],"to":[6.48847,16.76772,12.78961],"rotation":{"angle":22.5,"axis":"x","origin":[6,21.27733,14.46215]},"faces":{"north":{"uv":[0,7,4,10.5],"rotation":180,"texture":"#5"},"east":{"uv":[3.5,14,0,10.5],"rotation":270,"texture":"#5"},"south":{"uv":[0,7,4,10.5],"rotation":180,"texture":"#5"},"west":{"uv":[0,14,3.5,10.5],"rotation":90,"texture":"#5"},"up":{"uv":[7.5,14,3.5,10.5],"rotation":180,"texture":"#5"},"down":{"uv":[8,10.5,4,7],"texture":"#5"}}},{"from":[6,15.81517,8.26052],"to":[12,26.81517,9.26052],"rotation":{"angle":0,"axis":"y","origin":[9,22.27733,9.53785]},"faces":{"north":{"uv":[4.5,5.5,7.5,0],"rotation":180,"texture":"#9"},"east":{"uv":[9.75,0.75,9.25,6.25],"texture":"#10"},"south":{"uv":[9.75,5.5,12.75,0],"texture":"#10","cullface":"down"},"west":{"uv":[9.75,6.25,9.25,0.75],"rotation":180,"texture":"#10"},"up":{"uv":[9.75,6,12.75,5.5],"rotation":180,"texture":"#10"},"down":{"uv":[9.75,6,12.75,5.5],"texture":"#10"}}},{"from":[11,20.5,4],"to":[11,30.5,12],"rotation":{"angle":0,"axis":"y","origin":[-7.5,15.5,8]},"faces":{"north":{"uv":[0,0,5,0],"rotation":270,"texture":"#0"},"east":{"uv":[16,12,11,16],"rotation":270,"texture":"#0"},"south":{"uv":[0,0,5,0],"rotation":270,"texture":"#0"},"west":{"uv":[11,12,16,16],"rotation":90,"texture":"#0"},"up":{"uv":[11,16,11,12],"texture":"#0"},"down":{"uv":[11,16,11,12],"rotation":180,"texture":"#0"}}},{"from":[9,20.5,4],"to":[9,30.5,12],"rotation":{"angle":0,"axis":"y","origin":[-7.5,15.5,8]},"faces":{"north":{"uv":[0,0,5,0],"rotation":270,"texture":"#0"},"east":{"uv":[16,12,11,16],"rotation":270,"texture":"#0"},"south":{"uv":[0,0,5,0],"rotation":270,"texture":"#0"},"west":{"uv":[11,12,16,16],"rotation":90,"texture":"#0"},"up":{"uv":[11,16,11,12],"texture":"#0"},"down":{"uv":[11,16,11,12],"rotation":180,"texture":"#0"}}},{"from":[7,20.5,4],"to":[7,30.5,12],"rotation":{"angle":0,"axis":"y","origin":[-7.5,15.5,8]},"faces":{"north":{"uv":[0,0,5,0],"rotation":270,"texture":"#0"},"east":{"uv":[16,12,11,16],"rotation":270,"texture":"#0"},"south":{"uv":[0,0,5,0],"rotation":270,"texture":"#0"},"west":{"uv":[11,12,16,16],"rotation":90,"texture":"#0"},"up":{"uv":[11,16,11,12],"texture":"#0"},"down":{"uv":[11,16,11,12],"rotation":180,"texture":"#0"}}},{"from":[6,16.2,6.8],"to":[12,22.2,6.8],"rotation":{"angle":0,"axis":"y","origin":[17,15,-1.1]},"faces":{"north":{"uv":[5,1.5,11,7.5],"texture":"#7"},"east":{"uv":[3,0.5,3,6.5],"texture":"#7"},"south":{"uv":[5,1.5,11,7.5],"texture":"#7"},"west":{"uv":[3,0.5,3,6.5],"texture":"#7"},"up":{"uv":[5,0,0,0],"texture":"#7"},"down":{"uv":[5,0,0,0],"texture":"#7"}}},{"from":[7,14,5.9],"to":[12.3,15,7.9],"rotation":{"angle":45,"axis":"z","origin":[1,15,-1.1]},"faces":{"north":{"uv":[10.5,15.5,13,16],"texture":"#3"},"east":{"uv":[10.5,15,11.5,15.5],"texture":"#3"},"south":{"uv":[10.5,15.5,13,16],"texture":"#3"},"west":{"uv":[10.5,15,11.5,15.5],"texture":"#3"},"up":{"uv":[8,15,10.5,16],"texture":"#3"},"down":{"uv":[8,15,10.5,16],"texture":"#3"}}},{"from":[7,23.5,6],"to":[12.3,24.5,7.8],"rotation":{"angle":-45,"axis":"z","origin":[1,23.5,-1.1]},"faces":{"north":{"uv":[10.5,16,13,15.5],"texture":"#3"},"east":{"uv":[10.5,15.5,11.5,15],"texture":"#3"},"south":{"uv":[10.5,16,13,15.5],"texture":"#3"},"west":{"uv":[10.5,15.5,11.5,15],"texture":"#3"},"up":{"uv":[8,16,10.5,15],"texture":"#3"},"down":{"uv":[8,16,10.5,15],"texture":"#3"}}},{"from":[5.7,23.5,5.9],"to":[11,24.5,7.9],"rotation":{"angle":45,"axis":"z","origin":[17,23.5,-1.1]},"faces":{"north":{"uv":[13,16,10.5,15.5],"texture":"#3"},"east":{"uv":[11.5,15.5,10.5,15],"texture":"#3"},"south":{"uv":[13,16,10.5,15.5],"texture":"#3"},"west":{"uv":[11.5,15.5,10.5,15],"texture":"#3"},"up":{"uv":[10.5,16,8,15],"texture":"#3"},"down":{"uv":[10.5,16,8,15],"texture":"#3"}}},{"from":[7,27.7,6],"to":[12.3,28.7,7.8],"rotation":{"angle":-45,"axis":"z","origin":[1,23.5,-1.1]},"faces":{"north":{"uv":[10.5,16,13,15.5],"texture":"#3"},"east":{"uv":[10.5,15.5,11.5,15],"texture":"#3"},"south":{"uv":[10.5,16,13,15.5],"texture":"#3"},"west":{"uv":[10.5,15.5,11.5,15],"texture":"#3"},"up":{"uv":[8,16,10.5,15],"texture":"#3"},"down":{"uv":[8,16,10.5,15],"texture":"#3"}}},{"from":[2.65435,18,6.24863],"to":[2.65435,27,15.24863],"rotation":{"angle":-45,"axis":"y","origin":[-0.34565,-11.5,9.74863]},"faces":{"north":{"uv":[0,9.5,0,0],"texture":"#8"},"east":{"uv":[9,16,0,7],"texture":"#8"},"south":{"uv":[0,9.5,0,0],"texture":"#8"},"west":{"uv":[0,16,9,7],"texture":"#8"},"up":{"uv":[0,0,5.5,0],"rotation":270,"texture":"#8"},"down":{"uv":[0,0,5.5,0],"rotation":90,"texture":"#8"}}},{"from":[13.34565,18,6.24863],"to":[13.34565,27,15.24863],"rotation":{"angle":45,"axis":"y","origin":[16.34565,-11.5,9.74863]},"faces":{"north":{"uv":[0,9.5,0,0],"texture":"#8"},"east":{"uv":[9,16,0,7],"texture":"#8"},"south":{"uv":[0,9.5,0,0],"texture":"#8"},"west":{"uv":[0,16,9,7],"texture":"#8"},"up":{"uv":[0,0,5.5,0],"rotation":270,"texture":"#8"},"down":{"uv":[0,0,5.5,0],"rotation":90,"texture":"#8"}}}],"gui_light":"front","display":{"thirdperson_righthand":{"rotation":[0,90,0],"translation":[0,8.25,3],"scale":[0.7,0.7,0.7]},"thirdperson_lefthand":{"rotation":[0,90,0],"translation":[0,8.25,1.5],"scale":[0.7,0.7,0.7]},"firstperson_righthand":{"rotation":[-165,80,170],"translation":[2.25,1.75,-1.25],"scale":[0.63672,0.63672,0.63672]},"firstperson_lefthand":{"rotation":[-165,80,170],"translation":[2.25,1.75,-1.25],"scale":[0.63672,0.63672,0.63672]},"ground":{"rotation":[45,0,0],"translation":[0,5.25,0],"scale":[0.35,0.35,0.35]},"gui":{"rotation":[0,0,-45],"translation":[-1,-0.5,-2],"scale":[0.41227,0.41227,0.41227]},"head":{"rotation":[-135.5,0,0],"translation":[0,20.5,4.75],"scale":[0,0,0]},"fixed":{"rotation":[0,180,0],"translation":[1.5,5,-3.25],"scale":[1.4,1.4,1.4]}}}