{"credit":"Made with Blockbench","texture_size":[32,32],"textures":{"0":"elitecreatures:azgad_weapon/azgadtex1","2":"elitecreatures:azgad_weapon/azgadtex4","3":"elitecreatures:azgad_weapon/azgadtex7","4":"elitecreatures:azgad_weapon/eye","7":"elitecreatures:azgad_weapon/azgadtex6","particle":"elitecreatures:azgad_weapon/azgadtex1"},"elements":[{"from":[7,-9,7],"to":[9,0,9],"rotation":{"angle":0,"axis":"y","origin":[16,-5,0]},"faces":{"north":{"uv":[8.75,0,9.75,4.5],"texture":"#2"},"east":{"uv":[8.75,0,7.75,4.5],"texture":"#2"},"south":{"uv":[8.75,0,9.75,4.5],"texture":"#2"},"west":{"uv":[7.75,0,8.75,4.5],"texture":"#2"},"up":{"uv":[9.75,5.5,8.75,4.5],"rotation":90,"texture":"#2"},"down":{"uv":[9.75,4.5,8.75,5.5],"rotation":270,"texture":"#2"}}},{"from":[7,0,7],"to":[9,9,9],"rotation":{"angle":0,"axis":"y","origin":[16,-5,0]},"faces":{"north":{"uv":[8.75,0,9.75,4.5],"texture":"#2"},"east":{"uv":[8.75,0,7.75,4.5],"texture":"#2"},"south":{"uv":[8.75,0,9.75,4.5],"texture":"#2"},"west":{"uv":[7.75,0,8.75,4.5],"texture":"#2"},"up":{"uv":[9.75,5.5,8.75,4.5],"rotation":90,"texture":"#2"},"down":{"uv":[9.75,4.5,8.75,5.5],"rotation":270,"texture":"#2"}}},{"from":[-0.6,7.5,5],"to":[9.4,18.5,5],"rotation":{"angle":45,"axis":"x","origin":[-7,13.5,1]},"faces":{"north":{"uv":[10.5,10.5,16,15.5],"rotation":90,"texture":"#0"},"east":{"uv":[10.5,10,10.5,15.5],"rotation":180,"texture":"#0"},"south":{"uv":[16,10.5,10.5,15.5],"rotation":270,"texture":"#0"},"west":{"uv":[10.5,10,10.5,15.5],"texture":"#0"},"up":{"uv":[10.5,10,10.5,15],"rotation":270,"texture":"#0"},"down":{"uv":[10.5,10,10.5,15],"rotation":270,"texture":"#0"}}},{"from":[-0.6,7.5,11],"to":[9.4,18.5,11],"rotation":{"angle":-45,"axis":"x","origin":[-7,13.5,15]},"faces":{"north":{"uv":[16,15.5,10.5,10.5],"rotation":270,"texture":"#0"},"east":{"uv":[10.5,10,10.5,15.5],"rotation":180,"texture":"#0"},"south":{"uv":[10.5,15.5,16,10.5],"rotation":90,"texture":"#0"},"west":{"uv":[10.5,10,10.5,15.5],"texture":"#0"},"up":{"uv":[10.5,10,10.5,15],"rotation":270,"texture":"#0"},"down":{"uv":[10.5,10,10.5,15],"rotation":270,"texture":"#0"}}},{"from":[7,-10.7,6.8],"to":[9.4,-8.7,9.2],"rotation":{"angle":22.5,"axis":"z","origin":[7.2,-9,8]},"faces":{"north":{"uv":[0,13.75,1.25,14.75],"texture":"#2"},"east":{"uv":[1.25,15,2.5,16],"texture":"#2"},"south":{"uv":[0,13.75,1.25,14.75],"texture":"#2"},"west":{"uv":[1.25,15,2.5,16],"texture":"#2"},"up":{"uv":[1.25,16,0,14.75],"texture":"#2"},"down":{"uv":[1.25,16,0,14.75],"texture":"#2"}}},{"from":[-13.16199,-3.97066,6.7],"to":[-10.46199,-2.97066,9.3],"rotation":{"angle":45,"axis":"z","origin":[6.45,18.20199,-2.2]},"faces":{"north":{"uv":[3.5,15,2.5,15.5],"texture":"#2"},"east":{"uv":[4,15.5,2.5,16],"texture":"#2"},"south":{"uv":[3.5,15,2.5,15.5],"texture":"#2"},"west":{"uv":[4,15.5,2.5,16],"texture":"#2"},"up":{"uv":[2.5,15,1.25,13.75],"texture":"#2"},"down":{"uv":[2.5,15,1.25,13.75],"texture":"#2"}}},{"from":[-13.16199,-7.97066,8],"to":[-8.46199,-3.97066,8],"rotation":{"angle":45,"axis":"z","origin":[6.45,18.20199,-2.2]},"faces":{"north":{"uv":[6.25,14,4,16],"texture":"#2"},"east":{"uv":[2.5,15.5,2.5,17.5],"texture":"#2"},"south":{"uv":[4,14,6.25,16],"texture":"#2"},"west":{"uv":[2.5,15.5,2.5,17.5],"texture":"#2"},"up":{"uv":[3.6,13.75,1.25,13.75],"texture":"#2"},"down":{"uv":[3.6,13.75,1.25,13.75],"texture":"#2"}}},{"from":[8,-7,7.9],"to":[16,1,7.9],"rotation":{"angle":0,"axis":"y","origin":[16,0,0]},"faces":{"north":{"uv":[16,12,12,16],"texture":"#2"},"east":{"uv":[12,12,12,16],"texture":"#2"},"south":{"uv":[12,12,16,16],"texture":"#2"},"west":{"uv":[12,12,12,16],"texture":"#2"},"up":{"uv":[5,0,0,0],"texture":"#2"},"down":{"uv":[5,0,0,0],"texture":"#2"}}},{"from":[12,13.8,7.1],"to":[13,19.1,8.9],"rotation":{"angle":45,"axis":"z","origin":[12,7.8,0]},"faces":{"north":{"uv":[10.5,15.5,13,16],"rotation":90,"texture":"#3"},"east":{"uv":[8,15,10.5,16],"rotation":270,"texture":"#3"},"south":{"uv":[10.5,15.5,13,16],"rotation":270,"texture":"#3"},"west":{"uv":[8,15,10.5,16],"rotation":270,"texture":"#3"},"up":{"uv":[10.5,15,11.5,15.5],"rotation":270,"texture":"#3"},"down":{"uv":[10.5,15,11.5,15.5],"rotation":270,"texture":"#3"}}},{"from":[19.5,11.32843,8.02843],"to":[24.5,16.32843,8.02843],"rotation":{"angle":45,"axis":"x","origin":[22,16.5,8]},"faces":{"north":{"uv":[13.5,6.75,16,4.25],"rotation":90,"texture":"#0"},"east":{"uv":[11,4.25,14.5,4.25],"rotation":270,"texture":"#0"},"south":{"uv":[16,6.75,13.5,4.25],"rotation":270,"texture":"#0"},"west":{"uv":[11,4.25,14.5,4.25],"rotation":270,"texture":"#0"},"up":{"uv":[0,2.5,0,0],"rotation":270,"texture":"#0"},"down":{"uv":[0,2.5,0,0],"rotation":270,"texture":"#0"}}},{"from":[19.5,16.67157,8.02843],"to":[24.5,21.67157,8.02843],"rotation":{"angle":-45,"axis":"x","origin":[22,16.5,8]},"faces":{"north":{"uv":[16,6.75,13.5,4.25],"rotation":90,"texture":"#0"},"east":{"uv":[14.5,4.25,11,4.25],"rotation":270,"texture":"#0"},"south":{"uv":[13.5,6.75,16,4.25],"rotation":270,"texture":"#0"},"west":{"uv":[14.5,4.25,11,4.25],"rotation":270,"texture":"#0"},"up":{"uv":[0,2.5,0,0],"rotation":270,"texture":"#0"},"down":{"uv":[0,2.5,0,0],"rotation":270,"texture":"#0"}}},{"from":[19.5,16.67157,7.97157],"to":[24.5,21.67157,7.97157],"rotation":{"angle":45,"axis":"x","origin":[22,16.5,8]},"faces":{"north":{"uv":[16,6.75,13.5,4.25],"rotation":90,"texture":"#0"},"east":{"uv":[14.5,4.25,11,4.25],"rotation":270,"texture":"#0"},"south":{"uv":[13.5,6.75,16,4.25],"rotation":270,"texture":"#0"},"west":{"uv":[14.5,4.25,11,4.25],"rotation":270,"texture":"#0"},"up":{"uv":[0,2.5,0,0],"rotation":270,"texture":"#0"},"down":{"uv":[0,2.5,0,0],"rotation":270,"texture":"#0"}}},{"from":[19.5,11.32843,7.97157],"to":[24.5,16.32843,7.97157],"rotation":{"angle":-45,"axis":"x","origin":[22,16.5,8]},"faces":{"north":{"uv":[13.5,6.75,16,4.25],"rotation":90,"texture":"#0"},"east":{"uv":[11,4.25,14.5,4.25],"rotation":270,"texture":"#0"},"south":{"uv":[16,6.75,13.5,4.25],"rotation":270,"texture":"#0"},"west":{"uv":[11,4.25,14.5,4.25],"rotation":270,"texture":"#0"},"up":{"uv":[0,2.5,0,0],"rotation":270,"texture":"#0"},"down":{"uv":[0,2.5,0,0],"rotation":270,"texture":"#0"}}},{"from":[2.5,13.8,7],"to":[3.5,19.1,9],"rotation":{"angle":-45,"axis":"z","origin":[3.5,7.8,0]},"faces":{"north":{"uv":[10.5,16,13,15.5],"rotation":90,"texture":"#3"},"east":{"uv":[8,16,10.5,15],"rotation":270,"texture":"#3"},"south":{"uv":[10.5,16,13,15.5],"rotation":270,"texture":"#3"},"west":{"uv":[8,16,10.5,15],"rotation":270,"texture":"#3"},"up":{"uv":[10.5,15.5,11.5,15],"rotation":270,"texture":"#3"},"down":{"uv":[10.5,15.5,11.5,15],"rotation":270,"texture":"#3"}}},{"from":[4.8,12.8,7.9],"to":[10.8,18.8,7.9],"rotation":{"angle":0,"axis":"y","origin":[11.8,7.8,0]},"faces":{"north":{"uv":[5,1.5,11,7.5],"rotation":90,"texture":"#4"},"east":{"uv":[0,0,5,0],"rotation":270,"texture":"#4"},"south":{"uv":[11,1.5,5,7.5],"rotation":270,"texture":"#4"},"west":{"uv":[0,0,5,0],"rotation":270,"texture":"#4"},"up":{"uv":[3,0.5,3,6.5],"rotation":270,"texture":"#4"},"down":{"uv":[3,0.5,3,6.5],"rotation":270,"texture":"#4"}}},{"from":[2.5,12.5,7.1],"to":[3.5,17.8,8.9],"rotation":{"angle":45,"axis":"z","origin":[3.5,23.8,0]},"faces":{"north":{"uv":[13,16,10.5,15.5],"rotation":90,"texture":"#3"},"east":{"uv":[10.5,16,8,15],"rotation":270,"texture":"#3"},"south":{"uv":[13,16,10.5,15.5],"rotation":270,"texture":"#3"},"west":{"uv":[10.5,16,8,15],"rotation":270,"texture":"#3"},"up":{"uv":[11.5,15.5,10.5,15],"rotation":270,"texture":"#3"},"down":{"uv":[11.5,15.5,10.5,15],"rotation":270,"texture":"#3"}}},{"from":[12,12.5,7],"to":[13,17.8,9],"rotation":{"angle":-45,"axis":"z","origin":[12,23.8,0]},"faces":{"north":{"uv":[13,15.5,10.5,16],"rotation":90,"texture":"#3"},"east":{"uv":[10.5,15,8,16],"rotation":270,"texture":"#3"},"south":{"uv":[13,15.5,10.5,16],"rotation":270,"texture":"#3"},"west":{"uv":[10.5,15,8,16],"rotation":270,"texture":"#3"},"up":{"uv":[11.5,15,10.5,15.5],"rotation":270,"texture":"#3"},"down":{"uv":[11.5,15,10.5,15.5],"rotation":270,"texture":"#3"}}},{"from":[4.8,12.8,8.1],"to":[10.8,18.8,8.1],"rotation":{"angle":0,"axis":"y","origin":[11.8,7.8,0]},"faces":{"north":{"uv":[5,1.5,11,7.5],"rotation":90,"texture":"#4"},"east":{"uv":[0,0,5,0],"rotation":270,"texture":"#4"},"south":{"uv":[11,1.5,5,7.5],"rotation":270,"texture":"#4"},"west":{"uv":[0,0,5,0],"rotation":270,"texture":"#4"},"up":{"uv":[3,0.5,3,6.5],"rotation":270,"texture":"#4"},"down":{"uv":[3,0.5,3,6.5],"rotation":270,"texture":"#4"}}},{"from":[16.5,25.5,3.5],"to":[19.5,25.5,6.3],"rotation":{"angle":-45,"axis":"x","origin":[22,24.1,16.3]},"faces":{"north":{"uv":[6,7.25,6,0],"rotation":90,"texture":"#2"},"east":{"uv":[10.5,0,7,0],"texture":"#2"},"south":{"uv":[6.5,7.25,6.5,0],"rotation":270,"texture":"#2"},"west":{"uv":[10.5,0.5,7,0.5],"rotation":180,"texture":"#2"},"up":{"uv":[16,5.5,14,4],"rotation":270,"texture":"#2"},"down":{"uv":[14,5.5,16,4],"rotation":270,"texture":"#2"}}},{"from":[16.5,25.4,10.2],"to":[19.5,25.4,13.2],"rotation":{"angle":45,"axis":"x","origin":[22,24.1,0.3]},"faces":{"north":{"uv":[6.5,7.25,6.5,0],"rotation":90,"texture":"#2"},"east":{"uv":[7,0,10.5,0],"texture":"#2"},"south":{"uv":[6,7.25,6,0],"rotation":270,"texture":"#2"},"west":{"uv":[7,0.5,10.5,0.5],"rotation":180,"texture":"#2"},"up":{"uv":[14,5.5,16,4],"rotation":270,"texture":"#2"},"down":{"uv":[16,5.5,14,4],"rotation":270,"texture":"#2"}}},{"from":[13.5,25.5,3.5],"to":[16.5,25.5,6.3],"rotation":{"angle":-45,"axis":"x","origin":[19,24.1,16.3]},"faces":{"north":{"uv":[6,7.25,6,0],"rotation":90,"texture":"#2"},"east":{"uv":[10.5,0,7,0],"texture":"#2"},"south":{"uv":[6.5,7.25,6.5,0],"rotation":270,"texture":"#2"},"west":{"uv":[10.5,0.5,7,0.5],"rotation":180,"texture":"#2"},"up":{"uv":[16,5.5,14,4],"rotation":270,"texture":"#2"},"down":{"uv":[14,5.5,16,4],"rotation":270,"texture":"#2"}}},{"from":[13.5,25.4,10.2],"to":[16.5,25.4,13.2],"rotation":{"angle":45,"axis":"x","origin":[19,24.1,0.3]},"faces":{"north":{"uv":[6.5,7.25,6.5,0],"rotation":90,"texture":"#2"},"east":{"uv":[7,0,10.5,0],"texture":"#2"},"south":{"uv":[6,7.25,6,0],"rotation":270,"texture":"#2"},"west":{"uv":[7,0.5,10.5,0.5],"rotation":180,"texture":"#2"},"up":{"uv":[14,5.5,16,4],"rotation":270,"texture":"#2"},"down":{"uv":[16,5.5,14,4],"rotation":270,"texture":"#2"}}},{"from":[10.5,25.5,3.5],"to":[13.5,25.5,6.3],"rotation":{"angle":-45,"axis":"x","origin":[16,24.1,16.3]},"faces":{"north":{"uv":[6,7.25,6,0],"rotation":90,"texture":"#2"},"east":{"uv":[10.5,0,7,0],"texture":"#2"},"south":{"uv":[6.5,7.25,6.5,0],"rotation":270,"texture":"#2"},"west":{"uv":[10.5,0.5,7,0.5],"rotation":180,"texture":"#2"},"up":{"uv":[16,5.5,14,4],"rotation":270,"texture":"#2"},"down":{"uv":[14,5.5,16,4],"rotation":270,"texture":"#2"}}},{"from":[10.5,25.4,10.2],"to":[13.5,25.4,13.2],"rotation":{"angle":45,"axis":"x","origin":[16,24.1,0.3]},"faces":{"north":{"uv":[6.5,7.25,6.5,0],"rotation":90,"texture":"#2"},"east":{"uv":[7,0,10.5,0],"texture":"#2"},"south":{"uv":[6,7.25,6,0],"rotation":270,"texture":"#2"},"west":{"uv":[7,0.5,10.5,0.5],"rotation":180,"texture":"#2"},"up":{"uv":[14,5.5,16,4],"rotation":270,"texture":"#2"},"down":{"uv":[16,5.5,14,4],"rotation":270,"texture":"#2"}}},{"from":[10.5,6.5,3.5],"to":[13.5,6.5,6.3],"rotation":{"angle":45,"axis":"x","origin":[16,7.9,16.3]},"faces":{"north":{"uv":[6,7.25,6,0],"rotation":90,"texture":"#2"},"east":{"uv":[10.5,0,7,0],"texture":"#2"},"south":{"uv":[6.5,7.25,6.5,0],"rotation":270,"texture":"#2"},"west":{"uv":[10.5,0.5,7,0.5],"rotation":180,"texture":"#2"},"up":{"uv":[16,5.5,14,4],"rotation":270,"texture":"#2"},"down":{"uv":[14,5.5,16,4],"rotation":270,"texture":"#2"}}},{"from":[10.5,6.6,10.2],"to":[13.5,6.6,13.2],"rotation":{"angle":-45,"axis":"x","origin":[16,7.9,0.3]},"faces":{"north":{"uv":[6.5,7.25,6.5,0],"rotation":90,"texture":"#2"},"east":{"uv":[7,0,10.5,0],"texture":"#2"},"south":{"uv":[6,7.25,6,0],"rotation":270,"texture":"#2"},"west":{"uv":[7,0.5,10.5,0.5],"rotation":180,"texture":"#2"},"up":{"uv":[14,5.5,16,4],"rotation":270,"texture":"#2"},"down":{"uv":[16,5.5,14,4],"rotation":270,"texture":"#2"}}},{"from":[13.5,6.5,3.5],"to":[16.5,6.5,6.3],"rotation":{"angle":45,"axis":"x","origin":[19,7.9,16.3]},"faces":{"north":{"uv":[6,7.25,6,0],"rotation":90,"texture":"#2"},"east":{"uv":[10.5,0,7,0],"texture":"#2"},"south":{"uv":[6.5,7.25,6.5,0],"rotation":270,"texture":"#2"},"west":{"uv":[10.5,0.5,7,0.5],"rotation":180,"texture":"#2"},"up":{"uv":[16,5.5,14,4],"rotation":270,"texture":"#2"},"down":{"uv":[14,5.5,16,4],"rotation":270,"texture":"#2"}}},{"from":[13.5,6.6,10.2],"to":[16.5,6.6,13.2],"rotation":{"angle":-45,"axis":"x","origin":[19,7.9,0.3]},"faces":{"north":{"uv":[6.5,7.25,6.5,0],"rotation":90,"texture":"#2"},"east":{"uv":[7,0,10.5,0],"texture":"#2"},"south":{"uv":[6,7.25,6,0],"rotation":270,"texture":"#2"},"west":{"uv":[7,0.5,10.5,0.5],"rotation":180,"texture":"#2"},"up":{"uv":[14,5.5,16,4],"rotation":270,"texture":"#2"},"down":{"uv":[16,5.5,14,4],"rotation":270,"texture":"#2"}}},{"from":[16.5,6.5,3.5],"to":[19.5,6.5,6.3],"rotation":{"angle":45,"axis":"x","origin":[22,7.9,16.3]},"faces":{"north":{"uv":[6,7.25,6,0],"rotation":90,"texture":"#2"},"east":{"uv":[10.5,0,7,0],"texture":"#2"},"south":{"uv":[6.5,7.25,6.5,0],"rotation":270,"texture":"#2"},"west":{"uv":[10.5,0.5,7,0.5],"rotation":180,"texture":"#2"},"up":{"uv":[16,5.5,14,4],"rotation":270,"texture":"#2"},"down":{"uv":[14,5.5,16,4],"rotation":270,"texture":"#2"}}},{"from":[16.5,6.6,10.2],"to":[19.5,6.6,13.2],"rotation":{"angle":-45,"axis":"x","origin":[22,7.9,0.3]},"faces":{"north":{"uv":[6.5,7.25,6.5,0],"rotation":90,"texture":"#2"},"east":{"uv":[7,0,10.5,0],"texture":"#2"},"south":{"uv":[6,7.25,6,0],"rotation":270,"texture":"#2"},"west":{"uv":[7,0.5,10.5,0.5],"rotation":180,"texture":"#2"},"up":{"uv":[14,5.5,16,4],"rotation":270,"texture":"#2"},"down":{"uv":[16,5.5,14,4],"rotation":270,"texture":"#2"}}},{"from":[5,5,6.9],"to":[11,14,6.9],"rotation":{"angle":0,"axis":"y","origin":[7,0,0]},"faces":{"north":{"uv":[13,4.5,16,9],"texture":"#7"},"east":{"uv":[13,4.5,13,9],"texture":"#7"},"south":{"uv":[13,4.5,16,9],"texture":"#7"},"west":{"uv":[13,4.5,13,9],"texture":"#7"},"up":{"uv":[0,0,3,0],"texture":"#7"},"down":{"uv":[0,0,3,0],"texture":"#7"}}},{"from":[5,5,9.1],"to":[11,14,9.1],"rotation":{"angle":0,"axis":"y","origin":[7,0,0]},"faces":{"north":{"uv":[13,4.5,16,9],"texture":"#7"},"east":{"uv":[13,4.5,13,9],"texture":"#7"},"south":{"uv":[13,4.5,16,9],"texture":"#7"},"west":{"uv":[13,4.5,13,9],"texture":"#7"},"up":{"uv":[0,0,3,0],"texture":"#7"},"down":{"uv":[0,0,3,0],"texture":"#7"}}},{"from":[9.1,5,5],"to":[9.1,14,11],"rotation":{"angle":0,"axis":"y","origin":[7,0,0]},"faces":{"north":{"uv":[13,4.5,13,9],"texture":"#7"},"east":{"uv":[13,4.5,16,9],"texture":"#7"},"south":{"uv":[13,4.5,13,9],"texture":"#7"},"west":{"uv":[13,4.5,16,9],"texture":"#7"},"up":{"uv":[0,0,3,0],"rotation":90,"texture":"#7"},"down":{"uv":[0,0,3,0],"rotation":270,"texture":"#7"}}},{"from":[7.1,5,5],"to":[7.1,14,11],"rotation":{"angle":0,"axis":"y","origin":[7,0,0]},"faces":{"north":{"uv":[13,4.5,13,9],"texture":"#7"},"east":{"uv":[13,4.5,16,9],"texture":"#7"},"south":{"uv":[13,4.5,13,9],"texture":"#7"},"west":{"uv":[13,4.5,16,9],"texture":"#7"},"up":{"uv":[0,0,3,0],"rotation":90,"texture":"#7"},"down":{"uv":[0,0,3,0],"rotation":270,"texture":"#7"}}}],"gui_light":"front","display":{"thirdperson_righthand":{"rotation":[0,90,0],"translation":[0,9,2.5],"scale":[0.7,0.7,0.7]},"thirdperson_lefthand":{"rotation":[0,-90,0],"translation":[0,9,2.5],"scale":[0.7,0.7,0.7]},"firstperson_righthand":{"rotation":[-165,80,170],"translation":[1.75,6.75,-1],"scale":[0.63281,0.63281,0.63281]},"firstperson_lefthand":{"rotation":[-20.92,-82.58,-16.01],"translation":[1.75,6.75,-1],"scale":[0.63281,0.63281,0.63281]},"ground":{"rotation":[45,0,0],"translation":[0,5.25,0],"scale":[0.35,0.35,0.35]},"gui":{"rotation":[0,0,-45],"translation":[-1.25,1.75,-2],"scale":[0.44742,0.44742,0.44742]},"head":{"rotation":[-135.5,0,0],"translation":[0,20.5,4.75],"scale":[0,0,0]},"fixed":{"translation":[-0.5,8.25,-3],"scale":[1.4,1.4,1.4]}}}