{"credit":"Made with Blockbench","textures":{"0":"elitecreatures:azgad_weapon/azgadtex4","4":"elitecreatures:azgad_weapon/azgadtex6","6":"elitecreatures:azgad_weapon/dragonhearth","7":"elitecreatures:azgad_weapon/flare","particle":"elitecreatures:azgad_weapon/azgadtex4"},"elements":[{"from":[8,-10,7],"to":[10,-1,9],"rotation":{"angle":0,"axis":"y","origin":[1,-6,0]},"faces":{"north":{"uv":[9.75,0,8.75,4.5],"texture":"#0"},"east":{"uv":[8.75,0,7.75,4.5],"texture":"#0"},"south":{"uv":[9.75,0,8.75,4.5],"texture":"#0"},"west":{"uv":[7.75,0,8.75,4.5],"texture":"#0"},"up":{"uv":[9.75,4.5,8.75,5.5],"rotation":90,"texture":"#0"},"down":{"uv":[9.75,5.5,8.75,4.5],"rotation":270,"texture":"#0"}}},{"from":[8,-1,7],"to":[10,8,9],"rotation":{"angle":0,"axis":"y","origin":[1,-6,0]},"faces":{"north":{"uv":[9.75,0,8.75,4.5],"texture":"#0"},"east":{"uv":[8.75,0,7.75,4.5],"texture":"#0"},"south":{"uv":[9.75,0,8.75,4.5],"texture":"#0"},"west":{"uv":[7.75,0,8.75,4.5],"texture":"#0"},"up":{"uv":[9.75,4.5,8.75,5.5],"rotation":90,"texture":"#0"},"down":{"uv":[9.75,5.5,8.75,4.5],"rotation":270,"texture":"#0"}}},{"from":[-0.7,-6,3.3],"to":[-0.7,-3,6.1],"rotation":{"angle":-45,"axis":"y","origin":[0.7,0,16.1]},"faces":{"north":{"uv":[6,0,6,7.25],"texture":"#0"},"east":{"uv":[16,4,14,5.5],"texture":"#0"},"south":{"uv":[6.5,0,6.5,7.25],"texture":"#0"},"west":{"uv":[14,4,16,5.5],"texture":"#0"},"up":{"uv":[7,0,10.5,0],"rotation":90,"texture":"#0"},"down":{"uv":[7,0.5,10.5,0.5],"rotation":270,"texture":"#0"}}},{"from":[-0.6,-3.5,3.3],"to":[-0.6,-0.5,6.1],"rotation":{"angle":-45,"axis":"y","origin":[0.8,2,16.1]},"faces":{"north":{"uv":[6,0,6,7.25],"texture":"#0"},"east":{"uv":[16,4,14,5.5],"texture":"#0"},"south":{"uv":[6.5,0,6.5,7.25],"texture":"#0"},"west":{"uv":[14,4,16,5.5],"texture":"#0"},"up":{"uv":[7,0,10.5,0],"rotation":90,"texture":"#0"},"down":{"uv":[7,0.5,10.5,0.5],"rotation":270,"texture":"#0"}}},{"from":[-0.6,-6,10],"to":[-0.6,-3,13],"rotation":{"angle":45,"axis":"y","origin":[0.7,0,0.1]},"faces":{"north":{"uv":[6.5,0,6.5,7.25],"texture":"#0"},"east":{"uv":[14,4,16,5.5],"texture":"#0"},"south":{"uv":[6,0,6,7.25],"texture":"#0"},"west":{"uv":[16,4,14,5.5],"texture":"#0"},"up":{"uv":[10.5,0,7,0],"rotation":90,"texture":"#0"},"down":{"uv":[10.5,0.5,7,0.5],"rotation":270,"texture":"#0"}}},{"from":[18.8,-6,10],"to":[18.8,-3,13],"rotation":{"angle":-45,"axis":"y","origin":[17.5,0,0.1]},"faces":{"north":{"uv":[6.5,0,6.5,7.25],"texture":"#0"},"east":{"uv":[14,4,16,5.5],"texture":"#0"},"south":{"uv":[6,0,6,7.25],"texture":"#0"},"west":{"uv":[16,4,14,5.5],"texture":"#0"},"up":{"uv":[10.5,0,7,0],"rotation":90,"texture":"#0"},"down":{"uv":[10.5,0.5,7,0.5],"rotation":270,"texture":"#0"}}},{"from":[18.9,-6,3.3],"to":[18.9,-3,6.1],"rotation":{"angle":45,"axis":"y","origin":[17.5,0,16.1]},"faces":{"north":{"uv":[6,0,6,7.25],"texture":"#0"},"east":{"uv":[16,4,14,5.5],"texture":"#0"},"south":{"uv":[6.5,0,6.5,7.25],"texture":"#0"},"west":{"uv":[14,4,16,5.5],"texture":"#0"},"up":{"uv":[7,0,10.5,0],"rotation":90,"texture":"#0"},"down":{"uv":[7,0.5,10.5,0.5],"rotation":270,"texture":"#0"}}},{"from":[18.7,-3.5,10],"to":[18.7,-0.5,13],"rotation":{"angle":-45,"axis":"y","origin":[17.4,2,0.1]},"faces":{"north":{"uv":[6.5,0,6.5,7.25],"texture":"#0"},"east":{"uv":[14,4,16,5.5],"texture":"#0"},"south":{"uv":[6,0,6,7.25],"texture":"#0"},"west":{"uv":[16,4,14,5.5],"texture":"#0"},"up":{"uv":[10.5,0,7,0],"rotation":90,"texture":"#0"},"down":{"uv":[10.5,0.5,7,0.5],"rotation":270,"texture":"#0"}}},{"from":[18.8,-3.5,3.3],"to":[18.8,-0.5,6.1],"rotation":{"angle":45,"axis":"y","origin":[17.4,2,16.1]},"faces":{"north":{"uv":[6,0,6,7.25],"texture":"#0"},"east":{"uv":[16,4,14,5.5],"texture":"#0"},"south":{"uv":[6.5,0,6.5,7.25],"texture":"#0"},"west":{"uv":[14,4,16,5.5],"texture":"#0"},"up":{"uv":[7,0,10.5,0],"rotation":90,"texture":"#0"},"down":{"uv":[7,0.5,10.5,0.5],"rotation":270,"texture":"#0"}}},{"from":[-0.5,-3.5,10],"to":[-0.5,-0.5,13],"rotation":{"angle":45,"axis":"y","origin":[0.8,2,0.1]},"faces":{"north":{"uv":[6.5,0,6.5,7.25],"texture":"#0"},"east":{"uv":[14,4,16,5.5],"texture":"#0"},"south":{"uv":[6,0,6,7.25],"texture":"#0"},"west":{"uv":[16,4,14,5.5],"texture":"#0"},"up":{"uv":[10.5,0,7,0],"rotation":90,"texture":"#0"},"down":{"uv":[10.5,0.5,7,0.5],"rotation":270,"texture":"#0"}}},{"from":[4.1,-6.5,-1.6],"to":[7.1,-3.5,-1.6],"rotation":{"angle":45,"axis":"y","origin":[17,-1,-0.3]},"faces":{"north":{"uv":[16,4,14,5.5],"texture":"#0"},"east":{"uv":[6.5,0,6.5,7.25],"texture":"#0"},"south":{"uv":[14,4,16,5.5],"texture":"#0"},"west":{"uv":[6,0,6,7.25],"texture":"#0"},"up":{"uv":[7,0,10.5,0],"texture":"#0"},"down":{"uv":[7,0.5,10.5,0.5],"texture":"#0"}}},{"from":[4.1,-4,-1.5],"to":[7.1,-1,-1.5],"rotation":{"angle":45,"axis":"y","origin":[17,1.5,-0.2]},"faces":{"north":{"uv":[16,4,14,5.5],"texture":"#0"},"east":{"uv":[6.5,0,6.5,7.25],"texture":"#0"},"south":{"uv":[14,4,16,5.5],"texture":"#0"},"west":{"uv":[6,0,6,7.25],"texture":"#0"},"up":{"uv":[7,0,10.5,0],"texture":"#0"},"down":{"uv":[7,0.5,10.5,0.5],"texture":"#0"}}},{"from":[11,-6.5,-1.7],"to":[13.8,-3.5,-1.7],"rotation":{"angle":-45,"axis":"y","origin":[1,-1,-0.3]},"faces":{"north":{"uv":[14,4,16,5.5],"texture":"#0"},"east":{"uv":[6,0,6,7.25],"texture":"#0"},"south":{"uv":[16,4,14,5.5],"texture":"#0"},"west":{"uv":[6.5,0,6.5,7.25],"texture":"#0"},"up":{"uv":[10.5,0,7,0],"texture":"#0"},"down":{"uv":[10.5,0.5,7,0.5],"texture":"#0"}}},{"from":[11,-4,-1.6],"to":[13.8,-1,-1.6],"rotation":{"angle":-45,"axis":"y","origin":[1,1.5,-0.2]},"faces":{"north":{"uv":[14,4,16,5.5],"texture":"#0"},"east":{"uv":[6,0,6,7.25],"texture":"#0"},"south":{"uv":[16,4,14,5.5],"texture":"#0"},"west":{"uv":[6.5,0,6.5,7.25],"texture":"#0"},"up":{"uv":[10.5,0,7,0],"texture":"#0"},"down":{"uv":[10.5,0.5,7,0.5],"texture":"#0"}}},{"from":[4.1,-6.5,17.6],"to":[7.1,-3.5,17.6],"rotation":{"angle":-45,"axis":"y","origin":[17,-1,16.3]},"faces":{"north":{"uv":[16,4,14,5.5],"texture":"#0"},"east":{"uv":[6.5,0,6.5,7.25],"texture":"#0"},"south":{"uv":[14,4,16,5.5],"texture":"#0"},"west":{"uv":[6,0,6,7.25],"texture":"#0"},"up":{"uv":[7,0,10.5,0],"texture":"#0"},"down":{"uv":[7,0.5,10.5,0.5],"texture":"#0"}}},{"from":[4.1,-4,17.5],"to":[7.1,-1,17.5],"rotation":{"angle":-45,"axis":"y","origin":[17,1.5,16.2]},"faces":{"north":{"uv":[16,4,14,5.5],"texture":"#0"},"east":{"uv":[6.5,0,6.5,7.25],"texture":"#0"},"south":{"uv":[14,4,16,5.5],"texture":"#0"},"west":{"uv":[6,0,6,7.25],"texture":"#0"},"up":{"uv":[7,0,10.5,0],"texture":"#0"},"down":{"uv":[7,0.5,10.5,0.5],"texture":"#0"}}},{"from":[11,-6.5,17.7],"to":[13.8,-3.5,17.7],"rotation":{"angle":45,"axis":"y","origin":[1,-1,16.3]},"faces":{"north":{"uv":[14,4,16,5.5],"texture":"#0"},"east":{"uv":[6,0,6,7.25],"texture":"#0"},"south":{"uv":[16,4,14,5.5],"texture":"#0"},"west":{"uv":[6.5,0,6.5,7.25],"texture":"#0"},"up":{"uv":[10.5,0,7,0],"texture":"#0"},"down":{"uv":[10.5,0.5,7,0.5],"texture":"#0"}}},{"from":[11,-4,17.6],"to":[13.8,-1,17.6],"rotation":{"angle":45,"axis":"y","origin":[1,1.5,16.2]},"faces":{"north":{"uv":[14,4,16,5.5],"texture":"#0"},"east":{"uv":[6,0,6,7.25],"texture":"#0"},"south":{"uv":[16,4,14,5.5],"texture":"#0"},"west":{"uv":[6.5,0,6.5,7.25],"texture":"#0"},"up":{"uv":[10.5,0,7,0],"texture":"#0"},"down":{"uv":[10.5,0.5,7,0.5],"texture":"#0"}}},{"from":[13.3,-2,6.9],"to":[15.3,0,9.1],"rotation":{"angle":-45,"axis":"z","origin":[1,1,0]},"faces":{"north":{"uv":[8.75,4.5,7.75,5.5],"texture":"#0"},"east":{"uv":[8.75,5.5,7.75,6.5],"texture":"#0"},"south":{"uv":[8.75,4.5,7.75,5.5],"texture":"#0"},"west":{"uv":[8.75,5.5,7.75,6.5],"texture":"#0"},"up":{"uv":[7.75,6.5,8.75,5.5],"rotation":90,"texture":"#0"},"down":{"uv":[7.75,6.5,8.75,5.5],"rotation":270,"texture":"#0"}}},{"from":[14.3,-3,7],"to":[16.3,-1,9],"rotation":{"angle":-45,"axis":"z","origin":[1,1,0]},"faces":{"north":{"uv":[8.75,4.5,7.75,5.5],"texture":"#0"},"east":{"uv":[8.75,5.5,7.75,6.5],"texture":"#0"},"south":{"uv":[8.75,4.5,7.75,5.5],"texture":"#0"},"west":{"uv":[8.75,5.5,7.75,6.5],"texture":"#0"},"up":{"uv":[7.75,6.5,8.75,5.5],"rotation":90,"texture":"#0"},"down":{"uv":[7.75,6.5,8.75,5.5],"rotation":270,"texture":"#0"}}},{"from":[7.5,-16,8],"to":[10.5,-10,8],"rotation":{"angle":0,"axis":"y","origin":[1,1,0]},"faces":{"north":{"uv":[13.75,4,12.25,7],"texture":"#0"},"east":{"uv":[12.25,4,12.25,7],"texture":"#0"},"south":{"uv":[13.75,4,12.25,7],"texture":"#0"},"west":{"uv":[12.25,4,12.25,7],"texture":"#0"},"up":{"uv":[12,6,12,4],"rotation":90,"texture":"#0"},"down":{"uv":[12,6,12,4],"rotation":270,"texture":"#0"}}},{"from":[9,-16,7],"to":[9,-10,9],"rotation":{"angle":0,"axis":"y","origin":[1,1,0]},"faces":{"north":{"uv":[12.25,4,12.25,7],"texture":"#0"},"east":{"uv":[13.5,4,12.5,7],"texture":"#0"},"south":{"uv":[12.25,4,12.25,7],"texture":"#0"},"west":{"uv":[13.5,4,12.5,7],"texture":"#0"},"up":{"uv":[12,4,12,6],"rotation":180,"texture":"#0"},"down":{"uv":[12,4,12,6],"rotation":180,"texture":"#0"}}},{"from":[-0.7,10,3.3],"to":[-0.7,13,6.1],"rotation":{"angle":-45,"axis":"y","origin":[0.7,7,16.1]},"faces":{"north":{"uv":[6,7.25,6,0],"texture":"#0"},"east":{"uv":[16,5.5,14,4],"texture":"#0"},"south":{"uv":[6.5,7.25,6.5,0],"texture":"#0"},"west":{"uv":[14,5.5,16,4],"texture":"#0"},"up":{"uv":[10.5,0.5,7,0.5],"rotation":270,"texture":"#0"},"down":{"uv":[10.5,0,7,0],"rotation":90,"texture":"#0"}}},{"from":[-0.6,7.5,3.3],"to":[-0.6,10.5,6.1],"rotation":{"angle":-45,"axis":"y","origin":[0.8,5,16.1]},"faces":{"north":{"uv":[6,7.25,6,0],"texture":"#0"},"east":{"uv":[16,5.5,14,4],"texture":"#0"},"south":{"uv":[6.5,7.25,6.5,0],"texture":"#0"},"west":{"uv":[14,5.5,16,4],"texture":"#0"},"up":{"uv":[10.5,0.5,7,0.5],"rotation":270,"texture":"#0"},"down":{"uv":[10.5,0,7,0],"rotation":90,"texture":"#0"}}},{"from":[-0.6,10,10],"to":[-0.6,13,13],"rotation":{"angle":45,"axis":"y","origin":[0.7,7,0.1]},"faces":{"north":{"uv":[6.5,7.25,6.5,0],"texture":"#0"},"east":{"uv":[14,5.5,16,4],"texture":"#0"},"south":{"uv":[6,7.25,6,0],"texture":"#0"},"west":{"uv":[16,5.5,14,4],"texture":"#0"},"up":{"uv":[7,0.5,10.5,0.5],"rotation":270,"texture":"#0"},"down":{"uv":[7,0,10.5,0],"rotation":90,"texture":"#0"}}},{"from":[18.8,10,10],"to":[18.8,13,13],"rotation":{"angle":-45,"axis":"y","origin":[17.5,7,0.1]},"faces":{"north":{"uv":[6.5,7.25,6.5,0],"texture":"#0"},"east":{"uv":[14,5.5,16,4],"texture":"#0"},"south":{"uv":[6,7.25,6,0],"texture":"#0"},"west":{"uv":[16,5.5,14,4],"texture":"#0"},"up":{"uv":[7,0.5,10.5,0.5],"rotation":270,"texture":"#0"},"down":{"uv":[7,0,10.5,0],"rotation":90,"texture":"#0"}}},{"from":[18.9,10,3.3],"to":[18.9,13,6.1],"rotation":{"angle":45,"axis":"y","origin":[17.5,7,16.1]},"faces":{"north":{"uv":[6,7.25,6,0],"texture":"#0"},"east":{"uv":[16,5.5,14,4],"texture":"#0"},"south":{"uv":[6.5,7.25,6.5,0],"texture":"#0"},"west":{"uv":[14,5.5,16,4],"texture":"#0"},"up":{"uv":[10.5,0.5,7,0.5],"rotation":270,"texture":"#0"},"down":{"uv":[10.5,0,7,0],"rotation":90,"texture":"#0"}}},{"from":[18.7,7.5,10],"to":[18.7,10.5,13],"rotation":{"angle":-45,"axis":"y","origin":[17.4,5,0.1]},"faces":{"north":{"uv":[6.5,7.25,6.5,0],"texture":"#0"},"east":{"uv":[14,5.5,16,4],"texture":"#0"},"south":{"uv":[6,7.25,6,0],"texture":"#0"},"west":{"uv":[16,5.5,14,4],"texture":"#0"},"up":{"uv":[7,0.5,10.5,0.5],"rotation":270,"texture":"#0"},"down":{"uv":[7,0,10.5,0],"rotation":90,"texture":"#0"}}},{"from":[18.8,7.5,3.3],"to":[18.8,10.5,6.1],"rotation":{"angle":45,"axis":"y","origin":[17.4,5,16.1]},"faces":{"north":{"uv":[6,7.25,6,0],"texture":"#0"},"east":{"uv":[16,5.5,14,4],"texture":"#0"},"south":{"uv":[6.5,7.25,6.5,0],"texture":"#0"},"west":{"uv":[14,5.5,16,4],"texture":"#0"},"up":{"uv":[10.5,0.5,7,0.5],"rotation":270,"texture":"#0"},"down":{"uv":[10.5,0,7,0],"rotation":90,"texture":"#0"}}},{"from":[-0.5,7.5,10],"to":[-0.5,10.5,13],"rotation":{"angle":45,"axis":"y","origin":[0.8,5,0.1]},"faces":{"north":{"uv":[6.5,7.25,6.5,0],"texture":"#0"},"east":{"uv":[14,5.5,16,4],"texture":"#0"},"south":{"uv":[6,7.25,6,0],"texture":"#0"},"west":{"uv":[16,5.5,14,4],"texture":"#0"},"up":{"uv":[7,0.5,10.5,0.5],"rotation":270,"texture":"#0"},"down":{"uv":[7,0,10.5,0],"rotation":90,"texture":"#0"}}},{"from":[4.1,10.5,-1.6],"to":[7.1,13.5,-1.6],"rotation":{"angle":45,"axis":"y","origin":[17,8,-0.3]},"faces":{"north":{"uv":[16,5.5,14,4],"texture":"#0"},"east":{"uv":[6.5,7.25,6.5,0],"texture":"#0"},"south":{"uv":[14,5.5,16,4],"texture":"#0"},"west":{"uv":[6,7.25,6,0],"texture":"#0"},"up":{"uv":[7,0.5,10.5,0.5],"texture":"#0"},"down":{"uv":[7,0,10.5,0],"texture":"#0"}}},{"from":[4.1,8,-1.5],"to":[7.1,11,-1.5],"rotation":{"angle":45,"axis":"y","origin":[17,5.5,-0.2]},"faces":{"north":{"uv":[16,5.5,14,4],"texture":"#0"},"east":{"uv":[6.5,7.25,6.5,0],"texture":"#0"},"south":{"uv":[14,5.5,16,4],"texture":"#0"},"west":{"uv":[6,7.25,6,0],"texture":"#0"},"up":{"uv":[7,0.5,10.5,0.5],"texture":"#0"},"down":{"uv":[7,0,10.5,0],"texture":"#0"}}},{"from":[11,10.5,-1.7],"to":[13.8,13.5,-1.7],"rotation":{"angle":-45,"axis":"y","origin":[1,8,-0.3]},"faces":{"north":{"uv":[14,5.5,16,4],"texture":"#0"},"east":{"uv":[6,7.25,6,0],"texture":"#0"},"south":{"uv":[16,5.5,14,4],"texture":"#0"},"west":{"uv":[6.5,7.25,6.5,0],"texture":"#0"},"up":{"uv":[10.5,0.5,7,0.5],"texture":"#0"},"down":{"uv":[10.5,0,7,0],"texture":"#0"}}},{"from":[11,8,-1.6],"to":[13.8,11,-1.6],"rotation":{"angle":-45,"axis":"y","origin":[1,5.5,-0.2]},"faces":{"north":{"uv":[14,5.5,16,4],"texture":"#0"},"east":{"uv":[6,7.25,6,0],"texture":"#0"},"south":{"uv":[16,5.5,14,4],"texture":"#0"},"west":{"uv":[6.5,7.25,6.5,0],"texture":"#0"},"up":{"uv":[10.5,0.5,7,0.5],"texture":"#0"},"down":{"uv":[10.5,0,7,0],"texture":"#0"}}},{"from":[4.1,10.5,17.6],"to":[7.1,13.5,17.6],"rotation":{"angle":-45,"axis":"y","origin":[17,8,16.3]},"faces":{"north":{"uv":[16,5.5,14,4],"texture":"#0"},"east":{"uv":[6.5,7.25,6.5,0],"texture":"#0"},"south":{"uv":[14,5.5,16,4],"texture":"#0"},"west":{"uv":[6,7.25,6,0],"texture":"#0"},"up":{"uv":[7,0.5,10.5,0.5],"texture":"#0"},"down":{"uv":[7,0,10.5,0],"texture":"#0"}}},{"from":[4.1,8,17.5],"to":[7.1,11,17.5],"rotation":{"angle":-45,"axis":"y","origin":[17,5.5,16.2]},"faces":{"north":{"uv":[16,5.5,14,4],"texture":"#0"},"east":{"uv":[6.5,7.25,6.5,0],"texture":"#0"},"south":{"uv":[14,5.5,16,4],"texture":"#0"},"west":{"uv":[6,7.25,6,0],"texture":"#0"},"up":{"uv":[7,0.5,10.5,0.5],"texture":"#0"},"down":{"uv":[7,0,10.5,0],"texture":"#0"}}},{"from":[11,10.5,17.7],"to":[13.8,13.5,17.7],"rotation":{"angle":45,"axis":"y","origin":[1,8,16.3]},"faces":{"north":{"uv":[14,5.5,16,4],"texture":"#0"},"east":{"uv":[6,7.25,6,0],"texture":"#0"},"south":{"uv":[16,5.5,14,4],"texture":"#0"},"west":{"uv":[6.5,7.25,6.5,0],"texture":"#0"},"up":{"uv":[10.5,0.5,7,0.5],"texture":"#0"},"down":{"uv":[10.5,0,7,0],"texture":"#0"}}},{"from":[11,8,17.6],"to":[13.8,11,17.6],"rotation":{"angle":45,"axis":"y","origin":[1,5.5,16.2]},"faces":{"north":{"uv":[14,5.5,16,4],"texture":"#0"},"east":{"uv":[6,7.25,6,0],"texture":"#0"},"south":{"uv":[16,5.5,14,4],"texture":"#0"},"west":{"uv":[6.5,7.25,6.5,0],"texture":"#0"},"up":{"uv":[10.5,0.5,7,0.5],"texture":"#0"},"down":{"uv":[10.5,0,7,0],"texture":"#0"}}},{"from":[6,10,6.9],"to":[12,19,6.9],"rotation":{"angle":0,"axis":"y","origin":[7,0,0]},"faces":{"north":{"uv":[13,4.5,16,9],"texture":"#4"},"east":{"uv":[13,4.5,13,9],"texture":"#4"},"south":{"uv":[13,4.5,16,9],"texture":"#4"},"west":{"uv":[13,4.5,13,9],"texture":"#4"},"up":{"uv":[0,0,3,0],"texture":"#4"},"down":{"uv":[0,0,3,0],"texture":"#4"}}},{"from":[3,18,8.1],"to":[17,32,8.1],"rotation":{"angle":0,"axis":"y","origin":[13,17,6.1]},"faces":{"north":{"uv":[16,2,2,16],"texture":"#6"},"east":{"uv":[0,0,0,14],"texture":"#6"},"south":{"uv":[2,2,16,16],"texture":"#6"},"west":{"uv":[0,0,0,14],"texture":"#6"},"up":{"uv":[5,0,0,0],"rotation":180,"texture":"#6"},"down":{"uv":[5,0,0,0],"rotation":180,"texture":"#6"}}},{"from":[-2.23252,23,5.16898],"to":[6.76748,32,5.16898],"rotation":{"angle":-22.5,"axis":"y","origin":[2.26748,27.5,5.16898]},"faces":{"north":{"uv":[0,7,9,16],"texture":"#7"},"east":{"uv":[0,0,0,9.5],"texture":"#7"},"south":{"uv":[9,7,0,16],"texture":"#7"},"west":{"uv":[0,0,0,9.5],"texture":"#7"},"up":{"uv":[0,0,5.5,0],"texture":"#7"},"down":{"uv":[0,0,5.5,0],"texture":"#7"}}},{"from":[-2.23252,23,10.83102],"to":[6.76748,32,10.83102],"rotation":{"angle":22.5,"axis":"y","origin":[2.26748,27.5,10.83102]},"faces":{"north":{"uv":[0,7,9,16],"texture":"#7"},"east":{"uv":[0,0,0,9.5],"texture":"#7"},"south":{"uv":[9,7,0,16],"texture":"#7"},"west":{"uv":[0,0,0,9.5],"texture":"#7"},"up":{"uv":[0,0,5.5,0],"texture":"#7"},"down":{"uv":[0,0,5.5,0],"texture":"#7"}}},{"from":[10.1,10,5],"to":[10.1,19,11],"rotation":{"angle":0,"axis":"y","origin":[7,0,0]},"faces":{"north":{"uv":[13,4.5,13,9],"texture":"#4"},"east":{"uv":[13,4.5,16,9],"texture":"#4"},"south":{"uv":[13,4.5,13,9],"texture":"#4"},"west":{"uv":[13,4.5,16,9],"texture":"#4"},"up":{"uv":[0,0,3,0],"rotation":90,"texture":"#4"},"down":{"uv":[0,0,3,0],"rotation":270,"texture":"#4"}}},{"from":[8.1,10,5],"to":[8.1,19,11],"rotation":{"angle":0,"axis":"y","origin":[7,0,0]},"faces":{"north":{"uv":[13,4.5,13,9],"texture":"#4"},"east":{"uv":[13,4.5,16,9],"texture":"#4"},"south":{"uv":[13,4.5,13,9],"texture":"#4"},"west":{"uv":[13,4.5,16,9],"texture":"#4"},"up":{"uv":[0,0,3,0],"rotation":90,"texture":"#4"},"down":{"uv":[0,0,3,0],"rotation":270,"texture":"#4"}}},{"from":[6,10,9.1],"to":[12,19,9.1],"rotation":{"angle":0,"axis":"y","origin":[7,0,0]},"faces":{"north":{"uv":[13,4.5,16,9],"texture":"#4"},"east":{"uv":[13,4.5,13,9],"texture":"#4"},"south":{"uv":[13,4.5,16,9],"texture":"#4"},"west":{"uv":[13,4.5,13,9],"texture":"#4"},"up":{"uv":[0,0,3,0],"texture":"#4"},"down":{"uv":[0,0,3,0],"texture":"#4"}}}],"gui_light":"front","display":{"thirdperson_righthand":{"rotation":[0,90,0],"translation":[0,9,2.5],"scale":[0.7,0.7,0.7]},"thirdperson_lefthand":{"rotation":[0,-90,0],"translation":[0,9,2.5],"scale":[0.7,0.7,0.7]},"firstperson_righthand":{"rotation":[-165,80,170],"translation":[2.25,2.5,-1.25],"scale":[0.56445,0.56445,0.56445]},"firstperson_lefthand":{"rotation":[-165,80,170],"translation":[2.25,2.5,-1.25],"scale":[0.56445,0.56445,0.56445]},"ground":{"rotation":[45,0,0],"translation":[0,5.25,0],"scale":[0.35,0.35,0.35]},"gui":{"rotation":[0,0,-45],"translation":[-0.5,-0.25,-2],"scale":[0.4025,0.4025,0.4025]},"head":{"rotation":[-135.5,0,0],"translation":[0,20.5,4.75],"scale":[0,0,0]},"fixed":{"translation":[-0.5,8.25,-3],"scale":[1.4,1.4,1.4]}}}