{"credit":"MadewithBlockbench","texture_size":[64,64],"textures":{"2":"galaxy_set:galaxy_set/galaxy_3","3":"galaxy_set:galaxy_set/galaxy_ani_1","4":"galaxy_set:galaxy_set/galaxy_2","5":"galaxy_set:galaxy_set/galaxy_1","6":"galaxy_set:galaxy_set/galaxy_ani_2","particle":"galaxy_set:galaxy_set/galaxy_1"},"elements":[{"from":[9,-1.6,0.6],"to":[9,19.2,10.4],"rotation":{"angle":0,"axis":"y","origin":[9,9.45875,8]},"faces":{"north":{"uv":[0,0,0,8],"texture":"#3"},"east":{"uv":[8.05,0,16,16],"texture":"#6"},"south":{"uv":[0,0,0,8],"texture":"#3"},"west":{"uv":[16,0,8.05,16],"texture":"#6"},"up":{"uv":[0,0,8,0],"rotation":270,"texture":"#3"},"down":{"uv":[0,0,8,0],"rotation":90,"texture":"#3"}}},{"from":[9,13.8,12.5],"to":[9,23.8,20.5],"rotation":{"angle":0,"axis":"y","origin":[9,9.45875,8]},"faces":{"north":{"uv":[0,2.5,0,0],"rotation":180,"texture":"#5"},"east":{"uv":[14,14.625,16,12.125],"rotation":180,"texture":"#5"},"south":{"uv":[0,2.5,0,0],"rotation":180,"texture":"#5"},"west":{"uv":[16,14.625,14,12.125],"rotation":180,"texture":"#5"},"up":{"uv":[0,2,0,0],"texture":"#5"},"down":{"uv":[0,2,0,0],"texture":"#5"}}},{"from":[9,-16,10],"to":[9,-1,17],"rotation":{"angle":0,"axis":"y","origin":[9,9.45875,8]},"faces":{"north":{"uv":[0,0,0,3.75],"texture":"#5"},"east":{"uv":[16,0,14.25,3.75],"texture":"#5"},"south":{"uv":[0,0,0,3.75],"texture":"#5"},"west":{"uv":[14.25,0,16,3.75],"texture":"#5"},"up":{"uv":[1.75,0,0,0],"rotation":270,"texture":"#5"},"down":{"uv":[1.75,0,0,0],"rotation":90,"texture":"#5"}}},{"from":[9,-16,1],"to":[9,-1,8],"rotation":{"angle":0,"axis":"y","origin":[9,9.45875,8]},"faces":{"north":{"uv":[0,0,0,3.75],"texture":"#5"},"east":{"uv":[14.25,0,16,3.75],"texture":"#5"},"south":{"uv":[0,0,0,3.75],"texture":"#5"},"west":{"uv":[16,0,14.25,3.75],"texture":"#5"},"up":{"uv":[0,0,1.75,0],"rotation":270,"texture":"#5"},"down":{"uv":[0,0,1.75,0],"rotation":90,"texture":"#5"}}},{"from":[9,10,-7],"to":[9,32,6],"rotation":{"angle":0,"axis":"y","origin":[9,9.45875,8]},"faces":{"north":{"uv":[0,0,0,4],"texture":"#2"},"east":{"uv":[3.375,6.25,6.625,11.75],"rotation":180,"texture":"#2"},"south":{"uv":[0,0,0,4],"texture":"#2"},"west":{"uv":[6.625,6.25,3.375,11.75],"rotation":180,"texture":"#2"},"up":{"uv":[0,0,1.25,0],"rotation":270,"texture":"#2"},"down":{"uv":[0,0,1.25,0],"rotation":90,"texture":"#2"}}},{"from":[8,-7,8],"to":[10,6,10],"rotation":{"angle":0,"axis":"y","origin":[9,9.45875,8]},"faces":{"north":{"uv":[15.75,7.375,15.25,10.625],"rotation":180,"texture":"#5"},"east":{"uv":[15.75,7.375,15.25,10.625],"rotation":180,"texture":"#5"},"south":{"uv":[15.25,7.375,15.75,10.625],"rotation":180,"texture":"#5"},"west":{"uv":[15.25,7.375,15.75,10.625],"rotation":180,"texture":"#5"},"up":{"uv":[15.75,10.875,15.25,11.375],"rotation":270,"texture":"#5"},"down":{"uv":[15.75,10.875,15.25,11.375],"rotation":90,"texture":"#5"}}},{"from":[11.2,17.6,5.6],"to":[11.2,24.5,12.5],"rotation":{"angle":0,"axis":"y","origin":[9,9.45875,8]},"faces":{"north":{"uv":[0,0,0,8],"rotation":180,"texture":"#3"},"east":{"uv":[0,0,8,8],"rotation":180,"texture":"#3"},"south":{"uv":[0,0,0,8],"rotation":180,"texture":"#3"},"west":{"uv":[8,0,0,8],"rotation":180,"texture":"#3"},"up":{"uv":[8,0,0,0],"rotation":270,"texture":"#3"},"down":{"uv":[8,0,0,0],"rotation":90,"texture":"#3"}}},{"from":[11.2,17.10416,1.10724],"to":[11.2,24.00416,8.00724],"rotation":{"angle":22.5,"axis":"x","origin":[9,9.45875,8]},"faces":{"north":{"uv":[0,0,0,8],"rotation":180,"texture":"#3"},"east":{"uv":[8,0,16,8],"rotation":180,"texture":"#3"},"south":{"uv":[0,0,0,8],"rotation":180,"texture":"#3"},"west":{"uv":[16,0,8,8],"rotation":180,"texture":"#3"},"up":{"uv":[8,0,0,0],"rotation":270,"texture":"#3"},"down":{"uv":[8,0,0,0],"rotation":90,"texture":"#3"}}},{"from":[11.2,14.92675,-2.85379],"to":[11.2,21.82675,4.04621],"rotation":{"angle":45,"axis":"x","origin":[9,9.45875,8]},"faces":{"north":{"uv":[0,0,0,8],"rotation":180,"texture":"#3"},"east":{"uv":[0,8,8,16],"rotation":180,"texture":"#3"},"south":{"uv":[0,0,0,8],"rotation":180,"texture":"#3"},"west":{"uv":[8,8,0,16],"rotation":180,"texture":"#3"},"up":{"uv":[8,0,0,0],"rotation":270,"texture":"#3"},"down":{"uv":[8,0,0,0],"rotation":90,"texture":"#3"}}},{"from":[11.2,16.33879,9.94052],"to":[11.2,23.23879,16.84052],"rotation":{"angle":-22.5,"axis":"x","origin":[9,9.45875,8]},"faces":{"north":{"uv":[8,0,0,0],"rotation":270,"texture":"#3"},"east":{"uv":[16,16,8,8],"rotation":90,"texture":"#3"},"south":{"uv":[8,0,0,0],"rotation":270,"texture":"#3"},"west":{"uv":[8,16,16,8],"rotation":90,"texture":"#3"},"up":{"uv":[0,0,0,8],"texture":"#3"},"down":{"uv":[0,0,0,8],"rotation":180,"texture":"#3"}}},{"from":[6.8,16.33879,9.94052],"to":[6.8,23.23879,16.84052],"rotation":{"angle":-22.5,"axis":"x","origin":[9,9.45875,8]},"faces":{"north":{"uv":[8,0,0,0],"rotation":270,"texture":"#3"},"east":{"uv":[8,8,16,16],"rotation":90,"texture":"#3"},"south":{"uv":[8,0,0,0],"rotation":270,"texture":"#3"},"west":{"uv":[16,8,8,16],"rotation":90,"texture":"#3"},"up":{"uv":[0,0,0,8],"texture":"#3"},"down":{"uv":[0,0,0,8],"rotation":180,"texture":"#3"}}},{"from":[6.8,14.92675,-2.85379],"to":[6.8,21.82675,4.04621],"rotation":{"angle":45,"axis":"x","origin":[9,9.45875,8]},"faces":{"north":{"uv":[0,0,0,8],"rotation":180,"texture":"#3"},"east":{"uv":[0,8,8,16],"rotation":180,"texture":"#3"},"south":{"uv":[0,0,0,8],"rotation":180,"texture":"#3"},"west":{"uv":[8,8,0,16],"rotation":180,"texture":"#3"},"up":{"uv":[8,0,0,0],"rotation":270,"texture":"#3"},"down":{"uv":[8,0,0,0],"rotation":90,"texture":"#3"}}},{"from":[6.8,17.10416,1.10724],"to":[6.8,24.00416,8.00724],"rotation":{"angle":22.5,"axis":"x","origin":[9,9.45875,8]},"faces":{"north":{"uv":[0,0,0,8],"rotation":180,"texture":"#3"},"east":{"uv":[8,0,16,8],"rotation":180,"texture":"#3"},"south":{"uv":[0,0,0,8],"rotation":180,"texture":"#3"},"west":{"uv":[16,0,8,8],"rotation":180,"texture":"#3"},"up":{"uv":[8,0,0,0],"rotation":270,"texture":"#3"},"down":{"uv":[8,0,0,0],"rotation":90,"texture":"#3"}}},{"from":[6.8,17.6,5.6],"to":[6.8,24.5,12.5],"rotation":{"angle":0,"axis":"y","origin":[9,9.45875,8]},"faces":{"north":{"uv":[0,0,0,8],"rotation":180,"texture":"#3"},"east":{"uv":[0,0,8,8],"rotation":180,"texture":"#3"},"south":{"uv":[0,0,0,8],"rotation":180,"texture":"#3"},"west":{"uv":[8,0,0,8],"rotation":180,"texture":"#3"},"up":{"uv":[8,0,0,0],"rotation":270,"texture":"#3"},"down":{"uv":[8,0,0,0],"rotation":90,"texture":"#3"}}},{"from":[8,13.39119,5.35956],"to":[10,18.39119,6.35956],"rotation":{"angle":-22.5,"axis":"x","origin":[9,9.45875,8]},"faces":{"north":{"uv":[9.875,14,11.125,14.5],"rotation":90,"texture":"#4"},"east":{"uv":[13.25,14.125,12,14.375],"rotation":90,"texture":"#4"},"south":{"uv":[15.875,11.125,14.625,10.625],"rotation":90,"texture":"#4"},"west":{"uv":[13.25,14.125,12,14.375],"rotation":90,"texture":"#4"},"up":{"uv":[13.875,14.125,13.375,14.375],"texture":"#4"},"down":{"uv":[13.875,14.125,13.375,14.375],"rotation":180,"texture":"#4"}}},{"from":[8,19,3],"to":[10,23,7],"rotation":{"angle":0,"axis":"y","origin":[9,9.45875,8]},"faces":{"north":{"uv":[0.125,4.625,1.125,5.125],"rotation":90,"texture":"#4"},"east":{"uv":[14.5,9.5,15.5,10.5],"rotation":180,"texture":"#4"},"south":{"uv":[0.125,4.625,1.125,5.125],"rotation":90,"texture":"#4"},"west":{"uv":[15.5,9.5,14.5,10.5],"rotation":180,"texture":"#4"},"up":{"uv":[0.125,5.25,1.125,5.75],"rotation":270,"texture":"#4"},"down":{"uv":[0.125,5.25,1.125,5.75],"rotation":90,"texture":"#4"}}},{"from":[8,21.8309,-3.52396],"to":[10,26.8309,-2.52396],"rotation":{"angle":22.5,"axis":"x","origin":[9,9.45875,8]},"faces":{"north":{"uv":[11.125,14,9.875,14.5],"rotation":90,"texture":"#4"},"east":{"uv":[12,14.125,13.25,14.375],"rotation":90,"texture":"#4"},"south":{"uv":[14.625,10.625,15.875,11.125],"rotation":90,"texture":"#4"},"west":{"uv":[12,14.125,13.25,14.375],"rotation":90,"texture":"#4"},"up":{"uv":[13.375,14.125,13.875,14.375],"texture":"#4"},"down":{"uv":[13.375,14.125,13.875,14.375],"rotation":180,"texture":"#4"}}},{"from":[8,17,2],"to":[10,25,3],"rotation":{"angle":0,"axis":"y","origin":[9,9.45875,8]},"faces":{"north":{"uv":[8.625,14,10.625,14.5],"rotation":90,"texture":"#4"},"east":{"uv":[12,14.125,14,14.375],"rotation":90,"texture":"#4"},"south":{"uv":[12.75,11.875,14.75,12.375],"rotation":90,"texture":"#4"},"west":{"uv":[12,14.125,14,14.375],"rotation":90,"texture":"#4"},"up":{"uv":[0.125,5.875,0.625,6.125],"texture":"#4"},"down":{"uv":[0.125,5.875,0.625,6.125],"rotation":180,"texture":"#4"}}},{"from":[7,-8,7],"to":[11,-4,11],"rotation":{"angle":0,"axis":"y","origin":[9,9.45875,8]},"faces":{"north":{"uv":[15,15,16,16],"rotation":180,"texture":"#5"},"east":{"uv":[15,15,16,16],"rotation":180,"texture":"#5"},"south":{"uv":[15,15,16,16],"rotation":180,"texture":"#5"},"west":{"uv":[15,15,16,16],"rotation":180,"texture":"#5"},"up":{"uv":[16,15,15,16],"rotation":270,"texture":"#5"},"down":{"uv":[16,15,15,16],"rotation":90,"texture":"#5"}}},{"from":[8,5,8],"to":[10,18,10],"rotation":{"angle":0,"axis":"y","origin":[9,9.45875,8]},"faces":{"north":{"uv":[15.25,7.375,15.75,10.625],"texture":"#5"},"east":{"uv":[15.75,7.375,15.25,10.625],"texture":"#5"},"south":{"uv":[15.75,7.375,15.25,10.625],"texture":"#5"},"west":{"uv":[15.25,7.375,15.75,10.625],"texture":"#5"},"up":{"uv":[15.75,10.875,15.25,11.375],"rotation":90,"texture":"#5"},"down":{"uv":[15.75,10.875,15.25,11.375],"rotation":270,"texture":"#5"}}},{"from":[7,17,5],"to":[11,25,13],"rotation":{"angle":0,"axis":"y","origin":[9,9.45875,8]},"faces":{"north":{"uv":[8.125,13.125,7.125,15.125],"rotation":180,"texture":"#5"},"east":{"uv":[5.875,13.125,3.875,15.125],"rotation":180,"texture":"#5"},"south":{"uv":[16,4.25,15,6.25],"texture":"#5"},"west":{"uv":[3.875,13.125,5.875,15.125],"rotation":180,"texture":"#5"},"up":{"uv":[6,13.125,7,15.125],"rotation":180,"texture":"#5"},"down":{"uv":[7,13.125,6,15.125],"texture":"#5"}}},{"from":[7,5,7],"to":[11,6,11],"rotation":{"angle":0,"axis":"y","origin":[9,9.45875,8]},"faces":{"north":{"uv":[13.875,16,14.875,15.75],"rotation":180,"texture":"#5"},"east":{"uv":[13.875,16,14.875,15.75],"rotation":180,"texture":"#5"},"south":{"uv":[13.875,16,14.875,15.75],"rotation":180,"texture":"#5"},"west":{"uv":[13.875,16,14.875,15.75],"rotation":180,"texture":"#5"},"up":{"uv":[16,16,15,15],"rotation":270,"texture":"#5"},"down":{"uv":[16,16,15,15],"rotation":90,"texture":"#5"}}}],"gui_light":"front","display":{"thirdperson_righthand":{"rotation":[-0.23,3.25,7.82],"translation":[-1,2.25,1],"scale":[0.68,0.68,0.68]},"thirdperson_lefthand":{"rotation":[-0.23,3.25,7.82],"translation":[0,2.25,1],"scale":[0.68,0.68,0.68]},"firstperson_righthand":{"rotation":[-12.83,5.97,5.31],"translation":[1.25,1.5,0],"scale":[0.5257,0.5257,0.5257]},"firstperson_lefthand":{"rotation":[-12.83,5.97,5.31],"translation":[1.25,1.5,0],"scale":[0.5257,0.5257,0.5257]},"ground":{"rotation":[6.45,-26.56,92.07],"translation":[0,0.75,0],"scale":[0.5,0.5,0.5]},"gui":{"rotation":[88,135,-88],"translation":[0.75,-0.25,-2],"scale":[0.35352,0.35352,0.35352]},"head":{"rotation":[-92.83,-13.5,89.36],"translation":[7.5,16,2.75],"scale":[0.7,0.7,0.7]},"fixed":{"rotation":[0,90,0],"translation":[-0.25,-1,-2],"scale":[1.1668,1.1668,1.1668]}}}