{"credit":"MadewithBlockbench","texture_size":[64,64],"textures":{"0":"galaxy_set:galaxy_set/galaxy_bow_1","1":"galaxy_set:galaxy_set/galaxy_bow_2","particle":"galaxy_set:galaxy_set/galaxy_bow_1"},"elements":[{"from":[6,2.50863,9.46193],"to":[10,6.50863,13.46193],"rotation":{"angle":-45,"axis":"x","origin":[8,8,8]},"faces":{"north":{"uv":[11.5,7.625,12.5,8.625],"texture":"#0"},"east":{"uv":[11.5,7.625,12.5,8.625],"texture":"#0"},"south":{"uv":[11.5,7.625,12.5,8.625],"texture":"#0"},"west":{"uv":[11.5,7.625,12.5,8.625],"texture":"#0"},"up":{"uv":[11.5,7.625,12.5,8.625],"rotation":270,"texture":"#0"},"down":{"uv":[11.5,7.625,12.5,8.625],"rotation":90,"texture":"#0"}}},{"from":[5.5,11.01929,11.00558],"to":[6.5,12.01929,12.00558],"rotation":{"angle":45,"axis":"x","origin":[8,8,8]},"faces":{"north":{"uv":[3,9,2.75,9.25],"texture":"#0"},"east":{"uv":[2.75,9,3,9.25],"texture":"#0"},"south":{"uv":[3,9,2.75,9.25],"texture":"#0"},"west":{"uv":[2.75,9,3,9.25],"texture":"#0"},"up":{"uv":[2.75,9,3,9.25],"texture":"#0"},"down":{"uv":[3,9.25,2.75,9],"texture":"#0"}}},{"from":[9.5,11.01929,11.00558],"to":[10.5,12.01929,12.00558],"rotation":{"angle":45,"axis":"x","origin":[8,8,8]},"faces":{"north":{"uv":[2.75,9,3,9.25],"texture":"#0"},"east":{"uv":[3,9,2.75,9.25],"texture":"#0"},"south":{"uv":[2.75,9,3,9.25],"texture":"#0"},"west":{"uv":[3,9,2.75,9.25],"texture":"#0"},"up":{"uv":[3,9,2.75,9.25],"texture":"#0"},"down":{"uv":[2.75,9.25,3,9],"texture":"#0"}}},{"from":[7,-4,11.91673],"to":[9,6,13.91673],"rotation":{"angle":0,"axis":"y","origin":[8,8,8]},"faces":{"north":{"uv":[15.25,4.25,15.75,6.75],"texture":"#0"},"east":{"uv":[15.25,7.875,15.75,10.375],"rotation":180,"texture":"#0"},"south":{"uv":[15.25,7.875,15.75,10.375],"rotation":180,"texture":"#0"},"west":{"uv":[15.75,7.875,15.25,10.375],"rotation":180,"texture":"#0"},"up":{"uv":[15.25,4.875,15.75,4.375],"texture":"#0"},"down":{"uv":[15.25,6.625,15.75,6.125],"rotation":180,"texture":"#0"}}},{"from":[7,10,11.91673],"to":[9,20,13.91673],"rotation":{"angle":0,"axis":"y","origin":[8,8,8]},"faces":{"north":{"uv":[15.25,6.75,15.75,4.25],"texture":"#0"},"east":{"uv":[15.25,10.375,15.75,7.875],"rotation":180,"texture":"#0"},"south":{"uv":[15.25,10.375,15.75,7.875],"rotation":180,"texture":"#0"},"west":{"uv":[15.75,10.375,15.25,7.875],"rotation":180,"texture":"#0"},"up":{"uv":[15.75,6.625,15.25,6.125],"texture":"#0"},"down":{"uv":[15.75,4.875,15.25,4.375],"rotation":180,"texture":"#0"}}},{"from":[6,4,0.91673],"to":[10,5,6.91673],"rotation":{"angle":0,"axis":"y","origin":[8,8,8]},"faces":{"north":{"uv":[13.375,10.125,14.375,9.875],"texture":"#1"},"east":{"uv":[12.875,9.75,14.375,9.5],"texture":"#1"},"south":{"uv":[13.375,10.125,14.375,9.875],"texture":"#1"},"west":{"uv":[12.875,9.75,14.375,9.5],"texture":"#1"},"up":{"uv":[14.5,10.5,16,9.5],"rotation":270,"texture":"#1"},"down":{"uv":[14.5,10.5,16,9.5],"rotation":90,"texture":"#1"}}},{"from":[6.5,-0.5,0.91673],"to":[6.5,4.5,13.91673],"rotation":{"angle":0,"axis":"y","origin":[8,8,8]},"faces":{"north":{"uv":[0,1.5,0,0],"texture":"#missing"},"east":{"uv":[12,0,10.75,3.25],"rotation":270,"texture":"#0"},"south":{"uv":[0,1.5,0,0],"texture":"#missing"},"west":{"uv":[12,3.25,10.75,0],"rotation":270,"texture":"#0"},"up":{"uv":[0,0,4,0],"rotation":270,"texture":"#missing"},"down":{"uv":[0,0,4,0],"rotation":90,"texture":"#missing"}}},{"from":[9.5,-0.5,0.91673],"to":[9.5,4.5,13.91673],"rotation":{"angle":0,"axis":"y","origin":[8,8,8]},"faces":{"north":{"uv":[0,1.5,0,0],"texture":"#missing"},"east":{"uv":[12,0,10.75,3.25],"rotation":270,"texture":"#0"},"south":{"uv":[0,1.5,0,0],"texture":"#missing"},"west":{"uv":[12,3.25,10.75,0],"rotation":270,"texture":"#0"},"up":{"uv":[0,0,4,0],"rotation":270,"texture":"#missing"},"down":{"uv":[0,0,4,0],"rotation":90,"texture":"#missing"}}},{"from":[6,0.07716,2.7269],"to":[10,1.07716,5.7269],"rotation":{"angle":45,"axis":"x","origin":[8,8,8]},"faces":{"north":{"uv":[13.625,8.375,13.375,9.375],"rotation":90,"texture":"#1"},"east":{"uv":[12.5,8.625,13.25,8.375],"texture":"#1"},"south":{"uv":[13.625,8.375,13.375,9.375],"rotation":90,"texture":"#1"},"west":{"uv":[13.25,8.625,12.5,8.375],"texture":"#1"},"up":{"uv":[13.75,9.375,14.5,8.375],"rotation":270,"texture":"#1"},"down":{"uv":[13.75,9.375,14.5,8.375],"rotation":90,"texture":"#1"}}},{"from":[6,5,2.91673],"to":[7,6,11.91673],"rotation":{"angle":0,"axis":"y","origin":[8,8,8]},"faces":{"north":{"uv":[13,9,13.25,8.75],"texture":"#1"},"east":{"uv":[14.375,10.5,12.125,10.25],"texture":"#1"},"south":{"uv":[13,9,13.25,8.75],"texture":"#1"},"west":{"uv":[12.125,10.5,14.375,10.25],"texture":"#1"},"up":{"uv":[12.125,10.875,14.375,10.625],"rotation":270,"texture":"#1"},"down":{"uv":[12.125,10.875,14.375,10.625],"rotation":90,"texture":"#1"}}},{"from":[9,5,2.91673],"to":[10,6,11.91673],"rotation":{"angle":0,"axis":"y","origin":[8,8,8]},"faces":{"north":{"uv":[13,9,13.25,8.75],"texture":"#1"},"east":{"uv":[14.375,10.5,12.125,10.25],"texture":"#1"},"south":{"uv":[13,9,13.25,8.75],"texture":"#1"},"west":{"uv":[12.125,10.5,14.375,10.25],"texture":"#1"},"up":{"uv":[12.125,10.875,14.375,10.625],"rotation":270,"texture":"#1"},"down":{"uv":[12.125,10.875,14.375,10.625],"rotation":90,"texture":"#1"}}},{"from":[6,11,0.91673],"to":[10,12,6.91673],"rotation":{"angle":0,"axis":"y","origin":[8,8,8]},"faces":{"north":{"uv":[13.375,9.875,14.375,10.125],"texture":"#1"},"east":{"uv":[12.875,9.5,14.375,9.75],"texture":"#1"},"south":{"uv":[13.375,9.875,14.375,10.125],"texture":"#1"},"west":{"uv":[12.875,9.5,14.375,9.75],"texture":"#1"},"up":{"uv":[14.5,9.5,16,10.5],"rotation":270,"texture":"#1"},"down":{"uv":[14.5,9.5,16,10.5],"rotation":90,"texture":"#1"}}},{"from":[6.5,11.5,0.91673],"to":[6.5,16.5,13.91673],"rotation":{"angle":0,"axis":"y","origin":[8,8,8]},"faces":{"north":{"uv":[0,0,0,1.5],"texture":"#missing"},"east":{"uv":[10.75,0,12,3.25],"rotation":270,"texture":"#0"},"south":{"uv":[0,0,0,1.5],"texture":"#missing"},"west":{"uv":[10.75,3.25,12,0],"rotation":270,"texture":"#0"},"up":{"uv":[0,0,4,0],"rotation":270,"texture":"#missing"},"down":{"uv":[0,0,4,0],"rotation":90,"texture":"#missing"}}},{"from":[9.5,11.5,0.91673],"to":[9.5,16.5,13.91673],"rotation":{"angle":0,"axis":"y","origin":[8,8,8]},"faces":{"north":{"uv":[0,0,0,1.5],"texture":"#missing"},"east":{"uv":[10.75,0,12,3.25],"rotation":270,"texture":"#0"},"south":{"uv":[0,0,0,1.5],"texture":"#missing"},"west":{"uv":[10.75,3.25,12,0],"rotation":270,"texture":"#0"},"up":{"uv":[0,0,4,0],"rotation":270,"texture":"#missing"},"down":{"uv":[0,0,4,0],"rotation":90,"texture":"#missing"}}},{"from":[6,14.92284,2.7269],"to":[10,15.92284,5.7269],"rotation":{"angle":-45,"axis":"x","origin":[8,8,8]},"faces":{"north":{"uv":[13.375,8.375,13.625,9.375],"rotation":90,"texture":"#1"},"east":{"uv":[12.5,8.375,13.25,8.625],"texture":"#1"},"south":{"uv":[13.375,8.375,13.625,9.375],"rotation":90,"texture":"#1"},"west":{"uv":[13.25,8.375,12.5,8.625],"texture":"#1"},"up":{"uv":[13.75,8.375,14.5,9.375],"rotation":270,"texture":"#1"},"down":{"uv":[13.75,8.375,14.5,9.375],"rotation":90,"texture":"#1"}}},{"from":[6,10,2.91673],"to":[7,11,11.91673],"rotation":{"angle":0,"axis":"y","origin":[8,8,8]},"faces":{"north":{"uv":[13,8.75,13.25,9],"texture":"#1"},"east":{"uv":[14.375,10.25,12.125,10.5],"texture":"#1"},"south":{"uv":[13,8.75,13.25,9],"texture":"#1"},"west":{"uv":[12.125,10.25,14.375,10.5],"texture":"#1"},"up":{"uv":[12.125,10.625,14.375,10.875],"rotation":270,"texture":"#1"},"down":{"uv":[12.125,10.625,14.375,10.875],"rotation":90,"texture":"#1"}}},{"from":[9,10,2.91673],"to":[10,11,11.91673],"rotation":{"angle":0,"axis":"y","origin":[8,8,8]},"faces":{"north":{"uv":[13,8.75,13.25,9],"texture":"#1"},"east":{"uv":[14.375,10.25,12.125,10.5],"texture":"#1"},"south":{"uv":[13,8.75,13.25,9],"texture":"#1"},"west":{"uv":[12.125,10.25,14.375,10.5],"texture":"#1"},"up":{"uv":[12.125,10.625,14.375,10.875],"rotation":270,"texture":"#1"},"down":{"uv":[12.125,10.625,14.375,10.875],"rotation":90,"texture":"#1"}}},{"from":[8,11,-3.08327],"to":[8,26,12.91673],"rotation":{"angle":0,"axis":"y","origin":[8,8,8]},"faces":{"north":{"uv":[0,0,0,8.5],"texture":"#1"},"east":{"uv":[0,0,4,3.75],"texture":"#1"},"south":{"uv":[0,0,0,8.5],"texture":"#1"},"west":{"uv":[4,0,0,3.75],"texture":"#1"},"up":{"uv":[0,0,4,0],"rotation":270,"texture":"#1"},"down":{"uv":[0,0,4,0],"rotation":90,"texture":"#1"}}},{"from":[8,-10,-3.08327],"to":[8,5,12.91673],"rotation":{"angle":0,"axis":"y","origin":[8,8,8]},"faces":{"north":{"uv":[0,8.5,0,0],"texture":"#1"},"east":{"uv":[0,3.75,4,0],"texture":"#1"},"south":{"uv":[0,8.5,0,0],"texture":"#1"},"west":{"uv":[4,3.75,0,0],"texture":"#1"},"up":{"uv":[0,0,4,0],"rotation":270,"texture":"#1"},"down":{"uv":[0,0,4,0],"rotation":90,"texture":"#1"}}},{"from":[10.86512,18,10.1261],"to":[10.86512,30,22.1261],"rotation":{"angle":-22.5,"axis":"y","origin":[9,8,5]},"faces":{"north":{"uv":[0,0,3,0],"rotation":90,"texture":"#missing"},"east":{"uv":[3,13,0,10],"rotation":270,"texture":"#0"},"south":{"uv":[0,0,3,0],"rotation":90,"texture":"#missing"},"west":{"uv":[0,13,3,10],"rotation":90,"texture":"#0"},"up":{"uv":[0,0,0,3],"texture":"#missing"},"down":{"uv":[0,0,0,3],"rotation":180,"texture":"#missing"}}},{"from":[5.14145,18,9.34034],"to":[5.14145,30,21.34034],"rotation":{"angle":22.5,"axis":"y","origin":[9,8,5]},"faces":{"north":{"uv":[0,0,3,0],"rotation":90,"texture":"#missing"},"east":{"uv":[3,13,0,10],"rotation":270,"texture":"#0"},"south":{"uv":[0,0,3,0],"rotation":90,"texture":"#missing"},"west":{"uv":[0,13,3,10],"rotation":90,"texture":"#0"},"up":{"uv":[0,0,0,3],"texture":"#missing"},"down":{"uv":[0,0,0,3],"rotation":180,"texture":"#missing"}}},{"from":[10.86512,-14,10.1261],"to":[10.86512,-2,22.1261],"rotation":{"angle":-22.5,"axis":"y","origin":[9,8,5]},"faces":{"north":{"uv":[3,0,0,0],"rotation":90,"texture":"#missing"},"east":{"uv":[0,13,3,10],"rotation":270,"texture":"#0"},"south":{"uv":[3,0,0,0],"rotation":90,"texture":"#missing"},"west":{"uv":[3,13,0,10],"rotation":90,"texture":"#0"},"up":{"uv":[0,3,0,0],"rotation":180,"texture":"#missing"},"down":{"uv":[0,3,0,0],"texture":"#missing"}}},{"from":[5.14145,-14,9.34034],"to":[5.14145,-2,21.34034],"rotation":{"angle":22.5,"axis":"y","origin":[9,8,5]},"faces":{"north":{"uv":[3,0,0,0],"rotation":90,"texture":"#missing"},"east":{"uv":[0,13,3,10],"rotation":270,"texture":"#0"},"south":{"uv":[3,0,0,0],"rotation":90,"texture":"#missing"},"west":{"uv":[3,13,0,10],"rotation":90,"texture":"#0"},"up":{"uv":[0,3,0,0],"rotation":180,"texture":"#missing"},"down":{"uv":[0,3,0,0],"texture":"#missing"}}}],"gui_light":"front","display":{"thirdperson_righthand":{"translation":[0,-2.25,1.75],"scale":[0.7,0.7,0.7]},"thirdperson_lefthand":{"translation":[0,-2.25,1.75],"scale":[0.7,0.7,0.7]},"firstperson_righthand":{"rotation":[-0.26,-3.75,-11.5],"translation":[-1.5,4,1.5],"scale":[0.42188,0.42188,0.42188]},"firstperson_lefthand":{"rotation":[-0.26,-3.75,-11.5],"translation":[-1.5,4,1.5],"scale":[0.42188,0.42188,0.42188]},"ground":{"rotation":[16.07,18.59,98.68],"translation":[0,3.75,-1.25],"scale":[0.61719,0.61719,0.61719]},"gui":{"rotation":[90,-45,90],"translation":[2.5,2,-2],"scale":[0.42789,0.42789,0.42789]},"head":{"rotation":[-84.2,65.5,83.49],"translation":[-0.5,16,4.75],"scale":[0.7,0.7,0.7]},"fixed":{"rotation":[90,90,90],"translation":[-2,0.5,-2.25],"scale":[1.29766,1.29766,1.29766]}}}