{
	"credit": "Made with Blockbench",
	"texture_size": [64, 64],
	"textures": {
		"0": "galaxy_set:galaxy_set/galaxy_bow_1",
		"1": "galaxy_set:galaxy_set/galaxy_bow_2",
		"2": "galaxy_set:galaxy_set/galaxy_3",
		"3": "galaxy_set:galaxy_set/galaxy_ani_2",
		"particle": "galaxy_set:galaxy_set/galaxy_bow_1"
	},
	"elements": [
		{
			"from": [5.5, -1.95914, 13.7297],
			"to": [9.5, 2.04086, 17.7297],
			"rotation": {"angle": -45, "axis": "x", "origin": [8, 8, 8]},
			"faces": {
				"north": {"uv": [11.5, 7.625, 12.5, 8.625], "texture": "#0"},
				"east": {"uv": [11.5, 7.625, 12.5, 8.625], "texture": "#0"},
				"south": {"uv": [11.5, 7.625, 12.5, 8.625], "texture": "#0"},
				"west": {"uv": [11.5, 7.625, 12.5, 8.625], "texture": "#0"},
				"up": {"uv": [11.5, 7.625, 12.5, 8.625], "rotation": 270, "texture": "#0"},
				"down": {"uv": [11.5, 7.625, 12.5, 8.625], "rotation": 90, "texture": "#0"}
			}
		},
		{
			"from": [6.5, 1.8786, 5.9007],
			"to": [8.5, 3.8786, 17.9007],
			"rotation": {"angle": -22.5, "axis": "x", "origin": [8, 8, 8]},
			"faces": {
				"north": {"uv": [15.25, 6.625, 15.75, 6.125], "texture": "#0"},
				"east": {"uv": [15.25, 7.375, 15.75, 10.375], "rotation": 90, "texture": "#0"},
				"south": {"uv": [15.25, 4.875, 15.75, 4.375], "texture": "#0"},
				"west": {"uv": [15.75, 7.375, 15.25, 10.375], "rotation": 270, "texture": "#0"},
				"up": {"uv": [15.25, 4, 15.75, 7], "rotation": 180, "texture": "#0"},
				"down": {"uv": [15.25, 7.375, 15.75, 10.375], "rotation": 180, "texture": "#0"}
			}
		},
		{
			"from": [6.5, 11.95451, 6.14368],
			"to": [8.5, 13.95451, 18.14368],
			"rotation": {"angle": 22.5, "axis": "x", "origin": [8, 8, 8]},
			"faces": {
				"north": {"uv": [15.75, 6.625, 15.25, 6.125], "rotation": 180, "texture": "#0"},
				"east": {"uv": [15.25, 10.375, 15.75, 7.375], "rotation": 270, "texture": "#0"},
				"south": {"uv": [15.75, 4.875, 15.25, 4.375], "rotation": 180, "texture": "#0"},
				"west": {"uv": [15.75, 10.375, 15.25, 7.875], "rotation": 90, "texture": "#0"},
				"up": {"uv": [15.25, 10.375, 15.75, 7.875], "rotation": 180, "texture": "#0"},
				"down": {"uv": [15.25, 7, 15.75, 4], "rotation": 180, "texture": "#0"}
			}
		},
		{
			"from": [5.5, 4, -2.29038],
			"to": [9.5, 5, 3.70962],
			"rotation": {"angle": 0, "axis": "y", "origin": [8, 8, 8]},
			"faces": {
				"north": {"uv": [13.375, 10.125, 14.375, 9.875], "texture": "#1"},
				"east": {"uv": [12.875, 9.75, 14.375, 9.5], "texture": "#1"},
				"south": {"uv": [13.375, 10.125, 14.375, 9.875], "texture": "#1"},
				"west": {"uv": [12.875, 9.75, 14.375, 9.5], "texture": "#1"},
				"up": {"uv": [14.5, 10.5, 16, 9.5], "rotation": 270, "texture": "#1"},
				"down": {"uv": [14.5, 10.5, 16, 9.5], "rotation": 90, "texture": "#1"}
			}
		},
		{
			"from": [6, -0.5, -2.29038],
			"to": [6, 4.5, 10.70962],
			"rotation": {"angle": 0, "axis": "y", "origin": [8, 8, 8]},
			"faces": {
				"north": {"uv": [0, 1.5, 0, 0], "texture": "#missing"},
				"east": {"uv": [12, 0, 10.75, 3.25], "rotation": 270, "texture": "#0"},
				"south": {"uv": [0, 1.5, 0, 0], "texture": "#missing"},
				"west": {"uv": [12, 3.25, 10.75, 0], "rotation": 270, "texture": "#0"},
				"up": {"uv": [0, 0, 4, 0], "rotation": 270, "texture": "#missing"},
				"down": {"uv": [0, 0, 4, 0], "rotation": 90, "texture": "#missing"}
			}
		},
		{
			"from": [9, -0.5, -2.29038],
			"to": [9, 4.5, 10.70962],
			"rotation": {"angle": 0, "axis": "y", "origin": [8, 8, 8]},
			"faces": {
				"north": {"uv": [0, 1.5, 0, 0], "texture": "#missing"},
				"east": {"uv": [12, 0, 10.75, 3.25], "rotation": 270, "texture": "#0"},
				"south": {"uv": [0, 1.5, 0, 0], "texture": "#missing"},
				"west": {"uv": [12, 3.25, 10.75, 0], "rotation": 270, "texture": "#0"},
				"up": {"uv": [0, 0, 4, 0], "rotation": 270, "texture": "#missing"},
				"down": {"uv": [0, 0, 4, 0], "rotation": 90, "texture": "#missing"}
			}
		},
		{
			"from": [5.5, -2.19061, 0.45914],
			"to": [9.5, -1.19061, 3.45914],
			"rotation": {"angle": 45, "axis": "x", "origin": [8, 8, 8]},
			"faces": {
				"north": {"uv": [13.625, 8.375, 13.375, 9.375], "rotation": 90, "texture": "#1"},
				"east": {"uv": [12.5, 8.625, 13.25, 8.375], "texture": "#1"},
				"south": {"uv": [13.625, 8.375, 13.375, 9.375], "rotation": 90, "texture": "#1"},
				"west": {"uv": [13.25, 8.625, 12.5, 8.375], "texture": "#1"},
				"up": {"uv": [13.75, 9.375, 14.5, 8.375], "rotation": 270, "texture": "#1"},
				"down": {"uv": [13.75, 9.375, 14.5, 8.375], "rotation": 90, "texture": "#1"}
			}
		},
		{
			"from": [5.5, 5, -0.29038],
			"to": [6.5, 6, 8.70962],
			"rotation": {"angle": 0, "axis": "y", "origin": [8, 8, 8]},
			"faces": {
				"north": {"uv": [13, 9, 13.25, 8.75], "texture": "#1"},
				"east": {"uv": [14.375, 10.5, 12.125, 10.25], "texture": "#1"},
				"south": {"uv": [13, 9, 13.25, 8.75], "texture": "#1"},
				"west": {"uv": [12.125, 10.5, 14.375, 10.25], "texture": "#1"},
				"up": {"uv": [12.125, 10.875, 14.375, 10.625], "rotation": 270, "texture": "#1"},
				"down": {"uv": [12.125, 10.875, 14.375, 10.625], "rotation": 90, "texture": "#1"}
			}
		},
		{
			"from": [8.5, 5, -0.29038],
			"to": [9.5, 6, 8.70962],
			"rotation": {"angle": 0, "axis": "y", "origin": [8, 8, 8]},
			"faces": {
				"north": {"uv": [13, 9, 13.25, 8.75], "texture": "#1"},
				"east": {"uv": [14.375, 10.5, 12.125, 10.25], "texture": "#1"},
				"south": {"uv": [13, 9, 13.25, 8.75], "texture": "#1"},
				"west": {"uv": [12.125, 10.5, 14.375, 10.25], "texture": "#1"},
				"up": {"uv": [12.125, 10.875, 14.375, 10.625], "rotation": 270, "texture": "#1"},
				"down": {"uv": [12.125, 10.875, 14.375, 10.625], "rotation": 90, "texture": "#1"}
			}
		},
		{
			"from": [5.5, 11, -2.29038],
			"to": [9.5, 12, 3.70962],
			"rotation": {"angle": 0, "axis": "y", "origin": [8, 8, 8]},
			"faces": {
				"north": {"uv": [13.375, 9.875, 14.375, 10.125], "texture": "#1"},
				"east": {"uv": [12.875, 9.5, 14.375, 9.75], "texture": "#1"},
				"south": {"uv": [13.375, 9.875, 14.375, 10.125], "texture": "#1"},
				"west": {"uv": [12.875, 9.5, 14.375, 9.75], "texture": "#1"},
				"up": {"uv": [14.5, 9.5, 16, 10.5], "rotation": 270, "texture": "#1"},
				"down": {"uv": [14.5, 9.5, 16, 10.5], "rotation": 90, "texture": "#1"}
			}
		},
		{
			"from": [6, 11.5, -2.29038],
			"to": [6, 16.5, 10.70962],
			"rotation": {"angle": 0, "axis": "y", "origin": [8, 8, 8]},
			"faces": {
				"north": {"uv": [0, 0, 0, 1.5], "texture": "#missing"},
				"east": {"uv": [10.75, 0, 12, 3.25], "rotation": 270, "texture": "#0"},
				"south": {"uv": [0, 0, 0, 1.5], "texture": "#missing"},
				"west": {"uv": [10.75, 3.25, 12, 0], "rotation": 270, "texture": "#0"},
				"up": {"uv": [0, 0, 4, 0], "rotation": 270, "texture": "#missing"},
				"down": {"uv": [0, 0, 4, 0], "rotation": 90, "texture": "#missing"}
			}
		},
		{
			"from": [9, 11.5, -2.29038],
			"to": [9, 16.5, 10.70962],
			"rotation": {"angle": 0, "axis": "y", "origin": [8, 8, 8]},
			"faces": {
				"north": {"uv": [0, 0, 0, 1.5], "texture": "#missing"},
				"east": {"uv": [10.75, 0, 12, 3.25], "rotation": 270, "texture": "#0"},
				"south": {"uv": [0, 0, 0, 1.5], "texture": "#missing"},
				"west": {"uv": [10.75, 3.25, 12, 0], "rotation": 270, "texture": "#0"},
				"up": {"uv": [0, 0, 4, 0], "rotation": 270, "texture": "#missing"},
				"down": {"uv": [0, 0, 4, 0], "rotation": 90, "texture": "#missing"}
			}
		},
		{
			"from": [5.5, 17.19061, 0.45914],
			"to": [9.5, 18.19061, 3.45914],
			"rotation": {"angle": -45, "axis": "x", "origin": [8, 8, 8]},
			"faces": {
				"north": {"uv": [13.375, 8.375, 13.625, 9.375], "rotation": 90, "texture": "#1"},
				"east": {"uv": [12.5, 8.375, 13.25, 8.625], "texture": "#1"},
				"south": {"uv": [13.375, 8.375, 13.625, 9.375], "rotation": 90, "texture": "#1"},
				"west": {"uv": [13.25, 8.375, 12.5, 8.625], "texture": "#1"},
				"up": {"uv": [13.75, 8.375, 14.5, 9.375], "rotation": 270, "texture": "#1"},
				"down": {"uv": [13.75, 8.375, 14.5, 9.375], "rotation": 90, "texture": "#1"}
			}
		},
		{
			"from": [5.5, 10, -0.29038],
			"to": [6.5, 11, 8.70962],
			"rotation": {"angle": 0, "axis": "y", "origin": [8, 8, 8]},
			"faces": {
				"north": {"uv": [13, 8.75, 13.25, 9], "texture": "#1"},
				"east": {"uv": [14.375, 10.25, 12.125, 10.5], "texture": "#1"},
				"south": {"uv": [13, 8.75, 13.25, 9], "texture": "#1"},
				"west": {"uv": [12.125, 10.25, 14.375, 10.5], "texture": "#1"},
				"up": {"uv": [12.125, 10.625, 14.375, 10.875], "rotation": 270, "texture": "#1"},
				"down": {"uv": [12.125, 10.625, 14.375, 10.875], "rotation": 90, "texture": "#1"}
			}
		},
		{
			"from": [8.5, 10, -0.29038],
			"to": [9.5, 11, 8.70962],
			"rotation": {"angle": 0, "axis": "y", "origin": [8, 8, 8]},
			"faces": {
				"north": {"uv": [13, 8.75, 13.25, 9], "texture": "#1"},
				"east": {"uv": [14.375, 10.25, 12.125, 10.5], "texture": "#1"},
				"south": {"uv": [13, 8.75, 13.25, 9], "texture": "#1"},
				"west": {"uv": [12.125, 10.25, 14.375, 10.5], "texture": "#1"},
				"up": {"uv": [12.125, 10.625, 14.375, 10.875], "rotation": 270, "texture": "#1"},
				"down": {"uv": [12.125, 10.625, 14.375, 10.875], "rotation": 90, "texture": "#1"}
			}
		},
		{
			"from": [6.5, 7.1, 0.80962],
			"to": [8.5, 9.1, 13.80962],
			"rotation": {"angle": 0, "axis": "y", "origin": [8, 8, 8]},
			"faces": {
				"north": {"uv": [4.25, 1.375, 4.75, 1.875], "rotation": 90, "texture": "#0"},
				"east": {"uv": [5.375, 3.25, 8.625, 3.75], "rotation": 180, "texture": "#0"},
				"south": {"uv": [4.25, 1.375, 4.75, 1.875], "rotation": 90, "texture": "#0"},
				"west": {"uv": [5.375, 3.25, 8.625, 3.75], "texture": "#0"},
				"up": {"uv": [12, 3.25, 8.75, 3.75], "rotation": 90, "texture": "#0"},
				"down": {"uv": [12, 3.25, 8.75, 3.75], "rotation": 270, "texture": "#0"}
			}
		},
		{
			"from": [7.5, 4.1, -4.19038],
			"to": [7.5, 12.1, 4.80962],
			"rotation": {"angle": 0, "axis": "y", "origin": [8, 8, 8]},
			"faces": {
				"north": {"uv": [0, 0, 2, 0], "rotation": 90, "texture": "#missing"},
				"east": {"uv": [10.375, 0, 12.375, 2.25], "rotation": 90, "texture": "#1"},
				"south": {"uv": [0, 0, 2, 0], "rotation": 90, "texture": "#missing"},
				"west": {"uv": [10.375, 0, 12.375, 2.25], "rotation": 270, "texture": "#1"},
				"up": {"uv": [0, 0, 0, 2.25], "texture": "#missing"},
				"down": {"uv": [0, 0, 0, 2.25], "rotation": 180, "texture": "#missing"}
			}
		},
		{
			"from": [9, 15.22259, 15.50888],
			"to": [10, 16.22259, 16.50888],
			"rotation": {"angle": 45, "axis": "x", "origin": [8, 8, 8]},
			"faces": {
				"north": {"uv": [2.75, 9, 3, 9.25], "texture": "#0"},
				"east": {"uv": [3, 9, 2.75, 9.25], "texture": "#0"},
				"south": {"uv": [2.75, 9, 3, 9.25], "texture": "#0"},
				"west": {"uv": [3, 9, 2.75, 9.25], "texture": "#0"},
				"up": {"uv": [3, 9, 2.75, 9.25], "texture": "#0"},
				"down": {"uv": [2.75, 9.25, 3, 9], "texture": "#0"}
			}
		},
		{
			"from": [5, 15.22259, 15.40888],
			"to": [6, 16.22259, 16.40888],
			"rotation": {"angle": 45, "axis": "x", "origin": [8, 8, 8]},
			"faces": {
				"north": {"uv": [3, 9, 2.75, 9.25], "texture": "#0"},
				"east": {"uv": [2.75, 9, 3, 9.25], "texture": "#0"},
				"south": {"uv": [3, 9, 2.75, 9.25], "texture": "#0"},
				"west": {"uv": [2.75, 9, 3, 9.25], "texture": "#0"},
				"up": {"uv": [2.75, 9, 3, 9.25], "texture": "#0"},
				"down": {"uv": [3, 9.25, 2.75, 9], "texture": "#0"}
			}
		},
		{
			"from": [6.6, 9.53372, 14.53295],
			"to": [9.6, 9.53372, 19.53295],
			"rotation": {"angle": -22.5, "axis": "x", "origin": [8, 8, 8]},
			"faces": {
				"north": {"uv": [0, 0, 0.5, 0], "rotation": 180, "texture": "#2"},
				"east": {"uv": [0, 0, 0, 2], "rotation": 90, "texture": "#2"},
				"south": {"uv": [0, 0, 0.5, 0], "texture": "#2"},
				"west": {"uv": [0, 0, 0, 2], "rotation": 270, "texture": "#2"},
				"up": {"uv": [0.75, 0, 0, 1.25], "texture": "#2"},
				"down": {"uv": [0.75, 0, 0, 2], "rotation": 180, "texture": "#2"}
			}
		},
		{
			"from": [9.53372, 6.6, 14.53295],
			"to": [9.53372, 9.6, 19.53295],
			"rotation": {"angle": 22.5, "axis": "y", "origin": [8, 8, 8]},
			"faces": {
				"north": {"uv": [0, 0, 0.5, 0], "rotation": 270, "texture": "#2"},
				"east": {"uv": [0, 0, 0.75, 1.25], "rotation": 90, "texture": "#2"},
				"south": {"uv": [0, 0, 0.5, 0], "rotation": 270, "texture": "#2"},
				"west": {"uv": [0, 0, 0.75, 2], "rotation": 270, "texture": "#2"},
				"up": {"uv": [0, 0, 0, 2], "texture": "#2"},
				"down": {"uv": [0, 0, 0, 2], "rotation": 180, "texture": "#2"}
			}
		},
		{
			"from": [6.4, 6.55867, 14.49469],
			"to": [9.4, 6.55867, 19.49469],
			"rotation": {"angle": 22.5, "axis": "x", "origin": [8, 8, 8]},
			"faces": {
				"north": {"uv": [0.5, 0, 0, 0], "rotation": 180, "texture": "#2"},
				"east": {"uv": [0, 0, 0, 2], "rotation": 90, "texture": "#2"},
				"south": {"uv": [0.5, 0, 0, 0], "texture": "#2"},
				"west": {"uv": [0, 0, 0, 2], "rotation": 270, "texture": "#2"},
				"up": {"uv": [0.75, 0, 0, 2], "texture": "#2"},
				"down": {"uv": [0.75, 0, 0, 1.25], "rotation": 180, "texture": "#2"}
			}
		},
		{
			"from": [6.46628, 6.5, 14.53295],
			"to": [6.46628, 9.5, 19.53295],
			"rotation": {"angle": -22.5, "axis": "y", "origin": [8, 8, 8]},
			"faces": {
				"north": {"uv": [0, 0, 0.5, 0], "rotation": 90, "texture": "#2"},
				"east": {"uv": [0, 0, 0.75, 2], "rotation": 90, "texture": "#2"},
				"south": {"uv": [0, 0, 0.5, 0], "rotation": 90, "texture": "#2"},
				"west": {"uv": [0, 0, 0.75, 1.25], "rotation": 270, "texture": "#2"},
				"up": {"uv": [0, 0, 0, 2], "texture": "#2"},
				"down": {"uv": [0, 0, 0, 2], "rotation": 180, "texture": "#2"}
			}
		},
		{
			"from": [7.5, 11, -6.29038],
			"to": [7.5, 26, 9.70962],
			"rotation": {"angle": 0, "axis": "y", "origin": [8, 8, 8]},
			"faces": {
				"north": {"uv": [0, 0, 0, 8.5], "texture": "#1"},
				"east": {"uv": [0, 0, 4, 3.75], "texture": "#1"},
				"south": {"uv": [0, 0, 0, 8.5], "texture": "#1"},
				"west": {"uv": [4, 0, 0, 3.75], "texture": "#1"},
				"up": {"uv": [0, 0, 4, 0], "rotation": 270, "texture": "#1"},
				"down": {"uv": [0, 0, 4, 0], "rotation": 90, "texture": "#1"}
			}
		},
		{
			"from": [7.5, -10, -6.29038],
			"to": [7.5, 5, 9.70962],
			"rotation": {"angle": 0, "axis": "y", "origin": [8, 8, 8]},
			"faces": {
				"north": {"uv": [0, 8.5, 0, 0], "texture": "#1"},
				"east": {"uv": [0, 3.75, 4, 0], "texture": "#1"},
				"south": {"uv": [0, 8.5, 0, 0], "texture": "#1"},
				"west": {"uv": [4, 3.75, 0, 0], "texture": "#1"},
				"up": {"uv": [0, 0, 4, 0], "rotation": 270, "texture": "#1"},
				"down": {"uv": [0, 0, 4, 0], "rotation": 90, "texture": "#1"}
			}
		},
		{
			"from": [11.5, -2.6, -3.69038],
			"to": [11.5, 18.2, 17.10962],
			"rotation": {"angle": 0, "axis": "y", "origin": [8, 8, 8]},
			"faces": {
				"north": {"uv": [0, 0, 0, 8], "texture": "#3"},
				"east": {"uv": [0, 0, 16, 16], "texture": "#3"},
				"south": {"uv": [0, 0, 0, 8], "texture": "#3"},
				"west": {"uv": [16, 0, 0, 16], "texture": "#3"},
				"up": {"uv": [0, 0, 8, 0], "rotation": 270, "texture": "#3"},
				"down": {"uv": [0, 0, 8, 0], "rotation": 90, "texture": "#3"}
			}
		},
		{
			"from": [3.5, -2.6, -3.69038],
			"to": [3.5, 18.2, 17.10962],
			"rotation": {"angle": 0, "axis": "y", "origin": [8, 8, 8]},
			"faces": {
				"north": {"uv": [0, 0, 0, 8], "texture": "#3"},
				"east": {"uv": [0, 0, 16, 16], "texture": "#3"},
				"south": {"uv": [0, 0, 0, 8], "texture": "#3"},
				"west": {"uv": [16, 0, 0, 16], "texture": "#3"},
				"up": {"uv": [0, 0, 8, 0], "rotation": 270, "texture": "#3"},
				"down": {"uv": [0, 0, 8, 0], "rotation": 90, "texture": "#3"}
			}
		},
		{
			"from": [9.30252, 18, 6.04708],
			"to": [9.30252, 30, 18.04708],
			"rotation": {"angle": -22.5, "axis": "y", "origin": [8, 8, 8]},
			"faces": {
				"north": {"uv": [0, 0, 3, 0], "rotation": 90, "texture": "#missing"},
				"east": {"uv": [3, 13, 0, 10], "rotation": 270, "texture": "#0"},
				"south": {"uv": [0, 0, 3, 0], "rotation": 90, "texture": "#missing"},
				"west": {"uv": [0, 13, 3, 10], "rotation": 90, "texture": "#0"},
				"up": {"uv": [0, 0, 0, 3], "texture": "#missing"},
				"down": {"uv": [0, 0, 0, 3], "rotation": 180, "texture": "#missing"}
			}
		},
		{
			"from": [5.62793, 18, 5.64401],
			"to": [5.62793, 30, 17.64401],
			"rotation": {"angle": 22.5, "axis": "y", "origin": [8, 8, 8]},
			"faces": {
				"north": {"uv": [0, 0, 3, 0], "rotation": 90, "texture": "#missing"},
				"east": {"uv": [3, 13, 0, 10], "rotation": 270, "texture": "#0"},
				"south": {"uv": [0, 0, 3, 0], "rotation": 90, "texture": "#missing"},
				"west": {"uv": [0, 13, 3, 10], "rotation": 90, "texture": "#0"},
				"up": {"uv": [0, 0, 0, 3], "texture": "#missing"},
				"down": {"uv": [0, 0, 0, 3], "rotation": 180, "texture": "#missing"}
			}
		},
		{
			"from": [9.30252, -14, 6.04708],
			"to": [9.30252, -2, 18.04708],
			"rotation": {"angle": -22.5, "axis": "y", "origin": [8, 8, 8]},
			"faces": {
				"north": {"uv": [3, 0, 0, 0], "rotation": 90, "texture": "#missing"},
				"east": {"uv": [0, 13, 3, 10], "rotation": 270, "texture": "#0"},
				"south": {"uv": [3, 0, 0, 0], "rotation": 90, "texture": "#missing"},
				"west": {"uv": [3, 13, 0, 10], "rotation": 90, "texture": "#0"},
				"up": {"uv": [0, 0, 0, 3], "texture": "#missing"},
				"down": {"uv": [0, 0, 0, 3], "rotation": 180, "texture": "#missing"}
			}
		},
		{
			"from": [4.57988, -14, 8.41565],
			"to": [4.57988, -2, 20.41565],
			"rotation": {"angle": 22.5, "axis": "y", "origin": [8, 8, 8]},
			"faces": {
				"north": {"uv": [3, 0, 0, 0], "rotation": 90, "texture": "#missing"},
				"east": {"uv": [0, 13, 3, 10], "rotation": 270, "texture": "#0"},
				"south": {"uv": [3, 0, 0, 0], "rotation": 90, "texture": "#missing"},
				"west": {"uv": [3, 13, 0, 10], "rotation": 90, "texture": "#0"},
				"up": {"uv": [0, 0, 0, 3], "texture": "#missing"},
				"down": {"uv": [0, 0, 0, 3], "rotation": 180, "texture": "#missing"}
			}
		}
	],
	"gui_light": "front",
	"display": {
		"thirdperson_righthand": {
			"translation": [0, -2.25, 1.75],
			"scale": [0.7, 0.7, 0.7]
		},
		"thirdperson_lefthand": {
			"translation": [0, -2.25, 1.75],
			"scale": [0.7, 0.7, 0.7]
		},
		"firstperson_righthand": {
			"rotation": [23.43, 51.63, -5.2],
			"translation": [0.75, 4.25, -2.25],
			"scale": [0.42188, 0.42188, 0.42188]
		},
		"firstperson_lefthand": {
			"rotation": [23.43, 51.63, -5.2],
			"translation": [0.75, 4.25, -2.25],
			"scale": [0.42188, 0.42188, 0.42188]
		},
		"ground": {
			"rotation": [16.07, 18.59, 98.68],
			"translation": [0, 3.75, -1.25],
			"scale": [0.61719, 0.61719, 0.61719]
		},
		"gui": {
			"rotation": [90, -45, 90],
			"translation": [2.5, 2, -2],
			"scale": [0.42789, 0.42789, 0.42789]
		},
		"head": {
			"rotation": [-84.2, 65.5, 83.49],
			"translation": [-0.5, 16, 4.75],
			"scale": [0.7, 0.7, 0.7]
		},
		"fixed": {
			"rotation": [90, 90, 90],
			"translation": [-2, 0.5, -2.25],
			"scale": [1.29766, 1.29766, 1.29766]
		}
	},
	"groups": [
		{
			"name": "Bow",
			"origin": [8, 21, 8],
			"color": 0,
			"nbt": "{}",
			"armAnimationEnabled": false,
			"children": [
				{
					"name": "group",
					"origin": [0, 18, 0],
					"color": 0,
					"nbt": "{}",
					"armAnimationEnabled": false,
					"children": [0, 1, 2]
				},
				{
					"name": "group",
					"origin": [0, 0, 0],
					"color": 0,
					"nbt": "{}",
					"armAnimationEnabled": false,
					"children": [3, 4, 5, 6, 7, 8]
				},
				{
					"name": "group",
					"origin": [0, 0, 0],
					"color": 0,
					"nbt": "{}",
					"armAnimationEnabled": false,
					"children": [9, 10, 11, 12, 13, 14]
				}
			]
		},
		{
			"name": "Arrow",
			"origin": [8, 21, 8],
			"color": 0,
			"nbt": "{}",
			"armAnimationEnabled": false,
			"children": [
				15,
				16,
				17,
				18,
				{
					"name": "group",
					"origin": [11, 0, 16],
					"color": 0,
					"nbt": "{}",
					"armAnimationEnabled": false,
					"children": [19, 20, 21, 22]
				}
			]
		},
		{
			"name": "Particles",
			"origin": [15, 8, 12],
			"color": 0,
			"nbt": "{}",
			"armAnimationEnabled": false,
			"children": [23, 24, 25, 26]
		},
		27,
		28,
		29,
		30
	]
}