{"credit":"MadewithBlockbench","texture_size":[64,64],"textures":{"3":"galaxy_set:galaxy_set/galaxy_ani_2","4":"galaxy_set:galaxy_set/galaxy_1","5":"galaxy_set:galaxy_set/galaxy_2"},"elements":[{"from":[8,10.5,11.2],"to":[8,18.5,26.2],"rotation":{"angle":0,"axis":"y","origin":[8,12.5,17.7]},"faces":{"north":{"uv":[0,2,0,0],"rotation":180,"texture":"#4"},"east":{"uv":[16,0,14,3.75],"rotation":90,"texture":"#4"},"south":{"uv":[0,2,0,0],"texture":"#4"},"west":{"uv":[16,3.75,14,0],"rotation":90,"texture":"#4"},"up":{"uv":[0,2.5,0,0],"rotation":180,"texture":"#4"},"down":{"uv":[0,2.5,0,0],"texture":"#4"}}},{"from":[3.25,14.81199,8.94365],"to":[13.25,14.81199,16.94365],"rotation":{"angle":45,"axis":"z","origin":[8.25,19.81199,6.94365]},"faces":{"north":{"uv":[0,0,0,2.5],"rotation":90,"texture":"#4"},"east":{"uv":[0,0,0,2],"rotation":90,"texture":"#4"},"south":{"uv":[0,0,0,2.5],"rotation":270,"texture":"#4"},"west":{"uv":[0,0,0,2],"rotation":90,"texture":"#4"},"up":{"uv":[14,14.625,16,12.125],"rotation":90,"texture":"#4"},"down":{"uv":[16,14.625,14,12.125],"rotation":90,"texture":"#4"}}},{"from":[2.75,14.81199,8.94365],"to":[12.75,14.81199,16.94365],"rotation":{"angle":-45,"axis":"z","origin":[7.75,19.81199,6.94365]},"faces":{"north":{"uv":[0,2.5,0,0],"rotation":90,"texture":"#4"},"east":{"uv":[0,2,0,0],"rotation":90,"texture":"#4"},"south":{"uv":[0,2.5,0,0],"rotation":270,"texture":"#4"},"west":{"uv":[0,2,0,0],"rotation":90,"texture":"#4"},"up":{"uv":[14,12.125,16,14.625],"rotation":90,"texture":"#4"},"down":{"uv":[16,12.125,14,14.625],"rotation":90,"texture":"#4"}}},{"from":[8,8,-2],"to":[8,24,14],"rotation":{"angle":0,"axis":"y","origin":[4,16,4]},"faces":{"north":{"uv":[0,8,0,0],"texture":"#3"},"east":{"uv":[16,16,0,0],"texture":"#3"},"south":{"uv":[0,8,0,0],"texture":"#3"},"west":{"uv":[0,16,16,0],"texture":"#3"},"up":{"uv":[8,0,0,0],"rotation":270,"texture":"#3"},"down":{"uv":[8,0,0,0],"rotation":90,"texture":"#3"}}},{"from":[6,10.25,10.25],"to":[10,14.25,11.25],"rotation":{"angle":0,"axis":"y","origin":[8,12.25,8]},"faces":{"north":{"uv":[16,16,15,15],"texture":"#4"},"east":{"uv":[13.875,16,14.875,15.75],"rotation":270,"texture":"#4"},"south":{"uv":[16,16,15,15],"rotation":180,"texture":"#4"},"west":{"uv":[13.875,16,14.875,15.75],"rotation":90,"texture":"#4"},"up":{"uv":[13.875,16,14.875,15.75],"rotation":180,"texture":"#4"},"down":{"uv":[13.875,16,14.875,15.75],"texture":"#4"}}},{"from":[6,9.25,0.25],"to":[6,17.25,10.25],"rotation":{"angle":0,"axis":"y","origin":[8,12.25,8]},"faces":{"north":{"uv":[0,2,0,0],"texture":"#5"},"east":{"uv":[8,5.375,10,7.875],"rotation":90,"texture":"#5"},"south":{"uv":[0,2,0,0],"rotation":180,"texture":"#5"},"west":{"uv":[10,5.375,8,7.875],"rotation":270,"texture":"#5"},"up":{"uv":[0,0,0,2.5],"texture":"#5"},"down":{"uv":[0,0,0,2.5],"rotation":180,"texture":"#5"}}},{"from":[8,9.25,0.25],"to":[8,17.25,10.25],"rotation":{"angle":0,"axis":"y","origin":[8,12.25,8]},"faces":{"north":{"uv":[0,2,0,0],"texture":"#5"},"east":{"uv":[8,5.375,10,7.875],"rotation":90,"texture":"#5"},"south":{"uv":[0,2,0,0],"rotation":180,"texture":"#5"},"west":{"uv":[10,5.375,8,7.875],"rotation":270,"texture":"#5"},"up":{"uv":[0,0,0,2.5],"texture":"#5"},"down":{"uv":[0,0,0,2.5],"rotation":180,"texture":"#5"}}},{"from":[10,9.25,0.25],"to":[10,17.25,10.25],"rotation":{"angle":0,"axis":"y","origin":[8,12.25,8]},"faces":{"north":{"uv":[0,2,0,0],"texture":"#5"},"east":{"uv":[8,5.375,10,7.875],"rotation":90,"texture":"#5"},"south":{"uv":[0,2,0,0],"rotation":180,"texture":"#5"},"west":{"uv":[10,5.375,8,7.875],"rotation":270,"texture":"#5"},"up":{"uv":[0,0,0,2.5],"texture":"#5"},"down":{"uv":[0,0,0,2.5],"rotation":180,"texture":"#5"}}}],"gui_light":"front","display":{"thirdperson_righthand":{"rotation":[-13.52,13.96,-70.58],"translation":[0,-1.25,1],"scale":[0.7,0.7,0.7]},"thirdperson_lefthand":{"rotation":[-13.52,13.96,-70.58],"translation":[0,-1.25,1],"scale":[0.7,0.7,0.7]},"firstperson_righthand":{"rotation":[63.96,30.31,-118.82],"translation":[-4,3,2.25],"scale":[0.91602,0.91602,0.91602]},"firstperson_lefthand":{"rotation":[63.96,30.31,-118.82],"translation":[-4,3,2.25],"scale":[0.91602,0.91602,0.91602]},"ground":{"rotation":[-13.22,-24.49,54.75],"translation":[5.75,3.25,-2.5],"scale":[0.87891,0.87891,0.87891]},"gui":{"rotation":[90,54.5,-62],"translation":[-5,-2.75,-2],"scale":[0.73438,0.73438,0.73438]},"head":{"rotation":[-97.04,16.01,74.81],"translation":[7.5,11,2.75],"scale":[1.1082,1.1082,1.1082]},"fixed":{"rotation":[-116,0,0],"translation":[-0.25,6.75,2.75],"scale":[1.8543,1.8543,1.8543]}}}