{"credit":"MadewithBlockbench","texture_size":[64,64],"textures":{"2":"galaxy_set:galaxy_set/galaxy_ani_2","3":"galaxy_set:galaxy_set/galaxy_1","particle":"galaxy_set:galaxy_set/galaxy_1"},"elements":[{"from":[2,13.5,8],"to":[12,21.5,8],"rotation":{"angle":-22.5,"axis":"z","origin":[1,20,12]},"faces":{"north":{"uv":[14,12.125,16,14.625],"rotation":270,"texture":"#3"},"east":{"uv":[0,2,0,0],"rotation":180,"texture":"#3"},"south":{"uv":[16,12.125,14,14.625],"rotation":90,"texture":"#3"},"west":{"uv":[0,2,0,0],"texture":"#3"},"up":{"uv":[0,0,0,2.5],"rotation":90,"texture":"#3"},"down":{"uv":[0,0,0,2.5],"rotation":90,"texture":"#3"}}},{"from":[6.6,-3.6,8],"to":[16.4,17.2,8],"rotation":{"angle":0,"axis":"y","origin":[2.8,0,2.8]},"faces":{"north":{"uv":[16,0,8.05,16],"texture":"#2"},"east":{"uv":[0,0,0,8],"texture":"#2"},"south":{"uv":[8.05,0,16,16],"texture":"#2"},"west":{"uv":[0,0,0,8],"texture":"#2"},"up":{"uv":[0,0,8,0],"texture":"#2"},"down":{"uv":[0,0,8,0],"texture":"#2"}}},{"from":[6,4,6],"to":[10,8,10],"rotation":{"angle":0,"axis":"y","origin":[0,12,0]},"faces":{"north":{"uv":[10.125,15,11.125,16],"rotation":180,"texture":"#3"},"east":{"uv":[10.125,15,11.125,16],"rotation":180,"texture":"#3"},"south":{"uv":[10.125,15,11.125,16],"rotation":180,"texture":"#3"},"west":{"uv":[10.125,15,11.125,16],"rotation":180,"texture":"#3"},"up":{"uv":[10.125,15,11.125,16],"rotation":180,"texture":"#3"},"down":{"uv":[10.125,15,11.125,16],"rotation":180,"texture":"#3"}}},{"from":[7.5,5.5,5.5],"to":[8.5,6.5,6.5],"rotation":{"angle":0,"axis":"y","origin":[0,12,16]},"faces":{"north":{"uv":[11.625,7.75,11.875,8],"texture":"#3"},"east":{"uv":[11.625,7.75,11.875,8],"texture":"#3"},"south":{"uv":[11.875,7.75,11.625,8],"texture":"#3"},"west":{"uv":[11.625,7.75,11.875,8],"texture":"#3"},"up":{"uv":[11.625,7.75,11.875,8],"texture":"#3"},"down":{"uv":[11.625,7.75,11.875,8],"texture":"#3"}}},{"from":[7.5,5.5,9.5],"to":[8.5,6.5,10.5],"rotation":{"angle":0,"axis":"y","origin":[0,12,0]},"faces":{"north":{"uv":[11.625,7.75,11.875,8],"texture":"#3"},"east":{"uv":[11.875,7.75,11.625,8],"texture":"#3"},"south":{"uv":[11.625,7.75,11.875,8],"texture":"#3"},"west":{"uv":[11.875,7.75,11.625,8],"texture":"#3"},"up":{"uv":[11.625,8,11.875,7.75],"texture":"#3"},"down":{"uv":[11.625,8,11.875,7.75],"texture":"#3"}}},{"from":[5.5,5.5,7.5],"to":[6.5,6.5,8.5],"rotation":{"angle":0,"axis":"y","origin":[0,12,0]},"faces":{"north":{"uv":[11.875,7.75,11.625,8],"texture":"#3"},"east":{"uv":[11.625,7.75,11.875,8],"texture":"#3"},"south":{"uv":[11.875,7.75,11.625,8],"texture":"#3"},"west":{"uv":[11.625,7.75,11.875,8],"texture":"#3"},"up":{"uv":[11.625,8,11.875,7.75],"rotation":90,"texture":"#3"},"down":{"uv":[11.625,8,11.875,7.75],"rotation":270,"texture":"#3"}}},{"from":[9.5,5.5,7.5],"to":[10.5,6.5,8.5],"rotation":{"angle":0,"axis":"y","origin":[0,12,0]},"faces":{"north":{"uv":[11.875,7.75,11.625,8],"texture":"#3"},"east":{"uv":[11.625,7.75,11.875,8],"texture":"#3"},"south":{"uv":[11.875,7.75,11.625,8],"texture":"#3"},"west":{"uv":[11.625,7.75,11.875,8],"texture":"#3"},"up":{"uv":[11.625,8,11.875,7.75],"rotation":90,"texture":"#3"},"down":{"uv":[11.625,8,11.875,7.75],"rotation":270,"texture":"#3"}}},{"from":[6,2,6],"to":[10,4,10],"rotation":{"angle":0,"axis":"y","origin":[0,16,0]},"faces":{"north":{"uv":[10.125,12.25,11.125,11.75],"texture":"#3"},"east":{"uv":[10.125,12.25,11.125,11.75],"texture":"#3"},"south":{"uv":[10.125,12.25,11.125,11.75],"texture":"#3"},"west":{"uv":[10.125,12.25,11.125,11.75],"texture":"#3"},"up":{"uv":[10.125,13.375,11.125,12.375],"texture":"#3"},"down":{"uv":[10.125,13.375,11.125,12.375],"texture":"#3"}}},{"from":[7,10,7],"to":[9,11,9],"faces":{"north":{"uv":[10.625,11.375,11.125,11.625],"texture":"#3"},"east":{"uv":[10.625,11.375,11.125,11.625],"texture":"#3"},"south":{"uv":[10.625,11.375,11.125,11.625],"texture":"#3"},"west":{"uv":[10.625,11.375,11.125,11.625],"texture":"#3"},"up":{"uv":[10.625,10.75,11.125,11.25],"texture":"#3"},"down":{"uv":[10.625,10.75,11.125,11.25],"texture":"#3"}}},{"from":[6,8,6],"to":[10,10,10],"faces":{"north":{"uv":[10.125,11.75,11.125,12.25],"texture":"#3"},"east":{"uv":[10.125,11.75,11.125,12.25],"texture":"#3"},"south":{"uv":[10.125,11.75,11.125,12.25],"texture":"#3"},"west":{"uv":[10.125,11.75,11.125,12.25],"texture":"#3"},"up":{"uv":[10.125,12.375,11.125,13.375],"texture":"#3"},"down":{"uv":[10.125,12.375,11.125,13.375],"texture":"#3"}}},{"from":[9,3,10],"to":[10,4,11],"rotation":{"angle":0,"axis":"y","origin":[9.5,7.5,10.5]},"faces":{"north":{"uv":[12.5,14.875,12.75,15.125],"texture":"#3"},"east":{"uv":[13.375,14.875,13.625,15.125],"texture":"#3"},"south":{"uv":[13.375,14.875,13.625,15.125],"texture":"#3"},"west":{"uv":[13,15.625,13.25,15.875],"texture":"#3"},"up":{"uv":[13.25,15.625,13.5,15.875],"rotation":90,"texture":"#3"},"down":{"uv":[11.875,15.875,11.625,15.625],"rotation":270,"texture":"#3"}}},{"from":[10,3,9],"to":[11,4,10],"rotation":{"angle":0,"axis":"y","origin":[16,0,16]},"faces":{"north":{"uv":[12.25,15.25,12.5,15.5],"texture":"#3"},"east":{"uv":[12.625,15.125,12.875,15.375],"texture":"#3"},"south":{"uv":[13.375,15.25,13.625,15.5],"rotation":90,"texture":"#3"},"west":{"uv":[13,15.25,13.25,15.5],"texture":"#3"},"up":{"uv":[12.125,15.5,11.875,15.25],"texture":"#3"},"down":{"uv":[12.5,15.625,12.25,15.375],"texture":"#3"}}},{"from":[6,3,10],"to":[7,4,11],"rotation":{"angle":0,"axis":"y","origin":[6.5,7.5,10.5]},"faces":{"north":{"uv":[12.75,14.875,12.5,15.125],"texture":"#3"},"east":{"uv":[13.25,15.625,13,15.875],"texture":"#3"},"south":{"uv":[13.625,14.875,13.375,15.125],"texture":"#3"},"west":{"uv":[13.625,14.875,13.375,15.125],"texture":"#3"},"up":{"uv":[13.25,15.875,13.5,15.625],"rotation":90,"texture":"#3"},"down":{"uv":[11.875,15.625,11.625,15.875],"rotation":270,"texture":"#3"}}},{"from":[5,3,9],"to":[6,4,10],"rotation":{"angle":0,"axis":"y","origin":[0,0,16]},"faces":{"north":{"uv":[12.5,15.25,12.25,15.5],"texture":"#3"},"east":{"uv":[13.25,15.25,13,15.5],"texture":"#3"},"south":{"uv":[13.375,15.5,13.625,15.25],"rotation":90,"texture":"#3"},"west":{"uv":[12.875,15.125,12.625,15.375],"texture":"#3"},"up":{"uv":[11.875,15.5,12.125,15.25],"texture":"#3"},"down":{"uv":[12.25,15.625,12.5,15.375],"texture":"#3"}}},{"from":[6,3,5],"to":[7,4,6],"rotation":{"angle":0,"axis":"y","origin":[6.5,7.5,5.5]},"faces":{"north":{"uv":[13.375,14.875,13.625,15.125],"texture":"#3"},"east":{"uv":[13,15.625,13.25,15.875],"texture":"#3"},"south":{"uv":[12.5,14.875,12.75,15.125],"texture":"#3"},"west":{"uv":[13.375,14.875,13.625,15.125],"texture":"#3"},"up":{"uv":[13.5,15.875,13.25,15.625],"rotation":90,"texture":"#3"},"down":{"uv":[11.625,15.625,11.875,15.875],"rotation":270,"texture":"#3"}}},{"from":[5,3,6],"to":[6,4,7],"faces":{"north":{"uv":[13.375,15.25,13.625,15.5],"rotation":90,"texture":"#3"},"east":{"uv":[13,15.25,13.25,15.5],"texture":"#3"},"south":{"uv":[12.25,15.25,12.5,15.5],"texture":"#3"},"west":{"uv":[12.625,15.125,12.875,15.375],"texture":"#3"},"up":{"uv":[11.875,15.25,12.125,15.5],"texture":"#3"},"down":{"uv":[12.25,15.375,12.5,15.625],"texture":"#3"}}},{"from":[9,3,5],"to":[10,4,6],"rotation":{"angle":0,"axis":"y","origin":[9.5,7.5,5.5]},"faces":{"north":{"uv":[13.625,14.875,13.375,15.125],"texture":"#3"},"east":{"uv":[13.625,14.875,13.375,15.125],"texture":"#3"},"south":{"uv":[12.75,14.875,12.5,15.125],"texture":"#3"},"west":{"uv":[13.25,15.625,13,15.875],"texture":"#3"},"up":{"uv":[13.5,15.625,13.25,15.875],"rotation":90,"texture":"#3"},"down":{"uv":[11.625,15.875,11.875,15.625],"rotation":270,"texture":"#3"}}},{"from":[10,3,6],"to":[11,4,7],"rotation":{"angle":0,"axis":"y","origin":[16,0,0]},"faces":{"north":{"uv":[13.375,15.5,13.625,15.25],"rotation":90,"texture":"#3"},"east":{"uv":[12.875,15.125,12.625,15.375],"texture":"#3"},"south":{"uv":[12.5,15.25,12.25,15.5],"texture":"#3"},"west":{"uv":[13.25,15.25,13,15.5],"texture":"#3"},"up":{"uv":[12.125,15.25,11.875,15.5],"texture":"#3"},"down":{"uv":[12.5,15.375,12.25,15.625],"texture":"#3"}}},{"from":[9,8,10],"to":[10,9,11],"rotation":{"angle":0,"axis":"y","origin":[9.5,8.5,10.5]},"faces":{"north":{"uv":[12.5,15.125,12.75,14.875],"texture":"#3"},"east":{"uv":[13.375,15.125,13.625,14.875],"texture":"#3"},"south":{"uv":[13.375,15.125,13.625,14.875],"texture":"#3"},"west":{"uv":[13,15.875,13.25,15.625],"texture":"#3"},"up":{"uv":[11.625,15.875,11.875,15.625],"rotation":270,"texture":"#3"},"down":{"uv":[13.5,15.625,13.25,15.875],"rotation":90,"texture":"#3"}}},{"from":[10,8,9],"to":[11,9,10],"rotation":{"angle":0,"axis":"y","origin":[16,16,16]},"faces":{"north":{"uv":[12.25,15.5,12.5,15.25],"texture":"#3"},"east":{"uv":[12.625,15.375,12.875,15.125],"texture":"#3"},"south":{"uv":[13.625,15.25,13.375,15.5],"rotation":90,"texture":"#3"},"west":{"uv":[13,15.5,13.25,15.25],"texture":"#3"},"up":{"uv":[12.5,15.375,12.25,15.625],"texture":"#3"},"down":{"uv":[12.125,15.25,11.875,15.5],"texture":"#3"}}},{"from":[6,8,10],"to":[7,9,11],"rotation":{"angle":0,"axis":"y","origin":[6.5,8.5,10.5]},"faces":{"north":{"uv":[12.75,15.125,12.5,14.875],"texture":"#3"},"east":{"uv":[13.25,15.875,13,15.625],"texture":"#3"},"south":{"uv":[13.625,15.125,13.375,14.875],"texture":"#3"},"west":{"uv":[13.625,15.125,13.375,14.875],"texture":"#3"},"up":{"uv":[11.625,15.625,11.875,15.875],"rotation":270,"texture":"#3"},"down":{"uv":[13.5,15.875,13.25,15.625],"rotation":90,"texture":"#3"}}},{"from":[5,8,9],"to":[6,9,10],"rotation":{"angle":0,"axis":"y","origin":[0,16,16]},"faces":{"north":{"uv":[12.5,15.5,12.25,15.25],"texture":"#3"},"east":{"uv":[13.25,15.5,13,15.25],"texture":"#3"},"south":{"uv":[13.625,15.5,13.375,15.25],"rotation":90,"texture":"#3"},"west":{"uv":[12.875,15.375,12.625,15.125],"texture":"#3"},"up":{"uv":[12.25,15.375,12.5,15.625],"texture":"#3"},"down":{"uv":[11.875,15.25,12.125,15.5],"texture":"#3"}}},{"from":[6,8,5],"to":[7,9,6],"rotation":{"angle":0,"axis":"y","origin":[6.5,8.5,5.5]},"faces":{"north":{"uv":[13.375,15.125,13.625,14.875],"texture":"#3"},"east":{"uv":[13,15.875,13.25,15.625],"texture":"#3"},"south":{"uv":[12.5,15.125,12.75,14.875],"texture":"#3"},"west":{"uv":[13.375,15.125,13.625,14.875],"texture":"#3"},"up":{"uv":[11.875,15.625,11.625,15.875],"rotation":270,"texture":"#3"},"down":{"uv":[13.25,15.875,13.5,15.625],"rotation":90,"texture":"#3"}}},{"from":[5,8,6],"to":[6,9,7],"rotation":{"angle":0,"axis":"y","origin":[0,16,0]},"faces":{"north":{"uv":[13.625,15.25,13.375,15.5],"rotation":90,"texture":"#3"},"east":{"uv":[13,15.5,13.25,15.25],"texture":"#3"},"south":{"uv":[12.25,15.5,12.5,15.25],"texture":"#3"},"west":{"uv":[12.625,15.375,12.875,15.125],"texture":"#3"},"up":{"uv":[12.25,15.625,12.5,15.375],"texture":"#3"},"down":{"uv":[11.875,15.5,12.125,15.25],"texture":"#3"}}},{"from":[9,8,5],"to":[10,9,6],"rotation":{"angle":0,"axis":"y","origin":[9.5,8.5,5.5]},"faces":{"north":{"uv":[13.625,15.125,13.375,14.875],"texture":"#3"},"east":{"uv":[13.625,15.125,13.375,14.875],"texture":"#3"},"south":{"uv":[12.75,15.125,12.5,14.875],"texture":"#3"},"west":{"uv":[13.25,15.875,13,15.625],"texture":"#3"},"up":{"uv":[11.875,15.875,11.625,15.625],"rotation":270,"texture":"#3"},"down":{"uv":[13.25,15.625,13.5,15.875],"rotation":90,"texture":"#3"}}},{"from":[10,8,6],"to":[11,9,7],"rotation":{"angle":0,"axis":"y","origin":[16,16,0]},"faces":{"north":{"uv":[13.625,15.5,13.375,15.25],"rotation":90,"texture":"#3"},"east":{"uv":[12.875,15.375,12.625,15.125],"texture":"#3"},"south":{"uv":[12.5,15.5,12.25,15.25],"texture":"#3"},"west":{"uv":[13.25,15.5,13,15.25],"texture":"#3"},"up":{"uv":[12.5,15.625,12.25,15.375],"texture":"#3"},"down":{"uv":[12.125,15.5,11.875,15.25],"texture":"#3"}}}],"gui_light":"front","display":{"thirdperson_righthand":{"rotation":[-160.5,70,-180],"translation":[0,3,1.75],"scale":[0.7,0.7,0.7]},"thirdperson_lefthand":{"rotation":[-160.5,70,-180],"translation":[0,3,1.75],"scale":[0.7,0.7,0.7]},"firstperson_righthand":{"rotation":[180,74,155],"translation":[-0.75,4.5,2],"scale":[0.57422,0.57422,0.57422]},"firstperson_lefthand":{"rotation":[180,74,155],"translation":[-0.75,4.5,2],"scale":[0.57422,0.57422,0.57422]},"ground":{"translation":[0,3.5,0.5],"scale":[0.83203,0.83203,0.83203]},"gui":{"rotation":[0,-24,0],"translation":[0,-2.25,-2],"scale":[0.8125,0.8125,0.8125]},"head":{"translation":[0,11.5,0],"scale":[0.96367,0.96367,0.96367]},"fixed":{"rotation":[-90.28,3.58,-0.65],"translation":[-0.5,-1,-13.5],"scale":[2.42461,2.42461,2.42461]}}}