{"credit":"MadewithBlockbench","texture_size":[64,64],"textures":{"1":"galaxy_set:galaxy_set/galaxy_2","2":"galaxy_set:galaxy_set/galaxy_1","particle":"galaxy_set:galaxy_set/galaxy_1"},"elements":[{"from":[-2.3,8.4,0],"to":[1.7,12.4,1],"rotation":{"angle":-45,"axis":"z","origin":[8,2,2]},"faces":{"north":{"uv":[15,8.375,16,9.375],"rotation":90,"texture":"#1"},"east":{"uv":[14.875,8.375,14.625,9.375],"rotation":180,"texture":"#1"},"south":{"uv":[15,8.375,16,9.375],"rotation":90,"texture":"#1"},"west":{"uv":[14.625,8.375,14.875,9.375],"rotation":180,"texture":"#1"},"up":{"uv":[14.875,8.375,14.625,9.375],"rotation":90,"texture":"#1"},"down":{"uv":[14.875,8.375,14.625,9.375],"rotation":270,"texture":"#1"}}},{"from":[1,11,1],"to":[15,16,15],"faces":{"north":{"uv":[16,4,12.5,5.25],"rotation":180,"texture":"#1"},"east":{"uv":[16,5.5,12.5,6.75],"rotation":180,"texture":"#1"},"south":{"uv":[16,7,12.5,8.25],"rotation":180,"texture":"#1"},"west":{"uv":[16,5.5,12.5,6.75],"rotation":180,"texture":"#1"},"up":{"uv":[12.5,0,16,3.5],"texture":"#1"},"down":{"uv":[12.5,0,16,3.5],"texture":"#1"}}},{"from":[14.4,13.2,7.5],"to":[15.4,14.2,8.5],"rotation":{"angle":0,"axis":"y","origin":[8,17,6]},"faces":{"north":{"uv":[3,9,2.75,9.25],"texture":"#2"},"east":{"uv":[2.75,9,3,9.25],"texture":"#2"},"south":{"uv":[3,9,2.75,9.25],"texture":"#2"},"west":{"uv":[2.75,9,3,9.25],"texture":"#2"},"up":{"uv":[3,9,2.75,9.25],"rotation":90,"texture":"#2"},"down":{"uv":[2.75,9.25,3,9],"rotation":270,"texture":"#2"}}},{"from":[0.5,13.2,7.5],"to":[1.5,14.2,8.5],"rotation":{"angle":0,"axis":"y","origin":[8,17,6]},"faces":{"north":{"uv":[3,9,2.75,9.25],"texture":"#2"},"east":{"uv":[2.75,9,3,9.25],"texture":"#2"},"south":{"uv":[3,9,2.75,9.25],"texture":"#2"},"west":{"uv":[2.75,9,3,9.25],"texture":"#2"},"up":{"uv":[3,9,2.75,9.25],"rotation":90,"texture":"#2"},"down":{"uv":[2.75,9.25,3,9],"rotation":270,"texture":"#2"}}},{"from":[13.4,1.6,0.9],"to":[18.4,14.6,0.9],"rotation":{"angle":0,"axis":"y","origin":[15,10.5,3]},"faces":{"north":{"uv":[12,0,10.75,3.25],"texture":"#2"},"east":{"uv":[0,0,4,0],"rotation":90,"texture":"#2"},"south":{"uv":[12,3.25,10.75,0],"rotation":180,"texture":"#2"},"west":{"uv":[0,0,4,0],"rotation":90,"texture":"#2"},"up":{"uv":[0,1.5,0,0],"rotation":270,"texture":"#2"},"down":{"uv":[0,1.5,0,0],"rotation":270,"texture":"#2"}}},{"from":[12.9,14.9,1.9],"to":[12.9,19.9,14.9],"rotation":{"angle":0,"axis":"y","origin":[15,10.5,3]},"faces":{"north":{"uv":[0,1.5,0,0],"rotation":180,"texture":"#2"},"east":{"uv":[12,3.25,10.75,0],"rotation":90,"texture":"#2"},"south":{"uv":[0,1.5,0,0],"rotation":180,"texture":"#2"},"west":{"uv":[12,0,10.75,3.25],"rotation":90,"texture":"#2"},"up":{"uv":[0,0,4,0],"rotation":270,"texture":"#2"},"down":{"uv":[0,0,4,0],"rotation":90,"texture":"#2"}}},{"from":[2.9,14.9,1.9],"to":[2.9,19.9,14.9],"rotation":{"angle":0,"axis":"y","origin":[15,10.5,3]},"faces":{"north":{"uv":[0,1.5,0,0],"rotation":180,"texture":"#2"},"east":{"uv":[12,3.25,10.75,0],"rotation":90,"texture":"#2"},"south":{"uv":[0,1.5,0,0],"rotation":180,"texture":"#2"},"west":{"uv":[12,0,10.75,3.25],"rotation":90,"texture":"#2"},"up":{"uv":[0,0,4,0],"rotation":270,"texture":"#2"},"down":{"uv":[0,0,4,0],"rotation":90,"texture":"#2"}}},{"from":[-2.4,1.6,0.9],"to":[2.6,14.6,0.9],"rotation":{"angle":0,"axis":"y","origin":[1,10.5,3]},"faces":{"north":{"uv":[10.75,0,12,3.25],"texture":"#2"},"east":{"uv":[0,0,4,0],"rotation":90,"texture":"#2"},"south":{"uv":[10.75,3.25,12,0],"rotation":180,"texture":"#2"},"west":{"uv":[0,0,4,0],"rotation":90,"texture":"#2"},"up":{"uv":[0,0,0,1.5],"rotation":270,"texture":"#2"},"down":{"uv":[0,0,0,1.5],"rotation":270,"texture":"#2"}}},{"from":[1,4,1],"to":[1,11,15],"faces":{"north":{"uv":[0,6.5,0,8.25],"texture":"#2"},"east":{"uv":[3.5,14.875,0,13.125],"texture":"#2"},"south":{"uv":[0,6.5,0,8.25],"texture":"#2"},"west":{"uv":[0,14.875,3.5,13.125],"texture":"#2"},"up":{"uv":[0,4.25,0,7.75],"rotation":180,"texture":"#2"},"down":{"uv":[0,4.25,0,7.75],"texture":"#2"}}},{"from":[9.75,16,1],"to":[9.75,24,11],"rotation":{"angle":22.5,"axis":"y","origin":[8,20,5]},"faces":{"north":{"uv":[0,2,0,0],"rotation":180,"texture":"#2"},"east":{"uv":[14,14.625,16,12.125],"rotation":270,"texture":"#2"},"south":{"uv":[0,2,0,0],"texture":"#2"},"west":{"uv":[16,14.625,14,12.125],"rotation":90,"texture":"#2"},"up":{"uv":[0,2.5,0,0],"rotation":180,"texture":"#2"},"down":{"uv":[0,2.5,0,0],"texture":"#2"}}},{"from":[6.25,16,1],"to":[6.25,24,11],"rotation":{"angle":-22.5,"axis":"y","origin":[8,20,5]},"faces":{"north":{"uv":[0,2,0,0],"rotation":180,"texture":"#2"},"east":{"uv":[16,12.125,14,14.625],"rotation":90,"texture":"#2"},"south":{"uv":[0,2,0,0],"texture":"#2"},"west":{"uv":[14,12.125,16,14.625],"rotation":270,"texture":"#2"},"up":{"uv":[0,2.5,0,0],"rotation":180,"texture":"#2"},"down":{"uv":[0,2.5,0,0],"texture":"#2"}}},{"from":[15,4,1],"to":[15,11,15],"rotation":{"angle":0,"axis":"y","origin":[16,0,0]},"faces":{"north":{"uv":[0,6.5,0,8.25],"texture":"#2"},"east":{"uv":[3.5,14.875,0,13.125],"texture":"#2"},"south":{"uv":[0,6.5,0,8.25],"texture":"#2"},"west":{"uv":[0,14.875,3.5,13.125],"texture":"#2"},"up":{"uv":[0,4.25,0,7.75],"rotation":180,"texture":"#2"},"down":{"uv":[0,4.25,0,7.75],"texture":"#2"}}},{"from":[1,4,15],"to":[15,11,15],"faces":{"north":{"uv":[0,14.875,3.5,13.125],"texture":"#2"},"east":{"uv":[0,6.5,0,8.25],"texture":"#2"},"south":{"uv":[3.5,14.875,0,13.125],"texture":"#2"},"west":{"uv":[0,6.5,0,8.25],"texture":"#2"},"up":{"uv":[0,4.25,0,7.75],"rotation":270,"texture":"#2"},"down":{"uv":[0,4.25,0,7.75],"rotation":270,"texture":"#2"}}}],"gui_light":"front","display":{"thirdperson_righthand":{"rotation":[63.75,0,0],"translation":[0,2.25,0],"scale":[0.48633,0.48633,0.48633]},"thirdperson_lefthand":{"rotation":[63.75,0,0],"translation":[0,2.25,0],"scale":[0.48633,0.48633,0.48633]},"firstperson_righthand":{"rotation":[-180,70,-180],"translation":[1.5,1,-4],"scale":[0.74219,0.75781,0.74219]},"firstperson_lefthand":{"rotation":[-180,70,-180],"translation":[1.5,1,-4],"scale":[0.74219,0.75781,0.74219]},"ground":{"rotation":[20.25,-1.79,-9.94],"translation":[0,2.75,0],"scale":[0.56836,0.56836,0.56836]},"gui":{"rotation":[17,142,0],"translation":[0.5,-1.5,0],"scale":[0.56445,0.56445,0.56445]},"head":{"translation":[0,-0.75,0.5],"scale":[1.17188,1.17188,1.17188]},"fixed":{"rotation":[-79.25,0,0],"translation":[0,1.75,-9],"scale":[1.64844,1.64844,1.64844]}}}