{"credit":"MadewithBlockbench","texture_size":[64,64],"textures":{"2":"galaxy_set:galaxy_set/galaxy_3","3":"galaxy_set:galaxy_set/galaxy_2","4":"galaxy_set:galaxy_set/galaxy_1","particle":"galaxy_set:galaxy_set/galaxy_1"},"elements":[{"from":[5.8,9,8.1],"to":[9.8,18,8.1],"rotation":{"angle":0,"axis":"y","origin":[13,0,0]},"faces":{"north":{"uv":[12,9.875,10.75,12.125],"rotation":180,"texture":"#3"},"east":{"uv":[12.625,11.75,14.875,11.5],"rotation":90,"texture":"#3"},"south":{"uv":[10.75,9.875,12,12.125],"rotation":180,"texture":"#3"},"west":{"uv":[12.625,11.75,14.875,11.5],"rotation":90,"texture":"#3"},"up":{"uv":[12.625,11.75,13.875,11.5],"rotation":180,"texture":"#3"},"down":{"uv":[6.625,5.875,6.875,7.125],"rotation":270,"texture":"#3"}}},{"from":[5.8,9,9],"to":[9.8,18,9],"rotation":{"angle":0,"axis":"y","origin":[13,0,0]},"faces":{"north":{"uv":[7.125,13.625,8.375,15.875],"texture":"#3"},"east":{"uv":[12.625,11.75,14.875,11.5],"rotation":90,"texture":"#3"},"south":{"uv":[8.375,13.625,7.125,15.875],"texture":"#3"},"west":{"uv":[12.625,11.75,14.875,11.5],"rotation":90,"texture":"#3"},"up":{"uv":[12.625,11.75,13.875,11.5],"rotation":180,"texture":"#3"},"down":{"uv":[6.625,5.875,6.875,7.125],"rotation":270,"texture":"#3"}}},{"from":[6,11.6,6.5],"to":[10,12.6,10.5],"rotation":{"angle":0,"axis":"y","origin":[-3,0,0]},"faces":{"north":{"uv":[13.875,16,14.875,15.75],"rotation":180,"texture":"#4"},"east":{"uv":[13.875,16,14.875,15.75],"rotation":180,"texture":"#4"},"south":{"uv":[13.875,16,14.875,15.75],"rotation":180,"texture":"#4"},"west":{"uv":[13.875,16,14.875,15.75],"rotation":180,"texture":"#4"},"up":{"uv":[16,16,15,15],"texture":"#4"},"down":{"uv":[16,16,15,15],"texture":"#4"}}},{"from":[9.5,7.1,7],"to":[9.5,12.1,10],"rotation":{"angle":0,"axis":"y","origin":[7.5,12.1,12.1]},"faces":{"north":{"uv":[0,0,0,1.25],"texture":"#2"},"east":{"uv":[0,0,0.75,1.25],"texture":"#2"},"south":{"uv":[0,0,0,1.25],"texture":"#2"},"west":{"uv":[0,0,0.75,1.25],"texture":"#2"},"up":{"uv":[0,0,0.75,0],"rotation":90,"texture":"#2"},"down":{"uv":[0,0,0.75,0],"rotation":270,"texture":"#2"}}},{"from":[7,10.7,7.5],"to":[9,11.7,9.5],"faces":{"north":{"uv":[10.625,11.375,11.125,11.625],"texture":"#2"},"east":{"uv":[10.625,11.375,11.125,11.625],"texture":"#2"},"south":{"uv":[10.625,11.375,11.125,11.625],"texture":"#2"},"west":{"uv":[10.625,11.375,11.125,11.625],"texture":"#2"},"up":{"uv":[10.625,10.75,11.125,11.25],"texture":"#2"},"down":{"uv":[10.625,10.75,11.125,11.25],"texture":"#2"}}},{"from":[6.4,7.1,7],"to":[6.4,12.1,10],"rotation":{"angle":0,"axis":"y","origin":[7.5,12.1,3.9]},"faces":{"north":{"uv":[0,0,0,1.25],"texture":"#2"},"east":{"uv":[0.75,0,0,1.25],"texture":"#2"},"south":{"uv":[0,0,0,1.25],"texture":"#2"},"west":{"uv":[0.75,0,0,1.25],"texture":"#2"},"up":{"uv":[0.75,0,0,0],"rotation":90,"texture":"#2"},"down":{"uv":[0.75,0,0,0],"rotation":270,"texture":"#2"}}},{"from":[6.5,7,8.5],"to":[9.5,11,8.5],"faces":{"north":{"uv":[9.25,11.875,10,12.875],"texture":"#2"},"east":{"uv":[9.25,10.875,9.25,13.375],"texture":"#2"},"south":{"uv":[9.25,11.875,10,12.875],"texture":"#2"},"west":{"uv":[9.25,10.875,9.25,13.375],"texture":"#2"},"up":{"uv":[9.25,10.875,10,10.875],"texture":"#2"},"down":{"uv":[9.25,10.875,10,10.875],"texture":"#2"}}},{"from":[8,7,6.5],"to":[8,11,9.5],"faces":{"north":{"uv":[9.25,10.875,9.25,13.375],"texture":"#2"},"east":{"uv":[9.25,11.875,10,12.875],"texture":"#2"},"south":{"uv":[9.25,10.875,9.25,13.375],"texture":"#2"},"west":{"uv":[9.25,11.875,10,12.875],"texture":"#2"},"up":{"uv":[9.25,10.875,10,10.875],"rotation":90,"texture":"#2"},"down":{"uv":[9.25,10.875,10,10.875],"rotation":270,"texture":"#2"}}},{"from":[7,2,7.5],"to":[9,8,9.5],"rotation":{"angle":0,"axis":"y","origin":[0,16,0]},"faces":{"north":{"uv":[15.25,10.625,15.75,8.5],"rotation":180,"texture":"#4"},"east":{"uv":[15.25,10.625,15.75,8.5],"rotation":180,"texture":"#4"},"south":{"uv":[15.25,10.625,15.75,8.5],"rotation":180,"texture":"#4"},"west":{"uv":[15.25,10.625,15.75,8.5],"rotation":180,"texture":"#4"},"up":{"uv":[15.75,10.5,15.25,10],"texture":"#4"},"down":{"uv":[15.75,11.25,15.25,10.75],"texture":"#4"}}}],"gui_light":"front","display":{"thirdperson_righthand":{"rotation":[180,85,-180],"translation":[0,1.5,0.5],"scale":[0.68,0.68,0.68]},"thirdperson_lefthand":{"rotation":[180,85,-180],"translation":[0,1.5,0.5],"scale":[0.68,0.68,0.68]},"firstperson_righthand":{"rotation":[-153.78,74.28,129.93],"translation":[1.5,4,1],"scale":[0.63867,0.63867,0.63867]},"firstperson_lefthand":{"rotation":[-153.78,74.28,129.93],"translation":[1.5,4,1],"scale":[0.63867,0.63867,0.63867]},"ground":{"rotation":[-35.17,0.75,73.2],"translation":[1.25,2.75,0],"scale":[0.75195,0.75195,0.75195]},"gui":{"rotation":[0,0,-44.75],"translation":[-1,-1.25,-2],"scale":[0.89648,0.89648,0.89648]},"head":{"rotation":[-179.54,-2.98,-43.2],"translation":[-0.5,17.25,4.75],"scale":[0.96367,0.96367,0.96367]},"fixed":{"translation":[0.25,-2.75,-2],"scale":[1.83086,1.83086,1.83086]}}}