{"credit":"MadewithBlockbench","texture_size":[64,64],"textures":{"1":"galaxy_set:galaxy_set/galaxy_ani_2","2":"galaxy_set:galaxy_set/galaxy_1","particle":"galaxy_set:galaxy_set/galaxy_1"},"elements":[{"from":[13,3,3],"to":[13,13,11],"rotation":{"angle":-45,"axis":"y","origin":[15,8,4]},"faces":{"north":{"uv":[0,0,0,2.5],"texture":"#2"},"east":{"uv":[14,12.125,16,14.625],"texture":"#2"},"south":{"uv":[0,0,0,2.5],"texture":"#2"},"west":{"uv":[16,12.125,14,14.625],"texture":"#2"},"up":{"uv":[0,0,0,2],"texture":"#2"},"down":{"uv":[0,0,0,2],"texture":"#2"}}},{"from":[9,-16,8],"to":[16,-1,8],"faces":{"north":{"uv":[16,0,14.25,3.75],"texture":"#2"},"east":{"uv":[0,0,0,3.75],"texture":"#2"},"south":{"uv":[14.25,0,16,3.75],"texture":"#2"},"west":{"uv":[0,0,0,3.75],"texture":"#2"},"up":{"uv":[0,0,1.75,0],"texture":"#2"},"down":{"uv":[0,0,1.75,0],"texture":"#2"}}},{"from":[0,-16,8],"to":[7,-1,8],"rotation":{"angle":0,"axis":"y","origin":[16,0,0]},"faces":{"north":{"uv":[14.25,0,16,3.75],"texture":"#2"},"east":{"uv":[0,0,0,3.75],"texture":"#2"},"south":{"uv":[16,0,14.25,3.75],"texture":"#2"},"west":{"uv":[0,0,0,3.75],"texture":"#2"},"up":{"uv":[1.75,0,0,0],"texture":"#2"},"down":{"uv":[1.75,0,0,0],"texture":"#2"}}},{"from":[7.5,-8.5,7.5],"to":[8.5,-7.5,8.5],"faces":{"north":{"uv":[2.75,9,3,9.25],"texture":"#2"},"east":{"uv":[3,9,2.75,9.25],"texture":"#2"},"south":{"uv":[2.75,9,3,9.25],"texture":"#2"},"west":{"uv":[3,9,2.75,9.25],"texture":"#2"},"up":{"uv":[2.75,9,3,9.25],"rotation":90,"texture":"#2"},"down":{"uv":[3,9.25,2.75,9],"rotation":270,"texture":"#2"}}},{"from":[3,3,3],"to":[3,13,11],"rotation":{"angle":45,"axis":"y","origin":[1,8,4]},"faces":{"north":{"uv":[0,0,0,2.5],"texture":"#2"},"east":{"uv":[14,12.125,16,14.625],"texture":"#2"},"south":{"uv":[0,0,0,2.5],"texture":"#2"},"west":{"uv":[16,12.125,14,14.625],"texture":"#2"},"up":{"uv":[0,0,0,2],"texture":"#2"},"down":{"uv":[0,0,0,2],"texture":"#2"}}},{"from":[13,3,5],"to":[13,13,13],"rotation":{"angle":45,"axis":"y","origin":[15,8,12]},"faces":{"north":{"uv":[0,0,0,2.5],"texture":"#2"},"east":{"uv":[16,12.125,14,14.625],"texture":"#2"},"south":{"uv":[0,0,0,2.5],"texture":"#2"},"west":{"uv":[14,12.125,16,14.625],"texture":"#2"},"up":{"uv":[0,2,0,0],"texture":"#2"},"down":{"uv":[0,2,0,0],"texture":"#2"}}},{"from":[3,3,5],"to":[3,13,13],"rotation":{"angle":-45,"axis":"y","origin":[1,8,12]},"faces":{"north":{"uv":[0,0,0,2.5],"texture":"#2"},"east":{"uv":[16,12.125,14,14.625],"texture":"#2"},"south":{"uv":[0,0,0,2.5],"texture":"#2"},"west":{"uv":[14,12.125,16,14.625],"texture":"#2"},"up":{"uv":[0,2,0,0],"texture":"#2"},"down":{"uv":[0,2,0,0],"texture":"#2"}}},{"from":[7.6,-1.6,-2.4],"to":[7.6,19.2,18.4],"rotation":{"angle":0,"axis":"y","origin":[2.8,0,2.8]},"faces":{"north":{"uv":[0,0,0,8],"texture":"#1"},"east":{"uv":[0,0,16,16],"texture":"#1"},"south":{"uv":[0,0,0,8],"texture":"#1"},"west":{"uv":[16,0,0,16],"texture":"#1"},"up":{"uv":[0,0,8,0],"rotation":90,"texture":"#1"},"down":{"uv":[0,0,8,0],"rotation":270,"texture":"#1"}}},{"from":[8,10,4.5],"to":[8,32,11.5],"rotation":{"angle":45,"axis":"y","origin":[8,21,8]},"faces":{"north":{"uv":[0,0,0,5.5],"texture":"#2"},"east":{"uv":[13.875,9,12.125,14.5],"texture":"#2"},"south":{"uv":[0,0,0,5.5],"texture":"#2"},"west":{"uv":[12.125,9,13.875,14.5],"texture":"#2"},"up":{"uv":[0,0,0,4],"rotation":180,"texture":"#2"},"down":{"uv":[0,0,0,4],"rotation":180,"texture":"#2"}}},{"from":[7,-4,7],"to":[9,9,9],"faces":{"north":{"uv":[15.25,7.375,15.75,10.625],"rotation":180,"texture":"#2"},"east":{"uv":[15.25,7.375,15.75,10.625],"rotation":180,"texture":"#2"},"south":{"uv":[15.25,7.375,15.75,10.625],"rotation":180,"texture":"#2"},"west":{"uv":[15.25,7.375,15.75,10.625],"rotation":180,"texture":"#2"},"up":{"uv":[15.75,10.875,15.25,11.375],"texture":"#2"},"down":{"uv":[15.75,10.875,15.25,11.375],"texture":"#2"}}},{"from":[6,-8,6],"to":[10,-4,10],"faces":{"north":{"uv":[15,15,16,16],"rotation":180,"texture":"#2"},"east":{"uv":[15,15,16,16],"rotation":180,"texture":"#2"},"south":{"uv":[15,15,16,16],"rotation":180,"texture":"#2"},"west":{"uv":[15,15,16,16],"rotation":180,"texture":"#2"},"up":{"uv":[16,15,15,16],"texture":"#2"},"down":{"uv":[16,15,15,16],"texture":"#2"}}},{"from":[6,9,6],"to":[10,10,10],"rotation":{"angle":0,"axis":"y","origin":[0,16,0]},"faces":{"north":{"uv":[13.875,16,14.875,15.75],"rotation":180,"texture":"#2"},"east":{"uv":[13.875,16,14.875,15.75],"rotation":180,"texture":"#2"},"south":{"uv":[13.875,16,14.875,15.75],"rotation":180,"texture":"#2"},"west":{"uv":[13.875,16,14.875,15.75],"rotation":180,"texture":"#2"},"up":{"uv":[16,16,15,15],"texture":"#2"},"down":{"uv":[16,16,15,15],"texture":"#2"}}},{"from":[8,10,4.5],"to":[8,32,11.5],"rotation":{"angle":-45,"axis":"y","origin":[8,21,8]},"faces":{"north":{"uv":[0,0,0,5.5],"texture":"#2"},"east":{"uv":[13.875,9,12.125,14.5],"texture":"#2"},"south":{"uv":[0,0,0,5.5],"texture":"#2"},"west":{"uv":[12.125,9,13.875,14.5],"texture":"#2"},"up":{"uv":[0,0,0,4],"rotation":180,"texture":"#2"},"down":{"uv":[0,0,0,4],"rotation":180,"texture":"#2"}}}],"gui_light":"front","display":{"thirdperson_righthand":{"rotation":[0,110,0],"translation":[0,3,1.75],"scale":[0.7,0.7,0.7]},"thirdperson_lefthand":{"rotation":[0,110,0],"translation":[0,3,1.75],"scale":[0.7,0.7,0.7]},"firstperson_righthand":{"rotation":[-159.81,67.81,149.29],"translation":[0.75,1.75,0.25],"scale":[0.5,0.5,0.5]},"firstperson_lefthand":{"rotation":[-159.81,67.81,149.29],"translation":[0.75,1.75,0.25],"scale":[0.5,0.5,0.5]},"ground":{"rotation":[6.45,-26.56,92.07],"translation":[0,0.75,0],"scale":[0.5,0.5,0.5]},"gui":{"rotation":[0,-22,49],"translation":[0,0.25,-2],"scale":[0.41602,0.41602,0.41602]},"head":{"rotation":[-92.83,-13.5,89.36],"translation":[7.5,10.5,2.75],"scale":[0.7,0.7,0.7]},"fixed":{"translation":[-0.25,-1,-2],"scale":[1.1668,1.1668,1.1668]}}}