{"credit":"MadewithBlockbench","texture_size":[64,64],"textures":{"1":"galaxy_set:galaxy_set/galaxy_1","2":"galaxy_set:galaxy_set/galaxy_ani_2","3":"galaxy_set:galaxy_set/galaxy_2","particle":"galaxy_set:galaxy_set/galaxy_1"},"elements":[{"from":[6,12,-7],"to":[10,16,23],"rotation":{"angle":0,"axis":"y","origin":[0,0,-7]},"faces":{"north":{"uv":[15,12.5,16,13.5],"texture":"#3"},"east":{"uv":[16,15,8.5,16],"rotation":180,"texture":"#3"},"south":{"uv":[15,11.5,16,12.5],"texture":"#3"},"west":{"uv":[8.5,15,16,16],"rotation":180,"texture":"#3"},"up":{"uv":[8.5,13.75,16,14.75],"rotation":90,"texture":"#3"},"down":{"uv":[7.25,12.5,14.75,13.5],"rotation":90,"texture":"#3"}}},{"from":[7,8,-16],"to":[7,18,-7],"rotation":{"angle":0,"axis":"y","origin":[0,0,-7]},"faces":{"north":{"uv":[0,0,0,10],"texture":"#3"},"east":{"uv":[1.625,3.875,4.125,6.125],"rotation":90,"texture":"#3"},"south":{"uv":[0,0,0,10],"texture":"#3"},"west":{"uv":[1.625,3.875,4.125,6.125],"rotation":90,"texture":"#3"},"up":{"uv":[0,0,0,9],"texture":"#3"},"down":{"uv":[0,0,0,9],"texture":"#3"}}},{"from":[9,8,-16],"to":[9,18,-7],"rotation":{"angle":0,"axis":"y","origin":[0,0,-7]},"faces":{"north":{"uv":[0,0,0,10],"texture":"#3"},"east":{"uv":[1.625,3.875,4.125,6.125],"rotation":90,"texture":"#3"},"south":{"uv":[0,0,0,10],"texture":"#3"},"west":{"uv":[1.625,3.875,4.125,6.125],"rotation":90,"texture":"#3"},"up":{"uv":[0,0,0,9],"texture":"#3"},"down":{"uv":[0,0,0,9],"texture":"#3"}}},{"from":[7,9,9],"to":[9,11,32],"rotation":{"angle":0,"axis":"y","origin":[0,0,-7]},"faces":{"north":{"uv":[7.125,5.875,7.625,6.375],"texture":"#3"},"east":{"uv":[7.125,12.25,7.625,6.5],"rotation":270,"texture":"#3"},"south":{"uv":[7.125,5.875,7.625,6.375],"texture":"#3"},"west":{"uv":[7.625,12.25,7.125,6.5],"rotation":90,"texture":"#3"},"up":{"uv":[7.125,6.5,7.625,12.25],"texture":"#3"},"down":{"uv":[7.125,12.25,7.625,6.5],"texture":"#3"}}},{"from":[7.5,-6.5,2],"to":[8.5,-3.5,12],"rotation":{"angle":-45,"axis":"x","origin":[0,0,-7]},"faces":{"north":{"uv":[14.875,7.375,15.125,8.125],"texture":"#1"},"east":{"uv":[4.125,0,4.875,2.5],"rotation":90,"texture":"#1"},"south":{"uv":[0,0,0.25,0.75],"texture":"#1"},"west":{"uv":[4.125,0,4.875,2.5],"rotation":90,"texture":"#1"},"up":{"uv":[15.125,10.625,14.875,8.125],"texture":"#1"},"down":{"uv":[14.875,8.125,15.125,10.625],"texture":"#1"}}},{"from":[7.5,2.5,-2],"to":[8.5,5.5,8],"rotation":{"angle":-45,"axis":"x","origin":[0,0,-7]},"faces":{"north":{"uv":[14.875,7.375,15.125,8.125],"texture":"#1"},"east":{"uv":[4.125,0,4.875,2.5],"rotation":90,"texture":"#1"},"south":{"uv":[0,0,0.25,0.75],"texture":"#1"},"west":{"uv":[4.125,0,4.875,2.5],"rotation":90,"texture":"#1"},"up":{"uv":[14.875,10.625,15.125,8.125],"texture":"#1"},"down":{"uv":[14.875,8.125,15.125,10.625],"texture":"#1"}}},{"from":[6.5,-7,6],"to":[9.5,-3,17],"rotation":{"angle":-45,"axis":"x","origin":[0,0,-7]},"faces":{"north":{"uv":[7.125,4.375,7.875,5.375],"rotation":180,"texture":"#3"},"east":{"uv":[4.125,4.35,6.875,5.35],"rotation":180,"texture":"#3"},"south":{"uv":[7.0875,4.3875,7.8375,5.3875],"rotation":180,"texture":"#3"},"west":{"uv":[6.875,4.35,4.125,5.35],"rotation":180,"texture":"#3"},"up":{"uv":[7,5.625,4.25,6.375],"rotation":90,"texture":"#3"},"down":{"uv":[4.25,5.625,7,6.375],"rotation":90,"texture":"#3"}}},{"from":[11.5,17,-4.2],"to":[11.5,23,5.8],"rotation":{"angle":-22.5,"axis":"y","origin":[-2.53003,19,6.8]},"faces":{"north":{"uv":[4,2.25,4,3.75],"rotation":180,"texture":"#1"},"east":{"uv":[5.125,12.625,3.625,10.125],"rotation":90,"texture":"#1"},"south":{"uv":[4,2.25,4,3.75],"rotation":180,"texture":"#1"},"west":{"uv":[5.125,10.125,3.625,12.625],"rotation":90,"texture":"#1"},"up":{"uv":[4,2.5,4,0],"rotation":180,"texture":"#1"},"down":{"uv":[4,2.5,4,0],"texture":"#1"}}},{"from":[4.5,17,-4.2],"to":[4.5,23,5.8],"rotation":{"angle":22.5,"axis":"y","origin":[18.53003,19,6.8]},"faces":{"north":{"uv":[4,2.25,4,3.75],"rotation":180,"texture":"#1"},"east":{"uv":[5.125,12.625,3.625,10.125],"rotation":90,"texture":"#1"},"south":{"uv":[4,2.25,4,3.75],"rotation":180,"texture":"#1"},"west":{"uv":[5.125,10.125,3.625,12.625],"rotation":90,"texture":"#1"},"up":{"uv":[4,2.5,4,0],"rotation":180,"texture":"#1"},"down":{"uv":[4,2.5,4,0],"texture":"#1"}}},{"from":[8,12,4],"to":[8,21,32],"faces":{"north":{"uv":[0,0,0,3],"texture":"#3"},"east":{"uv":[0,13.75,7,16],"texture":"#3"},"south":{"uv":[0,0,0,3],"texture":"#3"},"west":{"uv":[7,13.75,0,16],"texture":"#3"},"up":{"uv":[0,0,0,9.25],"texture":"#3"},"down":{"uv":[0,0,0,9.25],"texture":"#3"}}},{"from":[7.52,13.48,1.6],"to":[7.52,27.32,29.44],"rotation":{"angle":0,"axis":"y","origin":[7.52,15.4,9.52]},"faces":{"north":{"uv":[8,0,0,0],"rotation":90,"texture":"#2"},"east":{"uv":[8,0,16,16],"rotation":270,"texture":"#2"},"south":{"uv":[8,0,0,0],"rotation":90,"texture":"#2"},"west":{"uv":[8,16,16,0],"rotation":270,"texture":"#2"},"up":{"uv":[0,0,0,8],"rotation":180,"texture":"#2"},"down":{"uv":[0,0,0,8],"texture":"#2"}}}],"gui_light":"front","display":{"thirdperson_righthand":{"rotation":[0,180,0],"translation":[0,-1.25,1.5],"scale":[0.5,0.5,0.5]},"thirdperson_lefthand":{"rotation":[0,180,0],"translation":[0,-1.25,1.5],"scale":[0.5,0.5,0.5]},"firstperson_righthand":{"rotation":[-172.5,-1.75,-179.9],"translation":[4.5,-4,-3.5],"scale":[0.85742,0.85742,0.85742]},"firstperson_lefthand":{"rotation":[-172.5,-1.75,-179.9],"translation":[4.5,-4,-3.5],"scale":[0.85742,0.85742,0.85742]},"ground":{"rotation":[9.8,-2.03,-45.44],"translation":[-2.75,0.75,0],"scale":[0.54297,0.54297,0.54297]},"gui":{"rotation":[0,-90,0],"translation":[0,-2.5,0],"scale":[0.35547,0.35547,0.35547]},"head":{"rotation":[0,-88.75,0],"translation":[0,6.5,0],"scale":[0.72852,0.72852,0.72852]},"fixed":{"rotation":[0,90,0],"translation":[2,-2.75,-4.5],"scale":[1.19336,1.19336,1.19336]}}}