{"format_version":"1.16.0","minecraft:geometry":[{"description":{"identifier":"geometry.geyser_custom.geo_5dc3f71","texture_width":16,"texture_height":16,"visible_bounds_width":4,"visible_bounds_height":4.5,"visible_bounds_offset":[0,0.75,0]},"bones":[{"name":"geyser_custom","binding":"c.item_slot == 'head' ? 'head' : q.item_slot_to_bone_name(c.item_slot)","pivot":[0,8,0]},{"name":"geyser_custom_x","parent":"geyser_custom","pivot":[0,8,0]},{"name":"geyser_custom_y","parent":"geyser_custom_x","pivot":[0,8,0]},{"name":"geyser_custom_z","parent":"geyser_custom_y","pivot":[0,8,0],"cubes":[]},{"parent":"geyser_custom_z","pivot":[0,-0.5,0],"rotation":[45,0,0],"cubes":[{"origin":[-0.605,-1.105,-0.605],"size":[1.21,1.21,1.21],"pivot":[0,-0.5,0],"uv":{"north":{"uv":[8.1133,11.1752],"uv_size":[0.1367,0.1697]},"south":{"uv":[8.2244,9.1062],"uv_size":[0.1367,0.1697]},"east":{"uv":[6.2244,11.3131],"uv_size":[0.1367,0.1697]},"west":{"uv":[8.2244,9.3821],"uv_size":[0.1367,0.1697]},"up":{"uv":[8.2244,9.6579],"uv_size":[0.1367,0.1697]},"down":{"uv":[7.2244,11.48],"uv_size":[0.1367,-0.1697]}}},{"origin":[-0.805,-0.905,-0.405],"size":[1.61,0.81,0.81],"pivot":[0,-0.5,0],"uv":{"north":{"uv":[8.2249,10.8982],"uv_size":[0.164,0.1018]},"south":{"uv":[8.2249,11.0361],"uv_size":[0.164,0.1018]},"east":{"uv":[8.4458,9.9327],"uv_size":[0.082,0.1018]},"west":{"uv":[7.2236,11.5879],"uv_size":[0.082,0.1018]},"up":{"uv":[8.336,8.8292],"uv_size":[0.164,0.1018]},"down":{"uv":[8.336,9.0673],"uv_size":[0.164,-0.1018]}}}],"name":"rot_1"},{"parent":"geyser_custom_z","pivot":[0,13.5,0],"rotation":[45,0,0],"cubes":[{"origin":[-0.5,12,-1.5],"size":[1,3,3],"pivot":[0,13.5,0],"uv":{"north":{"uv":[7.7796,8.8342],"uv_size":[0.1093,0.4072]},"south":{"uv":[7.7796,9.5239],"uv_size":[0.1093,0.4072]},"east":{"uv":[7.1164,9.1101],"uv_size":[0.328,0.4072]},"west":{"uv":[7.1164,9.5239],"uv_size":[0.328,0.4072]},"up":{"uv":[7.1129,10.7652],"uv_size":[0.1093,0.4072]},"down":{"uv":[7.7796,10.3382],"uv_size":[0.1093,-0.4072]}}}],"name":"rot_2"},{"parent":"geyser_custom_z","pivot":[-0.001,6.5,-0.7929],"rotation":[45,0,0],"cubes":[{"origin":[-0.249,6,-1.2929],"size":[0.498,1,1],"pivot":[-0.001,6.5,-0.7929],"uv":{"north":{"uv":[7.6676,11.5884],"uv_size":[0.0547,0.1357]},"south":{"uv":[8.4453,10.6229],"uv_size":[0.0547,0.1357]},"east":{"uv":[6.5573,11.5884],"uv_size":[0.1093,0.1357]},"west":{"uv":[8.4462,9.2436],"uv_size":[0.1093,0.1357]},"down":{"uv":[7.7787,11.7219],"uv_size":[0.0547,-0.1357]}}}],"name":"rot_3"},{"parent":"geyser_custom_z","pivot":[-0.001,7.7071,-1.5],"rotation":[45,0,0],"cubes":[{"origin":[-0.249,7.2071,-2],"size":[0.498,1,1],"pivot":[-0.001,7.7071,-1.5],"uv":{"north":{"uv":[8.4453,10.7608],"uv_size":[0.0547,0.1357]},"east":{"uv":[6.6684,11.5884],"uv_size":[0.1093,0.1357]},"west":{"uv":[8.4462,9.3815],"uv_size":[0.1093,0.1357]},"up":{"uv":[7.8898,11.5884],"uv_size":[0.0547,0.1357]}}}],"name":"rot_4"},{"parent":"geyser_custom_z","pivot":[-0.001,10.7071,-1.5],"rotation":[45,0,0],"cubes":[{"origin":[-0.249,10.2071,-2],"size":[0.498,1,1],"pivot":[-0.001,10.7071,-1.5],"uv":{"north":{"uv":[8.4453,10.8988],"uv_size":[0.0547,0.1357]},"east":{"uv":[8.4462,9.5194],"uv_size":[0.1093,0.1357]},"west":{"uv":[6.8907,11.5884],"uv_size":[0.1093,0.1357]},"up":{"uv":[8.0009,11.5884],"uv_size":[0.0547,0.1357]}}}],"name":"rot_5"},{"parent":"geyser_custom_z","pivot":[-0.001,11.25,1.4571],"rotation":[45,0,0],"cubes":[{"origin":[-0.999,10.75,0.9571],"size":[1.998,1,1],"pivot":[-0.001,11.25,1.4571],"uv":{"north":{"uv":[8.3298,10.485],"uv_size":[-0.2187,0.1357]},"south":{"uv":[7.7742,11.1746],"uv_size":[-0.2187,0.1357]},"east":{"uv":[8.4427,11.4505],"uv_size":[-0.1093,0.1357]},"west":{"uv":[6.3316,11.5884],"uv_size":[-0.1093,0.1357]},"down":{"uv":[8.1147,10.6229],"uv_size":[0.2187,0.1357]}}}],"name":"rot_6"},{"parent":"geyser_custom_z","pivot":[-0.001,14.25,1.0429],"rotation":[45,0,0],"cubes":[{"origin":[-0.999,13.75,0.5429],"size":[1.998,1,1],"pivot":[-0.001,14.25,1.0429],"uv":{"north":{"uv":[8.3298,10.2091],"uv_size":[-0.2187,0.1357]},"south":{"uv":[8.3298,10.0712],"uv_size":[-0.2187,0.1357]},"east":{"uv":[8.3316,11.4505],"uv_size":[-0.1093,0.1357]},"west":{"uv":[8.4427,11.3126],"uv_size":[-0.1093,0.1357]},"up":{"uv":[8.1147,10.4806],"uv_size":[0.2187,-0.1357]}}}],"name":"rot_7"},{"parent":"geyser_custom_z","pivot":[0.3,13.5,7],"rotation":[22.5,0,0],"cubes":[{"origin":[0.3,8,5],"size":[0,11,4],"pivot":[0.3,13.5,7],"uv":{"west":{"uv":[6.2293,4.9815],"uv_size":[0.4373,1.5012]}}}],"name":"rot_8"},{"parent":"geyser_custom_z","pivot":[0.25,7.5,-6.125],"rotation":[22.5,0,0],"cubes":[{"origin":[0.25,-2.5,-8],"size":[0,4.5,2.25],"pivot":[0.25,7.5,-6.125],"uv":{"west":{"uv":[7.004,4.9754],"uv_size":[0.246,0.6108]}}}],"name":"rot_9"},{"parent":"geyser_custom_z","pivot":[0.15,6.5,-6.875],"rotation":[22.5,0,0],"cubes":[{"origin":[0.15,4.5,-8],"size":[0,4.5,2.25],"pivot":[0.15,6.5,-6.875],"uv":{"west":{"uv":[7.254,4.9754],"uv_size":[0.246,0.6108]}}}],"name":"rot_10"},{"parent":"geyser_custom_z","pivot":[0.025,-1.5,2.5],"rotation":[22.5,0,0],"cubes":[{"origin":[-0.025,-1.5,0.5],"size":[0.05,2,5],"pivot":[0.025,-1.5,2.5],"uv":{"east":{"uv":[7.12,8.832],"uv_size":[0.5467,0.2714]},"west":{"uv":[7.6578,8.832],"uv_size":[-0.5467,0.2714]}}}],"name":"rot_11"},{"parent":"geyser_custom_z","pivot":[0,-1,1.6],"rotation":[22.5,0,0],"cubes":[{"origin":[-0.5,-1.5,0.6],"size":[1,1,2],"pivot":[0,-1,1.6],"uv":{"north":{"uv":[6.6649,11.4505],"uv_size":[-0.1093,0.1357]},"south":{"uv":[7.9982,9.1057],"uv_size":[-0.1093,0.1357]},"east":{"uv":[8.2187,9.3815],"uv_size":[-0.2187,0.1357]},"west":{"uv":[8.3298,8.8298],"uv_size":[-0.2187,0.1357]},"up":{"uv":[6.5573,11.4439],"uv_size":[0.1093,-0.2714]},"down":{"uv":[8.1129,9.5217],"uv_size":[0.1093,0.2714]}}}],"name":"rot_12"},{"parent":"geyser_custom_z","pivot":[0,-0.75,-0.975],"rotation":[22.5,0,0],"cubes":[{"origin":[-0.25,-1.25,-1.475],"size":[0.5,1,1.5],"pivot":[0,-0.75,-0.975],"uv":{"east":{"uv":[8.2249,9.9332],"uv_size":[0.164,0.1357]},"west":{"uv":[7.7804,11.3126],"uv_size":[0.164,0.1357]},"up":{"uv":[8.4453,9.6585],"uv_size":[0.0547,0.2036]},"down":{"uv":[7.0009,11.7898],"uv_size":[0.0547,-0.2036]}}}],"name":"rot_13"},{"parent":"geyser_custom_z","pivot":[0,12.9673,2.426],"rotation":[22.5,0,0],"cubes":[{"origin":[-0.25,13.2173,3.676],"size":[0.5,1,0.5],"pivot":[0,12.9673,2.426],"uv":{"north":{"uv":[7.4991,11.5884],"uv_size":[-0.0547,0.1357]},"south":{"uv":[7.388,11.5884],"uv_size":[-0.0547,0.1357]},"east":{"uv":[8.4991,10.2091],"uv_size":[-0.0547,0.1357]},"west":{"uv":[8.4991,10.347],"uv_size":[-0.0547,0.1357]},"up":{"uv":[8.112,11.6541],"uv_size":[0.0547,-0.0679]}}}],"name":"rot_14"},{"parent":"geyser_custom_z","pivot":[0,13.35,-3],"rotation":[22.5,0,0],"cubes":[{"origin":[-0.5,12.6,-3.5],"size":[1,1,2],"pivot":[0,13.35,-3],"uv":{"north":{"uv":[6.3351,11.5884],"uv_size":[0.1093,0.1357]},"south":{"uv":[6.4462,11.5884],"uv_size":[0.1093,0.1357]},"east":{"uv":[7.7813,11.1746],"uv_size":[0.2187,0.1357]},"west":{"uv":[8.1147,10.7608],"uv_size":[0.2187,0.1357]},"up":{"uv":[8.1129,10.901],"uv_size":[0.1093,0.2714]},"down":{"uv":[8.0018,11.4439],"uv_size":[0.1093,-0.2714]}}}],"name":"rot_15"},{"parent":"geyser_custom_z","pivot":[-0.001,12.9673,2.426],"rotation":[22.5,0,0],"cubes":[{"origin":[-0.499,12.2173,2.926],"size":[0.998,1,3],"pivot":[-0.001,12.9673,2.426],"uv":{"south":{"uv":[8.5538,9.1057],"uv_size":[-0.1093,0.1357]},"east":{"uv":[7.9947,9.2436],"uv_size":[-0.328,0.1357]},"west":{"uv":[7.9947,9.3815],"uv_size":[-0.328,0.1357]},"up":{"uv":[7.6684,9.9244],"uv_size":[0.1093,-0.4072]},"down":{"uv":[7.6684,10.4894],"uv_size":[0.1093,0.4072]}}}],"name":"rot_16"},{"parent":"geyser_custom_z","pivot":[-0.001,14.1386,-3.835],"rotation":[22.5,0,0],"cubes":[{"origin":[-0.249,13.9136,-4.76],"size":[0.498,0.725,1.425],"pivot":[-0.001,14.1386,-3.835],"uv":{"north":{"uv":[8.4453,11.0361],"uv_size":[0.0547,0.1018]},"east":{"uv":[6.8916,11.4499],"uv_size":[0.164,0.1018]},"west":{"uv":[8.336,10.0706],"uv_size":[0.164,0.1018]},"up":{"uv":[7.112,11.5895],"uv_size":[0.0547,0.2036]}}}],"name":"rot_17"},{"parent":"geyser_custom_z","pivot":[-0.0015,-1,-3.0651],"rotation":[22.5,0,0],"cubes":[{"origin":[-0.4985,-1.5,-3.0651],"size":[0.997,1,1],"pivot":[-0.0015,-1,-3.0651],"uv":{"north":{"uv":[7.1129,11.4505],"uv_size":[0.1093,0.1357]},"east":{"uv":[8.3351,10.2091],"uv_size":[0.1093,0.1357]},"west":{"uv":[7.4462,11.4505],"uv_size":[0.1093,0.1357]},"up":{"uv":[8.3351,10.347],"uv_size":[0.1093,0.1357]},"down":{"uv":[8.3351,10.6185],"uv_size":[0.1093,-0.1357]}}}],"name":"rot_18"},{"parent":"geyser_custom_z","pivot":[-0.15,6.5,-6.875],"rotation":[22.5,0,0],"cubes":[{"origin":[-0.15,4.5,-8],"size":[0,4.5,2.25],"pivot":[-0.15,6.5,-6.875],"uv":{"east":{"uv":[7.496,4.9754],"uv_size":[-0.246,0.6108]}}}],"name":"rot_19"},{"parent":"geyser_custom_z","pivot":[-0.25,7.5,-6.125],"rotation":[22.5,0,0],"cubes":[{"origin":[-0.25,-2.5,-8],"size":[0,4.5,2.25],"pivot":[-0.25,7.5,-6.125],"uv":{"east":{"uv":[7.246,4.9754],"uv_size":[-0.246,0.6108]}}}],"name":"rot_20"},{"parent":"geyser_custom_z","pivot":[-0.3,13.5,7],"rotation":[22.5,0,0],"cubes":[{"origin":[-0.3,8,5],"size":[0,11,4],"pivot":[-0.3,13.5,7],"uv":{"east":{"uv":[6.6596,4.9815],"uv_size":[-0.4373,1.5012]}}}],"name":"rot_21"},{"parent":"geyser_custom_z","pivot":[1.25,6,0],"rotation":[-0,0,0],"cubes":[{"origin":[1.1,9.5,-2.5],"size":[0,5,5],"pivot":[1.25,6,0],"uv":{"west":{"uv":[12.4533,9.9421],"uv_size":[0.5467,0.6786]}}}],"name":"rot_22"},{"parent":"geyser_custom_z","pivot":[-1.25,6,0],"rotation":[-0,0,0],"cubes":[{"origin":[-1.1,9.5,-2.5],"size":[0,5,5],"pivot":[-1.25,6,0],"uv":{"east":{"uv":[12.9911,9.9421],"uv_size":[-0.5467,0.6786]}}}],"name":"rot_23"},{"parent":"geyser_custom_z","pivot":[1,6,-0.75],"rotation":[0,-0,0],"cubes":[{"origin":[-1,11.25,-1.75],"size":[2,3,1],"pivot":[1,6,-0.75],"uv":{"north":{"uv":[8.0869,11.7308],"uv_size":[0.2187,0.4072]},"south":{"uv":[8.3091,11.7308],"uv_size":[0.2187,0.4072]},"east":{"uv":[7.5573,10.4894],"uv_size":[0.1093,0.4072]},"west":{"uv":[7.6684,8.8342],"uv_size":[0.1093,0.4072]},"up":{"uv":[8.1147,8.9677],"uv_size":[0.2187,0.1357]},"down":{"uv":[7.2258,11.3081],"uv_size":[0.2187,-0.1357]}}}],"name":"rot_24"},{"parent":"geyser_custom_z","pivot":[1,6,0.75],"rotation":[0,-0,0],"cubes":[{"origin":[-1,11.25,0.75],"size":[2,3,1],"pivot":[1,6,0.75],"uv":{"north":{"uv":[8.5242,11.7308],"uv_size":[-0.2187,0.4072]},"south":{"uv":[8.302,11.7308],"uv_size":[-0.2187,0.4072]},"east":{"uv":[7.6649,10.4894],"uv_size":[-0.1093,0.4072]},"west":{"uv":[7.776,8.8342],"uv_size":[-0.1093,0.4072]},"up":{"uv":[8.1147,9.1012],"uv_size":[0.2187,-0.1357]},"down":{"uv":[7.2258,11.1746],"uv_size":[0.2187,0.1357]}}}],"name":"rot_25"},{"parent":"geyser_custom_z","pivot":[0.75,20,-8],"rotation":[0,-0,0],"cubes":[{"origin":[-0.25,6.5,-1.5],"size":[0.5,5,1],"pivot":[0.75,20,-8],"uv":{"north":{"uv":[7.4453,10.7697],"uv_size":[0.0547,0.6786]},"south":{"uv":[6.6676,10.9076],"uv_size":[0.0547,0.6786]},"east":{"uv":[8.5851,9.6662],"uv_size":[0.1093,0.6786]},"west":{"uv":[8.6962,9.6662],"uv_size":[0.1093,0.6786]},"up":{"uv":[7.5564,11.5884],"uv_size":[0.0547,0.1357]},"down":{"uv":[8.4453,10.6185],"uv_size":[0.0547,-0.1357]}}}],"name":"rot_26"},{"parent":"geyser_custom_z","pivot":[0.75,20,8],"rotation":[0,-0,0],"cubes":[{"origin":[-0.25,6.5,0.5],"size":[0.5,5,1],"pivot":[0.75,20,8],"uv":{"north":{"uv":[6.7213,10.9076],"uv_size":[-0.0547,0.6786]},"south":{"uv":[7.4991,10.7697],"uv_size":[-0.0547,0.6786]},"east":{"uv":[8.6927,9.6662],"uv_size":[-0.1093,0.6786]},"west":{"uv":[8.8038,9.6662],"uv_size":[-0.1093,0.6786]},"up":{"uv":[7.5564,11.7219],"uv_size":[0.0547,-0.1357]},"down":{"uv":[8.4453,10.485],"uv_size":[0.0547,0.1357]}}}],"name":"rot_27"},{"parent":"geyser_custom_z","pivot":[0.748,23.2071,-8.7071],"rotation":[0,-0,0],"cubes":[{"origin":[-0.248,7.7071,-2.2071],"size":[0.496,3,1],"pivot":[0.748,23.2071,-8.7071],"uv":{"north":{"uv":[6.7787,11.317],"uv_size":[0.0547,0.4072]},"east":{"uv":[7.224,10.7652],"uv_size":[0.1093,0.4072]},"west":{"uv":[7.3351,10.7652],"uv_size":[0.1093,0.4072]}}}],"name":"rot_28"},{"parent":"geyser_custom_z","pivot":[0.748,23.2071,8.7071],"rotation":[0,-0,0],"cubes":[{"origin":[-0.248,7.7071,1.2071],"size":[0.496,3,1],"pivot":[0.748,23.2071,8.7071],"uv":{"south":{"uv":[6.8324,11.317],"uv_size":[-0.0547,0.4072]},"east":{"uv":[7.3316,10.7652],"uv_size":[-0.1093,0.4072]},"west":{"uv":[7.4427,10.7652],"uv_size":[-0.1093,0.4072]}}}],"name":"rot_29"},{"parent":"geyser_custom_z","pivot":[0.5,-0.25,-0.5],"rotation":[0,-0,0],"cubes":[{"origin":[-0.5,-0.25,-0.5],"size":[1,1,1],"pivot":[0.5,-0.25,-0.5],"uv":{"north":{"uv":[8.3351,10.6229],"uv_size":[0.1093,0.1357]},"south":{"uv":[8.3351,10.7608],"uv_size":[0.1093,0.1357]},"east":{"uv":[7.7796,11.4505],"uv_size":[0.1093,0.1357]},"west":{"uv":[7.8907,11.4505],"uv_size":[0.1093,0.1357]},"up":{"uv":[8.0018,11.4505],"uv_size":[0.1093,0.1357]},"down":{"uv":[8.1129,11.584],"uv_size":[0.1093,-0.1357]}}}],"name":"rot_30"},{"parent":"geyser_custom_z","pivot":[0.5,1.65,-0.5],"rotation":[0,-0,0],"cubes":[{"origin":[-0.4,0.75,-0.4],"size":[0.8,2.8,0.8],"pivot":[0.5,1.65,-0.5],"uv":{"north":{"uv":[6.7791,10.9026],"uv_size":[0.082,0.3732]},"south":{"uv":[8.0013,10.7647],"uv_size":[0.082,0.3732]},"east":{"uv":[8.0013,10.3509],"uv_size":[0.082,0.3732]},"west":{"uv":[6.4458,11.1785],"uv_size":[0.082,0.3732]}}}],"name":"rot_31"},{"parent":"geyser_custom_z","pivot":[0.5,3.55,-0.5],"rotation":[0,-0,0],"cubes":[{"origin":[-0.5,3.55,-0.5],"size":[1,2,1],"pivot":[0.5,3.55,-0.5],"uv":{"north":{"uv":[6.8907,11.1768],"uv_size":[0.1093,0.2714]},"south":{"uv":[8.1129,9.7975],"uv_size":[0.1093,0.2714]},"east":{"uv":[7.0018,11.1768],"uv_size":[0.1093,0.2714]},"west":{"uv":[7.1129,11.1768],"uv_size":[0.1093,0.2714]},"down":{"uv":[8.3351,11.3081],"uv_size":[0.1093,-0.1357]}}}],"name":"rot_32"},{"parent":"geyser_custom_z","pivot":[0.5,5.55,-0.5],"rotation":[0,-0,0],"cubes":[{"origin":[-0.575,5.55,-0.575],"size":[1.15,5.7,1.15],"pivot":[0.5,5.55,-0.5],"uv":{"north":{"uv":[7.1133,9.9437],"uv_size":[0.1367,0.7804]},"south":{"uv":[7.4467,9.1161],"uv_size":[0.1367,0.7804]},"east":{"uv":[7.3356,9.9437],"uv_size":[0.1367,0.7804]},"west":{"uv":[8.5856,8.8403],"uv_size":[0.1367,0.7804]},"down":{"uv":[7.5578,11.48],"uv_size":[0.1367,-0.1697]}}}],"name":"rot_33"},{"parent":"geyser_custom_z","pivot":[0.025,0,-8],"rotation":[0,-0,0],"cubes":[{"origin":[-0.025,5,-9],"size":[0.05,12,7.5],"pivot":[0.025,0,-8],"uv":{"east":{"uv":[7.0422,8.8436],"uv_size":[-0.82,1.6392]},"west":{"uv":[6.2356,8.8436],"uv_size":[0.82,1.6392]}}}],"name":"rot_34"},{"parent":"geyser_custom_z","pivot":[0.025,0,8],"rotation":[0,-0,0],"cubes":[{"origin":[-0.025,5,1.5],"size":[0.05,12,7.5],"pivot":[0.025,0,8],"uv":{"east":{"uv":[6.2356,8.8436],"uv_size":[0.82,1.6392]},"west":{"uv":[7.0422,8.8436],"uv_size":[-0.82,1.6392]}}}],"name":"rot_35"},{"parent":"geyser_custom_z","pivot":[0.3,13.5,-7],"rotation":[-22.5,0,0],"cubes":[{"origin":[0.3,8,-9],"size":[0,11,4],"pivot":[0.3,13.5,-7],"uv":{"west":{"uv":[6.6596,4.9815],"uv_size":[-0.4373,1.5012]}}}],"name":"rot_36"},{"parent":"geyser_custom_z","pivot":[0.25,7.5,6.125],"rotation":[-22.5,0,0],"cubes":[{"origin":[0.25,-2.5,5.75],"size":[0,4.5,2.25],"pivot":[0.25,7.5,6.125],"uv":{"west":{"uv":[7.246,4.9754],"uv_size":[-0.246,0.6108]}}}],"name":"rot_37"},{"parent":"geyser_custom_z","pivot":[0.15,6.5,6.875],"rotation":[-22.5,0,0],"cubes":[{"origin":[0.15,4.5,5.75],"size":[0,4.5,2.25],"pivot":[0.15,6.5,6.875],"uv":{"west":{"uv":[7.496,4.9754],"uv_size":[-0.246,0.6108]}}}],"name":"rot_38"},{"parent":"geyser_custom_z","pivot":[0.025,-1.5,-2.5],"rotation":[-22.5,0,0],"cubes":[{"origin":[-0.025,-1.5,-5.5],"size":[0.05,2,5],"pivot":[0.025,-1.5,-2.5],"uv":{"east":{"uv":[7.6578,8.832],"uv_size":[-0.5467,0.2714]},"west":{"uv":[7.12,8.832],"uv_size":[0.5467,0.2714]}}}],"name":"rot_39"},{"parent":"geyser_custom_z","pivot":[0,-1,-1.6],"rotation":[-22.5,0,0],"cubes":[{"origin":[-0.5,-1.5,-2.6],"size":[1,1,2],"pivot":[0,-1,-1.6],"uv":{"north":{"uv":[7.8907,9.1057],"uv_size":[0.1093,0.1357]},"south":{"uv":[6.5573,11.4505],"uv_size":[0.1093,0.1357]},"east":{"uv":[8.0036,9.3815],"uv_size":[0.2187,0.1357]},"west":{"uv":[8.1147,8.8298],"uv_size":[0.2187,0.1357]},"up":{"uv":[6.5573,11.1768],"uv_size":[0.1093,0.2714]},"down":{"uv":[8.1129,9.7887],"uv_size":[0.1093,-0.2714]}}}],"name":"rot_40"},{"parent":"geyser_custom_z","pivot":[0,-0.75,0.975],"rotation":[-22.5,0,0],"cubes":[{"origin":[-0.25,-1.25,-0.025],"size":[0.5,1,1.5],"pivot":[0,-0.75,0.975],"uv":{"east":{"uv":[8.3862,9.9332],"uv_size":[-0.164,0.1357]},"west":{"uv":[7.9418,11.3126],"uv_size":[-0.164,0.1357]},"up":{"uv":[8.4453,9.8588],"uv_size":[0.0547,-0.2036]},"down":{"uv":[7.0009,11.5895],"uv_size":[0.0547,0.2036]}}}],"name":"rot_41"},{"parent":"geyser_custom_z","pivot":[0,12.9673,-2.426],"rotation":[-22.5,0,0],"cubes":[{"origin":[-0.25,13.2173,-4.176],"size":[0.5,1,0.5],"pivot":[0,12.9673,-2.426],"uv":{"north":{"uv":[7.3342,11.5884],"uv_size":[0.0547,0.1357]},"south":{"uv":[7.4453,11.5884],"uv_size":[0.0547,0.1357]},"east":{"uv":[8.4453,10.2091],"uv_size":[0.0547,0.1357]},"west":{"uv":[8.4453,10.347],"uv_size":[0.0547,0.1357]},"up":{"uv":[8.112,11.5873],"uv_size":[0.0547,0.0679]}}}],"name":"rot_42"},{"parent":"geyser_custom_z","pivot":[0,13.35,3],"rotation":[-22.5,0,0],"cubes":[{"origin":[-0.5,12.6,1.5],"size":[1,1,2],"pivot":[0,13.35,3],"uv":{"north":{"uv":[6.5538,11.5884],"uv_size":[-0.1093,0.1357]},"south":{"uv":[6.4427,11.5884],"uv_size":[-0.1093,0.1357]},"east":{"uv":[7.9964,11.1746],"uv_size":[-0.2187,0.1357]},"west":{"uv":[8.3298,10.7608],"uv_size":[-0.2187,0.1357]},"up":{"uv":[8.1129,11.168],"uv_size":[0.1093,-0.2714]},"down":{"uv":[8.0018,11.1768],"uv_size":[0.1093,0.2714]}}}],"name":"rot_43"},{"parent":"geyser_custom_z","pivot":[-0.001,12.9673,-2.426],"rotation":[-22.5,0,0],"cubes":[{"origin":[-0.499,12.2173,-5.926],"size":[0.998,1,3],"pivot":[-0.001,12.9673,-2.426],"uv":{"north":{"uv":[8.4462,9.1057],"uv_size":[0.1093,0.1357]},"east":{"uv":[7.672,9.2436],"uv_size":[0.328,0.1357]},"west":{"uv":[7.672,9.3815],"uv_size":[0.328,0.1357]},"up":{"uv":[7.6684,9.5239],"uv_size":[0.1093,0.4072]},"down":{"uv":[7.6684,10.8899],"uv_size":[0.1093,-0.4072]}}}],"name":"rot_44"},{"parent":"geyser_custom_z","pivot":[-0.001,14.1386,3.835],"rotation":[-22.5,0,0],"cubes":[{"origin":[-0.249,13.9136,3.335],"size":[0.498,0.725,1.425],"pivot":[-0.001,14.1386,3.835],"uv":{"south":{"uv":[8.4991,11.0361],"uv_size":[-0.0547,0.1018]},"east":{"uv":[7.0529,11.4499],"uv_size":[-0.164,0.1018]},"west":{"uv":[8.4973,10.0706],"uv_size":[-0.164,0.1018]},"up":{"uv":[7.112,11.7898],"uv_size":[0.0547,-0.2036]}}}],"name":"rot_45"},{"parent":"geyser_custom_z","pivot":[-0.0015,-1,3.0651],"rotation":[-22.5,0,0],"cubes":[{"origin":[-0.4985,-1.5,2.0651],"size":[0.997,1,1],"pivot":[-0.0015,-1,3.0651],"uv":{"south":{"uv":[7.2204,11.4505],"uv_size":[-0.1093,0.1357]},"east":{"uv":[8.4427,10.2091],"uv_size":[-0.1093,0.1357]},"west":{"uv":[7.5538,11.4505],"uv_size":[-0.1093,0.1357]},"up":{"uv":[8.3351,10.4806],"uv_size":[0.1093,-0.1357]},"down":{"uv":[8.3351,10.485],"uv_size":[0.1093,0.1357]}}}],"name":"rot_46"},{"parent":"geyser_custom_z","pivot":[-0.15,6.5,6.875],"rotation":[-22.5,0,0],"cubes":[{"origin":[-0.15,4.5,5.75],"size":[0,4.5,2.25],"pivot":[-0.15,6.5,6.875],"uv":{"east":{"uv":[7.254,4.9754],"uv_size":[0.246,0.6108]}}}],"name":"rot_47"},{"parent":"geyser_custom_z","pivot":[-0.25,7.5,6.125],"rotation":[-22.5,0,0],"cubes":[{"origin":[-0.25,-2.5,5.75],"size":[0,4.5,2.25],"pivot":[-0.25,7.5,6.125],"uv":{"east":{"uv":[7.004,4.9754],"uv_size":[0.246,0.6108]}}}],"name":"rot_48"},{"parent":"geyser_custom_z","pivot":[-0.3,13.5,-7],"rotation":[-22.5,0,0],"cubes":[{"origin":[-0.3,8,-9],"size":[0,11,4],"pivot":[-0.3,13.5,-7],"uv":{"east":{"uv":[6.2293,4.9815],"uv_size":[0.4373,1.5012]}}}],"name":"rot_49"},{"parent":"geyser_custom_z","pivot":[0,12,0],"rotation":[-45,0,0],"cubes":[{"origin":[-0.6,11,-1],"size":[1.2,2,2],"pivot":[0,12,0],"uv":{"north":{"uv":[7.78,10.3492],"uv_size":[0.1367,0.2714]},"south":{"uv":[7.78,10.6251],"uv_size":[0.1367,0.2714]},"east":{"uv":[7.5591,9.9354],"uv_size":[0.2187,0.2714]},"west":{"uv":[7.5591,10.2113],"uv_size":[0.2187,0.2714]},"up":{"uv":[7.8911,8.832],"uv_size":[0.1367,0.2714]},"down":{"uv":[6.4467,11.168],"uv_size":[0.1367,-0.2714]}}},{"origin":[-0.8,11.2,-0.8],"size":[1.6,1.6,1.6],"pivot":[0,12,0],"uv":{"north":{"uv":[7.8916,9.5206],"uv_size":[0.164,0.2036]},"south":{"uv":[7.8916,10.0723],"uv_size":[0.164,0.2036]},"east":{"uv":[7.8916,9.7964],"uv_size":[0.164,0.2036]},"west":{"uv":[7.5582,10.8999],"uv_size":[0.164,0.2036]},"up":{"uv":[7.7804,10.8999],"uv_size":[0.164,0.2036]},"down":{"uv":[8.0027,9.307],"uv_size":[0.164,-0.2036]}}}],"name":"rot_50"},{"parent":"geyser_custom_z","pivot":[-0.001,6.5,0.7929],"rotation":[-45,0,0],"cubes":[{"origin":[-0.249,6,0.2929],"size":[0.498,1,1],"pivot":[-0.001,6.5,0.7929],"uv":{"north":{"uv":[8.4991,10.6229],"uv_size":[-0.0547,0.1357]},"south":{"uv":[7.7213,11.5884],"uv_size":[-0.0547,0.1357]},"east":{"uv":[6.6649,11.5884],"uv_size":[-0.1093,0.1357]},"west":{"uv":[8.5538,9.2436],"uv_size":[-0.1093,0.1357]},"down":{"uv":[7.7787,11.5884],"uv_size":[0.0547,0.1357]}}}],"name":"rot_51"},{"parent":"geyser_custom_z","pivot":[-0.001,7.7071,1.5],"rotation":[-45,0,0],"cubes":[{"origin":[-0.249,7.2071,1],"size":[0.498,1,1],"pivot":[-0.001,7.7071,1.5],"uv":{"south":{"uv":[8.4991,10.7608],"uv_size":[-0.0547,0.1357]},"east":{"uv":[6.776,11.5884],"uv_size":[-0.1093,0.1357]},"west":{"uv":[8.5538,9.3815],"uv_size":[-0.1093,0.1357]},"up":{"uv":[7.8898,11.7219],"uv_size":[0.0547,-0.1357]}}}],"name":"rot_52"},{"parent":"geyser_custom_z","pivot":[-0.001,10.7071,1.5],"rotation":[-45,0,0],"cubes":[{"origin":[-0.249,10.2071,1],"size":[0.498,1,1],"pivot":[-0.001,10.7071,1.5],"uv":{"south":{"uv":[8.4991,10.8988],"uv_size":[-0.0547,0.1357]},"east":{"uv":[8.5538,9.5194],"uv_size":[-0.1093,0.1357]},"west":{"uv":[6.9982,11.5884],"uv_size":[-0.1093,0.1357]},"up":{"uv":[8.0009,11.7219],"uv_size":[0.0547,-0.1357]}}}],"name":"rot_53"},{"parent":"geyser_custom_z","pivot":[-0.001,11.25,-1.4571],"rotation":[-45,0,0],"cubes":[{"origin":[-0.999,10.75,-1.9571],"size":[1.998,1,1],"pivot":[-0.001,11.25,-1.4571],"uv":{"north":{"uv":[7.5591,11.1746],"uv_size":[0.2187,0.1357]},"south":{"uv":[8.1147,10.485],"uv_size":[0.2187,0.1357]},"east":{"uv":[8.3351,11.4505],"uv_size":[0.1093,0.1357]},"west":{"uv":[6.224,11.5884],"uv_size":[0.1093,0.1357]},"down":{"uv":[8.1147,10.7564],"uv_size":[0.2187,-0.1357]}}}],"name":"rot_54"},{"parent":"geyser_custom_z","pivot":[-0.001,14.25,-1.0429],"rotation":[-45,0,0],"cubes":[{"origin":[-0.999,13.75,-1.5429],"size":[1.998,1,1],"pivot":[-0.001,14.25,-1.0429],"uv":{"north":{"uv":[8.1147,10.0712],"uv_size":[0.2187,0.1357]},"south":{"uv":[8.1147,10.2091],"uv_size":[0.2187,0.1357]},"east":{"uv":[8.224,11.4505],"uv_size":[0.1093,0.1357]},"west":{"uv":[8.3351,11.3126],"uv_size":[0.1093,0.1357]},"up":{"uv":[8.1147,10.347],"uv_size":[0.2187,0.1357]}}}],"name":"rot_55"}]}]}
