{"format_version":"1.16.0","minecraft:geometry":[{"description":{"identifier":"geometry.geyser_custom.geo_9059a45","texture_width":16,"texture_height":16,"visible_bounds_width":4,"visible_bounds_height":4.5,"visible_bounds_offset":[0,0.75,0]},"bones":[{"name":"geyser_custom","binding":"c.item_slot == 'head' ? 'head' : q.item_slot_to_bone_name(c.item_slot)","pivot":[0,8,0]},{"name":"geyser_custom_x","parent":"geyser_custom","pivot":[0,8,0]},{"name":"geyser_custom_y","parent":"geyser_custom_x","pivot":[0,8,0]},{"name":"geyser_custom_z","parent":"geyser_custom_y","pivot":[0,8,0],"cubes":[]},{"parent":"geyser_custom_z","pivot":[0,7.75,-4],"rotation":[0,0,-45],"cubes":[{"origin":[-1.25,6.5,-4.5],"size":[2.5,2.5,1],"pivot":[0,7.75,-4],"uv":{"north":{"uv":[6.3378,2.0745],"uv_size":[0.2733,0.3393]},"south":{"uv":[6.3378,2.9021],"uv_size":[0.2733,0.3393]},"east":{"uv":[4.6684,3.04],"uv_size":[0.1093,0.3393]},"west":{"uv":[6.5573,3.3159],"uv_size":[0.1093,0.3393]},"up":{"uv":[6.6711,1.7953],"uv_size":[0.2733,0.1357]},"down":{"uv":[6.6711,2.4806],"uv_size":[0.2733,-0.1357]}}}],"name":"rot_1"},{"parent":"geyser_custom_z","pivot":[-5.25,5.575,0],"rotation":[0,0,-45],"cubes":[{"origin":[-6.5,5.15,-2],"size":[2.5,0.05,4],"pivot":[-5.25,5.575,0],"uv":{"up":{"uv":[6.6067,1.3881],"uv_size":[-0.2733,0.5429]},"down":{"uv":[6.6067,1.3881],"uv_size":[-0.2733,0.5429]}}}],"name":"rot_2"},{"parent":"geyser_custom_z","pivot":[8,-1.5,-8],"rotation":[0,-0,0],"cubes":[{"origin":[3,8.5,-4.5],"size":[1.5,1,1.5],"pivot":[8,-1.5,-8],"uv":{"north":{"uv":[5.4471,3.5884],"uv_size":[0.164,0.1357]},"south":{"uv":[6.8916,2.0712],"uv_size":[0.164,0.1357]},"east":{"uv":[5.6693,3.5884],"uv_size":[0.164,0.1357]},"west":{"uv":[6.8916,2.2091],"uv_size":[0.164,0.1357]},"up":{"uv":[6.6693,3.1757],"uv_size":[0.164,0.2036]},"down":{"uv":[6.7804,1.0312],"uv_size":[0.164,-0.2036]}}},{"origin":[3,9.5,-4],"size":[1,1,1],"pivot":[8,-1.5,-8],"uv":{"north":{"uv":[6.5573,1.2436],"uv_size":[0.1093,0.1357]},"south":{"uv":[6.0018,3.5884],"uv_size":[0.1093,0.1357]},"east":{"uv":[5.8907,3.5884],"uv_size":[0.1093,0.1357]},"west":{"uv":[6.3351,3.5884],"uv_size":[0.1093,0.1357]}}},{"origin":[3,10.5,-4],"size":[1,1,8],"pivot":[8,-1.5,-8],"uv":{"north":{"uv":[6.8907,2.8988],"uv_size":[0.1093,0.1357]},"south":{"uv":[6.4462,3.5884],"uv_size":[0.1093,0.1357]},"east":{"uv":[5.2364,2.8988],"uv_size":[0.8747,0.1357]},"west":{"uv":[6.3476,1.9332],"uv_size":[0.8747,0.1357]},"up":{"uv":[6.1129,2.9126],"uv_size":[0.1093,1.0874]},"down":{"uv":[6.224,3.984],"uv_size":[0.1093,-1.0874]}}}],"name":"rot_3"},{"parent":"geyser_custom_z","pivot":[8,-1.5,8],"rotation":[0,-0,0],"cubes":[{"origin":[3,9.5,3],"size":[1,1,1],"pivot":[8,-1.5,8],"uv":{"north":{"uv":[6.1093,3.5884],"uv_size":[-0.1093,0.1357]},"south":{"uv":[6.6649,1.2436],"uv_size":[-0.1093,0.1357]},"east":{"uv":[5.9982,3.5884],"uv_size":[-0.1093,0.1357]},"west":{"uv":[6.4427,3.5884],"uv_size":[-0.1093,0.1357]}}},{"origin":[3,8.5,3],"size":[1.5,1,1.5],"pivot":[8,-1.5,8],"uv":{"north":{"uv":[7.0529,2.0712],"uv_size":[-0.164,0.1357]},"south":{"uv":[5.6084,3.5884],"uv_size":[-0.164,0.1357]},"east":{"uv":[5.8307,3.5884],"uv_size":[-0.164,0.1357]},"west":{"uv":[7.0529,2.2091],"uv_size":[-0.164,0.1357]},"up":{"uv":[6.6693,3.376],"uv_size":[0.164,-0.2036]},"down":{"uv":[6.7804,0.8309],"uv_size":[0.164,0.2036]}}}],"name":"rot_4"},{"parent":"geyser_custom_z","pivot":[8,3.5,-8],"rotation":[0,-0,0],"cubes":[{"origin":[3,7.5,-5],"size":[2,1,2],"pivot":[8,3.5,-8],"uv":{"north":{"uv":[6.7813,1.1057],"uv_size":[0.2187,0.1357]},"south":{"uv":[6.6702,3.4505],"uv_size":[0.2187,0.1357]},"east":{"uv":[5.8924,3.4505],"uv_size":[0.2187,0.1357]},"west":{"uv":[4.0036,3.5884],"uv_size":[0.2187,0.1357]},"up":{"uv":[4.0036,3.3148],"uv_size":[0.2187,0.2714]},"down":{"uv":[4.2258,3.5818],"uv_size":[0.2187,-0.2714]}}},{"origin":[3,4.5,-4.5],"size":[1.5,3,1.5],"pivot":[8,3.5,-8],"uv":{"north":{"uv":[6.5582,0.8342],"uv_size":[0.164,0.4072]},"south":{"uv":[5.4471,3.179],"uv_size":[0.164,0.4072]},"east":{"uv":[5.2249,3.179],"uv_size":[0.164,0.4072]},"west":{"uv":[5.6693,3.179],"uv_size":[0.164,0.4072]}}},{"origin":[3,3.5,-5],"size":[2,1,2],"pivot":[8,3.5,-8],"uv":{"north":{"uv":[4.2258,3.5884],"uv_size":[0.2187,0.1357]},"south":{"uv":[6.8924,1.2436],"uv_size":[0.2187,0.1357]},"east":{"uv":[4.448,3.5884],"uv_size":[0.2187,0.1357]},"west":{"uv":[6.8924,1.3815],"uv_size":[0.2187,0.1357]},"up":{"uv":[4.448,3.3148],"uv_size":[0.2187,0.2714]},"down":{"uv":[6.6702,1.5128],"uv_size":[0.2187,-0.2714]}}},{"origin":[3,4.5,-4.75],"size":[1.75,3,0.05],"pivot":[8,3.5,-8],"uv":{"north":{"uv":[5.892,3.0411],"uv_size":[0.1913,0.4072]},"south":{"uv":[6.0802,3.0411],"uv_size":[-0.1913,0.4072]}}}],"name":"rot_5"},{"parent":"geyser_custom_z","pivot":[8,3.5,-1],"rotation":[0,-0,0],"cubes":[{"origin":[4.5,5,-1],"size":[0.5,2,2],"pivot":[8,3.5,-1],"uv":{"north":{"uv":[6.8898,3.0389],"uv_size":[0.0547,0.2714]},"south":{"uv":[6.6676,3.5906],"uv_size":[0.0547,0.2714]},"east":{"uv":[6.6702,1.5217],"uv_size":[0.2187,0.2714]},"west":{"uv":[6.6702,2.0734],"uv_size":[0.2187,0.2714]},"up":{"uv":[6.8898,3.3148],"uv_size":[0.0547,0.2714]},"down":{"uv":[6.7787,3.8577],"uv_size":[0.0547,-0.2714]}}},{"origin":[3.5,6.5,-1],"size":[1,0.5,2],"pivot":[8,3.5,-1],"uv":{"north":{"uv":[6.8907,3.5873],"uv_size":[0.1093,0.0679]},"south":{"uv":[4.0018,3.7252],"uv_size":[0.1093,0.0679]},"up":{"uv":[4.6684,3.4527],"uv_size":[0.1093,0.2714]},"down":{"uv":[5.224,3.8577],"uv_size":[0.1093,-0.2714]}}},{"origin":[3.5,5,-1],"size":[1,0.5,2],"pivot":[8,3.5,-1],"uv":{"north":{"uv":[4.1129,3.7252],"uv_size":[0.1093,0.0679]},"south":{"uv":[4.224,3.7252],"uv_size":[0.1093,0.0679]},"up":{"uv":[6.8907,1.5217],"uv_size":[0.1093,0.2714]},"down":{"uv":[5.3351,3.8577],"uv_size":[0.1093,-0.2714]}}}],"name":"rot_6"},{"parent":"geyser_custom_z","pivot":[8,3.5,8],"rotation":[0,-0,0],"cubes":[{"origin":[3,3.5,3],"size":[2,1,2],"pivot":[8,3.5,8],"uv":{"north":{"uv":[7.1076,1.2436],"uv_size":[-0.2187,0.1357]},"south":{"uv":[4.4409,3.5884],"uv_size":[-0.2187,0.1357]},"east":{"uv":[4.6631,3.5884],"uv_size":[-0.2187,0.1357]},"west":{"uv":[7.1076,1.3815],"uv_size":[-0.2187,0.1357]},"up":{"uv":[4.448,3.5818],"uv_size":[0.2187,-0.2714]},"down":{"uv":[6.6702,1.2458],"uv_size":[0.2187,0.2714]}}},{"origin":[3,4.5,3],"size":[1.5,3,1.5],"pivot":[8,3.5,8],"uv":{"north":{"uv":[5.6084,3.179],"uv_size":[-0.164,0.4072]},"south":{"uv":[6.7196,0.8342],"uv_size":[-0.164,0.4072]},"east":{"uv":[5.3862,3.179],"uv_size":[-0.164,0.4072]},"west":{"uv":[5.8307,3.179],"uv_size":[-0.164,0.4072]}}},{"origin":[3,7.5,3],"size":[2,1,2],"pivot":[8,3.5,8],"uv":{"north":{"uv":[6.8853,3.4505],"uv_size":[-0.2187,0.1357]},"south":{"uv":[6.9964,1.1057],"uv_size":[-0.2187,0.1357]},"east":{"uv":[6.1076,3.4505],"uv_size":[-0.2187,0.1357]},"west":{"uv":[4.2187,3.5884],"uv_size":[-0.2187,0.1357]},"up":{"uv":[4.0036,3.5818],"uv_size":[0.2187,-0.2714]},"down":{"uv":[4.2258,3.3148],"uv_size":[0.2187,0.2714]}}},{"origin":[3,4.5,4.7],"size":[1.75,3,0.05],"pivot":[8,3.5,8],"uv":{"north":{"uv":[5.892,3.0411],"uv_size":[0.1913,0.4072]},"south":{"uv":[6.0802,3.0411],"uv_size":[-0.1913,0.4072]}}}],"name":"rot_7"},{"parent":"geyser_custom_z","pivot":[6,3.475,-8],"rotation":[0,-0,0],"cubes":[{"origin":[5,3.975,-5],"size":[2,0.05,10],"pivot":[6,3.475,-8],"uv":{"up":{"uv":[4.7813,2.6367],"uv_size":[0.2187,1.3633]},"down":{"uv":[4.7813,2.6367],"uv_size":[0.2187,1.3633]}}}],"name":"rot_8"},{"parent":"geyser_custom_z","pivot":[2.725,6,-3.875],"rotation":[0,-0,0],"cubes":[{"origin":[4.7,4.5,-4.75],"size":[0.05,3,1.75],"pivot":[2.725,6,-3.875],"uv":{"east":{"uv":[5.892,3.0411],"uv_size":[0.1913,0.4072]},"west":{"uv":[6.0802,3.0411],"uv_size":[-0.1913,0.4072]}}}],"name":"rot_9"},{"parent":"geyser_custom_z","pivot":[2.725,6,3.875],"rotation":[0,-0,0],"cubes":[{"origin":[4.7,4.5,3],"size":[0.05,3,1.75],"pivot":[2.725,6,3.875],"uv":{"east":{"uv":[6.0802,3.0411],"uv_size":[-0.1913,0.4072]},"west":{"uv":[5.892,3.0411],"uv_size":[0.1913,0.4072]}}}],"name":"rot_10"},{"parent":"geyser_custom_z","pivot":[1,-1.5,-8],"rotation":[0,-0,0],"cubes":[{"origin":[-1,9.75,-4],"size":[2,2,8],"pivot":[1,-1.5,-8],"uv":{"north":{"uv":[6.3369,3.3148],"uv_size":[0.2187,0.2714]},"south":{"uv":[6.6702,2.901],"uv_size":[0.2187,0.2714]},"east":{"uv":[6.1253,2.6251],"uv_size":[0.8747,0.2714]},"west":{"uv":[6.3476,0.0044],"uv_size":[0.8747,0.2714]},"up":{"uv":[6.3369,0.2919],"uv_size":[0.2187,1.0874]},"down":{"uv":[5.0036,3.984],"uv_size":[0.2187,-1.0874]}}}],"name":"rot_11"},{"parent":"geyser_custom_z","pivot":[0,-1,0],"rotation":[0,-0,0],"cubes":[{"origin":[-3.5,8.25,-3.5],"size":[7,3,7],"pivot":[0,-1,0],"uv":{"north":{"uv":[5.568,1.3859],"uv_size":[0.7653,0.4072]},"south":{"uv":[5.568,2.2135],"uv_size":[0.7653,0.4072]},"east":{"uv":[5.568,1.7997],"uv_size":[0.7653,0.4072]},"west":{"uv":[4.0124,2.6273],"uv_size":[0.7653,0.4072]},"up":{"uv":[4.7902,0.0154],"uv_size":[0.7653,0.9501]},"down":{"uv":[4.7902,1.9156],"uv_size":[0.7653,-0.9501]}}}],"name":"rot_12"},{"parent":"geyser_custom_z","pivot":[0,4,0],"rotation":[0,-0,0],"cubes":[{"origin":[-3,3.5,-4],"size":[6,1,1],"pivot":[0,4,0],"uv":{"north":{"uv":[6.344,2.485],"uv_size":[0.656,0.1357]},"south":{"uv":[4.0107,3.0367],"uv_size":[0.656,0.1357]},"up":{"uv":[5.2329,3.0367],"uv_size":[0.656,0.1357]},"down":{"uv":[4.0107,3.3081],"uv_size":[0.656,-0.1357]}}},{"origin":[-3.5,4,-3.5],"size":[7,4.25,7],"pivot":[0,4,0],"uv":{"north":{"uv":[4.0124,1.9404],"uv_size":[0.7653,0.5768]},"south":{"uv":[5.568,0.699],"uv_size":[0.7653,0.5768]},"east":{"uv":[5.568,0.0094],"uv_size":[0.7653,0.5768]},"west":{"uv":[4.7902,1.9404],"uv_size":[0.7653,0.5768]},"up":{"uv":[4.0124,0.0154],"uv_size":[0.7653,0.9501]},"down":{"uv":[4.0124,1.9156],"uv_size":[0.7653,-0.9501]}}},{"origin":[-3,7.5,-4],"size":[6,1,1],"pivot":[0,4,0],"uv":{"north":{"uv":[6.5662,0.2781],"uv_size":[0.656,0.1357]},"south":{"uv":[6.5662,0.416],"uv_size":[0.656,0.1357]},"up":{"uv":[6.5662,0.5539],"uv_size":[0.656,0.1357]},"down":{"uv":[6.5662,0.8254],"uv_size":[0.656,-0.1357]}}},{"origin":[-3,3.5,3],"size":[6,1,1],"pivot":[0,4,0],"uv":{"north":{"uv":[4.656,3.0367],"uv_size":[-0.656,0.1357]},"south":{"uv":[6.9893,2.485],"uv_size":[-0.656,0.1357]},"up":{"uv":[5.2329,3.1702],"uv_size":[0.656,-0.1357]},"down":{"uv":[4.0107,3.1746],"uv_size":[0.656,0.1357]}}},{"origin":[3,3.5,-3],"size":[1,1,6],"pivot":[0,4,0],"uv":{"east":{"uv":[4.656,3.0367],"uv_size":[-0.656,0.1357]},"west":{"uv":[6.9893,2.485],"uv_size":[-0.656,0.1357]},"up":{"uv":[5.2329,3.1702],"uv_size":[0.656,-0.1357]},"down":{"uv":[4.0107,3.1746],"uv_size":[0.656,0.1357]}}},{"origin":[-4,3.5,-3],"size":[1,1,6],"pivot":[0,4,0],"uv":{"east":{"uv":[6.344,2.485],"uv_size":[0.656,0.1357]},"west":{"uv":[4.0107,3.0367],"uv_size":[0.656,0.1357]},"up":{"uv":[5.2329,3.0367],"uv_size":[0.656,0.1357]},"down":{"uv":[4.0107,3.3081],"uv_size":[0.656,-0.1357]}}},{"origin":[-3,7.5,3],"size":[6,1,1],"pivot":[0,4,0],"uv":{"north":{"uv":[7.2116,0.416],"uv_size":[-0.656,0.1357]},"south":{"uv":[7.2116,0.2781],"uv_size":[-0.656,0.1357]},"up":{"uv":[6.5662,0.6874],"uv_size":[0.656,-0.1357]},"down":{"uv":[6.5662,0.6919],"uv_size":[0.656,0.1357]}}}],"name":"rot_13"},{"parent":"geyser_custom_z","pivot":[0,8,0],"rotation":[0,-0,0],"cubes":[{"origin":[3,7.5,-3],"size":[1,1,6],"pivot":[0,8,0],"uv":{"east":{"uv":[7.2116,0.416],"uv_size":[-0.656,0.1357]},"west":{"uv":[7.2116,0.2781],"uv_size":[-0.656,0.1357]},"up":{"uv":[6.5662,0.6874],"uv_size":[0.656,-0.1357]},"down":{"uv":[6.5662,0.6919],"uv_size":[0.656,0.1357]}}},{"origin":[-4,7.5,-3],"size":[1,1,6],"pivot":[0,8,0],"uv":{"east":{"uv":[6.5662,0.2781],"uv_size":[0.656,0.1357]},"west":{"uv":[6.5662,0.416],"uv_size":[0.656,0.1357]},"up":{"uv":[6.5662,0.5539],"uv_size":[0.656,0.1357]},"down":{"uv":[6.5662,0.8254],"uv_size":[0.656,-0.1357]}}}],"name":"rot_14"},{"parent":"geyser_custom_z","pivot":[0,10.75,-4.25],"rotation":[0,-0,0],"cubes":[{"origin":[-2.5,8.25,-4.25],"size":[5,5,0],"pivot":[0,10.75,-4.25],"uv":{"north":{"uv":[12.4533,9.9421],"uv_size":[0.5467,0.6786]}}}],"name":"rot_15"},{"parent":"geyser_custom_z","pivot":[-2.725,6,-3.875],"rotation":[0,-0,0],"cubes":[{"origin":[-4.75,4.5,-4.75],"size":[0.05,3,1.75],"pivot":[-2.725,6,-3.875],"uv":{"east":{"uv":[5.892,3.0411],"uv_size":[0.1913,0.4072]},"west":{"uv":[6.0802,3.0411],"uv_size":[-0.1913,0.4072]}}}],"name":"rot_16"},{"parent":"geyser_custom_z","pivot":[-2.725,6,3.875],"rotation":[0,-0,0],"cubes":[{"origin":[-4.75,4.5,3],"size":[0.05,3,1.75],"pivot":[-2.725,6,3.875],"uv":{"east":{"uv":[6.0802,3.0411],"uv_size":[-0.1913,0.4072]},"west":{"uv":[5.892,3.0411],"uv_size":[0.1913,0.4072]}}}],"name":"rot_17"},{"parent":"geyser_custom_z","pivot":[-6,3.475,-8],"rotation":[0,-0,0],"cubes":[{"origin":[-7,3.975,-5],"size":[2,0.05,10],"pivot":[-6,3.475,-8],"uv":{"up":{"uv":[4.9964,2.6367],"uv_size":[-0.2187,1.3633]},"down":{"uv":[4.9964,2.6367],"uv_size":[-0.2187,1.3633]}}}],"name":"rot_18"},{"parent":"geyser_custom_z","pivot":[-8,-1.5,-8],"rotation":[0,-0,0],"cubes":[{"origin":[-4.5,8.5,-4.5],"size":[1.5,1,1.5],"pivot":[-8,-1.5,-8],"uv":{"north":{"uv":[5.6084,3.5884],"uv_size":[-0.164,0.1357]},"south":{"uv":[7.0529,2.0712],"uv_size":[-0.164,0.1357]},"east":{"uv":[7.0529,2.2091],"uv_size":[-0.164,0.1357]},"west":{"uv":[5.8307,3.5884],"uv_size":[-0.164,0.1357]},"up":{"uv":[6.8307,3.1757],"uv_size":[-0.164,0.2036]},"down":{"uv":[6.9418,1.0312],"uv_size":[-0.164,-0.2036]}}},{"origin":[-4,9.5,-4],"size":[1,1,1],"pivot":[-8,-1.5,-8],"uv":{"north":{"uv":[6.6649,1.2436],"uv_size":[-0.1093,0.1357]},"south":{"uv":[6.1093,3.5884],"uv_size":[-0.1093,0.1357]},"east":{"uv":[6.4427,3.5884],"uv_size":[-0.1093,0.1357]},"west":{"uv":[5.9982,3.5884],"uv_size":[-0.1093,0.1357]}}},{"origin":[-4,10.5,-4],"size":[1,1,8],"pivot":[-8,-1.5,-8],"uv":{"north":{"uv":[6.9982,2.8988],"uv_size":[-0.1093,0.1357]},"south":{"uv":[6.5538,3.5884],"uv_size":[-0.1093,0.1357]},"east":{"uv":[7.208,1.9332],"uv_size":[-0.8747,0.1357]},"west":{"uv":[6.0969,2.8988],"uv_size":[-0.8747,0.1357]},"up":{"uv":[6.2204,2.9126],"uv_size":[-0.1093,1.0874]},"down":{"uv":[6.3316,3.984],"uv_size":[-0.1093,-1.0874]}}}],"name":"rot_19"},{"parent":"geyser_custom_z","pivot":[-8,-1.5,8],"rotation":[0,-0,0],"cubes":[{"origin":[-4.5,8.5,3],"size":[1.5,1,1.5],"pivot":[-8,-1.5,8],"uv":{"north":{"uv":[6.8916,2.0712],"uv_size":[0.164,0.1357]},"south":{"uv":[5.4471,3.5884],"uv_size":[0.164,0.1357]},"east":{"uv":[6.8916,2.2091],"uv_size":[0.164,0.1357]},"west":{"uv":[5.6693,3.5884],"uv_size":[0.164,0.1357]},"up":{"uv":[6.8307,3.376],"uv_size":[-0.164,-0.2036]},"down":{"uv":[6.9418,0.8309],"uv_size":[-0.164,0.2036]}}},{"origin":[-4,9.5,3],"size":[1,1,1],"pivot":[-8,-1.5,8],"uv":{"north":{"uv":[6.0018,3.5884],"uv_size":[0.1093,0.1357]},"south":{"uv":[6.5573,1.2436],"uv_size":[0.1093,0.1357]},"east":{"uv":[6.3351,3.5884],"uv_size":[0.1093,0.1357]},"west":{"uv":[5.8907,3.5884],"uv_size":[0.1093,0.1357]}}}],"name":"rot_20"},{"parent":"geyser_custom_z","pivot":[-8,3.5,-8],"rotation":[0,-0,0],"cubes":[{"origin":[-5,3.5,-5],"size":[2,1,2],"pivot":[-8,3.5,-8],"uv":{"north":{"uv":[4.4409,3.5884],"uv_size":[-0.2187,0.1357]},"south":{"uv":[7.1076,1.2436],"uv_size":[-0.2187,0.1357]},"east":{"uv":[7.1076,1.3815],"uv_size":[-0.2187,0.1357]},"west":{"uv":[4.6631,3.5884],"uv_size":[-0.2187,0.1357]},"up":{"uv":[4.6631,3.3148],"uv_size":[-0.2187,0.2714]},"down":{"uv":[6.8853,1.5128],"uv_size":[-0.2187,-0.2714]}}},{"origin":[-4.5,4.5,-4.5],"size":[1.5,3,1.5],"pivot":[-8,3.5,-8],"uv":{"north":{"uv":[6.7196,0.8342],"uv_size":[-0.164,0.4072]},"south":{"uv":[5.6084,3.179],"uv_size":[-0.164,0.4072]},"east":{"uv":[5.8307,3.179],"uv_size":[-0.164,0.4072]},"west":{"uv":[5.3862,3.179],"uv_size":[-0.164,0.4072]}}},{"origin":[-5,7.5,-5],"size":[2,1,2],"pivot":[-8,3.5,-8],"uv":{"north":{"uv":[6.9964,1.1057],"uv_size":[-0.2187,0.1357]},"south":{"uv":[6.8853,3.4505],"uv_size":[-0.2187,0.1357]},"east":{"uv":[4.2187,3.5884],"uv_size":[-0.2187,0.1357]},"west":{"uv":[6.1076,3.4505],"uv_size":[-0.2187,0.1357]},"up":{"uv":[4.2187,3.3148],"uv_size":[-0.2187,0.2714]},"down":{"uv":[4.4409,3.5818],"uv_size":[-0.2187,-0.2714]}}},{"origin":[-4.75,4.5,-4.75],"size":[1.75,3,0.05],"pivot":[-8,3.5,-8],"uv":{"north":{"uv":[6.0802,3.0411],"uv_size":[-0.1913,0.4072]},"south":{"uv":[5.892,3.0411],"uv_size":[0.1913,0.4072]}}}],"name":"rot_21"},{"parent":"geyser_custom_z","pivot":[-8,3.5,-1],"rotation":[0,-0,0],"cubes":[{"origin":[-4.5,5,-1],"size":[1,0.5,2],"pivot":[-8,3.5,-1],"uv":{"north":{"uv":[4.2204,3.7252],"uv_size":[-0.1093,0.0679]},"south":{"uv":[4.3316,3.7252],"uv_size":[-0.1093,0.0679]},"up":{"uv":[6.9982,1.5217],"uv_size":[-0.1093,0.2714]},"down":{"uv":[5.4427,3.8577],"uv_size":[-0.1093,-0.2714]}}},{"origin":[-5,5,-1],"size":[0.5,2,2],"pivot":[-8,3.5,-1],"uv":{"north":{"uv":[6.9436,3.0389],"uv_size":[-0.0547,0.2714]},"south":{"uv":[6.7213,3.5906],"uv_size":[-0.0547,0.2714]},"east":{"uv":[6.8853,2.0734],"uv_size":[-0.2187,0.2714]},"west":{"uv":[6.8853,1.5217],"uv_size":[-0.2187,0.2714]},"up":{"uv":[6.9436,3.3148],"uv_size":[-0.0547,0.2714]},"down":{"uv":[6.8324,3.8577],"uv_size":[-0.0547,-0.2714]}}},{"origin":[-4.5,6.5,-1],"size":[1,0.5,2],"pivot":[-8,3.5,-1],"uv":{"north":{"uv":[6.9982,3.5873],"uv_size":[-0.1093,0.0679]},"south":{"uv":[4.1093,3.7252],"uv_size":[-0.1093,0.0679]},"up":{"uv":[4.776,3.4527],"uv_size":[-0.1093,0.2714]},"down":{"uv":[5.3316,3.8577],"uv_size":[-0.1093,-0.2714]}}}],"name":"rot_22"},{"parent":"geyser_custom_z","pivot":[-8,3.5,8],"rotation":[0,-0,0],"cubes":[{"origin":[-5,3.5,3],"size":[2,1,2],"pivot":[-8,3.5,8],"uv":{"north":{"uv":[6.8924,1.2436],"uv_size":[0.2187,0.1357]},"south":{"uv":[4.2258,3.5884],"uv_size":[0.2187,0.1357]},"east":{"uv":[6.8924,1.3815],"uv_size":[0.2187,0.1357]},"west":{"uv":[4.448,3.5884],"uv_size":[0.2187,0.1357]},"up":{"uv":[4.6631,3.5818],"uv_size":[-0.2187,-0.2714]},"down":{"uv":[6.8853,1.2458],"uv_size":[-0.2187,0.2714]}}},{"origin":[-4.5,4.5,3],"size":[1.5,3,1.5],"pivot":[-8,3.5,8],"uv":{"north":{"uv":[5.4471,3.179],"uv_size":[0.164,0.4072]},"south":{"uv":[6.5582,0.8342],"uv_size":[0.164,0.4072]},"east":{"uv":[5.6693,3.179],"uv_size":[0.164,0.4072]},"west":{"uv":[5.2249,3.179],"uv_size":[0.164,0.4072]}}},{"origin":[-5,7.5,3],"size":[2,1,2],"pivot":[-8,3.5,8],"uv":{"north":{"uv":[6.6702,3.4505],"uv_size":[0.2187,0.1357]},"south":{"uv":[6.7813,1.1057],"uv_size":[0.2187,0.1357]},"east":{"uv":[4.0036,3.5884],"uv_size":[0.2187,0.1357]},"west":{"uv":[5.8924,3.4505],"uv_size":[0.2187,0.1357]},"up":{"uv":[4.2187,3.5818],"uv_size":[-0.2187,-0.2714]},"down":{"uv":[4.4409,3.3148],"uv_size":[-0.2187,0.2714]}}},{"origin":[-4.75,4.5,4.7],"size":[1.75,3,0.05],"pivot":[-8,3.5,8],"uv":{"north":{"uv":[6.0802,3.0411],"uv_size":[-0.1913,0.4072]},"south":{"uv":[5.892,3.0411],"uv_size":[0.1913,0.4072]}}}],"name":"rot_23"},{"parent":"geyser_custom_z","pivot":[6.75,4.1661,-0.1368],"rotation":[0,0,0],"cubes":[{"origin":[5.25,4.1661,-4.6368],"size":[3,0,9],"pivot":[6.75,4.1661,-0.1368],"uv":{"up":{"uv":[6.672,6.1909],"uv_size":[0.328,-1.2254]}}}],"name":"rot_24"},{"parent":"geyser_custom_z","pivot":[5.975,9,0],"rotation":[0,0,0],"cubes":[{"origin":[-3.525,11,-5],"size":[0.05,2,10],"pivot":[5.975,9,0],"uv":{"east":{"uv":[6.0951,2.6251],"uv_size":[-1.0951,0.2714]},"west":{"uv":[6.0951,2.6251],"uv_size":[-1.0951,0.2714]}}}],"name":"rot_25"},{"parent":"geyser_custom_z","pivot":[3.6647,12.6,0],"rotation":[0,0,0],"cubes":[{"origin":[3.6147,10.6,-5.5],"size":[0.05,4,11],"pivot":[3.6647,12.6,0],"uv":{"east":{"uv":[6.6596,4.9815],"uv_size":[-0.4373,1.5012]},"west":{"uv":[6.2293,4.9815],"uv_size":[0.4373,1.5012]}}}],"name":"rot_26"},{"parent":"geyser_custom_z","pivot":[-3.6647,12.6,0],"rotation":[0,0,0],"cubes":[{"origin":[-3.6647,10.6,-5.5],"size":[0.05,4,11],"pivot":[-3.6647,12.6,0],"uv":{"east":{"uv":[6.2293,6.4668],"uv_size":[0.4373,-1.5012]},"west":{"uv":[6.6596,6.4668],"uv_size":[-0.4373,-1.5012]}}}],"name":"rot_27"},{"parent":"geyser_custom_z","pivot":[-5.975,9,0],"rotation":[0,0,0],"cubes":[{"origin":[3.475,11,-5],"size":[0.05,2,10],"pivot":[-5.975,9,0],"uv":{"east":{"uv":[5.016,2.6251],"uv_size":[1.0951,0.2714]},"west":{"uv":[5.016,2.6251],"uv_size":[1.0951,0.2714]}}}],"name":"rot_28"},{"parent":"geyser_custom_z","pivot":[-6.75,4.1661,-0.1368],"rotation":[0,0,0],"cubes":[{"origin":[-8.25,4.1661,-4.6368],"size":[3,0,9],"pivot":[-6.75,4.1661,-0.1368],"uv":{"up":{"uv":[6.9947,6.1909],"uv_size":[-0.328,-1.2254]}}}],"name":"rot_29"},{"parent":"geyser_custom_z","pivot":[5.25,5.575,0],"rotation":[0,0,45],"cubes":[{"origin":[4,5.15,-2],"size":[2.5,0.05,4],"pivot":[5.25,5.575,0],"uv":{"up":{"uv":[6.3378,1.3881],"uv_size":[0.2733,0.5429]},"down":{"uv":[6.3378,1.3881],"uv_size":[0.2733,0.5429]}}}],"name":"rot_30"}]}]}
