{"format_version":"1.16.0","minecraft:geometry":[{"description":{"identifier":"geometry.geyser_custom.geo_7072b49","texture_width":16,"texture_height":16,"visible_bounds_width":4,"visible_bounds_height":4.5,"visible_bounds_offset":[0,0.75,0]},"bones":[{"name":"geyser_custom","binding":"c.item_slot == 'head' ? 'head' : q.item_slot_to_bone_name(c.item_slot)","pivot":[0,8,0]},{"name":"geyser_custom_x","parent":"geyser_custom","pivot":[0,8,0]},{"name":"geyser_custom_y","parent":"geyser_custom_x","pivot":[0,8,0]},{"name":"geyser_custom_z","parent":"geyser_custom_y","pivot":[0,8,0],"cubes":[]},{"parent":"geyser_custom_z","pivot":[0,-0.5,0],"rotation":[45,0,0],"cubes":[{"origin":[-0.605,-1.105,-0.605],"size":[1.21,1.21,1.21],"pivot":[0,-0.5,0],"uv":{"north":{"uv":[2.1133,14.2097],"uv_size":[0.1367,0.1697]},"south":{"uv":[2.0022,15.3131],"uv_size":[0.1367,0.1697]},"east":{"uv":[1.78,15.3131],"uv_size":[0.1367,0.1697]},"west":{"uv":[0.0022,15.451],"uv_size":[0.1367,0.1697]},"up":{"uv":[0.3356,15.451],"uv_size":[0.1367,0.1697]},"down":{"uv":[0.5578,15.6179],"uv_size":[0.1367,-0.1697]}}},{"origin":[-0.805,-0.905,-0.405],"size":[1.61,0.81,0.81],"pivot":[0,-0.5,0],"uv":{"north":{"uv":[2.336,12.6913],"uv_size":[0.164,0.1018]},"south":{"uv":[2.336,12.8292],"uv_size":[0.164,0.1018]},"east":{"uv":[2.4458,15.4499],"uv_size":[0.082,0.1018]},"west":{"uv":[2.3347,15.7258],"uv_size":[0.082,0.1018]},"up":{"uv":[2.336,12.9672],"uv_size":[0.164,0.1018]},"down":{"uv":[2.336,13.2052],"uv_size":[0.164,-0.1018]}}}],"name":"rot_1"},{"parent":"geyser_custom_z","pivot":[0,7.5,0],"rotation":[45,0,0],"cubes":[{"origin":[-0.5,6,-1.5],"size":[1,3,3],"pivot":[0,7.5,0],"uv":{"north":{"uv":[1.3351,14.6273],"uv_size":[0.1093,0.4072]},"south":{"uv":[1.5573,14.3514],"uv_size":[0.1093,0.4072]},"east":{"uv":[0.672,13.3859],"uv_size":[0.328,0.4072]},"west":{"uv":[0.672,13.7997],"uv_size":[0.328,0.4072]},"up":{"uv":[1.4462,14.6273],"uv_size":[0.1093,0.4072]},"down":{"uv":[0.0018,15.1658],"uv_size":[0.1093,-0.4072]}}}],"name":"rot_2"},{"parent":"geyser_custom_z","pivot":[0,7.5448,2.2877],"rotation":[45,0,0],"cubes":[{"origin":[-0.5,6.151,0.5265],"size":[1,1,2],"pivot":[0,7.5448,2.2877],"uv":{"north":{"uv":[0.6649,15.7263],"uv_size":[-0.1093,0.1357]},"south":{"uv":[0.5538,15.7263],"uv_size":[-0.1093,0.1357]},"east":{"uv":[2.3298,13.3815],"uv_size":[-0.2187,0.1357]},"west":{"uv":[0.8853,15.3126],"uv_size":[-0.2187,0.1357]},"up":{"uv":[2.1129,13.7887],"uv_size":[0.1093,-0.2714]},"down":{"uv":[1.0018,15.3148],"uv_size":[0.1093,0.2714]}}},{"origin":[-0.249,7.7241,1.9961],"size":[0.498,0.725,1.425],"pivot":[0,7.5448,2.2877],"uv":{"south":{"uv":[1.9436,15.8637],"uv_size":[-0.0547,0.1018]},"east":{"uv":[2.4973,13.243],"uv_size":[-0.164,0.1018]},"west":{"uv":[2.4973,13.381],"uv_size":[-0.164,0.1018]},"up":{"uv":[2.2231,15.9277],"uv_size":[0.0547,-0.2036]}}}],"name":"rot_3"},{"parent":"geyser_custom_z","pivot":[0,10.5,0],"rotation":[45,0,0],"cubes":[{"origin":[-0.6,9,-1.5],"size":[1.2,2,2],"pivot":[0,10.5,0],"uv":{"north":{"uv":[1.6689,13.6596],"uv_size":[0.1367,0.2714]},"south":{"uv":[1.6689,14.3492],"uv_size":[0.1367,0.2714]},"east":{"uv":[1.3369,14.3492],"uv_size":[0.2187,0.2714]},"west":{"uv":[0.0036,14.4872],"uv_size":[0.2187,0.2714]},"up":{"uv":[1.5578,14.763],"uv_size":[0.1367,0.2714]},"down":{"uv":[1.78,12.9611],"uv_size":[0.1367,-0.2714]}}}],"name":"rot_4"},{"parent":"geyser_custom_z","pivot":[0,14.75,0],"rotation":[45,0,0],"cubes":[{"origin":[-0.62,14.13,-0.62],"size":[1.24,1.24,1.24],"pivot":[0,14.75,0],"uv":{"north":{"uv":[2.2244,13.52],"uv_size":[0.1367,0.1697]},"south":{"uv":[2.2244,13.7959],"uv_size":[0.1367,0.1697]},"east":{"uv":[0.78,15.451],"uv_size":[0.1367,0.1697]},"west":{"uv":[1.3356,15.451],"uv_size":[0.1367,0.1697]},"up":{"uv":[2.2244,14.4855],"uv_size":[0.1367,0.1697]},"down":{"uv":[2.2244,14.9283],"uv_size":[0.1367,-0.1697]}}}],"name":"rot_5"},{"parent":"geyser_custom_z","pivot":[0,18.65,0],"rotation":[45,0,0],"cubes":[{"origin":[-0.496,18.154,-0.496],"size":[0.992,0.992,0.992],"pivot":[0,18.65,0],"uv":{"north":{"uv":[2.4462,13.9332],"uv_size":[0.1093,0.1357]},"south":{"uv":[2.4462,14.0712],"uv_size":[0.1093,0.1357]},"east":{"uv":[1.1129,15.7263],"uv_size":[0.1093,0.1357]},"west":{"uv":[1.224,15.7263],"uv_size":[0.1093,0.1357]},"up":{"uv":[2.4462,14.2091],"uv_size":[0.1093,0.1357]},"down":{"uv":[1.3351,15.8599],"uv_size":[0.1093,-0.1357]}}}],"name":"rot_6"},{"parent":"geyser_custom_z","pivot":[0,21.7057,0],"rotation":[45,0,0],"cubes":[{"origin":[-0.3918,21.3139,-0.3918],"size":[0.7837,0.7837,0.7837],"pivot":[0,21.7057,0],"uv":{"north":{"uv":[2.4458,15.5879],"uv_size":[0.082,0.1018]},"south":{"uv":[0.0013,15.8637],"uv_size":[0.082,0.1018]},"east":{"uv":[2.4458,15.7258],"uv_size":[0.082,0.1018]},"west":{"uv":[2.5569,12.6913],"uv_size":[0.082,0.1018]},"up":{"uv":[0.1124,15.8637],"uv_size":[0.082,0.1018]},"down":{"uv":[2.5569,12.9294],"uv_size":[0.082,-0.1018]}}}],"name":"rot_7"},{"parent":"geyser_custom_z","pivot":[-0.001,5.25,1.4571],"rotation":[45,0,0],"cubes":[{"origin":[-0.999,4.75,0.9571],"size":[1.998,1,1],"pivot":[-0.001,5.25,1.4571],"uv":{"north":{"uv":[0.3369,15.3126],"uv_size":[0.2187,0.1357]},"south":{"uv":[2.1147,13.1057],"uv_size":[0.2187,0.1357]},"east":{"uv":[0.224,15.7263],"uv_size":[0.1093,0.1357]},"west":{"uv":[0.3351,15.7263],"uv_size":[0.1093,0.1357]},"down":{"uv":[2.1147,13.3771],"uv_size":[0.2187,-0.1357]}}}],"name":"rot_8"},{"parent":"geyser_custom_z","pivot":[-0.001,8.25,1.0429],"rotation":[45,0,0],"cubes":[{"origin":[-0.999,7.75,0.5429],"size":[1.998,1,1],"pivot":[-0.001,8.25,1.0429],"uv":{"north":{"uv":[2.0036,15.0367],"uv_size":[0.2187,0.1357]},"south":{"uv":[2.0036,15.1746],"uv_size":[0.2187,0.1357]},"east":{"uv":[0.0018,15.7263],"uv_size":[0.1093,0.1357]},"west":{"uv":[0.1129,15.7263],"uv_size":[0.1093,0.1357]},"up":{"uv":[2.1147,12.6919],"uv_size":[0.2187,0.1357]}}}],"name":"rot_9"},{"parent":"geyser_custom_z","pivot":[-0.001,10.7929,1.5],"rotation":[45,0,0],"cubes":[{"origin":[-0.249,10.2929,1],"size":[0.498,1,1],"pivot":[-0.001,10.7929,1.5],"uv":{"south":{"uv":[2.5564,14.0712],"uv_size":[0.0547,0.1357]},"east":{"uv":[2.4462,13.7953],"uv_size":[0.1093,0.1357]},"west":{"uv":[1.0018,15.7263],"uv_size":[0.1093,0.1357]},"down":{"uv":[1.2231,15.9978],"uv_size":[0.0547,-0.1357]}}}],"name":"rot_10"},{"parent":"geyser_custom_z","pivot":[-0.001,13.7929,1.5],"rotation":[45,0,0],"cubes":[{"origin":[-0.249,13.2929,1],"size":[0.498,1,1],"pivot":[-0.001,13.7929,1.5],"uv":{"south":{"uv":[2.5564,13.9332],"uv_size":[0.0547,0.1357]},"east":{"uv":[2.4462,13.6574],"uv_size":[0.1093,0.1357]},"west":{"uv":[0.8907,15.7263],"uv_size":[0.1093,0.1357]},"down":{"uv":[1.112,15.9978],"uv_size":[0.0547,-0.1357]}}}],"name":"rot_11"},{"parent":"geyser_custom_z","pivot":[-0.001,15.5,0.7929],"rotation":[45,0,0],"cubes":[{"origin":[-0.249,15,0.2929],"size":[0.498,1,1],"pivot":[-0.001,15.5,0.7929],"uv":{"north":{"uv":[0.7787,15.8643],"uv_size":[0.0547,0.1357]},"south":{"uv":[2.5564,13.6574],"uv_size":[0.0547,0.1357]},"east":{"uv":[2.4462,13.5194],"uv_size":[0.1093,0.1357]},"west":{"uv":[0.7796,15.7263],"uv_size":[0.1093,0.1357]},"up":{"uv":[0.8898,15.8643],"uv_size":[0.0547,0.1357]}}}],"name":"rot_12"},{"parent":"geyser_custom_z","pivot":[0.275,10.5,3.125],"rotation":[22.5,0,0],"cubes":[{"origin":[0.275,8.5,2],"size":[0,4.5,2.25],"pivot":[0.275,10.5,3.125],"uv":{"west":{"uv":[7.254,4.9754],"uv_size":[0.246,0.6108]}}}],"name":"rot_13"},{"parent":"geyser_custom_z","pivot":[0.25,7.5,-6.375],"rotation":[22.5,0,0],"cubes":[{"origin":[0.25,-2.5,-8.25],"size":[0,4.5,2.25],"pivot":[0.25,7.5,-6.375],"uv":{"west":{"uv":[7.004,4.9754],"uv_size":[0.246,0.6108]}}}],"name":"rot_14"},{"parent":"geyser_custom_z","pivot":[0,-0.75,-0.975],"rotation":[22.5,0,0],"cubes":[{"origin":[-0.25,-1.25,-1.475],"size":[0.5,1,1.5],"pivot":[0,-0.75,-0.975],"uv":{"east":{"uv":[2.2249,14.0712],"uv_size":[0.164,0.1357]},"west":{"uv":[2.2249,15.0367],"uv_size":[0.164,0.1357]},"up":{"uv":[2.4453,15.1757],"uv_size":[0.0547,0.2036]},"down":{"uv":[2.112,15.9277],"uv_size":[0.0547,-0.2036]}}}],"name":"rot_15"},{"parent":"geyser_custom_z","pivot":[-0.0015,-1,-3.0651],"rotation":[22.5,0,0],"cubes":[{"origin":[-0.4985,-1.5,-3.0651],"size":[0.997,1,1],"pivot":[-0.0015,-1,-3.0651],"uv":{"north":{"uv":[1.7796,12.9677],"uv_size":[0.1093,0.1357]},"east":{"uv":[1.7796,14.2091],"uv_size":[0.1093,0.1357]},"west":{"uv":[2.1129,13.7953],"uv_size":[0.1093,0.1357]},"up":{"uv":[0.224,15.5884],"uv_size":[0.1093,0.1357]},"down":{"uv":[1.0018,15.7219],"uv_size":[0.1093,-0.1357]}}}],"name":"rot_16"},{"parent":"geyser_custom_z","pivot":[-0.25,7.5,-6.375],"rotation":[22.5,0,0],"cubes":[{"origin":[-0.25,-2.5,-8.25],"size":[0,4.5,2.25],"pivot":[-0.25,7.5,-6.375],"uv":{"east":{"uv":[7.246,4.9754],"uv_size":[-0.246,0.6108]}}}],"name":"rot_17"},{"parent":"geyser_custom_z","pivot":[-0.275,10.5,3.125],"rotation":[22.5,0,0],"cubes":[{"origin":[-0.275,8.5,2],"size":[0,4.5,2.25],"pivot":[-0.275,10.5,3.125],"uv":{"east":{"uv":[7.496,4.9754],"uv_size":[-0.246,0.6108]}}}],"name":"rot_18"},{"parent":"geyser_custom_z","pivot":[1.25,6,0],"rotation":[-0,0,0],"cubes":[{"origin":[1.1,3.5,-2.5],"size":[0,5,5],"pivot":[1.25,6,0],"uv":{"west":{"uv":[12.4533,9.9421],"uv_size":[0.5467,0.6786]}}}],"name":"rot_19"},{"parent":"geyser_custom_z","pivot":[0,7.5448,2.2877],"rotation":[-0,0,0],"cubes":[{"origin":[-0.499,6.728,2.4421],"size":[0.998,3,1],"pivot":[0,7.5448,2.2877],"uv":{"north":{"uv":[1.1129,15.0279],"uv_size":[0.1093,-0.4072]},"south":{"uv":[1.224,14.6273],"uv_size":[0.1093,0.4072]},"east":{"uv":[1.4498,14.3426],"uv_size":[0.328,-0.1357]},"west":{"uv":[0.7831,14.7564],"uv_size":[0.328,-0.1357]},"up":{"uv":[0.776,15.7263],"uv_size":[-0.1093,0.1357]}}},{"origin":[-0.25,7.478,1.4421],"size":[0.5,0.5,1],"pivot":[0,7.5448,2.2877],"uv":{"north":{"uv":[2.5564,15.1023],"uv_size":[0.0547,-0.0679]},"east":{"uv":[2.5564,13.515],"uv_size":[0.0547,-0.1357]},"west":{"uv":[2.5564,13.653],"uv_size":[0.0547,-0.1357]},"up":{"uv":[0.6102,15.8643],"uv_size":[-0.0547,0.1357]},"down":{"uv":[0.7213,15.8643],"uv_size":[-0.0547,0.1357]}}},{"origin":[-0.025,5.465,0.6941],"size":[0.05,6.5,3],"pivot":[0,7.5448,2.2877],"uv":{"east":{"uv":[1.3773,13.0968],"uv_size":[-0.7107,-0.4072]},"west":{"uv":[0.6782,13.0968],"uv_size":[0.7107,-0.4072]}}}],"name":"rot_20"},{"parent":"geyser_custom_z","pivot":[-1.25,6,0],"rotation":[-0,0,0],"cubes":[{"origin":[-1.1,3.5,-2.5],"size":[0,5,5],"pivot":[-1.25,6,0],"uv":{"east":{"uv":[12.9911,9.9421],"uv_size":[-0.5467,0.6786]}}}],"name":"rot_21"},{"parent":"geyser_custom_z","pivot":[8.1,-7.5,4],"rotation":[0,-0,0],"cubes":[{"origin":[0.6,10.5,-3.75],"size":[0,11,4],"pivot":[8.1,-7.5,4],"uv":{"west":{"uv":[6.6596,4.9815],"uv_size":[-0.4373,1.5012]}}}],"name":"rot_22"},{"parent":"geyser_custom_z","pivot":[8,3.75,5.5],"rotation":[0,-0,0],"cubes":[{"origin":[0.5,12.25,-6.5],"size":[0,9,3],"pivot":[8,3.75,5.5],"uv":{"west":{"uv":[6.9947,4.9815],"uv_size":[-0.328,1.2254]}}}],"name":"rot_23"},{"parent":"geyser_custom_z","pivot":[1,0,-0.75],"rotation":[0,-0,0],"cubes":[{"origin":[-1,5.25,-1.75],"size":[2,3,1],"pivot":[1,0,-0.75],"uv":{"north":{"uv":[1.2258,13.1101],"uv_size":[0.2187,0.4072]},"south":{"uv":[0.6702,14.2135],"uv_size":[0.2187,0.4072]},"east":{"uv":[1.5573,12.6963],"uv_size":[0.1093,0.4072]},"west":{"uv":[1.5573,13.1101],"uv_size":[0.1093,0.4072]},"up":{"uv":[2.0036,13.9332],"uv_size":[0.2187,0.1357]},"down":{"uv":[2.0036,14.2047],"uv_size":[0.2187,-0.1357]}}}],"name":"rot_24"},{"parent":"geyser_custom_z","pivot":[1,0,0.75],"rotation":[0,-0,0],"cubes":[{"origin":[-1,5.25,0.75],"size":[2,3,1],"pivot":[1,0,0.75],"uv":{"north":{"uv":[1.2258,13.5239],"uv_size":[0.2187,0.4072]},"south":{"uv":[1.2258,13.9377],"uv_size":[0.2187,0.4072]},"east":{"uv":[0.6684,14.6273],"uv_size":[0.1093,0.4072]},"west":{"uv":[1.5573,13.5239],"uv_size":[0.1093,0.4072]},"up":{"uv":[2.1147,12.8298],"uv_size":[0.2187,0.1357]},"down":{"uv":[2.1147,13.1012],"uv_size":[0.2187,-0.1357]}}}],"name":"rot_25"},{"parent":"geyser_custom_z","pivot":[1,12.5,-2.25],"rotation":[0,-0,0],"cubes":[{"origin":[0.5,12.5,-2.25],"size":[0.5,0.5,2],"pivot":[1,12.5,-2.25],"uv":{"north":{"uv":[2.5564,15.1735],"uv_size":[0.0547,0.0679]},"south":{"uv":[2.5564,15.3114],"uv_size":[0.0547,0.0679]},"east":{"uv":[2.448,14.3459],"uv_size":[0.2187,0.0679]},"west":{"uv":[1.448,15.7252],"uv_size":[0.2187,0.0679]},"up":{"uv":[2.4453,14.4872],"uv_size":[0.0547,0.2714]},"down":{"uv":[1.6676,15.9956],"uv_size":[0.0547,-0.2714]}}}],"name":"rot_26"},{"parent":"geyser_custom_z","pivot":[1,16.75,-2.25],"rotation":[0,-0,0],"cubes":[{"origin":[0.5,16.75,-2.25],"size":[0.5,0.5,2],"pivot":[1,16.75,-2.25],"uv":{"north":{"uv":[2.5564,15.1735],"uv_size":[0.0547,0.0679]},"south":{"uv":[2.5564,15.3114],"uv_size":[0.0547,0.0679]},"east":{"uv":[2.448,14.3459],"uv_size":[0.2187,0.0679]},"west":{"uv":[1.448,15.7252],"uv_size":[0.2187,0.0679]},"up":{"uv":[2.4453,14.4872],"uv_size":[0.0547,0.2714]},"down":{"uv":[1.6676,15.9956],"uv_size":[0.0547,-0.2714]}}}],"name":"rot_27"},{"parent":"geyser_custom_z","pivot":[1,20.25,-2.25],"rotation":[0,-0,0],"cubes":[{"origin":[0.5,20.25,-2.25],"size":[0.5,0.5,2],"pivot":[1,20.25,-2.25],"uv":{"north":{"uv":[2.5564,15.1735],"uv_size":[0.0547,0.0679]},"south":{"uv":[2.5564,15.3114],"uv_size":[0.0547,0.0679]},"east":{"uv":[2.448,14.3459],"uv_size":[0.2187,0.0679]},"west":{"uv":[1.448,15.7252],"uv_size":[0.2187,0.0679]},"up":{"uv":[2.4453,14.4872],"uv_size":[0.0547,0.2714]},"down":{"uv":[1.6676,15.9956],"uv_size":[0.0547,-0.2714]}}}],"name":"rot_28"},{"parent":"geyser_custom_z","pivot":[0.75,0,8],"rotation":[0,-0,0],"cubes":[{"origin":[-0.25,8.5,0.5],"size":[0.5,7,1],"pivot":[0.75,0,8],"uv":{"north":{"uv":[1.4453,13.2568],"uv_size":[0.0547,0.9501]},"south":{"uv":[0.5564,14.4982],"uv_size":[0.0547,0.9501]},"east":{"uv":[1.0018,13.3948],"uv_size":[0.1093,0.9501]},"west":{"uv":[1.1129,13.3948],"uv_size":[0.1093,0.9501]},"up":{"uv":[2.5564,13.7953],"uv_size":[0.0547,0.1357]},"down":{"uv":[1.0009,15.9978],"uv_size":[0.0547,-0.1357]}}}],"name":"rot_29"},{"parent":"geyser_custom_z","pivot":[0.748,-1.7071,8.7071],"rotation":[0,-0,0],"cubes":[{"origin":[-0.248,10.7929,1.2071],"size":[0.496,3,1],"pivot":[0.748,-1.7071,8.7071],"uv":{"south":{"uv":[2.2231,15.179],"uv_size":[0.0547,0.4072]},"east":{"uv":[1.6684,12.6963],"uv_size":[0.1093,0.4072]},"west":{"uv":[0.1129,14.7652],"uv_size":[0.1093,0.4072]}}}],"name":"rot_30"},{"parent":"geyser_custom_z","pivot":[0.5,-0.25,-0.5],"rotation":[0,-0,0],"cubes":[{"origin":[-0.5,-0.25,-0.5],"size":[1,1,1],"pivot":[0.5,-0.25,-0.5],"uv":{"north":{"uv":[2.3351,14.2091],"uv_size":[0.1093,0.1357]},"south":{"uv":[1.7796,15.5884],"uv_size":[0.1093,0.1357]},"east":{"uv":[2.3351,14.347],"uv_size":[0.1093,0.1357]},"west":{"uv":[1.8907,15.5884],"uv_size":[0.1093,0.1357]},"up":{"uv":[2.0018,15.5884],"uv_size":[0.1093,0.1357]},"down":{"uv":[2.3351,15.3081],"uv_size":[0.1093,-0.1357]}}}],"name":"rot_31"},{"parent":"geyser_custom_z","pivot":[0.5,1.65,-0.5],"rotation":[0,-0,0],"cubes":[{"origin":[-0.4,0.75,-0.4],"size":[0.8,2.8,0.8],"pivot":[0.5,1.65,-0.5],"uv":{"north":{"uv":[0.8902,15.0406],"uv_size":[0.082,0.3732]},"south":{"uv":[1.4458,15.0406],"uv_size":[0.082,0.3732]},"east":{"uv":[1.3347,15.0406],"uv_size":[0.082,0.3732]},"west":{"uv":[1.8902,14.4888],"uv_size":[0.082,0.3732]}}}],"name":"rot_32"},{"parent":"geyser_custom_z","pivot":[0.5,3.55,-0.5],"rotation":[0,-0,0],"cubes":[{"origin":[-0.5,3.55,-0.5],"size":[1,2,1],"pivot":[0.5,3.55,-0.5],"uv":{"north":{"uv":[2.0018,12.6941],"uv_size":[0.1093,0.2714]},"south":{"uv":[2.0018,12.9699],"uv_size":[0.1093,0.2714]},"east":{"uv":[0.1129,15.1768],"uv_size":[0.1093,0.2714]},"west":{"uv":[2.0018,13.2458],"uv_size":[0.1093,0.2714]},"down":{"uv":[2.1129,15.7219],"uv_size":[0.1093,-0.1357]}}}],"name":"rot_33"},{"parent":"geyser_custom_z","pivot":[0.5,10.5,-0.5],"rotation":[0,-0,0],"cubes":[{"origin":[-0.5,10.5,-0.5],"size":[1,4,1],"pivot":[0.5,10.5,-0.5],"uv":{"north":{"uv":[1.4462,12.6985],"uv_size":[0.1093,0.5429]},"south":{"uv":[0.3351,14.4916],"uv_size":[0.1093,0.5429]},"east":{"uv":[0.224,14.4916],"uv_size":[0.1093,0.5429]},"west":{"uv":[0.4462,14.4916],"uv_size":[0.1093,0.5429]}}}],"name":"rot_34"},{"parent":"geyser_custom_z","pivot":[0.41,15.16,-0.41],"rotation":[0,-0,0],"cubes":[{"origin":[-0.41,15.16,-0.41],"size":[0.82,3.28,0.82],"pivot":[0.41,15.16,-0.41],"uv":{"north":{"uv":[1.0013,14.7658],"uv_size":[0.082,0.4411]},"south":{"uv":[0.2236,15.0417],"uv_size":[0.082,0.4411]},"east":{"uv":[1.7791,14.6279],"uv_size":[0.082,0.4411]},"west":{"uv":[1.8902,12.9727],"uv_size":[0.082,0.4411]}}}],"name":"rot_35"},{"parent":"geyser_custom_z","pivot":[0.365,13.535,-4.865],"rotation":[0,-0,0],"cubes":[{"origin":[-0.365,13.535,-4.865],"size":[0.73,0.73,0.73],"pivot":[0.365,13.535,-4.865],"uv":{"north":{"uv":[0.2236,15.8637],"uv_size":[0.082,0.1018]},"south":{"uv":[0.3347,15.8637],"uv_size":[0.082,0.1018]},"east":{"uv":[2.5569,12.9672],"uv_size":[0.082,0.1018]},"west":{"uv":[2.5569,13.1051],"uv_size":[0.082,0.1018]},"up":{"uv":[0.4458,15.8637],"uv_size":[0.082,0.1018]},"down":{"uv":[2.5569,13.3432],"uv_size":[0.082,-0.1018]}}}],"name":"rot_36"},{"parent":"geyser_custom_z","pivot":[0.3239,18.9487,-0.3239],"rotation":[0,-0,0],"cubes":[{"origin":[-0.3239,18.9487,-0.3239],"size":[0.6478,2.5912,0.6478],"pivot":[0.3239,18.9487,-0.3239],"uv":{"north":{"uv":[1.1124,15.3159],"uv_size":[0.082,0.3393]},"south":{"uv":[1.5569,15.3159],"uv_size":[0.082,0.3393]},"east":{"uv":[1.2236,15.3159],"uv_size":[0.082,0.3393]},"west":{"uv":[1.668,15.3159],"uv_size":[0.082,0.3393]}}}],"name":"rot_37"},{"parent":"geyser_custom_z","pivot":[0.025,9,-6],"rotation":[0,-0,0],"cubes":[{"origin":[-0.025,9,-6],"size":[0.05,13,6],"pivot":[0.025,9,-6],"uv":{"east":{"uv":[0.656,12.7057],"uv_size":[-0.656,1.7771]},"west":{"uv":[0.0107,12.7057],"uv_size":[0.656,1.7771]}}}],"name":"rot_38"},{"parent":"geyser_custom_z","pivot":[0,12.5,-3.75],"rotation":[0,-0,0],"cubes":[{"origin":[-0.5,12.5,-2.25],"size":[1,0.5,0.5],"pivot":[0,12.5,-3.75],"uv":{"north":{"uv":[1.5573,15.8632],"uv_size":[0.1093,0.0679]},"south":{"uv":[2.5573,14.6218],"uv_size":[0.1093,0.0679]},"up":{"uv":[1.7796,15.8632],"uv_size":[0.1093,0.0679]},"down":{"uv":[2.5573,14.9644],"uv_size":[0.1093,-0.0679]}}}],"name":"rot_39"},{"parent":"geyser_custom_z","pivot":[0,12.5,-2.25],"rotation":[0,-0,0],"cubes":[{"origin":[-0.5,12.5,-0.75],"size":[1,0.5,0.5],"pivot":[0,12.5,-2.25],"uv":{"north":{"uv":[2.5573,14.208],"uv_size":[0.1093,0.0679]},"south":{"uv":[1.3351,15.8632],"uv_size":[0.1093,0.0679]},"up":{"uv":[1.4462,15.8632],"uv_size":[0.1093,0.0679]},"down":{"uv":[2.5573,14.5506],"uv_size":[0.1093,-0.0679]}}}],"name":"rot_40"},{"parent":"geyser_custom_z","pivot":[0,16.75,-3.75],"rotation":[0,-0,0],"cubes":[{"origin":[-0.5,16.75,-2.25],"size":[1,0.5,0.5],"pivot":[0,16.75,-3.75],"uv":{"north":{"uv":[1.5573,15.8632],"uv_size":[0.1093,0.0679]},"south":{"uv":[2.5573,14.6218],"uv_size":[0.1093,0.0679]},"up":{"uv":[1.7796,15.8632],"uv_size":[0.1093,0.0679]},"down":{"uv":[2.5573,14.9644],"uv_size":[0.1093,-0.0679]}}}],"name":"rot_41"},{"parent":"geyser_custom_z","pivot":[0,16.75,-2.25],"rotation":[0,-0,0],"cubes":[{"origin":[-0.5,16.75,-0.75],"size":[1,0.5,0.5],"pivot":[0,16.75,-2.25],"uv":{"north":{"uv":[2.5573,14.208],"uv_size":[0.1093,0.0679]},"south":{"uv":[1.3351,15.8632],"uv_size":[0.1093,0.0679]},"up":{"uv":[1.4462,15.8632],"uv_size":[0.1093,0.0679]},"down":{"uv":[2.5573,14.5506],"uv_size":[0.1093,-0.0679]}}}],"name":"rot_42"},{"parent":"geyser_custom_z","pivot":[0,20.25,-3.75],"rotation":[0,-0,0],"cubes":[{"origin":[-0.5,20.25,-2.25],"size":[1,0.5,0.5],"pivot":[0,20.25,-3.75],"uv":{"north":{"uv":[1.5573,15.8632],"uv_size":[0.1093,0.0679]},"south":{"uv":[2.5573,14.6218],"uv_size":[0.1093,0.0679]},"up":{"uv":[1.7796,15.8632],"uv_size":[0.1093,0.0679]},"down":{"uv":[2.5573,14.9644],"uv_size":[0.1093,-0.0679]}}}],"name":"rot_43"},{"parent":"geyser_custom_z","pivot":[0,20.25,-2.25],"rotation":[0,-0,0],"cubes":[{"origin":[-0.5,20.25,-0.75],"size":[1,0.5,0.5],"pivot":[0,20.25,-2.25],"uv":{"north":{"uv":[2.5573,14.208],"uv_size":[0.1093,0.0679]},"south":{"uv":[1.3351,15.8632],"uv_size":[0.1093,0.0679]},"up":{"uv":[1.4462,15.8632],"uv_size":[0.1093,0.0679]},"down":{"uv":[2.5573,14.5506],"uv_size":[0.1093,-0.0679]}}}],"name":"rot_44"},{"parent":"geyser_custom_z","pivot":[-0.5,12.5,-2.25],"rotation":[0,-0,0],"cubes":[{"origin":[-1,12.5,-2.25],"size":[0.5,0.5,2],"pivot":[-0.5,12.5,-2.25],"uv":{"north":{"uv":[2.5564,15.4494],"uv_size":[0.0547,0.0679]},"south":{"uv":[2.3342,15.8632],"uv_size":[0.0547,0.0679]},"east":{"uv":[2.448,14.7597],"uv_size":[0.2187,0.0679]},"west":{"uv":[1.7813,15.7252],"uv_size":[0.2187,0.0679]},"up":{"uv":[2.4453,14.901],"uv_size":[0.0547,0.2714]},"down":{"uv":[2.0009,15.9956],"uv_size":[0.0547,-0.2714]}}}],"name":"rot_45"},{"parent":"geyser_custom_z","pivot":[-0.5,16.75,-2.25],"rotation":[0,-0,0],"cubes":[{"origin":[-1,16.75,-2.25],"size":[0.5,0.5,2],"pivot":[-0.5,16.75,-2.25],"uv":{"north":{"uv":[2.5564,15.4494],"uv_size":[0.0547,0.0679]},"south":{"uv":[2.3342,15.8632],"uv_size":[0.0547,0.0679]},"east":{"uv":[2.448,14.7597],"uv_size":[0.2187,0.0679]},"west":{"uv":[1.7813,15.7252],"uv_size":[0.2187,0.0679]},"up":{"uv":[2.4453,14.901],"uv_size":[0.0547,0.2714]},"down":{"uv":[2.0009,15.9956],"uv_size":[0.0547,-0.2714]}}}],"name":"rot_46"},{"parent":"geyser_custom_z","pivot":[-0.5,20.25,-2.25],"rotation":[0,-0,0],"cubes":[{"origin":[-1,20.25,-2.25],"size":[0.5,0.5,2],"pivot":[-0.5,20.25,-2.25],"uv":{"north":{"uv":[2.5564,15.4494],"uv_size":[0.0547,0.0679]},"south":{"uv":[2.3342,15.8632],"uv_size":[0.0547,0.0679]},"east":{"uv":[2.448,14.7597],"uv_size":[0.2187,0.0679]},"west":{"uv":[1.7813,15.7252],"uv_size":[0.2187,0.0679]},"up":{"uv":[2.4453,14.901],"uv_size":[0.0547,0.2714]},"down":{"uv":[2.0009,15.9956],"uv_size":[0.0547,-0.2714]}}}],"name":"rot_47"},{"parent":"geyser_custom_z","pivot":[-8,3.75,5.5],"rotation":[0,-0,0],"cubes":[{"origin":[-0.5,12.25,-6.5],"size":[0,9,3],"pivot":[-8,3.75,5.5],"uv":{"east":{"uv":[6.672,4.9815],"uv_size":[0.328,1.2254]}}}],"name":"rot_48"},{"parent":"geyser_custom_z","pivot":[-8.1,-7.5,4],"rotation":[0,-0,0],"cubes":[{"origin":[-0.6,10.5,-3.75],"size":[0,11,4],"pivot":[-8.1,-7.5,4],"uv":{"east":{"uv":[6.2293,4.9815],"uv_size":[0.4373,1.5012]}}}],"name":"rot_49"},{"parent":"geyser_custom_z","pivot":[0.025,-1.5,-2.5],"rotation":[-22.5,0,0],"cubes":[{"origin":[-0.025,-1.5,-5.5],"size":[0.05,2,5],"pivot":[0.025,-1.5,-2.5],"uv":{"east":{"uv":[1.2133,13.1079],"uv_size":[-0.5467,0.2714]},"west":{"uv":[0.6756,13.1079],"uv_size":[0.5467,0.2714]}}}],"name":"rot_50"},{"parent":"geyser_custom_z","pivot":[0,-1,-1.6],"rotation":[-22.5,0,0],"cubes":[{"origin":[-0.5,-1.5,-2.6],"size":[1,1,2],"pivot":[0,-1,-1.6],"uv":{"north":{"uv":[0.8907,14.2091],"uv_size":[0.1093,0.1357]},"south":{"uv":[1.6684,14.6229],"uv_size":[0.1093,0.1357]},"east":{"uv":[1.8924,13.7953],"uv_size":[0.2187,0.1357]},"west":{"uv":[1.5591,15.0367],"uv_size":[0.2187,0.1357]},"up":{"uv":[1.8907,14.901],"uv_size":[0.1093,0.2714]},"down":{"uv":[0.0018,15.4439],"uv_size":[0.1093,-0.2714]}}}],"name":"rot_51"},{"parent":"geyser_custom_z","pivot":[0,6,0],"rotation":[-45,0,0],"cubes":[{"origin":[-0.6,5,-1],"size":[1.2,2,2],"pivot":[0,6,0],"uv":{"north":{"uv":[1.5578,13.9354],"uv_size":[0.1367,0.2714]},"south":{"uv":[1.6689,13.1079],"uv_size":[0.1367,0.2714]},"east":{"uv":[0.8924,14.3492],"uv_size":[0.2187,0.2714]},"west":{"uv":[1.1147,14.3492],"uv_size":[0.2187,0.2714]},"up":{"uv":[1.6689,13.3837],"uv_size":[0.1367,0.2714]},"down":{"uv":[0.78,15.0301],"uv_size":[0.1367,-0.2714]}}},{"origin":[-0.8,5.2,-0.8],"size":[1.6,1.6,1.6],"pivot":[0,6,0],"uv":{"north":{"uv":[1.7804,13.9343],"uv_size":[0.164,0.2036]},"south":{"uv":[0.6693,15.0378],"uv_size":[0.164,0.2036]},"east":{"uv":[0.336,15.0378],"uv_size":[0.164,0.2036]},"west":{"uv":[1.8916,13.5206],"uv_size":[0.164,0.2036]},"up":{"uv":[1.1138,15.0378],"uv_size":[0.164,0.2036]},"down":{"uv":[1.8916,14.4105],"uv_size":[0.164,-0.2036]}}}],"name":"rot_52"},{"parent":"geyser_custom_z","pivot":[-0.001,5.25,-1.4571],"rotation":[-45,0,0],"cubes":[{"origin":[-0.999,4.75,-1.9571],"size":[1.998,1,1],"pivot":[-0.001,5.25,-1.4571],"uv":{"north":{"uv":[2.0036,14.7608],"uv_size":[0.2187,0.1357]},"south":{"uv":[1.7813,15.1746],"uv_size":[0.2187,0.1357]},"east":{"uv":[2.3351,15.4505],"uv_size":[0.1093,0.1357]},"west":{"uv":[2.3351,15.5884],"uv_size":[0.1093,0.1357]},"down":{"uv":[2.0036,15.0323],"uv_size":[0.2187,-0.1357]}}}],"name":"rot_53"},{"parent":"geyser_custom_z","pivot":[-0.001,8.25,-1.0429],"rotation":[-45,0,0],"cubes":[{"origin":[-0.999,7.75,-1.5429],"size":[1.998,1,1],"pivot":[-0.001,8.25,-1.0429],"uv":{"north":{"uv":[2.0036,14.485],"uv_size":[0.2187,0.1357]},"south":{"uv":[1.5591,15.1746],"uv_size":[0.2187,0.1357]},"east":{"uv":[2.3351,15.3126],"uv_size":[0.1093,0.1357]},"west":{"uv":[2.224,15.5884],"uv_size":[0.1093,0.1357]},"up":{"uv":[2.0036,14.6229],"uv_size":[0.2187,0.1357]}}}],"name":"rot_54"}]}]}
