{"format_version":"1.16.0","minecraft:geometry":[{"description":{"identifier":"geometry.geyser_custom.geo_98c274c","texture_width":16,"texture_height":16,"visible_bounds_width":4,"visible_bounds_height":4.5,"visible_bounds_offset":[0,0.75,0]},"bones":[{"name":"geyser_custom","binding":"c.item_slot == 'head' ? 'head' : q.item_slot_to_bone_name(c.item_slot)","pivot":[0,8,0]},{"name":"geyser_custom_x","parent":"geyser_custom","pivot":[0,8,0]},{"name":"geyser_custom_y","parent":"geyser_custom_x","pivot":[0,8,0]},{"name":"geyser_custom_z","parent":"geyser_custom_y","pivot":[0,8,0],"cubes":[{"origin":[-2,5.5,-4.15],"size":[4,2,0.05],"uv":{"north":{"uv":[11.2258,11.3815],"uv_size":[0.2187,0.1357]},"south":{"uv":[11.4409,11.3815],"uv_size":[-0.2187,0.1357]}}},{"origin":[-2,0,-4.15],"size":[4,2,0.05],"uv":{"north":{"uv":[11.7258,11.4505],"uv_size":[0.2187,0.1357]},"south":{"uv":[11.9409,11.4505],"uv_size":[-0.2187,0.1357]}}}]},{"parent":"geyser_custom_z","pivot":[-4.7071,0.5,-3.5],"rotation":[0,45,0],"cubes":[{"origin":[-4.7071,0.5,-3.5],"size":[1,2,1],"pivot":[-4.7071,0.5,-3.5],"uv":{"north":{"uv":[12.2787,10.5539],"uv_size":[0.0547,0.1357]},"south":{"uv":[12.2787,10.6919],"uv_size":[0.0547,0.1357]},"up":{"uv":[12.2787,10.9666],"uv_size":[0.0547,0.0679]},"down":{"uv":[12.112,11.9989],"uv_size":[0.0547,-0.0679]}}}],"name":"rot_1"},{"parent":"geyser_custom_z","pivot":[-4.7071,0.5,3.5],"rotation":[0,45,0],"cubes":[{"origin":[-4.7071,0.5,3.5],"size":[1,8,1],"pivot":[-4.7071,0.5,3.5],"uv":{"east":{"uv":[11.112,11.3881],"uv_size":[0.0547,0.5429]},"west":{"uv":[11.1676,11.3881],"uv_size":[0.0547,0.5429]},"up":{"uv":[12.2787,11.9321],"uv_size":[0.0547,0.0679]},"down":{"uv":[10.6676,12.0679],"uv_size":[0.0547,-0.0679]}}}],"name":"rot_2"},{"parent":"geyser_custom_z","pivot":[-4.7071,5.5,-3.5],"rotation":[0,45,0],"cubes":[{"origin":[-4.7071,5.5,-3.5],"size":[1,3,1],"pivot":[-4.7071,5.5,-3.5],"uv":{"north":{"uv":[11.8898,11.7964],"uv_size":[0.0547,0.2036]},"south":{"uv":[11.9453,11.7964],"uv_size":[0.0547,0.2036]},"up":{"uv":[12.3342,9.9321],"uv_size":[0.0547,0.0679]},"down":{"uv":[10.7231,12.0679],"uv_size":[0.0547,-0.0679]}}}],"name":"rot_3"},{"parent":"geyser_custom_z","pivot":[0,9,0],"rotation":[0,0,-45],"cubes":[{"origin":[-0.75,8.25,-4.65],"size":[1.5,1.5,9.3],"pivot":[0,9,0],"uv":{"north":{"uv":[10.8902,11.9327],"uv_size":[0.082,0.1018]},"south":{"uv":[12.2791,10.2775],"uv_size":[0.082,0.1018]},"east":{"uv":[11.7307,11.243],"uv_size":[0.5193,0.1018]},"west":{"uv":[11.7862,11.0361],"uv_size":[0.5193,0.1018]},"up":{"uv":[10.668,11.3208],"uv_size":[0.082,0.6447]},"down":{"uv":[10.7791,11.955],"uv_size":[0.082,-0.6447]}}},{"origin":[-1,8,-4.3],"size":[2,2,8.6],"pivot":[0,9,0],"uv":{"north":{"uv":[12.1129,10.6229],"uv_size":[0.1093,0.1357]},"south":{"uv":[12.1129,10.7608],"uv_size":[0.1093,0.1357]},"east":{"uv":[11.6187,10.8988],"uv_size":[0.4647,0.1357]},"west":{"uv":[11.0076,11.2436],"uv_size":[0.4647,0.1357]},"up":{"uv":[11.5018,11.2508],"uv_size":[0.1093,0.5768]},"down":{"uv":[11.6129,11.8182],"uv_size":[0.1093,-0.5768]}}}],"name":"rot_4"},{"parent":"geyser_custom_z","pivot":[5.2071,2.3108,0.602],"rotation":[22.5,0,0],"cubes":[{"origin":[4.7071,1.3108,-1.398],"size":[0.99,1.5,3],"pivot":[5.2071,2.3108,0.602],"uv":{"north":{"uv":[12.1102,11.9327],"uv_size":[-0.0547,0.1018]},"west":{"uv":[12.2196,11.5879],"uv_size":[-0.164,0.1018]},"up":{"uv":[12.2769,10.8309],"uv_size":[-0.0547,0.2036]},"down":{"uv":[11.4991,12.0657],"uv_size":[-0.0547,-0.2036]}}},{"origin":[4.7071,1.3108,-1.398],"size":[0.99,1.5,3],"pivot":[5.2071,2.3108,0.602],"uv":{"north":{"uv":[12.1102,11.9327],"uv_size":[-0.0547,0.1018]},"west":{"uv":[12.2196,11.5879],"uv_size":[-0.164,0.1018]},"up":{"uv":[12.2769,10.8309],"uv_size":[-0.0547,0.2036]},"down":{"uv":[11.4991,12.0657],"uv_size":[-0.0547,-0.2036]}}}],"name":"rot_5"},{"parent":"geyser_custom_z","pivot":[5,2,1],"rotation":[22.5,0,0],"cubes":[{"origin":[5.175,2,1.25],"size":[0.05,4,6],"pivot":[5,2,1],"uv":{"east":{"uv":[10.672,11.0389],"uv_size":[0.328,0.2714]},"west":{"uv":[10.9947,11.0389],"uv_size":[-0.328,0.2714]}}},{"origin":[5.175,2,1.25],"size":[0.05,4,6],"pivot":[5,2,1],"uv":{"east":{"uv":[10.672,11.0389],"uv_size":[0.328,0.2714]},"west":{"uv":[10.9947,11.0389],"uv_size":[-0.328,0.2714]}}}],"name":"rot_6"},{"parent":"geyser_custom_z","pivot":[-5,2,1],"rotation":[22.5,0,0],"cubes":[{"origin":[-5.225,2,1.25],"size":[0.05,4,6],"pivot":[-5,2,1],"uv":{"east":{"uv":[10.672,11.0389],"uv_size":[0.328,0.2714]},"west":{"uv":[10.9947,11.0389],"uv_size":[-0.328,0.2714]}}}],"name":"rot_7"},{"parent":"geyser_custom_z","pivot":[-5.2071,2.3108,0.602],"rotation":[22.5,0,0],"cubes":[{"origin":[-5.6971,1.3108,-1.398],"size":[0.99,1.5,3],"pivot":[-5.2071,2.3108,0.602],"uv":{"north":{"uv":[12.0564,11.9327],"uv_size":[0.0547,0.1018]},"east":{"uv":[12.0582,11.5879],"uv_size":[0.164,0.1018]},"up":{"uv":[12.2231,10.8309],"uv_size":[0.0547,0.2036]},"down":{"uv":[11.4453,12.0657],"uv_size":[0.0547,-0.2036]}}}],"name":"rot_8"},{"parent":"geyser_custom_z","pivot":[2.2706,6.1533,-3.7321],"rotation":[0,0,-22.5],"cubes":[{"origin":[1.7706,5.6533,-4.2],"size":[1,2.2,0.99],"pivot":[2.2706,6.1533,-3.7321],"uv":{"north":{"uv":[11.888,11.9332],"uv_size":[-0.0547,0.1357]},"south":{"uv":[12.0547,11.9332],"uv_size":[-0.0547,0.1357]},"east":{"uv":[12.3324,11.5884],"uv_size":[-0.0547,0.1357]}}}],"name":"rot_9"},{"parent":"geyser_custom_z","pivot":[-1.4,10.4,0],"rotation":[0,0,-22.5],"cubes":[{"origin":[-3.9,9.7,-4.5],"size":[1.5,1.5,9],"pivot":[-1.4,10.4,0],"uv":{"north":{"uv":[12.2791,10.4154],"uv_size":[0.082,0.1018]},"south":{"uv":[11.1124,11.9327],"uv_size":[0.082,0.1018]},"east":{"uv":[11.8413,9.9327],"uv_size":[0.492,0.1018]},"west":{"uv":[11.8413,10.0706],"uv_size":[0.492,0.1018]},"up":{"uv":[10.8902,11.3203],"uv_size":[0.082,0.6108]}}}],"name":"rot_10"},{"parent":"geyser_custom_z","pivot":[-4.375,11,0.15],"rotation":[0,0,-22.5],"cubes":[{"origin":[-3.65,9.5,-4.45],"size":[0.05,3,9],"pivot":[-4.375,11,0.15],"uv":{"east":{"uv":[6.9947,4.9815],"uv_size":[-0.328,1.2254]},"west":{"uv":[6.672,4.9815],"uv_size":[0.328,1.2254]}}}],"name":"rot_11"},{"parent":"geyser_custom_z","pivot":[4.25,8.5,1.75],"rotation":[0,-0,0],"cubes":[{"origin":[-4.25,8.5,-3.75],"size":[8.5,1,7.5],"pivot":[4.25,8.5,1.75],"uv":{"north":{"uv":[11.7853,11.1735],"uv_size":[0.4647,0.0679]},"south":{"uv":[11.8409,10.208],"uv_size":[0.4647,0.0679]},"east":{"uv":[11.9511,11.4494],"uv_size":[0.41,0.0679]},"west":{"uv":[11.9511,11.5183],"uv_size":[0.41,0.0679]},"up":{"uv":[11.1187,9.9393],"uv_size":[0.4647,0.509]},"down":{"uv":[11.1187,10.9917],"uv_size":[0.4647,-0.509]}}}],"name":"rot_12"},{"parent":"geyser_custom_z","pivot":[4.2071,1.5,-2.5],"rotation":[0,-0,0],"cubes":[{"origin":[3.7071,0.5,-3.5],"size":[1,2,3],"pivot":[4.2071,1.5,-2.5],"uv":{"east":{"uv":[11.8862,11.5884],"uv_size":[-0.164,0.1357]},"west":{"uv":[11.4418,11.5194],"uv_size":[-0.164,0.1357]},"up":{"uv":[11.888,11.7274],"uv_size":[-0.0547,0.2036]},"down":{"uv":[12.1102,11.9277],"uv_size":[-0.0547,-0.2036]}}}],"name":"rot_13"},{"parent":"geyser_custom_z","pivot":[4.2071,1.5,0.5],"rotation":[0,-0,0],"cubes":[{"origin":[3.7071,0.5,-0.5],"size":[1,5,4],"pivot":[4.2071,1.5,0.5],"uv":{"north":{"uv":[12.0547,11.5917],"uv_size":[-0.0547,0.3393]},"south":{"uv":[11.3324,11.6607],"uv_size":[-0.0547,0.3393]},"east":{"uv":[11.8298,10.2814],"uv_size":[-0.2187,0.3393]},"west":{"uv":[11.8298,9.9366],"uv_size":[-0.2187,0.3393]},"up":{"uv":[11.388,11.6596],"uv_size":[-0.0547,0.2714]},"down":{"uv":[11.4436,11.9266],"uv_size":[-0.0547,-0.2714]}}}],"name":"rot_14"},{"parent":"geyser_custom_z","pivot":[4.2071,6.5,-2.5],"rotation":[0,-0,0],"cubes":[{"origin":[3.7071,5.5,-3.5],"size":[1,3,7],"pivot":[4.2071,6.5,-2.5],"uv":{"north":{"uv":[12.1658,11.7274],"uv_size":[-0.0547,0.2036]},"east":{"uv":[11.7716,11.0378],"uv_size":[-0.3827,0.2036]},"west":{"uv":[11.3827,11.0378],"uv_size":[-0.3827,0.2036]},"up":{"uv":[11.4991,11.387],"uv_size":[-0.0547,0.475]},"down":{"uv":[11.2769,11.9923],"uv_size":[-0.0547,-0.475]}}}],"name":"rot_15"},{"parent":"geyser_custom_z","pivot":[-4.2071,1.5,-2.5],"rotation":[0,-0,0],"cubes":[{"origin":[-4.7071,0.5,-3.5],"size":[1,2,3],"pivot":[-4.2071,1.5,-2.5],"uv":{"east":{"uv":[11.2804,11.5194],"uv_size":[0.164,0.1357]},"west":{"uv":[11.7249,11.5884],"uv_size":[0.164,0.1357]},"up":{"uv":[11.8342,11.7274],"uv_size":[0.0547,0.2036]},"down":{"uv":[12.0564,11.9277],"uv_size":[0.0547,-0.2036]}}}],"name":"rot_16"},{"parent":"geyser_custom_z","pivot":[-4.2071,1.5,0.5],"rotation":[0,-0,0],"cubes":[{"origin":[-4.7071,0.5,-0.5],"size":[1,5,4],"pivot":[-4.2071,1.5,0.5],"uv":{"north":{"uv":[12.0009,11.5917],"uv_size":[0.0547,0.3393]},"south":{"uv":[11.2787,11.6607],"uv_size":[0.0547,0.3393]},"east":{"uv":[11.6147,9.9366],"uv_size":[0.2187,0.3393]},"west":{"uv":[11.6147,10.2814],"uv_size":[0.2187,0.3393]},"up":{"uv":[11.3342,11.6596],"uv_size":[0.0547,0.2714]},"down":{"uv":[11.3898,11.9266],"uv_size":[0.0547,-0.2714]}}}],"name":"rot_17"},{"parent":"geyser_custom_z","pivot":[-4.2071,6.5,-2.5],"rotation":[0,-0,0],"cubes":[{"origin":[-4.7071,5.5,-3.5],"size":[1,3,7],"pivot":[-4.2071,6.5,-2.5],"uv":{"north":{"uv":[12.112,11.7274],"uv_size":[0.0547,0.2036]},"east":{"uv":[11.0062,11.0378],"uv_size":[0.3827,0.2036]},"west":{"uv":[11.3951,11.0378],"uv_size":[0.3827,0.2036]},"up":{"uv":[11.4453,11.387],"uv_size":[0.0547,0.475]},"down":{"uv":[11.2231,11.9923],"uv_size":[0.0547,-0.475]}}}],"name":"rot_18"},{"parent":"geyser_custom_z","pivot":[3,0,-4.2071],"rotation":[0,0,0],"cubes":[{"origin":[2,0,-4.2071],"size":[1,2.5,1],"pivot":[3,0,-4.2071],"uv":{"north":{"uv":[11.7769,11.8648],"uv_size":[-0.0547,0.1697]},"south":{"uv":[12.2769,11.589],"uv_size":[-0.0547,0.1697]},"east":{"uv":[12.2769,11.7959],"uv_size":[-0.0547,0.1697]},"west":{"uv":[11.8324,11.8648],"uv_size":[-0.0547,0.1697]},"up":{"uv":[12.3324,11.7942],"uv_size":[-0.0547,0.0679]},"down":{"uv":[12.3324,11.9299],"uv_size":[-0.0547,-0.0679]}}}],"name":"rot_19"},{"parent":"geyser_custom_z","pivot":[2.806,8.6206,0],"rotation":[0,0,0],"cubes":[{"origin":[2.056,7.3706,-4.5],"size":[1.5,2,9],"pivot":[2.806,8.6206,0],"uv":{"north":{"uv":[11.582,11.8643],"uv_size":[-0.082,0.1357]},"south":{"uv":[11.6931,11.8643],"uv_size":[-0.082,0.1357]},"east":{"uv":[12.1031,10.7608],"uv_size":[-0.492,0.1357]},"west":{"uv":[12.1031,10.6229],"uv_size":[-0.492,0.1357]},"down":{"uv":[11.082,11.9901],"uv_size":[-0.082,-0.6108]}}}],"name":"rot_20"},{"parent":"geyser_custom_z","pivot":[1,-0.5,-4.2071],"rotation":[0,0,0],"cubes":[{"origin":[-4,5.5,-4.2071],"size":[2,2,1],"pivot":[1,-0.5,-4.2071],"uv":{"north":{"uv":[12.1129,10.8988],"uv_size":[0.1093,0.1357]},"south":{"uv":[11.724,11.7263],"uv_size":[0.1093,0.1357]},"west":{"uv":[12.2787,11.3126],"uv_size":[0.0547,0.1357]},"down":{"uv":[12.1684,11.4472],"uv_size":[0.1093,-0.0679]}}}],"name":"rot_21"},{"parent":"geyser_custom_z","pivot":[1,0.5,-4.2071],"rotation":[0,0,0],"cubes":[{"origin":[-4,7.5,-4.2071],"size":[8,1,1],"pivot":[1,0.5,-4.2071],"uv":{"north":{"uv":[11.8404,10.4149],"uv_size":[0.4373,0.0679]},"south":{"uv":[11.8404,10.4839],"uv_size":[0.4373,0.0679]},"up":{"uv":[11.8404,10.5528],"uv_size":[0.4373,0.0679]},"down":{"uv":[11.7293,11.4472],"uv_size":[0.4373,-0.0679]}}},{"origin":[3,0.5,-4.2071],"size":[1,2,1],"pivot":[1,0.5,-4.2071],"uv":{"north":{"uv":[11.388,11.9332],"uv_size":[-0.0547,0.1357]},"south":{"uv":[11.4436,11.9332],"uv_size":[-0.0547,0.1357]},"up":{"uv":[12.3324,11.7252],"uv_size":[-0.0547,0.0679]},"down":{"uv":[12.2213,11.9989],"uv_size":[-0.0547,-0.0679]}}}],"name":"rot_22"},{"parent":"geyser_custom_z","pivot":[1,0.5,3.2071],"rotation":[0,0,0],"cubes":[{"origin":[-4,0.5,3.2071],"size":[8,8,1],"pivot":[1,0.5,3.2071],"uv":{"north":{"uv":[10.6738,9.9399],"uv_size":[0.4373,0.5429]},"south":{"uv":[10.6738,10.4916],"uv_size":[0.4373,0.5429]},"up":{"uv":[11.8404,10.277],"uv_size":[0.4373,0.0679]},"down":{"uv":[11.8404,10.4127],"uv_size":[0.4373,-0.0679]}}}],"name":"rot_23"},{"parent":"geyser_custom_z","pivot":[-1,-0.5,-4.2071],"rotation":[0,0,0],"cubes":[{"origin":[2,5.5,-4.2071],"size":[2,2,1],"pivot":[-1,-0.5,-4.2071],"uv":{"north":{"uv":[12.2204,10.8988],"uv_size":[-0.1093,0.1357]},"south":{"uv":[11.8316,11.7263],"uv_size":[-0.1093,0.1357]},"east":{"uv":[12.3324,11.3126],"uv_size":[-0.0547,0.1357]},"down":{"uv":[12.276,11.4472],"uv_size":[-0.1093,-0.0679]}}}],"name":"rot_24"},{"parent":"geyser_custom_z","pivot":[-1,0.5,-4.2071],"rotation":[0,0,0],"cubes":[{"origin":[-4,0.5,-4.2071],"size":[1,2,1],"pivot":[-1,0.5,-4.2071],"uv":{"north":{"uv":[11.3342,11.9332],"uv_size":[0.0547,0.1357]},"south":{"uv":[11.3898,11.9332],"uv_size":[0.0547,0.1357]},"up":{"uv":[12.2787,11.7252],"uv_size":[0.0547,0.0679]},"down":{"uv":[12.1676,11.9989],"uv_size":[0.0547,-0.0679]}}}],"name":"rot_25"},{"parent":"geyser_custom_z","pivot":[-2.806,8.6206,0],"rotation":[0,0,0],"cubes":[{"origin":[-3.556,7.3706,-4.5],"size":[1.5,2,9],"pivot":[-2.806,8.6206,0],"uv":{"north":{"uv":[11.5013,11.8643],"uv_size":[0.082,0.1357]},"south":{"uv":[11.6124,11.8643],"uv_size":[0.082,0.1357]},"east":{"uv":[11.6191,10.6229],"uv_size":[0.492,0.1357]},"west":{"uv":[11.6191,10.7608],"uv_size":[0.492,0.1357]},"down":{"uv":[11.0013,11.9901],"uv_size":[0.082,-0.6108]}}}],"name":"rot_26"},{"parent":"geyser_custom_z","pivot":[-3,0,-4.2071],"rotation":[0,0,0],"cubes":[{"origin":[-3,0,-4.2071],"size":[1,2.5,1],"pivot":[-3,0,-4.2071],"uv":{"north":{"uv":[11.7231,11.8648],"uv_size":[0.0547,0.1697]},"south":{"uv":[12.2231,11.589],"uv_size":[0.0547,0.1697]},"east":{"uv":[11.7787,11.8648],"uv_size":[0.0547,0.1697]},"west":{"uv":[12.2231,11.7959],"uv_size":[0.0547,0.1697]},"up":{"uv":[12.2787,11.7942],"uv_size":[0.0547,0.0679]},"down":{"uv":[12.2787,11.9299],"uv_size":[0.0547,-0.0679]}}}],"name":"rot_27"},{"parent":"geyser_custom_z","pivot":[5.5,6.0529,4.1479],"rotation":[-22.5,0,0],"cubes":[{"origin":[5.5,3.8029,3.0229],"size":[0,4.5,2.25],"pivot":[5.5,6.0529,4.1479],"uv":{"west":{"uv":[7.246,4.9754],"uv_size":[-0.246,0.6108]}}}],"name":"rot_28"},{"parent":"geyser_custom_z","pivot":[5.2071,4,1.75],"rotation":[-22.5,0,0],"cubes":[{"origin":[4.7071,2,0.75],"size":[1,3,2],"pivot":[5.2071,4,1.75],"uv":{"north":{"uv":[12.2213,11.7274],"uv_size":[-0.0547,0.2036]},"south":{"uv":[12.2769,10.624],"uv_size":[-0.0547,0.2036]},"west":{"uv":[11.9982,11.5895],"uv_size":[-0.1093,0.2036]},"up":{"uv":[12.3324,10.8298],"uv_size":[-0.0547,0.1357]},"down":{"uv":[12.3324,11.3081],"uv_size":[-0.0547,-0.1357]}}},{"origin":[4.7071,2,0.75],"size":[1,3,2],"pivot":[5.2071,4,1.75],"uv":{"north":{"uv":[12.2213,11.7274],"uv_size":[-0.0547,0.2036]},"south":{"uv":[12.2769,10.624],"uv_size":[-0.0547,0.2036]},"west":{"uv":[11.9982,11.5895],"uv_size":[-0.1093,0.2036]},"up":{"uv":[12.3324,10.8298],"uv_size":[-0.0547,0.1357]},"down":{"uv":[12.3324,11.3081],"uv_size":[-0.0547,-0.1357]}}}],"name":"rot_29"},{"parent":"geyser_custom_z","pivot":[-5.2071,4,1.75],"rotation":[-22.5,0,0],"cubes":[{"origin":[-5.7071,2,0.75],"size":[1,3,2],"pivot":[-5.2071,4,1.75],"uv":{"north":{"uv":[12.1676,11.7274],"uv_size":[0.0547,0.2036]},"south":{"uv":[12.2231,10.624],"uv_size":[0.0547,0.2036]},"east":{"uv":[11.8907,11.5895],"uv_size":[0.1093,0.2036]},"up":{"uv":[12.2787,10.8298],"uv_size":[0.0547,0.1357]},"down":{"uv":[12.2787,11.3081],"uv_size":[0.0547,-0.1357]}}}],"name":"rot_30"},{"parent":"geyser_custom_z","pivot":[-5.5,6.0529,4.1479],"rotation":[-22.5,0,0],"cubes":[{"origin":[-5.5,3.8029,3.0229],"size":[0,4.5,2.25],"pivot":[-5.5,6.0529,4.1479],"uv":{"east":{"uv":[7.004,4.9754],"uv_size":[0.246,0.6108]}}}],"name":"rot_31"},{"parent":"geyser_custom_z","pivot":[4.375,11,0.15],"rotation":[0,0,22.5],"cubes":[{"origin":[3.6,9.5,-4.45],"size":[0.05,3,9],"pivot":[4.375,11,0.15],"uv":{"east":{"uv":[6.672,6.1909],"uv_size":[0.328,-1.2254]},"west":{"uv":[6.9947,6.1909],"uv_size":[-0.328,-1.2254]}}}],"name":"rot_32"},{"parent":"geyser_custom_z","pivot":[1.4,10.4,0],"rotation":[0,0,22.5],"cubes":[{"origin":[2.4,9.7,-4.5],"size":[1.5,1.5,9],"pivot":[1.4,10.4,0],"uv":{"north":{"uv":[12.3598,10.4154],"uv_size":[-0.082,0.1018]},"south":{"uv":[11.1931,11.9327],"uv_size":[-0.082,0.1018]},"east":{"uv":[12.3253,10.0706],"uv_size":[-0.492,0.1018]},"west":{"uv":[12.3253,9.9327],"uv_size":[-0.492,0.1018]},"up":{"uv":[10.9709,11.3203],"uv_size":[-0.082,0.6108]}}}],"name":"rot_33"},{"parent":"geyser_custom_z","pivot":[-2.2706,6.1533,-3.7321],"rotation":[0,0,22.5],"cubes":[{"origin":[-2.7706,5.6533,-4.2],"size":[1,2.2,0.99],"pivot":[-2.2706,6.1533,-3.7321],"uv":{"north":{"uv":[11.8342,11.9332],"uv_size":[0.0547,0.1357]},"south":{"uv":[12.0009,11.9332],"uv_size":[0.0547,0.1357]},"west":{"uv":[12.2787,11.5884],"uv_size":[0.0547,0.1357]}}}],"name":"rot_34"},{"parent":"geyser_custom_z","pivot":[4.7071,0.5,-3.5],"rotation":[0,-45,0],"cubes":[{"origin":[3.7071,0.5,-3.5],"size":[1,2,1],"pivot":[4.7071,0.5,-3.5],"uv":{"north":{"uv":[12.3324,10.5539],"uv_size":[-0.0547,0.1357]},"south":{"uv":[12.3324,10.6919],"uv_size":[-0.0547,0.1357]},"up":{"uv":[12.3324,10.9666],"uv_size":[-0.0547,0.0679]},"down":{"uv":[12.1658,11.9989],"uv_size":[-0.0547,-0.0679]}}}],"name":"rot_35"},{"parent":"geyser_custom_z","pivot":[4.7071,0.5,3.5],"rotation":[0,-45,0],"cubes":[{"origin":[3.7071,0.5,3.5],"size":[1,8,1],"pivot":[4.7071,0.5,3.5],"uv":{"east":{"uv":[11.2213,11.3881],"uv_size":[-0.0547,0.5429]},"west":{"uv":[11.1658,11.3881],"uv_size":[-0.0547,0.5429]},"up":{"uv":[12.3324,11.9321],"uv_size":[-0.0547,0.0679]},"down":{"uv":[10.7213,12.0679],"uv_size":[-0.0547,-0.0679]}}}],"name":"rot_36"},{"parent":"geyser_custom_z","pivot":[4.7071,5.5,-3.5],"rotation":[0,-45,0],"cubes":[{"origin":[3.7071,5.5,-3.5],"size":[1,3,1],"pivot":[4.7071,5.5,-3.5],"uv":{"north":{"uv":[11.9436,11.7964],"uv_size":[-0.0547,0.2036]},"south":{"uv":[11.9991,11.7964],"uv_size":[-0.0547,0.2036]},"up":{"uv":[12.388,9.9321],"uv_size":[-0.0547,0.0679]},"down":{"uv":[10.7769,12.0679],"uv_size":[-0.0547,-0.0679]}}}],"name":"rot_37"}]}]}
