{"format_version":"1.16.0","minecraft:geometry":[{"description":{"identifier":"geometry.geyser_custom.geo_e0290c6","texture_width":16,"texture_height":16,"visible_bounds_width":4,"visible_bounds_height":4.5,"visible_bounds_offset":[0,0.75,0]},"bones":[{"name":"geyser_custom","binding":"c.item_slot == 'head' ? 'head' : q.item_slot_to_bone_name(c.item_slot)","pivot":[0,8,0]},{"name":"geyser_custom_x","parent":"geyser_custom","pivot":[0,8,0]},{"name":"geyser_custom_y","parent":"geyser_custom_x","pivot":[0,8,0]},{"name":"geyser_custom_z","parent":"geyser_custom_y","pivot":[0,8,0],"cubes":[]},{"parent":"geyser_custom_z","pivot":[0,-1.9043,-1.2016],"rotation":[45,0,0],"cubes":[{"origin":[-0.4985,-2.8311,-1.9819],"size":[0.997,1,1],"pivot":[0,-1.9043,-1.2016],"uv":{"north":{"uv":[15.2204,15.584],"uv_size":[-0.1093,-0.1357]},"south":{"uv":[13.776,15.5884],"uv_size":[-0.1093,0.1357]},"east":{"uv":[15.1129,15.1746],"uv_size":[0.1093,0.1357]},"west":{"uv":[15.1129,15.3126],"uv_size":[0.1093,0.1357]},"down":{"uv":[15.2204,15.1702],"uv_size":[-0.1093,-0.1357]}}}],"name":"rot_1"},{"parent":"geyser_custom_z","pivot":[0,-0.5,0],"rotation":[45,0,0],"cubes":[{"origin":[-0.605,-1.105,-0.605],"size":[1.21,1.21,1.21],"pivot":[0,-0.5,0],"uv":{"north":{"uv":[15.0022,14.0717],"uv_size":[0.1367,0.1697]},"south":{"uv":[14.6689,15.3131],"uv_size":[0.1367,0.1697]},"east":{"uv":[14.3356,15.3131],"uv_size":[0.1367,0.1697]},"west":{"uv":[14.8911,15.3131],"uv_size":[0.1367,0.1697]},"up":{"uv":[13.3356,15.451],"uv_size":[0.1367,0.1697]},"down":{"uv":[15.1133,13.411],"uv_size":[0.1367,-0.1697]}}},{"origin":[-0.805,-0.905,-0.405],"size":[1.61,0.81,0.81],"pivot":[0,-0.5,0],"uv":{"north":{"uv":[15.1138,13.9327],"uv_size":[0.164,0.1018]},"south":{"uv":[15.1138,14.3465],"uv_size":[0.164,0.1018]},"east":{"uv":[13.8902,15.7258],"uv_size":[0.082,0.1018]},"west":{"uv":[15.3347,13.9327],"uv_size":[0.082,0.1018]},"up":{"uv":[15.1138,14.4844],"uv_size":[0.164,0.1018]},"down":{"uv":[15.1138,14.7225],"uv_size":[0.164,-0.1018]}}}],"name":"rot_2"},{"parent":"geyser_custom_z","pivot":[0,10.5,0],"rotation":[45,0,0],"cubes":[{"origin":[-0.5,9,-1.5],"size":[1,3,3],"pivot":[0,10.5,0],"uv":{"north":{"uv":[13.6684,14.7652],"uv_size":[0.1093,0.4072]},"south":{"uv":[13.7796,14.7652],"uv_size":[0.1093,0.4072]},"east":{"uv":[14.0053,13.7997],"uv_size":[0.328,0.4072]},"west":{"uv":[13.3387,14.2135],"uv_size":[0.328,0.4072]},"up":{"uv":[14.5573,13.7997],"uv_size":[0.1093,0.4072]},"down":{"uv":[13.8907,15.1658],"uv_size":[0.1093,-0.4072]}}}],"name":"rot_3"},{"parent":"geyser_custom_z","pivot":[0,13.3776,-2.0455],"rotation":[45,0,0],"cubes":[{"origin":[-0.5,11.6642,-3.341],"size":[1,2,1],"pivot":[0,13.3776,-2.0455],"uv":{"north":{"uv":[15.1093,13.7975],"uv_size":[-0.1093,0.2714]},"south":{"uv":[15.1093,13.7887],"uv_size":[-0.1093,-0.2714]},"east":{"uv":[14.8924,15.1746],"uv_size":[0.2187,0.1357]},"west":{"uv":[13.3369,15.3126],"uv_size":[0.2187,0.1357]},"up":{"uv":[15.3316,15.3081],"uv_size":[-0.1093,-0.1357]},"down":{"uv":[15.1093,15.7219],"uv_size":[-0.1093,-0.1357]}}},{"origin":[-0.249,13.1339,-1.7679],"size":[0.498,1.425,0.725],"pivot":[0,13.3776,-2.0455],"uv":{"south":{"uv":[15.388,13.8588],"uv_size":[-0.0547,-0.2036]},"east":{"uv":[15.1138,14.7603],"uv_size":[0.164,0.1018]},"west":{"uv":[15.1138,14.8982],"uv_size":[0.164,0.1018]},"up":{"uv":[14.8324,15.8259],"uv_size":[-0.0547,-0.1018]}}}],"name":"rot_4"},{"parent":"geyser_custom_z","pivot":[-0.001,5.5,-0.7929],"rotation":[45,0,0],"cubes":[{"origin":[-0.249,5,-1.2929],"size":[0.498,1,1],"pivot":[-0.001,5.5,-0.7929],"uv":{"north":{"uv":[15.3342,14.485],"uv_size":[0.0547,0.1357]},"south":{"uv":[14.4453,15.7263],"uv_size":[0.0547,0.1357]},"east":{"uv":[15.1129,15.5884],"uv_size":[0.1093,0.1357]},"west":{"uv":[15.224,15.4505],"uv_size":[0.1093,0.1357]},"down":{"uv":[15.3342,14.7564],"uv_size":[0.0547,-0.1357]}}}],"name":"rot_5"},{"parent":"geyser_custom_z","pivot":[-0.001,6.2071,-1.5],"rotation":[45,0,0],"cubes":[{"origin":[-0.249,5.7071,-2],"size":[0.498,1,1],"pivot":[-0.001,6.2071,-1.5],"uv":{"north":{"uv":[14.5564,15.7263],"uv_size":[0.0547,0.1357]},"east":{"uv":[15.224,15.5884],"uv_size":[0.1093,0.1357]},"west":{"uv":[13.3351,15.7263],"uv_size":[0.1093,0.1357]},"up":{"uv":[15.3342,14.7608],"uv_size":[0.0547,0.1357]}}}],"name":"rot_6"},{"parent":"geyser_custom_z","pivot":[-0.001,7.7071,-1.5],"rotation":[45,0,0],"cubes":[{"origin":[-0.249,7.2071,-2],"size":[0.498,1,1],"pivot":[-0.001,7.7071,-1.5],"uv":{"north":{"uv":[14.6676,15.7263],"uv_size":[0.0547,0.1357]},"east":{"uv":[15.3351,13.2436],"uv_size":[0.1093,0.1357]},"west":{"uv":[13.4462,15.7263],"uv_size":[0.1093,0.1357]},"up":{"uv":[15.3342,14.8988],"uv_size":[0.0547,0.1357]}}}],"name":"rot_7"},{"parent":"geyser_custom_z","pivot":[-0.001,8.25,1.4571],"rotation":[45,0,0],"cubes":[{"origin":[-0.999,7.75,0.9571],"size":[1.998,1,1],"pivot":[-0.001,8.25,1.4571],"uv":{"north":{"uv":[15.1076,14.8988],"uv_size":[-0.2187,0.1357]},"south":{"uv":[14.8853,15.1746],"uv_size":[-0.2187,0.1357]},"east":{"uv":[15.3316,15.0367],"uv_size":[-0.1093,0.1357]},"west":{"uv":[14.9982,15.5884],"uv_size":[-0.1093,0.1357]},"down":{"uv":[14.8924,15.0367],"uv_size":[0.2187,0.1357]}}}],"name":"rot_8"},{"parent":"geyser_custom_z","pivot":[-0.001,11.25,1.0429],"rotation":[45,0,0],"cubes":[{"origin":[-0.999,10.75,0.5429],"size":[1.998,1,1],"pivot":[-0.001,11.25,1.0429],"uv":{"north":{"uv":[15.1076,14.6229],"uv_size":[-0.2187,0.1357]},"south":{"uv":[15.1076,14.485],"uv_size":[-0.2187,0.1357]},"east":{"uv":[14.776,15.5884],"uv_size":[-0.1093,0.1357]},"west":{"uv":[14.8871,15.5884],"uv_size":[-0.1093,0.1357]},"up":{"uv":[14.8924,14.8943],"uv_size":[0.2187,-0.1357]}}}],"name":"rot_9"},{"parent":"geyser_custom_z","pivot":[0.025,7,-4.875],"rotation":[22.5,0,0],"cubes":[{"origin":[-0.025,-3,-6.75],"size":[0.05,4.5,2.25],"pivot":[0.025,7,-4.875],"uv":{"east":{"uv":[7.246,4.9754],"uv_size":[-0.246,0.6108]},"west":{"uv":[7.004,4.9754],"uv_size":[0.246,0.6108]}}}],"name":"rot_10"},{"parent":"geyser_custom_z","pivot":[0,-0.75,-0.975],"rotation":[22.5,0,0],"cubes":[{"origin":[-0.25,-1.25,-1.475],"size":[0.5,1,1.5],"pivot":[0,-0.75,-0.975],"uv":{"east":{"uv":[13.7804,15.4505],"uv_size":[0.164,0.1357]},"west":{"uv":[15.1138,13.7953],"uv_size":[0.164,0.1357]},"up":{"uv":[15.3342,13.3826],"uv_size":[0.0547,0.2036]},"down":{"uv":[13.6676,15.9277],"uv_size":[0.0547,-0.2036]}}}],"name":"rot_11"},{"parent":"geyser_custom_z","pivot":[1.25,6,-10],"rotation":[-0,0,0],"cubes":[{"origin":[1.1,6.5,-2.5],"size":[0,5,5],"pivot":[1.25,6,-10],"uv":{"west":{"uv":[12.4533,9.9421],"uv_size":[0.5467,0.6786]}}}],"name":"rot_12"},{"parent":"geyser_custom_z","pivot":[0.3,12,0],"rotation":[-0,0,0],"cubes":[{"origin":[0.3,6.5,-2],"size":[0,11,4],"pivot":[0.3,12,0],"uv":{"west":{"uv":[6.6596,6.4668],"uv_size":[-0.4373,-1.5012]}}}],"name":"rot_13"},{"parent":"geyser_custom_z","pivot":[0.025,-1.5,-0.5],"rotation":[-0,0,0],"cubes":[{"origin":[-0.025,-4.5,-2],"size":[0.05,4,4],"pivot":[0.025,-1.5,-0.5],"uv":{"east":{"uv":[14.4373,13.2502],"uv_size":[-0.4373,0.5429]},"west":{"uv":[14.0071,13.2502],"uv_size":[0.4373,0.5429]}}}],"name":"rot_14"},{"parent":"geyser_custom_z","pivot":[0,-1.9043,-1.2016],"rotation":[-0,0,0],"cubes":[{"origin":[-0.5,-2.4043,-1.8051],"size":[1,2,1],"pivot":[0,-1.9043,-1.2016],"uv":{"north":{"uv":[13.8871,15.4439],"uv_size":[-0.1093,-0.2714]},"south":{"uv":[14.9982,13.7975],"uv_size":[-0.1093,0.2714]},"east":{"uv":[14.8924,13.2436],"uv_size":[0.2187,0.1357]},"west":{"uv":[14.8924,13.3815],"uv_size":[0.2187,0.1357]},"up":{"uv":[14.6649,15.584],"uv_size":[-0.1093,-0.1357]},"down":{"uv":[14.776,13.653],"uv_size":[-0.1093,-0.1357]}}}],"name":"rot_15"},{"parent":"geyser_custom_z","pivot":[0,-1.9043,1.2016],"rotation":[-0,0,0],"cubes":[{"origin":[-0.5,-2.4043,0.8051],"size":[1,2,1],"pivot":[0,-1.9043,1.2016],"uv":{"north":{"uv":[14.8907,13.7975],"uv_size":[0.1093,0.2714]},"south":{"uv":[13.7796,15.4439],"uv_size":[0.1093,-0.2714]},"east":{"uv":[14.8924,13.3771],"uv_size":[0.2187,-0.1357]},"west":{"uv":[14.8924,13.515],"uv_size":[0.2187,-0.1357]},"up":{"uv":[14.6649,15.4505],"uv_size":[-0.1093,0.1357]},"down":{"uv":[14.776,13.5194],"uv_size":[-0.1093,0.1357]}}}],"name":"rot_16"},{"parent":"geyser_custom_z","pivot":[0,13.3776,-2.0455],"rotation":[-0,0,0],"cubes":[{"origin":[-0.499,12.6642,-3.1642],"size":[0.998,3,1],"pivot":[0,13.3776,-2.0455],"uv":{"north":{"uv":[14.6649,13.248],"uv_size":[-0.1093,0.4072]},"south":{"uv":[14.1093,15.0279],"uv_size":[-0.1093,-0.4072]},"east":{"uv":[13.672,14.6229],"uv_size":[0.328,0.1357]},"west":{"uv":[14.4498,13.6574],"uv_size":[0.328,0.1357]},"up":{"uv":[15.3316,15.4461],"uv_size":[-0.1093,-0.1357]}}},{"origin":[-0.25,13.4142,-2.1642],"size":[0.5,0.5,1],"pivot":[0,13.3776,-2.0455],"uv":{"south":{"uv":[15.388,15.1023],"uv_size":[-0.0547,-0.0679]},"east":{"uv":[14.112,15.7263],"uv_size":[0.0547,0.1357]},"west":{"uv":[14.2231,15.7263],"uv_size":[0.0547,0.1357]},"up":{"uv":[15.388,14.2047],"uv_size":[-0.0547,-0.1357]},"down":{"uv":[15.388,14.3426],"uv_size":[-0.0547,-0.1357]}}}],"name":"rot_17"},{"parent":"geyser_custom_z","pivot":[0,13.3776,2.0455],"rotation":[-0,0,0],"cubes":[{"origin":[-0.499,12.6642,2.1642],"size":[0.998,3,1],"pivot":[0,13.3776,2.0455],"uv":{"north":{"uv":[14.0018,15.0279],"uv_size":[0.1093,-0.4072]},"south":{"uv":[14.5573,13.248],"uv_size":[0.1093,0.4072]},"east":{"uv":[13.672,14.7564],"uv_size":[0.328,-0.1357]},"west":{"uv":[14.4498,13.7909],"uv_size":[0.328,-0.1357]},"up":{"uv":[15.3316,15.3126],"uv_size":[-0.1093,0.1357]}}},{"origin":[-0.25,13.4142,1.1642],"size":[0.5,0.5,1],"pivot":[0,13.3776,2.0455],"uv":{"north":{"uv":[15.3342,15.1023],"uv_size":[0.0547,-0.0679]},"east":{"uv":[14.112,15.8599],"uv_size":[0.0547,-0.1357]},"west":{"uv":[14.2231,15.8599],"uv_size":[0.0547,-0.1357]},"up":{"uv":[15.388,14.0712],"uv_size":[-0.0547,0.1357]},"down":{"uv":[15.388,14.2091],"uv_size":[-0.0547,0.1357]}}}],"name":"rot_18"},{"parent":"geyser_custom_z","pivot":[-0.3,12,0],"rotation":[-0,0,0],"cubes":[{"origin":[-0.3,6.5,-2],"size":[0,11,4],"pivot":[-0.3,12,0],"uv":{"east":{"uv":[6.2293,6.4668],"uv_size":[0.4373,-1.5012]}}}],"name":"rot_19"},{"parent":"geyser_custom_z","pivot":[-1.25,6,-10],"rotation":[-0,0,0],"cubes":[{"origin":[-1.1,6.5,-2.5],"size":[0,5,5],"pivot":[-1.25,6,-10],"uv":{"east":{"uv":[12.9911,9.9421],"uv_size":[-0.5467,0.6786]}}}],"name":"rot_20"},{"parent":"geyser_custom_z","pivot":[1,3,-0.75],"rotation":[0,-0,0],"cubes":[{"origin":[-1,8.25,-1.75],"size":[2,3,1],"pivot":[1,3,-0.75],"uv":{"north":{"uv":[13.6702,14.2135],"uv_size":[0.2187,0.4072]},"south":{"uv":[13.8924,14.2135],"uv_size":[0.2187,0.4072]},"east":{"uv":[14.4462,13.248],"uv_size":[0.1093,0.4072]},"west":{"uv":[13.5573,14.6273],"uv_size":[0.1093,0.4072]},"up":{"uv":[14.8924,14.347],"uv_size":[0.2187,0.1357]},"down":{"uv":[14.3369,15.3081],"uv_size":[0.2187,-0.1357]}}}],"name":"rot_21"},{"parent":"geyser_custom_z","pivot":[1,3,0.75],"rotation":[0,-0,0],"cubes":[{"origin":[-1,8.25,0.75],"size":[2,3,1],"pivot":[1,3,0.75],"uv":{"north":{"uv":[14.1076,14.2135],"uv_size":[-0.2187,0.4072]},"south":{"uv":[13.8853,14.2135],"uv_size":[-0.2187,0.4072]},"east":{"uv":[14.5538,13.248],"uv_size":[-0.1093,0.4072]},"west":{"uv":[13.6649,14.6273],"uv_size":[-0.1093,0.4072]},"up":{"uv":[14.8924,14.4806],"uv_size":[0.2187,-0.1357]},"down":{"uv":[14.3369,15.1746],"uv_size":[0.2187,0.1357]}}}],"name":"rot_22"},{"parent":"geyser_custom_z","pivot":[0.75,17,-8],"rotation":[0,-0,0],"cubes":[{"origin":[-0.25,5.5,-1.5],"size":[0.5,3,1],"pivot":[0.75,17,-8],"uv":{"north":{"uv":[13.5564,15.4549],"uv_size":[0.0547,0.4072]},"south":{"uv":[14.0009,15.4549],"uv_size":[0.0547,0.4072]},"east":{"uv":[14.5573,14.2135],"uv_size":[0.1093,0.4072]},"west":{"uv":[14.5573,14.6273],"uv_size":[0.1093,0.4072]},"up":{"uv":[15.3342,14.347],"uv_size":[0.0547,0.1357]},"down":{"uv":[14.3342,15.8599],"uv_size":[0.0547,-0.1357]}}}],"name":"rot_23"},{"parent":"geyser_custom_z","pivot":[0.75,17,8],"rotation":[0,-0,0],"cubes":[{"origin":[-0.25,5.5,0.5],"size":[0.5,3,1],"pivot":[0.75,17,8],"uv":{"north":{"uv":[14.0547,15.4549],"uv_size":[-0.0547,0.4072]},"south":{"uv":[13.6102,15.4549],"uv_size":[-0.0547,0.4072]},"east":{"uv":[14.6649,14.2135],"uv_size":[-0.1093,0.4072]},"west":{"uv":[14.6649,14.6273],"uv_size":[-0.1093,0.4072]},"up":{"uv":[15.3342,14.4806],"uv_size":[0.0547,-0.1357]},"down":{"uv":[14.3342,15.7263],"uv_size":[0.0547,0.1357]}}}],"name":"rot_24"},{"parent":"geyser_custom_z","pivot":[0.748,20.2071,-8.7071],"rotation":[0,-0,0],"cubes":[{"origin":[-0.248,6.2071,-2.2071],"size":[0.496,1.5,1],"pivot":[0.748,20.2071,-8.7071],"uv":{"north":{"uv":[13.7787,15.7274],"uv_size":[0.0547,0.2036]},"east":{"uv":[14.1129,15.4516],"uv_size":[0.1093,0.2036]},"west":{"uv":[14.224,15.4516],"uv_size":[0.1093,0.2036]}}}],"name":"rot_25"},{"parent":"geyser_custom_z","pivot":[0.748,20.2071,8.7071],"rotation":[0,-0,0],"cubes":[{"origin":[-0.248,6.2071,1.2071],"size":[0.496,1.5,1],"pivot":[0.748,20.2071,8.7071],"uv":{"south":{"uv":[13.8324,15.7274],"uv_size":[-0.0547,0.2036]},"east":{"uv":[14.2204,15.4516],"uv_size":[-0.1093,0.2036]},"west":{"uv":[14.3316,15.4516],"uv_size":[-0.1093,0.2036]}}}],"name":"rot_26"},{"parent":"geyser_custom_z","pivot":[0.5,-0.25,-0.5],"rotation":[0,-0,0],"cubes":[{"origin":[-0.5,-0.25,-0.5],"size":[1,1,1],"pivot":[0.5,-0.25,-0.5],"uv":{"north":{"uv":[13.7796,15.5884],"uv_size":[0.1093,0.1357]},"south":{"uv":[15.224,14.0712],"uv_size":[0.1093,0.1357]},"east":{"uv":[13.8907,15.5884],"uv_size":[0.1093,0.1357]},"west":{"uv":[15.224,14.2091],"uv_size":[0.1093,0.1357]},"up":{"uv":[14.3351,15.5884],"uv_size":[0.1093,0.1357]},"down":{"uv":[14.4462,15.7219],"uv_size":[0.1093,-0.1357]}}}],"name":"rot_27"},{"parent":"geyser_custom_z","pivot":[0.5,1.65,-0.5],"rotation":[0,-0,0],"cubes":[{"origin":[-0.4,0.75,-0.4],"size":[0.8,2.8,0.8],"pivot":[0.5,1.65,-0.5],"uv":{"north":{"uv":[13.5569,15.0406],"uv_size":[0.082,0.3732]},"south":{"uv":[14.5569,15.0406],"uv_size":[0.082,0.3732]},"east":{"uv":[14.0013,15.0406],"uv_size":[0.082,0.3732]},"west":{"uv":[13.668,15.1785],"uv_size":[0.082,0.3732]}}}],"name":"rot_28"},{"parent":"geyser_custom_z","pivot":[0.5,3.55,-0.5],"rotation":[0,-0,0],"cubes":[{"origin":[-0.5,3.55,-0.5],"size":[1,2,1],"pivot":[0.5,3.55,-0.5],"uv":{"north":{"uv":[13.8907,15.1768],"uv_size":[0.1093,0.2714]},"south":{"uv":[14.1129,15.1768],"uv_size":[0.1093,0.2714]},"east":{"uv":[14.8907,14.0734],"uv_size":[0.1093,0.2714]},"west":{"uv":[14.224,15.1768],"uv_size":[0.1093,0.2714]},"down":{"uv":[14.5573,15.7219],"uv_size":[0.1093,-0.1357]}}}],"name":"rot_29"},{"parent":"geyser_custom_z","pivot":[0.5,5.55,-0.5],"rotation":[0,-0,0],"cubes":[{"origin":[-0.575,5.55,-0.575],"size":[1.15,2.7,1.15],"pivot":[0.5,5.55,-0.5],"uv":{"north":{"uv":[14.3356,14.075],"uv_size":[0.1367,0.3732]},"south":{"uv":[14.3356,14.4888],"uv_size":[0.1367,0.3732]},"east":{"uv":[14.1133,14.4888],"uv_size":[0.1367,0.3732]},"west":{"uv":[13.3356,14.6268],"uv_size":[0.1367,0.3732]},"down":{"uv":[15.1133,13.6869],"uv_size":[0.1367,-0.1697]}}}],"name":"rot_30"},{"parent":"geyser_custom_z","pivot":[0.025,-3,-7.75],"rotation":[0,-0,0],"cubes":[{"origin":[-0.025,11,-2.75],"size":[0.05,6.5,5.5],"pivot":[0.025,-3,-7.75],"uv":{"east":{"uv":[13.9347,13.2557],"uv_size":[-0.6013,0.8822]},"west":{"uv":[13.3431,13.2557],"uv_size":[0.6013,0.8822]}}}],"name":"rot_31"},{"parent":"geyser_custom_z","pivot":[0.025,7,4.875],"rotation":[-22.5,0,0],"cubes":[{"origin":[-0.025,-3,4.5],"size":[0.05,4.5,2.25],"pivot":[0.025,7,4.875],"uv":{"east":{"uv":[7.004,4.9754],"uv_size":[0.246,0.6108]},"west":{"uv":[7.246,4.9754],"uv_size":[-0.246,0.6108]}}}],"name":"rot_32"},{"parent":"geyser_custom_z","pivot":[0,-0.75,0.975],"rotation":[-22.5,0,0],"cubes":[{"origin":[-0.25,-1.25,-0.025],"size":[0.5,1,1.5],"pivot":[0,-0.75,0.975],"uv":{"east":{"uv":[13.9418,15.4505],"uv_size":[-0.164,0.1357]},"west":{"uv":[15.2751,13.7953],"uv_size":[-0.164,0.1357]},"up":{"uv":[15.3342,13.5829],"uv_size":[0.0547,-0.2036]},"down":{"uv":[13.6676,15.7274],"uv_size":[0.0547,0.2036]}}}],"name":"rot_33"},{"parent":"geyser_custom_z","pivot":[0,-1.9043,1.2016],"rotation":[-45,0,0],"cubes":[{"origin":[-0.4985,-2.8311,0.9819],"size":[0.997,1,1],"pivot":[0,-1.9043,1.2016],"uv":{"north":{"uv":[13.6684,15.5884],"uv_size":[0.1093,0.1357]},"south":{"uv":[15.1129,15.584],"uv_size":[0.1093,-0.1357]},"east":{"uv":[15.1129,15.3081],"uv_size":[0.1093,-0.1357]},"west":{"uv":[15.1129,15.4461],"uv_size":[0.1093,-0.1357]},"down":{"uv":[15.2204,15.0367],"uv_size":[-0.1093,0.1357]}}}],"name":"rot_34"},{"parent":"geyser_custom_z","pivot":[0,9,0],"rotation":[-45,0,0],"cubes":[{"origin":[-0.6,8,-1],"size":[1.2,2,2],"pivot":[0,9,0],"uv":{"north":{"uv":[14.6689,13.2458],"uv_size":[0.1367,0.2714]},"south":{"uv":[14.6689,13.7975],"uv_size":[0.1367,0.2714]},"east":{"uv":[14.1147,14.2113],"uv_size":[0.2187,0.2714]},"west":{"uv":[14.3369,13.7975],"uv_size":[0.2187,0.2714]},"up":{"uv":[14.6689,14.0734],"uv_size":[0.1367,0.2714]},"down":{"uv":[14.1133,15.168],"uv_size":[0.1367,-0.2714]}}},{"origin":[-0.8,8.2,-0.8],"size":[1.6,1.6,1.6],"pivot":[0,9,0],"uv":{"north":{"uv":[14.6693,14.3481],"uv_size":[0.164,0.2036]},"south":{"uv":[14.6693,14.624],"uv_size":[0.164,0.2036]},"east":{"uv":[14.336,14.8999],"uv_size":[0.164,0.2036]},"west":{"uv":[14.6693,14.8999],"uv_size":[0.164,0.2036]},"up":{"uv":[13.336,15.0378],"uv_size":[0.164,0.2036]},"down":{"uv":[14.7804,13.7208],"uv_size":[0.164,-0.2036]}}}],"name":"rot_35"},{"parent":"geyser_custom_z","pivot":[0,13.3776,2.0455],"rotation":[-45,0,0],"cubes":[{"origin":[-0.249,13.1339,1.0429],"size":[0.498,1.425,0.725],"pivot":[0,13.3776,2.0455],"uv":{"north":{"uv":[15.3342,13.8588],"uv_size":[0.0547,-0.2036]},"east":{"uv":[15.1138,14.8604],"uv_size":[0.164,-0.1018]},"west":{"uv":[15.1138,14.9983],"uv_size":[0.164,-0.1018]},"up":{"uv":[14.8324,15.7258],"uv_size":[-0.0547,0.1018]}}},{"origin":[-0.5,11.6642,2.341],"size":[1,2,1],"pivot":[0,13.3776,2.0455],"uv":{"north":{"uv":[15.0018,13.7887],"uv_size":[0.1093,-0.2714]},"south":{"uv":[15.0018,13.7975],"uv_size":[0.1093,0.2714]},"east":{"uv":[14.8924,15.3081],"uv_size":[0.2187,-0.1357]},"west":{"uv":[13.3369,15.4461],"uv_size":[0.2187,-0.1357]},"up":{"uv":[15.3316,15.1746],"uv_size":[-0.1093,0.1357]},"down":{"uv":[15.1093,15.5884],"uv_size":[-0.1093,0.1357]}}}],"name":"rot_36"},{"parent":"geyser_custom_z","pivot":[-0.001,5.5,0.7929],"rotation":[-45,0,0],"cubes":[{"origin":[-0.249,5,0.2929],"size":[0.498,1,1],"pivot":[-0.001,5.5,0.7929],"uv":{"north":{"uv":[14.4991,15.7263],"uv_size":[-0.0547,0.1357]},"south":{"uv":[15.388,14.485],"uv_size":[-0.0547,0.1357]},"east":{"uv":[15.2204,15.5884],"uv_size":[-0.1093,0.1357]},"west":{"uv":[15.3316,15.4505],"uv_size":[-0.1093,0.1357]},"down":{"uv":[15.3342,14.6229],"uv_size":[0.0547,0.1357]}}}],"name":"rot_37"},{"parent":"geyser_custom_z","pivot":[-0.001,6.2071,1.5],"rotation":[-45,0,0],"cubes":[{"origin":[-0.249,5.7071,1],"size":[0.498,1,1],"pivot":[-0.001,6.2071,1.5],"uv":{"south":{"uv":[14.6102,15.7263],"uv_size":[-0.0547,0.1357]},"east":{"uv":[15.3316,15.5884],"uv_size":[-0.1093,0.1357]},"west":{"uv":[13.4427,15.7263],"uv_size":[-0.1093,0.1357]},"up":{"uv":[15.3342,14.8943],"uv_size":[0.0547,-0.1357]}}}],"name":"rot_38"},{"parent":"geyser_custom_z","pivot":[-0.001,7.7071,1.5],"rotation":[-45,0,0],"cubes":[{"origin":[-0.249,7.2071,1],"size":[0.498,1,1],"pivot":[-0.001,7.7071,1.5],"uv":{"south":{"uv":[14.7213,15.7263],"uv_size":[-0.0547,0.1357]},"east":{"uv":[15.4427,13.2436],"uv_size":[-0.1093,0.1357]},"west":{"uv":[13.5538,15.7263],"uv_size":[-0.1093,0.1357]},"up":{"uv":[15.3342,15.0323],"uv_size":[0.0547,-0.1357]}}}],"name":"rot_39"},{"parent":"geyser_custom_z","pivot":[-0.001,8.25,-1.4571],"rotation":[-45,0,0],"cubes":[{"origin":[-0.999,7.75,-1.9571],"size":[1.998,1,1],"pivot":[-0.001,8.25,-1.4571],"uv":{"north":{"uv":[14.6702,15.1746],"uv_size":[0.2187,0.1357]},"south":{"uv":[14.8924,14.8988],"uv_size":[0.2187,0.1357]},"east":{"uv":[15.224,15.0367],"uv_size":[0.1093,0.1357]},"west":{"uv":[14.8907,15.5884],"uv_size":[0.1093,0.1357]},"down":{"uv":[14.8924,15.1702],"uv_size":[0.2187,-0.1357]}}}],"name":"rot_40"},{"parent":"geyser_custom_z","pivot":[-0.001,11.25,-1.0429],"rotation":[-45,0,0],"cubes":[{"origin":[-0.999,10.75,-1.5429],"size":[1.998,1,1],"pivot":[-0.001,11.25,-1.0429],"uv":{"north":{"uv":[14.8924,14.485],"uv_size":[0.2187,0.1357]},"south":{"uv":[14.8924,14.6229],"uv_size":[0.2187,0.1357]},"east":{"uv":[14.6684,15.5884],"uv_size":[0.1093,0.1357]},"west":{"uv":[14.7796,15.5884],"uv_size":[0.1093,0.1357]},"up":{"uv":[14.8924,14.7608],"uv_size":[0.2187,0.1357]}}}],"name":"rot_41"}]}]}
