{"format_version":"1.16.0","minecraft:geometry":[{"description":{"identifier":"geometry.geyser_custom.geo_51cc69b","texture_width":16,"texture_height":16,"visible_bounds_width":4,"visible_bounds_height":4.5,"visible_bounds_offset":[0,0.75,0]},"bones":[{"name":"geyser_custom","binding":"c.item_slot == 'head' ? 'head' : q.item_slot_to_bone_name(c.item_slot)","pivot":[0,8,0]},{"name":"geyser_custom_x","parent":"geyser_custom","pivot":[0,8,0]},{"name":"geyser_custom_y","parent":"geyser_custom_x","pivot":[0,8,0]},{"name":"geyser_custom_z","parent":"geyser_custom_y","pivot":[0,8,0],"cubes":[{"origin":[0.5,8.5,1],"size":[0,9,3],"uv":{"west":{"uv":[6.672,4.9815],"uv_size":[0.328,1.2254]}}}]},{"parent":"geyser_custom_z","pivot":[0,-0.5,0],"rotation":[45,0,0],"cubes":[{"origin":[-0.605,-1.105,-0.605],"size":[1.21,1.21,1.21],"pivot":[0,-0.5,0],"uv":{"north":{"uv":[15.4467,9.2441],"uv_size":[0.1367,0.1697]},"south":{"uv":[15.5578,6.8993],"uv_size":[0.1367,0.1697]},"east":{"uv":[15.5578,6.6234],"uv_size":[0.1367,0.1697]},"west":{"uv":[15.5578,7.1752],"uv_size":[0.1367,0.1697]},"up":{"uv":[14.1133,9.3821],"uv_size":[0.1367,0.1697]},"down":{"uv":[15.5578,7.8938],"uv_size":[0.1367,-0.1697]}}},{"origin":[-0.805,-0.905,-0.405],"size":[1.61,0.81,0.81],"pivot":[0,-0.5,0],"uv":{"north":{"uv":[14.8916,9.381],"uv_size":[0.164,0.1018]},"south":{"uv":[15.1138,9.381],"uv_size":[0.164,0.1018]},"east":{"uv":[15.7791,8.5534],"uv_size":[0.082,0.1018]},"west":{"uv":[15.0013,9.6568],"uv_size":[0.082,0.1018]},"up":{"uv":[15.5582,8.9672],"uv_size":[0.164,0.1018]},"down":{"uv":[15.5582,9.2052],"uv_size":[0.164,-0.1018]}}}],"name":"rot_1"},{"parent":"geyser_custom_z","pivot":[0,7.5,0],"rotation":[45,0,0],"cubes":[{"origin":[-0.5,6,-1.5],"size":[1,3,3],"pivot":[0,7.5,0],"uv":{"north":{"uv":[14.4462,8.5583],"uv_size":[0.1093,0.4072]},"south":{"uv":[14.5573,8.5583],"uv_size":[0.1093,0.4072]},"east":{"uv":[14.1164,7.317],"uv_size":[0.328,0.4072]},"west":{"uv":[14.1164,7.7308],"uv_size":[0.328,0.4072]},"up":{"uv":[14.8907,8.2825],"uv_size":[0.1093,0.4072]},"down":{"uv":[15.0018,7.0279],"uv_size":[0.1093,-0.4072]}}}],"name":"rot_2"},{"parent":"geyser_custom_z","pivot":[0,18.5,0],"rotation":[45,0,0],"cubes":[{"origin":[-0.5,17,-1.5],"size":[1,2,2],"pivot":[0,18.5,0],"uv":{"north":{"uv":[15.4462,7.7286],"uv_size":[0.1093,0.2714]},"south":{"uv":[15.4462,8.0044],"uv_size":[0.1093,0.2714]},"east":{"uv":[14.7813,7.4527],"uv_size":[0.2187,0.2714]},"west":{"uv":[14.7813,7.7286],"uv_size":[0.2187,0.2714]},"up":{"uv":[15.4462,8.2803],"uv_size":[0.1093,0.2714]},"down":{"uv":[15.4462,8.8232],"uv_size":[0.1093,-0.2714]}}}],"name":"rot_3"},{"parent":"geyser_custom_z","pivot":[0,26.5,0],"rotation":[45,0,0],"cubes":[{"origin":[-0.3,25.1,-1.4],"size":[0.6,1.3,1.3],"pivot":[0,26.5,0],"uv":{"north":{"uv":[14.6676,9.6579],"uv_size":[0.0547,0.1697]},"south":{"uv":[15.7787,8.2786],"uv_size":[0.0547,0.1697]},"east":{"uv":[14.4467,9.3821],"uv_size":[0.1367,0.1697]},"west":{"uv":[15.5578,8.0028],"uv_size":[0.1367,0.1697]},"up":{"uv":[14.7787,9.6579],"uv_size":[0.0547,0.1697]},"down":{"uv":[14.8898,9.8248],"uv_size":[0.0547,-0.1697]}}}],"name":"rot_4"},{"parent":"geyser_custom_z","pivot":[-0.001,5.25,1.4571],"rotation":[45,0,0],"cubes":[{"origin":[-0.999,4.75,0.9571],"size":[1.998,1,1],"pivot":[-0.001,5.25,1.4571],"uv":{"north":{"uv":[15.6631,8.8298],"uv_size":[-0.2187,0.1357]},"south":{"uv":[15.2187,9.2436],"uv_size":[-0.2187,0.1357]},"east":{"uv":[15.8871,6.6229],"uv_size":[-0.1093,0.1357]},"west":{"uv":[15.8871,6.7608],"uv_size":[-0.1093,0.1357]},"down":{"uv":[15.2258,9.2436],"uv_size":[0.2187,0.1357]}}}],"name":"rot_5"},{"parent":"geyser_custom_z","pivot":[-0.001,8.25,1.0429],"rotation":[45,0,0],"cubes":[{"origin":[-0.999,7.75,0.5429],"size":[1.998,1,1],"pivot":[-0.001,8.25,1.0429],"uv":{"north":{"uv":[14.3298,9.2436],"uv_size":[-0.2187,0.1357]},"south":{"uv":[15.6631,7.4505],"uv_size":[-0.2187,0.1357]},"east":{"uv":[15.776,8.8298],"uv_size":[-0.1093,0.1357]},"west":{"uv":[15.3316,9.5194],"uv_size":[-0.1093,0.1357]},"up":{"uv":[15.448,7.7219],"uv_size":[0.2187,-0.1357]}}}],"name":"rot_6"},{"parent":"geyser_custom_z","pivot":[-0.001,10.7929,1.5],"rotation":[45,0,0],"cubes":[{"origin":[-0.249,10.2929,1],"size":[0.498,1,1],"pivot":[-0.001,10.7929,1.5],"uv":{"south":{"uv":[15.7213,9.6574],"uv_size":[-0.0547,0.1357]},"east":{"uv":[15.776,9.3815],"uv_size":[-0.1093,0.1357]},"west":{"uv":[15.776,9.5194],"uv_size":[-0.1093,0.1357]},"down":{"uv":[15.7787,9.5194],"uv_size":[0.0547,0.1357]}}}],"name":"rot_7"},{"parent":"geyser_custom_z","pivot":[-0.001,13.7929,1.5],"rotation":[45,0,0],"cubes":[{"origin":[-0.249,13.2929,1],"size":[0.498,1,1],"pivot":[-0.001,13.7929,1.5],"uv":{"south":{"uv":[15.6102,9.6574],"uv_size":[-0.0547,0.1357]},"east":{"uv":[15.776,9.2436],"uv_size":[-0.1093,0.1357]},"west":{"uv":[15.6649,9.5194],"uv_size":[-0.1093,0.1357]},"down":{"uv":[15.7787,9.3815],"uv_size":[0.0547,0.1357]}}}],"name":"rot_8"},{"parent":"geyser_custom_z","pivot":[-0.001,15.5,0.7929],"rotation":[45,0,0],"cubes":[{"origin":[-0.249,15,0.2929],"size":[0.498,1,1],"pivot":[-0.001,15.5,0.7929],"uv":{"north":{"uv":[15.4991,9.6574],"uv_size":[-0.0547,0.1357]},"south":{"uv":[15.8324,9.1057],"uv_size":[-0.0547,0.1357]},"east":{"uv":[15.4427,9.5194],"uv_size":[-0.1093,0.1357]},"west":{"uv":[15.5538,9.5194],"uv_size":[-0.1093,0.1357]},"up":{"uv":[15.7787,9.3771],"uv_size":[0.0547,-0.1357]}}}],"name":"rot_9"},{"parent":"geyser_custom_z","pivot":[-0.001,19.75,1.2071],"rotation":[45,0,0],"cubes":[{"origin":[-0.249,19.25,0.7071],"size":[0.498,1,1],"pivot":[-0.001,19.75,1.2071],"uv":{"north":{"uv":[13.6102,9.7953],"uv_size":[-0.0547,0.1357]},"south":{"uv":[15.9436,6.7608],"uv_size":[-0.0547,0.1357]},"east":{"uv":[15.8871,7.1746],"uv_size":[-0.1093,0.1357]},"west":{"uv":[15.8871,7.3126],"uv_size":[-0.1093,0.1357]},"down":{"uv":[15.8898,6.8988],"uv_size":[0.0547,0.1357]}}}],"name":"rot_10"},{"parent":"geyser_custom_z","pivot":[-0.001,24.75,0.7929],"rotation":[45,0,0],"cubes":[{"origin":[-0.249,24.25,0.2929],"size":[0.498,1,1],"pivot":[-0.001,24.75,0.7929],"uv":{"north":{"uv":[13.4991,9.7953],"uv_size":[-0.0547,0.1357]},"south":{"uv":[15.9436,6.6229],"uv_size":[-0.0547,0.1357]},"east":{"uv":[15.8871,6.8988],"uv_size":[-0.1093,0.1357]},"west":{"uv":[15.8871,7.0367],"uv_size":[-0.1093,0.1357]}}}],"name":"rot_11"},{"parent":"geyser_custom_z","pivot":[0.25,7.5,-6.375],"rotation":[22.5,0,0],"cubes":[{"origin":[0.25,5.5,-7.5],"size":[0,4.5,2.25],"pivot":[0.25,7.5,-6.375],"uv":{"west":{"uv":[7.254,4.9754],"uv_size":[0.246,0.6108]}}},{"origin":[0.25,-2.5,-8.25],"size":[0,4.5,2.25],"pivot":[0.25,7.5,-6.375],"uv":{"west":{"uv":[7.004,4.9754],"uv_size":[0.246,0.6108]}}}],"name":"rot_12"},{"parent":"geyser_custom_z","pivot":[0.025,-1.5,2.5],"rotation":[22.5,0,0],"cubes":[{"origin":[-0.025,-1.5,0.5],"size":[0.05,2,5],"pivot":[0.025,-1.5,2.5],"uv":{"east":{"uv":[14.12,7.0389],"uv_size":[0.5467,0.2714]},"west":{"uv":[14.6578,7.0389],"uv_size":[-0.5467,0.2714]}}}],"name":"rot_13"},{"parent":"geyser_custom_z","pivot":[0.025,5.1,3.75],"rotation":[22.5,0,0],"cubes":[{"origin":[-0.025,5.175,2],"size":[0.05,3,6.5],"pivot":[0.025,5.1,3.75],"uv":{"east":{"uv":[14.1227,6.6273],"uv_size":[0.7107,0.4072]},"west":{"uv":[14.8218,6.6273],"uv_size":[-0.7107,0.4072]}}}],"name":"rot_14"},{"parent":"geyser_custom_z","pivot":[0,-1,1.6],"rotation":[22.5,0,0],"cubes":[{"origin":[-0.5,-1.5,0.6],"size":[1,1,2],"pivot":[0,-1,1.6],"uv":{"north":{"uv":[15.1093,8.5539],"uv_size":[-0.1093,0.1357]},"south":{"uv":[15.1093,7.8643],"uv_size":[-0.1093,0.1357]},"east":{"uv":[15.4409,7.7263],"uv_size":[-0.2187,0.1357]},"west":{"uv":[15.552,6.6229],"uv_size":[-0.2187,0.1357]},"up":{"uv":[15.0018,9.237],"uv_size":[0.1093,-0.2714]},"down":{"uv":[15.3351,6.763],"uv_size":[0.1093,0.2714]}}}],"name":"rot_15"},{"parent":"geyser_custom_z","pivot":[0,-0.75,-0.975],"rotation":[22.5,0,0],"cubes":[{"origin":[-0.25,-1.25,-1.475],"size":[0.5,1,1.5],"pivot":[0,-0.75,-0.975],"uv":{"east":{"uv":[14.6693,9.3815],"uv_size":[0.164,0.1357]},"west":{"uv":[15.5582,8.2781],"uv_size":[0.164,0.1357]},"up":{"uv":[14.4453,9.6585],"uv_size":[0.0547,0.2036]},"down":{"uv":[15.7787,8.2036],"uv_size":[0.0547,-0.2036]}}}],"name":"rot_16"},{"parent":"geyser_custom_z","pivot":[0,5.7173,2.426],"rotation":[22.5,0,0],"cubes":[{"origin":[-0.25,5.9673,3.676],"size":[0.5,1,0.5],"pivot":[0,5.7173,2.426],"uv":{"north":{"uv":[15.8324,8.8298],"uv_size":[-0.0547,0.1357]},"south":{"uv":[15.8324,8.6919],"uv_size":[-0.0547,0.1357]},"east":{"uv":[15.1658,9.6574],"uv_size":[-0.0547,0.1357]},"west":{"uv":[15.2769,9.6574],"uv_size":[-0.0547,0.1357]},"up":{"uv":[15.8898,7.1023],"uv_size":[0.0547,-0.0679]}}}],"name":"rot_17"},{"parent":"geyser_custom_z","pivot":[0,6.1,-3],"rotation":[22.5,0,0],"cubes":[{"origin":[-0.5,5.35,-3.5],"size":[1,1,2],"pivot":[0,6.1,-3],"uv":{"north":{"uv":[15.0018,9.5194],"uv_size":[0.1093,0.1357]},"south":{"uv":[15.6684,8.6919],"uv_size":[0.1093,0.1357]},"east":{"uv":[15.3369,8.9677],"uv_size":[0.2187,0.1357]},"west":{"uv":[15.3369,9.1057],"uv_size":[0.2187,0.1357]},"up":{"uv":[15.4462,6.763],"uv_size":[0.1093,0.2714]},"down":{"uv":[15.4462,7.4439],"uv_size":[0.1093,-0.2714]}}}],"name":"rot_18"},{"parent":"geyser_custom_z","pivot":[-0.001,5.7173,2.426],"rotation":[22.5,0,0],"cubes":[{"origin":[-0.499,4.9673,2.926],"size":[0.998,1,3],"pivot":[-0.001,5.7173,2.426],"uv":{"south":{"uv":[15.2204,9.5194],"uv_size":[-0.1093,0.1357]},"east":{"uv":[15.1058,8.0022],"uv_size":[-0.328,0.1357]},"west":{"uv":[15.2169,8.1401],"uv_size":[-0.328,0.1357]},"up":{"uv":[14.1129,8.9589],"uv_size":[0.1093,-0.4072]},"down":{"uv":[14.224,8.5583],"uv_size":[0.1093,0.4072]}}}],"name":"rot_19"},{"parent":"geyser_custom_z","pivot":[-0.001,6.8886,-3.835],"rotation":[22.5,0,0],"cubes":[{"origin":[-0.249,6.6636,-4.76],"size":[0.498,0.725,1.425],"pivot":[-0.001,6.8886,-3.835],"uv":{"north":{"uv":[13.6676,9.7948],"uv_size":[0.0547,0.1018]},"east":{"uv":[15.6693,7.4499],"uv_size":[0.164,0.1018]},"west":{"uv":[15.6693,7.5879],"uv_size":[0.164,0.1018]},"up":{"uv":[14.5564,9.6585],"uv_size":[0.0547,0.2036]}}}],"name":"rot_20"},{"parent":"geyser_custom_z","pivot":[-0.0015,-1,-3.0651],"rotation":[22.5,0,0],"cubes":[{"origin":[-0.4985,-1.5,-3.0651],"size":[0.997,1,1],"pivot":[-0.0015,-1,-3.0651],"uv":{"north":{"uv":[14.1129,9.6574],"uv_size":[0.1093,0.1357]},"east":{"uv":[14.224,9.6574],"uv_size":[0.1093,0.1357]},"west":{"uv":[15.7796,7.7263],"uv_size":[0.1093,0.1357]},"up":{"uv":[14.3351,9.6574],"uv_size":[0.1093,0.1357]},"down":{"uv":[15.7796,7.9978],"uv_size":[0.1093,-0.1357]}}}],"name":"rot_21"},{"parent":"geyser_custom_z","pivot":[-0.25,7.5,-6.375],"rotation":[22.5,0,0],"cubes":[{"origin":[-0.25,5.5,-7.5],"size":[0,4.5,2.25],"pivot":[-0.25,7.5,-6.375],"uv":{"east":{"uv":[7.496,4.9754],"uv_size":[-0.246,0.6108]}}},{"origin":[-0.25,-2.5,-8.25],"size":[0,4.5,2.25],"pivot":[-0.25,7.5,-6.375],"uv":{"east":{"uv":[7.246,4.9754],"uv_size":[-0.246,0.6108]}}}],"name":"rot_22"},{"parent":"geyser_custom_z","pivot":[1.25,6,0],"rotation":[-0,0,0],"cubes":[{"origin":[1.1,3.5,-2.5],"size":[0,5,5],"pivot":[1.25,6,0],"uv":{"west":{"uv":[12.4533,9.9421],"uv_size":[0.5467,0.6786]}}}],"name":"rot_23"},{"parent":"geyser_custom_z","pivot":[-1.25,6,0],"rotation":[-0,0,0],"cubes":[{"origin":[-1.1,3.5,-2.5],"size":[0,5,5],"pivot":[-1.25,6,0],"uv":{"east":{"uv":[12.9911,9.9421],"uv_size":[-0.5467,0.6786]}}}],"name":"rot_24"},{"parent":"geyser_custom_z","pivot":[8,0,-12.5],"rotation":[0,-0,0],"cubes":[{"origin":[0.5,18,0.25],"size":[0,11,4],"pivot":[8,0,-12.5],"uv":{"west":{"uv":[6.2293,4.9815],"uv_size":[0.4373,1.5012]}}}],"name":"rot_25"},{"parent":"geyser_custom_z","pivot":[8,0,3.5],"rotation":[0,-0,0],"cubes":[{"origin":[0.5,18,-4.25],"size":[0,11,4],"pivot":[8,0,3.5],"uv":{"west":{"uv":[6.6596,4.9815],"uv_size":[-0.4373,1.5012]}}}],"name":"rot_26"},{"parent":"geyser_custom_z","pivot":[8,0,8],"rotation":[0,-0,0],"cubes":[{"origin":[0.5,8.5,-4],"size":[0,9,3],"pivot":[8,0,8],"uv":{"west":{"uv":[6.9947,4.9815],"uv_size":[-0.328,1.2254]}}}],"name":"rot_27"},{"parent":"geyser_custom_z","pivot":[1,0,-0.75],"rotation":[0,-0,0],"cubes":[{"origin":[-1,5.25,-1.75],"size":[2,3,1],"pivot":[1,0,-0.75],"uv":{"north":{"uv":[14.1147,8.1446],"uv_size":[0.2187,0.4072]},"south":{"uv":[14.6702,7.0411],"uv_size":[0.2187,0.4072]},"east":{"uv":[14.8907,6.6273],"uv_size":[0.1093,0.4072]},"west":{"uv":[14.8907,7.0411],"uv_size":[0.1093,0.4072]},"up":{"uv":[15.3369,7.0367],"uv_size":[0.2187,0.1357]},"down":{"uv":[15.1147,9.2392],"uv_size":[0.2187,-0.1357]}}}],"name":"rot_28"},{"parent":"geyser_custom_z","pivot":[1,0,0.75],"rotation":[0,-0,0],"cubes":[{"origin":[-1,5.25,0.75],"size":[2,3,1],"pivot":[1,0,0.75],"uv":{"north":{"uv":[14.8853,7.0411],"uv_size":[-0.2187,0.4072]},"south":{"uv":[14.3298,8.1446],"uv_size":[-0.2187,0.4072]},"east":{"uv":[14.9982,6.6273],"uv_size":[-0.1093,0.4072]},"west":{"uv":[14.9982,7.0411],"uv_size":[-0.1093,0.4072]},"up":{"uv":[15.3369,7.1702],"uv_size":[0.2187,-0.1357]},"down":{"uv":[15.1147,9.1057],"uv_size":[0.2187,0.1357]}}}],"name":"rot_29"},{"parent":"geyser_custom_z","pivot":[0.75,0,-8],"rotation":[0,-0,0],"cubes":[{"origin":[-0.25,8.5,-1.5],"size":[0.5,7,1],"pivot":[0.75,0,-8],"uv":{"north":{"uv":[14.6676,8.4292],"uv_size":[0.0547,0.9501]},"south":{"uv":[14.7787,8.4292],"uv_size":[0.0547,0.9501]},"east":{"uv":[14.4462,7.3258],"uv_size":[0.1093,0.9501]},"west":{"uv":[14.5573,7.3258],"uv_size":[0.1093,0.9501]},"up":{"uv":[15.7787,8.9677],"uv_size":[0.0547,0.1357]},"down":{"uv":[15.3342,9.7909],"uv_size":[0.0547,-0.1357]}}}],"name":"rot_30"},{"parent":"geyser_custom_z","pivot":[0.75,0,8],"rotation":[0,-0,0],"cubes":[{"origin":[-0.25,8.5,0.5],"size":[0.5,7,1],"pivot":[0.75,0,8],"uv":{"north":{"uv":[14.8324,8.4292],"uv_size":[-0.0547,0.9501]},"south":{"uv":[14.7213,8.4292],"uv_size":[-0.0547,0.9501]},"east":{"uv":[14.5538,7.3258],"uv_size":[-0.1093,0.9501]},"west":{"uv":[14.6649,7.3258],"uv_size":[-0.1093,0.9501]},"up":{"uv":[15.7787,9.1012],"uv_size":[0.0547,-0.1357]},"down":{"uv":[15.3342,9.6574],"uv_size":[0.0547,0.1357]}}}],"name":"rot_31"},{"parent":"geyser_custom_z","pivot":[0.75,11.25,-8],"rotation":[0,-0,0],"cubes":[{"origin":[-0.25,19.75,-1.5],"size":[0.5,5,1],"pivot":[0.75,11.25,-8],"uv":{"north":{"uv":[15.112,7.1834],"uv_size":[0.0547,0.6786]},"south":{"uv":[14.3342,8.8386],"uv_size":[0.0547,0.6786]},"east":{"uv":[14.3351,8.149],"uv_size":[0.1093,0.6786]},"west":{"uv":[14.6684,7.4593],"uv_size":[0.1093,0.6786]},"up":{"uv":[15.7787,9.6574],"uv_size":[0.0547,0.1357]},"down":{"uv":[13.3342,9.9288],"uv_size":[0.0547,-0.1357]}}}],"name":"rot_32"},{"parent":"geyser_custom_z","pivot":[0.75,11.25,8],"rotation":[0,-0,0],"cubes":[{"origin":[-0.25,19.75,0.5],"size":[0.5,5,1],"pivot":[0.75,11.25,8],"uv":{"north":{"uv":[14.388,8.8386],"uv_size":[-0.0547,0.6786]},"south":{"uv":[15.1658,7.1834],"uv_size":[-0.0547,0.6786]},"east":{"uv":[14.4427,8.149],"uv_size":[-0.1093,0.6786]},"west":{"uv":[14.776,7.4593],"uv_size":[-0.1093,0.6786]},"up":{"uv":[15.7787,9.7909],"uv_size":[0.0547,-0.1357]},"down":{"uv":[13.3342,9.7953],"uv_size":[0.0547,0.1357]}}}],"name":"rot_33"},{"parent":"geyser_custom_z","pivot":[0.748,-1.7071,-8.7071],"rotation":[0,-0,0],"cubes":[{"origin":[-0.248,10.7929,-2.2071],"size":[0.496,3,1],"pivot":[0.748,-1.7071,-8.7071],"uv":{"north":{"uv":[15.5564,8.4204],"uv_size":[0.0547,0.4072]},"east":{"uv":[15.0018,7.0411],"uv_size":[0.1093,0.4072]},"west":{"uv":[15.0018,7.4549],"uv_size":[0.1093,0.4072]}}}],"name":"rot_34"},{"parent":"geyser_custom_z","pivot":[0.748,-1.7071,8.7071],"rotation":[0,-0,0],"cubes":[{"origin":[-0.248,10.7929,1.2071],"size":[0.496,3,1],"pivot":[0.748,-1.7071,8.7071],"uv":{"south":{"uv":[15.6102,8.4204],"uv_size":[-0.0547,0.4072]},"east":{"uv":[15.1093,7.0411],"uv_size":[-0.1093,0.4072]},"west":{"uv":[15.1093,7.4549],"uv_size":[-0.1093,0.4072]}}}],"name":"rot_35"},{"parent":"geyser_custom_z","pivot":[0.5,-0.25,-0.5],"rotation":[0,-0,0],"cubes":[{"origin":[-0.5,-0.25,-0.5],"size":[1,1,1],"pivot":[0.5,-0.25,-0.5],"uv":{"north":{"uv":[15.3351,9.3815],"uv_size":[0.1093,0.1357]},"south":{"uv":[14.6684,9.5194],"uv_size":[0.1093,0.1357]},"east":{"uv":[14.3351,9.5194],"uv_size":[0.1093,0.1357]},"west":{"uv":[14.7796,9.5194],"uv_size":[0.1093,0.1357]},"up":{"uv":[15.6684,8.416],"uv_size":[0.1093,0.1357]},"down":{"uv":[14.8907,9.653],"uv_size":[0.1093,-0.1357]}}}],"name":"rot_36"},{"parent":"geyser_custom_z","pivot":[0.5,1.65,-0.5],"rotation":[0,-0,0],"cubes":[{"origin":[-0.4,0.75,-0.4],"size":[0.8,2.8,0.8],"pivot":[0.5,1.65,-0.5],"uv":{"north":{"uv":[14.4458,8.9716],"uv_size":[0.082,0.3732]},"south":{"uv":[15.2236,8.144],"uv_size":[0.082,0.3732]},"east":{"uv":[14.5569,8.9716],"uv_size":[0.082,0.3732]},"west":{"uv":[14.8902,8.9716],"uv_size":[0.082,0.3732]}}}],"name":"rot_37"},{"parent":"geyser_custom_z","pivot":[0.5,3.55,-0.5],"rotation":[0,-0,0],"cubes":[{"origin":[-0.5,3.55,-0.5],"size":[1,2,1],"pivot":[0.5,3.55,-0.5],"uv":{"north":{"uv":[15.3351,7.8665],"uv_size":[0.1093,0.2714]},"south":{"uv":[15.3351,8.4182],"uv_size":[0.1093,0.2714]},"east":{"uv":[15.3351,8.1423],"uv_size":[0.1093,0.2714]},"west":{"uv":[15.3351,8.6941],"uv_size":[0.1093,0.2714]},"down":{"uv":[15.6684,8.6874],"uv_size":[0.1093,-0.1357]}}}],"name":"rot_38"},{"parent":"geyser_custom_z","pivot":[0.025,7.5,-2.5],"rotation":[0,-0,0],"cubes":[{"origin":[-0.025,7.5,-3.25],"size":[0.05,22.5,6.5],"pivot":[0.025,7.5,-2.5],"uv":{"east":{"uv":[14.044,6.6367],"uv_size":[-0.7107,3.0874]},"west":{"uv":[13.3449,6.6367],"uv_size":[0.7107,3.0874]}}}],"name":"rot_39"},{"parent":"geyser_custom_z","pivot":[-8,0,-12.5],"rotation":[0,-0,0],"cubes":[{"origin":[-0.5,18,0.25],"size":[0,11,4],"pivot":[-8,0,-12.5],"uv":{"east":{"uv":[6.6596,4.9815],"uv_size":[-0.4373,1.5012]}}}],"name":"rot_40"},{"parent":"geyser_custom_z","pivot":[-8,0,-8],"rotation":[0,-0,0],"cubes":[{"origin":[-0.5,8.5,1],"size":[0,9,3],"pivot":[-8,0,-8],"uv":{"east":{"uv":[6.9947,4.9815],"uv_size":[-0.328,1.2254]}}}],"name":"rot_41"},{"parent":"geyser_custom_z","pivot":[-8,0,3.5],"rotation":[0,-0,0],"cubes":[{"origin":[-0.5,18,-4.25],"size":[0,11,4],"pivot":[-8,0,3.5],"uv":{"east":{"uv":[6.2293,4.9815],"uv_size":[0.4373,1.5012]}}}],"name":"rot_42"},{"parent":"geyser_custom_z","pivot":[-8,0,8],"rotation":[0,-0,0],"cubes":[{"origin":[-0.5,8.5,-4],"size":[0,9,3],"pivot":[-8,0,8],"uv":{"east":{"uv":[6.672,4.9815],"uv_size":[0.328,1.2254]}}}],"name":"rot_43"},{"parent":"geyser_custom_z","pivot":[0.25,7.5,6.375],"rotation":[-22.5,0,0],"cubes":[{"origin":[0.25,5.5,5.25],"size":[0,4.5,2.25],"pivot":[0.25,7.5,6.375],"uv":{"west":{"uv":[7.496,4.9754],"uv_size":[-0.246,0.6108]}}},{"origin":[0.25,-2.5,6],"size":[0,4.5,2.25],"pivot":[0.25,7.5,6.375],"uv":{"west":{"uv":[7.246,4.9754],"uv_size":[-0.246,0.6108]}}}],"name":"rot_44"},{"parent":"geyser_custom_z","pivot":[0.025,-1.5,-2.5],"rotation":[-22.5,0,0],"cubes":[{"origin":[-0.025,-1.5,-5.5],"size":[0.05,2,5],"pivot":[0.025,-1.5,-2.5],"uv":{"east":{"uv":[14.6578,7.0389],"uv_size":[-0.5467,0.2714]},"west":{"uv":[14.12,7.0389],"uv_size":[0.5467,0.2714]}}}],"name":"rot_45"},{"parent":"geyser_custom_z","pivot":[0.025,5.1,-3.75],"rotation":[-22.5,0,0],"cubes":[{"origin":[-0.025,5.175,-8.5],"size":[0.05,3,6.5],"pivot":[0.025,5.1,-3.75],"uv":{"east":{"uv":[14.8218,6.6273],"uv_size":[-0.7107,0.4072]},"west":{"uv":[14.1227,6.6273],"uv_size":[0.7107,0.4072]}}}],"name":"rot_46"},{"parent":"geyser_custom_z","pivot":[0,-1,-1.6],"rotation":[-22.5,0,0],"cubes":[{"origin":[-0.5,-1.5,-2.6],"size":[1,1,2],"pivot":[0,-1,-1.6],"uv":{"north":{"uv":[15.0018,7.8643],"uv_size":[0.1093,0.1357]},"south":{"uv":[15.0018,8.5539],"uv_size":[0.1093,0.1357]},"east":{"uv":[15.2258,7.7263],"uv_size":[0.2187,0.1357]},"west":{"uv":[15.3369,6.6229],"uv_size":[0.2187,0.1357]},"up":{"uv":[15.0018,8.9699],"uv_size":[0.1093,0.2714]},"down":{"uv":[15.3351,7.0301],"uv_size":[0.1093,-0.2714]}}}],"name":"rot_47"},{"parent":"geyser_custom_z","pivot":[0,-0.75,0.975],"rotation":[-22.5,0,0],"cubes":[{"origin":[-0.25,-1.25,-0.025],"size":[0.5,1,1.5],"pivot":[0,-0.75,0.975],"uv":{"east":{"uv":[14.8307,9.3815],"uv_size":[-0.164,0.1357]},"west":{"uv":[15.7196,8.2781],"uv_size":[-0.164,0.1357]},"up":{"uv":[14.4453,9.8588],"uv_size":[0.0547,-0.2036]},"down":{"uv":[15.7787,8.0033],"uv_size":[0.0547,0.2036]}}}],"name":"rot_48"},{"parent":"geyser_custom_z","pivot":[0,5.7173,-2.426],"rotation":[-22.5,0,0],"cubes":[{"origin":[-0.25,5.9673,-4.176],"size":[0.5,1,0.5],"pivot":[0,5.7173,-2.426],"uv":{"north":{"uv":[15.7787,8.6919],"uv_size":[0.0547,0.1357]},"south":{"uv":[15.7787,8.8298],"uv_size":[0.0547,0.1357]},"east":{"uv":[15.112,9.6574],"uv_size":[0.0547,0.1357]},"west":{"uv":[15.2231,9.6574],"uv_size":[0.0547,0.1357]},"up":{"uv":[15.8898,7.0356],"uv_size":[0.0547,0.0679]}}}],"name":"rot_49"},{"parent":"geyser_custom_z","pivot":[0,6.1,3],"rotation":[-22.5,0,0],"cubes":[{"origin":[-0.5,5.35,1.5],"size":[1,1,2],"pivot":[0,6.1,3],"uv":{"north":{"uv":[15.776,8.6919],"uv_size":[-0.1093,0.1357]},"south":{"uv":[15.1093,9.5194],"uv_size":[-0.1093,0.1357]},"east":{"uv":[15.552,8.9677],"uv_size":[-0.2187,0.1357]},"west":{"uv":[15.552,9.1057],"uv_size":[-0.2187,0.1357]},"up":{"uv":[15.4462,7.0301],"uv_size":[0.1093,-0.2714]},"down":{"uv":[15.4462,7.1768],"uv_size":[0.1093,0.2714]}}}],"name":"rot_50"},{"parent":"geyser_custom_z","pivot":[-0.001,5.7173,-2.426],"rotation":[-22.5,0,0],"cubes":[{"origin":[-0.499,4.9673,-5.926],"size":[0.998,1,3],"pivot":[-0.001,5.7173,-2.426],"uv":{"north":{"uv":[15.1129,9.5194],"uv_size":[0.1093,0.1357]},"east":{"uv":[14.7831,8.0022],"uv_size":[0.328,0.1357]},"west":{"uv":[14.8942,8.1401],"uv_size":[0.328,0.1357]},"up":{"uv":[14.1129,8.5583],"uv_size":[0.1093,0.4072]},"down":{"uv":[14.224,8.9589],"uv_size":[0.1093,-0.4072]}}}],"name":"rot_51"},{"parent":"geyser_custom_z","pivot":[-0.001,6.8886,3.835],"rotation":[-22.5,0,0],"cubes":[{"origin":[-0.249,6.6636,3.335],"size":[0.498,0.725,1.425],"pivot":[-0.001,6.8886,3.835],"uv":{"south":{"uv":[13.7213,9.7948],"uv_size":[-0.0547,0.1018]},"east":{"uv":[15.8307,7.4499],"uv_size":[-0.164,0.1018]},"west":{"uv":[15.8307,7.5879],"uv_size":[-0.164,0.1018]},"up":{"uv":[14.5564,9.8588],"uv_size":[0.0547,-0.2036]}}}],"name":"rot_52"},{"parent":"geyser_custom_z","pivot":[-0.0015,-1,3.0651],"rotation":[-22.5,0,0],"cubes":[{"origin":[-0.4985,-1.5,2.0651],"size":[0.997,1,1],"pivot":[-0.0015,-1,3.0651],"uv":{"south":{"uv":[14.2204,9.6574],"uv_size":[-0.1093,0.1357]},"east":{"uv":[14.3316,9.6574],"uv_size":[-0.1093,0.1357]},"west":{"uv":[15.8871,7.7263],"uv_size":[-0.1093,0.1357]},"up":{"uv":[14.3351,9.7909],"uv_size":[0.1093,-0.1357]},"down":{"uv":[15.7796,7.8643],"uv_size":[0.1093,0.1357]}}}],"name":"rot_53"},{"parent":"geyser_custom_z","pivot":[-0.25,7.5,6.375],"rotation":[-22.5,0,0],"cubes":[{"origin":[-0.25,5.5,5.25],"size":[0,4.5,2.25],"pivot":[-0.25,7.5,6.375],"uv":{"east":{"uv":[7.254,4.9754],"uv_size":[0.246,0.6108]}}},{"origin":[-0.25,-2.5,6],"size":[0,4.5,2.25],"pivot":[-0.25,7.5,6.375],"uv":{"east":{"uv":[7.004,4.9754],"uv_size":[0.246,0.6108]}}}],"name":"rot_54"},{"parent":"geyser_custom_z","pivot":[0,6,0],"rotation":[-45,0,0],"cubes":[{"origin":[-0.6,5,-1],"size":[1.2,2,2],"pivot":[0,6,0],"uv":{"north":{"uv":[15.0022,8.2803],"uv_size":[0.1367,0.2714]},"south":{"uv":[14.8911,8.6941],"uv_size":[0.1367,0.2714]},"east":{"uv":[14.448,8.2803],"uv_size":[0.2187,0.2714]},"west":{"uv":[14.6702,8.1423],"uv_size":[0.2187,0.2714]},"up":{"uv":[15.1133,6.6251],"uv_size":[0.1367,0.2714]},"down":{"uv":[15.1133,7.168],"uv_size":[0.1367,-0.2714]}}},{"origin":[-0.8,5.2,-0.8],"size":[1.6,1.6,1.6],"pivot":[0,6,0],"uv":{"north":{"uv":[15.1138,7.8654],"uv_size":[0.164,0.2036]},"south":{"uv":[15.1138,8.8309],"uv_size":[0.164,0.2036]},"east":{"uv":[15.1138,8.555],"uv_size":[0.164,0.2036]},"west":{"uv":[15.2249,7.1757],"uv_size":[0.164,0.2036]},"up":{"uv":[15.2249,7.4516],"uv_size":[0.164,0.2036]},"down":{"uv":[14.1138,9.1691],"uv_size":[0.164,-0.2036]}}}],"name":"rot_55"},{"parent":"geyser_custom_z","pivot":[-0.001,5.25,-1.4571],"rotation":[-45,0,0],"cubes":[{"origin":[-0.999,4.75,-1.9571],"size":[1.998,1,1],"pivot":[-0.001,5.25,-1.4571],"uv":{"north":{"uv":[15.0036,9.2436],"uv_size":[0.2187,0.1357]},"south":{"uv":[15.448,8.8298],"uv_size":[0.2187,0.1357]},"east":{"uv":[15.7796,6.6229],"uv_size":[0.1093,0.1357]},"west":{"uv":[15.7796,6.7608],"uv_size":[0.1093,0.1357]},"down":{"uv":[15.2258,9.3771],"uv_size":[0.2187,-0.1357]}}}],"name":"rot_56"},{"parent":"geyser_custom_z","pivot":[-0.001,8.25,-1.0429],"rotation":[-45,0,0],"cubes":[{"origin":[-0.999,7.75,-1.5429],"size":[1.998,1,1],"pivot":[-0.001,8.25,-1.0429],"uv":{"north":{"uv":[15.448,7.4505],"uv_size":[0.2187,0.1357]},"south":{"uv":[14.1147,9.2436],"uv_size":[0.2187,0.1357]},"east":{"uv":[15.6684,8.8298],"uv_size":[0.1093,0.1357]},"west":{"uv":[15.224,9.5194],"uv_size":[0.1093,0.1357]},"up":{"uv":[15.448,7.5884],"uv_size":[0.2187,0.1357]}}}],"name":"rot_57"},{"parent":"geyser_custom_z","pivot":[-0.001,10.7929,-1.5],"rotation":[-45,0,0],"cubes":[{"origin":[-0.249,10.2929,-2],"size":[0.498,1,1],"pivot":[-0.001,10.7929,-1.5],"uv":{"north":{"uv":[15.6676,9.6574],"uv_size":[0.0547,0.1357]},"east":{"uv":[15.6684,9.3815],"uv_size":[0.1093,0.1357]},"west":{"uv":[15.6684,9.5194],"uv_size":[0.1093,0.1357]},"down":{"uv":[15.7787,9.653],"uv_size":[0.0547,-0.1357]}}}],"name":"rot_58"},{"parent":"geyser_custom_z","pivot":[-0.001,13.7929,-1.5],"rotation":[-45,0,0],"cubes":[{"origin":[-0.249,13.2929,-2],"size":[0.498,1,1],"pivot":[-0.001,13.7929,-1.5],"uv":{"north":{"uv":[15.5564,9.6574],"uv_size":[0.0547,0.1357]},"east":{"uv":[15.6684,9.2436],"uv_size":[0.1093,0.1357]},"west":{"uv":[15.5573,9.5194],"uv_size":[0.1093,0.1357]},"down":{"uv":[15.7787,9.515],"uv_size":[0.0547,-0.1357]}}}],"name":"rot_59"},{"parent":"geyser_custom_z","pivot":[-0.001,15.5,-0.7929],"rotation":[-45,0,0],"cubes":[{"origin":[-0.249,15,-1.2929],"size":[0.498,1,1],"pivot":[-0.001,15.5,-0.7929],"uv":{"north":{"uv":[15.7787,9.1057],"uv_size":[0.0547,0.1357]},"south":{"uv":[15.4453,9.6574],"uv_size":[0.0547,0.1357]},"east":{"uv":[15.3351,9.5194],"uv_size":[0.1093,0.1357]},"west":{"uv":[15.4462,9.5194],"uv_size":[0.1093,0.1357]},"up":{"uv":[15.7787,9.2436],"uv_size":[0.0547,0.1357]}}}],"name":"rot_60"},{"parent":"geyser_custom_z","pivot":[-0.001,19.75,-1.2071],"rotation":[-45,0,0],"cubes":[{"origin":[-0.249,19.25,-1.7071],"size":[0.498,1,1],"pivot":[-0.001,19.75,-1.2071],"uv":{"north":{"uv":[15.8898,6.7608],"uv_size":[0.0547,0.1357]},"south":{"uv":[13.5564,9.7953],"uv_size":[0.0547,0.1357]},"east":{"uv":[15.7796,7.1746],"uv_size":[0.1093,0.1357]},"west":{"uv":[15.7796,7.3126],"uv_size":[0.1093,0.1357]},"down":{"uv":[15.8898,7.0323],"uv_size":[0.0547,-0.1357]}}}],"name":"rot_61"},{"parent":"geyser_custom_z","pivot":[-0.001,24.75,-0.7929],"rotation":[-45,0,0],"cubes":[{"origin":[-0.249,24.25,-1.2929],"size":[0.498,1,1],"pivot":[-0.001,24.75,-0.7929],"uv":{"north":{"uv":[15.8898,6.6229],"uv_size":[0.0547,0.1357]},"south":{"uv":[13.4453,9.7953],"uv_size":[0.0547,0.1357]},"east":{"uv":[15.7796,6.8988],"uv_size":[0.1093,0.1357]},"west":{"uv":[15.7796,7.0367],"uv_size":[0.1093,0.1357]}}}],"name":"rot_62"}]}]}
