{"format_version":"1.16.0","minecraft:geometry":[{"description":{"identifier":"geometry.geyser_custom.geo_abada39","texture_width":16,"texture_height":16,"visible_bounds_width":4,"visible_bounds_height":4.5,"visible_bounds_offset":[0,0.75,0]},"bones":[{"name":"geyser_custom","binding":"c.item_slot == 'head' ? 'head' : q.item_slot_to_bone_name(c.item_slot)","pivot":[0,8,0]},{"name":"geyser_custom_x","parent":"geyser_custom","pivot":[0,8,0]},{"name":"geyser_custom_y","parent":"geyser_custom_x","pivot":[0,8,0]},{"name":"geyser_custom_z","parent":"geyser_custom_y","pivot":[0,8,0],"cubes":[]},{"parent":"geyser_custom_z","pivot":[0.025,9.3951,0],"rotation":[0,0,-45],"cubes":[{"origin":[-3.0868,14.91,-0.58],"size":[1.21,1.21,1.21],"pivot":[0.025,9.3951,0],"uv":{"north":{"uv":[2.28,3.5545],"uv_size":[0.1367,0.1697]},"south":{"uv":[2.8356,2.0372],"uv_size":[0.1367,0.1697]},"east":{"uv":[1.5022,3.5545],"uv_size":[0.1367,0.1697]},"west":{"uv":[2.0578,3.5545],"uv_size":[0.1367,0.1697]},"up":{"uv":[2.5022,3.5545],"uv_size":[0.1367,0.1697]},"down":{"uv":[2.7244,3.7214],"uv_size":[0.1367,-0.1697]}}},{"origin":[-2.8867,15.11,-0.78],"size":[0.81,0.81,1.61],"pivot":[0.025,9.3951,0],"uv":{"north":{"uv":[1.2791,3.8292],"uv_size":[0.082,0.1018]},"south":{"uv":[1.168,3.8292],"uv_size":[0.082,0.1018]},"east":{"uv":[2.836,2.312],"uv_size":[0.164,0.1018]},"west":{"uv":[2.836,3.0017],"uv_size":[0.164,0.1018]},"up":{"uv":[2.9471,0.243],"uv_size":[0.164,0.1018]},"down":{"uv":[2.9471,0.4811],"uv_size":[0.164,-0.1018]}}},{"origin":[-0.5473,7.348,-0.974],"size":[1,1,1.998],"pivot":[0.025,9.3951,0],"uv":{"north":{"uv":[3.0538,1.7608],"uv_size":[-0.1093,0.1357]},"south":{"uv":[1.4982,3.6919],"uv_size":[-0.1093,0.1357]},"east":{"uv":[2.9409,2.5884],"uv_size":[-0.2187,0.1357]},"west":{"uv":[2.9409,2.4505],"uv_size":[-0.2187,0.1357]},"up":{"uv":[2.1702,3.5495],"uv_size":[0.2187,-0.1357]}}},{"origin":[-2.3757,4.9337,-0.974],"size":[1,1,1.998],"pivot":[0.025,9.3951,0],"uv":{"north":{"uv":[1.9427,3.6919],"uv_size":[-0.1093,0.1357]},"south":{"uv":[3.0538,1.8988],"uv_size":[-0.1093,0.1357]},"east":{"uv":[2.9409,3.1401],"uv_size":[-0.2187,0.1357]},"west":{"uv":[2.7187,3.416],"uv_size":[-0.2187,0.1357]},"down":{"uv":[2.7258,3.2781],"uv_size":[0.2187,0.1357]}}},{"origin":[-8.8661,10.172,-0.225],"size":[0.5,1,0.5],"pivot":[0.025,9.3951,0],"uv":{"north":{"uv":[2.2787,3.8298],"uv_size":[0.0547,0.1357]},"south":{"uv":[2.1676,3.8298],"uv_size":[0.0547,0.1357]},"east":{"uv":[3.0564,2.5884],"uv_size":[0.0547,0.1357]},"west":{"uv":[3.0564,2.7263],"uv_size":[0.0547,0.1357]},"down":{"uv":[2.5009,3.8954],"uv_size":[0.0547,-0.0679]}}},{"origin":[-10.6161,11.172,-0.474],"size":[3,1,0.998],"pivot":[0.025,9.3951,0],"uv":{"north":{"uv":[2.5053,2.3126],"uv_size":[0.328,0.1357]},"south":{"uv":[1.6164,3.1401],"uv_size":[0.328,0.1357]},"east":{"uv":[3.0573,1.2091],"uv_size":[0.1093,0.1357]},"up":{"uv":[2.5018,2.7308],"uv_size":[0.1093,0.4072]},"down":{"uv":[2.3907,3.5451],"uv_size":[0.1093,-0.4072]}}},{"origin":[-2.815,6.5551,-0.475],"size":[3,3,1],"pivot":[0.025,9.3951,0],"uv":{"north":{"uv":[1.172,2.5928],"uv_size":[0.328,0.4072]},"south":{"uv":[0.8387,2.5928],"uv_size":[0.328,0.4072]},"east":{"uv":[1.9462,3.0066],"uv_size":[0.1093,0.4072]},"west":{"uv":[2.1684,3.0066],"uv_size":[0.1093,0.4072]},"up":{"uv":[2.3907,2.7308],"uv_size":[0.1093,0.4072]},"down":{"uv":[2.2796,3.4072],"uv_size":[0.1093,-0.4072]}}},{"origin":[-0.6937,8.6764,-0.5],"size":[2,2,1.05],"pivot":[0.025,9.3951,0],"uv":{"north":{"uv":[2.2813,2.0389],"uv_size":[0.2187,0.2714]},"south":{"uv":[2.2813,1.763],"uv_size":[0.2187,0.2714]},"east":{"uv":[2.8351,0.2458],"uv_size":[0.1093,0.2714]},"west":{"uv":[2.8351,0.5217],"uv_size":[0.1093,0.2714]},"up":{"uv":[2.8351,0.7975],"uv_size":[0.1093,0.2714]},"down":{"uv":[2.8351,1.3404],"uv_size":[0.1093,-0.2714]}}},{"origin":[-20.3638,6.6495,-0.175],"size":[17,7,0.05],"pivot":[0.025,9.3951,0],"uv":{"north":{"uv":[0.0124,2.6022],"uv_size":[0.7653,2.3288]},"south":{"uv":[0.0124,4.915],"uv_size":[0.7653,-2.3288]}}}],"name":"rot_1"},{"parent":"geyser_custom_z","pivot":[-4.4013,10.2156,-0.7103],"rotation":[0,0,-45],"cubes":[{"origin":[-5.5263,8.2156,-0.9103],"size":[2.25,4.5,0],"pivot":[-4.4013,10.2156,-0.7103],"uv":{"north":{"uv":[7.004,4.9754],"uv_size":[0.246,0.6108]}}}],"name":"rot_2"},{"parent":"geyser_custom_z","pivot":[-4.4013,10.2156,0.7103],"rotation":[0,0,-45],"cubes":[{"origin":[-5.5263,8.2156,0.9103],"size":[2.25,4.5,0],"pivot":[-4.4013,10.2156,0.7103],"uv":{"south":{"uv":[7.246,4.9754],"uv_size":[-0.246,0.6108]}}}],"name":"rot_3"},{"parent":"geyser_custom_z","pivot":[-9.0275,5.0522,-2.8103],"rotation":[0,0,-45],"cubes":[{"origin":[-11.2775,1.9272,-0.8103],"size":[4.5,2.25,0],"pivot":[-9.0275,5.0522,-2.8103],"uv":{"north":{"uv":[7.254,4.9754],"uv_size":[0.246,0.6108]}}}],"name":"rot_4"},{"parent":"geyser_custom_z","pivot":[-9.0275,5.0522,2.8103],"rotation":[0,0,-45],"cubes":[{"origin":[-11.2775,1.9272,0.8103],"size":[4.5,2.25,0],"pivot":[-9.0275,5.0522,2.8103],"uv":{"south":{"uv":[7.254,5.5763],"uv_size":[0.246,-0.6108]}}}],"name":"rot_5"},{"parent":"geyser_custom_z","pivot":[-18.8397,9.25,-0.2103],"rotation":[0,0,-45],"cubes":[{"origin":[-20.8397,3.75,-0.2103],"size":[4,11,0],"pivot":[-18.8397,9.25,-0.2103],"uv":{"north":{"uv":[6.6596,4.9815],"uv_size":[-0.4373,1.5012]}}}],"name":"rot_6"},{"parent":"geyser_custom_z","pivot":[-18.8397,9.25,0.2103],"rotation":[0,0,-45],"cubes":[{"origin":[-20.8397,3.75,0.2103],"size":[4,11,0],"pivot":[-18.8397,9.25,0.2103],"uv":{"south":{"uv":[6.2293,4.9815],"uv_size":[0.4373,1.5012]}}}],"name":"rot_7"},{"parent":"geyser_custom_z","pivot":[0.025,9.3951,0],"rotation":[0,0,-22.5],"cubes":[{"origin":[0.8882,9.0147,-0.475],"size":[1,1,1],"pivot":[0.025,9.3951,0],"uv":{"north":{"uv":[3.0538,1.485],"uv_size":[-0.1093,0.1357]},"south":{"uv":[3.0538,1.2091],"uv_size":[-0.1093,0.1357]},"east":{"uv":[1.276,3.6919],"uv_size":[-0.1093,0.1357]},"west":{"uv":[3.0538,1.0712],"uv_size":[-0.1093,0.1357]},"up":{"uv":[1.2796,3.8254],"uv_size":[0.1093,-0.1357]},"down":{"uv":[2.9462,1.6229],"uv_size":[0.1093,0.1357]}}},{"origin":[-3.3298,8.1552,-0.475],"size":[2,1,1],"pivot":[0.025,9.3951,0],"uv":{"north":{"uv":[2.8369,0.1057],"uv_size":[0.2187,0.1357]},"south":{"uv":[2.7258,3.416],"uv_size":[0.2187,0.1357]},"east":{"uv":[1.9462,3.6919],"uv_size":[0.1093,0.1357]},"west":{"uv":[2.9462,2.4505],"uv_size":[0.1093,0.1357]},"up":{"uv":[1.3907,3.4182],"uv_size":[0.1093,0.2714]},"down":{"uv":[1.9462,3.6852],"uv_size":[0.1093,-0.2714]}}},{"origin":[-4.2244,9.7283,-0.224],"size":[1.425,0.725,0.498],"pivot":[0.025,9.3951,0],"uv":{"north":{"uv":[2.9471,0.6568],"uv_size":[0.164,0.1018]},"south":{"uv":[2.9471,0.5189],"uv_size":[0.164,0.1018]},"east":{"uv":[3.0564,2.8637],"uv_size":[0.0547,0.1018]},"up":{"uv":[1.0564,3.8309],"uv_size":[0.0547,0.2036]}}},{"origin":[-5.4511,10.2765,-0.225],"size":[1,7,0.5],"pivot":[0.025,9.3951,0],"uv":{"north":{"uv":[1.5018,2.6017],"uv_size":[0.1093,0.9501]},"south":{"uv":[2.0573,1.4982],"uv_size":[0.1093,0.9501]},"east":{"uv":[0.8342,3.0154],"uv_size":[0.0547,0.9501]},"west":{"uv":[0.9453,3.0154],"uv_size":[0.0547,0.9501]},"up":{"uv":[3.0564,1.8988],"uv_size":[0.0547,0.1357]},"down":{"uv":[1.612,3.9633],"uv_size":[0.0547,-0.1357]}}},{"origin":[-6.1582,12.5694,-0.223],"size":[1,3,0.496],"pivot":[0.025,9.3951,0],"uv":{"north":{"uv":[2.5018,1.9032],"uv_size":[0.1093,0.4072]},"south":{"uv":[2.5018,1.4894],"uv_size":[0.1093,0.4072]},"east":{"uv":[1.7231,3.5583],"uv_size":[0.0547,0.4072]}}},{"origin":[1.8882,9.1147,-0.375],"size":[2.8,0.8,0.8],"pivot":[0.025,9.3951,0],"uv":{"north":{"uv":[2.9118,2.8637],"uv_size":[-0.3007,0.1018]},"south":{"uv":[2.9118,2.7258],"uv_size":[-0.3007,0.1018]},"up":{"uv":[1.8347,3.6491],"uv_size":[0.082,-0.3732]},"down":{"uv":[1.0569,3.4199],"uv_size":[0.082,0.3732]}}},{"origin":[1.5205,6.1462,-0.474],"size":[3,1,0.998],"pivot":[0.025,9.3951,0],"uv":{"north":{"uv":[1.9391,3.0022],"uv_size":[-0.328,0.1357]},"south":{"uv":[2.4947,2.3126],"uv_size":[-0.328,0.1357]},"west":{"uv":[3.0538,2.5884],"uv_size":[-0.1093,0.1357]},"up":{"uv":[1.2796,3.4072],"uv_size":[0.1093,-0.4072]},"down":{"uv":[1.3907,3.0066],"uv_size":[0.1093,0.4072]}}},{"origin":[2.2705,7.1462,-0.225],"size":[0.5,1,0.5],"pivot":[0.025,9.3951,0],"uv":{"north":{"uv":[1.5547,3.8298],"uv_size":[-0.0547,0.1357]},"south":{"uv":[1.4436,3.8298],"uv_size":[-0.0547,0.1357]},"east":{"uv":[3.1102,1.7608],"uv_size":[-0.0547,0.1357]},"west":{"uv":[3.1102,1.6229],"uv_size":[-0.0547,0.1357]},"up":{"uv":[3.0564,3.0679],"uv_size":[0.0547,-0.0679]}}},{"origin":[8.4702,11.0959,-0.224],"size":[1,1,0.498],"pivot":[0.025,9.3951,0],"uv":{"north":{"uv":[3.0538,2.8643],"uv_size":[-0.1093,0.1357]},"south":{"uv":[3.0538,2.7263],"uv_size":[-0.1093,0.1357]},"east":{"uv":[3.1102,2.1746],"uv_size":[-0.0547,0.1357]},"west":{"uv":[3.1102,2.0367],"uv_size":[-0.0547,0.1357]},"up":{"uv":[1.8342,3.9633],"uv_size":[0.0547,-0.1357]}}},{"origin":[7.7631,9.3888,-0.224],"size":[1,1,0.498],"pivot":[0.025,9.3951,0],"uv":{"north":{"uv":[3.0538,3.2781],"uv_size":[-0.1093,0.1357]},"south":{"uv":[3.0538,3.1401],"uv_size":[-0.1093,0.1357]},"west":{"uv":[3.1102,2.3126],"uv_size":[-0.0547,0.1357]},"down":{"uv":[1.9453,3.8298],"uv_size":[0.0547,0.1357]}}},{"origin":[5.6418,7.2675,-0.224],"size":[1,1,0.498],"pivot":[0.025,9.3951,0],"uv":{"north":{"uv":[3.0538,3.5539],"uv_size":[-0.1093,0.1357]},"south":{"uv":[3.0538,3.416],"uv_size":[-0.1093,0.1357]},"west":{"uv":[3.1102,2.4505],"uv_size":[-0.0547,0.1357]},"down":{"uv":[2.0564,3.8298],"uv_size":[0.0547,0.1357]}}},{"origin":[4.6882,9.0147,-0.475],"size":[2,1,1],"pivot":[0.025,9.3951,0],"uv":{"north":{"uv":[1.3853,3.5539],"uv_size":[-0.2187,0.1357]},"south":{"uv":[3.052,1.347],"uv_size":[-0.2187,0.1357]},"east":{"uv":[3.0538,3.6919],"uv_size":[-0.1093,0.1357]},"up":{"uv":[2.8351,1.7542],"uv_size":[0.1093,-0.2714]},"down":{"uv":[2.8351,1.763],"uv_size":[0.1093,0.2714]}}}],"name":"rot_8"},{"parent":"geyser_custom_z","pivot":[-0.025,9.3951,0],"rotation":[0,0,-22.5],"cubes":[{"origin":[6.3715,8.368,-0.075],"size":[17.5,8,0],"pivot":[-0.025,9.3951,0],"uv":{"north":{"uv":[1.9284,1.4643],"uv_size":[-1.9284,1.0874]},"south":{"uv":[0.016,1.4643],"uv_size":[1.9284,1.0874]}}}],"name":"rot_9"},{"parent":"geyser_custom_z","pivot":[-16.7686,19.0221,-0.3103],"rotation":[0,0,-22.5],"cubes":[{"origin":[-18.2686,14.5221,-0.3103],"size":[3,9,0],"pivot":[-16.7686,19.0221,-0.3103],"uv":{"north":{"uv":[6.9947,4.9815],"uv_size":[-0.328,1.2254]}}}],"name":"rot_10"},{"parent":"geyser_custom_z","pivot":[-16.7686,19.0221,0.3103],"rotation":[0,0,-22.5],"cubes":[{"origin":[-18.2686,14.5221,0.3103],"size":[3,9,0],"pivot":[-16.7686,19.0221,0.3103],"uv":{"south":{"uv":[6.672,4.9815],"uv_size":[0.328,1.2254]}}}],"name":"rot_11"},{"parent":"geyser_custom_z","pivot":[0.7647,11.7765,-3.2353],"rotation":[-0,0,0],"cubes":[{"origin":[-2.5,3.45,-1.1603],"size":[5,5,0],"pivot":[0.7647,11.7765,-3.2353],"uv":{"north":{"uv":[12.4533,9.9421],"uv_size":[0.5467,0.6786]}}}],"name":"rot_12"},{"parent":"geyser_custom_z","pivot":[0.7647,11.7765,3.2353],"rotation":[-0,0,0],"cubes":[{"origin":[-2.5,3.45,1.1603],"size":[5,5,0],"pivot":[0.7647,11.7765,3.2353],"uv":{"south":{"uv":[12.9911,9.9421],"uv_size":[-0.5467,0.6786]}}}],"name":"rot_13"},{"parent":"geyser_custom_z","pivot":[0.025,9.3951,0],"rotation":[-0,0,0],"cubes":[{"origin":[-1.725,5.25,-0.975],"size":[1,3,2],"pivot":[0.025,9.3951,0],"uv":{"north":{"uv":[1.1684,3.0066],"uv_size":[0.1093,0.4072]},"south":{"uv":[1.0573,3.0066],"uv_size":[0.1093,0.4072]},"east":{"uv":[1.6147,2.5928],"uv_size":[0.2187,0.4072]},"west":{"uv":[1.8369,2.5928],"uv_size":[0.2187,0.4072]},"up":{"uv":[2.6147,3.0022],"uv_size":[0.2187,0.1357]},"down":{"uv":[1.1702,3.5495],"uv_size":[0.2187,-0.1357]}}},{"origin":[0.775,5.25,-0.975],"size":[1,3,2],"pivot":[0.025,9.3951,0],"uv":{"north":{"uv":[1.276,3.0066],"uv_size":[-0.1093,0.4072]},"south":{"uv":[1.1649,3.0066],"uv_size":[-0.1093,0.4072]},"east":{"uv":[2.052,2.5928],"uv_size":[-0.2187,0.4072]},"west":{"uv":[1.8298,2.5928],"uv_size":[-0.2187,0.4072]},"up":{"uv":[2.6147,3.1357],"uv_size":[0.2187,-0.1357]},"down":{"uv":[1.1702,3.416],"uv_size":[0.2187,0.1357]}}},{"origin":[-8.2364,3.6575,-0.224],"size":[1.425,0.725,0.498],"pivot":[0.025,9.3951,0],"uv":{"north":{"uv":[2.9471,0.9327],"uv_size":[0.164,0.1018]},"south":{"uv":[2.9471,0.7948],"uv_size":[0.164,0.1018]},"east":{"uv":[2.3898,3.8292],"uv_size":[0.0547,0.1018]},"down":{"uv":[3.0564,1.5484],"uv_size":[0.0547,-0.2036]}}},{"origin":[-7.3417,4.9556,-0.475],"size":[6,1,1],"pivot":[0.025,9.3951,0],"uv":{"north":{"uv":[2.0662,2.5884],"uv_size":[0.656,0.1357]},"south":{"uv":[2.0662,2.4505],"uv_size":[0.656,0.1357]},"east":{"uv":[3.0573,0.1057],"uv_size":[0.1093,0.1357]},"west":{"uv":[3.0573,1.0712],"uv_size":[0.1093,0.1357]},"up":{"uv":[2.1684,1.496],"uv_size":[0.1093,0.8143]},"down":{"uv":[2.0573,3.5385],"uv_size":[0.1093,-0.8143]}}},{"origin":[-23.975,4.25,0.125],"size":[22.5,10,0.05],"pivot":[0.025,9.3951,0],"uv":{"north":{"uv":[0.016,0.016],"uv_size":[2.484,1.3633]},"south":{"uv":[2.484,0.016],"uv_size":[-2.484,1.3633]}}},{"origin":[1.3917,4.9556,-0.475],"size":[6,1,1],"pivot":[0.025,9.3951,0],"uv":{"north":{"uv":[2.7116,2.5884],"uv_size":[-0.656,0.1357]},"south":{"uv":[2.7116,2.4505],"uv_size":[-0.656,0.1357]},"east":{"uv":[3.1649,1.0712],"uv_size":[-0.1093,0.1357]},"west":{"uv":[3.1649,0.1057],"uv_size":[-0.1093,0.1357]},"up":{"uv":[2.1684,2.2971],"uv_size":[0.1093,-0.8143]},"down":{"uv":[2.0573,2.7374],"uv_size":[0.1093,0.8143]}}},{"origin":[6.8614,3.6575,-0.224],"size":[1.425,0.725,0.498],"pivot":[0.025,9.3951,0],"uv":{"north":{"uv":[3.1084,0.9327],"uv_size":[-0.164,0.1018]},"south":{"uv":[3.1084,0.7948],"uv_size":[-0.164,0.1018]},"west":{"uv":[2.4436,3.8292],"uv_size":[-0.0547,0.1018]},"down":{"uv":[3.0564,1.3481],"uv_size":[0.0547,0.2036]}}}],"name":"rot_14"},{"parent":"geyser_custom_z","pivot":[0.025,9.3951,0],"rotation":[0,-0,0],"cubes":[{"origin":[-1.725,5.25,-0.975],"size":[1,3,2],"pivot":[0.025,9.3951,0],"uv":{"north":{"uv":[1.1684,3.0066],"uv_size":[0.1093,0.4072]},"south":{"uv":[1.0573,3.0066],"uv_size":[0.1093,0.4072]},"east":{"uv":[1.6147,2.5928],"uv_size":[0.2187,0.4072]},"west":{"uv":[1.8369,2.5928],"uv_size":[0.2187,0.4072]},"up":{"uv":[2.6147,3.0022],"uv_size":[0.2187,0.1357]},"down":{"uv":[1.1702,3.5495],"uv_size":[0.2187,-0.1357]}}},{"origin":[0.775,5.25,-0.975],"size":[1,3,2],"pivot":[0.025,9.3951,0],"uv":{"north":{"uv":[1.276,3.0066],"uv_size":[-0.1093,0.4072]},"south":{"uv":[1.1649,3.0066],"uv_size":[-0.1093,0.4072]},"east":{"uv":[2.052,2.5928],"uv_size":[-0.2187,0.4072]},"west":{"uv":[1.8298,2.5928],"uv_size":[-0.2187,0.4072]},"up":{"uv":[2.6147,3.1357],"uv_size":[0.2187,-0.1357]},"down":{"uv":[1.1702,3.416],"uv_size":[0.2187,0.1357]}}},{"origin":[-8.2364,3.6575,-0.224],"size":[1.425,0.725,0.498],"pivot":[0.025,9.3951,0],"uv":{"north":{"uv":[2.9471,0.9327],"uv_size":[0.164,0.1018]},"south":{"uv":[2.9471,0.7948],"uv_size":[0.164,0.1018]},"east":{"uv":[2.3898,3.8292],"uv_size":[0.0547,0.1018]},"down":{"uv":[3.0564,1.5484],"uv_size":[0.0547,-0.2036]}}},{"origin":[-7.3417,4.9556,-0.475],"size":[6,1,1],"pivot":[0.025,9.3951,0],"uv":{"north":{"uv":[2.0662,2.5884],"uv_size":[0.656,0.1357]},"south":{"uv":[2.0662,2.4505],"uv_size":[0.656,0.1357]},"east":{"uv":[3.0573,0.1057],"uv_size":[0.1093,0.1357]},"west":{"uv":[3.0573,1.0712],"uv_size":[0.1093,0.1357]},"up":{"uv":[2.1684,1.496],"uv_size":[0.1093,0.8143]},"down":{"uv":[2.0573,3.5385],"uv_size":[0.1093,-0.8143]}}},{"origin":[-23.975,4.25,0.125],"size":[22.5,10,0.05],"pivot":[0.025,9.3951,0],"uv":{"north":{"uv":[0.016,0.016],"uv_size":[2.484,1.3633]},"south":{"uv":[2.484,0.016],"uv_size":[-2.484,1.3633]}}},{"origin":[1.3917,4.9556,-0.475],"size":[6,1,1],"pivot":[0.025,9.3951,0],"uv":{"north":{"uv":[2.7116,2.5884],"uv_size":[-0.656,0.1357]},"south":{"uv":[2.7116,2.4505],"uv_size":[-0.656,0.1357]},"east":{"uv":[3.1649,1.0712],"uv_size":[-0.1093,0.1357]},"west":{"uv":[3.1649,0.1057],"uv_size":[-0.1093,0.1357]},"up":{"uv":[2.1684,2.2971],"uv_size":[0.1093,-0.8143]},"down":{"uv":[2.0573,2.7374],"uv_size":[0.1093,0.8143]}}},{"origin":[6.8614,3.6575,-0.224],"size":[1.425,0.725,0.498],"pivot":[0.025,9.3951,0],"uv":{"north":{"uv":[3.1084,0.9327],"uv_size":[-0.164,0.1018]},"south":{"uv":[3.1084,0.7948],"uv_size":[-0.164,0.1018]},"west":{"uv":[2.4436,3.8292],"uv_size":[-0.0547,0.1018]},"down":{"uv":[3.0564,1.3481],"uv_size":[0.0547,0.2036]}}}],"name":"rot_15"},{"parent":"geyser_custom_z","pivot":[-0.025,9.3951,0],"rotation":[0,-0,0],"cubes":[{"origin":[1.475,4.25,0.125],"size":[22.5,10,0.05],"pivot":[-0.025,9.3951,0],"uv":{"north":{"uv":[2.484,0.016],"uv_size":[-2.484,1.3633]},"south":{"uv":[0.016,0.016],"uv_size":[2.484,1.3633]}}}],"name":"rot_16"},{"parent":"geyser_custom_z","pivot":[11.2686,-1.4779,-0.3103],"rotation":[0,0,0],"cubes":[{"origin":[6.7686,-2.9779,-0.3103],"size":[9,3,0],"pivot":[11.2686,-1.4779,-0.3103],"uv":{"north":{"uv":[6.9947,6.1909],"uv_size":[-0.328,-1.2254]}}}],"name":"rot_17"},{"parent":"geyser_custom_z","pivot":[11.2686,-1.4779,0.3103],"rotation":[0,0,0],"cubes":[{"origin":[6.7686,-2.9779,0.3103],"size":[9,3,0],"pivot":[11.2686,-1.4779,0.3103],"uv":{"south":{"uv":[6.9947,4.9815],"uv_size":[-0.328,1.2254]}}}],"name":"rot_18"},{"parent":"geyser_custom_z","pivot":[-11.2686,-1.4779,-0.3103],"rotation":[0,0,0],"cubes":[{"origin":[-15.7686,-2.9779,-0.3103],"size":[9,3,0],"pivot":[-11.2686,-1.4779,-0.3103],"uv":{"north":{"uv":[6.9947,4.9815],"uv_size":[-0.328,1.2254]}}}],"name":"rot_19"},{"parent":"geyser_custom_z","pivot":[-11.2686,-1.4779,0.3103],"rotation":[0,0,0],"cubes":[{"origin":[-15.7686,-2.9779,0.3103],"size":[9,3,0],"pivot":[-11.2686,-1.4779,0.3103],"uv":{"south":{"uv":[6.9947,6.1909],"uv_size":[-0.328,-1.2254]}}}],"name":"rot_20"},{"parent":"geyser_custom_z","pivot":[16.7686,19.0221,-0.3103],"rotation":[0,0,22.5],"cubes":[{"origin":[15.2686,14.5221,-0.3103],"size":[3,9,0],"pivot":[16.7686,19.0221,-0.3103],"uv":{"north":{"uv":[6.672,4.9815],"uv_size":[0.328,1.2254]}}}],"name":"rot_21"},{"parent":"geyser_custom_z","pivot":[16.7686,19.0221,0.3103],"rotation":[0,0,22.5],"cubes":[{"origin":[15.2686,14.5221,0.3103],"size":[3,9,0],"pivot":[16.7686,19.0221,0.3103],"uv":{"south":{"uv":[6.9947,4.9815],"uv_size":[-0.328,1.2254]}}}],"name":"rot_22"},{"parent":"geyser_custom_z","pivot":[0.025,9.3951,0],"rotation":[0,0,22.5],"cubes":[{"origin":[-1.8382,9.0147,-0.475],"size":[1,1,1],"pivot":[0.025,9.3951,0],"uv":{"north":{"uv":[2.9462,1.485],"uv_size":[0.1093,0.1357]},"south":{"uv":[2.9462,1.2091],"uv_size":[0.1093,0.1357]},"east":{"uv":[2.9462,1.0712],"uv_size":[0.1093,0.1357]},"west":{"uv":[1.1684,3.6919],"uv_size":[0.1093,0.1357]},"up":{"uv":[1.2796,3.6919],"uv_size":[0.1093,0.1357]},"down":{"uv":[2.9462,1.7564],"uv_size":[0.1093,-0.1357]}}},{"origin":[-6.6382,9.0147,-0.475],"size":[2,1,1],"pivot":[0.025,9.3951,0],"uv":{"north":{"uv":[1.1702,3.5539],"uv_size":[0.2187,0.1357]},"south":{"uv":[2.8369,1.347],"uv_size":[0.2187,0.1357]},"west":{"uv":[2.9462,3.6919],"uv_size":[0.1093,0.1357]},"up":{"uv":[2.8351,1.4872],"uv_size":[0.1093,0.2714]},"down":{"uv":[2.8351,2.0301],"uv_size":[0.1093,-0.2714]}}},{"origin":[-4.6382,9.1147,-0.375],"size":[2.8,0.8,0.8],"pivot":[0.025,9.3951,0],"uv":{"north":{"uv":[2.616,2.8637],"uv_size":[0.3007,0.1018]},"south":{"uv":[2.616,2.7258],"uv_size":[0.3007,0.1018]},"up":{"uv":[1.8347,3.2819],"uv_size":[0.082,0.3732]},"down":{"uv":[1.0569,3.787],"uv_size":[0.082,-0.3732]}}},{"origin":[-4.4704,6.1462,-0.474],"size":[3,1,0.998],"pivot":[0.025,9.3951,0],"uv":{"north":{"uv":[1.6164,3.0022],"uv_size":[0.328,0.1357]},"south":{"uv":[2.172,2.3126],"uv_size":[0.328,0.1357]},"east":{"uv":[2.9462,2.5884],"uv_size":[0.1093,0.1357]},"up":{"uv":[1.2796,3.0066],"uv_size":[0.1093,0.4072]},"down":{"uv":[1.3907,3.4072],"uv_size":[0.1093,-0.4072]}}},{"origin":[-2.7204,7.1462,-0.225],"size":[0.5,1,0.5],"pivot":[0.025,9.3951,0],"uv":{"north":{"uv":[1.5009,3.8298],"uv_size":[0.0547,0.1357]},"south":{"uv":[1.3898,3.8298],"uv_size":[0.0547,0.1357]},"east":{"uv":[3.0564,1.6229],"uv_size":[0.0547,0.1357]},"west":{"uv":[3.0564,1.7608],"uv_size":[0.0547,0.1357]},"up":{"uv":[3.0564,3.0011],"uv_size":[0.0547,0.0679]}}},{"origin":[-9.4202,11.0959,-0.224],"size":[1,1,0.498],"pivot":[0.025,9.3951,0],"uv":{"north":{"uv":[2.9462,2.8643],"uv_size":[0.1093,0.1357]},"south":{"uv":[2.9462,2.7263],"uv_size":[0.1093,0.1357]},"east":{"uv":[3.0564,2.0367],"uv_size":[0.0547,0.1357]},"west":{"uv":[3.0564,2.1746],"uv_size":[0.0547,0.1357]},"up":{"uv":[1.8342,3.8298],"uv_size":[0.0547,0.1357]}}},{"origin":[-8.7131,9.3888,-0.224],"size":[1,1,0.498],"pivot":[0.025,9.3951,0],"uv":{"north":{"uv":[2.9462,3.2781],"uv_size":[0.1093,0.1357]},"south":{"uv":[2.9462,3.1401],"uv_size":[0.1093,0.1357]},"east":{"uv":[3.0564,2.3126],"uv_size":[0.0547,0.1357]},"down":{"uv":[1.9453,3.9633],"uv_size":[0.0547,-0.1357]}}},{"origin":[-6.5918,7.2675,-0.224],"size":[1,1,0.498],"pivot":[0.025,9.3951,0],"uv":{"north":{"uv":[2.9462,3.5539],"uv_size":[0.1093,0.1357]},"south":{"uv":[2.9462,3.416],"uv_size":[0.1093,0.1357]},"east":{"uv":[3.0564,2.4505],"uv_size":[0.0547,0.1357]},"down":{"uv":[2.0564,3.9633],"uv_size":[0.0547,-0.1357]}}},{"origin":[-23.8715,8.368,-0.075],"size":[17.5,8,0],"pivot":[0.025,9.3951,0],"uv":{"north":{"uv":[0.016,1.4643],"uv_size":[1.9284,1.0874]},"south":{"uv":[1.9284,1.4643],"uv_size":[-1.9284,1.0874]}}},{"origin":[1.3798,8.1552,-0.475],"size":[2,1,1],"pivot":[0.025,9.3951,0],"uv":{"north":{"uv":[3.052,0.1057],"uv_size":[-0.2187,0.1357]},"south":{"uv":[2.9409,3.416],"uv_size":[-0.2187,0.1357]},"east":{"uv":[3.0538,2.4505],"uv_size":[-0.1093,0.1357]},"west":{"uv":[2.0538,3.6919],"uv_size":[-0.1093,0.1357]},"up":{"uv":[1.3907,3.6852],"uv_size":[0.1093,-0.2714]},"down":{"uv":[1.9462,3.4182],"uv_size":[0.1093,0.2714]}}},{"origin":[2.8495,9.7283,-0.224],"size":[1.425,0.725,0.498],"pivot":[0.025,9.3951,0],"uv":{"north":{"uv":[3.1084,0.6568],"uv_size":[-0.164,0.1018]},"south":{"uv":[3.1084,0.5189],"uv_size":[-0.164,0.1018]},"west":{"uv":[3.1102,2.8637],"uv_size":[-0.0547,0.1018]},"up":{"uv":[1.0564,4.0312],"uv_size":[0.0547,-0.2036]}}},{"origin":[4.5011,10.2765,-0.225],"size":[1,7,0.5],"pivot":[0.025,9.3951,0],"uv":{"north":{"uv":[1.6093,2.6017],"uv_size":[-0.1093,0.9501]},"south":{"uv":[2.1649,1.4982],"uv_size":[-0.1093,0.9501]},"east":{"uv":[0.9991,3.0154],"uv_size":[-0.0547,0.9501]},"west":{"uv":[0.888,3.0154],"uv_size":[-0.0547,0.9501]},"up":{"uv":[3.0564,2.0323],"uv_size":[0.0547,-0.1357]},"down":{"uv":[1.612,3.8298],"uv_size":[0.0547,0.1357]}}},{"origin":[5.2082,12.5694,-0.223],"size":[1,3,0.496],"pivot":[0.025,9.3951,0],"uv":{"north":{"uv":[2.6093,1.9032],"uv_size":[-0.1093,0.4072]},"south":{"uv":[2.6093,1.4894],"uv_size":[-0.1093,0.4072]},"west":{"uv":[1.7769,3.5583],"uv_size":[-0.0547,0.4072]}}}],"name":"rot_23"},{"parent":"geyser_custom_z","pivot":[18.8397,9.25,-0.2103],"rotation":[0,0,45],"cubes":[{"origin":[16.8397,3.75,-0.2103],"size":[4,11,0],"pivot":[18.8397,9.25,-0.2103],"uv":{"north":{"uv":[6.2293,4.9815],"uv_size":[0.4373,1.5012]}}}],"name":"rot_24"},{"parent":"geyser_custom_z","pivot":[18.8397,9.25,0.2103],"rotation":[0,0,45],"cubes":[{"origin":[16.8397,3.75,0.2103],"size":[4,11,0],"pivot":[18.8397,9.25,0.2103],"uv":{"south":{"uv":[6.6596,4.9815],"uv_size":[-0.4373,1.5012]}}}],"name":"rot_25"},{"parent":"geyser_custom_z","pivot":[9.0275,5.0522,-2.8103],"rotation":[0,0,45],"cubes":[{"origin":[6.7775,1.9272,-0.8103],"size":[4.5,2.25,0],"pivot":[9.0275,5.0522,-2.8103],"uv":{"north":{"uv":[7.254,5.5763],"uv_size":[0.246,-0.6108]}}}],"name":"rot_26"},{"parent":"geyser_custom_z","pivot":[9.0275,5.0522,2.8103],"rotation":[0,0,45],"cubes":[{"origin":[6.7775,1.9272,0.8103],"size":[4.5,2.25,0],"pivot":[9.0275,5.0522,2.8103],"uv":{"south":{"uv":[7.254,4.9754],"uv_size":[0.246,0.6108]}}}],"name":"rot_27"},{"parent":"geyser_custom_z","pivot":[4.4013,10.2156,-0.7103],"rotation":[0,0,45],"cubes":[{"origin":[3.2763,8.2156,-0.9103],"size":[2.25,4.5,0],"pivot":[4.4013,10.2156,-0.7103],"uv":{"north":{"uv":[7.246,4.9754],"uv_size":[-0.246,0.6108]}}}],"name":"rot_28"},{"parent":"geyser_custom_z","pivot":[4.4013,10.2156,0.7103],"rotation":[0,0,45],"cubes":[{"origin":[3.2763,8.2156,0.9103],"size":[2.25,4.5,0],"pivot":[4.4013,10.2156,0.7103],"uv":{"south":{"uv":[7.004,4.9754],"uv_size":[0.246,0.6108]}}}],"name":"rot_29"},{"parent":"geyser_custom_z","pivot":[0.025,9.3951,0],"rotation":[0,0,45],"cubes":[{"origin":[1.4257,5.9944,-0.575],"size":[2,2,1.2],"pivot":[0.025,9.3951,0],"uv":{"north":{"uv":[2.2813,1.4872],"uv_size":[0.2187,0.2714]},"south":{"uv":[2.1702,2.7286],"uv_size":[0.2187,0.2714]},"east":{"uv":[2.5022,3.1423],"uv_size":[0.1367,0.2714]},"west":{"uv":[2.6133,0.1079],"uv_size":[0.1367,0.2714]},"up":{"uv":[2.6133,0.3837],"uv_size":[0.1367,0.2714]},"down":{"uv":[2.6133,0.9266],"uv_size":[0.1367,-0.2714]}}},{"origin":[1.6257,6.1944,-0.775],"size":[1.6,1.6,1.6],"pivot":[0.025,9.3951,0],"uv":{"north":{"uv":[2.6138,1.7619],"uv_size":[0.164,0.2036]},"south":{"uv":[2.6138,1.2102],"uv_size":[0.164,0.2036]},"east":{"uv":[2.6138,0.9343],"uv_size":[0.164,0.2036]},"west":{"uv":[2.6138,1.4861],"uv_size":[0.164,0.2036]},"up":{"uv":[1.6138,3.2792],"uv_size":[0.164,0.2036]},"down":{"uv":[2.6138,2.2381],"uv_size":[0.164,-0.2036]}}},{"origin":[-0.4027,7.348,-0.974],"size":[1,1,1.998],"pivot":[0.025,9.3951,0],"uv":{"north":{"uv":[2.9462,1.7608],"uv_size":[0.1093,0.1357]},"south":{"uv":[1.3907,3.6919],"uv_size":[0.1093,0.1357]},"east":{"uv":[2.7258,2.4505],"uv_size":[0.2187,0.1357]},"west":{"uv":[2.7258,2.5884],"uv_size":[0.2187,0.1357]},"up":{"uv":[2.1702,3.416],"uv_size":[0.2187,0.1357]}}},{"origin":[1.4257,4.9337,-0.974],"size":[1,1,1.998],"pivot":[0.025,9.3951,0],"uv":{"north":{"uv":[1.8351,3.6919],"uv_size":[0.1093,0.1357]},"south":{"uv":[2.9462,1.8988],"uv_size":[0.1093,0.1357]},"east":{"uv":[2.5036,3.416],"uv_size":[0.2187,0.1357]},"west":{"uv":[2.7258,3.1401],"uv_size":[0.2187,0.1357]},"down":{"uv":[2.7258,3.4116],"uv_size":[0.2187,-0.1357]}}},{"origin":[7.6661,11.172,-0.474],"size":[3,1,0.998],"pivot":[0.025,9.3951,0],"uv":{"north":{"uv":[2.828,2.3126],"uv_size":[-0.328,0.1357]},"south":{"uv":[1.9391,3.1401],"uv_size":[-0.328,0.1357]},"west":{"uv":[3.1649,1.2091],"uv_size":[-0.1093,0.1357]},"up":{"uv":[2.5018,3.1313],"uv_size":[0.1093,-0.4072]},"down":{"uv":[2.3907,3.1446],"uv_size":[0.1093,0.4072]}}},{"origin":[8.4161,10.172,-0.225],"size":[0.5,1,0.5],"pivot":[0.025,9.3951,0],"uv":{"north":{"uv":[2.3324,3.8298],"uv_size":[-0.0547,0.1357]},"south":{"uv":[2.2213,3.8298],"uv_size":[-0.0547,0.1357]},"east":{"uv":[3.1102,2.7263],"uv_size":[-0.0547,0.1357]},"west":{"uv":[3.1102,2.5884],"uv_size":[-0.0547,0.1357]},"down":{"uv":[2.5009,3.8287],"uv_size":[0.0547,0.0679]}}},{"origin":[1.9268,14.91,-0.58],"size":[1.21,1.21,1.21],"pivot":[0.025,9.3951,0],"uv":{"north":{"uv":[2.4144,3.5545],"uv_size":[-0.1367,0.1697]},"south":{"uv":[2.97,2.0372],"uv_size":[-0.1367,0.1697]},"east":{"uv":[2.1922,3.5545],"uv_size":[-0.1367,0.1697]},"west":{"uv":[1.6367,3.5545],"uv_size":[-0.1367,0.1697]},"up":{"uv":[2.5022,3.7214],"uv_size":[0.1367,-0.1697]},"down":{"uv":[2.7244,3.5545],"uv_size":[0.1367,0.1697]}}},{"origin":[2.1268,15.11,-0.78],"size":[0.81,0.81,1.61],"pivot":[0.025,9.3951,0],"uv":{"north":{"uv":[1.3598,3.8292],"uv_size":[-0.082,0.1018]},"south":{"uv":[1.2487,3.8292],"uv_size":[-0.082,0.1018]},"east":{"uv":[2.9973,3.0017],"uv_size":[-0.164,0.1018]},"west":{"uv":[2.9973,2.312],"uv_size":[-0.164,0.1018]},"up":{"uv":[2.9471,0.3432],"uv_size":[0.164,-0.1018]},"down":{"uv":[2.9471,0.381],"uv_size":[0.164,0.1018]}}}],"name":"rot_30"},{"parent":"geyser_custom_z","pivot":[-0.025,9.3951,0],"rotation":[0,0,45],"cubes":[{"origin":[3.3638,6.6495,-0.175],"size":[17,7,0.05],"pivot":[-0.025,9.3951,0],"uv":{"north":{"uv":[0.0124,4.915],"uv_size":[0.7653,-2.3288]},"south":{"uv":[0.0124,2.6022],"uv_size":[0.7653,2.3288]}}}],"name":"rot_31"}]}]}
