{"format_version":"1.16.0","minecraft:geometry":[{"description":{"identifier":"geometry.geyser_custom.geo_d957b85","texture_width":16,"texture_height":16,"visible_bounds_width":4,"visible_bounds_height":4.5,"visible_bounds_offset":[0,0.75,0]},"bones":[{"name":"geyser_custom","binding":"c.item_slot == 'head' ? 'head' : q.item_slot_to_bone_name(c.item_slot)","pivot":[0,8,0]},{"name":"geyser_custom_x","parent":"geyser_custom","pivot":[0,8,0]},{"name":"geyser_custom_y","parent":"geyser_custom_x","pivot":[0,8,0]},{"name":"geyser_custom_z","parent":"geyser_custom_y","pivot":[0,8,0],"cubes":[]},{"parent":"geyser_custom_z","pivot":[1.8884,-8.5751,0],"rotation":[0,0,-45],"cubes":[{"origin":[0.0884,-9.2501,-0.495],"size":[1.125,0.9,0.99],"pivot":[1.8884,-8.5751,0],"uv":{"north":{"uv":[15.2622,5.1459],"uv_size":[0.1822,0.1874]},"south":{"uv":[15.2622,5.3364],"uv_size":[0.1822,0.1874]},"east":{"uv":[12.0024,6.8602],"uv_size":[0.1458,0.1874]},"west":{"uv":[15.4098,2.4792],"uv_size":[0.1458,0.1874]},"up":{"uv":[14.3733,6.6697],"uv_size":[0.1822,0.1874]},"down":{"uv":[15.2622,5.7112],"uv_size":[0.1822,-0.1874]}}}],"name":"rot_1"},{"parent":"geyser_custom_z","pivot":[1.7884,-11.0501,0],"rotation":[0,0,-45],"cubes":[{"origin":[-0.0116,-11.5001,-0.495],"size":[1.8,0.9,0.99],"pivot":[1.7884,-11.0501,0],"uv":{"north":{"uv":[14.9671,1.1459],"uv_size":[0.2551,0.1874]},"south":{"uv":[11.1153,6.2888],"uv_size":[0.2551,0.1874]},"east":{"uv":[11.8542,6.8602],"uv_size":[0.1458,0.1874]},"west":{"uv":[15.4098,2.2888],"uv_size":[0.1458,0.1874]},"up":{"uv":[14.9671,1.3364],"uv_size":[0.2551,0.1874]},"down":{"uv":[14.9671,1.7112],"uv_size":[0.2551,-0.1874]}}}],"name":"rot_2"},{"parent":"geyser_custom_z","pivot":[0,8.4957,0.0025],"rotation":[0,0,-45],"cubes":[{"origin":[4.0477,12.5434,-0.4475],"size":[1.32,1.32,0.895],"pivot":[0,8.4957,0.0025],"uv":{"north":{"uv":[14.9659,3.6229],"uv_size":[0.1822,0.2343]},"south":{"uv":[13.1881,6.2895],"uv_size":[0.1822,0.2343]},"east":{"uv":[10.4044,6.8541],"uv_size":[-0.1822,-0.1874]},"west":{"uv":[15.4415,0.384],"uv_size":[-0.1822,0.1874]},"up":{"uv":[15.405,0.2343],"uv_size":[-0.1458,-0.2343]},"down":{"uv":[10.2199,6.901],"uv_size":[-0.1458,-0.2343]}}},{"origin":[0.1069,8.5956,-0.5375],"size":[2.7,2.7,1.085],"pivot":[0,8.4957,0.0025],"uv":{"north":{"uv":[13.488,0.0084],"uv_size":[0.4009,0.5154]},"south":{"uv":[13.8824,0.0084],"uv_size":[-0.4009,0.5154]},"east":{"uv":[14.7713,2.0922],"uv_size":[-0.4009,-0.1874]},"west":{"uv":[14.9194,0.003],"uv_size":[-0.4009,0.1874]},"up":{"uv":[14.5161,5.8488],"uv_size":[-0.1458,-0.5154]},"down":{"uv":[14.5161,5.2773],"uv_size":[-0.1458,-0.5154]}}},{"origin":[5.8118,18.4688,-0.49],"size":[0.675,1.35,0.99],"pivot":[0,8.4957,0.0025],"uv":{"north":{"uv":[15.4104,3.0499],"uv_size":[0.1822,0.1406]},"south":{"uv":[12.7437,6.8594],"uv_size":[0.1822,0.1406]},"east":{"uv":[12.3304,6.8541],"uv_size":[-0.1822,-0.1874]},"west":{"uv":[15.4415,2.6697],"uv_size":[-0.1822,0.1874]},"up":{"uv":[14.5161,6.9977],"uv_size":[-0.1458,-0.1406]},"down":{"uv":[14.368,6.9977],"uv_size":[-0.1458,-0.1406]}}},{"origin":[5.3618,16.6688,-0.49],"size":[1.125,1.8,0.99],"pivot":[0,8.4957,0.0025],"uv":{"north":{"uv":[14.6708,1.5276],"uv_size":[0.2551,0.2343]},"south":{"uv":[11.856,5.9086],"uv_size":[0.2551,0.2343]},"east":{"uv":[15.0699,5.5208],"uv_size":[-0.2551,-0.1874]},"west":{"uv":[15.0699,5.5269],"uv_size":[-0.2551,0.1874]},"up":{"uv":[15.405,3.0914],"uv_size":[-0.1458,-0.2343]},"down":{"uv":[11.7013,6.901],"uv_size":[-0.1458,-0.2343]}}},{"origin":[5.7004,14.189,-0.995],"size":[2,2,2],"pivot":[0,8.4957,0.0025],"uv":{"north":{"uv":[14.3292,1.7196],"uv_size":[-0.2551,0.328]},"south":{"uv":[14.0782,1.7196],"uv_size":[0.2551,0.328]},"east":{"uv":[14.3292,5.2804],"uv_size":[-0.2551,-0.328]},"west":{"uv":[14.0782,4.1958],"uv_size":[0.2551,0.328]},"up":{"uv":[11.3662,5.6613],"uv_size":[-0.2551,-0.328]},"down":{"uv":[14.4773,0.328],"uv_size":[-0.2551,-0.328]}}},{"origin":[2.8434,17.696,-0.225],"size":[1.35,1.35,0.45],"pivot":[0,8.4957,0.0025],"uv":{"north":{"uv":[14.6696,6.2895],"uv_size":[0.1822,0.2343]},"south":{"uv":[14.9659,5.9086],"uv_size":[0.1822,0.2343]},"east":{"uv":[15.7378,1.0461],"uv_size":[-0.1822,-0.0937]},"west":{"uv":[11.1452,7.0491],"uv_size":[-0.1822,0.0937]},"up":{"uv":[15.6284,0.8057],"uv_size":[-0.0729,-0.2343]},"down":{"uv":[15.6284,0.4248],"uv_size":[-0.0729,-0.2343]}}}],"name":"rot_3"},{"parent":"geyser_custom_z","pivot":[0,8.9957,0.0025],"rotation":[0,0,-45],"cubes":[{"origin":[-9.0236,-0.0279,-0.4],"size":[1.25,1.25,0.8],"pivot":[0,8.9957,0.0025],"uv":{"north":{"uv":[14.9659,2.6705],"uv_size":[0.1822,0.2343]},"south":{"uv":[14.9659,3.0514],"uv_size":[0.1822,0.2343]},"east":{"uv":[11.7061,6.48],"uv_size":[0.1458,0.2343]},"west":{"uv":[12.4468,6.2895],"uv_size":[0.1458,0.2343]},"up":{"uv":[12.8919,6.6636],"uv_size":[0.1822,-0.1874]},"down":{"uv":[12.5956,6.4792],"uv_size":[0.1822,0.1874]}}}],"name":"rot_4"},{"parent":"geyser_custom_z","pivot":[-0.005,-10.225,0.005],"rotation":[0,0,-45],"cubes":[{"origin":[-1.005,-11.225,-0.995],"size":[2,2,2],"pivot":[-0.005,-10.225,0.005],"uv":{"north":{"uv":[14.3292,1.7196],"uv_size":[-0.2551,0.328]},"south":{"uv":[14.0782,1.7196],"uv_size":[0.2551,0.328]},"east":{"uv":[14.0782,4.1958],"uv_size":[0.2551,0.328]},"west":{"uv":[14.3292,5.2804],"uv_size":[-0.2551,-0.328]},"up":{"uv":[14.4773,0.328],"uv_size":[-0.2551,-0.328]},"down":{"uv":[11.3662,5.6613],"uv_size":[-0.2551,-0.328]}}}],"name":"rot_5"},{"parent":"geyser_custom_z","pivot":[1.2476,-11.5529,0],"rotation":[0,0,-22.5],"cubes":[{"origin":[0.7976,-11.5529,-0.45],"size":[1.035,1.35,0.9],"pivot":[1.2476,-11.5529,0],"uv":{"north":{"uv":[15.2616,3.6229],"uv_size":[0.1458,0.2343]},"south":{"uv":[13.1876,6.6705],"uv_size":[0.1458,0.2343]},"east":{"uv":[13.0394,6.6705],"uv_size":[0.1458,0.2343]},"west":{"uv":[15.2616,4.0038],"uv_size":[0.1458,0.2343]},"up":{"uv":[15.4098,0.9554],"uv_size":[0.1458,0.1874]},"down":{"uv":[10.9653,7.0446],"uv_size":[0.1458,-0.1874]}}}],"name":"rot_6"},{"parent":"geyser_custom_z","pivot":[0,8.4957,0.0025],"rotation":[0,0,-22.5],"cubes":[{"origin":[-3.3891,16.2781,-0.49],"size":[1.8,0.675,0.99],"pivot":[0,8.4957,0.0025],"uv":{"north":{"uv":[15.1153,1.907],"uv_size":[0.2551,0.1406]},"south":{"uv":[15.1153,2.0975],"uv_size":[0.2551,0.1406]},"east":{"uv":[13.7801,6.8594],"uv_size":[0.1458,0.1406]},"west":{"uv":[15.4098,4.5737],"uv_size":[0.1458,0.1406]},"up":{"uv":[14.819,5.1398],"uv_size":[0.2551,-0.1874]},"down":{"uv":[14.819,4.765],"uv_size":[0.2551,0.1874]}}},{"origin":[-1.5891,15.6031,-0.49],"size":[3.6,1.35,0.99],"pivot":[0,8.4957,0.0025],"uv":{"north":{"uv":[13.6379,2.099],"uv_size":[0.5102,0.2343]},"south":{"uv":[13.6379,2.48],"uv_size":[0.5102,0.2343]},"east":{"uv":[12.595,6.6705],"uv_size":[0.1458,0.2343]},"west":{"uv":[12.4468,6.6705],"uv_size":[0.1458,0.2343]},"up":{"uv":[13.9342,1.1398],"uv_size":[0.5102,-0.1874]},"down":{"uv":[13.9342,0.765],"uv_size":[0.5102,0.1874]}}},{"origin":[1.5923,16.9045,-0.67],"size":[2.025,1.8,1.35],"pivot":[0,8.4957,0.0025],"uv":{"north":{"uv":[13.9307,2.8625],"uv_size":[0.2916,0.328]},"south":{"uv":[13.9307,3.2434],"uv_size":[0.2916,0.328]},"east":{"uv":[14.6696,3.6244],"uv_size":[0.1822,0.328]},"west":{"uv":[12.1511,5.9101],"uv_size":[0.1822,0.328]},"up":{"uv":[14.5233,2.7105],"uv_size":[0.2916,-0.2343]},"down":{"uv":[14.5233,2.099],"uv_size":[0.2916,0.2343]}}},{"origin":[4.4972,14.0336,-0.445],"size":[1.35,2.7,0.9],"pivot":[0,8.4957,0.0025],"uv":{"north":{"uv":[13.0711,5.1512],"uv_size":[-0.1822,0.5154]},"south":{"uv":[14.2563,3.6274],"uv_size":[-0.1822,0.5154]},"east":{"uv":[11.405,5.7227],"uv_size":[-0.1458,0.5154]},"west":{"uv":[11.5532,5.7227],"uv_size":[-0.1458,0.5154]},"up":{"uv":[12.923,6.8541],"uv_size":[-0.1822,-0.1874]},"down":{"uv":[15.4415,3.2411],"uv_size":[-0.1822,0.1874]}}}],"name":"rot_7"},{"parent":"geyser_custom_z","pivot":[-1.4296,-10.5319,0],"rotation":[0,0,-22.5],"cubes":[{"origin":[-1.2045,-11.0694,-0.675],"size":[1.125,1.55,1.35],"pivot":[-1.4296,-10.5319,0],"uv":{"north":{"uv":[14.6696,4.0053],"uv_size":[0.1822,0.328]},"south":{"uv":[14.3733,5.9101],"uv_size":[0.1822,0.328]},"east":{"uv":[14.6696,4.3863],"uv_size":[0.1822,0.328]},"west":{"uv":[14.6696,5.9101],"uv_size":[0.1822,0.328]},"up":{"uv":[14.9659,4.0038],"uv_size":[0.1822,0.2343]},"down":{"uv":[13.4844,6.52],"uv_size":[0.1822,-0.2343]}}}],"name":"rot_8"},{"parent":"geyser_custom_z","pivot":[-2.005,-9.7335,0],"rotation":[0,0,-22.5],"cubes":[{"origin":[-5.78,-13.2185,0],"size":[7.55,6.97,0],"pivot":[-2.005,-9.7335,0],"uv":{"north":{"uv":[12.5025,0.016],"uv_size":[-1.3803,1.6983]},"south":{"uv":[11.1382,0.016],"uv_size":[1.3803,1.6983]},"east":{"uv":[10.0741,0.016],"uv_size":[0,1.6983]},"west":{"uv":[10.0741,0.016],"uv_size":[0,1.6983]},"up":{"uv":[11.4655,0],"uv_size":[-1.3914,0]},"down":{"uv":[11.4655,0],"uv_size":[-1.3914,0]}}}],"name":"rot_9"},{"parent":"geyser_custom_z","pivot":[5.995,16.5665,0],"rotation":[0,-0,0],"cubes":[{"origin":[2.72,12.0815,0],"size":[6.55,8.97,0],"pivot":[5.995,16.5665,0],"uv":{"north":{"uv":[11.9495,1.7779],"uv_size":[-0.8273,1.4602]},"south":{"uv":[11.1357,1.7779],"uv_size":[0.8273,1.4602]},"east":{"uv":[10.0741,0.016],"uv_size":[0,1.6983]},"west":{"uv":[10.0741,0.016],"uv_size":[0,1.6983]},"up":{"uv":[11.4655,0],"uv_size":[-1.3914,0]},"down":{"uv":[11.4655,0],"uv_size":[-1.3914,0]}}}],"name":"rot_10"},{"parent":"geyser_custom_z","pivot":[4.495,19.5335,0],"rotation":[0,-0,0],"cubes":[{"origin":[2.72,15.0485,0],"size":[6.55,8.97,0],"pivot":[4.495,19.5335,0],"uv":{"north":{"uv":[11.9495,3.2221],"uv_size":[-0.8273,-1.4602]},"south":{"uv":[11.1357,3.2221],"uv_size":[0.8273,-1.4602]},"east":{"uv":[10.0741,1.6983],"uv_size":[0,-1.6983]},"west":{"uv":[10.0741,1.6983],"uv_size":[0,-1.6983]},"up":{"uv":[11.4655,0],"uv_size":[-1.3914,0]},"down":{"uv":[11.4655,0],"uv_size":[-1.3914,0]}}}],"name":"rot_11"},{"parent":"geyser_custom_z","pivot":[2.225,15.225,0.25],"rotation":[0,-0,0],"cubes":[{"origin":[-11.5,5.74,-0.25],"size":[23,23,0],"pivot":[2.225,15.225,0.25],"uv":{"north":{"uv":[12.4284,7.635],"uv_size":[-2.3544,3.0316]},"south":{"uv":[10.0901,7.635],"uv_size":[2.3544,3.0316]},"east":{"uv":[10.0741,7.63],"uv_size":[0,0.6747]},"west":{"uv":[10.0741,7.63],"uv_size":[0,0.6747]},"up":{"uv":[10.628,7.619],"uv_size":[-0.554,0]},"down":{"uv":[10.628,7.619],"uv_size":[-0.554,0]}}}],"name":"rot_12"},{"parent":"geyser_custom_z","pivot":[0,-10.2096,0],"rotation":[0,-0,0],"cubes":[{"origin":[-1.15,-11.3596,-0.9175],"size":[2.3,2.3,1.835],"pivot":[0,-10.2096,0],"uv":{"north":{"uv":[14.0418,4.5299],"uv_size":[0.2916,0.3749]},"south":{"uv":[14.0418,4.5299],"uv_size":[0.2916,0.3749]},"east":{"uv":[14.7784,5.1036],"uv_size":[0.0364,0.5154]},"west":{"uv":[14.7784,5.1036],"uv_size":[0.0364,0.5154]},"up":{"uv":[14.635,1.8103],"uv_size":[0.328,0.0469]},"down":{"uv":[14.7079,0.523],"uv_size":[0.2551,-0.0469]}}}],"name":"rot_13"},{"parent":"geyser_custom_z","pivot":[0,-2.65,0],"rotation":[0,-0,0],"cubes":[{"origin":[-0.7875,-3.145,-0.7875],"size":[1.575,0.63,1.575],"pivot":[0,-2.65,0],"uv":{"north":{"uv":[15.2628,5.7166],"uv_size":[0.2187,0.1406]},"south":{"uv":[15.2628,5.907],"uv_size":[0.2187,0.1406]},"east":{"uv":[14.6702,6.669],"uv_size":[0.2187,0.1406]},"west":{"uv":[15.2628,6.0975],"uv_size":[0.2187,0.1406]},"up":{"uv":[14.5221,3.2427],"uv_size":[0.2187,0.2811]},"down":{"uv":[12.8924,5.9954],"uv_size":[0.2187,-0.2811]}}}],"name":"rot_14"},{"parent":"geyser_custom_z","pivot":[0,8.4957,0.0025],"rotation":[0,-0,0],"cubes":[{"origin":[-1.935,10.5415,-0.2425],"size":[3.87,7.2,0.495],"pivot":[0,8.4957,0.0025],"uv":{"north":{"uv":[12.0089,1.7303],"uv_size":[0.5467,1.365]},"south":{"uv":[12.6015,0.016],"uv_size":[0.5467,1.365]},"east":{"uv":[13.9271,4.7779],"uv_size":[0.0729,1.365]},"west":{"uv":[13.779,4.7779],"uv_size":[0.0729,1.365]},"up":{"uv":[14.8237,3.5223],"uv_size":[0.5467,-0.0937]},"down":{"uv":[14.8237,0.9539],"uv_size":[0.5467,0.0937]}}},{"origin":[-0.68,10.5415,-0.4925],"size":[1.37,4.45,0.995],"pivot":[0,8.4957,0.0025],"uv":{"north":{"uv":[12.5956,4.2042],"uv_size":[0.1822,0.8434]},"south":{"uv":[13.4844,1.1566],"uv_size":[0.1822,0.8434]},"east":{"uv":[13.4839,3.0613],"uv_size":[0.1458,0.8434]},"west":{"uv":[13.4839,2.109],"uv_size":[0.1458,0.8434]},"up":{"uv":[15.1141,2.6636],"uv_size":[0.1822,-0.1874]},"down":{"uv":[15.1141,2.2888],"uv_size":[0.1822,0.1874]}}},{"origin":[-7.5,8.0015,-0.25],"size":[9,9,0],"pivot":[0,8.4957,0.0025],"uv":{"north":{"uv":[15.984,7.635],"uv_size":[-1.1692,1.5078]},"south":{"uv":[14.8308,7.635],"uv_size":[1.1692,1.5078]},"east":{"uv":[14.8148,7.6245],"uv_size":[0,0.3374]},"west":{"uv":[14.8148,7.6245],"uv_size":[0,0.3374]},"up":{"uv":[15.0918,7.619],"uv_size":[-0.277,0]},"down":{"uv":[15.0918,7.619],"uv_size":[-0.277,0]}}},{"origin":[-1.5,8.0015,-0.25],"size":[9,9,0],"pivot":[0,8.4957,0.0025],"uv":{"north":{"uv":[14.8308,7.635],"uv_size":[1.1692,1.5078]},"south":{"uv":[15.984,7.635],"uv_size":[-1.1692,1.5078]},"east":{"uv":[14.8148,7.6245],"uv_size":[0,0.3374]},"west":{"uv":[14.8148,7.6245],"uv_size":[0,0.3374]},"up":{"uv":[14.8193,7.619],"uv_size":[0.277,0]},"down":{"uv":[14.8193,7.619],"uv_size":[0.277,0]}}},{"origin":[-8.5,14.5015,-0.25],"size":[7,7,0],"pivot":[0,8.4957,0.0025],"uv":{"north":{"uv":[4.7567,15.2221],"uv_size":[1.7618,-2.2697]},"south":{"uv":[6.5025,15.2221],"uv_size":[-1.7618,-2.2697]},"east":{"uv":[5.1562,12.9524],"uv_size":[-0.4155,0]},"west":{"uv":[5.1562,12.9524],"uv_size":[-0.4155,0]},"up":{"uv":[4.7407,12.9606],"uv_size":[0,0.5061]},"down":{"uv":[4.7407,12.9606],"uv_size":[0,0.5061]}}},{"origin":[1.5,14.5015,-0.25],"size":[7,7,0],"pivot":[0,8.4957,0.0025],"uv":{"north":{"uv":[4.7567,12.9684],"uv_size":[1.7618,2.2697]},"south":{"uv":[6.5025,12.9684],"uv_size":[-1.7618,2.2697]},"east":{"uv":[5.1562,12.9524],"uv_size":[-0.4155,0]},"west":{"uv":[5.1562,12.9524],"uv_size":[-0.4155,0]},"up":{"uv":[4.7407,13.4584],"uv_size":[0,-0.5061]},"down":{"uv":[4.7407,13.4584],"uv_size":[0,-0.5061]}}},{"origin":[-1.25,9.3011,-0.5175],"size":[2.5,2.5,1.035],"pivot":[0,8.4957,0.0025],"uv":{"north":{"uv":[13.4874,0.5798],"uv_size":[0.3644,0.5154]},"south":{"uv":[13.4874,0.5798],"uv_size":[0.3644,0.5154]},"east":{"uv":[14.7784,5.1036],"uv_size":[0.0364,0.5154]},"west":{"uv":[14.7784,5.1036],"uv_size":[0.0364,0.5154]},"up":{"uv":[14.7079,0.523],"uv_size":[0.2551,-0.0469]},"down":{"uv":[14.635,1.8103],"uv_size":[0.328,0.0469]}}},{"origin":[-0.7875,17.6515,-0.7875],"size":[1.575,1.89,1.575],"pivot":[0,8.4957,0.0025],"uv":{"north":{"uv":[13.1887,5.3394],"uv_size":[0.2187,0.3749]},"south":{"uv":[14.0776,5.3394],"uv_size":[0.2187,0.3749]},"east":{"uv":[14.3739,1.149],"uv_size":[0.2187,0.3749]},"west":{"uv":[13.485,5.3394],"uv_size":[0.2187,0.3749]},"up":{"uv":[12.5961,5.9954],"uv_size":[0.2187,-0.2811]},"down":{"uv":[14.5221,2.8617],"uv_size":[0.2187,0.2811]}}},{"origin":[-1.15,16.8011,-0.9175],"size":[2.3,2.3,1.835],"pivot":[0,8.4957,0.0025],"uv":{"north":{"uv":[14.0418,4.5299],"uv_size":[0.2916,0.3749]},"south":{"uv":[14.0418,4.5299],"uv_size":[0.2916,0.3749]},"east":{"uv":[14.7784,5.1036],"uv_size":[0.0364,0.5154]},"west":{"uv":[14.7784,5.1036],"uv_size":[0.0364,0.5154]},"up":{"uv":[14.7079,0.523],"uv_size":[0.2551,-0.0469]},"down":{"uv":[14.635,1.8103],"uv_size":[0.328,0.0469]}}}],"name":"rot_15"},{"parent":"geyser_custom_z","pivot":[0,8.9957,0.0025],"rotation":[0,-0,0],"cubes":[{"origin":[-0.86,-2.8585,-0.3725],"size":[1.72,13.9,0.745],"pivot":[0,8.9957,0.0025],"uv":{"north":{"uv":[12.5967,1.5398],"uv_size":[0.2551,2.6507]},"south":{"uv":[12.0041,3.2541],"uv_size":[0.2551,2.6507]},"east":{"uv":[12.4462,3.2541],"uv_size":[0.1093,2.6507]},"west":{"uv":[12.2981,3.2541],"uv_size":[0.1093,2.6507]},"up":{"uv":[15.1153,0.9025],"uv_size":[0.2551,-0.1406]},"down":{"uv":[15.1153,0.5737],"uv_size":[0.2551,0.1406]}}}],"name":"rot_16"},{"parent":"geyser_custom_z","pivot":[0,9.6,0],"rotation":[0,-0,0],"cubes":[{"origin":[-0.7875,-10.74,-0.7875],"size":[1.575,1.89,1.575],"pivot":[0,9.6,0],"uv":{"north":{"uv":[14.3739,1.5299],"uv_size":[0.2187,0.3749]},"south":{"uv":[14.3739,4.0061],"uv_size":[0.2187,0.3749]},"east":{"uv":[14.3739,3.6251],"uv_size":[0.2187,0.3749]},"west":{"uv":[14.3739,4.387],"uv_size":[0.2187,0.3749]},"up":{"uv":[13.1887,5.7189],"uv_size":[0.2187,0.2811]},"down":{"uv":[13.485,5.9954],"uv_size":[0.2187,-0.2811]}}},{"origin":[-0.7875,-8.535,-0.7875],"size":[1.575,0.63,1.575],"pivot":[0,9.6,0],"uv":{"north":{"uv":[15.2628,6.4785],"uv_size":[0.2187,0.1406]},"south":{"uv":[15.411,0.0023],"uv_size":[0.2187,0.1406]},"east":{"uv":[15.2628,6.669],"uv_size":[0.2187,0.1406]},"west":{"uv":[10.2258,6.8594],"uv_size":[0.2187,0.1406]},"up":{"uv":[14.5221,4.7665],"uv_size":[0.2187,0.2811]},"down":{"uv":[14.0776,5.9954],"uv_size":[0.2187,-0.2811]}}}],"name":"rot_17"},{"parent":"geyser_custom_z","pivot":[-0.045,-3,0.045],"rotation":[0,-0,0],"cubes":[{"origin":[-0.585,-8.85,-0.585],"size":[1.17,6.3,1.17],"pivot":[-0.045,-3,0.045],"uv":{"north":{"uv":[13.1881,0.016],"uv_size":[0.1822,1.1745]},"south":{"uv":[13.1881,2.6827],"uv_size":[0.1822,1.1745]},"east":{"uv":[13.1881,1.3493],"uv_size":[0.1822,1.1745]},"west":{"uv":[13.1881,4.016],"uv_size":[0.1822,1.1745]},"up":{"uv":[11.8548,6.2895],"uv_size":[0.1822,0.2343]},"down":{"uv":[12.1511,6.52],"uv_size":[0.1822,-0.2343]}}}],"name":"rot_18"},{"parent":"geyser_custom_z","pivot":[-4.495,19.5335,0],"rotation":[0,-0,0],"cubes":[{"origin":[-9.27,15.0485,0],"size":[6.55,8.97,0],"pivot":[-4.495,19.5335,0],"uv":{"north":{"uv":[11.1357,3.2221],"uv_size":[0.8273,-1.4602]},"south":{"uv":[11.9495,3.2221],"uv_size":[-0.8273,-1.4602]},"east":{"uv":[10.0741,1.6983],"uv_size":[0,-1.6983]},"west":{"uv":[10.0741,1.6983],"uv_size":[0,-1.6983]},"up":{"uv":[10.0901,0],"uv_size":[1.3914,0]},"down":{"uv":[10.0901,0],"uv_size":[1.3914,0]}}}],"name":"rot_19"},{"parent":"geyser_custom_z","pivot":[-5.995,16.5665,0],"rotation":[0,-0,0],"cubes":[{"origin":[-9.27,12.0815,0],"size":[6.55,8.97,0],"pivot":[-5.995,16.5665,0],"uv":{"north":{"uv":[11.1357,1.7779],"uv_size":[0.8273,1.4602]},"south":{"uv":[11.9495,1.7779],"uv_size":[-0.8273,1.4602]},"east":{"uv":[10.0741,0.016],"uv_size":[0,1.6983]},"west":{"uv":[10.0741,0.016],"uv_size":[0,1.6983]},"up":{"uv":[10.0901,0],"uv_size":[1.3914,0]},"down":{"uv":[10.0901,0],"uv_size":[1.3914,0]}}}],"name":"rot_20"},{"parent":"geyser_custom_z","pivot":[2.005,-9.7335,0],"rotation":[0,0,22.5],"cubes":[{"origin":[-1.77,-13.2185,0],"size":[7.55,6.97,0],"pivot":[2.005,-9.7335,0],"uv":{"north":{"uv":[11.1382,0.016],"uv_size":[1.3803,1.6983]},"south":{"uv":[12.5025,0.016],"uv_size":[-1.3803,1.6983]},"east":{"uv":[10.0741,0.016],"uv_size":[0,1.6983]},"west":{"uv":[10.0741,0.016],"uv_size":[0,1.6983]},"up":{"uv":[10.0901,0],"uv_size":[1.3914,0]},"down":{"uv":[10.0901,0],"uv_size":[1.3914,0]}}}],"name":"rot_21"},{"parent":"geyser_custom_z","pivot":[1.4295,-10.5319,0],"rotation":[0,0,22.5],"cubes":[{"origin":[0.0796,-11.0694,-0.675],"size":[1.125,1.55,1.35],"pivot":[1.4295,-10.5319,0],"uv":{"north":{"uv":[14.8178,0.5768],"uv_size":[0.1822,0.328]},"south":{"uv":[14.8178,1.9101],"uv_size":[0.1822,0.328]},"east":{"uv":[11.5585,6.1006],"uv_size":[0.1822,0.328]},"west":{"uv":[14.8178,2.291],"uv_size":[0.1822,0.328]},"up":{"uv":[14.9659,4.3848],"uv_size":[0.1822,0.2343]},"down":{"uv":[13.7807,6.52],"uv_size":[0.1822,-0.2343]}}}],"name":"rot_22"},{"parent":"geyser_custom_z","pivot":[0,8.4957,0.0025],"rotation":[0,0,22.5],"cubes":[{"origin":[-5.8472,14.0336,-0.445],"size":[1.35,2.7,0.9],"pivot":[0,8.4957,0.0025],"uv":{"north":{"uv":[12.8919,5.1512],"uv_size":[0.1822,0.5154]},"south":{"uv":[14.077,3.6274],"uv_size":[0.1822,0.5154]},"east":{"uv":[11.4098,5.7227],"uv_size":[0.1458,0.5154]},"west":{"uv":[11.2616,5.7227],"uv_size":[0.1458,0.5154]},"up":{"uv":[12.7437,6.8541],"uv_size":[0.1822,-0.1874]},"down":{"uv":[15.2622,3.2411],"uv_size":[0.1822,0.1874]}}},{"origin":[-2.0109,15.6031,-0.49],"size":[3.6,1.35,0.99],"pivot":[0,8.4957,0.0025],"uv":{"north":{"uv":[14.1399,2.099],"uv_size":[-0.5102,0.2343]},"south":{"uv":[14.1399,2.48],"uv_size":[-0.5102,0.2343]},"east":{"uv":[12.5902,6.6705],"uv_size":[-0.1458,0.2343]},"west":{"uv":[12.7384,6.6705],"uv_size":[-0.1458,0.2343]},"up":{"uv":[14.4361,1.1398],"uv_size":[-0.5102,-0.1874]},"down":{"uv":[14.4361,0.765],"uv_size":[-0.5102,0.1874]}}},{"origin":[1.5891,16.2781,-0.49],"size":[1.8,0.675,0.99],"pivot":[0,8.4957,0.0025],"uv":{"north":{"uv":[15.3662,1.907],"uv_size":[-0.2551,0.1406]},"south":{"uv":[15.3662,2.0975],"uv_size":[-0.2551,0.1406]},"east":{"uv":[15.5532,4.5737],"uv_size":[-0.1458,0.1406]},"west":{"uv":[13.9236,6.8594],"uv_size":[-0.1458,0.1406]},"up":{"uv":[15.0699,5.1398],"uv_size":[-0.2551,-0.1874]},"down":{"uv":[15.0699,4.765],"uv_size":[-0.2551,0.1874]}}},{"origin":[-3.6173,16.9045,-0.67],"size":[2.025,1.8,1.35],"pivot":[0,8.4957,0.0025],"uv":{"north":{"uv":[14.2175,2.8625],"uv_size":[-0.2916,0.328]},"south":{"uv":[14.2175,3.2434],"uv_size":[-0.2916,0.328]},"east":{"uv":[12.3304,5.9101],"uv_size":[-0.1822,0.328]},"west":{"uv":[14.8489,3.6244],"uv_size":[-0.1822,0.328]},"up":{"uv":[14.8101,2.7105],"uv_size":[-0.2916,-0.2343]},"down":{"uv":[14.8101,2.099],"uv_size":[-0.2916,0.2343]}}}],"name":"rot_23"},{"parent":"geyser_custom_z","pivot":[-1.2476,-11.5529,0],"rotation":[0,0,22.5],"cubes":[{"origin":[-1.8326,-11.5529,-0.45],"size":[1.035,1.35,0.9],"pivot":[-1.2476,-11.5529,0],"uv":{"north":{"uv":[13.3357,6.6705],"uv_size":[0.1458,0.2343]},"south":{"uv":[15.2616,4.3848],"uv_size":[0.1458,0.2343]},"east":{"uv":[13.4839,6.6705],"uv_size":[0.1458,0.2343]},"west":{"uv":[13.632,6.6705],"uv_size":[0.1458,0.2343]},"up":{"uv":[15.4098,1.1459],"uv_size":[0.1458,0.1874]},"down":{"uv":[15.4098,1.5208],"uv_size":[0.1458,-0.1874]}}}],"name":"rot_24"},{"parent":"geyser_custom_z","pivot":[0,8.4957,0.0025],"rotation":[0,0,45],"cubes":[{"origin":[-6.4868,16.6688,-0.49],"size":[1.125,1.8,0.99],"pivot":[0,8.4957,0.0025],"uv":{"north":{"uv":[14.6708,1.7581],"uv_size":[0.2551,-0.2343]},"south":{"uv":[11.856,6.139],"uv_size":[0.2551,-0.2343]},"east":{"uv":[15.0699,5.7112],"uv_size":[-0.2551,-0.1874]},"west":{"uv":[15.0699,5.3364],"uv_size":[-0.2551,0.1874]},"up":{"uv":[15.405,2.861],"uv_size":[-0.1458,0.2343]},"down":{"uv":[11.7013,6.6705],"uv_size":[-0.1458,0.2343]}}},{"origin":[-6.4868,18.4688,-0.49],"size":[0.675,1.35,0.99],"pivot":[0,8.4957,0.0025],"uv":{"north":{"uv":[15.4104,3.1882],"uv_size":[0.1822,-0.1406]},"south":{"uv":[12.7437,6.9977],"uv_size":[0.1822,-0.1406]},"east":{"uv":[15.4415,2.8541],"uv_size":[-0.1822,-0.1874]},"west":{"uv":[12.3304,6.6697],"uv_size":[-0.1822,0.1874]},"up":{"uv":[14.5161,6.8594],"uv_size":[-0.1458,0.1406]},"down":{"uv":[14.368,6.8594],"uv_size":[-0.1458,0.1406]}}},{"origin":[-4.1934,17.696,-0.225],"size":[1.35,1.35,0.45],"pivot":[0,8.4957,0.0025],"uv":{"north":{"uv":[14.6696,6.52],"uv_size":[0.1822,-0.2343]},"south":{"uv":[14.9659,6.139],"uv_size":[0.1822,-0.2343]},"east":{"uv":[11.1452,7.1413],"uv_size":[-0.1822,-0.0937]},"west":{"uv":[15.7378,0.9539],"uv_size":[-0.1822,0.0937]},"up":{"uv":[15.6284,0.5752],"uv_size":[-0.0729,0.2343]},"down":{"uv":[15.6284,0.1943],"uv_size":[-0.0729,0.2343]}}}],"name":"rot_25"},{"parent":"geyser_custom_z","pivot":[-1.7883,-11.0501,0],"rotation":[0,0,45],"cubes":[{"origin":[-1.7883,-11.5001,-0.495],"size":[1.8,0.9,0.99],"pivot":[-1.7883,-11.0501,0],"uv":{"north":{"uv":[14.819,5.7173],"uv_size":[0.2551,0.1874]},"south":{"uv":[14.9671,0.003],"uv_size":[0.2551,0.1874]},"east":{"uv":[11.7061,6.8602],"uv_size":[0.1458,0.1874]},"west":{"uv":[15.4098,2.0983],"uv_size":[0.1458,0.1874]},"up":{"uv":[14.9671,0.1935],"uv_size":[0.2551,0.1874]},"down":{"uv":[14.9671,0.5684],"uv_size":[0.2551,-0.1874]}}}],"name":"rot_26"},{"parent":"geyser_custom_z","pivot":[-1.8884,-8.5751,0],"rotation":[0,0,45],"cubes":[{"origin":[-1.2134,-9.2501,-0.495],"size":[1.125,0.9,0.99],"pivot":[-1.8884,-8.5751,0],"uv":{"north":{"uv":[13.7807,6.6697],"uv_size":[0.1822,0.1874]},"south":{"uv":[15.2622,4.765],"uv_size":[0.1822,0.1874]},"east":{"uv":[15.4098,1.7173],"uv_size":[0.1458,0.1874]},"west":{"uv":[15.4098,1.9078],"uv_size":[0.1458,0.1874]},"up":{"uv":[15.2622,4.9554],"uv_size":[0.1822,0.1874]},"down":{"uv":[14.077,6.8541],"uv_size":[0.1822,-0.1874]}}}],"name":"rot_27"}]}]}
