{"format_version":"1.16.0","minecraft:geometry":[{"description":{"identifier":"geometry.geyser_custom.geo_fddd11a","texture_width":16,"texture_height":16,"visible_bounds_width":4,"visible_bounds_height":4.5,"visible_bounds_offset":[0,0.75,0]},"bones":[{"name":"geyser_custom","binding":"c.item_slot == 'head' ? 'head' : q.item_slot_to_bone_name(c.item_slot)","pivot":[0,8,0]},{"name":"geyser_custom_x","parent":"geyser_custom","pivot":[0,8,0]},{"name":"geyser_custom_y","parent":"geyser_custom_x","pivot":[0,8,0]},{"name":"geyser_custom_z","parent":"geyser_custom_y","pivot":[0,8,0],"cubes":[]},{"parent":"geyser_custom_z","pivot":[0,-9.545,0.0025],"rotation":[0,0,-45],"cubes":[{"origin":[-3.0943,-12.6463,-0.995],"size":[2,2,2],"pivot":[0,-9.545,0.0025],"uv":{"north":{"uv":[14.0782,1.7196],"uv_size":[0.2551,0.328]},"south":{"uv":[14.3292,1.7196],"uv_size":[-0.2551,0.328]},"east":{"uv":[11.3662,5.3387],"uv_size":[-0.2551,0.328]},"west":{"uv":[14.4773,0.0053],"uv_size":[-0.2551,0.328]},"up":{"uv":[14.3292,4.9577],"uv_size":[-0.2551,0.328]},"down":{"uv":[14.0782,4.5185],"uv_size":[0.2551,-0.328]}}},{"origin":[-1.3959,-12.4864,-0.495],"size":[1.125,0.9,0.99],"pivot":[0,-9.545,0.0025],"uv":{"north":{"uv":[13.7807,6.8541],"uv_size":[0.1822,-0.1874]},"south":{"uv":[15.2622,4.9493],"uv_size":[0.1822,-0.1874]},"east":{"uv":[15.4098,2.0922],"uv_size":[0.1458,-0.1874]},"west":{"uv":[15.4098,1.9017],"uv_size":[0.1458,-0.1874]},"up":{"uv":[15.2622,5.1398],"uv_size":[0.1822,-0.1874]},"down":{"uv":[14.077,6.6697],"uv_size":[0.1822,0.1874]}}},{"origin":[-3.2167,-13.9408,-0.495],"size":[1.8,0.9,0.99],"pivot":[0,-9.545,0.0025],"uv":{"north":{"uv":[14.819,5.9017],"uv_size":[0.2551,-0.1874]},"south":{"uv":[14.9671,0.1874],"uv_size":[0.2551,-0.1874]},"east":{"uv":[15.4098,2.2827],"uv_size":[0.1458,-0.1874]},"west":{"uv":[11.7061,7.0446],"uv_size":[0.1458,-0.1874]},"up":{"uv":[14.9671,0.3779],"uv_size":[0.2551,-0.1874]},"down":{"uv":[14.9671,0.384],"uv_size":[0.2551,0.1874]}}},{"origin":[-4.3958,-12.7617,-0.495],"size":[0.9,1.8,0.99],"pivot":[0,-9.545,0.0025],"uv":{"north":{"uv":[15.2181,1.1459],"uv_size":[-0.2551,0.1874]},"south":{"uv":[11.3662,6.2888],"uv_size":[-0.2551,0.1874]},"east":{"uv":[14.9671,1.5269],"uv_size":[0.2551,0.1874]},"west":{"uv":[14.9671,1.5208],"uv_size":[0.2551,-0.1874]},"up":{"uv":[15.4098,2.4731],"uv_size":[0.1458,-0.1874]},"down":{"uv":[11.8542,7.0446],"uv_size":[0.1458,-0.1874]}}},{"origin":[-2.9414,-10.9409,-0.495],"size":[0.9,1.125,0.99],"pivot":[0,-9.545,0.0025],"uv":{"north":{"uv":[15.4415,5.1459],"uv_size":[-0.1822,0.1874]},"south":{"uv":[15.4415,5.3364],"uv_size":[-0.1822,0.1874]},"east":{"uv":[15.2622,5.5269],"uv_size":[0.1822,0.1874]},"west":{"uv":[14.3733,6.8541],"uv_size":[0.1822,-0.1874]},"up":{"uv":[15.4098,2.6636],"uv_size":[0.1458,-0.1874]},"down":{"uv":[12.0024,7.0446],"uv_size":[0.1458,-0.1874]}}}],"name":"rot_1"},{"parent":"geyser_custom_z","pivot":[0,-9.545,0.0025],"rotation":[0,0,-22.5],"cubes":[{"origin":[-2.3485,-12.5598,-0.675],"size":[1.125,1.55,1.35],"pivot":[0,-9.545,0.0025],"uv":{"north":{"uv":[14.8178,0.8994],"uv_size":[0.1822,-0.328]},"south":{"uv":[14.8178,2.2328],"uv_size":[0.1822,-0.328]},"east":{"uv":[14.8178,2.6137],"uv_size":[0.1822,-0.328]},"west":{"uv":[11.5585,6.4232],"uv_size":[0.1822,-0.328]},"up":{"uv":[14.9659,4.6152],"uv_size":[0.1822,-0.2343]},"down":{"uv":[13.7807,6.2895],"uv_size":[0.1822,0.2343]}}},{"origin":[-0.9409,-13.9902,-0.45],"size":[1.035,1.35,0.9],"pivot":[0,-9.545,0.0025],"uv":{"north":{"uv":[13.3357,6.901],"uv_size":[0.1458,-0.2343]},"south":{"uv":[15.2616,4.6152],"uv_size":[0.1458,-0.2343]},"east":{"uv":[13.632,6.901],"uv_size":[0.1458,-0.2343]},"west":{"uv":[13.4839,6.901],"uv_size":[0.1458,-0.2343]},"up":{"uv":[15.4098,1.3303],"uv_size":[0.1458,-0.1874]},"down":{"uv":[15.4098,1.3364],"uv_size":[0.1458,0.1874]}}}],"name":"rot_2"},{"parent":"geyser_custom_z","pivot":[0,7.8434,0.0025],"rotation":[0,0,-22.5],"cubes":[{"origin":[-4.2496,-3.892,-0.67],"size":[2.025,1.8,1.35],"pivot":[0,7.8434,0.0025],"uv":{"north":{"uv":[13.9307,2.8625],"uv_size":[0.2916,0.328]},"south":{"uv":[13.9307,3.2434],"uv_size":[0.2916,0.328]},"east":{"uv":[12.1511,5.9101],"uv_size":[0.1822,0.328]},"west":{"uv":[14.6696,3.6244],"uv_size":[0.1822,0.328]},"up":{"uv":[14.5233,2.099],"uv_size":[0.2916,0.2343]},"down":{"uv":[14.5233,2.7105],"uv_size":[0.2916,-0.2343]}}}],"name":"rot_3"},{"parent":"geyser_custom_z","pivot":[-0.9048,20.2811,0.005],"rotation":[0,0,-22.5],"cubes":[{"origin":[-1.0736,20.7311,-0.29],"size":[0.675,1.8,0.59],"pivot":[-0.9048,20.2811,0.005],"uv":{"north":{"uv":[15.1153,1.907],"uv_size":[0.2551,0.1406]},"south":{"uv":[15.1153,2.0975],"uv_size":[0.2551,0.1406]},"east":{"uv":[15.0699,4.9493],"uv_size":[-0.2551,-0.1874]},"west":{"uv":[15.0699,4.9554],"uv_size":[-0.2551,0.1874]},"up":{"uv":[13.9236,6.9977],"uv_size":[-0.1458,-0.1406]},"down":{"uv":[15.5532,4.712],"uv_size":[-0.1458,-0.1406]}}},{"origin":[-1.7486,17.131,-0.29],"size":[1.35,3.6,0.59],"pivot":[-0.9048,20.2811,0.005],"uv":{"north":{"uv":[13.6379,2.099],"uv_size":[0.5102,0.2343]},"south":{"uv":[13.6379,2.48],"uv_size":[0.5102,0.2343]},"east":{"uv":[14.4361,0.9493],"uv_size":[-0.5102,-0.1874]},"west":{"uv":[14.4361,0.9554],"uv_size":[-0.5102,0.1874]},"up":{"uv":[12.7384,6.901],"uv_size":[-0.1458,-0.2343]},"down":{"uv":[12.5902,6.901],"uv_size":[-0.1458,-0.2343]}}}],"name":"rot_4"},{"parent":"geyser_custom_z","pivot":[-3.0177,-6.7137,0.05],"rotation":[0,0,-22.5],"cubes":[{"origin":[-3.3552,-7.6137,-0.445],"size":[0.675,1.8,0.89],"pivot":[-3.0177,-6.7137,0.05],"uv":{"north":{"uv":[15.1153,1.907],"uv_size":[0.2551,0.1406]},"south":{"uv":[15.1153,2.0975],"uv_size":[0.2551,0.1406]},"east":{"uv":[15.0699,4.9554],"uv_size":[-0.2551,0.1874]},"west":{"uv":[15.0699,4.9493],"uv_size":[-0.2551,-0.1874]},"up":{"uv":[15.5532,4.712],"uv_size":[-0.1458,-0.1406]},"down":{"uv":[13.9236,6.9977],"uv_size":[-0.1458,-0.1406]}}}],"name":"rot_5"},{"parent":"geyser_custom_z","pivot":[-9.5,18.1952,0],"rotation":[0,0,-22.5],"cubes":[{"origin":[-18.45,17.3852,0],"size":[17.9,1.62,0],"pivot":[-9.5,18.1952,0],"uv":{"north":{"uv":[15.6326,1.5398],"uv_size":[0.1822,2.6507]},"south":{"uv":[15.8119,1.5398],"uv_size":[-0.1822,2.6507]},"east":{"uv":[15.3662,0.7642],"uv_size":[-0.2551,0.1406]},"west":{"uv":[15.3662,0.712],"uv_size":[-0.2551,-0.1406]},"up":{"uv":[11.8501,5.4263],"uv_size":[-0.1093,-0.1406]},"down":{"uv":[11.8501,5.4263],"uv_size":[-0.1093,-0.1406]}}}],"name":"rot_6"},{"parent":"geyser_custom_z","pivot":[2.8038,0.4499,0.005],"rotation":[0,0,0],"cubes":[{"origin":[2.5788,0.5624,-0.49],"size":[0.675,1.35,0.99],"pivot":[2.8038,0.4499,0.005],"uv":{"north":{"uv":[15.4104,3.0499],"uv_size":[0.1822,0.1406]},"south":{"uv":[12.7437,6.8594],"uv_size":[0.1822,0.1406]},"east":{"uv":[12.3304,6.8541],"uv_size":[-0.1822,-0.1874]},"west":{"uv":[15.4415,2.6697],"uv_size":[-0.1822,0.1874]},"up":{"uv":[14.5161,6.9977],"uv_size":[-0.1458,-0.1406]},"down":{"uv":[14.368,6.9977],"uv_size":[-0.1458,-0.1406]}}},{"origin":[2.1288,-1.2376,-0.49],"size":[1.125,1.8,0.99],"pivot":[2.8038,0.4499,0.005],"uv":{"north":{"uv":[14.6708,1.5276],"uv_size":[0.2551,0.2343]},"south":{"uv":[11.856,5.9086],"uv_size":[0.2551,0.2343]},"east":{"uv":[15.0699,5.5208],"uv_size":[-0.2551,-0.1874]},"west":{"uv":[15.0699,5.5269],"uv_size":[-0.2551,0.1874]},"up":{"uv":[15.405,3.0914],"uv_size":[-0.1458,-0.2343]},"down":{"uv":[11.7013,6.901],"uv_size":[-0.1458,-0.2343]}}}],"name":"rot_7"},{"parent":"geyser_custom_z","pivot":[0.0025,6.4527,0],"rotation":[0,0,0],"cubes":[{"origin":[-3.515,3.2052,0.45],"size":[7,7,0],"pivot":[0.0025,6.4527,0],"uv":{"north":{"uv":[4.7567,12.9684],"uv_size":[1.7618,2.2697]},"south":{"uv":[6.5025,12.9684],"uv_size":[-1.7618,2.2697]},"east":{"uv":[4.7407,12.9606],"uv_size":[0,0.5061]},"west":{"uv":[4.7407,12.9606],"uv_size":[0,0.5061]},"up":{"uv":[4.7475,12.9524],"uv_size":[0.4155,0]},"down":{"uv":[4.7475,12.9524],"uv_size":[0.4155,0]}}}],"name":"rot_8"},{"parent":"geyser_custom_z","pivot":[0,-9.945,0.0025],"rotation":[0,0,0],"cubes":[{"origin":[-0.7875,-5.8317,-0.7875],"size":[1.575,0.63,1.575],"pivot":[0,-9.945,0.0025],"uv":{"north":{"uv":[15.2628,5.8549],"uv_size":[0.2187,-0.1406]},"south":{"uv":[15.2628,6.0453],"uv_size":[0.2187,-0.1406]},"east":{"uv":[15.2628,6.2358],"uv_size":[0.2187,-0.1406]},"west":{"uv":[14.6702,6.8072],"uv_size":[0.2187,-0.1406]},"up":{"uv":[14.5221,3.5192],"uv_size":[0.2187,-0.2811]},"down":{"uv":[12.8924,5.7189],"uv_size":[0.2187,0.2811]}}}],"name":"rot_9"},{"parent":"geyser_custom_z","pivot":[0,-9.545,0.0025],"rotation":[0,0,0],"cubes":[{"origin":[-0.585,-11.1367,-0.585],"size":[1.17,6.3,1.17],"pivot":[0,-9.545,0.0025],"uv":{"north":{"uv":[13.1881,1.1745],"uv_size":[0.1822,-1.1745]},"south":{"uv":[13.1881,3.8411],"uv_size":[0.1822,-1.1745]},"east":{"uv":[13.1881,5.1745],"uv_size":[0.1822,-1.1745]},"west":{"uv":[13.1881,2.5078],"uv_size":[0.1822,-1.1745]},"up":{"uv":[11.8548,6.52],"uv_size":[0.1822,-0.2343]},"down":{"uv":[12.1511,6.2895],"uv_size":[0.1822,0.2343]}}},{"origin":[-0.7875,-13.0267,-0.7875],"size":[1.575,1.89,1.575],"pivot":[0,-9.545,0.0025],"uv":{"north":{"uv":[14.3739,1.8987],"uv_size":[0.2187,-0.3749]},"south":{"uv":[14.3739,4.3749],"uv_size":[0.2187,-0.3749]},"east":{"uv":[14.3739,4.7558],"uv_size":[0.2187,-0.3749]},"west":{"uv":[14.3739,3.9939],"uv_size":[0.2187,-0.3749]},"up":{"uv":[13.1887,5.9954],"uv_size":[0.2187,-0.2811]},"down":{"uv":[13.485,5.7189],"uv_size":[0.2187,0.2811]}}},{"origin":[-0.7875,-10.8217,-0.7875],"size":[1.575,0.63,1.575],"pivot":[0,-9.545,0.0025],"uv":{"north":{"uv":[15.2628,6.6168],"uv_size":[0.2187,-0.1406]},"south":{"uv":[15.411,0.1406],"uv_size":[0.2187,-0.1406]},"east":{"uv":[10.2258,6.9977],"uv_size":[0.2187,-0.1406]},"west":{"uv":[15.2628,6.8072],"uv_size":[0.2187,-0.1406]},"up":{"uv":[14.5221,5.043],"uv_size":[0.2187,-0.2811]},"down":{"uv":[14.0776,5.7189],"uv_size":[0.2187,0.2811]}}},{"origin":[-1.15,-13.6463,-0.9175],"size":[2.3,2.3,1.835],"pivot":[0,-9.545,0.0025],"uv":{"north":{"uv":[14.0418,4.8987],"uv_size":[0.2916,-0.3749]},"south":{"uv":[14.0418,4.8987],"uv_size":[0.2916,-0.3749]},"east":{"uv":[14.7784,5.6107],"uv_size":[0.0364,-0.5154]},"west":{"uv":[14.7784,5.6107],"uv_size":[0.0364,-0.5154]},"up":{"uv":[14.635,1.8564],"uv_size":[0.328,-0.0469]},"down":{"uv":[14.7079,0.477],"uv_size":[0.2551,0.0469]}}}],"name":"rot_10"},{"parent":"geyser_custom_z","pivot":[0,7.8434,0.0025],"rotation":[0,0,0],"cubes":[{"origin":[-1.935,-3.0548,-0.2425],"size":[3.87,7.2,0.495],"pivot":[0,7.8434,0.0025],"uv":{"north":{"uv":[12.0089,1.7303],"uv_size":[0.5467,1.365]},"south":{"uv":[12.6015,0.016],"uv_size":[0.5467,1.365]},"east":{"uv":[13.779,4.7779],"uv_size":[0.0729,1.365]},"west":{"uv":[13.9271,4.7779],"uv_size":[0.0729,1.365]},"up":{"uv":[14.8237,0.9539],"uv_size":[0.5467,0.0937]},"down":{"uv":[14.8237,3.5223],"uv_size":[0.5467,-0.0937]}}},{"origin":[-0.69,-0.3048,-0.4925],"size":[1.37,4.45,0.995],"pivot":[0,7.8434,0.0025],"uv":{"north":{"uv":[12.5956,4.2042],"uv_size":[0.1822,0.8434]},"south":{"uv":[13.4844,1.1566],"uv_size":[0.1822,0.8434]},"east":{"uv":[13.4839,2.109],"uv_size":[0.1458,0.8434]},"west":{"uv":[13.4839,3.0613],"uv_size":[0.1458,0.8434]},"up":{"uv":[15.1141,2.2888],"uv_size":[0.1822,0.1874]},"down":{"uv":[15.1141,2.6636],"uv_size":[0.1822,-0.1874]}}},{"origin":[-1.5,-2.3148,0.25],"size":[9,9,0],"pivot":[0,7.8434,0.0025],"uv":{"north":{"uv":[15.984,7.635],"uv_size":[-1.1692,1.5078]},"south":{"uv":[14.8308,7.635],"uv_size":[1.1692,1.5078]},"east":{"uv":[14.8148,7.6245],"uv_size":[0,0.3374]},"west":{"uv":[14.8148,7.6245],"uv_size":[0,0.3374]},"up":{"uv":[15.0918,7.619],"uv_size":[-0.277,0]},"down":{"uv":[15.0918,7.619],"uv_size":[-0.277,0]}}},{"origin":[-7.5,-2.3148,0.25],"size":[9,9,0],"pivot":[0,7.8434,0.0025],"uv":{"north":{"uv":[14.8308,7.635],"uv_size":[1.1692,1.5078]},"south":{"uv":[15.984,7.635],"uv_size":[-1.1692,1.5078]},"east":{"uv":[14.8148,7.6245],"uv_size":[0,0.3374]},"west":{"uv":[14.8148,7.6245],"uv_size":[0,0.3374]},"up":{"uv":[14.8193,7.619],"uv_size":[0.277,0]},"down":{"uv":[14.8193,7.619],"uv_size":[0.277,0]}}},{"origin":[-1.25,2.8856,-0.5175],"size":[2.5,2.5,1.035],"pivot":[0,7.8434,0.0025],"uv":{"north":{"uv":[13.4874,0.5798],"uv_size":[0.3644,0.5154]},"south":{"uv":[13.4874,0.5798],"uv_size":[0.3644,0.5154]},"east":{"uv":[14.7784,5.1036],"uv_size":[0.0364,0.5154]},"west":{"uv":[14.7784,5.1036],"uv_size":[0.0364,0.5154]},"up":{"uv":[14.635,1.8103],"uv_size":[0.328,0.0469]},"down":{"uv":[14.7079,0.523],"uv_size":[0.2551,-0.0469]}}},{"origin":[-0.7875,-4.8548,-0.7875],"size":[1.575,1.89,1.575],"pivot":[0,7.8434,0.0025],"uv":{"north":{"uv":[13.1887,5.3394],"uv_size":[0.2187,0.3749]},"south":{"uv":[14.0776,5.3394],"uv_size":[0.2187,0.3749]},"east":{"uv":[13.485,5.3394],"uv_size":[0.2187,0.3749]},"west":{"uv":[14.3739,1.149],"uv_size":[0.2187,0.3749]},"up":{"uv":[14.5221,2.8617],"uv_size":[0.2187,0.2811]},"down":{"uv":[12.5961,5.9954],"uv_size":[0.2187,-0.2811]}}},{"origin":[-1.15,-4.4144,-0.9175],"size":[2.3,2.3,1.835],"pivot":[0,7.8434,0.0025],"uv":{"north":{"uv":[14.0418,4.5299],"uv_size":[0.2916,0.3749]},"south":{"uv":[14.0418,4.5299],"uv_size":[0.2916,0.3749]},"east":{"uv":[14.7784,5.1036],"uv_size":[0.0364,0.5154]},"west":{"uv":[14.7784,5.1036],"uv_size":[0.0364,0.5154]},"up":{"uv":[14.635,1.8103],"uv_size":[0.328,0.0469]},"down":{"uv":[14.7079,0.523],"uv_size":[0.2551,-0.0469]}}}],"name":"rot_11"},{"parent":"geyser_custom_z","pivot":[0,12.8434,0.0025],"rotation":[0,0,0],"cubes":[{"origin":[-0.86,3.6452,-0.3725],"size":[1.72,13.9,0.745],"pivot":[0,12.8434,0.0025],"uv":{"north":{"uv":[12.5967,1.5398],"uv_size":[0.2551,2.6507]},"south":{"uv":[12.0041,3.2541],"uv_size":[0.2551,2.6507]},"east":{"uv":[12.2981,3.2541],"uv_size":[0.1093,2.6507]},"west":{"uv":[12.4462,3.2541],"uv_size":[0.1093,2.6507]},"up":{"uv":[15.1153,0.5737],"uv_size":[0.2551,0.1406]},"down":{"uv":[15.1153,0.9025],"uv_size":[0.2551,-0.1406]}}}],"name":"rot_12"},{"parent":"geyser_custom_z","pivot":[-0.7575,6.6301,0],"rotation":[0,0,0],"cubes":[{"origin":[-9.2575,-1.8699,0.25],"size":[17,17,0],"pivot":[-0.7575,6.6301,0],"uv":{"north":{"uv":[12.4284,7.635],"uv_size":[-2.3544,3.0316]},"south":{"uv":[10.0901,7.635],"uv_size":[2.3544,3.0316]},"east":{"uv":[10.0741,7.63],"uv_size":[0,0.6747]},"west":{"uv":[10.0741,7.63],"uv_size":[0,0.6747]},"up":{"uv":[10.628,7.619],"uv_size":[-0.554,0]},"down":{"uv":[10.628,7.619],"uv_size":[-0.554,0]}}}],"name":"rot_13"},{"parent":"geyser_custom_z","pivot":[-3.5,13.5934,-0.37],"rotation":[0,0,0],"cubes":[{"origin":[-2.26,4.3952,0],"size":[1.62,17.9,0],"pivot":[-3.5,13.5934,-0.37],"uv":{"north":{"uv":[15.8178,1.5398],"uv_size":[0.1822,2.6507]},"south":{"uv":[15.997,1.5398],"uv_size":[-0.1822,2.6507]},"east":{"uv":[11.7425,5.288],"uv_size":[0.1093,0.1406]},"west":{"uv":[11.7425,5.288],"uv_size":[0.1093,0.1406]},"up":{"uv":[15.1153,0.5737],"uv_size":[0.2551,0.1406]},"down":{"uv":[15.1153,0.9025],"uv_size":[0.2551,-0.1406]}}}],"name":"rot_14"},{"parent":"geyser_custom_z","pivot":[0,-9.545,0.0025],"rotation":[0,0,22.5],"cubes":[{"origin":[1.2235,-12.5598,-0.675],"size":[1.125,1.55,1.35],"pivot":[0,-9.545,0.0025],"uv":{"north":{"uv":[14.6696,4.328],"uv_size":[0.1822,-0.328]},"south":{"uv":[14.3733,6.2328],"uv_size":[0.1822,-0.328]},"east":{"uv":[14.6696,6.2328],"uv_size":[0.1822,-0.328]},"west":{"uv":[14.6696,4.709],"uv_size":[0.1822,-0.328]},"up":{"uv":[14.9659,4.2343],"uv_size":[0.1822,-0.2343]},"down":{"uv":[13.4844,6.2895],"uv_size":[0.1822,0.2343]}}},{"origin":[-0.0941,-13.9902,-0.45],"size":[1.035,1.35,0.9],"pivot":[0,-9.545,0.0025],"uv":{"north":{"uv":[15.2616,3.8533],"uv_size":[0.1458,-0.2343]},"south":{"uv":[13.1876,6.901],"uv_size":[0.1458,-0.2343]},"east":{"uv":[15.2616,4.2343],"uv_size":[0.1458,-0.2343]},"west":{"uv":[13.0394,6.901],"uv_size":[0.1458,-0.2343]},"up":{"uv":[15.4098,1.1398],"uv_size":[0.1458,-0.1874]},"down":{"uv":[10.9653,6.8602],"uv_size":[0.1458,0.1874]}}}],"name":"rot_15"},{"parent":"geyser_custom_z","pivot":[0,7.8434,0.0025],"rotation":[0,0,22.5],"cubes":[{"origin":[5.1295,-1.9211,-0.445],"size":[1.35,2.7,0.9],"pivot":[0,7.8434,0.0025],"uv":{"north":{"uv":[12.8919,5.1512],"uv_size":[0.1822,0.5154]},"south":{"uv":[14.077,3.6274],"uv_size":[0.1822,0.5154]},"east":{"uv":[11.2616,5.7227],"uv_size":[0.1458,0.5154]},"west":{"uv":[11.4098,5.7227],"uv_size":[0.1458,0.5154]},"up":{"uv":[15.2622,3.2411],"uv_size":[0.1822,0.1874]},"down":{"uv":[12.7437,6.8541],"uv_size":[0.1822,-0.1874]}}},{"origin":[2.2246,-3.892,-0.67],"size":[2.025,1.8,1.35],"pivot":[0,7.8434,0.0025],"uv":{"north":{"uv":[14.2175,2.8625],"uv_size":[-0.2916,0.328]},"south":{"uv":[14.2175,3.2434],"uv_size":[-0.2916,0.328]},"east":{"uv":[14.8489,3.6244],"uv_size":[-0.1822,0.328]},"west":{"uv":[12.3304,5.9101],"uv_size":[-0.1822,0.328]},"up":{"uv":[14.8101,2.099],"uv_size":[-0.2916,0.2343]},"down":{"uv":[14.8101,2.7105],"uv_size":[-0.2916,-0.2343]}}}],"name":"rot_16"},{"parent":"geyser_custom_z","pivot":[-3.5952,-5.531,0.005],"rotation":[0,0,22.5],"cubes":[{"origin":[-4.1014,-5.9811,-0.49],"size":[1.35,3.6,0.99],"pivot":[-3.5952,-5.531,0.005],"uv":{"north":{"uv":[13.6379,2.099],"uv_size":[0.5102,0.2343]},"south":{"uv":[13.6379,2.48],"uv_size":[0.5102,0.2343]},"east":{"uv":[14.4361,0.9554],"uv_size":[-0.5102,0.1874]},"west":{"uv":[14.4361,0.9493],"uv_size":[-0.5102,-0.1874]},"up":{"uv":[12.5902,6.901],"uv_size":[-0.1458,-0.2343]},"down":{"uv":[12.7384,6.901],"uv_size":[-0.1458,-0.2343]}}}],"name":"rot_17"},{"parent":"geyser_custom_z","pivot":[0.0025,6.4527,0],"rotation":[0,0,45],"cubes":[{"origin":[-0.4816,5.6116,-0.425],"size":[1.35,1.35,0.85],"pivot":[0.0025,6.4527,0],"uv":{"north":{"uv":[14.8489,6.2895],"uv_size":[-0.1822,0.2343]},"south":{"uv":[15.1452,5.9086],"uv_size":[-0.1822,0.2343]},"east":{"uv":[15.6284,0.5752],"uv_size":[-0.0729,0.2343]},"west":{"uv":[15.6284,0.1943],"uv_size":[-0.0729,0.2343]},"up":{"uv":[15.7378,0.9539],"uv_size":[-0.1822,0.0937]},"down":{"uv":[11.1452,7.1413],"uv_size":[-0.1822,-0.0937]}}}],"name":"rot_18"},{"parent":"geyser_custom_z","pivot":[0,7.8434,0.0025],"rotation":[0,0,45],"cubes":[{"origin":[5.2161,1.3073,-0.4475],"size":[1.32,1.32,0.895],"pivot":[0,7.8434,0.0025],"uv":{"north":{"uv":[14.9659,3.6229],"uv_size":[0.1822,0.2343]},"south":{"uv":[13.1881,6.2895],"uv_size":[0.1822,0.2343]},"east":{"uv":[10.0764,6.6705],"uv_size":[0.1458,0.2343]},"west":{"uv":[15.2616,0.0038],"uv_size":[0.1458,0.2343]},"up":{"uv":[10.2252,6.6697],"uv_size":[0.1822,0.1874]},"down":{"uv":[15.2622,0.5684],"uv_size":[0.1822,-0.1874]}}},{"origin":[1.2682,3.8681,-0.5375],"size":[2.7,2.7,1.085],"pivot":[0,7.8434,0.0025],"uv":{"north":{"uv":[13.488,0.0084],"uv_size":[0.4009,0.5154]},"south":{"uv":[13.8824,0.0084],"uv_size":[-0.4009,0.5154]},"east":{"uv":[14.3727,4.7703],"uv_size":[0.1458,0.5154]},"west":{"uv":[14.3727,5.3417],"uv_size":[0.1458,0.5154]},"up":{"uv":[14.3769,1.9078],"uv_size":[0.4009,0.1874]},"down":{"uv":[14.525,0.1874],"uv_size":[0.4009,-0.1874]}}},{"origin":[6.8617,-1.0254,-0.995],"size":[2,2,2],"pivot":[0,7.8434,0.0025],"uv":{"north":{"uv":[14.3292,1.7196],"uv_size":[-0.2551,0.328]},"south":{"uv":[14.0782,1.7196],"uv_size":[0.2551,0.328]},"east":{"uv":[14.2264,0.0053],"uv_size":[0.2551,0.328]},"west":{"uv":[11.1153,5.3387],"uv_size":[0.2551,0.328]},"up":{"uv":[14.0782,4.9577],"uv_size":[0.2551,0.328]},"down":{"uv":[14.3292,4.5185],"uv_size":[-0.2551,-0.328]}}}],"name":"rot_19"},{"parent":"geyser_custom_z","pivot":[0,12.8434,0.0025],"rotation":[0,0,45],"cubes":[{"origin":[-3.9661,15.5595,-0.4],"size":[1.25,1.25,0.8],"pivot":[0,12.8434,0.0025],"uv":{"north":{"uv":[14.9659,2.6705],"uv_size":[0.1822,0.2343]},"south":{"uv":[14.9659,3.0514],"uv_size":[0.1822,0.2343]},"east":{"uv":[12.7748,6.6636],"uv_size":[-0.1822,-0.1874]},"west":{"uv":[13.0711,6.4792],"uv_size":[-0.1822,0.1874]},"up":{"uv":[11.8495,6.7105],"uv_size":[-0.1458,-0.2343]},"down":{"uv":[12.5902,6.52],"uv_size":[-0.1458,-0.2343]}}}],"name":"rot_20"}]}]}
