{"format_version":"1.16.0","minecraft:geometry":[{"description":{"identifier":"geometry.geyser_custom.geo_f579456","texture_width":16,"texture_height":16,"visible_bounds_width":4,"visible_bounds_height":4.5,"visible_bounds_offset":[0,0.75,0]},"bones":[{"name":"geyser_custom","binding":"c.item_slot == 'head' ? 'head' : q.item_slot_to_bone_name(c.item_slot)","pivot":[0,8,0]},{"name":"geyser_custom_x","parent":"geyser_custom","pivot":[0,8,0]},{"name":"geyser_custom_y","parent":"geyser_custom_x","pivot":[0,8,0]},{"name":"geyser_custom_z","parent":"geyser_custom_y","pivot":[0,8,0],"cubes":[]},{"parent":"geyser_custom_z","pivot":[0.3042,11.0045,-0.495],"rotation":[45,0,0],"cubes":[{"origin":[-1.4958,10.3295,-0.99],"size":[3.6,1.35,0.99],"pivot":[0.3042,11.0045,-0.495],"uv":{"north":{"uv":[13.6379,2.3295],"uv_size":[0.5102,-0.2343]},"south":{"uv":[13.6379,2.7105],"uv_size":[0.5102,-0.2343]},"east":{"uv":[12.595,6.901],"uv_size":[0.1458,-0.2343]},"west":{"uv":[12.4468,6.901],"uv_size":[0.1458,-0.2343]},"up":{"uv":[13.9342,0.9493],"uv_size":[0.5102,-0.1874]},"down":{"uv":[13.9342,0.9554],"uv_size":[0.5102,0.1874]}}}],"name":"rot_1"},{"parent":"geyser_custom_z","pivot":[0.3042,11.9955,0.495],"rotation":[45,0,0],"cubes":[{"origin":[-1.4958,11.3205,0],"size":[3.6,1.35,0.99],"pivot":[0.3042,11.9955,0.495],"uv":{"north":{"uv":[14.1399,2.48],"uv_size":[-0.5102,0.2343]},"south":{"uv":[14.1399,2.099],"uv_size":[-0.5102,0.2343]},"east":{"uv":[12.7384,6.6705],"uv_size":[-0.1458,0.2343]},"west":{"uv":[12.5902,6.6705],"uv_size":[-0.1458,0.2343]},"up":{"uv":[13.9342,0.9554],"uv_size":[0.5102,0.1874]},"down":{"uv":[13.9342,0.9493],"uv_size":[0.5102,-0.1874]}}}],"name":"rot_2"},{"parent":"geyser_custom_z","pivot":[0,11.4622,0],"rotation":[0,45,0],"cubes":[{"origin":[3.247,10.9672,0.4358],"size":[1.8,0.99,1.125],"pivot":[0,11.4622,0],"uv":{"north":{"uv":[15.0699,5.3364],"uv_size":[-0.2551,0.1874]},"south":{"uv":[15.0699,5.7112],"uv_size":[-0.2551,-0.1874]},"east":{"uv":[11.5579,6.901],"uv_size":[0.1458,-0.2343]},"west":{"uv":[15.2616,3.0914],"uv_size":[0.1458,-0.2343]},"up":{"uv":[14.9218,1.5276],"uv_size":[-0.2551,0.2343]},"down":{"uv":[12.107,5.9086],"uv_size":[-0.2551,0.2343]}}},{"origin":[1.5608,10.9672,4.372],"size":[1.35,0.99,0.675],"pivot":[0,11.4622,0],"uv":{"north":{"uv":[15.4415,2.6697],"uv_size":[-0.1822,0.1874]},"south":{"uv":[12.3304,6.8541],"uv_size":[-0.1822,-0.1874]},"east":{"uv":[14.2246,6.8594],"uv_size":[0.1458,0.1406]},"west":{"uv":[14.3727,6.8594],"uv_size":[0.1458,0.1406]},"up":{"uv":[15.5896,3.1882],"uv_size":[-0.1822,-0.1406]},"down":{"uv":[12.923,6.9977],"uv_size":[-0.1822,-0.1406]}}}],"name":"rot_3"},{"parent":"geyser_custom_z","pivot":[0,1.681,0],"rotation":[0,0,-45],"cubes":[{"origin":[-2.4371,-0.7561,-0.4],"size":[1.25,1.25,0.8],"pivot":[0,1.681,0],"uv":{"north":{"uv":[14.9659,2.6705],"uv_size":[0.1822,0.2343]},"south":{"uv":[14.9659,3.0514],"uv_size":[0.1822,0.2343]},"east":{"uv":[11.7061,6.48],"uv_size":[0.1458,0.2343]},"west":{"uv":[12.4468,6.2895],"uv_size":[0.1458,0.2343]},"up":{"uv":[12.8919,6.6636],"uv_size":[0.1822,-0.1874]},"down":{"uv":[12.5956,6.4792],"uv_size":[0.1822,0.1874]}}},{"origin":[-12.2508,-10.5627,-0.995],"size":[2,2,2],"pivot":[0,1.681,0],"uv":{"north":{"uv":[14.3292,1.7196],"uv_size":[-0.2551,0.328]},"south":{"uv":[14.0782,1.7196],"uv_size":[0.2551,0.328]},"east":{"uv":[14.0782,4.1958],"uv_size":[0.2551,0.328]},"west":{"uv":[14.3292,5.2804],"uv_size":[-0.2551,-0.328]},"up":{"uv":[14.4773,0.328],"uv_size":[-0.2551,-0.328]},"down":{"uv":[11.3662,5.6613],"uv_size":[-0.2551,-0.328]}}},{"origin":[-12.3661,-11.8643,-0.495],"size":[1.8,0.9,0.99],"pivot":[0,1.681,0],"uv":{"north":{"uv":[14.9671,1.1459],"uv_size":[0.2551,0.1874]},"south":{"uv":[11.1153,6.2888],"uv_size":[0.2551,0.1874]},"east":{"uv":[11.8542,6.8602],"uv_size":[0.1458,0.1874]},"west":{"uv":[15.4098,2.2888],"uv_size":[0.1458,0.1874]},"up":{"uv":[14.9671,1.3364],"uv_size":[0.2551,0.1874]},"down":{"uv":[14.9671,1.7112],"uv_size":[0.2551,-0.1874]}}},{"origin":[-10.5453,-10.4099,-0.495],"size":[1.125,0.9,0.99],"pivot":[0,1.681,0],"uv":{"north":{"uv":[15.2622,5.1459],"uv_size":[0.1822,0.1874]},"south":{"uv":[15.2622,5.3364],"uv_size":[0.1822,0.1874]},"east":{"uv":[12.0024,6.8602],"uv_size":[0.1458,0.1874]},"west":{"uv":[15.4098,2.4792],"uv_size":[0.1458,0.1874]},"up":{"uv":[14.3733,6.6697],"uv_size":[0.1822,0.1874]},"down":{"uv":[15.2622,5.7112],"uv_size":[0.1822,-0.1874]}}}],"name":"rot_4"},{"parent":"geyser_custom_z","pivot":[0,11.4622,0],"rotation":[0,0,-45],"cubes":[{"origin":[-0.8783,11.0205,-0.4475],"size":[1.32,1.32,0.895],"pivot":[0,11.4622,0],"uv":{"north":{"uv":[14.9659,3.6229],"uv_size":[0.1822,0.2343]},"south":{"uv":[13.1881,6.2895],"uv_size":[0.1822,0.2343]},"east":{"uv":[10.0764,6.6705],"uv_size":[0.1458,0.2343]},"west":{"uv":[15.2616,0.0038],"uv_size":[0.1458,0.2343]},"up":{"uv":[10.2252,6.6697],"uv_size":[0.1822,0.1874]},"down":{"uv":[15.2622,0.5684],"uv_size":[0.1822,-0.1874]}}},{"origin":[3.247,9.9014,-0.49],"size":[1.8,1.125,0.99],"pivot":[0,11.4622,0],"uv":{"north":{"uv":[14.6708,1.5276],"uv_size":[0.2551,0.2343]},"south":{"uv":[11.856,5.9086],"uv_size":[0.2551,0.2343]},"east":{"uv":[11.5579,6.6705],"uv_size":[0.1458,0.2343]},"west":{"uv":[15.2616,2.861],"uv_size":[0.1458,0.2343]},"up":{"uv":[14.819,5.3364],"uv_size":[0.2551,0.1874]},"down":{"uv":[14.819,5.7112],"uv_size":[0.2551,-0.1874]}}},{"origin":[1.5608,6.4151,-0.49],"size":[1.35,0.675,0.99],"pivot":[0,11.4622,0],"uv":{"north":{"uv":[15.4104,3.1882],"uv_size":[0.1822,-0.1406]},"south":{"uv":[12.7437,6.9977],"uv_size":[0.1822,-0.1406]},"east":{"uv":[14.2246,6.9977],"uv_size":[0.1458,-0.1406]},"west":{"uv":[14.3727,6.9977],"uv_size":[0.1458,-0.1406]},"up":{"uv":[15.2622,2.6697],"uv_size":[0.1822,0.1874]},"down":{"uv":[12.1511,6.8541],"uv_size":[0.1822,-0.1874]}}},{"origin":[0.7673,8.6878,-0.995],"size":[2,2,2],"pivot":[0,11.4622,0],"uv":{"north":{"uv":[14.3292,1.7196],"uv_size":[-0.2551,0.328]},"south":{"uv":[14.0782,1.7196],"uv_size":[0.2551,0.328]},"east":{"uv":[14.2264,0.0053],"uv_size":[0.2551,0.328]},"west":{"uv":[11.1153,5.3387],"uv_size":[0.2551,0.328]},"up":{"uv":[14.0782,4.9577],"uv_size":[0.2551,0.328]},"down":{"uv":[14.3292,4.5185],"uv_size":[-0.2551,-0.328]}}}],"name":"rot_5"},{"parent":"geyser_custom_z","pivot":[0,11.4622,0],"rotation":[0,22.5,0],"cubes":[{"origin":[-0.8983,11.0122,1.8312],"size":[2.7,0.9,1.35],"pivot":[0,11.4622,0],"uv":{"north":{"uv":[11.2616,5.7227],"uv_size":[0.1458,0.5154]},"south":{"uv":[11.4098,5.7227],"uv_size":[0.1458,0.5154]},"east":{"uv":[15.4415,3.4255],"uv_size":[-0.1822,-0.1874]},"west":{"uv":[12.923,6.6697],"uv_size":[-0.1822,0.1874]},"up":{"uv":[13.0711,5.6583],"uv_size":[-0.1822,-0.5154]},"down":{"uv":[14.2563,4.1345],"uv_size":[-0.1822,-0.5154]}}},{"origin":[0.6712,10.9672,-4.2551],"size":[1.35,0.99,3.6],"pivot":[0,11.4622,0],"uv":{"north":{"uv":[12.7384,6.6705],"uv_size":[-0.1458,0.2343]},"south":{"uv":[12.5902,6.6705],"uv_size":[-0.1458,0.2343]},"east":{"uv":[13.9342,0.9493],"uv_size":[0.5102,-0.1874]},"west":{"uv":[13.9342,0.9554],"uv_size":[0.5102,0.1874]},"up":{"uv":[13.6379,2.3295],"uv_size":[0.5102,-0.2343]},"down":{"uv":[13.6379,2.7105],"uv_size":[0.5102,-0.2343]}}},{"origin":[-1.0638,10.9672,-2.4695],"size":[1.8,0.99,0.675],"pivot":[0,11.4622,0],"uv":{"north":{"uv":[14.819,4.9554],"uv_size":[0.2551,0.1874]},"south":{"uv":[14.819,4.9493],"uv_size":[0.2551,-0.1874]},"east":{"uv":[13.9236,6.8594],"uv_size":[-0.1458,0.1406]},"west":{"uv":[15.5532,4.5737],"uv_size":[-0.1458,0.1406]},"up":{"uv":[15.1153,2.0453],"uv_size":[0.2551,-0.1406]},"down":{"uv":[15.1153,2.2358],"uv_size":[0.2551,-0.1406]}}},{"origin":[1.9726,10.7872,-1.0736],"size":[1.8,1.35,2.025],"pivot":[0,11.4622,0],"uv":{"north":{"uv":[14.8489,3.6244],"uv_size":[-0.1822,0.328]},"south":{"uv":[12.3304,5.9101],"uv_size":[-0.1822,0.328]},"east":{"uv":[14.5233,2.3295],"uv_size":[0.2916,-0.2343]},"west":{"uv":[14.5233,2.48],"uv_size":[0.2916,0.2343]},"up":{"uv":[13.9307,3.1851],"uv_size":[0.2916,-0.328]},"down":{"uv":[13.9307,3.5661],"uv_size":[0.2916,-0.328]}}}],"name":"rot_6"},{"parent":"geyser_custom_z","pivot":[-4.7172,11.45,0.005],"rotation":[0,22.5,0],"cubes":[{"origin":[-4.6915,10.955,-2.5675],"size":[1.8,0.99,0.675],"pivot":[-4.7172,11.45,0.005],"uv":{"north":{"uv":[14.819,4.9554],"uv_size":[0.2551,0.1874]},"south":{"uv":[14.819,4.9493],"uv_size":[0.2551,-0.1874]},"east":{"uv":[13.9236,6.8594],"uv_size":[-0.1458,0.1406]},"west":{"uv":[15.5532,4.5737],"uv_size":[-0.1458,0.1406]},"up":{"uv":[15.1153,2.0453],"uv_size":[0.2551,-0.1406]},"down":{"uv":[15.1153,2.2358],"uv_size":[0.2551,-0.1406]}}}],"name":"rot_7"},{"parent":"geyser_custom_z","pivot":[0,1.681,0],"rotation":[0,0,-22.5],"cubes":[{"origin":[-11.5263,-15.2779,0],"size":[7.55,6.97,0],"pivot":[0,1.681,0],"uv":{"north":{"uv":[12.5025,0.016],"uv_size":[-1.3803,1.6983]},"south":{"uv":[11.1382,0.016],"uv_size":[1.3803,1.6983]},"east":{"uv":[10.0741,0.016],"uv_size":[0,1.6983]},"west":{"uv":[10.0741,0.016],"uv_size":[0,1.6983]},"up":{"uv":[11.4655,0],"uv_size":[-1.3914,0]},"down":{"uv":[11.4655,0],"uv_size":[-1.3914,0]}}},{"origin":[-7.3001,-13.2882,-0.675],"size":[1.125,1.55,1.35],"pivot":[0,1.681,0],"uv":{"north":{"uv":[14.6696,4.0053],"uv_size":[0.1822,0.328]},"south":{"uv":[14.3733,5.9101],"uv_size":[0.1822,0.328]},"east":{"uv":[14.6696,4.3863],"uv_size":[0.1822,0.328]},"west":{"uv":[14.6696,5.9101],"uv_size":[0.1822,0.328]},"up":{"uv":[14.9659,4.0038],"uv_size":[0.1822,0.2343]},"down":{"uv":[13.4844,6.52],"uv_size":[0.1822,-0.2343]}}},{"origin":[-5.8925,-14.7185,-0.45],"size":[1.035,1.35,0.9],"pivot":[0,1.681,0],"uv":{"north":{"uv":[15.2616,3.6229],"uv_size":[0.1458,0.2343]},"south":{"uv":[13.1876,6.6705],"uv_size":[0.1458,0.2343]},"east":{"uv":[13.0394,6.6705],"uv_size":[0.1458,0.2343]},"west":{"uv":[15.2616,4.0038],"uv_size":[0.1458,0.2343]},"up":{"uv":[15.4098,0.9554],"uv_size":[0.1458,0.1874]},"down":{"uv":[10.9653,7.0446],"uv_size":[0.1458,-0.1874]}}}],"name":"rot_8"},{"parent":"geyser_custom_z","pivot":[0,11.4622,0],"rotation":[0,0,-22.5],"cubes":[{"origin":[0.6712,12.1172,-0.49],"size":[1.35,3.6,0.99],"pivot":[0,11.4622,0],"uv":{"north":{"uv":[13.6379,2.099],"uv_size":[0.5102,0.2343]},"south":{"uv":[13.6379,2.48],"uv_size":[0.5102,0.2343]},"east":{"uv":[14.4361,0.9493],"uv_size":[-0.5102,-0.1874]},"west":{"uv":[14.4361,0.9554],"uv_size":[-0.5102,0.1874]},"up":{"uv":[12.7384,6.901],"uv_size":[-0.1458,-0.2343]},"down":{"uv":[12.5902,6.901],"uv_size":[-0.1458,-0.2343]}}},{"origin":[1.9726,10.5108,-0.67],"size":[1.8,2.025,1.35],"pivot":[0,11.4622,0],"uv":{"north":{"uv":[13.9307,2.8625],"uv_size":[0.2916,0.328]},"south":{"uv":[13.9307,3.2434],"uv_size":[0.2916,0.328]},"east":{"uv":[14.8101,2.3295],"uv_size":[-0.2916,-0.2343]},"west":{"uv":[14.8101,2.48],"uv_size":[-0.2916,0.2343]},"up":{"uv":[14.8489,3.947],"uv_size":[-0.1822,-0.328]},"down":{"uv":[12.3304,6.2328],"uv_size":[-0.1822,-0.328]}}},{"origin":[-0.8983,8.2809,-0.445],"size":[2.7,1.35,0.9],"pivot":[0,11.4622,0],"uv":{"north":{"uv":[13.0711,5.1512],"uv_size":[-0.1822,0.5154]},"south":{"uv":[14.2563,3.6274],"uv_size":[-0.1822,0.5154]},"east":{"uv":[15.2622,3.4255],"uv_size":[0.1822,-0.1874]},"west":{"uv":[12.7437,6.6697],"uv_size":[0.1822,0.1874]},"up":{"uv":[11.2616,6.2297],"uv_size":[0.1458,-0.5154]},"down":{"uv":[11.4098,6.2297],"uv_size":[0.1458,-0.5154]}}},{"origin":[-1.0638,13.2566,-0.49],"size":[1.8,0.675,0.99],"pivot":[0,11.4622,0],"uv":{"north":{"uv":[15.3662,2.0453],"uv_size":[-0.2551,-0.1406]},"south":{"uv":[15.3662,2.2358],"uv_size":[-0.2551,-0.1406]},"east":{"uv":[13.9236,6.9977],"uv_size":[-0.1458,-0.1406]},"west":{"uv":[15.5532,4.712],"uv_size":[-0.1458,-0.1406]},"up":{"uv":[15.0699,4.9554],"uv_size":[-0.2551,0.1874]},"down":{"uv":[15.0699,4.9493],"uv_size":[-0.2551,-0.1874]}}}],"name":"rot_9"},{"parent":"geyser_custom_z","pivot":[-4.7172,11.45,0.005],"rotation":[0,0,-22.5],"cubes":[{"origin":[-4.6915,13.3475,-0.49],"size":[1.8,0.675,0.99],"pivot":[-4.7172,11.45,0.005],"uv":{"north":{"uv":[15.3662,2.0453],"uv_size":[-0.2551,-0.1406]},"south":{"uv":[15.3662,2.2358],"uv_size":[-0.2551,-0.1406]},"east":{"uv":[13.9236,6.9977],"uv_size":[-0.1458,-0.1406]},"west":{"uv":[15.5532,4.712],"uv_size":[-0.1458,-0.1406]},"up":{"uv":[15.0699,4.9554],"uv_size":[-0.2551,0.1874]},"down":{"uv":[15.0699,4.9493],"uv_size":[-0.2551,-0.1874]}}}],"name":"rot_10"},{"parent":"geyser_custom_z","pivot":[0,1.681,0],"rotation":[0,-0,0],"cubes":[{"origin":[-0.585,-4.85,-0.585],"size":[1.17,6.3,1.17],"pivot":[0,1.681,0],"uv":{"north":{"uv":[13.1881,0.016],"uv_size":[0.1822,1.1745]},"south":{"uv":[13.1881,2.6827],"uv_size":[0.1822,1.1745]},"east":{"uv":[13.1881,1.3493],"uv_size":[0.1822,1.1745]},"west":{"uv":[13.1881,4.016],"uv_size":[0.1822,1.1745]},"up":{"uv":[11.8548,6.2895],"uv_size":[0.1822,0.2343]},"down":{"uv":[12.1511,6.52],"uv_size":[0.1822,-0.2343]}}},{"origin":[-0.86,-0.8585,-0.3725],"size":[1.72,13.9,0.745],"pivot":[0,1.681,0],"uv":{"north":{"uv":[12.5967,1.5398],"uv_size":[0.2551,2.6507]},"south":{"uv":[12.0041,3.2541],"uv_size":[0.2551,2.6507]},"east":{"uv":[12.4462,3.2541],"uv_size":[0.1093,2.6507]},"west":{"uv":[12.2981,3.2541],"uv_size":[0.1093,2.6507]},"up":{"uv":[15.1153,0.9025],"uv_size":[0.2551,-0.1406]},"down":{"uv":[15.1153,0.5737],"uv_size":[0.2551,0.1406]}}},{"origin":[-0.86,-15.8317,-0.3725],"size":[1.72,13.9,0.745],"pivot":[0,1.681,0],"uv":{"north":{"uv":[12.5967,1.5398],"uv_size":[0.2551,2.6507]},"south":{"uv":[12.0041,3.2541],"uv_size":[0.2551,2.6507]},"east":{"uv":[12.2981,3.2541],"uv_size":[0.1093,2.6507]},"west":{"uv":[12.4462,3.2541],"uv_size":[0.1093,2.6507]},"up":{"uv":[15.1153,0.5737],"uv_size":[0.2551,0.1406]},"down":{"uv":[15.1153,0.9025],"uv_size":[0.2551,-0.1406]}}},{"origin":[-0.7875,0.855,-0.7875],"size":[1.575,0.63,1.575],"pivot":[0,1.681,0],"uv":{"north":{"uv":[15.2628,5.7166],"uv_size":[0.2187,0.1406]},"south":{"uv":[15.2628,5.907],"uv_size":[0.2187,0.1406]},"east":{"uv":[14.6702,6.669],"uv_size":[0.2187,0.1406]},"west":{"uv":[15.2628,6.0975],"uv_size":[0.2187,0.1406]},"up":{"uv":[14.5221,3.2427],"uv_size":[0.2187,0.2811]},"down":{"uv":[12.8924,5.9954],"uv_size":[0.2187,-0.2811]}}},{"origin":[-0.7875,-14.74,-0.7875],"size":[1.575,1.89,1.575],"pivot":[0,1.681,0],"uv":{"north":{"uv":[14.3739,1.5299],"uv_size":[0.2187,0.3749]},"south":{"uv":[14.3739,4.0061],"uv_size":[0.2187,0.3749]},"east":{"uv":[14.3739,3.6251],"uv_size":[0.2187,0.3749]},"west":{"uv":[14.3739,4.387],"uv_size":[0.2187,0.3749]},"up":{"uv":[13.1887,5.7189],"uv_size":[0.2187,0.2811]},"down":{"uv":[13.485,5.9954],"uv_size":[0.2187,-0.2811]}}},{"origin":[-0.7875,-4.535,-0.7875],"size":[1.575,0.63,1.575],"pivot":[0,1.681,0],"uv":{"north":{"uv":[15.2628,6.4785],"uv_size":[0.2187,0.1406]},"south":{"uv":[15.411,0.0023],"uv_size":[0.2187,0.1406]},"east":{"uv":[15.2628,6.669],"uv_size":[0.2187,0.1406]},"west":{"uv":[10.2258,6.8594],"uv_size":[0.2187,0.1406]},"up":{"uv":[14.5221,4.7665],"uv_size":[0.2187,0.2811]},"down":{"uv":[14.0776,5.9954],"uv_size":[0.2187,-0.2811]}}},{"origin":[-1.15,-15.3596,-0.9175],"size":[2.3,2.3,1.835],"pivot":[0,1.681,0],"uv":{"north":{"uv":[14.0418,4.5299],"uv_size":[0.2916,0.3749]},"south":{"uv":[14.0418,4.5299],"uv_size":[0.2916,0.3749]},"east":{"uv":[14.7784,5.1036],"uv_size":[0.0364,0.5154]},"west":{"uv":[14.7784,5.1036],"uv_size":[0.0364,0.5154]},"up":{"uv":[14.635,1.8103],"uv_size":[0.328,0.0469]},"down":{"uv":[14.7079,0.523],"uv_size":[0.2551,-0.0469]}}}],"name":"rot_11"},{"parent":"geyser_custom_z","pivot":[0,11.4622,0],"rotation":[0,-0,0],"cubes":[{"origin":[-4.9207,9.5272,-0.2425],"size":[7.2,3.87,0.495],"pivot":[0,11.4622,0],"uv":{"north":{"uv":[12.0089,1.7303],"uv_size":[0.5467,1.365]},"south":{"uv":[12.6015,0.016],"uv_size":[0.5467,1.365]},"east":{"uv":[15.3615,1.0461],"uv_size":[-0.5467,-0.0937]},"west":{"uv":[15.3615,3.4301],"uv_size":[-0.5467,0.0937]},"up":{"uv":[13.9988,6.1269],"uv_size":[-0.0729,-1.365]},"down":{"uv":[13.8507,6.1269],"uv_size":[-0.0729,-1.365]}}},{"origin":[-4.9207,10.7722,-0.4925],"size":[4.45,1.37,0.995],"pivot":[0,11.4622,0],"uv":{"north":{"uv":[12.5956,4.2042],"uv_size":[0.1822,0.8434]},"south":{"uv":[13.4844,1.1566],"uv_size":[0.1822,0.8434]},"east":{"uv":[15.2933,2.4731],"uv_size":[-0.1822,-0.1874]},"west":{"uv":[15.2933,2.4792],"uv_size":[-0.1822,0.1874]},"up":{"uv":[13.6273,3.891],"uv_size":[-0.1458,-0.8434]},"down":{"uv":[13.6273,2.9387],"uv_size":[-0.1458,-0.8434]}}},{"origin":[-7.4607,9.9622,-0.25],"size":[9,9,0],"pivot":[0,11.4622,0],"uv":{"north":{"uv":[15.984,7.635],"uv_size":[-1.1692,1.5078]},"south":{"uv":[14.8308,7.635],"uv_size":[1.1692,1.5078]},"east":{"uv":[14.8193,7.619],"uv_size":[0.277,0]},"west":{"uv":[14.8193,7.619],"uv_size":[0.277,0]},"up":{"uv":[14.8148,7.9564],"uv_size":[0,-0.3374]},"down":{"uv":[14.8148,7.9564],"uv_size":[0,-0.3374]}}},{"origin":[-7.4607,3.9622,-0.25],"size":[9,9,0],"pivot":[0,11.4622,0],"uv":{"north":{"uv":[14.8308,7.635],"uv_size":[1.1692,1.5078]},"south":{"uv":[15.984,7.635],"uv_size":[-1.1692,1.5078]},"east":{"uv":[15.0918,7.619],"uv_size":[-0.277,0]},"west":{"uv":[15.0918,7.619],"uv_size":[-0.277,0]},"up":{"uv":[14.8148,7.9564],"uv_size":[0,-0.3374]},"down":{"uv":[14.8148,7.9564],"uv_size":[0,-0.3374]}}},{"origin":[2.1893,10.6747,-0.7875],"size":[1.89,1.575,1.575],"pivot":[0,11.4622,0],"uv":{"north":{"uv":[13.1887,5.3394],"uv_size":[0.2187,0.3749]},"south":{"uv":[14.0776,5.3394],"uv_size":[0.2187,0.3749]},"east":{"uv":[14.7372,3.1383],"uv_size":[-0.2187,-0.2811]},"west":{"uv":[12.8113,5.7189],"uv_size":[-0.2187,0.2811]},"up":{"uv":[14.589,1.5177],"uv_size":[-0.2187,-0.3749]},"down":{"uv":[13.7001,5.7082],"uv_size":[-0.2187,-0.3749]}}},{"origin":[1.3389,10.3122,-0.9175],"size":[2.3,2.3,1.835],"pivot":[0,11.4622,0],"uv":{"north":{"uv":[14.0418,4.5299],"uv_size":[0.2916,0.3749]},"south":{"uv":[14.0418,4.5299],"uv_size":[0.2916,0.3749]},"east":{"uv":[14.9576,1.8564],"uv_size":[-0.328,-0.0469]},"west":{"uv":[14.9588,0.477],"uv_size":[-0.2551,0.0469]},"up":{"uv":[14.8142,5.6107],"uv_size":[-0.0364,-0.5154]},"down":{"uv":[14.8142,5.6107],"uv_size":[-0.0364,-0.5154]}}}],"name":"rot_12"},{"parent":"geyser_custom_z","pivot":[-3.1159,11.4597,0.005],"rotation":[0,-0,0],"cubes":[{"origin":[-4.9207,11.2122,-1.9275],"size":[7.2,0.495,3.87],"pivot":[-3.1159,11.4597,0.005],"uv":{"north":{"uv":[13.779,4.7779],"uv_size":[0.0729,1.365]},"south":{"uv":[13.9271,4.7779],"uv_size":[0.0729,1.365]},"east":{"uv":[15.3615,1.0461],"uv_size":[-0.5467,-0.0937]},"west":{"uv":[15.3615,3.4301],"uv_size":[-0.5467,0.0937]},"up":{"uv":[12.5467,3.0792],"uv_size":[-0.5467,-1.365]},"down":{"uv":[13.1393,1.365],"uv_size":[-0.5467,-1.365]}}}],"name":"rot_13"},{"parent":"geyser_custom_z","pivot":[-4.4111,11.4597,0.0025],"rotation":[0,-0,0],"cubes":[{"origin":[-5.1599,9.6633,-1.7975],"size":[1.4904,3.6,3.6],"pivot":[-4.4111,11.4597,0.0025],"uv":{"north":{"uv":[14.9588,0.477],"uv_size":[-0.2551,0.0469]},"south":{"uv":[14.9576,1.8564],"uv_size":[-0.328,-0.0469]},"east":{"uv":[13.4874,0.5798],"uv_size":[0.3644,0.5154]},"west":{"uv":[13.4874,0.5798],"uv_size":[0.3644,0.5154]},"up":{"uv":[14.8142,5.6107],"uv_size":[-0.0364,-0.5154]},"down":{"uv":[14.8142,5.6107],"uv_size":[-0.0364,-0.5154]}}}],"name":"rot_14"},{"parent":"geyser_custom_z","pivot":[0,13.24,0],"rotation":[0,0,0],"cubes":[{"origin":[-8.5,4.74,-0.25],"size":[17,17,0],"pivot":[0,13.24,0],"uv":{"north":{"uv":[12.4284,7.635],"uv_size":[-2.3544,3.0316]},"south":{"uv":[10.0901,7.635],"uv_size":[2.3544,3.0316]},"east":{"uv":[10.0831,7.619],"uv_size":[0.554,0]},"west":{"uv":[10.0831,7.619],"uv_size":[0.554,0]},"up":{"uv":[10.0741,8.2938],"uv_size":[0,-0.6747]},"down":{"uv":[10.0741,8.2938],"uv_size":[0,-0.6747]}}}],"name":"rot_15"},{"parent":"geyser_custom_z","pivot":[0,11.4622,0],"rotation":[0,-22.5,0],"cubes":[{"origin":[0.6712,10.9672,0.6551],"size":[1.35,0.99,3.6],"pivot":[0,11.4622,0],"uv":{"north":{"uv":[12.4468,6.6705],"uv_size":[0.1458,0.2343]},"south":{"uv":[12.595,6.6705],"uv_size":[0.1458,0.2343]},"east":{"uv":[14.4361,0.9493],"uv_size":[-0.5102,-0.1874]},"west":{"uv":[14.4361,0.9554],"uv_size":[-0.5102,0.1874]},"up":{"uv":[14.1399,2.3295],"uv_size":[-0.5102,-0.2343]},"down":{"uv":[14.1399,2.7105],"uv_size":[-0.5102,-0.2343]}}},{"origin":[-0.8983,11.0122,-3.1812],"size":[2.7,0.9,1.35],"pivot":[0,11.4622,0],"uv":{"north":{"uv":[11.5532,5.7227],"uv_size":[-0.1458,0.5154]},"south":{"uv":[11.405,5.7227],"uv_size":[-0.1458,0.5154]},"east":{"uv":[15.2622,3.4255],"uv_size":[0.1822,-0.1874]},"west":{"uv":[12.7437,6.6697],"uv_size":[0.1822,0.1874]},"up":{"uv":[12.8919,5.6583],"uv_size":[0.1822,-0.5154]},"down":{"uv":[14.077,4.1345],"uv_size":[0.1822,-0.5154]}}},{"origin":[-1.0638,10.9672,1.7945],"size":[1.8,0.99,0.675],"pivot":[0,11.4622,0],"uv":{"north":{"uv":[14.819,4.765],"uv_size":[0.2551,0.1874]},"south":{"uv":[14.819,5.1398],"uv_size":[0.2551,-0.1874]},"east":{"uv":[13.9236,6.9977],"uv_size":[-0.1458,-0.1406]},"west":{"uv":[15.5532,4.712],"uv_size":[-0.1458,-0.1406]},"up":{"uv":[15.1153,1.907],"uv_size":[0.2551,0.1406]},"down":{"uv":[15.1153,2.0975],"uv_size":[0.2551,0.1406]}}},{"origin":[1.9726,10.7872,-0.9514],"size":[1.8,1.35,2.025],"pivot":[0,11.4622,0],"uv":{"north":{"uv":[12.1511,5.9101],"uv_size":[0.1822,0.328]},"south":{"uv":[14.6696,3.6244],"uv_size":[0.1822,0.328]},"east":{"uv":[14.8101,2.3295],"uv_size":[-0.2916,-0.2343]},"west":{"uv":[14.8101,2.48],"uv_size":[-0.2916,0.2343]},"up":{"uv":[14.2175,3.1851],"uv_size":[-0.2916,-0.328]},"down":{"uv":[14.2175,3.5661],"uv_size":[-0.2916,-0.328]}}}],"name":"rot_16"},{"parent":"geyser_custom_z","pivot":[-4.7172,11.45,0.005],"rotation":[0,-22.5,0],"cubes":[{"origin":[-4.6915,10.955,1.9025],"size":[1.8,0.99,0.675],"pivot":[-4.7172,11.45,0.005],"uv":{"north":{"uv":[14.819,4.765],"uv_size":[0.2551,0.1874]},"south":{"uv":[14.819,5.1398],"uv_size":[0.2551,-0.1874]},"east":{"uv":[13.9236,6.9977],"uv_size":[-0.1458,-0.1406]},"west":{"uv":[15.5532,4.712],"uv_size":[-0.1458,-0.1406]},"up":{"uv":[15.1153,1.907],"uv_size":[0.2551,0.1406]},"down":{"uv":[15.1153,2.0975],"uv_size":[0.2551,0.1406]}}}],"name":"rot_17"},{"parent":"geyser_custom_z","pivot":[0,1.681,0],"rotation":[0,0,22.5],"cubes":[{"origin":[3.9763,-15.2779,0],"size":[7.55,6.97,0],"pivot":[0,1.681,0],"uv":{"north":{"uv":[11.1382,0.016],"uv_size":[1.3803,1.6983]},"south":{"uv":[12.5025,0.016],"uv_size":[-1.3803,1.6983]},"east":{"uv":[10.0741,0.016],"uv_size":[0,1.6983]},"west":{"uv":[10.0741,0.016],"uv_size":[0,1.6983]},"up":{"uv":[10.0901,0],"uv_size":[1.3914,0]},"down":{"uv":[10.0901,0],"uv_size":[1.3914,0]}}},{"origin":[6.1751,-13.2882,-0.675],"size":[1.125,1.55,1.35],"pivot":[0,1.681,0],"uv":{"north":{"uv":[14.8178,0.5768],"uv_size":[0.1822,0.328]},"south":{"uv":[14.8178,1.9101],"uv_size":[0.1822,0.328]},"east":{"uv":[11.5585,6.1006],"uv_size":[0.1822,0.328]},"west":{"uv":[14.8178,2.291],"uv_size":[0.1822,0.328]},"up":{"uv":[14.9659,4.3848],"uv_size":[0.1822,0.2343]},"down":{"uv":[13.7807,6.52],"uv_size":[0.1822,-0.2343]}}},{"origin":[4.8575,-14.7185,-0.45],"size":[1.035,1.35,0.9],"pivot":[0,1.681,0],"uv":{"north":{"uv":[13.3357,6.6705],"uv_size":[0.1458,0.2343]},"south":{"uv":[15.2616,4.3848],"uv_size":[0.1458,0.2343]},"east":{"uv":[13.4839,6.6705],"uv_size":[0.1458,0.2343]},"west":{"uv":[13.632,6.6705],"uv_size":[0.1458,0.2343]},"up":{"uv":[15.4098,1.1459],"uv_size":[0.1458,0.1874]},"down":{"uv":[15.4098,1.5208],"uv_size":[0.1458,-0.1874]}}}],"name":"rot_18"},{"parent":"geyser_custom_z","pivot":[0,11.4622,0],"rotation":[0,0,22.5],"cubes":[{"origin":[-0.8983,13.2934,-0.445],"size":[2.7,1.35,0.9],"pivot":[0,11.4622,0],"uv":{"north":{"uv":[12.8919,5.1512],"uv_size":[0.1822,0.5154]},"south":{"uv":[14.077,3.6274],"uv_size":[0.1822,0.5154]},"east":{"uv":[15.4415,3.4255],"uv_size":[-0.1822,-0.1874]},"west":{"uv":[12.923,6.6697],"uv_size":[-0.1822,0.1874]},"up":{"uv":[11.5532,6.2297],"uv_size":[-0.1458,-0.5154]},"down":{"uv":[11.405,6.2297],"uv_size":[-0.1458,-0.5154]}}},{"origin":[0.6712,7.2071,-0.49],"size":[1.35,3.6,0.99],"pivot":[0,11.4622,0],"uv":{"north":{"uv":[14.1399,2.099],"uv_size":[-0.5102,0.2343]},"south":{"uv":[14.1399,2.48],"uv_size":[-0.5102,0.2343]},"east":{"uv":[13.9342,0.9493],"uv_size":[0.5102,-0.1874]},"west":{"uv":[13.9342,0.9554],"uv_size":[0.5102,0.1874]},"up":{"uv":[12.4468,6.901],"uv_size":[0.1458,-0.2343]},"down":{"uv":[12.595,6.901],"uv_size":[0.1458,-0.2343]}}},{"origin":[-1.0638,8.9927,-0.49],"size":[1.8,0.675,0.99],"pivot":[0,11.4622,0],"uv":{"north":{"uv":[15.3662,1.907],"uv_size":[-0.2551,0.1406]},"south":{"uv":[15.3662,2.0975],"uv_size":[-0.2551,0.1406]},"east":{"uv":[13.9236,6.8594],"uv_size":[-0.1458,0.1406]},"west":{"uv":[15.5532,4.5737],"uv_size":[-0.1458,0.1406]},"up":{"uv":[15.0699,4.765],"uv_size":[-0.2551,0.1874]},"down":{"uv":[15.0699,5.1398],"uv_size":[-0.2551,-0.1874]}}},{"origin":[1.9726,10.3885,-0.67],"size":[1.8,2.025,1.35],"pivot":[0,11.4622,0],"uv":{"north":{"uv":[14.2175,2.8625],"uv_size":[-0.2916,0.328]},"south":{"uv":[14.2175,3.2434],"uv_size":[-0.2916,0.328]},"east":{"uv":[14.5233,2.3295],"uv_size":[0.2916,-0.2343]},"west":{"uv":[14.5233,2.48],"uv_size":[0.2916,0.2343]},"up":{"uv":[12.1511,6.2328],"uv_size":[0.1822,-0.328]},"down":{"uv":[14.6696,3.947],"uv_size":[0.1822,-0.328]}}}],"name":"rot_19"},{"parent":"geyser_custom_z","pivot":[-4.7172,11.45,0.005],"rotation":[0,0,22.5],"cubes":[{"origin":[-4.6915,8.8775,-0.49],"size":[1.8,0.675,0.99],"pivot":[-4.7172,11.45,0.005],"uv":{"north":{"uv":[15.3662,1.907],"uv_size":[-0.2551,0.1406]},"south":{"uv":[15.3662,2.0975],"uv_size":[-0.2551,0.1406]},"east":{"uv":[13.9236,6.8594],"uv_size":[-0.1458,0.1406]},"west":{"uv":[15.5532,4.5737],"uv_size":[-0.1458,0.1406]},"up":{"uv":[15.0699,4.765],"uv_size":[-0.2551,0.1874]},"down":{"uv":[15.0699,5.1398],"uv_size":[-0.2551,-0.1874]}}}],"name":"rot_20"},{"parent":"geyser_custom_z","pivot":[0.3042,11.0045,0.495],"rotation":[-45,0,0],"cubes":[{"origin":[-1.4958,10.3295,0],"size":[3.6,1.35,0.99],"pivot":[0.3042,11.0045,0.495],"uv":{"north":{"uv":[14.1399,2.7105],"uv_size":[-0.5102,-0.2343]},"south":{"uv":[14.1399,2.3295],"uv_size":[-0.5102,-0.2343]},"east":{"uv":[12.7384,6.901],"uv_size":[-0.1458,-0.2343]},"west":{"uv":[12.5902,6.901],"uv_size":[-0.1458,-0.2343]},"up":{"uv":[13.9342,0.765],"uv_size":[0.5102,0.1874]},"down":{"uv":[13.9342,1.1398],"uv_size":[0.5102,-0.1874]}}}],"name":"rot_21"},{"parent":"geyser_custom_z","pivot":[0.3042,11.9955,-0.495],"rotation":[-45,0,0],"cubes":[{"origin":[-1.4958,11.3205,-0.99],"size":[3.6,1.35,0.99],"pivot":[0.3042,11.9955,-0.495],"uv":{"north":{"uv":[13.6379,2.099],"uv_size":[0.5102,0.2343]},"south":{"uv":[13.6379,2.48],"uv_size":[0.5102,0.2343]},"east":{"uv":[12.595,6.6705],"uv_size":[0.1458,0.2343]},"west":{"uv":[12.4468,6.6705],"uv_size":[0.1458,0.2343]},"up":{"uv":[13.9342,1.1398],"uv_size":[0.5102,-0.1874]},"down":{"uv":[13.9342,0.765],"uv_size":[0.5102,0.1874]}}}],"name":"rot_22"},{"parent":"geyser_custom_z","pivot":[-4.4111,11.4597,0.0025],"rotation":[-45,0,0],"cubes":[{"origin":[-5.1887,9.5131,-1.939],"size":[1.5624,3.888,3.888],"pivot":[-4.4111,11.4597,0.0025],"uv":{"north":{"uv":[14.3727,5.3417],"uv_size":[0.1458,0.5154]},"south":{"uv":[14.3727,4.7703],"uv_size":[0.1458,0.5154]},"east":{"uv":[13.488,0.0084],"uv_size":[0.4009,0.5154]},"west":{"uv":[13.8824,0.0084],"uv_size":[-0.4009,0.5154]},"up":{"uv":[14.3769,1.9078],"uv_size":[0.4009,0.1874]},"down":{"uv":[14.525,0.1874],"uv_size":[0.4009,-0.1874]}}}],"name":"rot_23"},{"parent":"geyser_custom_z","pivot":[0,11.4622,0],"rotation":[0,-45,0],"cubes":[{"origin":[1.5608,10.9672,-5.047],"size":[1.35,0.99,0.675],"pivot":[0,11.4622,0],"uv":{"north":{"uv":[12.3304,6.6697],"uv_size":[-0.1822,0.1874]},"south":{"uv":[15.4415,2.8541],"uv_size":[-0.1822,-0.1874]},"east":{"uv":[14.2246,6.9977],"uv_size":[0.1458,-0.1406]},"west":{"uv":[14.3727,6.9977],"uv_size":[0.1458,-0.1406]},"up":{"uv":[15.5896,3.0499],"uv_size":[-0.1822,0.1406]},"down":{"uv":[12.923,6.8594],"uv_size":[-0.1822,0.1406]}}},{"origin":[3.247,10.9672,-1.5608],"size":[1.8,0.99,1.125],"pivot":[0,11.4622,0],"uv":{"north":{"uv":[15.0699,5.5269],"uv_size":[-0.2551,0.1874]},"south":{"uv":[15.0699,5.5208],"uv_size":[-0.2551,-0.1874]},"east":{"uv":[11.5579,6.6705],"uv_size":[0.1458,0.2343]},"west":{"uv":[15.2616,2.861],"uv_size":[0.1458,0.2343]},"up":{"uv":[14.9218,1.7581],"uv_size":[-0.2551,-0.2343]},"down":{"uv":[12.107,6.139],"uv_size":[-0.2551,-0.2343]}}}],"name":"rot_24"},{"parent":"geyser_custom_z","pivot":[0,1.681,0],"rotation":[0,0,45],"cubes":[{"origin":[1.9132,-1.4822,-0.4],"size":[1.25,1.25,0.8],"pivot":[0,1.681,0],"uv":{"north":{"uv":[14.9659,2.6705],"uv_size":[0.1822,0.2343]},"south":{"uv":[14.9659,3.0514],"uv_size":[0.1822,0.2343]},"east":{"uv":[12.7748,6.6636],"uv_size":[-0.1822,-0.1874]},"west":{"uv":[13.0711,6.4792],"uv_size":[-0.1822,0.1874]},"up":{"uv":[11.8495,6.7105],"uv_size":[-0.1458,-0.2343]},"down":{"uv":[12.5902,6.52],"uv_size":[-0.1458,-0.2343]}}},{"origin":[9.4203,-10.4099,-0.495],"size":[1.125,0.9,0.99],"pivot":[0,1.681,0],"uv":{"north":{"uv":[13.7807,6.6697],"uv_size":[0.1822,0.1874]},"south":{"uv":[15.2622,4.765],"uv_size":[0.1822,0.1874]},"east":{"uv":[15.4098,1.7173],"uv_size":[0.1458,0.1874]},"west":{"uv":[15.4098,1.9078],"uv_size":[0.1458,0.1874]},"up":{"uv":[15.2622,4.9554],"uv_size":[0.1822,0.1874]},"down":{"uv":[14.077,6.8541],"uv_size":[0.1822,-0.1874]}}},{"origin":[10.5661,-11.8643,-0.495],"size":[1.8,0.9,0.99],"pivot":[0,1.681,0],"uv":{"north":{"uv":[14.819,5.7173],"uv_size":[0.2551,0.1874]},"south":{"uv":[14.9671,0.003],"uv_size":[0.2551,0.1874]},"east":{"uv":[11.7061,6.8602],"uv_size":[0.1458,0.1874]},"west":{"uv":[15.4098,2.0983],"uv_size":[0.1458,0.1874]},"up":{"uv":[14.9671,0.1935],"uv_size":[0.2551,0.1874]},"down":{"uv":[14.9671,0.5684],"uv_size":[0.2551,-0.1874]}}}],"name":"rot_25"},{"parent":"geyser_custom_z","pivot":[0,11.4622,0],"rotation":[0,0,45],"cubes":[{"origin":[3.247,11.8979,-0.49],"size":[1.8,1.125,0.99],"pivot":[0,11.4622,0],"uv":{"north":{"uv":[14.6708,1.7581],"uv_size":[0.2551,-0.2343]},"south":{"uv":[11.856,6.139],"uv_size":[0.2551,-0.2343]},"east":{"uv":[11.5579,6.901],"uv_size":[0.1458,-0.2343]},"west":{"uv":[15.2616,3.0914],"uv_size":[0.1458,-0.2343]},"up":{"uv":[14.819,5.5269],"uv_size":[0.2551,0.1874]},"down":{"uv":[14.819,5.5208],"uv_size":[0.2551,-0.1874]}}},{"origin":[1.5608,15.8342,-0.49],"size":[1.35,0.675,0.99],"pivot":[0,11.4622,0],"uv":{"north":{"uv":[15.4104,3.0499],"uv_size":[0.1822,0.1406]},"south":{"uv":[12.7437,6.8594],"uv_size":[0.1822,0.1406]},"east":{"uv":[14.2246,6.8594],"uv_size":[0.1458,0.1406]},"west":{"uv":[14.3727,6.8594],"uv_size":[0.1458,0.1406]},"up":{"uv":[12.1511,6.6697],"uv_size":[0.1822,0.1874]},"down":{"uv":[15.2622,2.8541],"uv_size":[0.1822,-0.1874]}}}],"name":"rot_26"}]}]}
