{"format_version":"1.16.0","minecraft:geometry":[{"description":{"identifier":"geometry.geyser_custom.geo_188a037","texture_width":16,"texture_height":16,"visible_bounds_width":4,"visible_bounds_height":4.5,"visible_bounds_offset":[0,0.75,0]},"bones":[{"name":"geyser_custom","binding":"c.item_slot == 'head' ? 'head' : q.item_slot_to_bone_name(c.item_slot)","pivot":[0,8,0]},{"name":"geyser_custom_x","parent":"geyser_custom","pivot":[0,8,0]},{"name":"geyser_custom_y","parent":"geyser_custom_x","pivot":[0,8,0]},{"name":"geyser_custom_z","parent":"geyser_custom_y","pivot":[0,8,0],"cubes":[]},{"parent":"geyser_custom_z","pivot":[1.8884,-6.0751,1],"rotation":[0,0,-45],"cubes":[{"origin":[0.0884,-6.7501,0.505],"size":[1.125,0.9,0.99],"pivot":[1.8884,-6.0751,1],"uv":{"north":{"uv":[15.4415,5.3364],"uv_size":[-0.1822,0.1874]},"south":{"uv":[15.4415,5.1459],"uv_size":[-0.1822,0.1874]},"east":{"uv":[12.1458,6.8602],"uv_size":[-0.1458,0.1874]},"west":{"uv":[15.5532,2.4792],"uv_size":[-0.1458,0.1874]},"up":{"uv":[14.3733,6.8541],"uv_size":[0.1822,-0.1874]},"down":{"uv":[15.2622,5.5269],"uv_size":[0.1822,0.1874]}}}],"name":"rot_1"},{"parent":"geyser_custom_z","pivot":[0,-0.5043,0.9975],"rotation":[0,0,-45],"cubes":[{"origin":[5.8118,9.4688,0.5],"size":[0.675,1.35,0.99],"pivot":[0,-0.5043,0.9975],"uv":{"north":{"uv":[12.7437,6.9977],"uv_size":[0.1822,-0.1406]},"south":{"uv":[15.4104,3.1882],"uv_size":[0.1822,-0.1406]},"east":{"uv":[12.3304,6.6697],"uv_size":[-0.1822,0.1874]},"west":{"uv":[15.4415,2.8541],"uv_size":[-0.1822,-0.1874]},"up":{"uv":[14.3727,6.9977],"uv_size":[0.1458,-0.1406]},"down":{"uv":[14.2246,6.9977],"uv_size":[0.1458,-0.1406]}}},{"origin":[5.3618,7.6688,0.5],"size":[1.125,1.8,0.99],"pivot":[0,-0.5043,0.9975],"uv":{"north":{"uv":[11.856,6.139],"uv_size":[0.2551,-0.2343]},"south":{"uv":[14.6708,1.7581],"uv_size":[0.2551,-0.2343]},"east":{"uv":[15.0699,5.3364],"uv_size":[-0.2551,0.1874]},"west":{"uv":[15.0699,5.7112],"uv_size":[-0.2551,-0.1874]},"up":{"uv":[15.2616,3.0914],"uv_size":[0.1458,-0.2343]},"down":{"uv":[11.5579,6.901],"uv_size":[0.1458,-0.2343]}}},{"origin":[2.8434,8.696,0.775],"size":[1.35,1.35,0.45],"pivot":[0,-0.5043,0.9975],"uv":{"north":{"uv":[14.9659,6.139],"uv_size":[0.1822,-0.2343]},"south":{"uv":[14.6696,6.52],"uv_size":[0.1822,-0.2343]},"east":{"uv":[15.7378,0.9539],"uv_size":[-0.1822,0.0937]},"west":{"uv":[11.1452,7.1413],"uv_size":[-0.1822,-0.0937]},"up":{"uv":[15.5567,0.8057],"uv_size":[0.0729,-0.2343]},"down":{"uv":[15.5567,0.4248],"uv_size":[0.0729,-0.2343]}}},{"origin":[9.2003,2.3391,0.775],"size":[1.35,1.35,0.45],"pivot":[0,-0.5043,0.9975],"uv":{"north":{"uv":[14.9659,5.9086],"uv_size":[0.1822,0.2343]},"south":{"uv":[14.6696,6.2895],"uv_size":[0.1822,0.2343]},"east":{"uv":[15.5567,0.1943],"uv_size":[0.0729,0.2343]},"west":{"uv":[15.5567,0.5752],"uv_size":[0.0729,0.2343]},"up":{"uv":[11.1452,7.0491],"uv_size":[-0.1822,0.0937]},"down":{"uv":[15.7378,1.0461],"uv_size":[-0.1822,-0.0937]}}},{"origin":[8.173,4.8575,0.5],"size":[1.8,1.125,0.99],"pivot":[0,-0.5043,0.9975],"uv":{"north":{"uv":[11.856,5.9086],"uv_size":[0.2551,0.2343]},"south":{"uv":[14.6708,1.5276],"uv_size":[0.2551,0.2343]},"east":{"uv":[11.5579,6.6705],"uv_size":[0.1458,0.2343]},"west":{"uv":[15.2616,2.861],"uv_size":[0.1458,0.2343]},"up":{"uv":[15.0699,5.5269],"uv_size":[-0.2551,0.1874]},"down":{"uv":[15.0699,5.5208],"uv_size":[-0.2551,-0.1874]}}},{"origin":[9.973,5.3075,0.5],"size":[1.35,0.675,0.99],"pivot":[0,-0.5043,0.9975],"uv":{"north":{"uv":[12.7437,6.8594],"uv_size":[0.1822,0.1406]},"south":{"uv":[15.4104,3.0499],"uv_size":[0.1822,0.1406]},"east":{"uv":[14.2246,6.8594],"uv_size":[0.1458,0.1406]},"west":{"uv":[14.3727,6.8594],"uv_size":[0.1458,0.1406]},"up":{"uv":[15.4415,2.6697],"uv_size":[-0.1822,0.1874]},"down":{"uv":[12.3304,6.8541],"uv_size":[-0.1822,-0.1874]}}}],"name":"rot_2"},{"parent":"geyser_custom_z","pivot":[0,2.4958,0.9975],"rotation":[0,0,-45],"cubes":[{"origin":[0.1069,2.5956,0.4525],"size":[2.7,2.7,1.085],"pivot":[0,2.4958,0.9975],"uv":{"north":{"uv":[13.8824,0.5154],"uv_size":[-0.4009,-0.5154]},"south":{"uv":[13.488,0.5154],"uv_size":[0.4009,-0.5154]},"east":{"uv":[14.7713,1.9078],"uv_size":[-0.4009,0.1874]},"west":{"uv":[14.9194,0.1874],"uv_size":[-0.4009,-0.1874]},"up":{"uv":[14.3727,5.8488],"uv_size":[0.1458,-0.5154]},"down":{"uv":[14.3727,5.2773],"uv_size":[0.1458,-0.5154]}}}],"name":"rot_3"},{"parent":"geyser_custom_z","pivot":[0,3.4958,0.9975],"rotation":[0,0,-45],"cubes":[{"origin":[4.0477,7.5434,0.5525],"size":[1.32,1.32,0.895],"pivot":[0,3.4958,0.9975],"uv":{"north":{"uv":[13.1881,6.52],"uv_size":[0.1822,-0.2343]},"south":{"uv":[14.9659,3.8533],"uv_size":[0.1822,-0.2343]},"east":{"uv":[10.4044,6.6697],"uv_size":[-0.1822,0.1874]},"west":{"uv":[15.4415,0.5684],"uv_size":[-0.1822,-0.1874]},"up":{"uv":[15.2616,0.2343],"uv_size":[0.1458,-0.2343]},"down":{"uv":[10.0764,6.901],"uv_size":[0.1458,-0.2343]}}}],"name":"rot_4"},{"parent":"geyser_custom_z","pivot":[0,5.4958,0.9975],"rotation":[0,0,-45],"cubes":[{"origin":[-9.0236,-3.5279,0.6],"size":[1.25,1.25,0.8],"pivot":[0,5.4958,0.9975],"uv":{"north":{"uv":[15.1452,3.0514],"uv_size":[-0.1822,0.2343]},"south":{"uv":[15.1452,2.6705],"uv_size":[-0.1822,0.2343]},"east":{"uv":[11.8495,6.48],"uv_size":[-0.1458,0.2343]},"west":{"uv":[12.5902,6.2895],"uv_size":[-0.1458,0.2343]},"up":{"uv":[12.8919,6.4792],"uv_size":[0.1822,0.1874]},"down":{"uv":[12.5956,6.6636],"uv_size":[0.1822,-0.1874]}}}],"name":"rot_5"},{"parent":"geyser_custom_z","pivot":[-0.005,-7.725,0.995],"rotation":[0,0,-45],"cubes":[{"origin":[-1.005,-8.725,-0.005],"size":[2,2,2],"pivot":[-0.005,-7.725,0.995],"uv":{"north":{"uv":[14.3292,1.7196],"uv_size":[-0.2551,0.328]},"south":{"uv":[14.0782,1.7196],"uv_size":[0.2551,0.328]},"east":{"uv":[14.3292,4.1958],"uv_size":[-0.2551,0.328]},"west":{"uv":[14.0782,5.2804],"uv_size":[0.2551,-0.328]},"up":{"uv":[14.4773,0.0053],"uv_size":[-0.2551,0.328]},"down":{"uv":[11.3662,5.3387],"uv_size":[-0.2551,0.328]}}}],"name":"rot_6"},{"parent":"geyser_custom_z","pivot":[5.75,2.51,-0.75],"rotation":[0,22.5,0],"cubes":[{"origin":[0.25,-8.99,-0.75],"size":[11,23,0],"pivot":[5.75,2.51,-0.75],"uv":{"north":{"uv":[10.0901,10.6827],"uv_size":[2.3544,1.5078]},"south":{"uv":[12.4284,10.6827],"uv_size":[-2.3544,1.5078]},"east":{"uv":[10.628,10.6667],"uv_size":[-0.554,0]},"west":{"uv":[10.628,10.6667],"uv_size":[-0.554,0]},"up":{"uv":[10.0741,11.004],"uv_size":[0,-0.3374]},"down":{"uv":[10.0741,11.004],"uv_size":[0,-0.3374]}}}],"name":"rot_7"},{"parent":"geyser_custom_z","pivot":[0,16.5043,0.9975],"rotation":[0,0,-22.5],"cubes":[{"origin":[-5.8472,8.2664,0.545],"size":[1.35,2.7,0.9],"pivot":[0,16.5043,0.9975],"uv":{"north":{"uv":[14.2563,4.1345],"uv_size":[-0.1822,-0.5154]},"south":{"uv":[13.0711,5.6583],"uv_size":[-0.1822,-0.5154]},"east":{"uv":[11.5532,6.2297],"uv_size":[-0.1458,-0.5154]},"west":{"uv":[11.405,6.2297],"uv_size":[-0.1458,-0.5154]},"up":{"uv":[15.2622,3.2411],"uv_size":[0.1822,0.1874]},"down":{"uv":[12.7437,6.8541],"uv_size":[0.1822,-0.1874]}}},{"origin":[1.5891,8.0469,0.5],"size":[1.8,0.675,0.99],"pivot":[0,16.5043,0.9975],"uv":{"north":{"uv":[15.1153,2.2358],"uv_size":[0.2551,-0.1406]},"south":{"uv":[15.1153,2.0453],"uv_size":[0.2551,-0.1406]},"east":{"uv":[15.4098,4.712],"uv_size":[0.1458,-0.1406]},"west":{"uv":[13.7801,6.9977],"uv_size":[0.1458,-0.1406]},"up":{"uv":[15.0699,4.765],"uv_size":[-0.2551,0.1874]},"down":{"uv":[15.0699,5.1398],"uv_size":[-0.2551,-0.1874]}}},{"origin":[-2.0109,8.0469,0.5],"size":[3.6,1.35,0.99],"pivot":[0,16.5043,0.9975],"uv":{"north":{"uv":[13.6379,2.7105],"uv_size":[0.5102,-0.2343]},"south":{"uv":[13.6379,2.3295],"uv_size":[0.5102,-0.2343]},"east":{"uv":[12.4468,6.901],"uv_size":[0.1458,-0.2343]},"west":{"uv":[12.595,6.901],"uv_size":[0.1458,-0.2343]},"up":{"uv":[14.4361,0.765],"uv_size":[-0.5102,0.1874]},"down":{"uv":[14.4361,1.1398],"uv_size":[-0.5102,-0.1874]}}},{"origin":[-3.6173,6.2955,0.32],"size":[2.025,1.8,1.35],"pivot":[0,16.5043,0.9975],"uv":{"north":{"uv":[13.9307,3.5661],"uv_size":[0.2916,-0.328]},"south":{"uv":[13.9307,3.1851],"uv_size":[0.2916,-0.328]},"east":{"uv":[12.1511,6.2328],"uv_size":[0.1822,-0.328]},"west":{"uv":[14.6696,3.947],"uv_size":[0.1822,-0.328]},"up":{"uv":[14.8101,2.099],"uv_size":[-0.2916,0.2343]},"down":{"uv":[14.8101,2.7105],"uv_size":[-0.2916,-0.2343]}}}],"name":"rot_8"},{"parent":"geyser_custom_z","pivot":[-1.4296,-8.0319,1],"rotation":[0,0,-22.5],"cubes":[{"origin":[-1.2045,-8.5694,0.325],"size":[1.125,1.55,1.35],"pivot":[-1.4296,-8.0319,1],"uv":{"north":{"uv":[14.5526,5.9101],"uv_size":[-0.1822,0.328]},"south":{"uv":[14.8489,4.0053],"uv_size":[-0.1822,0.328]},"east":{"uv":[14.8489,4.3863],"uv_size":[-0.1822,0.328]},"west":{"uv":[14.8489,5.9101],"uv_size":[-0.1822,0.328]},"up":{"uv":[14.9659,4.2343],"uv_size":[0.1822,-0.2343]},"down":{"uv":[13.4844,6.2895],"uv_size":[0.1822,0.2343]}}}],"name":"rot_9"},{"parent":"geyser_custom_z","pivot":[2.225,8.225,0.25],"rotation":[0,-0,0],"cubes":[{"origin":[-11.5,-1.26,-0.25],"size":[23,23,0],"pivot":[2.225,8.225,0.25],"uv":{"north":{"uv":[12.4284,7.635],"uv_size":[-2.3544,3.0316]},"south":{"uv":[10.0901,7.635],"uv_size":[2.3544,3.0316]},"east":{"uv":[10.0741,7.63],"uv_size":[0,0.6747]},"west":{"uv":[10.0741,7.63],"uv_size":[0,0.6747]},"up":{"uv":[10.628,7.619],"uv_size":[-0.554,0]},"down":{"uv":[10.628,7.619],"uv_size":[-0.554,0]}}}],"name":"rot_10"},{"parent":"geyser_custom_z","pivot":[0,-7.7096,1],"rotation":[0,-0,0],"cubes":[{"origin":[-1.15,-8.8596,0.0825],"size":[2.3,2.3,1.835],"pivot":[0,-7.7096,1],"uv":{"north":{"uv":[14.3286,4.5299],"uv_size":[-0.2916,0.3749]},"south":{"uv":[14.3286,4.5299],"uv_size":[-0.2916,0.3749]},"east":{"uv":[14.8142,5.1036],"uv_size":[-0.0364,0.5154]},"west":{"uv":[14.8142,5.1036],"uv_size":[-0.0364,0.5154]},"up":{"uv":[14.635,1.8564],"uv_size":[0.328,-0.0469]},"down":{"uv":[14.7079,0.477],"uv_size":[0.2551,0.0469]}}}],"name":"rot_11"},{"parent":"geyser_custom_z","pivot":[0,-2.5043,0.9975],"rotation":[0,-0,0],"cubes":[{"origin":[-1.15,5.8011,0.0825],"size":[2.3,2.3,1.835],"pivot":[0,-2.5043,0.9975],"uv":{"north":{"uv":[14.3286,4.5299],"uv_size":[-0.2916,0.3749]},"south":{"uv":[14.3286,4.5299],"uv_size":[-0.2916,0.3749]},"east":{"uv":[14.8142,5.1036],"uv_size":[-0.0364,0.5154]},"west":{"uv":[14.8142,5.1036],"uv_size":[-0.0364,0.5154]},"up":{"uv":[14.7079,0.477],"uv_size":[0.2551,0.0469]},"down":{"uv":[14.635,1.8564],"uv_size":[0.328,-0.0469]}}}],"name":"rot_12"},{"parent":"geyser_custom_z","pivot":[0,-0.5043,0.9975],"rotation":[0,-0,0],"cubes":[{"origin":[0.73,4.7815,1],"size":[9.55,8.97,0],"pivot":[0,-0.5043,0.9975],"uv":{"north":{"uv":[11.1382,0.016],"uv_size":[1.3803,1.6983]},"south":{"uv":[12.5025,0.016],"uv_size":[-1.3803,1.6983]},"east":{"uv":[10.0741,0.016],"uv_size":[0,1.6983]},"west":{"uv":[10.0741,0.016],"uv_size":[0,1.6983]},"up":{"uv":[10.0901,0],"uv_size":[1.3914,0]},"down":{"uv":[10.0901,0],"uv_size":[1.3914,0]}}},{"origin":[-10.28,4.7815,1],"size":[9.55,8.97,0],"pivot":[0,-0.5043,0.9975],"uv":{"north":{"uv":[12.5025,0.016],"uv_size":[-1.3803,1.6983]},"south":{"uv":[11.1382,0.016],"uv_size":[1.3803,1.6983]},"east":{"uv":[10.0741,0.016],"uv_size":[0,1.6983]},"west":{"uv":[10.0741,0.016],"uv_size":[0,1.6983]},"up":{"uv":[11.4655,0],"uv_size":[-1.3914,0]},"down":{"uv":[11.4655,0],"uv_size":[-1.3914,0]}}},{"origin":[1.5,5.5015,0.75],"size":[7,7,0],"pivot":[0,-0.5043,0.9975],"uv":{"north":{"uv":[6.5025,15.2221],"uv_size":[-1.7618,-2.2697]},"south":{"uv":[4.7567,15.2221],"uv_size":[1.7618,-2.2697]},"east":{"uv":[5.1562,12.9524],"uv_size":[-0.4155,0]},"west":{"uv":[5.1562,12.9524],"uv_size":[-0.4155,0]},"up":{"uv":[4.7407,13.4584],"uv_size":[0,-0.5061]},"down":{"uv":[4.7407,13.4584],"uv_size":[0,-0.5061]}}},{"origin":[-8.5,5.5015,0.75],"size":[7,7,0],"pivot":[0,-0.5043,0.9975],"uv":{"north":{"uv":[6.5025,12.9684],"uv_size":[-1.7618,2.2697]},"south":{"uv":[4.7567,12.9684],"uv_size":[1.7618,2.2697]},"east":{"uv":[5.1562,12.9524],"uv_size":[-0.4155,0]},"west":{"uv":[5.1562,12.9524],"uv_size":[-0.4155,0]},"up":{"uv":[4.7407,12.9606],"uv_size":[0,0.5061]},"down":{"uv":[4.7407,12.9606],"uv_size":[0,0.5061]}}}],"name":"rot_13"},{"parent":"geyser_custom_z","pivot":[0,2.4958,0.9975],"rotation":[0,-0,0],"cubes":[{"origin":[-1.25,3.3011,0.4825],"size":[2.5,2.5,1.035],"pivot":[0,2.4958,0.9975],"uv":{"north":{"uv":[13.8459,0.5798],"uv_size":[-0.3644,0.5154]},"south":{"uv":[13.8459,0.5798],"uv_size":[-0.3644,0.5154]},"east":{"uv":[14.8142,5.1036],"uv_size":[-0.0364,0.5154]},"west":{"uv":[14.8142,5.1036],"uv_size":[-0.0364,0.5154]},"up":{"uv":[14.7079,0.477],"uv_size":[0.2551,0.0469]},"down":{"uv":[14.635,1.8564],"uv_size":[0.328,-0.0469]}}}],"name":"rot_14"},{"parent":"geyser_custom_z","pivot":[0,3.4958,0.9975],"rotation":[0,-0,0],"cubes":[{"origin":[-0.68,5.5415,0.4975],"size":[1.37,4.45,0.995],"pivot":[0,3.4958,0.9975],"uv":{"north":{"uv":[13.6637,1.1566],"uv_size":[-0.1822,0.8434]},"south":{"uv":[12.7748,4.2042],"uv_size":[-0.1822,0.8434]},"east":{"uv":[13.6273,3.0613],"uv_size":[-0.1458,0.8434]},"west":{"uv":[13.6273,2.109],"uv_size":[-0.1458,0.8434]},"up":{"uv":[15.1141,2.4792],"uv_size":[0.1822,0.1874]},"down":{"uv":[15.1141,2.4731],"uv_size":[0.1822,-0.1874]}}},{"origin":[-7.5,3.0015,0.75],"size":[9,9,0],"pivot":[0,3.4958,0.9975],"uv":{"north":{"uv":[15.984,7.635],"uv_size":[-1.1692,1.5078]},"south":{"uv":[14.8308,7.635],"uv_size":[1.1692,1.5078]},"east":{"uv":[14.8148,7.6245],"uv_size":[0,0.3374]},"west":{"uv":[14.8148,7.6245],"uv_size":[0,0.3374]},"up":{"uv":[15.0918,7.619],"uv_size":[-0.277,0]},"down":{"uv":[15.0918,7.619],"uv_size":[-0.277,0]}}},{"origin":[-1.5,3.0015,0.75],"size":[9,9,0],"pivot":[0,3.4958,0.9975],"uv":{"north":{"uv":[14.8308,7.635],"uv_size":[1.1692,1.5078]},"south":{"uv":[15.984,7.635],"uv_size":[-1.1692,1.5078]},"east":{"uv":[14.8148,7.6245],"uv_size":[0,0.3374]},"west":{"uv":[14.8148,7.6245],"uv_size":[0,0.3374]},"up":{"uv":[14.8193,7.619],"uv_size":[0.277,0]},"down":{"uv":[14.8193,7.619],"uv_size":[0.277,0]}}}],"name":"rot_15"},{"parent":"geyser_custom_z","pivot":[0,5.4958,0.9975],"rotation":[0,-0,0],"cubes":[{"origin":[-0.86,-6.3585,0.6275],"size":[1.72,13.9,0.745],"pivot":[0,5.4958,0.9975],"uv":{"north":{"uv":[12.2551,3.2541],"uv_size":[-0.2551,2.6507]},"south":{"uv":[12.8477,1.5398],"uv_size":[-0.2551,2.6507]},"east":{"uv":[12.5538,3.2541],"uv_size":[-0.1093,2.6507]},"west":{"uv":[12.4056,3.2541],"uv_size":[-0.1093,2.6507]},"up":{"uv":[15.1153,0.7642],"uv_size":[0.2551,0.1406]},"down":{"uv":[15.1153,0.712],"uv_size":[0.2551,-0.1406]}}}],"name":"rot_16"},{"parent":"geyser_custom_z","pivot":[0,16.5043,0.9975],"rotation":[0,-0,0],"cubes":[{"origin":[-0.7875,5.4585,0.2125],"size":[1.575,1.89,1.575],"pivot":[0,16.5043,0.9975],"uv":{"north":{"uv":[14.2927,5.7082],"uv_size":[-0.2187,-0.3749]},"south":{"uv":[13.4039,5.7082],"uv_size":[-0.2187,-0.3749]},"east":{"uv":[14.589,1.5177],"uv_size":[-0.2187,-0.3749]},"west":{"uv":[13.7001,5.7082],"uv_size":[-0.2187,-0.3749]},"up":{"uv":[14.5221,2.8617],"uv_size":[0.2187,0.2811]},"down":{"uv":[12.5961,5.9954],"uv_size":[0.2187,-0.2811]}}}],"name":"rot_17"},{"parent":"geyser_custom_z","pivot":[-5.75,2.51,-0.75],"rotation":[0,-22.5,0],"cubes":[{"origin":[-11.25,-8.99,-0.75],"size":[11,23,0],"pivot":[-5.75,2.51,-0.75],"uv":{"north":{"uv":[10.0901,12.1745],"uv_size":[2.3544,-1.5078]},"south":{"uv":[12.4284,12.1745],"uv_size":[-2.3544,-1.5078]},"east":{"uv":[10.628,10.6667],"uv_size":[-0.554,0]},"west":{"uv":[10.628,10.6667],"uv_size":[-0.554,0]},"up":{"uv":[10.0741,10.6722],"uv_size":[0,0.3374]},"down":{"uv":[10.0741,10.6722],"uv_size":[0,0.3374]}}}],"name":"rot_18"},{"parent":"geyser_custom_z","pivot":[1.4295,-8.0319,1],"rotation":[0,0,22.5],"cubes":[{"origin":[0.0796,-8.5694,0.325],"size":[1.125,1.55,1.35],"pivot":[1.4295,-8.0319,1],"uv":{"north":{"uv":[14.997,1.9101],"uv_size":[-0.1822,0.328]},"south":{"uv":[14.997,0.5768],"uv_size":[-0.1822,0.328]},"east":{"uv":[11.7378,6.1006],"uv_size":[-0.1822,0.328]},"west":{"uv":[14.997,2.291],"uv_size":[-0.1822,0.328]},"up":{"uv":[14.9659,4.6152],"uv_size":[0.1822,-0.2343]},"down":{"uv":[13.7807,6.2895],"uv_size":[0.1822,0.2343]}}}],"name":"rot_19"},{"parent":"geyser_custom_z","pivot":[0,16.5043,0.9975],"rotation":[0,0,22.5],"cubes":[{"origin":[-3.3891,8.0469,0.5],"size":[1.8,0.675,0.99],"pivot":[0,16.5043,0.9975],"uv":{"north":{"uv":[15.3662,2.2358],"uv_size":[-0.2551,-0.1406]},"south":{"uv":[15.3662,2.0453],"uv_size":[-0.2551,-0.1406]},"east":{"uv":[13.9236,6.9977],"uv_size":[-0.1458,-0.1406]},"west":{"uv":[15.5532,4.712],"uv_size":[-0.1458,-0.1406]},"up":{"uv":[14.819,4.765],"uv_size":[0.2551,0.1874]},"down":{"uv":[14.819,5.1398],"uv_size":[0.2551,-0.1874]}}},{"origin":[-1.5891,8.0469,0.5],"size":[3.6,1.35,0.99],"pivot":[0,16.5043,0.9975],"uv":{"north":{"uv":[14.1399,2.7105],"uv_size":[-0.5102,-0.2343]},"south":{"uv":[14.1399,2.3295],"uv_size":[-0.5102,-0.2343]},"east":{"uv":[12.7384,6.901],"uv_size":[-0.1458,-0.2343]},"west":{"uv":[12.5902,6.901],"uv_size":[-0.1458,-0.2343]},"up":{"uv":[13.9342,0.765],"uv_size":[0.5102,0.1874]},"down":{"uv":[13.9342,1.1398],"uv_size":[0.5102,-0.1874]}}},{"origin":[1.5923,6.2955,0.32],"size":[2.025,1.8,1.35],"pivot":[0,16.5043,0.9975],"uv":{"north":{"uv":[14.2175,3.5661],"uv_size":[-0.2916,-0.328]},"south":{"uv":[14.2175,3.1851],"uv_size":[-0.2916,-0.328]},"east":{"uv":[14.8489,3.947],"uv_size":[-0.1822,-0.328]},"west":{"uv":[12.3304,6.2328],"uv_size":[-0.1822,-0.328]},"up":{"uv":[14.5233,2.099],"uv_size":[0.2916,0.2343]},"down":{"uv":[14.5233,2.7105],"uv_size":[0.2916,-0.2343]}}},{"origin":[4.4972,8.2664,0.545],"size":[1.35,2.7,0.9],"pivot":[0,16.5043,0.9975],"uv":{"north":{"uv":[14.077,4.1345],"uv_size":[0.1822,-0.5154]},"south":{"uv":[12.8919,5.6583],"uv_size":[0.1822,-0.5154]},"east":{"uv":[11.2616,6.2297],"uv_size":[0.1458,-0.5154]},"west":{"uv":[11.4098,6.2297],"uv_size":[0.1458,-0.5154]},"up":{"uv":[15.4415,3.2411],"uv_size":[-0.1822,0.1874]},"down":{"uv":[12.923,6.8541],"uv_size":[-0.1822,-0.1874]}}}],"name":"rot_20"},{"parent":"geyser_custom_z","pivot":[0,16.5043,0.9975],"rotation":[0,0,45],"cubes":[{"origin":[5.7004,8.811,-0.005],"size":[2,2,2],"pivot":[0,16.5043,0.9975],"uv":{"north":{"uv":[14.3292,2.0423],"uv_size":[-0.2551,-0.328]},"south":{"uv":[14.0782,2.0423],"uv_size":[0.2551,-0.328]},"east":{"uv":[14.0782,4.9577],"uv_size":[0.2551,0.328]},"west":{"uv":[14.3292,4.5185],"uv_size":[-0.2551,-0.328]},"up":{"uv":[14.4773,0.328],"uv_size":[-0.2551,-0.328]},"down":{"uv":[11.3662,5.6613],"uv_size":[-0.2551,-0.328]}}}],"name":"rot_21"},{"parent":"geyser_custom_z","pivot":[-1.8884,-6.0751,1],"rotation":[0,0,45],"cubes":[{"origin":[-1.2134,-6.7501,0.505],"size":[1.125,0.9,0.99],"pivot":[-1.8884,-6.0751,1],"uv":{"north":{"uv":[15.4415,4.765],"uv_size":[-0.1822,0.1874]},"south":{"uv":[13.96,6.6697],"uv_size":[-0.1822,0.1874]},"east":{"uv":[15.5532,1.7173],"uv_size":[-0.1458,0.1874]},"west":{"uv":[15.5532,1.9078],"uv_size":[-0.1458,0.1874]},"up":{"uv":[15.2622,5.1398],"uv_size":[0.1822,-0.1874]},"down":{"uv":[14.077,6.6697],"uv_size":[0.1822,0.1874]}}}],"name":"rot_22"}]}]}
