{"credit":"Made with Blockbench","textures":{"0":"draculaset:sword","1":"draculaset:demon_eye","2":"draculaset:paralyzed","3":"draculaset:sleep","4":"draculaset:smoke","5":"draculaset:crystal","particle":"draculaset:sword"},"elements":[{"from":[7.95,1.659,-0.5],"to":[8.05,18.659,16.5],"rotation":{"angle":0,"axis":"y","origin":[8,3.99373,8]},"faces":{"east":{"uv":[0,0,16,16],"texture":"#2","cullface":"down"},"west":{"uv":[16,0,0,16],"texture":"#2","cullface":"down"}}},{"from":[8.87428,-2.27485,-0.5],"to":[8.97428,14.72515,16.5],"rotation":{"angle":22.5,"axis":"z","origin":[8,3.99373,8]},"faces":{"east":{"uv":[0,0,16,16],"texture":"#3","cullface":"down"}}},{"from":[7.02572,-2.27485,-0.5],"to":[7.12572,14.72515,16.5],"rotation":{"angle":-22.5,"axis":"z","origin":[8,3.99373,8]},"faces":{"west":{"uv":[16,0,0,16],"texture":"#3","cullface":"down"}}},{"from":[7.02572,5.72515,-0.5],"to":[7.12572,22.72515,16.5],"rotation":{"angle":-22.5,"axis":"z","origin":[8,11.99373,8]},"faces":{"west":{"uv":[16,0,0,16],"texture":"#3","cullface":"down"}}},{"from":[8.87428,5.72515,-0.5],"to":[8.97428,22.72515,16.5],"rotation":{"angle":22.5,"axis":"z","origin":[8,11.99373,8]},"faces":{"east":{"uv":[0,0,16,16],"texture":"#3","cullface":"down"}}},{"from":[7.9,5.409,9.25],"to":[8.1,13.409,17.25],"rotation":{"angle":-22.5,"axis":"x","origin":[8,9.409,13.25]},"faces":{"east":{"uv":[16,0,0,16],"rotation":270,"texture":"#4","cullface":"down"},"west":{"uv":[0,0,16,16],"rotation":90,"texture":"#4","cullface":"down"}}},{"from":[8,12.409,4],"to":[8,20.409,12],"rotation":{"angle":0,"axis":"x","origin":[8.1,9.409,8]},"faces":{"east":{"uv":[15.5,0,0,16],"texture":"#5","cullface":"down"},"west":{"uv":[0,0,15.5,16],"texture":"#5","cullface":"down"}}},{"from":[7.9,5.409,-1.25],"to":[8.1,13.409,6.75],"rotation":{"angle":22.5,"axis":"x","origin":[8,9.409,2.75]},"faces":{"east":{"uv":[16,16,0,0],"rotation":270,"texture":"#4","cullface":"down"},"west":{"uv":[0,16,16,0],"rotation":90,"texture":"#4","cullface":"down"}}},{"from":[8,6.659,6],"to":[8,10.659,10],"rotation":{"angle":0,"axis":"y","origin":[8,3.99373,8]},"faces":{"east":{"uv":[0,0,16,16],"texture":"#1","cullface":"down"},"west":{"uv":[16,0,0,16],"texture":"#1","cullface":"down"}}},{"from":[7.461,-7.64373,7.15],"to":[8.539,-6.79373,8.85],"rotation":{"angle":0,"axis":"y","origin":[8,-0.50627,8]},"faces":{"east":{"uv":[12,6.22222,12.77778,6.55556],"texture":"#0","cullface":"down"},"west":{"uv":[12,6.22222,12.77778,6.55556],"texture":"#0","cullface":"down"},"up":{"uv":[11.44444,5.33333,10.66667,4.88889],"rotation":90,"texture":"#0","cullface":"down"},"down":{"uv":[11.44444,5.33333,10.66667,5.77778],"rotation":270,"texture":"#0","cullface":"down"}}},{"from":[7.45,-7.19462,13.58834],"to":[8.55,-6.09462,14.68834],"rotation":{"angle":45,"axis":"x","origin":[8,-0.50627,8]},"faces":{"north":{"uv":[12.88889,2.22222,13.33333,2.66667],"texture":"#0","cullface":"down"},"east":{"uv":[10.66667,8.44444,11.11111,8.88889],"texture":"#0","cullface":"down"},"south":{"uv":[12.88889,1.33333,13.33333,1.77778],"texture":"#0","cullface":"down"},"west":{"uv":[11.11111,8.44444,10.66667,8.88889],"texture":"#0","cullface":"down"},"up":{"uv":[13.33333,3.11111,12.88889,2.66667],"rotation":90,"texture":"#0","cullface":"down"},"down":{"uv":[13.33333,3.11111,12.88889,3.55556],"rotation":270,"texture":"#0","cullface":"down"}}},{"from":[7.45,5.16034,5.53339],"to":[8.55,6.46034,6.83339],"rotation":{"angle":45,"axis":"x","origin":[8,3.99373,8]},"faces":{"north":{"uv":[12.88889,1.33333,13.33333,1.77778],"rotation":180,"texture":"#0","cullface":"down"},"east":{"uv":[10.66667,8.44444,11.11111,8.88889],"rotation":180,"texture":"#0","cullface":"down"},"south":{"uv":[12.88889,2.22222,13.33333,2.66667],"rotation":180,"texture":"#0","cullface":"down"},"west":{"uv":[11.11111,8.44444,10.66667,8.88889],"rotation":180,"texture":"#0","cullface":"down"},"up":{"uv":[13.33333,3.11111,12.88889,3.55556],"rotation":270,"texture":"#0","cullface":"down"},"down":{"uv":[13.33333,3.11111,12.88889,2.66667],"rotation":90,"texture":"#0","cullface":"down"}}},{"from":[7.4,3.17437,6.96936],"to":[8.6,5.02437,8.81936],"rotation":{"angle":45,"axis":"x","origin":[8,3.99373,8]},"faces":{"north":{"uv":[7.55556,10.66667,8,11.44444],"texture":"#0"},"east":{"uv":[7.11111,8.88889,7.88889,9.66667],"texture":"#0"},"south":{"uv":[7.11111,10.66667,7.55556,11.44444],"texture":"#0"},"west":{"uv":[7.88889,8.88889,7.11111,9.66667],"texture":"#0"},"up":{"uv":[11.44444,6.22222,10.66667,5.77778],"rotation":90,"texture":"#0"},"down":{"uv":[11.44444,8,10.66667,8.44444],"rotation":270,"texture":"#0"}}},{"from":[7.5,3.21813,7.075],"to":[8.5,5.06813,8.925],"rotation":{"angle":0,"axis":"y","origin":[8,3.99373,8]},"faces":{"east":{"uv":[7.11111,9.77778,7.88889,10.55556],"texture":"#0"},"west":{"uv":[7.88889,9.77778,7.11111,10.55556],"texture":"#0"}}},{"from":[7.4,10.42437,6.96936],"to":[8.6,12.27437,8.81936],"rotation":{"angle":45,"axis":"x","origin":[8,11.24373,8]},"faces":{"north":{"uv":[7.55556,10.66667,8,11.44444],"texture":"#0"},"east":{"uv":[7.11111,8.88889,7.88889,9.66667],"texture":"#0"},"south":{"uv":[7.11111,10.66667,7.55556,11.44444],"texture":"#0"},"west":{"uv":[7.88889,8.88889,7.11111,9.66667],"texture":"#0"},"up":{"uv":[11.44444,6.22222,10.66667,5.77778],"rotation":90,"texture":"#0"},"down":{"uv":[11.44444,8,10.66667,8.44444],"rotation":270,"texture":"#0"}}},{"from":[7.5,10.46813,7.075],"to":[8.5,12.31813,8.925],"rotation":{"angle":0,"axis":"y","origin":[8,11.24373,8]},"faces":{"east":{"uv":[7.11111,9.77778,7.88889,10.55556],"texture":"#0"},"west":{"uv":[7.88889,9.77778,7.11111,10.55556],"texture":"#0"}}},{"from":[7.593,3.48149,7.55365],"to":[8.407,5.13149,8.65365],"rotation":{"angle":45,"axis":"x","origin":[8,3.99373,8]},"faces":{"north":{"uv":[12,8,12.33333,8.77778],"texture":"#0"},"east":{"uv":[11.11111,10.22222,11.55556,11],"texture":"#0"},"south":{"uv":[12,7.11111,12.33333,7.88889],"texture":"#0"},"west":{"uv":[11.55556,10.22222,11.11111,11],"texture":"#0"},"up":{"uv":[13.77778,8.77778,13.33333,8.44444],"rotation":90,"texture":"#0"}}},{"from":[7.6,2.79123,9.1395],"to":[8.4,4.44123,10.2395],"rotation":{"angle":-45,"axis":"x","origin":[8,3.99373,8]},"faces":{"north":{"uv":[12,12,12.33333,12.77778],"texture":"#0"},"east":{"uv":[11.55556,0.88889,12,1.66667],"texture":"#0"},"south":{"uv":[10.22222,12,10.55556,12.77778],"texture":"#0"},"west":{"uv":[12,0.88889,11.55556,1.66667],"texture":"#0"},"up":{"uv":[13.77778,9.66667,13.33333,9.33333],"rotation":90,"texture":"#0"},"down":{"uv":[10.22222,13.33333,9.77778,13.66667],"rotation":270,"texture":"#0"}}},{"from":[7.61,4.26419,8.99777],"to":[8.39,5.91419,9.89777],"rotation":{"angle":-22.5,"axis":"x","origin":[8,3.99373,8]},"faces":{"north":{"uv":[12.44444,3.55556,12.77778,4.33333],"texture":"#0"},"east":{"uv":[11.55556,2.66667,12,3.44444],"texture":"#0"},"south":{"uv":[12.44444,0,12.77778,0.77778],"texture":"#0"},"west":{"uv":[12,2.66667,11.55556,3.44444],"texture":"#0"},"up":{"uv":[13.77778,10.55556,13.33333,10.22222],"rotation":90,"texture":"#0"}}},{"from":[8,-11.091,5.8],"to":[8,-7.491,10.2],"rotation":{"angle":0,"axis":"y","origin":[8,-0.50627,8]},"faces":{"east":{"uv":[8,3.55556,10,5.11111],"texture":"#0","cullface":"down"},"west":{"uv":[8,3.55556,10,5.11111],"texture":"#0","cullface":"down"}}},{"from":[7.593,3.48149,7.34635],"to":[8.407,5.13149,8.44635],"rotation":{"angle":-45,"axis":"x","origin":[8,3.99373,8]},"faces":{"north":{"uv":[12.33333,7.11111,12,7.88889],"texture":"#0"},"east":{"uv":[11.55556,10.22222,11.11111,11],"texture":"#0"},"south":{"uv":[12.33333,8,12,8.77778],"texture":"#0"},"west":{"uv":[11.11111,10.22222,11.55556,11],"texture":"#0"},"up":{"uv":[13.33333,8.77778,13.77778,8.44444],"rotation":90,"texture":"#0"}}},{"from":[7.6,2.79123,5.7605],"to":[8.4,4.44123,6.8605],"rotation":{"angle":45,"axis":"x","origin":[8,3.99373,8]},"faces":{"north":{"uv":[10.55556,12,10.22222,12.77778],"texture":"#0"},"east":{"uv":[12,0.88889,11.55556,1.66667],"texture":"#0"},"south":{"uv":[12.33333,12,12,12.77778],"texture":"#0"},"west":{"uv":[11.55556,0.88889,12,1.66667],"texture":"#0"},"up":{"uv":[13.33333,9.66667,13.77778,9.33333],"rotation":90,"texture":"#0"},"down":{"uv":[9.77778,13.33333,10.22222,13.66667],"rotation":270,"texture":"#0"}}},{"from":[7.61,4.26419,6.10223],"to":[8.39,5.91419,7.00223],"rotation":{"angle":22.5,"axis":"x","origin":[8,3.99373,8]},"faces":{"north":{"uv":[12.77778,0,12.44444,0.77778],"texture":"#0"},"east":{"uv":[12,2.66667,11.55556,3.44444],"texture":"#0"},"south":{"uv":[12.77778,3.55556,12.44444,4.33333],"texture":"#0"},"west":{"uv":[11.55556,2.66667,12,3.44444],"texture":"#0"},"up":{"uv":[13.33333,10.55556,13.77778,10.22222],"rotation":90,"texture":"#0"}}},{"from":[7.461,6.15627,6.845],"to":[8.539,7.25627,9.155],"rotation":{"angle":0,"axis":"y","origin":[8,3.99373,8]},"faces":{"north":{"uv":[12.88889,6.66667,13.33333,7.11111],"texture":"#0","cullface":"down"},"east":{"uv":[9.77778,9.33333,10.77778,9.77778],"texture":"#0","cullface":"down"},"south":{"uv":[6.66667,12.88889,7.11111,13.33333],"texture":"#0","cullface":"down"},"west":{"uv":[10.77778,9.33333,9.77778,9.77778],"texture":"#0","cullface":"down"},"up":{"uv":[11.22222,4.44444,10.22222,4],"rotation":90,"texture":"#0","cullface":"down"},"down":{"uv":[11.22222,4.44444,10.22222,4.88889],"rotation":270,"texture":"#0","cullface":"down"}}},{"from":[7.461,0.24627,7.45],"to":[8.539,0.90627,8.55],"rotation":{"angle":0,"axis":"y","origin":[8,3.24373,8]},"faces":{"north":{"uv":[1.33333,13.77778,1.77778,14.11111],"texture":"#0","cullface":"down"},"east":{"uv":[0,13.77778,0.44444,14.11111],"texture":"#0","cullface":"down"},"south":{"uv":[0.44444,13.77778,0.88889,14.11111],"texture":"#0","cullface":"down"},"west":{"uv":[0.88889,13.77778,1.33333,14.11111],"texture":"#0","cullface":"down"},"down":{"uv":[13.33333,7.55556,12.88889,8],"rotation":270,"texture":"#0","cullface":"down"}}},{"from":[7.461,-6.80373,7.45],"to":[8.539,-6.14373,8.55],"rotation":{"angle":0,"axis":"y","origin":[8,-0.50627,8]},"faces":{"north":{"uv":[1.33333,14.11111,1.77778,13.77778],"texture":"#0","cullface":"down"},"east":{"uv":[0,14.11111,0.44444,13.77778],"texture":"#0","cullface":"down"},"south":{"uv":[0.44444,14.11111,0.88889,13.77778],"texture":"#0","cullface":"down"},"west":{"uv":[0.88889,14.11111,1.33333,13.77778],"texture":"#0","cullface":"down"},"up":{"uv":[13.33333,8,12.88889,7.55556],"rotation":90,"texture":"#0","cullface":"down"}}},{"from":[7.5985,-6.25373,7.5875],"to":[8.4015,-2.89373,8.4125],"rotation":{"angle":0,"axis":"y","origin":[8,-0.50627,8]},"faces":{"north":{"uv":[9.77778,10.22222,10.11111,11.44444],"texture":"#0","cullface":"down"},"east":{"uv":[10.22222,4.88889,10.55556,6.11111],"texture":"#0","cullface":"down"},"south":{"uv":[8.88889,10.22222,9.22222,11.44444],"texture":"#0","cullface":"down"},"west":{"uv":[9.33333,10.22222,9.66667,11.44444],"texture":"#0","cullface":"down"}}},{"from":[7.5985,-3.00373,7.5875],"to":[8.4015,0.35627,8.4125],"rotation":{"angle":0,"axis":"y","origin":[8,3.24373,8]},"faces":{"north":{"uv":[9.77778,10.22222,10.11111,11.44444],"texture":"#0","cullface":"down"},"east":{"uv":[10.22222,4.88889,10.55556,6.11111],"texture":"#0","cullface":"down"},"south":{"uv":[8.88889,10.22222,9.22222,11.44444],"texture":"#0","cullface":"down"},"west":{"uv":[9.33333,10.22222,9.66667,11.44444],"texture":"#0","cullface":"down"}}},{"from":[7.5985,0.74627,7.5875],"to":[8.4015,4.10627,8.4125],"rotation":{"angle":0,"axis":"y","origin":[8,3.99373,8]},"faces":{"north":{"uv":[9.77778,10.22222,10.11111,11.44444],"texture":"#0","cullface":"down"},"east":{"uv":[10.22222,4.88889,10.55556,6.11111],"texture":"#0","cullface":"down"},"south":{"uv":[8.88889,10.22222,9.22222,11.44444],"texture":"#0","cullface":"down"},"west":{"uv":[9.33333,10.22222,9.66667,11.44444],"texture":"#0","cullface":"down"}}},{"from":[7.45,6.9695,3.63046],"to":[8.55,8.6195,4.73046],"rotation":{"angle":22.5,"axis":"x","origin":[8,3.99373,8]},"faces":{"north":{"uv":[11.11111,10.66667,10.66667,11.44444],"texture":"#0","cullface":"down"},"east":{"uv":[10.66667,10.66667,10.22222,11.44444],"texture":"#0","cullface":"down"},"south":{"uv":[11.55556,2.66667,11.11111,3.44444],"texture":"#0","cullface":"down"},"west":{"uv":[10.22222,10.66667,10.66667,11.44444],"texture":"#0","cullface":"down"},"up":{"uv":[12.88889,4,13.33333,3.55556],"rotation":90,"texture":"#0","cullface":"down"}}},{"from":[7.3125,8.04457,8.60762],"to":[8.6875,9.28207,9.84512],"rotation":{"angle":-45,"axis":"x","origin":[8,3.99373,8]},"faces":{"north":{"uv":[10.88889,6.22222,10.22222,6.77778],"texture":"#0","cullface":"down"},"east":{"uv":[12.55556,1.77778,12,2.33333],"texture":"#0","cullface":"down"},"south":{"uv":[10.88889,9.77778,10.22222,10.33333],"texture":"#0","cullface":"down"},"west":{"uv":[12,1.77778,12.55556,2.33333],"texture":"#0","cullface":"down"},"up":{"uv":[10.66667,0.66667,11.22222,0],"rotation":90,"texture":"#0","cullface":"down"},"down":{"uv":[10.66667,0.88889,11.22222,1.55556],"rotation":270,"texture":"#0","cullface":"down"}}},{"from":[7.5875,6.39457,8.74512],"to":[8.4125,8.18207,9.70762],"rotation":{"angle":-45,"axis":"x","origin":[8,3.99373,8]},"faces":{"north":{"uv":[9.22222,12.44444,8.88889,13.22222],"texture":"#0","cullface":"down"},"east":{"uv":[12,8,11.55556,8.77778],"texture":"#0","cullface":"down"},"south":{"uv":[9.66667,12.44444,9.33333,13.22222],"texture":"#0","cullface":"down"},"west":{"uv":[11.55556,8,12,8.77778],"texture":"#0","cullface":"down"},"down":{"uv":[13.33333,13.33333,13.77778,13.66667],"rotation":270,"texture":"#0","cullface":"down"}}},{"from":[7.593,8.95064,4.60943],"to":[8.407,9.80064,5.75943],"rotation":{"angle":0,"axis":"x","origin":[8,9.05403,3.90729]},"faces":{"north":{"uv":[13.77778,3.88889,14.11111,3.55556],"rotation":180,"texture":"#0","cullface":"down"},"east":{"uv":[12.88889,10.11111,13.44444,9.77778],"rotation":180,"texture":"#0","cullface":"down"},"west":{"uv":[13.44444,10.11111,12.88889,9.77778],"rotation":180,"texture":"#0","cullface":"down"},"up":{"uv":[13.44444,12.88889,12.88889,13.22222],"rotation":270,"texture":"#0","cullface":"down"},"down":{"uv":[13.88889,1.66667,13.33333,1.33333],"rotation":90,"texture":"#0","cullface":"down"}}},{"from":[8,6.50403,0.90429],"to":[8,10.10403,6.30429],"rotation":{"angle":-22.5,"axis":"x","origin":[8,9.05403,3.90729]},"faces":{"east":{"uv":[10.44444,0,8,1.55556],"texture":"#0","cullface":"down"},"west":{"uv":[8,1.77778,10.44444,3.33333],"texture":"#0","cullface":"down"}}},{"from":[7.5985,9.22721,3.44555],"to":[8.4015,10.07721,4.59555],"rotation":{"angle":22.5,"axis":"x","origin":[8,9.05403,3.90729]},"faces":{"north":{"uv":[3.11111,14.11111,3.44444,13.77778],"rotation":270,"texture":"#0","cullface":"down"},"east":{"uv":[13.22222,8.88889,12.88889,9.44444],"rotation":90,"texture":"#0","cullface":"down"},"west":{"uv":[12.88889,8.88889,13.22222,9.44444],"rotation":270,"texture":"#0","cullface":"down"},"up":{"uv":[13.22222,10.66667,12.88889,11.22222],"texture":"#0","cullface":"down"},"down":{"uv":[10.55556,12.88889,10.22222,13.44444],"rotation":180,"texture":"#0","cullface":"down"}}},{"from":[7.65,7.838,3.62159],"to":[8.35,9.988,4.22159],"rotation":{"angle":22.5,"axis":"x","origin":[8,9.05403,3.90729]},"faces":{"north":{"uv":[11.55556,9.22222,12.55556,8.88889],"rotation":270,"texture":"#0","cullface":"down"},"east":{"uv":[13.88889,0.44444,12.88889,0.66667],"rotation":90,"texture":"#0","cullface":"down"},"south":{"uv":[9.33333,11.55556,10.33333,11.88889],"rotation":270,"texture":"#0","cullface":"down"},"west":{"uv":[12.88889,0.44444,13.88889,0.66667],"rotation":270,"texture":"#0","cullface":"down"},"down":{"uv":[6.11111,13.77778,5.77778,14],"rotation":180,"texture":"#0","cullface":"down"}}},{"from":[7.6,9.50403,0.90429],"to":[8.4,10.10403,4.30429],"rotation":{"angle":-22.5,"axis":"x","origin":[8,9.05403,3.90729]},"faces":{"north":{"uv":[14.11111,4.88889,13.77778,5.11111],"texture":"#0","cullface":"down"},"east":{"uv":[13.11111,4.44444,11.55556,4.66667],"texture":"#0","cullface":"down"},"west":{"uv":[11.55556,4.44444,13.11111,4.66667],"texture":"#0","cullface":"down"},"up":{"uv":[8.88889,8.33333,10.44444,8],"rotation":90,"texture":"#0","cullface":"down"},"down":{"uv":[8.88889,8.44444,10.44444,8.77778],"rotation":270,"texture":"#0","cullface":"down"}}},{"from":[7.6,10.55703,5.75729],"to":[8.4,13.95703,6.35729],"rotation":{"angle":-45,"axis":"x","origin":[8,10.95403,5.30729]},"faces":{"north":{"uv":[8.88889,8.44444,10.44444,8.77778],"rotation":90,"texture":"#0","cullface":"down"},"east":{"uv":[13.11111,4.44444,11.55556,4.66667],"rotation":270,"texture":"#0","cullface":"down"},"south":{"uv":[8.88889,8.33333,10.44444,8],"rotation":90,"texture":"#0","cullface":"down"},"west":{"uv":[11.55556,4.44444,13.11111,4.66667],"rotation":90,"texture":"#0","cullface":"down"},"up":{"uv":[14.11111,4.88889,13.77778,5.11111],"rotation":180,"texture":"#0","cullface":"down"}}},{"from":[7.65,10.63973,4.09126],"to":[8.35,11.23973,6.24126],"rotation":{"angle":0,"axis":"x","origin":[8,10.95403,5.30729]},"faces":{"north":{"uv":[6.11111,13.77778,5.77778,14],"texture":"#0","cullface":"down"},"east":{"uv":[13.88889,0.44444,12.88889,0.66667],"texture":"#0","cullface":"down"},"west":{"uv":[12.88889,0.44444,13.88889,0.66667],"texture":"#0","cullface":"down"},"up":{"uv":[11.55556,9.22222,12.55556,8.88889],"rotation":90,"texture":"#0","cullface":"down"},"down":{"uv":[9.33333,11.55556,10.33333,11.88889],"rotation":270,"texture":"#0","cullface":"down"}}},{"from":[7.5985,10.26577,5.48048],"to":[8.4015,11.41577,6.33048],"rotation":{"angle":0,"axis":"x","origin":[8,10.95403,5.30729]},"faces":{"north":{"uv":[10.55556,12.88889,10.22222,13.44444],"texture":"#0","cullface":"down"},"east":{"uv":[13.22222,8.88889,12.88889,9.44444],"texture":"#0","cullface":"down"},"south":{"uv":[13.22222,10.66667,12.88889,11.22222],"texture":"#0","cullface":"down"},"west":{"uv":[12.88889,8.88889,13.22222,9.44444],"texture":"#0","cullface":"down"},"up":{"uv":[3.11111,14.11111,3.44444,13.77778],"rotation":90,"texture":"#0","cullface":"down"}}},{"from":[7.975,8.55703,2.75729],"to":[8.025,13.95703,6.35729],"rotation":{"angle":-45,"axis":"x","origin":[7.975,10.95403,5.30729]},"faces":{"east":{"uv":[10.44444,0,8,1.55556],"rotation":270,"texture":"#0","cullface":"down"},"west":{"uv":[8,1.77778,10.44444,3.33333],"rotation":90,"texture":"#0","cullface":"down"}}},{"from":[7.593,9.10189,5.20391],"to":[8.407,10.25189,6.05391],"rotation":{"angle":-22.5,"axis":"x","origin":[8,10.95403,5.30729]},"faces":{"north":{"uv":[13.88889,1.66667,13.33333,1.33333],"rotation":270,"texture":"#0","cullface":"down"},"east":{"uv":[12.88889,10.11111,13.44444,9.77778],"rotation":90,"texture":"#0","cullface":"down"},"south":{"uv":[13.44444,12.88889,12.88889,13.22222],"rotation":270,"texture":"#0","cullface":"down"},"west":{"uv":[13.44444,10.11111,12.88889,9.77778],"rotation":270,"texture":"#0","cullface":"down"},"up":{"uv":[13.77778,3.88889,14.11111,3.55556],"texture":"#0","cullface":"down"}}},{"from":[7.6,10.55703,9.64271],"to":[8.4,13.95703,10.24271],"rotation":{"angle":45,"axis":"x","origin":[8,10.95403,10.69271]},"faces":{"north":{"uv":[8.88889,8,10.44444,8.33333],"rotation":90,"texture":"#0","cullface":"down"},"east":{"uv":[13.11111,4.66667,11.55556,4.44444],"rotation":270,"texture":"#0","cullface":"down"},"south":{"uv":[8.88889,8.77778,10.44444,8.44444],"rotation":90,"texture":"#0","cullface":"down"},"west":{"uv":[11.55556,4.66667,13.11111,4.44444],"rotation":90,"texture":"#0","cullface":"down"},"up":{"uv":[14.11111,5.11111,13.77778,4.88889],"rotation":180,"texture":"#0","cullface":"down"}}},{"from":[7.975,8.55703,9.64271],"to":[8.025,13.95703,13.24271],"rotation":{"angle":45,"axis":"x","origin":[7.975,10.95403,10.69271]},"faces":{"east":{"uv":[10.44444,1.55556,8,0],"rotation":270,"texture":"#0","cullface":"down"},"west":{"uv":[8,3.33333,10.44444,1.77778],"rotation":90,"texture":"#0","cullface":"down"}}},{"from":[7.5985,10.26577,9.66952],"to":[8.4015,11.41577,10.51952],"rotation":{"angle":0,"axis":"x","origin":[8,10.95403,10.69271]},"faces":{"north":{"uv":[12.88889,10.66667,13.22222,11.22222],"texture":"#0","cullface":"down"},"east":{"uv":[12.88889,8.88889,13.22222,9.44444],"texture":"#0","cullface":"down"},"south":{"uv":[10.22222,12.88889,10.55556,13.44444],"texture":"#0","cullface":"down"},"west":{"uv":[13.22222,8.88889,12.88889,9.44444],"texture":"#0","cullface":"down"},"up":{"uv":[3.44444,14.11111,3.11111,13.77778],"rotation":90,"texture":"#0","cullface":"down"}}},{"from":[7.65,10.63973,9.75874],"to":[8.35,11.23973,11.90874],"rotation":{"angle":0,"axis":"x","origin":[8,10.95403,10.69271]},"faces":{"east":{"uv":[12.88889,0.44444,13.88889,0.66667],"texture":"#0","cullface":"down"},"south":{"uv":[5.77778,13.77778,6.11111,14],"texture":"#0","cullface":"down"},"west":{"uv":[13.88889,0.44444,12.88889,0.66667],"texture":"#0","cullface":"down"},"up":{"uv":[12.55556,9.22222,11.55556,8.88889],"rotation":90,"texture":"#0","cullface":"down"},"down":{"uv":[10.33333,11.55556,9.33333,11.88889],"rotation":270,"texture":"#0","cullface":"down"}}},{"from":[7.593,9.10189,9.94609],"to":[8.407,10.25189,10.79609],"rotation":{"angle":22.5,"axis":"x","origin":[8,10.95403,10.69271]},"faces":{"north":{"uv":[13.44444,13.22222,12.88889,12.88889],"rotation":270,"texture":"#0","cullface":"down"},"east":{"uv":[12.88889,9.77778,13.44444,10.11111],"rotation":90,"texture":"#0","cullface":"down"},"south":{"uv":[13.88889,1.33333,13.33333,1.66667],"rotation":270,"texture":"#0","cullface":"down"},"west":{"uv":[13.44444,9.77778,12.88889,10.11111],"rotation":270,"texture":"#0","cullface":"down"},"up":{"uv":[13.77778,3.55556,14.11111,3.88889],"texture":"#0","cullface":"down"}}},{"from":[7.593,8.95064,10.24057],"to":[8.407,9.80064,11.39057],"rotation":{"angle":0,"axis":"x","origin":[8,9.05403,12.09271]},"faces":{"east":{"uv":[13.44444,10.11111,12.88889,9.77778],"rotation":180,"texture":"#0","cullface":"down"},"south":{"uv":[14.11111,3.88889,13.77778,3.55556],"rotation":180,"texture":"#0","cullface":"down"},"west":{"uv":[12.88889,10.11111,13.44444,9.77778],"rotation":180,"texture":"#0","cullface":"down"},"up":{"uv":[12.88889,12.88889,13.44444,13.22222],"rotation":270,"texture":"#0","cullface":"down"},"down":{"uv":[13.33333,1.66667,13.88889,1.33333],"rotation":90,"texture":"#0","cullface":"down"}}},{"from":[7.5985,9.22721,11.40445],"to":[8.4015,10.07721,12.55445],"rotation":{"angle":-22.5,"axis":"x","origin":[8,9.05403,12.09271]},"faces":{"east":{"uv":[13.22222,9.44444,12.88889,8.88889],"rotation":90,"texture":"#0","cullface":"down"},"south":{"uv":[3.11111,13.77778,3.44444,14.11111],"rotation":270,"texture":"#0","cullface":"down"},"west":{"uv":[12.88889,9.44444,13.22222,8.88889],"rotation":270,"texture":"#0","cullface":"down"},"up":{"uv":[13.22222,11.22222,12.88889,10.66667],"texture":"#0","cullface":"down"},"down":{"uv":[10.55556,13.44444,10.22222,12.88889],"rotation":180,"texture":"#0","cullface":"down"}}},{"from":[7.65,7.838,11.77841],"to":[8.35,9.988,12.37841],"rotation":{"angle":-22.5,"axis":"x","origin":[8,9.05403,12.09271]},"faces":{"north":{"uv":[9.33333,11.88889,10.33333,11.55556],"rotation":270,"texture":"#0","cullface":"down"},"east":{"uv":[13.88889,0.66667,12.88889,0.44444],"rotation":90,"texture":"#0","cullface":"down"},"south":{"uv":[11.55556,8.88889,12.55556,9.22222],"rotation":270,"texture":"#0","cullface":"down"},"west":{"uv":[12.88889,0.66667,13.88889,0.44444],"rotation":270,"texture":"#0","cullface":"down"},"down":{"uv":[6.11111,14,5.77778,13.77778],"rotation":180,"texture":"#0","cullface":"down"}}},{"from":[7.6,9.50403,11.69571],"to":[8.4,10.10403,15.09571],"rotation":{"angle":22.5,"axis":"x","origin":[8,9.05403,12.09271]},"faces":{"east":{"uv":[11.55556,4.44444,13.11111,4.66667],"texture":"#0","cullface":"down"},"south":{"uv":[13.77778,4.88889,14.11111,5.11111],"texture":"#0","cullface":"down"},"west":{"uv":[13.11111,4.44444,11.55556,4.66667],"texture":"#0","cullface":"down"},"up":{"uv":[10.44444,8.33333,8.88889,8],"rotation":90,"texture":"#0","cullface":"down"},"down":{"uv":[10.44444,8.44444,8.88889,8.77778],"rotation":270,"texture":"#0","cullface":"down"}}},{"from":[8,6.50403,9.69571],"to":[8,10.10403,15.09571],"rotation":{"angle":22.5,"axis":"x","origin":[8,9.05403,12.09271]},"faces":{"east":{"uv":[8,0,10.44444,1.55556],"texture":"#0","cullface":"down"},"west":{"uv":[10.44444,1.77778,8,3.33333],"texture":"#0","cullface":"down"}}},{"from":[7.4555,-7.20322,11.84486],"to":[8.5445,-5.55322,12.69486],"rotation":{"angle":45,"axis":"x","origin":[8,-0.50627,8]},"faces":{"north":{"uv":[11.11111,1.77778,10.66667,2.55556],"texture":"#0","cullface":"down"},"east":{"uv":[11,11.55556,10.66667,12.33333],"texture":"#0","cullface":"down"},"south":{"uv":[11.11111,2.66667,10.66667,3.44444],"texture":"#0","cullface":"down"},"west":{"uv":[10.66667,11.55556,11,12.33333],"texture":"#0","cullface":"down"},"up":{"uv":[13.33333,5.77778,13.66667,5.33333],"rotation":90,"texture":"#0","cullface":"down"},"down":{"uv":[5.77778,13.33333,6.11111,13.77778],"rotation":270,"texture":"#0","cullface":"down"}}},{"from":[7.4555,-7.20322,3.30514],"to":[8.5445,-5.55322,4.15514],"rotation":{"angle":-45,"axis":"x","origin":[8,-0.50627,8]},"faces":{"north":{"uv":[10.66667,2.66667,11.11111,3.44444],"texture":"#0","cullface":"down"},"east":{"uv":[10.66667,11.55556,11,12.33333],"texture":"#0","cullface":"down"},"south":{"uv":[10.66667,1.77778,11.11111,2.55556],"texture":"#0","cullface":"down"},"west":{"uv":[11,11.55556,10.66667,12.33333],"texture":"#0","cullface":"down"},"up":{"uv":[13.66667,5.77778,13.33333,5.33333],"rotation":90,"texture":"#0","cullface":"down"},"down":{"uv":[6.11111,13.33333,5.77778,13.77778],"rotation":270,"texture":"#0","cullface":"down"}}},{"from":[7.5875,6.39457,6.29238],"to":[8.4125,8.18207,7.25488],"rotation":{"angle":45,"axis":"x","origin":[8,3.99373,8]},"faces":{"north":{"uv":[9.33333,12.44444,9.66667,13.22222],"texture":"#0","cullface":"down"},"east":{"uv":[11.55556,8,12,8.77778],"texture":"#0","cullface":"down"},"south":{"uv":[8.88889,12.44444,9.22222,13.22222],"texture":"#0","cullface":"down"},"west":{"uv":[12,8,11.55556,8.77778],"texture":"#0","cullface":"down"},"down":{"uv":[13.77778,13.33333,13.33333,13.66667],"rotation":270,"texture":"#0","cullface":"down"}}},{"from":[7.3125,8.04457,6.15488],"to":[8.6875,9.28207,7.39238],"rotation":{"angle":45,"axis":"x","origin":[8,3.99373,8]},"faces":{"north":{"uv":[10.22222,9.77778,10.88889,10.33333],"texture":"#0","cullface":"down"},"east":{"uv":[12,1.77778,12.55556,2.33333],"texture":"#0","cullface":"down"},"south":{"uv":[10.22222,6.22222,10.88889,6.77778],"texture":"#0","cullface":"down"},"west":{"uv":[12.55556,1.77778,12,2.33333],"texture":"#0","cullface":"down"},"up":{"uv":[11.22222,0.66667,10.66667,0],"rotation":90,"texture":"#0","cullface":"down"},"down":{"uv":[11.22222,0.88889,10.66667,1.55556],"rotation":270,"texture":"#0","cullface":"down"}}},{"from":[7.45,6.9695,11.26954],"to":[8.55,8.6195,12.36954],"rotation":{"angle":-22.5,"axis":"x","origin":[8,3.99373,8]},"faces":{"north":{"uv":[11.11111,2.66667,11.55556,3.44444],"texture":"#0","cullface":"down"},"east":{"uv":[10.22222,10.66667,10.66667,11.44444],"texture":"#0","cullface":"down"},"south":{"uv":[10.66667,10.66667,11.11111,11.44444],"texture":"#0","cullface":"down"},"west":{"uv":[10.66667,10.66667,10.22222,11.44444],"texture":"#0","cullface":"down"},"up":{"uv":[13.33333,4,12.88889,3.55556],"rotation":90,"texture":"#0","cullface":"down"}}}],"gui_light":"front","display":{"thirdperson_righthand":{"translation":[0,8.25,1.25],"scale":[1.07,1.07,1.07]},"thirdperson_lefthand":{"translation":[0,8.25,1.25],"scale":[1.07,1.07,1.07]},"firstperson_righthand":{"rotation":[-11.72,-5.45,2.22],"translation":[10.75,9,-9.5]},"firstperson_lefthand":{"rotation":[-11.72,-5.45,2.22],"translation":[10.75,9,-9.5]},"ground":{"rotation":[0,0,72],"translation":[-3.5,1.75,0],"scale":[0.69,0.69,0.69]},"gui":{"rotation":[-90,45,90],"translation":[-2,2,0],"scale":[0.71,0.71,0.71]},"head":{"rotation":[0,90,0],"scale":[0.01,0.01,0.01]},"fixed":{"rotation":[0,-90,0],"translation":[0,4.5,-0.5]}}}