{"credit":"Made with Blockbench","texture_size":[36,36],"textures":{"0":"draculaset:sword","1":"draculaset:demon_eye","2":"draculaset:paralyzed","3":"draculaset:sleep","4":"draculaset:smoke","particle":"draculaset:sword"},"elements":[{"from":[7.95,-8.091,-0.5],"to":[8.05,8.909,16.5],"rotation":{"angle":0,"axis":"y","origin":[8,4.68945,8]},"faces":{"east":{"uv":[0,0,16,16],"texture":"#2","cullface":"down"},"west":{"uv":[16,0,0,16],"texture":"#2","cullface":"down"}}},{"from":[7.55566,-4.76256,-0.5],"to":[7.65566,12.23744,16.5],"rotation":{"angle":22.5,"axis":"z","origin":[8,4.68945,8]},"faces":{"east":{"uv":[0,0,16,16],"texture":"#3","cullface":"down"}}},{"from":[8.34434,-4.76256,-0.5],"to":[8.44434,12.23744,16.5],"rotation":{"angle":-22.5,"axis":"z","origin":[8,4.68945,8]},"faces":{"west":{"uv":[16,0,0,16],"texture":"#3","cullface":"down"}}},{"from":[7.9,-0.74629,-3.0926],"to":[8.1,7.25371,4.9074],"rotation":{"angle":-45,"axis":"x","origin":[8,4.68945,8]},"faces":{"east":{"uv":[0,0,16,16],"rotation":90,"texture":"#4","cullface":"down"},"west":{"uv":[16,0,0,16],"rotation":270,"texture":"#4","cullface":"down"}}},{"from":[7.9,-0.74629,11.0926],"to":[8.1,7.25371,19.0926],"rotation":{"angle":45,"axis":"x","origin":[8,4.68945,8]},"faces":{"east":{"uv":[0,16,16,0],"rotation":90,"texture":"#4","cullface":"down"},"west":{"uv":[16,16,0,0],"rotation":270,"texture":"#4","cullface":"down"}}},{"from":[8,-4.091,6],"to":[8,-0.091,10],"rotation":{"angle":0,"axis":"y","origin":[8,4.68945,8]},"faces":{"east":{"uv":[0,0,16,16],"texture":"#1","cullface":"down"},"west":{"uv":[16,0,0,16],"texture":"#1","cullface":"down"}}},{"from":[7.461,-9.39373,7.15],"to":[8.539,-8.54373,8.85],"rotation":{"angle":0,"axis":"z","origin":[8,4.68945,8]},"faces":{"east":{"uv":[12,6.22222,12.77778,6.55556],"texture":"#0","cullface":"down"},"west":{"uv":[12,6.22222,12.77778,6.55556],"texture":"#0","cullface":"down"},"up":{"uv":[11.44444,5.33333,10.66667,4.88889],"rotation":90,"texture":"#0","cullface":"down"},"down":{"uv":[11.44444,5.33333,10.66667,5.77778],"rotation":270,"texture":"#0","cullface":"down"}}},{"from":[7.45,-6.91027,18.49971],"to":[8.55,-5.81027,19.59971],"rotation":{"angle":45,"axis":"x","origin":[8,4.68945,8]},"faces":{"north":{"uv":[12.88889,2.22222,13.33333,2.66667],"texture":"#0","cullface":"down"},"east":{"uv":[10.66667,8.44444,11.11111,8.88889],"texture":"#0","cullface":"down"},"south":{"uv":[12.88889,1.33333,13.33333,1.77778],"texture":"#0","cullface":"down"},"west":{"uv":[11.11111,8.44444,10.66667,8.88889],"texture":"#0","cullface":"down"},"up":{"uv":[13.33333,3.11111,12.88889,2.66667],"rotation":90,"texture":"#0","cullface":"down"},"down":{"uv":[13.33333,3.11111,12.88889,3.55556],"rotation":270,"texture":"#0","cullface":"down"}}},{"from":[7.45,-2.23729,13.62674],"to":[8.55,-0.93729,14.92674],"rotation":{"angle":45,"axis":"x","origin":[8,4.68945,8]},"faces":{"north":{"uv":[12.88889,1.33333,13.33333,1.77778],"rotation":180,"texture":"#0","cullface":"down"},"east":{"uv":[10.66667,8.44444,11.11111,8.88889],"rotation":180,"texture":"#0","cullface":"down"},"south":{"uv":[12.88889,2.22222,13.33333,2.66667],"rotation":180,"texture":"#0","cullface":"down"},"west":{"uv":[11.11111,8.44444,10.66667,8.88889],"rotation":180,"texture":"#0","cullface":"down"},"up":{"uv":[13.33333,3.11111,12.88889,3.55556],"rotation":270,"texture":"#0","cullface":"down"},"down":{"uv":[13.33333,3.11111,12.88889,2.66667],"rotation":90,"texture":"#0","cullface":"down"}}},{"from":[7.65,1.43359,9.40585],"to":[8.35,3.28359,11.25585],"rotation":{"angle":45,"axis":"x","origin":[8,4.68945,8]},"faces":{"north":{"uv":[7.55556,10.66667,8,11.44444],"texture":"#0"},"east":{"uv":[7.11111,8.88889,7.88889,9.66667],"texture":"#0"},"south":{"uv":[7.11111,10.66667,7.55556,11.44444],"texture":"#0"},"west":{"uv":[7.88889,8.88889,7.11111,9.66667],"texture":"#0"},"up":{"uv":[11.44444,6.22222,10.66667,5.77778],"rotation":90,"texture":"#0"},"down":{"uv":[11.44444,8,10.66667,8.44444],"rotation":270,"texture":"#0"}}},{"from":[7.65,4.15847,7.18097],"to":[8.35,5.50847,8.53097],"rotation":{"angle":45,"axis":"x","origin":[8,4.68945,8]},"faces":{"north":{"uv":[9.77778,12.44444,10.22222,13],"texture":"#0"},"east":{"uv":[11.55556,9.33333,12.11111,9.88889],"texture":"#0"},"south":{"uv":[12.44444,9.33333,12.88889,9.88889],"texture":"#0"},"west":{"uv":[12.11111,9.33333,11.55556,9.88889],"texture":"#0"},"up":{"uv":[13,10.66667,12.44444,10.22222],"rotation":90,"texture":"#0"},"down":{"uv":[11.22222,12.44444,10.66667,12.88889],"rotation":270,"texture":"#0"}}},{"from":[7.65,6.45656,4.88288],"to":[8.35,7.80656,6.23288],"rotation":{"angle":45,"axis":"x","origin":[8,4.68945,8]},"faces":{"north":{"uv":[11.55556,12.44444,12,13],"texture":"#0"},"east":{"uv":[11.55556,11.11111,12.11111,11.66667],"texture":"#0"},"south":{"uv":[12.44444,10.66667,12.88889,11.22222],"texture":"#0"},"west":{"uv":[12.11111,11.11111,11.55556,11.66667],"texture":"#0"},"up":{"uv":[13,12,12.44444,11.55556],"rotation":90,"texture":"#0"},"down":{"uv":[13,12,12.44444,12.44444],"rotation":270,"texture":"#0"}}},{"from":[7.8,15.01256,-3.92311],"to":[8.2,16.61256,-2.32311],"rotation":{"angle":45,"axis":"x","origin":[8,4.68945,8]},"faces":{"north":{"uv":[6.66667,13.33333,6.88889,14],"texture":"#0","cullface":"up"},"east":{"uv":[8.88889,8.88889,9.55556,9.55556],"texture":"#0","cullface":"up"},"south":{"uv":[13.33333,6.22222,13.55556,6.88889],"texture":"#0","cullface":"up"},"west":{"uv":[9.55556,8.88889,8.88889,9.55556],"texture":"#0","cullface":"up"},"up":{"uv":[7.77778,13.55556,7.11111,13.33333],"rotation":90,"texture":"#0","cullface":"up"},"down":{"uv":[14,7.11111,13.33333,7.33333],"rotation":270,"texture":"#0","cullface":"up"}}},{"from":[7.461,-0.64373,6.9],"to":[8.539,0.35627,9.1],"rotation":{"angle":0,"axis":"z","origin":[8,4.68945,8]},"faces":{"east":{"uv":[9.77778,7.11111,10.77778,7.55556],"texture":"#0"},"west":{"uv":[9.77778,7.11111,10.77778,7.55556],"texture":"#0"},"up":{"uv":[9.88889,10.22222,8.88889,9.77778],"rotation":90,"texture":"#0"},"down":{"uv":[10.77778,8.88889,9.77778,9.33333],"rotation":270,"texture":"#0","cullface":"down"}}},{"from":[7.811,0.25627,6.9],"to":[8.189,20.35627,9.1],"rotation":{"angle":0,"axis":"z","origin":[8,4.68945,8]},"faces":{"north":{"uv":[8.44444,7.11111,8.66667,16],"texture":"#0"},"east":{"uv":[5.33333,0,6.33333,8.88889],"texture":"#0"},"south":{"uv":[8,7.11111,8.22222,16],"texture":"#0"},"west":{"uv":[6.66667,0,7.66667,8.88889],"texture":"#0"},"up":{"uv":[13.44444,12.66667,12.44444,12.44444],"rotation":90,"texture":"#0","cullface":"up"}}},{"from":[7.661,0.75627,9.1],"to":[8.339,9.35627,10.05],"rotation":{"angle":0,"axis":"z","origin":[8,4.68945,8]},"faces":{"north":{"uv":[6.66667,8.88889,7,12.66667],"texture":"#0"},"east":{"uv":[5.33333,8.88889,5.77778,12.66667],"texture":"#0"},"south":{"uv":[6.22222,8.88889,6.55556,12.66667],"texture":"#0"},"west":{"uv":[5.77778,8.88889,5.33333,12.66667],"texture":"#0"}}},{"from":[7.593,1.74072,11.40436],"to":[8.407,3.39072,12.50436],"rotation":{"angle":45,"axis":"x","origin":[8,4.68945,8]},"faces":{"north":{"uv":[12,8,12.33333,8.77778],"texture":"#0"},"east":{"uv":[11.11111,10.22222,11.55556,11],"texture":"#0"},"south":{"uv":[12,7.11111,12.33333,7.88889],"texture":"#0"},"west":{"uv":[11.55556,10.22222,11.11111,11],"texture":"#0"},"up":{"uv":[13.77778,8.77778,13.33333,8.44444],"rotation":90,"texture":"#0"}}},{"from":[7.6,-0.36376,6.703],"to":[8.4,1.28624,7.803],"rotation":{"angle":-45,"axis":"x","origin":[8,4.68945,8]},"faces":{"north":{"uv":[12,12,12.33333,12.77778],"texture":"#0"},"east":{"uv":[11.55556,0.88889,12,1.66667],"texture":"#0"},"south":{"uv":[10.22222,12,10.55556,12.77778],"texture":"#0"},"west":{"uv":[12,0.88889,11.55556,1.66667],"texture":"#0"},"up":{"uv":[13.77778,9.66667,13.33333,9.33333],"rotation":90,"texture":"#0"},"down":{"uv":[10.22222,13.33333,9.77778,13.66667],"rotation":270,"texture":"#0"}}},{"from":[7.61,0.46992,8.22035],"to":[8.39,2.11992,9.12035],"rotation":{"angle":-22.5,"axis":"x","origin":[8,4.68945,8]},"faces":{"north":{"uv":[12.44444,3.55556,12.77778,4.33333],"texture":"#0"},"east":{"uv":[11.55556,2.66667,12,3.44444],"texture":"#0"},"south":{"uv":[12.44444,0,12.77778,0.77778],"texture":"#0"},"west":{"uv":[12,2.66667,11.55556,3.44444],"texture":"#0"},"up":{"uv":[13.77778,10.55556,13.33333,10.22222],"rotation":90,"texture":"#0"}}},{"from":[8,-3.741,10.01732],"to":[8,-0.141,15.41732],"rotation":{"angle":0,"axis":"z","origin":[8,4.68945,8]},"faces":{"east":{"uv":[8,0,10.44444,1.55556],"texture":"#0","cullface":"down"},"west":{"uv":[10.44444,1.77778,8,3.33333],"texture":"#0","cullface":"down"}}},{"from":[8,1.759,4.95],"to":[8,31.9,11.05],"rotation":{"angle":0,"axis":"z","origin":[8,4.68945,8]},"faces":{"east":{"uv":[0,0,2.66667,13.44444],"texture":"#0"},"west":{"uv":[2.66667,0,0,13.44444],"texture":"#0"}}},{"from":[8,-12.841,5.8],"to":[8,-9.241,10.2],"rotation":{"angle":0,"axis":"z","origin":[8,4.68945,8]},"faces":{"east":{"uv":[8,3.55556,10,5.11111],"texture":"#0","cullface":"down"},"west":{"uv":[8,3.55556,10,5.11111],"texture":"#0","cullface":"down"}}},{"from":[7.6,5.92949,11.72346],"to":[8.4,7.57949,12.82346],"rotation":{"angle":-45,"axis":"x","origin":[8,4.68945,8]},"faces":{"north":{"uv":[12.44444,7.11111,12.77778,7.88889],"texture":"#0"},"east":{"uv":[11.55556,6.22222,12,7],"texture":"#0"},"south":{"uv":[7.11111,12.44444,7.44444,13.22222],"texture":"#0"},"west":{"uv":[12,6.22222,11.55556,7],"texture":"#0"},"up":{"uv":[13.77778,11.88889,13.33333,11.55556],"rotation":90,"texture":"#0"},"down":{"uv":[12.44444,13.33333,12,13.66667],"rotation":270,"texture":"#0"}}},{"from":[7.61,8.20537,10.25032],"to":[8.39,9.85537,11.35032],"rotation":{"angle":-22.5,"axis":"x","origin":[8,4.68945,8]},"faces":{"north":{"uv":[12.44444,8,12.77778,8.77778],"texture":"#0"},"east":{"uv":[11.55556,7.11111,12,7.88889],"texture":"#0"},"south":{"uv":[7.55556,12.44444,7.88889,13.22222],"texture":"#0"},"west":{"uv":[12,7.11111,11.55556,7.88889],"texture":"#0"},"up":{"uv":[13.77778,12.33333,13.33333,12],"rotation":90,"texture":"#0"},"down":{"uv":[12.88889,13.33333,12.44444,13.66667],"rotation":270,"texture":"#0"}}},{"from":[7.593,1.74072,3.49564],"to":[8.407,3.39072,4.59564],"rotation":{"angle":-45,"axis":"x","origin":[8,4.68945,8]},"faces":{"north":{"uv":[12.33333,7.11111,12,7.88889],"texture":"#0"},"east":{"uv":[11.55556,10.22222,11.11111,11],"texture":"#0"},"south":{"uv":[12.33333,8,12,8.77778],"texture":"#0"},"west":{"uv":[11.11111,10.22222,11.55556,11],"texture":"#0"},"up":{"uv":[13.33333,8.77778,13.77778,8.44444],"rotation":90,"texture":"#0"}}},{"from":[7.6,-0.36376,8.197],"to":[8.4,1.28624,9.297],"rotation":{"angle":45,"axis":"x","origin":[8,4.68945,8]},"faces":{"north":{"uv":[10.55556,12,10.22222,12.77778],"texture":"#0"},"east":{"uv":[12,0.88889,11.55556,1.66667],"texture":"#0"},"south":{"uv":[12.33333,12,12,12.77778],"texture":"#0"},"west":{"uv":[11.55556,0.88889,12,1.66667],"texture":"#0"},"up":{"uv":[13.33333,9.66667,13.77778,9.33333],"rotation":90,"texture":"#0"},"down":{"uv":[9.77778,13.33333,10.22222,13.66667],"rotation":270,"texture":"#0"}}},{"from":[7.61,0.46992,6.87965],"to":[8.39,2.11992,7.77965],"rotation":{"angle":22.5,"axis":"x","origin":[8,4.68945,8]},"faces":{"north":{"uv":[12.77778,0,12.44444,0.77778],"texture":"#0"},"east":{"uv":[12,2.66667,11.55556,3.44444],"texture":"#0"},"south":{"uv":[12.77778,3.55556,12.44444,4.33333],"texture":"#0"},"west":{"uv":[11.55556,2.66667,12,3.44444],"texture":"#0"},"up":{"uv":[13.33333,10.55556,13.77778,10.22222],"rotation":90,"texture":"#0"}}},{"from":[7.661,0.75627,5.95],"to":[8.339,9.35627,6.9],"rotation":{"angle":0,"axis":"z","origin":[8,4.68945,8]},"faces":{"north":{"uv":[6.55556,8.88889,6.22222,12.66667],"texture":"#0"},"east":{"uv":[5.77778,8.88889,5.33333,12.66667],"texture":"#0"},"south":{"uv":[7,8.88889,6.66667,12.66667],"texture":"#0"},"west":{"uv":[5.33333,8.88889,5.77778,12.66667],"texture":"#0"}}},{"from":[7.6,5.92949,3.17654],"to":[8.4,7.57949,4.27654],"rotation":{"angle":45,"axis":"x","origin":[8,4.68945,8]},"faces":{"north":{"uv":[7.44444,12.44444,7.11111,13.22222],"texture":"#0"},"east":{"uv":[12,6.22222,11.55556,7],"texture":"#0"},"south":{"uv":[12.77778,7.11111,12.44444,7.88889],"texture":"#0"},"west":{"uv":[11.55556,6.22222,12,7],"texture":"#0"},"up":{"uv":[13.33333,11.88889,13.77778,11.55556],"rotation":90,"texture":"#0"},"down":{"uv":[12,13.33333,12.44444,13.66667],"rotation":270,"texture":"#0"}}},{"from":[7.61,8.20537,4.64968],"to":[8.39,9.85537,5.74968],"rotation":{"angle":22.5,"axis":"x","origin":[8,4.68945,8]},"faces":{"north":{"uv":[7.88889,12.44444,7.55556,13.22222],"texture":"#0"},"east":{"uv":[12,7.11111,11.55556,7.88889],"texture":"#0"},"south":{"uv":[12.77778,8,12.44444,8.77778],"texture":"#0"},"west":{"uv":[11.55556,7.11111,12,7.88889],"texture":"#0"},"up":{"uv":[13.33333,12.33333,13.77778,12],"rotation":90,"texture":"#0"},"down":{"uv":[12.44444,13.33333,12.88889,13.66667],"rotation":270,"texture":"#0"}}},{"from":[7.461,-4.59373,6.845],"to":[8.539,-3.49373,9.155],"rotation":{"angle":0,"axis":"z","origin":[8,4.68945,8]},"faces":{"north":{"uv":[12.88889,6.66667,13.33333,7.11111],"texture":"#0","cullface":"down"},"east":{"uv":[9.77778,9.33333,10.77778,9.77778],"texture":"#0","cullface":"down"},"south":{"uv":[6.66667,12.88889,7.11111,13.33333],"texture":"#0","cullface":"down"},"west":{"uv":[10.77778,9.33333,9.77778,9.77778],"texture":"#0","cullface":"down"},"up":{"uv":[11.22222,4.44444,10.22222,4],"rotation":90,"texture":"#0","cullface":"down"},"down":{"uv":[11.22222,4.44444,10.22222,4.88889],"rotation":270,"texture":"#0","cullface":"down"}}},{"from":[7.461,-5.25373,7.45],"to":[8.539,-4.59373,8.55],"rotation":{"angle":0,"axis":"z","origin":[8,4.68945,8]},"faces":{"north":{"uv":[1.33333,13.77778,1.77778,14.11111],"texture":"#0","cullface":"down"},"east":{"uv":[0,13.77778,0.44444,14.11111],"texture":"#0","cullface":"down"},"south":{"uv":[0.44444,13.77778,0.88889,14.11111],"texture":"#0","cullface":"down"},"west":{"uv":[0.88889,13.77778,1.33333,14.11111],"texture":"#0","cullface":"down"},"down":{"uv":[13.33333,7.55556,12.88889,8],"rotation":270,"texture":"#0","cullface":"down"}}},{"from":[7.461,-8.55373,7.45],"to":[8.539,-7.89373,8.55],"rotation":{"angle":0,"axis":"z","origin":[8,4.68945,8]},"faces":{"north":{"uv":[1.33333,14.11111,1.77778,13.77778],"texture":"#0","cullface":"down"},"east":{"uv":[0,14.11111,0.44444,13.77778],"texture":"#0","cullface":"down"},"south":{"uv":[0.44444,14.11111,0.88889,13.77778],"texture":"#0","cullface":"down"},"west":{"uv":[0.88889,14.11111,1.33333,13.77778],"texture":"#0","cullface":"down"},"up":{"uv":[13.33333,8,12.88889,7.55556],"rotation":90,"texture":"#0","cullface":"down"}}},{"from":[7.5985,-8.00373,7.5875],"to":[8.4015,-5.14373,8.4125],"rotation":{"angle":0,"axis":"z","origin":[8,4.68945,8]},"faces":{"north":{"uv":[9.77778,10.22222,10.11111,11.44444],"texture":"#0","cullface":"down"},"east":{"uv":[10.22222,4.88889,10.55556,6.11111],"texture":"#0","cullface":"down"},"south":{"uv":[8.88889,10.22222,9.22222,11.44444],"texture":"#0","cullface":"down"},"west":{"uv":[9.33333,10.22222,9.66667,11.44444],"texture":"#0","cullface":"down"}}},{"from":[7.4555,-0.80239,10.2862],"to":[8.5445,0.84761,11.3862],"rotation":{"angle":45,"axis":"x","origin":[8,4.68945,8]},"faces":{"north":{"uv":[11.55556,7.11111,11.11111,7.88889],"texture":"#0"},"east":{"uv":[11.55556,6.22222,11.11111,7],"texture":"#0"},"south":{"uv":[11.55556,9.33333,11.11111,10.11111],"texture":"#0","cullface":"down"},"west":{"uv":[11.11111,6.22222,11.55556,7],"texture":"#0"},"up":{"uv":[5.33333,13.33333,5.77778,12.88889],"rotation":90,"texture":"#0"}}},{"from":[7.45,-2.90925,8.01054],"to":[8.55,-1.25925,9.11054],"rotation":{"angle":22.5,"axis":"x","origin":[8,4.68945,8]},"faces":{"north":{"uv":[11.11111,10.66667,10.66667,11.44444],"texture":"#0","cullface":"down"},"east":{"uv":[10.66667,10.66667,10.22222,11.44444],"texture":"#0","cullface":"down"},"south":{"uv":[11.55556,2.66667,11.11111,3.44444],"texture":"#0","cullface":"down"},"west":{"uv":[10.22222,10.66667,10.66667,11.44444],"texture":"#0","cullface":"down"},"up":{"uv":[12.88889,4,13.33333,3.55556],"rotation":90,"texture":"#0","cullface":"down"}}},{"from":[7.3125,0.64694,0.51427],"to":[8.6875,1.88444,1.75177],"rotation":{"angle":-45,"axis":"x","origin":[8,4.68945,8]},"faces":{"north":{"uv":[10.88889,6.22222,10.22222,6.77778],"texture":"#0","cullface":"down"},"east":{"uv":[12.55556,1.77778,12,2.33333],"texture":"#0","cullface":"down"},"south":{"uv":[10.88889,9.77778,10.22222,10.33333],"texture":"#0","cullface":"down"},"west":{"uv":[12,1.77778,12.55556,2.33333],"texture":"#0","cullface":"down"},"up":{"uv":[10.66667,0.66667,11.22222,0],"rotation":90,"texture":"#0","cullface":"down"},"down":{"uv":[10.66667,0.88889,11.22222,1.55556],"rotation":270,"texture":"#0","cullface":"down"}}},{"from":[7.5875,-1.00306,0.65177],"to":[8.4125,0.78444,1.61427],"rotation":{"angle":-45,"axis":"x","origin":[8,4.68945,8]},"faces":{"north":{"uv":[9.22222,12.44444,8.88889,13.22222],"texture":"#0","cullface":"down"},"east":{"uv":[12,8,11.55556,8.77778],"texture":"#0","cullface":"down"},"south":{"uv":[9.66667,12.44444,9.33333,13.22222],"texture":"#0","cullface":"down"},"west":{"uv":[11.55556,8,12,8.77778],"texture":"#0","cullface":"down"},"down":{"uv":[13.33333,13.33333,13.77778,13.66667],"rotation":270,"texture":"#0","cullface":"down"}}},{"from":[7.593,-2.53605,6.87419],"to":[8.407,-1.68605,8.02419],"rotation":{"angle":22.5,"axis":"x","origin":[8,4.68945,8]},"faces":{"north":{"uv":[14.11111,3.55556,13.77778,3.88889],"texture":"#0","cullface":"down"},"east":{"uv":[13.44444,9.77778,12.88889,10.11111],"texture":"#0","cullface":"down"},"west":{"uv":[12.88889,9.77778,13.44444,10.11111],"texture":"#0","cullface":"down"},"up":{"uv":[12.88889,13.22222,13.44444,12.88889],"rotation":90,"texture":"#0","cullface":"down"},"down":{"uv":[13.33333,1.33333,13.88889,1.66667],"rotation":270,"texture":"#0","cullface":"down"}}},{"from":[7.5985,2.96448,0.89368],"to":[8.4015,4.11448,1.74368],"rotation":{"angle":-45,"axis":"x","origin":[8,4.68945,8]},"faces":{"north":{"uv":[10.55556,12.88889,10.22222,13.44444],"texture":"#0","cullface":"down"},"east":{"uv":[13.22222,8.88889,12.88889,9.44444],"texture":"#0","cullface":"down"},"south":{"uv":[13.22222,10.66667,12.88889,11.22222],"texture":"#0","cullface":"down"},"west":{"uv":[12.88889,8.88889,13.22222,9.44444],"texture":"#0","cullface":"down"},"up":{"uv":[3.11111,14.11111,3.44444,13.77778],"rotation":90,"texture":"#0","cullface":"down"}}},{"from":[7.6,-0.741,0.58268],"to":[8.4,-0.141,3.98268],"rotation":{"angle":0,"axis":"z","origin":[8,4.68945,8]},"faces":{"north":{"uv":[14.11111,4.88889,13.77778,5.11111],"texture":"#0","cullface":"down"},"east":{"uv":[13.11111,4.44444,11.55556,4.66667],"texture":"#0","cullface":"down"},"west":{"uv":[11.55556,4.44444,13.11111,4.66667],"texture":"#0","cullface":"down"},"up":{"uv":[8.88889,8.33333,10.44444,8],"rotation":90,"texture":"#0","cullface":"down"},"down":{"uv":[8.88889,8.44444,10.44444,8.77778],"rotation":270,"texture":"#0","cullface":"down"}}},{"from":[7.65,3.33844,-0.49553],"to":[8.35,3.93844,1.65447],"rotation":{"angle":-45,"axis":"x","origin":[8,4.68945,8]},"faces":{"north":{"uv":[6.11111,13.77778,5.77778,14],"texture":"#0","cullface":"down"},"east":{"uv":[13.88889,0.44444,12.88889,0.66667],"texture":"#0","cullface":"down"},"west":{"uv":[12.88889,0.44444,13.88889,0.66667],"texture":"#0","cullface":"down"},"up":{"uv":[11.55556,9.22222,12.55556,8.88889],"rotation":90,"texture":"#0","cullface":"down"},"down":{"uv":[9.33333,11.55556,10.33333,11.88889],"rotation":270,"texture":"#0","cullface":"down"}}},{"from":[8,-3.741,0.58268],"to":[8,-0.141,5.98268],"rotation":{"angle":0,"axis":"z","origin":[8,4.68945,8]},"faces":{"east":{"uv":[10.44444,0,8,1.55556],"texture":"#0","cullface":"down"},"west":{"uv":[8,1.77778,10.44444,3.33333],"texture":"#0","cullface":"down"}}},{"from":[7.4555,-6.91886,16.75623],"to":[8.5445,-5.26886,17.60623],"rotation":{"angle":45,"axis":"x","origin":[8,4.68945,8]},"faces":{"north":{"uv":[11.11111,1.77778,10.66667,2.55556],"texture":"#0","cullface":"down"},"east":{"uv":[11,11.55556,10.66667,12.33333],"texture":"#0","cullface":"down"},"south":{"uv":[11.11111,2.66667,10.66667,3.44444],"texture":"#0","cullface":"down"},"west":{"uv":[10.66667,11.55556,11,12.33333],"texture":"#0","cullface":"down"},"up":{"uv":[13.33333,5.77778,13.66667,5.33333],"rotation":90,"texture":"#0","cullface":"down"},"down":{"uv":[5.77778,13.33333,6.11111,13.77778],"rotation":270,"texture":"#0","cullface":"down"}}},{"from":[7.4555,-6.91886,-1.60623],"to":[8.5445,-5.26886,-0.75623],"rotation":{"angle":-45,"axis":"x","origin":[8,4.68945,8]},"faces":{"north":{"uv":[10.66667,2.66667,11.11111,3.44444],"texture":"#0","cullface":"down"},"east":{"uv":[10.66667,11.55556,11,12.33333],"texture":"#0","cullface":"down"},"south":{"uv":[10.66667,1.77778,11.11111,2.55556],"texture":"#0","cullface":"down"},"west":{"uv":[11,11.55556,10.66667,12.33333],"texture":"#0","cullface":"down"},"up":{"uv":[13.66667,5.77778,13.33333,5.33333],"rotation":90,"texture":"#0","cullface":"down"},"down":{"uv":[6.11111,13.33333,5.77778,13.77778],"rotation":270,"texture":"#0","cullface":"down"}}},{"from":[7.5875,-1.00306,14.38573],"to":[8.4125,0.78444,15.34823],"rotation":{"angle":45,"axis":"x","origin":[8,4.68945,8]},"faces":{"north":{"uv":[9.33333,12.44444,9.66667,13.22222],"texture":"#0","cullface":"down"},"east":{"uv":[11.55556,8,12,8.77778],"texture":"#0","cullface":"down"},"south":{"uv":[8.88889,12.44444,9.22222,13.22222],"texture":"#0","cullface":"down"},"west":{"uv":[12,8,11.55556,8.77778],"texture":"#0","cullface":"down"},"down":{"uv":[13.77778,13.33333,13.33333,13.66667],"rotation":270,"texture":"#0","cullface":"down"}}},{"from":[7.3125,0.64694,14.24823],"to":[8.6875,1.88444,15.48573],"rotation":{"angle":45,"axis":"x","origin":[8,4.68945,8]},"faces":{"north":{"uv":[10.22222,9.77778,10.88889,10.33333],"texture":"#0","cullface":"down"},"east":{"uv":[12,1.77778,12.55556,2.33333],"texture":"#0","cullface":"down"},"south":{"uv":[10.22222,6.22222,10.88889,6.77778],"texture":"#0","cullface":"down"},"west":{"uv":[12.55556,1.77778,12,2.33333],"texture":"#0","cullface":"down"},"up":{"uv":[11.22222,0.66667,10.66667,0],"rotation":90,"texture":"#0","cullface":"down"},"down":{"uv":[11.22222,0.88889,10.66667,1.55556],"rotation":270,"texture":"#0","cullface":"down"}}},{"from":[7.45,-2.90925,6.88946],"to":[8.55,-1.25925,7.98946],"rotation":{"angle":-22.5,"axis":"x","origin":[8,4.68945,8]},"faces":{"north":{"uv":[11.11111,2.66667,11.55556,3.44444],"texture":"#0","cullface":"down"},"east":{"uv":[10.22222,10.66667,10.66667,11.44444],"texture":"#0","cullface":"down"},"south":{"uv":[10.66667,10.66667,11.11111,11.44444],"texture":"#0","cullface":"down"},"west":{"uv":[10.66667,10.66667,10.22222,11.44444],"texture":"#0","cullface":"down"},"up":{"uv":[13.33333,4,12.88889,3.55556],"rotation":90,"texture":"#0","cullface":"down"}}},{"from":[7.4555,-0.80239,4.6138],"to":[8.5445,0.84761,5.7138],"rotation":{"angle":-45,"axis":"x","origin":[8,4.68945,8]},"faces":{"north":{"uv":[11.11111,9.33333,11.55556,10.11111],"texture":"#0","cullface":"down"},"east":{"uv":[11.11111,6.22222,11.55556,7],"texture":"#0"},"south":{"uv":[11.11111,7.11111,11.55556,7.88889],"texture":"#0"},"west":{"uv":[11.55556,6.22222,11.11111,7],"texture":"#0"},"up":{"uv":[5.77778,13.33333,5.33333,12.88889],"rotation":90,"texture":"#0"}}},{"from":[7.593,-2.53605,7.97581],"to":[8.407,-1.68605,9.12581],"rotation":{"angle":-22.5,"axis":"x","origin":[8,4.68945,8]},"faces":{"east":{"uv":[12.88889,9.77778,13.44444,10.11111],"texture":"#0","cullface":"down"},"south":{"uv":[13.77778,3.55556,14.11111,3.88889],"texture":"#0","cullface":"down"},"west":{"uv":[13.44444,9.77778,12.88889,10.11111],"texture":"#0","cullface":"down"},"up":{"uv":[13.44444,13.22222,12.88889,12.88889],"rotation":90,"texture":"#0","cullface":"down"},"down":{"uv":[13.88889,1.33333,13.33333,1.66667],"rotation":270,"texture":"#0","cullface":"down"}}},{"from":[7.5985,2.96448,14.25632],"to":[8.4015,4.11448,15.10632],"rotation":{"angle":45,"axis":"x","origin":[8,4.68945,8]},"faces":{"north":{"uv":[12.88889,10.66667,13.22222,11.22222],"texture":"#0","cullface":"down"},"east":{"uv":[12.88889,8.88889,13.22222,9.44444],"texture":"#0","cullface":"down"},"south":{"uv":[10.22222,12.88889,10.55556,13.44444],"texture":"#0","cullface":"down"},"west":{"uv":[13.22222,8.88889,12.88889,9.44444],"texture":"#0","cullface":"down"},"up":{"uv":[3.44444,14.11111,3.11111,13.77778],"rotation":90,"texture":"#0","cullface":"down"}}},{"from":[7.65,3.33844,14.34553],"to":[8.35,3.93844,16.49553],"rotation":{"angle":45,"axis":"x","origin":[8,4.68945,8]},"faces":{"east":{"uv":[12.88889,0.44444,13.88889,0.66667],"texture":"#0","cullface":"down"},"south":{"uv":[5.77778,13.77778,6.11111,14],"texture":"#0","cullface":"down"},"west":{"uv":[13.88889,0.44444,12.88889,0.66667],"texture":"#0","cullface":"down"},"up":{"uv":[12.55556,9.22222,11.55556,8.88889],"rotation":90,"texture":"#0","cullface":"down"},"down":{"uv":[10.33333,11.55556,9.33333,11.88889],"rotation":270,"texture":"#0","cullface":"down"}}},{"from":[7.6,-0.741,12.01732],"to":[8.4,-0.141,15.41732],"rotation":{"angle":0,"axis":"z","origin":[8,4.68945,8]},"faces":{"east":{"uv":[11.55556,4.44444,13.11111,4.66667],"texture":"#0","cullface":"down"},"south":{"uv":[13.77778,4.88889,14.11111,5.11111],"texture":"#0","cullface":"down"},"west":{"uv":[13.11111,4.44444,11.55556,4.66667],"texture":"#0","cullface":"down"},"up":{"uv":[10.44444,8.33333,8.88889,8],"rotation":90,"texture":"#0","cullface":"down"},"down":{"uv":[10.44444,8.44444,8.88889,8.77778],"rotation":270,"texture":"#0","cullface":"down"}}}],"gui_light":"front","display":{"thirdperson_righthand":{"translation":[0,9.5,1.25],"scale":[0.8,0.8,0.8]},"thirdperson_lefthand":{"translation":[0,9.5,1.25],"scale":[0.8,0.8,0.8]},"firstperson_righthand":{"rotation":[-17,0,0],"translation":[12.5,4,-13.5]},"firstperson_lefthand":{"rotation":[-17,0,0],"translation":[12.5,4,-13.5]},"ground":{"rotation":[0,0,115],"translation":[0,1.75,0],"scale":[0.52,0.52,0.52]},"gui":{"rotation":[-90,45,90],"translation":[0.5,-0.5,0],"scale":[0.53,0.53,0.53]},"head":{"rotation":[0,90,0],"scale":[0.01,0.01,0.01]},"fixed":{"rotation":[0,90,0],"translation":[0,0,-0.5]}}}