{"credit":"MadewithBlockbench","textures":{"0":"elitecreatures:king_arthur_animated_weapon_set/texture1","1":"elitecreatures:king_arthur_animated_weapon_set/texture2","5":"elitecreatures:king_arthur_animated_weapon_set/symbol","6":"elitecreatures:king_arthur_animated_weapon_set/texture4","particle":"elitecreatures:king_arthur_animated_weapon_set/texture1"},"elements":[{"from":[7.5,-7,7.5],"to":[8.5,0,8.5],"rotation":{"angle":0,"axis":"y","origin":[8,1.5,8]},"faces":{"north":{"uv":[12,5,13,12],"texture":"#0"},"east":{"uv":[11,5,12,12],"texture":"#0"},"south":{"uv":[12,5,13,12],"texture":"#0"},"west":{"uv":[11,5,12,12],"texture":"#0"},"up":{"uv":[12,4,13,5],"rotation":180,"texture":"#0"},"down":{"uv":[13,5,14,6],"rotation":180,"texture":"#0"}}},{"from":[6.5,-8.5,6.5],"to":[9.5,-7.5,9.5],"faces":{"north":{"uv":[3,0,6,1],"texture":"#1"},"east":{"uv":[3,0,6,1],"texture":"#1"},"south":{"uv":[3,0,6,1],"texture":"#1"},"west":{"uv":[3,0,6,1],"texture":"#1"},"up":{"uv":[3,3,0,0],"texture":"#1"},"down":{"uv":[3,3,0,6],"texture":"#1"}}},{"from":[5.6,9,7],"to":[6.1,11,9],"rotation":{"angle":-45,"axis":"z","origin":[1.5,8,5]},"faces":{"north":{"uv":[8.5,13,9,11],"texture":"#0"},"east":{"uv":[9,13,11,11],"texture":"#0"},"south":{"uv":[8.5,13,9,11],"texture":"#0"},"west":{"uv":[9,13,11,11],"texture":"#0"},"up":{"uv":[11,10.5,9,11],"rotation":90,"texture":"#0"},"down":{"uv":[11,10.5,9,11],"rotation":90,"texture":"#0"}}},{"from":[6,1,7],"to":[10,6,9],"rotation":{"angle":0,"axis":"y","origin":[8,7.5,7]},"faces":{"north":{"uv":[6,10.5,10,5.5],"texture":"#5"},"east":{"uv":[4,5,6,0],"texture":"#0"},"south":{"uv":[6,10.5,10,5.5],"texture":"#5"},"west":{"uv":[4,5,6,0],"texture":"#0"},"up":{"uv":[4,9,0,7],"texture":"#0"},"down":{"uv":[4,5,0,7],"texture":"#0"}}},{"from":[9.3,-1.7,7.1],"to":[12.3,1.3,8.9],"rotation":{"angle":45,"axis":"z","origin":[8,-3,7.4]},"faces":{"north":{"uv":[0,9.25,3,12.25],"rotation":90,"texture":"#0"},"east":{"uv":[3,12.25,0,14.05],"rotation":90,"texture":"#0"},"south":{"uv":[0,9.25,3,12.25],"rotation":180,"texture":"#0"},"west":{"uv":[3,12.25,0,14.25],"rotation":90,"texture":"#0"},"up":{"uv":[3,9.25,4.8,12.25],"rotation":270,"texture":"#0"},"down":{"uv":[0,14.25,3,12.25],"texture":"#0"}}},{"from":[5.5,3.5,7.5],"to":[6.5,8.5,8.5],"rotation":{"angle":0,"axis":"y","origin":[1,2.5,7.5]},"faces":{"north":{"uv":[16,2,11,3],"rotation":270,"texture":"#0"},"east":{"uv":[11,0,16,1],"rotation":270,"texture":"#0"},"south":{"uv":[11,2,16,3],"rotation":90,"texture":"#0"},"west":{"uv":[11,1,16,2],"rotation":270,"texture":"#0"},"up":{"uv":[10,0,11,1],"rotation":90,"texture":"#0"},"down":{"uv":[10,0,11,1],"rotation":90,"texture":"#0"}}},{"from":[4.1,1.6,7.1],"to":[7,3.5,8.9],"rotation":{"angle":-45,"axis":"z","origin":[8,2.5,7]},"faces":{"north":{"uv":[15.9,15.9,13,14],"texture":"#0"},"east":{"uv":[16,14,14,12],"texture":"#0"},"south":{"uv":[13,15.9,15.9,14],"texture":"#0"},"west":{"uv":[16,14,14,12],"texture":"#0"},"up":{"uv":[16,12,13,10],"rotation":180,"texture":"#0"},"down":{"uv":[16,12,13,10],"rotation":180,"texture":"#0"}}},{"from":[4.6,3,7],"to":[6,4.6,9],"rotation":{"angle":0,"axis":"y","origin":[8,7.5,7]},"faces":{"north":{"uv":[6.25,3,7.75,1.5],"texture":"#0"},"east":{"uv":[6.25,1.5,8.25,0],"texture":"#0"},"south":{"uv":[7.75,3,6.25,1.5],"texture":"#0"},"west":{"uv":[6.25,1.5,8.25,0],"texture":"#0"},"up":{"uv":[6.25,5,7.75,3],"rotation":180,"texture":"#0"},"down":{"uv":[7.75,5,9.25,3],"rotation":180,"texture":"#0"}}},{"from":[8.9,1.2,7.1],"to":[10.7,4.2,8.9],"rotation":{"angle":22.5,"axis":"z","origin":[8,-6.5,7]},"faces":{"north":{"uv":[4,7,7,5],"rotation":90,"texture":"#0"},"east":{"uv":[13,1,14,0],"rotation":90,"texture":"#0"},"south":{"uv":[7,7,4,5],"rotation":270,"texture":"#0"},"west":{"uv":[5,12.25,8,10.25],"rotation":90,"texture":"#0"},"up":{"uv":[4,9,6,7],"rotation":270,"texture":"#0"},"down":{"uv":[4,9,6,7],"rotation":270,"texture":"#0"}}},{"from":[5.3,8.3,7.6],"to":[6.3,9.3,8.4],"rotation":{"angle":22.5,"axis":"z","origin":[6,9,8]},"faces":{"north":{"uv":[15,7,16,8],"rotation":270,"texture":"#0"},"east":{"uv":[13,6,14,7],"rotation":270,"texture":"#0"},"south":{"uv":[16,7,15,8],"rotation":90,"texture":"#0"},"west":{"uv":[13,7,14,8],"rotation":270,"texture":"#0"},"up":{"uv":[14,7,15,8],"rotation":90,"texture":"#0"},"down":{"uv":[14,7,15,8],"rotation":90,"texture":"#0"}}},{"from":[9,-9.5,6.5],"to":[9.5,-8.5,7],"rotation":{"angle":0,"axis":"y","origin":[0,0,16]},"faces":{"north":{"uv":[3,2,3.5,3],"texture":"#1"},"east":{"uv":[3.5,2,4,3],"texture":"#1"},"south":{"uv":[3,2,3.5,3],"texture":"#1"},"west":{"uv":[3.5,2,4,3],"texture":"#1"},"up":{"uv":[4,2,4.5,2.5],"texture":"#1"},"down":{"uv":[4,2,4.5,2.5],"texture":"#1"}}},{"from":[7.5,-9,6.5],"to":[8.5,-8.5,7],"faces":{"north":{"uv":[3,3,4,3.5],"texture":"#1"},"east":{"uv":[3,4,3.5,4.5],"texture":"#1"},"south":{"uv":[3,3,4,3.5],"texture":"#1"},"west":{"uv":[3.5,4,3,4.5],"texture":"#1"},"up":{"uv":[3,3.5,4,4],"texture":"#1"},"down":{"uv":[3,3.5,4,4],"texture":"#1"}}},{"from":[7,-7.5,7],"to":[9,-7,9],"faces":{"north":{"uv":[7,5.5,9,6],"texture":"#0"},"east":{"uv":[7,5,9,5.5],"texture":"#0"},"south":{"uv":[7,5.5,9,6],"texture":"#0"},"west":{"uv":[7,5,9,5.5],"texture":"#0"},"up":{"uv":[7,6,9,8],"texture":"#0"},"down":{"uv":[7,6,9,8],"texture":"#0"}}},{"from":[6.5,5,6.9],"to":[7.5,7.5,6.9],"rotation":{"angle":0,"axis":"y","origin":[0,6,0]},"faces":{"north":{"uv":[3,14.75,4,12.25],"texture":"#0"},"east":{"uv":[0,2.5,0,0],"texture":"#0"},"south":{"uv":[4,14.75,3,12.25],"texture":"#0"},"west":{"uv":[0,2.5,0,0],"texture":"#0"},"up":{"uv":[0,0,1,0],"texture":"#0"},"down":{"uv":[0,0,1,0],"texture":"#0"}}},{"from":[9,1.6,7.1],"to":[11.9,3.5,8.9],"rotation":{"angle":45,"axis":"z","origin":[8,2.5,7]},"faces":{"north":{"uv":[13,16,16,14],"texture":"#0"},"east":{"uv":[14,14,16,12],"texture":"#0"},"south":{"uv":[16,16,13,14],"texture":"#0"},"west":{"uv":[14,14,16,12],"texture":"#0"},"up":{"uv":[13,12,16,10],"rotation":180,"texture":"#0"},"down":{"uv":[13,12,16,10],"rotation":180,"texture":"#0"}}},{"from":[10,3,7],"to":[11.4,4.6,9],"rotation":{"angle":0,"axis":"y","origin":[8,7.5,7]},"faces":{"north":{"uv":[7.75,3,6.25,1.5],"texture":"#0"},"east":{"uv":[8.25,1.5,6.25,0],"texture":"#0"},"south":{"uv":[6.25,3,7.75,1.5],"texture":"#0"},"west":{"uv":[8.25,1.5,6.25,0],"texture":"#0"},"up":{"uv":[7.75,5,6.25,3],"rotation":180,"texture":"#0"},"down":{"uv":[9.25,5,7.75,3],"rotation":180,"texture":"#0"}}},{"from":[8.5,5,6.9],"to":[9.5,7.5,6.9],"rotation":{"angle":0,"axis":"y","origin":[16,6,0]},"faces":{"north":{"uv":[4,14.75,3,12.25],"texture":"#0"},"east":{"uv":[0,2.5,0,0],"texture":"#0"},"south":{"uv":[3,14.75,4,12.25],"texture":"#0"},"west":{"uv":[0,2.5,0,0],"texture":"#0"},"up":{"uv":[1,0,0,0],"texture":"#0"},"down":{"uv":[1,0,0,0],"texture":"#0"}}},{"from":[8.5,5,9.1],"to":[9.5,7.5,9.1],"rotation":{"angle":0,"axis":"y","origin":[16,6,16]},"faces":{"north":{"uv":[4,14.75,3,12.25],"texture":"#0"},"east":{"uv":[0,2.5,0,0],"texture":"#0"},"south":{"uv":[3,14.75,4,12.25],"texture":"#0"},"west":{"uv":[0,2.5,0,0],"texture":"#0"},"up":{"uv":[1,0,0,0],"texture":"#0"},"down":{"uv":[1,0,0,0],"texture":"#0"}}},{"from":[6.5,5,9.1],"to":[7.5,7.5,9.1],"rotation":{"angle":0,"axis":"y","origin":[0,6,16]},"faces":{"north":{"uv":[3,14.75,4,12.25],"texture":"#0"},"east":{"uv":[0,2.5,0,0],"texture":"#0"},"south":{"uv":[4,14.75,3,12.25],"texture":"#0"},"west":{"uv":[0,2.5,0,0],"texture":"#0"},"up":{"uv":[0,0,1,0],"texture":"#0"},"down":{"uv":[0,0,1,0],"texture":"#0"}}},{"from":[5.2,5.5,7.2],"to":[6.2,8.5,7.2],"rotation":{"angle":0,"axis":"y","origin":[5.6,5.5,6.5]},"faces":{"north":{"uv":[4,15,7,16],"rotation":90,"texture":"#0"},"east":{"uv":[0,0,3,0],"rotation":270,"texture":"#0"},"south":{"uv":[4,16,7,15],"rotation":90,"texture":"#0"},"west":{"uv":[0,0,3,0],"rotation":90,"texture":"#0"},"up":{"uv":[1,0,2,0],"texture":"#0"},"down":{"uv":[1,0,2,0],"rotation":180,"texture":"#0"}}},{"from":[5.2,5.5,7.2],"to":[5.2,8.5,8.8],"rotation":{"angle":0,"axis":"y","origin":[5.6,5.5,6.5]},"faces":{"north":{"uv":[0,0,3,0],"rotation":270,"texture":"#0"},"east":{"uv":[13,3.35,16,4.85],"rotation":90,"texture":"#0"},"south":{"uv":[0,0,3,0],"rotation":90,"texture":"#0"},"west":{"uv":[13,3.35,16,4.85],"rotation":90,"texture":"#0"},"up":{"uv":[0,0,1.6,0],"rotation":90,"texture":"#0"},"down":{"uv":[0,0,1.6,0],"rotation":90,"texture":"#0"}}},{"from":[5.2,5.5,8.8],"to":[6.2,8.5,8.8],"rotation":{"angle":0,"axis":"y","origin":[5.6,5.5,9.5]},"faces":{"north":{"uv":[7,16,4,15],"rotation":270,"texture":"#0"},"east":{"uv":[0,0,3,0],"rotation":270,"texture":"#0"},"south":{"uv":[7,15,4,16],"rotation":270,"texture":"#0"},"west":{"uv":[0,0,3,0],"rotation":90,"texture":"#0"},"up":{"uv":[1,0,2,0],"texture":"#0"},"down":{"uv":[1,0,2,0],"rotation":180,"texture":"#0"}}},{"from":[5.8,-1.5,7.5],"to":[7.3,2.5,7.5],"rotation":{"angle":0,"axis":"y","origin":[7.9,-0.5,7.5]},"faces":{"north":{"uv":[13,14.25,9,15.75],"rotation":90,"texture":"#0"},"east":{"uv":[17,1,13,1],"rotation":90,"texture":"#0"},"south":{"uv":[9,14.25,13,15.75],"rotation":270,"texture":"#0"},"west":{"uv":[17,0,13,0],"rotation":90,"texture":"#0"},"up":{"uv":[14,9,14,11],"rotation":270,"texture":"#0"},"down":{"uv":[14,9,14,11],"rotation":270,"texture":"#0"}}},{"from":[6.5,-9.5,6.5],"to":[7,-8.5,7],"rotation":{"angle":0,"axis":"y","origin":[16,0,16]},"faces":{"north":{"uv":[3.5,2,3,3],"texture":"#1"},"east":{"uv":[4,2,3.5,3],"texture":"#1"},"south":{"uv":[3.5,2,3,3],"texture":"#1"},"west":{"uv":[4,2,3.5,3],"texture":"#1"},"up":{"uv":[4.5,2,4,2.5],"texture":"#1"},"down":{"uv":[4.5,2,4,2.5],"texture":"#1"}}},{"from":[6.5,-9.5,9],"to":[7,-8.5,9.5],"rotation":{"angle":0,"axis":"y","origin":[16,0,0]},"faces":{"north":{"uv":[3,2,3.5,3],"texture":"#1"},"east":{"uv":[3.5,2,4,3],"texture":"#1"},"south":{"uv":[3,2,3.5,3],"texture":"#1"},"west":{"uv":[3.5,2,4,3],"texture":"#1"},"up":{"uv":[4.5,2.5,4,2],"texture":"#1"},"down":{"uv":[4.5,2.5,4,2],"texture":"#1"}}},{"from":[7.5,-9,9],"to":[8.5,-8.5,9.5],"rotation":{"angle":0,"axis":"y","origin":[0,0,16]},"faces":{"north":{"uv":[4,3,3,3.5],"texture":"#1"},"east":{"uv":[3.5,4,3,4.5],"texture":"#1"},"south":{"uv":[4,3,3,3.5],"texture":"#1"},"west":{"uv":[3,4,3.5,4.5],"texture":"#1"},"up":{"uv":[3,4,4,3.5],"texture":"#1"},"down":{"uv":[3,4,4,3.5],"texture":"#1"}}},{"from":[9,-9.5,9],"to":[9.5,-8.5,9.5],"faces":{"north":{"uv":[3.5,2,3,3],"texture":"#1"},"east":{"uv":[4,2,3.5,3],"texture":"#1"},"south":{"uv":[3.5,2,3,3],"texture":"#1"},"west":{"uv":[4,2,3.5,3],"texture":"#1"},"up":{"uv":[4,2.5,4.5,2],"texture":"#1"},"down":{"uv":[4,2.5,4.5,2],"texture":"#1"}}},{"from":[6.5,-9,7.5],"to":[7,-8.5,8.5],"rotation":{"angle":0,"axis":"y","origin":[8,-8.75,8]},"faces":{"north":{"uv":[3,4,3.5,4.5],"texture":"#1"},"east":{"uv":[4,3,3,3.5],"texture":"#1"},"south":{"uv":[3.5,4,3,4.5],"texture":"#1"},"west":{"uv":[4,3,3,3.5],"texture":"#1"},"up":{"uv":[3,4,4,3.5],"rotation":90,"texture":"#1"},"down":{"uv":[3,4,4,3.5],"rotation":270,"texture":"#1"}}},{"from":[9,-9,7.5],"to":[9.5,-8.5,8.5],"rotation":{"angle":0,"axis":"y","origin":[8,-8.75,8]},"faces":{"north":{"uv":[3.5,4,3,4.5],"texture":"#1"},"east":{"uv":[3,3,4,3.5],"texture":"#1"},"south":{"uv":[3,4,3.5,4.5],"texture":"#1"},"west":{"uv":[3,3,4,3.5],"texture":"#1"},"up":{"uv":[3,3.5,4,4],"rotation":90,"texture":"#1"},"down":{"uv":[3,3.5,4,4],"rotation":270,"texture":"#1"}}},{"from":[9.9,9,7],"to":[10.4,11,9],"rotation":{"angle":45,"axis":"z","origin":[14.5,8,5]},"faces":{"north":{"uv":[9,13,8.5,11],"texture":"#0"},"east":{"uv":[11,13,9,11],"texture":"#0"},"south":{"uv":[9,13,8.5,11],"texture":"#0"},"west":{"uv":[11,13,9,11],"texture":"#0"},"up":{"uv":[11,11,9,10.5],"rotation":90,"texture":"#0"},"down":{"uv":[11,11,9,10.5],"rotation":90,"texture":"#0"}}},{"from":[7.3,-6.5,7.3],"to":[8.7,-5,8.7],"faces":{"north":{"uv":[9,5,10.5,6.5],"texture":"#0"},"east":{"uv":[7.5,8,9,9.5],"rotation":90,"texture":"#0"},"south":{"uv":[9,5,10.5,6.5],"texture":"#0"},"west":{"uv":[7.5,8,9,9.5],"rotation":90,"texture":"#0"},"up":{"uv":[6,8,7.5,9.5],"texture":"#0"},"down":{"uv":[9.5,1.5,11,3],"rotation":270,"texture":"#0"}}},{"from":[5.3,1.2,7.1],"to":[7.1,4.2,8.9],"rotation":{"angle":-22.5,"axis":"z","origin":[8,-6.5,7]},"faces":{"north":{"uv":[4,5,7,7],"rotation":90,"texture":"#0"},"east":{"uv":[5,10.25,8,12.25],"rotation":90,"texture":"#0"},"south":{"uv":[7,5,4,7],"rotation":270,"texture":"#0"},"west":{"uv":[13,0,14,1],"rotation":90,"texture":"#0"},"up":{"uv":[4,7,6,9],"rotation":270,"texture":"#0"},"down":{"uv":[4,7,6,9],"rotation":270,"texture":"#0"}}},{"from":[7.3,-3.5,7.3],"to":[8.7,-2,8.7],"faces":{"north":{"uv":[9,5,10.5,6.5],"texture":"#0"},"east":{"uv":[7.5,8,9,9.5],"rotation":90,"texture":"#0"},"south":{"uv":[9,5,10.5,6.5],"texture":"#0"},"west":{"uv":[7.5,8,9,9.5],"rotation":90,"texture":"#0"},"up":{"uv":[6,8,7.5,9.5],"texture":"#0"},"down":{"uv":[9.5,1.5,11,3],"rotation":270,"texture":"#0"}}},{"from":[9.6,7.4,7.4],"to":[10.1,9.4,8.6],"rotation":{"angle":-45,"axis":"z","origin":[14.6,10.7,5]},"faces":{"north":{"uv":[9.5,8.5,9,6.5],"texture":"#0"},"east":{"uv":[9,10.5,10,8.5],"texture":"#0"},"south":{"uv":[9,8.5,9.5,6.5],"texture":"#0"},"west":{"uv":[10,5,12,3],"texture":"#0"},"up":{"uv":[9.5,8.5,10,6.5],"texture":"#0"},"down":{"uv":[9.5,8.5,10,6.5],"texture":"#0"}}},{"from":[7.5,4,7.5],"to":[8.5,11,8.5],"rotation":{"angle":0,"axis":"y","origin":[8,0.5,8]},"faces":{"north":{"uv":[12,5,13,12],"texture":"#0"},"east":{"uv":[11,5,12,12],"texture":"#0"},"south":{"uv":[12,5,13,12],"texture":"#0"},"west":{"uv":[11,5,12,12],"texture":"#0"},"up":{"uv":[12,4,13,5],"rotation":180,"texture":"#0"},"down":{"uv":[13,5,14,6],"rotation":180,"texture":"#0"}}},{"from":[10.25,5.15,8.9],"to":[13.25,7.65,8.9],"rotation":{"angle":0,"axis":"y","origin":[11.05,6.4,8.9]},"faces":{"north":{"uv":[7,14.75,4,12.25],"rotation":180,"texture":"#0"},"east":{"uv":[0,0,0,2],"texture":"#0"},"south":{"uv":[4,14.75,7,12.25],"rotation":180,"texture":"#0"},"west":{"uv":[0,0,0,2],"texture":"#0"},"up":{"uv":[2,0,0,0],"texture":"#0"},"down":{"uv":[2,0,0,0],"texture":"#0"}}},{"from":[10.25,5.15,7.1],"to":[13.25,7.65,7.1],"rotation":{"angle":0,"axis":"y","origin":[11.05,6.4,7.1]},"faces":{"north":{"uv":[4,12.25,7,14.75],"texture":"#0"},"east":{"uv":[0,0,0,2],"texture":"#0"},"south":{"uv":[7,12.25,4,14.75],"texture":"#0"},"west":{"uv":[0,0,0,2],"texture":"#0"},"up":{"uv":[2,0,0,0],"texture":"#0"},"down":{"uv":[2,0,0,0],"texture":"#0"}}},{"from":[9.8,5.5,8.8],"to":[10.8,8.5,8.8],"rotation":{"angle":0,"axis":"y","origin":[10.4,5.5,9.5]},"faces":{"north":{"uv":[7,15,4,16],"rotation":270,"texture":"#0"},"east":{"uv":[0,0,3,0],"rotation":90,"texture":"#0"},"south":{"uv":[7,16,4,15],"rotation":270,"texture":"#0"},"west":{"uv":[0,0,3,0],"rotation":270,"texture":"#0"},"up":{"uv":[2,0,1,0],"texture":"#0"},"down":{"uv":[2,0,1,0],"rotation":180,"texture":"#0"}}},{"from":[10.8,5.5,7.2],"to":[10.8,8.5,8.8],"rotation":{"angle":0,"axis":"y","origin":[10.4,5.5,6.5]},"faces":{"north":{"uv":[0,0,3,0],"rotation":270,"texture":"#0"},"east":{"uv":[13,4.85,16,3.35],"rotation":90,"texture":"#0"},"south":{"uv":[0,0,3,0],"rotation":90,"texture":"#0"},"west":{"uv":[13,4.85,16,3.35],"rotation":90,"texture":"#0"},"up":{"uv":[0,0,1.6,0],"rotation":90,"texture":"#0"},"down":{"uv":[0,0,1.6,0],"rotation":90,"texture":"#0"}}},{"from":[9.8,5.5,7.2],"to":[10.8,8.5,7.2],"rotation":{"angle":0,"axis":"y","origin":[10.4,5.5,6.5]},"faces":{"north":{"uv":[4,16,7,15],"rotation":90,"texture":"#0"},"east":{"uv":[0,0,3,0],"rotation":90,"texture":"#0"},"south":{"uv":[4,15,7,16],"rotation":90,"texture":"#0"},"west":{"uv":[0,0,3,0],"rotation":270,"texture":"#0"},"up":{"uv":[2,0,1,0],"texture":"#0"},"down":{"uv":[2,0,1,0],"rotation":180,"texture":"#0"}}},{"from":[9.7,8.3,7.6],"to":[10.7,9.3,8.4],"rotation":{"angle":-22.5,"axis":"z","origin":[10,9,8]},"faces":{"north":{"uv":[15,8,16,7],"rotation":270,"texture":"#0"},"east":{"uv":[13,8,14,7],"rotation":270,"texture":"#0"},"south":{"uv":[16,8,15,7],"rotation":90,"texture":"#0"},"west":{"uv":[13,7,14,6],"rotation":270,"texture":"#0"},"up":{"uv":[14,8,15,7],"rotation":90,"texture":"#0"},"down":{"uv":[14,8,15,7],"rotation":90,"texture":"#0"}}},{"from":[9.5,3.5,7.5],"to":[10.5,8.5,8.5],"rotation":{"angle":0,"axis":"y","origin":[15,2.5,7.5]},"faces":{"north":{"uv":[16,3,11,2],"rotation":270,"texture":"#0"},"east":{"uv":[11,2,16,1],"rotation":270,"texture":"#0"},"south":{"uv":[11,3,16,2],"rotation":90,"texture":"#0"},"west":{"uv":[11,1,16,0],"rotation":270,"texture":"#0"},"up":{"uv":[10,1,11,0],"rotation":90,"texture":"#0"},"down":{"uv":[10,1,11,0],"rotation":90,"texture":"#0"}}},{"from":[5,13,7],"to":[11,15,9],"rotation":{"angle":0,"axis":"y","origin":[0,-1,0]},"faces":{"north":{"uv":[10,14,16,16],"texture":"#6"},"east":{"uv":[3,10.75,5,12.75],"texture":"#6"},"south":{"uv":[10,14,16,16],"texture":"#6"},"west":{"uv":[3,10.75,5,12.75],"texture":"#6"},"up":{"uv":[10,0,16,2],"texture":"#6"},"down":{"uv":[10,2,16,4],"texture":"#6"}}},{"from":[6.3,10.3,7.5],"to":[10.2,12.3,8.5],"rotation":{"angle":45,"axis":"z","origin":[8,14,8]},"faces":{"north":{"uv":[5,14,9,16],"rotation":180,"texture":"#6"},"east":{"uv":[9,14,10,16],"texture":"#6"},"south":{"uv":[5,16,9,14],"texture":"#6"},"west":{"uv":[9,14,10,16],"texture":"#6"},"up":{"uv":[5,13,9,14],"texture":"#6"},"down":{"uv":[5,13,9,14],"texture":"#6"}}},{"from":[11,0.8,7],"to":[14,3.8,9],"rotation":{"angle":45,"axis":"z","origin":[1.5,0.5,1.5]},"faces":{"north":{"uv":[0,13,3,16],"texture":"#6"},"east":{"uv":[3,13,5,16],"texture":"#6"},"south":{"uv":[0,13,3,16],"rotation":90,"texture":"#6"},"west":{"uv":[3,11,0,13],"rotation":90,"texture":"#6"},"up":{"uv":[3,13,5,16],"rotation":90,"texture":"#6"},"down":{"uv":[0,11,3,13],"texture":"#6"}}},{"from":[7.3,9.3,7.5],"to":[10.2,10.3,8.5],"rotation":{"angle":45,"axis":"z","origin":[8,14,8]},"faces":{"north":{"uv":[5,12,8,13],"texture":"#6"},"east":{"uv":[8,12,9,13],"texture":"#6"},"south":{"uv":[8,12,5,13],"texture":"#6"},"west":{"uv":[8,12,9,13],"texture":"#6"},"up":{"uv":[5,12,8,13],"texture":"#6"},"down":{"uv":[5,11,8,12],"texture":"#6"}}},{"from":[12,12,7.7],"to":[14.2,14,8.2],"rotation":{"angle":0,"axis":"y","origin":[16,-1.5,7.7]},"faces":{"north":{"uv":[8.25,7,6.25,9],"texture":"#1"},"east":{"uv":[6.25,7,5.75,9],"texture":"#1"},"south":{"uv":[6.25,7,8.25,9],"texture":"#1"},"west":{"uv":[6.25,7,5.75,9],"texture":"#1"},"up":{"uv":[8.25,9,6.25,9.5],"texture":"#1"},"down":{"uv":[8.25,9,6.25,9.5],"texture":"#1"}}},{"from":[14.2,12.2,7.7],"to":[15.4,13.8,8.2],"rotation":{"angle":0,"axis":"y","origin":[16,-1.5,7.7]},"faces":{"north":{"uv":[9.25,8,8.25,9.5],"texture":"#1"},"east":{"uv":[8.75,6.5,8.25,8],"texture":"#1"},"south":{"uv":[8.25,8,9.25,9.5],"texture":"#1"},"west":{"uv":[8.75,6.5,8.25,8],"texture":"#1"},"up":{"uv":[8.75,8,9.25,7],"rotation":90,"texture":"#1"},"down":{"uv":[8.75,7,9.25,6],"rotation":90,"texture":"#1"}}},{"from":[15.9,17.5,7.8],"to":[17.6,18.5,8.1],"rotation":{"angle":45,"axis":"z","origin":[21,13,8.7]},"faces":{"north":{"uv":[8.25,3.25,9.25,4.75],"rotation":90,"texture":"#1"},"east":{"uv":[9.25,4.75,8.75,5.75],"texture":"#1"},"south":{"uv":[8.25,4.75,9.25,3.25],"rotation":90,"texture":"#1"},"west":{"uv":[9.25,4.75,8.75,5.75],"texture":"#1"},"up":{"uv":[8.25,6.25,8.75,4.75],"rotation":90,"texture":"#1"},"down":{"uv":[8.25,6.25,8.75,4.75],"rotation":90,"texture":"#1"}}},{"from":[10,13.5,8],"to":[15.4,16,8],"rotation":{"angle":0,"axis":"y","origin":[15,-0.5,0]},"faces":{"north":{"uv":[13.5,16,16,10.6],"rotation":90,"texture":"#1"},"east":{"uv":[0,0,0,3],"texture":"#1"},"south":{"uv":[13.5,10.6,16,16],"rotation":90,"texture":"#1"},"west":{"uv":[0,0,0,3],"texture":"#1"},"up":{"uv":[5.4,0,0,0],"texture":"#1"},"down":{"uv":[5.4,0,0,0],"texture":"#1"}}},{"from":[8.1,4.3,7.8],"to":[9.8,5.3,8.1],"rotation":{"angle":-45,"axis":"z","origin":[21,2,8.7]},"faces":{"north":{"uv":[16,7.5,15,9],"rotation":90,"texture":"#1"},"east":{"uv":[16,10,15.5,9],"texture":"#1"},"south":{"uv":[16,9,15,7.5],"rotation":90,"texture":"#1"},"west":{"uv":[16,10,15.5,9],"texture":"#1"},"up":{"uv":[15.5,10.5,15,9],"rotation":90,"texture":"#1"},"down":{"uv":[15.5,10.5,15,9],"rotation":90,"texture":"#1"}}},{"from":[10,10,8],"to":[15.4,12.5,8],"rotation":{"angle":0,"axis":"y","origin":[15,15.5,0]},"faces":{"north":{"uv":[16,16,13.5,10.6],"rotation":90,"texture":"#1"},"east":{"uv":[0,3,0,0],"texture":"#1"},"south":{"uv":[16,10.6,13.5,16],"rotation":90,"texture":"#1"},"west":{"uv":[0,3,0,0],"texture":"#1"},"up":{"uv":[5.4,0,0,0],"texture":"#1"},"down":{"uv":[5.4,0,0,0],"texture":"#1"}}},{"from":[13.4,13,8],"to":[18.4,19,8],"rotation":{"angle":0,"axis":"y","origin":[16,-1,0]},"faces":{"north":{"uv":[5,0,0,6],"texture":"#6"},"east":{"uv":[0,0,0,12],"texture":"#6"},"south":{"uv":[0,0,5,6],"texture":"#6"},"west":{"uv":[0,0,0,12],"texture":"#6"},"up":{"uv":[0,0,8,0],"texture":"#6"},"down":{"uv":[0,0,8,0],"texture":"#6"}}},{"from":[13.4,7,8],"to":[18.4,13,8],"rotation":{"angle":0,"axis":"y","origin":[16,15,0]},"faces":{"north":{"uv":[5,6,0,0],"texture":"#6"},"east":{"uv":[0,12,0,0],"texture":"#6"},"south":{"uv":[0,6,5,0],"texture":"#6"},"west":{"uv":[0,12,0,0],"texture":"#6"},"up":{"uv":[0,0,8,0],"texture":"#6"},"down":{"uv":[0,0,8,0],"texture":"#6"}}},{"from":[15.1,18.8,7.8],"to":[16.1,20.1,8.1],"rotation":{"angle":45,"axis":"z","origin":[20.5,13,8.7]},"faces":{"north":{"uv":[13.5,0,12.5,1.5],"texture":"#1"},"east":{"uv":[12.5,0,12,1.5],"texture":"#1"},"south":{"uv":[12.5,0,13.5,1.5],"texture":"#1"},"west":{"uv":[12.5,0,12,1.5],"texture":"#1"},"up":{"uv":[13.75,1.5,12.75,2],"texture":"#1"},"down":{"uv":[13.75,1.5,12.75,2],"texture":"#1"}}},{"from":[5.9,2.1,7.8],"to":[6.9,3.4,8.1],"rotation":{"angle":-45,"axis":"z","origin":[20.5,0,8.7]},"faces":{"north":{"uv":[15.75,7,14.75,5.5],"texture":"#1"},"east":{"uv":[14.75,7,14.25,5.5],"texture":"#1"},"south":{"uv":[14.75,7,15.75,5.5],"texture":"#1"},"west":{"uv":[14.75,7,14.25,5.5],"texture":"#1"},"up":{"uv":[16,7.5,15,7],"texture":"#1"},"down":{"uv":[16,7.5,15,7],"texture":"#1"}}},{"from":[9.8,11.5,7.7],"to":[12,14.5,8.2],"rotation":{"angle":0,"axis":"y","origin":[15.8,-1.5,7.7]},"faces":{"north":{"uv":[14,0,16,3],"texture":"#1"},"east":{"uv":[14,0,13.5,3],"texture":"#1"},"south":{"uv":[16,0,14,3],"texture":"#1"},"west":{"uv":[14,0,13.5,3],"texture":"#1"},"up":{"uv":[16,3,14,3.5],"texture":"#1"},"down":{"uv":[16,3,14,3.5],"texture":"#1"}}},{"from":[5.8,10.3,7.5],"to":[9.7,12.3,8.5],"rotation":{"angle":-45,"axis":"z","origin":[8,14,8]},"faces":{"north":{"uv":[9,14,5,16],"rotation":180,"texture":"#6"},"east":{"uv":[10,14,9,16],"texture":"#6"},"south":{"uv":[9,16,5,14],"texture":"#6"},"west":{"uv":[10,14,9,16],"texture":"#6"},"up":{"uv":[9,13,5,14],"texture":"#6"},"down":{"uv":[9,13,5,14],"texture":"#6"}}},{"from":[8.3,10.9,6.5],"to":[10.3,12.9,9.5],"rotation":{"angle":-45,"axis":"z","origin":[10,14,8]},"faces":{"north":{"uv":[14,12,16,14],"texture":"#6"},"east":{"uv":[11,12,14,14],"rotation":180,"texture":"#6"},"south":{"uv":[14,12,16,14],"rotation":270,"texture":"#6"},"west":{"uv":[9,11,11,14],"rotation":270,"texture":"#6"},"up":{"uv":[9,11,11,14],"rotation":180,"texture":"#6"},"down":{"uv":[11,12,14,14],"rotation":270,"texture":"#6"}}},{"from":[8.7,-1.5,7.5],"to":[10.2,2.5,7.5],"rotation":{"angle":0,"axis":"y","origin":[8.1,-0.5,7.5]},"faces":{"north":{"uv":[13,15.75,9,14.25],"rotation":90,"texture":"#0"},"east":{"uv":[17,0,13,0],"rotation":90,"texture":"#0"},"south":{"uv":[9,15.75,13,14.25],"rotation":270,"texture":"#0"},"west":{"uv":[17,1,13,1],"rotation":90,"texture":"#0"},"up":{"uv":[14,11,14,9],"rotation":270,"texture":"#0"},"down":{"uv":[14,11,14,9],"rotation":270,"texture":"#0"}}},{"from":[5.8,-1.5,8.5],"to":[7.3,2.5,8.5],"rotation":{"angle":0,"axis":"y","origin":[7.9,-0.5,8.5]},"faces":{"north":{"uv":[9,15.75,13,14.25],"rotation":270,"texture":"#0"},"east":{"uv":[17,1,13,1],"rotation":90,"texture":"#0"},"south":{"uv":[13,15.75,9,14.25],"rotation":90,"texture":"#0"},"west":{"uv":[17,0,13,0],"rotation":90,"texture":"#0"},"up":{"uv":[14,9,14,11],"rotation":270,"texture":"#0"},"down":{"uv":[14,9,14,11],"rotation":270,"texture":"#0"}}},{"from":[8.7,-1.5,8.5],"to":[10.2,2.5,8.5],"rotation":{"angle":0,"axis":"y","origin":[8.1,-0.5,8.5]},"faces":{"north":{"uv":[9,14.25,13,15.75],"rotation":270,"texture":"#0"},"east":{"uv":[17,0,13,0],"rotation":90,"texture":"#0"},"south":{"uv":[13,14.25,9,15.75],"rotation":90,"texture":"#0"},"west":{"uv":[17,1,13,1],"rotation":90,"texture":"#0"},"up":{"uv":[14,11,14,9],"rotation":270,"texture":"#0"},"down":{"uv":[14,11,14,9],"rotation":270,"texture":"#0"}}},{"from":[5.9,7.4,7.4],"to":[6.4,9.4,8.6],"rotation":{"angle":45,"axis":"z","origin":[1.4,10.7,5]},"faces":{"north":{"uv":[9,8.5,9.5,6.5],"texture":"#0"},"east":{"uv":[12,5,10,3],"texture":"#0"},"south":{"uv":[9.5,8.5,9,6.5],"texture":"#0"},"west":{"uv":[10,10.5,9,8.5],"texture":"#0"},"up":{"uv":[10,8.5,9.5,6.5],"texture":"#0"},"down":{"uv":[10,8.5,9.5,6.5],"texture":"#0"}}},{"from":[10,14,6.5],"to":[10.5,15.5,9.5],"faces":{"north":{"uv":[12.5,4,13,5.5],"texture":"#6"},"east":{"uv":[13,4,16,5.5],"texture":"#6"},"south":{"uv":[12.5,4,13,5.5],"texture":"#6"},"west":{"uv":[13,4,16,5.5],"texture":"#6"},"up":{"uv":[13,5.5,16,6],"rotation":90,"texture":"#6"},"down":{"uv":[13,5.5,16,6],"rotation":90,"texture":"#6"}}},{"from":[5.5,14,6.5],"to":[6,15.5,9.5],"faces":{"north":{"uv":[12.5,4,13,5.5],"texture":"#6"},"east":{"uv":[13,4,16,5.5],"texture":"#6"},"south":{"uv":[12.5,4,13,5.5],"texture":"#6"},"west":{"uv":[13,4,16,5.5],"texture":"#6"},"up":{"uv":[13,5.5,16,6],"rotation":90,"texture":"#6"},"down":{"uv":[13,5.5,16,6],"rotation":90,"texture":"#6"}}},{"from":[2.75,5.15,7.1],"to":[5.75,7.65,7.1],"rotation":{"angle":0,"axis":"y","origin":[4.95,6.4,7.1]},"faces":{"north":{"uv":[7,12.25,4,14.75],"texture":"#0"},"east":{"uv":[0,0,0,2],"texture":"#0"},"south":{"uv":[4,12.25,7,14.75],"texture":"#0"},"west":{"uv":[0,0,0,2],"texture":"#0"},"up":{"uv":[0,0,2,0],"texture":"#0"},"down":{"uv":[0,0,2,0],"texture":"#0"}}},{"from":[2.75,5.15,8.9],"to":[5.75,7.65,8.9],"rotation":{"angle":0,"axis":"y","origin":[4.95,6.4,8.9]},"faces":{"north":{"uv":[4,14.75,7,12.25],"rotation":180,"texture":"#0"},"east":{"uv":[0,0,0,2],"texture":"#0"},"south":{"uv":[7,14.75,4,12.25],"rotation":180,"texture":"#0"},"west":{"uv":[0,0,0,2],"texture":"#0"},"up":{"uv":[0,0,2,0],"texture":"#0"},"down":{"uv":[0,0,2,0],"texture":"#0"}}},{"from":[5.8,9.3,7.5],"to":[8.7,10.3,8.5],"rotation":{"angle":-45,"axis":"z","origin":[8,14,8]},"faces":{"north":{"uv":[8,12,5,13],"texture":"#6"},"east":{"uv":[9,12,8,13],"texture":"#6"},"south":{"uv":[5,12,8,13],"texture":"#6"},"west":{"uv":[9,12,8,13],"texture":"#6"},"up":{"uv":[8,12,5,13],"texture":"#6"},"down":{"uv":[8,11,5,12],"texture":"#6"}}},{"from":[4.10841,11.60841,6.9],"to":[6.10841,13.60841,9.1],"rotation":{"angle":0,"axis":"y","origin":[3.5,12.60841,8]},"faces":{"north":{"uv":[11.25,6.25,9.25,4.25],"rotation":270,"texture":"#1"},"east":{"uv":[8.25,5,6.25,3],"rotation":90,"texture":"#1"},"south":{"uv":[11.25,6.25,9.25,4.25],"rotation":90,"texture":"#1"},"west":{"uv":[8.25,7,6.25,5],"rotation":90,"texture":"#1"},"up":{"uv":[13.25,6.25,11.25,4.25],"rotation":90,"texture":"#1"},"down":{"uv":[13.25,6.25,11.25,4.25],"rotation":90,"texture":"#1"}}},{"from":[-0.3525,9.94436,7.975],"to":[2.6475,12.44436,7.975],"rotation":{"angle":22.5,"axis":"z","origin":[3.5,12.60841,8]},"faces":{"north":{"uv":[11.75,9.25,9.25,6.25],"rotation":270,"texture":"#1"},"east":{"uv":[0,0,0,3],"texture":"#1"},"south":{"uv":[9.25,9.25,11.75,6.25],"rotation":90,"texture":"#1"},"west":{"uv":[0,0,0,3],"rotation":180,"texture":"#1"},"up":{"uv":[0,3,0,0],"rotation":90,"texture":"#1"},"down":{"uv":[0,3,0,0],"rotation":90,"texture":"#1"}}},{"from":[2.59003,10.47459,7.775],"to":[3.59003,12.47459,8.275],"rotation":{"angle":22.5,"axis":"z","origin":[3.5,12.60841,8]},"faces":{"north":{"uv":[8.25,2,9.25,0],"rotation":180,"texture":"#1"},"east":{"uv":[9.75,2,9.25,0],"rotation":180,"texture":"#1"},"south":{"uv":[9.25,2,8.25,0],"rotation":180,"texture":"#1"},"west":{"uv":[10.75,2,10.25,0],"rotation":180,"texture":"#1"},"up":{"uv":[12,1,11.5,0],"rotation":270,"texture":"#1"},"down":{"uv":[9.25,2.5,8.25,2],"texture":"#1"}}},{"from":[3.59003,10.47459,7.775],"to":[5.59003,11.47459,8.275],"rotation":{"angle":22.5,"axis":"z","origin":[3.5,12.60841,8]},"faces":{"north":{"uv":[7,3,6,1],"rotation":270,"texture":"#1"},"east":{"uv":[5,2.5,6,2],"rotation":270,"texture":"#1"},"south":{"uv":[6,3,7,1],"rotation":90,"texture":"#1"},"west":{"uv":[5,2.5,6,2],"rotation":270,"texture":"#1"},"up":{"uv":[7,3,7.5,1],"rotation":90,"texture":"#1"},"down":{"uv":[7,3,7.5,1],"rotation":90,"texture":"#1"}}},{"from":[3.8709,9.9294,7.675],"to":[4.8709,10.9294,8.375],"rotation":{"angle":-22.5,"axis":"z","origin":[3.5,12.60841,8]},"faces":{"north":{"uv":[11.75,7.25,12.75,6.25],"rotation":180,"texture":"#1"},"east":{"uv":[13.25,7.25,12.75,6.25],"rotation":180,"texture":"#1"},"south":{"uv":[12.75,7.25,11.75,6.25],"rotation":180,"texture":"#1"},"west":{"uv":[12.75,7.75,11.75,7.25],"rotation":270,"texture":"#1"},"up":{"uv":[13.25,7.25,12.75,6.25],"rotation":270,"texture":"#1"},"down":{"uv":[12.75,7.75,11.75,7.25],"texture":"#1"}}},{"from":[3.8709,14.28742,7.675],"to":[4.8709,15.28742,8.375],"rotation":{"angle":22.5,"axis":"z","origin":[3.5,12.60841,8]},"faces":{"north":{"uv":[11.75,6.25,12.75,7.25],"rotation":180,"texture":"#1"},"east":{"uv":[13.25,6.25,12.75,7.25],"rotation":180,"texture":"#1"},"south":{"uv":[12.75,6.25,11.75,7.25],"rotation":180,"texture":"#1"},"west":{"uv":[11.75,7.75,12.75,7.25],"rotation":270,"texture":"#1"},"up":{"uv":[12.75,7.25,11.75,7.75],"texture":"#1"},"down":{"uv":[12.75,7.25,13.25,6.25],"rotation":270,"texture":"#1"}}},{"from":[3.59003,13.74223,7.775],"to":[5.59003,14.74223,8.275],"rotation":{"angle":-22.5,"axis":"z","origin":[3.5,12.60841,8]},"faces":{"north":{"uv":[6,3,7,1],"rotation":270,"texture":"#1"},"east":{"uv":[6,2.5,5,2],"rotation":270,"texture":"#1"},"south":{"uv":[7,3,6,1],"rotation":90,"texture":"#1"},"west":{"uv":[6,2.5,5,2],"rotation":270,"texture":"#1"},"up":{"uv":[7.5,3,7,1],"rotation":90,"texture":"#1"},"down":{"uv":[7.5,3,7,1],"rotation":90,"texture":"#1"}}},{"from":[2.59003,12.74223,7.775],"to":[3.59003,14.74223,8.275],"rotation":{"angle":-22.5,"axis":"z","origin":[3.5,12.60841,8]},"faces":{"north":{"uv":[8.25,0,9.25,2],"rotation":180,"texture":"#1"},"east":{"uv":[9.75,0,9.25,2],"rotation":180,"texture":"#1"},"south":{"uv":[9.25,0,8.25,2],"rotation":180,"texture":"#1"},"west":{"uv":[10.75,0,10.25,2],"rotation":180,"texture":"#1"},"up":{"uv":[9.25,2,8.25,2.5],"texture":"#1"},"down":{"uv":[11.5,1,12,0],"rotation":270,"texture":"#1"}}},{"from":[-0.3525,12.77247,7.975],"to":[2.6475,15.27247,7.975],"rotation":{"angle":-22.5,"axis":"z","origin":[3.5,12.60841,8]},"faces":{"north":{"uv":[9.25,9.25,11.75,6.25],"rotation":270,"texture":"#1"},"east":{"uv":[0,3,0,0],"texture":"#1"},"south":{"uv":[11.75,9.25,9.25,6.25],"rotation":90,"texture":"#1"},"west":{"uv":[0,3,0,0],"rotation":180,"texture":"#1"},"up":{"uv":[0,3,0,0],"rotation":90,"texture":"#1"},"down":{"uv":[0,3,0,0],"rotation":90,"texture":"#1"}}},{"from":[3.59003,12.33341,5.86618],"to":[5.59003,12.83341,6.86618],"rotation":{"angle":-22.5,"axis":"y","origin":[3.5,12.60841,8]},"faces":{"north":{"uv":[7,3,7.5,1],"rotation":270,"texture":"#1"},"east":{"uv":[5,2.5,6,2],"rotation":180,"texture":"#1"},"south":{"uv":[7,3,7.5,1],"rotation":90,"texture":"#1"},"west":{"uv":[5,2.5,6,2],"texture":"#1"},"up":{"uv":[7,3,6,1],"rotation":90,"texture":"#1"},"down":{"uv":[6,3,7,1],"rotation":90,"texture":"#1"}}},{"from":[3.59003,12.33341,9.13382],"to":[5.59003,12.83341,10.13382],"rotation":{"angle":22.5,"axis":"y","origin":[3.5,12.60841,8]},"faces":{"north":{"uv":[7.5,3,7,1],"rotation":270,"texture":"#1"},"east":{"uv":[6,2.5,5,2],"rotation":180,"texture":"#1"},"south":{"uv":[7.5,3,7,1],"rotation":90,"texture":"#1"},"west":{"uv":[6,2.5,5,2],"texture":"#1"},"up":{"uv":[6,3,7,1],"rotation":90,"texture":"#1"},"down":{"uv":[7,3,6,1],"rotation":90,"texture":"#1"}}},{"from":[-0.3525,12.63341,8.16405],"to":[2.6475,12.63341,10.66405],"rotation":{"angle":22.5,"axis":"y","origin":[3.5,12.60841,8]},"faces":{"north":{"uv":[0,3,0,0],"rotation":270,"texture":"#1"},"east":{"uv":[0,3,0,0],"rotation":270,"texture":"#1"},"south":{"uv":[0,3,0,0],"rotation":90,"texture":"#1"},"west":{"uv":[0,3,0,0],"rotation":270,"texture":"#1"},"up":{"uv":[9.25,9.25,11.75,6.25],"rotation":90,"texture":"#1"},"down":{"uv":[11.75,9.25,9.25,6.25],"rotation":90,"texture":"#1"}}},{"from":[2.59003,12.33341,8.13382],"to":[3.59003,12.83341,10.13382],"rotation":{"angle":22.5,"axis":"y","origin":[3.5,12.60841,8]},"faces":{"north":{"uv":[11.5,1,12,0],"rotation":90,"texture":"#1"},"east":{"uv":[9.75,0,9.25,2],"rotation":90,"texture":"#1"},"south":{"uv":[9.25,2,8.25,2.5],"texture":"#1"},"west":{"uv":[10.75,0,10.25,2],"rotation":270,"texture":"#1"},"up":{"uv":[8.25,0,9.25,2],"texture":"#1"},"down":{"uv":[9.25,0,8.25,2],"rotation":180,"texture":"#1"}}},{"from":[3.8709,12.23341,9.67901],"to":[4.8709,12.93341,10.67901],"rotation":{"angle":-22.5,"axis":"y","origin":[3.5,12.60841,8]},"faces":{"north":{"uv":[12.75,7.25,13.25,6.25],"rotation":90,"texture":"#1"},"east":{"uv":[13.25,6.25,12.75,7.25],"rotation":90,"texture":"#1"},"south":{"uv":[12.75,7.25,11.75,7.75],"texture":"#1"},"west":{"uv":[11.75,7.75,12.75,7.25],"texture":"#1"},"up":{"uv":[11.75,6.25,12.75,7.25],"texture":"#1"},"down":{"uv":[12.75,6.25,11.75,7.25],"rotation":180,"texture":"#1"}}},{"from":[3.8709,12.23341,5.32099],"to":[4.8709,12.93341,6.32099],"rotation":{"angle":22.5,"axis":"y","origin":[3.5,12.60841,8]},"faces":{"north":{"uv":[12.75,7.75,11.75,7.25],"rotation":180,"texture":"#1"},"east":{"uv":[13.25,7.25,12.75,6.25],"rotation":90,"texture":"#1"},"south":{"uv":[13.25,7.25,12.75,6.25],"rotation":270,"texture":"#1"},"west":{"uv":[12.75,7.75,11.75,7.25],"texture":"#1"},"up":{"uv":[11.75,7.25,12.75,6.25],"texture":"#1"},"down":{"uv":[12.75,7.25,11.75,6.25],"rotation":180,"texture":"#1"}}},{"from":[2.59003,12.33341,5.86618],"to":[3.59003,12.83341,7.86618],"rotation":{"angle":-22.5,"axis":"y","origin":[3.5,12.60841,8]},"faces":{"north":{"uv":[9.25,2.5,8.25,2],"rotation":180,"texture":"#1"},"east":{"uv":[9.75,2,9.25,0],"rotation":90,"texture":"#1"},"south":{"uv":[12,1,11.5,0],"rotation":270,"texture":"#1"},"west":{"uv":[10.75,2,10.25,0],"rotation":270,"texture":"#1"},"up":{"uv":[8.25,2,9.25,0],"texture":"#1"},"down":{"uv":[9.25,2,8.25,0],"rotation":180,"texture":"#1"}}},{"from":[-0.3525,12.63341,5.33595],"to":[2.6475,12.63341,7.83595],"rotation":{"angle":-22.5,"axis":"y","origin":[3.5,12.60841,8]},"faces":{"north":{"uv":[0,3,0,0],"rotation":270,"texture":"#1"},"east":{"uv":[0,0,0,3],"rotation":270,"texture":"#1"},"south":{"uv":[0,3,0,0],"rotation":90,"texture":"#1"},"west":{"uv":[0,0,0,3],"rotation":270,"texture":"#1"},"up":{"uv":[11.75,9.25,9.25,6.25],"rotation":90,"texture":"#1"},"down":{"uv":[9.25,9.25,11.75,6.25],"rotation":90,"texture":"#1"}}}],"gui_light":"front","display":{"thirdperson_righthand":{"rotation":[0,90,0],"translation":[0,10.25,2]},"thirdperson_lefthand":{"rotation":[0,-90,0],"translation":[0,10.25,2]},"firstperson_righthand":{"rotation":[0,90,0],"translation":[2.5,6.5,0.5],"scale":[0.46289,0.46289,0.46289]},"firstperson_lefthand":{"rotation":[0,-90,0],"translation":[2.5,6.5,0.5],"scale":[0.46289,0.46289,0.46289]},"ground":{"rotation":[0,0,-45],"translation":[0,11,0],"scale":[0.6,0.6,0.6]},"gui":{"rotation":[0,0,-45],"translation":[-0.25,0.75,-2],"scale":[0.56266,0.56266,0.56266]},"head":{"translation":[-0.25,-19,0.5],"scale":[0,0,0]},"fixed":{"rotation":[0,180,0],"translation":[0,10,-1.75],"scale":[2,2,2]}}}