{"credit":"MadewithBlockbench","textures":{"0":"elitecreatures:king_arthur_animated_weapon_set/texture1","1":"elitecreatures:king_arthur_animated_weapon_set/texture2","3":"elitecreatures:king_arthur_animated_weapon_set/texture4","4":"elitecreatures:king_arthur_animated_weapon_set/texture5","5":"elitecreatures:king_arthur_animated_weapon_set/texture6","6":"elitecreatures:king_arthur_animated_weapon_set/texture7","9":"elitecreatures:king_arthur_animated_weapon_set/texture10","10":"elitecreatures:king_arthur_animated_weapon_set/symbol","11":"elitecreatures:king_arthur_animated_weapon_set/texture11","12":"elitecreatures:king_arthur_animated_weapon_set/swords","particle":"elitecreatures:king_arthur_animated_weapon_set/texture1"},"elements":[{"from":[7.5,-1,8],"to":[11,14,8],"rotation":{"angle":0,"axis":"y","origin":[16,0,0]},"faces":{"north":{"uv":[16,0,14.25,7.5],"texture":"#9"},"east":{"uv":[0,0,0,6.5],"texture":"#9"},"south":{"uv":[14.25,0,16,7.5],"texture":"#9"},"west":{"uv":[0,0,0,6.5],"texture":"#9"},"up":{"uv":[0,2,0,0],"rotation":90,"texture":"#9"},"down":{"uv":[0,2,0,0],"rotation":270,"texture":"#9"}}},{"from":[7.5,-10,8],"to":[11,0,8],"rotation":{"angle":0,"axis":"y","origin":[16,0,0]},"faces":{"north":{"uv":[14.25,0,16,5],"texture":"#9"},"east":{"uv":[0,0,0,6.5],"texture":"#9"},"south":{"uv":[16,0,14.25,5],"texture":"#9"},"west":{"uv":[0,0,0,6.5],"texture":"#9"},"up":{"uv":[0,2,0,0],"rotation":90,"texture":"#9"},"down":{"uv":[0,2,0,0],"rotation":270,"texture":"#9"}}},{"from":[7.6,8.5,7.3],"to":[9,10,8.7],"rotation":{"angle":0,"axis":"y","origin":[16,0,0]},"faces":{"north":{"uv":[10.5,5,9,6.5],"texture":"#0"},"east":{"uv":[7.5,9.5,9,8],"rotation":90,"texture":"#0"},"south":{"uv":[10.5,5,9,6.5],"texture":"#0"},"west":{"uv":[7.5,9.5,9,8],"rotation":90,"texture":"#0"},"up":{"uv":[7.5,8,6,9.5],"texture":"#0"},"down":{"uv":[9.5,3,11,1.5],"rotation":270,"texture":"#0"}}},{"from":[8.5,4.1,7.3],"to":[9.9,5.6,8.7],"rotation":{"angle":22.5,"axis":"z","origin":[8.3,5.25,8]},"faces":{"north":{"uv":[10.5,5,9,6.5],"texture":"#0"},"east":{"uv":[7.5,9.5,9,8],"rotation":90,"texture":"#0"},"south":{"uv":[10.5,5,9,6.5],"texture":"#0"},"west":{"uv":[7.5,9.5,9,8],"rotation":90,"texture":"#0"},"up":{"uv":[7.5,8,6,9.5],"texture":"#0"},"down":{"uv":[9.5,3,11,1.5],"rotation":270,"texture":"#0"}}},{"from":[9.3,0.5,7.3],"to":[10.7,2,8.7],"rotation":{"angle":0,"axis":"y","origin":[8.3,5.25,8]},"faces":{"north":{"uv":[10.5,5,9,6.5],"texture":"#0"},"east":{"uv":[7.5,9.5,9,8],"rotation":90,"texture":"#0"},"south":{"uv":[10.5,5,9,6.5],"texture":"#0"},"west":{"uv":[7.5,9.5,9,8],"rotation":90,"texture":"#0"},"up":{"uv":[7.5,8,6,9.5],"texture":"#0"},"down":{"uv":[9.5,3,11,1.5],"rotation":270,"texture":"#0"}}},{"from":[7.5,14.21683,6.9],"to":[9.5,16.21683,9.1],"rotation":{"angle":0,"axis":"y","origin":[8.5,13.60841,8]},"faces":{"north":{"uv":[11.25,4.25,9.25,6.25],"rotation":180,"texture":"#1"},"east":{"uv":[13.25,4.25,11.25,6.25],"rotation":180,"texture":"#1"},"south":{"uv":[11.25,4.25,9.25,6.25],"rotation":180,"texture":"#1"},"west":{"uv":[13.25,4.25,11.25,6.25],"rotation":180,"texture":"#1"},"up":{"uv":[8.25,3,6.25,5],"rotation":180,"texture":"#1"},"down":{"uv":[8.25,5,6.25,7],"rotation":180,"texture":"#1"}}},{"from":[5.83595,9.75591,7.975],"to":[8.33595,12.75591,7.975],"rotation":{"angle":-22.5,"axis":"z","origin":[8.5,13.60841,8]},"faces":{"north":{"uv":[11.75,6.25,9.25,9.25],"rotation":180,"texture":"#1"},"east":{"uv":[0,0,0,3],"rotation":180,"texture":"#1"},"south":{"uv":[9.25,6.25,11.75,9.25],"rotation":180,"texture":"#1"},"west":{"uv":[0,0,0,3],"rotation":180,"texture":"#1"},"up":{"uv":[0,0,0,3],"rotation":90,"texture":"#1"},"down":{"uv":[0,0,0,3],"rotation":270,"texture":"#1"}}},{"from":[6.36618,12.69845,7.775],"to":[8.36618,13.69845,8.275],"rotation":{"angle":-22.5,"axis":"z","origin":[8.5,13.60841,8]},"faces":{"north":{"uv":[9.25,2,8.25,0],"rotation":90,"texture":"#1"},"east":{"uv":[12,0,11.5,1],"texture":"#1"},"south":{"uv":[8.25,2,9.25,0],"rotation":270,"texture":"#1"},"west":{"uv":[8.25,2.5,9.25,2],"rotation":90,"texture":"#1"},"up":{"uv":[9.25,2,9.75,0],"rotation":270,"texture":"#1"},"down":{"uv":[10.25,2,10.75,0],"rotation":270,"texture":"#1"}}},{"from":[6.36618,13.69845,7.775],"to":[7.36618,15.69845,8.275],"rotation":{"angle":-22.5,"axis":"z","origin":[8.5,13.60841,8]},"faces":{"north":{"uv":[7,1,6,3],"rotation":180,"texture":"#1"},"east":{"uv":[7,1,7.5,3],"rotation":180,"texture":"#1"},"south":{"uv":[6,1,7,3],"rotation":180,"texture":"#1"},"west":{"uv":[7,1,7.5,3],"rotation":180,"texture":"#1"},"up":{"uv":[5,2,6,2.5],"texture":"#1"},"down":{"uv":[5,2,6,2.5],"texture":"#1"}}},{"from":[5.82099,13.97931,7.675],"to":[6.82099,14.97931,8.375],"rotation":{"angle":22.5,"axis":"z","origin":[8.5,13.60841,8]},"faces":{"north":{"uv":[12.75,7.25,11.75,6.25],"rotation":90,"texture":"#1"},"east":{"uv":[13.25,6.25,12.75,7.25],"texture":"#1"},"south":{"uv":[11.75,7.25,12.75,6.25],"rotation":270,"texture":"#1"},"west":{"uv":[11.75,7.75,12.75,7.25],"rotation":90,"texture":"#1"},"up":{"uv":[12.75,7.25,13.25,6.25],"rotation":270,"texture":"#1"},"down":{"uv":[12.75,7.25,11.75,7.75],"texture":"#1"}}},{"from":[10.17901,13.97931,7.675],"to":[11.17901,14.97931,8.375],"rotation":{"angle":-22.5,"axis":"z","origin":[8.5,13.60841,8]},"faces":{"north":{"uv":[12.75,6.25,11.75,7.25],"rotation":90,"texture":"#1"},"east":{"uv":[11.75,7.25,12.75,7.75],"rotation":90,"texture":"#1"},"south":{"uv":[11.75,6.25,12.75,7.25],"rotation":270,"texture":"#1"},"west":{"uv":[12.75,6.25,13.25,7.25],"texture":"#1"},"up":{"uv":[12.75,6.25,13.25,7.25],"rotation":270,"texture":"#1"},"down":{"uv":[11.75,7.25,12.75,7.75],"texture":"#1"}}},{"from":[9.63382,13.69845,7.775],"to":[10.63382,15.69845,8.275],"rotation":{"angle":22.5,"axis":"z","origin":[8.5,13.60841,8]},"faces":{"north":{"uv":[6,1,7,3],"rotation":180,"texture":"#1"},"east":{"uv":[7.5,1,7,3],"rotation":180,"texture":"#1"},"south":{"uv":[7,1,6,3],"rotation":180,"texture":"#1"},"west":{"uv":[7.5,1,7,3],"rotation":180,"texture":"#1"},"up":{"uv":[6,2,5,2.5],"texture":"#1"},"down":{"uv":[6,2,5,2.5],"texture":"#1"}}},{"from":[8.63382,12.69845,7.775],"to":[10.63382,13.69845,8.275],"rotation":{"angle":22.5,"axis":"z","origin":[8.5,13.60841,8]},"faces":{"north":{"uv":[9.25,0,8.25,2],"rotation":90,"texture":"#1"},"east":{"uv":[8.25,2,9.25,2.5],"rotation":90,"texture":"#1"},"south":{"uv":[8.25,0,9.25,2],"rotation":270,"texture":"#1"},"west":{"uv":[11.5,0,12,1],"texture":"#1"},"up":{"uv":[9.25,0,9.75,2],"rotation":270,"texture":"#1"},"down":{"uv":[10.25,0,10.75,2],"rotation":270,"texture":"#1"}}},{"from":[8.66405,9.75591,7.975],"to":[11.16405,12.75591,7.975],"rotation":{"angle":22.5,"axis":"z","origin":[8.5,13.60841,8]},"faces":{"north":{"uv":[9.25,6.25,11.75,9.25],"rotation":180,"texture":"#1"},"east":{"uv":[0,0,0,3],"rotation":180,"texture":"#1"},"south":{"uv":[11.75,6.25,9.25,9.25],"rotation":180,"texture":"#1"},"west":{"uv":[0,0,0,3],"rotation":180,"texture":"#1"},"up":{"uv":[0,3,0,0],"rotation":90,"texture":"#1"},"down":{"uv":[0,3,0,0],"rotation":270,"texture":"#1"}}},{"from":[8.225,13.69845,5.86618],"to":[8.725,15.69845,6.86618],"rotation":{"angle":22.5,"axis":"x","origin":[8.5,13.60841,8]},"faces":{"north":{"uv":[7,1,7.5,3],"rotation":180,"texture":"#1"},"east":{"uv":[7,1,6,3],"rotation":180,"texture":"#1"},"south":{"uv":[7,1,7.5,3],"rotation":180,"texture":"#1"},"west":{"uv":[6,1,7,3],"rotation":180,"texture":"#1"},"up":{"uv":[6,2.5,5,2],"rotation":270,"texture":"#1"},"down":{"uv":[6,2.5,5,2],"rotation":90,"texture":"#1"}}},{"from":[8.225,13.69845,9.13382],"to":[8.725,15.69845,10.13382],"rotation":{"angle":-22.5,"axis":"x","origin":[8.5,13.60841,8]},"faces":{"north":{"uv":[7.5,1,7,3],"rotation":180,"texture":"#1"},"east":{"uv":[6,1,7,3],"rotation":180,"texture":"#1"},"south":{"uv":[7.5,1,7,3],"rotation":180,"texture":"#1"},"west":{"uv":[7,1,6,3],"rotation":180,"texture":"#1"},"up":{"uv":[5,2.5,6,2],"rotation":270,"texture":"#1"},"down":{"uv":[5,2.5,6,2],"rotation":90,"texture":"#1"}}},{"from":[8.525,9.75591,8.16405],"to":[8.525,12.75591,10.66405],"rotation":{"angle":-22.5,"axis":"x","origin":[8.5,13.60841,8]},"faces":{"north":{"uv":[0,0,0,3],"rotation":180,"texture":"#1"},"east":{"uv":[9.25,6.25,11.75,9.25],"rotation":180,"texture":"#1"},"south":{"uv":[0,0,0,3],"rotation":180,"texture":"#1"},"west":{"uv":[11.75,6.25,9.25,9.25],"rotation":180,"texture":"#1"},"up":{"uv":[0,0,0,3],"texture":"#1"},"down":{"uv":[0,0,0,3],"texture":"#1"}}},{"from":[8.225,12.69845,8.13382],"to":[8.725,13.69845,10.13382],"rotation":{"angle":-22.5,"axis":"x","origin":[8.5,13.60841,8]},"faces":{"north":{"uv":[11.5,0,12,1],"texture":"#1"},"east":{"uv":[9.25,0,8.25,2],"rotation":90,"texture":"#1"},"south":{"uv":[8.25,2,9.25,2.5],"rotation":90,"texture":"#1"},"west":{"uv":[8.25,0,9.25,2],"rotation":270,"texture":"#1"},"up":{"uv":[9.75,2,9.25,0],"rotation":180,"texture":"#1"},"down":{"uv":[10.75,2,10.25,0],"texture":"#1"}}},{"from":[8.125,13.97931,9.67901],"to":[8.825,14.97931,10.67901],"rotation":{"angle":22.5,"axis":"x","origin":[8.5,13.60841,8]},"faces":{"north":{"uv":[12.75,6.25,13.25,7.25],"texture":"#1"},"east":{"uv":[12.75,6.25,11.75,7.25],"rotation":90,"texture":"#1"},"south":{"uv":[11.75,7.25,12.75,7.75],"rotation":90,"texture":"#1"},"west":{"uv":[11.75,6.25,12.75,7.25],"rotation":270,"texture":"#1"},"up":{"uv":[13.25,7.25,12.75,6.25],"rotation":180,"texture":"#1"},"down":{"uv":[12.75,7.75,11.75,7.25],"rotation":90,"texture":"#1"}}},{"from":[8.125,13.97931,5.32099],"to":[8.825,14.97931,6.32099],"rotation":{"angle":-22.5,"axis":"x","origin":[8.5,13.60841,8]},"faces":{"north":{"uv":[11.75,7.75,12.75,7.25],"rotation":90,"texture":"#1"},"east":{"uv":[12.75,7.25,11.75,6.25],"rotation":90,"texture":"#1"},"south":{"uv":[13.25,6.25,12.75,7.25],"texture":"#1"},"west":{"uv":[11.75,7.25,12.75,6.25],"rotation":270,"texture":"#1"},"up":{"uv":[13.25,6.25,12.75,7.25],"rotation":180,"texture":"#1"},"down":{"uv":[11.75,7.75,12.75,7.25],"rotation":90,"texture":"#1"}}},{"from":[8.225,12.69845,5.86618],"to":[8.725,13.69845,7.86618],"rotation":{"angle":22.5,"axis":"x","origin":[8.5,13.60841,8]},"faces":{"north":{"uv":[8.25,2.5,9.25,2],"rotation":90,"texture":"#1"},"east":{"uv":[9.25,2,8.25,0],"rotation":90,"texture":"#1"},"south":{"uv":[12,0,11.5,1],"texture":"#1"},"west":{"uv":[8.25,2,9.25,0],"rotation":270,"texture":"#1"},"up":{"uv":[9.75,0,9.25,2],"rotation":180,"texture":"#1"},"down":{"uv":[10.75,0,10.25,2],"texture":"#1"}}},{"from":[8.525,9.75591,5.33595],"to":[8.525,12.75591,7.83595],"rotation":{"angle":22.5,"axis":"x","origin":[8.5,13.60841,8]},"faces":{"north":{"uv":[0,0,0,3],"rotation":180,"texture":"#1"},"east":{"uv":[11.75,6.25,9.25,9.25],"rotation":180,"texture":"#1"},"south":{"uv":[0,0,0,3],"rotation":180,"texture":"#1"},"west":{"uv":[9.25,6.25,11.75,9.25],"rotation":180,"texture":"#1"},"up":{"uv":[0,3,0,0],"texture":"#1"},"down":{"uv":[0,3,0,0],"texture":"#1"}}},{"from":[3.5,28,3.5],"to":[12.5,29,12.5],"rotation":{"angle":0,"axis":"y","origin":[16,0,0]},"faces":{"north":{"uv":[0,11,4.5,11.5],"texture":"#11"},"east":{"uv":[4.5,16,5,11.5],"rotation":90,"texture":"#11"},"south":{"uv":[4.5,11,0,11.5],"texture":"#11"},"west":{"uv":[4.5,16,5,11.5],"rotation":90,"texture":"#11"},"up":{"uv":[4.5,11.5,0,16],"texture":"#11"},"down":{"uv":[4.5,11.5,0,16],"texture":"#11"}}},{"from":[3.5,16,3.5],"to":[12.5,17,12.5],"rotation":{"angle":0,"axis":"y","origin":[16,16,0]},"faces":{"north":{"uv":[4.5,1,9,1.5],"texture":"#11"},"east":{"uv":[4.5,0.5,9,1],"texture":"#11"},"south":{"uv":[4.5,1,9,1.5],"texture":"#11"},"west":{"uv":[4.5,0.5,9,1],"texture":"#11"},"up":{"uv":[4.5,4.5,0,0],"texture":"#11"},"down":{"uv":[4.5,0,0,4.5],"texture":"#11"}}},{"from":[12.5,17,3.5],"to":[13.5,28,12.5],"rotation":{"angle":0,"axis":"y","origin":[16.5,18.5,2.5]},"faces":{"north":{"uv":[4.5,4.5,5,10],"texture":"#11"},"east":{"uv":[0,4.5,4.5,10],"texture":"#11"},"south":{"uv":[5,4.5,4.5,10],"texture":"#11"},"west":{"uv":[0,4.5,4.5,10],"texture":"#11"},"up":{"uv":[0,10,4.5,10.5],"rotation":90,"texture":"#11"},"down":{"uv":[0,10,4.5,10.5],"rotation":270,"texture":"#11"}}},{"from":[2.5,17,3.5],"to":[3.5,28,12.5],"rotation":{"angle":0,"axis":"y","origin":[-0.5,18.5,2.5]},"faces":{"north":{"uv":[5,4.5,4.5,10],"texture":"#11"},"east":{"uv":[4.5,4.5,0,10],"texture":"#11"},"south":{"uv":[4.5,4.5,5,10],"texture":"#11"},"west":{"uv":[4.5,4.5,0,10],"texture":"#11"},"up":{"uv":[0,10.5,4.5,10],"rotation":90,"texture":"#11"},"down":{"uv":[0,10.5,4.5,10],"rotation":270,"texture":"#11"}}},{"from":[12.7,24.2,9.8],"to":[12.7,27.2,10.8],"rotation":{"angle":0,"axis":"y","origin":[12,24.2,10.4]},"faces":{"north":{"uv":[0,0,3,0],"rotation":270,"texture":"#0"},"east":{"uv":[4,16,7,15],"rotation":90,"texture":"#0"},"south":{"uv":[0,0,3,0],"rotation":90,"texture":"#0"},"west":{"uv":[4,15,7,16],"rotation":90,"texture":"#0"},"up":{"uv":[2,0,1,0],"rotation":90,"texture":"#0"},"down":{"uv":[2,0,1,0],"rotation":90,"texture":"#0"}}},{"from":[3.3,13.62526,1.8],"to":[6.3,16.62526,4.3],"rotation":{"angle":-45,"axis":"z","origin":[12.61404,13.82526,8]},"faces":{"north":{"uv":[0,1.5,1.5,3],"texture":"#9"},"east":{"uv":[2.5,0,1.25,1.5],"texture":"#9"},"south":{"uv":[1.5,1.5,0,3],"texture":"#9"},"west":{"uv":[1.25,1.5,0,0],"texture":"#9"},"up":{"uv":[1.25,0,0,1.5],"rotation":90,"texture":"#9"},"down":{"uv":[1.25,1.5,2.5,0],"rotation":90,"texture":"#9"}}},{"from":[0.3,16.62526,1.8],"to":[3.3,19.62526,4.3],"rotation":{"angle":-45,"axis":"z","origin":[12.61404,13.82526,8]},"faces":{"north":{"uv":[0,1.5,1.5,3],"texture":"#9"},"east":{"uv":[2.5,0,1.25,1.5],"texture":"#9"},"south":{"uv":[1.5,1.5,0,3],"texture":"#9"},"west":{"uv":[1.25,1.5,0,0],"texture":"#9"},"up":{"uv":[1.25,0,0,1.5],"rotation":90,"texture":"#9"},"down":{"uv":[1.25,1.5,2.5,0],"rotation":90,"texture":"#9"}}},{"from":[3.3,13.62526,11.7],"to":[6.3,16.62526,14.2],"rotation":{"angle":-45,"axis":"z","origin":[12.61404,13.82526,8]},"faces":{"north":{"uv":[0,1.5,1.5,3],"texture":"#9"},"east":{"uv":[1.25,0,2.5,1.5],"texture":"#9"},"south":{"uv":[1.5,1.5,0,3],"texture":"#9"},"west":{"uv":[0,1.5,1.25,0],"texture":"#9"},"up":{"uv":[0,0,1.25,1.5],"rotation":90,"texture":"#9"},"down":{"uv":[2.5,1.5,1.25,0],"rotation":90,"texture":"#9"}}},{"from":[0.3,16.62526,11.7],"to":[3.3,19.62526,14.2],"rotation":{"angle":-45,"axis":"z","origin":[12.61404,13.82526,8]},"faces":{"north":{"uv":[0,1.5,1.5,3],"texture":"#9"},"east":{"uv":[1.25,0,2.5,1.5],"texture":"#9"},"south":{"uv":[1.5,1.5,0,3],"texture":"#9"},"west":{"uv":[0,1.5,1.25,0],"texture":"#9"},"up":{"uv":[0,0,1.25,1.5],"rotation":90,"texture":"#9"},"down":{"uv":[2.5,1.5,1.25,0],"rotation":90,"texture":"#9"}}},{"from":[12.7,24.2,5.2],"to":[12.7,27.2,6.2],"rotation":{"angle":0,"axis":"y","origin":[12,24.2,5.6]},"faces":{"north":{"uv":[0,0,3,0],"rotation":90,"texture":"#0"},"east":{"uv":[4,15,7,16],"rotation":90,"texture":"#0"},"south":{"uv":[0,0,3,0],"rotation":270,"texture":"#0"},"west":{"uv":[4,16,7,15],"rotation":90,"texture":"#0"},"up":{"uv":[1,0,2,0],"rotation":90,"texture":"#0"},"down":{"uv":[1,0,2,0],"rotation":90,"texture":"#0"}}},{"from":[12.4,23.7,8.5],"to":[12.4,26.2,9.5],"rotation":{"angle":0,"axis":"y","origin":[5.5,24.7,16]},"faces":{"north":{"uv":[0,2.5,0,0],"texture":"#0"},"east":{"uv":[4,14.75,3,12.25],"texture":"#0"},"south":{"uv":[0,2.5,0,0],"texture":"#0"},"west":{"uv":[3,14.75,4,12.25],"texture":"#0"},"up":{"uv":[1,0,0,0],"rotation":90,"texture":"#0"},"down":{"uv":[1,0,0,0],"rotation":270,"texture":"#0"}}},{"from":[12.4,23.7,6.5],"to":[12.4,26.2,7.5],"rotation":{"angle":0,"axis":"y","origin":[5.5,24.7,0]},"faces":{"north":{"uv":[0,2.5,0,0],"texture":"#0"},"east":{"uv":[3,14.75,4,12.25],"texture":"#0"},"south":{"uv":[0,2.5,0,0],"texture":"#0"},"west":{"uv":[4,14.75,3,12.25],"texture":"#0"},"up":{"uv":[0,0,1,0],"rotation":90,"texture":"#0"},"down":{"uv":[0,0,1,0],"rotation":270,"texture":"#0"}}},{"from":[3.5,17,2.5],"to":[12.5,28,3.5],"rotation":{"angle":0,"axis":"y","origin":[8.5,22.5,8]},"faces":{"north":{"uv":[11.5,0,16,5.5],"texture":"#11"},"east":{"uv":[11,0,11.5,5.5],"texture":"#11"},"south":{"uv":[11.5,0,16,5.5],"texture":"#11"},"west":{"uv":[11.5,0,11,5.5],"texture":"#11"},"up":{"uv":[4.5,11,0,10.5],"rotation":180,"texture":"#11"},"down":{"uv":[4.5,11,0,10.5],"rotation":180,"texture":"#11"}}},{"from":[3.5,17,12.5],"to":[12.5,28,13.5],"rotation":{"angle":0,"axis":"y","origin":[8.5,22.5,8]},"faces":{"north":{"uv":[16,0,11.5,5.5],"texture":"#11"},"east":{"uv":[11.5,0,11,5.5],"texture":"#11"},"south":{"uv":[16,0,11.5,5.5],"texture":"#11"},"west":{"uv":[11,0,11.5,5.5],"texture":"#11"},"up":{"uv":[4.5,10.5,0,11],"rotation":180,"texture":"#11"},"down":{"uv":[4.5,10.5,0,11],"rotation":180,"texture":"#11"}}},{"from":[7.725,29.02541,15.09003],"to":[8.225,30.02541,17.09003],"rotation":{"angle":0,"axis":"y","origin":[8,27.89159,15]},"faces":{"north":{"uv":[5,2,6,2.5],"rotation":90,"texture":"#1"},"east":{"uv":[7,1,6,3],"rotation":90,"texture":"#1"},"south":{"uv":[5,2,6,2.5],"rotation":90,"texture":"#1"},"west":{"uv":[6,1,7,3],"rotation":270,"texture":"#1"},"up":{"uv":[7.5,3,7,1],"rotation":180,"texture":"#1"},"down":{"uv":[7.5,3,7,1],"texture":"#1"}}},{"from":[7.625,29.5706,15.3709],"to":[8.325,30.5706,16.3709],"rotation":{"angle":-45,"axis":"x","origin":[8,27.89159,15]},"faces":{"north":{"uv":[12.75,7.25,11.75,7.75],"rotation":90,"texture":"#1"},"east":{"uv":[12.75,7.25,11.75,6.25],"texture":"#1"},"south":{"uv":[12.75,7.25,13.25,6.25],"texture":"#1"},"west":{"uv":[11.75,7.25,12.75,6.25],"texture":"#1"},"up":{"uv":[12.75,7.25,11.75,7.75],"rotation":90,"texture":"#1"},"down":{"uv":[12.75,7.25,13.25,6.25],"rotation":180,"texture":"#1"}}},{"from":[8,22,11],"to":[8,32,24],"rotation":{"angle":0,"axis":"y","origin":[12.5,6,17]},"faces":{"north":{"uv":[0,0,0,10],"texture":"#6"},"east":{"uv":[0,6,6.5,11],"texture":"#6"},"south":{"uv":[0,0,0,10],"texture":"#6"},"west":{"uv":[6.5,6,0,11],"texture":"#6"},"up":{"uv":[0,16,0,0],"texture":"#6"},"down":{"uv":[0,16,0,0],"texture":"#6"}}},{"from":[7.725,28.02541,14.09003],"to":[8.225,30.02541,15.09003],"rotation":{"angle":0,"axis":"y","origin":[8,27.89159,15]},"faces":{"north":{"uv":[10.25,2,10.75,0],"texture":"#1"},"east":{"uv":[9.25,2,8.25,0],"texture":"#1"},"south":{"uv":[9.25,2,9.75,0],"texture":"#1"},"west":{"uv":[8.25,2,9.25,0],"texture":"#1"},"up":{"uv":[9.25,2,8.25,2.5],"rotation":90,"texture":"#1"},"down":{"uv":[11.5,1,12,0],"rotation":180,"texture":"#1"}}},{"from":[8.025,28.05564,11.1475],"to":[8.025,30.55564,14.1475],"rotation":{"angle":0,"axis":"y","origin":[8,27.89159,15]},"faces":{"north":{"uv":[0,0,0,3],"texture":"#1"},"east":{"uv":[11.75,6.25,9.25,9.25],"rotation":90,"texture":"#1"},"south":{"uv":[0,0,0,3],"rotation":180,"texture":"#1"},"west":{"uv":[9.25,6.25,11.75,9.25],"rotation":270,"texture":"#1"},"up":{"uv":[0,3,0,0],"rotation":180,"texture":"#1"},"down":{"uv":[0,3,0,0],"texture":"#1"}}},{"from":[7,27,15],"to":[9,29,18],"rotation":{"angle":-22.5,"axis":"x","origin":[8,27.5,15.5]},"faces":{"north":{"uv":[11.5,15,10.5,16],"texture":"#4"},"east":{"uv":[10.5,12,11.5,10.5],"rotation":90,"texture":"#4"},"south":{"uv":[12.5,15,11.5,16],"texture":"#4"},"west":{"uv":[10.5,10.5,11.5,12],"rotation":90,"texture":"#4"},"up":{"uv":[11.5,12,10.5,13.5],"texture":"#4"},"down":{"uv":[11.5,13.5,10.5,15],"texture":"#4"}}},{"from":[7.5,28.9,16.2],"to":[8.5,30.4,17.7],"rotation":{"angle":22.5,"axis":"x","origin":[8,27.5,15.5]},"faces":{"north":{"uv":[8,4.25,7.5,5],"texture":"#6"},"east":{"uv":[8.25,3.5,7.5,4.25],"texture":"#6"},"south":{"uv":[7.5,4.75,7,5.5],"texture":"#6"},"west":{"uv":[7.5,3.5,8.25,4.25],"texture":"#6"},"up":{"uv":[7.5,4,7,4.75],"texture":"#6"},"down":{"uv":[7.5,4,7,4.75],"texture":"#6"}}},{"from":[7.5,27.4,14],"to":[8.5,28.4,17],"rotation":{"angle":-45,"axis":"x","origin":[8,27.5,15.5]},"faces":{"north":{"uv":[7.5,3.5,7,4],"texture":"#6"},"east":{"uv":[8.5,3,7,3.5],"texture":"#6"},"south":{"uv":[8,3.5,7.5,4],"texture":"#6"},"west":{"uv":[8.5,3,7,3.5],"texture":"#6"},"up":{"uv":[7,4.5,6.5,6],"texture":"#6"},"down":{"uv":[7,3,6.5,4.5],"texture":"#6"}}},{"from":[7.725,29.02541,-1.09003],"to":[8.225,30.02541,0.90997],"rotation":{"angle":0,"axis":"y","origin":[8,27.89159,1]},"faces":{"north":{"uv":[5,2.5,6,2],"rotation":90,"texture":"#1"},"east":{"uv":[7,3,6,1],"rotation":90,"texture":"#1"},"south":{"uv":[5,2.5,6,2],"rotation":90,"texture":"#1"},"west":{"uv":[6,3,7,1],"rotation":270,"texture":"#1"},"up":{"uv":[7.5,1,7,3],"rotation":180,"texture":"#1"},"down":{"uv":[7.5,1,7,3],"texture":"#1"}}},{"from":[7.625,29.5706,-0.3709],"to":[8.325,30.5706,0.6291],"rotation":{"angle":45,"axis":"x","origin":[8,27.89159,1]},"faces":{"north":{"uv":[13.25,7.25,12.75,6.25],"texture":"#1"},"east":{"uv":[11.75,7.25,12.75,6.25],"texture":"#1"},"south":{"uv":[12.75,7.75,11.75,7.25],"rotation":90,"texture":"#1"},"west":{"uv":[12.75,7.25,11.75,6.25],"texture":"#1"},"up":{"uv":[11.75,7.25,12.75,7.75],"rotation":90,"texture":"#1"},"down":{"uv":[12.75,6.25,13.25,7.25],"rotation":180,"texture":"#1"}}},{"from":[8,22,-8],"to":[8,32,5],"rotation":{"angle":0,"axis":"y","origin":[12.5,6,-1]},"faces":{"north":{"uv":[0,0,0,10],"texture":"#6"},"east":{"uv":[6.5,6,0,11],"texture":"#6"},"south":{"uv":[0,0,0,10],"texture":"#6"},"west":{"uv":[0,6,6.5,11],"texture":"#6"},"up":{"uv":[0,0,0,16],"texture":"#6"},"down":{"uv":[0,0,0,16],"texture":"#6"}}},{"from":[7.725,28.02541,0.90997],"to":[8.225,30.02541,1.90997],"rotation":{"angle":0,"axis":"y","origin":[8,27.89159,1]},"faces":{"north":{"uv":[9.75,2,9.25,0],"texture":"#1"},"east":{"uv":[8.25,2,9.25,0],"texture":"#1"},"south":{"uv":[10.75,2,10.25,0],"texture":"#1"},"west":{"uv":[9.25,2,8.25,0],"texture":"#1"},"up":{"uv":[8.25,2,9.25,2.5],"rotation":90,"texture":"#1"},"down":{"uv":[11.5,0,12,1],"rotation":180,"texture":"#1"}}},{"from":[8.025,28.05564,1.8525],"to":[8.025,30.55564,4.8525],"rotation":{"angle":0,"axis":"y","origin":[8,27.89159,1]},"faces":{"north":{"uv":[0,0,0,3],"rotation":180,"texture":"#1"},"east":{"uv":[11.75,9.25,9.25,6.25],"rotation":90,"texture":"#1"},"south":{"uv":[0,0,0,3],"texture":"#1"},"west":{"uv":[9.25,9.25,11.75,6.25],"rotation":270,"texture":"#1"},"up":{"uv":[0,0,0,3],"rotation":180,"texture":"#1"},"down":{"uv":[0,0,0,3],"texture":"#1"}}},{"from":[7,27,-2],"to":[9,29,1],"rotation":{"angle":22.5,"axis":"x","origin":[8,27.5,0.5]},"faces":{"north":{"uv":[11.5,15,12.5,16],"texture":"#4"},"east":{"uv":[10.5,10.5,11.5,12],"rotation":90,"texture":"#4"},"south":{"uv":[10.5,15,11.5,16],"texture":"#4"},"west":{"uv":[10.5,12,11.5,10.5],"rotation":90,"texture":"#4"},"up":{"uv":[11.5,13.5,10.5,12],"texture":"#4"},"down":{"uv":[11.5,15,10.5,13.5],"texture":"#4"}}},{"from":[7.5,28.9,-1.7],"to":[8.5,30.4,-0.2],"rotation":{"angle":-22.5,"axis":"x","origin":[8,27.5,0.5]},"faces":{"north":{"uv":[7,4.75,7.5,5.5],"texture":"#6"},"east":{"uv":[7.5,3.5,8.25,4.25],"texture":"#6"},"south":{"uv":[7.5,4.25,8,5],"texture":"#6"},"west":{"uv":[8.25,3.5,7.5,4.25],"texture":"#6"},"up":{"uv":[7.5,4.75,7,4],"texture":"#6"},"down":{"uv":[7.5,4.75,7,4],"texture":"#6"}}},{"from":[7.5,27.4,-1],"to":[8.5,28.4,2],"rotation":{"angle":45,"axis":"x","origin":[8,27.5,0.5]},"faces":{"north":{"uv":[7.5,3.5,8,4],"texture":"#6"},"east":{"uv":[7,3,8.5,3.5],"texture":"#6"},"south":{"uv":[7,3.5,7.5,4],"texture":"#6"},"west":{"uv":[7,3,8.5,3.5],"texture":"#6"},"up":{"uv":[7,6,6.5,4.5],"texture":"#6"},"down":{"uv":[7,4.5,6.5,3],"texture":"#6"}}},{"from":[1.8,18.4,9.6],"to":[3,20.4,10.1],"rotation":{"angle":45,"axis":"x","origin":[-0.6,21.7,14.6]},"faces":{"north":{"uv":[12,5,10,3],"texture":"#3"},"east":{"uv":[9.5,8.5,9,6.5],"texture":"#3"},"south":{"uv":[10,10.5,9,8.5],"texture":"#3"},"west":{"uv":[9,8.5,9.5,6.5],"texture":"#3"},"up":{"uv":[9.5,6.5,10,8.5],"rotation":90,"texture":"#3"},"down":{"uv":[9.5,6.5,10,8.5],"rotation":270,"texture":"#3"}}},{"from":[1.4,24,5],"to":[3.4,26,11],"rotation":{"angle":0,"axis":"y","origin":[-5.6,10,0]},"faces":{"north":{"uv":[5,10.75,3,12.75],"texture":"#3"},"east":{"uv":[16,14,10,16],"texture":"#3"},"south":{"uv":[5,10.75,3,12.75],"texture":"#3"},"west":{"uv":[16,14,10,16],"texture":"#3"},"up":{"uv":[10,2,16,0],"rotation":90,"texture":"#3"},"down":{"uv":[10,4,16,2],"rotation":270,"texture":"#3"}}},{"from":[1.9,21.3,6.3],"to":[2.9,23.3,10.2],"rotation":{"angle":-45,"axis":"x","origin":[2.4,25,8]},"faces":{"north":{"uv":[10,14,9,16],"texture":"#3"},"east":{"uv":[9,16,5,14],"texture":"#3"},"south":{"uv":[10,14,9,16],"texture":"#3"},"west":{"uv":[9,14,5,16],"rotation":180,"texture":"#3"},"up":{"uv":[5,14,9,13],"rotation":90,"texture":"#3"},"down":{"uv":[5,14,9,13],"rotation":270,"texture":"#3"}}},{"from":[1.4,11.8,11],"to":[3.4,14.8,14],"rotation":{"angle":-45,"axis":"x","origin":[-4.1,11.5,1.5]},"faces":{"north":{"uv":[3,13,0,11],"rotation":90,"texture":"#3"},"east":{"uv":[0,16,3,13],"rotation":90,"texture":"#3"},"south":{"uv":[5,13,3,16],"texture":"#3"},"west":{"uv":[3,13,0,16],"texture":"#3"},"up":{"uv":[5,13,3,16],"rotation":180,"texture":"#3"},"down":{"uv":[0,13,3,11],"rotation":270,"texture":"#3"}}},{"from":[1.9,20.3,7.3],"to":[2.9,21.3,10.2],"rotation":{"angle":-45,"axis":"x","origin":[2.4,25,8]},"faces":{"north":{"uv":[9,12,8,13],"texture":"#3"},"east":{"uv":[5,12,8,13],"texture":"#3"},"south":{"uv":[9,12,8,13],"texture":"#3"},"west":{"uv":[8,12,5,13],"texture":"#3"},"up":{"uv":[5,13,8,12],"rotation":90,"texture":"#3"},"down":{"uv":[5,12,8,11],"rotation":270,"texture":"#3"}}},{"from":[1.9,21.3,5.8],"to":[2.9,23.3,9.7],"rotation":{"angle":45,"axis":"x","origin":[2.4,25,8]},"faces":{"north":{"uv":[9,14,10,16],"texture":"#3"},"east":{"uv":[5,16,9,14],"texture":"#3"},"south":{"uv":[9,14,10,16],"texture":"#3"},"west":{"uv":[5,14,9,16],"rotation":180,"texture":"#3"},"up":{"uv":[9,14,5,13],"rotation":90,"texture":"#3"},"down":{"uv":[9,14,5,13],"rotation":270,"texture":"#3"}}},{"from":[0.9,21.9,8.3],"to":[3.9,23.9,10.3],"rotation":{"angle":45,"axis":"x","origin":[2.4,25,10]},"faces":{"north":{"uv":[9,14,11,11],"rotation":270,"texture":"#3"},"east":{"uv":[14,14,16,12],"rotation":270,"texture":"#3"},"south":{"uv":[14,12,11,14],"rotation":180,"texture":"#3"},"west":{"uv":[16,12,14,14],"texture":"#3"},"up":{"uv":[9,14,11,11],"rotation":270,"texture":"#3"},"down":{"uv":[14,12,11,14],"rotation":180,"texture":"#3"}}},{"from":[1.8,18.4,5.9],"to":[3,20.4,6.4],"rotation":{"angle":-45,"axis":"x","origin":[-0.6,21.7,1.4]},"faces":{"north":{"uv":[9,10.5,10,8.5],"texture":"#3"},"east":{"uv":[9,8.5,9.5,6.5],"texture":"#3"},"south":{"uv":[10,5,12,3],"texture":"#3"},"west":{"uv":[9.5,8.5,9,6.5],"texture":"#3"},"up":{"uv":[10,6.5,9.5,8.5],"rotation":90,"texture":"#3"},"down":{"uv":[10,6.5,9.5,8.5],"rotation":270,"texture":"#3"}}},{"from":[0.9,25,10],"to":[3.9,26.5,10.5],"rotation":{"angle":0,"axis":"y","origin":[-5.6,11,0]},"faces":{"north":{"uv":[16,4,13,5.5],"texture":"#3"},"east":{"uv":[13,4,12.5,5.5],"texture":"#3"},"south":{"uv":[16,4,13,5.5],"texture":"#3"},"west":{"uv":[13,4,12.5,5.5],"texture":"#3"},"up":{"uv":[16,5.5,13,6],"rotation":180,"texture":"#3"},"down":{"uv":[16,5.5,13,6],"texture":"#3"}}},{"from":[0.9,25,5.5],"to":[3.9,26.5,6],"rotation":{"angle":0,"axis":"y","origin":[-5.6,11,0]},"faces":{"north":{"uv":[16,4,13,5.5],"texture":"#3"},"east":{"uv":[13,4,12.5,5.5],"texture":"#3"},"south":{"uv":[16,4,13,5.5],"texture":"#3"},"west":{"uv":[13,4,12.5,5.5],"texture":"#3"},"up":{"uv":[16,5.5,13,6],"rotation":180,"texture":"#3"},"down":{"uv":[16,5.5,13,6],"texture":"#3"}}},{"from":[1.9,20.3,5.8],"to":[2.9,21.3,8.7],"rotation":{"angle":45,"axis":"x","origin":[2.4,25,8]},"faces":{"north":{"uv":[8,12,9,13],"texture":"#3"},"east":{"uv":[8,12,5,13],"texture":"#3"},"south":{"uv":[8,12,9,13],"texture":"#3"},"west":{"uv":[5,12,8,13],"texture":"#3"},"up":{"uv":[8,13,5,12],"rotation":90,"texture":"#3"},"down":{"uv":[8,12,5,11],"rotation":270,"texture":"#3"}}},{"from":[10,17,2],"to":[12,22.5,2.5],"rotation":{"angle":0,"axis":"y","origin":[11,21.25,2.25]},"faces":{"north":{"uv":[8.75,4.5,9.75,7.25],"rotation":180,"texture":"#5"},"east":{"uv":[8.5,4.5,8.75,7.25],"texture":"#5"},"south":{"uv":[8.75,4.5,9.75,7.25],"texture":"#5"},"west":{"uv":[8.5,4.5,8.75,7.25],"rotation":180,"texture":"#5"},"up":{"uv":[8.25,4.625,8.5,5.625],"rotation":270,"texture":"#5"},"down":{"uv":[8.25,4.625,8.5,5.625],"rotation":270,"texture":"#5"}}},{"from":[10,22.5,2],"to":[12,28,2.5],"rotation":{"angle":0,"axis":"y","origin":[11,21.25,2.25]},"faces":{"north":{"uv":[8.75,4.5,9.75,7.25],"rotation":180,"texture":"#5"},"east":{"uv":[8.5,4.5,8.75,7.25],"texture":"#5"},"south":{"uv":[8.75,4.5,9.75,7.25],"texture":"#5"},"west":{"uv":[8.5,4.5,8.75,7.25],"rotation":180,"texture":"#5"},"up":{"uv":[8.25,4.625,8.5,5.625],"rotation":270,"texture":"#5"},"down":{"uv":[8.25,4.625,8.5,5.625],"rotation":270,"texture":"#5"}}},{"from":[4,22.5,2],"to":[6,28,2.5],"rotation":{"angle":0,"axis":"y","origin":[11,21.25,2.25]},"faces":{"north":{"uv":[8.75,4.5,9.75,7.25],"rotation":180,"texture":"#5"},"east":{"uv":[8.5,4.5,8.75,7.25],"texture":"#5"},"south":{"uv":[8.75,4.5,9.75,7.25],"texture":"#5"},"west":{"uv":[8.5,4.5,8.75,7.25],"rotation":180,"texture":"#5"},"up":{"uv":[8.25,4.625,8.5,5.625],"rotation":270,"texture":"#5"},"down":{"uv":[8.25,4.625,8.5,5.625],"rotation":270,"texture":"#5"}}},{"from":[4,17,2],"to":[6,22.5,2.5],"rotation":{"angle":0,"axis":"y","origin":[11,21.25,2.25]},"faces":{"north":{"uv":[8.75,4.5,9.75,7.25],"rotation":180,"texture":"#5"},"east":{"uv":[8.5,4.5,8.75,7.25],"texture":"#5"},"south":{"uv":[8.75,4.5,9.75,7.25],"texture":"#5"},"west":{"uv":[8.5,4.5,8.75,7.25],"rotation":180,"texture":"#5"},"up":{"uv":[8.25,4.625,8.5,5.625],"rotation":270,"texture":"#5"},"down":{"uv":[8.25,4.625,8.5,5.625],"rotation":270,"texture":"#5"}}},{"from":[4,22.5,13.5],"to":[6,28,14],"rotation":{"angle":0,"axis":"y","origin":[11,21.25,13.75]},"faces":{"north":{"uv":[9.75,4.5,8.75,7.25],"texture":"#5"},"east":{"uv":[8.75,4.5,8.5,7.25],"texture":"#5"},"south":{"uv":[9.75,4.5,8.75,7.25],"rotation":180,"texture":"#5"},"west":{"uv":[8.75,4.5,8.5,7.25],"rotation":180,"texture":"#5"},"up":{"uv":[8.5,4.625,8.25,5.625],"rotation":270,"texture":"#5"},"down":{"uv":[8.5,4.625,8.25,5.625],"rotation":270,"texture":"#5"}}},{"from":[4,17,13.5],"to":[6,22.5,14],"rotation":{"angle":0,"axis":"y","origin":[11,21.25,13.75]},"faces":{"north":{"uv":[9.75,4.5,8.75,7.25],"texture":"#5"},"east":{"uv":[8.75,4.5,8.5,7.25],"texture":"#5"},"south":{"uv":[9.75,4.5,8.75,7.25],"rotation":180,"texture":"#5"},"west":{"uv":[8.75,4.5,8.5,7.25],"rotation":180,"texture":"#5"},"up":{"uv":[8.5,4.625,8.25,5.625],"rotation":270,"texture":"#5"},"down":{"uv":[8.5,4.625,8.25,5.625],"rotation":270,"texture":"#5"}}},{"from":[10,17,13.5],"to":[12,22.5,14],"rotation":{"angle":0,"axis":"y","origin":[11,21.25,13.75]},"faces":{"north":{"uv":[9.75,4.5,8.75,7.25],"texture":"#5"},"east":{"uv":[8.75,4.5,8.5,7.25],"texture":"#5"},"south":{"uv":[9.75,4.5,8.75,7.25],"rotation":180,"texture":"#5"},"west":{"uv":[8.75,4.5,8.5,7.25],"rotation":180,"texture":"#5"},"up":{"uv":[8.5,4.625,8.25,5.625],"rotation":270,"texture":"#5"},"down":{"uv":[8.5,4.625,8.25,5.625],"rotation":270,"texture":"#5"}}},{"from":[10,22.5,13.5],"to":[12,28,14],"rotation":{"angle":0,"axis":"y","origin":[11,21.25,13.75]},"faces":{"north":{"uv":[9.75,4.5,8.75,7.25],"texture":"#5"},"east":{"uv":[8.75,4.5,8.5,7.25],"texture":"#5"},"south":{"uv":[9.75,4.5,8.75,7.25],"rotation":180,"texture":"#5"},"west":{"uv":[8.75,4.5,8.5,7.25],"rotation":180,"texture":"#5"},"up":{"uv":[8.5,4.625,8.25,5.625],"rotation":270,"texture":"#5"},"down":{"uv":[8.5,4.625,8.25,5.625],"rotation":270,"texture":"#5"}}},{"from":[12.5,27.7,5.6],"to":[14.5,29.7,6.1],"rotation":{"angle":45,"axis":"x","origin":[10.5,26.7,1.5]},"faces":{"north":{"uv":[11,13,9,11],"texture":"#0"},"east":{"uv":[9,13,8.5,11],"texture":"#0"},"south":{"uv":[11,13,9,11],"texture":"#0"},"west":{"uv":[9,13,8.5,11],"texture":"#0"},"up":{"uv":[9,10.5,11,11],"rotation":180,"texture":"#0"},"down":{"uv":[9,10.5,11,11],"texture":"#0"}}},{"from":[12.5,19.7,6],"to":[14.5,24.7,10],"rotation":{"angle":0,"axis":"y","origin":[12.5,26.2,8]},"faces":{"north":{"uv":[6,5,4,0],"texture":"#0"},"east":{"uv":[10,10.5,6,5.5],"texture":"#10"},"south":{"uv":[6,5,4,0],"texture":"#0"},"west":{"uv":[10,10.5,6,5.5],"texture":"#10"},"up":{"uv":[4,7,0,9],"rotation":90,"texture":"#0"},"down":{"uv":[4,7,0,5],"rotation":270,"texture":"#0"}}},{"from":[12.6,17,9.3],"to":[14.4,20,12.3],"rotation":{"angle":-45,"axis":"x","origin":[12.9,15.7,8]},"faces":{"north":{"uv":[3,14.25,0,12.25],"rotation":90,"texture":"#0"},"east":{"uv":[3,9.25,0,12.25],"rotation":180,"texture":"#0"},"south":{"uv":[3,14.05,0,12.25],"rotation":90,"texture":"#0"},"west":{"uv":[0,12.25,3,9.25],"rotation":90,"texture":"#0"},"up":{"uv":[4.8,9.25,3,12.25],"texture":"#0"},"down":{"uv":[0,12.25,3,14.25],"rotation":270,"texture":"#0"}}},{"from":[13,22.2,5.5],"to":[14,27.2,6.5],"rotation":{"angle":0,"axis":"y","origin":[13,21.2,1]},"faces":{"north":{"uv":[11,2,16,1],"rotation":270,"texture":"#0"},"east":{"uv":[11,3,16,2],"rotation":90,"texture":"#0"},"south":{"uv":[11,1,16,0],"rotation":270,"texture":"#0"},"west":{"uv":[16,3,11,2],"rotation":270,"texture":"#0"},"up":{"uv":[11,0,10,1],"rotation":180,"texture":"#0"},"down":{"uv":[11,0,10,1],"texture":"#0"}}},{"from":[12.6,20.3,4.1],"to":[14.4,22.2,7],"rotation":{"angle":45,"axis":"x","origin":[12.5,21.2,8]},"faces":{"north":{"uv":[14,14,16,12],"texture":"#0"},"east":{"uv":[15.9,15.9,13,14],"texture":"#0"},"south":{"uv":[14,14,16,12],"texture":"#0"},"west":{"uv":[13,15.9,15.9,14],"texture":"#0"},"up":{"uv":[16,10,13,12],"rotation":270,"texture":"#0"},"down":{"uv":[16,10,13,12],"rotation":90,"texture":"#0"}}},{"from":[12.5,21.7,4.6],"to":[14.5,23.3,6],"rotation":{"angle":0,"axis":"y","origin":[12.5,26.2,8]},"faces":{"north":{"uv":[8.25,1.5,6.25,0],"texture":"#0"},"east":{"uv":[6.25,3,7.75,1.5],"texture":"#0"},"south":{"uv":[8.25,1.5,6.25,0],"texture":"#0"},"west":{"uv":[7.75,3,6.25,1.5],"texture":"#0"},"up":{"uv":[6.25,3,7.75,5],"rotation":270,"texture":"#0"},"down":{"uv":[7.75,3,9.25,5],"rotation":90,"texture":"#0"}}},{"from":[12.6,19.9,8.9],"to":[14.4,22.9,10.7],"rotation":{"angle":-22.5,"axis":"x","origin":[12.5,12.2,8]},"faces":{"north":{"uv":[5,10.25,8,12.25],"rotation":90,"texture":"#0"},"east":{"uv":[7,5,4,7],"rotation":270,"texture":"#0"},"south":{"uv":[13,0,14,1],"rotation":90,"texture":"#0"},"west":{"uv":[4,5,7,7],"rotation":90,"texture":"#0"},"up":{"uv":[6,9,4,7],"texture":"#0"},"down":{"uv":[6,9,4,7],"rotation":180,"texture":"#0"}}},{"from":[13.1,27,5.3],"to":[13.9,28,6.3],"rotation":{"angle":-22.5,"axis":"x","origin":[13.5,27.7,6]},"faces":{"north":{"uv":[13,8,14,7],"rotation":270,"texture":"#0"},"east":{"uv":[16,8,15,7],"rotation":90,"texture":"#0"},"south":{"uv":[13,7,14,6],"rotation":270,"texture":"#0"},"west":{"uv":[15,8,16,7],"rotation":270,"texture":"#0"},"up":{"uv":[15,7,14,8],"rotation":180,"texture":"#0"},"down":{"uv":[15,7,14,8],"texture":"#0"}}},{"from":[12.6,20.3,9],"to":[14.4,22.2,11.9],"rotation":{"angle":-45,"axis":"x","origin":[12.5,21.2,8]},"faces":{"north":{"uv":[16,14,14,12],"texture":"#0"},"east":{"uv":[13,16,16,14],"texture":"#0"},"south":{"uv":[16,14,14,12],"texture":"#0"},"west":{"uv":[16,16,13,14],"texture":"#0"},"up":{"uv":[13,10,16,12],"rotation":270,"texture":"#0"},"down":{"uv":[13,10,16,12],"rotation":90,"texture":"#0"}}},{"from":[12.5,21.7,10],"to":[14.5,23.3,11.4],"rotation":{"angle":0,"axis":"y","origin":[12.5,26.2,8]},"faces":{"north":{"uv":[6.25,1.5,8.25,0],"texture":"#0"},"east":{"uv":[7.75,3,6.25,1.5],"texture":"#0"},"south":{"uv":[6.25,1.5,8.25,0],"texture":"#0"},"west":{"uv":[6.25,3,7.75,1.5],"texture":"#0"},"up":{"uv":[7.75,3,6.25,5],"rotation":270,"texture":"#0"},"down":{"uv":[9.25,3,7.75,5],"rotation":90,"texture":"#0"}}},{"from":[14.6,23.7,8.5],"to":[14.6,26.2,9.5],"rotation":{"angle":0,"axis":"y","origin":[21.5,24.7,16]},"faces":{"north":{"uv":[0,2.5,0,0],"texture":"#0"},"east":{"uv":[4,14.75,3,12.25],"texture":"#0"},"south":{"uv":[0,2.5,0,0],"texture":"#0"},"west":{"uv":[3,14.75,4,12.25],"texture":"#0"},"up":{"uv":[1,0,0,0],"rotation":90,"texture":"#0"},"down":{"uv":[1,0,0,0],"rotation":270,"texture":"#0"}}},{"from":[14.6,23.7,6.5],"to":[14.6,26.2,7.5],"rotation":{"angle":0,"axis":"y","origin":[21.5,24.7,0]},"faces":{"north":{"uv":[0,2.5,0,0],"texture":"#0"},"east":{"uv":[3,14.75,4,12.25],"texture":"#0"},"south":{"uv":[0,2.5,0,0],"texture":"#0"},"west":{"uv":[4,14.75,3,12.25],"texture":"#0"},"up":{"uv":[0,0,1,0],"rotation":90,"texture":"#0"},"down":{"uv":[0,0,1,0],"rotation":270,"texture":"#0"}}},{"from":[12.7,24.2,5.2],"to":[14.3,27.2,5.2],"rotation":{"angle":0,"axis":"y","origin":[12,24.2,5.6]},"faces":{"north":{"uv":[13,4.85,16,3.35],"rotation":90,"texture":"#0"},"east":{"uv":[0,0,3,0],"rotation":90,"texture":"#0"},"south":{"uv":[13,4.85,16,3.35],"rotation":90,"texture":"#0"},"west":{"uv":[0,0,3,0],"rotation":270,"texture":"#0"},"up":{"uv":[1.6,0,0,0],"rotation":180,"texture":"#0"},"down":{"uv":[1.6,0,0,0],"texture":"#0"}}},{"from":[14.3,24.2,5.2],"to":[14.3,27.2,6.2],"rotation":{"angle":0,"axis":"y","origin":[15,24.2,5.6]},"faces":{"north":{"uv":[0,0,3,0],"rotation":90,"texture":"#0"},"east":{"uv":[7,16,4,15],"rotation":270,"texture":"#0"},"south":{"uv":[0,0,3,0],"rotation":270,"texture":"#0"},"west":{"uv":[7,15,4,16],"rotation":270,"texture":"#0"},"up":{"uv":[1,0,2,0],"rotation":90,"texture":"#0"},"down":{"uv":[1,0,2,0],"rotation":90,"texture":"#0"}}},{"from":[12.5,27.7,9.9],"to":[14.5,29.7,10.4],"rotation":{"angle":-45,"axis":"x","origin":[10.5,26.7,14.5]},"faces":{"north":{"uv":[9,13,11,11],"texture":"#0"},"east":{"uv":[8.5,13,9,11],"texture":"#0"},"south":{"uv":[9,13,11,11],"texture":"#0"},"west":{"uv":[8.5,13,9,11],"texture":"#0"},"up":{"uv":[9,11,11,10.5],"rotation":180,"texture":"#0"},"down":{"uv":[9,11,11,10.5],"texture":"#0"}}},{"from":[12.6,19.9,5.3],"to":[14.4,22.9,7.1],"rotation":{"angle":22.5,"axis":"x","origin":[12.5,12.2,8]},"faces":{"north":{"uv":[13,1,14,0],"rotation":90,"texture":"#0"},"east":{"uv":[7,7,4,5],"rotation":270,"texture":"#0"},"south":{"uv":[5,12.25,8,10.25],"rotation":90,"texture":"#0"},"west":{"uv":[4,7,7,5],"rotation":90,"texture":"#0"},"up":{"uv":[6,7,4,9],"texture":"#0"},"down":{"uv":[6,7,4,9],"rotation":180,"texture":"#0"}}},{"from":[14.4,23.85,10.25],"to":[14.4,26.35,13.25],"rotation":{"angle":0,"axis":"y","origin":[14.4,25.1,11.05]},"faces":{"north":{"uv":[0,0,0,2],"texture":"#0"},"east":{"uv":[7,14.75,4,12.25],"rotation":180,"texture":"#0"},"south":{"uv":[0,0,0,2],"texture":"#0"},"west":{"uv":[4,14.75,7,12.25],"rotation":180,"texture":"#0"},"up":{"uv":[2,0,0,0],"rotation":90,"texture":"#0"},"down":{"uv":[2,0,0,0],"rotation":270,"texture":"#0"}}},{"from":[14.3,24.2,9.8],"to":[14.3,27.2,10.8],"rotation":{"angle":0,"axis":"y","origin":[15,24.2,10.4]},"faces":{"north":{"uv":[0,0,3,0],"rotation":270,"texture":"#0"},"east":{"uv":[7,15,4,16],"rotation":270,"texture":"#0"},"south":{"uv":[0,0,3,0],"rotation":90,"texture":"#0"},"west":{"uv":[7,16,4,15],"rotation":270,"texture":"#0"},"up":{"uv":[2,0,1,0],"rotation":90,"texture":"#0"},"down":{"uv":[2,0,1,0],"rotation":90,"texture":"#0"}}},{"from":[12.7,24.2,10.8],"to":[14.3,27.2,10.8],"rotation":{"angle":0,"axis":"y","origin":[12,24.2,10.4]},"faces":{"north":{"uv":[13,3.35,16,4.85],"rotation":90,"texture":"#0"},"east":{"uv":[0,0,3,0],"rotation":90,"texture":"#0"},"south":{"uv":[13,3.35,16,4.85],"rotation":90,"texture":"#0"},"west":{"uv":[0,0,3,0],"rotation":270,"texture":"#0"},"up":{"uv":[1.6,0,0,0],"rotation":180,"texture":"#0"},"down":{"uv":[1.6,0,0,0],"texture":"#0"}}},{"from":[13.1,27,9.7],"to":[13.9,28,10.7],"rotation":{"angle":22.5,"axis":"x","origin":[13.5,27.7,10]},"faces":{"north":{"uv":[13,6,14,7],"rotation":270,"texture":"#0"},"east":{"uv":[16,7,15,8],"rotation":90,"texture":"#0"},"south":{"uv":[13,7,14,8],"rotation":270,"texture":"#0"},"west":{"uv":[15,7,16,8],"rotation":270,"texture":"#0"},"up":{"uv":[15,8,14,7],"rotation":180,"texture":"#0"},"down":{"uv":[15,8,14,7],"texture":"#0"}}},{"from":[13,22.2,9.5],"to":[14,27.2,10.5],"rotation":{"angle":0,"axis":"y","origin":[13,21.2,15]},"faces":{"north":{"uv":[11,0,16,1],"rotation":270,"texture":"#0"},"east":{"uv":[11,2,16,3],"rotation":90,"texture":"#0"},"south":{"uv":[11,1,16,2],"rotation":270,"texture":"#0"},"west":{"uv":[16,2,11,3],"rotation":270,"texture":"#0"},"up":{"uv":[11,1,10,0],"rotation":180,"texture":"#0"},"down":{"uv":[11,1,10,0],"texture":"#0"}}},{"from":[14,17.2,5.8],"to":[14,21.2,7.3],"rotation":{"angle":0,"axis":"y","origin":[14,18.2,7.9]},"faces":{"north":{"uv":[17,0,13,0],"rotation":90,"texture":"#0"},"east":{"uv":[13,14.25,9,15.75],"rotation":90,"texture":"#0"},"south":{"uv":[17,1,13,1],"rotation":90,"texture":"#0"},"west":{"uv":[9,14.25,13,15.75],"rotation":270,"texture":"#0"},"up":{"uv":[14,9,14,11],"texture":"#0"},"down":{"uv":[14,9,14,11],"rotation":180,"texture":"#0"}}},{"from":[14,17.2,8.7],"to":[14,21.2,10.2],"rotation":{"angle":0,"axis":"y","origin":[14,18.2,8.1]},"faces":{"north":{"uv":[17,1,13,1],"rotation":90,"texture":"#0"},"east":{"uv":[13,15.75,9,14.25],"rotation":90,"texture":"#0"},"south":{"uv":[17,0,13,0],"rotation":90,"texture":"#0"},"west":{"uv":[9,15.75,13,14.25],"rotation":270,"texture":"#0"},"up":{"uv":[14,11,14,9],"texture":"#0"},"down":{"uv":[14,11,14,9],"rotation":180,"texture":"#0"}}},{"from":[14.4,23.85,2.75],"to":[14.4,26.35,5.75],"rotation":{"angle":0,"axis":"y","origin":[14.4,25.1,4.95]},"faces":{"north":{"uv":[0,0,0,2],"texture":"#0"},"east":{"uv":[4,14.75,7,12.25],"rotation":180,"texture":"#0"},"south":{"uv":[0,0,0,2],"texture":"#0"},"west":{"uv":[7,14.75,4,12.25],"rotation":180,"texture":"#0"},"up":{"uv":[0,0,2,0],"rotation":90,"texture":"#0"},"down":{"uv":[0,0,2,0],"rotation":270,"texture":"#0"}}},{"from":[6.5,8,3],"to":[9.5,16,3],"rotation":{"angle":-22.5,"axis":"y","origin":[8,12,8]},"faces":{"north":{"uv":[0.25,0,3.25,8],"rotation":180,"texture":"#12"},"east":{"uv":[0.25,0,0.25,8],"rotation":180,"texture":"#12"},"south":{"uv":[3.25,0,0.25,8],"rotation":180,"texture":"#12"},"west":{"uv":[0.25,0,0.25,8],"rotation":180,"texture":"#12"},"up":{"uv":[0,0,2.5,0],"rotation":180,"texture":"#12"},"down":{"uv":[0,0,2.5,0],"rotation":180,"texture":"#12"}}},{"from":[6.5,8,13],"to":[9.5,16,13],"rotation":{"angle":-22.5,"axis":"y","origin":[8,12,8]},"faces":{"north":{"uv":[0.25,8,3.25,16],"rotation":180,"texture":"#12"},"east":{"uv":[0.25,0,0.25,8],"rotation":180,"texture":"#12"},"south":{"uv":[3.25,8,0.25,16],"rotation":180,"texture":"#12"},"west":{"uv":[0.25,0,0.25,8],"rotation":180,"texture":"#12"},"up":{"uv":[0,0,2.5,0],"rotation":180,"texture":"#12"},"down":{"uv":[0,0,2.5,0],"rotation":180,"texture":"#12"}}},{"from":[3,8,6.5],"to":[3,16,9.5],"rotation":{"angle":-22.5,"axis":"y","origin":[8,12,8]},"faces":{"north":{"uv":[0.25,0,0.25,8],"rotation":180,"texture":"#12"},"east":{"uv":[11.25,0,8.25,8],"rotation":180,"texture":"#12"},"south":{"uv":[0.25,0,0.25,8],"rotation":180,"texture":"#12"},"west":{"uv":[8.25,0,11.25,8],"rotation":180,"texture":"#12"},"up":{"uv":[0,0,2.5,0],"rotation":90,"texture":"#12"},"down":{"uv":[0,0,2.5,0],"rotation":270,"texture":"#12"}}},{"from":[3,8,6.5],"to":[3,16,9.5],"rotation":{"angle":22.5,"axis":"y","origin":[8,12,8]},"faces":{"north":{"uv":[0.25,0,0.25,8],"rotation":180,"texture":"#12"},"east":{"uv":[15.5,0,12.5,8],"rotation":180,"texture":"#12"},"south":{"uv":[0.25,0,0.25,8],"rotation":180,"texture":"#12"},"west":{"uv":[12.5,0,15.5,8],"rotation":180,"texture":"#12"},"up":{"uv":[0,0,2.5,0],"rotation":90,"texture":"#12"},"down":{"uv":[0,0,2.5,0],"rotation":270,"texture":"#12"}}},{"from":[13,8,6.5],"to":[13,16,9.5],"rotation":{"angle":22.5,"axis":"y","origin":[8,12,8]},"faces":{"north":{"uv":[0.25,0,0.25,8],"rotation":180,"texture":"#12"},"east":{"uv":[15.75,8,12.75,16],"rotation":180,"texture":"#12"},"south":{"uv":[0.25,0,0.25,8],"rotation":180,"texture":"#12"},"west":{"uv":[12.75,8,15.75,16],"rotation":180,"texture":"#12"},"up":{"uv":[0,0,2.5,0],"rotation":90,"texture":"#12"},"down":{"uv":[0,0,2.5,0],"rotation":270,"texture":"#12"}}},{"from":[6.5,8,13],"to":[9.5,16,13],"rotation":{"angle":22.5,"axis":"y","origin":[8,12,8]},"faces":{"north":{"uv":[7.75,8,4.75,16],"rotation":180,"texture":"#12"},"east":{"uv":[0.25,0,0.25,8],"rotation":180,"texture":"#12"},"south":{"uv":[4.75,8,7.75,16],"rotation":180,"texture":"#12"},"west":{"uv":[0.25,0,0.25,8],"rotation":180,"texture":"#12"},"up":{"uv":[0,0,2.5,0],"texture":"#12"},"down":{"uv":[0,0,2.5,0],"texture":"#12"}}},{"from":[6.5,8,3],"to":[9.5,16,3],"rotation":{"angle":22.5,"axis":"y","origin":[8,12,8]},"faces":{"north":{"uv":[7.5,0,4.5,8],"rotation":180,"texture":"#12"},"east":{"uv":[0.25,0,0.25,8],"rotation":180,"texture":"#12"},"south":{"uv":[4.5,0,7.5,8],"rotation":180,"texture":"#12"},"west":{"uv":[0.25,0,0.25,8],"rotation":180,"texture":"#12"},"up":{"uv":[0,0,2.5,0],"texture":"#12"},"down":{"uv":[0,0,2.5,0],"texture":"#12"}}},{"from":[13,8,6.5],"to":[13,16,9.5],"rotation":{"angle":-22.5,"axis":"y","origin":[8,12,8]},"faces":{"north":{"uv":[0.25,0,0.25,8],"rotation":180,"texture":"#12"},"east":{"uv":[11.25,8,8.25,16],"rotation":180,"texture":"#12"},"south":{"uv":[0.25,0,0.25,8],"rotation":180,"texture":"#12"},"west":{"uv":[8.25,8,11.25,16],"rotation":180,"texture":"#12"},"up":{"uv":[0,0,2.5,0],"rotation":90,"texture":"#12"},"down":{"uv":[0,0,2.5,0],"rotation":270,"texture":"#12"}}},{"from":[3,8,6.5],"to":[3,16,9.5],"rotation":{"angle":0,"axis":"y","origin":[8,12,8]},"faces":{"north":{"uv":[0.25,0,0.25,8],"rotation":180,"texture":"#12"},"east":{"uv":[3.25,0,0.25,8],"rotation":180,"texture":"#12"},"south":{"uv":[0.25,0,0.25,8],"rotation":180,"texture":"#12"},"west":{"uv":[0.25,0,3.25,8],"rotation":180,"texture":"#12"},"up":{"uv":[0,0,2.5,0],"rotation":90,"texture":"#12"},"down":{"uv":[0,0,2.5,0],"rotation":270,"texture":"#12"}}},{"from":[13,8,6.5],"to":[13,16,9.5],"rotation":{"angle":0,"axis":"y","origin":[8,12,8]},"faces":{"north":{"uv":[0.25,0,0.25,8],"rotation":180,"texture":"#12"},"east":{"uv":[3.25,8,0.25,16],"rotation":180,"texture":"#12"},"south":{"uv":[0.25,0,0.25,8],"rotation":180,"texture":"#12"},"west":{"uv":[0.25,8,3.25,16],"rotation":180,"texture":"#12"},"up":{"uv":[0,0,2.5,0],"rotation":90,"texture":"#12"},"down":{"uv":[0,0,2.5,0],"rotation":270,"texture":"#12"}}},{"from":[6.5,8,13],"to":[9.5,16,13],"rotation":{"angle":0,"axis":"y","origin":[8,12,8]},"faces":{"north":{"uv":[11.25,0,8.25,8],"rotation":180,"texture":"#12"},"east":{"uv":[0.25,0,0.25,8],"rotation":180,"texture":"#12"},"south":{"uv":[8.25,0,11.25,8],"rotation":180,"texture":"#12"},"west":{"uv":[0.25,0,0.25,8],"rotation":180,"texture":"#12"},"up":{"uv":[0,0,2.5,0],"texture":"#12"},"down":{"uv":[0,0,2.5,0],"texture":"#12"}}},{"from":[6.5,8,13],"to":[9.5,16,13],"rotation":{"angle":45,"axis":"y","origin":[8,12,8]},"faces":{"north":{"uv":[15.5,0,12.5,8],"rotation":180,"texture":"#12"},"east":{"uv":[0.25,0,0.25,8],"rotation":180,"texture":"#12"},"south":{"uv":[12.5,0,15.5,8],"rotation":180,"texture":"#12"},"west":{"uv":[0.25,0,0.25,8],"rotation":180,"texture":"#12"},"up":{"uv":[0,0,2.5,0],"texture":"#12"},"down":{"uv":[0,0,2.5,0],"texture":"#12"}}},{"from":[6.5,8,3],"to":[9.5,16,3],"rotation":{"angle":45,"axis":"y","origin":[8,12,8]},"faces":{"north":{"uv":[15.75,8,12.75,16],"rotation":180,"texture":"#12"},"east":{"uv":[0.25,0,0.25,8],"rotation":180,"texture":"#12"},"south":{"uv":[12.75,8,15.75,16],"rotation":180,"texture":"#12"},"west":{"uv":[0.25,0,0.25,8],"rotation":180,"texture":"#12"},"up":{"uv":[0,0,2.5,0],"texture":"#12"},"down":{"uv":[0,0,2.5,0],"texture":"#12"}}},{"from":[13,8,6.5],"to":[13,16,9.5],"rotation":{"angle":45,"axis":"y","origin":[8,12,8]},"faces":{"north":{"uv":[0.25,0,0.25,8],"rotation":180,"texture":"#12"},"east":{"uv":[4.75,8,7.75,16],"rotation":180,"texture":"#12"},"south":{"uv":[0.25,0,0.25,8],"rotation":180,"texture":"#12"},"west":{"uv":[7.75,8,4.75,16],"rotation":180,"texture":"#12"},"up":{"uv":[0,0,2.5,0],"rotation":270,"texture":"#12"},"down":{"uv":[0,0,2.5,0],"rotation":90,"texture":"#12"}}},{"from":[3,8,6.5],"to":[3,16,9.5],"rotation":{"angle":45,"axis":"y","origin":[8,12,8]},"faces":{"north":{"uv":[0.25,0,0.25,8],"rotation":180,"texture":"#12"},"east":{"uv":[4.5,0,7.5,8],"rotation":180,"texture":"#12"},"south":{"uv":[0.25,0,0.25,8],"rotation":180,"texture":"#12"},"west":{"uv":[7.5,0,4.5,8],"rotation":180,"texture":"#12"},"up":{"uv":[0,0,2.5,0],"rotation":270,"texture":"#12"},"down":{"uv":[0,0,2.5,0],"rotation":90,"texture":"#12"}}},{"from":[6.5,8,3],"to":[9.5,16,3],"rotation":{"angle":0,"axis":"y","origin":[8,12,8]},"faces":{"north":{"uv":[11.25,8,8.25,16],"rotation":180,"texture":"#12"},"east":{"uv":[0.25,0,0.25,8],"rotation":180,"texture":"#12"},"south":{"uv":[8.25,8,11.25,16],"rotation":180,"texture":"#12"},"west":{"uv":[0.25,0,0.25,8],"rotation":180,"texture":"#12"},"up":{"uv":[0,0,2.5,0],"texture":"#12"},"down":{"uv":[0,0,2.5,0],"texture":"#12"}}},{"from":[6.5,8,13],"to":[9.5,16,13],"rotation":{"angle":22.5,"axis":"y","origin":[8,12,8]},"faces":{"north":{"uv":[3.25,0,0.25,8],"rotation":180,"texture":"#12"},"east":{"uv":[0.25,0,0.25,8],"rotation":180,"texture":"#12"},"south":{"uv":[0.25,0,3.25,8],"rotation":180,"texture":"#12"},"west":{"uv":[0.25,0,0.25,8],"rotation":180,"texture":"#12"},"up":{"uv":[0,0,2.5,0],"texture":"#12"},"down":{"uv":[0,0,2.5,0],"texture":"#12"}}},{"from":[6.5,8,3],"to":[9.5,16,3],"rotation":{"angle":22.5,"axis":"y","origin":[8,12,8]},"faces":{"north":{"uv":[3.25,8,0.25,16],"rotation":180,"texture":"#12"},"east":{"uv":[0.25,0,0.25,8],"rotation":180,"texture":"#12"},"south":{"uv":[0.25,8,3.25,16],"rotation":180,"texture":"#12"},"west":{"uv":[0.25,0,0.25,8],"rotation":180,"texture":"#12"},"up":{"uv":[0,0,2.5,0],"texture":"#12"},"down":{"uv":[0,0,2.5,0],"texture":"#12"}}},{"from":[13,8,6.5],"to":[13,16,9.5],"rotation":{"angle":22.5,"axis":"y","origin":[8,12,8]},"faces":{"north":{"uv":[0.25,0,0.25,8],"rotation":180,"texture":"#12"},"east":{"uv":[8.25,0,11.25,8],"rotation":180,"texture":"#12"},"south":{"uv":[0.25,0,0.25,8],"rotation":180,"texture":"#12"},"west":{"uv":[11.25,0,8.25,8],"rotation":180,"texture":"#12"},"up":{"uv":[0,0,2.5,0],"rotation":270,"texture":"#12"},"down":{"uv":[0,0,2.5,0],"rotation":90,"texture":"#12"}}},{"from":[6.5,8,3],"to":[9.5,16,3],"rotation":{"angle":-22.5,"axis":"y","origin":[8,12,8]},"faces":{"north":{"uv":[12.5,0,15.5,8],"rotation":180,"texture":"#12"},"east":{"uv":[0.25,0,0.25,8],"rotation":180,"texture":"#12"},"south":{"uv":[15.5,0,12.5,8],"rotation":180,"texture":"#12"},"west":{"uv":[0.25,0,0.25,8],"rotation":180,"texture":"#12"},"up":{"uv":[0,0,2.5,0],"rotation":180,"texture":"#12"},"down":{"uv":[0,0,2.5,0],"rotation":180,"texture":"#12"}}},{"from":[6.5,8,13],"to":[9.5,16,13],"rotation":{"angle":-22.5,"axis":"y","origin":[8,12,8]},"faces":{"north":{"uv":[12.75,8,15.75,16],"rotation":180,"texture":"#12"},"east":{"uv":[0.25,0,0.25,8],"rotation":180,"texture":"#12"},"south":{"uv":[15.75,8,12.75,16],"rotation":180,"texture":"#12"},"west":{"uv":[0.25,0,0.25,8],"rotation":180,"texture":"#12"},"up":{"uv":[0,0,2.5,0],"rotation":180,"texture":"#12"},"down":{"uv":[0,0,2.5,0],"rotation":180,"texture":"#12"}}},{"from":[3,8,6.5],"to":[3,16,9.5],"rotation":{"angle":-22.5,"axis":"y","origin":[8,12,8]},"faces":{"north":{"uv":[0.25,0,0.25,8],"rotation":180,"texture":"#12"},"east":{"uv":[7.75,8,4.75,16],"rotation":180,"texture":"#12"},"south":{"uv":[0.25,0,0.25,8],"rotation":180,"texture":"#12"},"west":{"uv":[4.75,8,7.75,16],"rotation":180,"texture":"#12"},"up":{"uv":[0,0,2.5,0],"rotation":90,"texture":"#12"},"down":{"uv":[0,0,2.5,0],"rotation":270,"texture":"#12"}}},{"from":[13,8,6.5],"to":[13,16,9.5],"rotation":{"angle":-22.5,"axis":"y","origin":[8,12,8]},"faces":{"north":{"uv":[0.25,0,0.25,8],"rotation":180,"texture":"#12"},"east":{"uv":[7.5,0,4.5,8],"rotation":180,"texture":"#12"},"south":{"uv":[0.25,0,0.25,8],"rotation":180,"texture":"#12"},"west":{"uv":[4.5,0,7.5,8],"rotation":180,"texture":"#12"},"up":{"uv":[0,0,2.5,0],"rotation":90,"texture":"#12"},"down":{"uv":[0,0,2.5,0],"rotation":270,"texture":"#12"}}},{"from":[3,8,6.5],"to":[3,16,9.5],"rotation":{"angle":22.5,"axis":"y","origin":[8,12,8]},"faces":{"north":{"uv":[0.25,0,0.25,8],"rotation":180,"texture":"#12"},"east":{"uv":[8.25,8,11.25,16],"rotation":180,"texture":"#12"},"south":{"uv":[0.25,0,0.25,8],"rotation":180,"texture":"#12"},"west":{"uv":[11.25,8,8.25,16],"rotation":180,"texture":"#12"},"up":{"uv":[0,0,2.5,0],"rotation":270,"texture":"#12"},"down":{"uv":[0,0,2.5,0],"rotation":90,"texture":"#12"}}}],"gui_light":"front","display":{"thirdperson_righthand":{"rotation":[67.5,0,0],"translation":[-1,4,10.5],"scale":[0.62383,0.62383,0.62383]},"thirdperson_lefthand":{"rotation":[67.5,-180,0],"translation":[-1,4,10.5],"scale":[0.62383,0.62383,0.62383]},"firstperson_righthand":{"translation":[2,5,0.5],"scale":[0.36719,0.36719,0.36719]},"firstperson_lefthand":{"rotation":[0,180,0],"translation":[2,5,0.5],"scale":[0.36719,0.36719,0.36719]},"ground":{"translation":[0,9.75,0],"scale":[0.5,0.5,0.5]},"gui":{"rotation":[30,135,0],"translation":[-0.75,-2,-2],"scale":[0.36539,0.36539,0.36539]},"head":{"translation":[-0.25,-19,0.5],"scale":[0,0,0]},"fixed":{"rotation":[-90,90,0],"translation":[0,-0.5,-35.5],"scale":[2,2,2]}}}