{
	"credit": "Made with Blockbench",
	"texture_size": [32, 32],
	"textures": {
		"0": "elitecreatures:king_arthur_animated_weapon_set/texture1",
		"1": "elitecreatures:king_arthur_animated_weapon_set/texture2",
		"3": "elitecreatures:king_arthur_animated_weapon_set/texture4",
		"4": "elitecreatures:king_arthur_animated_weapon_set/texture5",
		"6": "elitecreatures:king_arthur_animated_weapon_set/texture7",
		"9": "elitecreatures:king_arthur_animated_weapon_set/texture10",
		"10": "elitecreatures:king_arthur_animated_weapon_set/symbol",
		"particle": "elitecreatures:king_arthur_animated_weapon_set/texture1"
	},
	"elements": [
		{
			"from": [5.5, 18.2, 7.3],
			"to": [11.5, 20.2, 8.8],
			"rotation": {"angle": -22.5, "axis": "z", "origin": [8.5, 19.2, 8.05]},
			"faces": {
				"north": {"uv": [10, 8, 16, 10], "texture": "#3"},
				"east": {"uv": [14.5, 10, 16, 12], "texture": "#3"},
				"south": {"uv": [10, 8, 16, 10], "texture": "#3"},
				"west": {"uv": [16, 10, 14.5, 12], "texture": "#3"},
				"up": {"uv": [4, 8, 10, 9.5], "rotation": 180, "texture": "#3"},
				"down": {"uv": [4, 8, 10, 9.5], "texture": "#3"}
			}
		},
		{
			"from": [-1.7, 10.82526, 6.8],
			"to": [1.3, 13.82526, 9.3],
			"rotation": {"angle": -45, "axis": "z", "origin": [12.61404, 10.02526, 8.3]},
			"faces": {
				"north": {"uv": [0, 1.5, 1.5, 3], "texture": "#9"},
				"east": {"uv": [2.5, 0, 1.25, 1.5], "texture": "#9"},
				"south": {"uv": [1.5, 1.5, 0, 3], "texture": "#9"},
				"west": {"uv": [1.25, 1.5, 0, 0], "texture": "#9"},
				"up": {"uv": [1.25, 0, 0, 1.5], "rotation": 90, "texture": "#9"},
				"down": {"uv": [1.25, 1.5, 2.5, 0], "rotation": 90, "texture": "#9"}
			}
		},
		{
			"from": [5.19003, 23.52541, 7.775],
			"to": [7.19003, 24.52541, 8.275],
			"rotation": {"angle": -45, "axis": "z", "origin": [5.1, 22.39159, 8]},
			"faces": {
				"north": {"uv": [7, 1, 6, 3], "rotation": 90, "texture": "#1"},
				"east": {"uv": [5, 2, 6, 2.5], "rotation": 90, "texture": "#1"},
				"south": {"uv": [6, 1, 7, 3], "rotation": 270, "texture": "#1"},
				"west": {"uv": [5, 2, 6, 2.5], "rotation": 90, "texture": "#1"},
				"up": {"uv": [7, 1, 7.5, 3], "rotation": 270, "texture": "#1"},
				"down": {"uv": [7, 1, 7.5, 3], "rotation": 270, "texture": "#1"}
			}
		},
		{
			"from": [5.4709, 24.0706, 7.675],
			"to": [6.4709, 25.0706, 8.375],
			"rotation": {"angle": 0, "axis": "y", "origin": [5.1, 22.39159, 8]},
			"faces": {
				"north": {"uv": [12.75, 7.25, 11.75, 6.25], "texture": "#1"},
				"east": {"uv": [12.75, 7.25, 13.25, 6.25], "texture": "#1"},
				"south": {"uv": [11.75, 7.25, 12.75, 6.25], "texture": "#1"},
				"west": {"uv": [12.75, 7.25, 11.75, 7.75], "rotation": 90, "texture": "#1"},
				"up": {"uv": [11.75, 7.75, 12.75, 7.25], "rotation": 180, "texture": "#1"},
				"down": {"uv": [13.25, 6.25, 12.75, 7.25], "rotation": 90, "texture": "#1"}
			}
		},
		{
			"from": [4.19003, 22.52541, 7.775],
			"to": [5.19003, 24.52541, 8.275],
			"rotation": {"angle": -45, "axis": "z", "origin": [5.1, 22.39159, 8]},
			"faces": {
				"north": {"uv": [9.25, 2, 8.25, 0], "texture": "#1"},
				"east": {"uv": [9.25, 2, 9.75, 0], "texture": "#1"},
				"south": {"uv": [8.25, 2, 9.25, 0], "texture": "#1"},
				"west": {"uv": [10.25, 2, 10.75, 0], "texture": "#1"},
				"up": {"uv": [8.25, 2.5, 9.25, 2], "rotation": 180, "texture": "#1"},
				"down": {"uv": [12, 0, 11.5, 1], "rotation": 90, "texture": "#1"}
			}
		},
		{
			"from": [1.2475, 22.55564, 7.975],
			"to": [4.2475, 25.05564, 7.975],
			"rotation": {"angle": -45, "axis": "z", "origin": [5.1, 22.39159, 8]},
			"faces": {
				"north": {"uv": [11.75, 6.25, 9.25, 9.25], "rotation": 90, "texture": "#1"},
				"east": {"uv": [0, 0, 0, 3], "rotation": 180, "texture": "#1"},
				"south": {"uv": [9.25, 6.25, 11.75, 9.25], "rotation": 270, "texture": "#1"},
				"west": {"uv": [0, 0, 0, 3], "texture": "#1"},
				"up": {"uv": [0, 0, 0, 3], "rotation": 270, "texture": "#1"},
				"down": {"uv": [0, 0, 0, 3], "rotation": 270, "texture": "#1"}
			}
		},
		{
			"from": [5.1, 21.5, 7],
			"to": [8.1, 23.5, 9],
			"rotation": {"angle": -22.5, "axis": "z", "origin": [5.6, 22, 8]},
			"faces": {
				"north": {"uv": [10.5, 12, 11.5, 10.5], "rotation": 90, "texture": "#4"},
				"east": {"uv": [12.5, 15, 11.5, 16], "texture": "#4"},
				"south": {"uv": [10.5, 10.5, 11.5, 12], "rotation": 90, "texture": "#4"},
				"west": {"uv": [11.5, 15, 10.5, 16], "texture": "#4"},
				"up": {"uv": [10.5, 13.5, 11.5, 12], "rotation": 90, "texture": "#4"},
				"down": {"uv": [10.5, 15, 11.5, 13.5], "rotation": 270, "texture": "#4"}
			}
		},
		{
			"from": [7, 19.8, 7.5],
			"to": [8.5, 21.3, 8.5],
			"rotation": {"angle": 22.5, "axis": "z", "origin": [5.6, 22, 8]},
			"faces": {
				"north": {"uv": [8.25, 3.5, 7.5, 4.25], "rotation": 270, "texture": "#6"},
				"east": {"uv": [7, 4.75, 7.5, 4], "rotation": 180, "texture": "#6"},
				"south": {"uv": [8.25, 4.25, 7.5, 3.5], "rotation": 270, "texture": "#6"},
				"west": {"uv": [7, 4.75, 7.5, 4], "texture": "#6"},
				"up": {"uv": [8, 4.25, 7.5, 5], "rotation": 90, "texture": "#6"},
				"down": {"uv": [7.5, 4.75, 7, 5.5], "rotation": 90, "texture": "#6"}
			}
		},
		{
			"from": [4.1, 21.9, 7.5],
			"to": [7.1, 22.9, 8.5],
			"rotation": {"angle": 0, "axis": "y", "origin": [5.6, 22, 8]},
			"faces": {
				"north": {"uv": [8.5, 3, 7, 3.5], "texture": "#6"},
				"east": {"uv": [8, 3.5, 7.5, 4], "texture": "#6"},
				"south": {"uv": [7, 3, 8.5, 3.5], "texture": "#6"},
				"west": {"uv": [7.5, 3.5, 7, 4], "texture": "#6"},
				"up": {"uv": [6.5, 6, 7, 4.5], "rotation": 90, "texture": "#6"},
				"down": {"uv": [6.5, 4.5, 7, 3], "rotation": 270, "texture": "#6"}
			}
		},
		{
			"from": [3.60841, 6.79159, 6.9],
			"to": [5.60841, 8.79159, 9.1],
			"rotation": {"angle": 0, "axis": "y", "origin": [3, 7.79159, 8]},
			"faces": {
				"north": {"uv": [9.25, 6.25, 11.25, 4.25], "rotation": 270, "texture": "#1"},
				"east": {"uv": [6.25, 5, 8.25, 3], "rotation": 90, "texture": "#1"},
				"south": {"uv": [9.25, 6.25, 11.25, 4.25], "rotation": 90, "texture": "#1"},
				"west": {"uv": [6.25, 7, 8.25, 5], "rotation": 90, "texture": "#1"},
				"up": {"uv": [11.25, 6.25, 13.25, 4.25], "rotation": 90, "texture": "#1"},
				"down": {"uv": [11.25, 6.25, 13.25, 4.25], "rotation": 90, "texture": "#1"}
			}
		},
		{
			"from": [-0.8525, 7.95564, 7.975],
			"to": [2.1475, 10.45564, 7.975],
			"rotation": {"angle": -22.5, "axis": "z", "origin": [3, 7.79159, 8]},
			"faces": {
				"north": {"uv": [9.25, 9.25, 11.75, 6.25], "rotation": 270, "texture": "#1"},
				"east": {"uv": [0, 3, 0, 0], "texture": "#1"},
				"south": {"uv": [11.75, 9.25, 9.25, 6.25], "rotation": 90, "texture": "#1"},
				"west": {"uv": [0, 3, 0, 0], "rotation": 180, "texture": "#1"},
				"up": {"uv": [0, 3, 0, 0], "rotation": 90, "texture": "#1"},
				"down": {"uv": [0, 3, 0, 0], "rotation": 90, "texture": "#1"}
			}
		},
		{
			"from": [2.09003, 7.92541, 7.775],
			"to": [3.09003, 9.92541, 8.275],
			"rotation": {"angle": -22.5, "axis": "z", "origin": [3, 7.79159, 8]},
			"faces": {
				"north": {"uv": [8.25, 0, 9.25, 2], "rotation": 180, "texture": "#1"},
				"east": {"uv": [9.75, 0, 9.25, 2], "rotation": 180, "texture": "#1"},
				"south": {"uv": [9.25, 0, 8.25, 2], "rotation": 180, "texture": "#1"},
				"west": {"uv": [10.75, 0, 10.25, 2], "rotation": 180, "texture": "#1"},
				"up": {"uv": [9.25, 2, 8.25, 2.5], "texture": "#1"},
				"down": {"uv": [11.5, 1, 12, 0], "rotation": 270, "texture": "#1"}
			}
		},
		{
			"from": [3.09003, 8.92541, 7.775],
			"to": [5.09003, 9.92541, 8.275],
			"rotation": {"angle": -22.5, "axis": "z", "origin": [3, 7.79159, 8]},
			"faces": {
				"north": {"uv": [6, 3, 7, 1], "rotation": 270, "texture": "#1"},
				"east": {"uv": [6, 2.5, 5, 2], "rotation": 270, "texture": "#1"},
				"south": {"uv": [7, 3, 6, 1], "rotation": 90, "texture": "#1"},
				"west": {"uv": [6, 2.5, 5, 2], "rotation": 270, "texture": "#1"},
				"up": {"uv": [7.5, 3, 7, 1], "rotation": 90, "texture": "#1"},
				"down": {"uv": [7.5, 3, 7, 1], "rotation": 90, "texture": "#1"}
			}
		},
		{
			"from": [3.3709, 9.4706, 7.675],
			"to": [4.3709, 10.4706, 8.375],
			"rotation": {"angle": 22.5, "axis": "z", "origin": [3, 7.79159, 8]},
			"faces": {
				"north": {"uv": [11.75, 6.25, 12.75, 7.25], "rotation": 180, "texture": "#1"},
				"east": {"uv": [13.25, 6.25, 12.75, 7.25], "rotation": 180, "texture": "#1"},
				"south": {"uv": [12.75, 6.25, 11.75, 7.25], "rotation": 180, "texture": "#1"},
				"west": {"uv": [11.75, 7.75, 12.75, 7.25], "rotation": 270, "texture": "#1"},
				"up": {"uv": [12.75, 7.25, 11.75, 7.75], "texture": "#1"},
				"down": {"uv": [12.75, 7.25, 13.25, 6.25], "rotation": 270, "texture": "#1"}
			}
		},
		{
			"from": [3.3709, 5.11258, 7.675],
			"to": [4.3709, 6.11258, 8.375],
			"rotation": {"angle": -22.5, "axis": "z", "origin": [3, 7.79159, 8]},
			"faces": {
				"north": {"uv": [11.75, 7.25, 12.75, 6.25], "rotation": 180, "texture": "#1"},
				"east": {"uv": [13.25, 7.25, 12.75, 6.25], "rotation": 180, "texture": "#1"},
				"south": {"uv": [12.75, 7.25, 11.75, 6.25], "rotation": 180, "texture": "#1"},
				"west": {"uv": [12.75, 7.75, 11.75, 7.25], "rotation": 270, "texture": "#1"},
				"up": {"uv": [13.25, 7.25, 12.75, 6.25], "rotation": 270, "texture": "#1"},
				"down": {"uv": [12.75, 7.75, 11.75, 7.25], "texture": "#1"}
			}
		},
		{
			"from": [3.09003, 5.65777, 7.775],
			"to": [5.09003, 6.65777, 8.275],
			"rotation": {"angle": 22.5, "axis": "z", "origin": [3, 7.79159, 8]},
			"faces": {
				"north": {"uv": [7, 3, 6, 1], "rotation": 270, "texture": "#1"},
				"east": {"uv": [5, 2.5, 6, 2], "rotation": 270, "texture": "#1"},
				"south": {"uv": [6, 3, 7, 1], "rotation": 90, "texture": "#1"},
				"west": {"uv": [5, 2.5, 6, 2], "rotation": 270, "texture": "#1"},
				"up": {"uv": [7, 3, 7.5, 1], "rotation": 90, "texture": "#1"},
				"down": {"uv": [7, 3, 7.5, 1], "rotation": 90, "texture": "#1"}
			}
		},
		{
			"from": [2.09003, 5.65777, 7.775],
			"to": [3.09003, 7.65777, 8.275],
			"rotation": {"angle": 22.5, "axis": "z", "origin": [3, 7.79159, 8]},
			"faces": {
				"north": {"uv": [8.25, 2, 9.25, 0], "rotation": 180, "texture": "#1"},
				"east": {"uv": [9.75, 2, 9.25, 0], "rotation": 180, "texture": "#1"},
				"south": {"uv": [9.25, 2, 8.25, 0], "rotation": 180, "texture": "#1"},
				"west": {"uv": [10.75, 2, 10.25, 0], "rotation": 180, "texture": "#1"},
				"up": {"uv": [12, 1, 11.5, 0], "rotation": 270, "texture": "#1"},
				"down": {"uv": [9.25, 2.5, 8.25, 2], "texture": "#1"}
			}
		},
		{
			"from": [-0.8525, 5.12753, 7.975],
			"to": [2.1475, 7.62753, 7.975],
			"rotation": {"angle": 22.5, "axis": "z", "origin": [3, 7.79159, 8]},
			"faces": {
				"north": {"uv": [11.75, 9.25, 9.25, 6.25], "rotation": 270, "texture": "#1"},
				"east": {"uv": [0, 0, 0, 3], "texture": "#1"},
				"south": {"uv": [9.25, 9.25, 11.75, 6.25], "rotation": 90, "texture": "#1"},
				"west": {"uv": [0, 0, 0, 3], "rotation": 180, "texture": "#1"},
				"up": {"uv": [0, 3, 0, 0], "rotation": 90, "texture": "#1"},
				"down": {"uv": [0, 3, 0, 0], "rotation": 90, "texture": "#1"}
			}
		},
		{
			"from": [3.09003, 7.56659, 5.86618],
			"to": [5.09003, 8.06659, 6.86618],
			"rotation": {"angle": 0, "axis": "y", "origin": [3, 7.79159, 8]},
			"faces": {
				"north": {"uv": [7.5, 3, 7, 1], "rotation": 270, "texture": "#1"},
				"east": {"uv": [5, 2, 6, 2.5], "rotation": 180, "texture": "#1"},
				"south": {"uv": [7.5, 3, 7, 1], "rotation": 90, "texture": "#1"},
				"west": {"uv": [5, 2, 6, 2.5], "texture": "#1"},
				"up": {"uv": [7, 3, 6, 1], "rotation": 90, "texture": "#1"},
				"down": {"uv": [6, 3, 7, 1], "rotation": 90, "texture": "#1"}
			}
		},
		{
			"from": [3.09003, 7.56659, 9.13382],
			"to": [5.09003, 8.06659, 10.13382],
			"rotation": {"angle": 0, "axis": "y", "origin": [3, 7.79159, 8]},
			"faces": {
				"north": {"uv": [7, 3, 7.5, 1], "rotation": 270, "texture": "#1"},
				"east": {"uv": [6, 2, 5, 2.5], "rotation": 180, "texture": "#1"},
				"south": {"uv": [7, 3, 7.5, 1], "rotation": 90, "texture": "#1"},
				"west": {"uv": [6, 2, 5, 2.5], "texture": "#1"},
				"up": {"uv": [6, 3, 7, 1], "rotation": 90, "texture": "#1"},
				"down": {"uv": [7, 3, 6, 1], "rotation": 90, "texture": "#1"}
			}
		},
		{
			"from": [-0.8525, 7.76659, 8.16405],
			"to": [2.1475, 7.76659, 10.66405],
			"rotation": {"angle": 0, "axis": "y", "origin": [3, 7.79159, 8]},
			"faces": {
				"north": {"uv": [0, 3, 0, 0], "rotation": 270, "texture": "#1"},
				"east": {"uv": [0, 3, 0, 0], "rotation": 270, "texture": "#1"},
				"south": {"uv": [0, 3, 0, 0], "rotation": 90, "texture": "#1"},
				"west": {"uv": [0, 3, 0, 0], "rotation": 270, "texture": "#1"},
				"up": {"uv": [9.25, 9.25, 11.75, 6.25], "rotation": 90, "texture": "#1"},
				"down": {"uv": [11.75, 9.25, 9.25, 6.25], "rotation": 90, "texture": "#1"}
			}
		},
		{
			"from": [2.09003, 7.56659, 8.13382],
			"to": [3.09003, 8.06659, 10.13382],
			"rotation": {"angle": 0, "axis": "y", "origin": [3, 7.79159, 8]},
			"faces": {
				"north": {"uv": [12, 1, 11.5, 0], "rotation": 90, "texture": "#1"},
				"east": {"uv": [9.25, 0, 9.75, 2], "rotation": 90, "texture": "#1"},
				"south": {"uv": [9.25, 2.5, 8.25, 2], "texture": "#1"},
				"west": {"uv": [10.25, 0, 10.75, 2], "rotation": 270, "texture": "#1"},
				"up": {"uv": [9.25, 2, 8.25, 0], "rotation": 180, "texture": "#1"},
				"down": {"uv": [8.25, 2, 9.25, 0], "texture": "#1"}
			}
		},
		{
			"from": [3.3709, 7.46659, 9.67901],
			"to": [4.3709, 8.16659, 10.67901],
			"rotation": {"angle": 0, "axis": "y", "origin": [3, 7.79159, 8]},
			"faces": {
				"north": {"uv": [13.25, 7.25, 12.75, 6.25], "rotation": 90, "texture": "#1"},
				"east": {"uv": [12.75, 6.25, 13.25, 7.25], "rotation": 90, "texture": "#1"},
				"south": {"uv": [12.75, 7.75, 11.75, 7.25], "texture": "#1"},
				"west": {"uv": [11.75, 7.25, 12.75, 7.75], "texture": "#1"},
				"up": {"uv": [12.75, 7.25, 11.75, 6.25], "rotation": 180, "texture": "#1"},
				"down": {"uv": [11.75, 7.25, 12.75, 6.25], "texture": "#1"}
			}
		},
		{
			"from": [3.3709, 7.46659, 5.32099],
			"to": [4.3709, 8.16659, 6.32099],
			"rotation": {"angle": 0, "axis": "y", "origin": [3, 7.79159, 8]},
			"faces": {
				"north": {"uv": [12.75, 7.25, 11.75, 7.75], "rotation": 180, "texture": "#1"},
				"east": {"uv": [12.75, 7.25, 13.25, 6.25], "rotation": 90, "texture": "#1"},
				"south": {"uv": [12.75, 7.25, 13.25, 6.25], "rotation": 270, "texture": "#1"},
				"west": {"uv": [12.75, 7.25, 11.75, 7.75], "texture": "#1"},
				"up": {"uv": [12.75, 6.25, 11.75, 7.25], "rotation": 180, "texture": "#1"},
				"down": {"uv": [11.75, 6.25, 12.75, 7.25], "texture": "#1"}
			}
		},
		{
			"from": [2.09003, 7.56659, 5.86618],
			"to": [3.09003, 8.06659, 7.86618],
			"rotation": {"angle": 0, "axis": "y", "origin": [3, 7.79159, 8]},
			"faces": {
				"north": {"uv": [9.25, 2, 8.25, 2.5], "rotation": 180, "texture": "#1"},
				"east": {"uv": [9.25, 2, 9.75, 0], "rotation": 90, "texture": "#1"},
				"south": {"uv": [11.5, 1, 12, 0], "rotation": 270, "texture": "#1"},
				"west": {"uv": [10.25, 2, 10.75, 0], "rotation": 270, "texture": "#1"},
				"up": {"uv": [9.25, 0, 8.25, 2], "rotation": 180, "texture": "#1"},
				"down": {"uv": [8.25, 0, 9.25, 2], "texture": "#1"}
			}
		},
		{
			"from": [-0.8525, 7.76659, 5.33595],
			"to": [2.1475, 7.76659, 7.83595],
			"rotation": {"angle": 0, "axis": "y", "origin": [3, 7.79159, 8]},
			"faces": {
				"north": {"uv": [0, 3, 0, 0], "rotation": 270, "texture": "#1"},
				"east": {"uv": [0, 0, 0, 3], "rotation": 270, "texture": "#1"},
				"south": {"uv": [0, 3, 0, 0], "rotation": 90, "texture": "#1"},
				"west": {"uv": [0, 0, 0, 3], "rotation": 270, "texture": "#1"},
				"up": {"uv": [11.75, 9.25, 9.25, 6.25], "rotation": 90, "texture": "#1"},
				"down": {"uv": [9.25, 9.25, 11.75, 6.25], "rotation": 90, "texture": "#1"}
			}
		},
		{
			"from": [5, 7.4, 7.5],
			"to": [14, 8.4, 8.5],
			"rotation": {"angle": 0, "axis": "y", "origin": [-1, -3.6, 0]},
			"faces": {
				"north": {"uv": [12, 4.5, 12.5, 9], "rotation": 90, "texture": "#9"},
				"east": {"uv": [1.5, 14, 2, 14.5], "texture": "#9"},
				"south": {"uv": [12, 9, 12.5, 4.5], "rotation": 90, "texture": "#9"},
				"west": {"uv": [1, 14, 1.5, 14.5], "texture": "#9"},
				"up": {"uv": [3.5, 11.5, 4, 16], "rotation": 90, "texture": "#9"},
				"down": {"uv": [3.5, 11.5, 4, 16], "rotation": 90, "texture": "#9"}
			}
		},
		{
			"from": [14, 7.4, 7.5],
			"to": [23, 8.4, 8.5],
			"rotation": {"angle": 0, "axis": "y", "origin": [17, -3.6, 0]},
			"faces": {
				"north": {"uv": [12, 9, 12.5, 4.5], "rotation": 90, "texture": "#9"},
				"east": {"uv": [1.5, 14, 1, 14.5], "texture": "#9"},
				"south": {"uv": [12, 4.5, 12.5, 9], "rotation": 90, "texture": "#9"},
				"west": {"uv": [2, 14, 1.5, 14.5], "texture": "#9"},
				"up": {"uv": [3.5, 16, 4, 11.5], "rotation": 90, "texture": "#9"},
				"down": {"uv": [3.5, 16, 4, 11.5], "rotation": 90, "texture": "#9"}
			}
		},
		{
			"from": [19, 5.5, 8],
			"to": [27, 8, 8],
			"rotation": {"angle": 0, "axis": "y", "origin": [25, 6.4, 8]},
			"faces": {
				"north": {"uv": [10.25, 5, 11.5, 9], "rotation": 90, "texture": "#9"},
				"east": {"uv": [0, 0, 5, 0], "rotation": 270, "texture": "#9"},
				"south": {"uv": [10.25, 9, 11.5, 5], "rotation": 90, "texture": "#9"},
				"west": {"uv": [0, 0, 5, 0], "rotation": 270, "texture": "#9"},
				"up": {"uv": [0, 0, 0, 5], "rotation": 270, "texture": "#9"},
				"down": {"uv": [0, 0, 0, 5], "rotation": 270, "texture": "#9"}
			}
		},
		{
			"from": [19, 8, 8],
			"to": [27, 10.5, 8],
			"rotation": {"angle": 0, "axis": "y", "origin": [25, 9.6, 8]},
			"faces": {
				"north": {"uv": [11.5, 5, 10.25, 9], "rotation": 90, "texture": "#9"},
				"east": {"uv": [5, 0, 0, 0], "rotation": 270, "texture": "#9"},
				"south": {"uv": [11.5, 9, 10.25, 5], "rotation": 90, "texture": "#9"},
				"west": {"uv": [5, 0, 0, 0], "rotation": 270, "texture": "#9"},
				"up": {"uv": [0, 0, 0, 5], "rotation": 270, "texture": "#9"},
				"down": {"uv": [0, 0, 0, 5], "rotation": 270, "texture": "#9"}
			}
		},
		{
			"from": [11.80745, 15.79174, 7.4],
			"to": [12.30745, 17.79174, 8.6],
			"rotation": {"angle": 0, "axis": "y", "origin": [13, 15.45048, 8]},
			"faces": {
				"north": {"uv": [9, 8.5, 9.5, 6.5], "texture": "#3"},
				"east": {"uv": [12, 5, 10, 3], "texture": "#3"},
				"south": {"uv": [9.5, 8.5, 9, 6.5], "texture": "#3"},
				"west": {"uv": [10, 10.5, 9, 8.5], "texture": "#3"},
				"up": {"uv": [9.5, 6.5, 10, 8.5], "rotation": 180, "texture": "#3"},
				"down": {"uv": [9.5, 6.5, 10, 8.5], "rotation": 180, "texture": "#3"}
			}
		},
		{
			"from": [10, 16.3, 7],
			"to": [16, 18.3, 9],
			"rotation": {"angle": -45, "axis": "z", "origin": [13, 15.45048, 8]},
			"faces": {
				"north": {"uv": [16, 14, 10, 16], "texture": "#3"},
				"east": {"uv": [5, 10.75, 3, 12.75], "texture": "#3"},
				"south": {"uv": [16, 14, 10, 16], "texture": "#3"},
				"west": {"uv": [5, 10.75, 3, 12.75], "texture": "#3"},
				"up": {"uv": [10, 2, 16, 0], "rotation": 180, "texture": "#3"},
				"down": {"uv": [10, 4, 16, 2], "rotation": 180, "texture": "#3"}
			}
		},
		{
			"from": [10.60781, 15.05829, 7.5],
			"to": [12.60781, 18.95829, 8.5],
			"rotation": {"angle": 0, "axis": "y", "origin": [13, 15.45048, 8]},
			"faces": {
				"north": {"uv": [9, 14, 5, 16], "rotation": 90, "texture": "#3"},
				"east": {"uv": [5, 14, 9, 13], "rotation": 270, "texture": "#3"},
				"south": {"uv": [9, 16, 5, 14], "rotation": 90, "texture": "#3"},
				"west": {"uv": [5, 14, 9, 13], "rotation": 270, "texture": "#3"},
				"up": {"uv": [10, 14, 9, 16], "rotation": 90, "texture": "#3"},
				"down": {"uv": [10, 14, 9, 16], "rotation": 90, "texture": "#3"}
			}
		},
		{
			"from": [9.65806, 12.11615, 7],
			"to": [12.65806, 15.11615, 9],
			"rotation": {"angle": 0, "axis": "y", "origin": [13, 15.45048, 8]},
			"faces": {
				"north": {"uv": [3, 13, 0, 16], "rotation": 270, "texture": "#3"},
				"east": {"uv": [5, 13, 3, 16], "texture": "#3"},
				"south": {"uv": [0, 16, 3, 13], "rotation": 180, "texture": "#3"},
				"west": {"uv": [0, 13, 3, 11], "rotation": 270, "texture": "#3"},
				"up": {"uv": [5, 13, 3, 16], "rotation": 90, "texture": "#3"},
				"down": {"uv": [3, 13, 0, 11], "rotation": 180, "texture": "#3"}
			}
		},
		{
			"from": [9.60781, 16.05829, 7.5],
			"to": [10.60781, 18.95829, 8.5],
			"rotation": {"angle": 0, "axis": "y", "origin": [13, 15.45048, 8]},
			"faces": {
				"north": {"uv": [8, 12, 5, 13], "rotation": 270, "texture": "#3"},
				"east": {"uv": [5, 13, 8, 12], "rotation": 270, "texture": "#3"},
				"south": {"uv": [5, 12, 8, 13], "rotation": 90, "texture": "#3"},
				"west": {"uv": [5, 12, 8, 11], "rotation": 270, "texture": "#3"},
				"up": {"uv": [9, 12, 8, 13], "rotation": 90, "texture": "#3"},
				"down": {"uv": [9, 12, 8, 13], "rotation": 90, "texture": "#3"}
			}
		},
		{
			"from": [12.60781, 13.05829, 7.5],
			"to": [16.50781, 15.05829, 8.5],
			"rotation": {"angle": 0, "axis": "y", "origin": [13, 15.45048, 8]},
			"faces": {
				"north": {"uv": [5, 14, 9, 16], "rotation": 180, "texture": "#3"},
				"east": {"uv": [9, 14, 10, 16], "texture": "#3"},
				"south": {"uv": [5, 16, 9, 14], "texture": "#3"},
				"west": {"uv": [9, 14, 10, 16], "texture": "#3"},
				"up": {"uv": [9, 14, 5, 13], "rotation": 180, "texture": "#3"},
				"down": {"uv": [9, 14, 5, 13], "rotation": 180, "texture": "#3"}
			}
		},
		{
			"from": [12.59359, 15.0725, 6.5],
			"to": [14.59359, 17.0725, 9.5],
			"rotation": {"angle": 0, "axis": "y", "origin": [13, 15.45048, 8]},
			"faces": {
				"north": {"uv": [16, 12, 14, 14], "texture": "#3"},
				"east": {"uv": [9, 14, 11, 11], "rotation": 270, "texture": "#3"},
				"south": {"uv": [14, 14, 16, 12], "rotation": 270, "texture": "#3"},
				"west": {"uv": [14, 12, 11, 14], "rotation": 180, "texture": "#3"},
				"up": {"uv": [9, 14, 11, 11], "texture": "#3"},
				"down": {"uv": [14, 12, 11, 14], "rotation": 90, "texture": "#3"}
			}
		},
		{
			"from": [13.34126, 14.25793, 7.4],
			"to": [15.34126, 14.75793, 8.6],
			"rotation": {"angle": 0, "axis": "y", "origin": [13, 15.45048, 8]},
			"faces": {
				"north": {"uv": [9.5, 8.5, 9, 6.5], "rotation": 270, "texture": "#3"},
				"east": {"uv": [10, 6.5, 9.5, 8.5], "rotation": 270, "texture": "#3"},
				"south": {"uv": [9, 8.5, 9.5, 6.5], "rotation": 90, "texture": "#3"},
				"west": {"uv": [10, 6.5, 9.5, 8.5], "rotation": 270, "texture": "#3"},
				"up": {"uv": [10, 5, 12, 3], "rotation": 90, "texture": "#3"},
				"down": {"uv": [9, 10.5, 10, 8.5], "rotation": 90, "texture": "#3"}
			}
		},
		{
			"from": [10.5, 17.3, 6.5],
			"to": [11, 18.8, 9.5],
			"rotation": {"angle": -45, "axis": "z", "origin": [13, 15.45048, 8]},
			"faces": {
				"north": {"uv": [13, 4, 12.5, 5.5], "texture": "#3"},
				"east": {"uv": [16, 4, 13, 5.5], "texture": "#3"},
				"south": {"uv": [13, 4, 12.5, 5.5], "texture": "#3"},
				"west": {"uv": [16, 4, 13, 5.5], "texture": "#3"},
				"up": {"uv": [16, 5.5, 13, 6], "rotation": 270, "texture": "#3"},
				"down": {"uv": [16, 5.5, 13, 6], "rotation": 270, "texture": "#3"}
			}
		},
		{
			"from": [13.60781, 12.05829, 7.5],
			"to": [16.50781, 13.05829, 8.5],
			"rotation": {"angle": 0, "axis": "y", "origin": [13, 15.45048, 8]},
			"faces": {
				"north": {"uv": [5, 12, 8, 13], "texture": "#3"},
				"east": {"uv": [8, 12, 9, 13], "texture": "#3"},
				"south": {"uv": [8, 12, 5, 13], "texture": "#3"},
				"west": {"uv": [8, 12, 9, 13], "texture": "#3"},
				"up": {"uv": [8, 13, 5, 12], "rotation": 180, "texture": "#3"},
				"down": {"uv": [8, 12, 5, 11], "rotation": 180, "texture": "#3"}
			}
		},
		{
			"from": [14.22671, 3.60347, 7],
			"to": [16.22671, 4.10347, 9],
			"rotation": {"angle": -45, "axis": "z", "origin": [16.4, 7.86915, 8]},
			"faces": {
				"north": {"uv": [9, 13, 8.5, 11], "rotation": 90, "texture": "#0"},
				"east": {"uv": [9, 10.5, 11, 11], "texture": "#0"},
				"south": {"uv": [9, 13, 8.5, 11], "rotation": 270, "texture": "#0"},
				"west": {"uv": [9, 10.5, 11, 11], "texture": "#0"},
				"up": {"uv": [11, 13, 9, 11], "rotation": 270, "texture": "#0"},
				"down": {"uv": [11, 13, 9, 11], "rotation": 270, "texture": "#0"}
			}
		},
		{
			"from": [13.06915, 5.86915, 7],
			"to": [18.06915, 9.86915, 9],
			"rotation": {"angle": 0, "axis": "y", "origin": [16.4, 7.86915, 8]},
			"faces": {
				"north": {"uv": [10, 10.5, 6, 5.5], "rotation": 90, "texture": "#10"},
				"east": {"uv": [4, 7, 0, 5], "rotation": 270, "texture": "#0"},
				"south": {"uv": [10, 10.5, 6, 5.5], "rotation": 270, "texture": "#10"},
				"west": {"uv": [4, 7, 0, 9], "rotation": 270, "texture": "#0"},
				"up": {"uv": [6, 5, 4, 0], "rotation": 270, "texture": "#0"},
				"down": {"uv": [6, 5, 4, 0], "rotation": 270, "texture": "#0"}
			}
		},
		{
			"from": [16.10869, 5.16046, 7.1],
			"to": [19.10869, 8.16046, 8.9],
			"rotation": {"angle": 45, "axis": "z", "origin": [16.4, 7.86915, 8]},
			"faces": {
				"north": {"uv": [3, 9.25, 0, 12.25], "rotation": 270, "texture": "#0"},
				"east": {"uv": [0, 12.25, 3, 14.25], "rotation": 270, "texture": "#0"},
				"south": {"uv": [0, 12.25, 3, 9.25], "texture": "#0"},
				"west": {"uv": [4.8, 9.25, 3, 12.25], "rotation": 180, "texture": "#0"},
				"up": {"uv": [3, 14.05, 0, 12.25], "texture": "#0"},
				"down": {"uv": [3, 14.25, 0, 12.25], "texture": "#0"}
			}
		},
		{
			"from": [16.06915, 0.86915, 7.5],
			"to": [17.06915, 5.86915, 8.5],
			"rotation": {"angle": 0, "axis": "y", "origin": [16.4, 7.86915, 8]},
			"faces": {
				"north": {"uv": [16, 3, 11, 2], "rotation": 90, "texture": "#0"},
				"east": {"uv": [11, 0, 16, 1], "rotation": 90, "texture": "#0"},
				"south": {"uv": [11, 3, 16, 2], "rotation": 270, "texture": "#0"},
				"west": {"uv": [11, 1, 16, 2], "rotation": 90, "texture": "#0"},
				"up": {"uv": [11, 1, 10, 0], "rotation": 270, "texture": "#0"},
				"down": {"uv": [11, 1, 10, 0], "rotation": 270, "texture": "#0"}
			}
		},
		{
			"from": [15.51961, 4.08876, 7.1],
			"to": [17.41961, 6.98876, 8.9],
			"rotation": {"angle": -45, "axis": "z", "origin": [16.4, 7.86915, 8]},
			"faces": {
				"north": {"uv": [15.9, 15.9, 13, 14], "rotation": 90, "texture": "#0"},
				"east": {"uv": [16, 10, 13, 12], "rotation": 90, "texture": "#0"},
				"south": {"uv": [13, 15.9, 15.9, 14], "rotation": 270, "texture": "#0"},
				"west": {"uv": [16, 10, 13, 12], "rotation": 90, "texture": "#0"},
				"up": {"uv": [14, 14, 16, 12], "rotation": 270, "texture": "#0"},
				"down": {"uv": [14, 14, 16, 12], "rotation": 270, "texture": "#0"}
			}
		},
		{
			"from": [14.46915, 4.46915, 7],
			"to": [16.06915, 5.86915, 9],
			"rotation": {"angle": 0, "axis": "y", "origin": [16.4, 7.86915, 8]},
			"faces": {
				"north": {"uv": [6.25, 3, 7.75, 1.5], "rotation": 90, "texture": "#0"},
				"east": {"uv": [7.75, 3, 9.25, 5], "rotation": 90, "texture": "#0"},
				"south": {"uv": [7.75, 3, 6.25, 1.5], "rotation": 270, "texture": "#0"},
				"west": {"uv": [6.25, 3, 7.75, 5], "rotation": 90, "texture": "#0"},
				"up": {"uv": [8.25, 1.5, 6.25, 0], "rotation": 270, "texture": "#0"},
				"down": {"uv": [8.25, 1.5, 6.25, 0], "rotation": 270, "texture": "#0"}
			}
		},
		{
			"from": [14.17119, 5.26027, 7.1],
			"to": [17.17119, 7.06027, 8.9],
			"rotation": {"angle": 22.5, "axis": "z", "origin": [16.4, 7.86915, 8]},
			"faces": {
				"north": {"uv": [7, 5, 4, 7], "texture": "#0"},
				"east": {"uv": [6, 9, 4, 7], "rotation": 180, "texture": "#0"},
				"south": {"uv": [4, 5, 7, 7], "texture": "#0"},
				"west": {"uv": [6, 9, 4, 7], "rotation": 180, "texture": "#0"},
				"up": {"uv": [13, 0, 14, 1], "texture": "#0"},
				"down": {"uv": [5, 10.25, 8, 12.25], "texture": "#0"}
			}
		},
		{
			"from": [18.7264, 0.70478, 7.6],
			"to": [19.7264, 1.70478, 8.4],
			"rotation": {"angle": -22.5, "axis": "z", "origin": [16.4, 7.86915, 8]},
			"faces": {
				"north": {"uv": [15, 8, 16, 7], "rotation": 90, "texture": "#0"},
				"east": {"uv": [13, 6, 14, 7], "rotation": 90, "texture": "#0"},
				"south": {"uv": [16, 8, 15, 7], "rotation": 270, "texture": "#0"},
				"west": {"uv": [13, 7, 14, 8], "rotation": 90, "texture": "#0"},
				"up": {"uv": [15, 8, 14, 7], "rotation": 270, "texture": "#0"},
				"down": {"uv": [15, 8, 14, 7], "rotation": 270, "texture": "#0"}
			}
		},
		{
			"from": [11.56915, 6.36915, 9.1],
			"to": [14.06915, 7.36915, 9.1],
			"rotation": {"angle": 0, "axis": "y", "origin": [16.4, 7.86915, 8]},
			"faces": {
				"north": {"uv": [3, 14.75, 4, 12.25], "rotation": 90, "texture": "#0"},
				"east": {"uv": [0, 0, 1, 0], "rotation": 270, "texture": "#0"},
				"south": {"uv": [4, 14.75, 3, 12.25], "rotation": 270, "texture": "#0"},
				"west": {"uv": [0, 0, 1, 0], "rotation": 270, "texture": "#0"},
				"up": {"uv": [0, 2.5, 0, 0], "rotation": 270, "texture": "#0"},
				"down": {"uv": [0, 2.5, 0, 0], "rotation": 270, "texture": "#0"}
			}
		},
		{
			"from": [15.51961, 8.74954, 7.1],
			"to": [17.41961, 11.64954, 8.9],
			"rotation": {"angle": 45, "axis": "z", "origin": [16.4, 7.86915, 8]},
			"faces": {
				"north": {"uv": [13, 16, 16, 14], "rotation": 90, "texture": "#0"},
				"east": {"uv": [13, 10, 16, 12], "rotation": 90, "texture": "#0"},
				"south": {"uv": [16, 16, 13, 14], "rotation": 270, "texture": "#0"},
				"west": {"uv": [13, 10, 16, 12], "rotation": 90, "texture": "#0"},
				"up": {"uv": [16, 14, 14, 12], "rotation": 270, "texture": "#0"},
				"down": {"uv": [16, 14, 14, 12], "rotation": 270, "texture": "#0"}
			}
		},
		{
			"from": [14.46915, 9.86915, 7],
			"to": [16.06915, 11.26915, 9],
			"rotation": {"angle": 0, "axis": "y", "origin": [16.4, 7.86915, 8]},
			"faces": {
				"north": {"uv": [7.75, 3, 6.25, 1.5], "rotation": 90, "texture": "#0"},
				"east": {"uv": [9.25, 3, 7.75, 5], "rotation": 90, "texture": "#0"},
				"south": {"uv": [6.25, 3, 7.75, 1.5], "rotation": 270, "texture": "#0"},
				"west": {"uv": [7.75, 3, 6.25, 5], "rotation": 90, "texture": "#0"},
				"up": {"uv": [6.25, 1.5, 8.25, 0], "rotation": 270, "texture": "#0"},
				"down": {"uv": [6.25, 1.5, 8.25, 0], "rotation": 270, "texture": "#0"}
			}
		},
		{
			"from": [11.56915, 8.36915, 9.1],
			"to": [14.06915, 9.36915, 9.1],
			"rotation": {"angle": 0, "axis": "y", "origin": [16.4, 7.86915, 8]},
			"faces": {
				"north": {"uv": [4, 14.75, 3, 12.25], "rotation": 90, "texture": "#0"},
				"east": {"uv": [1, 0, 0, 0], "rotation": 270, "texture": "#0"},
				"south": {"uv": [3, 14.75, 4, 12.25], "rotation": 270, "texture": "#0"},
				"west": {"uv": [1, 0, 0, 0], "rotation": 270, "texture": "#0"},
				"up": {"uv": [0, 2.5, 0, 0], "rotation": 270, "texture": "#0"},
				"down": {"uv": [0, 2.5, 0, 0], "rotation": 270, "texture": "#0"}
			}
		},
		{
			"from": [12.77697, 4.33533, 7.4],
			"to": [13.77697, 7.33533, 8.6],
			"rotation": {"angle": 45, "axis": "z", "origin": [16.4, 7.86915, 8]},
			"faces": {
				"north": {"uv": [13, 10, 16, 9], "rotation": 90, "texture": "#0"},
				"east": {"uv": [13, 8, 16, 9], "rotation": 90, "texture": "#0"},
				"south": {"uv": [16, 10, 13, 9], "rotation": 270, "texture": "#0"},
				"west": {"uv": [13, 8, 16, 9], "rotation": 90, "texture": "#0"},
				"up": {"uv": [12.95, 13, 13.95, 12], "rotation": 270, "texture": "#0"},
				"down": {"uv": [12.95, 13, 13.95, 12], "rotation": 270, "texture": "#0"}
			}
		},
		{
			"from": [11.56915, 8.36915, 6.9],
			"to": [14.06915, 9.36915, 6.9],
			"rotation": {"angle": 0, "axis": "y", "origin": [16.4, 7.86915, 8]},
			"faces": {
				"north": {"uv": [4, 14.75, 3, 12.25], "rotation": 90, "texture": "#0"},
				"east": {"uv": [1, 0, 0, 0], "rotation": 270, "texture": "#0"},
				"south": {"uv": [3, 14.75, 4, 12.25], "rotation": 270, "texture": "#0"},
				"west": {"uv": [1, 0, 0, 0], "rotation": 270, "texture": "#0"},
				"up": {"uv": [0, 2.5, 0, 0], "rotation": 270, "texture": "#0"},
				"down": {"uv": [0, 2.5, 0, 0], "rotation": 270, "texture": "#0"}
			}
		},
		{
			"from": [11.56915, 6.36915, 6.9],
			"to": [14.06915, 7.36915, 6.9],
			"rotation": {"angle": 0, "axis": "y", "origin": [16.4, 7.86915, 8]},
			"faces": {
				"north": {"uv": [3, 14.75, 4, 12.25], "rotation": 90, "texture": "#0"},
				"east": {"uv": [0, 0, 1, 0], "rotation": 270, "texture": "#0"},
				"south": {"uv": [4, 14.75, 3, 12.25], "rotation": 270, "texture": "#0"},
				"west": {"uv": [0, 0, 1, 0], "rotation": 270, "texture": "#0"},
				"up": {"uv": [0, 2.5, 0, 0], "rotation": 270, "texture": "#0"},
				"down": {"uv": [0, 2.5, 0, 0], "rotation": 270, "texture": "#0"}
			}
		},
		{
			"from": [12.77697, 8.40297, 7.4],
			"to": [13.77697, 11.40297, 8.6],
			"rotation": {"angle": -45, "axis": "z", "origin": [16.4, 7.86915, 8]},
			"faces": {
				"north": {"uv": [16, 10, 13, 9], "rotation": 90, "texture": "#0"},
				"east": {"uv": [16, 8, 13, 9], "rotation": 90, "texture": "#0"},
				"south": {"uv": [13, 10, 16, 9], "rotation": 270, "texture": "#0"},
				"west": {"uv": [16, 8, 13, 9], "rotation": 90, "texture": "#0"},
				"up": {"uv": [13.95, 13, 12.95, 12], "rotation": 270, "texture": "#0"},
				"down": {"uv": [13.95, 13, 12.95, 12], "rotation": 270, "texture": "#0"}
			}
		},
		{
			"from": [15.76915, 0.86915, 8.8],
			"to": [16.76915, 3.86915, 8.8],
			"rotation": {"angle": 0, "axis": "y", "origin": [16.4, 7.86915, 8]},
			"faces": {
				"north": {"uv": [7, 15, 4, 16], "rotation": 90, "texture": "#0"},
				"east": {"uv": [0, 0, 3, 0], "rotation": 90, "texture": "#0"},
				"south": {"uv": [7, 16, 4, 15], "rotation": 90, "texture": "#0"},
				"west": {"uv": [0, 0, 3, 0], "rotation": 270, "texture": "#0"},
				"up": {"uv": [2, 0, 1, 0], "texture": "#0"},
				"down": {"uv": [2, 0, 1, 0], "rotation": 180, "texture": "#0"}
			}
		},
		{
			"from": [15.76915, 0.86915, 7.2],
			"to": [15.76915, 3.86915, 8.8],
			"rotation": {"angle": 0, "axis": "y", "origin": [16.4, 7.86915, 8]},
			"faces": {
				"north": {"uv": [3, 0, 0, 0], "rotation": 90, "texture": "#0"},
				"east": {"uv": [13, 3.35, 16, 4.85], "rotation": 270, "texture": "#0"},
				"south": {"uv": [3, 0, 0, 0], "rotation": 270, "texture": "#0"},
				"west": {"uv": [13, 3.35, 16, 4.85], "rotation": 270, "texture": "#0"},
				"up": {"uv": [1.6, 0, 0, 0], "rotation": 270, "texture": "#0"},
				"down": {"uv": [1.6, 0, 0, 0], "rotation": 270, "texture": "#0"}
			}
		},
		{
			"from": [16.06915, 9.86915, 7.5],
			"to": [17.06915, 14.86915, 8.5],
			"rotation": {"angle": 0, "axis": "y", "origin": [16.4, 7.86915, 8]},
			"faces": {
				"north": {"uv": [11, 3, 16, 2], "rotation": 90, "texture": "#0"},
				"east": {"uv": [16, 0, 11, 1], "rotation": 90, "texture": "#0"},
				"south": {"uv": [16, 3, 11, 2], "rotation": 270, "texture": "#0"},
				"west": {"uv": [16, 1, 11, 2], "rotation": 90, "texture": "#0"},
				"up": {"uv": [10, 1, 11, 0], "rotation": 270, "texture": "#0"},
				"down": {"uv": [10, 1, 11, 0], "rotation": 270, "texture": "#0"}
			}
		},
		{
			"from": [13.31915, 2.71915, 8.9],
			"to": [16.31915, 5.21915, 8.9],
			"rotation": {"angle": 0, "axis": "y", "origin": [16.4, 7.86915, 8]},
			"faces": {
				"north": {"uv": [7, 14.75, 4, 12.25], "texture": "#0"},
				"east": {"uv": [0, 0, 0, 2], "rotation": 180, "texture": "#0"},
				"south": {"uv": [4, 14.75, 7, 12.25], "texture": "#0"},
				"west": {"uv": [0, 0, 0, 2], "rotation": 180, "texture": "#0"},
				"up": {"uv": [2, 0, 0, 0], "rotation": 180, "texture": "#0"},
				"down": {"uv": [2, 0, 0, 0], "rotation": 180, "texture": "#0"}
			}
		},
		{
			"from": [15.76915, 0.86915, 7.2],
			"to": [16.76915, 3.86915, 7.2],
			"rotation": {"angle": 0, "axis": "y", "origin": [16.4, 7.86915, 8]},
			"faces": {
				"north": {"uv": [4, 16, 7, 15], "rotation": 270, "texture": "#0"},
				"east": {"uv": [0, 0, 3, 0], "rotation": 90, "texture": "#0"},
				"south": {"uv": [4, 15, 7, 16], "rotation": 270, "texture": "#0"},
				"west": {"uv": [0, 0, 3, 0], "rotation": 270, "texture": "#0"},
				"up": {"uv": [2, 0, 1, 0], "texture": "#0"},
				"down": {"uv": [2, 0, 1, 0], "rotation": 180, "texture": "#0"}
			}
		},
		{
			"from": [13.31915, 2.71915, 7.1],
			"to": [16.31915, 5.21915, 7.1],
			"rotation": {"angle": 0, "axis": "y", "origin": [16.4, 7.86915, 8]},
			"faces": {
				"north": {"uv": [4, 12.25, 7, 14.75], "rotation": 180, "texture": "#0"},
				"east": {"uv": [0, 0, 0, 2], "rotation": 180, "texture": "#0"},
				"south": {"uv": [7, 12.25, 4, 14.75], "rotation": 180, "texture": "#0"},
				"west": {"uv": [0, 0, 0, 2], "rotation": 180, "texture": "#0"},
				"up": {"uv": [2, 0, 0, 0], "rotation": 180, "texture": "#0"},
				"down": {"uv": [2, 0, 0, 0], "rotation": 180, "texture": "#0"}
			}
		},
		{
			"from": [13.31915, 10.51915, 7.1],
			"to": [16.31915, 13.01915, 7.1],
			"rotation": {"angle": 0, "axis": "y", "origin": [16.4, 7.86915, 8]},
			"faces": {
				"north": {"uv": [4, 14.75, 7, 12.25], "rotation": 180, "texture": "#0"},
				"east": {"uv": [0, 2, 0, 0], "rotation": 180, "texture": "#0"},
				"south": {"uv": [7, 14.75, 4, 12.25], "rotation": 180, "texture": "#0"},
				"west": {"uv": [0, 2, 0, 0], "rotation": 180, "texture": "#0"},
				"up": {"uv": [2, 0, 0, 0], "rotation": 180, "texture": "#0"},
				"down": {"uv": [2, 0, 0, 0], "rotation": 180, "texture": "#0"}
			}
		},
		{
			"from": [13.31915, 10.51915, 8.9],
			"to": [16.31915, 13.01915, 8.9],
			"rotation": {"angle": 0, "axis": "y", "origin": [16.4, 7.86915, 8]},
			"faces": {
				"north": {"uv": [7, 12.25, 4, 14.75], "texture": "#0"},
				"east": {"uv": [0, 2, 0, 0], "rotation": 180, "texture": "#0"},
				"south": {"uv": [4, 12.25, 7, 14.75], "texture": "#0"},
				"west": {"uv": [0, 2, 0, 0], "rotation": 180, "texture": "#0"},
				"up": {"uv": [2, 0, 0, 0], "rotation": 180, "texture": "#0"},
				"down": {"uv": [2, 0, 0, 0], "rotation": 180, "texture": "#0"}
			}
		},
		{
			"from": [16.56915, 5.86915, 8.5],
			"to": [20.56915, 7.36915, 8.5],
			"rotation": {"angle": 0, "axis": "y", "origin": [16.4, 7.86915, 8]},
			"faces": {
				"north": {"uv": [9, 15.75, 13, 14.25], "texture": "#0"},
				"east": {"uv": [14, 9, 14, 11], "rotation": 180, "texture": "#0"},
				"south": {"uv": [13, 15.75, 9, 14.25], "texture": "#0"},
				"west": {"uv": [14, 9, 14, 11], "rotation": 180, "texture": "#0"},
				"up": {"uv": [17, 1, 13, 1], "texture": "#0"},
				"down": {"uv": [17, 0, 13, 0], "texture": "#0"}
			}
		},
		{
			"from": [14.22671, 11.63482, 7],
			"to": [16.22671, 12.13482, 9],
			"rotation": {"angle": 45, "axis": "z", "origin": [16.4, 7.86915, 8]},
			"faces": {
				"north": {"uv": [8.5, 13, 9, 11], "rotation": 90, "texture": "#0"},
				"east": {"uv": [9, 11, 11, 10.5], "texture": "#0"},
				"south": {"uv": [8.5, 13, 9, 11], "rotation": 270, "texture": "#0"},
				"west": {"uv": [9, 11, 11, 10.5], "texture": "#0"},
				"up": {"uv": [9, 13, 11, 11], "rotation": 270, "texture": "#0"},
				"down": {"uv": [9, 13, 11, 11], "rotation": 270, "texture": "#0"}
			}
		},
		{
			"from": [14.17119, 8.67803, 7.1],
			"to": [17.17119, 10.47803, 8.9],
			"rotation": {"angle": -22.5, "axis": "z", "origin": [16.4, 7.86915, 8]},
			"faces": {
				"north": {"uv": [7, 7, 4, 5], "texture": "#0"},
				"east": {"uv": [6, 7, 4, 9], "rotation": 180, "texture": "#0"},
				"south": {"uv": [4, 7, 7, 5], "texture": "#0"},
				"west": {"uv": [6, 7, 4, 9], "rotation": 180, "texture": "#0"},
				"up": {"uv": [5, 12.25, 8, 10.25], "texture": "#0"},
				"down": {"uv": [13, 1, 14, 0], "texture": "#0"}
			}
		},
		{
			"from": [16.56915, 8.36915, 8.5],
			"to": [20.56915, 9.86915, 8.5],
			"rotation": {"angle": 0, "axis": "y", "origin": [16.4, 7.86915, 8]},
			"faces": {
				"north": {"uv": [9, 14.25, 13, 15.75], "texture": "#0"},
				"east": {"uv": [14, 11, 14, 9], "rotation": 180, "texture": "#0"},
				"south": {"uv": [13, 14.25, 9, 15.75], "texture": "#0"},
				"west": {"uv": [14, 11, 14, 9], "rotation": 180, "texture": "#0"},
				"up": {"uv": [17, 0, 13, 0], "texture": "#0"},
				"down": {"uv": [17, 1, 13, 1], "texture": "#0"}
			}
		},
		{
			"from": [15.76915, 11.86915, 7.2],
			"to": [16.76915, 14.86915, 7.2],
			"rotation": {"angle": 0, "axis": "y", "origin": [16.4, 7.86915, 8]},
			"faces": {
				"north": {"uv": [7, 16, 4, 15], "rotation": 270, "texture": "#0"},
				"east": {"uv": [3, 0, 0, 0], "rotation": 90, "texture": "#0"},
				"south": {"uv": [7, 15, 4, 16], "rotation": 270, "texture": "#0"},
				"west": {"uv": [3, 0, 0, 0], "rotation": 270, "texture": "#0"},
				"up": {"uv": [2, 0, 1, 0], "rotation": 180, "texture": "#0"},
				"down": {"uv": [2, 0, 1, 0], "texture": "#0"}
			}
		},
		{
			"from": [18.7264, 14.03352, 7.6],
			"to": [19.7264, 15.03352, 8.4],
			"rotation": {"angle": 22.5, "axis": "z", "origin": [16.4, 7.86915, 8]},
			"faces": {
				"north": {"uv": [16, 8, 15, 7], "rotation": 90, "texture": "#0"},
				"east": {"uv": [14, 6, 13, 7], "rotation": 90, "texture": "#0"},
				"south": {"uv": [15, 8, 16, 7], "rotation": 270, "texture": "#0"},
				"west": {"uv": [14, 7, 13, 8], "rotation": 90, "texture": "#0"},
				"up": {"uv": [14, 8, 15, 7], "rotation": 270, "texture": "#0"},
				"down": {"uv": [14, 8, 15, 7], "rotation": 270, "texture": "#0"}
			}
		},
		{
			"from": [15.76915, 11.86915, 8.8],
			"to": [16.76915, 14.86915, 8.8],
			"rotation": {"angle": 0, "axis": "y", "origin": [16.4, 7.86915, 8]},
			"faces": {
				"north": {"uv": [4, 15, 7, 16], "rotation": 90, "texture": "#0"},
				"east": {"uv": [3, 0, 0, 0], "rotation": 90, "texture": "#0"},
				"south": {"uv": [4, 16, 7, 15], "rotation": 90, "texture": "#0"},
				"west": {"uv": [3, 0, 0, 0], "rotation": 270, "texture": "#0"},
				"up": {"uv": [2, 0, 1, 0], "rotation": 180, "texture": "#0"},
				"down": {"uv": [2, 0, 1, 0], "texture": "#0"}
			}
		},
		{
			"from": [15.76915, 11.86915, 7.2],
			"to": [15.76915, 14.86915, 8.8],
			"rotation": {"angle": 0, "axis": "y", "origin": [16.4, 7.86915, 8]},
			"faces": {
				"north": {"uv": [0, 0, 3, 0], "rotation": 90, "texture": "#0"},
				"east": {"uv": [16, 3.35, 13, 4.85], "rotation": 270, "texture": "#0"},
				"south": {"uv": [0, 0, 3, 0], "rotation": 270, "texture": "#0"},
				"west": {"uv": [16, 3.35, 13, 4.85], "rotation": 270, "texture": "#0"},
				"up": {"uv": [0, 0, 1.6, 0], "rotation": 270, "texture": "#0"},
				"down": {"uv": [0, 0, 1.6, 0], "rotation": 270, "texture": "#0"}
			}
		},
		{
			"from": [11.80745, -1.99174, 7.4],
			"to": [12.30745, 0.00826, 8.6],
			"rotation": {"angle": 0, "axis": "y", "origin": [13, 0.34952, 8]},
			"faces": {
				"north": {"uv": [9, 6.5, 9.5, 8.5], "texture": "#3"},
				"east": {"uv": [12, 3, 10, 5], "texture": "#3"},
				"south": {"uv": [9.5, 6.5, 9, 8.5], "texture": "#3"},
				"west": {"uv": [10, 8.5, 9, 10.5], "texture": "#3"},
				"up": {"uv": [9.5, 8.5, 10, 6.5], "rotation": 180, "texture": "#3"},
				"down": {"uv": [9.5, 8.5, 10, 6.5], "rotation": 180, "texture": "#3"}
			}
		},
		{
			"from": [10, -2.5, 7],
			"to": [16, -0.5, 9],
			"rotation": {"angle": 45, "axis": "z", "origin": [13, 0.34952, 8]},
			"faces": {
				"north": {"uv": [16, 16, 10, 14], "texture": "#3"},
				"east": {"uv": [5, 12.75, 3, 10.75], "texture": "#3"},
				"south": {"uv": [16, 16, 10, 14], "texture": "#3"},
				"west": {"uv": [5, 12.75, 3, 10.75], "texture": "#3"},
				"up": {"uv": [10, 2, 16, 4], "rotation": 180, "texture": "#3"},
				"down": {"uv": [10, 0, 16, 2], "rotation": 180, "texture": "#3"}
			}
		},
		{
			"from": [10.60781, -3.15829, 7.5],
			"to": [12.60781, 0.74171, 8.5],
			"rotation": {"angle": 0, "axis": "y", "origin": [13, 0.34952, 8]},
			"faces": {
				"north": {"uv": [5, 14, 9, 16], "rotation": 90, "texture": "#3"},
				"east": {"uv": [9, 14, 5, 13], "rotation": 270, "texture": "#3"},
				"south": {"uv": [5, 16, 9, 14], "rotation": 90, "texture": "#3"},
				"west": {"uv": [9, 14, 5, 13], "rotation": 270, "texture": "#3"},
				"up": {"uv": [9, 14, 10, 16], "rotation": 90, "texture": "#3"},
				"down": {"uv": [9, 14, 10, 16], "rotation": 90, "texture": "#3"}
			}
		},
		{
			"from": [9.65806, 0.68385, 7],
			"to": [12.65806, 3.68385, 9],
			"rotation": {"angle": 0, "axis": "y", "origin": [13, 0.34952, 8]},
			"faces": {
				"north": {"uv": [0, 13, 3, 16], "rotation": 270, "texture": "#3"},
				"east": {"uv": [5, 16, 3, 13], "texture": "#3"},
				"south": {"uv": [0, 13, 3, 16], "rotation": 180, "texture": "#3"},
				"west": {"uv": [3, 13, 0, 11], "rotation": 270, "texture": "#3"},
				"up": {"uv": [3, 11, 0, 13], "rotation": 180, "texture": "#3"},
				"down": {"uv": [3, 13, 5, 16], "rotation": 90, "texture": "#3"}
			}
		},
		{
			"from": [9.60781, -3.15829, 7.5],
			"to": [10.60781, -0.25829, 8.5],
			"rotation": {"angle": 0, "axis": "y", "origin": [13, 0.34952, 8]},
			"faces": {
				"north": {"uv": [5, 12, 8, 13], "rotation": 270, "texture": "#3"},
				"east": {"uv": [8, 13, 5, 12], "rotation": 270, "texture": "#3"},
				"south": {"uv": [8, 12, 5, 13], "rotation": 90, "texture": "#3"},
				"west": {"uv": [8, 12, 5, 11], "rotation": 270, "texture": "#3"},
				"up": {"uv": [8, 12, 9, 13], "rotation": 90, "texture": "#3"},
				"down": {"uv": [8, 12, 9, 13], "rotation": 90, "texture": "#3"}
			}
		},
		{
			"from": [12.60781, 0.74171, 7.5],
			"to": [16.50781, 2.74171, 8.5],
			"rotation": {"angle": 0, "axis": "y", "origin": [13, 0.34952, 8]},
			"faces": {
				"north": {"uv": [5, 16, 9, 14], "rotation": 180, "texture": "#3"},
				"east": {"uv": [9, 16, 10, 14], "texture": "#3"},
				"south": {"uv": [5, 14, 9, 16], "texture": "#3"},
				"west": {"uv": [9, 16, 10, 14], "texture": "#3"},
				"up": {"uv": [9, 13, 5, 14], "rotation": 180, "texture": "#3"},
				"down": {"uv": [9, 13, 5, 14], "rotation": 180, "texture": "#3"}
			}
		},
		{
			"from": [12.59359, -1.2725, 6.5],
			"to": [14.59359, 0.7275, 9.5],
			"rotation": {"angle": 0, "axis": "y", "origin": [13, 0.34952, 8]},
			"faces": {
				"north": {"uv": [16, 14, 14, 12], "texture": "#3"},
				"east": {"uv": [11, 14, 9, 11], "rotation": 270, "texture": "#3"},
				"south": {"uv": [16, 14, 14, 12], "rotation": 270, "texture": "#3"},
				"west": {"uv": [14, 14, 11, 12], "rotation": 180, "texture": "#3"},
				"up": {"uv": [11, 12, 14, 14], "rotation": 90, "texture": "#3"},
				"down": {"uv": [9, 11, 11, 14], "texture": "#3"}
			}
		},
		{
			"from": [13.34126, 1.04207, 7.4],
			"to": [15.34126, 1.54207, 8.6],
			"rotation": {"angle": 0, "axis": "y", "origin": [13, 0.34952, 8]},
			"faces": {
				"north": {"uv": [9, 8.5, 9.5, 6.5], "rotation": 270, "texture": "#3"},
				"east": {"uv": [9.5, 6.5, 10, 8.5], "rotation": 270, "texture": "#3"},
				"south": {"uv": [9.5, 8.5, 9, 6.5], "rotation": 90, "texture": "#3"},
				"west": {"uv": [9.5, 6.5, 10, 8.5], "rotation": 270, "texture": "#3"},
				"up": {"uv": [10, 10.5, 9, 8.5], "rotation": 90, "texture": "#3"},
				"down": {"uv": [12, 5, 10, 3], "rotation": 90, "texture": "#3"}
			}
		},
		{
			"from": [10.5, -3, 6.5],
			"to": [11, -1.5, 9.5],
			"rotation": {"angle": 45, "axis": "z", "origin": [13, 0.34952, 8]},
			"faces": {
				"north": {"uv": [13, 5.5, 12.5, 4], "texture": "#3"},
				"east": {"uv": [16, 5.5, 13, 4], "texture": "#3"},
				"south": {"uv": [13, 5.5, 12.5, 4], "texture": "#3"},
				"west": {"uv": [16, 5.5, 13, 4], "texture": "#3"},
				"up": {"uv": [13, 5.5, 16, 6], "rotation": 270, "texture": "#3"},
				"down": {"uv": [13, 5.5, 16, 6], "rotation": 270, "texture": "#3"}
			}
		},
		{
			"from": [13.60781, 2.74171, 7.5],
			"to": [16.50781, 3.74171, 8.5],
			"rotation": {"angle": 0, "axis": "y", "origin": [13, 0.34952, 8]},
			"faces": {
				"north": {"uv": [5, 13, 8, 12], "texture": "#3"},
				"east": {"uv": [8, 13, 9, 12], "texture": "#3"},
				"south": {"uv": [8, 13, 5, 12], "texture": "#3"},
				"west": {"uv": [8, 13, 9, 12], "texture": "#3"},
				"up": {"uv": [8, 11, 5, 12], "rotation": 180, "texture": "#3"},
				"down": {"uv": [8, 12, 5, 13], "rotation": 180, "texture": "#3"}
			}
		},
		{
			"from": [5.5, -4.4, 7.3],
			"to": [11.5, -2.4, 8.8],
			"rotation": {"angle": 22.5, "axis": "z", "origin": [8.5, -3.4, 8.05]},
			"faces": {
				"north": {"uv": [10, 10, 16, 8], "texture": "#3"},
				"east": {"uv": [14.5, 12, 16, 10], "texture": "#3"},
				"south": {"uv": [10, 10, 16, 8], "texture": "#3"},
				"west": {"uv": [16, 12, 14.5, 10], "texture": "#3"},
				"up": {"uv": [4, 9.5, 10, 8], "texture": "#3"},
				"down": {"uv": [4, 9.5, 10, 8], "rotation": 180, "texture": "#3"}
			}
		},
		{
			"from": [-1.7, 1.97474, 6.8],
			"to": [1.3, 4.97474, 9.3],
			"rotation": {"angle": 45, "axis": "z", "origin": [12.61404, 5.77474, 8.3]},
			"faces": {
				"north": {"uv": [0, 3, 1.5, 1.5], "texture": "#9"},
				"east": {"uv": [2.5, 1.5, 1.25, 0], "texture": "#9"},
				"south": {"uv": [1.5, 3, 0, 1.5], "texture": "#9"},
				"west": {"uv": [1.25, 0, 0, 1.5], "texture": "#9"},
				"up": {"uv": [2.5, 1.5, 1.25, 0], "rotation": 90, "texture": "#9"},
				"down": {"uv": [0, 0, 1.25, 1.5], "rotation": 90, "texture": "#9"}
			}
		},
		{
			"from": [5.19003, -8.72541, 7.775],
			"to": [7.19003, -7.72541, 8.275],
			"rotation": {"angle": 45, "axis": "z", "origin": [5.1, -6.59159, 8]},
			"faces": {
				"north": {"uv": [6, 1, 7, 3], "rotation": 90, "texture": "#1"},
				"east": {"uv": [6, 2, 5, 2.5], "rotation": 90, "texture": "#1"},
				"south": {"uv": [7, 1, 6, 3], "rotation": 270, "texture": "#1"},
				"west": {"uv": [6, 2, 5, 2.5], "rotation": 90, "texture": "#1"},
				"up": {"uv": [7.5, 1, 7, 3], "rotation": 270, "texture": "#1"},
				"down": {"uv": [7.5, 1, 7, 3], "rotation": 270, "texture": "#1"}
			}
		},
		{
			"from": [5.4709, -9.2706, 7.675],
			"to": [6.4709, -8.2706, 8.375],
			"rotation": {"angle": 0, "axis": "y", "origin": [5.1, -6.59159, 8]},
			"faces": {
				"north": {"uv": [12.75, 6.25, 11.75, 7.25], "texture": "#1"},
				"east": {"uv": [12.75, 6.25, 13.25, 7.25], "texture": "#1"},
				"south": {"uv": [11.75, 6.25, 12.75, 7.25], "texture": "#1"},
				"west": {"uv": [11.75, 7.25, 12.75, 7.75], "rotation": 90, "texture": "#1"},
				"up": {"uv": [12.75, 6.25, 13.25, 7.25], "rotation": 90, "texture": "#1"},
				"down": {"uv": [11.75, 7.25, 12.75, 7.75], "rotation": 180, "texture": "#1"}
			}
		},
		{
			"from": [4.19003, -8.72541, 7.775],
			"to": [5.19003, -6.72541, 8.275],
			"rotation": {"angle": 45, "axis": "z", "origin": [5.1, -6.59159, 8]},
			"faces": {
				"north": {"uv": [9.25, 0, 8.25, 2], "texture": "#1"},
				"east": {"uv": [9.25, 0, 9.75, 2], "texture": "#1"},
				"south": {"uv": [8.25, 0, 9.25, 2], "texture": "#1"},
				"west": {"uv": [10.25, 0, 10.75, 2], "texture": "#1"},
				"up": {"uv": [11.5, 0, 12, 1], "rotation": 90, "texture": "#1"},
				"down": {"uv": [8.25, 2, 9.25, 2.5], "rotation": 180, "texture": "#1"}
			}
		},
		{
			"from": [1.2475, -9.25564, 7.975],
			"to": [4.2475, -6.75564, 7.975],
			"rotation": {"angle": 45, "axis": "z", "origin": [5.1, -6.59159, 8]},
			"faces": {
				"north": {"uv": [9.25, 6.25, 11.75, 9.25], "rotation": 90, "texture": "#1"},
				"east": {"uv": [0, 3, 0, 0], "rotation": 180, "texture": "#1"},
				"south": {"uv": [11.75, 6.25, 9.25, 9.25], "rotation": 270, "texture": "#1"},
				"west": {"uv": [0, 3, 0, 0], "texture": "#1"},
				"up": {"uv": [0, 0, 0, 3], "rotation": 270, "texture": "#1"},
				"down": {"uv": [0, 0, 0, 3], "rotation": 270, "texture": "#1"}
			}
		},
		{
			"from": [5.1, -7.7, 7],
			"to": [8.1, -5.7, 9],
			"rotation": {"angle": 22.5, "axis": "z", "origin": [5.6, -6.2, 8]},
			"faces": {
				"north": {"uv": [11.5, 12, 10.5, 10.5], "rotation": 90, "texture": "#4"},
				"east": {"uv": [12.5, 16, 11.5, 15], "texture": "#4"},
				"south": {"uv": [11.5, 10.5, 10.5, 12], "rotation": 90, "texture": "#4"},
				"west": {"uv": [11.5, 16, 10.5, 15], "texture": "#4"},
				"up": {"uv": [11.5, 15, 10.5, 13.5], "rotation": 270, "texture": "#4"},
				"down": {"uv": [11.5, 13.5, 10.5, 12], "rotation": 90, "texture": "#4"}
			}
		},
		{
			"from": [7, -5.5, 7.5],
			"to": [8.5, -4, 8.5],
			"rotation": {"angle": -22.5, "axis": "z", "origin": [5.6, -6.2, 8]},
			"faces": {
				"north": {"uv": [7.5, 3.5, 8.25, 4.25], "rotation": 270, "texture": "#6"},
				"east": {"uv": [7, 4, 7.5, 4.75], "rotation": 180, "texture": "#6"},
				"south": {"uv": [7.5, 4.25, 8.25, 3.5], "rotation": 270, "texture": "#6"},
				"west": {"uv": [7, 4, 7.5, 4.75], "texture": "#6"},
				"up": {"uv": [7, 4.75, 7.5, 5.5], "rotation": 90, "texture": "#6"},
				"down": {"uv": [7.5, 4.25, 8, 5], "rotation": 90, "texture": "#6"}
			}
		},
		{
			"from": [4.1, -7.1, 7.5],
			"to": [7.1, -6.1, 8.5],
			"rotation": {"angle": 0, "axis": "y", "origin": [5.6, -6.2, 8]},
			"faces": {
				"north": {"uv": [8.5, 3.5, 7, 3], "texture": "#6"},
				"east": {"uv": [8, 4, 7.5, 3.5], "texture": "#6"},
				"south": {"uv": [7, 3.5, 8.5, 3], "texture": "#6"},
				"west": {"uv": [7.5, 4, 7, 3.5], "texture": "#6"},
				"up": {"uv": [7, 4.5, 6.5, 3], "rotation": 270, "texture": "#6"},
				"down": {"uv": [7, 6, 6.5, 4.5], "rotation": 90, "texture": "#6"}
			}
		},
		{
			"from": [5, 7.9, 8],
			"to": [5.5, 19.4, 8],
			"rotation": {"angle": 0, "axis": "y", "origin": [6.5, 10.15, 8]},
			"faces": {
				"north": {"uv": [8, 0, 13.75, 0.25], "rotation": 90, "texture": "#9"},
				"east": {"uv": [8, 0, 13.75, 0], "rotation": 270, "texture": "#9"},
				"south": {"uv": [8, 0, 13.75, 0.25], "rotation": 270, "texture": "#9"},
				"west": {"uv": [8, 0, 13.75, 0], "rotation": 270, "texture": "#9"},
				"up": {"uv": [8, 0, 8, 0.25], "rotation": 270, "texture": "#9"},
				"down": {"uv": [8, 0, 8, 0.25], "rotation": 270, "texture": "#9"}
			}
		},
		{
			"from": [5, -3.6, 8],
			"to": [5.5, 7.9, 8],
			"rotation": {"angle": 0, "axis": "y", "origin": [6.5, -1.35, 8]},
			"faces": {
				"north": {"uv": [13.75, 0, 8, 0.25], "rotation": 90, "texture": "#9"},
				"east": {"uv": [13.75, 0, 8, 0], "rotation": 270, "texture": "#9"},
				"south": {"uv": [13.75, 0, 8, 0.25], "rotation": 270, "texture": "#9"},
				"west": {"uv": [13.75, 0, 8, 0], "rotation": 270, "texture": "#9"},
				"up": {"uv": [8, 0, 8, 0.25], "rotation": 270, "texture": "#9"},
				"down": {"uv": [8, 0, 8, 0.25], "rotation": 270, "texture": "#9"}
			}
		}
	],
	"gui_light": "front",
	"display": {
		"thirdperson_righthand": {
			"rotation": [0, 90, 0],
			"translation": [0, -1.75, 4],
			"scale": [0.8, 0.8, 0.8]
		},
		"thirdperson_lefthand": {
			"rotation": [0, -90, 0],
			"translation": [0, -1.75, 4],
			"scale": [0.8, 0.8, 0.8]
		},
		"firstperson_righthand": {
			"rotation": [12, 90, 0],
			"translation": [12.5, 10.25, -9.75],
			"scale": [0.9, 0.9, 0.9]
		},
		"firstperson_lefthand": {
			"rotation": [12, -90, 0],
			"translation": [12.5, 10.25, -9.75],
			"scale": [0.9, 0.9, 0.9]
		},
		"ground": {
			"rotation": [0, 0, 45],
			"translation": [0, 11, 0],
			"scale": [0.6, 0.6, 0.6]
		},
		"gui": {
			"rotation": [0, 0, 135],
			"translation": [-0.5, 0.5, -2],
			"scale": [0.50406, 0.50406, 0.50406]
		},
		"head": {
			"translation": [-0.25, -19, 0.5],
			"scale": [0, 0, 0]
		},
		"fixed": {
			"rotation": [0, 180, 0],
			"translation": [8, 0, -1.75],
			"scale": [2, 2, 2]
		}
	},
	"groups": [
		{
			"name": "group",
			"origin": [5.6, 25.8, 7.7],
			"color": 0,
			"children": [0, 1, 2, 3, 4, 5, 6, 7, 8]
		},
		{
			"name": "group",
			"origin": [25, 6, 8],
			"color": 0,
			"children": [
				{
					"name": "group",
					"origin": [3, 13.60841, 8],
					"color": 0,
					"children": [9, 10, 11, 12, 13, 14, 15, 16, 17, 18, 19, 20, 21, 22, 23, 24, 25]
				},
				26,
				27,
				28,
				29
			]
		},
		{
			"name": "group",
			"origin": [16.6, 14, -1.6],
			"color": 0,
			"children": [30, 31, 32, 33, 34, 35, 36, 37, 38, 39]
		},
		{
			"name": "group",
			"origin": [16.4, 11.46915, 8],
			"color": 0,
			"children": [40, 41, 42, 43, 44, 45, 46, 47, 48, 49, 50, 51, 52, 53, 54, 55, 56, 57, 58, 59, 60, 61, 62, 63, 64, 65, 66, 67, 68, 69, 70, 71]
		},
		{
			"name": "group",
			"origin": [16.6, 14, -1.6],
			"color": 0,
			"children": [72, 73, 74, 75, 76, 77, 78, 79, 80, 81]
		},
		{
			"name": "group",
			"origin": [5.6, 25.8, 7.7],
			"color": 0,
			"children": [82, 83, 84, 85, 86, 87, 88, 89, 90]
		},
		91,
		92
	]
}