{"credit":"MadewithBlockbench","texture_size":[32,32],"textures":{"0":"elitecreatures:king_arthur_animated_weapon_set/texture1","1":"elitecreatures:king_arthur_animated_weapon_set/texture2","3":"elitecreatures:king_arthur_animated_weapon_set/texture4","4":"elitecreatures:king_arthur_animated_weapon_set/texture5","5":"elitecreatures:king_arthur_animated_weapon_set/texture6","6":"elitecreatures:king_arthur_animated_weapon_set/texture7","9":"elitecreatures:king_arthur_animated_weapon_set/texture10","12":"elitecreatures:king_arthur_animated_weapon_set/symbol","particle":"elitecreatures:king_arthur_animated_weapon_set/texture1"},"elements":[{"from":[11.80745,7.26915,14.92259],"to":[12.30745,8.46915,16.92259],"rotation":{"angle":0,"axis":"y","origin":[13,7.86915,14.58133]},"faces":{"north":{"uv":[9.5,6.5,10,8.5],"texture":"#3"},"east":{"uv":[12,5,10,3],"rotation":270,"texture":"#3"},"south":{"uv":[9.5,6.5,10,8.5],"rotation":180,"texture":"#3"},"west":{"uv":[10,10.5,9,8.5],"rotation":90,"texture":"#3"},"up":{"uv":[9,8.5,9.5,6.5],"rotation":180,"texture":"#3"},"down":{"uv":[9.5,8.5,9,6.5],"texture":"#3"}}},{"from":[10,6.86915,15.43085],"to":[16,8.86915,17.43085],"rotation":{"angle":45,"axis":"y","origin":[13,7.86915,14.58133]},"faces":{"north":{"uv":[10,4,16,2],"texture":"#3"},"east":{"uv":[5,10.75,3,12.75],"rotation":270,"texture":"#3"},"south":{"uv":[10,2,16,0],"rotation":180,"texture":"#3"},"west":{"uv":[5,10.75,3,12.75],"rotation":90,"texture":"#3"},"up":{"uv":[16,14,10,16],"rotation":180,"texture":"#3"},"down":{"uv":[16,14,10,16],"texture":"#3"}}},{"from":[9.65806,6.86915,11.247],"to":[12.65806,8.86915,14.247],"rotation":{"angle":0,"axis":"y","origin":[13,7.86915,14.58133]},"faces":{"north":{"uv":[3,13,0,11],"texture":"#3"},"east":{"uv":[5,13,3,16],"rotation":270,"texture":"#3"},"south":{"uv":[5,13,3,16],"rotation":90,"texture":"#3"},"west":{"uv":[0,13,3,11],"texture":"#3"},"up":{"uv":[3,13,0,16],"rotation":90,"texture":"#3"},"down":{"uv":[0,16,3,13],"rotation":180,"texture":"#3"}}},{"from":[12.60781,7.36915,12.18914],"to":[16.50781,8.36915,14.18914],"rotation":{"angle":0,"axis":"y","origin":[13,7.86915,14.58133]},"faces":{"north":{"uv":[9,14,5,13],"texture":"#3"},"east":{"uv":[9,14,10,16],"rotation":270,"texture":"#3"},"south":{"uv":[9,14,5,13],"rotation":180,"texture":"#3"},"west":{"uv":[9,14,10,16],"rotation":90,"texture":"#3"},"up":{"uv":[5,14,9,16],"texture":"#3"},"down":{"uv":[5,16,9,14],"texture":"#3"}}},{"from":[12.59359,6.36915,14.20335],"to":[14.59359,9.36915,16.20335],"rotation":{"angle":0,"axis":"y","origin":[13,7.86915,14.58133]},"faces":{"north":{"uv":[14,12,11,14],"rotation":270,"texture":"#3"},"east":{"uv":[9,14,11,11],"rotation":180,"texture":"#3"},"south":{"uv":[9,14,11,11],"texture":"#3"},"west":{"uv":[14,12,11,14],"rotation":270,"texture":"#3"},"up":{"uv":[16,12,14,14],"rotation":180,"texture":"#3"},"down":{"uv":[14,14,16,12],"rotation":270,"texture":"#3"}}},{"from":[13.34126,7.26915,13.38878],"to":[15.34126,8.46915,13.88878],"rotation":{"angle":0,"axis":"y","origin":[13,7.86915,14.58133]},"faces":{"north":{"uv":[9,10.5,10,8.5],"rotation":270,"texture":"#0"},"east":{"uv":[10,6.5,9.5,8.5],"rotation":180,"texture":"#0"},"south":{"uv":[10,5,12,3],"rotation":90,"texture":"#0"},"west":{"uv":[10,6.5,9.5,8.5],"texture":"#0"},"up":{"uv":[9.5,8.5,9,6.5],"rotation":90,"texture":"#0"},"down":{"uv":[9,8.5,9.5,6.5],"rotation":90,"texture":"#0"}}},{"from":[10.5,6.36915,16.43085],"to":[11,9.36915,17.93085],"rotation":{"angle":45,"axis":"y","origin":[13,7.86915,14.58133]},"faces":{"north":{"uv":[16,5.5,13,6],"rotation":90,"texture":"#3"},"east":{"uv":[16,4,13,5.5],"rotation":270,"texture":"#3"},"south":{"uv":[16,5.5,13,6],"rotation":270,"texture":"#3"},"west":{"uv":[16,4,13,5.5],"rotation":90,"texture":"#3"},"up":{"uv":[13,4,12.5,5.5],"rotation":180,"texture":"#3"},"down":{"uv":[13,4,12.5,5.5],"texture":"#3"}}},{"from":[13.60781,7.36915,11.18914],"to":[16.50781,8.36915,12.18914],"rotation":{"angle":0,"axis":"y","origin":[13,7.86915,8.58133]},"faces":{"north":{"uv":[8,12,5,11],"texture":"#3"},"east":{"uv":[8,12,9,13],"rotation":270,"texture":"#3"},"south":{"uv":[8,13,5,12],"rotation":180,"texture":"#3"},"west":{"uv":[8,12,9,13],"rotation":90,"texture":"#3"},"up":{"uv":[5,12,8,13],"rotation":180,"texture":"#3"},"down":{"uv":[8,12,5,13],"texture":"#3"}}},{"from":[9.60781,7.36915,15.18914],"to":[10.60781,8.36915,18.08914],"rotation":{"angle":0,"axis":"y","origin":[13,7.86915,14.58133]},"faces":{"north":{"uv":[9,12,8,13],"rotation":270,"texture":"#3"},"east":{"uv":[5,13,8,12],"rotation":180,"texture":"#3"},"south":{"uv":[9,12,8,13],"rotation":90,"texture":"#3"},"west":{"uv":[5,12,8,11],"texture":"#3"},"up":{"uv":[8,12,5,13],"rotation":90,"texture":"#3"},"down":{"uv":[5,12,8,13],"rotation":90,"texture":"#3"}}},{"from":[10.60781,7.36915,14.18914],"to":[12.60781,8.36915,18.08914],"rotation":{"angle":0,"axis":"y","origin":[13,7.86915,14.58133]},"faces":{"north":{"uv":[10,14,9,16],"rotation":270,"texture":"#3"},"east":{"uv":[5,14,9,13],"rotation":180,"texture":"#3"},"south":{"uv":[10,14,9,16],"rotation":90,"texture":"#3"},"west":{"uv":[5,14,9,13],"texture":"#3"},"up":{"uv":[9,14,5,16],"rotation":270,"texture":"#3"},"down":{"uv":[9,16,5,14],"rotation":90,"texture":"#3"}}},{"from":[14.22671,6.86915,3.73433],"to":[16.22671,8.86915,4.23433],"rotation":{"angle":45,"axis":"y","origin":[16.4,7.86915,8]},"faces":{"north":{"uv":[11,13,9,11],"rotation":90,"texture":"#0"},"east":{"uv":[9,10.5,11,11],"rotation":270,"texture":"#0"},"south":{"uv":[11,13,9,11],"rotation":270,"texture":"#0"},"west":{"uv":[9,10.5,11,11],"rotation":90,"texture":"#0"},"up":{"uv":[9,13,8.5,11],"rotation":270,"texture":"#0"},"down":{"uv":[9,13,8.5,11],"rotation":270,"texture":"#0"}}},{"from":[-5.89159,3.60841,6.9],"to":[-3.89159,5.60841,9.1],"rotation":{"angle":0,"axis":"y","origin":[-6.5,4.60841,8]},"faces":{"north":{"uv":[11.25,6.25,9.25,4.25],"rotation":270,"texture":"#1"},"east":{"uv":[8.25,5,6.25,3],"rotation":90,"texture":"#1"},"south":{"uv":[11.25,6.25,9.25,4.25],"rotation":90,"texture":"#1"},"west":{"uv":[8.25,7,6.25,5],"rotation":90,"texture":"#1"},"up":{"uv":[13.25,6.25,11.25,4.25],"rotation":90,"texture":"#1"},"down":{"uv":[13.25,6.25,11.25,4.25],"rotation":90,"texture":"#1"}}},{"from":[-10.3525,1.94436,7.975],"to":[-7.3525,4.44436,7.975],"rotation":{"angle":22.5,"axis":"z","origin":[-6.5,4.60841,8]},"faces":{"north":{"uv":[11.75,9.25,9.25,6.25],"rotation":270,"texture":"#1"},"east":{"uv":[0,0,0,3],"texture":"#1"},"south":{"uv":[9.25,9.25,11.75,6.25],"rotation":90,"texture":"#1"},"west":{"uv":[0,0,0,3],"rotation":180,"texture":"#1"},"up":{"uv":[0,3,0,0],"rotation":90,"texture":"#1"},"down":{"uv":[0,3,0,0],"rotation":90,"texture":"#1"}}},{"from":[-7.40997,2.47459,7.775],"to":[-6.40997,4.47459,8.275],"rotation":{"angle":22.5,"axis":"z","origin":[-6.5,4.60841,8]},"faces":{"north":{"uv":[8.25,2,9.25,0],"rotation":180,"texture":"#1"},"east":{"uv":[9.75,2,9.25,0],"rotation":180,"texture":"#1"},"south":{"uv":[9.25,2,8.25,0],"rotation":180,"texture":"#1"},"west":{"uv":[10.75,2,10.25,0],"rotation":180,"texture":"#1"},"up":{"uv":[12,1,11.5,0],"rotation":270,"texture":"#1"},"down":{"uv":[9.25,2.5,8.25,2],"texture":"#1"}}},{"from":[-6.40997,2.47459,7.775],"to":[-4.40997,3.47459,8.275],"rotation":{"angle":22.5,"axis":"z","origin":[-6.5,4.60841,8]},"faces":{"north":{"uv":[7,3,6,1],"rotation":270,"texture":"#1"},"east":{"uv":[5,2.5,6,2],"rotation":270,"texture":"#1"},"south":{"uv":[6,3,7,1],"rotation":90,"texture":"#1"},"west":{"uv":[5,2.5,6,2],"rotation":270,"texture":"#1"},"up":{"uv":[7,3,7.5,1],"rotation":90,"texture":"#1"},"down":{"uv":[7,3,7.5,1],"rotation":90,"texture":"#1"}}},{"from":[-6.1291,1.9294,7.675],"to":[-5.1291,2.9294,8.375],"rotation":{"angle":-22.5,"axis":"z","origin":[-6.5,4.60841,8]},"faces":{"north":{"uv":[11.75,7.25,12.75,6.25],"rotation":180,"texture":"#1"},"east":{"uv":[13.25,7.25,12.75,6.25],"rotation":180,"texture":"#1"},"south":{"uv":[12.75,7.25,11.75,6.25],"rotation":180,"texture":"#1"},"west":{"uv":[12.75,7.75,11.75,7.25],"rotation":270,"texture":"#1"},"up":{"uv":[13.25,7.25,12.75,6.25],"rotation":270,"texture":"#1"},"down":{"uv":[12.75,7.75,11.75,7.25],"texture":"#1"}}},{"from":[-6.1291,6.28742,7.675],"to":[-5.1291,7.28742,8.375],"rotation":{"angle":22.5,"axis":"z","origin":[-6.5,4.60841,8]},"faces":{"north":{"uv":[11.75,6.25,12.75,7.25],"rotation":180,"texture":"#1"},"east":{"uv":[13.25,6.25,12.75,7.25],"rotation":180,"texture":"#1"},"south":{"uv":[12.75,6.25,11.75,7.25],"rotation":180,"texture":"#1"},"west":{"uv":[11.75,7.75,12.75,7.25],"rotation":270,"texture":"#1"},"up":{"uv":[12.75,7.25,11.75,7.75],"texture":"#1"},"down":{"uv":[12.75,7.25,13.25,6.25],"rotation":270,"texture":"#1"}}},{"from":[-6.40997,5.74223,7.775],"to":[-4.40997,6.74223,8.275],"rotation":{"angle":-22.5,"axis":"z","origin":[-6.5,4.60841,8]},"faces":{"north":{"uv":[6,3,7,1],"rotation":270,"texture":"#1"},"east":{"uv":[6,2.5,5,2],"rotation":270,"texture":"#1"},"south":{"uv":[7,3,6,1],"rotation":90,"texture":"#1"},"west":{"uv":[6,2.5,5,2],"rotation":270,"texture":"#1"},"up":{"uv":[7.5,3,7,1],"rotation":90,"texture":"#1"},"down":{"uv":[7.5,3,7,1],"rotation":90,"texture":"#1"}}},{"from":[-7.40997,4.74223,7.775],"to":[-6.40997,6.74223,8.275],"rotation":{"angle":-22.5,"axis":"z","origin":[-6.5,4.60841,8]},"faces":{"north":{"uv":[8.25,0,9.25,2],"rotation":180,"texture":"#1"},"east":{"uv":[9.75,0,9.25,2],"rotation":180,"texture":"#1"},"south":{"uv":[9.25,0,8.25,2],"rotation":180,"texture":"#1"},"west":{"uv":[10.75,0,10.25,2],"rotation":180,"texture":"#1"},"up":{"uv":[9.25,2,8.25,2.5],"texture":"#1"},"down":{"uv":[11.5,1,12,0],"rotation":270,"texture":"#1"}}},{"from":[-10.3525,4.77247,7.975],"to":[-7.3525,7.27247,7.975],"rotation":{"angle":-22.5,"axis":"z","origin":[-6.5,4.60841,8]},"faces":{"north":{"uv":[9.25,9.25,11.75,6.25],"rotation":270,"texture":"#1"},"east":{"uv":[0,3,0,0],"texture":"#1"},"south":{"uv":[11.75,9.25,9.25,6.25],"rotation":90,"texture":"#1"},"west":{"uv":[0,3,0,0],"rotation":180,"texture":"#1"},"up":{"uv":[0,3,0,0],"rotation":90,"texture":"#1"},"down":{"uv":[0,3,0,0],"rotation":90,"texture":"#1"}}},{"from":[-6.40997,4.33341,5.86618],"to":[-4.40997,4.83341,6.86618],"rotation":{"angle":-22.5,"axis":"y","origin":[-6.5,4.60841,8]},"faces":{"north":{"uv":[7,3,7.5,1],"rotation":270,"texture":"#1"},"east":{"uv":[5,2.5,6,2],"rotation":180,"texture":"#1"},"south":{"uv":[7,3,7.5,1],"rotation":90,"texture":"#1"},"west":{"uv":[5,2.5,6,2],"texture":"#1"},"up":{"uv":[7,3,6,1],"rotation":90,"texture":"#1"},"down":{"uv":[6,3,7,1],"rotation":90,"texture":"#1"}}},{"from":[-6.40997,4.33341,9.13382],"to":[-4.40997,4.83341,10.13382],"rotation":{"angle":22.5,"axis":"y","origin":[-6.5,4.60841,8]},"faces":{"north":{"uv":[7.5,3,7,1],"rotation":270,"texture":"#1"},"east":{"uv":[6,2.5,5,2],"rotation":180,"texture":"#1"},"south":{"uv":[7.5,3,7,1],"rotation":90,"texture":"#1"},"west":{"uv":[6,2.5,5,2],"texture":"#1"},"up":{"uv":[6,3,7,1],"rotation":90,"texture":"#1"},"down":{"uv":[7,3,6,1],"rotation":90,"texture":"#1"}}},{"from":[-10.3525,4.63341,8.16405],"to":[-7.3525,4.63341,10.66405],"rotation":{"angle":22.5,"axis":"y","origin":[-6.5,4.60841,8]},"faces":{"north":{"uv":[0,3,0,0],"rotation":270,"texture":"#1"},"east":{"uv":[0,3,0,0],"rotation":270,"texture":"#1"},"south":{"uv":[0,3,0,0],"rotation":90,"texture":"#1"},"west":{"uv":[0,3,0,0],"rotation":270,"texture":"#1"},"up":{"uv":[9.25,9.25,11.75,6.25],"rotation":90,"texture":"#1"},"down":{"uv":[11.75,9.25,9.25,6.25],"rotation":90,"texture":"#1"}}},{"from":[-7.40997,4.33341,8.13382],"to":[-6.40997,4.83341,10.13382],"rotation":{"angle":22.5,"axis":"y","origin":[-6.5,4.60841,8]},"faces":{"north":{"uv":[11.5,1,12,0],"rotation":90,"texture":"#1"},"east":{"uv":[9.75,0,9.25,2],"rotation":90,"texture":"#1"},"south":{"uv":[9.25,2,8.25,2.5],"texture":"#1"},"west":{"uv":[10.75,0,10.25,2],"rotation":270,"texture":"#1"},"up":{"uv":[8.25,0,9.25,2],"texture":"#1"},"down":{"uv":[9.25,0,8.25,2],"rotation":180,"texture":"#1"}}},{"from":[-6.1291,4.23341,9.67901],"to":[-5.1291,4.93341,10.67901],"rotation":{"angle":-22.5,"axis":"y","origin":[-6.5,4.60841,8]},"faces":{"north":{"uv":[12.75,7.25,13.25,6.25],"rotation":90,"texture":"#1"},"east":{"uv":[13.25,6.25,12.75,7.25],"rotation":90,"texture":"#1"},"south":{"uv":[12.75,7.25,11.75,7.75],"texture":"#1"},"west":{"uv":[11.75,7.75,12.75,7.25],"texture":"#1"},"up":{"uv":[11.75,6.25,12.75,7.25],"texture":"#1"},"down":{"uv":[12.75,6.25,11.75,7.25],"rotation":180,"texture":"#1"}}},{"from":[-6.1291,4.23341,5.32099],"to":[-5.1291,4.93341,6.32099],"rotation":{"angle":22.5,"axis":"y","origin":[-6.5,4.60841,8]},"faces":{"north":{"uv":[12.75,7.75,11.75,7.25],"rotation":180,"texture":"#1"},"east":{"uv":[13.25,7.25,12.75,6.25],"rotation":90,"texture":"#1"},"south":{"uv":[13.25,7.25,12.75,6.25],"rotation":270,"texture":"#1"},"west":{"uv":[12.75,7.75,11.75,7.25],"texture":"#1"},"up":{"uv":[11.75,7.25,12.75,6.25],"texture":"#1"},"down":{"uv":[12.75,7.25,11.75,6.25],"rotation":180,"texture":"#1"}}},{"from":[-7.40997,4.33341,5.86618],"to":[-6.40997,4.83341,7.86618],"rotation":{"angle":-22.5,"axis":"y","origin":[-6.5,4.60841,8]},"faces":{"north":{"uv":[9.25,2.5,8.25,2],"rotation":180,"texture":"#1"},"east":{"uv":[9.75,2,9.25,0],"rotation":90,"texture":"#1"},"south":{"uv":[12,1,11.5,0],"rotation":270,"texture":"#1"},"west":{"uv":[10.75,2,10.25,0],"rotation":270,"texture":"#1"},"up":{"uv":[8.25,2,9.25,0],"texture":"#1"},"down":{"uv":[9.25,2,8.25,0],"rotation":180,"texture":"#1"}}},{"from":[-10.3525,4.63341,5.33595],"to":[-7.3525,4.63341,7.83595],"rotation":{"angle":-22.5,"axis":"y","origin":[-6.5,4.60841,8]},"faces":{"north":{"uv":[0,3,0,0],"rotation":270,"texture":"#1"},"east":{"uv":[0,0,0,3],"rotation":270,"texture":"#1"},"south":{"uv":[0,3,0,0],"rotation":90,"texture":"#1"},"west":{"uv":[0,0,0,3],"rotation":270,"texture":"#1"},"up":{"uv":[11.75,9.25,9.25,6.25],"rotation":90,"texture":"#1"},"down":{"uv":[9.25,9.25,11.75,6.25],"rotation":90,"texture":"#1"}}},{"from":[13.06915,6.86915,6],"to":[18.06915,8.86915,10],"rotation":{"angle":0,"axis":"y","origin":[16.4,7.86915,8]},"faces":{"north":{"uv":[6,5,4,0],"rotation":90,"texture":"#0"},"east":{"uv":[4,7,0,5],"rotation":180,"texture":"#0"},"south":{"uv":[6,5,4,0],"rotation":270,"texture":"#0"},"west":{"uv":[4,7,0,9],"texture":"#0"},"up":{"uv":[10,10.5,6,5.5],"rotation":270,"texture":"#12"},"down":{"uv":[10,10.5,6,5.5],"rotation":270,"texture":"#12"}}},{"from":[16.10869,6.96915,5.29131],"to":[19.10869,8.76915,8.29131],"rotation":{"angle":-45,"axis":"y","origin":[16.4,7.86915,8]},"faces":{"north":{"uv":[3,14.25,0,12.25],"rotation":180,"texture":"#0"},"east":{"uv":[0,12.25,3,14.25],"rotation":180,"texture":"#0"},"south":{"uv":[3,14.05,0,12.25],"texture":"#0"},"west":{"uv":[4.8,9.25,3,12.25],"rotation":270,"texture":"#0"},"up":{"uv":[3,9.25,0,12.25],"rotation":90,"texture":"#0"},"down":{"uv":[0,12.25,3,9.25],"texture":"#0"}}},{"from":[16.06915,7.36915,1],"to":[17.06915,8.36915,6],"rotation":{"angle":0,"axis":"y","origin":[16.4,7.86915,8]},"faces":{"north":{"uv":[11,1,10,0],"rotation":90,"texture":"#0"},"east":{"uv":[11,0,16,1],"texture":"#0"},"south":{"uv":[11,1,10,0],"rotation":270,"texture":"#0"},"west":{"uv":[11,1,16,2],"rotation":180,"texture":"#0"},"up":{"uv":[16,3,11,2],"rotation":270,"texture":"#0"},"down":{"uv":[11,3,16,2],"rotation":270,"texture":"#0"}}},{"from":[15.51961,6.96915,4.21961],"to":[17.41961,8.76915,7.11961],"rotation":{"angle":45,"axis":"y","origin":[16.4,7.86915,8]},"faces":{"north":{"uv":[14,14,16,12],"rotation":90,"texture":"#0"},"east":{"uv":[16,10,13,12],"texture":"#0"},"south":{"uv":[14,14,16,12],"rotation":270,"texture":"#0"},"west":{"uv":[16,10,13,12],"rotation":180,"texture":"#0"},"up":{"uv":[15.9,15.9,13,14],"rotation":270,"texture":"#0"},"down":{"uv":[13,15.9,15.9,14],"rotation":270,"texture":"#0"}}},{"from":[14.46915,6.86915,4.6],"to":[16.06915,8.86915,6],"rotation":{"angle":0,"axis":"y","origin":[16.4,7.86915,8]},"faces":{"north":{"uv":[8.25,1.5,6.25,0],"rotation":90,"texture":"#0"},"east":{"uv":[7.75,3,9.25,5],"texture":"#0"},"south":{"uv":[8.25,1.5,6.25,0],"rotation":270,"texture":"#0"},"west":{"uv":[6.25,3,7.75,5],"rotation":180,"texture":"#0"},"up":{"uv":[6.25,3,7.75,1.5],"rotation":270,"texture":"#0"},"down":{"uv":[7.75,3,6.25,1.5],"rotation":270,"texture":"#0"}}},{"from":[14.17119,6.96915,5.39112],"to":[17.17119,8.76915,7.19112],"rotation":{"angle":-22.5,"axis":"y","origin":[16.4,7.86915,8]},"faces":{"north":{"uv":[5,10.25,8,12.25],"rotation":180,"texture":"#0"},"east":{"uv":[6,9,4,7],"rotation":90,"texture":"#0"},"south":{"uv":[13,0,14,1],"texture":"#0"},"west":{"uv":[6,9,4,7],"rotation":270,"texture":"#0"},"up":{"uv":[7,5,4,7],"rotation":180,"texture":"#0"},"down":{"uv":[4,5,7,7],"texture":"#0"}}},{"from":[18.7264,7.46915,0.83563],"to":[19.7264,8.26915,1.83563],"rotation":{"angle":22.5,"axis":"y","origin":[16.4,7.86915,8]},"faces":{"north":{"uv":[15,8,14,7],"rotation":90,"texture":"#0"},"east":{"uv":[13,6,14,7],"texture":"#0"},"south":{"uv":[15,8,14,7],"rotation":270,"texture":"#0"},"west":{"uv":[13,7,14,8],"rotation":180,"texture":"#0"},"up":{"uv":[15,8,16,7],"rotation":270,"texture":"#0"},"down":{"uv":[16,8,15,7],"rotation":270,"texture":"#0"}}},{"from":[15.51961,6.96915,8.88039],"to":[17.41961,8.76915,11.78039],"rotation":{"angle":-45,"axis":"y","origin":[16.4,7.86915,8]},"faces":{"north":{"uv":[16,14,14,12],"rotation":90,"texture":"#0"},"east":{"uv":[13,10,16,12],"texture":"#0"},"south":{"uv":[16,14,14,12],"rotation":270,"texture":"#0"},"west":{"uv":[13,10,16,12],"rotation":180,"texture":"#0"},"up":{"uv":[13,16,16,14],"rotation":270,"texture":"#0"},"down":{"uv":[16,16,13,14],"rotation":270,"texture":"#0"}}},{"from":[14.46915,6.86915,10],"to":[16.06915,8.86915,11.4],"rotation":{"angle":0,"axis":"y","origin":[16.4,7.86915,8]},"faces":{"north":{"uv":[6.25,1.5,8.25,0],"rotation":90,"texture":"#0"},"east":{"uv":[9.25,3,7.75,5],"texture":"#0"},"south":{"uv":[6.25,1.5,8.25,0],"rotation":270,"texture":"#0"},"west":{"uv":[7.75,3,6.25,5],"rotation":180,"texture":"#0"},"up":{"uv":[7.75,3,6.25,1.5],"rotation":270,"texture":"#0"},"down":{"uv":[6.25,3,7.75,1.5],"rotation":270,"texture":"#0"}}},{"from":[12.77697,7.26915,4.46618],"to":[13.77697,8.46915,7.46618],"rotation":{"angle":-45,"axis":"y","origin":[16.4,7.86915,8]},"faces":{"north":{"uv":[12.95,13,13.95,12],"rotation":90,"texture":"#0"},"east":{"uv":[13,8,16,9],"texture":"#0"},"south":{"uv":[12.95,13,13.95,12],"rotation":270,"texture":"#0"},"west":{"uv":[13,8,16,9],"rotation":180,"texture":"#0"},"up":{"uv":[13,10,16,9],"rotation":270,"texture":"#0"},"down":{"uv":[16,10,13,9],"rotation":270,"texture":"#0"}}},{"from":[11.56915,8.96915,8.5],"to":[14.06915,8.96915,9.5],"rotation":{"angle":0,"axis":"y","origin":[16.4,7.86915,8]},"faces":{"north":{"uv":[0,2.5,0,0],"rotation":90,"texture":"#0"},"east":{"uv":[1,0,0,0],"rotation":180,"texture":"#0"},"south":{"uv":[0,2.5,0,0],"rotation":270,"texture":"#0"},"west":{"uv":[1,0,0,0],"texture":"#0"},"up":{"uv":[4,14.75,3,12.25],"rotation":270,"texture":"#0"},"down":{"uv":[3,14.75,4,12.25],"rotation":270,"texture":"#0"}}},{"from":[11.56915,8.96915,6.5],"to":[14.06915,8.96915,7.5],"rotation":{"angle":0,"axis":"y","origin":[16.4,7.86915,8]},"faces":{"north":{"uv":[0,2.5,0,0],"rotation":90,"texture":"#0"},"east":{"uv":[0,0,1,0],"rotation":180,"texture":"#0"},"south":{"uv":[0,2.5,0,0],"rotation":270,"texture":"#0"},"west":{"uv":[0,0,1,0],"texture":"#0"},"up":{"uv":[3,14.75,4,12.25],"rotation":270,"texture":"#0"},"down":{"uv":[4,14.75,3,12.25],"rotation":270,"texture":"#0"}}},{"from":[12.77697,7.26915,8.53382],"to":[13.77697,8.46915,11.53382],"rotation":{"angle":45,"axis":"y","origin":[16.4,7.86915,8]},"faces":{"north":{"uv":[13.95,13,12.95,12],"rotation":90,"texture":"#0"},"east":{"uv":[16,8,13,9],"texture":"#0"},"south":{"uv":[13.95,13,12.95,12],"rotation":270,"texture":"#0"},"west":{"uv":[16,8,13,9],"rotation":180,"texture":"#0"},"up":{"uv":[16,10,13,9],"rotation":270,"texture":"#0"},"down":{"uv":[13,10,16,9],"rotation":270,"texture":"#0"}}},{"from":[15.76915,7.06915,1],"to":[16.76915,7.06915,4],"rotation":{"angle":0,"axis":"y","origin":[16.4,7.86915,8]},"faces":{"north":{"uv":[2,0,1,0],"texture":"#0"},"east":{"uv":[0,0,3,0],"texture":"#0"},"south":{"uv":[2,0,1,0],"texture":"#0"},"west":{"uv":[0,0,3,0],"texture":"#0"},"up":{"uv":[7,15,4,16],"rotation":270,"texture":"#0"},"down":{"uv":[7,16,4,15],"rotation":90,"texture":"#0"}}},{"from":[15.76915,7.06915,1],"to":[15.76915,8.66915,4],"rotation":{"angle":0,"axis":"y","origin":[16.4,7.86915,8]},"faces":{"north":{"uv":[1.6,0,0,0],"rotation":90,"texture":"#0"},"east":{"uv":[13,3.35,16,4.85],"rotation":180,"texture":"#0"},"south":{"uv":[1.6,0,0,0],"rotation":270,"texture":"#0"},"west":{"uv":[13,3.35,16,4.85],"texture":"#0"},"up":{"uv":[3,0,0,0],"rotation":270,"texture":"#0"},"down":{"uv":[3,0,0,0],"rotation":270,"texture":"#0"}}},{"from":[18.7264,7.46915,14.16437],"to":[19.7264,8.26915,15.16437],"rotation":{"angle":-22.5,"axis":"y","origin":[16.4,7.86915,8]},"faces":{"north":{"uv":[14,8,15,7],"rotation":90,"texture":"#0"},"east":{"uv":[14,6,13,7],"texture":"#0"},"south":{"uv":[14,8,15,7],"rotation":270,"texture":"#0"},"west":{"uv":[14,7,13,8],"rotation":180,"texture":"#0"},"up":{"uv":[16,8,15,7],"rotation":270,"texture":"#0"},"down":{"uv":[15,8,16,7],"rotation":270,"texture":"#0"}}},{"from":[16.06915,7.36915,10],"to":[17.06915,8.36915,15],"rotation":{"angle":0,"axis":"y","origin":[16.4,7.86915,8]},"faces":{"north":{"uv":[10,1,11,0],"rotation":90,"texture":"#0"},"east":{"uv":[16,0,11,1],"texture":"#0"},"south":{"uv":[10,1,11,0],"rotation":270,"texture":"#0"},"west":{"uv":[16,1,11,2],"rotation":180,"texture":"#0"},"up":{"uv":[11,3,16,2],"rotation":270,"texture":"#0"},"down":{"uv":[16,3,11,2],"rotation":270,"texture":"#0"}}},{"from":[13.31915,6.96915,2.85],"to":[16.31915,6.96915,5.35],"rotation":{"angle":0,"axis":"y","origin":[16.4,7.86915,8]},"faces":{"north":{"uv":[2,0,0,0],"texture":"#0"},"east":{"uv":[0,0,0,2],"rotation":90,"texture":"#0"},"south":{"uv":[2,0,0,0],"rotation":180,"texture":"#0"},"west":{"uv":[0,0,0,2],"rotation":270,"texture":"#0"},"up":{"uv":[7,14.75,4,12.25],"rotation":180,"texture":"#0"},"down":{"uv":[4,14.75,7,12.25],"texture":"#0"}}},{"from":[15.76915,8.66915,1],"to":[16.76915,8.66915,4],"rotation":{"angle":0,"axis":"y","origin":[16.4,7.86915,8]},"faces":{"north":{"uv":[2,0,1,0],"texture":"#0"},"east":{"uv":[0,0,3,0],"texture":"#0"},"south":{"uv":[2,0,1,0],"texture":"#0"},"west":{"uv":[0,0,3,0],"texture":"#0"},"up":{"uv":[4,16,7,15],"rotation":90,"texture":"#0"},"down":{"uv":[4,15,7,16],"rotation":270,"texture":"#0"}}},{"from":[13.31915,8.76915,2.85],"to":[16.31915,8.76915,5.35],"rotation":{"angle":0,"axis":"y","origin":[16.4,7.86915,8]},"faces":{"north":{"uv":[2,0,0,0],"texture":"#0"},"east":{"uv":[0,0,0,2],"rotation":90,"texture":"#0"},"south":{"uv":[2,0,0,0],"rotation":180,"texture":"#0"},"west":{"uv":[0,0,0,2],"rotation":270,"texture":"#0"},"up":{"uv":[4,12.25,7,14.75],"texture":"#0"},"down":{"uv":[7,12.25,4,14.75],"rotation":180,"texture":"#0"}}},{"from":[13.31915,8.76915,10.65],"to":[16.31915,8.76915,13.15],"rotation":{"angle":0,"axis":"y","origin":[16.4,7.86915,8]},"faces":{"north":{"uv":[2,0,0,0],"texture":"#0"},"east":{"uv":[0,2,0,0],"rotation":90,"texture":"#0"},"south":{"uv":[2,0,0,0],"rotation":180,"texture":"#0"},"west":{"uv":[0,2,0,0],"rotation":270,"texture":"#0"},"up":{"uv":[4,14.75,7,12.25],"texture":"#0"},"down":{"uv":[7,14.75,4,12.25],"rotation":180,"texture":"#0"}}},{"from":[13.31915,6.96915,10.65],"to":[16.31915,6.96915,13.15],"rotation":{"angle":0,"axis":"y","origin":[16.4,7.86915,8]},"faces":{"north":{"uv":[2,0,0,0],"texture":"#0"},"east":{"uv":[0,2,0,0],"rotation":90,"texture":"#0"},"south":{"uv":[2,0,0,0],"rotation":180,"texture":"#0"},"west":{"uv":[0,2,0,0],"rotation":270,"texture":"#0"},"up":{"uv":[7,12.25,4,14.75],"rotation":180,"texture":"#0"},"down":{"uv":[4,12.25,7,14.75],"texture":"#0"}}},{"from":[15.76915,7.06915,12],"to":[15.76915,8.66915,15],"rotation":{"angle":0,"axis":"y","origin":[16.4,7.86915,8]},"faces":{"north":{"uv":[0,0,1.6,0],"rotation":90,"texture":"#0"},"east":{"uv":[16,3.35,13,4.85],"rotation":180,"texture":"#0"},"south":{"uv":[0,0,1.6,0],"rotation":270,"texture":"#0"},"west":{"uv":[16,3.35,13,4.85],"texture":"#0"},"up":{"uv":[0,0,3,0],"rotation":270,"texture":"#0"},"down":{"uv":[0,0,3,0],"rotation":270,"texture":"#0"}}},{"from":[15.76915,7.06915,12],"to":[16.76915,7.06915,15],"rotation":{"angle":0,"axis":"y","origin":[16.4,7.86915,8]},"faces":{"north":{"uv":[2,0,1,0],"rotation":180,"texture":"#0"},"east":{"uv":[3,0,0,0],"texture":"#0"},"south":{"uv":[2,0,1,0],"rotation":180,"texture":"#0"},"west":{"uv":[3,0,0,0],"texture":"#0"},"up":{"uv":[4,15,7,16],"rotation":270,"texture":"#0"},"down":{"uv":[4,16,7,15],"rotation":90,"texture":"#0"}}},{"from":[16.56915,7.36915,6],"to":[20.56915,7.36915,7.5],"rotation":{"angle":0,"axis":"y","origin":[16.4,7.86915,8]},"faces":{"north":{"uv":[17,0,13,0],"rotation":180,"texture":"#0"},"east":{"uv":[14,9,14,11],"rotation":90,"texture":"#0"},"south":{"uv":[17,1,13,1],"texture":"#0"},"west":{"uv":[14,9,14,11],"rotation":270,"texture":"#0"},"up":{"uv":[9,15.75,13,14.25],"rotation":180,"texture":"#0"},"down":{"uv":[13,15.75,9,14.25],"texture":"#0"}}},{"from":[14.22671,6.86915,11.76567],"to":[16.22671,8.86915,12.26567],"rotation":{"angle":-45,"axis":"y","origin":[16.4,7.86915,8]},"faces":{"north":{"uv":[9,13,11,11],"rotation":90,"texture":"#0"},"east":{"uv":[9,11,11,10.5],"rotation":270,"texture":"#0"},"south":{"uv":[9,13,11,11],"rotation":270,"texture":"#0"},"west":{"uv":[9,11,11,10.5],"rotation":90,"texture":"#0"},"up":{"uv":[8.5,13,9,11],"rotation":270,"texture":"#0"},"down":{"uv":[8.5,13,9,11],"rotation":270,"texture":"#0"}}},{"from":[14.17119,6.96915,8.80888],"to":[17.17119,8.76915,10.60888],"rotation":{"angle":22.5,"axis":"y","origin":[16.4,7.86915,8]},"faces":{"north":{"uv":[13,1,14,0],"rotation":180,"texture":"#0"},"east":{"uv":[6,7,4,9],"rotation":90,"texture":"#0"},"south":{"uv":[5,12.25,8,10.25],"texture":"#0"},"west":{"uv":[6,7,4,9],"rotation":270,"texture":"#0"},"up":{"uv":[7,7,4,5],"rotation":180,"texture":"#0"},"down":{"uv":[4,7,7,5],"texture":"#0"}}},{"from":[15.76915,8.66915,12],"to":[16.76915,8.66915,15],"rotation":{"angle":0,"axis":"y","origin":[16.4,7.86915,8]},"faces":{"north":{"uv":[2,0,1,0],"rotation":180,"texture":"#0"},"east":{"uv":[3,0,0,0],"texture":"#0"},"south":{"uv":[2,0,1,0],"rotation":180,"texture":"#0"},"west":{"uv":[3,0,0,0],"texture":"#0"},"up":{"uv":[7,16,4,15],"rotation":90,"texture":"#0"},"down":{"uv":[7,15,4,16],"rotation":270,"texture":"#0"}}},{"from":[16.56915,7.36915,8.5],"to":[20.56915,7.36915,10],"rotation":{"angle":0,"axis":"y","origin":[16.4,7.86915,8]},"faces":{"north":{"uv":[17,1,13,1],"rotation":180,"texture":"#0"},"east":{"uv":[14,11,14,9],"rotation":90,"texture":"#0"},"south":{"uv":[17,0,13,0],"texture":"#0"},"west":{"uv":[14,11,14,9],"rotation":270,"texture":"#0"},"up":{"uv":[9,14.25,13,15.75],"rotation":180,"texture":"#0"},"down":{"uv":[13,14.25,9,15.75],"texture":"#0"}}},{"from":[3,8,8],"to":[3.5,8,19.5],"rotation":{"angle":0,"axis":"y","origin":[3.25,8,13.75]},"faces":{"north":{"uv":[8,0,8,0.25],"rotation":90,"texture":"#9"},"east":{"uv":[8,0,13.75,0],"rotation":180,"texture":"#9"},"south":{"uv":[8,0,8,0.25],"rotation":270,"texture":"#9"},"west":{"uv":[8,0,13.75,0],"texture":"#9"},"up":{"uv":[8,0,13.75,0.25],"rotation":270,"texture":"#9"},"down":{"uv":[8,0,13.75,0.25],"rotation":270,"texture":"#9"}}},{"from":[3,8,-3.5],"to":[3.5,8,8],"rotation":{"angle":0,"axis":"y","origin":[3.25,8,2.25]},"faces":{"north":{"uv":[8,0.25,8,0],"rotation":270,"texture":"#9"},"east":{"uv":[13.75,0,8,0],"rotation":180,"texture":"#9"},"south":{"uv":[8,0.25,8,0],"rotation":90,"texture":"#9"},"west":{"uv":[13.75,0,8,0],"texture":"#9"},"up":{"uv":[13.75,0,8,0.25],"rotation":270,"texture":"#9"},"down":{"uv":[13.75,0,8,0.25],"rotation":270,"texture":"#9"}}},{"from":[5.5,7.06915,18.13085],"to":[11.5,8.56915,20.13085],"rotation":{"angle":22.5,"axis":"y","origin":[5.48385,7.85665,21.24985]},"faces":{"north":{"uv":[4,8,10,9.5],"rotation":180,"texture":"#3"},"east":{"uv":[14.5,10,16,12],"rotation":270,"texture":"#3"},"south":{"uv":[4,8,10,9.5],"rotation":180,"texture":"#3"},"west":{"uv":[16,10,14.5,12],"rotation":90,"texture":"#3"},"up":{"uv":[10,8,16,10],"rotation":180,"texture":"#3"},"down":{"uv":[10,8,16,10],"texture":"#3"}}},{"from":[2.08119,6.56915,18.67763],"to":[5.08119,9.06915,21.67763],"rotation":{"angle":-22.5,"axis":"y","origin":[5.48385,7.85665,21.24985]},"faces":{"north":{"uv":[2.5,0,1.25,1.5],"rotation":270,"texture":"#9"},"east":{"uv":[1.25,0,0,1.5],"rotation":90,"texture":"#9"},"south":{"uv":[1.25,1.5,0,0],"rotation":90,"texture":"#9"},"west":{"uv":[1.25,1.5,2.5,0],"rotation":270,"texture":"#9"},"up":{"uv":[0,1.5,1.5,3],"rotation":90,"texture":"#9"},"down":{"uv":[1.5,1.5,0,3],"rotation":90,"texture":"#9"}}},{"from":[4.3824,7.59415,21.64399],"to":[6.3824,8.09415,22.64399],"rotation":{"angle":45,"axis":"y","origin":[5.48385,7.85665,21.24985]},"faces":{"north":{"uv":[7,1,7.5,3],"rotation":90,"texture":"#1"},"east":{"uv":[5,2,6,2.5],"texture":"#1"},"south":{"uv":[7,1,7.5,3],"rotation":270,"texture":"#1"},"west":{"uv":[5,2,6,2.5],"rotation":180,"texture":"#1"},"up":{"uv":[7,1,6,3],"rotation":270,"texture":"#1"},"down":{"uv":[6,1,7,3],"rotation":270,"texture":"#1"}}},{"from":[4.48921,7.49415,23.24834],"to":[5.48921,8.19415,24.24834],"rotation":{"angle":0,"axis":"y","origin":[5.48385,7.85665,21.24985]},"faces":{"north":{"uv":[13.25,6.25,12.75,7.25],"rotation":270,"texture":"#1"},"east":{"uv":[12.75,7.25,13.25,6.25],"rotation":270,"texture":"#1"},"south":{"uv":[11.75,7.75,12.75,7.25],"rotation":180,"texture":"#1"},"west":{"uv":[12.75,7.25,11.75,7.75],"rotation":180,"texture":"#1"},"up":{"uv":[12.75,7.25,11.75,6.25],"rotation":180,"texture":"#1"},"down":{"uv":[11.75,7.25,12.75,6.25],"texture":"#1"}}},{"from":[3.3824,7.59415,20.64399],"to":[4.3824,8.09415,22.64399],"rotation":{"angle":45,"axis":"y","origin":[5.48385,7.85665,21.24985]},"faces":{"north":{"uv":[12,0,11.5,1],"rotation":270,"texture":"#3"},"east":{"uv":[9.25,2,9.75,0],"rotation":270,"texture":"#3"},"south":{"uv":[8.25,2.5,9.25,2],"rotation":180,"texture":"#3"},"west":{"uv":[10.25,2,10.75,0],"rotation":90,"texture":"#3"},"up":{"uv":[9.25,2,8.25,0],"rotation":180,"texture":"#3"},"down":{"uv":[8.25,2,9.25,0],"texture":"#3"}}},{"from":[0.43987,7.89415,20.67422],"to":[3.43987,7.89415,23.17422],"rotation":{"angle":45,"axis":"y","origin":[5.48385,7.85665,21.24985]},"faces":{"north":{"uv":[0,0,0,3],"rotation":90,"texture":"#1"},"east":{"uv":[0,0,0,3],"rotation":90,"texture":"#1"},"south":{"uv":[0,0,0,3],"rotation":270,"texture":"#1"},"west":{"uv":[0,0,0,3],"rotation":90,"texture":"#1"},"up":{"uv":[11.75,6.25,9.25,9.25],"rotation":270,"texture":"#1"},"down":{"uv":[9.25,6.25,11.75,9.25],"rotation":270,"texture":"#1"}}},{"from":[4.1,6.86915,20.13085],"to":[7.1,8.86915,22.13085],"rotation":{"angle":22.5,"axis":"y","origin":[5.48385,7.85665,21.24985]},"faces":{"north":{"uv":[10.5,15,11.5,13.5],"rotation":90,"texture":"#4"},"east":{"uv":[12.5,15,11.5,16],"rotation":270,"texture":"#4"},"south":{"uv":[10.5,13.5,11.5,12],"rotation":90,"texture":"#4"},"west":{"uv":[11.5,15,10.5,16],"rotation":90,"texture":"#4"},"up":{"uv":[10.5,12,11.5,10.5],"rotation":270,"texture":"#4"},"down":{"uv":[10.5,10.5,11.5,12],"rotation":90,"texture":"#4"}}},{"from":[5.82117,7.36915,19.23713],"to":[7.32117,8.36915,20.73713],"rotation":{"angle":-22.5,"axis":"y","origin":[5.48385,7.85665,21.24985]},"faces":{"north":{"uv":[7.5,4.75,7,5.5],"rotation":270,"texture":"#6"},"east":{"uv":[7,4.75,7.5,4],"rotation":90,"texture":"#6"},"south":{"uv":[8,4.25,7.5,5],"rotation":90,"texture":"#6"},"west":{"uv":[7,4.75,7.5,4],"rotation":90,"texture":"#6"},"up":{"uv":[8.25,3.5,7.5,4.25],"rotation":90,"texture":"#6"},"down":{"uv":[8.25,4.25,7.5,3.5],"rotation":270,"texture":"#6"}}},{"from":[2.9304,7.36915,20.91621],"to":[5.9304,8.36915,21.91621],"rotation":{"angle":0,"axis":"y","origin":[5.48385,7.85665,21.24985]},"faces":{"north":{"uv":[6.5,4.5,7,3],"rotation":90,"texture":"#6"},"east":{"uv":[8,3.5,7.5,4],"rotation":270,"texture":"#6"},"south":{"uv":[6.5,6,7,4.5],"rotation":90,"texture":"#6"},"west":{"uv":[7.5,3.5,7,4],"rotation":90,"texture":"#6"},"up":{"uv":[8.5,3,7,3.5],"rotation":180,"texture":"#6"},"down":{"uv":[7,3,8.5,3.5],"texture":"#6"}}},{"from":[5.5,7.06915,-4.13085],"to":[11.5,8.56915,-2.13085],"rotation":{"angle":-22.5,"axis":"y","origin":[5.48385,7.85665,-5.24985]},"faces":{"north":{"uv":[10,8,4,9.5],"rotation":180,"texture":"#3"},"east":{"uv":[14.5,12,16,10],"rotation":270,"texture":"#3"},"south":{"uv":[10,8,4,9.5],"rotation":180,"texture":"#3"},"west":{"uv":[16,12,14.5,10],"rotation":90,"texture":"#3"},"up":{"uv":[10,10,16,8],"rotation":180,"texture":"#3"},"down":{"uv":[10,10,16,8],"texture":"#3"}}},{"from":[2.08119,6.56915,-5.67763],"to":[5.08119,9.06915,-2.67763],"rotation":{"angle":22.5,"axis":"y","origin":[5.48385,7.85665,-5.24985]},"faces":{"north":{"uv":[1.25,0,0,1.5],"rotation":90,"texture":"#9"},"east":{"uv":[1.25,1.5,0,0],"rotation":90,"texture":"#9"},"south":{"uv":[2.5,1.5,1.25,0],"rotation":270,"texture":"#9"},"west":{"uv":[1.25,0,2.5,1.5],"rotation":270,"texture":"#9"},"up":{"uv":[0,3,1.5,1.5],"rotation":270,"texture":"#9"},"down":{"uv":[1.5,3,0,1.5],"rotation":270,"texture":"#9"}}},{"from":[4.3824,7.59415,-6.64399],"to":[6.3824,8.09415,-5.64399],"rotation":{"angle":-45,"axis":"y","origin":[5.48385,7.85665,-5.24985]},"faces":{"north":{"uv":[7,3,7.5,1],"rotation":270,"texture":"#1"},"east":{"uv":[6,2,5,2.5],"texture":"#1"},"south":{"uv":[7,3,7.5,1],"rotation":90,"texture":"#1"},"west":{"uv":[6,2,5,2.5],"rotation":180,"texture":"#1"},"up":{"uv":[6,1,7,3],"rotation":270,"texture":"#1"},"down":{"uv":[7,1,6,3],"rotation":270,"texture":"#1"}}},{"from":[4.48921,7.49415,-8.24834],"to":[5.48921,8.19415,-7.24834],"rotation":{"angle":0,"axis":"y","origin":[5.48385,7.85665,-5.24985]},"faces":{"north":{"uv":[12.75,7.75,11.75,7.25],"rotation":180,"texture":"#1"},"east":{"uv":[12.75,6.25,13.25,7.25],"rotation":270,"texture":"#1"},"south":{"uv":[13.25,7.25,12.75,6.25],"rotation":270,"texture":"#1"},"west":{"uv":[11.75,7.25,12.75,7.75],"rotation":180,"texture":"#1"},"up":{"uv":[12.75,6.25,11.75,7.25],"rotation":180,"texture":"#1"},"down":{"uv":[11.75,6.25,12.75,7.25],"texture":"#1"}}},{"from":[3.6,-1.5,9.4],"to":[4.6,-0.5,10.1],"rotation":{"angle":-45,"axis":"z","origin":[3,7.5,13.65]},"faces":{"north":{"uv":[11.75,6.25,12.75,7.25],"rotation":180,"texture":"#1"},"east":{"uv":[13.25,6.25,12.75,7.25],"rotation":180,"texture":"#1"},"south":{"uv":[12.75,6.25,11.75,7.25],"rotation":180,"texture":"#1"},"west":{"uv":[11.75,7.75,12.75,7.25],"rotation":270,"texture":"#1"},"up":{"uv":[12.75,7.25,11.75,7.75],"texture":"#1"},"down":{"uv":[12.75,7.25,13.25,6.25],"rotation":270,"texture":"#1"}}},{"from":[3.6,-1.5,5.9],"to":[4.6,-0.5,6.6],"rotation":{"angle":-45,"axis":"z","origin":[3,7.5,2.35]},"faces":{"north":{"uv":[11.75,6.25,12.75,7.25],"rotation":180,"texture":"#1"},"east":{"uv":[12.75,6.25,13.25,7.25],"rotation":180,"texture":"#1"},"south":{"uv":[12.75,6.25,11.75,7.25],"rotation":180,"texture":"#1"},"west":{"uv":[11.75,7.25,12.75,7.75],"rotation":270,"texture":"#1"},"up":{"uv":[12.75,7.75,11.75,7.25],"texture":"#1"},"down":{"uv":[13.25,7.25,12.75,6.25],"rotation":270,"texture":"#1"}}},{"from":[3.3824,7.59415,-6.64399],"to":[4.3824,8.09415,-4.64399],"rotation":{"angle":-45,"axis":"y","origin":[5.48385,7.85665,-5.24985]},"faces":{"north":{"uv":[9.25,2.5,8.25,2],"rotation":180,"texture":"#3"},"east":{"uv":[9.25,0,9.75,2],"rotation":270,"texture":"#3"},"south":{"uv":[12,1,11.5,0],"rotation":270,"texture":"#3"},"west":{"uv":[10.25,0,10.75,2],"rotation":90,"texture":"#3"},"up":{"uv":[9.25,0,8.25,2],"rotation":180,"texture":"#3"},"down":{"uv":[8.25,0,9.25,2],"texture":"#3"}}},{"from":[0.43987,7.89415,-7.17422],"to":[3.43987,7.89415,-4.67422],"rotation":{"angle":-45,"axis":"y","origin":[5.48385,7.85665,-5.24985]},"faces":{"north":{"uv":[0,3,0,0],"rotation":270,"texture":"#1"},"east":{"uv":[0,3,0,0],"rotation":90,"texture":"#1"},"south":{"uv":[0,3,0,0],"rotation":90,"texture":"#1"},"west":{"uv":[0,3,0,0],"rotation":90,"texture":"#1"},"up":{"uv":[9.25,6.25,11.75,9.25],"rotation":270,"texture":"#1"},"down":{"uv":[11.75,6.25,9.25,9.25],"rotation":270,"texture":"#1"}}},{"from":[4.1,6.86915,-6.13085],"to":[7.1,8.86915,-4.13085],"rotation":{"angle":-22.5,"axis":"y","origin":[5.48385,7.85665,-5.24985]},"faces":{"north":{"uv":[10.5,12,11.5,13.5],"rotation":90,"texture":"#4"},"east":{"uv":[12.5,16,11.5,15],"rotation":270,"texture":"#4"},"south":{"uv":[10.5,13.5,11.5,15],"rotation":90,"texture":"#4"},"west":{"uv":[11.5,16,10.5,15],"rotation":90,"texture":"#4"},"up":{"uv":[11.5,12,10.5,10.5],"rotation":270,"texture":"#4"},"down":{"uv":[11.5,10.5,10.5,12],"rotation":90,"texture":"#4"}}},{"from":[5.82117,7.36915,-4.73713],"to":[7.32117,8.36915,-3.23713],"rotation":{"angle":22.5,"axis":"y","origin":[5.48385,7.85665,-5.24985]},"faces":{"north":{"uv":[8,5,7.5,4.25],"rotation":90,"texture":"#6"},"east":{"uv":[7,4,7.5,4.75],"rotation":90,"texture":"#6"},"south":{"uv":[7.5,5.5,7,4.75],"rotation":270,"texture":"#6"},"west":{"uv":[7,4,7.5,4.75],"rotation":90,"texture":"#6"},"up":{"uv":[7.5,3.5,8.25,4.25],"rotation":90,"texture":"#6"},"down":{"uv":[7.5,4.25,8.25,3.5],"rotation":270,"texture":"#6"}}},{"from":[2.9304,7.36915,-5.91621],"to":[5.9304,8.36915,-4.91621],"rotation":{"angle":0,"axis":"y","origin":[5.48385,7.85665,-5.24985]},"faces":{"north":{"uv":[6.5,4.5,7,6],"rotation":90,"texture":"#6"},"east":{"uv":[8,4,7.5,3.5],"rotation":270,"texture":"#6"},"south":{"uv":[6.5,3,7,4.5],"rotation":90,"texture":"#6"},"west":{"uv":[7.5,4,7,3.5],"rotation":90,"texture":"#6"},"up":{"uv":[8.5,3.5,7,3],"rotation":180,"texture":"#6"},"down":{"uv":[7,3.5,8.5,3],"texture":"#6"}}},{"from":[11.80745,7.26915,-0.92259],"to":[12.30745,8.46915,1.07741],"rotation":{"angle":0,"axis":"y","origin":[13,7.86915,1.41867]},"faces":{"north":{"uv":[10,6.5,9.5,8.5],"rotation":180,"texture":"#3"},"east":{"uv":[12,3,10,5],"rotation":270,"texture":"#3"},"south":{"uv":[10,6.5,9.5,8.5],"texture":"#3"},"west":{"uv":[10,8.5,9,10.5],"rotation":90,"texture":"#3"},"up":{"uv":[9,6.5,9.5,8.5],"rotation":180,"texture":"#3"},"down":{"uv":[9.5,6.5,9,8.5],"texture":"#3"}}},{"from":[10,6.86915,-1.43085],"to":[16,8.86915,0.56915],"rotation":{"angle":-45,"axis":"y","origin":[13,7.86915,1.41867]},"faces":{"north":{"uv":[16,2,10,0],"rotation":180,"texture":"#3"},"east":{"uv":[5,12.75,3,10.75],"rotation":270,"texture":"#3"},"south":{"uv":[16,4,10,2],"texture":"#3"},"west":{"uv":[5,12.75,3,10.75],"rotation":90,"texture":"#3"},"up":{"uv":[16,16,10,14],"rotation":180,"texture":"#3"},"down":{"uv":[16,16,10,14],"texture":"#3"}}},{"from":[0.00166,4,8.59834],"to":[5.50166,6,9.09834],"rotation":{"angle":0,"axis":"y","origin":[16.3,9.72207,9.79834]},"faces":{"north":{"uv":[8.75,4.5,9.75,7.25],"rotation":90,"texture":"#5"},"east":{"uv":[8.25,4.625,8.5,5.625],"texture":"#5"},"south":{"uv":[8.75,7.25,9.75,4.5],"rotation":90,"texture":"#5"},"west":{"uv":[8.25,4.625,8.5,5.625],"texture":"#5"},"up":{"uv":[8.5,4.5,8.75,7.25],"rotation":90,"texture":"#5"},"down":{"uv":[8.5,4.5,8.75,7.25],"rotation":270,"texture":"#5"}}},{"from":[0.00166,4,6.59834],"to":[5.50166,6,7.09834],"rotation":{"angle":0,"axis":"y","origin":[16.3,9.72207,9.79834]},"faces":{"north":{"uv":[8.75,4.5,9.75,7.25],"rotation":90,"texture":"#5"},"east":{"uv":[8.25,4.625,8.5,5.625],"texture":"#5"},"south":{"uv":[8.75,7.25,9.75,4.5],"rotation":90,"texture":"#5"},"west":{"uv":[8.25,4.625,8.5,5.625],"texture":"#5"},"up":{"uv":[8.5,4.5,8.75,7.25],"rotation":90,"texture":"#5"},"down":{"uv":[8.5,4.5,8.75,7.25],"rotation":270,"texture":"#5"}}},{"from":[9.65806,6.86915,1.753],"to":[12.65806,8.86915,4.753],"rotation":{"angle":0,"axis":"y","origin":[13,7.86915,1.41867]},"faces":{"north":{"uv":[5,16,3,13],"rotation":90,"texture":"#3"},"east":{"uv":[5,16,3,13],"rotation":270,"texture":"#3"},"south":{"uv":[0,13,3,11],"texture":"#3"},"west":{"uv":[3,13,0,11],"texture":"#3"},"up":{"uv":[0,13,3,16],"rotation":90,"texture":"#3"},"down":{"uv":[0,13,3,16],"rotation":180,"texture":"#3"}}},{"from":[12.60781,7.36915,1.81086],"to":[16.50781,8.36915,3.81086],"rotation":{"angle":0,"axis":"y","origin":[13,7.86915,1.41867]},"faces":{"north":{"uv":[5,14,9,13],"rotation":180,"texture":"#3"},"east":{"uv":[9,16,10,14],"rotation":270,"texture":"#3"},"south":{"uv":[5,14,9,13],"texture":"#3"},"west":{"uv":[9,16,10,14],"rotation":90,"texture":"#3"},"up":{"uv":[5,16,9,14],"texture":"#3"},"down":{"uv":[5,14,9,16],"texture":"#3"}}},{"from":[12.59359,6.36915,-0.20335],"to":[14.59359,9.36915,1.79665],"rotation":{"angle":0,"axis":"y","origin":[13,7.86915,1.41867]},"faces":{"north":{"uv":[11,14,9,11],"texture":"#3"},"east":{"uv":[11,14,9,11],"rotation":180,"texture":"#3"},"south":{"uv":[14,14,11,12],"rotation":270,"texture":"#3"},"west":{"uv":[14,14,11,12],"rotation":270,"texture":"#3"},"up":{"uv":[16,14,14,12],"rotation":180,"texture":"#3"},"down":{"uv":[16,14,14,12],"rotation":270,"texture":"#3"}}},{"from":[13.34126,7.26915,2.11122],"to":[15.34126,8.46915,2.61122],"rotation":{"angle":0,"axis":"y","origin":[13,7.86915,1.41867]},"faces":{"north":{"uv":[10,3,12,5],"rotation":90,"texture":"#0"},"east":{"uv":[9.5,6.5,10,8.5],"rotation":180,"texture":"#0"},"south":{"uv":[9,8.5,10,10.5],"rotation":270,"texture":"#0"},"west":{"uv":[9.5,6.5,10,8.5],"texture":"#0"},"up":{"uv":[9,8.5,9.5,6.5],"rotation":90,"texture":"#0"},"down":{"uv":[9.5,8.5,9,6.5],"rotation":90,"texture":"#0"}}},{"from":[10.5,6.36915,-1.93085],"to":[11,9.36915,-0.43085],"rotation":{"angle":-45,"axis":"y","origin":[13,7.86915,1.41867]},"faces":{"north":{"uv":[16,6,13,5.5],"rotation":270,"texture":"#3"},"east":{"uv":[16,5.5,13,4],"rotation":270,"texture":"#3"},"south":{"uv":[16,6,13,5.5],"rotation":90,"texture":"#3"},"west":{"uv":[16,5.5,13,4],"rotation":90,"texture":"#3"},"up":{"uv":[13,5.5,12.5,4],"rotation":180,"texture":"#3"},"down":{"uv":[13,5.5,12.5,4],"texture":"#3"}}},{"from":[13.60781,7.36915,3.81086],"to":[16.50781,8.36915,4.81086],"rotation":{"angle":0,"axis":"y","origin":[13,7.86915,7.41867]},"faces":{"north":{"uv":[5,13,8,12],"rotation":180,"texture":"#3"},"east":{"uv":[8,13,9,12],"rotation":270,"texture":"#3"},"south":{"uv":[5,12,8,11],"texture":"#3"},"west":{"uv":[8,13,9,12],"rotation":90,"texture":"#3"},"up":{"uv":[5,13,8,12],"rotation":180,"texture":"#3"},"down":{"uv":[8,13,5,12],"texture":"#3"}}},{"from":[9.60781,7.36915,-2.08914],"to":[10.60781,8.36915,0.81086],"rotation":{"angle":0,"axis":"y","origin":[13,7.86915,1.41867]},"faces":{"north":{"uv":[9,13,8,12],"rotation":90,"texture":"#3"},"east":{"uv":[8,13,5,12],"rotation":180,"texture":"#3"},"south":{"uv":[9,13,8,12],"rotation":270,"texture":"#3"},"west":{"uv":[8,12,5,11],"texture":"#3"},"up":{"uv":[5,12,8,13],"rotation":90,"texture":"#3"},"down":{"uv":[8,12,5,13],"rotation":90,"texture":"#3"}}},{"from":[10.60781,7.36915,-2.08914],"to":[12.60781,8.36915,1.81086],"rotation":{"angle":0,"axis":"y","origin":[13,7.86915,1.41867]},"faces":{"north":{"uv":[10,16,9,14],"rotation":90,"texture":"#3"},"east":{"uv":[9,14,5,13],"rotation":180,"texture":"#3"},"south":{"uv":[10,16,9,14],"rotation":270,"texture":"#3"},"west":{"uv":[9,14,5,13],"texture":"#3"},"up":{"uv":[5,14,9,16],"rotation":270,"texture":"#3"},"down":{"uv":[5,16,9,14],"rotation":90,"texture":"#3"}}},{"from":[0,6,6],"to":[14,7,10],"rotation":{"angle":0,"axis":"y","origin":[10,6.5,7.5]},"faces":{"north":{"uv":[5.5,9.5,12.5,10],"texture":"#4"},"east":{"uv":[5.5,9,7.5,9.5],"texture":"#4"},"south":{"uv":[12.5,9.5,5.5,10],"texture":"#4"},"west":{"uv":[5.5,9,7.5,9.5],"texture":"#4"},"up":{"uv":[0,0,7,2],"texture":"#4"},"down":{"uv":[0,0,7,2],"texture":"#4"}}},{"from":[-4,7,6],"to":[5,8.5,6.5],"rotation":{"angle":0,"axis":"y","origin":[4.5,7.75,6.25]},"faces":{"north":{"uv":[7,6.5,16,8],"texture":"#3"},"east":{"uv":[11.5,5.5,13,6],"rotation":90,"texture":"#3"},"south":{"uv":[16,6.5,7,8],"texture":"#3"},"west":{"uv":[11,5,12.5,5.5],"rotation":90,"texture":"#3"},"up":{"uv":[7,6.5,16,6],"rotation":180,"texture":"#3"},"down":{"uv":[7,6.5,16,6],"rotation":180,"texture":"#3"}}},{"from":[-4,7,9.5],"to":[5,8.5,10],"rotation":{"angle":0,"axis":"y","origin":[4.5,7.75,6.25]},"faces":{"north":{"uv":[7,6.5,16,8],"texture":"#3"},"east":{"uv":[11.5,5.5,13,6],"rotation":90,"texture":"#3"},"south":{"uv":[16,6.5,7,8],"texture":"#3"},"west":{"uv":[11,5,12.5,5.5],"rotation":90,"texture":"#3"},"up":{"uv":[7,6.5,16,6],"rotation":180,"texture":"#3"},"down":{"uv":[7,6.5,16,6],"rotation":180,"texture":"#3"}}},{"from":[-4,2,6.5],"to":[0,7,9.5],"rotation":{"angle":0,"axis":"y","origin":[-1.27825,1.51845,8.9]},"faces":{"north":{"uv":[5.125,3.25,7.625,5.25],"rotation":90,"texture":"#5"},"east":{"uv":[7.5,0,9,2.5],"texture":"#5"},"south":{"uv":[5.125,3.25,7.625,5.25],"rotation":90,"texture":"#5"},"west":{"uv":[7.5,0,9,2.5],"texture":"#5"},"up":{"uv":[10,12,8,13.5],"texture":"#9"},"down":{"uv":[8,12,9.5,10],"rotation":90,"texture":"#9"}}},{"from":[-3.44883,0.05978,6.6],"to":[-0.44883,3.05978,9.4],"rotation":{"angle":22.5,"axis":"z","origin":[-1.17825,2.81845,8.6]},"faces":{"north":{"uv":[14,12,12.5,13.5],"rotation":90,"texture":"#4"},"east":{"uv":[14.5,9,16,10.5],"rotation":90,"texture":"#4"},"south":{"uv":[12.5,12,14,13.5],"rotation":270,"texture":"#4"},"west":{"uv":[14.5,9,16,10.5],"rotation":90,"texture":"#4"},"up":{"uv":[14,10.5,15.5,12],"rotation":270,"texture":"#4"},"down":{"uv":[14,10.5,15.5,12],"rotation":270,"texture":"#4"}}},{"from":[-4.27617,-0.80018,6.2],"to":[-1.27617,1.19982,9.7],"rotation":{"angle":45,"axis":"z","origin":[-1.17825,2.81845,8.6]},"faces":{"north":{"uv":[12.75,8,13.75,9.5],"rotation":90,"texture":"#4"},"east":{"uv":[7.5,9.5,9.25,8.5],"rotation":180,"texture":"#4"},"south":{"uv":[13.75,8,12.75,9.5],"rotation":270,"texture":"#4"},"west":{"uv":[7.5,8.5,9.25,9.5],"texture":"#4"},"up":{"uv":[9.75,7.75,11.25,9.5],"rotation":180,"texture":"#4"},"down":{"uv":[12.75,9.5,11.25,7.75],"texture":"#4"}}},{"from":[7.5,4.7,7.3],"to":[9,6.1,8.7],"rotation":{"angle":0,"axis":"y","origin":[16,0,0]},"faces":{"north":{"uv":[9,6.5,10.5,5],"rotation":90,"texture":"#0"},"east":{"uv":[6,9.5,7.5,8],"rotation":270,"texture":"#0"},"south":{"uv":[9,6.5,10.5,5],"rotation":270,"texture":"#0"},"west":{"uv":[11,1.5,9.5,3],"rotation":180,"texture":"#0"},"up":{"uv":[9,8,7.5,9.5],"texture":"#0"},"down":{"uv":[9,8,7.5,9.5],"texture":"#0"}}},{"from":[10.5,4.7,7.3],"to":[12,6.1,8.7],"rotation":{"angle":0,"axis":"y","origin":[16,0,0]},"faces":{"north":{"uv":[9,6.5,10.5,5],"rotation":90,"texture":"#0"},"east":{"uv":[6,9.5,7.5,8],"rotation":270,"texture":"#0"},"south":{"uv":[9,6.5,10.5,5],"rotation":270,"texture":"#0"},"west":{"uv":[11,1.5,9.5,3],"rotation":180,"texture":"#0"},"up":{"uv":[9,8,7.5,9.5],"texture":"#0"},"down":{"uv":[9,8,7.5,9.5],"texture":"#0"}}},{"from":[-12.84505,3,8.84505],"to":[0.15495,13,8.84505],"rotation":{"angle":22.5,"axis":"y","origin":[1,10.5241,9.84505]},"faces":{"north":{"uv":[6.5,6,0,11],"texture":"#6"},"east":{"uv":[0,0,0,10],"texture":"#6"},"south":{"uv":[0,6,6.5,11],"texture":"#6"},"west":{"uv":[0,0,0,10],"texture":"#6"},"up":{"uv":[0,16,0,0],"rotation":90,"texture":"#6"},"down":{"uv":[0,16,0,0],"rotation":270,"texture":"#6"}}},{"from":[-12.84505,3,7.15495],"to":[0.15495,13,7.15495],"rotation":{"angle":-22.5,"axis":"y","origin":[1,10.5241,6.15495]},"faces":{"north":{"uv":[6.5,6,0,11],"texture":"#6"},"east":{"uv":[0,0,0,10],"texture":"#6"},"south":{"uv":[0,6,6.5,11],"texture":"#6"},"west":{"uv":[0,0,0,10],"texture":"#6"},"up":{"uv":[0,16,0,0],"rotation":90,"texture":"#6"},"down":{"uv":[0,16,0,0],"rotation":270,"texture":"#6"}}}],"gui_light":"front","display":{"thirdperson_righthand":{"rotation":[0,90,0],"translation":[0,3,-1.75],"scale":[0.7,0.7,0.7]},"thirdperson_lefthand":{"rotation":[0,-90,0],"translation":[0,3,-1.75],"scale":[0.7,0.7,0.7]},"firstperson_righthand":{"rotation":[0,90,0],"translation":[0.75,4.5,0.5],"scale":[0.4375,0.4375,0.4375]},"firstperson_lefthand":{"rotation":[0,-90,0],"translation":[0.75,4.5,0.5],"scale":[0.4375,0.4375,0.4375]},"ground":{"translation":[0,9,0],"scale":[0.6,0.6,0.6]},"gui":{"rotation":[-90,45,180],"translation":[-1,1,-2],"scale":[0.53125,0.53125,0.53125]},"head":{"translation":[-0.25,-19,0.5],"scale":[0,0,0]},"fixed":{"rotation":[-90,-90,0],"translation":[0,5.25,-6.5],"scale":[1.7,1.7,1.7]}}}