{"credit":"MadewithBlockbench","texture_size":[32,32],"textures":{"7":"elitecreatures:king_arthur_animated_weapon_set/texture1","8":"elitecreatures:king_arthur_animated_weapon_set/texture2","10":"elitecreatures:king_arthur_animated_weapon_set/texture4","11":"elitecreatures:king_arthur_animated_weapon_set/texture5","12":"elitecreatures:king_arthur_animated_weapon_set/texture6","13":"elitecreatures:king_arthur_animated_weapon_set/texture7","16":"elitecreatures:king_arthur_animated_weapon_set/texture10","particle":"elitecreatures:king_arthur_animated_weapon_set/texture1"},"elements":[{"from":[7.5,-7,7.5],"to":[8.5,0,8.5],"rotation":{"angle":0,"axis":"y","origin":[8,1.5,8]},"faces":{"north":{"uv":[12,5,13,12],"texture":"#7"},"east":{"uv":[11,5,12,12],"texture":"#7"},"south":{"uv":[12,5,13,12],"texture":"#7"},"west":{"uv":[11,5,12,12],"texture":"#7"},"up":{"uv":[12,4,13,5],"rotation":180,"texture":"#7"},"down":{"uv":[13,5,14,6],"rotation":180,"texture":"#7"}}},{"from":[6.5,-8.5,6.5],"to":[9.5,-7.5,9.5],"faces":{"north":{"uv":[3,0,6,1],"texture":"#8"},"east":{"uv":[3,0,6,1],"texture":"#8"},"south":{"uv":[3,0,6,1],"texture":"#8"},"west":{"uv":[3,0,6,1],"texture":"#8"},"up":{"uv":[3,3,0,0],"texture":"#8"},"down":{"uv":[3,3,0,6],"texture":"#8"}}},{"from":[9,-9.5,6.5],"to":[9.5,-8.5,7],"rotation":{"angle":0,"axis":"y","origin":[0,0,16]},"faces":{"north":{"uv":[3,2,3.5,3],"texture":"#8"},"east":{"uv":[3.5,2,4,3],"texture":"#8"},"south":{"uv":[3,2,3.5,3],"texture":"#8"},"west":{"uv":[3.5,2,4,3],"texture":"#8"},"up":{"uv":[4,2,4.5,2.5],"texture":"#8"},"down":{"uv":[4,2,4.5,2.5],"texture":"#8"}}},{"from":[7.5,-9,6.5],"to":[8.5,-8.5,7],"faces":{"north":{"uv":[3,3,4,3.5],"texture":"#8"},"east":{"uv":[3,4,3.5,4.5],"texture":"#8"},"south":{"uv":[3,3,4,3.5],"texture":"#8"},"west":{"uv":[3.5,4,3,4.5],"texture":"#8"},"up":{"uv":[3,3.5,4,4],"texture":"#8"},"down":{"uv":[3,3.5,4,4],"texture":"#8"}}},{"from":[7,-7.5,7],"to":[9,-7,9],"faces":{"north":{"uv":[7,5.5,9,6],"texture":"#7"},"east":{"uv":[7,5,9,5.5],"texture":"#7"},"south":{"uv":[7,5.5,9,6],"texture":"#7"},"west":{"uv":[7,5,9,5.5],"texture":"#7"},"up":{"uv":[7,6,9,8],"texture":"#7"},"down":{"uv":[7,6,9,8],"texture":"#7"}}},{"from":[6.5,-9.5,6.5],"to":[7,-8.5,7],"rotation":{"angle":0,"axis":"y","origin":[16,0,16]},"faces":{"north":{"uv":[3.5,2,3,3],"texture":"#8"},"east":{"uv":[4,2,3.5,3],"texture":"#8"},"south":{"uv":[3.5,2,3,3],"texture":"#8"},"west":{"uv":[4,2,3.5,3],"texture":"#8"},"up":{"uv":[4.5,2,4,2.5],"texture":"#8"},"down":{"uv":[4.5,2,4,2.5],"texture":"#8"}}},{"from":[6.5,-9.5,9],"to":[7,-8.5,9.5],"rotation":{"angle":0,"axis":"y","origin":[16,0,0]},"faces":{"north":{"uv":[3,2,3.5,3],"texture":"#8"},"east":{"uv":[3.5,2,4,3],"texture":"#8"},"south":{"uv":[3,2,3.5,3],"texture":"#8"},"west":{"uv":[3.5,2,4,3],"texture":"#8"},"up":{"uv":[4.5,2.5,4,2],"texture":"#8"},"down":{"uv":[4.5,2.5,4,2],"texture":"#8"}}},{"from":[7.5,-9,9],"to":[8.5,-8.5,9.5],"rotation":{"angle":0,"axis":"y","origin":[0,0,16]},"faces":{"north":{"uv":[4,3,3,3.5],"texture":"#8"},"east":{"uv":[3.5,4,3,4.5],"texture":"#8"},"south":{"uv":[4,3,3,3.5],"texture":"#8"},"west":{"uv":[3,4,3.5,4.5],"texture":"#8"},"up":{"uv":[3,4,4,3.5],"texture":"#8"},"down":{"uv":[3,4,4,3.5],"texture":"#8"}}},{"from":[9,-9.5,9],"to":[9.5,-8.5,9.5],"faces":{"north":{"uv":[3.5,2,3,3],"texture":"#8"},"east":{"uv":[4,2,3.5,3],"texture":"#8"},"south":{"uv":[3.5,2,3,3],"texture":"#8"},"west":{"uv":[4,2,3.5,3],"texture":"#8"},"up":{"uv":[4,2.5,4.5,2],"texture":"#8"},"down":{"uv":[4,2.5,4.5,2],"texture":"#8"}}},{"from":[6.5,-9,7.5],"to":[7,-8.5,8.5],"rotation":{"angle":0,"axis":"y","origin":[8,-8.75,8]},"faces":{"north":{"uv":[3,4,3.5,4.5],"texture":"#8"},"east":{"uv":[4,3,3,3.5],"texture":"#8"},"south":{"uv":[3.5,4,3,4.5],"texture":"#8"},"west":{"uv":[4,3,3,3.5],"texture":"#8"},"up":{"uv":[3,4,4,3.5],"rotation":90,"texture":"#8"},"down":{"uv":[3,4,4,3.5],"rotation":270,"texture":"#8"}}},{"from":[9,-9,7.5],"to":[9.5,-8.5,8.5],"rotation":{"angle":0,"axis":"y","origin":[8,-8.75,8]},"faces":{"north":{"uv":[3.5,4,3,4.5],"texture":"#8"},"east":{"uv":[3,3,4,3.5],"texture":"#8"},"south":{"uv":[3,4,3.5,4.5],"texture":"#8"},"west":{"uv":[3,3,4,3.5],"texture":"#8"},"up":{"uv":[3,3.5,4,4],"rotation":90,"texture":"#8"},"down":{"uv":[3,3.5,4,4],"rotation":270,"texture":"#8"}}},{"from":[7.3,1.5,7.3],"to":[8.7,3,8.7],"faces":{"north":{"uv":[9,5,10.5,6.5],"texture":"#7"},"east":{"uv":[7.5,8,9,9.5],"rotation":90,"texture":"#7"},"south":{"uv":[9,5,10.5,6.5],"texture":"#7"},"west":{"uv":[7.5,8,9,9.5],"rotation":90,"texture":"#7"},"up":{"uv":[6,8,7.5,9.5],"texture":"#7"},"down":{"uv":[9.5,1.5,11,3],"rotation":270,"texture":"#7"}}},{"from":[12.9,-0.3,7.4],"to":[14.9,0.2,8.6],"rotation":{"angle":-45,"axis":"z","origin":[11.6,4.7,5]},"faces":{"north":{"uv":[9.5,8.5,9,6.5],"rotation":90,"texture":"#7"},"east":{"uv":[9.5,8.5,10,6.5],"rotation":270,"texture":"#7"},"south":{"uv":[9,8.5,9.5,6.5],"rotation":270,"texture":"#7"},"west":{"uv":[9.5,8.5,10,6.5],"rotation":270,"texture":"#7"},"up":{"uv":[9,10.5,10,8.5],"rotation":270,"texture":"#7"},"down":{"uv":[10,5,12,3],"rotation":270,"texture":"#7"}}},{"from":[7.3,-4.9,7],"to":[9.3,1.1,9],"rotation":{"angle":0,"axis":"y","origin":[23.3,-9.9,0]},"faces":{"north":{"uv":[10,14,16,16],"rotation":90,"texture":"#10"},"east":{"uv":[10,2,16,4],"rotation":270,"texture":"#10"},"south":{"uv":[10,14,16,16],"rotation":270,"texture":"#10"},"west":{"uv":[10,0,16,2],"rotation":270,"texture":"#10"},"up":{"uv":[3,10.75,5,12.75],"rotation":270,"texture":"#10"},"down":{"uv":[3,10.75,5,12.75],"rotation":270,"texture":"#10"}}},{"from":[10,-3.6,7.5],"to":[12,0.3,8.5],"rotation":{"angle":45,"axis":"z","origin":[8.3,-1.9,8]},"faces":{"north":{"uv":[5,14,9,16],"rotation":270,"texture":"#10"},"east":{"uv":[5,13,9,14],"rotation":270,"texture":"#10"},"south":{"uv":[5,16,9,14],"rotation":270,"texture":"#10"},"west":{"uv":[5,13,9,14],"rotation":270,"texture":"#10"},"up":{"uv":[9,14,10,16],"rotation":270,"texture":"#10"},"down":{"uv":[9,14,10,16],"rotation":270,"texture":"#10"}}},{"from":[18.5,1.1,7],"to":[21.5,4.1,9],"rotation":{"angle":45,"axis":"z","origin":[21.8,-8.4,1.5]},"faces":{"north":{"uv":[0,13,3,16],"rotation":90,"texture":"#10"},"east":{"uv":[0,11,3,13],"rotation":270,"texture":"#10"},"south":{"uv":[0,13,3,16],"texture":"#10"},"west":{"uv":[3,13,5,16],"texture":"#10"},"up":{"uv":[3,13,5,16],"rotation":270,"texture":"#10"},"down":{"uv":[3,11,0,13],"texture":"#10"}}},{"from":[12,-2.6,7.5],"to":[13,0.3,8.5],"rotation":{"angle":45,"axis":"z","origin":[8.3,-1.9,8]},"faces":{"north":{"uv":[5,12,8,13],"rotation":90,"texture":"#10"},"east":{"uv":[5,11,8,12],"rotation":270,"texture":"#10"},"south":{"uv":[8,12,5,13],"rotation":270,"texture":"#10"},"west":{"uv":[5,12,8,13],"rotation":270,"texture":"#10"},"up":{"uv":[8,12,9,13],"rotation":270,"texture":"#10"},"down":{"uv":[8,12,9,13],"rotation":270,"texture":"#10"}}},{"from":[10,-4.1,7.5],"to":[12,-0.2,8.5],"rotation":{"angle":-45,"axis":"z","origin":[8.3,-1.9,8]},"faces":{"north":{"uv":[9,14,5,16],"rotation":270,"texture":"#10"},"east":{"uv":[9,13,5,14],"rotation":270,"texture":"#10"},"south":{"uv":[9,16,5,14],"rotation":270,"texture":"#10"},"west":{"uv":[9,13,5,14],"rotation":270,"texture":"#10"},"up":{"uv":[10,14,9,16],"rotation":270,"texture":"#10"},"down":{"uv":[10,14,9,16],"rotation":270,"texture":"#10"}}},{"from":[9.4,-1.6,6.5],"to":[11.4,0.4,9.5],"rotation":{"angle":-45,"axis":"z","origin":[8.3,0.1,8]},"faces":{"north":{"uv":[14,12,16,14],"rotation":90,"texture":"#10"},"east":{"uv":[11,12,14,14],"rotation":180,"texture":"#10"},"south":{"uv":[14,12,16,14],"rotation":180,"texture":"#10"},"west":{"uv":[9,11,11,14],"rotation":90,"texture":"#10"},"up":{"uv":[11,12,14,14],"rotation":90,"texture":"#10"},"down":{"uv":[9,11,11,14],"rotation":180,"texture":"#10"}}},{"from":[12.9,-4,7.4],"to":[14.9,-3.5,8.6],"rotation":{"angle":45,"axis":"z","origin":[11.6,-8.5,5]},"faces":{"north":{"uv":[9,8.5,9.5,6.5],"rotation":90,"texture":"#7"},"east":{"uv":[10,8.5,9.5,6.5],"rotation":270,"texture":"#7"},"south":{"uv":[9.5,8.5,9,6.5],"rotation":270,"texture":"#7"},"west":{"uv":[10,8.5,9.5,6.5],"rotation":270,"texture":"#7"},"up":{"uv":[12,5,10,3],"rotation":270,"texture":"#7"},"down":{"uv":[10,10.5,9,8.5],"rotation":270,"texture":"#7"}}},{"from":[6.8,0.1,6.5],"to":[8.3,0.6,9.5],"rotation":{"angle":0,"axis":"y","origin":[22.3,-9.9,0]},"faces":{"north":{"uv":[12.5,4,13,5.5],"rotation":90,"texture":"#10"},"east":{"uv":[13,5.5,16,6],"texture":"#10"},"south":{"uv":[12.5,4,13,5.5],"rotation":270,"texture":"#10"},"west":{"uv":[13,5.5,16,6],"texture":"#10"},"up":{"uv":[13,4,16,5.5],"rotation":270,"texture":"#10"},"down":{"uv":[13,4,16,5.5],"rotation":270,"texture":"#10"}}},{"from":[6.8,-4.4,6.5],"to":[8.3,-3.9,9.5],"rotation":{"angle":0,"axis":"y","origin":[22.3,-9.9,0]},"faces":{"north":{"uv":[12.5,4,13,5.5],"rotation":90,"texture":"#10"},"east":{"uv":[13,5.5,16,6],"texture":"#10"},"south":{"uv":[12.5,4,13,5.5],"rotation":270,"texture":"#10"},"west":{"uv":[13,5.5,16,6],"texture":"#10"},"up":{"uv":[13,4,16,5.5],"rotation":270,"texture":"#10"},"down":{"uv":[13,4,16,5.5],"rotation":270,"texture":"#10"}}},{"from":[12,-4.1,7.5],"to":[13,-1.2,8.5],"rotation":{"angle":-45,"axis":"z","origin":[8.3,-1.9,8]},"faces":{"north":{"uv":[8,12,5,13],"rotation":90,"texture":"#10"},"east":{"uv":[8,11,5,12],"rotation":270,"texture":"#10"},"south":{"uv":[5,12,8,13],"rotation":270,"texture":"#10"},"west":{"uv":[8,12,5,13],"rotation":270,"texture":"#10"},"up":{"uv":[9,12,8,13],"rotation":270,"texture":"#10"},"down":{"uv":[9,12,8,13],"rotation":270,"texture":"#10"}}},{"from":[7.5,1,7.5],"to":[8.5,8,8.5],"rotation":{"angle":0,"axis":"y","origin":[8,1.5,8]},"faces":{"north":{"uv":[12,5,13,12],"texture":"#7"},"east":{"uv":[11,5,12,12],"texture":"#7"},"south":{"uv":[12,5,13,12],"texture":"#7"},"west":{"uv":[11,5,12,12],"texture":"#7"},"up":{"uv":[12,4,13,5],"rotation":180,"texture":"#7"},"down":{"uv":[13,5,14,6],"rotation":180,"texture":"#7"}}},{"from":[7.3,-6.5,7.3],"to":[8.7,-5,8.7],"faces":{"north":{"uv":[9,5,10.5,6.5],"texture":"#7"},"east":{"uv":[7.5,8,9,9.5],"rotation":90,"texture":"#7"},"south":{"uv":[9,5,10.5,6.5],"texture":"#7"},"west":{"uv":[7.5,8,9,9.5],"rotation":90,"texture":"#7"},"up":{"uv":[6,8,7.5,9.5],"texture":"#7"},"down":{"uv":[9.5,1.5,11,3],"rotation":270,"texture":"#7"}}},{"from":[7.3,4.5,7.3],"to":[8.7,6,8.7],"faces":{"north":{"uv":[9,5,10.5,6.5],"texture":"#7"},"east":{"uv":[7.5,8,9,9.5],"rotation":90,"texture":"#7"},"south":{"uv":[9,5,10.5,6.5],"texture":"#7"},"west":{"uv":[7.5,8,9,9.5],"rotation":90,"texture":"#7"},"up":{"uv":[6,8,7.5,9.5],"texture":"#7"},"down":{"uv":[9.5,1.5,11,3],"rotation":270,"texture":"#7"}}},{"from":[4.76618,14.19845,7.725],"to":[5.76618,16.19845,8.225],"rotation":{"angle":-45,"axis":"z","origin":[5.87607,14.26336,8]},"faces":{"north":{"uv":[6,3,7,1],"texture":"#8"},"east":{"uv":[7.5,1,7,3],"rotation":180,"texture":"#8"},"south":{"uv":[7,3,6,1],"texture":"#8"},"west":{"uv":[7.5,1,7,3],"rotation":180,"texture":"#8"},"up":{"uv":[5,2.5,6,2],"texture":"#8"},"down":{"uv":[5,2.5,6,2],"texture":"#8"}}},{"from":[3.81152,13.80066,7.625],"to":[4.81152,14.80066,8.325],"rotation":{"angle":0,"axis":"y","origin":[5.87607,14.26336,8]},"faces":{"north":{"uv":[12.75,7.25,11.75,6.25],"rotation":90,"texture":"#8"},"east":{"uv":[12.75,6.25,13.25,7.25],"texture":"#8"},"south":{"uv":[11.75,7.25,12.75,6.25],"rotation":270,"texture":"#8"},"west":{"uv":[11.75,7.25,12.75,7.75],"rotation":90,"texture":"#8"},"up":{"uv":[13.25,7.25,12.75,6.25],"rotation":270,"texture":"#8"},"down":{"uv":[12.75,7.75,11.75,7.25],"texture":"#8"}}},{"from":[4.76618,13.19845,7.725],"to":[6.76618,14.19845,8.225],"rotation":{"angle":-45,"axis":"z","origin":[5.87607,14.26336,8]},"faces":{"north":{"uv":[9.25,2,8.25,0],"rotation":90,"texture":"#8"},"east":{"uv":[11.5,0,12,1],"texture":"#8"},"south":{"uv":[8.25,2,9.25,0],"rotation":270,"texture":"#8"},"west":{"uv":[8.25,2,9.25,2.5],"rotation":90,"texture":"#8"},"up":{"uv":[9.75,2,9.25,0],"rotation":270,"texture":"#8"},"down":{"uv":[10.75,2,10.25,0],"rotation":270,"texture":"#8"}}},{"from":[4.23595,10.25591,8.025],"to":[6.73595,13.25591,8.025],"rotation":{"angle":-45,"axis":"z","origin":[5.87607,14.26336,8]},"faces":{"north":{"uv":[9.25,9.25,11.75,6.25],"texture":"#8"},"east":{"uv":[0,0,0,3],"rotation":180,"texture":"#8"},"south":{"uv":[11.75,9.25,9.25,6.25],"texture":"#8"},"west":{"uv":[0,0,0,3],"rotation":180,"texture":"#8"},"up":{"uv":[0,0,0,3],"rotation":90,"texture":"#8"},"down":{"uv":[0,0,0,3],"rotation":270,"texture":"#8"}}},{"from":[5.81588,13.54045,7],"to":[7.81588,16.54045,9],"rotation":{"angle":-22.5,"axis":"z","origin":[5.87607,14.26336,8]},"faces":{"north":{"uv":[10.5,12,11.5,10.5],"rotation":180,"texture":"#11"},"east":{"uv":[11.5,15,10.5,13.5],"rotation":180,"texture":"#11"},"south":{"uv":[10.5,10.5,11.5,12],"texture":"#11"},"west":{"uv":[11.5,13.5,10.5,12],"texture":"#11"},"up":{"uv":[11.5,15,12.5,16],"rotation":270,"texture":"#11"},"down":{"uv":[10.5,15,11.5,16],"rotation":270,"texture":"#11"}}},{"from":[7.43655,14.48764,7.5],"to":[8.93655,15.98764,8.5],"rotation":{"angle":22.5,"axis":"z","origin":[5.87607,14.26336,8]},"faces":{"north":{"uv":[7.5,4.25,8.25,3.5],"rotation":180,"texture":"#13"},"east":{"uv":[7,4.75,7.5,5.5],"texture":"#13"},"south":{"uv":[7.5,3.5,8.25,4.25],"texture":"#13"},"west":{"uv":[7.5,4.25,8,5],"texture":"#13"},"up":{"uv":[7.5,4.75,7,4],"rotation":90,"texture":"#13"},"down":{"uv":[7.5,4.75,7,4],"rotation":270,"texture":"#13"}}},{"from":[6.22098,12.00643,7.5],"to":[7.22098,15.00643,8.5],"rotation":{"angle":0,"axis":"y","origin":[5.87607,14.26336,8]},"faces":{"north":{"uv":[8.5,3,7,3.5],"rotation":90,"texture":"#13"},"east":{"uv":[7,4.5,6.5,3],"rotation":180,"texture":"#13"},"south":{"uv":[7,3,8.5,3.5],"rotation":270,"texture":"#13"},"west":{"uv":[7,6,6.5,4.5],"texture":"#13"},"up":{"uv":[7.5,3.5,8,4],"rotation":270,"texture":"#13"},"down":{"uv":[7,3.5,7.5,4],"rotation":270,"texture":"#13"}}},{"from":[9.1,14.62526,6.8],"to":[12.1,17.62526,9.3],"rotation":{"angle":45,"axis":"z","origin":[12.41404,11.82526,8]},"faces":{"north":{"uv":[0,1.5,1.5,3],"texture":"#16"},"east":{"uv":[2.5,0,1.25,1.5],"texture":"#16"},"south":{"uv":[1.5,1.5,0,3],"texture":"#16"},"west":{"uv":[1.25,1.5,0,0],"texture":"#16"},"up":{"uv":[1.25,0,0,1.5],"rotation":90,"texture":"#16"},"down":{"uv":[1.25,1.5,2.5,0],"rotation":90,"texture":"#16"}}},{"from":[7.5,8,7.5],"to":[8.5,15,8.5],"rotation":{"angle":0,"axis":"y","origin":[8,1.5,8]},"faces":{"north":{"uv":[12,5,13,12],"texture":"#7"},"east":{"uv":[11,5,12,12],"texture":"#7"},"south":{"uv":[12,5,13,12],"texture":"#7"},"west":{"uv":[11,5,12,12],"texture":"#7"},"up":{"uv":[12,4,13,5],"rotation":180,"texture":"#7"},"down":{"uv":[13,5,14,6],"rotation":180,"texture":"#7"}}},{"from":[7,7.7,8.5],"to":[9,13.2,9],"rotation":{"angle":0,"axis":"y","origin":[8,10.75,8.75]},"faces":{"north":{"uv":[8.75,4.5,9.75,7.25],"texture":"#12"},"east":{"uv":[8.75,7.25,8.5,4.5],"rotation":180,"texture":"#12"},"south":{"uv":[8.75,4.5,9.75,7.25],"rotation":180,"texture":"#12"},"west":{"uv":[8.75,7.25,8.5,4.5],"texture":"#12"},"up":{"uv":[8.25,4.625,8.5,5.625],"rotation":90,"texture":"#12"},"down":{"uv":[8.25,4.625,8.5,5.625],"rotation":90,"texture":"#12"}}},{"from":[7,7.7,7],"to":[9,13.2,7.5],"rotation":{"angle":0,"axis":"y","origin":[8,10.75,7.25]},"faces":{"north":{"uv":[9.75,4.5,8.75,7.25],"rotation":180,"texture":"#12"},"east":{"uv":[8.5,7.25,8.75,4.5],"rotation":180,"texture":"#12"},"south":{"uv":[9.75,4.5,8.75,7.25],"texture":"#12"},"west":{"uv":[8.5,7.25,8.75,4.5],"texture":"#12"},"up":{"uv":[8.5,4.625,8.25,5.625],"rotation":90,"texture":"#12"},"down":{"uv":[8.5,4.625,8.25,5.625],"rotation":90,"texture":"#12"}}},{"from":[9,13.5,8],"to":[20,14,8],"faces":{"north":{"uv":[13.5,0,8,0.25],"texture":"#16"},"east":{"uv":[8,0,8,0.25],"texture":"#16"},"south":{"uv":[8,0,13.5,0.25],"texture":"#16"},"west":{"uv":[8,0,8,0.25],"texture":"#16"},"up":{"uv":[8,0,13.5,0],"texture":"#16"},"down":{"uv":[8,0,13.5,0],"texture":"#16"}}},{"from":[18.5,13,7.3],"to":[20,14.4,8.7],"rotation":{"angle":0,"axis":"y","origin":[19,13.25,8]},"faces":{"north":{"uv":[9,5,10.5,6.5],"rotation":270,"texture":"#7"},"east":{"uv":[6,8,7.5,9.5],"rotation":90,"texture":"#7"},"south":{"uv":[9,5,10.5,6.5],"rotation":90,"texture":"#7"},"west":{"uv":[9.5,1.5,11,3],"texture":"#7"},"up":{"uv":[7.5,8,9,9.5],"rotation":180,"texture":"#7"},"down":{"uv":[7.5,8,9,9.5],"rotation":180,"texture":"#7"}}},{"from":[20,11,8],"to":[23,14,8],"faces":{"north":{"uv":[9.5,0.25,8,1.75],"texture":"#16"},"east":{"uv":[0,0,0,1.5],"texture":"#16"},"south":{"uv":[8,0.25,9.5,1.75],"texture":"#16"},"west":{"uv":[0,0,0,1.5],"texture":"#16"},"up":{"uv":[0,0,2,0],"texture":"#16"},"down":{"uv":[0,0,2,0],"texture":"#16"}}}],"gui_light":"front","display":{"thirdperson_righthand":{"rotation":[0,90,0],"translation":[0,8,2]},"thirdperson_lefthand":{"rotation":[0,-90,0],"translation":[0,8,2]},"firstperson_righthand":{"rotation":[0,90,0],"translation":[2.5,6.5,0.5],"scale":[0.46289,0.46289,0.46289]},"firstperson_lefthand":{"rotation":[0,-90,0],"translation":[2.5,6.5,0.5],"scale":[0.46289,0.46289,0.46289]},"ground":{"rotation":[0,0,-45],"translation":[0,11,0],"scale":[0.6,0.6,0.6]},"gui":{"rotation":[0,0,-45],"translation":[-0.25,1.5,-2],"scale":[0.55484,0.55484,0.55484]},"head":{"translation":[-0.25,-19,0.5],"scale":[0,0,0]},"fixed":{"rotation":[0,180,0],"translation":[0,8.75,-1.4],"scale":[2,2,2]}}}