{"credit":"MadewithBlockbench","texture_size":[32,32],"textures":{"5":"elitecreatures:king_arthur_animated_weapon_set/symbol","7":"elitecreatures:king_arthur_animated_weapon_set/texture1","8":"elitecreatures:king_arthur_animated_weapon_set/texture2","10":"elitecreatures:king_arthur_animated_weapon_set/texture4","11":"elitecreatures:king_arthur_animated_weapon_set/texture5","12":"elitecreatures:king_arthur_animated_weapon_set/texture6","13":"elitecreatures:king_arthur_animated_weapon_set/texture7","16":"elitecreatures:king_arthur_animated_weapon_set/texture10","particle":"elitecreatures:king_arthur_animated_weapon_set/texture1"},"elements":[{"from":[7.5,-7,7.5],"to":[8.5,0,8.5],"rotation":{"angle":0,"axis":"y","origin":[8,1.5,8]},"faces":{"north":{"uv":[12,5,13,12],"texture":"#7"},"east":{"uv":[11,5,12,12],"texture":"#7"},"south":{"uv":[12,5,13,12],"texture":"#7"},"west":{"uv":[11,5,12,12],"texture":"#7"},"up":{"uv":[12,4,13,5],"rotation":180,"texture":"#7"},"down":{"uv":[13,5,14,6],"rotation":180,"texture":"#7"}}},{"from":[6.5,-8.5,6.5],"to":[9.5,-7.5,9.5],"faces":{"north":{"uv":[3,0,6,1],"texture":"#8"},"east":{"uv":[3,0,6,1],"texture":"#8"},"south":{"uv":[3,0,6,1],"texture":"#8"},"west":{"uv":[3,0,6,1],"texture":"#8"},"up":{"uv":[3,3,0,0],"texture":"#8"},"down":{"uv":[3,3,0,6],"texture":"#8"}}},{"from":[5.6,9,7],"to":[6.1,11,9],"rotation":{"angle":-45,"axis":"z","origin":[1.5,8,5]},"faces":{"north":{"uv":[8.5,13,9,11],"texture":"#7"},"east":{"uv":[9,13,11,11],"texture":"#7"},"south":{"uv":[8.5,13,9,11],"texture":"#7"},"west":{"uv":[9,13,11,11],"texture":"#7"},"up":{"uv":[11,10.5,9,11],"rotation":90,"texture":"#7"},"down":{"uv":[11,10.5,9,11],"rotation":90,"texture":"#7"}}},{"from":[6,1,7],"to":[10,6,9],"rotation":{"angle":0,"axis":"y","origin":[8,7.5,7]},"faces":{"north":{"uv":[6,10.5,10,5.5],"texture":"#5"},"east":{"uv":[4,5,6,0],"texture":"#7"},"south":{"uv":[6,10.5,10,5.5],"texture":"#5"},"west":{"uv":[4,5,6,0],"texture":"#7"},"up":{"uv":[4,9,0,7],"texture":"#7"},"down":{"uv":[4,5,0,7],"texture":"#7"}}},{"from":[9.3,-1.7,7.1],"to":[12.3,1.3,8.9],"rotation":{"angle":45,"axis":"z","origin":[8,-3,7.4]},"faces":{"north":{"uv":[0,9.25,3,12.25],"rotation":90,"texture":"#7"},"east":{"uv":[3,12.25,0,14.05],"rotation":90,"texture":"#7"},"south":{"uv":[0,9.25,3,12.25],"rotation":180,"texture":"#7"},"west":{"uv":[3,12.25,0,14.25],"rotation":90,"texture":"#7"},"up":{"uv":[3,9.25,4.8,12.25],"rotation":270,"texture":"#7"},"down":{"uv":[0,14.25,3,12.25],"texture":"#7"}}},{"from":[5.5,3.5,7.5],"to":[6.5,8.5,8.5],"rotation":{"angle":0,"axis":"y","origin":[1,2.5,7.5]},"faces":{"north":{"uv":[16,2,11,3],"rotation":270,"texture":"#7"},"east":{"uv":[11,0,16,1],"rotation":270,"texture":"#7"},"south":{"uv":[11,2,16,3],"rotation":90,"texture":"#7"},"west":{"uv":[11,1,16,2],"rotation":270,"texture":"#7"},"up":{"uv":[10,0,11,1],"rotation":90,"texture":"#7"},"down":{"uv":[10,0,11,1],"rotation":90,"texture":"#7"}}},{"from":[4.1,1.6,7.1],"to":[7,3.5,8.9],"rotation":{"angle":-45,"axis":"z","origin":[8,2.5,7]},"faces":{"north":{"uv":[15.9,15.9,13,14],"texture":"#7"},"east":{"uv":[16,14,14,12],"texture":"#7"},"south":{"uv":[13,15.9,15.9,14],"texture":"#7"},"west":{"uv":[16,14,14,12],"texture":"#7"},"up":{"uv":[16,12,13,10],"rotation":180,"texture":"#7"},"down":{"uv":[16,12,13,10],"rotation":180,"texture":"#7"}}},{"from":[4.6,3,7],"to":[6,4.6,9],"rotation":{"angle":0,"axis":"y","origin":[8,7.5,7]},"faces":{"north":{"uv":[6.25,3,7.75,1.5],"texture":"#7"},"east":{"uv":[6.25,1.5,8.25,0],"texture":"#7"},"south":{"uv":[7.75,3,6.25,1.5],"texture":"#7"},"west":{"uv":[6.25,1.5,8.25,0],"texture":"#7"},"up":{"uv":[6.25,5,7.75,3],"rotation":180,"texture":"#7"},"down":{"uv":[7.75,5,9.25,3],"rotation":180,"texture":"#7"}}},{"from":[8.9,1.2,7.1],"to":[10.7,4.2,8.9],"rotation":{"angle":22.5,"axis":"z","origin":[8,-6.5,7]},"faces":{"north":{"uv":[4,7,7,5],"rotation":90,"texture":"#7"},"east":{"uv":[13,1,14,0],"rotation":90,"texture":"#7"},"south":{"uv":[7,7,4,5],"rotation":270,"texture":"#7"},"west":{"uv":[5,12.25,8,10.25],"rotation":90,"texture":"#7"},"up":{"uv":[4,9,6,7],"rotation":270,"texture":"#7"},"down":{"uv":[4,9,6,7],"rotation":270,"texture":"#7"}}},{"from":[5.3,8.3,7.6],"to":[6.3,9.3,8.4],"rotation":{"angle":22.5,"axis":"z","origin":[6,9,8]},"faces":{"north":{"uv":[15,7,16,8],"rotation":270,"texture":"#7"},"east":{"uv":[13,6,14,7],"rotation":270,"texture":"#7"},"south":{"uv":[16,7,15,8],"rotation":90,"texture":"#7"},"west":{"uv":[13,7,14,8],"rotation":270,"texture":"#7"},"up":{"uv":[14,7,15,8],"rotation":90,"texture":"#7"},"down":{"uv":[14,7,15,8],"rotation":90,"texture":"#7"}}},{"from":[9,-9.5,6.5],"to":[9.5,-8.5,7],"rotation":{"angle":0,"axis":"y","origin":[0,0,16]},"faces":{"north":{"uv":[3,2,3.5,3],"texture":"#8"},"east":{"uv":[3.5,2,4,3],"texture":"#8"},"south":{"uv":[3,2,3.5,3],"texture":"#8"},"west":{"uv":[3.5,2,4,3],"texture":"#8"},"up":{"uv":[4,2,4.5,2.5],"texture":"#8"},"down":{"uv":[4,2,4.5,2.5],"texture":"#8"}}},{"from":[7.5,-9,6.5],"to":[8.5,-8.5,7],"faces":{"north":{"uv":[3,3,4,3.5],"texture":"#8"},"east":{"uv":[3,4,3.5,4.5],"texture":"#8"},"south":{"uv":[3,3,4,3.5],"texture":"#8"},"west":{"uv":[3.5,4,3,4.5],"texture":"#8"},"up":{"uv":[3,3.5,4,4],"texture":"#8"},"down":{"uv":[3,3.5,4,4],"texture":"#8"}}},{"from":[7,-7.5,7],"to":[9,-7,9],"faces":{"north":{"uv":[7,5.5,9,6],"texture":"#7"},"east":{"uv":[7,5,9,5.5],"texture":"#7"},"south":{"uv":[7,5.5,9,6],"texture":"#7"},"west":{"uv":[7,5,9,5.5],"texture":"#7"},"up":{"uv":[7,6,9,8],"texture":"#7"},"down":{"uv":[7,6,9,8],"texture":"#7"}}},{"from":[6.5,5,6.9],"to":[7.5,7.5,6.9],"rotation":{"angle":0,"axis":"y","origin":[0,6,0]},"faces":{"north":{"uv":[3,14.75,4,12.25],"texture":"#7"},"east":{"uv":[0,2.5,0,0],"texture":"#7"},"south":{"uv":[4,14.75,3,12.25],"texture":"#7"},"west":{"uv":[0,2.5,0,0],"texture":"#7"},"up":{"uv":[0,0,1,0],"texture":"#7"},"down":{"uv":[0,0,1,0],"texture":"#7"}}},{"from":[9,1.6,7.1],"to":[11.9,3.5,8.9],"rotation":{"angle":45,"axis":"z","origin":[8,2.5,7]},"faces":{"north":{"uv":[13,16,16,14],"texture":"#7"},"east":{"uv":[14,14,16,12],"texture":"#7"},"south":{"uv":[16,16,13,14],"texture":"#7"},"west":{"uv":[14,14,16,12],"texture":"#7"},"up":{"uv":[13,12,16,10],"rotation":180,"texture":"#7"},"down":{"uv":[13,12,16,10],"rotation":180,"texture":"#7"}}},{"from":[10,3,7],"to":[11.4,4.6,9],"rotation":{"angle":0,"axis":"y","origin":[8,7.5,7]},"faces":{"north":{"uv":[7.75,3,6.25,1.5],"texture":"#7"},"east":{"uv":[8.25,1.5,6.25,0],"texture":"#7"},"south":{"uv":[6.25,3,7.75,1.5],"texture":"#7"},"west":{"uv":[8.25,1.5,6.25,0],"texture":"#7"},"up":{"uv":[7.75,5,6.25,3],"rotation":180,"texture":"#7"},"down":{"uv":[9.25,5,7.75,3],"rotation":180,"texture":"#7"}}},{"from":[8.5,5,6.9],"to":[9.5,7.5,6.9],"rotation":{"angle":0,"axis":"y","origin":[16,6,0]},"faces":{"north":{"uv":[4,14.75,3,12.25],"texture":"#7"},"east":{"uv":[0,2.5,0,0],"texture":"#7"},"south":{"uv":[3,14.75,4,12.25],"texture":"#7"},"west":{"uv":[0,2.5,0,0],"texture":"#7"},"up":{"uv":[1,0,0,0],"texture":"#7"},"down":{"uv":[1,0,0,0],"texture":"#7"}}},{"from":[8.5,5,9.1],"to":[9.5,7.5,9.1],"rotation":{"angle":0,"axis":"y","origin":[16,6,16]},"faces":{"north":{"uv":[4,14.75,3,12.25],"texture":"#7"},"east":{"uv":[0,2.5,0,0],"texture":"#7"},"south":{"uv":[3,14.75,4,12.25],"texture":"#7"},"west":{"uv":[0,2.5,0,0],"texture":"#7"},"up":{"uv":[1,0,0,0],"texture":"#7"},"down":{"uv":[1,0,0,0],"texture":"#7"}}},{"from":[6.5,5,9.1],"to":[7.5,7.5,9.1],"rotation":{"angle":0,"axis":"y","origin":[0,6,16]},"faces":{"north":{"uv":[3,14.75,4,12.25],"texture":"#7"},"east":{"uv":[0,2.5,0,0],"texture":"#7"},"south":{"uv":[4,14.75,3,12.25],"texture":"#7"},"west":{"uv":[0,2.5,0,0],"texture":"#7"},"up":{"uv":[0,0,1,0],"texture":"#7"},"down":{"uv":[0,0,1,0],"texture":"#7"}}},{"from":[5.2,5.5,7.2],"to":[6.2,8.5,7.2],"rotation":{"angle":0,"axis":"y","origin":[5.6,5.5,6.5]},"faces":{"north":{"uv":[4,15,7,16],"rotation":90,"texture":"#7"},"east":{"uv":[0,0,3,0],"rotation":270,"texture":"#7"},"south":{"uv":[4,16,7,15],"rotation":90,"texture":"#7"},"west":{"uv":[0,0,3,0],"rotation":90,"texture":"#7"},"up":{"uv":[1,0,2,0],"texture":"#7"},"down":{"uv":[1,0,2,0],"rotation":180,"texture":"#7"}}},{"from":[5.2,5.5,7.2],"to":[5.2,8.5,8.8],"rotation":{"angle":0,"axis":"y","origin":[5.6,5.5,6.5]},"faces":{"north":{"uv":[0,0,3,0],"rotation":270,"texture":"#7"},"east":{"uv":[13,3.35,16,4.85],"rotation":90,"texture":"#7"},"south":{"uv":[0,0,3,0],"rotation":90,"texture":"#7"},"west":{"uv":[13,3.35,16,4.85],"rotation":90,"texture":"#7"},"up":{"uv":[0,0,1.6,0],"rotation":90,"texture":"#7"},"down":{"uv":[0,0,1.6,0],"rotation":90,"texture":"#7"}}},{"from":[5.2,5.5,8.8],"to":[6.2,8.5,8.8],"rotation":{"angle":0,"axis":"y","origin":[5.6,5.5,9.5]},"faces":{"north":{"uv":[7,16,4,15],"rotation":270,"texture":"#7"},"east":{"uv":[0,0,3,0],"rotation":270,"texture":"#7"},"south":{"uv":[7,15,4,16],"rotation":270,"texture":"#7"},"west":{"uv":[0,0,3,0],"rotation":90,"texture":"#7"},"up":{"uv":[1,0,2,0],"texture":"#7"},"down":{"uv":[1,0,2,0],"rotation":180,"texture":"#7"}}},{"from":[5.8,-1.5,7.5],"to":[7.3,2.5,7.5],"rotation":{"angle":0,"axis":"y","origin":[7.9,-0.5,7.5]},"faces":{"north":{"uv":[13,14.25,9,15.75],"rotation":90,"texture":"#7"},"east":{"uv":[17,1,13,1],"rotation":90,"texture":"#7"},"south":{"uv":[9,14.25,13,15.75],"rotation":270,"texture":"#7"},"west":{"uv":[17,0,13,0],"rotation":90,"texture":"#7"},"up":{"uv":[14,9,14,11],"rotation":270,"texture":"#7"},"down":{"uv":[14,9,14,11],"rotation":270,"texture":"#7"}}},{"from":[6.5,-9.5,6.5],"to":[7,-8.5,7],"rotation":{"angle":0,"axis":"y","origin":[16,0,16]},"faces":{"north":{"uv":[3.5,2,3,3],"texture":"#8"},"east":{"uv":[4,2,3.5,3],"texture":"#8"},"south":{"uv":[3.5,2,3,3],"texture":"#8"},"west":{"uv":[4,2,3.5,3],"texture":"#8"},"up":{"uv":[4.5,2,4,2.5],"texture":"#8"},"down":{"uv":[4.5,2,4,2.5],"texture":"#8"}}},{"from":[6.5,-9.5,9],"to":[7,-8.5,9.5],"rotation":{"angle":0,"axis":"y","origin":[16,0,0]},"faces":{"north":{"uv":[3,2,3.5,3],"texture":"#8"},"east":{"uv":[3.5,2,4,3],"texture":"#8"},"south":{"uv":[3,2,3.5,3],"texture":"#8"},"west":{"uv":[3.5,2,4,3],"texture":"#8"},"up":{"uv":[4.5,2.5,4,2],"texture":"#8"},"down":{"uv":[4.5,2.5,4,2],"texture":"#8"}}},{"from":[7.5,-9,9],"to":[8.5,-8.5,9.5],"rotation":{"angle":0,"axis":"y","origin":[0,0,16]},"faces":{"north":{"uv":[4,3,3,3.5],"texture":"#8"},"east":{"uv":[3.5,4,3,4.5],"texture":"#8"},"south":{"uv":[4,3,3,3.5],"texture":"#8"},"west":{"uv":[3,4,3.5,4.5],"texture":"#8"},"up":{"uv":[3,4,4,3.5],"texture":"#8"},"down":{"uv":[3,4,4,3.5],"texture":"#8"}}},{"from":[9,-9.5,9],"to":[9.5,-8.5,9.5],"faces":{"north":{"uv":[3.5,2,3,3],"texture":"#8"},"east":{"uv":[4,2,3.5,3],"texture":"#8"},"south":{"uv":[3.5,2,3,3],"texture":"#8"},"west":{"uv":[4,2,3.5,3],"texture":"#8"},"up":{"uv":[4,2.5,4.5,2],"texture":"#8"},"down":{"uv":[4,2.5,4.5,2],"texture":"#8"}}},{"from":[6.5,-9,7.5],"to":[7,-8.5,8.5],"rotation":{"angle":0,"axis":"y","origin":[8,-8.75,8]},"faces":{"north":{"uv":[3,4,3.5,4.5],"texture":"#8"},"east":{"uv":[4,3,3,3.5],"texture":"#8"},"south":{"uv":[3.5,4,3,4.5],"texture":"#8"},"west":{"uv":[4,3,3,3.5],"texture":"#8"},"up":{"uv":[3,4,4,3.5],"rotation":90,"texture":"#8"},"down":{"uv":[3,4,4,3.5],"rotation":270,"texture":"#8"}}},{"from":[9,-9,7.5],"to":[9.5,-8.5,8.5],"rotation":{"angle":0,"axis":"y","origin":[8,-8.75,8]},"faces":{"north":{"uv":[3.5,4,3,4.5],"texture":"#8"},"east":{"uv":[3,3,4,3.5],"texture":"#8"},"south":{"uv":[3,4,3.5,4.5],"texture":"#8"},"west":{"uv":[3,3,4,3.5],"texture":"#8"},"up":{"uv":[3,3.5,4,4],"rotation":90,"texture":"#8"},"down":{"uv":[3,3.5,4,4],"rotation":270,"texture":"#8"}}},{"from":[9.9,9,7],"to":[10.4,11,9],"rotation":{"angle":45,"axis":"z","origin":[14.5,8,5]},"faces":{"north":{"uv":[9,13,8.5,11],"texture":"#7"},"east":{"uv":[11,13,9,11],"texture":"#7"},"south":{"uv":[9,13,8.5,11],"texture":"#7"},"west":{"uv":[11,13,9,11],"texture":"#7"},"up":{"uv":[11,11,9,10.5],"rotation":90,"texture":"#7"},"down":{"uv":[11,11,9,10.5],"rotation":90,"texture":"#7"}}},{"from":[7.3,-6.5,7.3],"to":[8.7,-5,8.7],"faces":{"north":{"uv":[9,5,10.5,6.5],"texture":"#7"},"east":{"uv":[7.5,8,9,9.5],"rotation":90,"texture":"#7"},"south":{"uv":[9,5,10.5,6.5],"texture":"#7"},"west":{"uv":[7.5,8,9,9.5],"rotation":90,"texture":"#7"},"up":{"uv":[6,8,7.5,9.5],"texture":"#7"},"down":{"uv":[9.5,1.5,11,3],"rotation":270,"texture":"#7"}}},{"from":[5.3,1.2,7.1],"to":[7.1,4.2,8.9],"rotation":{"angle":-22.5,"axis":"z","origin":[8,-6.5,7]},"faces":{"north":{"uv":[4,5,7,7],"rotation":90,"texture":"#7"},"east":{"uv":[5,10.25,8,12.25],"rotation":90,"texture":"#7"},"south":{"uv":[7,5,4,7],"rotation":270,"texture":"#7"},"west":{"uv":[13,0,14,1],"rotation":90,"texture":"#7"},"up":{"uv":[4,7,6,9],"rotation":270,"texture":"#7"},"down":{"uv":[4,7,6,9],"rotation":270,"texture":"#7"}}},{"from":[7.3,-3.5,7.3],"to":[8.7,-2,8.7],"faces":{"north":{"uv":[9,5,10.5,6.5],"texture":"#7"},"east":{"uv":[7.5,8,9,9.5],"rotation":90,"texture":"#7"},"south":{"uv":[9,5,10.5,6.5],"texture":"#7"},"west":{"uv":[7.5,8,9,9.5],"rotation":90,"texture":"#7"},"up":{"uv":[6,8,7.5,9.5],"texture":"#7"},"down":{"uv":[9.5,1.5,11,3],"rotation":270,"texture":"#7"}}},{"from":[9.6,7.4,7.4],"to":[10.1,9.4,8.6],"rotation":{"angle":-45,"axis":"z","origin":[14.6,10.7,5]},"faces":{"north":{"uv":[9.5,8.5,9,6.5],"texture":"#7"},"east":{"uv":[9,10.5,10,8.5],"texture":"#7"},"south":{"uv":[9,8.5,9.5,6.5],"texture":"#7"},"west":{"uv":[10,5,12,3],"texture":"#7"},"up":{"uv":[9.5,8.5,10,6.5],"texture":"#7"},"down":{"uv":[9.5,8.5,10,6.5],"texture":"#7"}}},{"from":[7.5,4,7.5],"to":[8.5,11,8.5],"rotation":{"angle":0,"axis":"y","origin":[8,0.5,8]},"faces":{"north":{"uv":[12,5,13,12],"texture":"#7"},"east":{"uv":[11,5,12,12],"texture":"#7"},"south":{"uv":[12,5,13,12],"texture":"#7"},"west":{"uv":[11,5,12,12],"texture":"#7"},"up":{"uv":[12,4,13,5],"rotation":180,"texture":"#7"},"down":{"uv":[13,5,14,6],"rotation":180,"texture":"#7"}}},{"from":[10.25,5.15,8.9],"to":[13.25,7.65,8.9],"rotation":{"angle":0,"axis":"y","origin":[11.05,6.4,8.9]},"faces":{"north":{"uv":[7,14.75,4,12.25],"rotation":180,"texture":"#7"},"east":{"uv":[0,0,0,2],"texture":"#7"},"south":{"uv":[4,14.75,7,12.25],"rotation":180,"texture":"#7"},"west":{"uv":[0,0,0,2],"texture":"#7"},"up":{"uv":[2,0,0,0],"texture":"#7"},"down":{"uv":[2,0,0,0],"texture":"#7"}}},{"from":[10.25,5.15,7.1],"to":[13.25,7.65,7.1],"rotation":{"angle":0,"axis":"y","origin":[11.05,6.4,7.1]},"faces":{"north":{"uv":[4,12.25,7,14.75],"texture":"#7"},"east":{"uv":[0,0,0,2],"texture":"#7"},"south":{"uv":[7,12.25,4,14.75],"texture":"#7"},"west":{"uv":[0,0,0,2],"texture":"#7"},"up":{"uv":[2,0,0,0],"texture":"#7"},"down":{"uv":[2,0,0,0],"texture":"#7"}}},{"from":[9.8,5.5,8.8],"to":[10.8,8.5,8.8],"rotation":{"angle":0,"axis":"y","origin":[10.4,5.5,9.5]},"faces":{"north":{"uv":[7,15,4,16],"rotation":270,"texture":"#7"},"east":{"uv":[0,0,3,0],"rotation":90,"texture":"#7"},"south":{"uv":[7,16,4,15],"rotation":270,"texture":"#7"},"west":{"uv":[0,0,3,0],"rotation":270,"texture":"#7"},"up":{"uv":[2,0,1,0],"texture":"#7"},"down":{"uv":[2,0,1,0],"rotation":180,"texture":"#7"}}},{"from":[10.8,5.5,7.2],"to":[10.8,8.5,8.8],"rotation":{"angle":0,"axis":"y","origin":[10.4,5.5,6.5]},"faces":{"north":{"uv":[0,0,3,0],"rotation":270,"texture":"#7"},"east":{"uv":[13,4.85,16,3.35],"rotation":90,"texture":"#7"},"south":{"uv":[0,0,3,0],"rotation":90,"texture":"#7"},"west":{"uv":[13,4.85,16,3.35],"rotation":90,"texture":"#7"},"up":{"uv":[0,0,1.6,0],"rotation":90,"texture":"#7"},"down":{"uv":[0,0,1.6,0],"rotation":90,"texture":"#7"}}},{"from":[9.8,5.5,7.2],"to":[10.8,8.5,7.2],"rotation":{"angle":0,"axis":"y","origin":[10.4,5.5,6.5]},"faces":{"north":{"uv":[4,16,7,15],"rotation":90,"texture":"#7"},"east":{"uv":[0,0,3,0],"rotation":90,"texture":"#7"},"south":{"uv":[4,15,7,16],"rotation":90,"texture":"#7"},"west":{"uv":[0,0,3,0],"rotation":270,"texture":"#7"},"up":{"uv":[2,0,1,0],"texture":"#7"},"down":{"uv":[2,0,1,0],"rotation":180,"texture":"#7"}}},{"from":[9.7,8.3,7.6],"to":[10.7,9.3,8.4],"rotation":{"angle":-22.5,"axis":"z","origin":[10,9,8]},"faces":{"north":{"uv":[15,8,16,7],"rotation":270,"texture":"#7"},"east":{"uv":[13,8,14,7],"rotation":270,"texture":"#7"},"south":{"uv":[16,8,15,7],"rotation":90,"texture":"#7"},"west":{"uv":[13,7,14,6],"rotation":270,"texture":"#7"},"up":{"uv":[14,8,15,7],"rotation":90,"texture":"#7"},"down":{"uv":[14,8,15,7],"rotation":90,"texture":"#7"}}},{"from":[9.5,3.5,7.5],"to":[10.5,8.5,8.5],"rotation":{"angle":0,"axis":"y","origin":[15,2.5,7.5]},"faces":{"north":{"uv":[16,3,11,2],"rotation":270,"texture":"#7"},"east":{"uv":[11,2,16,1],"rotation":270,"texture":"#7"},"south":{"uv":[11,3,16,2],"rotation":90,"texture":"#7"},"west":{"uv":[11,1,16,0],"rotation":270,"texture":"#7"},"up":{"uv":[10,1,11,0],"rotation":90,"texture":"#7"},"down":{"uv":[10,1,11,0],"rotation":90,"texture":"#7"}}},{"from":[5,13,7],"to":[11,15,9],"rotation":{"angle":0,"axis":"y","origin":[0,-1,0]},"faces":{"north":{"uv":[10,14,16,16],"texture":"#10"},"east":{"uv":[3,10.75,5,12.75],"texture":"#10"},"south":{"uv":[10,14,16,16],"texture":"#10"},"west":{"uv":[3,10.75,5,12.75],"texture":"#10"},"up":{"uv":[10,0,16,2],"texture":"#10"},"down":{"uv":[10,2,16,4],"texture":"#10"}}},{"from":[6.3,10.3,7.5],"to":[10.2,12.3,8.5],"rotation":{"angle":45,"axis":"z","origin":[8,14,8]},"faces":{"north":{"uv":[5,14,9,16],"rotation":180,"texture":"#10"},"east":{"uv":[9,14,10,16],"texture":"#10"},"south":{"uv":[5,16,9,14],"texture":"#10"},"west":{"uv":[9,14,10,16],"texture":"#10"},"up":{"uv":[5,13,9,14],"texture":"#10"},"down":{"uv":[5,13,9,14],"texture":"#10"}}},{"from":[11,0.8,7],"to":[14,3.8,9],"rotation":{"angle":45,"axis":"z","origin":[1.5,0.5,1.5]},"faces":{"north":{"uv":[0,13,3,16],"texture":"#10"},"east":{"uv":[3,13,5,16],"texture":"#10"},"south":{"uv":[0,13,3,16],"rotation":90,"texture":"#10"},"west":{"uv":[3,11,0,13],"rotation":90,"texture":"#10"},"up":{"uv":[3,13,5,16],"rotation":90,"texture":"#10"},"down":{"uv":[0,11,3,13],"texture":"#10"}}},{"from":[7.3,9.3,7.5],"to":[10.2,10.3,8.5],"rotation":{"angle":45,"axis":"z","origin":[8,14,8]},"faces":{"north":{"uv":[5,12,8,13],"texture":"#10"},"east":{"uv":[8,12,9,13],"texture":"#10"},"south":{"uv":[8,12,5,13],"texture":"#10"},"west":{"uv":[8,12,9,13],"texture":"#10"},"up":{"uv":[5,12,8,13],"texture":"#10"},"down":{"uv":[5,11,8,12],"texture":"#10"}}},{"from":[5.8,10.3,7.5],"to":[9.7,12.3,8.5],"rotation":{"angle":-45,"axis":"z","origin":[8,14,8]},"faces":{"north":{"uv":[9,14,5,16],"rotation":180,"texture":"#10"},"east":{"uv":[10,14,9,16],"texture":"#10"},"south":{"uv":[9,16,5,14],"texture":"#10"},"west":{"uv":[10,14,9,16],"texture":"#10"},"up":{"uv":[9,13,5,14],"texture":"#10"},"down":{"uv":[9,13,5,14],"texture":"#10"}}},{"from":[8.3,10.9,6.5],"to":[10.3,12.9,9.5],"rotation":{"angle":-45,"axis":"z","origin":[10,14,8]},"faces":{"north":{"uv":[14,12,16,14],"texture":"#10"},"east":{"uv":[11,12,14,14],"rotation":180,"texture":"#10"},"south":{"uv":[14,12,16,14],"rotation":270,"texture":"#10"},"west":{"uv":[9,11,11,14],"rotation":270,"texture":"#10"},"up":{"uv":[9,11,11,14],"rotation":180,"texture":"#10"},"down":{"uv":[11,12,14,14],"rotation":270,"texture":"#10"}}},{"from":[8.7,-1.5,7.5],"to":[10.2,2.5,7.5],"rotation":{"angle":0,"axis":"y","origin":[8.1,-0.5,7.5]},"faces":{"north":{"uv":[13,15.75,9,14.25],"rotation":90,"texture":"#7"},"east":{"uv":[17,0,13,0],"rotation":90,"texture":"#7"},"south":{"uv":[9,15.75,13,14.25],"rotation":270,"texture":"#7"},"west":{"uv":[17,1,13,1],"rotation":90,"texture":"#7"},"up":{"uv":[14,11,14,9],"rotation":270,"texture":"#7"},"down":{"uv":[14,11,14,9],"rotation":270,"texture":"#7"}}},{"from":[5.8,-1.5,8.5],"to":[7.3,2.5,8.5],"rotation":{"angle":0,"axis":"y","origin":[7.9,-0.5,8.5]},"faces":{"north":{"uv":[9,15.75,13,14.25],"rotation":270,"texture":"#7"},"east":{"uv":[17,1,13,1],"rotation":90,"texture":"#7"},"south":{"uv":[13,15.75,9,14.25],"rotation":90,"texture":"#7"},"west":{"uv":[17,0,13,0],"rotation":90,"texture":"#7"},"up":{"uv":[14,9,14,11],"rotation":270,"texture":"#7"},"down":{"uv":[14,9,14,11],"rotation":270,"texture":"#7"}}},{"from":[8.7,-1.5,8.5],"to":[10.2,2.5,8.5],"rotation":{"angle":0,"axis":"y","origin":[8.1,-0.5,8.5]},"faces":{"north":{"uv":[9,14.25,13,15.75],"rotation":270,"texture":"#7"},"east":{"uv":[17,0,13,0],"rotation":90,"texture":"#7"},"south":{"uv":[13,14.25,9,15.75],"rotation":90,"texture":"#7"},"west":{"uv":[17,1,13,1],"rotation":90,"texture":"#7"},"up":{"uv":[14,11,14,9],"rotation":270,"texture":"#7"},"down":{"uv":[14,11,14,9],"rotation":270,"texture":"#7"}}},{"from":[5.9,7.4,7.4],"to":[6.4,9.4,8.6],"rotation":{"angle":45,"axis":"z","origin":[1.4,10.7,5]},"faces":{"north":{"uv":[9,8.5,9.5,6.5],"texture":"#7"},"east":{"uv":[12,5,10,3],"texture":"#7"},"south":{"uv":[9.5,8.5,9,6.5],"texture":"#7"},"west":{"uv":[10,10.5,9,8.5],"texture":"#7"},"up":{"uv":[10,8.5,9.5,6.5],"texture":"#7"},"down":{"uv":[10,8.5,9.5,6.5],"texture":"#7"}}},{"from":[10,14,6.5],"to":[10.5,15.5,9.5],"faces":{"north":{"uv":[12.5,4,13,5.5],"texture":"#10"},"east":{"uv":[13,4,16,5.5],"texture":"#10"},"south":{"uv":[12.5,4,13,5.5],"texture":"#10"},"west":{"uv":[13,4,16,5.5],"texture":"#10"},"up":{"uv":[13,5.5,16,6],"rotation":90,"texture":"#10"},"down":{"uv":[13,5.5,16,6],"rotation":90,"texture":"#10"}}},{"from":[5.5,14,6.5],"to":[6,15.5,9.5],"faces":{"north":{"uv":[12.5,4,13,5.5],"texture":"#10"},"east":{"uv":[13,4,16,5.5],"texture":"#10"},"south":{"uv":[12.5,4,13,5.5],"texture":"#10"},"west":{"uv":[13,4,16,5.5],"texture":"#10"},"up":{"uv":[13,5.5,16,6],"rotation":90,"texture":"#10"},"down":{"uv":[13,5.5,16,6],"rotation":90,"texture":"#10"}}},{"from":[2.75,5.15,7.1],"to":[5.75,7.65,7.1],"rotation":{"angle":0,"axis":"y","origin":[4.95,6.4,7.1]},"faces":{"north":{"uv":[7,12.25,4,14.75],"texture":"#7"},"east":{"uv":[0,0,0,2],"texture":"#7"},"south":{"uv":[4,12.25,7,14.75],"texture":"#7"},"west":{"uv":[0,0,0,2],"texture":"#7"},"up":{"uv":[0,0,2,0],"texture":"#7"},"down":{"uv":[0,0,2,0],"texture":"#7"}}},{"from":[2.75,5.15,8.9],"to":[5.75,7.65,8.9],"rotation":{"angle":0,"axis":"y","origin":[4.95,6.4,8.9]},"faces":{"north":{"uv":[4,14.75,7,12.25],"rotation":180,"texture":"#7"},"east":{"uv":[0,0,0,2],"texture":"#7"},"south":{"uv":[7,14.75,4,12.25],"rotation":180,"texture":"#7"},"west":{"uv":[0,0,0,2],"texture":"#7"},"up":{"uv":[0,0,2,0],"texture":"#7"},"down":{"uv":[0,0,2,0],"texture":"#7"}}},{"from":[5.8,9.3,7.5],"to":[8.7,10.3,8.5],"rotation":{"angle":-45,"axis":"z","origin":[8,14,8]},"faces":{"north":{"uv":[8,12,5,13],"texture":"#10"},"east":{"uv":[9,12,8,13],"texture":"#10"},"south":{"uv":[5,12,8,13],"texture":"#10"},"west":{"uv":[9,12,8,13],"texture":"#10"},"up":{"uv":[8,12,5,13],"texture":"#10"},"down":{"uv":[8,11,5,12],"texture":"#10"}}},{"from":[8,12.9,7.2],"to":[14,14.9,8.7],"rotation":{"angle":0,"axis":"y","origin":[-0.8,10.2,9.8]},"faces":{"north":{"uv":[10,8,16,10],"texture":"#10"},"east":{"uv":[14.5,10,16,12],"texture":"#10"},"south":{"uv":[10,8,16,10],"texture":"#10"},"west":{"uv":[16,10,14.5,12],"texture":"#10"},"up":{"uv":[4,8,10,9.5],"rotation":180,"texture":"#10"},"down":{"uv":[4,8,10,9.5],"texture":"#10"}}},{"from":[8.5,10.9,7.8],"to":[14,12.9,8.3],"rotation":{"angle":0,"axis":"y","origin":[-0.3,9.72207,6.20166]},"faces":{"north":{"uv":[8.75,4.5,9.75,7.25],"rotation":90,"texture":"#12"},"east":{"uv":[8.25,4.625,8.5,5.625],"texture":"#12"},"south":{"uv":[8.75,7.25,9.75,4.5],"rotation":90,"texture":"#12"},"west":{"uv":[8.25,4.625,8.5,5.625],"texture":"#12"},"up":{"uv":[8.5,4.5,8.75,7.25],"rotation":90,"texture":"#12"},"down":{"uv":[8.5,4.5,8.75,7.25],"rotation":270,"texture":"#12"}}},{"from":[17.2,5.9,7.5],"to":[18.7,7.4,8.5],"rotation":{"angle":45,"axis":"z","origin":[16.5,8.8,8]},"faces":{"north":{"uv":[8.25,4.25,7.5,3.5],"texture":"#13"},"east":{"uv":[7.5,5.5,7,4.75],"texture":"#13"},"south":{"uv":[7.5,4.25,8.25,3.5],"texture":"#13"},"west":{"uv":[8,5,7.5,4.25],"texture":"#13"},"up":{"uv":[7.5,4.75,7,4],"rotation":270,"texture":"#13"},"down":{"uv":[7.5,4.75,7,4],"rotation":90,"texture":"#13"}}},{"from":[16.09003,6.27459,7.775],"to":[18.09003,7.27459,8.275],"rotation":{"angle":22.5,"axis":"z","origin":[16,8.40841,8]},"faces":{"north":{"uv":[6,1,7,3],"rotation":90,"texture":"#8"},"east":{"uv":[6,2,5,2.5],"rotation":90,"texture":"#8"},"south":{"uv":[7,1,6,3],"rotation":270,"texture":"#8"},"west":{"uv":[6,2,5,2.5],"rotation":90,"texture":"#8"},"up":{"uv":[7.5,1,7,3],"rotation":270,"texture":"#8"},"down":{"uv":[7.5,1,7,3],"rotation":270,"texture":"#8"}}},{"from":[16.3709,5.7294,7.675],"to":[17.3709,6.7294,8.375],"rotation":{"angle":-22.5,"axis":"z","origin":[16,8.40841,8]},"faces":{"north":{"uv":[12.75,6.25,11.75,7.25],"texture":"#8"},"east":{"uv":[12.75,6.25,13.25,7.25],"texture":"#8"},"south":{"uv":[11.75,6.25,12.75,7.25],"texture":"#8"},"west":{"uv":[11.75,7.25,12.75,7.75],"rotation":90,"texture":"#8"},"up":{"uv":[12.75,6.25,13.25,7.25],"rotation":90,"texture":"#8"},"down":{"uv":[11.75,7.25,12.75,7.75],"rotation":180,"texture":"#8"}}},{"from":[15.09003,6.27459,7.775],"to":[16.09003,8.27459,8.275],"rotation":{"angle":22.5,"axis":"z","origin":[16,8.40841,8]},"faces":{"north":{"uv":[9.25,0,8.25,2],"texture":"#8"},"east":{"uv":[9.25,0,9.75,2],"texture":"#8"},"south":{"uv":[8.25,0,9.25,2],"texture":"#8"},"west":{"uv":[10.25,0,10.75,2],"texture":"#8"},"up":{"uv":[11.5,0,12,1],"rotation":90,"texture":"#8"},"down":{"uv":[8.25,2,9.25,2.5],"rotation":180,"texture":"#8"}}},{"from":[12.1475,5.74436,7.975],"to":[15.1475,8.24436,7.975],"rotation":{"angle":22.5,"axis":"z","origin":[16,8.40841,8]},"faces":{"north":{"uv":[9.25,6.25,11.75,9.25],"rotation":90,"texture":"#8"},"east":{"uv":[0,3,0,0],"rotation":180,"texture":"#8"},"south":{"uv":[11.75,6.25,9.25,9.25],"rotation":270,"texture":"#8"},"west":{"uv":[0,3,0,0],"texture":"#8"},"up":{"uv":[0,0,0,3],"rotation":270,"texture":"#8"},"down":{"uv":[0,0,0,3],"rotation":270,"texture":"#8"}}},{"from":[16,7.3,7],"to":[19,9.3,9],"rotation":{"angle":0,"axis":"y","origin":[16.5,8.8,8]},"faces":{"north":{"uv":[11.5,12,10.5,10.5],"rotation":90,"texture":"#11"},"east":{"uv":[12.5,16,11.5,15],"texture":"#11"},"south":{"uv":[11.5,10.5,10.5,12],"rotation":90,"texture":"#11"},"west":{"uv":[11.5,16,10.5,15],"texture":"#11"},"up":{"uv":[11.5,15,10.5,13.5],"rotation":270,"texture":"#11"},"down":{"uv":[11.5,13.5,10.5,12],"rotation":90,"texture":"#11"}}},{"from":[15,7.9,7.5],"to":[18,8.9,8.5],"rotation":{"angle":-22.5,"axis":"z","origin":[16.5,8.8,8]},"faces":{"north":{"uv":[8.5,3.5,7,3],"texture":"#13"},"east":{"uv":[8,4,7.5,3.5],"texture":"#13"},"south":{"uv":[7,3.5,8.5,3],"texture":"#13"},"west":{"uv":[7.5,4,7,3.5],"texture":"#13"},"up":{"uv":[7,4.5,6.5,3],"rotation":270,"texture":"#13"},"down":{"uv":[7,6,6.5,4.5],"rotation":90,"texture":"#13"}}},{"from":[17.2,17.6,7.5],"to":[18.7,19.1,8.5],"rotation":{"angle":-45,"axis":"z","origin":[16.5,16.2,8]},"faces":{"north":{"uv":[8.25,3.5,7.5,4.25],"texture":"#13"},"east":{"uv":[7.5,4.75,7,5.5],"texture":"#13"},"south":{"uv":[7.5,3.5,8.25,4.25],"texture":"#13"},"west":{"uv":[8,4.25,7.5,5],"texture":"#13"},"up":{"uv":[7,4.75,7.5,4],"rotation":90,"texture":"#13"},"down":{"uv":[7,4.75,7.5,4],"rotation":270,"texture":"#13"}}},{"from":[16.09003,17.72541,7.775],"to":[18.09003,18.72541,8.275],"rotation":{"angle":-22.5,"axis":"z","origin":[16,16.59159,8]},"faces":{"north":{"uv":[7,1,6,3],"rotation":90,"texture":"#8"},"east":{"uv":[5,2,6,2.5],"rotation":90,"texture":"#8"},"south":{"uv":[6,1,7,3],"rotation":270,"texture":"#8"},"west":{"uv":[5,2,6,2.5],"rotation":90,"texture":"#8"},"up":{"uv":[7,1,7.5,3],"rotation":270,"texture":"#8"},"down":{"uv":[7,1,7.5,3],"rotation":270,"texture":"#8"}}},{"from":[16.3709,18.2706,7.675],"to":[17.3709,19.2706,8.375],"rotation":{"angle":22.5,"axis":"z","origin":[16,16.59159,8]},"faces":{"north":{"uv":[12.75,7.25,11.75,6.25],"texture":"#8"},"east":{"uv":[12.75,7.25,13.25,6.25],"texture":"#8"},"south":{"uv":[11.75,7.25,12.75,6.25],"texture":"#8"},"west":{"uv":[12.75,7.25,11.75,7.75],"rotation":90,"texture":"#8"},"up":{"uv":[11.75,7.75,12.75,7.25],"rotation":180,"texture":"#8"},"down":{"uv":[13.25,6.25,12.75,7.25],"rotation":90,"texture":"#8"}}},{"from":[15.09003,16.72541,7.775],"to":[16.09003,18.72541,8.275],"rotation":{"angle":-22.5,"axis":"z","origin":[16,16.59159,8]},"faces":{"north":{"uv":[9.25,2,8.25,0],"texture":"#8"},"east":{"uv":[9.25,2,9.75,0],"texture":"#8"},"south":{"uv":[8.25,2,9.25,0],"texture":"#8"},"west":{"uv":[10.25,2,10.75,0],"texture":"#8"},"up":{"uv":[8.25,2.5,9.25,2],"rotation":180,"texture":"#8"},"down":{"uv":[12,0,11.5,1],"rotation":90,"texture":"#8"}}},{"from":[12.1475,16.75564,7.975],"to":[15.1475,19.25564,7.975],"rotation":{"angle":-22.5,"axis":"z","origin":[16,16.59159,8]},"faces":{"north":{"uv":[11.75,6.25,9.25,9.25],"rotation":90,"texture":"#8"},"east":{"uv":[0,0,0,3],"rotation":180,"texture":"#8"},"south":{"uv":[9.25,6.25,11.75,9.25],"rotation":270,"texture":"#8"},"west":{"uv":[0,0,0,3],"texture":"#8"},"up":{"uv":[0,0,0,3],"rotation":270,"texture":"#8"},"down":{"uv":[0,0,0,3],"rotation":270,"texture":"#8"}}},{"from":[16,15.7,7],"to":[19,17.7,9],"rotation":{"angle":0,"axis":"y","origin":[16.5,16.2,8]},"faces":{"north":{"uv":[10.5,12,11.5,10.5],"rotation":90,"texture":"#11"},"east":{"uv":[12.5,15,11.5,16],"texture":"#11"},"south":{"uv":[10.5,10.5,11.5,12],"rotation":90,"texture":"#11"},"west":{"uv":[11.5,15,10.5,16],"texture":"#11"},"up":{"uv":[10.5,13.5,11.5,12],"rotation":90,"texture":"#11"},"down":{"uv":[10.5,15,11.5,13.5],"rotation":270,"texture":"#11"}}},{"from":[15,16.1,7.5],"to":[18,17.1,8.5],"rotation":{"angle":22.5,"axis":"z","origin":[16.5,16.2,8]},"faces":{"north":{"uv":[8.5,3,7,3.5],"texture":"#13"},"east":{"uv":[8,3.5,7.5,4],"texture":"#13"},"south":{"uv":[7,3,8.5,3.5],"texture":"#13"},"west":{"uv":[7.5,3.5,7,4],"texture":"#13"},"up":{"uv":[6.5,6,7,4.5],"rotation":90,"texture":"#13"},"down":{"uv":[6.5,4.5,7,3],"rotation":270,"texture":"#13"}}},{"from":[14,9,5],"to":[21,17,11],"rotation":{"angle":0,"axis":"y","origin":[15,0,0]},"faces":{"north":{"uv":[8,10.5,4.5,14.5],"texture":"#16"},"east":{"uv":[12.5,0.25,9.5,4.25],"texture":"#16"},"south":{"uv":[8,10.5,4.5,14.5],"texture":"#16"},"west":{"uv":[12.5,0.25,9.5,4.25],"texture":"#16"},"up":{"uv":[12.5,9,9.5,12],"texture":"#16"},"down":{"uv":[12.5,9,9.5,12],"texture":"#16"}}},{"from":[13.1,20.4,7.8],"to":[15.1,22.4,8.1],"rotation":{"angle":-45,"axis":"z","origin":[7.5,9,7.55]},"faces":{"north":{"uv":[2.75,8.5,4.75,6.5],"rotation":270,"texture":"#8"},"east":{"uv":[2,6.5,4,6],"rotation":90,"texture":"#8"},"south":{"uv":[4.75,6.5,2.75,8.5],"rotation":180,"texture":"#8"},"west":{"uv":[2,6.5,4,6],"rotation":90,"texture":"#8"},"up":{"uv":[4.75,8.5,5.25,6.5],"rotation":90,"texture":"#8"},"down":{"uv":[4.75,8.5,5.25,6.5],"rotation":90,"texture":"#8"}}},{"from":[14.2,19.4,8.8],"to":[16.2,21.4,9.1],"rotation":{"angle":-45,"axis":"z","origin":[7.5,9,7.55]},"faces":{"north":{"uv":[2.75,8.5,4.75,6.5],"rotation":270,"texture":"#8"},"east":{"uv":[2,6.5,4,6],"rotation":90,"texture":"#8"},"south":{"uv":[4.75,6.5,2.75,8.5],"rotation":180,"texture":"#8"},"west":{"uv":[2,6.5,4,6],"rotation":90,"texture":"#8"},"up":{"uv":[4.75,8.5,5.25,6.5],"rotation":90,"texture":"#8"},"down":{"uv":[4.75,8.5,5.25,6.5],"rotation":90,"texture":"#8"}}},{"from":[14.2,19.4,6.8],"to":[16.2,21.4,7.1],"rotation":{"angle":-45,"axis":"z","origin":[7.5,9,7.55]},"faces":{"north":{"uv":[2.75,8.5,4.75,6.5],"rotation":270,"texture":"#8"},"east":{"uv":[2,6.5,4,6],"rotation":90,"texture":"#8"},"south":{"uv":[4.75,6.5,2.75,8.5],"rotation":180,"texture":"#8"},"west":{"uv":[2,6.5,4,6],"rotation":90,"texture":"#8"},"up":{"uv":[4.75,8.5,5.25,6.5],"rotation":90,"texture":"#8"},"down":{"uv":[4.75,8.5,5.25,6.5],"rotation":90,"texture":"#8"}}},{"from":[12.2,21.4,8.8],"to":[14.2,23.4,9.1],"rotation":{"angle":-45,"axis":"z","origin":[7.5,9,7.55]},"faces":{"north":{"uv":[2.75,8.5,4.75,6.5],"rotation":270,"texture":"#8"},"east":{"uv":[2,6.5,4,6],"rotation":90,"texture":"#8"},"south":{"uv":[4.75,6.5,2.75,8.5],"rotation":180,"texture":"#8"},"west":{"uv":[2,6.5,4,6],"rotation":90,"texture":"#8"},"up":{"uv":[4.75,8.5,5.25,6.5],"rotation":90,"texture":"#8"},"down":{"uv":[4.75,8.5,5.25,6.5],"rotation":90,"texture":"#8"}}},{"from":[12.2,21.4,6.8],"to":[14.2,23.4,7.1],"rotation":{"angle":-45,"axis":"z","origin":[7.5,9,7.55]},"faces":{"north":{"uv":[2.75,8.5,4.75,6.5],"rotation":270,"texture":"#8"},"east":{"uv":[2,6.5,4,6],"rotation":90,"texture":"#8"},"south":{"uv":[4.75,6.5,2.75,8.5],"rotation":180,"texture":"#8"},"west":{"uv":[2,6.5,4,6],"rotation":90,"texture":"#8"},"up":{"uv":[4.75,8.5,5.25,6.5],"rotation":90,"texture":"#8"},"down":{"uv":[4.75,8.5,5.25,6.5],"rotation":90,"texture":"#8"}}},{"from":[2,12.9,7.2],"to":[8,14.9,8.7],"rotation":{"angle":0,"axis":"y","origin":[16.8,10.2,9.8]},"faces":{"north":{"uv":[16,8,10,10],"texture":"#10"},"east":{"uv":[14.5,10,16,12],"texture":"#10"},"south":{"uv":[16,8,10,10],"texture":"#10"},"west":{"uv":[16,10,14.5,12],"texture":"#10"},"up":{"uv":[10,8,4,9.5],"rotation":180,"texture":"#10"},"down":{"uv":[10,8,4,9.5],"texture":"#10"}}},{"from":[2,10.9,7.8],"to":[7.5,12.9,8.3],"rotation":{"angle":0,"axis":"y","origin":[16.3,9.72207,6.20166]},"faces":{"north":{"uv":[8.75,7.25,9.75,4.5],"rotation":90,"texture":"#12"},"east":{"uv":[8.5,4.625,8.25,5.625],"texture":"#12"},"south":{"uv":[8.75,4.5,9.75,7.25],"rotation":90,"texture":"#12"},"west":{"uv":[8.5,4.625,8.25,5.625],"texture":"#12"},"up":{"uv":[8.5,7.25,8.75,4.5],"rotation":90,"texture":"#12"},"down":{"uv":[8.5,7.25,8.75,4.5],"rotation":270,"texture":"#12"}}},{"from":[-2.7,5.9,7.5],"to":[-1.2,7.4,8.5],"rotation":{"angle":-45,"axis":"z","origin":[-0.5,8.8,8]},"faces":{"north":{"uv":[7.5,4.25,8.25,3.5],"texture":"#13"},"east":{"uv":[7.5,5,8,4.25],"texture":"#13"},"south":{"uv":[8.25,4.25,7.5,3.5],"texture":"#13"},"west":{"uv":[7,5.5,7.5,4.75],"texture":"#13"},"up":{"uv":[7.5,4,7,4.75],"rotation":270,"texture":"#13"},"down":{"uv":[7.5,4,7,4.75],"rotation":90,"texture":"#13"}}},{"from":[-2.09003,6.27459,7.775],"to":[-0.09003,7.27459,8.275],"rotation":{"angle":-22.5,"axis":"z","origin":[0,8.40841,8]},"faces":{"north":{"uv":[6,3,7,1],"rotation":90,"texture":"#8"},"east":{"uv":[6,2.5,5,2],"rotation":90,"texture":"#8"},"south":{"uv":[7,3,6,1],"rotation":270,"texture":"#8"},"west":{"uv":[6,2.5,5,2],"rotation":90,"texture":"#8"},"up":{"uv":[7.5,3,7,1],"rotation":270,"texture":"#8"},"down":{"uv":[7.5,3,7,1],"rotation":270,"texture":"#8"}}},{"from":[-1.3709,5.7294,7.675],"to":[-0.3709,6.7294,8.375],"rotation":{"angle":22.5,"axis":"z","origin":[0,8.40841,8]},"faces":{"north":{"uv":[11.75,6.25,12.75,7.25],"texture":"#8"},"east":{"uv":[11.75,7.75,12.75,7.25],"rotation":90,"texture":"#8"},"south":{"uv":[12.75,6.25,11.75,7.25],"texture":"#8"},"west":{"uv":[13.25,6.25,12.75,7.25],"texture":"#8"},"up":{"uv":[12.75,7.25,13.25,6.25],"rotation":90,"texture":"#8"},"down":{"uv":[12.75,7.25,11.75,7.75],"rotation":180,"texture":"#8"}}},{"from":[-0.09003,6.27459,7.775],"to":[0.90997,8.27459,8.275],"rotation":{"angle":-22.5,"axis":"z","origin":[0,8.40841,8]},"faces":{"north":{"uv":[8.25,0,9.25,2],"texture":"#8"},"east":{"uv":[10.75,0,10.25,2],"texture":"#8"},"south":{"uv":[9.25,0,8.25,2],"texture":"#8"},"west":{"uv":[9.75,0,9.25,2],"texture":"#8"},"up":{"uv":[11.5,1,12,0],"rotation":90,"texture":"#8"},"down":{"uv":[9.25,2,8.25,2.5],"rotation":180,"texture":"#8"}}},{"from":[0.8525,5.74436,7.975],"to":[3.8525,8.24436,7.975],"rotation":{"angle":-22.5,"axis":"z","origin":[0,8.40841,8]},"faces":{"north":{"uv":[9.25,9.25,11.75,6.25],"rotation":90,"texture":"#8"},"east":{"uv":[0,3,0,0],"texture":"#8"},"south":{"uv":[11.75,9.25,9.25,6.25],"rotation":270,"texture":"#8"},"west":{"uv":[0,3,0,0],"rotation":180,"texture":"#8"},"up":{"uv":[0,3,0,0],"rotation":270,"texture":"#8"},"down":{"uv":[0,3,0,0],"rotation":270,"texture":"#8"}}},{"from":[-3,7.3,7],"to":[0,9.3,9],"rotation":{"angle":0,"axis":"y","origin":[-0.5,8.8,8]},"faces":{"north":{"uv":[11.5,10.5,10.5,12],"rotation":90,"texture":"#11"},"east":{"uv":[10.5,16,11.5,15],"texture":"#11"},"south":{"uv":[11.5,12,10.5,10.5],"rotation":90,"texture":"#11"},"west":{"uv":[11.5,16,12.5,15],"texture":"#11"},"up":{"uv":[11.5,13.5,10.5,15],"rotation":270,"texture":"#11"},"down":{"uv":[11.5,12,10.5,13.5],"rotation":90,"texture":"#11"}}},{"from":[-2,7.9,7.5],"to":[1,8.9,8.5],"rotation":{"angle":22.5,"axis":"z","origin":[-0.5,8.8,8]},"faces":{"north":{"uv":[7,3.5,8.5,3],"texture":"#13"},"east":{"uv":[7,4,7.5,3.5],"texture":"#13"},"south":{"uv":[8.5,3.5,7,3],"texture":"#13"},"west":{"uv":[7.5,4,8,3.5],"texture":"#13"},"up":{"uv":[7,3,6.5,4.5],"rotation":270,"texture":"#13"},"down":{"uv":[7,4.5,6.5,6],"rotation":90,"texture":"#13"}}},{"from":[-2.7,17.6,7.5],"to":[-1.2,19.1,8.5],"rotation":{"angle":45,"axis":"z","origin":[-0.5,16.2,8]},"faces":{"north":{"uv":[7.5,3.5,8.25,4.25],"texture":"#13"},"east":{"uv":[7.5,4.25,8,5],"texture":"#13"},"south":{"uv":[8.25,3.5,7.5,4.25],"texture":"#13"},"west":{"uv":[7,4.75,7.5,5.5],"texture":"#13"},"up":{"uv":[7,4,7.5,4.75],"rotation":90,"texture":"#13"},"down":{"uv":[7,4,7.5,4.75],"rotation":270,"texture":"#13"}}},{"from":[-2.09003,17.72541,7.775],"to":[-0.09003,18.72541,8.275],"rotation":{"angle":22.5,"axis":"z","origin":[0,16.59159,8]},"faces":{"north":{"uv":[7,3,6,1],"rotation":90,"texture":"#8"},"east":{"uv":[5,2.5,6,2],"rotation":90,"texture":"#8"},"south":{"uv":[6,3,7,1],"rotation":270,"texture":"#8"},"west":{"uv":[5,2.5,6,2],"rotation":90,"texture":"#8"},"up":{"uv":[7,3,7.5,1],"rotation":270,"texture":"#8"},"down":{"uv":[7,3,7.5,1],"rotation":270,"texture":"#8"}}},{"from":[-1.3709,18.2706,7.675],"to":[-0.3709,19.2706,8.375],"rotation":{"angle":-22.5,"axis":"z","origin":[0,16.59159,8]},"faces":{"north":{"uv":[11.75,7.25,12.75,6.25],"texture":"#8"},"east":{"uv":[12.75,7.75,11.75,7.25],"rotation":90,"texture":"#8"},"south":{"uv":[12.75,7.25,11.75,6.25],"texture":"#8"},"west":{"uv":[13.25,7.25,12.75,6.25],"texture":"#8"},"up":{"uv":[12.75,7.75,11.75,7.25],"rotation":180,"texture":"#8"},"down":{"uv":[13.25,7.25,12.75,6.25],"rotation":90,"texture":"#8"}}},{"from":[-0.09003,16.72541,7.775],"to":[0.90997,18.72541,8.275],"rotation":{"angle":22.5,"axis":"z","origin":[0,16.59159,8]},"faces":{"north":{"uv":[8.25,2,9.25,0],"texture":"#8"},"east":{"uv":[10.75,2,10.25,0],"texture":"#8"},"south":{"uv":[9.25,2,8.25,0],"texture":"#8"},"west":{"uv":[9.75,2,9.25,0],"texture":"#8"},"up":{"uv":[9.25,2.5,8.25,2],"rotation":180,"texture":"#8"},"down":{"uv":[12,1,11.5,0],"rotation":90,"texture":"#8"}}},{"from":[0.8525,16.75564,7.975],"to":[3.8525,19.25564,7.975],"rotation":{"angle":22.5,"axis":"z","origin":[0,16.59159,8]},"faces":{"north":{"uv":[11.75,9.25,9.25,6.25],"rotation":90,"texture":"#8"},"east":{"uv":[0,0,0,3],"texture":"#8"},"south":{"uv":[9.25,9.25,11.75,6.25],"rotation":270,"texture":"#8"},"west":{"uv":[0,0,0,3],"rotation":180,"texture":"#8"},"up":{"uv":[0,3,0,0],"rotation":270,"texture":"#8"},"down":{"uv":[0,3,0,0],"rotation":270,"texture":"#8"}}},{"from":[-3,15.7,7],"to":[0,17.7,9],"rotation":{"angle":0,"axis":"y","origin":[-0.5,16.2,8]},"faces":{"north":{"uv":[10.5,10.5,11.5,12],"rotation":90,"texture":"#11"},"east":{"uv":[10.5,15,11.5,16],"texture":"#11"},"south":{"uv":[10.5,12,11.5,10.5],"rotation":90,"texture":"#11"},"west":{"uv":[11.5,15,12.5,16],"texture":"#11"},"up":{"uv":[10.5,12,11.5,13.5],"rotation":90,"texture":"#11"},"down":{"uv":[10.5,13.5,11.5,15],"rotation":270,"texture":"#11"}}},{"from":[-2,16.1,7.5],"to":[1,17.1,8.5],"rotation":{"angle":-22.5,"axis":"z","origin":[-0.5,16.2,8]},"faces":{"north":{"uv":[7,3,8.5,3.5],"texture":"#13"},"east":{"uv":[7,3.5,7.5,4],"texture":"#13"},"south":{"uv":[8.5,3,7,3.5],"texture":"#13"},"west":{"uv":[7.5,3.5,8,4],"texture":"#13"},"up":{"uv":[6.5,4.5,7,6],"rotation":90,"texture":"#13"},"down":{"uv":[6.5,3,7,4.5],"rotation":270,"texture":"#13"}}},{"from":[-5,9,5],"to":[2,17,11],"rotation":{"angle":0,"axis":"y","origin":[1,0,0]},"faces":{"north":{"uv":[8,10.5,4.5,14.5],"texture":"#16"},"east":{"uv":[9.5,0.25,12.5,4.25],"texture":"#16"},"south":{"uv":[4.5,10.5,8,14.5],"texture":"#16"},"west":{"uv":[9.5,0.25,12.5,4.25],"texture":"#16"},"up":{"uv":[9.5,9,12.5,12],"texture":"#16"},"down":{"uv":[9.5,9,12.5,12],"texture":"#16"}}},{"from":[0.9,20.4,7.8],"to":[2.9,22.4,8.1],"rotation":{"angle":45,"axis":"z","origin":[8.5,9,7.55]},"faces":{"north":{"uv":[2.75,6.5,4.75,8.5],"rotation":270,"texture":"#8"},"east":{"uv":[2,6,4,6.5],"rotation":90,"texture":"#8"},"south":{"uv":[2.75,6.5,4.75,8.5],"rotation":180,"texture":"#8"},"west":{"uv":[2,6,4,6.5],"rotation":90,"texture":"#8"},"up":{"uv":[4.75,6.5,5.25,8.5],"rotation":90,"texture":"#8"},"down":{"uv":[4.75,6.5,5.25,8.5],"rotation":90,"texture":"#8"}}},{"from":[-0.2,19.4,8.8],"to":[1.8,21.4,9.1],"rotation":{"angle":45,"axis":"z","origin":[8.5,9,7.55]},"faces":{"north":{"uv":[2.75,6.5,4.75,8.5],"rotation":270,"texture":"#8"},"east":{"uv":[2,6,4,6.5],"rotation":90,"texture":"#8"},"south":{"uv":[2.75,6.5,4.75,8.5],"rotation":180,"texture":"#8"},"west":{"uv":[2,6,4,6.5],"rotation":90,"texture":"#8"},"up":{"uv":[4.75,6.5,5.25,8.5],"rotation":90,"texture":"#8"},"down":{"uv":[4.75,6.5,5.25,8.5],"rotation":90,"texture":"#8"}}},{"from":[-0.2,19.4,6.8],"to":[1.8,21.4,7.1],"rotation":{"angle":45,"axis":"z","origin":[8.5,9,7.55]},"faces":{"north":{"uv":[2.75,6.5,4.75,8.5],"rotation":270,"texture":"#8"},"east":{"uv":[2,6,4,6.5],"rotation":90,"texture":"#8"},"south":{"uv":[2.75,6.5,4.75,8.5],"rotation":180,"texture":"#8"},"west":{"uv":[2,6,4,6.5],"rotation":90,"texture":"#8"},"up":{"uv":[4.75,6.5,5.25,8.5],"rotation":90,"texture":"#8"},"down":{"uv":[4.75,6.5,5.25,8.5],"rotation":90,"texture":"#8"}}},{"from":[1.8,21.4,8.8],"to":[3.8,23.4,9.1],"rotation":{"angle":45,"axis":"z","origin":[8.5,9,7.55]},"faces":{"north":{"uv":[2.75,6.5,4.75,8.5],"rotation":270,"texture":"#8"},"east":{"uv":[2,6,4,6.5],"rotation":90,"texture":"#8"},"south":{"uv":[2.75,6.5,4.75,8.5],"rotation":180,"texture":"#8"},"west":{"uv":[2,6,4,6.5],"rotation":90,"texture":"#8"},"up":{"uv":[4.75,6.5,5.25,8.5],"rotation":90,"texture":"#8"},"down":{"uv":[4.75,6.5,5.25,8.5],"rotation":90,"texture":"#8"}}},{"from":[1.8,21.4,6.8],"to":[3.8,23.4,7.1],"rotation":{"angle":45,"axis":"z","origin":[8.5,9,7.55]},"faces":{"north":{"uv":[2.75,6.5,4.75,8.5],"rotation":270,"texture":"#8"},"east":{"uv":[2,6,4,6.5],"rotation":90,"texture":"#8"},"south":{"uv":[2.75,6.5,4.75,8.5],"rotation":180,"texture":"#8"},"west":{"uv":[2,6,4,6.5],"rotation":90,"texture":"#8"},"up":{"uv":[4.75,6.5,5.25,8.5],"rotation":90,"texture":"#8"},"down":{"uv":[4.75,6.5,5.25,8.5],"rotation":90,"texture":"#8"}}}],"gui_light":"front","display":{"thirdperson_righthand":{"rotation":[0,90,0],"translation":[0,8,2],"scale":[0.8,0.8,0.8]},"thirdperson_lefthand":{"rotation":[0,-90,0],"translation":[0,8,2],"scale":[0.8,0.8,0.8]},"firstperson_righthand":{"rotation":[0,90,0],"translation":[2.5,6.5,0.5],"scale":[0.46289,0.46289,0.46289]},"firstperson_lefthand":{"rotation":[0,-90,0],"translation":[2.5,6.5,0.5],"scale":[0.46289,0.46289,0.46289]},"ground":{"rotation":[0,0,-45],"translation":[0,11,0],"scale":[0.6,0.6,0.6]},"gui":{"rotation":[0,0,-45],"translation":[-0.5,-0.5,-2],"scale":[0.52164,0.52164,0.52164]},"head":{"translation":[-0.25,-19,0.5],"scale":[0,0,0]},"fixed":{"rotation":[0,180,0],"translation":[0,11.5,-1.75],"scale":[2,2,2]}}}