{"credit":"MadewithBlockbench","textures":{"2":"elitecreatures:king_arthur_animated_weapon_set/texture6","3":"elitecreatures:king_arthur_animated_weapon_set/texture13","5":"elitecreatures:king_arthur_animated_weapon_set/texture8","7":"elitecreatures:king_arthur_animated_weapon_set/texture2","8":"elitecreatures:king_arthur_animated_weapon_set/texture4","9":"elitecreatures:king_arthur_animated_weapon_set/texture12","particle":"elitecreatures:king_arthur_animated_weapon_set/texture8"},"elements":[{"from":[6.04,16.9,-1.24],"to":[9.94,20.4,2.76],"rotation":{"angle":-45,"axis":"x","origin":[8,17.95,1.4]},"faces":{"north":{"uv":[3.625,12.25,5.375,14.25],"rotation":90,"texture":"#3"},"east":{"uv":[3.625,10.25,5.375,12.25],"rotation":90,"texture":"#3"},"south":{"uv":[6.75,6,8.5,8],"rotation":90,"texture":"#9"},"west":{"uv":[3.625,12.25,5.375,10.25],"rotation":90,"texture":"#3"},"up":{"uv":[4.75,0,6.75,2.1],"texture":"#3"},"down":{"uv":[6.75,0,8.75,2.1],"texture":"#3"}}},{"from":[6.11,16.15,-2.82],"to":[9.91,20.15,-0.32],"rotation":{"angle":22.5,"axis":"x","origin":[8,17.95,1.4]},"faces":{"north":{"uv":[3.375,5.75,5.375,7.75],"texture":"#3"},"east":{"uv":[2.5,1.75,3.75,3.75],"texture":"#3"},"south":{"uv":[3.375,5.75,5.375,7.75],"texture":"#3"},"west":{"uv":[3.75,1.75,2.5,3.75],"texture":"#3"},"up":{"uv":[5.34,7.75,3.34,9],"texture":"#3"},"down":{"uv":[5.34,9,3.34,10.25],"texture":"#3"}}},{"from":[6.25,16.4,-4.32],"to":[9.75,19.9,-2.82],"rotation":{"angle":22.5,"axis":"x","origin":[8,17.95,1.4]},"faces":{"north":{"uv":[6.5,0,10,3.5],"texture":"#8"},"east":{"uv":[5.5,4.5,7,8],"texture":"#8"},"south":{"uv":[6.5,0,10,3.5],"texture":"#8"},"west":{"uv":[7,4.5,5.5,8],"texture":"#8"},"up":{"uv":[1.5,11,0,7.5],"rotation":90,"texture":"#8"},"down":{"uv":[10.5,4.5,7,6],"texture":"#8"}}},{"from":[6.6,16.75,-5.82],"to":[9.4,19.55,-4.32],"rotation":{"angle":22.5,"axis":"x","origin":[8,17.95,1.4]},"faces":{"north":{"uv":[1.5,7.375,3,8.875],"texture":"#3"},"east":{"uv":[3.75,1.75,4.5,3.25],"texture":"#3"},"south":{"uv":[1.5,7.375,2.9,8.875],"texture":"#3"},"west":{"uv":[4.5,1.75,3.75,3.25],"texture":"#3"},"up":{"uv":[12.525,8.225,11.125,7.375],"texture":"#3"},"down":{"uv":[16,7.125,14.5,7.975],"texture":"#3"}}},{"from":[2,14,2],"to":[8,17,15],"rotation":{"angle":0,"axis":"y","origin":[0,-4,0]},"faces":{"north":{"uv":[14.5,10,16,13],"rotation":90,"texture":"#5"},"east":{"uv":[10.5,9.5,12,16],"rotation":90,"texture":"#9"},"south":{"uv":[10,0.5,13,2],"texture":"#9"},"west":{"uv":[10.5,16,12,9.5],"rotation":90,"texture":"#9"},"up":{"uv":[10,2.5,13,9],"texture":"#9"},"down":{"uv":[10,2.5,13,9],"texture":"#9"}}},{"from":[1.4,0,3.4],"to":[8.9,14,3.4],"rotation":{"angle":22.5,"axis":"y","origin":[-2,5,3.5]},"faces":{"north":{"uv":[0.875,1.125,4.725,8.125],"texture":"#5"},"east":{"uv":[0,0,0,7],"texture":"#5"},"south":{"uv":[4.725,1.125,0.875,8.125],"texture":"#5"},"west":{"uv":[0,0,0,7],"texture":"#5"},"up":{"uv":[5.25,0,0,0],"texture":"#5"},"down":{"uv":[5.25,0,0,0],"texture":"#5"}}},{"from":[15,8,12],"to":[16,10,18],"rotation":{"angle":0,"axis":"y","origin":[0,-6,-1]},"faces":{"north":{"uv":[4,12,3.5,13],"texture":"#5"},"east":{"uv":[0,13,3,14],"texture":"#5"},"south":{"uv":[3,13,3.5,14],"texture":"#5"},"west":{"uv":[0,13,3,14],"texture":"#5"},"up":{"uv":[5,13,5.5,16],"texture":"#5"},"down":{"uv":[4,11,4.5,14],"texture":"#5"}}},{"from":[5,8,16],"to":[11,10,18],"rotation":{"angle":0,"axis":"y","origin":[0,-6,9]},"faces":{"north":{"uv":[10,14,16,16],"texture":"#8"},"east":{"uv":[3,10.75,5,12.75],"texture":"#8"},"south":{"uv":[10,14,16,16],"texture":"#8"},"west":{"uv":[3,10.75,5,12.75],"texture":"#8"},"up":{"uv":[10,0,16,2],"texture":"#8"},"down":{"uv":[10,2,16,4],"texture":"#8"}}},{"from":[8.3,5.9,15.5],"to":[10.3,7.9,18.5],"rotation":{"angle":-45,"axis":"z","origin":[10,9,17]},"faces":{"north":{"uv":[14,12,16,14],"texture":"#8"},"east":{"uv":[11,12,14,14],"rotation":180,"texture":"#8"},"south":{"uv":[14,12,16,14],"rotation":270,"texture":"#8"},"west":{"uv":[9,11,11,14],"rotation":270,"texture":"#8"},"up":{"uv":[9,11,11,14],"rotation":180,"texture":"#8"},"down":{"uv":[11,12,14,14],"rotation":270,"texture":"#8"}}},{"from":[10,9,15.5],"to":[10.5,10.5,18.5],"rotation":{"angle":0,"axis":"y","origin":[0,-5,9]},"faces":{"north":{"uv":[12.5,4,13,5.5],"texture":"#8"},"east":{"uv":[13,4,16,5.5],"texture":"#8"},"south":{"uv":[12.5,4,13,5.5],"texture":"#8"},"west":{"uv":[13,4,16,5.5],"texture":"#8"},"up":{"uv":[13,5.5,16,6],"rotation":90,"texture":"#8"},"down":{"uv":[13,5.5,16,6],"rotation":90,"texture":"#8"}}},{"from":[5.5,9,15.5],"to":[6,10.5,18.5],"rotation":{"angle":0,"axis":"y","origin":[0,-5,9]},"faces":{"north":{"uv":[12.5,4,13,5.5],"texture":"#8"},"east":{"uv":[13,4,16,5.5],"texture":"#8"},"south":{"uv":[12.5,4,13,5.5],"texture":"#8"},"west":{"uv":[13,4,16,5.5],"texture":"#8"},"up":{"uv":[13,5.5,16,6],"rotation":90,"texture":"#8"},"down":{"uv":[13,5.5,16,6],"rotation":90,"texture":"#8"}}},{"from":[9.6,2.4,16.4],"to":[10.1,4.4,17.6],"rotation":{"angle":-45,"axis":"z","origin":[14.6,5.7,14]},"faces":{"north":{"uv":[9.5,8.5,9,6.5],"texture":"#8"},"east":{"uv":[9,10.5,10,8.5],"texture":"#8"},"south":{"uv":[9,8.5,9.5,6.5],"texture":"#8"},"west":{"uv":[10,5,12,3],"texture":"#8"},"up":{"uv":[9.5,8.5,10,6.5],"texture":"#8"},"down":{"uv":[9.5,8.5,10,6.5],"texture":"#8"}}},{"from":[6.3,5.3,16.5],"to":[10.2,7.3,17.5],"rotation":{"angle":45,"axis":"z","origin":[8,9,17]},"faces":{"north":{"uv":[5,14,9,16],"rotation":180,"texture":"#8"},"east":{"uv":[9,14,10,16],"texture":"#8"},"south":{"uv":[5,16,9,14],"texture":"#8"},"west":{"uv":[9,14,10,16],"texture":"#8"},"up":{"uv":[5,13,9,14],"texture":"#8"},"down":{"uv":[5,13,9,14],"texture":"#8"}}},{"from":[7.3,4.3,16.5],"to":[10.2,5.3,17.5],"rotation":{"angle":45,"axis":"z","origin":[8,9,17]},"faces":{"north":{"uv":[5,12,8,13],"texture":"#8"},"east":{"uv":[8,12,9,13],"texture":"#8"},"south":{"uv":[8,12,5,13],"texture":"#8"},"west":{"uv":[8,12,9,13],"texture":"#8"},"up":{"uv":[5,12,8,13],"texture":"#8"},"down":{"uv":[5,11,8,12],"texture":"#8"}}},{"from":[11,-4.2,16],"to":[14,-1.2,18],"rotation":{"angle":45,"axis":"z","origin":[1.5,-4.5,10.5]},"faces":{"north":{"uv":[0,13,3,16],"texture":"#8"},"east":{"uv":[3,13,5,16],"texture":"#8"},"south":{"uv":[0,13,3,16],"rotation":90,"texture":"#8"},"west":{"uv":[3,11,0,13],"rotation":90,"texture":"#8"},"up":{"uv":[3,13,5,16],"rotation":90,"texture":"#8"},"down":{"uv":[0,11,3,13],"texture":"#8"}}},{"from":[5.8,5.3,16.5],"to":[9.7,7.3,17.5],"rotation":{"angle":-45,"axis":"z","origin":[8,9,17]},"faces":{"north":{"uv":[9,14,5,16],"rotation":180,"texture":"#8"},"east":{"uv":[10,14,9,16],"texture":"#8"},"south":{"uv":[9,16,5,14],"texture":"#8"},"west":{"uv":[10,14,9,16],"texture":"#8"},"up":{"uv":[9,13,5,14],"texture":"#8"},"down":{"uv":[9,13,5,14],"texture":"#8"}}},{"from":[5.8,4.3,16.5],"to":[8.7,5.3,17.5],"rotation":{"angle":-45,"axis":"z","origin":[8,9,17]},"faces":{"north":{"uv":[8,12,5,13],"texture":"#8"},"east":{"uv":[9,12,8,13],"texture":"#8"},"south":{"uv":[5,12,8,13],"texture":"#8"},"west":{"uv":[9,12,8,13],"texture":"#8"},"up":{"uv":[8,12,5,13],"texture":"#8"},"down":{"uv":[8,11,5,12],"texture":"#8"}}},{"from":[6.95,17.1,-7.32],"to":[8.95,19.1,-5.82],"rotation":{"angle":22.5,"axis":"x","origin":[8,17.95,1.4]},"faces":{"north":{"uv":[3.375,4,4.375,5],"texture":"#3"},"east":{"uv":[4.375,4,5.125,5],"texture":"#3"},"south":{"uv":[3.375,4,4.375,5],"texture":"#3"},"west":{"uv":[5.125,4,4.375,5],"texture":"#3"},"up":{"uv":[4.375,5.75,3.375,5],"texture":"#3"},"down":{"uv":[5.375,5.75,4.375,5],"texture":"#3"}}},{"from":[1,14,2],"to":[8,14,16],"rotation":{"angle":0,"axis":"y","origin":[0,-8,4]},"faces":{"north":{"uv":[16,7,9,7],"texture":"#5"},"east":{"uv":[15.5,7,9,7],"texture":"#5"},"south":{"uv":[16,7,9,7],"texture":"#5"},"west":{"uv":[15.5,7,9,7],"texture":"#5"},"up":{"uv":[6.5,14.5,13.5,11],"rotation":90,"texture":"#5"},"down":{"uv":[6.5,14.5,13.5,11],"rotation":90,"texture":"#5"}}},{"from":[8,14,2],"to":[15,14,16],"rotation":{"angle":0,"axis":"y","origin":[16,-8,4]},"faces":{"north":{"uv":[9,7,16,7],"texture":"#5"},"east":{"uv":[9,7,15.5,7],"texture":"#5"},"south":{"uv":[9,7,16,7],"texture":"#5"},"west":{"uv":[9,7,15.5,7],"texture":"#5"},"up":{"uv":[6.5,11,13.5,14.5],"rotation":90,"texture":"#5"},"down":{"uv":[6.5,11,13.5,14.5],"rotation":90,"texture":"#5"}}},{"from":[1,0,2],"to":[1,14,16],"rotation":{"angle":0,"axis":"y","origin":[8,10,21.5]},"faces":{"north":{"uv":[0,0,0,7],"texture":"#5"},"east":{"uv":[9,0,16,7],"texture":"#5"},"south":{"uv":[0,0,0,7],"texture":"#5"},"west":{"uv":[16,0,9,7],"texture":"#5"},"up":{"uv":[0,7,0,0],"texture":"#5"},"down":{"uv":[0,0,0,7],"texture":"#5"}}},{"from":[1,0,16],"to":[8,14,16],"rotation":{"angle":0,"axis":"y","origin":[8,10,21.5]},"faces":{"north":{"uv":[12.5,9,16,16],"texture":"#9"},"east":{"uv":[13.5,0,7,0],"rotation":270,"texture":"#9"},"south":{"uv":[12.5,9,16,16],"texture":"#9"},"west":{"uv":[13.5,0,7,0],"rotation":90,"texture":"#9"},"up":{"uv":[14,0,7,0],"rotation":180,"texture":"#9"},"down":{"uv":[14,0,7,0],"texture":"#9"}}},{"from":[0,8,12],"to":[1,10,18],"rotation":{"angle":0,"axis":"y","origin":[16,-6,-1]},"faces":{"north":{"uv":[4,12,3.5,13],"texture":"#5"},"east":{"uv":[3,13,0,14],"texture":"#5"},"south":{"uv":[3.5,13,3,14],"texture":"#5"},"west":{"uv":[3,13,0,14],"texture":"#5"},"up":{"uv":[5.5,13,5,16],"texture":"#5"},"down":{"uv":[4.5,11,4,14],"texture":"#5"}}},{"from":[1,8,16],"to":[5,10,18],"rotation":{"angle":0,"axis":"y","origin":[0,-6,-1]},"faces":{"north":{"uv":[3.5,8.5,5.5,9.5],"texture":"#9"},"east":{"uv":[2.0125,0,3.0125,1],"texture":"#9"},"south":{"uv":[0,2,2,3],"texture":"#9"},"west":{"uv":[2.0125,0,3.0125,1],"texture":"#9"},"up":{"uv":[0,0,2,1],"texture":"#9"},"down":{"uv":[0,1,2,2],"texture":"#9"}}},{"from":[15,0,2],"to":[15,14,16],"rotation":{"angle":0,"axis":"y","origin":[8,10,21.5]},"faces":{"north":{"uv":[0,0,0,7],"texture":"#5"},"east":{"uv":[9,0,16,7],"texture":"#5"},"south":{"uv":[0,0,0,7],"texture":"#5"},"west":{"uv":[16,0,9,7],"texture":"#5"},"up":{"uv":[0,7,0,0],"texture":"#5"},"down":{"uv":[0,0,0,7],"texture":"#5"}}},{"from":[7.45,17.6,-8.82],"to":[8.45,18.6,-7.32],"rotation":{"angle":22.5,"axis":"x","origin":[8,17.95,1.4]},"faces":{"north":{"uv":[4.625,2.125,5.125,2.625],"texture":"#3"},"east":{"uv":[5.125,2.125,5.875,2.625],"texture":"#3"},"south":{"uv":[4.625,2.125,5.125,2.625],"texture":"#3"},"west":{"uv":[5.125,2.125,5.875,2.625],"texture":"#3"},"up":{"uv":[5.125,3.375,4.625,2.625],"texture":"#3"},"down":{"uv":[5.625,3.375,5.125,2.625],"texture":"#3"}}},{"from":[5.94,15.03,-1.26],"to":[10.04,17.53,2.74],"rotation":{"angle":-22.5,"axis":"x","origin":[8,18.95,1.4]},"faces":{"north":{"uv":[8,5,9.25,7],"rotation":90,"texture":"#3"},"east":{"uv":[8,3,9.25,5],"rotation":90,"texture":"#3"},"south":{"uv":[8,5,9.25,7],"rotation":90,"texture":"#3"},"west":{"uv":[8,3,9.25,5],"rotation":90,"texture":"#3"},"up":{"uv":[6,3,8,5],"texture":"#3"},"down":{"uv":[6,5,8,7],"texture":"#3"}}},{"from":[-5.31,4.27,-5.76],"to":[-3.31,6.77,-3.76],"rotation":{"angle":0,"axis":"y","origin":[-4.28,3.45,1.81]},"faces":{"north":{"uv":[1,10.5,2,11.75],"texture":"#3"},"east":{"uv":[2,9.25,1,10.5],"texture":"#3"},"south":{"uv":[1,10.5,2,11.75],"texture":"#3"},"west":{"uv":[1,9.25,2,10.5],"texture":"#3"},"up":{"uv":[0,10.75,1,11.75],"rotation":180,"texture":"#3"},"down":{"uv":[0,9.75,1,10.75],"rotation":180,"texture":"#3"}}},{"from":[-5.82,2.19,-2.95],"to":[-2.74,5.69,-0.85],"rotation":{"angle":22.5,"axis":"x","origin":[-4.28,3.45,1.81]},"faces":{"north":{"uv":[0,1.75,1.5,3.5],"texture":"#3"},"east":{"uv":[2.5,1.75,1.5,3.5],"texture":"#3"},"south":{"uv":[0,1.75,1.5,3.5],"texture":"#3"},"west":{"uv":[1.5,1.75,2.5,3.5],"texture":"#3"},"up":{"uv":[1.5,4.5,0,5.5],"texture":"#3"},"down":{"uv":[1.5,3.5,0,4.5],"texture":"#3"}}},{"from":[-5.89,1.2,-1.48],"to":[-2.67,4.56,0.62],"rotation":{"angle":45,"axis":"x","origin":[-4.28,3.55,1.81]},"faces":{"north":{"uv":[0,0,1.75,1.75],"texture":"#3"},"east":{"uv":[2.75,0,1.75,1.75],"texture":"#3"},"south":{"uv":[0,0,1.75,1.75],"texture":"#3"},"west":{"uv":[1.75,0,2.75,1.75],"texture":"#3"},"up":{"uv":[2.75,0,3.75,1.75],"rotation":270,"texture":"#3"},"down":{"uv":[3.75,0,4.75,1.75],"rotation":270,"texture":"#3"}}},{"from":[-5.96,1.87,-0.22],"to":[-2.6,5.23,1.88],"rotation":{"angle":22.5,"axis":"x","origin":[-4.28,3.55,1.81]},"faces":{"north":{"uv":[3.5,14.25,5.25,16],"texture":"#3"},"east":{"uv":[1,11.75,0,13.5],"texture":"#3"},"south":{"uv":[3.5,14.25,5.25,16],"texture":"#3"},"west":{"uv":[0,11.75,1,13.5],"texture":"#3"},"up":{"uv":[2.5,12.75,3.5,14.5],"rotation":270,"texture":"#3"},"down":{"uv":[1.5,12.75,2.5,14.5],"rotation":270,"texture":"#3"}}},{"from":[-6.03,2.01,1.11],"to":[-2.53,5.06,3.51],"rotation":{"angle":0,"axis":"y","origin":[-2.11,3.55,5.89]},"faces":{"north":{"uv":[1.75,14.5,3.5,16],"texture":"#3"},"east":{"uv":[0,14.75,1.5,13.5],"rotation":90,"texture":"#3"},"south":{"uv":[1.75,14.5,3.5,16],"texture":"#3"},"west":{"uv":[0,13.5,1.5,14.75],"rotation":90,"texture":"#3"},"up":{"uv":[0,14.75,1.75,16],"rotation":180,"texture":"#3"},"down":{"uv":[6,14.5,7.75,15.25],"rotation":180,"texture":"#3"}}},{"from":[-4.84,1.94,2.08],"to":[-1.34,5.16,4.18],"rotation":{"angle":22.5,"axis":"y","origin":[-1.91,3.55,5.69]},"faces":{"north":{"uv":[12.5,8.25,14.25,9.75],"texture":"#3"},"east":{"uv":[12.5,8.25,11.5,9.75],"texture":"#3"},"south":{"uv":[2.125,11,3.625,12.75],"rotation":90,"texture":"#3"},"west":{"uv":[11.5,8.25,12.5,9.75],"texture":"#3"},"up":{"uv":[12.5,9.75,14.25,10.75],"rotation":180,"texture":"#3"},"down":{"uv":[12.5,7.25,14.25,8.25],"rotation":180,"texture":"#3"}}},{"from":[-3.97,1.87,2.96],"to":[-0.47,5.27,5.06],"rotation":{"angle":45,"axis":"y","origin":[-1.7,3.55,5.55]},"faces":{"north":{"uv":[12.5,10.75,14.25,12.5],"texture":"#3"},"east":{"uv":[12.25,12.5,13.25,14.25],"texture":"#3"},"south":{"uv":[12.5,10.75,14.25,12.5],"texture":"#3"},"west":{"uv":[12.25,12.5,13.25,14.25],"texture":"#3"},"up":{"uv":[13.25,14.25,14.25,16],"rotation":90,"texture":"#3"},"down":{"uv":[13.25,12.5,14.25,14.25],"rotation":270,"texture":"#3"}}},{"from":[-3.03,1.8,3.87],"to":[-1.63,5.3,7.37],"rotation":{"angle":-22.5,"axis":"y","origin":[-1.7,3.55,5.55]},"faces":{"north":{"uv":[14.25,9.75,16,10.5],"rotation":90,"texture":"#3"},"east":{"uv":[14.25,8,16,9.75],"texture":"#3"},"south":{"uv":[14.25,9.75,16,10.5],"rotation":90,"texture":"#3"},"west":{"uv":[14.25,8,16,9.75],"texture":"#3"},"up":{"uv":[14.25,10.5,16,11.25],"rotation":90,"texture":"#3"},"down":{"uv":[14.25,11.225,16,11.975],"rotation":90,"texture":"#3"}}},{"from":[-2.4,1.7,4.1],"to":[-1,5.4,7.2],"rotation":{"angle":0,"axis":"y","origin":[-1.7,-2.4,2.4]},"faces":{"north":{"uv":[14.25,15.25,16,16],"rotation":90,"texture":"#3"},"east":{"uv":[14.25,12,15.75,13.75],"texture":"#3"},"south":{"uv":[14.25,15.25,16,16],"rotation":90,"texture":"#3"},"west":{"uv":[14.25,12,15.75,13.75],"texture":"#3"},"up":{"uv":[14.25,14.5,15.75,15.25],"rotation":90,"texture":"#3"},"down":{"uv":[14.25,13.75,15.75,14.5],"rotation":90,"texture":"#3"}}},{"from":[-5.75,3.77,-3.76],"to":[-2.81,7.27,-1.66],"rotation":{"angle":0,"axis":"y","origin":[-4.28,3.45,1.81]},"faces":{"north":{"uv":[0,5.5,1.5,7.25],"texture":"#3"},"east":{"uv":[2.5,5.5,1.5,7.25],"texture":"#3"},"south":{"uv":[0,5.5,1.5,7.25],"texture":"#3"},"west":{"uv":[1.5,5.5,2.5,7.25],"texture":"#3"},"up":{"uv":[0,8.25,1.5,9.25],"rotation":180,"texture":"#3"},"down":{"uv":[0,7.25,1.5,8.25],"rotation":180,"texture":"#3"}}},{"from":[-4.71,4.87,-7.76],"to":[-3.71,6.37,-5.76],"rotation":{"angle":0,"axis":"y","origin":[-4.28,3.45,1.81]},"faces":{"north":{"uv":[1.5,4.75,2,5.5],"texture":"#3"},"east":{"uv":[1.5,4,2.5,4.75],"texture":"#3"},"south":{"uv":[1.5,4.75,2,5.5],"texture":"#3"},"west":{"uv":[1.5,4,2.5,4.75],"texture":"#3"},"up":{"uv":[0,9.25,1,9.75],"rotation":90,"texture":"#3"},"down":{"uv":[1,12.5,1.5,13.5],"rotation":180,"texture":"#3"}}},{"from":[8,0,16],"to":[15,14,16],"rotation":{"angle":0,"axis":"y","origin":[8,10,21.5]},"faces":{"north":{"uv":[16,9,12.5,16],"texture":"#9"},"east":{"uv":[13.5,0,7,0],"rotation":90,"texture":"#9"},"south":{"uv":[16,9,12.5,16],"texture":"#9"},"west":{"uv":[13.5,0,7,0],"rotation":270,"texture":"#9"},"up":{"uv":[7,0,14,0],"rotation":180,"texture":"#9"},"down":{"uv":[7,0,14,0],"texture":"#9"}}},{"from":[11,8,16],"to":[15,10,18],"rotation":{"angle":0,"axis":"y","origin":[16,-6,-1]},"faces":{"north":{"uv":[5.5,8.5,3.5,9.5],"texture":"#9"},"east":{"uv":[3.0125,0,2.0125,1],"texture":"#9"},"south":{"uv":[2,2,0,3],"texture":"#9"},"west":{"uv":[3.0125,0,2.0125,1],"texture":"#9"},"up":{"uv":[2,0,0,1],"texture":"#9"},"down":{"uv":[2,1,0,2],"texture":"#9"}}},{"from":[0,16.25662,15.50571],"to":[1,17.75662,17.00571],"rotation":{"angle":0,"axis":"y","origin":[0.5,15.28862,15.41669]},"faces":{"north":{"uv":[7.5,4.25,8,5],"texture":"#9"},"east":{"uv":[8.25,3.5,7.5,4.25],"texture":"#9"},"south":{"uv":[7,4.75,7.5,5.5],"texture":"#9"},"west":{"uv":[7.5,3.5,8.25,4.25],"texture":"#9"},"up":{"uv":[7,4,7.5,4.75],"texture":"#9"},"down":{"uv":[7,4,7.5,4.75],"texture":"#9"}}},{"from":[0,13.15569,14.11753],"to":[1,16.15569,15.11753],"rotation":{"angle":22.5,"axis":"x","origin":[0.5,15.28862,15.41669]},"faces":{"north":{"uv":[6.5,4.5,7,6],"rotation":180,"texture":"#9"},"east":{"uv":[8.5,3,7,3.5],"rotation":90,"texture":"#9"},"south":{"uv":[6.5,3,7,4.5],"texture":"#9"},"west":{"uv":[7,3,8.5,3.5],"rotation":270,"texture":"#9"},"up":{"uv":[7.5,3.5,8,4],"texture":"#9"},"down":{"uv":[7,3.5,7.5,4],"rotation":180,"texture":"#9"}}},{"from":[0.175,14.41479,12.16809],"to":[0.875,15.41479,13.16809],"rotation":{"angle":22.5,"axis":"x","origin":[0.5,15.28862,15.41669]},"faces":{"north":{"uv":[12.75,7.75,11.75,7.25],"rotation":270,"texture":"#7"},"east":{"uv":[12.75,7.25,11.75,6.25],"rotation":90,"texture":"#7"},"south":{"uv":[13.25,7.25,12.75,6.25],"rotation":180,"texture":"#7"},"west":{"uv":[11.75,7.25,12.75,6.25],"rotation":270,"texture":"#7"},"up":{"uv":[13.25,7.25,12.75,6.25],"texture":"#7"},"down":{"uv":[12.75,7.75,11.75,7.25],"rotation":270,"texture":"#7"}}},{"from":[0.475,14.97529,10.28127],"to":[0.475,17.47529,13.28127],"rotation":{"angle":-22.5,"axis":"x","origin":[0.5,15.28862,15.41669]},"faces":{"north":{"uv":[0,0,0,3],"texture":"#7"},"east":{"uv":[9.25,9.25,11.75,6.25],"rotation":270,"texture":"#7"},"south":{"uv":[0,0,0,3],"rotation":180,"texture":"#7"},"west":{"uv":[11.75,9.25,9.25,6.25],"rotation":90,"texture":"#7"},"up":{"uv":[0,3,0,0],"rotation":180,"texture":"#7"},"down":{"uv":[0,3,0,0],"texture":"#7"}}},{"from":[0.275,14.94505,13.22381],"to":[0.775,16.94505,14.22381],"rotation":{"angle":-22.5,"axis":"x","origin":[0.5,15.28862,15.41669]},"faces":{"north":{"uv":[10.75,2,10.25,0],"texture":"#7"},"east":{"uv":[9.25,2,8.25,0],"texture":"#7"},"south":{"uv":[9.75,2,9.25,0],"texture":"#7"},"west":{"uv":[8.25,2,9.25,0],"texture":"#7"},"up":{"uv":[9.25,2.5,8.25,2],"rotation":90,"texture":"#7"},"down":{"uv":[12,1,11.5,0],"rotation":180,"texture":"#7"}}},{"from":[-0.5,14.91518,14.17919],"to":[1.5,16.91518,17.17919],"rotation":{"angle":-45,"axis":"x","origin":[0.5,15.28862,15.41669]},"faces":{"north":{"uv":[10.5,15,11.5,16],"texture":"#3"},"east":{"uv":[11.5,10.5,10.5,12],"rotation":90,"texture":"#3"},"south":{"uv":[11.5,15,12.5,16],"texture":"#3"},"west":{"uv":[10.5,10.5,11.5,12],"rotation":90,"texture":"#3"},"up":{"uv":[10.5,12,11.5,13.5],"texture":"#3"},"down":{"uv":[10.5,13.5,11.5,15],"texture":"#3"}}},{"from":[0.5,9.05662,12.90571],"to":[0.5,19.05662,23.90571],"rotation":{"angle":0,"axis":"y","origin":[0.5,15.28862,15.41669]},"faces":{"north":{"uv":[0,5,0,0],"rotation":180,"texture":"#3"},"east":{"uv":[10,1,16,6.5],"rotation":90,"texture":"#3"},"south":{"uv":[0,5,0,0],"texture":"#3"},"west":{"uv":[16,1,10,6.5],"rotation":270,"texture":"#3"},"up":{"uv":[0,0,0,6.5],"texture":"#3"},"down":{"uv":[0,0,0,6.5],"rotation":180,"texture":"#3"}}},{"from":[0.275,15.94505,14.22381],"to":[0.775,16.94505,16.22381],"rotation":{"angle":-22.5,"axis":"x","origin":[0.5,15.28862,15.41669]},"faces":{"north":{"uv":[5,2.5,6,2],"rotation":90,"texture":"#3"},"east":{"uv":[6,3,7,1],"rotation":270,"texture":"#3"},"south":{"uv":[5,2.5,6,2],"rotation":90,"texture":"#3"},"west":{"uv":[7,3,6,1],"rotation":90,"texture":"#3"},"up":{"uv":[7,3,7.5,1],"rotation":180,"texture":"#3"},"down":{"uv":[7,3,7.5,1],"texture":"#3"}}},{"from":[15,16.25662,15.50571],"to":[16,17.75662,17.00571],"rotation":{"angle":0,"axis":"y","origin":[15.5,15.28862,15.41669]},"faces":{"north":{"uv":[8,4.25,7.5,5],"texture":"#9"},"east":{"uv":[8.25,3.5,7.5,4.25],"texture":"#9"},"south":{"uv":[7.5,4.75,7,5.5],"texture":"#9"},"west":{"uv":[7.5,3.5,8.25,4.25],"texture":"#9"},"up":{"uv":[7.5,4,7,4.75],"texture":"#9"},"down":{"uv":[7.5,4,7,4.75],"texture":"#9"}}},{"from":[15,13.15569,14.11753],"to":[16,16.15569,15.11753],"rotation":{"angle":22.5,"axis":"x","origin":[15.5,15.28862,15.41669]},"faces":{"north":{"uv":[7,4.5,6.5,6],"rotation":180,"texture":"#9"},"east":{"uv":[7,3.5,8.5,3],"rotation":270,"texture":"#9"},"south":{"uv":[7,3,6.5,4.5],"texture":"#9"},"west":{"uv":[8.5,3.5,7,3],"rotation":90,"texture":"#9"},"up":{"uv":[8,3.5,7.5,4],"texture":"#9"},"down":{"uv":[7.5,3.5,7,4],"rotation":180,"texture":"#9"}}},{"from":[15.125,14.41479,12.16809],"to":[15.825,15.41479,13.16809],"rotation":{"angle":22.5,"axis":"x","origin":[15.5,15.28862,15.41669]},"faces":{"north":{"uv":[12.75,7.25,11.75,7.75],"rotation":270,"texture":"#7"},"east":{"uv":[11.75,6.25,12.75,7.25],"rotation":270,"texture":"#7"},"south":{"uv":[12.75,7.25,13.25,6.25],"rotation":180,"texture":"#7"},"west":{"uv":[12.75,6.25,11.75,7.25],"rotation":90,"texture":"#7"},"up":{"uv":[12.75,7.25,13.25,6.25],"texture":"#7"},"down":{"uv":[12.75,7.25,11.75,7.75],"rotation":270,"texture":"#7"}}},{"from":[15.525,14.97529,10.28127],"to":[15.525,17.47529,13.28127],"rotation":{"angle":-22.5,"axis":"x","origin":[15.5,15.28862,15.41669]},"faces":{"north":{"uv":[0,0,0,3],"texture":"#7"},"east":{"uv":[11.75,6.25,9.25,9.25],"rotation":90,"texture":"#7"},"south":{"uv":[0,0,0,3],"rotation":180,"texture":"#7"},"west":{"uv":[9.25,6.25,11.75,9.25],"rotation":270,"texture":"#7"},"up":{"uv":[0,3,0,0],"rotation":180,"texture":"#7"},"down":{"uv":[0,3,0,0],"texture":"#7"}}},{"from":[15.225,14.94505,13.22381],"to":[15.725,16.94505,14.22381],"rotation":{"angle":-22.5,"axis":"x","origin":[15.5,15.28862,15.41669]},"faces":{"north":{"uv":[10.25,2,10.75,0],"texture":"#7"},"east":{"uv":[9.25,2,8.25,0],"texture":"#7"},"south":{"uv":[9.25,2,9.75,0],"texture":"#7"},"west":{"uv":[8.25,2,9.25,0],"texture":"#7"},"up":{"uv":[9.25,2,8.25,2.5],"rotation":90,"texture":"#7"},"down":{"uv":[11.5,1,12,0],"rotation":180,"texture":"#7"}}},{"from":[14.5,14.91518,14.17919],"to":[16.5,16.91518,17.17919],"rotation":{"angle":-45,"axis":"x","origin":[15.5,15.28862,15.41669]},"faces":{"north":{"uv":[11.5,15,10.5,16],"texture":"#3"},"east":{"uv":[10.5,12,11.5,10.5],"rotation":90,"texture":"#3"},"south":{"uv":[12.5,15,11.5,16],"texture":"#3"},"west":{"uv":[11.5,12,10.5,10.5],"rotation":90,"texture":"#3"},"up":{"uv":[11.5,12,10.5,13.5],"texture":"#3"},"down":{"uv":[11.5,13.5,10.5,15],"texture":"#3"}}},{"from":[15.5,9.05662,12.90571],"to":[15.5,19.05662,23.90571],"rotation":{"angle":0,"axis":"y","origin":[15.5,15.28862,15.41669]},"faces":{"north":{"uv":[0,5,0,0],"rotation":180,"texture":"#3"},"east":{"uv":[16,6.5,10,1],"rotation":270,"texture":"#3"},"south":{"uv":[0,5,0,0],"texture":"#3"},"west":{"uv":[10,6.5,16,1],"rotation":90,"texture":"#3"},"up":{"uv":[0,0,0,6.5],"texture":"#3"},"down":{"uv":[0,0,0,6.5],"rotation":180,"texture":"#3"}}},{"from":[15.225,15.94505,14.22381],"to":[15.725,16.94505,16.22381],"rotation":{"angle":-22.5,"axis":"x","origin":[15.5,15.28862,15.41669]},"faces":{"north":{"uv":[5,2,6,2.5],"rotation":90,"texture":"#3"},"east":{"uv":[7,1,6,3],"rotation":90,"texture":"#3"},"south":{"uv":[5,2,6,2.5],"rotation":90,"texture":"#3"},"west":{"uv":[6,1,7,3],"rotation":270,"texture":"#3"},"up":{"uv":[7.5,3,7,1],"rotation":180,"texture":"#3"},"down":{"uv":[7.5,3,7,1],"texture":"#3"}}},{"from":[4.8,14.9,-4.2],"to":[11.8,15.9,-2.2],"rotation":{"angle":-22.5,"axis":"y","origin":[1,16.9,5]},"faces":{"north":{"uv":[3.5,15,0,15.5],"texture":"#5"},"east":{"uv":[9,9,8,9.5],"texture":"#5"},"south":{"uv":[0,15,3.5,15.5],"texture":"#5"},"west":{"uv":[9,9,8,9.5],"texture":"#5"},"up":{"uv":[3.5,14,0,15],"texture":"#5"},"down":{"uv":[3.5,14,0,15],"texture":"#5"}}},{"from":[4.8,13.9,-4.2],"to":[12.8,14.9,-1.2],"rotation":{"angle":-22.5,"axis":"y","origin":[1,15.9,5]},"faces":{"north":{"uv":[9,10,5,10.5],"texture":"#5"},"east":{"uv":[10.5,9,9,9.5],"texture":"#5"},"south":{"uv":[5,10,9,10.5],"texture":"#5"},"west":{"uv":[10.5,9,9,9.5],"texture":"#5"},"up":{"uv":[14.5,8,10.5,9.5],"texture":"#5"},"down":{"uv":[14.5,9.5,10.5,11],"texture":"#5"}}},{"from":[3.2,13.9,-4.2],"to":[11.2,14.9,-1.2],"rotation":{"angle":22.5,"axis":"y","origin":[15,15.9,5]},"faces":{"north":{"uv":[5,10,9,10.5],"texture":"#5"},"east":{"uv":[9,9,10.5,9.5],"texture":"#5"},"south":{"uv":[9,10,5,10.5],"texture":"#5"},"west":{"uv":[9,9,10.5,9.5],"texture":"#5"},"up":{"uv":[14.5,8,10.5,9.5],"texture":"#5"},"down":{"uv":[10.5,9.5,14.5,11],"texture":"#5"}}},{"from":[4.2,14.9,-4.2],"to":[11.2,15.9,-2.2],"rotation":{"angle":22.5,"axis":"y","origin":[15,16.9,5]},"faces":{"north":{"uv":[0,15,3.5,15.5],"texture":"#5"},"east":{"uv":[7.9625,8.975,8.9625,9.475],"texture":"#5"},"south":{"uv":[3.5,15,0,15.5],"texture":"#5"},"west":{"uv":[8,9,9,9.5],"texture":"#5"},"up":{"uv":[0,14,3.5,15],"texture":"#5"},"down":{"uv":[0,14,3.5,15],"texture":"#5"}}},{"from":[-0.9,0,3],"to":[0.1,7,11],"faces":{"north":{"uv":[6,1,6.5,4.5],"texture":"#9"},"east":{"uv":[2,1,6,4.5],"texture":"#9"},"south":{"uv":[6,1,6.5,4.5],"texture":"#9"},"west":{"uv":[2,1,6,4.5],"texture":"#9"},"up":{"uv":[2,4.5,6,5],"rotation":90,"texture":"#9"},"down":{"uv":[2,5,6,5.5],"rotation":90,"texture":"#9"}}},{"from":[0.1,0,2],"to":[1.1,7,12],"faces":{"north":{"uv":[5.5,5,9,5.5],"rotation":90,"texture":"#5"},"east":{"uv":[5.5,0,9,5],"rotation":90,"texture":"#5"},"south":{"uv":[5.5,5.5,9,5],"rotation":90,"texture":"#5"},"west":{"uv":[5.5,0,9,5],"rotation":90,"texture":"#5"},"up":{"uv":[5.5,5,5,0],"texture":"#5"},"down":{"uv":[5,0,5.5,5],"texture":"#5"}}},{"from":[15.9,0,3],"to":[16.9,7,11],"rotation":{"angle":0,"axis":"y","origin":[16,0,0]},"faces":{"north":{"uv":[6.5,1,6,4.5],"texture":"#9"},"east":{"uv":[6,1,2,4.5],"texture":"#9"},"south":{"uv":[6.5,1,6,4.5],"texture":"#9"},"west":{"uv":[6,1,2,4.5],"texture":"#9"},"up":{"uv":[2,5,6,4.5],"rotation":90,"texture":"#9"},"down":{"uv":[2,5.5,6,5],"rotation":90,"texture":"#9"}}},{"from":[14.9,0,2],"to":[15.9,7,12],"rotation":{"angle":0,"axis":"y","origin":[16,0,0]},"faces":{"north":{"uv":[5.5,5.5,9,5],"rotation":90,"texture":"#5"},"east":{"uv":[5.5,5,9,0],"rotation":90,"texture":"#5"},"south":{"uv":[5.5,5,9,5.5],"rotation":90,"texture":"#5"},"west":{"uv":[5.5,5,9,0],"rotation":90,"texture":"#5"},"up":{"uv":[5,0,5.5,5],"texture":"#5"},"down":{"uv":[5.5,0,5,5],"texture":"#5"}}},{"from":[1,-4,17.3],"to":[15,-3,19.3],"rotation":{"angle":45,"axis":"x","origin":[8,0.5,21]},"faces":{"north":{"uv":[6,14.5,13,15],"texture":"#5"},"east":{"uv":[5,12.5,6,13],"texture":"#5"},"south":{"uv":[6,14.5,13,15],"texture":"#5"},"west":{"uv":[5,12.5,6,13],"texture":"#5"},"up":{"uv":[6,15,13,16],"texture":"#5"},"down":{"uv":[0,8.125,7,9.125],"texture":"#5"}}},{"from":[1.2,4.5,1.9],"to":[3.2,5.5,16],"rotation":{"angle":45,"axis":"z","origin":[8,0.5,21]},"faces":{"north":{"uv":[9,1.5,10,2],"texture":"#9"},"east":{"uv":[8.5,2,9,9],"rotation":90,"texture":"#9"},"south":{"uv":[9,1.5,10,2],"texture":"#9"},"west":{"uv":[8.5,2,9,9],"rotation":90,"texture":"#9"},"up":{"uv":[9.125,9,10.125,16],"rotation":180,"texture":"#9"},"down":{"uv":[9,2,10,9],"rotation":180,"texture":"#9"}}},{"from":[12.8,4.5,1.9],"to":[14.8,5.5,16],"rotation":{"angle":-45,"axis":"z","origin":[8,0.5,21]},"faces":{"north":{"uv":[10,1.5,9,2],"texture":"#9"},"east":{"uv":[8.5,9.025,9,2.025],"rotation":90,"texture":"#9"},"south":{"uv":[10,1.5,9,2],"texture":"#9"},"west":{"uv":[8.5,9.025,9,2.025],"rotation":90,"texture":"#9"},"up":{"uv":[10.125,9,9.125,16],"rotation":180,"texture":"#9"},"down":{"uv":[10,2,9,9],"rotation":180,"texture":"#9"}}},{"from":[7.1,0,3.4],"to":[14.6,14,3.4],"rotation":{"angle":-22.5,"axis":"y","origin":[18,5,3.5]},"faces":{"north":{"uv":[4.725,1.125,0.875,8.125],"texture":"#5"},"east":{"uv":[0,0,0,7],"texture":"#5"},"south":{"uv":[0.875,1.125,4.725,8.125],"texture":"#5"},"west":{"uv":[0,0,0,7],"texture":"#5"},"up":{"uv":[0,0,5.25,0],"texture":"#5"},"down":{"uv":[0,0,5.25,0],"texture":"#5"}}},{"from":[3,17,5],"to":[3.5,18.5,14],"rotation":{"angle":0,"axis":"y","origin":[5.25,21.75,15.5]},"faces":{"north":{"uv":[11.5,5.5,13,6],"rotation":90,"texture":"#8"},"east":{"uv":[16,6.5,7,8],"texture":"#8"},"south":{"uv":[11.5,5.5,13,6],"rotation":90,"texture":"#8"},"west":{"uv":[7,6.5,16,8],"texture":"#8"},"up":{"uv":[7,6.5,16,6],"rotation":90,"texture":"#8"},"down":{"uv":[7,6.5,16,6],"rotation":90,"texture":"#8"}}},{"from":[12.5,17,5],"to":[13,18.5,14],"rotation":{"angle":0,"axis":"y","origin":[10.75,21.75,15.5]},"faces":{"north":{"uv":[11.5,6,13,5.5],"rotation":90,"texture":"#8"},"east":{"uv":[16,6.5,7,8],"texture":"#8"},"south":{"uv":[11.5,6,13,5.5],"rotation":90,"texture":"#8"},"west":{"uv":[7,6.5,16,8],"texture":"#8"},"up":{"uv":[7,6,16,6.5],"rotation":90,"texture":"#8"},"down":{"uv":[7,6,16,6.5],"rotation":90,"texture":"#8"}}},{"from":[0.5,8,6],"to":[1,10,11.5],"rotation":{"angle":0,"axis":"y","origin":[0.75,8.5,8.75]},"faces":{"north":{"uv":[8.25,4.625,8.5,5.625],"texture":"#2"},"east":{"uv":[8.75,4.5,9.75,7.25],"rotation":90,"texture":"#2"},"south":{"uv":[8.25,4.625,8.5,5.625],"texture":"#2"},"west":{"uv":[8.75,4.5,9.75,7.25],"rotation":90,"texture":"#2"},"up":{"uv":[8.5,4.5,8.75,7.25],"texture":"#2"},"down":{"uv":[8.5,4.5,8.75,7.25],"texture":"#2"}}},{"from":[15,8,6],"to":[15.5,10,11.5],"rotation":{"angle":0,"axis":"y","origin":[15.25,8.5,8.75]},"faces":{"north":{"uv":[8.5,4.625,8.25,5.625],"texture":"#2"},"east":{"uv":[8.75,7.25,9.75,4.5],"rotation":90,"texture":"#2"},"south":{"uv":[8.5,4.625,8.25,5.625],"texture":"#2"},"west":{"uv":[8.75,7.25,9.75,4.5],"rotation":90,"texture":"#2"},"up":{"uv":[8.75,4.5,8.5,7.25],"texture":"#2"},"down":{"uv":[8.75,4.5,8.5,7.25],"texture":"#2"}}},{"from":[0,3.5,14],"to":[1,6.5,16],"rotation":{"angle":0,"axis":"y","origin":[0,-0.5,0]},"faces":{"north":{"uv":[8.5,0,9,1.5],"texture":"#9"},"east":{"uv":[9,0,10,1.5],"texture":"#9"},"south":{"uv":[8.5,0,9,1.5],"texture":"#9"},"west":{"uv":[9,0,10,1.5],"texture":"#9"},"up":{"uv":[8,0,8.5,1],"texture":"#9"},"down":{"uv":[8,0,8.5,1],"texture":"#9"}}},{"from":[-1,3,13.6],"to":[1,4.5,15.1],"rotation":{"angle":-45,"axis":"x","origin":[0.5,4.5,15]},"faces":{"north":{"uv":[4.875,0,5.875,0.75],"texture":"#9"},"east":{"uv":[4.125,0,4.875,0.75],"texture":"#9"},"south":{"uv":[4.875,0,5.875,0.75],"texture":"#9"},"west":{"uv":[4.125,0,4.875,0.75],"texture":"#9"},"up":{"uv":[6.875,0,7.875,0.75],"texture":"#9"},"down":{"uv":[5.875,0,6.875,0.75],"texture":"#9"}}},{"from":[0,2.5,15],"to":[1,3.5,16],"rotation":{"angle":0,"axis":"y","origin":[0,-0.5,0]},"faces":{"north":{"uv":[3.125,0,3.625,0.5],"texture":"#9"},"east":{"uv":[3.625,0,4.125,0.5],"texture":"#9"},"south":{"uv":[3.125,0,3.625,0.5],"texture":"#9"},"west":{"uv":[3.625,0,4.125,0.5],"texture":"#9"},"up":{"uv":[3.625,0.5,4.125,1],"texture":"#9"},"down":{"uv":[3.125,0.5,3.625,1],"texture":"#9"}}},{"from":[0,2.5,16],"to":[2,6.5,16.5],"rotation":{"angle":0,"axis":"y","origin":[0,-0.5,0]},"faces":{"north":{"uv":[0,11,1,13],"texture":"#5"},"east":{"uv":[1.25,11,1.5,13],"texture":"#5"},"south":{"uv":[0,11,1,13],"texture":"#5"},"west":{"uv":[1,11,1.25,13],"texture":"#5"},"up":{"uv":[0,10.5,1,10.75],"texture":"#5"},"down":{"uv":[0,10.75,1,11],"texture":"#5"}}},{"from":[15,3.5,14],"to":[16,6.5,16],"rotation":{"angle":0,"axis":"y","origin":[16,-0.5,0]},"faces":{"north":{"uv":[9,0,8.5,1.5],"texture":"#9"},"east":{"uv":[10,0,9,1.5],"texture":"#9"},"south":{"uv":[9,0,8.5,1.5],"texture":"#9"},"west":{"uv":[10,0,9,1.5],"texture":"#9"},"up":{"uv":[8.5,0,8,1],"texture":"#9"},"down":{"uv":[8.5,0,8,1],"texture":"#9"}}},{"from":[14,2.5,16],"to":[16,6.5,16.5],"rotation":{"angle":0,"axis":"y","origin":[16,-0.5,0]},"faces":{"north":{"uv":[1,11,0,13],"texture":"#5"},"east":{"uv":[1.25,11,1,13],"texture":"#5"},"south":{"uv":[1,11,0,13],"texture":"#5"},"west":{"uv":[1.25,11,1.5,13],"texture":"#5"},"up":{"uv":[0,10.5,1,10.75],"texture":"#5"},"down":{"uv":[1,10.75,0,11],"texture":"#5"}}},{"from":[15,2.5,15],"to":[16,3.5,16],"rotation":{"angle":0,"axis":"y","origin":[16,-0.5,0]},"faces":{"north":{"uv":[3.625,0,3.125,0.5],"texture":"#9"},"east":{"uv":[4.125,0,3.625,0.5],"texture":"#9"},"south":{"uv":[3.625,0,3.125,0.5],"texture":"#9"},"west":{"uv":[4.125,0,3.625,0.5],"texture":"#9"},"up":{"uv":[4.125,0.5,3.625,1],"texture":"#9"},"down":{"uv":[3.625,0.5,3.125,1],"texture":"#9"}}},{"from":[15,3,13.6],"to":[17,4.5,15.1],"rotation":{"angle":-45,"axis":"x","origin":[15.5,4.5,15]},"faces":{"north":{"uv":[5.875,0,4.875,0.75],"texture":"#9"},"east":{"uv":[4.875,0,4.125,0.75],"texture":"#9"},"south":{"uv":[7.875,0,6.875,0.75],"rotation":180,"texture":"#9"},"west":{"uv":[4.875,0,4.125,0.75],"texture":"#9"},"up":{"uv":[7.875,0,6.875,0.75],"texture":"#9"},"down":{"uv":[5.875,0,4.875,0.75],"texture":"#9"}}},{"from":[7,14,-2.5],"to":[9,17,-0.5],"faces":{"north":{"uv":[7,8,8.5,9],"rotation":90,"texture":"#9"},"east":{"uv":[9.125,9.5,8.125,11],"texture":"#9"},"south":{"uv":[7,8,8.5,9],"rotation":90,"texture":"#9"},"west":{"uv":[8.125,9.5,9.125,11],"texture":"#9"},"up":{"uv":[7.125,10,8.125,11],"texture":"#9"},"down":{"uv":[7.125,9,8.125,10],"texture":"#9"}}},{"from":[19.31,4.27,-5.76],"to":[21.31,6.77,-3.76],"rotation":{"angle":0,"axis":"y","origin":[20.28,3.45,1.81]},"faces":{"north":{"uv":[2,10.5,1,11.75],"texture":"#3"},"east":{"uv":[2,9.25,1,10.5],"texture":"#3"},"south":{"uv":[2,10.5,1,11.75],"texture":"#3"},"west":{"uv":[1,9.25,2,10.5],"texture":"#3"},"up":{"uv":[1,10.75,0,11.75],"rotation":180,"texture":"#3"},"down":{"uv":[1,9.75,0,10.75],"rotation":180,"texture":"#3"}}},{"from":[18.74,2.19,-2.95],"to":[21.82,5.69,-0.85],"rotation":{"angle":22.5,"axis":"x","origin":[20.28,3.45,1.81]},"faces":{"north":{"uv":[1.5,1.75,0,3.5],"texture":"#3"},"east":{"uv":[2.5,1.75,1.5,3.5],"texture":"#3"},"south":{"uv":[1.5,1.75,0,3.5],"texture":"#3"},"west":{"uv":[1.5,1.75,2.5,3.5],"texture":"#3"},"up":{"uv":[0,4.5,1.5,5.5],"texture":"#3"},"down":{"uv":[0,3.5,1.5,4.5],"texture":"#3"}}},{"from":[18.67,1.2,-1.48],"to":[21.89,4.56,0.62],"rotation":{"angle":45,"axis":"x","origin":[20.28,3.55,1.81]},"faces":{"north":{"uv":[1.75,0,0,1.75],"texture":"#3"},"east":{"uv":[2.75,0,1.75,1.75],"texture":"#3"},"south":{"uv":[1.75,0,0,1.75],"texture":"#3"},"west":{"uv":[1.75,0,2.75,1.75],"texture":"#3"},"up":{"uv":[2.75,1.75,3.75,0],"rotation":270,"texture":"#3"},"down":{"uv":[3.75,1.75,4.75,0],"rotation":270,"texture":"#3"}}},{"from":[18.6,1.87,-0.22],"to":[21.96,5.23,1.88],"rotation":{"angle":22.5,"axis":"x","origin":[20.28,3.55,1.81]},"faces":{"north":{"uv":[5.25,14.25,3.5,16],"texture":"#3"},"east":{"uv":[1,11.75,0,13.5],"texture":"#3"},"south":{"uv":[5.25,14.25,3.5,16],"texture":"#3"},"west":{"uv":[0,11.75,1,13.5],"texture":"#3"},"up":{"uv":[2.5,14.5,3.5,12.75],"rotation":270,"texture":"#3"},"down":{"uv":[1.5,14.5,2.5,12.75],"rotation":270,"texture":"#3"}}},{"from":[18.53,2.01,1.11],"to":[22.03,5.06,3.51],"rotation":{"angle":0,"axis":"y","origin":[18.11,3.55,5.89]},"faces":{"north":{"uv":[3.5,14.5,1.75,16],"texture":"#3"},"east":{"uv":[0,14.75,1.5,13.5],"rotation":90,"texture":"#3"},"south":{"uv":[3.5,14.5,1.75,16],"texture":"#3"},"west":{"uv":[0,13.5,1.5,14.75],"rotation":90,"texture":"#3"},"up":{"uv":[1.75,14.75,0,16],"rotation":180,"texture":"#3"},"down":{"uv":[7.75,14.5,6,15.25],"rotation":180,"texture":"#3"}}},{"from":[17.34,1.94,2.08],"to":[20.84,5.16,4.18],"rotation":{"angle":-22.5,"axis":"y","origin":[17.91,3.55,5.69]},"faces":{"north":{"uv":[14.25,8.25,12.5,9.75],"texture":"#3"},"east":{"uv":[12.5,8.25,11.5,9.75],"texture":"#3"},"south":{"uv":[2.125,12.75,3.625,11],"rotation":90,"texture":"#3"},"west":{"uv":[11.5,8.25,12.5,9.75],"texture":"#3"},"up":{"uv":[14.25,9.75,12.5,10.75],"rotation":180,"texture":"#3"},"down":{"uv":[14.25,7.25,12.5,8.25],"rotation":180,"texture":"#3"}}},{"from":[16.47,1.87,2.96],"to":[19.97,5.27,5.06],"rotation":{"angle":-45,"axis":"y","origin":[17.7,3.55,5.55]},"faces":{"north":{"uv":[14.25,10.75,12.5,12.5],"texture":"#3"},"east":{"uv":[13.25,12.5,12.25,14.25],"texture":"#3"},"south":{"uv":[14.25,10.75,12.5,12.5],"texture":"#3"},"west":{"uv":[13.25,12.5,12.25,14.25],"texture":"#3"},"up":{"uv":[13.25,16,14.25,14.25],"rotation":90,"texture":"#3"},"down":{"uv":[13.25,14.25,14.25,12.5],"rotation":270,"texture":"#3"}}},{"from":[17.63,1.8,3.87],"to":[19.03,5.3,7.37],"rotation":{"angle":22.5,"axis":"y","origin":[17.7,3.55,5.55]},"faces":{"north":{"uv":[14.25,10.5,16,9.75],"rotation":90,"texture":"#3"},"east":{"uv":[16,8,14.25,9.75],"texture":"#3"},"south":{"uv":[14.25,10.5,16,9.75],"rotation":90,"texture":"#3"},"west":{"uv":[16,8,14.25,9.75],"texture":"#3"},"up":{"uv":[14.25,11.25,16,10.5],"rotation":90,"texture":"#3"},"down":{"uv":[14.25,11.975,16,11.225],"rotation":90,"texture":"#3"}}},{"from":[17,1.7,4.1],"to":[18.4,5.4,7.2],"rotation":{"angle":0,"axis":"y","origin":[17.7,-2.4,2.4]},"faces":{"north":{"uv":[14.25,16,16,15.25],"rotation":90,"texture":"#3"},"east":{"uv":[15.75,12,14.25,13.75],"texture":"#3"},"south":{"uv":[14.25,16,16,15.25],"rotation":90,"texture":"#3"},"west":{"uv":[15.75,12,14.25,13.75],"texture":"#3"},"up":{"uv":[14.25,15.25,15.75,14.5],"rotation":90,"texture":"#3"},"down":{"uv":[14.25,14.5,15.75,13.75],"rotation":90,"texture":"#3"}}},{"from":[18.81,3.77,-3.76],"to":[21.75,7.27,-1.66],"rotation":{"angle":0,"axis":"y","origin":[20.28,3.45,1.81]},"faces":{"north":{"uv":[1.5,5.5,0,7.25],"texture":"#3"},"east":{"uv":[2.5,5.5,1.5,7.25],"texture":"#3"},"south":{"uv":[1.5,5.5,0,7.25],"texture":"#3"},"west":{"uv":[1.5,5.5,2.5,7.25],"texture":"#3"},"up":{"uv":[1.5,8.25,0,9.25],"rotation":180,"texture":"#3"},"down":{"uv":[1.5,7.25,0,8.25],"rotation":180,"texture":"#3"}}},{"from":[19.71,4.87,-7.76],"to":[20.71,6.37,-5.76],"rotation":{"angle":0,"axis":"y","origin":[20.28,3.45,1.81]},"faces":{"north":{"uv":[2,4.75,1.5,5.5],"texture":"#3"},"east":{"uv":[2.5,4,1.5,4.75],"texture":"#3"},"south":{"uv":[2,4.75,1.5,5.5],"texture":"#3"},"west":{"uv":[2.5,4,1.5,4.75],"texture":"#3"},"up":{"uv":[0,9.75,1,9.25],"rotation":90,"texture":"#3"},"down":{"uv":[1.5,12.5,1,13.5],"rotation":180,"texture":"#3"}}},{"from":[8,14,2],"to":[14,17,15],"rotation":{"angle":0,"axis":"y","origin":[16,-4,0]},"faces":{"north":{"uv":[14.5,13,16,10],"rotation":90,"texture":"#5"},"east":{"uv":[10.5,9.5,12,16],"rotation":90,"texture":"#9"},"south":{"uv":[13,0.5,10,2],"texture":"#9"},"west":{"uv":[10.5,16,12,9.5],"rotation":90,"texture":"#9"},"up":{"uv":[13,2.5,10,9],"texture":"#9"},"down":{"uv":[13,2.5,10,9],"texture":"#9"}}}],"gui_light":"front","display":{"thirdperson_righthand":{"rotation":[67.5,0,0],"translation":[0,2.5,0.25],"scale":[0.28125,0.28125,0.28125]},"thirdperson_lefthand":{"rotation":[67.5,0,0],"translation":[0,2.5,0.25],"scale":[0.28125,0.28125,0.28125]},"firstperson_righthand":{"translation":[1.75,3,0],"scale":[0.28711,0.28711,0.28711]},"firstperson_lefthand":{"translation":[1.75,3,0],"scale":[0.28711,0.28711,0.28711]},"ground":{"translation":[0,4.25,0],"scale":[0.5,0.5,0.5]},"gui":{"rotation":[30,135,0],"translation":[0.75,-0.25,0],"scale":[0.4275,0.4275,0.4275]},"head":{"translation":[0,2.25,-0.25]},"fixed":{"rotation":[-90,0,0],"translation":[0,-1,-10.5],"scale":[1.12344,1.12344,1.12344]}}}