{"credit":"MadewithBlockbench","texture_size":[32,32],"textures":{"5":"elitecreatures:king_arthur_animated_weapon_set/symbol","7":"elitecreatures:king_arthur_animated_weapon_set/texture1","8":"elitecreatures:king_arthur_animated_weapon_set/texture2","10":"elitecreatures:king_arthur_animated_weapon_set/texture4","11":"elitecreatures:king_arthur_animated_weapon_set/texture5","13":"elitecreatures:king_arthur_animated_weapon_set/texture7","16":"elitecreatures:king_arthur_animated_weapon_set/texture10","particle":"elitecreatures:king_arthur_animated_weapon_set/texture1"},"elements":[{"from":[7.5,-7,7.5],"to":[8.5,0,8.5],"rotation":{"angle":0,"axis":"y","origin":[8,1.5,8]},"faces":{"north":{"uv":[12,5,11,12],"texture":"#7"},"east":{"uv":[13,5,12,12],"texture":"#7"},"south":{"uv":[12,5,11,12],"texture":"#7"},"west":{"uv":[13,5,12,12],"texture":"#7"},"up":{"uv":[12,5,13,4],"rotation":270,"texture":"#7"},"down":{"uv":[13,6,14,5],"rotation":90,"texture":"#7"}}},{"from":[6.5,-8.5,6.5],"to":[9.5,-7.5,9.5],"faces":{"north":{"uv":[6,0,3,1],"texture":"#8"},"east":{"uv":[6,0,3,1],"texture":"#8"},"south":{"uv":[6,0,3,1],"texture":"#8"},"west":{"uv":[6,0,3,1],"texture":"#8"},"up":{"uv":[3,0,0,3],"rotation":90,"texture":"#8"},"down":{"uv":[3,6,0,3],"rotation":270,"texture":"#8"}}},{"from":[7,16,5.6],"to":[9,18,6.1],"rotation":{"angle":45,"axis":"x","origin":[5,15,1.5]},"faces":{"north":{"uv":[11,13,9,11],"texture":"#7"},"east":{"uv":[9,13,8.5,11],"texture":"#7"},"south":{"uv":[11,13,9,11],"texture":"#7"},"west":{"uv":[9,13,8.5,11],"texture":"#7"},"up":{"uv":[9,10.5,11,11],"rotation":180,"texture":"#7"},"down":{"uv":[9,10.5,11,11],"texture":"#7"}}},{"from":[7,8,6],"to":[9,13,10],"rotation":{"angle":0,"axis":"y","origin":[7,14.5,8]},"faces":{"north":{"uv":[6,5,4,0],"texture":"#7"},"east":{"uv":[10,10.5,6,5.5],"texture":"#5"},"south":{"uv":[6,5,4,0],"texture":"#7"},"west":{"uv":[10,10.5,6,5.5],"texture":"#5"},"up":{"uv":[4,7,0,9],"rotation":90,"texture":"#7"},"down":{"uv":[4,7,0,5],"rotation":270,"texture":"#7"}}},{"from":[7.1,5.3,9.3],"to":[8.9,8.3,12.3],"rotation":{"angle":-45,"axis":"x","origin":[7.4,4,8]},"faces":{"north":{"uv":[3,14.25,0,12.25],"rotation":90,"texture":"#7"},"east":{"uv":[3,9.25,0,12.25],"rotation":180,"texture":"#7"},"south":{"uv":[3,14.05,0,12.25],"rotation":90,"texture":"#7"},"west":{"uv":[0,12.25,3,9.25],"rotation":90,"texture":"#7"},"up":{"uv":[4.8,9.25,3,12.25],"texture":"#7"},"down":{"uv":[0,12.25,3,14.25],"rotation":270,"texture":"#7"}}},{"from":[7.1,9,11],"to":[8.1,14,12],"rotation":{"angle":0,"axis":"y","origin":[12.6,15,12]},"faces":{"north":{"uv":[11,3,16,2],"rotation":270,"texture":"#7"},"east":{"uv":[11,2,16,1],"rotation":90,"texture":"#7"},"south":{"uv":[16,3,11,2],"rotation":90,"texture":"#7"},"west":{"uv":[11,1,16,0],"rotation":90,"texture":"#7"},"up":{"uv":[8,11,9,10],"rotation":90,"texture":"#7"},"down":{"uv":[10,1,11,0],"rotation":90,"texture":"#7"}}},{"from":[7.1,8.6,4.1],"to":[8.9,10.5,7],"rotation":{"angle":45,"axis":"x","origin":[7,9.5,8]},"faces":{"north":{"uv":[14,14,16,12],"texture":"#7"},"east":{"uv":[15.9,15.9,13,14],"texture":"#7"},"south":{"uv":[14,14,16,12],"texture":"#7"},"west":{"uv":[13,15.9,15.9,14],"texture":"#7"},"up":{"uv":[16,10,13,12],"rotation":270,"texture":"#7"},"down":{"uv":[16,10,13,12],"rotation":90,"texture":"#7"}}},{"from":[7,10,4.6],"to":[9,11.6,6],"rotation":{"angle":0,"axis":"y","origin":[7,14.5,8]},"faces":{"north":{"uv":[8.25,1.5,6.25,0],"texture":"#7"},"east":{"uv":[6.25,3,7.75,1.5],"texture":"#7"},"south":{"uv":[8.25,1.5,6.25,0],"texture":"#7"},"west":{"uv":[7.75,3,6.25,1.5],"texture":"#7"},"up":{"uv":[6.25,3,7.75,5],"rotation":270,"texture":"#7"},"down":{"uv":[7.75,3,9.25,5],"rotation":90,"texture":"#7"}}},{"from":[7.1,8.2,8.9],"to":[8.9,11.2,10.7],"rotation":{"angle":-22.5,"axis":"x","origin":[7,0.5,8]},"faces":{"north":{"uv":[5,10.25,8,12.25],"rotation":90,"texture":"#7"},"east":{"uv":[7,5,4,7],"rotation":270,"texture":"#7"},"south":{"uv":[13,0,14,1],"rotation":90,"texture":"#7"},"west":{"uv":[4,5,7,7],"rotation":90,"texture":"#7"},"up":{"uv":[6,9,4,7],"texture":"#7"},"down":{"uv":[6,9,4,7],"rotation":180,"texture":"#7"}}},{"from":[7.3,8.2,11.1],"to":[8.3,9.2,11.9],"rotation":{"angle":22.5,"axis":"z","origin":[7.6,8.5,11.5]},"faces":{"north":{"uv":[16,8,15,7],"rotation":270,"texture":"#7"},"east":{"uv":[13,8,14,7],"rotation":90,"texture":"#7"},"south":{"uv":[15,8,16,7],"rotation":90,"texture":"#7"},"west":{"uv":[13,7,14,6],"rotation":90,"texture":"#7"},"up":{"uv":[14,8,15,7],"rotation":90,"texture":"#7"},"down":{"uv":[14,8,15,7],"rotation":90,"texture":"#7"}}},{"from":[6.5,-9.5,9],"to":[7,-8.5,9.5],"rotation":{"angle":0,"axis":"y","origin":[16,0,0]},"faces":{"north":{"uv":[4,2,3.5,3],"texture":"#8"},"east":{"uv":[3.5,2,3,3],"texture":"#8"},"south":{"uv":[4,2,3.5,3],"texture":"#8"},"west":{"uv":[3.5,2,3,3],"texture":"#8"},"up":{"uv":[4,2.5,4.5,2],"rotation":90,"texture":"#8"},"down":{"uv":[4,2.5,4.5,2],"rotation":270,"texture":"#8"}}},{"from":[6.5,-9,7.5],"to":[7,-8.5,8.5],"faces":{"north":{"uv":[3,4,3.5,4.5],"texture":"#8"},"east":{"uv":[4,3,3,3.5],"texture":"#8"},"south":{"uv":[3.5,4,3,4.5],"texture":"#8"},"west":{"uv":[4,3,3,3.5],"texture":"#8"},"up":{"uv":[3,4,4,3.5],"rotation":90,"texture":"#8"},"down":{"uv":[3,4,4,3.5],"rotation":270,"texture":"#8"}}},{"from":[7,-7.5,7],"to":[9,-7,9],"faces":{"north":{"uv":[9,5,7,5.5],"texture":"#7"},"east":{"uv":[9,5.5,7,6],"texture":"#7"},"south":{"uv":[9,5,7,5.5],"texture":"#7"},"west":{"uv":[9,5.5,7,6],"texture":"#7"},"up":{"uv":[7,8,9,6],"rotation":90,"texture":"#7"},"down":{"uv":[7,8,9,6],"rotation":270,"texture":"#7"}}},{"from":[6.9,12,6.5],"to":[6.9,14.5,7.5],"rotation":{"angle":0,"axis":"y","origin":[0,13,0]},"faces":{"north":{"uv":[0,2.5,0,0],"texture":"#7"},"east":{"uv":[3,14.75,4,12.25],"texture":"#7"},"south":{"uv":[0,2.5,0,0],"texture":"#7"},"west":{"uv":[4,14.75,3,12.25],"texture":"#7"},"up":{"uv":[0,0,1,0],"rotation":90,"texture":"#7"},"down":{"uv":[0,0,1,0],"rotation":270,"texture":"#7"}}},{"from":[7.1,8.6,9],"to":[8.9,10.5,11.9],"rotation":{"angle":-45,"axis":"x","origin":[7,9.5,8]},"faces":{"north":{"uv":[16,14,14,12],"texture":"#7"},"east":{"uv":[13,16,16,14],"texture":"#7"},"south":{"uv":[16,14,14,12],"texture":"#7"},"west":{"uv":[16,16,13,14],"texture":"#7"},"up":{"uv":[13,10,16,12],"rotation":270,"texture":"#7"},"down":{"uv":[13,10,16,12],"rotation":90,"texture":"#7"}}},{"from":[7,10,10],"to":[9,11.6,11.4],"rotation":{"angle":0,"axis":"y","origin":[7,14.5,8]},"faces":{"north":{"uv":[6.25,1.5,8.25,0],"texture":"#7"},"east":{"uv":[7.75,3,6.25,1.5],"texture":"#7"},"south":{"uv":[6.25,1.5,8.25,0],"texture":"#7"},"west":{"uv":[6.25,3,7.75,1.5],"texture":"#7"},"up":{"uv":[7.75,3,6.25,5],"rotation":270,"texture":"#7"},"down":{"uv":[9.25,3,7.75,5],"rotation":90,"texture":"#7"}}},{"from":[6.9,12,8.5],"to":[6.9,14.5,9.5],"rotation":{"angle":0,"axis":"y","origin":[0,13,16]},"faces":{"north":{"uv":[0,2.5,0,0],"texture":"#7"},"east":{"uv":[4,14.75,3,12.25],"texture":"#7"},"south":{"uv":[0,2.5,0,0],"texture":"#7"},"west":{"uv":[3,14.75,4,12.25],"texture":"#7"},"up":{"uv":[1,0,0,0],"rotation":90,"texture":"#7"},"down":{"uv":[1,0,0,0],"rotation":270,"texture":"#7"}}},{"from":[9.1,12,8.5],"to":[9.1,14.5,9.5],"rotation":{"angle":0,"axis":"y","origin":[16,13,16]},"faces":{"north":{"uv":[0,2.5,0,0],"texture":"#7"},"east":{"uv":[4,14.75,3,12.25],"texture":"#7"},"south":{"uv":[0,2.5,0,0],"texture":"#7"},"west":{"uv":[3,14.75,4,12.25],"texture":"#7"},"up":{"uv":[1,0,0,0],"rotation":90,"texture":"#7"},"down":{"uv":[1,0,0,0],"rotation":270,"texture":"#7"}}},{"from":[9.1,12,6.5],"to":[9.1,14.5,7.5],"rotation":{"angle":0,"axis":"y","origin":[16,13,0]},"faces":{"north":{"uv":[0,2.5,0,0],"texture":"#7"},"east":{"uv":[3,14.75,4,12.25],"texture":"#7"},"south":{"uv":[0,2.5,0,0],"texture":"#7"},"west":{"uv":[4,14.75,3,12.25],"texture":"#7"},"up":{"uv":[0,0,1,0],"rotation":90,"texture":"#7"},"down":{"uv":[0,0,1,0],"rotation":270,"texture":"#7"}}},{"from":[7.4,9,12.3],"to":[8.4,12,12.3],"rotation":{"angle":0,"axis":"y","origin":[8,12,13]},"faces":{"north":{"uv":[4,15,7,16],"rotation":270,"texture":"#7"},"east":{"uv":[0,0,3,0],"rotation":270,"texture":"#7"},"south":{"uv":[4,16,7,15],"rotation":270,"texture":"#7"},"west":{"uv":[0,0,3,0],"rotation":90,"texture":"#7"},"up":{"uv":[2,0,1,0],"rotation":180,"texture":"#7"},"down":{"uv":[2,0,1,0],"texture":"#7"}}},{"from":[8.4,9,10.7],"to":[8.4,12,12.3],"rotation":{"angle":0,"axis":"y","origin":[8,12,13]},"faces":{"north":{"uv":[0,0,3,0],"rotation":270,"texture":"#7"},"east":{"uv":[13,4.85,16,3.35],"rotation":270,"texture":"#7"},"south":{"uv":[0,0,3,0],"rotation":90,"texture":"#7"},"west":{"uv":[13,4.85,16,3.35],"rotation":270,"texture":"#7"},"up":{"uv":[0,0,1.6,0],"rotation":90,"texture":"#7"},"down":{"uv":[0,0,1.6,0],"rotation":90,"texture":"#7"}}},{"from":[7.4,9,10.7],"to":[8.4,12,10.7],"rotation":{"angle":0,"axis":"y","origin":[8,12,10]},"faces":{"north":{"uv":[7,16,4,15],"rotation":90,"texture":"#7"},"east":{"uv":[0,0,3,0],"rotation":270,"texture":"#7"},"south":{"uv":[7,15,4,16],"rotation":90,"texture":"#7"},"west":{"uv":[0,0,3,0],"rotation":90,"texture":"#7"},"up":{"uv":[2,0,1,0],"rotation":180,"texture":"#7"},"down":{"uv":[2,0,1,0],"texture":"#7"}}},{"from":[7.5,5.5,5.8],"to":[7.5,9.5,7.3],"rotation":{"angle":0,"axis":"y","origin":[7.5,6.5,7.9]},"faces":{"north":{"uv":[17,0,13,0],"rotation":90,"texture":"#7"},"east":{"uv":[9,15.75,13,14.25],"rotation":270,"texture":"#7"},"south":{"uv":[17,1,13,1],"rotation":90,"texture":"#7"},"west":{"uv":[13,15.75,9,14.25],"rotation":90,"texture":"#7"},"up":{"uv":[14,9,14,11],"texture":"#7"},"down":{"uv":[14,9,14,11],"rotation":180,"texture":"#7"}}},{"from":[6.5,-9.5,6.5],"to":[7,-8.5,7],"rotation":{"angle":0,"axis":"y","origin":[16,0,16]},"faces":{"north":{"uv":[3.5,2,4,3],"texture":"#8"},"east":{"uv":[3,2,3.5,3],"texture":"#8"},"south":{"uv":[3.5,2,4,3],"texture":"#8"},"west":{"uv":[3,2,3.5,3],"texture":"#8"},"up":{"uv":[4.5,2.5,4,2],"rotation":90,"texture":"#8"},"down":{"uv":[4.5,2.5,4,2],"rotation":270,"texture":"#8"}}},{"from":[9,-9.5,6.5],"to":[9.5,-8.5,7],"rotation":{"angle":0,"axis":"y","origin":[0,0,16]},"faces":{"north":{"uv":[4,2,3.5,3],"texture":"#8"},"east":{"uv":[3.5,2,3,3],"texture":"#8"},"south":{"uv":[4,2,3.5,3],"texture":"#8"},"west":{"uv":[3.5,2,3,3],"texture":"#8"},"up":{"uv":[4.5,2,4,2.5],"rotation":90,"texture":"#8"},"down":{"uv":[4.5,2,4,2.5],"rotation":270,"texture":"#8"}}},{"from":[9,-9,7.5],"to":[9.5,-8.5,8.5],"rotation":{"angle":0,"axis":"y","origin":[16,0,0]},"faces":{"north":{"uv":[3.5,4,3,4.5],"texture":"#8"},"east":{"uv":[3,3,4,3.5],"texture":"#8"},"south":{"uv":[3,4,3.5,4.5],"texture":"#8"},"west":{"uv":[3,3,4,3.5],"texture":"#8"},"up":{"uv":[3,3.5,4,4],"rotation":90,"texture":"#8"},"down":{"uv":[3,3.5,4,4],"rotation":270,"texture":"#8"}}},{"from":[9,-9.5,9],"to":[9.5,-8.5,9.5],"faces":{"north":{"uv":[3.5,2,4,3],"texture":"#8"},"east":{"uv":[3,2,3.5,3],"texture":"#8"},"south":{"uv":[3.5,2,4,3],"texture":"#8"},"west":{"uv":[3,2,3.5,3],"texture":"#8"},"up":{"uv":[4,2,4.5,2.5],"rotation":90,"texture":"#8"},"down":{"uv":[4,2,4.5,2.5],"rotation":270,"texture":"#8"}}},{"from":[7.5,-9,6.5],"to":[8.5,-8.5,7],"rotation":{"angle":0,"axis":"y","origin":[8,-8.75,8]},"faces":{"north":{"uv":[3,3,4,3.5],"texture":"#8"},"east":{"uv":[3,4,3.5,4.5],"texture":"#8"},"south":{"uv":[3,3,4,3.5],"texture":"#8"},"west":{"uv":[3.5,4,3,4.5],"texture":"#8"},"up":{"uv":[4,4,3,3.5],"rotation":180,"texture":"#8"},"down":{"uv":[4,4,3,3.5],"rotation":180,"texture":"#8"}}},{"from":[7.5,-9,9],"to":[8.5,-8.5,9.5],"rotation":{"angle":0,"axis":"y","origin":[8,-8.75,8]},"faces":{"north":{"uv":[4,3,3,3.5],"texture":"#8"},"east":{"uv":[3.5,4,3,4.5],"texture":"#8"},"south":{"uv":[4,3,3,3.5],"texture":"#8"},"west":{"uv":[3,4,3.5,4.5],"texture":"#8"},"up":{"uv":[4,3.5,3,4],"rotation":180,"texture":"#8"},"down":{"uv":[4,3.5,3,4],"rotation":180,"texture":"#8"}}},{"from":[7,16,9.9],"to":[9,18,10.4],"rotation":{"angle":-45,"axis":"x","origin":[5,15,14.5]},"faces":{"north":{"uv":[9,13,11,11],"texture":"#7"},"east":{"uv":[8.5,13,9,11],"texture":"#7"},"south":{"uv":[9,13,11,11],"texture":"#7"},"west":{"uv":[8.5,13,9,11],"texture":"#7"},"up":{"uv":[9,11,11,10.5],"rotation":180,"texture":"#7"},"down":{"uv":[9,11,11,10.5],"texture":"#7"}}},{"from":[7.3,-6.5,7.3],"to":[8.7,-5,8.7],"faces":{"north":{"uv":[7.5,9.5,9,8],"rotation":90,"texture":"#7"},"east":{"uv":[10.5,5,9,6.5],"texture":"#7"},"south":{"uv":[7.5,9.5,9,8],"rotation":90,"texture":"#7"},"west":{"uv":[10.5,5,9,6.5],"texture":"#7"},"up":{"uv":[6,9.5,7.5,8],"rotation":90,"texture":"#7"},"down":{"uv":[11,1.5,9.5,3],"rotation":180,"texture":"#7"}}},{"from":[7.1,8.2,5.3],"to":[8.9,11.2,7.1],"rotation":{"angle":22.5,"axis":"x","origin":[7,0.5,8]},"faces":{"north":{"uv":[13,1,14,0],"rotation":90,"texture":"#7"},"east":{"uv":[7,7,4,5],"rotation":270,"texture":"#7"},"south":{"uv":[5,12.25,8,10.25],"rotation":90,"texture":"#7"},"west":{"uv":[4,7,7,5],"rotation":90,"texture":"#7"},"up":{"uv":[6,7,4,9],"texture":"#7"},"down":{"uv":[6,7,4,9],"rotation":180,"texture":"#7"}}},{"from":[7.3,-3.5,7.3],"to":[8.7,-2,8.7],"faces":{"north":{"uv":[7.5,9.5,9,8],"rotation":90,"texture":"#7"},"east":{"uv":[10.5,5,9,6.5],"texture":"#7"},"south":{"uv":[7.5,9.5,9,8],"rotation":90,"texture":"#7"},"west":{"uv":[10.5,5,9,6.5],"texture":"#7"},"up":{"uv":[6,9.5,7.5,8],"rotation":90,"texture":"#7"},"down":{"uv":[11,1.5,9.5,3],"rotation":180,"texture":"#7"}}},{"from":[7.5,5.5,8.7],"to":[7.5,9.5,10.2],"rotation":{"angle":0,"axis":"y","origin":[7.5,6.5,8.1]},"faces":{"north":{"uv":[17,1,13,1],"rotation":90,"texture":"#7"},"east":{"uv":[9,14.25,13,15.75],"rotation":270,"texture":"#7"},"south":{"uv":[17,0,13,0],"rotation":90,"texture":"#7"},"west":{"uv":[13,14.25,9,15.75],"rotation":90,"texture":"#7"},"up":{"uv":[14,11,14,9],"texture":"#7"},"down":{"uv":[14,11,14,9],"rotation":180,"texture":"#7"}}},{"from":[8.5,5.5,5.8],"to":[8.5,9.5,7.3],"rotation":{"angle":0,"axis":"y","origin":[8.5,6.5,7.9]},"faces":{"north":{"uv":[17,0,13,0],"rotation":90,"texture":"#7"},"east":{"uv":[13,14.25,9,15.75],"rotation":90,"texture":"#7"},"south":{"uv":[17,1,13,1],"rotation":90,"texture":"#7"},"west":{"uv":[9,14.25,13,15.75],"rotation":270,"texture":"#7"},"up":{"uv":[14,9,14,11],"texture":"#7"},"down":{"uv":[14,9,14,11],"rotation":180,"texture":"#7"}}},{"from":[8.5,5.5,8.7],"to":[8.5,9.5,10.2],"rotation":{"angle":0,"axis":"y","origin":[8.5,6.5,8.1]},"faces":{"north":{"uv":[17,1,13,1],"rotation":90,"texture":"#7"},"east":{"uv":[13,15.75,9,14.25],"rotation":90,"texture":"#7"},"south":{"uv":[17,0,13,0],"rotation":90,"texture":"#7"},"west":{"uv":[9,15.75,13,14.25],"rotation":270,"texture":"#7"},"up":{"uv":[14,11,14,9],"texture":"#7"},"down":{"uv":[14,11,14,9],"rotation":180,"texture":"#7"}}},{"from":[7.85,9.85,12.4],"to":[10.85,12.35,12.4],"rotation":{"angle":0,"axis":"y","origin":[8.65,11.1,12.4]},"faces":{"north":{"uv":[7,12.25,4,14.75],"rotation":180,"texture":"#7"},"east":{"uv":[0,0,0,2],"rotation":180,"texture":"#7"},"south":{"uv":[4,12.25,7,14.75],"rotation":180,"texture":"#7"},"west":{"uv":[0,0,0,2],"rotation":180,"texture":"#7"},"up":{"uv":[2,0,0,0],"texture":"#7"},"down":{"uv":[2,0,0,0],"texture":"#7"}}},{"from":[7.5,0,7.5],"to":[8.5,7,8.5],"rotation":{"angle":0,"axis":"y","origin":[8,1.5,8]},"faces":{"north":{"uv":[12,5,11,12],"texture":"#7"},"east":{"uv":[13,5,12,12],"texture":"#7"},"south":{"uv":[12,5,11,12],"texture":"#7"},"west":{"uv":[13,5,12,12],"texture":"#7"},"up":{"uv":[12,5,13,4],"rotation":270,"texture":"#7"},"down":{"uv":[13,6,14,5],"rotation":90,"texture":"#7"}}},{"from":[7.3,3.5,7.3],"to":[8.7,5,8.7],"faces":{"north":{"uv":[7.5,9.5,9,8],"rotation":90,"texture":"#7"},"east":{"uv":[10.5,5,9,6.5],"texture":"#7"},"south":{"uv":[7.5,9.5,9,8],"rotation":90,"texture":"#7"},"west":{"uv":[10.5,5,9,6.5],"texture":"#7"},"up":{"uv":[6,9.5,7.5,8],"rotation":90,"texture":"#7"},"down":{"uv":[11,1.5,9.5,3],"rotation":180,"texture":"#7"}}},{"from":[7.3,0.5,7.3],"to":[8.7,2,8.7],"faces":{"north":{"uv":[7.5,9.5,9,8],"rotation":90,"texture":"#7"},"east":{"uv":[10.5,5,9,6.5],"texture":"#7"},"south":{"uv":[7.5,9.5,9,8],"rotation":90,"texture":"#7"},"west":{"uv":[10.5,5,9,6.5],"texture":"#7"},"up":{"uv":[6,9.5,7.5,8],"rotation":90,"texture":"#7"},"down":{"uv":[11,1.5,9.5,3],"rotation":180,"texture":"#7"}}},{"from":[8.2,12.5,5],"to":[9.2,15.5,11],"rotation":{"angle":-22.5,"axis":"z","origin":[8.2,13,8]},"faces":{"north":{"uv":[8,13.5,10,14.5],"rotation":90,"texture":"#16"},"east":{"uv":[4,14.5,7,16],"texture":"#16"},"south":{"uv":[8,13.5,10,14.5],"rotation":90,"texture":"#16"},"west":{"uv":[7,14.5,10,16],"texture":"#16"},"up":{"uv":[0,12,1,16],"texture":"#16"},"down":{"uv":[0,12,1,16],"texture":"#16"}}},{"from":[7.4,9,3.7],"to":[8.4,12,3.7],"rotation":{"angle":0,"axis":"y","origin":[8,12,3]},"faces":{"north":{"uv":[4,15,7,16],"rotation":270,"texture":"#7"},"east":{"uv":[0,0,3,0],"rotation":270,"texture":"#7"},"south":{"uv":[4,16,7,15],"rotation":270,"texture":"#7"},"west":{"uv":[0,0,3,0],"rotation":90,"texture":"#7"},"up":{"uv":[2,0,1,0],"rotation":180,"texture":"#7"},"down":{"uv":[2,0,1,0],"texture":"#7"}}},{"from":[7.4,9,5.3],"to":[8.4,12,5.3],"rotation":{"angle":0,"axis":"y","origin":[8,12,6]},"faces":{"north":{"uv":[7,16,4,15],"rotation":90,"texture":"#7"},"east":{"uv":[0,0,3,0],"rotation":270,"texture":"#7"},"south":{"uv":[7,15,4,16],"rotation":90,"texture":"#7"},"west":{"uv":[0,0,3,0],"rotation":90,"texture":"#7"},"up":{"uv":[2,0,1,0],"rotation":180,"texture":"#7"},"down":{"uv":[2,0,1,0],"texture":"#7"}}},{"from":[8.4,9,3.7],"to":[8.4,12,5.3],"rotation":{"angle":0,"axis":"y","origin":[8,12,3]},"faces":{"north":{"uv":[0,0,3,0],"rotation":90,"texture":"#7"},"east":{"uv":[13,3.35,16,4.85],"rotation":270,"texture":"#7"},"south":{"uv":[0,0,3,0],"rotation":270,"texture":"#7"},"west":{"uv":[13,3.35,16,4.85],"rotation":270,"texture":"#7"},"up":{"uv":[1.6,0,0,0],"rotation":90,"texture":"#7"},"down":{"uv":[1.6,0,0,0],"rotation":90,"texture":"#7"}}},{"from":[7.3,8.2,4.1],"to":[8.3,9.2,4.9],"rotation":{"angle":22.5,"axis":"z","origin":[7.6,8.5,4.5]},"faces":{"north":{"uv":[15,7,16,8],"rotation":90,"texture":"#7"},"east":{"uv":[13,7,14,8],"rotation":90,"texture":"#7"},"south":{"uv":[16,7,15,8],"rotation":270,"texture":"#7"},"west":{"uv":[13,6,14,7],"rotation":90,"texture":"#7"},"up":{"uv":[15,8,14,7],"rotation":90,"texture":"#7"},"down":{"uv":[15,8,14,7],"rotation":90,"texture":"#7"}}},{"from":[7.1,9,4],"to":[8.1,14,5],"rotation":{"angle":0,"axis":"y","origin":[12.6,15,4]},"faces":{"north":{"uv":[16,2,11,3],"rotation":90,"texture":"#7"},"east":{"uv":[11,1,16,2],"rotation":90,"texture":"#7"},"south":{"uv":[11,2,16,3],"rotation":270,"texture":"#7"},"west":{"uv":[11,0,16,1],"rotation":90,"texture":"#7"},"up":{"uv":[8,11,9,10],"rotation":90,"texture":"#7"},"down":{"uv":[11,1,10,0],"rotation":90,"texture":"#7"}}},{"from":[7.85,9.85,3.6],"to":[10.85,12.35,3.6],"rotation":{"angle":0,"axis":"y","origin":[8.65,11.1,3.6]},"faces":{"north":{"uv":[7,12.25,4,14.75],"rotation":180,"texture":"#7"},"east":{"uv":[0,0,0,2],"rotation":180,"texture":"#7"},"south":{"uv":[4,12.25,7,14.75],"rotation":180,"texture":"#7"},"west":{"uv":[0,0,0,2],"rotation":180,"texture":"#7"},"up":{"uv":[2,0,0,0],"texture":"#7"},"down":{"uv":[2,0,0,0],"texture":"#7"}}},{"from":[5.5,16,3.8],"to":[8.5,19,6.3],"rotation":{"angle":-45,"axis":"z","origin":[3.38596,13.82526,8]},"faces":{"north":{"uv":[0,3,1.5,1.5],"rotation":270,"texture":"#16"},"east":{"uv":[2.5,1.5,1.25,0],"rotation":180,"texture":"#16"},"south":{"uv":[1.5,3,0,1.5],"rotation":90,"texture":"#16"},"west":{"uv":[0,0,1.25,1.5],"rotation":180,"texture":"#16"},"up":{"uv":[1.25,0,0,1.5],"rotation":90,"texture":"#16"},"down":{"uv":[2.5,1.5,1.25,0],"rotation":90,"texture":"#16"}}},{"from":[8,14.5,5.5],"to":[14,15,10.5],"rotation":{"angle":0,"axis":"y","origin":[1,-2,0]},"faces":{"north":{"uv":[5.75,0,2.75,0.25],"texture":"#16"},"east":{"uv":[2.5,0.25,2.75,2.75],"rotation":90,"texture":"#16"},"south":{"uv":[2.75,0,5.75,0.25],"texture":"#16"},"west":{"uv":[2.5,0.25,2.75,2.75],"rotation":90,"texture":"#16"},"up":{"uv":[2.75,2.75,5.75,5.25],"rotation":180,"texture":"#16"},"down":{"uv":[2.75,0.25,5.75,2.75],"texture":"#16"}}},{"from":[13.7,14.6,5.7],"to":[15.7,15.1,10.3],"rotation":{"angle":-22.5,"axis":"z","origin":[13.5,14.5,8]},"faces":{"north":{"uv":[5.75,2.25,6.75,2.5],"texture":"#16"},"east":{"uv":[7.75,0,8,2.25],"rotation":90,"texture":"#16"},"south":{"uv":[5.75,2.25,6.75,2.5],"texture":"#16"},"west":{"uv":[7.75,0,8,2.25],"rotation":90,"texture":"#16"},"up":{"uv":[5.75,0,6.75,2.25],"texture":"#16"},"down":{"uv":[6.75,0,7.75,2.25],"texture":"#16"}}},{"from":[15.2,15.3,6],"to":[17.2,15.8,10],"rotation":{"angle":-45,"axis":"z","origin":[13.5,14.5,8]},"faces":{"north":{"uv":[7.75,2.25,6.75,2.5],"texture":"#16"},"east":{"uv":[7.75,2.5,8,4.5],"rotation":90,"texture":"#16"},"south":{"uv":[6.75,2.25,7.75,2.5],"texture":"#16"},"west":{"uv":[7.75,2.5,8,4.5],"rotation":90,"texture":"#16"},"up":{"uv":[14.5,7.5,15.5,9.5],"texture":"#16"},"down":{"uv":[6.75,2.5,7.75,4.5],"texture":"#16"}}},{"from":[5.5,16,9.7],"to":[8.5,19,12.2],"rotation":{"angle":-45,"axis":"z","origin":[3.38596,13.82526,8]},"faces":{"north":{"uv":[1.5,1.5,0,3],"rotation":90,"texture":"#16"},"east":{"uv":[1.25,1.5,2.5,0],"rotation":180,"texture":"#16"},"south":{"uv":[0,1.5,1.5,3],"rotation":270,"texture":"#16"},"west":{"uv":[1.25,0,0,1.5],"rotation":180,"texture":"#16"},"up":{"uv":[0,0,1.25,1.5],"rotation":90,"texture":"#16"},"down":{"uv":[1.25,1.5,2.5,0],"rotation":90,"texture":"#16"}}},{"from":[7,13,5],"to":[8.5,15,11],"rotation":{"angle":-45,"axis":"z","origin":[7.75,14,8]},"faces":{"north":{"uv":[14.5,10,16,12],"texture":"#10"},"east":{"uv":[10,8,16,10],"texture":"#10"},"south":{"uv":[16,10,14.5,12],"texture":"#10"},"west":{"uv":[10,8,16,10],"texture":"#10"},"up":{"uv":[4,8,10,9.5],"rotation":90,"texture":"#10"},"down":{"uv":[4,8,10,9.5],"rotation":90,"texture":"#10"}}},{"from":[9.61669,16.21817,7.52808],"to":[11.11669,17.71817,8.52808],"rotation":{"angle":-45,"axis":"z","origin":[8.08862,15.84625,8.02808]},"faces":{"north":{"uv":[7.5,4.25,8.25,3.5],"rotation":180,"texture":"#13"},"east":{"uv":[7,5.5,7.5,4.75],"rotation":180,"texture":"#13"},"south":{"uv":[8.25,4.25,7.5,3.5],"rotation":180,"texture":"#13"},"west":{"uv":[7.5,5,8,4.25],"rotation":180,"texture":"#13"},"up":{"uv":[7.5,4,7,4.75],"rotation":270,"texture":"#13"},"down":{"uv":[7.5,4,7,4.75],"rotation":90,"texture":"#13"}}},{"from":[5.95569,14.58778,7.52808],"to":[8.95569,15.58778,8.52808],"rotation":{"angle":22.5,"axis":"z","origin":[8.08862,15.84625,8.02808]},"faces":{"north":{"uv":[8.5,3,7,3.5],"texture":"#13"},"east":{"uv":[8,3.5,7.5,4],"texture":"#13"},"south":{"uv":[7,3,8.5,3.5],"texture":"#13"},"west":{"uv":[7.5,3.5,7,4],"texture":"#13"},"up":{"uv":[6.5,6,7,4.5],"rotation":90,"texture":"#13"},"down":{"uv":[6.5,4.5,7,3],"rotation":270,"texture":"#13"}}},{"from":[7.21479,16.53722,7.70308],"to":[8.21479,17.53722,8.40308],"rotation":{"angle":22.5,"axis":"z","origin":[8.08862,15.84625,8.02808]},"faces":{"north":{"uv":[12.75,7.25,11.75,6.25],"texture":"#8"},"east":{"uv":[12.75,7.25,13.25,6.25],"texture":"#8"},"south":{"uv":[11.75,7.25,12.75,6.25],"texture":"#8"},"west":{"uv":[12.75,7.25,11.75,7.75],"rotation":90,"texture":"#8"},"up":{"uv":[11.75,7.75,12.75,7.25],"rotation":180,"texture":"#8"},"down":{"uv":[13.25,6.25,12.75,7.25],"rotation":90,"texture":"#8"}}},{"from":[4.05461,14.43151,8.00308],"to":[7.05461,16.93151,8.00308],"rotation":{"angle":-22.5,"axis":"z","origin":[8.08862,15.84625,8.02808]},"faces":{"north":{"uv":[9.25,9.25,11.75,6.25],"rotation":270,"texture":"#8"},"east":{"uv":[0,3,0,0],"texture":"#8"},"south":{"uv":[11.75,9.25,9.25,6.25],"rotation":90,"texture":"#8"},"west":{"uv":[0,3,0,0],"rotation":180,"texture":"#8"},"up":{"uv":[0,3,0,0],"rotation":90,"texture":"#8"},"down":{"uv":[0,3,0,0],"rotation":90,"texture":"#8"}}},{"from":[6.99714,14.40127,7.80308],"to":[7.99714,16.40127,8.30308],"rotation":{"angle":-22.5,"axis":"z","origin":[8.08862,15.84625,8.02808]},"faces":{"north":{"uv":[8.25,0,9.25,2],"rotation":180,"texture":"#8"},"east":{"uv":[9.75,0,9.25,2],"rotation":180,"texture":"#8"},"south":{"uv":[9.25,0,8.25,2],"rotation":180,"texture":"#8"},"west":{"uv":[10.75,0,10.25,2],"rotation":180,"texture":"#8"},"up":{"uv":[9.25,2,8.25,2.5],"texture":"#8"},"down":{"uv":[11.5,1,12,0],"rotation":270,"texture":"#8"}}},{"from":[7.44719,14.03375,7.02808],"to":[10.44719,16.03375,9.02808],"rotation":{"angle":0,"axis":"y","origin":[8.08862,15.84625,8.02808]},"faces":{"north":{"uv":[10.5,12,11.5,10.5],"rotation":90,"texture":"#11"},"east":{"uv":[12.5,15,11.5,16],"texture":"#11"},"south":{"uv":[10.5,10.5,11.5,12],"rotation":90,"texture":"#11"},"west":{"uv":[11.5,15,10.5,16],"texture":"#11"},"up":{"uv":[10.5,13.5,11.5,12],"rotation":90,"texture":"#11"},"down":{"uv":[10.5,15,11.5,13.5],"rotation":270,"texture":"#11"}}},{"from":[7.99714,15.40127,7.80308],"to":[9.99714,16.40127,8.30308],"rotation":{"angle":-22.5,"axis":"z","origin":[8.08862,15.84625,8.02808]},"faces":{"north":{"uv":[6,3,7,1],"rotation":270,"texture":"#8"},"east":{"uv":[6,2.5,5,2],"rotation":270,"texture":"#8"},"south":{"uv":[7,3,6,1],"rotation":90,"texture":"#8"},"west":{"uv":[6,2.5,5,2],"rotation":270,"texture":"#8"},"up":{"uv":[7.5,3,7,1],"rotation":90,"texture":"#8"},"down":{"uv":[7.5,3,7,1],"rotation":90,"texture":"#8"}}}],"gui_light":"front","display":{"thirdperson_righthand":{"rotation":[0,90,0],"translation":[0,10.25,2]},"thirdperson_lefthand":{"rotation":[0,-90,0],"translation":[0,10.25,2]},"firstperson_righthand":{"rotation":[0,90,0],"translation":[2.5,6.5,0.5],"scale":[0.46289,0.46289,0.46289]},"firstperson_lefthand":{"rotation":[0,-90,0],"translation":[2.5,6.5,0.5],"scale":[0.46289,0.46289,0.46289]},"ground":{"rotation":[0,0,-45],"translation":[0,11,0],"scale":[0.6,0.6,0.6]},"gui":{"rotation":[0,0,-45],"translation":[1.25,1.25,-2],"scale":[0.65445,0.65641,0.65445]},"head":{"translation":[-0.25,-19,0.5],"scale":[0,0,0]},"fixed":{"rotation":[0,90,0],"translation":[0,11.5,-1.25],"scale":[2,2,2]}}}