{"credit":"MadewithBlockbench","texture_size":[32,32],"textures":{"7":"elitecreatures:king_arthur_animated_weapon_set/texture1","8":"elitecreatures:king_arthur_animated_weapon_set/texture2","10":"elitecreatures:king_arthur_animated_weapon_set/texture4","11":"elitecreatures:king_arthur_animated_weapon_set/texture5","13":"elitecreatures:king_arthur_animated_weapon_set/texture7","16":"elitecreatures:king_arthur_animated_weapon_set/texture10","particle":"elitecreatures:king_arthur_animated_weapon_set/texture1"},"elements":[{"from":[6.5,-8.5,6.5],"to":[9.5,-7.5,9.5],"faces":{"north":{"uv":[3,0,6,1],"texture":"#8"},"east":{"uv":[3,0,6,1],"texture":"#8"},"south":{"uv":[3,0,6,1],"texture":"#8"},"west":{"uv":[3,0,6,1],"texture":"#8"},"up":{"uv":[3,3,0,0],"texture":"#8"},"down":{"uv":[3,3,0,6],"texture":"#8"}}},{"from":[9,-9.5,6.5],"to":[9.5,-8.5,7],"rotation":{"angle":0,"axis":"y","origin":[0,0,16]},"faces":{"north":{"uv":[3,2,3.5,3],"texture":"#8"},"east":{"uv":[3.5,2,4,3],"texture":"#8"},"south":{"uv":[3,2,3.5,3],"texture":"#8"},"west":{"uv":[3.5,2,4,3],"texture":"#8"},"up":{"uv":[4,2,4.5,2.5],"texture":"#8"},"down":{"uv":[4,2,4.5,2.5],"texture":"#8"}}},{"from":[7.5,-9,6.5],"to":[8.5,-8.5,7],"faces":{"north":{"uv":[3,3,4,3.5],"texture":"#8"},"east":{"uv":[3,4,3.5,4.5],"texture":"#8"},"south":{"uv":[3,3,4,3.5],"texture":"#8"},"west":{"uv":[3.5,4,3,4.5],"texture":"#8"},"up":{"uv":[3,3.5,4,4],"texture":"#8"},"down":{"uv":[3,3.5,4,4],"texture":"#8"}}},{"from":[6.5,-9.5,6.5],"to":[7,-8.5,7],"rotation":{"angle":0,"axis":"y","origin":[16,0,16]},"faces":{"north":{"uv":[3.5,2,3,3],"texture":"#8"},"east":{"uv":[4,2,3.5,3],"texture":"#8"},"south":{"uv":[3.5,2,3,3],"texture":"#8"},"west":{"uv":[4,2,3.5,3],"texture":"#8"},"up":{"uv":[4.5,2,4,2.5],"texture":"#8"},"down":{"uv":[4.5,2,4,2.5],"texture":"#8"}}},{"from":[6.5,-9.5,9],"to":[7,-8.5,9.5],"rotation":{"angle":0,"axis":"y","origin":[16,0,0]},"faces":{"north":{"uv":[3,2,3.5,3],"texture":"#8"},"east":{"uv":[3.5,2,4,3],"texture":"#8"},"south":{"uv":[3,2,3.5,3],"texture":"#8"},"west":{"uv":[3.5,2,4,3],"texture":"#8"},"up":{"uv":[4.5,2.5,4,2],"texture":"#8"},"down":{"uv":[4.5,2.5,4,2],"texture":"#8"}}},{"from":[7.5,-9,9],"to":[8.5,-8.5,9.5],"rotation":{"angle":0,"axis":"y","origin":[0,0,16]},"faces":{"north":{"uv":[4,3,3,3.5],"texture":"#8"},"east":{"uv":[3.5,4,3,4.5],"texture":"#8"},"south":{"uv":[4,3,3,3.5],"texture":"#8"},"west":{"uv":[3,4,3.5,4.5],"texture":"#8"},"up":{"uv":[3,4,4,3.5],"texture":"#8"},"down":{"uv":[3,4,4,3.5],"texture":"#8"}}},{"from":[9,-9.5,9],"to":[9.5,-8.5,9.5],"faces":{"north":{"uv":[3.5,2,3,3],"texture":"#8"},"east":{"uv":[4,2,3.5,3],"texture":"#8"},"south":{"uv":[3.5,2,3,3],"texture":"#8"},"west":{"uv":[4,2,3.5,3],"texture":"#8"},"up":{"uv":[4,2.5,4.5,2],"texture":"#8"},"down":{"uv":[4,2.5,4.5,2],"texture":"#8"}}},{"from":[6.5,-9,7.5],"to":[7,-8.5,8.5],"rotation":{"angle":0,"axis":"y","origin":[8,-8.75,8]},"faces":{"north":{"uv":[3,4,3.5,4.5],"texture":"#8"},"east":{"uv":[4,3,3,3.5],"texture":"#8"},"south":{"uv":[3.5,4,3,4.5],"texture":"#8"},"west":{"uv":[4,3,3,3.5],"texture":"#8"},"up":{"uv":[3,4,4,3.5],"rotation":90,"texture":"#8"},"down":{"uv":[3,4,4,3.5],"rotation":270,"texture":"#8"}}},{"from":[9,-9,7.5],"to":[9.5,-8.5,8.5],"rotation":{"angle":0,"axis":"y","origin":[8,-8.75,8]},"faces":{"north":{"uv":[3.5,4,3,4.5],"texture":"#8"},"east":{"uv":[3,3,4,3.5],"texture":"#8"},"south":{"uv":[3,4,3.5,4.5],"texture":"#8"},"west":{"uv":[3,3,4,3.5],"texture":"#8"},"up":{"uv":[3,3.5,4,4],"rotation":90,"texture":"#8"},"down":{"uv":[3,3.5,4,4],"rotation":270,"texture":"#8"}}},{"from":[9.6,-8.6,7.4],"to":[10.1,-6.6,8.6],"rotation":{"angle":-45,"axis":"z","origin":[14.6,-5.3,5]},"faces":{"north":{"uv":[9.5,8.5,9,6.5],"texture":"#7"},"east":{"uv":[9,10.5,10,8.5],"texture":"#7"},"south":{"uv":[9,8.5,9.5,6.5],"texture":"#7"},"west":{"uv":[10,5,12,3],"texture":"#7"},"up":{"uv":[9.5,8.5,10,6.5],"texture":"#7"},"down":{"uv":[9.5,8.5,10,6.5],"texture":"#7"}}},{"from":[5,-3,7],"to":[11,-1,9],"rotation":{"angle":0,"axis":"y","origin":[0,-17,0]},"faces":{"north":{"uv":[10,14,16,16],"texture":"#10"},"east":{"uv":[3,10.75,5,12.75],"texture":"#10"},"south":{"uv":[10,14,16,16],"texture":"#10"},"west":{"uv":[3,10.75,5,12.75],"texture":"#10"},"up":{"uv":[10,0,16,2],"texture":"#10"},"down":{"uv":[10,2,16,4],"texture":"#10"}}},{"from":[6.3,-5.7,7.5],"to":[10.2,-3.7,8.5],"rotation":{"angle":45,"axis":"z","origin":[8,-2,8]},"faces":{"north":{"uv":[5,14,9,16],"rotation":180,"texture":"#10"},"east":{"uv":[9,14,10,16],"texture":"#10"},"south":{"uv":[5,16,9,14],"texture":"#10"},"west":{"uv":[9,14,10,16],"texture":"#10"},"up":{"uv":[5,13,9,14],"texture":"#10"},"down":{"uv":[5,13,9,14],"texture":"#10"}}},{"from":[11,-15.2,7],"to":[14,-12.2,9],"rotation":{"angle":45,"axis":"z","origin":[1.5,-15.5,1.5]},"faces":{"north":{"uv":[0,13,3,16],"texture":"#10"},"east":{"uv":[3,13,5,16],"texture":"#10"},"south":{"uv":[0,13,3,16],"rotation":90,"texture":"#10"},"west":{"uv":[3,11,0,13],"rotation":90,"texture":"#10"},"up":{"uv":[3,13,5,16],"rotation":90,"texture":"#10"},"down":{"uv":[0,11,3,13],"texture":"#10"}}},{"from":[7.3,-6.7,7.5],"to":[10.2,-5.7,8.5],"rotation":{"angle":45,"axis":"z","origin":[8,-2,8]},"faces":{"north":{"uv":[5,12,8,13],"texture":"#10"},"east":{"uv":[8,12,9,13],"texture":"#10"},"south":{"uv":[8,12,5,13],"texture":"#10"},"west":{"uv":[8,12,9,13],"texture":"#10"},"up":{"uv":[5,12,8,13],"texture":"#10"},"down":{"uv":[5,11,8,12],"texture":"#10"}}},{"from":[5.8,-5.7,7.5],"to":[9.7,-3.7,8.5],"rotation":{"angle":-45,"axis":"z","origin":[8,-2,8]},"faces":{"north":{"uv":[9,14,5,16],"rotation":180,"texture":"#10"},"east":{"uv":[10,14,9,16],"texture":"#10"},"south":{"uv":[9,16,5,14],"texture":"#10"},"west":{"uv":[10,14,9,16],"texture":"#10"},"up":{"uv":[9,13,5,14],"texture":"#10"},"down":{"uv":[9,13,5,14],"texture":"#10"}}},{"from":[8.3,-5.1,6.5],"to":[10.3,-3.1,9.5],"rotation":{"angle":-45,"axis":"z","origin":[10,-2,8]},"faces":{"north":{"uv":[14,12,16,14],"texture":"#10"},"east":{"uv":[11,12,14,14],"rotation":180,"texture":"#10"},"south":{"uv":[14,12,16,14],"rotation":270,"texture":"#10"},"west":{"uv":[9,11,11,14],"rotation":270,"texture":"#10"},"up":{"uv":[9,11,11,14],"rotation":180,"texture":"#10"},"down":{"uv":[11,12,14,14],"rotation":270,"texture":"#10"}}},{"from":[5.9,-8.6,7.4],"to":[6.4,-6.6,8.6],"rotation":{"angle":45,"axis":"z","origin":[1.4,-5.3,5]},"faces":{"north":{"uv":[9,8.5,9.5,6.5],"texture":"#7"},"east":{"uv":[12,5,10,3],"texture":"#7"},"south":{"uv":[9.5,8.5,9,6.5],"texture":"#7"},"west":{"uv":[10,10.5,9,8.5],"texture":"#7"},"up":{"uv":[10,8.5,9.5,6.5],"texture":"#7"},"down":{"uv":[10,8.5,9.5,6.5],"texture":"#7"}}},{"from":[10,-2,6.5],"to":[10.5,-0.5,9.5],"rotation":{"angle":0,"axis":"y","origin":[0,-16,0]},"faces":{"north":{"uv":[12.5,4,13,5.5],"texture":"#10"},"east":{"uv":[13,4,16,5.5],"texture":"#10"},"south":{"uv":[12.5,4,13,5.5],"texture":"#10"},"west":{"uv":[13,4,16,5.5],"texture":"#10"},"up":{"uv":[13,5.5,16,6],"rotation":90,"texture":"#10"},"down":{"uv":[13,5.5,16,6],"rotation":90,"texture":"#10"}}},{"from":[5.5,-2,6.5],"to":[6,-0.5,9.5],"rotation":{"angle":0,"axis":"y","origin":[0,-16,0]},"faces":{"north":{"uv":[12.5,4,13,5.5],"texture":"#10"},"east":{"uv":[13,4,16,5.5],"texture":"#10"},"south":{"uv":[12.5,4,13,5.5],"texture":"#10"},"west":{"uv":[13,4,16,5.5],"texture":"#10"},"up":{"uv":[13,5.5,16,6],"rotation":90,"texture":"#10"},"down":{"uv":[13,5.5,16,6],"rotation":90,"texture":"#10"}}},{"from":[5.8,-6.7,7.5],"to":[8.7,-5.7,8.5],"rotation":{"angle":-45,"axis":"z","origin":[8,-2,8]},"faces":{"north":{"uv":[8,12,5,13],"texture":"#10"},"east":{"uv":[9,12,8,13],"texture":"#10"},"south":{"uv":[5,12,8,13],"texture":"#10"},"west":{"uv":[9,12,8,13],"texture":"#10"},"up":{"uv":[8,12,5,13],"texture":"#10"},"down":{"uv":[8,11,5,12],"texture":"#10"}}},{"from":[7,-1,7.2],"to":[9,4,8.7],"rotation":{"angle":0,"axis":"y","origin":[8,2,6.75]},"faces":{"north":{"uv":[10.5,8,15.5,10],"rotation":90,"texture":"#10"},"east":{"uv":[4,8,9,9.5],"rotation":90,"texture":"#10"},"south":{"uv":[10.5,8,15.5,10],"rotation":270,"texture":"#10"},"west":{"uv":[0,6,5,7.5],"rotation":90,"texture":"#10"},"up":{"uv":[14.5,10,16,12],"rotation":270,"texture":"#10"},"down":{"uv":[16,10,14.5,12],"rotation":270,"texture":"#10"}}},{"from":[-1.5,5.5,6.7],"to":[1.5,8.5,9.2],"rotation":{"angle":45,"axis":"z","origin":[3.38596,16.82526,8]},"faces":{"north":{"uv":[0,3,1.5,1.5],"rotation":270,"texture":"#16"},"east":{"uv":[2.5,1.5,1.25,0],"rotation":180,"texture":"#16"},"south":{"uv":[1.5,3,0,1.5],"rotation":90,"texture":"#16"},"west":{"uv":[0,0,1.25,1.5],"rotation":180,"texture":"#16"},"up":{"uv":[1.25,0,0,1.5],"rotation":90,"texture":"#16"},"down":{"uv":[2.5,1.5,1.25,0],"rotation":90,"texture":"#16"}}},{"from":[24.1291,15.7706,7.625],"to":[25.1291,16.7706,8.325],"rotation":{"angle":-45,"axis":"z","origin":[8,30.89159,1]},"faces":{"north":{"uv":[11.75,7.25,12.75,6.25],"texture":"#8"},"east":{"uv":[12.75,7.25,11.75,7.75],"rotation":90,"texture":"#8"},"south":{"uv":[12.75,7.25,11.75,6.25],"texture":"#8"},"west":{"uv":[12.75,7.25,13.25,6.25],"texture":"#8"},"up":{"uv":[12.75,7.25,11.75,7.75],"rotation":180,"texture":"#8"},"down":{"uv":[12.75,7.25,13.25,6.25],"rotation":90,"texture":"#8"}}},{"from":[9,6,7.7],"to":[13,8,8.2],"faces":{"north":{"uv":[1,15,3,16],"texture":"#16"},"east":{"uv":[1.5,1.625,1.75,2.625],"texture":"#16"},"south":{"uv":[3,15,1,16],"texture":"#16"},"west":{"uv":[1.5,1.625,1.75,2.625],"texture":"#16"},"up":{"uv":[1,14.75,3,15],"texture":"#16"},"down":{"uv":[1,14.5,3,14.75],"texture":"#16"}}},{"from":[9,3,7.5],"to":[11,5,8.5],"faces":{"north":{"uv":[0,11,1,12],"texture":"#16"},"east":{"uv":[1.75,1.625,2.25,2.625],"texture":"#16"},"south":{"uv":[1,11,0,12],"texture":"#16"},"west":{"uv":[1.75,1.625,2.25,2.625],"texture":"#16"},"up":{"uv":[0,10.5,1,11],"texture":"#16"},"down":{"uv":[0,10,1,10.5],"texture":"#16"}}},{"from":[6.38655,5.09515,7.5],"to":[7.38655,8.09515,8.5],"rotation":{"angle":22.5,"axis":"z","origin":[6.12808,7.22808,8]},"faces":{"north":{"uv":[8.5,3,7,3.5],"rotation":90,"texture":"#13"},"east":{"uv":[6.5,4.5,7,3],"rotation":180,"texture":"#13"},"south":{"uv":[7,3,8.5,3.5],"rotation":270,"texture":"#13"},"west":{"uv":[6.5,6,7,4.5],"texture":"#13"},"up":{"uv":[8,3.5,7.5,4],"rotation":270,"texture":"#13"},"down":{"uv":[7.5,3.5,7,4],"rotation":270,"texture":"#13"}}},{"from":[5.94057,6.58665,7],"to":[7.94057,9.58665,9],"rotation":{"angle":0,"axis":"y","origin":[6.12808,7.22808,8]},"faces":{"north":{"uv":[10.5,12,11.5,10.5],"rotation":180,"texture":"#11"},"east":{"uv":[10.5,15,11.5,13.5],"rotation":180,"texture":"#11"},"south":{"uv":[10.5,10.5,11.5,12],"texture":"#11"},"west":{"uv":[10.5,13.5,11.5,12],"texture":"#11"},"up":{"uv":[12.5,15,11.5,16],"rotation":270,"texture":"#11"},"down":{"uv":[11.5,15,10.5,16],"rotation":270,"texture":"#11"}}},{"from":[5.04282,3.19407,7.975],"to":[7.54282,6.19407,7.975],"rotation":{"angle":-22.5,"axis":"z","origin":[6.12808,7.22808,8]},"faces":{"north":{"uv":[9.25,9.25,11.75,6.25],"texture":"#8"},"east":{"uv":[0,3,0,0],"texture":"#8"},"south":{"uv":[11.75,9.25,9.25,6.25],"texture":"#8"},"west":{"uv":[0,3,0,0],"texture":"#8"},"up":{"uv":[0,3,0,0],"rotation":270,"texture":"#8"},"down":{"uv":[0,3,0,0],"rotation":90,"texture":"#8"}}},{"from":[5.57305,6.1366,7.775],"to":[7.57305,7.1366,8.275],"rotation":{"angle":-22.5,"axis":"z","origin":[6.12808,7.22808,8]},"faces":{"north":{"uv":[8.25,0,9.25,2],"rotation":270,"texture":"#8"},"east":{"uv":[11.5,1,12,0],"rotation":180,"texture":"#8"},"south":{"uv":[9.25,0,8.25,2],"rotation":90,"texture":"#8"},"west":{"uv":[9.25,2,8.25,2.5],"rotation":270,"texture":"#8"},"up":{"uv":[9.75,0,9.25,2],"rotation":90,"texture":"#8"},"down":{"uv":[10.75,0,10.25,2],"rotation":90,"texture":"#8"}}},{"from":[4.4371,6.35425,7.675],"to":[5.4371,7.35425,8.375],"rotation":{"angle":22.5,"axis":"z","origin":[6.12808,7.22808,8]},"faces":{"north":{"uv":[12.75,7.25,11.75,6.25],"rotation":90,"texture":"#8"},"east":{"uv":[13.25,6.25,12.75,7.25],"texture":"#8"},"south":{"uv":[11.75,7.25,12.75,6.25],"rotation":270,"texture":"#8"},"west":{"uv":[11.75,7.75,12.75,7.25],"rotation":90,"texture":"#8"},"up":{"uv":[12.75,7.25,13.25,6.25],"rotation":270,"texture":"#8"},"down":{"uv":[12.75,7.25,11.75,7.75],"texture":"#8"}}},{"from":[5.57305,7.1366,7.775],"to":[6.57305,9.1366,8.275],"rotation":{"angle":-22.5,"axis":"z","origin":[6.12808,7.22808,8]},"faces":{"north":{"uv":[6,3,7,1],"texture":"#8"},"east":{"uv":[7.5,3,7,1],"texture":"#8"},"south":{"uv":[7,3,6,1],"texture":"#8"},"west":{"uv":[7.5,3,7,1],"texture":"#8"},"up":{"uv":[6,2.5,5,2],"rotation":180,"texture":"#8"},"down":{"uv":[6,2.5,5,2],"rotation":180,"texture":"#8"}}},{"from":[7.65615,7.6,7.5],"to":[9.15615,9.1,8.5],"rotation":{"angle":45,"axis":"z","origin":[6.12808,7.22808,8]},"faces":{"north":{"uv":[7.5,4.25,8.25,3.5],"rotation":180,"texture":"#13"},"east":{"uv":[7,5.5,7.5,4.75],"rotation":180,"texture":"#13"},"south":{"uv":[8.25,4.25,7.5,3.5],"rotation":180,"texture":"#13"},"west":{"uv":[7.5,5,8,4.25],"rotation":180,"texture":"#13"},"up":{"uv":[7.5,4,7,4.75],"rotation":270,"texture":"#13"},"down":{"uv":[7.5,4,7,4.75],"rotation":90,"texture":"#13"}}},{"from":[7,4,7.2],"to":[9,9,8.7],"rotation":{"angle":0,"axis":"y","origin":[8,2,6.75]},"faces":{"north":{"uv":[10.5,8,15.5,10],"rotation":90,"texture":"#10"},"east":{"uv":[4,8,9,9.5],"rotation":90,"texture":"#10"},"south":{"uv":[10.5,8,15.5,10],"rotation":270,"texture":"#10"},"west":{"uv":[0,6,5,7.5],"rotation":90,"texture":"#10"},"up":{"uv":[14.5,10,16,12],"rotation":270,"texture":"#10"},"down":{"uv":[16,10,14.5,12],"rotation":270,"texture":"#10"}}},{"from":[9,2,7.7],"to":[10,3,8.2],"faces":{"north":{"uv":[0,8.625,0.5,9.125],"texture":"#16"},"east":{"uv":[0.5,8.625,0.75,9.125],"texture":"#16"},"south":{"uv":[0,8.625,0.5,9.125],"texture":"#16"},"west":{"uv":[0.5,8.625,0.75,9.125],"texture":"#16"},"up":{"uv":[0,9.125,0.5,9.375],"texture":"#16"},"down":{"uv":[0,9.125,0.5,9.375],"texture":"#16"}}}],"gui_light":"front","display":{"thirdperson_righthand":{"rotation":[-20,90,0],"translation":[0,5.5,-1.75],"scale":[0.40508,0.40508,0.40508]},"thirdperson_lefthand":{"rotation":[-20,-90,0],"translation":[0,5.5,-1.75],"scale":[0.40508,0.40508,0.40508]},"firstperson_righthand":{"rotation":[0,90,-90],"translation":[0.25,5,0.75],"scale":[0.33594,0.33594,0.33594]},"firstperson_lefthand":{"rotation":[-90,-90,0],"translation":[0.5,5,0.75],"scale":[0.33594,0.33594,0.33594]},"ground":{"rotation":[0,0,180],"translation":[0,4,0],"scale":[0.58008,0.58008,0.58008]},"gui":{"rotation":[0,0,180],"translation":[0,-5.5,-2],"scale":[0.72086,0.72086,0.72086]},"head":{"translation":[-0.25,-19,0.5],"scale":[0,0,0]},"fixed":{"rotation":[0,180,-180],"translation":[0,-9,-1.5],"scale":[1.17227,1.17227,1.17227]}}}