{"credit":"MadewithBlockbench","texture_size":[32,32],"textures":{"0":"elitecreatures:king_arthur_animated_weapon_set/texture1","1":"elitecreatures:king_arthur_animated_weapon_set/texture2","5":"elitecreatures:king_arthur_animated_weapon_set/symbol","6":"elitecreatures:king_arthur_animated_weapon_set/texture4","8":"elitecreatures:king_arthur_animated_weapon_set/texture10","particle":"elitecreatures:king_arthur_animated_weapon_set/texture1"},"elements":[{"from":[7.5,-7,7.5],"to":[8.5,0,8.5],"rotation":{"angle":0,"axis":"y","origin":[8,1.5,8]},"faces":{"north":{"uv":[12,5,13,12],"texture":"#0"},"east":{"uv":[11,5,12,12],"texture":"#0"},"south":{"uv":[12,5,13,12],"texture":"#0"},"west":{"uv":[11,5,12,12],"texture":"#0"},"up":{"uv":[12,4,13,5],"rotation":180,"texture":"#0"},"down":{"uv":[13,5,14,6],"rotation":180,"texture":"#0"}}},{"from":[6.5,-8.5,6.5],"to":[9.5,-7.5,9.5],"faces":{"north":{"uv":[3,0,6,1],"texture":"#1"},"east":{"uv":[3,0,6,1],"texture":"#1"},"south":{"uv":[3,0,6,1],"texture":"#1"},"west":{"uv":[3,0,6,1],"texture":"#1"},"up":{"uv":[3,3,0,0],"texture":"#1"},"down":{"uv":[3,3,0,6],"texture":"#1"}}},{"from":[6,7,6.9],"to":[10,12,9.1],"rotation":{"angle":0,"axis":"y","origin":[8,13.5,7]},"faces":{"north":{"uv":[6,10.5,10,5.5],"texture":"#5"},"east":{"uv":[4,5,6,0],"texture":"#0"},"south":{"uv":[6,10.5,10,5.5],"texture":"#5"},"west":{"uv":[4,5,6,0],"texture":"#0"},"up":{"uv":[4,9,0,7],"texture":"#0"},"down":{"uv":[4,5,0,7],"texture":"#0"}}},{"from":[9.3,4.3,7.1],"to":[12.3,7.3,8.9],"rotation":{"angle":45,"axis":"z","origin":[8,3,7.4]},"faces":{"north":{"uv":[0,9.25,3,12.25],"rotation":90,"texture":"#0"},"east":{"uv":[3,12.25,0,14.05],"rotation":90,"texture":"#0"},"south":{"uv":[0,9.25,3,12.25],"rotation":180,"texture":"#0"},"west":{"uv":[3,12.25,0,14.25],"rotation":90,"texture":"#0"},"up":{"uv":[3,9.25,4.8,12.25],"rotation":270,"texture":"#0"},"down":{"uv":[0,14.25,3,12.25],"texture":"#0"}}},{"from":[4.1,7.6,7.1],"to":[7,9.5,8.9],"rotation":{"angle":-45,"axis":"z","origin":[8,8.5,7]},"faces":{"north":{"uv":[15.9,15.9,13,14],"texture":"#0"},"east":{"uv":[16,14,14,12],"texture":"#0"},"south":{"uv":[13,15.9,15.9,14],"texture":"#0"},"west":{"uv":[16,14,14,12],"texture":"#0"},"up":{"uv":[16,12,13,10],"rotation":180,"texture":"#0"},"down":{"uv":[16,12,13,10],"rotation":180,"texture":"#0"}}},{"from":[4.6,9,7],"to":[6,10.6,9],"rotation":{"angle":0,"axis":"y","origin":[8,13.5,7]},"faces":{"north":{"uv":[6.25,3,7.75,1.5],"texture":"#0"},"east":{"uv":[6.25,1.5,8.25,0],"texture":"#0"},"south":{"uv":[7.75,3,6.25,1.5],"texture":"#0"},"west":{"uv":[6.25,1.5,8.25,0],"texture":"#0"},"up":{"uv":[6.25,5,7.75,3],"rotation":180,"texture":"#0"},"down":{"uv":[7.75,5,9.25,3],"rotation":180,"texture":"#0"}}},{"from":[8.9,7.2,7.1],"to":[10.7,10.2,8.9],"rotation":{"angle":22.5,"axis":"z","origin":[8,-0.5,7]},"faces":{"north":{"uv":[4,7,7,5],"rotation":90,"texture":"#0"},"east":{"uv":[13,1,14,0],"rotation":90,"texture":"#0"},"south":{"uv":[7,7,4,5],"rotation":270,"texture":"#0"},"west":{"uv":[5,12.25,8,10.25],"rotation":90,"texture":"#0"},"up":{"uv":[4,9,6,7],"rotation":270,"texture":"#0"},"down":{"uv":[4,9,6,7],"rotation":270,"texture":"#0"}}},{"from":[9,-9.5,6.5],"to":[9.5,-8.5,7],"rotation":{"angle":0,"axis":"y","origin":[0,0,16]},"faces":{"north":{"uv":[3,2,3.5,3],"texture":"#1"},"east":{"uv":[3.5,2,4,3],"texture":"#1"},"south":{"uv":[3,2,3.5,3],"texture":"#1"},"west":{"uv":[3.5,2,4,3],"texture":"#1"},"up":{"uv":[4,2,4.5,2.5],"texture":"#1"},"down":{"uv":[4,2,4.5,2.5],"texture":"#1"}}},{"from":[7.5,-9,6.5],"to":[8.5,-8.5,7],"faces":{"north":{"uv":[3,3,4,3.5],"texture":"#1"},"east":{"uv":[3,4,3.5,4.5],"texture":"#1"},"south":{"uv":[3,3,4,3.5],"texture":"#1"},"west":{"uv":[3.5,4,3,4.5],"texture":"#1"},"up":{"uv":[3,3.5,4,4],"texture":"#1"},"down":{"uv":[3,3.5,4,4],"texture":"#1"}}},{"from":[7,-7.5,7],"to":[9,-7,9],"faces":{"north":{"uv":[7,5.5,9,6],"texture":"#0"},"east":{"uv":[7,5,9,5.5],"texture":"#0"},"south":{"uv":[7,5.5,9,6],"texture":"#0"},"west":{"uv":[7,5,9,5.5],"texture":"#0"},"up":{"uv":[7,6,9,8],"texture":"#0"},"down":{"uv":[7,6,9,8],"texture":"#0"}}},{"from":[9,7.6,7.1],"to":[11.9,9.5,8.9],"rotation":{"angle":45,"axis":"z","origin":[8,8.5,7]},"faces":{"north":{"uv":[13,16,16,14],"texture":"#0"},"east":{"uv":[14,14,16,12],"texture":"#0"},"south":{"uv":[16,16,13,14],"texture":"#0"},"west":{"uv":[14,14,16,12],"texture":"#0"},"up":{"uv":[13,12,16,10],"rotation":180,"texture":"#0"},"down":{"uv":[13,12,16,10],"rotation":180,"texture":"#0"}}},{"from":[10,9,7],"to":[11.4,10.6,9],"rotation":{"angle":0,"axis":"y","origin":[8,13.5,7]},"faces":{"north":{"uv":[7.75,3,6.25,1.5],"texture":"#0"},"east":{"uv":[8.25,1.5,6.25,0],"texture":"#0"},"south":{"uv":[6.25,3,7.75,1.5],"texture":"#0"},"west":{"uv":[8.25,1.5,6.25,0],"texture":"#0"},"up":{"uv":[7.75,5,6.25,3],"rotation":180,"texture":"#0"},"down":{"uv":[9.25,5,7.75,3],"rotation":180,"texture":"#0"}}},{"from":[5.8,4.5,7.5],"to":[7.3,8.5,7.5],"rotation":{"angle":0,"axis":"y","origin":[7.9,5.5,7.5]},"faces":{"north":{"uv":[13,14.25,9,15.75],"rotation":90,"texture":"#0"},"east":{"uv":[17,1,13,1],"rotation":90,"texture":"#0"},"south":{"uv":[9,14.25,13,15.75],"rotation":270,"texture":"#0"},"west":{"uv":[17,0,13,0],"rotation":90,"texture":"#0"},"up":{"uv":[14,9,14,11],"rotation":270,"texture":"#0"},"down":{"uv":[14,9,14,11],"rotation":270,"texture":"#0"}}},{"from":[6.5,-9.5,6.5],"to":[7,-8.5,7],"rotation":{"angle":0,"axis":"y","origin":[16,0,16]},"faces":{"north":{"uv":[3.5,2,3,3],"texture":"#1"},"east":{"uv":[4,2,3.5,3],"texture":"#1"},"south":{"uv":[3.5,2,3,3],"texture":"#1"},"west":{"uv":[4,2,3.5,3],"texture":"#1"},"up":{"uv":[4.5,2,4,2.5],"texture":"#1"},"down":{"uv":[4.5,2,4,2.5],"texture":"#1"}}},{"from":[6.5,-9.5,9],"to":[7,-8.5,9.5],"rotation":{"angle":0,"axis":"y","origin":[16,0,0]},"faces":{"north":{"uv":[3,2,3.5,3],"texture":"#1"},"east":{"uv":[3.5,2,4,3],"texture":"#1"},"south":{"uv":[3,2,3.5,3],"texture":"#1"},"west":{"uv":[3.5,2,4,3],"texture":"#1"},"up":{"uv":[4.5,2.5,4,2],"texture":"#1"},"down":{"uv":[4.5,2.5,4,2],"texture":"#1"}}},{"from":[7.5,-9,9],"to":[8.5,-8.5,9.5],"rotation":{"angle":0,"axis":"y","origin":[0,0,16]},"faces":{"north":{"uv":[4,3,3,3.5],"texture":"#1"},"east":{"uv":[3.5,4,3,4.5],"texture":"#1"},"south":{"uv":[4,3,3,3.5],"texture":"#1"},"west":{"uv":[3,4,3.5,4.5],"texture":"#1"},"up":{"uv":[3,4,4,3.5],"texture":"#1"},"down":{"uv":[3,4,4,3.5],"texture":"#1"}}},{"from":[9,-9.5,9],"to":[9.5,-8.5,9.5],"faces":{"north":{"uv":[3.5,2,3,3],"texture":"#1"},"east":{"uv":[4,2,3.5,3],"texture":"#1"},"south":{"uv":[3.5,2,3,3],"texture":"#1"},"west":{"uv":[4,2,3.5,3],"texture":"#1"},"up":{"uv":[4,2.5,4.5,2],"texture":"#1"},"down":{"uv":[4,2.5,4.5,2],"texture":"#1"}}},{"from":[6.5,-9,7.5],"to":[7,-8.5,8.5],"rotation":{"angle":0,"axis":"y","origin":[8,-8.75,8]},"faces":{"north":{"uv":[3,4,3.5,4.5],"texture":"#1"},"east":{"uv":[4,3,3,3.5],"texture":"#1"},"south":{"uv":[3.5,4,3,4.5],"texture":"#1"},"west":{"uv":[4,3,3,3.5],"texture":"#1"},"up":{"uv":[3,4,4,3.5],"rotation":90,"texture":"#1"},"down":{"uv":[3,4,4,3.5],"rotation":270,"texture":"#1"}}},{"from":[9,-9,7.5],"to":[9.5,-8.5,8.5],"rotation":{"angle":0,"axis":"y","origin":[8,-8.75,8]},"faces":{"north":{"uv":[3.5,4,3,4.5],"texture":"#1"},"east":{"uv":[3,3,4,3.5],"texture":"#1"},"south":{"uv":[3,4,3.5,4.5],"texture":"#1"},"west":{"uv":[3,3,4,3.5],"texture":"#1"},"up":{"uv":[3,3.5,4,4],"rotation":90,"texture":"#1"},"down":{"uv":[3,3.5,4,4],"rotation":270,"texture":"#1"}}},{"from":[7.3,-6.5,7.3],"to":[8.7,-5,8.7],"faces":{"north":{"uv":[9,5,10.5,6.5],"texture":"#0"},"east":{"uv":[7.5,8,9,9.5],"rotation":90,"texture":"#0"},"south":{"uv":[9,5,10.5,6.5],"texture":"#0"},"west":{"uv":[7.5,8,9,9.5],"rotation":90,"texture":"#0"},"up":{"uv":[6,8,7.5,9.5],"texture":"#0"},"down":{"uv":[9.5,1.5,11,3],"rotation":270,"texture":"#0"}}},{"from":[5.3,7.2,7.1],"to":[7.1,10.2,8.9],"rotation":{"angle":-22.5,"axis":"z","origin":[8,-0.5,7]},"faces":{"north":{"uv":[4,5,7,7],"rotation":90,"texture":"#0"},"east":{"uv":[5,10.25,8,12.25],"rotation":90,"texture":"#0"},"south":{"uv":[7,5,4,7],"rotation":270,"texture":"#0"},"west":{"uv":[13,0,14,1],"rotation":90,"texture":"#0"},"up":{"uv":[4,7,6,9],"rotation":270,"texture":"#0"},"down":{"uv":[4,7,6,9],"rotation":270,"texture":"#0"}}},{"from":[7.3,-3.5,7.3],"to":[8.7,-2,8.7],"faces":{"north":{"uv":[9,5,10.5,6.5],"texture":"#0"},"east":{"uv":[7.5,8,9,9.5],"rotation":90,"texture":"#0"},"south":{"uv":[9,5,10.5,6.5],"texture":"#0"},"west":{"uv":[7.5,8,9,9.5],"rotation":90,"texture":"#0"},"up":{"uv":[6,8,7.5,9.5],"texture":"#0"},"down":{"uv":[9.5,1.5,11,3],"rotation":270,"texture":"#0"}}},{"from":[9.6,7.4,7.4],"to":[10.1,9.4,8.6],"rotation":{"angle":-45,"axis":"z","origin":[14.6,10.7,5]},"faces":{"north":{"uv":[9.5,8.5,9,6.5],"texture":"#0"},"east":{"uv":[9,10.5,10,8.5],"texture":"#0"},"south":{"uv":[9,8.5,9.5,6.5],"texture":"#0"},"west":{"uv":[10,5,12,3],"texture":"#0"},"up":{"uv":[9.5,8.5,10,6.5],"texture":"#0"},"down":{"uv":[9.5,8.5,10,6.5],"texture":"#0"}}},{"from":[7.5,0,7.5],"to":[8.5,7,8.5],"rotation":{"angle":0,"axis":"y","origin":[8,0.5,8]},"faces":{"north":{"uv":[12,5,13,12],"texture":"#0"},"east":{"uv":[11,5,12,12],"texture":"#0"},"south":{"uv":[12,5,13,12],"texture":"#0"},"west":{"uv":[11,5,12,12],"texture":"#0"},"up":{"uv":[12,4,13,5],"rotation":180,"texture":"#0"},"down":{"uv":[13,5,14,6],"rotation":180,"texture":"#0"}}},{"from":[5,13,7],"to":[11,15,9],"rotation":{"angle":0,"axis":"y","origin":[0,-1,0]},"faces":{"north":{"uv":[10,14,16,16],"texture":"#6"},"east":{"uv":[3,10.75,5,12.75],"texture":"#6"},"south":{"uv":[10,14,16,16],"texture":"#6"},"west":{"uv":[3,10.75,5,12.75],"texture":"#6"},"up":{"uv":[10,0,16,2],"texture":"#6"},"down":{"uv":[10,2,16,4],"texture":"#6"}}},{"from":[6.3,10.3,7.5],"to":[10.2,12.3,8.5],"rotation":{"angle":45,"axis":"z","origin":[8,14,8]},"faces":{"north":{"uv":[5,14,9,16],"rotation":180,"texture":"#6"},"east":{"uv":[9,14,10,16],"texture":"#6"},"south":{"uv":[5,16,9,14],"texture":"#6"},"west":{"uv":[9,14,10,16],"texture":"#6"},"up":{"uv":[5,13,9,14],"texture":"#6"},"down":{"uv":[5,13,9,14],"texture":"#6"}}},{"from":[11,0.8,7],"to":[14,3.8,9],"rotation":{"angle":45,"axis":"z","origin":[1.5,0.5,1.5]},"faces":{"north":{"uv":[0,13,3,16],"texture":"#6"},"east":{"uv":[3,13,5,16],"texture":"#6"},"south":{"uv":[0,13,3,16],"rotation":90,"texture":"#6"},"west":{"uv":[3,11,0,13],"rotation":90,"texture":"#6"},"up":{"uv":[3,13,5,16],"rotation":90,"texture":"#6"},"down":{"uv":[0,11,3,13],"texture":"#6"}}},{"from":[7.3,9.3,7.5],"to":[10.2,10.3,8.5],"rotation":{"angle":45,"axis":"z","origin":[8,14,8]},"faces":{"north":{"uv":[5,12,8,13],"texture":"#6"},"east":{"uv":[8,12,9,13],"texture":"#6"},"south":{"uv":[8,12,5,13],"texture":"#6"},"west":{"uv":[8,12,9,13],"texture":"#6"},"up":{"uv":[5,12,8,13],"texture":"#6"},"down":{"uv":[5,11,8,12],"texture":"#6"}}},{"from":[8.3,10.9,6.5],"to":[10.3,12.9,9.5],"rotation":{"angle":-45,"axis":"z","origin":[10,14,8]},"faces":{"north":{"uv":[14,12,16,14],"texture":"#6"},"east":{"uv":[11,12,14,14],"rotation":180,"texture":"#6"},"south":{"uv":[14,12,16,14],"rotation":270,"texture":"#6"},"west":{"uv":[9,11,11,14],"rotation":270,"texture":"#6"},"up":{"uv":[9,11,11,14],"rotation":180,"texture":"#6"},"down":{"uv":[11,12,14,14],"rotation":270,"texture":"#6"}}},{"from":[8.7,4.5,7.5],"to":[10.2,8.5,7.5],"rotation":{"angle":0,"axis":"y","origin":[8.1,5.5,7.5]},"faces":{"north":{"uv":[13,15.75,9,14.25],"rotation":90,"texture":"#0"},"east":{"uv":[17,0,13,0],"rotation":90,"texture":"#0"},"south":{"uv":[9,15.75,13,14.25],"rotation":270,"texture":"#0"},"west":{"uv":[17,1,13,1],"rotation":90,"texture":"#0"},"up":{"uv":[14,11,14,9],"rotation":270,"texture":"#0"},"down":{"uv":[14,11,14,9],"rotation":270,"texture":"#0"}}},{"from":[5.8,4.5,8.5],"to":[7.3,8.5,8.5],"rotation":{"angle":0,"axis":"y","origin":[7.9,5.5,8.5]},"faces":{"north":{"uv":[9,15.75,13,14.25],"rotation":270,"texture":"#0"},"east":{"uv":[17,1,13,1],"rotation":90,"texture":"#0"},"south":{"uv":[13,15.75,9,14.25],"rotation":90,"texture":"#0"},"west":{"uv":[17,0,13,0],"rotation":90,"texture":"#0"},"up":{"uv":[14,9,14,11],"rotation":270,"texture":"#0"},"down":{"uv":[14,9,14,11],"rotation":270,"texture":"#0"}}},{"from":[8.7,4.5,8.5],"to":[10.2,8.5,8.5],"rotation":{"angle":0,"axis":"y","origin":[8.1,5.5,8.5]},"faces":{"north":{"uv":[9,14.25,13,15.75],"rotation":270,"texture":"#0"},"east":{"uv":[17,0,13,0],"rotation":90,"texture":"#0"},"south":{"uv":[13,14.25,9,15.75],"rotation":90,"texture":"#0"},"west":{"uv":[17,1,13,1],"rotation":90,"texture":"#0"},"up":{"uv":[14,11,14,9],"rotation":270,"texture":"#0"},"down":{"uv":[14,11,14,9],"rotation":270,"texture":"#0"}}},{"from":[5.9,7.4,7.4],"to":[6.4,9.4,8.6],"rotation":{"angle":45,"axis":"z","origin":[1.4,10.7,5]},"faces":{"north":{"uv":[9,8.5,9.5,6.5],"texture":"#0"},"east":{"uv":[12,5,10,3],"texture":"#0"},"south":{"uv":[9.5,8.5,9,6.5],"texture":"#0"},"west":{"uv":[10,10.5,9,8.5],"texture":"#0"},"up":{"uv":[10,8.5,9.5,6.5],"texture":"#0"},"down":{"uv":[10,8.5,9.5,6.5],"texture":"#0"}}},{"from":[10,14,6.5],"to":[10.5,15.5,9.5],"faces":{"north":{"uv":[12.5,4,13,5.5],"texture":"#6"},"east":{"uv":[13,4,16,5.5],"texture":"#6"},"south":{"uv":[12.5,4,13,5.5],"texture":"#6"},"west":{"uv":[13,4,16,5.5],"texture":"#6"},"up":{"uv":[13,5.5,16,6],"rotation":90,"texture":"#6"},"down":{"uv":[13,5.5,16,6],"rotation":90,"texture":"#6"}}},{"from":[5.5,14,6.5],"to":[6,15.5,9.5],"faces":{"north":{"uv":[12.5,4,13,5.5],"texture":"#6"},"east":{"uv":[13,4,16,5.5],"texture":"#6"},"south":{"uv":[12.5,4,13,5.5],"texture":"#6"},"west":{"uv":[13,4,16,5.5],"texture":"#6"},"up":{"uv":[13,5.5,16,6],"rotation":90,"texture":"#6"},"down":{"uv":[13,5.5,16,6],"rotation":90,"texture":"#6"}}},{"from":[5.8,10.3,7.5],"to":[9.7,12.3,8.5],"rotation":{"angle":-45,"axis":"z","origin":[8,14,8]},"faces":{"north":{"uv":[9,14,5,16],"rotation":180,"texture":"#6"},"east":{"uv":[10,14,9,16],"texture":"#6"},"south":{"uv":[9,16,5,14],"texture":"#6"},"west":{"uv":[10,14,9,16],"texture":"#6"},"up":{"uv":[9,13,5,14],"texture":"#6"},"down":{"uv":[9,13,5,14],"texture":"#6"}}},{"from":[5.8,9.3,7.5],"to":[8.7,10.3,8.5],"rotation":{"angle":-45,"axis":"z","origin":[8,14,8]},"faces":{"north":{"uv":[8,12,5,13],"texture":"#6"},"east":{"uv":[9,12,8,13],"texture":"#6"},"south":{"uv":[5,12,8,13],"texture":"#6"},"west":{"uv":[9,12,8,13],"texture":"#6"},"up":{"uv":[8,12,5,13],"texture":"#6"},"down":{"uv":[8,11,5,12],"texture":"#6"}}},{"from":[11.35097,12.36569,7.5],"to":[15.35097,14.46569,8.5],"rotation":{"angle":-22.5,"axis":"z","origin":[14.95097,11.06569,8]},"faces":{"north":{"uv":[0,3.5,1,5.5],"rotation":90,"texture":"#8"},"east":{"uv":[0,3,1,3.5],"rotation":270,"texture":"#8"},"south":{"uv":[1,3.5,0,5.5],"rotation":270,"texture":"#8"},"west":{"uv":[0,3,1,3.5],"rotation":270,"texture":"#8"},"up":{"uv":[1,3.5,1.5,5.5],"rotation":270,"texture":"#8"},"down":{"uv":[1.5,3.5,2,5.5],"rotation":270,"texture":"#8"}}},{"from":[14,2.9,7.6],"to":[16,5.4,8.4],"rotation":{"angle":45,"axis":"z","origin":[5.9,10.5,8]},"faces":{"north":{"uv":[0,6.5,1.25,5.5],"rotation":90,"texture":"#8"},"east":{"uv":[0,6.5,1.25,7],"rotation":90,"texture":"#8"},"south":{"uv":[0,5.5,1.25,6.5],"rotation":90,"texture":"#8"},"west":{"uv":[0,8.125,1.25,8.625],"rotation":90,"texture":"#8"},"up":{"uv":[1.25,6.5,1.75,7.5],"rotation":90,"texture":"#8"},"down":{"uv":[1.25,5.5,1.75,6.5],"rotation":90,"texture":"#8"}}},{"from":[11,12.32526,6.8],"to":[14,15.32526,9.3],"rotation":{"angle":-45,"axis":"z","origin":[12.61404,13.82526,8]},"faces":{"north":{"uv":[0,1.5,1.5,3],"texture":"#8"},"east":{"uv":[2.5,0,1.25,1.5],"texture":"#8"},"south":{"uv":[1.5,1.5,0,3],"texture":"#8"},"west":{"uv":[1.25,1.5,0,0],"texture":"#8"},"up":{"uv":[1.25,0,0,1.5],"rotation":90,"texture":"#8"},"down":{"uv":[1.25,1.5,2.5,0],"rotation":90,"texture":"#8"}}},{"from":[14.5,1.4,7.7],"to":[16,2.9,8.2],"rotation":{"angle":45,"axis":"z","origin":[5.9,10.5,8]},"faces":{"north":{"uv":[0,8,0.75,7.25],"texture":"#8"},"east":{"uv":[0.75,7.25,1,8],"texture":"#8"},"south":{"uv":[0.75,7.25,0,8],"texture":"#8"},"west":{"uv":[1.25,8.125,1.5,8.875],"texture":"#8"},"up":{"uv":[0,7,0.75,7.25],"texture":"#8"},"down":{"uv":[0,7,0.75,7.25],"texture":"#8"}}},{"from":[19.08252,10.04393,7.7],"to":[20.08252,11.04393,8.2],"rotation":{"angle":45,"axis":"z","origin":[19.58252,10.39393,8.05]},"faces":{"north":{"uv":[1,7.625,1.5,8.125],"texture":"#8"},"east":{"uv":[1.5,7.625,1.75,8.125],"texture":"#8"},"south":{"uv":[1.5,7.625,1,8.125],"texture":"#8"},"west":{"uv":[1.5,8.125,1.75,8.625],"texture":"#8"},"up":{"uv":[1,7.375,1.5,7.625],"texture":"#8"},"down":{"uv":[1,7.375,1.5,7.625],"texture":"#8"}}},{"from":[0.64903,12.36569,7.5],"to":[4.64903,14.46569,8.5],"rotation":{"angle":22.5,"axis":"z","origin":[1.04903,11.06569,8]},"faces":{"north":{"uv":[0,5.5,1,3.5],"rotation":90,"texture":"#8"},"east":{"uv":[0,3.5,1,3],"rotation":270,"texture":"#8"},"south":{"uv":[1,5.5,0,3.5],"rotation":270,"texture":"#8"},"west":{"uv":[0,3.5,1,3],"rotation":270,"texture":"#8"},"up":{"uv":[1,5.5,1.5,3.5],"rotation":270,"texture":"#8"},"down":{"uv":[1.5,5.5,2,3.5],"rotation":270,"texture":"#8"}}},{"from":[0,2.9,7.6],"to":[2,5.4,8.4],"rotation":{"angle":-45,"axis":"z","origin":[10.1,10.5,8]},"faces":{"north":{"uv":[0,5.5,1.25,6.5],"rotation":90,"texture":"#8"},"east":{"uv":[0,8.625,1.25,8.125],"rotation":90,"texture":"#8"},"south":{"uv":[0,6.5,1.25,5.5],"rotation":90,"texture":"#8"},"west":{"uv":[0,7,1.25,6.5],"rotation":90,"texture":"#8"},"up":{"uv":[1.25,7.5,1.75,6.5],"rotation":90,"texture":"#8"},"down":{"uv":[1.25,6.5,1.75,5.5],"rotation":90,"texture":"#8"}}},{"from":[2,12.32526,6.8],"to":[5,15.32526,9.3],"rotation":{"angle":45,"axis":"z","origin":[3.38596,13.82526,8]},"faces":{"north":{"uv":[1.5,1.5,0,3],"texture":"#8"},"east":{"uv":[0,1.5,1.25,0],"texture":"#8"},"south":{"uv":[0,1.5,1.5,3],"texture":"#8"},"west":{"uv":[1.25,0,2.5,1.5],"texture":"#8"},"up":{"uv":[1.25,1.5,0,0],"rotation":90,"texture":"#8"},"down":{"uv":[1.25,0,2.5,1.5],"rotation":90,"texture":"#8"}}},{"from":[0,1.4,7.7],"to":[1.5,2.9,8.2],"rotation":{"angle":-45,"axis":"z","origin":[10.1,10.5,8]},"faces":{"north":{"uv":[0.75,8,0,7.25],"texture":"#8"},"east":{"uv":[1.5,8.125,1.25,8.875],"texture":"#8"},"south":{"uv":[0,7.25,0.75,8],"texture":"#8"},"west":{"uv":[1,7.25,0.75,8],"texture":"#8"},"up":{"uv":[0.75,7,0,7.25],"texture":"#8"},"down":{"uv":[0.75,7,0,7.25],"texture":"#8"}}},{"from":[-4.08252,10.04393,7.7],"to":[-3.08252,11.04393,8.2],"rotation":{"angle":-45,"axis":"z","origin":[-3.58252,10.39393,8.05]},"faces":{"north":{"uv":[1.5,7.625,1,8.125],"texture":"#8"},"east":{"uv":[1.75,8.125,1.5,8.625],"texture":"#8"},"south":{"uv":[1,7.625,1.5,8.125],"texture":"#8"},"west":{"uv":[1.75,7.625,1.5,8.125],"texture":"#8"},"up":{"uv":[1.5,7.375,1,7.625],"texture":"#8"},"down":{"uv":[1.5,7.375,1,7.625],"texture":"#8"}}},{"from":[7.3,0.5,7.3],"to":[8.7,2,8.7],"faces":{"north":{"uv":[9,5,10.5,6.5],"texture":"#0"},"east":{"uv":[7.5,8,9,9.5],"rotation":90,"texture":"#0"},"south":{"uv":[9,5,10.5,6.5],"texture":"#0"},"west":{"uv":[7.5,8,9,9.5],"rotation":90,"texture":"#0"},"up":{"uv":[6,8,7.5,9.5],"texture":"#0"},"down":{"uv":[9.5,1.5,11,3],"rotation":270,"texture":"#0"}}},{"from":[7.3,3.5,7.3],"to":[8.7,5,8.7],"faces":{"north":{"uv":[9,5,10.5,6.5],"texture":"#0"},"east":{"uv":[7.5,8,9,9.5],"rotation":90,"texture":"#0"},"south":{"uv":[9,5,10.5,6.5],"texture":"#0"},"west":{"uv":[7.5,8,9,9.5],"rotation":90,"texture":"#0"},"up":{"uv":[6,8,7.5,9.5],"texture":"#0"},"down":{"uv":[9.5,1.5,11,3],"rotation":270,"texture":"#0"}}}],"gui_light":"front","display":{"thirdperson_righthand":{"rotation":[0,-90,0],"translation":[0,10.25,2]},"thirdperson_lefthand":{"rotation":[0,-90,0],"translation":[0,10.25,2]},"firstperson_righthand":{"rotation":[0,90,0],"translation":[2.5,6.5,0.5],"scale":[0.46289,0.46289,0.46289]},"firstperson_lefthand":{"rotation":[0,-90,0],"translation":[2.5,6.5,0.5],"scale":[0.46289,0.46289,0.46289]},"ground":{"rotation":[0,0,-45],"translation":[0,11,0],"scale":[0.6,0.6,0.6]},"gui":{"rotation":[0,0,-45],"translation":[0.75,1,-2],"scale":[0.63883,0.64078,0.63883]},"head":{"translation":[-0.25,-19,0.5],"scale":[0,0,0]},"fixed":{"rotation":[0,180,0],"translation":[0,11.5,-1.75],"scale":[2,2,2]}}}