{"credit":"MadewithBlockbench","texture_size":[32,32],"textures":{"1":"elitecreatures:king_arthur_animated_weapon_set/texture2","3":"elitecreatures:king_arthur_animated_weapon_set/texture4","5":"elitecreatures:king_arthur_animated_weapon_set/texture6","9":"elitecreatures:king_arthur_animated_weapon_set/texture10","10":"elitecreatures:king_arthur_animated_weapon_set/texture11","particle":"elitecreatures:king_arthur_animated_weapon_set/texture1"},"elements":[{"from":[5.5,5,6.2],"to":[9.5,16,10.2],"rotation":{"angle":0,"axis":"y","origin":[-0.02202,9.32322,8]},"faces":{"north":{"uv":[7,16,5,10.5],"rotation":180,"texture":"#10"},"east":{"uv":[7,10.5,5,5],"rotation":180,"texture":"#10"},"south":{"uv":[7,16,5,10.5],"rotation":180,"texture":"#10"},"west":{"uv":[7,10.5,5,5],"rotation":180,"texture":"#10"},"up":{"uv":[14,6.375,16,8.375],"rotation":90,"texture":"#10"},"down":{"uv":[12,6.375,14,8.375],"rotation":270,"texture":"#10"}}},{"from":[4.5,16,5],"to":[10.5,17,11],"rotation":{"angle":0,"axis":"y","origin":[6.08762,9.5,-4.18008]},"faces":{"north":{"uv":[11.125,16,11.5,13],"rotation":90,"texture":"#10"},"east":{"uv":[10.625,13,11,16],"rotation":90,"texture":"#10"},"south":{"uv":[11.125,16,11.5,13],"rotation":90,"texture":"#10"},"west":{"uv":[10.625,16,11,13],"rotation":90,"texture":"#10"},"up":{"uv":[10.5,16,7.625,13],"texture":"#10"},"down":{"uv":[7.625,16,10.5,13],"texture":"#10"}}},{"from":[6.52375,3.57625,7.1],"to":[8.52375,5.57625,9.3],"rotation":{"angle":0,"axis":"y","origin":[7.52375,11.79159,8.2]},"faces":{"north":{"uv":[9.25,6.25,11.25,4.25],"texture":"#1"},"east":{"uv":[11.25,6.25,13.25,4.25],"texture":"#1"},"south":{"uv":[9.25,6.25,11.25,4.25],"texture":"#1"},"west":{"uv":[11.25,6.25,13.25,4.25],"texture":"#1"},"up":{"uv":[6.25,5,8.25,3],"texture":"#1"},"down":{"uv":[6.25,7,8.25,5],"texture":"#1"}}},{"from":[8.2364,-0.213,8.175],"to":[10.7364,2.787,8.175],"rotation":{"angle":-22.5,"axis":"z","origin":[7.52375,11.79159,8.2]},"faces":{"north":{"uv":[9.25,9.25,11.75,6.25],"texture":"#1"},"east":{"uv":[0,3,0,0],"texture":"#1"},"south":{"uv":[11.75,9.25,9.25,6.25],"texture":"#1"},"west":{"uv":[0,3,0,0],"texture":"#1"},"up":{"uv":[0,3,0,0],"rotation":270,"texture":"#1"},"down":{"uv":[0,3,0,0],"rotation":90,"texture":"#1"}}},{"from":[8.76663,2.72954,7.975],"to":[10.76663,3.72954,8.475],"rotation":{"angle":-22.5,"axis":"z","origin":[7.52375,11.79159,8.2]},"faces":{"north":{"uv":[8.25,0,9.25,2],"rotation":270,"texture":"#1"},"east":{"uv":[11.5,1,12,0],"rotation":180,"texture":"#1"},"south":{"uv":[9.25,0,8.25,2],"rotation":90,"texture":"#1"},"west":{"uv":[9.25,2,8.25,2.5],"rotation":270,"texture":"#1"},"up":{"uv":[9.75,0,9.25,2],"rotation":90,"texture":"#1"},"down":{"uv":[10.75,0,10.25,2],"rotation":90,"texture":"#1"}}},{"from":[8.76663,3.72954,7.975],"to":[9.76663,5.72954,8.475],"rotation":{"angle":-22.5,"axis":"z","origin":[7.52375,11.79159,8.2]},"faces":{"north":{"uv":[6,3,7,1],"texture":"#1"},"east":{"uv":[7.5,3,7,1],"texture":"#1"},"south":{"uv":[7,3,6,1],"texture":"#1"},"west":{"uv":[7.5,3,7,1],"texture":"#1"},"up":{"uv":[6,2.5,5,2],"rotation":180,"texture":"#1"},"down":{"uv":[6,2.5,5,2],"rotation":180,"texture":"#1"}}},{"from":[1.46804,4.0104,7.875],"to":[2.46804,5.0104,8.575],"rotation":{"angle":22.5,"axis":"z","origin":[7.52375,11.79159,8.2]},"faces":{"north":{"uv":[11.75,6.25,12.75,7.25],"rotation":270,"texture":"#1"},"east":{"uv":[12.75,7.25,13.25,6.25],"rotation":180,"texture":"#1"},"south":{"uv":[12.75,6.25,11.75,7.25],"rotation":90,"texture":"#1"},"west":{"uv":[12.75,7.25,11.75,7.75],"rotation":270,"texture":"#1"},"up":{"uv":[13.25,6.25,12.75,7.25],"rotation":90,"texture":"#1"},"down":{"uv":[11.75,7.75,12.75,7.25],"rotation":180,"texture":"#1"}}},{"from":[12.57946,4.0104,7.875],"to":[13.57946,5.0104,8.575],"rotation":{"angle":-22.5,"axis":"z","origin":[7.52375,11.79159,8.2]},"faces":{"north":{"uv":[11.75,7.25,12.75,6.25],"rotation":270,"texture":"#1"},"east":{"uv":[12.75,7.75,11.75,7.25],"rotation":270,"texture":"#1"},"south":{"uv":[12.75,7.25,11.75,6.25],"rotation":90,"texture":"#1"},"west":{"uv":[13.25,7.25,12.75,6.25],"rotation":180,"texture":"#1"},"up":{"uv":[13.25,7.25,12.75,6.25],"rotation":90,"texture":"#1"},"down":{"uv":[12.75,7.75,11.75,7.25],"rotation":180,"texture":"#1"}}},{"from":[5.28087,3.72954,7.975],"to":[6.28087,5.72954,8.475],"rotation":{"angle":22.5,"axis":"z","origin":[7.52375,11.79159,8.2]},"faces":{"north":{"uv":[7,3,6,1],"texture":"#1"},"east":{"uv":[7,3,7.5,1],"texture":"#1"},"south":{"uv":[6,3,7,1],"texture":"#1"},"west":{"uv":[7,3,7.5,1],"texture":"#1"},"up":{"uv":[5,2.5,6,2],"rotation":180,"texture":"#1"},"down":{"uv":[5,2.5,6,2],"rotation":180,"texture":"#1"}}},{"from":[4.28087,2.72954,7.975],"to":[6.28087,3.72954,8.475],"rotation":{"angle":22.5,"axis":"z","origin":[7.52375,11.79159,8.2]},"faces":{"north":{"uv":[8.25,2,9.25,0],"rotation":270,"texture":"#1"},"east":{"uv":[9.25,2.5,8.25,2],"rotation":270,"texture":"#1"},"south":{"uv":[9.25,2,8.25,0],"rotation":90,"texture":"#1"},"west":{"uv":[12,1,11.5,0],"rotation":180,"texture":"#1"},"up":{"uv":[9.75,2,9.25,0],"rotation":90,"texture":"#1"},"down":{"uv":[10.75,2,10.25,0],"rotation":90,"texture":"#1"}}},{"from":[4.3111,-0.213,8.175],"to":[6.8111,2.787,8.175],"rotation":{"angle":22.5,"axis":"z","origin":[7.52375,11.79159,8.2]},"faces":{"north":{"uv":[11.75,9.25,9.25,6.25],"texture":"#1"},"east":{"uv":[0,3,0,0],"texture":"#1"},"south":{"uv":[9.25,9.25,11.75,6.25],"texture":"#1"},"west":{"uv":[0,3,0,0],"texture":"#1"},"up":{"uv":[0,0,0,3],"rotation":270,"texture":"#1"},"down":{"uv":[0,0,0,3],"rotation":90,"texture":"#1"}}},{"from":[7.24875,3.05787,6.06618],"to":[7.74875,5.05787,7.06618],"rotation":{"angle":0,"axis":"y","origin":[7.52375,11.79159,8.2]},"faces":{"north":{"uv":[7.5,3,7,1],"texture":"#1"},"east":{"uv":[6,3,7,1],"texture":"#1"},"south":{"uv":[7.5,3,7,1],"texture":"#1"},"west":{"uv":[7,3,6,1],"texture":"#1"},"up":{"uv":[5,2,6,2.5],"rotation":90,"texture":"#1"},"down":{"uv":[5,2,6,2.5],"rotation":270,"texture":"#1"}}},{"from":[7.24875,3.05787,9.33382],"to":[7.74875,5.05787,10.33382],"rotation":{"angle":0,"axis":"y","origin":[7.52375,11.79159,8.2]},"faces":{"north":{"uv":[7,3,7.5,1],"texture":"#1"},"east":{"uv":[7,3,6,1],"texture":"#1"},"south":{"uv":[7,3,7.5,1],"texture":"#1"},"west":{"uv":[6,3,7,1],"texture":"#1"},"up":{"uv":[6,2,5,2.5],"rotation":90,"texture":"#1"},"down":{"uv":[6,2,5,2.5],"rotation":270,"texture":"#1"}}},{"from":[7.54875,-0.88467,8.36405],"to":[7.54875,2.11533,10.86405],"rotation":{"angle":0,"axis":"y","origin":[7.52375,11.79159,8.2]},"faces":{"north":{"uv":[0,3,0,0],"texture":"#1"},"east":{"uv":[11.75,9.25,9.25,6.25],"texture":"#1"},"south":{"uv":[0,3,0,0],"texture":"#1"},"west":{"uv":[9.25,9.25,11.75,6.25],"texture":"#1"},"up":{"uv":[0,3,0,0],"rotation":180,"texture":"#1"},"down":{"uv":[0,3,0,0],"rotation":180,"texture":"#1"}}},{"from":[7.24875,2.05787,8.33382],"to":[7.74875,3.05787,10.33382],"rotation":{"angle":0,"axis":"y","origin":[7.52375,11.79159,8.2]},"faces":{"north":{"uv":[12,1,11.5,0],"rotation":180,"texture":"#1"},"east":{"uv":[8.25,2,9.25,0],"rotation":270,"texture":"#1"},"south":{"uv":[9.25,2.5,8.25,2],"rotation":270,"texture":"#1"},"west":{"uv":[9.25,2,8.25,0],"rotation":90,"texture":"#1"},"up":{"uv":[9.25,0,9.75,2],"texture":"#1"},"down":{"uv":[10.25,0,10.75,2],"rotation":180,"texture":"#1"}}},{"from":[7.14875,3.33873,9.87901],"to":[7.84875,4.33873,10.87901],"rotation":{"angle":0,"axis":"y","origin":[7.52375,11.79159,8.2]},"faces":{"north":{"uv":[13.25,7.25,12.75,6.25],"rotation":180,"texture":"#1"},"east":{"uv":[11.75,7.25,12.75,6.25],"rotation":270,"texture":"#1"},"south":{"uv":[12.75,7.75,11.75,7.25],"rotation":270,"texture":"#1"},"west":{"uv":[12.75,7.25,11.75,6.25],"rotation":90,"texture":"#1"},"up":{"uv":[12.75,6.25,13.25,7.25],"texture":"#1"},"down":{"uv":[11.75,7.25,12.75,7.75],"rotation":270,"texture":"#1"}}},{"from":[7.14875,3.33873,5.52099],"to":[7.84875,4.33873,6.52099],"rotation":{"angle":0,"axis":"y","origin":[7.52375,11.79159,8.2]},"faces":{"north":{"uv":[12.75,7.25,11.75,7.75],"rotation":270,"texture":"#1"},"east":{"uv":[11.75,6.25,12.75,7.25],"rotation":270,"texture":"#1"},"south":{"uv":[12.75,7.25,13.25,6.25],"rotation":180,"texture":"#1"},"west":{"uv":[12.75,6.25,11.75,7.25],"rotation":90,"texture":"#1"},"up":{"uv":[12.75,7.25,13.25,6.25],"texture":"#1"},"down":{"uv":[12.75,7.25,11.75,7.75],"rotation":270,"texture":"#1"}}},{"from":[7.24875,2.05787,6.06618],"to":[7.74875,3.05787,8.06618],"rotation":{"angle":0,"axis":"y","origin":[7.52375,11.79159,8.2]},"faces":{"north":{"uv":[9.25,2,8.25,2.5],"rotation":270,"texture":"#1"},"east":{"uv":[8.25,0,9.25,2],"rotation":270,"texture":"#1"},"south":{"uv":[11.5,1,12,0],"rotation":180,"texture":"#1"},"west":{"uv":[9.25,0,8.25,2],"rotation":90,"texture":"#1"},"up":{"uv":[9.25,2,9.75,0],"texture":"#1"},"down":{"uv":[10.25,2,10.75,0],"rotation":180,"texture":"#1"}}},{"from":[7.54875,-0.88467,5.53595],"to":[7.54875,2.11533,8.03595],"rotation":{"angle":0,"axis":"y","origin":[7.52375,11.79159,8.2]},"faces":{"north":{"uv":[0,3,0,0],"texture":"#1"},"east":{"uv":[9.25,9.25,11.75,6.25],"texture":"#1"},"south":{"uv":[0,3,0,0],"texture":"#1"},"west":{"uv":[11.75,9.25,9.25,6.25],"texture":"#1"},"up":{"uv":[0,0,0,3],"rotation":180,"texture":"#1"},"down":{"uv":[0,0,0,3],"rotation":180,"texture":"#1"}}},{"from":[7.11533,11.96784,7.7],"to":[8.11533,20.96784,8.7],"rotation":{"angle":0,"axis":"y","origin":[7.72375,11.79159,8.2]},"faces":{"north":{"uv":[12,9,12.5,4.5],"rotation":180,"texture":"#9"},"east":{"uv":[3.5,16,4,11.5],"texture":"#9"},"south":{"uv":[12,4.5,12.5,9],"texture":"#9"},"west":{"uv":[3.5,16,4,11.5],"texture":"#9"},"up":{"uv":[1.5,14,1,14.5],"rotation":270,"texture":"#9"},"down":{"uv":[2,14,1.5,14.5],"rotation":270,"texture":"#9"}}},{"from":[7.51533,16.96784,8.2],"to":[10.01533,24.96784,8.2],"rotation":{"angle":0,"axis":"y","origin":[7.72375,11.79159,8.2]},"faces":{"north":{"uv":[10.25,5,11.5,9],"rotation":180,"texture":"#9"},"east":{"uv":[0,0,0,5],"rotation":180,"texture":"#9"},"south":{"uv":[10.25,9,11.5,5],"texture":"#9"},"west":{"uv":[0,0,0,5],"rotation":180,"texture":"#9"},"up":{"uv":[0,0,5,0],"rotation":180,"texture":"#9"},"down":{"uv":[0,0,5,0],"rotation":180,"texture":"#9"}}},{"from":[5.01533,16.96784,8.2],"to":[7.51533,24.96784,8.2],"rotation":{"angle":0,"axis":"y","origin":[7.72375,11.79159,8.2]},"faces":{"north":{"uv":[11.5,5,10.25,9],"rotation":180,"texture":"#9"},"east":{"uv":[0,0,0,5],"rotation":180,"texture":"#9"},"south":{"uv":[11.5,9,10.25,5],"texture":"#9"},"west":{"uv":[0,0,0,5],"rotation":180,"texture":"#9"},"up":{"uv":[5,0,0,0],"rotation":180,"texture":"#9"},"down":{"uv":[5,0,0,0],"rotation":180,"texture":"#9"}}},{"from":[10,10,5.5],"to":[10.5,15.5,7.5],"rotation":{"angle":45,"axis":"y","origin":[9.75,12.75,7]},"faces":{"north":{"uv":[8.5,4.5,8.75,7.25],"rotation":180,"texture":"#5"},"east":{"uv":[8.75,4.5,9.75,7.25],"rotation":180,"texture":"#5"},"south":{"uv":[8.5,4.5,8.75,7.25],"texture":"#5"},"west":{"uv":[8.75,4.5,9.75,7.25],"texture":"#5"},"up":{"uv":[8.25,4.625,8.5,5.625],"texture":"#5"},"down":{"uv":[8.25,4.625,8.5,5.625],"rotation":180,"texture":"#5"}}},{"from":[5,10,6],"to":[5.5,15.5,8],"rotation":{"angle":-45,"axis":"y","origin":[6.25,12.75,7]},"faces":{"north":{"uv":[8.75,4.5,8.5,7.25],"rotation":180,"texture":"#5"},"east":{"uv":[9.75,4.5,8.75,7.25],"texture":"#5"},"south":{"uv":[8.75,4.5,8.5,7.25],"texture":"#5"},"west":{"uv":[9.75,4.5,8.75,7.25],"rotation":180,"texture":"#5"},"up":{"uv":[8.5,4.625,8.25,5.625],"texture":"#5"},"down":{"uv":[8.5,4.625,8.25,5.625],"rotation":180,"texture":"#5"}}},{"from":[10,10,9],"to":[10.5,15.5,11],"rotation":{"angle":-45,"axis":"y","origin":[9.75,12.75,9.5]},"faces":{"north":{"uv":[8.75,4.5,8.5,7.25],"texture":"#5"},"east":{"uv":[9.75,4.5,8.75,7.25],"rotation":180,"texture":"#5"},"south":{"uv":[8.75,4.5,8.5,7.25],"rotation":180,"texture":"#5"},"west":{"uv":[9.75,4.5,8.75,7.25],"texture":"#5"},"up":{"uv":[8.25,5.625,8.5,4.625],"texture":"#5"},"down":{"uv":[8.25,5.625,8.5,4.625],"rotation":180,"texture":"#5"}}},{"from":[5,10,8.5],"to":[5.5,15.5,10.5],"rotation":{"angle":45,"axis":"y","origin":[6.25,12.75,9.5]},"faces":{"north":{"uv":[8.5,4.5,8.75,7.25],"texture":"#5"},"east":{"uv":[8.75,4.5,9.75,7.25],"texture":"#5"},"south":{"uv":[8.5,4.5,8.75,7.25],"rotation":180,"texture":"#5"},"west":{"uv":[8.75,4.5,9.75,7.25],"rotation":180,"texture":"#5"},"up":{"uv":[8.5,5.625,8.25,4.625],"texture":"#5"},"down":{"uv":[8.5,5.625,8.25,4.625],"rotation":180,"texture":"#5"}}},{"from":[4.5,6,6],"to":[6,12,8],"rotation":{"angle":0,"axis":"y","origin":[-0.75,14,-4]},"faces":{"north":{"uv":[4,8,10,9.5],"rotation":270,"texture":"#3"},"east":{"uv":[10,8,16,10],"rotation":90,"texture":"#3"},"south":{"uv":[4,8,10,9.5],"rotation":90,"texture":"#3"},"west":{"uv":[10,8,16,10],"rotation":270,"texture":"#3"},"up":{"uv":[16,10,14.5,12],"texture":"#3"},"down":{"uv":[14.5,10,16,12],"rotation":180,"texture":"#3"}}},{"from":[4.5,6,8],"to":[6,12,10],"rotation":{"angle":0,"axis":"y","origin":[-0.75,14,20]},"faces":{"north":{"uv":[4,9.5,10,8],"rotation":90,"texture":"#3"},"east":{"uv":[10,10,16,8],"rotation":90,"texture":"#3"},"south":{"uv":[4,9.5,10,8],"rotation":270,"texture":"#3"},"west":{"uv":[10,10,16,8],"rotation":270,"texture":"#3"},"up":{"uv":[16,12,14.5,10],"texture":"#3"},"down":{"uv":[14.5,12,16,10],"rotation":180,"texture":"#3"}}},{"from":[9,6,8],"to":[10.5,12,10],"rotation":{"angle":0,"axis":"y","origin":[16.75,14,20]},"faces":{"north":{"uv":[4,8,10,9.5],"rotation":90,"texture":"#3"},"east":{"uv":[10,8,16,10],"rotation":270,"texture":"#3"},"south":{"uv":[4,8,10,9.5],"rotation":270,"texture":"#3"},"west":{"uv":[10,8,16,10],"rotation":90,"texture":"#3"},"up":{"uv":[14.5,12,16,10],"texture":"#3"},"down":{"uv":[16,12,14.5,10],"rotation":180,"texture":"#3"}}},{"from":[9,6,6],"to":[10.5,12,8],"rotation":{"angle":0,"axis":"y","origin":[16.75,14,-4]},"faces":{"north":{"uv":[4,9.5,10,8],"rotation":270,"texture":"#3"},"east":{"uv":[10,10,16,8],"rotation":270,"texture":"#3"},"south":{"uv":[4,9.5,10,8],"rotation":90,"texture":"#3"},"west":{"uv":[10,10,16,8],"rotation":90,"texture":"#3"},"up":{"uv":[14.5,10,16,12],"texture":"#3"},"down":{"uv":[16,10,14.5,12],"rotation":180,"texture":"#3"}}},{"from":[7.3,4.5,10],"to":[7.8,13.5,11.5],"rotation":{"angle":0,"axis":"y","origin":[8.05,5.25,15.9]},"faces":{"north":{"uv":[7,6,16,6.5],"rotation":90,"texture":"#3"},"east":{"uv":[16,8,7,6.5],"rotation":90,"texture":"#3"},"south":{"uv":[7,6,16,6.5],"rotation":270,"texture":"#3"},"west":{"uv":[7,8,16,6.5],"rotation":270,"texture":"#3"},"up":{"uv":[13,5.5,11.5,6],"rotation":90,"texture":"#3"},"down":{"uv":[13,5.5,11.5,6],"rotation":270,"texture":"#3"}}},{"from":[7.3,4.5,4.5],"to":[7.8,13.5,6],"rotation":{"angle":0,"axis":"y","origin":[8.05,5.25,0.1]},"faces":{"north":{"uv":[7,6.5,16,6],"rotation":270,"texture":"#3"},"east":{"uv":[16,6.5,7,8],"rotation":90,"texture":"#3"},"south":{"uv":[7,6.5,16,6],"rotation":90,"texture":"#3"},"west":{"uv":[7,6.5,16,8],"rotation":270,"texture":"#3"},"up":{"uv":[11.5,5.5,13,6],"rotation":90,"texture":"#3"},"down":{"uv":[11.5,5.5,13,6],"rotation":270,"texture":"#3"}}},{"from":[4.25,10.95,6.7],"to":[6.75,13.95,9.7],"rotation":{"angle":-45,"axis":"x","origin":[4.5,12.45,8.2]},"faces":{"north":{"uv":[1.25,0,2.5,1.5],"texture":"#9"},"east":{"uv":[1.5,3,0,1.5],"rotation":90,"texture":"#9"},"south":{"uv":[1.25,1.5,0,0],"texture":"#9"},"west":{"uv":[0,3,1.5,1.5],"rotation":270,"texture":"#9"},"up":{"uv":[1.25,0,0,1.5],"texture":"#9"},"down":{"uv":[2.5,1.5,1.25,0],"rotation":180,"texture":"#9"}}},{"from":[8.25,10.95,6.7],"to":[10.75,13.95,9.7],"rotation":{"angle":-45,"axis":"x","origin":[11.5,12.45,8.2]},"faces":{"north":{"uv":[2.5,0,1.25,1.5],"texture":"#9"},"east":{"uv":[0,1.5,1.5,3],"rotation":270,"texture":"#9"},"south":{"uv":[0,1.5,1.25,0],"texture":"#9"},"west":{"uv":[1.5,1.5,0,3],"rotation":90,"texture":"#9"},"up":{"uv":[0,0,1.25,1.5],"texture":"#9"},"down":{"uv":[1.25,1.5,2.5,0],"rotation":180,"texture":"#9"}}}],"gui_light":"front","display":{"thirdperson_righthand":{"rotation":[67.5,0,0],"translation":[0.25,1.75,-0.5],"scale":[0.57641,0.57641,0.57641]},"thirdperson_lefthand":{"rotation":[67.5,0,-45],"translation":[-8.5,-6.75,7.5],"scale":[1.01,1.01,1.01]},"firstperson_righthand":{"translation":[3.75,2.25,-0.25],"scale":[0.5,0.5,0.5]},"firstperson_lefthand":{"translation":[2,4.25,2.25],"scale":[0,0,0]},"ground":{"translation":[0,9,0],"scale":[0.79648,0.79648,0.79648]},"gui":{"rotation":[30,135,0],"translation":[-0.25,-2,-2],"scale":[0.66242,0.66242,0.66242]},"head":{"translation":[-0.25,-19,0.5],"scale":[0,0,0]},"fixed":{"rotation":[0,180,0],"translation":[0,-4,-1.75],"scale":[2,2,2]}}}