{"credit":"MadewithBlockbench","texture_size":[32,32],"textures":{"0":"elitecreatures:king_arthur_animated_weapon_set/texture1","1":"elitecreatures:king_arthur_animated_weapon_set/texture2","4":"elitecreatures:king_arthur_animated_weapon_set/texture5","5":"elitecreatures:king_arthur_animated_weapon_set/texture6","6":"elitecreatures:king_arthur_animated_weapon_set/texture7","9":"elitecreatures:king_arthur_animated_weapon_set/symbol","11":"elitecreatures:king_arthur_animated_weapon_set/texture9","particle":"elitecreatures:king_arthur_animated_weapon_set/texture1"},"elements":[{"from":[2,-1.5,7.1],"to":[3,24,8.6],"rotation":{"angle":0,"axis":"y","origin":[16,0,10]},"faces":{"north":{"uv":[12.5,7,12.25,13.375],"texture":"#11"},"east":{"uv":[12.875,0,12.5,6.375],"texture":"#11"},"south":{"uv":[12.25,7,12.5,13.375],"texture":"#11"},"west":{"uv":[13.375,0,13,6.375],"texture":"#11"},"up":{"uv":[9,8,8.75,8.375],"texture":"#11"},"down":{"uv":[9.25,8.375,9,8],"texture":"#11"}}},{"from":[1,0.5,7.1],"to":[2,23,8.6],"rotation":{"angle":0,"axis":"y","origin":[16,0,10]},"faces":{"north":{"uv":[15,0,14.75,5.625],"texture":"#11"},"east":{"uv":[13.875,0,13.5,5.625],"texture":"#11"},"south":{"uv":[14.75,0,15,5.625],"texture":"#11"},"west":{"uv":[13.875,5.75,13.5,11.375],"texture":"#11"},"up":{"uv":[15.75,1.5,15.5,1.875],"texture":"#11"},"down":{"uv":[9.5,8.375,9.25,8],"texture":"#11"}}},{"from":[-2,6.5,7.3],"to":[-1,22,8.3],"rotation":{"angle":0,"axis":"y","origin":[16,0,10]},"faces":{"north":{"uv":[15.5,4.5,15.25,8.375],"texture":"#11"},"east":{"uv":[11.5,7.75,11.25,11.625],"texture":"#11"},"south":{"uv":[15.25,4.5,15.5,8.375],"texture":"#11"},"west":{"uv":[7.75,8,7.5,11.875],"texture":"#11"},"up":{"uv":[15.75,2.5,15.5,2.75],"texture":"#11"},"down":{"uv":[10.5,8.25,10.25,8],"texture":"#11"}}},{"from":[3,-3.5,7.1],"to":[4,24,8.6],"rotation":{"angle":0,"axis":"y","origin":[16,0,10]},"faces":{"north":{"uv":[12,7,11.75,13.875],"texture":"#11"},"east":{"uv":[11.875,0,11.5,6.875],"texture":"#11"},"south":{"uv":[11.75,7,12,13.875],"texture":"#11"},"west":{"uv":[12.375,0,12,6.875],"texture":"#11"},"up":{"uv":[9.75,8,9.5,8.375],"texture":"#11"},"down":{"uv":[15.75,2.375,15.5,2],"texture":"#11"}}},{"from":[0,2.5,7.1],"to":[1,23,8.6],"rotation":{"angle":0,"axis":"y","origin":[16,0,10]},"faces":{"north":{"uv":[15.25,0,15,5.125],"texture":"#11"},"east":{"uv":[13.125,6.5,12.75,11.625],"texture":"#11"},"south":{"uv":[15,0,15.25,5.125],"texture":"#11"},"west":{"uv":[14.625,0,14.25,5.125],"texture":"#11"},"up":{"uv":[10,8,9.75,8.375],"texture":"#11"},"down":{"uv":[10.25,8.375,10,8],"texture":"#11"}}},{"from":[4,-5.5,7],"to":[5,25,8.8],"rotation":{"angle":0,"axis":"y","origin":[16,0,10]},"faces":{"north":{"uv":[14.5,5.25,14.25,12.875],"texture":"#11"},"east":{"uv":[10.9375,0,10.5,7.625],"texture":"#11"},"south":{"uv":[14.25,5.25,14.5,12.875],"texture":"#11"},"west":{"uv":[11.4375,0,11,7.625],"texture":"#11"},"up":{"uv":[15.75,0.5,15.5,0.9375],"texture":"#11"},"down":{"uv":[8.5,8.4375,8.25,8],"texture":"#11"}}},{"from":[6,-7,6.9],"to":[8,25,8.9],"rotation":{"angle":0,"axis":"y","origin":[16,0,10]},"faces":{"north":{"uv":[9,0,8.5,8],"texture":"#11"},"east":{"uv":[8.5,0,8,8],"texture":"#11"},"south":{"uv":[8.5,0,9,8],"texture":"#11"},"west":{"uv":[9.5,0,9,8],"texture":"#11"},"up":{"uv":[16,0,15.5,0.5],"texture":"#11"},"down":{"uv":[8.25,8.5,7.75,8],"texture":"#11"}}},{"from":[5,-7,7],"to":[6,25,8.8],"rotation":{"angle":0,"axis":"y","origin":[16,0,10]},"faces":{"north":{"uv":[12.75,6.5,12.5,14.5],"texture":"#11"},"east":{"uv":[9.9375,0,9.5,8],"texture":"#11"},"south":{"uv":[12.5,6.5,12.75,14.5],"texture":"#11"},"west":{"uv":[10.4375,0,10,8],"texture":"#11"},"up":{"uv":[8.75,8,8.5,8.4375],"texture":"#11"},"down":{"uv":[15.75,1.4375,15.5,1],"texture":"#11"}}},{"from":[-1,4.5,7.3],"to":[0,22,8.3],"rotation":{"angle":0,"axis":"y","origin":[16,0,10]},"faces":{"north":{"uv":[10.75,7.75,10.5,12.125],"texture":"#11"},"east":{"uv":[15.5,0,15.25,4.375],"texture":"#11"},"south":{"uv":[10.5,7.75,10.75,12.125],"texture":"#11"},"west":{"uv":[11,7.75,10.75,12.125],"texture":"#11"},"up":{"uv":[15.75,2.75,15.5,3],"texture":"#11"},"down":{"uv":[15.75,3.25,15.5,3],"texture":"#11"}}},{"from":[14,4.5,7.3],"to":[15,22,8.3],"rotation":{"angle":0,"axis":"y","origin":[0,0,10]},"faces":{"north":{"uv":[6.25,6.5,6,10.875],"texture":"#11"},"east":{"uv":[6.75,5.75,6.5,10.125],"texture":"#11"},"south":{"uv":[6,6.5,6.25,10.875],"texture":"#11"},"west":{"uv":[6.5,6.5,6.25,10.875],"texture":"#11"},"up":{"uv":[7.5,1,7.25,1.25],"texture":"#11"},"down":{"uv":[7.5,1.5,7.25,1.25],"texture":"#11"}}},{"from":[8,-7,7],"to":[9,25,8.8],"rotation":{"angle":0,"axis":"y","origin":[0,0,10]},"faces":{"north":{"uv":[5.5,0,5.25,8],"texture":"#11"},"east":{"uv":[0.4375,0,0,8],"texture":"#11"},"south":{"uv":[5.25,0,5.5,8],"texture":"#11"},"west":{"uv":[0.9375,0,0.5,8],"texture":"#11"},"up":{"uv":[2.5,7,2.25,7.4375],"texture":"#11"},"down":{"uv":[2.75,7.4375,2.5,7],"texture":"#11"}}},{"from":[9,-5.5,7],"to":[10,25,8.8],"rotation":{"angle":0,"axis":"y","origin":[0,0,10]},"faces":{"north":{"uv":[4.5,5.75,4.25,13.375],"texture":"#11"},"east":{"uv":[1.4375,0,1,7.625],"texture":"#11"},"south":{"uv":[4.25,5.75,4.5,13.375],"texture":"#11"},"west":{"uv":[1.9375,0,1.5,7.625],"texture":"#11"},"up":{"uv":[3,7,2.75,7.4375],"texture":"#11"},"down":{"uv":[7.25,4.4375,7,4],"texture":"#11"}}},{"from":[13,2.5,7.1],"to":[14,23,8.6],"rotation":{"angle":0,"axis":"y","origin":[0,0,10]},"faces":{"north":{"uv":[3.75,6.5,3.5,11.625],"texture":"#11"},"east":{"uv":[5.875,0,5.5,5.125],"texture":"#11"},"south":{"uv":[3.5,6.5,3.75,11.625],"texture":"#11"},"west":{"uv":[5.875,5.25,5.5,10.375],"texture":"#11"},"up":{"uv":[7.25,4.5,7,4.875],"texture":"#11"},"down":{"uv":[7.25,5.375,7,5],"texture":"#11"}}},{"from":[10,-3.5,7.1],"to":[11,24,8.6],"rotation":{"angle":0,"axis":"y","origin":[0,0,10]},"faces":{"north":{"uv":[5,5.75,4.75,12.625],"texture":"#11"},"east":{"uv":[2.375,0,2,6.875],"texture":"#11"},"south":{"uv":[4.75,5.75,5,12.625],"texture":"#11"},"west":{"uv":[2.875,0,2.5,6.875],"texture":"#11"},"up":{"uv":[7.25,5.5,7,5.875],"texture":"#11"},"down":{"uv":[7.25,6.375,7,6],"texture":"#11"}}},{"from":[12,0.5,7.1],"to":[13,23,8.6],"rotation":{"angle":0,"axis":"y","origin":[0,0,10]},"faces":{"north":{"uv":[3.25,6.5,3,12.125],"texture":"#11"},"east":{"uv":[4.375,0,4,5.625],"texture":"#11"},"south":{"uv":[3,6.5,3.25,12.125],"texture":"#11"},"west":{"uv":[4.875,0,4.5,5.625],"texture":"#11"},"up":{"uv":[7.25,6.5,7,6.875],"texture":"#11"},"down":{"uv":[7.25,7.375,7,7],"texture":"#11"}}},{"from":[11,-1.5,7.1],"to":[12,24,8.6],"rotation":{"angle":0,"axis":"y","origin":[0,0,10]},"faces":{"north":{"uv":[6.5,0,6.25,6.375],"texture":"#11"},"east":{"uv":[3.375,0,3,6.375],"texture":"#11"},"south":{"uv":[6.25,0,6.5,6.375],"texture":"#11"},"west":{"uv":[3.875,0,3.5,6.375],"texture":"#11"},"up":{"uv":[7.5,0,7.25,0.375],"texture":"#11"},"down":{"uv":[7.5,0.875,7.25,0.5],"texture":"#11"}}},{"from":[15,6.5,7.3],"to":[16,22,8.3],"rotation":{"angle":0,"axis":"y","origin":[0,0,10]},"faces":{"north":{"uv":[7.25,0,7,3.875],"texture":"#11"},"east":{"uv":[7,4,6.75,7.875],"texture":"#11"},"south":{"uv":[7,0,7.25,3.875],"texture":"#11"},"west":{"uv":[2.25,7,2,10.875],"texture":"#11"},"up":{"uv":[7.5,1.5,7.25,1.75],"texture":"#11"},"down":{"uv":[7.5,2,7.25,1.75],"texture":"#11"}}},{"from":[-4.17329,10.00347,6],"to":[-2.17329,10.50347,8],"rotation":{"angle":-45,"axis":"z","origin":[-2,14.26915,7]},"faces":{"north":{"uv":[9,13,8.5,11],"rotation":90,"texture":"#0"},"east":{"uv":[9,10.5,11,11],"texture":"#0"},"south":{"uv":[9,13,8.5,11],"rotation":270,"texture":"#0"},"west":{"uv":[9,10.5,11,11],"texture":"#0"},"up":{"uv":[11,13,9,11],"rotation":270,"texture":"#0"},"down":{"uv":[11,13,9,11],"rotation":270,"texture":"#0"}}},{"from":[-5.33085,12.26915,6],"to":[-0.33085,16.26915,8],"rotation":{"angle":0,"axis":"y","origin":[-2,14.26915,7]},"faces":{"north":{"uv":[10,10.5,6,5.5],"rotation":90,"texture":"#9"},"east":{"uv":[4,7,0,5],"rotation":270,"texture":"#0"},"south":{"uv":[10,10.5,6,5.5],"rotation":270,"texture":"#9"},"west":{"uv":[4,7,0,9],"rotation":270,"texture":"#0"},"up":{"uv":[6,5,4,0],"rotation":270,"texture":"#0"},"down":{"uv":[6,5,4,0],"rotation":270,"texture":"#0"}}},{"from":[-2.29131,11.56046,6.1],"to":[0.70869,14.56046,7.9],"rotation":{"angle":45,"axis":"z","origin":[-2,14.26915,7]},"faces":{"north":{"uv":[3,9.25,0,12.25],"rotation":270,"texture":"#0"},"east":{"uv":[0,12.25,3,14.25],"rotation":270,"texture":"#0"},"south":{"uv":[0,12.25,3,9.25],"texture":"#0"},"west":{"uv":[4.8,9.25,3,12.25],"rotation":180,"texture":"#0"},"up":{"uv":[3,14.05,0,12.25],"texture":"#0"},"down":{"uv":[3,14.25,0,12.25],"texture":"#0"}}},{"from":[-2.33085,7.26915,6.5],"to":[-1.33085,12.26915,7.5],"rotation":{"angle":0,"axis":"y","origin":[-2,14.26915,7]},"faces":{"north":{"uv":[16,3,11,2],"rotation":90,"texture":"#0"},"east":{"uv":[11,0,16,1],"rotation":90,"texture":"#0"},"south":{"uv":[11,3,16,2],"rotation":270,"texture":"#0"},"west":{"uv":[11,1,16,2],"rotation":90,"texture":"#0"},"up":{"uv":[11,1,10,0],"rotation":270,"texture":"#0"},"down":{"uv":[11,1,10,0],"rotation":270,"texture":"#0"}}},{"from":[-2.88039,10.48876,6.1],"to":[-0.98039,13.38876,7.9],"rotation":{"angle":-45,"axis":"z","origin":[-2,14.26915,7]},"faces":{"north":{"uv":[15.9,15.9,13,14],"rotation":90,"texture":"#0"},"east":{"uv":[16,10,13,12],"rotation":90,"texture":"#0"},"south":{"uv":[13,15.9,15.9,14],"rotation":270,"texture":"#0"},"west":{"uv":[16,10,13,12],"rotation":90,"texture":"#0"},"up":{"uv":[14,14,16,12],"rotation":270,"texture":"#0"},"down":{"uv":[14,14,16,12],"rotation":270,"texture":"#0"}}},{"from":[-3.93085,10.86915,6],"to":[-2.33085,12.26915,8],"rotation":{"angle":0,"axis":"y","origin":[-2,14.26915,7]},"faces":{"north":{"uv":[6.25,3,7.75,1.5],"rotation":90,"texture":"#0"},"east":{"uv":[7.75,3,9.25,5],"rotation":90,"texture":"#0"},"south":{"uv":[7.75,3,6.25,1.5],"rotation":270,"texture":"#0"},"west":{"uv":[6.25,3,7.75,5],"rotation":90,"texture":"#0"},"up":{"uv":[8.25,1.5,6.25,0],"rotation":270,"texture":"#0"},"down":{"uv":[8.25,1.5,6.25,0],"rotation":270,"texture":"#0"}}},{"from":[-4.22881,11.66027,6.1],"to":[-1.22881,13.46027,7.9],"rotation":{"angle":22.5,"axis":"z","origin":[-2,14.26915,7]},"faces":{"north":{"uv":[7,5,4,7],"texture":"#0"},"east":{"uv":[6,9,4,7],"rotation":180,"texture":"#0"},"south":{"uv":[4,5,7,7],"texture":"#0"},"west":{"uv":[6,9,4,7],"rotation":180,"texture":"#0"},"up":{"uv":[13,0,14,1],"texture":"#0"},"down":{"uv":[5,10.25,8,12.25],"texture":"#0"}}},{"from":[0.3264,7.10478,6.6],"to":[1.3264,8.10478,7.4],"rotation":{"angle":-22.5,"axis":"z","origin":[-2,14.26915,7]},"faces":{"north":{"uv":[15,8,16,7],"rotation":90,"texture":"#0"},"east":{"uv":[13,6,14,7],"rotation":90,"texture":"#0"},"south":{"uv":[16,8,15,7],"rotation":270,"texture":"#0"},"west":{"uv":[13,7,14,8],"rotation":90,"texture":"#0"},"up":{"uv":[15,8,14,7],"rotation":270,"texture":"#0"},"down":{"uv":[15,8,14,7],"rotation":270,"texture":"#0"}}},{"from":[-6.83085,12.76915,8.1],"to":[-4.33085,13.76915,8.1],"rotation":{"angle":0,"axis":"y","origin":[-2,14.26915,7]},"faces":{"north":{"uv":[3,14.75,4,12.25],"rotation":90,"texture":"#0"},"east":{"uv":[0,0,1,0],"rotation":270,"texture":"#0"},"south":{"uv":[4,14.75,3,12.25],"rotation":270,"texture":"#0"},"west":{"uv":[0,0,1,0],"rotation":270,"texture":"#0"},"up":{"uv":[0,2.5,0,0],"rotation":270,"texture":"#0"},"down":{"uv":[0,2.5,0,0],"rotation":270,"texture":"#0"}}},{"from":[-2.88039,15.14954,6.1],"to":[-0.98039,18.04954,7.9],"rotation":{"angle":45,"axis":"z","origin":[-2,14.26915,7]},"faces":{"north":{"uv":[13,16,16,14],"rotation":90,"texture":"#0"},"east":{"uv":[13,10,16,12],"rotation":90,"texture":"#0"},"south":{"uv":[16,16,13,14],"rotation":270,"texture":"#0"},"west":{"uv":[13,10,16,12],"rotation":90,"texture":"#0"},"up":{"uv":[16,14,14,12],"rotation":270,"texture":"#0"},"down":{"uv":[16,14,14,12],"rotation":270,"texture":"#0"}}},{"from":[-3.93085,16.26915,6],"to":[-2.33085,17.66915,8],"rotation":{"angle":0,"axis":"y","origin":[-2,14.26915,7]},"faces":{"north":{"uv":[7.75,3,6.25,1.5],"rotation":90,"texture":"#0"},"east":{"uv":[9.25,3,7.75,5],"rotation":90,"texture":"#0"},"south":{"uv":[6.25,3,7.75,1.5],"rotation":270,"texture":"#0"},"west":{"uv":[7.75,3,6.25,5],"rotation":90,"texture":"#0"},"up":{"uv":[6.25,1.5,8.25,0],"rotation":270,"texture":"#0"},"down":{"uv":[6.25,1.5,8.25,0],"rotation":270,"texture":"#0"}}},{"from":[-6.83085,14.76915,8.1],"to":[-4.33085,15.76915,8.1],"rotation":{"angle":0,"axis":"y","origin":[-2,14.26915,7]},"faces":{"north":{"uv":[4,14.75,3,12.25],"rotation":90,"texture":"#0"},"east":{"uv":[1,0,0,0],"rotation":270,"texture":"#0"},"south":{"uv":[3,14.75,4,12.25],"rotation":270,"texture":"#0"},"west":{"uv":[1,0,0,0],"rotation":270,"texture":"#0"},"up":{"uv":[0,2.5,0,0],"rotation":270,"texture":"#0"},"down":{"uv":[0,2.5,0,0],"rotation":270,"texture":"#0"}}},{"from":[-5.62303,10.73533,6.4],"to":[-4.62303,13.73533,7.6],"rotation":{"angle":45,"axis":"z","origin":[-2,14.26915,7]},"faces":{"north":{"uv":[13,10,16,9],"rotation":90,"texture":"#0"},"east":{"uv":[13,8,16,9],"rotation":90,"texture":"#0"},"south":{"uv":[16,10,13,9],"rotation":270,"texture":"#0"},"west":{"uv":[13,8,16,9],"rotation":90,"texture":"#0"},"up":{"uv":[12.95,13,13.95,12],"rotation":270,"texture":"#0"},"down":{"uv":[12.95,13,13.95,12],"rotation":270,"texture":"#0"}}},{"from":[-6.83085,14.76915,5.9],"to":[-4.33085,15.76915,5.9],"rotation":{"angle":0,"axis":"y","origin":[-2,14.26915,7]},"faces":{"north":{"uv":[4,14.75,3,12.25],"rotation":90,"texture":"#0"},"east":{"uv":[1,0,0,0],"rotation":270,"texture":"#0"},"south":{"uv":[3,14.75,4,12.25],"rotation":270,"texture":"#0"},"west":{"uv":[1,0,0,0],"rotation":270,"texture":"#0"},"up":{"uv":[0,2.5,0,0],"rotation":270,"texture":"#0"},"down":{"uv":[0,2.5,0,0],"rotation":270,"texture":"#0"}}},{"from":[-6.83085,12.76915,5.9],"to":[-4.33085,13.76915,5.9],"rotation":{"angle":0,"axis":"y","origin":[-2,14.26915,7]},"faces":{"north":{"uv":[3,14.75,4,12.25],"rotation":90,"texture":"#0"},"east":{"uv":[0,0,1,0],"rotation":270,"texture":"#0"},"south":{"uv":[4,14.75,3,12.25],"rotation":270,"texture":"#0"},"west":{"uv":[0,0,1,0],"rotation":270,"texture":"#0"},"up":{"uv":[0,2.5,0,0],"rotation":270,"texture":"#0"},"down":{"uv":[0,2.5,0,0],"rotation":270,"texture":"#0"}}},{"from":[-5.62303,14.80297,6.4],"to":[-4.62303,17.80297,7.6],"rotation":{"angle":-45,"axis":"z","origin":[-2,14.26915,7]},"faces":{"north":{"uv":[16,10,13,9],"rotation":90,"texture":"#0"},"east":{"uv":[16,8,13,9],"rotation":90,"texture":"#0"},"south":{"uv":[13,10,16,9],"rotation":270,"texture":"#0"},"west":{"uv":[16,8,13,9],"rotation":90,"texture":"#0"},"up":{"uv":[13.95,13,12.95,12],"rotation":270,"texture":"#0"},"down":{"uv":[13.95,13,12.95,12],"rotation":270,"texture":"#0"}}},{"from":[-2.63085,7.26915,7.8],"to":[-1.63085,10.26915,7.8],"rotation":{"angle":0,"axis":"y","origin":[-2,14.26915,7]},"faces":{"north":{"uv":[7,15,4,16],"rotation":90,"texture":"#0"},"east":{"uv":[0,0,3,0],"rotation":90,"texture":"#0"},"south":{"uv":[7,16,4,15],"rotation":90,"texture":"#0"},"west":{"uv":[0,0,3,0],"rotation":270,"texture":"#0"},"up":{"uv":[2,0,1,0],"texture":"#0"},"down":{"uv":[2,0,1,0],"rotation":180,"texture":"#0"}}},{"from":[-2.63085,7.26915,6.2],"to":[-2.63085,10.26915,7.8],"rotation":{"angle":0,"axis":"y","origin":[-2,14.26915,7]},"faces":{"north":{"uv":[3,0,0,0],"rotation":90,"texture":"#0"},"east":{"uv":[13,3.35,16,4.85],"rotation":270,"texture":"#0"},"south":{"uv":[3,0,0,0],"rotation":270,"texture":"#0"},"west":{"uv":[13,3.35,16,4.85],"rotation":270,"texture":"#0"},"up":{"uv":[1.6,0,0,0],"rotation":270,"texture":"#0"},"down":{"uv":[1.6,0,0,0],"rotation":270,"texture":"#0"}}},{"from":[0.3264,20.43352,6.6],"to":[1.3264,21.43352,7.4],"rotation":{"angle":22.5,"axis":"z","origin":[-2,14.26915,7]},"faces":{"north":{"uv":[16,8,15,7],"rotation":90,"texture":"#0"},"east":{"uv":[14,6,13,7],"rotation":90,"texture":"#0"},"south":{"uv":[15,8,16,7],"rotation":270,"texture":"#0"},"west":{"uv":[14,7,13,8],"rotation":90,"texture":"#0"},"up":{"uv":[14,8,15,7],"rotation":270,"texture":"#0"},"down":{"uv":[14,8,15,7],"rotation":270,"texture":"#0"}}},{"from":[-2.33085,16.26915,6.5],"to":[-1.33085,21.26915,7.5],"rotation":{"angle":0,"axis":"y","origin":[-2,14.26915,7]},"faces":{"north":{"uv":[11,3,16,2],"rotation":90,"texture":"#0"},"east":{"uv":[16,0,11,1],"rotation":90,"texture":"#0"},"south":{"uv":[16,3,11,2],"rotation":270,"texture":"#0"},"west":{"uv":[16,1,11,2],"rotation":90,"texture":"#0"},"up":{"uv":[10,1,11,0],"rotation":270,"texture":"#0"},"down":{"uv":[10,1,11,0],"rotation":270,"texture":"#0"}}},{"from":[-5.08085,8.11915,7.9],"to":[-2.08085,10.61915,7.9],"rotation":{"angle":0,"axis":"y","origin":[-2,14.26915,7]},"faces":{"north":{"uv":[7,14.75,4,12.25],"texture":"#0"},"east":{"uv":[0,0,0,2],"rotation":180,"texture":"#0"},"south":{"uv":[4,14.75,7,12.25],"texture":"#0"},"west":{"uv":[0,0,0,2],"rotation":180,"texture":"#0"},"up":{"uv":[2,0,0,0],"rotation":180,"texture":"#0"},"down":{"uv":[2,0,0,0],"rotation":180,"texture":"#0"}}},{"from":[-2.63085,7.26915,6.2],"to":[-1.63085,10.26915,6.2],"rotation":{"angle":0,"axis":"y","origin":[-2,14.26915,7]},"faces":{"north":{"uv":[4,16,7,15],"rotation":270,"texture":"#0"},"east":{"uv":[0,0,3,0],"rotation":90,"texture":"#0"},"south":{"uv":[4,15,7,16],"rotation":270,"texture":"#0"},"west":{"uv":[0,0,3,0],"rotation":270,"texture":"#0"},"up":{"uv":[2,0,1,0],"texture":"#0"},"down":{"uv":[2,0,1,0],"rotation":180,"texture":"#0"}}},{"from":[-5.08085,8.11915,6.1],"to":[-2.08085,10.61915,6.1],"rotation":{"angle":0,"axis":"y","origin":[-2,14.26915,7]},"faces":{"north":{"uv":[4,12.25,7,14.75],"rotation":180,"texture":"#0"},"east":{"uv":[0,0,0,2],"rotation":180,"texture":"#0"},"south":{"uv":[7,12.25,4,14.75],"rotation":180,"texture":"#0"},"west":{"uv":[0,0,0,2],"rotation":180,"texture":"#0"},"up":{"uv":[2,0,0,0],"rotation":180,"texture":"#0"},"down":{"uv":[2,0,0,0],"rotation":180,"texture":"#0"}}},{"from":[-5.08085,17.91915,6.1],"to":[-2.08085,20.41915,6.1],"rotation":{"angle":0,"axis":"y","origin":[-2,14.26915,7]},"faces":{"north":{"uv":[4,14.75,7,12.25],"rotation":180,"texture":"#0"},"east":{"uv":[0,2,0,0],"rotation":180,"texture":"#0"},"south":{"uv":[7,14.75,4,12.25],"rotation":180,"texture":"#0"},"west":{"uv":[0,2,0,0],"rotation":180,"texture":"#0"},"up":{"uv":[2,0,0,0],"rotation":180,"texture":"#0"},"down":{"uv":[2,0,0,0],"rotation":180,"texture":"#0"}}},{"from":[-5.08085,17.91915,7.9],"to":[-2.08085,20.41915,7.9],"rotation":{"angle":0,"axis":"y","origin":[-2,14.26915,7]},"faces":{"north":{"uv":[7,12.25,4,14.75],"texture":"#0"},"east":{"uv":[0,2,0,0],"rotation":180,"texture":"#0"},"south":{"uv":[4,12.25,7,14.75],"texture":"#0"},"west":{"uv":[0,2,0,0],"rotation":180,"texture":"#0"},"up":{"uv":[2,0,0,0],"rotation":180,"texture":"#0"},"down":{"uv":[2,0,0,0],"rotation":180,"texture":"#0"}}},{"from":[-2.63085,18.26915,6.2],"to":[-2.63085,21.26915,7.8],"rotation":{"angle":0,"axis":"y","origin":[-2,14.26915,7]},"faces":{"north":{"uv":[0,0,3,0],"rotation":90,"texture":"#0"},"east":{"uv":[16,3.35,13,4.85],"rotation":270,"texture":"#0"},"south":{"uv":[0,0,3,0],"rotation":270,"texture":"#0"},"west":{"uv":[16,3.35,13,4.85],"rotation":270,"texture":"#0"},"up":{"uv":[0,0,1.6,0],"rotation":270,"texture":"#0"},"down":{"uv":[0,0,1.6,0],"rotation":270,"texture":"#0"}}},{"from":[-2.63085,18.26915,7.8],"to":[-1.63085,21.26915,7.8],"rotation":{"angle":0,"axis":"y","origin":[-2,14.26915,7]},"faces":{"north":{"uv":[4,15,7,16],"rotation":90,"texture":"#0"},"east":{"uv":[3,0,0,0],"rotation":90,"texture":"#0"},"south":{"uv":[4,16,7,15],"rotation":90,"texture":"#0"},"west":{"uv":[3,0,0,0],"rotation":270,"texture":"#0"},"up":{"uv":[2,0,1,0],"rotation":180,"texture":"#0"},"down":{"uv":[2,0,1,0],"texture":"#0"}}},{"from":[-1.83085,12.26915,7.5],"to":[2.16915,13.76915,7.5],"rotation":{"angle":0,"axis":"y","origin":[-2,14.26915,7]},"faces":{"north":{"uv":[9,15.75,13,14.25],"texture":"#0"},"east":{"uv":[14,9,14,11],"rotation":180,"texture":"#0"},"south":{"uv":[13,15.75,9,14.25],"texture":"#0"},"west":{"uv":[14,9,14,11],"rotation":180,"texture":"#0"},"up":{"uv":[17,1,13,1],"texture":"#0"},"down":{"uv":[17,0,13,0],"texture":"#0"}}},{"from":[-4.17329,18.03482,6],"to":[-2.17329,18.53482,8],"rotation":{"angle":45,"axis":"z","origin":[-2,14.26915,7]},"faces":{"north":{"uv":[8.5,13,9,11],"rotation":90,"texture":"#0"},"east":{"uv":[9,11,11,10.5],"texture":"#0"},"south":{"uv":[8.5,13,9,11],"rotation":270,"texture":"#0"},"west":{"uv":[9,11,11,10.5],"texture":"#0"},"up":{"uv":[9,13,11,11],"rotation":270,"texture":"#0"},"down":{"uv":[9,13,11,11],"rotation":270,"texture":"#0"}}},{"from":[-4.22881,15.07803,6.1],"to":[-1.22881,16.87803,7.9],"rotation":{"angle":-22.5,"axis":"z","origin":[-2,14.26915,7]},"faces":{"north":{"uv":[7,7,4,5],"texture":"#0"},"east":{"uv":[6,7,4,9],"rotation":180,"texture":"#0"},"south":{"uv":[4,7,7,5],"texture":"#0"},"west":{"uv":[6,7,4,9],"rotation":180,"texture":"#0"},"up":{"uv":[5,12.25,8,10.25],"texture":"#0"},"down":{"uv":[13,1,14,0],"texture":"#0"}}},{"from":[-2.63085,18.26915,6.2],"to":[-1.63085,21.26915,6.2],"rotation":{"angle":0,"axis":"y","origin":[-2,14.26915,7]},"faces":{"north":{"uv":[7,16,4,15],"rotation":270,"texture":"#0"},"east":{"uv":[3,0,0,0],"rotation":90,"texture":"#0"},"south":{"uv":[7,15,4,16],"rotation":270,"texture":"#0"},"west":{"uv":[3,0,0,0],"rotation":270,"texture":"#0"},"up":{"uv":[2,0,1,0],"rotation":180,"texture":"#0"},"down":{"uv":[2,0,1,0],"texture":"#0"}}},{"from":[-1.83085,14.76915,7.5],"to":[2.16915,16.26915,7.5],"rotation":{"angle":0,"axis":"y","origin":[-2,14.26915,7]},"faces":{"north":{"uv":[9,14.25,13,15.75],"texture":"#0"},"east":{"uv":[14,11,14,9],"rotation":180,"texture":"#0"},"south":{"uv":[13,14.25,9,15.75],"texture":"#0"},"west":{"uv":[14,11,14,9],"rotation":180,"texture":"#0"},"up":{"uv":[17,0,13,0],"texture":"#0"},"down":{"uv":[17,1,13,1],"texture":"#0"}}},{"from":[16.17329,10.00347,6],"to":[18.17329,10.50347,8],"rotation":{"angle":45,"axis":"z","origin":[16,14.26915,7]},"faces":{"north":{"uv":[9,11,8.5,13],"rotation":90,"texture":"#0"},"east":{"uv":[11,10.5,9,11],"texture":"#0"},"south":{"uv":[9,11,8.5,13],"rotation":270,"texture":"#0"},"west":{"uv":[11,10.5,9,11],"texture":"#0"},"up":{"uv":[11,11,9,13],"rotation":270,"texture":"#0"},"down":{"uv":[11,11,9,13],"rotation":270,"texture":"#0"}}},{"from":[14.33085,12.26915,6],"to":[19.33085,16.26915,8],"rotation":{"angle":0,"axis":"y","origin":[16,14.26915,7]},"faces":{"north":{"uv":[10,5.5,6,10.5],"rotation":90,"texture":"#9"},"east":{"uv":[4,9,0,7],"rotation":270,"texture":"#0"},"south":{"uv":[10,5.5,6,10.5],"rotation":270,"texture":"#9"},"west":{"uv":[4,5,0,7],"rotation":270,"texture":"#0"},"up":{"uv":[6,0,4,5],"rotation":270,"texture":"#0"},"down":{"uv":[6,0,4,5],"rotation":270,"texture":"#0"}}},{"from":[13.29131,11.56046,6.1],"to":[16.29131,14.56046,7.9],"rotation":{"angle":-45,"axis":"z","origin":[16,14.26915,7]},"faces":{"north":{"uv":[3,12.25,0,9.25],"rotation":270,"texture":"#0"},"east":{"uv":[3,9.25,4.8,12.25],"rotation":180,"texture":"#0"},"south":{"uv":[3,12.25,0,9.25],"texture":"#0"},"west":{"uv":[0,14.25,3,12.25],"rotation":270,"texture":"#0"},"up":{"uv":[0,14.05,3,12.25],"texture":"#0"},"down":{"uv":[0,14.25,3,12.25],"texture":"#0"}}},{"from":[15.33085,7.26915,6.5],"to":[16.33085,12.26915,7.5],"rotation":{"angle":0,"axis":"y","origin":[16,14.26915,7]},"faces":{"north":{"uv":[16,2,11,3],"rotation":90,"texture":"#0"},"east":{"uv":[11,2,16,1],"rotation":90,"texture":"#0"},"south":{"uv":[11,2,16,3],"rotation":270,"texture":"#0"},"west":{"uv":[11,1,16,0],"rotation":90,"texture":"#0"},"up":{"uv":[11,0,10,1],"rotation":270,"texture":"#0"},"down":{"uv":[11,0,10,1],"rotation":270,"texture":"#0"}}},{"from":[14.98039,10.48876,6.1],"to":[16.88039,13.38876,7.9],"rotation":{"angle":45,"axis":"z","origin":[16,14.26915,7]},"faces":{"north":{"uv":[15.9,14,13,15.9],"rotation":90,"texture":"#0"},"east":{"uv":[16,12,13,10],"rotation":90,"texture":"#0"},"south":{"uv":[13,14,15.9,15.9],"rotation":270,"texture":"#0"},"west":{"uv":[16,12,13,10],"rotation":90,"texture":"#0"},"up":{"uv":[14,12,16,14],"rotation":270,"texture":"#0"},"down":{"uv":[14,12,16,14],"rotation":270,"texture":"#0"}}},{"from":[16.33085,10.86915,6],"to":[17.93085,12.26915,8],"rotation":{"angle":0,"axis":"y","origin":[16,14.26915,7]},"faces":{"north":{"uv":[6.25,1.5,7.75,3],"rotation":90,"texture":"#0"},"east":{"uv":[6.25,5,7.75,3],"rotation":90,"texture":"#0"},"south":{"uv":[7.75,1.5,6.25,3],"rotation":270,"texture":"#0"},"west":{"uv":[7.75,5,9.25,3],"rotation":90,"texture":"#0"},"up":{"uv":[8.25,0,6.25,1.5],"rotation":270,"texture":"#0"},"down":{"uv":[8.25,0,6.25,1.5],"rotation":270,"texture":"#0"}}},{"from":[15.22881,11.66027,6.1],"to":[18.22881,13.46027,7.9],"rotation":{"angle":-22.5,"axis":"z","origin":[16,14.26915,7]},"faces":{"north":{"uv":[4,5,7,7],"texture":"#0"},"east":{"uv":[4,9,6,7],"rotation":180,"texture":"#0"},"south":{"uv":[7,5,4,7],"texture":"#0"},"west":{"uv":[4,9,6,7],"rotation":180,"texture":"#0"},"up":{"uv":[14,0,13,1],"texture":"#0"},"down":{"uv":[8,10.25,5,12.25],"texture":"#0"}}},{"from":[12.6736,7.10478,6.6],"to":[13.6736,8.10478,7.4],"rotation":{"angle":22.5,"axis":"z","origin":[16,14.26915,7]},"faces":{"north":{"uv":[15,7,16,8],"rotation":90,"texture":"#0"},"east":{"uv":[13,8,14,7],"rotation":90,"texture":"#0"},"south":{"uv":[16,7,15,8],"rotation":270,"texture":"#0"},"west":{"uv":[13,7,14,6],"rotation":90,"texture":"#0"},"up":{"uv":[15,7,14,8],"rotation":270,"texture":"#0"},"down":{"uv":[15,7,14,8],"rotation":270,"texture":"#0"}}},{"from":[18.33085,12.76915,8.1],"to":[20.83085,13.76915,8.1],"rotation":{"angle":0,"axis":"y","origin":[16,14.26915,7]},"faces":{"north":{"uv":[3,12.25,4,14.75],"rotation":90,"texture":"#0"},"east":{"uv":[0,0,1,0],"rotation":270,"texture":"#0"},"south":{"uv":[4,12.25,3,14.75],"rotation":270,"texture":"#0"},"west":{"uv":[0,0,1,0],"rotation":270,"texture":"#0"},"up":{"uv":[0,0,0,2.5],"rotation":270,"texture":"#0"},"down":{"uv":[0,0,0,2.5],"rotation":270,"texture":"#0"}}},{"from":[14.98039,15.14954,6.1],"to":[16.88039,18.04954,7.9],"rotation":{"angle":-45,"axis":"z","origin":[16,14.26915,7]},"faces":{"north":{"uv":[13,14,16,16],"rotation":90,"texture":"#0"},"east":{"uv":[13,12,16,10],"rotation":90,"texture":"#0"},"south":{"uv":[16,14,13,16],"rotation":270,"texture":"#0"},"west":{"uv":[13,12,16,10],"rotation":90,"texture":"#0"},"up":{"uv":[16,12,14,14],"rotation":270,"texture":"#0"},"down":{"uv":[16,12,14,14],"rotation":270,"texture":"#0"}}},{"from":[16.33085,16.26915,6],"to":[17.93085,17.66915,8],"rotation":{"angle":0,"axis":"y","origin":[16,14.26915,7]},"faces":{"north":{"uv":[7.75,1.5,6.25,3],"rotation":90,"texture":"#0"},"east":{"uv":[7.75,5,6.25,3],"rotation":90,"texture":"#0"},"south":{"uv":[6.25,1.5,7.75,3],"rotation":270,"texture":"#0"},"west":{"uv":[9.25,5,7.75,3],"rotation":90,"texture":"#0"},"up":{"uv":[6.25,0,8.25,1.5],"rotation":270,"texture":"#0"},"down":{"uv":[6.25,0,8.25,1.5],"rotation":270,"texture":"#0"}}},{"from":[18.33085,14.76915,8.1],"to":[20.83085,15.76915,8.1],"rotation":{"angle":0,"axis":"y","origin":[16,14.26915,7]},"faces":{"north":{"uv":[4,12.25,3,14.75],"rotation":90,"texture":"#0"},"east":{"uv":[1,0,0,0],"rotation":270,"texture":"#0"},"south":{"uv":[3,12.25,4,14.75],"rotation":270,"texture":"#0"},"west":{"uv":[1,0,0,0],"rotation":270,"texture":"#0"},"up":{"uv":[0,0,0,2.5],"rotation":270,"texture":"#0"},"down":{"uv":[0,0,0,2.5],"rotation":270,"texture":"#0"}}},{"from":[18.62303,10.73533,6.4],"to":[19.62303,13.73533,7.6],"rotation":{"angle":-45,"axis":"z","origin":[16,14.26915,7]},"faces":{"north":{"uv":[13,9,16,10],"rotation":90,"texture":"#0"},"east":{"uv":[13,9,16,8],"rotation":90,"texture":"#0"},"south":{"uv":[16,9,13,10],"rotation":270,"texture":"#0"},"west":{"uv":[13,9,16,8],"rotation":90,"texture":"#0"},"up":{"uv":[12.95,12,13.95,13],"rotation":270,"texture":"#0"},"down":{"uv":[12.95,12,13.95,13],"rotation":270,"texture":"#0"}}},{"from":[18.33085,14.76915,5.9],"to":[20.83085,15.76915,5.9],"rotation":{"angle":0,"axis":"y","origin":[16,14.26915,7]},"faces":{"north":{"uv":[4,12.25,3,14.75],"rotation":90,"texture":"#0"},"east":{"uv":[1,0,0,0],"rotation":270,"texture":"#0"},"south":{"uv":[3,12.25,4,14.75],"rotation":270,"texture":"#0"},"west":{"uv":[1,0,0,0],"rotation":270,"texture":"#0"},"up":{"uv":[0,0,0,2.5],"rotation":270,"texture":"#0"},"down":{"uv":[0,0,0,2.5],"rotation":270,"texture":"#0"}}},{"from":[18.33085,12.76915,5.9],"to":[20.83085,13.76915,5.9],"rotation":{"angle":0,"axis":"y","origin":[16,14.26915,7]},"faces":{"north":{"uv":[3,12.25,4,14.75],"rotation":90,"texture":"#0"},"east":{"uv":[0,0,1,0],"rotation":270,"texture":"#0"},"south":{"uv":[4,12.25,3,14.75],"rotation":270,"texture":"#0"},"west":{"uv":[0,0,1,0],"rotation":270,"texture":"#0"},"up":{"uv":[0,0,0,2.5],"rotation":270,"texture":"#0"},"down":{"uv":[0,0,0,2.5],"rotation":270,"texture":"#0"}}},{"from":[18.62303,14.80297,6.4],"to":[19.62303,17.80297,7.6],"rotation":{"angle":45,"axis":"z","origin":[16,14.26915,7]},"faces":{"north":{"uv":[16,9,13,10],"rotation":90,"texture":"#0"},"east":{"uv":[16,9,13,8],"rotation":90,"texture":"#0"},"south":{"uv":[13,9,16,10],"rotation":270,"texture":"#0"},"west":{"uv":[16,9,13,8],"rotation":90,"texture":"#0"},"up":{"uv":[13.95,12,12.95,13],"rotation":270,"texture":"#0"},"down":{"uv":[13.95,12,12.95,13],"rotation":270,"texture":"#0"}}},{"from":[15.63085,7.26915,7.8],"to":[16.63085,10.26915,7.8],"rotation":{"angle":0,"axis":"y","origin":[16,14.26915,7]},"faces":{"north":{"uv":[7,16,4,15],"rotation":90,"texture":"#0"},"east":{"uv":[0,0,3,0],"rotation":270,"texture":"#0"},"south":{"uv":[7,15,4,16],"rotation":90,"texture":"#0"},"west":{"uv":[0,0,3,0],"rotation":90,"texture":"#0"},"up":{"uv":[1,0,2,0],"texture":"#0"},"down":{"uv":[1,0,2,0],"rotation":180,"texture":"#0"}}},{"from":[16.63085,7.26915,6.2],"to":[16.63085,10.26915,7.8],"rotation":{"angle":0,"axis":"y","origin":[16,14.26915,7]},"faces":{"north":{"uv":[3,0,0,0],"rotation":90,"texture":"#0"},"east":{"uv":[13,4.85,16,3.35],"rotation":270,"texture":"#0"},"south":{"uv":[3,0,0,0],"rotation":270,"texture":"#0"},"west":{"uv":[13,4.85,16,3.35],"rotation":270,"texture":"#0"},"up":{"uv":[1.6,0,0,0],"rotation":270,"texture":"#0"},"down":{"uv":[1.6,0,0,0],"rotation":270,"texture":"#0"}}},{"from":[12.6736,20.43352,6.6],"to":[13.6736,21.43352,7.4],"rotation":{"angle":-22.5,"axis":"z","origin":[16,14.26915,7]},"faces":{"north":{"uv":[16,7,15,8],"rotation":90,"texture":"#0"},"east":{"uv":[14,8,13,7],"rotation":90,"texture":"#0"},"south":{"uv":[15,7,16,8],"rotation":270,"texture":"#0"},"west":{"uv":[14,7,13,6],"rotation":90,"texture":"#0"},"up":{"uv":[14,7,15,8],"rotation":270,"texture":"#0"},"down":{"uv":[14,7,15,8],"rotation":270,"texture":"#0"}}},{"from":[15.33085,16.26915,6.5],"to":[16.33085,21.26915,7.5],"rotation":{"angle":0,"axis":"y","origin":[16,14.26915,7]},"faces":{"north":{"uv":[11,2,16,3],"rotation":90,"texture":"#0"},"east":{"uv":[16,2,11,1],"rotation":90,"texture":"#0"},"south":{"uv":[16,2,11,3],"rotation":270,"texture":"#0"},"west":{"uv":[16,1,11,0],"rotation":90,"texture":"#0"},"up":{"uv":[10,0,11,1],"rotation":270,"texture":"#0"},"down":{"uv":[10,0,11,1],"rotation":270,"texture":"#0"}}},{"from":[16.08085,8.11915,7.9],"to":[19.08085,10.61915,7.9],"rotation":{"angle":0,"axis":"y","origin":[16,14.26915,7]},"faces":{"north":{"uv":[4,14.75,7,12.25],"texture":"#0"},"east":{"uv":[0,0,0,2],"rotation":180,"texture":"#0"},"south":{"uv":[7,14.75,4,12.25],"texture":"#0"},"west":{"uv":[0,0,0,2],"rotation":180,"texture":"#0"},"up":{"uv":[0,0,2,0],"rotation":180,"texture":"#0"},"down":{"uv":[0,0,2,0],"rotation":180,"texture":"#0"}}},{"from":[15.63085,7.26915,6.2],"to":[16.63085,10.26915,6.2],"rotation":{"angle":0,"axis":"y","origin":[16,14.26915,7]},"faces":{"north":{"uv":[4,15,7,16],"rotation":270,"texture":"#0"},"east":{"uv":[0,0,3,0],"rotation":270,"texture":"#0"},"south":{"uv":[4,16,7,15],"rotation":270,"texture":"#0"},"west":{"uv":[0,0,3,0],"rotation":90,"texture":"#0"},"up":{"uv":[1,0,2,0],"texture":"#0"},"down":{"uv":[1,0,2,0],"rotation":180,"texture":"#0"}}},{"from":[16.08085,8.11915,6.1],"to":[19.08085,10.61915,6.1],"rotation":{"angle":0,"axis":"y","origin":[16,14.26915,7]},"faces":{"north":{"uv":[7,12.25,4,14.75],"rotation":180,"texture":"#0"},"east":{"uv":[0,0,0,2],"rotation":180,"texture":"#0"},"south":{"uv":[4,12.25,7,14.75],"rotation":180,"texture":"#0"},"west":{"uv":[0,0,0,2],"rotation":180,"texture":"#0"},"up":{"uv":[0,0,2,0],"rotation":180,"texture":"#0"},"down":{"uv":[0,0,2,0],"rotation":180,"texture":"#0"}}},{"from":[16.08085,17.91915,6.1],"to":[19.08085,20.41915,6.1],"rotation":{"angle":0,"axis":"y","origin":[16,14.26915,7]},"faces":{"north":{"uv":[7,14.75,4,12.25],"rotation":180,"texture":"#0"},"east":{"uv":[0,2,0,0],"rotation":180,"texture":"#0"},"south":{"uv":[4,14.75,7,12.25],"rotation":180,"texture":"#0"},"west":{"uv":[0,2,0,0],"rotation":180,"texture":"#0"},"up":{"uv":[0,0,2,0],"rotation":180,"texture":"#0"},"down":{"uv":[0,0,2,0],"rotation":180,"texture":"#0"}}},{"from":[16.08085,17.91915,7.9],"to":[19.08085,20.41915,7.9],"rotation":{"angle":0,"axis":"y","origin":[16,14.26915,7]},"faces":{"north":{"uv":[4,12.25,7,14.75],"texture":"#0"},"east":{"uv":[0,2,0,0],"rotation":180,"texture":"#0"},"south":{"uv":[7,12.25,4,14.75],"texture":"#0"},"west":{"uv":[0,2,0,0],"rotation":180,"texture":"#0"},"up":{"uv":[0,0,2,0],"rotation":180,"texture":"#0"},"down":{"uv":[0,0,2,0],"rotation":180,"texture":"#0"}}},{"from":[16.63085,18.26915,6.2],"to":[16.63085,21.26915,7.8],"rotation":{"angle":0,"axis":"y","origin":[16,14.26915,7]},"faces":{"north":{"uv":[0,0,3,0],"rotation":90,"texture":"#0"},"east":{"uv":[16,4.85,13,3.35],"rotation":270,"texture":"#0"},"south":{"uv":[0,0,3,0],"rotation":270,"texture":"#0"},"west":{"uv":[16,4.85,13,3.35],"rotation":270,"texture":"#0"},"up":{"uv":[0,0,1.6,0],"rotation":270,"texture":"#0"},"down":{"uv":[0,0,1.6,0],"rotation":270,"texture":"#0"}}},{"from":[15.63085,18.26915,7.8],"to":[16.63085,21.26915,7.8],"rotation":{"angle":0,"axis":"y","origin":[16,14.26915,7]},"faces":{"north":{"uv":[4,16,7,15],"rotation":90,"texture":"#0"},"east":{"uv":[3,0,0,0],"rotation":270,"texture":"#0"},"south":{"uv":[4,15,7,16],"rotation":90,"texture":"#0"},"west":{"uv":[3,0,0,0],"rotation":90,"texture":"#0"},"up":{"uv":[1,0,2,0],"rotation":180,"texture":"#0"},"down":{"uv":[1,0,2,0],"texture":"#0"}}},{"from":[11.83085,12.26915,7.5],"to":[15.83085,13.76915,7.5],"rotation":{"angle":0,"axis":"y","origin":[16,14.26915,7]},"faces":{"north":{"uv":[13,15.75,9,14.25],"texture":"#0"},"east":{"uv":[14,9,14,11],"rotation":180,"texture":"#0"},"south":{"uv":[9,15.75,13,14.25],"texture":"#0"},"west":{"uv":[14,9,14,11],"rotation":180,"texture":"#0"},"up":{"uv":[13,1,17,1],"texture":"#0"},"down":{"uv":[13,0,17,0],"texture":"#0"}}},{"from":[16.17329,18.03482,6],"to":[18.17329,18.53482,8],"rotation":{"angle":-45,"axis":"z","origin":[16,14.26915,7]},"faces":{"north":{"uv":[8.5,11,9,13],"rotation":90,"texture":"#0"},"east":{"uv":[11,11,9,10.5],"texture":"#0"},"south":{"uv":[8.5,11,9,13],"rotation":270,"texture":"#0"},"west":{"uv":[11,11,9,10.5],"texture":"#0"},"up":{"uv":[9,11,11,13],"rotation":270,"texture":"#0"},"down":{"uv":[9,11,11,13],"rotation":270,"texture":"#0"}}},{"from":[15.22881,15.07803,6.1],"to":[18.22881,16.87803,7.9],"rotation":{"angle":22.5,"axis":"z","origin":[16,14.26915,7]},"faces":{"north":{"uv":[4,7,7,5],"texture":"#0"},"east":{"uv":[4,7,6,9],"rotation":180,"texture":"#0"},"south":{"uv":[7,7,4,5],"texture":"#0"},"west":{"uv":[4,7,6,9],"rotation":180,"texture":"#0"},"up":{"uv":[8,12.25,5,10.25],"texture":"#0"},"down":{"uv":[14,1,13,0],"texture":"#0"}}},{"from":[15.63085,18.26915,6.2],"to":[16.63085,21.26915,6.2],"rotation":{"angle":0,"axis":"y","origin":[16,14.26915,7]},"faces":{"north":{"uv":[7,15,4,16],"rotation":270,"texture":"#0"},"east":{"uv":[3,0,0,0],"rotation":270,"texture":"#0"},"south":{"uv":[7,16,4,15],"rotation":270,"texture":"#0"},"west":{"uv":[3,0,0,0],"rotation":90,"texture":"#0"},"up":{"uv":[1,0,2,0],"rotation":180,"texture":"#0"},"down":{"uv":[1,0,2,0],"texture":"#0"}}},{"from":[11.83085,14.76915,7.5],"to":[15.83085,16.26915,7.5],"rotation":{"angle":0,"axis":"y","origin":[16,14.26915,7]},"faces":{"north":{"uv":[13,14.25,9,15.75],"texture":"#0"},"east":{"uv":[14,11,14,9],"rotation":180,"texture":"#0"},"south":{"uv":[9,14.25,13,15.75],"texture":"#0"},"west":{"uv":[14,11,14,9],"rotation":180,"texture":"#0"},"up":{"uv":[13,0,17,0],"texture":"#0"},"down":{"uv":[13,1,17,1],"texture":"#0"}}},{"from":[6,24.78317,6.9],"to":[8,26.78317,9.1],"rotation":{"angle":0,"axis":"y","origin":[7,27.39159,8]},"faces":{"north":{"uv":[9.25,6.25,11.25,4.25],"rotation":180,"texture":"#1"},"east":{"uv":[11.25,6.25,13.25,4.25],"rotation":180,"texture":"#1"},"south":{"uv":[9.25,6.25,11.25,4.25],"rotation":180,"texture":"#1"},"west":{"uv":[11.25,6.25,13.25,4.25],"rotation":180,"texture":"#1"},"up":{"uv":[6.25,7,8.25,5],"rotation":180,"texture":"#1"},"down":{"uv":[6.25,5,8.25,3],"rotation":180,"texture":"#1"}}},{"from":[7.16405,28.24409,7.975],"to":[9.66405,31.24409,7.975],"rotation":{"angle":-22.5,"axis":"z","origin":[7,27.39159,8]},"faces":{"north":{"uv":[9.25,9.25,11.75,6.25],"rotation":180,"texture":"#1"},"east":{"uv":[0,3,0,0],"rotation":180,"texture":"#1"},"south":{"uv":[11.75,9.25,9.25,6.25],"rotation":180,"texture":"#1"},"west":{"uv":[0,3,0,0],"rotation":180,"texture":"#1"},"up":{"uv":[0,3,0,0],"rotation":270,"texture":"#1"},"down":{"uv":[0,3,0,0],"rotation":90,"texture":"#1"}}},{"from":[7.13382,27.30155,7.775],"to":[9.13382,28.30155,8.275],"rotation":{"angle":-22.5,"axis":"z","origin":[7,27.39159,8]},"faces":{"north":{"uv":[8.25,0,9.25,2],"rotation":90,"texture":"#1"},"east":{"uv":[9.25,2,8.25,2.5],"rotation":90,"texture":"#1"},"south":{"uv":[9.25,0,8.25,2],"rotation":270,"texture":"#1"},"west":{"uv":[11.5,1,12,0],"texture":"#1"},"up":{"uv":[10.75,0,10.25,2],"rotation":270,"texture":"#1"},"down":{"uv":[9.75,0,9.25,2],"rotation":270,"texture":"#1"}}},{"from":[8.13382,25.30155,7.775],"to":[9.13382,27.30155,8.275],"rotation":{"angle":-22.5,"axis":"z","origin":[7,27.39159,8]},"faces":{"north":{"uv":[6,3,7,1],"rotation":180,"texture":"#1"},"east":{"uv":[7.5,3,7,1],"rotation":180,"texture":"#1"},"south":{"uv":[7,3,6,1],"rotation":180,"texture":"#1"},"west":{"uv":[7.5,3,7,1],"rotation":180,"texture":"#1"},"up":{"uv":[6,2.5,5,2],"texture":"#1"},"down":{"uv":[6,2.5,5,2],"texture":"#1"}}},{"from":[8.67901,26.02069,7.675],"to":[9.67901,27.02069,8.375],"rotation":{"angle":22.5,"axis":"z","origin":[7,27.39159,8]},"faces":{"north":{"uv":[11.75,6.25,12.75,7.25],"rotation":90,"texture":"#1"},"east":{"uv":[12.75,7.25,11.75,7.75],"rotation":90,"texture":"#1"},"south":{"uv":[12.75,6.25,11.75,7.25],"rotation":270,"texture":"#1"},"west":{"uv":[12.75,7.25,13.25,6.25],"texture":"#1"},"up":{"uv":[11.75,7.75,12.75,7.25],"texture":"#1"},"down":{"uv":[13.25,6.25,12.75,7.25],"rotation":270,"texture":"#1"}}},{"from":[4.32099,26.02069,7.675],"to":[5.32099,27.02069,8.375],"rotation":{"angle":-22.5,"axis":"z","origin":[7,27.39159,8]},"faces":{"north":{"uv":[11.75,7.25,12.75,6.25],"rotation":90,"texture":"#1"},"east":{"uv":[13.25,7.25,12.75,6.25],"texture":"#1"},"south":{"uv":[12.75,7.25,11.75,6.25],"rotation":270,"texture":"#1"},"west":{"uv":[12.75,7.75,11.75,7.25],"rotation":90,"texture":"#1"},"up":{"uv":[12.75,7.75,11.75,7.25],"texture":"#1"},"down":{"uv":[13.25,7.25,12.75,6.25],"rotation":270,"texture":"#1"}}},{"from":[4.86618,25.30155,7.775],"to":[5.86618,27.30155,8.275],"rotation":{"angle":22.5,"axis":"z","origin":[7,27.39159,8]},"faces":{"north":{"uv":[7,3,6,1],"rotation":180,"texture":"#1"},"east":{"uv":[7,3,7.5,1],"rotation":180,"texture":"#1"},"south":{"uv":[6,3,7,1],"rotation":180,"texture":"#1"},"west":{"uv":[7,3,7.5,1],"rotation":180,"texture":"#1"},"up":{"uv":[5,2.5,6,2],"texture":"#1"},"down":{"uv":[5,2.5,6,2],"texture":"#1"}}},{"from":[4.86618,27.30155,7.775],"to":[6.86618,28.30155,8.275],"rotation":{"angle":22.5,"axis":"z","origin":[7,27.39159,8]},"faces":{"north":{"uv":[8.25,2,9.25,0],"rotation":90,"texture":"#1"},"east":{"uv":[12,1,11.5,0],"texture":"#1"},"south":{"uv":[9.25,2,8.25,0],"rotation":270,"texture":"#1"},"west":{"uv":[9.25,2.5,8.25,2],"rotation":90,"texture":"#1"},"up":{"uv":[10.75,2,10.25,0],"rotation":270,"texture":"#1"},"down":{"uv":[9.75,2,9.25,0],"rotation":270,"texture":"#1"}}},{"from":[4.33595,28.24409,7.975],"to":[6.83595,31.24409,7.975],"rotation":{"angle":22.5,"axis":"z","origin":[7,27.39159,8]},"faces":{"north":{"uv":[11.75,9.25,9.25,6.25],"rotation":180,"texture":"#1"},"east":{"uv":[0,3,0,0],"rotation":180,"texture":"#1"},"south":{"uv":[9.25,9.25,11.75,6.25],"rotation":180,"texture":"#1"},"west":{"uv":[0,3,0,0],"rotation":180,"texture":"#1"},"up":{"uv":[0,0,0,3],"rotation":270,"texture":"#1"},"down":{"uv":[0,0,0,3],"rotation":90,"texture":"#1"}}},{"from":[6.775,25.30155,5.86618],"to":[7.275,27.30155,6.86618],"rotation":{"angle":-22.5,"axis":"x","origin":[7,27.39159,8]},"faces":{"north":{"uv":[7.5,3,7,1],"rotation":180,"texture":"#1"},"east":{"uv":[7,3,6,1],"rotation":180,"texture":"#1"},"south":{"uv":[7.5,3,7,1],"rotation":180,"texture":"#1"},"west":{"uv":[6,3,7,1],"rotation":180,"texture":"#1"},"up":{"uv":[5,2,6,2.5],"rotation":90,"texture":"#1"},"down":{"uv":[5,2,6,2.5],"rotation":270,"texture":"#1"}}},{"from":[6.775,25.30155,9.13382],"to":[7.275,27.30155,10.13382],"rotation":{"angle":22.5,"axis":"x","origin":[7,27.39159,8]},"faces":{"north":{"uv":[7,3,7.5,1],"rotation":180,"texture":"#1"},"east":{"uv":[6,3,7,1],"rotation":180,"texture":"#1"},"south":{"uv":[7,3,7.5,1],"rotation":180,"texture":"#1"},"west":{"uv":[7,3,6,1],"rotation":180,"texture":"#1"},"up":{"uv":[6,2,5,2.5],"rotation":90,"texture":"#1"},"down":{"uv":[6,2,5,2.5],"rotation":270,"texture":"#1"}}},{"from":[6.975,28.24409,8.16405],"to":[6.975,31.24409,10.66405],"rotation":{"angle":22.5,"axis":"x","origin":[7,27.39159,8]},"faces":{"north":{"uv":[0,3,0,0],"rotation":180,"texture":"#1"},"east":{"uv":[9.25,9.25,11.75,6.25],"rotation":180,"texture":"#1"},"south":{"uv":[0,3,0,0],"rotation":180,"texture":"#1"},"west":{"uv":[11.75,9.25,9.25,6.25],"rotation":180,"texture":"#1"},"up":{"uv":[0,3,0,0],"texture":"#1"},"down":{"uv":[0,3,0,0],"texture":"#1"}}},{"from":[6.775,27.30155,8.13382],"to":[7.275,28.30155,10.13382],"rotation":{"angle":22.5,"axis":"x","origin":[7,27.39159,8]},"faces":{"north":{"uv":[12,1,11.5,0],"texture":"#1"},"east":{"uv":[9.25,2,8.25,0],"rotation":270,"texture":"#1"},"south":{"uv":[9.25,2.5,8.25,2],"rotation":90,"texture":"#1"},"west":{"uv":[8.25,2,9.25,0],"rotation":90,"texture":"#1"},"up":{"uv":[10.25,0,10.75,2],"texture":"#1"},"down":{"uv":[9.25,0,9.75,2],"rotation":180,"texture":"#1"}}},{"from":[6.675,26.02069,9.67901],"to":[7.375,27.02069,10.67901],"rotation":{"angle":-22.5,"axis":"x","origin":[7,27.39159,8]},"faces":{"north":{"uv":[13.25,7.25,12.75,6.25],"texture":"#1"},"east":{"uv":[12.75,7.25,11.75,6.25],"rotation":270,"texture":"#1"},"south":{"uv":[12.75,7.75,11.75,7.25],"rotation":90,"texture":"#1"},"west":{"uv":[11.75,7.25,12.75,6.25],"rotation":90,"texture":"#1"},"up":{"uv":[11.75,7.25,12.75,7.75],"rotation":90,"texture":"#1"},"down":{"uv":[12.75,6.25,13.25,7.25],"rotation":180,"texture":"#1"}}},{"from":[6.675,26.02069,5.32099],"to":[7.375,27.02069,6.32099],"rotation":{"angle":22.5,"axis":"x","origin":[7,27.39159,8]},"faces":{"north":{"uv":[12.75,7.25,11.75,7.75],"rotation":90,"texture":"#1"},"east":{"uv":[12.75,6.25,11.75,7.25],"rotation":270,"texture":"#1"},"south":{"uv":[12.75,7.25,13.25,6.25],"texture":"#1"},"west":{"uv":[11.75,6.25,12.75,7.25],"rotation":90,"texture":"#1"},"up":{"uv":[12.75,7.25,11.75,7.75],"rotation":90,"texture":"#1"},"down":{"uv":[12.75,7.25,13.25,6.25],"rotation":180,"texture":"#1"}}},{"from":[6.775,27.30155,5.86618],"to":[7.275,28.30155,7.86618],"rotation":{"angle":-22.5,"axis":"x","origin":[7,27.39159,8]},"faces":{"north":{"uv":[9.25,2,8.25,2.5],"rotation":90,"texture":"#1"},"east":{"uv":[9.25,0,8.25,2],"rotation":270,"texture":"#1"},"south":{"uv":[11.5,1,12,0],"texture":"#1"},"west":{"uv":[8.25,0,9.25,2],"rotation":90,"texture":"#1"},"up":{"uv":[10.25,2,10.75,0],"texture":"#1"},"down":{"uv":[9.25,2,9.75,0],"rotation":180,"texture":"#1"}}},{"from":[6.975,28.24409,5.33595],"to":[6.975,31.24409,7.83595],"rotation":{"angle":-22.5,"axis":"x","origin":[7,27.39159,8]},"faces":{"north":{"uv":[0,3,0,0],"rotation":180,"texture":"#1"},"east":{"uv":[11.75,9.25,9.25,6.25],"rotation":180,"texture":"#1"},"south":{"uv":[0,3,0,0],"rotation":180,"texture":"#1"},"west":{"uv":[9.25,9.25,11.75,6.25],"rotation":180,"texture":"#1"},"up":{"uv":[0,0,0,3],"texture":"#1"},"down":{"uv":[0,0,0,3],"texture":"#1"}}},{"from":[14.575,-2.01885,6.5],"to":[16.075,-0.51885,7.5],"rotation":{"angle":22.5,"axis":"z","origin":[16.52808,-0.14692,7]},"faces":{"north":{"uv":[7.5,4.25,8.25,3.5],"texture":"#6"},"east":{"uv":[7.5,5,8,4.25],"texture":"#6"},"south":{"uv":[8.25,4.25,7.5,3.5],"texture":"#6"},"west":{"uv":[7,5.5,7.5,4.75],"texture":"#6"},"up":{"uv":[7.5,4,7,4.75],"rotation":270,"texture":"#6"},"down":{"uv":[7.5,4,7,4.75],"rotation":90,"texture":"#6"}}},{"from":[16.26278,-0.60261,6.5],"to":[17.26278,2.39739,7.5],"rotation":{"angle":0,"axis":"y","origin":[16.52808,-0.14692,7]},"faces":{"north":{"uv":[8.5,3,7,3.5],"rotation":270,"texture":"#6"},"east":{"uv":[6.5,6,7,4.5],"rotation":180,"texture":"#6"},"south":{"uv":[7,3,8.5,3.5],"rotation":90,"texture":"#6"},"west":{"uv":[6.5,4.5,7,3],"texture":"#6"},"up":{"uv":[7.5,3.5,7,4],"rotation":90,"texture":"#6"},"down":{"uv":[8,3.5,7.5,4],"rotation":90,"texture":"#6"}}},{"from":[15.47572,-1.74536,6],"to":[17.47572,1.25464,8],"rotation":{"angle":-22.5,"axis":"z","origin":[16.52808,-0.14692,7]},"faces":{"north":{"uv":[10.5,12,11.5,10.5],"texture":"#4"},"east":{"uv":[10.5,13.5,11.5,12],"rotation":180,"texture":"#4"},"south":{"uv":[10.5,10.5,11.5,12],"rotation":180,"texture":"#4"},"west":{"uv":[10.5,15,11.5,13.5],"texture":"#4"},"up":{"uv":[11.5,15,10.5,16],"rotation":90,"texture":"#4"},"down":{"uv":[12.5,15,11.5,16],"rotation":90,"texture":"#4"}}},{"from":[7.675,-5.31885,7],"to":[18.675,6.68115,7],"rotation":{"angle":22.5,"axis":"z","origin":[16.52808,-0.14692,7]},"faces":{"north":{"uv":[10,1,16,6.5],"rotation":270,"texture":"#4"},"east":{"uv":[0,0,0,5],"rotation":180,"texture":"#4"},"south":{"uv":[16,1,10,6.5],"rotation":90,"texture":"#4"},"west":{"uv":[0,0,0,5],"texture":"#4"},"up":{"uv":[0,0,0,6.5],"rotation":90,"texture":"#4"},"down":{"uv":[0,0,0,6.5],"rotation":90,"texture":"#4"}}},{"from":[15.52472,1.88025,6.975],"to":[18.02472,4.88025,6.975],"rotation":{"angle":-45,"axis":"z","origin":[16.52808,-0.14692,7]},"faces":{"north":{"uv":[9.25,9.25,11.75,6.25],"rotation":180,"texture":"#1"},"east":{"uv":[0,3,0,0],"rotation":180,"texture":"#1"},"south":{"uv":[11.75,9.25,9.25,6.25],"rotation":180,"texture":"#1"},"west":{"uv":[0,3,0,0],"rotation":180,"texture":"#1"},"up":{"uv":[0,3,0,0],"rotation":270,"texture":"#1"},"down":{"uv":[0,3,0,0],"rotation":90,"texture":"#1"}}},{"from":[15.49449,0.93772,6.775],"to":[17.49449,1.93772,7.275],"rotation":{"angle":-45,"axis":"z","origin":[16.52808,-0.14692,7]},"faces":{"north":{"uv":[8.25,0,9.25,2],"rotation":90,"texture":"#1"},"east":{"uv":[9.25,2,8.25,2.5],"rotation":90,"texture":"#1"},"south":{"uv":[9.25,0,8.25,2],"rotation":270,"texture":"#1"},"west":{"uv":[11.5,1,12,0],"texture":"#1"},"up":{"uv":[10.75,0,10.25,2],"rotation":270,"texture":"#1"},"down":{"uv":[9.75,0,9.25,2],"rotation":270,"texture":"#1"}}},{"from":[18.21222,0.13828,6.675],"to":[19.21222,1.13828,7.375],"rotation":{"angle":0,"axis":"y","origin":[16.52808,-0.14692,7]},"faces":{"north":{"uv":[12.75,7.25,11.75,6.25],"rotation":270,"texture":"#4"},"east":{"uv":[11.75,7.75,12.75,7.25],"rotation":270,"texture":"#4"},"south":{"uv":[11.75,7.25,12.75,6.25],"rotation":90,"texture":"#4"},"west":{"uv":[13.25,6.25,12.75,7.25],"rotation":180,"texture":"#4"},"up":{"uv":[12.75,7.25,11.75,7.75],"rotation":180,"texture":"#4"},"down":{"uv":[12.75,7.25,13.25,6.25],"rotation":90,"texture":"#4"}}},{"from":[16.49449,-1.06228,6.775],"to":[17.49449,0.93772,7.275],"rotation":{"angle":-45,"axis":"z","origin":[16.52808,-0.14692,7]},"faces":{"north":{"uv":[6,3,7,1],"rotation":180,"texture":"#4"},"east":{"uv":[7.5,3,7,1],"rotation":180,"texture":"#4"},"south":{"uv":[7,3,6,1],"rotation":180,"texture":"#4"},"west":{"uv":[7.5,3,7,1],"rotation":180,"texture":"#4"},"up":{"uv":[6,2.5,5,2],"texture":"#4"},"down":{"uv":[6,2.5,5,2],"texture":"#4"}}},{"from":[-2.075,-2.01885,6.5],"to":[-0.575,-0.51885,7.5],"rotation":{"angle":-22.5,"axis":"z","origin":[-2.52808,-0.14692,7]},"faces":{"north":{"uv":[8.25,4.25,7.5,3.5],"texture":"#6"},"east":{"uv":[7.5,5.5,7,4.75],"texture":"#6"},"south":{"uv":[7.5,4.25,8.25,3.5],"texture":"#6"},"west":{"uv":[8,5,7.5,4.25],"texture":"#6"},"up":{"uv":[7.5,4.75,7,4],"rotation":270,"texture":"#6"},"down":{"uv":[7.5,4.75,7,4],"rotation":90,"texture":"#6"}}},{"from":[-3.26278,-0.60261,6.5],"to":[-2.26278,2.39739,7.5],"rotation":{"angle":0,"axis":"y","origin":[-2.52808,-0.14692,7]},"faces":{"north":{"uv":[8.5,3.5,7,3],"rotation":270,"texture":"#6"},"east":{"uv":[7,4.5,6.5,3],"texture":"#6"},"south":{"uv":[7,3.5,8.5,3],"rotation":90,"texture":"#6"},"west":{"uv":[7,6,6.5,4.5],"rotation":180,"texture":"#6"},"up":{"uv":[7.5,4,7,3.5],"rotation":90,"texture":"#6"},"down":{"uv":[8,4,7.5,3.5],"rotation":90,"texture":"#6"}}},{"from":[-3.47572,-1.74536,6],"to":[-1.47572,1.25464,8],"rotation":{"angle":22.5,"axis":"z","origin":[-2.52808,-0.14692,7]},"faces":{"north":{"uv":[11.5,12,10.5,10.5],"texture":"#4"},"east":{"uv":[11.5,15,10.5,13.5],"texture":"#4"},"south":{"uv":[11.5,10.5,10.5,12],"rotation":180,"texture":"#4"},"west":{"uv":[11.5,13.5,10.5,12],"rotation":180,"texture":"#4"},"up":{"uv":[11.5,16,10.5,15],"rotation":90,"texture":"#4"},"down":{"uv":[12.5,16,11.5,15],"rotation":90,"texture":"#4"}}},{"from":[-4.675,-5.31885,7],"to":[6.325,6.68115,7],"rotation":{"angle":-22.5,"axis":"z","origin":[-2.52808,-0.14692,7]},"faces":{"north":{"uv":[10,6.5,16,1],"rotation":270,"texture":"#4"},"east":{"uv":[0,0,0,5],"texture":"#4"},"south":{"uv":[16,6.5,10,1],"rotation":90,"texture":"#4"},"west":{"uv":[0,0,0,5],"rotation":180,"texture":"#4"},"up":{"uv":[0,6.5,0,0],"rotation":90,"texture":"#4"},"down":{"uv":[0,6.5,0,0],"rotation":90,"texture":"#4"}}},{"from":[-4.02472,1.88025,6.975],"to":[-1.52472,4.88025,6.975],"rotation":{"angle":45,"axis":"z","origin":[-2.52808,-0.14692,7]},"faces":{"north":{"uv":[11.75,9.25,9.25,6.25],"rotation":180,"texture":"#1"},"east":{"uv":[0,3,0,0],"rotation":180,"texture":"#1"},"south":{"uv":[9.25,9.25,11.75,6.25],"rotation":180,"texture":"#1"},"west":{"uv":[0,3,0,0],"rotation":180,"texture":"#1"},"up":{"uv":[0,0,0,3],"rotation":270,"texture":"#1"},"down":{"uv":[0,0,0,3],"rotation":90,"texture":"#1"}}},{"from":[-3.49449,0.93772,6.775],"to":[-1.49449,1.93772,7.275],"rotation":{"angle":45,"axis":"z","origin":[-2.52808,-0.14692,7]},"faces":{"north":{"uv":[8.25,2,9.25,0],"rotation":90,"texture":"#1"},"east":{"uv":[12,1,11.5,0],"texture":"#1"},"south":{"uv":[9.25,2,8.25,0],"rotation":270,"texture":"#1"},"west":{"uv":[9.25,2.5,8.25,2],"rotation":90,"texture":"#1"},"up":{"uv":[10.75,2,10.25,0],"rotation":270,"texture":"#1"},"down":{"uv":[9.75,2,9.25,0],"rotation":270,"texture":"#1"}}},{"from":[-5.21222,0.13828,6.675],"to":[-4.21222,1.13828,7.375],"rotation":{"angle":0,"axis":"y","origin":[-2.52808,-0.14692,7]},"faces":{"north":{"uv":[12.75,6.25,11.75,7.25],"rotation":270,"texture":"#4"},"east":{"uv":[12.75,6.25,13.25,7.25],"rotation":180,"texture":"#4"},"south":{"uv":[11.75,6.25,12.75,7.25],"rotation":90,"texture":"#4"},"west":{"uv":[11.75,7.25,12.75,7.75],"rotation":270,"texture":"#4"},"up":{"uv":[11.75,7.25,12.75,7.75],"rotation":180,"texture":"#4"},"down":{"uv":[12.75,6.25,13.25,7.25],"rotation":90,"texture":"#4"}}},{"from":[-3.49449,-1.06228,6.775],"to":[-2.49449,0.93772,7.275],"rotation":{"angle":45,"axis":"z","origin":[-2.52808,-0.14692,7]},"faces":{"north":{"uv":[7,3,6,1],"rotation":180,"texture":"#4"},"east":{"uv":[7,3,7.5,1],"rotation":180,"texture":"#4"},"south":{"uv":[6,3,7,1],"rotation":180,"texture":"#4"},"west":{"uv":[7,3,7.5,1],"rotation":180,"texture":"#4"},"up":{"uv":[5,2.5,6,2],"texture":"#4"},"down":{"uv":[5,2.5,6,2],"texture":"#4"}}},{"from":[-2,22.35,6.75],"to":[3.5,22.85,8.75],"rotation":{"angle":22.5,"axis":"z","origin":[-1.25,24.5,3.75]},"faces":{"north":{"uv":[8.5,4.5,8.75,7.25],"rotation":90,"texture":"#5"},"east":{"uv":[8.25,4.625,8.5,5.625],"rotation":270,"texture":"#5"},"south":{"uv":[8.5,4.5,8.75,7.25],"rotation":90,"texture":"#5"},"west":{"uv":[8.25,4.625,8.5,5.625],"rotation":90,"texture":"#5"},"up":{"uv":[8.75,4.5,9.75,7.25],"rotation":270,"texture":"#5"},"down":{"uv":[8.75,4.5,9.75,7.25],"rotation":90,"texture":"#5"}}},{"from":[10.7,21.55,6.75],"to":[16.2,22.05,8.75],"rotation":{"angle":-22.5,"axis":"z","origin":[17.25,24.5,3.75]},"faces":{"north":{"uv":[8.5,7.25,8.75,4.5],"rotation":90,"texture":"#5"},"east":{"uv":[8.25,5.625,8.5,4.625],"rotation":90,"texture":"#5"},"south":{"uv":[8.5,7.25,8.75,4.5],"rotation":90,"texture":"#5"},"west":{"uv":[8.25,5.625,8.5,4.625],"rotation":270,"texture":"#5"},"up":{"uv":[8.75,7.25,9.75,4.5],"rotation":270,"texture":"#5"},"down":{"uv":[8.75,7.25,9.75,4.5],"rotation":90,"texture":"#5"}}}],"gui_light":"front","display":{"thirdperson_righthand":{"rotation":[78,-90,-17.34],"translation":[2.5,-2.5,2],"scale":[0.7,0.7,0.7]},"thirdperson_lefthand":{"rotation":[78,-90,-17.34],"translation":[2.5,-2.5,2],"scale":[0.7,0.7,0.7]},"firstperson_righthand":{"translation":[-2.25,4.25,0.5],"scale":[0.42382,0.42382,0.42382]},"firstperson_lefthand":{"translation":[-2.25,4.25,0.5],"scale":[0.42382,0.42382,0.42382]},"ground":{"translation":[0,12,0],"scale":[0.67578,0.67578,0.67578]},"gui":{"translation":[0.25,-1.25,-2],"scale":[0.41406,0.41406,0.41406]},"head":{"translation":[-0.25,-19,0.5],"scale":[0,0,0]},"fixed":{"rotation":[0,180,0],"translation":[0,-3.75,-3.25],"scale":[1.6,1.6,1.6]}}}