{"credit":"MadewithBlockbench","texture_size":[32,32],"textures":{"5":"elitecreatures:king_arthur_animated_weapon_set/symbol","6":"elitecreatures:king_arthur_animated_weapon_set/texture1","7":"elitecreatures:king_arthur_animated_weapon_set/texture2","10":"elitecreatures:king_arthur_animated_weapon_set/texture5","11":"elitecreatures:king_arthur_animated_weapon_set/texture6","12":"elitecreatures:king_arthur_animated_weapon_set/texture7","15":"elitecreatures:king_arthur_animated_weapon_set/texture10","particle":"elitecreatures:king_arthur_animated_weapon_set/texture1"},"elements":[{"from":[7.5,-7,7.5],"to":[8.5,0,8.5],"rotation":{"angle":0,"axis":"y","origin":[8,1.5,8]},"faces":{"north":{"uv":[12,5,13,12],"texture":"#6"},"east":{"uv":[11,5,12,12],"texture":"#6"},"south":{"uv":[12,5,13,12],"texture":"#6"},"west":{"uv":[11,5,12,12],"texture":"#6"},"up":{"uv":[12,4,13,5],"rotation":180,"texture":"#6"},"down":{"uv":[13,5,14,6],"rotation":180,"texture":"#6"}}},{"from":[6.5,-8.5,6.5],"to":[9.5,-7.5,9.5],"faces":{"north":{"uv":[3,0,6,1],"texture":"#7"},"east":{"uv":[3,0,6,1],"texture":"#7"},"south":{"uv":[3,0,6,1],"texture":"#7"},"west":{"uv":[3,0,6,1],"texture":"#7"},"up":{"uv":[3,3,0,0],"texture":"#7"},"down":{"uv":[3,3,0,6],"texture":"#7"}}},{"from":[5.6,-5,7],"to":[6.1,-3,9],"rotation":{"angle":45,"axis":"z","origin":[1.5,-2,5]},"faces":{"north":{"uv":[8.5,11,9,13],"texture":"#6"},"east":{"uv":[9,11,11,13],"texture":"#6"},"south":{"uv":[8.5,11,9,13],"texture":"#6"},"west":{"uv":[9,11,11,13],"texture":"#6"},"up":{"uv":[9,10.5,11,11],"rotation":90,"texture":"#6"},"down":{"uv":[9,10.5,11,11],"rotation":90,"texture":"#6"}}},{"from":[6,0,7],"to":[10,5,9],"rotation":{"angle":0,"axis":"y","origin":[8,-1.5,7]},"faces":{"north":{"uv":[6,5.5,10,10.5],"texture":"#5"},"east":{"uv":[4,0,6,5],"texture":"#6"},"south":{"uv":[6,5.5,10,10.5],"texture":"#5"},"west":{"uv":[4,0,6,5],"texture":"#6"},"up":{"uv":[4,7,0,5],"texture":"#6"},"down":{"uv":[4,7,0,9],"texture":"#6"}}},{"from":[9.3,4.7,7.1],"to":[12.3,7.7,8.9],"rotation":{"angle":-45,"axis":"z","origin":[8,9,7.4]},"faces":{"north":{"uv":[3,9.25,0,12.25],"rotation":90,"texture":"#6"},"east":{"uv":[0,12.25,3,14.05],"rotation":90,"texture":"#6"},"south":{"uv":[0,12.25,3,9.25],"rotation":180,"texture":"#6"},"west":{"uv":[0,12.25,3,14.25],"rotation":90,"texture":"#6"},"up":{"uv":[0,12.25,3,14.25],"texture":"#6"},"down":{"uv":[4.8,9.25,3,12.25],"rotation":270,"texture":"#6"}}},{"from":[4.1,2.5,7.1],"to":[7,4.4,8.9],"rotation":{"angle":45,"axis":"z","origin":[8,3.5,7]},"faces":{"north":{"uv":[15.9,14,13,15.9],"texture":"#6"},"east":{"uv":[16,12,14,14],"texture":"#6"},"south":{"uv":[13,14,15.9,15.9],"texture":"#6"},"west":{"uv":[16,12,14,14],"texture":"#6"},"up":{"uv":[16,10,13,12],"rotation":180,"texture":"#6"},"down":{"uv":[16,10,13,12],"rotation":180,"texture":"#6"}}},{"from":[7.5,5,7.5],"to":[8.5,9,8.5],"rotation":{"angle":0,"axis":"y","origin":[7.9,7,7.5]},"faces":{"north":{"uv":[4,15,0,16],"rotation":90,"texture":"#6"},"east":{"uv":[10,13,14,14],"rotation":90,"texture":"#6"},"south":{"uv":[0,15,4,16],"rotation":270,"texture":"#6"},"west":{"uv":[10,13,14,14],"rotation":90,"texture":"#6"},"up":{"uv":[11.75,12,12.75,13],"rotation":270,"texture":"#6"},"down":{"uv":[11.75,12,12.75,13],"rotation":270,"texture":"#6"}}},{"from":[4.6,1.4,7],"to":[6,3,9],"rotation":{"angle":0,"axis":"y","origin":[8,-1.5,7]},"faces":{"north":{"uv":[6.25,1.5,7.75,3],"texture":"#6"},"east":{"uv":[6.25,0,8.25,1.5],"texture":"#6"},"south":{"uv":[7.75,1.5,6.25,3],"texture":"#6"},"west":{"uv":[6.25,0,8.25,1.5],"texture":"#6"},"up":{"uv":[7.75,3,9.25,5],"rotation":180,"texture":"#6"},"down":{"uv":[6.25,3,7.75,5],"rotation":180,"texture":"#6"}}},{"from":[8.9,1.8,7.1],"to":[10.7,4.8,8.9],"rotation":{"angle":-22.5,"axis":"z","origin":[8,12.5,7]},"faces":{"north":{"uv":[7,7,4,5],"rotation":90,"texture":"#6"},"east":{"uv":[14,1,13,0],"rotation":90,"texture":"#6"},"south":{"uv":[4,7,7,5],"rotation":270,"texture":"#6"},"west":{"uv":[8,12.25,5,10.25],"rotation":90,"texture":"#6"},"up":{"uv":[6,9,4,7],"rotation":270,"texture":"#6"},"down":{"uv":[6,9,4,7],"rotation":270,"texture":"#6"}}},{"from":[9,-9.5,6.5],"to":[9.5,-8.5,7],"rotation":{"angle":0,"axis":"y","origin":[0,0,16]},"faces":{"north":{"uv":[3,2,3.5,3],"texture":"#7"},"east":{"uv":[3.5,2,4,3],"texture":"#7"},"south":{"uv":[3,2,3.5,3],"texture":"#7"},"west":{"uv":[3.5,2,4,3],"texture":"#7"},"up":{"uv":[4,2,4.5,2.5],"texture":"#7"},"down":{"uv":[4,2,4.5,2.5],"texture":"#7"}}},{"from":[7.5,-9,6.5],"to":[8.5,-8.5,7],"faces":{"north":{"uv":[3,3,4,3.5],"texture":"#7"},"east":{"uv":[3,4,3.5,4.5],"texture":"#7"},"south":{"uv":[3,3,4,3.5],"texture":"#7"},"west":{"uv":[3.5,4,3,4.5],"texture":"#7"},"up":{"uv":[3,3.5,4,4],"texture":"#7"},"down":{"uv":[3,3.5,4,4],"texture":"#7"}}},{"from":[7,-7.5,7],"to":[9,-7,9],"faces":{"north":{"uv":[7,5.5,9,6],"texture":"#6"},"east":{"uv":[7,5,9,5.5],"texture":"#6"},"south":{"uv":[7,5.5,9,6],"texture":"#6"},"west":{"uv":[7,5,9,5.5],"texture":"#6"},"up":{"uv":[7,6,9,8],"texture":"#6"},"down":{"uv":[7,6,9,8],"texture":"#6"}}},{"from":[6.5,-1.5,6.9],"to":[7.5,1,6.9],"faces":{"north":{"uv":[3,12.25,4,14.75],"texture":"#6"},"east":{"uv":[0,0,0,2.5],"texture":"#6"},"south":{"uv":[4,12.25,3,14.75],"texture":"#6"},"west":{"uv":[0,0,0,2.5],"texture":"#6"},"up":{"uv":[0,0,1,0],"texture":"#6"},"down":{"uv":[0,0,1,0],"texture":"#6"}}},{"from":[9,2.5,7.1],"to":[11.9,4.4,8.9],"rotation":{"angle":-45,"axis":"z","origin":[8,3.5,7]},"faces":{"north":{"uv":[13,14,16,16],"texture":"#6"},"east":{"uv":[14,12,16,14],"texture":"#6"},"south":{"uv":[16,14,13,16],"texture":"#6"},"west":{"uv":[14,12,16,14],"texture":"#6"},"up":{"uv":[13,10,16,12],"rotation":180,"texture":"#6"},"down":{"uv":[13,10,16,12],"rotation":180,"texture":"#6"}}},{"from":[10,1.4,7],"to":[11.4,3,9],"rotation":{"angle":0,"axis":"y","origin":[8,-1.5,7]},"faces":{"north":{"uv":[7.75,1.5,6.25,3],"texture":"#6"},"east":{"uv":[8.25,0,6.25,1.5],"texture":"#6"},"south":{"uv":[6.25,1.5,7.75,3],"texture":"#6"},"west":{"uv":[8.25,0,6.25,1.5],"texture":"#6"},"up":{"uv":[9.25,3,7.75,5],"rotation":180,"texture":"#6"},"down":{"uv":[7.75,3,6.25,5],"rotation":180,"texture":"#6"}}},{"from":[8.5,-1.5,6.9],"to":[9.5,1,6.9],"rotation":{"angle":0,"axis":"y","origin":[16,0,0]},"faces":{"north":{"uv":[4,12.25,3,14.75],"texture":"#6"},"east":{"uv":[0,0,0,2.5],"texture":"#6"},"south":{"uv":[3,12.25,4,14.75],"texture":"#6"},"west":{"uv":[0,0,0,2.5],"texture":"#6"},"up":{"uv":[1,0,0,0],"texture":"#6"},"down":{"uv":[1,0,0,0],"texture":"#6"}}},{"from":[8.5,-1.5,9.1],"to":[9.5,1,9.1],"rotation":{"angle":0,"axis":"y","origin":[16,0,16]},"faces":{"north":{"uv":[4,12.25,3,14.75],"texture":"#6"},"east":{"uv":[0,0,0,2.5],"texture":"#6"},"south":{"uv":[3,12.25,4,14.75],"texture":"#6"},"west":{"uv":[0,0,0,2.5],"texture":"#6"},"up":{"uv":[1,0,0,0],"texture":"#6"},"down":{"uv":[1,0,0,0],"texture":"#6"}}},{"from":[6.5,-1.5,9.1],"to":[7.5,1,9.1],"rotation":{"angle":0,"axis":"y","origin":[0,0,16]},"faces":{"north":{"uv":[3,12.25,4,14.75],"texture":"#6"},"east":{"uv":[0,0,0,2.5],"texture":"#6"},"south":{"uv":[4,12.25,3,14.75],"texture":"#6"},"west":{"uv":[0,0,0,2.5],"texture":"#6"},"up":{"uv":[0,0,1,0],"texture":"#6"},"down":{"uv":[0,0,1,0],"texture":"#6"}}},{"from":[6,3.5,7.5],"to":[7.5,7.5,7.5],"rotation":{"angle":0,"axis":"y","origin":[7.9,6.5,7.5]},"faces":{"north":{"uv":[9,14.25,13,15.75],"rotation":90,"texture":"#6"},"east":{"uv":[13,1,17,1],"rotation":90,"texture":"#6"},"south":{"uv":[13,14.25,9,15.75],"rotation":270,"texture":"#6"},"west":{"uv":[13,0,17,0],"rotation":90,"texture":"#6"},"up":{"uv":[14,9,14,11],"rotation":270,"texture":"#6"},"down":{"uv":[14,9,14,11],"rotation":270,"texture":"#6"}}},{"from":[6.5,-9.5,6.5],"to":[7,-8.5,7],"rotation":{"angle":0,"axis":"y","origin":[16,0,16]},"faces":{"north":{"uv":[3.5,2,3,3],"texture":"#7"},"east":{"uv":[4,2,3.5,3],"texture":"#7"},"south":{"uv":[3.5,2,3,3],"texture":"#7"},"west":{"uv":[4,2,3.5,3],"texture":"#7"},"up":{"uv":[4.5,2,4,2.5],"texture":"#7"},"down":{"uv":[4.5,2,4,2.5],"texture":"#7"}}},{"from":[6.5,-9.5,9],"to":[7,-8.5,9.5],"rotation":{"angle":0,"axis":"y","origin":[16,0,0]},"faces":{"north":{"uv":[3,2,3.5,3],"texture":"#7"},"east":{"uv":[3.5,2,4,3],"texture":"#7"},"south":{"uv":[3,2,3.5,3],"texture":"#7"},"west":{"uv":[3.5,2,4,3],"texture":"#7"},"up":{"uv":[4.5,2.5,4,2],"texture":"#7"},"down":{"uv":[4.5,2.5,4,2],"texture":"#7"}}},{"from":[7.5,-9,9],"to":[8.5,-8.5,9.5],"rotation":{"angle":0,"axis":"y","origin":[0,0,16]},"faces":{"north":{"uv":[4,3,3,3.5],"texture":"#7"},"east":{"uv":[3.5,4,3,4.5],"texture":"#7"},"south":{"uv":[4,3,3,3.5],"texture":"#7"},"west":{"uv":[3,4,3.5,4.5],"texture":"#7"},"up":{"uv":[3,4,4,3.5],"texture":"#7"},"down":{"uv":[3,4,4,3.5],"texture":"#7"}}},{"from":[9,-9.5,9],"to":[9.5,-8.5,9.5],"faces":{"north":{"uv":[3.5,2,3,3],"texture":"#7"},"east":{"uv":[4,2,3.5,3],"texture":"#7"},"south":{"uv":[3.5,2,3,3],"texture":"#7"},"west":{"uv":[4,2,3.5,3],"texture":"#7"},"up":{"uv":[4,2.5,4.5,2],"texture":"#7"},"down":{"uv":[4,2.5,4.5,2],"texture":"#7"}}},{"from":[6.5,-9,7.5],"to":[7,-8.5,8.5],"rotation":{"angle":0,"axis":"y","origin":[8,-8.75,8]},"faces":{"north":{"uv":[3,4,3.5,4.5],"texture":"#7"},"east":{"uv":[4,3,3,3.5],"texture":"#7"},"south":{"uv":[3.5,4,3,4.5],"texture":"#7"},"west":{"uv":[4,3,3,3.5],"texture":"#7"},"up":{"uv":[3,4,4,3.5],"rotation":90,"texture":"#7"},"down":{"uv":[3,4,4,3.5],"rotation":270,"texture":"#7"}}},{"from":[9,-9,7.5],"to":[9.5,-8.5,8.5],"rotation":{"angle":0,"axis":"y","origin":[8,-8.75,8]},"faces":{"north":{"uv":[3.5,4,3,4.5],"texture":"#7"},"east":{"uv":[3,3,4,3.5],"texture":"#7"},"south":{"uv":[3,4,3.5,4.5],"texture":"#7"},"west":{"uv":[3,3,4,3.5],"texture":"#7"},"up":{"uv":[3,3.5,4,4],"rotation":90,"texture":"#7"},"down":{"uv":[3,3.5,4,4],"rotation":270,"texture":"#7"}}},{"from":[9.9,-5,7],"to":[10.4,-3,9],"rotation":{"angle":-45,"axis":"z","origin":[14.5,-2,5]},"faces":{"north":{"uv":[9,11,8.5,13],"texture":"#6"},"east":{"uv":[11,11,9,13],"texture":"#6"},"south":{"uv":[9,11,8.5,13],"texture":"#6"},"west":{"uv":[11,11,9,13],"texture":"#6"},"up":{"uv":[9,11,11,10.5],"rotation":90,"texture":"#6"},"down":{"uv":[9,11,11,10.5],"rotation":90,"texture":"#6"}}},{"from":[7.3,-6.5,7.3],"to":[8.7,-5,8.7],"faces":{"north":{"uv":[9,5,10.5,6.5],"texture":"#6"},"east":{"uv":[7.5,8,9,9.5],"rotation":90,"texture":"#6"},"south":{"uv":[9,5,10.5,6.5],"texture":"#6"},"west":{"uv":[7.5,8,9,9.5],"rotation":90,"texture":"#6"},"up":{"uv":[6,8,7.5,9.5],"texture":"#6"},"down":{"uv":[9.5,1.5,11,3],"rotation":270,"texture":"#6"}}},{"from":[5.3,1.8,7.1],"to":[7.1,4.8,8.9],"rotation":{"angle":22.5,"axis":"z","origin":[8,12.5,7]},"faces":{"north":{"uv":[7,5,4,7],"rotation":90,"texture":"#6"},"east":{"uv":[8,10.25,5,12.25],"rotation":90,"texture":"#6"},"south":{"uv":[4,5,7,7],"rotation":270,"texture":"#6"},"west":{"uv":[14,0,13,1],"rotation":90,"texture":"#6"},"up":{"uv":[6,7,4,9],"rotation":270,"texture":"#6"},"down":{"uv":[6,7,4,9],"rotation":270,"texture":"#6"}}},{"from":[7.3,-3.5,7.3],"to":[8.7,-2,8.7],"faces":{"north":{"uv":[9,5,10.5,6.5],"texture":"#6"},"east":{"uv":[7.5,8,9,9.5],"rotation":90,"texture":"#6"},"south":{"uv":[9,5,10.5,6.5],"texture":"#6"},"west":{"uv":[7.5,8,9,9.5],"rotation":90,"texture":"#6"},"up":{"uv":[6,8,7.5,9.5],"texture":"#6"},"down":{"uv":[9.5,1.5,11,3],"rotation":270,"texture":"#6"}}},{"from":[6,3.5,8.5],"to":[7.5,7.5,8.5],"rotation":{"angle":0,"axis":"y","origin":[7.9,6.5,8.5]},"faces":{"north":{"uv":[13,15.75,9,14.25],"rotation":270,"texture":"#6"},"east":{"uv":[13,1,17,1],"rotation":90,"texture":"#6"},"south":{"uv":[9,15.75,13,14.25],"rotation":90,"texture":"#6"},"west":{"uv":[13,0,17,0],"rotation":90,"texture":"#6"},"up":{"uv":[14,9,14,11],"rotation":270,"texture":"#6"},"down":{"uv":[14,9,14,11],"rotation":270,"texture":"#6"}}},{"from":[8.5,3.5,7.5],"to":[10,7.5,7.5],"rotation":{"angle":0,"axis":"y","origin":[8.1,6.5,7.5]},"faces":{"north":{"uv":[9,15.75,13,14.25],"rotation":90,"texture":"#6"},"east":{"uv":[13,0,17,0],"rotation":90,"texture":"#6"},"south":{"uv":[13,15.75,9,14.25],"rotation":270,"texture":"#6"},"west":{"uv":[13,1,17,1],"rotation":90,"texture":"#6"},"up":{"uv":[14,11,14,9],"rotation":270,"texture":"#6"},"down":{"uv":[14,11,14,9],"rotation":270,"texture":"#6"}}},{"from":[8.5,3.5,8.5],"to":[10,7.5,8.5],"rotation":{"angle":0,"axis":"y","origin":[8.1,6.5,8.5]},"faces":{"north":{"uv":[13,14.25,9,15.75],"rotation":270,"texture":"#6"},"east":{"uv":[13,0,17,0],"rotation":90,"texture":"#6"},"south":{"uv":[9,14.25,13,15.75],"rotation":90,"texture":"#6"},"west":{"uv":[13,1,17,1],"rotation":90,"texture":"#6"},"up":{"uv":[14,11,14,9],"rotation":270,"texture":"#6"},"down":{"uv":[14,11,14,9],"rotation":270,"texture":"#6"}}},{"from":[4,5,8],"to":[8,27,8],"rotation":{"angle":0,"axis":"y","origin":[3.70308,12.825,4.0875]},"faces":{"north":{"uv":[12.5,0.75,14.5,11.75],"texture":"#15"},"east":{"uv":[12.5,0.75,12.5,11.75],"texture":"#15"},"south":{"uv":[14.5,0.75,12.5,11.75],"texture":"#15"},"west":{"uv":[12.5,0.75,12.5,11.75],"texture":"#15"},"up":{"uv":[0,0,3,0],"texture":"#15"},"down":{"uv":[0,0,3,0],"texture":"#15"}}},{"from":[8,5,8],"to":[12,27,8],"rotation":{"angle":0,"axis":"y","origin":[16,0,0]},"faces":{"north":{"uv":[14.5,0.75,12.5,11.75],"texture":"#15"},"east":{"uv":[12.5,0.75,12.5,11.75],"texture":"#15"},"south":{"uv":[12.5,0.75,14.5,11.75],"texture":"#15"},"west":{"uv":[12.5,0.75,12.5,11.75],"texture":"#15"},"up":{"uv":[3,0,0,0],"texture":"#15"},"down":{"uv":[3,0,0,0],"texture":"#15"}}},{"from":[7,16.5,8],"to":[9,22,8.5],"rotation":{"angle":0,"axis":"y","origin":[8,19.25,9.25]},"faces":{"north":{"uv":[8.75,4.5,9.75,7.25],"rotation":180,"texture":"#11"},"east":{"uv":[8.5,4.5,8.75,7.25],"texture":"#11"},"south":{"uv":[8.75,4.5,9.75,7.25],"rotation":180,"texture":"#11"},"west":{"uv":[8.5,4.5,8.75,7.25],"rotation":180,"texture":"#11"},"up":{"uv":[8.25,4.625,8.5,5.625],"rotation":90,"texture":"#11"},"down":{"uv":[8.25,4.625,8.5,5.625],"rotation":90,"texture":"#11"}}},{"from":[7,16.5,7.5],"to":[9,22,8],"rotation":{"angle":0,"axis":"y","origin":[8,19.25,6.75]},"faces":{"north":{"uv":[9.75,4.5,8.75,7.25],"rotation":180,"texture":"#11"},"east":{"uv":[8.75,4.5,8.5,7.25],"texture":"#11"},"south":{"uv":[9.75,4.5,8.75,7.25],"rotation":180,"texture":"#11"},"west":{"uv":[8.75,4.5,8.5,7.25],"rotation":180,"texture":"#11"},"up":{"uv":[8.5,4.625,8.25,5.625],"rotation":90,"texture":"#11"},"down":{"uv":[8.5,4.625,8.25,5.625],"rotation":90,"texture":"#11"}}},{"from":[5.23985,5.94975,7.7],"to":[6.23985,8.94975,8.7],"rotation":{"angle":-22.5,"axis":"z","origin":[3.70308,8.825,12.0875]},"faces":{"north":{"uv":[8.5,3,7,3.5],"rotation":90,"texture":"#12"},"east":{"uv":[6.5,4.5,7,3],"rotation":180,"texture":"#12"},"south":{"uv":[7,3,8.5,3.5],"rotation":270,"texture":"#12"},"west":{"uv":[6.5,6,7,4.5],"texture":"#12"},"up":{"uv":[8,3.5,7.5,4],"rotation":270,"texture":"#12"},"down":{"uv":[7.5,3.5,7,4],"rotation":270,"texture":"#12"}}},{"from":[4.98065,7.98695,7.2],"to":[6.98065,10.98695,9.2],"rotation":{"angle":-45,"axis":"z","origin":[3.70308,8.825,12.0875]},"faces":{"north":{"uv":[10.5,12,11.5,10.5],"rotation":180,"texture":"#10"},"east":{"uv":[10.5,15,11.5,13.5],"rotation":180,"texture":"#10"},"south":{"uv":[10.5,10.5,11.5,12],"texture":"#10"},"west":{"uv":[10.5,13.5,11.5,12],"texture":"#10"},"up":{"uv":[12.5,15,11.5,16],"rotation":270,"texture":"#10"},"down":{"uv":[11.5,15,10.5,16],"rotation":270,"texture":"#10"}}},{"from":[0.04807,5.98146,8.175],"to":[3.04807,8.48146,8.175],"rotation":{"angle":22.5,"axis":"z","origin":[3.70308,8.825,12.0875]},"faces":{"north":{"uv":[9.25,9.25,11.75,6.25],"rotation":270,"texture":"#7"},"east":{"uv":[0,3,0,0],"texture":"#7"},"south":{"uv":[11.75,9.25,9.25,6.25],"rotation":90,"texture":"#7"},"west":{"uv":[0,3,0,0],"rotation":180,"texture":"#7"},"up":{"uv":[0,3,0,0],"rotation":90,"texture":"#7"},"down":{"uv":[0,3,0,0],"rotation":90,"texture":"#7"}}},{"from":[2.9906,5.95123,7.975],"to":[3.9906,7.95123,8.475],"rotation":{"angle":22.5,"axis":"z","origin":[3.70308,8.825,12.0875]},"faces":{"north":{"uv":[8.25,0,9.25,2],"rotation":180,"texture":"#7"},"east":{"uv":[9.75,0,9.25,2],"rotation":180,"texture":"#7"},"south":{"uv":[9.25,0,8.25,2],"rotation":180,"texture":"#7"},"west":{"uv":[10.75,0,10.25,2],"rotation":180,"texture":"#7"},"up":{"uv":[9.25,2,8.25,2.5],"texture":"#7"},"down":{"uv":[11.5,1,12,0],"rotation":270,"texture":"#7"}}},{"from":[3.2904,7.20886,7.875],"to":[4.2904,8.20886,8.575],"rotation":{"angle":-22.5,"axis":"z","origin":[3.70308,8.825,12.0875]},"faces":{"north":{"uv":[12.75,7.25,11.75,6.25],"rotation":90,"texture":"#7"},"east":{"uv":[13.25,6.25,12.75,7.25],"texture":"#7"},"south":{"uv":[11.75,7.25,12.75,6.25],"rotation":270,"texture":"#7"},"west":{"uv":[11.75,7.75,12.75,7.25],"rotation":90,"texture":"#7"},"up":{"uv":[12.75,7.25,13.25,6.25],"rotation":270,"texture":"#7"},"down":{"uv":[12.75,7.25,11.75,7.75],"texture":"#7"}}},{"from":[3.9906,6.95123,7.975],"to":[5.9906,7.95123,8.475],"rotation":{"angle":22.5,"axis":"z","origin":[3.70308,8.825,12.0875]},"faces":{"north":{"uv":[6,3,7,1],"rotation":270,"texture":"#7"},"east":{"uv":[6,2.5,5,2],"rotation":270,"texture":"#7"},"south":{"uv":[7,3,6,1],"rotation":90,"texture":"#7"},"west":{"uv":[6,2.5,5,2],"rotation":270,"texture":"#7"},"up":{"uv":[7.5,3,7,1],"rotation":90,"texture":"#7"},"down":{"uv":[7.5,3,7,1],"rotation":90,"texture":"#7"}}},{"from":[6.12808,8.02192,7.7],"to":[7.62808,9.52192,8.7],"rotation":{"angle":0,"axis":"y","origin":[3.70308,8.825,12.0875]},"faces":{"north":{"uv":[7.5,4.25,8.25,3.5],"rotation":180,"texture":"#12"},"east":{"uv":[7,5.5,7.5,4.75],"rotation":180,"texture":"#12"},"south":{"uv":[8.25,4.25,7.5,3.5],"rotation":180,"texture":"#12"},"west":{"uv":[7.5,5,8,4.25],"rotation":180,"texture":"#12"},"up":{"uv":[7.5,4,7,4.75],"rotation":270,"texture":"#12"},"down":{"uv":[7.5,4,7,4.75],"rotation":90,"texture":"#12"}}},{"from":[8.37192,8.02192,7.7],"to":[9.87192,9.52192,8.7],"rotation":{"angle":0,"axis":"y","origin":[12.29692,8.825,12.0875]},"faces":{"north":{"uv":[8.25,4.25,7.5,3.5],"rotation":180,"texture":"#12"},"east":{"uv":[8,5,7.5,4.25],"rotation":180,"texture":"#12"},"south":{"uv":[7.5,4.25,8.25,3.5],"rotation":180,"texture":"#12"},"west":{"uv":[7.5,5.5,7,4.75],"rotation":180,"texture":"#12"},"up":{"uv":[7.5,4.75,7,4],"rotation":270,"texture":"#12"},"down":{"uv":[7.5,4.75,7,4],"rotation":90,"texture":"#12"}}},{"from":[10.0094,6.95123,7.975],"to":[12.0094,7.95123,8.475],"rotation":{"angle":-22.5,"axis":"z","origin":[12.29692,8.825,12.0875]},"faces":{"north":{"uv":[6,1,7,3],"rotation":270,"texture":"#7"},"east":{"uv":[6,2,5,2.5],"rotation":270,"texture":"#7"},"south":{"uv":[7,1,6,3],"rotation":90,"texture":"#7"},"west":{"uv":[6,2,5,2.5],"rotation":270,"texture":"#7"},"up":{"uv":[7.5,1,7,3],"rotation":90,"texture":"#7"},"down":{"uv":[7.5,1,7,3],"rotation":90,"texture":"#7"}}},{"from":[11.7096,7.20886,7.875],"to":[12.7096,8.20886,8.575],"rotation":{"angle":22.5,"axis":"z","origin":[12.29692,8.825,12.0875]},"faces":{"north":{"uv":[12.75,6.25,11.75,7.25],"rotation":90,"texture":"#7"},"east":{"uv":[11.75,7.25,12.75,7.75],"rotation":90,"texture":"#7"},"south":{"uv":[11.75,6.25,12.75,7.25],"rotation":270,"texture":"#7"},"west":{"uv":[12.75,6.25,13.25,7.25],"texture":"#7"},"up":{"uv":[12.75,6.25,13.25,7.25],"rotation":270,"texture":"#7"},"down":{"uv":[11.75,7.25,12.75,7.75],"texture":"#7"}}},{"from":[12.0094,5.95123,7.975],"to":[13.0094,7.95123,8.475],"rotation":{"angle":-22.5,"axis":"z","origin":[12.29692,8.825,12.0875]},"faces":{"north":{"uv":[9.25,0,8.25,2],"rotation":180,"texture":"#7"},"east":{"uv":[10.25,0,10.75,2],"rotation":180,"texture":"#7"},"south":{"uv":[8.25,0,9.25,2],"rotation":180,"texture":"#7"},"west":{"uv":[9.25,0,9.75,2],"rotation":180,"texture":"#7"},"up":{"uv":[8.25,2,9.25,2.5],"texture":"#7"},"down":{"uv":[11.5,0,12,1],"rotation":270,"texture":"#7"}}},{"from":[12.95193,5.98146,8.175],"to":[15.95193,8.48146,8.175],"rotation":{"angle":-22.5,"axis":"z","origin":[12.29692,8.825,12.0875]},"faces":{"north":{"uv":[9.25,6.25,11.75,9.25],"rotation":270,"texture":"#7"},"east":{"uv":[0,3,0,0],"rotation":180,"texture":"#7"},"south":{"uv":[11.75,6.25,9.25,9.25],"rotation":90,"texture":"#7"},"west":{"uv":[0,3,0,0],"texture":"#7"},"up":{"uv":[0,0,0,3],"rotation":90,"texture":"#7"},"down":{"uv":[0,0,0,3],"rotation":90,"texture":"#7"}}},{"from":[9.01935,7.98695,7.2],"to":[11.01935,10.98695,9.2],"rotation":{"angle":45,"axis":"z","origin":[12.29692,8.825,12.0875]},"faces":{"north":{"uv":[11.5,12,10.5,10.5],"rotation":180,"texture":"#10"},"east":{"uv":[11.5,13.5,10.5,12],"texture":"#10"},"south":{"uv":[11.5,10.5,10.5,12],"texture":"#10"},"west":{"uv":[11.5,15,10.5,13.5],"rotation":180,"texture":"#10"},"up":{"uv":[12.5,16,11.5,15],"rotation":270,"texture":"#10"},"down":{"uv":[11.5,16,10.5,15],"rotation":270,"texture":"#10"}}},{"from":[9.76015,5.94975,7.7],"to":[10.76015,8.94975,8.7],"rotation":{"angle":22.5,"axis":"z","origin":[12.29692,8.825,12.0875]},"faces":{"north":{"uv":[8.5,3.5,7,3],"rotation":90,"texture":"#12"},"east":{"uv":[7,6,6.5,4.5],"texture":"#12"},"south":{"uv":[7,3.5,8.5,3],"rotation":270,"texture":"#12"},"west":{"uv":[7,4.5,6.5,3],"rotation":180,"texture":"#12"},"up":{"uv":[8,4,7.5,3.5],"rotation":270,"texture":"#12"},"down":{"uv":[7.5,4,7,3.5],"rotation":270,"texture":"#12"}}}],"gui_light":"front","display":{"thirdperson_righthand":{"rotation":[0,90,0],"translation":[0,10.25,2]},"thirdperson_lefthand":{"rotation":[0,-90,0],"translation":[0,10.25,2]},"firstperson_righthand":{"rotation":[0,90,0],"translation":[2.5,6.5,0.5],"scale":[0.46289,0.46289,0.46289]},"firstperson_lefthand":{"rotation":[0,-90,0],"translation":[2.5,6.5,0.5],"scale":[0.46289,0.46289,0.46289]},"ground":{"rotation":[0,0,-45],"translation":[0,11,0],"scale":[0.6,0.6,0.6]},"gui":{"rotation":[0,0,-45],"translation":[0,0,-2],"scale":[0.57242,0.57242,0.57242]},"head":{"translation":[-0.25,-19,0.5],"scale":[0,0,0]},"fixed":{"rotation":[0,180,0],"translation":[0,11.5,-1.75],"scale":[2,2,2]}}}