{"credit":"MadewithBlockbench","texture_size":[32,32],"textures":{"0":"elitecreatures:king_arthur_animated_weapon_set/texture1","1":"elitecreatures:king_arthur_animated_weapon_set/texture2","2":"elitecreatures:king_arthur_animated_weapon_set/texture3","4":"elitecreatures:king_arthur_animated_weapon_set/swordhighlight","5":"elitecreatures:king_arthur_animated_weapon_set/symbol","particle":"elitecreatures:king_arthur_animated_weapon_set/texture1"},"elements":[{"from":[7.5,-7,7.5],"to":[8.5,0,8.5],"rotation":{"angle":0,"axis":"y","origin":[8,1.5,8]},"faces":{"north":{"uv":[12,5,13,12],"texture":"#0"},"east":{"uv":[11,5,12,12],"texture":"#0"},"south":{"uv":[12,5,13,12],"texture":"#0"},"west":{"uv":[11,5,12,12],"texture":"#0"},"up":{"uv":[12,4,13,5],"rotation":180,"texture":"#0"},"down":{"uv":[13,5,14,6],"rotation":180,"texture":"#0"}}},{"from":[6,0,7],"to":[10,5,9],"rotation":{"angle":0,"axis":"y","origin":[8,-1.5,7]},"faces":{"north":{"uv":[6,5.5,10,10.5],"texture":"#5"},"east":{"uv":[4,0,6,5],"texture":"#0"},"south":{"uv":[6,5.5,10,10.5],"texture":"#5"},"west":{"uv":[4,0,6,5],"texture":"#0"},"up":{"uv":[4,7,0,5],"texture":"#0"},"down":{"uv":[4,7,0,9],"texture":"#0"}}},{"from":[4.6,1.4,7],"to":[6,3,9],"rotation":{"angle":0,"axis":"y","origin":[8,-1.5,7]},"faces":{"north":{"uv":[6.25,1.5,7.75,3],"texture":"#0"},"east":{"uv":[6.25,0,8.25,1.5],"texture":"#0"},"south":{"uv":[7.75,1.5,6.25,3],"texture":"#0"},"west":{"uv":[6.25,0,8.25,1.5],"texture":"#0"},"up":{"uv":[7.75,3,9.25,5],"rotation":180,"texture":"#0"},"down":{"uv":[6.25,3,7.75,5],"rotation":180,"texture":"#0"}}},{"from":[4.1,2.5,7.1],"to":[7,4.4,8.9],"rotation":{"angle":45,"axis":"z","origin":[8,3.5,7]},"faces":{"north":{"uv":[15.9,14,13,15.9],"texture":"#0"},"east":{"uv":[16,12,14,14],"texture":"#0"},"south":{"uv":[13,14,15.9,15.9],"texture":"#0"},"west":{"uv":[16,12,14,14],"texture":"#0"},"up":{"uv":[16,10,13,12],"rotation":180,"texture":"#0"},"down":{"uv":[16,10,13,12],"rotation":180,"texture":"#0"}}},{"from":[8.9,1.8,7.1],"to":[10.7,4.8,8.9],"rotation":{"angle":-22.5,"axis":"z","origin":[8,12.5,7]},"faces":{"north":{"uv":[7,7,4,5],"rotation":90,"texture":"#0"},"east":{"uv":[14,1,13,0],"rotation":90,"texture":"#0"},"south":{"uv":[4,7,7,5],"rotation":270,"texture":"#0"},"west":{"uv":[8,12.25,5,10.25],"rotation":90,"texture":"#0"},"up":{"uv":[6,9,4,7],"rotation":270,"texture":"#0"},"down":{"uv":[6,9,4,7],"rotation":270,"texture":"#0"}}},{"from":[5.3,1.8,7.1],"to":[7.1,4.8,8.9],"rotation":{"angle":22.5,"axis":"z","origin":[8,12.5,7]},"faces":{"north":{"uv":[7,5,4,7],"rotation":90,"texture":"#0"},"east":{"uv":[8,10.25,5,12.25],"rotation":90,"texture":"#0"},"south":{"uv":[4,5,7,7],"rotation":270,"texture":"#0"},"west":{"uv":[14,0,13,1],"rotation":90,"texture":"#0"},"up":{"uv":[6,7,4,9],"rotation":270,"texture":"#0"},"down":{"uv":[6,7,4,9],"rotation":270,"texture":"#0"}}},{"from":[10,1.4,7],"to":[11.4,3,9],"rotation":{"angle":0,"axis":"y","origin":[8,-1.5,7]},"faces":{"north":{"uv":[7.75,1.5,6.25,3],"texture":"#0"},"east":{"uv":[8.25,0,6.25,1.5],"texture":"#0"},"south":{"uv":[6.25,1.5,7.75,3],"texture":"#0"},"west":{"uv":[8.25,0,6.25,1.5],"texture":"#0"},"up":{"uv":[9.25,3,7.75,5],"rotation":180,"texture":"#0"},"down":{"uv":[7.75,3,6.25,5],"rotation":180,"texture":"#0"}}},{"from":[9,2.5,7.1],"to":[11.9,4.4,8.9],"rotation":{"angle":-45,"axis":"z","origin":[8,3.5,7]},"faces":{"north":{"uv":[13,14,16,16],"texture":"#0"},"east":{"uv":[14,14,16,12],"texture":"#0"},"south":{"uv":[16,14,13,16],"texture":"#0"},"west":{"uv":[14,12,16,14],"texture":"#0"},"up":{"uv":[13,10,16,12],"rotation":180,"texture":"#0"},"down":{"uv":[13,10,16,12],"rotation":180,"texture":"#0"}}},{"from":[1,3,7.5],"to":[6,4,8.5],"rotation":{"angle":0,"axis":"y","origin":[7,-1.5,7.5]},"faces":{"north":{"uv":[16,2,11,3],"texture":"#0"},"east":{"uv":[10,0,11,1],"texture":"#0"},"south":{"uv":[11,2,16,3],"texture":"#0"},"west":{"uv":[10,0,11,1],"texture":"#0"},"up":{"uv":[11,0,16,1],"rotation":180,"texture":"#0"},"down":{"uv":[11,1,16,2],"rotation":180,"texture":"#0"}}},{"from":[2,2,7.4],"to":[5,3,8.6],"rotation":{"angle":-45,"axis":"z","origin":[4,1.5,8]},"faces":{"north":{"uv":[13,9,16,10],"texture":"#0"},"east":{"uv":[13.95,12,12.95,13],"texture":"#0"},"south":{"uv":[16,9,13,10],"texture":"#0"},"west":{"uv":[13.95,12,12.95,13],"texture":"#0"},"up":{"uv":[13,8,16,9],"rotation":180,"texture":"#0"},"down":{"uv":[13,8,16,9],"rotation":180,"texture":"#0"}}},{"from":[0.2,2.8,7.6],"to":[1.2,3.8,8.4],"rotation":{"angle":22.5,"axis":"z","origin":[0.5,3.5,8]},"faces":{"north":{"uv":[15,7,16,8],"texture":"#0"},"east":{"uv":[14,7,15,8],"texture":"#0"},"south":{"uv":[16,7,15,8],"texture":"#0"},"west":{"uv":[14,7,15,8],"texture":"#0"},"up":{"uv":[13,6,14,7],"rotation":180,"texture":"#0"},"down":{"uv":[13,7,14,8],"rotation":180,"texture":"#0"}}},{"from":[10,3,7.5],"to":[15,4,8.5],"rotation":{"angle":0,"axis":"y","origin":[9,-1.5,7.5]},"faces":{"north":{"uv":[11,2,16,3],"texture":"#0"},"east":{"uv":[11,0,10,1],"texture":"#0"},"south":{"uv":[16,2,11,3],"texture":"#0"},"west":{"uv":[11,0,10,1],"texture":"#0"},"up":{"uv":[16,0,11,1],"rotation":180,"texture":"#0"},"down":{"uv":[16,1,11,2],"rotation":180,"texture":"#0"}}},{"from":[14.8,2.8,7.6],"to":[15.8,3.8,8.4],"rotation":{"angle":-22.5,"axis":"z","origin":[15.5,3.5,8]},"faces":{"north":{"uv":[16,7,15,8],"texture":"#0"},"east":{"uv":[15,7,14,8],"texture":"#0"},"south":{"uv":[15,7,16,8],"texture":"#0"},"west":{"uv":[15,7,14,8],"texture":"#0"},"up":{"uv":[14,6,13,7],"rotation":180,"texture":"#0"},"down":{"uv":[14,7,13,8],"rotation":180,"texture":"#0"}}},{"from":[11,2,7.4],"to":[14,3,8.6],"rotation":{"angle":45,"axis":"z","origin":[12,1.5,8]},"faces":{"north":{"uv":[16,9,13,10],"texture":"#0"},"east":{"uv":[12.95,12,13.95,13],"texture":"#0"},"south":{"uv":[13,9,16,10],"texture":"#0"},"west":{"uv":[12.95,12,13.95,13],"texture":"#0"},"up":{"uv":[16,8,13,9],"rotation":180,"texture":"#0"},"down":{"uv":[16,8,13,9],"rotation":180,"texture":"#0"}}},{"from":[9.3,4.7,7.1],"to":[12.3,7.7,8.9],"rotation":{"angle":-45,"axis":"z","origin":[8,9,7.4]},"faces":{"north":{"uv":[3,9.25,0,12.25],"rotation":90,"texture":"#0"},"east":{"uv":[0,12.25,3,14.05],"rotation":90,"texture":"#0"},"south":{"uv":[0,12.25,3,9.25],"rotation":180,"texture":"#0"},"west":{"uv":[0,12.25,3,14.25],"rotation":90,"texture":"#0"},"up":{"uv":[0,12.25,3,14.25],"texture":"#0"},"down":{"uv":[4.8,9.25,3,12.25],"rotation":270,"texture":"#0"}}},{"from":[7.5,5,7.5],"to":[8.5,9,8.5],"rotation":{"angle":0,"axis":"y","origin":[7.9,7,7.5]},"faces":{"north":{"uv":[4,15,0,16],"rotation":90,"texture":"#0"},"east":{"uv":[10,13,14,14],"rotation":90,"texture":"#0"},"south":{"uv":[0,15,4,16],"rotation":270,"texture":"#0"},"west":{"uv":[10,13,14,14],"rotation":90,"texture":"#0"},"up":{"uv":[11.75,12,12.75,13],"rotation":270,"texture":"#0"},"down":{"uv":[11.75,12,12.75,13],"rotation":270,"texture":"#0"}}},{"from":[6,3.5,7.5],"to":[7.5,7.5,7.5],"rotation":{"angle":0,"axis":"y","origin":[7.9,6.5,7.5]},"faces":{"north":{"uv":[9,14.25,13,15.75],"rotation":90,"texture":"#0"},"east":{"uv":[13,1,17,1],"rotation":90,"texture":"#0"},"south":{"uv":[13,14.25,9,15.75],"rotation":270,"texture":"#0"},"west":{"uv":[13,0,17,0],"rotation":90,"texture":"#0"},"up":{"uv":[14,9,14,11],"rotation":270,"texture":"#0"},"down":{"uv":[14,9,14,11],"rotation":270,"texture":"#0"}}},{"from":[6,3.5,8.5],"to":[7.5,7.5,8.5],"rotation":{"angle":0,"axis":"y","origin":[7.9,6.5,8.5]},"faces":{"north":{"uv":[13,15.75,9,14.25],"rotation":270,"texture":"#0"},"east":{"uv":[13,1,17,1],"rotation":90,"texture":"#0"},"south":{"uv":[9,15.75,13,14.25],"rotation":90,"texture":"#0"},"west":{"uv":[13,0,17,0],"rotation":90,"texture":"#0"},"up":{"uv":[14,9,14,11],"rotation":270,"texture":"#0"},"down":{"uv":[14,9,14,11],"rotation":270,"texture":"#0"}}},{"from":[8.5,3.5,8.5],"to":[10,7.5,8.5],"rotation":{"angle":0,"axis":"y","origin":[8.1,6.5,8.5]},"faces":{"north":{"uv":[13,14.25,9,15.75],"rotation":270,"texture":"#0"},"east":{"uv":[13,0,17,0],"rotation":90,"texture":"#0"},"south":{"uv":[9,14.25,13,15.75],"rotation":90,"texture":"#0"},"west":{"uv":[13,1,17,1],"rotation":90,"texture":"#0"},"up":{"uv":[14,11,14,9],"rotation":270,"texture":"#0"},"down":{"uv":[14,11,14,9],"rotation":270,"texture":"#0"}}},{"from":[8.5,3.5,7.5],"to":[10,7.5,7.5],"rotation":{"angle":0,"axis":"y","origin":[8.1,6.5,7.5]},"faces":{"north":{"uv":[9,15.75,13,14.25],"rotation":90,"texture":"#0"},"east":{"uv":[13,0,17,0],"rotation":90,"texture":"#0"},"south":{"uv":[13,15.75,9,14.25],"rotation":270,"texture":"#0"},"west":{"uv":[13,1,17,1],"rotation":90,"texture":"#0"},"up":{"uv":[14,11,14,9],"rotation":270,"texture":"#0"},"down":{"uv":[14,11,14,9],"rotation":270,"texture":"#0"}}},{"from":[6.5,-1.5,6.9],"to":[7.5,1,6.9],"faces":{"north":{"uv":[3,12.25,4,14.75],"texture":"#0"},"east":{"uv":[0,0,0,2.5],"texture":"#0"},"south":{"uv":[4,12.25,3,14.75],"texture":"#0"},"west":{"uv":[0,0,0,2.5],"texture":"#0"},"up":{"uv":[0,0,1,0],"texture":"#0"},"down":{"uv":[0,0,1,0],"texture":"#0"}}},{"from":[8.5,-1.5,6.9],"to":[9.5,1,6.9],"rotation":{"angle":0,"axis":"y","origin":[16,0,0]},"faces":{"north":{"uv":[4,12.25,3,14.75],"texture":"#0"},"east":{"uv":[0,0,0,2.5],"texture":"#0"},"south":{"uv":[3,12.25,4,14.75],"texture":"#0"},"west":{"uv":[0,0,0,2.5],"texture":"#0"},"up":{"uv":[1,0,0,0],"texture":"#0"},"down":{"uv":[1,0,0,0],"texture":"#0"}}},{"from":[6.5,-1.5,9.1],"to":[7.5,1,9.1],"rotation":{"angle":0,"axis":"y","origin":[0,0,16]},"faces":{"north":{"uv":[3,12.25,4,14.75],"texture":"#0"},"east":{"uv":[0,0,0,2.5],"texture":"#0"},"south":{"uv":[4,12.25,3,14.75],"texture":"#0"},"west":{"uv":[0,0,0,2.5],"texture":"#0"},"up":{"uv":[0,0,1,0],"texture":"#0"},"down":{"uv":[0,0,1,0],"texture":"#0"}}},{"from":[8.5,-1.5,9.1],"to":[9.5,1,9.1],"rotation":{"angle":0,"axis":"y","origin":[16,0,16]},"faces":{"north":{"uv":[4,12.25,3,14.75],"texture":"#0"},"east":{"uv":[0,0,0,2.5],"texture":"#0"},"south":{"uv":[3,12.25,4,14.75],"texture":"#0"},"west":{"uv":[0,0,0,2.5],"texture":"#0"},"up":{"uv":[1,0,0,0],"texture":"#0"},"down":{"uv":[1,0,0,0],"texture":"#0"}}},{"from":[1,2.7,7.2],"to":[4,3.7,7.2],"rotation":{"angle":0,"axis":"y","origin":[4,3.1,6.5]},"faces":{"north":{"uv":[4,15,7,16],"rotation":180,"texture":"#0"},"east":{"uv":[1,0,2,0],"rotation":90,"texture":"#0"},"south":{"uv":[4,16,7,15],"texture":"#0"},"west":{"uv":[1,0,2,0],"rotation":270,"texture":"#0"},"up":{"uv":[0,0,3,0],"rotation":180,"texture":"#0"},"down":{"uv":[0,0,3,0],"texture":"#0"}}},{"from":[1,2.7,8.8],"to":[4,3.7,8.8],"rotation":{"angle":0,"axis":"y","origin":[4,3.1,9.5]},"faces":{"north":{"uv":[7,16,4,15],"texture":"#0"},"east":{"uv":[1,0,2,0],"rotation":90,"texture":"#0"},"south":{"uv":[7,15,4,16],"rotation":180,"texture":"#0"},"west":{"uv":[1,0,2,0],"rotation":270,"texture":"#0"},"up":{"uv":[0,0,3,0],"rotation":180,"texture":"#0"},"down":{"uv":[0,0,3,0],"texture":"#0"}}},{"from":[1,2.7,7.2],"to":[4,2.7,8.8],"rotation":{"angle":0,"axis":"y","origin":[4,3.1,6.5]},"faces":{"north":{"uv":[0,0,3,0],"texture":"#0"},"east":{"uv":[0,0,1.6,0],"texture":"#0"},"south":{"uv":[0,0,3,0],"texture":"#0"},"west":{"uv":[0,0,1.6,0],"texture":"#0"},"up":{"uv":[13,3.35,16,4.85],"texture":"#0"},"down":{"uv":[13,3.35,16,4.85],"texture":"#0"}}},{"from":[12,2.7,7.2],"to":[15,3.7,7.2],"rotation":{"angle":0,"axis":"y","origin":[12,3.1,6.5]},"faces":{"north":{"uv":[7,15,4,16],"rotation":180,"texture":"#0"},"east":{"uv":[1,0,2,0],"rotation":270,"texture":"#0"},"south":{"uv":[7,16,4,15],"texture":"#0"},"west":{"uv":[1,0,2,0],"rotation":90,"texture":"#0"},"up":{"uv":[3,0,0,0],"rotation":180,"texture":"#0"},"down":{"uv":[3,0,0,0],"texture":"#0"}}},{"from":[12,2.7,8.8],"to":[15,3.7,8.8],"rotation":{"angle":0,"axis":"y","origin":[12,3.1,9.5]},"faces":{"north":{"uv":[4,16,7,15],"texture":"#0"},"east":{"uv":[1,0,2,0],"rotation":270,"texture":"#0"},"south":{"uv":[4,15,7,16],"rotation":180,"texture":"#0"},"west":{"uv":[1,0,2,0],"rotation":90,"texture":"#0"},"up":{"uv":[3,0,0,0],"rotation":180,"texture":"#0"},"down":{"uv":[3,0,0,0],"texture":"#0"}}},{"from":[12,2.7,7.2],"to":[15,2.7,8.8],"rotation":{"angle":0,"axis":"y","origin":[12,3.1,6.5]},"faces":{"north":{"uv":[3,0,0,0],"texture":"#0"},"east":{"uv":[1.6,0,0,0],"texture":"#0"},"south":{"uv":[3,0,0,0],"texture":"#0"},"west":{"uv":[1.6,0,0,0],"texture":"#0"},"up":{"uv":[16,3.35,13,4.85],"texture":"#0"},"down":{"uv":[16,3.35,13,4.85],"texture":"#0"}}},{"from":[1.85,0.25,7.1],"to":[4.35,3.25,7.1],"rotation":{"angle":0,"axis":"y","origin":[3.1,2.45,7.1]},"faces":{"north":{"uv":[7,12.25,4,14.75],"rotation":90,"texture":"#0"},"east":{"uv":[0,0,2,0],"rotation":270,"texture":"#0"},"south":{"uv":[4,12.25,7,14.75],"rotation":270,"texture":"#0"},"west":{"uv":[0,0,2,0],"rotation":270,"texture":"#0"},"up":{"uv":[0,0,0,2],"rotation":270,"texture":"#0"},"down":{"uv":[0,0,0,2],"rotation":270,"texture":"#0"}}},{"from":[1.85,0.25,8.9],"to":[4.35,3.25,8.9],"rotation":{"angle":0,"axis":"y","origin":[3.1,2.45,8.9]},"faces":{"north":{"uv":[4,14.75,7,12.25],"rotation":270,"texture":"#0"},"east":{"uv":[0,0,2,0],"rotation":270,"texture":"#0"},"south":{"uv":[7,14.75,4,12.25],"rotation":90,"texture":"#0"},"west":{"uv":[0,0,2,0],"rotation":270,"texture":"#0"},"up":{"uv":[0,0,0,2],"rotation":270,"texture":"#0"},"down":{"uv":[0,0,0,2],"rotation":270,"texture":"#0"}}},{"from":[11.65,0.25,7.1],"to":[14.15,3.25,7.1],"rotation":{"angle":0,"axis":"y","origin":[12.9,2.45,7.1]},"faces":{"north":{"uv":[7,14.75,4,12.25],"rotation":90,"texture":"#0"},"east":{"uv":[0,0,2,0],"rotation":270,"texture":"#0"},"south":{"uv":[4,14.75,7,12.25],"rotation":270,"texture":"#0"},"west":{"uv":[0,0,2,0],"rotation":270,"texture":"#0"},"up":{"uv":[0,2,0,0],"rotation":270,"texture":"#0"},"down":{"uv":[0,2,0,0],"rotation":270,"texture":"#0"}}},{"from":[11.65,0.25,8.9],"to":[14.15,3.25,8.9],"rotation":{"angle":0,"axis":"y","origin":[12.9,2.45,8.9]},"faces":{"north":{"uv":[4,12.25,7,14.75],"rotation":270,"texture":"#0"},"east":{"uv":[0,0,2,0],"rotation":270,"texture":"#0"},"south":{"uv":[7,12.25,4,14.75],"rotation":90,"texture":"#0"},"west":{"uv":[0,0,2,0],"rotation":270,"texture":"#0"},"up":{"uv":[0,2,0,0],"rotation":270,"texture":"#0"},"down":{"uv":[0,2,0,0],"rotation":270,"texture":"#0"}}},{"from":[3,5.7,8],"to":[7,12.7,8],"faces":{"north":{"uv":[15.25,0,11.25,7],"texture":"#2"},"east":{"uv":[0,0,0,15],"texture":"#2"},"south":{"uv":[11.25,0,15.25,7],"texture":"#2"},"west":{"uv":[0,0,0,15],"texture":"#2"},"up":{"uv":[0,0,5,0],"texture":"#2"},"down":{"uv":[0,0,5,0],"texture":"#2"}}},{"from":[9,5.7,8],"to":[13,12.7,8],"rotation":{"angle":0,"axis":"y","origin":[16,0,0]},"faces":{"north":{"uv":[11.25,7,15.25,14],"texture":"#2"},"east":{"uv":[0,0,0,15],"texture":"#2"},"south":{"uv":[15.25,7,11.25,14],"texture":"#2"},"west":{"uv":[0,0,0,15],"texture":"#2"},"up":{"uv":[5,0,0,0],"texture":"#2"},"down":{"uv":[5,0,0,0],"texture":"#2"}}},{"from":[3,12.7,8],"to":[8,27.7,8],"faces":{"north":{"uv":[8,0.5,3,15.5],"texture":"#4"},"east":{"uv":[0,0,0,15],"texture":"#4"},"south":{"uv":[3,0.5,8,15.5],"texture":"#4"},"west":{"uv":[0,0,0,15],"texture":"#4"},"up":{"uv":[0,0,5,0],"texture":"#4"},"down":{"uv":[0,0,5,0],"texture":"#4"}}},{"from":[8,12.7,8],"to":[13,27.7,8],"rotation":{"angle":0,"axis":"y","origin":[16,0,0]},"faces":{"north":{"uv":[13,0.5,8,15.5],"texture":"#4"},"east":{"uv":[0,0,0,15],"texture":"#4"},"south":{"uv":[8,0.5,13,15.5],"texture":"#4"},"west":{"uv":[0,0,0,15],"texture":"#4"},"up":{"uv":[5,0,0,0],"texture":"#4"},"down":{"uv":[5,0,0,0],"texture":"#4"}}},{"from":[7.3,-6.5,7.3],"to":[8.7,-5,8.7],"faces":{"north":{"uv":[9,5,10.5,6.5],"texture":"#0"},"east":{"uv":[7.5,8,9,9.5],"rotation":90,"texture":"#0"},"south":{"uv":[9,5,10.5,6.5],"texture":"#0"},"west":{"uv":[7.5,8,9,9.5],"rotation":90,"texture":"#0"},"up":{"uv":[6,8,7.5,9.5],"texture":"#0"},"down":{"uv":[9.5,1.5,11,3],"rotation":270,"texture":"#0"}}},{"from":[7.3,-3.5,7.3],"to":[8.7,-2,8.7],"faces":{"north":{"uv":[9,5,10.5,6.5],"texture":"#0"},"east":{"uv":[7.5,8,9,9.5],"rotation":90,"texture":"#0"},"south":{"uv":[9,5,10.5,6.5],"texture":"#0"},"west":{"uv":[7.5,8,9,9.5],"rotation":90,"texture":"#0"},"up":{"uv":[6,8,7.5,9.5],"texture":"#0"},"down":{"uv":[9.5,1.5,11,3],"rotation":270,"texture":"#0"}}},{"from":[6.5,-8.5,6.5],"to":[9.5,-7.5,9.5],"faces":{"north":{"uv":[3,0,6,1],"texture":"#1"},"east":{"uv":[3,0,6,1],"texture":"#1"},"south":{"uv":[3,0,6,1],"texture":"#1"},"west":{"uv":[3,0,6,1],"texture":"#1"},"up":{"uv":[3,3,0,0],"texture":"#1"},"down":{"uv":[3,3,0,6],"texture":"#1"}}},{"from":[7,-7.5,7],"to":[9,-7,9],"faces":{"north":{"uv":[7,5.5,9,6],"texture":"#0"},"east":{"uv":[7,5,9,5.5],"texture":"#0"},"south":{"uv":[7,5.5,9,6],"texture":"#0"},"west":{"uv":[7,5,9,5.5],"texture":"#0"},"up":{"uv":[7,6,9,8],"texture":"#0"},"down":{"uv":[7,6,9,8],"texture":"#0"}}},{"from":[7.5,-9,6.5],"to":[8.5,-8.5,7],"faces":{"north":{"uv":[3,3,4,3.5],"texture":"#1"},"east":{"uv":[3,4,3.5,4.5],"texture":"#1"},"south":{"uv":[3,3,4,3.5],"texture":"#1"},"west":{"uv":[3.5,4,3,4.5],"texture":"#1"},"up":{"uv":[3,3.5,4,4],"texture":"#1"},"down":{"uv":[3,3.5,4,4],"texture":"#1"}}},{"from":[9,-9.5,6.5],"to":[9.5,-8.5,7],"rotation":{"angle":0,"axis":"y","origin":[0,0,16]},"faces":{"north":{"uv":[3,2,3.5,3],"texture":"#1"},"east":{"uv":[3.5,2,4,3],"texture":"#1"},"south":{"uv":[3,2,3.5,3],"texture":"#1"},"west":{"uv":[3.5,2,4,3],"texture":"#1"},"up":{"uv":[4,2,4.5,2.5],"texture":"#1"},"down":{"uv":[4,2,4.5,2.5],"texture":"#1"}}},{"from":[6.5,-9.5,6.5],"to":[7,-8.5,7],"rotation":{"angle":0,"axis":"y","origin":[16,0,16]},"faces":{"north":{"uv":[3.5,2,3,3],"texture":"#1"},"east":{"uv":[4,2,3.5,3],"texture":"#1"},"south":{"uv":[3.5,2,3,3],"texture":"#1"},"west":{"uv":[4,2,3.5,3],"texture":"#1"},"up":{"uv":[4.5,2,4,2.5],"texture":"#1"},"down":{"uv":[4.5,2,4,2.5],"texture":"#1"}}},{"from":[9,-9.5,9],"to":[9.5,-8.5,9.5],"faces":{"north":{"uv":[3.5,2,3,3],"texture":"#1"},"east":{"uv":[4,2,3.5,3],"texture":"#1"},"south":{"uv":[3.5,2,3,3],"texture":"#1"},"west":{"uv":[4,2,3.5,3],"texture":"#1"},"up":{"uv":[4,2.5,4.5,2],"texture":"#1"},"down":{"uv":[4,2.5,4.5,2],"texture":"#1"}}},{"from":[7.5,-9,9],"to":[8.5,-8.5,9.5],"rotation":{"angle":0,"axis":"y","origin":[0,0,16]},"faces":{"north":{"uv":[4,3,3,3.5],"texture":"#1"},"east":{"uv":[3.5,4,3,4.5],"texture":"#1"},"south":{"uv":[4,3,3,3.5],"texture":"#1"},"west":{"uv":[3,4,3.5,4.5],"texture":"#1"},"up":{"uv":[3,4,4,3.5],"texture":"#1"},"down":{"uv":[3,4,4,3.5],"texture":"#1"}}},{"from":[9,-9,7.5],"to":[9.5,-8.5,8.5],"rotation":{"angle":0,"axis":"y","origin":[8,-8.75,8]},"faces":{"north":{"uv":[3.5,4,3,4.5],"texture":"#1"},"east":{"uv":[3,3,4,3.5],"texture":"#1"},"south":{"uv":[3,4,3.5,4.5],"texture":"#1"},"west":{"uv":[3,3,4,3.5],"texture":"#1"},"up":{"uv":[3,3.5,4,4],"rotation":90,"texture":"#1"},"down":{"uv":[3,3.5,4,4],"rotation":270,"texture":"#1"}}},{"from":[6.5,-9,7.5],"to":[7,-8.5,8.5],"rotation":{"angle":0,"axis":"y","origin":[8,-8.75,8]},"faces":{"north":{"uv":[3,4,3.5,4.5],"texture":"#1"},"east":{"uv":[4,3,3,3.5],"texture":"#1"},"south":{"uv":[3.5,4,3,4.5],"texture":"#1"},"west":{"uv":[4,3,3,3.5],"texture":"#1"},"up":{"uv":[3,4,4,3.5],"rotation":90,"texture":"#1"},"down":{"uv":[3,4,4,3.5],"rotation":270,"texture":"#1"}}},{"from":[6.5,-9.5,9],"to":[7,-8.5,9.5],"rotation":{"angle":0,"axis":"y","origin":[16,0,0]},"faces":{"north":{"uv":[3,2,3.5,3],"texture":"#1"},"east":{"uv":[3.5,2,4,3],"texture":"#1"},"south":{"uv":[3,2,3.5,3],"texture":"#1"},"west":{"uv":[3.5,2,4,3],"texture":"#1"},"up":{"uv":[4.5,2.5,4,2],"texture":"#1"},"down":{"uv":[4.5,2.5,4,2],"texture":"#1"}}},{"from":[5.6,-5,7],"to":[6.1,-3,9],"rotation":{"angle":45,"axis":"z","origin":[1.5,-2,5]},"faces":{"north":{"uv":[8.5,11,9,13],"texture":"#0"},"east":{"uv":[9,11,11,13],"texture":"#0"},"south":{"uv":[8.5,11,9,13],"texture":"#0"},"west":{"uv":[9,11,11,13],"texture":"#0"},"up":{"uv":[9,10.5,11,11],"rotation":90,"texture":"#0"},"down":{"uv":[9,10.5,11,11],"rotation":90,"texture":"#0"}}},{"from":[9.9,-5,7],"to":[10.4,-3,9],"rotation":{"angle":-45,"axis":"z","origin":[14.5,-2,5]},"faces":{"north":{"uv":[9,11,8.5,13],"texture":"#0"},"east":{"uv":[11,11,9,13],"texture":"#0"},"south":{"uv":[9,11,8.5,13],"texture":"#0"},"west":{"uv":[11,11,9,13],"texture":"#0"},"up":{"uv":[9,11,11,10.5],"rotation":90,"texture":"#0"},"down":{"uv":[9,11,11,10.5],"rotation":90,"texture":"#0"}}},{"from":[5.5,9.3,7.4],"to":[6,11.3,8.6],"rotation":{"angle":-45,"axis":"z","origin":[1.4,8.3,5]},"faces":{"north":{"uv":[9,6.5,9.5,8.5],"texture":"#0"},"east":{"uv":[12,3,10,5],"texture":"#0"},"south":{"uv":[9.5,6.5,9,8.5],"texture":"#0"},"west":{"uv":[10,8.5,9,10.5],"texture":"#0"},"up":{"uv":[10,6.5,9.5,8.5],"texture":"#0"},"down":{"uv":[10,6.5,9.5,8.5],"texture":"#0"}}},{"from":[10,9.3,7.4],"to":[10.5,11.3,8.6],"rotation":{"angle":45,"axis":"z","origin":[14.6,8.3,5]},"faces":{"north":{"uv":[9.5,6.5,9,8.5],"texture":"#0"},"east":{"uv":[9,8.5,10,10.5],"texture":"#0"},"south":{"uv":[9,6.5,9.5,8.5],"texture":"#0"},"west":{"uv":[10,3,12,5],"texture":"#0"},"up":{"uv":[9.5,6.5,10,8.5],"texture":"#0"},"down":{"uv":[9.5,6.5,10,8.5],"texture":"#0"}}},{"from":[5,9,7.9],"to":[7,11,8.2],"rotation":{"angle":45,"axis":"z","origin":[8.5,9,7.55]},"faces":{"north":{"uv":[2.75,6.5,4.75,8.5],"rotation":270,"texture":"#1"},"east":{"uv":[2,6,4,6.5],"rotation":90,"texture":"#1"},"south":{"uv":[2.75,6.5,4.75,8.5],"rotation":180,"texture":"#1"},"west":{"uv":[2,6,4,6.5],"rotation":90,"texture":"#1"},"up":{"uv":[4.75,6.5,5.25,8.5],"rotation":90,"texture":"#1"},"down":{"uv":[4.75,6.5,5.25,8.5],"rotation":90,"texture":"#1"}}},{"from":[7,12.7,7.9],"to":[9,14.7,8.2],"rotation":{"angle":45,"axis":"z","origin":[8.5,11.5,7.55]},"faces":{"north":{"uv":[0,6.5,2,8.5],"rotation":270,"texture":"#1"},"east":{"uv":[0,6,2,6.5],"rotation":90,"texture":"#1"},"south":{"uv":[2,6.5,0,8.5],"rotation":90,"texture":"#1"},"west":{"uv":[0,6,2,6.5],"rotation":90,"texture":"#1"},"up":{"uv":[2,6.5,2.5,8.5],"rotation":90,"texture":"#1"},"down":{"uv":[2,6.5,2.5,8.5],"rotation":90,"texture":"#1"}}},{"from":[7,12.7,7.9],"to":[9,14.7,8.2],"rotation":{"angle":-45,"axis":"z","origin":[7.5,11.5,7.55]},"faces":{"north":{"uv":[0,8.5,2,6.5],"rotation":270,"texture":"#1"},"east":{"uv":[0,6.5,2,6],"rotation":90,"texture":"#1"},"south":{"uv":[2,8.5,0,6.5],"rotation":90,"texture":"#1"},"west":{"uv":[0,6.5,2,6],"rotation":90,"texture":"#1"},"up":{"uv":[2,8.5,2.5,6.5],"rotation":90,"texture":"#1"},"down":{"uv":[2,8.5,2.5,6.5],"rotation":90,"texture":"#1"}}},{"from":[9,9,7.9],"to":[11,11,8.2],"rotation":{"angle":-45,"axis":"z","origin":[7.5,9,7.55]},"faces":{"north":{"uv":[2.75,8.5,4.75,6.5],"rotation":270,"texture":"#1"},"east":{"uv":[2,6.5,4,6],"rotation":90,"texture":"#1"},"south":{"uv":[4.75,6.5,2.75,8.5],"rotation":180,"texture":"#1"},"west":{"uv":[2,6.5,4,6],"rotation":90,"texture":"#1"},"up":{"uv":[4.75,8.5,5.25,6.5],"rotation":90,"texture":"#1"},"down":{"uv":[4.75,8.5,5.25,6.5],"rotation":90,"texture":"#1"}}},{"from":[6,6,7.8],"to":[10,13,8.3],"rotation":{"angle":0,"axis":"y","origin":[0,0,6.4]},"faces":{"north":{"uv":[0,9,4,16],"texture":"#1"},"east":{"uv":[4,9,4.5,16],"texture":"#1"},"south":{"uv":[0,9,4,16],"texture":"#1"},"west":{"uv":[4,9,4.5,16],"texture":"#1"},"up":{"uv":[0,8.5,4,9],"texture":"#1"},"down":{"uv":[0,8.5,4,9],"texture":"#1"}}},{"from":[6.5,13,7.8],"to":[9.5,19,8.3],"rotation":{"angle":0,"axis":"y","origin":[0,0,6.4]},"faces":{"north":{"uv":[4.75,10,7.75,16],"texture":"#1"},"east":{"uv":[7.75,10,8.25,16],"texture":"#1"},"south":{"uv":[4.75,10,7.75,16],"texture":"#1"},"west":{"uv":[7.75,10,8.25,16],"texture":"#1"},"up":{"uv":[4.75,9.5,7.75,10],"texture":"#1"},"down":{"uv":[4.75,9.5,7.75,10],"texture":"#1"}}},{"from":[7,19,7.8],"to":[9,25,8.3],"rotation":{"angle":0,"axis":"y","origin":[0,0,6.4]},"faces":{"north":{"uv":[8.25,10,10.25,16],"texture":"#1"},"east":{"uv":[10.25,10,10.75,16],"texture":"#1"},"south":{"uv":[8.25,10,10.25,16],"texture":"#1"},"west":{"uv":[10.25,10,10.75,16],"texture":"#1"},"up":{"uv":[7.75,9.5,9.75,10],"texture":"#1"},"down":{"uv":[7.75,9.5,9.75,10],"texture":"#1"}}},{"from":[6.5,24.5,7.9],"to":[8,26,8.2],"rotation":{"angle":45,"axis":"z","origin":[8,26,7.4]},"faces":{"north":{"uv":[3,4.5,4.5,6],"rotation":270,"texture":"#1"},"east":{"uv":[3.5,4,5,4.5],"rotation":90,"texture":"#1"},"south":{"uv":[3,4.5,4.5,6],"texture":"#1"},"west":{"uv":[3.5,4,5,4.5],"rotation":90,"texture":"#1"},"up":{"uv":[4.5,4.5,5,6],"rotation":90,"texture":"#1"},"down":{"uv":[4.5,4.5,5,6],"rotation":90,"texture":"#1"}}}],"gui_light":"front","display":{"thirdperson_righthand":{"rotation":[0,90,0],"translation":[0,10.25,2]},"thirdperson_lefthand":{"rotation":[0,-90,0],"translation":[0,10.25,2]},"firstperson_righthand":{"rotation":[0,90,0],"translation":[2.5,6.5,0.5],"scale":[0.46289,0.46289,0.46289]},"firstperson_lefthand":{"rotation":[0,-90,0],"translation":[2.5,6.5,0.5],"scale":[0.46289,0.46289,0.46289]},"ground":{"rotation":[0,0,-45],"translation":[0,11,0],"scale":[0.6,0.6,0.6]},"gui":{"rotation":[0,0,-45],"translation":[-0.25,-0.25,-2],"scale":[0.56266,0.56266,0.56266]},"head":{"translation":[-0.25,-19,0.5],"scale":[0,0,0]},"fixed":{"rotation":[0,180,0],"translation":[0,11.5,-1.75],"scale":[2,2,2]}}}