{"credit":"MadewithBlockbench","textures":{"0":"elitecreatures:king_arthur_animated_weapon_set/texture1","1":"elitecreatures:king_arthur_animated_weapon_set/texture2","4":"elitecreatures:king_arthur_animated_weapon_set/texture5","6":"elitecreatures:king_arthur_animated_weapon_set/texture7","8":"elitecreatures:king_arthur_animated_weapon_set/symbol","9":"elitecreatures:king_arthur_animated_weapon_set/circle","particle":"elitecreatures:king_arthur_animated_weapon_set/texture1"},"elements":[{"from":[3.5,8,5.6],"to":[5.5,10,6.1],"rotation":{"angle":-45,"axis":"x","origin":[7.5,11,1.5]},"faces":{"north":{"uv":[9,11,11,13],"texture":"#0"},"east":{"uv":[8.5,11,9,13],"texture":"#0"},"south":{"uv":[9,11,11,13],"texture":"#0"},"west":{"uv":[8.5,11,9,13],"texture":"#0"},"up":{"uv":[9,10.5,11,11],"rotation":180,"texture":"#0"},"down":{"uv":[9,10.5,11,11],"texture":"#0"}}},{"from":[3.5,13,6],"to":[5.5,18,10],"rotation":{"angle":0,"axis":"y","origin":[5.5,11.5,8]},"faces":{"north":{"uv":[4,0,6,5],"texture":"#0"},"east":{"uv":[6,5.5,10,10.5],"texture":"#8"},"south":{"uv":[4,0,6,5],"texture":"#0"},"west":{"uv":[6,5.5,10,10.5],"texture":"#8"},"up":{"uv":[4,7,0,5],"rotation":90,"texture":"#0"},"down":{"uv":[4,7,0,9],"rotation":270,"texture":"#0"}}},{"from":[3.6,17.7,9.3],"to":[5.4,20.7,12.3],"rotation":{"angle":45,"axis":"x","origin":[5.1,22,8]},"faces":{"north":{"uv":[0,12.25,3,14.25],"rotation":90,"texture":"#0"},"east":{"uv":[3,9.25,0,12.25],"rotation":90,"texture":"#0"},"south":{"uv":[0,12.25,3,14.05],"rotation":90,"texture":"#0"},"west":{"uv":[0,12.25,3,9.25],"rotation":180,"texture":"#0"},"up":{"uv":[0,12.25,3,14.25],"rotation":90,"texture":"#0"},"down":{"uv":[4.8,9.25,3,12.25],"rotation":180,"texture":"#0"}}},{"from":[4,16,1],"to":[5,17,6],"rotation":{"angle":0,"axis":"y","origin":[5,11.5,7]},"faces":{"north":{"uv":[10,0,11,1],"texture":"#0"},"east":{"uv":[16,2,11,3],"texture":"#0"},"south":{"uv":[10,0,11,1],"texture":"#0"},"west":{"uv":[11,2,16,3],"texture":"#0"},"up":{"uv":[11,0,16,1],"rotation":270,"texture":"#0"},"down":{"uv":[11,1,16,2],"rotation":90,"texture":"#0"}}},{"from":[3.6,15.5,4.1],"to":[5.4,17.4,7],"rotation":{"angle":-45,"axis":"x","origin":[5.5,16.5,8]},"faces":{"north":{"uv":[16,12,14,14],"texture":"#0"},"east":{"uv":[15.9,14,13,15.9],"texture":"#0"},"south":{"uv":[16,12,14,14],"texture":"#0"},"west":{"uv":[13,14,15.9,15.9],"texture":"#0"},"up":{"uv":[16,10,13,12],"rotation":270,"texture":"#0"},"down":{"uv":[16,10,13,12],"rotation":90,"texture":"#0"}}},{"from":[3.5,14.4,4.6],"to":[5.5,16,6],"rotation":{"angle":0,"axis":"y","origin":[5.5,11.5,8]},"faces":{"north":{"uv":[6.25,0,8.25,1.5],"texture":"#0"},"east":{"uv":[6.25,1.5,7.75,3],"texture":"#0"},"south":{"uv":[6.25,0,8.25,1.5],"texture":"#0"},"west":{"uv":[7.75,1.5,6.25,3],"texture":"#0"},"up":{"uv":[7.75,3,9.25,5],"rotation":270,"texture":"#0"},"down":{"uv":[6.25,3,7.75,5],"rotation":90,"texture":"#0"}}},{"from":[3.6,14.8,8.9],"to":[5.4,17.8,10.7],"rotation":{"angle":22.5,"axis":"x","origin":[5.5,25.5,8]},"faces":{"north":{"uv":[8,12.25,5,10.25],"rotation":90,"texture":"#0"},"east":{"uv":[7,7,4,5],"rotation":90,"texture":"#0"},"south":{"uv":[14,1,13,0],"rotation":90,"texture":"#0"},"west":{"uv":[4,7,7,5],"rotation":270,"texture":"#0"},"up":{"uv":[6,9,4,7],"texture":"#0"},"down":{"uv":[6,9,4,7],"rotation":180,"texture":"#0"}}},{"from":[4.1,15.8,0.2],"to":[4.9,16.8,1.2],"rotation":{"angle":-22.5,"axis":"x","origin":[4.5,16.5,0.5]},"faces":{"north":{"uv":[14,7,15,8],"texture":"#0"},"east":{"uv":[15,7,16,8],"texture":"#0"},"south":{"uv":[14,7,15,8],"texture":"#0"},"west":{"uv":[16,7,15,8],"texture":"#0"},"up":{"uv":[13,6,14,7],"rotation":270,"texture":"#0"},"down":{"uv":[13,7,14,8],"rotation":90,"texture":"#0"}}},{"from":[3.6,15.5,9],"to":[5.4,17.4,11.9],"rotation":{"angle":45,"axis":"x","origin":[5.5,16.5,8]},"faces":{"north":{"uv":[14,12,16,14],"texture":"#0"},"east":{"uv":[13,14,16,16],"texture":"#0"},"south":{"uv":[14,12,16,14],"texture":"#0"},"west":{"uv":[16,14,13,16],"texture":"#0"},"up":{"uv":[13,10,16,12],"rotation":270,"texture":"#0"},"down":{"uv":[13,10,16,12],"rotation":90,"texture":"#0"}}},{"from":[3.5,14.4,10],"to":[5.5,16,11.4],"rotation":{"angle":0,"axis":"y","origin":[5.5,11.5,8]},"faces":{"north":{"uv":[8.25,0,6.25,1.5],"texture":"#0"},"east":{"uv":[7.75,1.5,6.25,3],"texture":"#0"},"south":{"uv":[8.25,0,6.25,1.5],"texture":"#0"},"west":{"uv":[6.25,1.5,7.75,3],"texture":"#0"},"up":{"uv":[9.25,3,7.75,5],"rotation":270,"texture":"#0"},"down":{"uv":[7.75,3,6.25,5],"rotation":90,"texture":"#0"}}},{"from":[3.9,15,2],"to":[5.1,16,5],"rotation":{"angle":45,"axis":"x","origin":[4.5,14.5,4]},"faces":{"north":{"uv":[13.95,12,12.95,13],"texture":"#0"},"east":{"uv":[13,9,16,10],"texture":"#0"},"south":{"uv":[13.95,12,12.95,13],"texture":"#0"},"west":{"uv":[16,9,13,10],"texture":"#0"},"up":{"uv":[13,8,16,9],"rotation":270,"texture":"#0"},"down":{"uv":[13,8,16,9],"rotation":90,"texture":"#0"}}},{"from":[3.9,15,11],"to":[5.1,16,14],"rotation":{"angle":-45,"axis":"x","origin":[4.5,14.5,12]},"faces":{"north":{"uv":[12.95,12,13.95,13],"texture":"#0"},"east":{"uv":[16,9,13,10],"texture":"#0"},"south":{"uv":[12.95,12,13.95,13],"texture":"#0"},"west":{"uv":[13,9,16,10],"texture":"#0"},"up":{"uv":[16,8,13,9],"rotation":270,"texture":"#0"},"down":{"uv":[16,8,13,9],"rotation":90,"texture":"#0"}}},{"from":[5.3,15.7,1],"to":[5.3,16.7,4],"rotation":{"angle":0,"axis":"y","origin":[6,16.1,4]},"faces":{"north":{"uv":[1,0,2,0],"rotation":270,"texture":"#0"},"east":{"uv":[4,15,7,16],"rotation":180,"texture":"#0"},"south":{"uv":[1,0,2,0],"rotation":90,"texture":"#0"},"west":{"uv":[4,16,7,15],"texture":"#0"},"up":{"uv":[0,0,3,0],"rotation":270,"texture":"#0"},"down":{"uv":[0,0,3,0],"rotation":270,"texture":"#0"}}},{"from":[3.7,15.7,1],"to":[5.3,15.7,4],"rotation":{"angle":0,"axis":"y","origin":[6,16.1,4]},"faces":{"north":{"uv":[0,0,1.6,0],"texture":"#0"},"east":{"uv":[0,0,3,0],"texture":"#0"},"south":{"uv":[0,0,1.6,0],"texture":"#0"},"west":{"uv":[0,0,3,0],"texture":"#0"},"up":{"uv":[13,3.35,16,4.85],"rotation":90,"texture":"#0"},"down":{"uv":[13,3.35,16,4.85],"rotation":270,"texture":"#0"}}},{"from":[4.1,15.8,14.8],"to":[4.9,16.8,15.8],"rotation":{"angle":22.5,"axis":"x","origin":[4.5,16.5,15.5]},"faces":{"north":{"uv":[15,7,14,8],"texture":"#0"},"east":{"uv":[16,7,15,8],"texture":"#0"},"south":{"uv":[15,7,14,8],"texture":"#0"},"west":{"uv":[15,7,16,8],"texture":"#0"},"up":{"uv":[14,6,13,7],"rotation":270,"texture":"#0"},"down":{"uv":[14,7,13,8],"rotation":90,"texture":"#0"}}},{"from":[4,16,10],"to":[5,17,15],"rotation":{"angle":0,"axis":"y","origin":[5,11.5,9]},"faces":{"north":{"uv":[11,0,10,1],"texture":"#0"},"east":{"uv":[11,2,16,3],"texture":"#0"},"south":{"uv":[11,0,10,1],"texture":"#0"},"west":{"uv":[16,2,11,3],"texture":"#0"},"up":{"uv":[16,0,11,1],"rotation":270,"texture":"#0"},"down":{"uv":[16,1,11,2],"rotation":90,"texture":"#0"}}},{"from":[5.4,13.25,1.85],"to":[5.4,16.25,4.35],"rotation":{"angle":0,"axis":"y","origin":[5.4,15.45,3.1]},"faces":{"north":{"uv":[0,0,2,0],"rotation":270,"texture":"#0"},"east":{"uv":[7,12.25,4,14.75],"rotation":90,"texture":"#0"},"south":{"uv":[0,0,2,0],"rotation":270,"texture":"#0"},"west":{"uv":[4,12.25,7,14.75],"rotation":270,"texture":"#0"},"up":{"uv":[0,0,0,2],"texture":"#0"},"down":{"uv":[0,0,0,2],"rotation":180,"texture":"#0"}}},{"from":[3.7,15.7,1],"to":[3.7,16.7,4],"rotation":{"angle":0,"axis":"y","origin":[3,16.1,4]},"faces":{"north":{"uv":[1,0,2,0],"rotation":270,"texture":"#0"},"east":{"uv":[7,16,4,15],"texture":"#0"},"south":{"uv":[1,0,2,0],"rotation":90,"texture":"#0"},"west":{"uv":[7,15,4,16],"rotation":180,"texture":"#0"},"up":{"uv":[0,0,3,0],"rotation":270,"texture":"#0"},"down":{"uv":[0,0,3,0],"rotation":270,"texture":"#0"}}},{"from":[3.6,13.25,1.85],"to":[3.6,16.25,4.35],"rotation":{"angle":0,"axis":"y","origin":[3.6,15.45,3.1]},"faces":{"north":{"uv":[0,0,2,0],"rotation":270,"texture":"#0"},"east":{"uv":[4,14.75,7,12.25],"rotation":270,"texture":"#0"},"south":{"uv":[0,0,2,0],"rotation":270,"texture":"#0"},"west":{"uv":[7,14.75,4,12.25],"rotation":90,"texture":"#0"},"up":{"uv":[0,0,0,2],"texture":"#0"},"down":{"uv":[0,0,0,2],"rotation":180,"texture":"#0"}}},{"from":[3.6,13.25,11.65],"to":[3.6,16.25,14.15],"rotation":{"angle":0,"axis":"y","origin":[3.6,15.45,12.9]},"faces":{"north":{"uv":[0,0,2,0],"rotation":270,"texture":"#0"},"east":{"uv":[4,12.25,7,14.75],"rotation":270,"texture":"#0"},"south":{"uv":[0,0,2,0],"rotation":270,"texture":"#0"},"west":{"uv":[7,12.25,4,14.75],"rotation":90,"texture":"#0"},"up":{"uv":[0,2,0,0],"texture":"#0"},"down":{"uv":[0,2,0,0],"rotation":180,"texture":"#0"}}},{"from":[5.4,13.25,11.65],"to":[5.4,16.25,14.15],"rotation":{"angle":0,"axis":"y","origin":[5.4,15.45,12.9]},"faces":{"north":{"uv":[0,0,2,0],"rotation":270,"texture":"#0"},"east":{"uv":[7,14.75,4,12.25],"rotation":90,"texture":"#0"},"south":{"uv":[0,0,2,0],"rotation":270,"texture":"#0"},"west":{"uv":[4,14.75,7,12.25],"rotation":270,"texture":"#0"},"up":{"uv":[0,2,0,0],"texture":"#0"},"down":{"uv":[0,2,0,0],"rotation":180,"texture":"#0"}}},{"from":[3.7,15.7,12],"to":[5.3,15.7,15],"rotation":{"angle":0,"axis":"y","origin":[6,16.1,12]},"faces":{"north":{"uv":[1.6,0,0,0],"texture":"#0"},"east":{"uv":[3,0,0,0],"texture":"#0"},"south":{"uv":[1.6,0,0,0],"texture":"#0"},"west":{"uv":[3,0,0,0],"texture":"#0"},"up":{"uv":[16,3.35,13,4.85],"rotation":90,"texture":"#0"},"down":{"uv":[16,3.35,13,4.85],"rotation":270,"texture":"#0"}}},{"from":[5.3,15.7,12],"to":[5.3,16.7,15],"rotation":{"angle":0,"axis":"y","origin":[6,16.1,12]},"faces":{"north":{"uv":[1,0,2,0],"rotation":90,"texture":"#0"},"east":{"uv":[7,15,4,16],"rotation":180,"texture":"#0"},"south":{"uv":[1,0,2,0],"rotation":270,"texture":"#0"},"west":{"uv":[7,16,4,15],"texture":"#0"},"up":{"uv":[3,0,0,0],"rotation":270,"texture":"#0"},"down":{"uv":[3,0,0,0],"rotation":270,"texture":"#0"}}},{"from":[5,16.5,6],"to":[5,20.5,7.5],"rotation":{"angle":0,"axis":"y","origin":[5,19.5,7.9]},"faces":{"north":{"uv":[13,0,17,0],"rotation":90,"texture":"#0"},"east":{"uv":[9,14.25,13,15.75],"rotation":90,"texture":"#0"},"south":{"uv":[13,1,17,1],"rotation":90,"texture":"#0"},"west":{"uv":[13,14.25,9,15.75],"rotation":270,"texture":"#0"},"up":{"uv":[14,9,14,11],"texture":"#0"},"down":{"uv":[14,9,14,11],"rotation":180,"texture":"#0"}}},{"from":[3.5,8,9.9],"to":[5.5,10,10.4],"rotation":{"angle":45,"axis":"x","origin":[7.5,11,14.5]},"faces":{"north":{"uv":[11,11,9,13],"texture":"#0"},"east":{"uv":[9,11,8.5,13],"texture":"#0"},"south":{"uv":[11,11,9,13],"texture":"#0"},"west":{"uv":[9,11,8.5,13],"texture":"#0"},"up":{"uv":[9,11,11,10.5],"rotation":180,"texture":"#0"},"down":{"uv":[9,11,11,10.5],"texture":"#0"}}},{"from":[3.9,22.3,5.5],"to":[5.1,24.3,6],"rotation":{"angle":45,"axis":"x","origin":[7.5,21.3,1.4]},"faces":{"north":{"uv":[10,8.5,9,10.5],"texture":"#0"},"east":{"uv":[9,6.5,9.5,8.5],"texture":"#0"},"south":{"uv":[12,3,10,5],"texture":"#0"},"west":{"uv":[9.5,6.5,9,8.5],"texture":"#0"},"up":{"uv":[10,6.5,9.5,8.5],"rotation":90,"texture":"#0"},"down":{"uv":[10,6.5,9.5,8.5],"rotation":270,"texture":"#0"}}},{"from":[3.6,14.8,5.3],"to":[5.4,17.8,7.1],"rotation":{"angle":-22.5,"axis":"x","origin":[5.5,25.5,8]},"faces":{"north":{"uv":[14,0,13,1],"rotation":90,"texture":"#0"},"east":{"uv":[7,5,4,7],"rotation":90,"texture":"#0"},"south":{"uv":[8,10.25,5,12.25],"rotation":90,"texture":"#0"},"west":{"uv":[4,5,7,7],"rotation":270,"texture":"#0"},"up":{"uv":[6,7,4,9],"texture":"#0"},"down":{"uv":[6,7,4,9],"rotation":180,"texture":"#0"}}},{"from":[3.7,15.7,12],"to":[3.7,16.7,15],"rotation":{"angle":0,"axis":"y","origin":[3,16.1,12]},"faces":{"north":{"uv":[1,0,2,0],"rotation":90,"texture":"#0"},"east":{"uv":[4,16,7,15],"texture":"#0"},"south":{"uv":[1,0,2,0],"rotation":270,"texture":"#0"},"west":{"uv":[4,15,7,16],"rotation":180,"texture":"#0"},"up":{"uv":[3,0,0,0],"rotation":270,"texture":"#0"},"down":{"uv":[3,0,0,0],"rotation":270,"texture":"#0"}}},{"from":[3.9,22.3,10],"to":[5.1,24.3,10.5],"rotation":{"angle":-45,"axis":"x","origin":[7.5,21.3,14.6]},"faces":{"north":{"uv":[10,3,12,5],"texture":"#0"},"east":{"uv":[9.5,6.5,9,8.5],"texture":"#0"},"south":{"uv":[9,8.5,10,10.5],"texture":"#0"},"west":{"uv":[9,6.5,9.5,8.5],"texture":"#0"},"up":{"uv":[9.5,6.5,10,8.5],"rotation":90,"texture":"#0"},"down":{"uv":[9.5,6.5,10,8.5],"rotation":270,"texture":"#0"}}},{"from":[4,16.5,6],"to":[4,20.5,7.5],"rotation":{"angle":0,"axis":"y","origin":[4,19.5,7.9]},"faces":{"north":{"uv":[13,0,17,0],"rotation":90,"texture":"#0"},"east":{"uv":[13,15.75,9,14.25],"rotation":270,"texture":"#0"},"south":{"uv":[13,1,17,1],"rotation":90,"texture":"#0"},"west":{"uv":[9,15.75,13,14.25],"rotation":90,"texture":"#0"},"up":{"uv":[14,9,14,11],"texture":"#0"},"down":{"uv":[14,9,14,11],"rotation":180,"texture":"#0"}}},{"from":[5,16.5,8.5],"to":[5,20.5,10],"rotation":{"angle":0,"axis":"y","origin":[5,19.5,8.1]},"faces":{"north":{"uv":[13,1,17,1],"rotation":90,"texture":"#0"},"east":{"uv":[9,15.75,13,14.25],"rotation":90,"texture":"#0"},"south":{"uv":[13,0,17,0],"rotation":90,"texture":"#0"},"west":{"uv":[13,15.75,9,14.25],"rotation":270,"texture":"#0"},"up":{"uv":[14,11,14,9],"texture":"#0"},"down":{"uv":[14,11,14,9],"rotation":180,"texture":"#0"}}},{"from":[4,16.5,8.5],"to":[4,20.5,10],"rotation":{"angle":0,"axis":"y","origin":[4,19.5,8.1]},"faces":{"north":{"uv":[13,1,17,1],"rotation":90,"texture":"#0"},"east":{"uv":[13,14.25,9,15.75],"rotation":270,"texture":"#0"},"south":{"uv":[13,0,17,0],"rotation":90,"texture":"#0"},"west":{"uv":[9,14.25,13,15.75],"rotation":90,"texture":"#0"},"up":{"uv":[14,11,14,9],"texture":"#0"},"down":{"uv":[14,11,14,9],"rotation":180,"texture":"#0"}}},{"from":[4.525,6.83908,5.33595],"to":[4.525,9.83908,7.83595],"rotation":{"angle":22.5,"axis":"x","origin":[4.5,10.69159,8]},"faces":{"north":{"uv":[0,3,0,0],"texture":"#1"},"east":{"uv":[9.25,9.25,11.75,6.25],"texture":"#1"},"south":{"uv":[0,3,0,0],"texture":"#1"},"west":{"uv":[11.75,9.25,9.25,6.25],"texture":"#1"},"up":{"uv":[0,0,0,3],"rotation":180,"texture":"#1"},"down":{"uv":[0,0,0,3],"rotation":180,"texture":"#1"}}},{"from":[4.225,9.78162,5.86618],"to":[4.725,10.78162,7.86618],"rotation":{"angle":22.5,"axis":"x","origin":[4.5,10.69159,8]},"faces":{"north":{"uv":[9.25,2,8.25,2.5],"rotation":270,"texture":"#1"},"east":{"uv":[8.25,0,9.25,2],"rotation":270,"texture":"#1"},"south":{"uv":[11.5,1,12,0],"rotation":180,"texture":"#1"},"west":{"uv":[9.25,0,8.25,2],"rotation":90,"texture":"#1"},"up":{"uv":[9.25,2,9.75,0],"texture":"#1"},"down":{"uv":[10.25,2,10.75,0],"rotation":180,"texture":"#1"}}},{"from":[4.225,10.78162,5.86618],"to":[4.725,12.78162,6.86618],"rotation":{"angle":22.5,"axis":"x","origin":[4.5,10.69159,8]},"faces":{"north":{"uv":[7.5,3,7,1],"texture":"#1"},"east":{"uv":[6,3,7,1],"texture":"#1"},"south":{"uv":[7.5,3,7,1],"texture":"#1"},"west":{"uv":[7,3,6,1],"texture":"#1"},"up":{"uv":[5,2,6,2.5],"rotation":90,"texture":"#1"},"down":{"uv":[5,2,6,2.5],"rotation":270,"texture":"#1"}}},{"from":[4.125,11.06248,5.32099],"to":[4.825,12.06248,6.32099],"rotation":{"angle":-22.5,"axis":"x","origin":[4.5,10.69159,8]},"faces":{"north":{"uv":[12.75,7.25,11.75,7.75],"rotation":270,"texture":"#1"},"east":{"uv":[11.75,6.25,12.75,7.25],"rotation":270,"texture":"#1"},"south":{"uv":[12.75,7.25,13.25,6.25],"rotation":180,"texture":"#1"},"west":{"uv":[12.75,6.25,11.75,7.25],"rotation":90,"texture":"#1"},"up":{"uv":[12.75,7.25,13.25,6.25],"texture":"#1"},"down":{"uv":[12.75,7.25,11.75,7.75],"rotation":270,"texture":"#1"}}},{"from":[4.125,11.06248,9.67901],"to":[4.825,12.06248,10.67901],"rotation":{"angle":22.5,"axis":"x","origin":[4.5,10.69159,8]},"faces":{"north":{"uv":[13.25,7.25,12.75,6.25],"rotation":180,"texture":"#1"},"east":{"uv":[11.75,7.25,12.75,6.25],"rotation":270,"texture":"#1"},"south":{"uv":[12.75,7.75,11.75,7.25],"rotation":270,"texture":"#1"},"west":{"uv":[12.75,7.25,11.75,6.25],"rotation":90,"texture":"#1"},"up":{"uv":[12.75,6.25,13.25,7.25],"texture":"#1"},"down":{"uv":[11.75,7.25,12.75,7.75],"rotation":270,"texture":"#1"}}},{"from":[4.225,10.78162,9.13382],"to":[4.725,12.78162,10.13382],"rotation":{"angle":-22.5,"axis":"x","origin":[4.5,10.69159,8]},"faces":{"north":{"uv":[7,3,7.5,1],"texture":"#1"},"east":{"uv":[7,3,6,1],"texture":"#1"},"south":{"uv":[7,3,7.5,1],"texture":"#1"},"west":{"uv":[6,3,7,1],"texture":"#1"},"up":{"uv":[6,2,5,2.5],"rotation":90,"texture":"#1"},"down":{"uv":[6,2,5,2.5],"rotation":270,"texture":"#1"}}},{"from":[4.225,9.78162,8.13382],"to":[4.725,10.78162,10.13382],"rotation":{"angle":-22.5,"axis":"x","origin":[4.5,10.69159,8]},"faces":{"north":{"uv":[12,1,11.5,0],"rotation":180,"texture":"#1"},"east":{"uv":[8.25,2,9.25,0],"rotation":270,"texture":"#1"},"south":{"uv":[9.25,2.5,8.25,2],"rotation":270,"texture":"#1"},"west":{"uv":[9.25,2,8.25,0],"rotation":90,"texture":"#1"},"up":{"uv":[9.25,0,9.75,2],"texture":"#1"},"down":{"uv":[10.25,0,10.75,2],"rotation":180,"texture":"#1"}}},{"from":[4.525,6.83908,8.16405],"to":[4.525,9.83908,10.66405],"rotation":{"angle":-22.5,"axis":"x","origin":[4.5,10.69159,8]},"faces":{"north":{"uv":[0,3,0,0],"texture":"#1"},"east":{"uv":[11.75,9.25,9.25,6.25],"texture":"#1"},"south":{"uv":[0,3,0,0],"texture":"#1"},"west":{"uv":[9.25,9.25,11.75,6.25],"texture":"#1"},"up":{"uv":[0,3,0,0],"rotation":180,"texture":"#1"},"down":{"uv":[0,3,0,0],"rotation":180,"texture":"#1"}}},{"from":[4.275,9.40155,16.43382],"to":[4.775,11.40155,17.43382],"rotation":{"angle":-22.5,"axis":"x","origin":[4.5,11.49159,15.3]},"faces":{"north":{"uv":[7,3,7.5,1],"rotation":180,"texture":"#1"},"east":{"uv":[6,3,7,1],"rotation":180,"texture":"#1"},"south":{"uv":[7,3,7.5,1],"rotation":180,"texture":"#1"},"west":{"uv":[7,3,6,1],"rotation":180,"texture":"#1"},"up":{"uv":[5,2.5,6,2],"rotation":270,"texture":"#1"},"down":{"uv":[5,2.5,6,2],"rotation":90,"texture":"#1"}}},{"from":[4.175,13.1706,15.6709],"to":[4.875,14.1706,16.6709],"rotation":{"angle":22.5,"axis":"x","origin":[4.5,11.49159,15.3]},"faces":{"north":{"uv":[12.75,7.75,11.75,7.25],"rotation":90,"texture":"#1"},"east":{"uv":[12.75,7.25,11.75,6.25],"texture":"#1"},"south":{"uv":[13.25,7.25,12.75,6.25],"texture":"#1"},"west":{"uv":[11.75,7.25,12.75,6.25],"texture":"#1"},"up":{"uv":[12.75,7.75,11.75,7.25],"rotation":90,"texture":"#1"},"down":{"uv":[13.25,7.25,12.75,6.25],"rotation":180,"texture":"#1"}}},{"from":[4.275,11.40155,15.43382],"to":[4.775,12.40155,17.43382],"rotation":{"angle":-22.5,"axis":"x","origin":[4.5,11.49159,15.3]},"faces":{"north":{"uv":[12,1,11.5,0],"texture":"#1"},"east":{"uv":[9.25,2,8.25,0],"rotation":270,"texture":"#1"},"south":{"uv":[9.25,2.5,8.25,2],"rotation":90,"texture":"#1"},"west":{"uv":[8.25,2,9.25,0],"rotation":90,"texture":"#1"},"up":{"uv":[10.75,2,10.25,0],"rotation":180,"texture":"#1"},"down":{"uv":[9.75,2,9.25,0],"texture":"#1"}}},{"from":[4.475,12.34409,15.46405],"to":[4.475,15.34409,17.96405],"rotation":{"angle":-22.5,"axis":"x","origin":[4.5,11.49159,15.3]},"faces":{"north":{"uv":[0,3,0,0],"rotation":180,"texture":"#1"},"east":{"uv":[9.25,9.25,11.75,6.25],"rotation":180,"texture":"#1"},"south":{"uv":[0,3,0,0],"rotation":180,"texture":"#1"},"west":{"uv":[11.75,9.25,9.25,6.25],"rotation":180,"texture":"#1"},"up":{"uv":[0,0,0,3],"rotation":180,"texture":"#1"},"down":{"uv":[0,0,0,3],"rotation":180,"texture":"#1"}}},{"from":[4.5,16,-7],"to":[4.5,26,6],"faces":{"north":{"uv":[0,0,0,10],"texture":"#6"},"east":{"uv":[6.5,6,0,11],"texture":"#6"},"south":{"uv":[0,0,0,10],"texture":"#6"},"west":{"uv":[0,6,6.5,11],"texture":"#6"},"up":{"uv":[0,0,0,16],"texture":"#6"},"down":{"uv":[0,0,0,16],"texture":"#6"}}},{"from":[4.5,16,10],"to":[4.5,26,23],"rotation":{"angle":0,"axis":"y","origin":[0,0,16]},"faces":{"north":{"uv":[0,0,0,10],"texture":"#6"},"east":{"uv":[0,6,6.5,11],"texture":"#6"},"south":{"uv":[0,0,0,10],"texture":"#6"},"west":{"uv":[6.5,6,0,11],"texture":"#6"},"up":{"uv":[0,16,0,0],"texture":"#6"},"down":{"uv":[0,16,0,0],"texture":"#6"}}},{"from":[4.5,2,10],"to":[4.5,13,22],"rotation":{"angle":0,"axis":"y","origin":[0,0,17]},"faces":{"north":{"uv":[0,0,0,6.5],"texture":"#4"},"east":{"uv":[10,1,16,6.5],"texture":"#4"},"south":{"uv":[0,0,0,6.5],"texture":"#4"},"west":{"uv":[16,1,10,6.5],"texture":"#4"},"up":{"uv":[0,5,0,0],"texture":"#4"},"down":{"uv":[0,5,0,0],"texture":"#4"}}},{"from":[3.5,10.6,15.3],"to":[5.5,12.6,18.3],"rotation":{"angle":45,"axis":"x","origin":[4.5,11.1,15.8]},"faces":{"north":{"uv":[10.5,15,11.5,16],"texture":"#4"},"east":{"uv":[10.5,12,11.5,10.5],"rotation":90,"texture":"#4"},"south":{"uv":[11.5,15,12.5,16],"texture":"#4"},"west":{"uv":[10.5,10.5,11.5,12],"rotation":90,"texture":"#4"},"up":{"uv":[10.5,12,11.5,13.5],"texture":"#4"},"down":{"uv":[10.5,13.5,11.5,15],"texture":"#4"}}},{"from":[4,11,14.3],"to":[5,12,17.3],"rotation":{"angle":22.5,"axis":"x","origin":[4.5,11.1,15.8]},"faces":{"north":{"uv":[7,3.5,7.5,4],"texture":"#6"},"east":{"uv":[8.5,3,7,3.5],"texture":"#6"},"south":{"uv":[7.5,3.5,8,4],"texture":"#6"},"west":{"uv":[7,3,8.5,3.5],"texture":"#6"},"up":{"uv":[6.5,4.5,7,6],"texture":"#6"},"down":{"uv":[6.5,3,7,4.5],"texture":"#6"}}},{"from":[4,8.9,17.2],"to":[5,10.4,18.7],"rotation":{"angle":0,"axis":"y","origin":[4.5,11.1,15.8]},"faces":{"north":{"uv":[7,4,7.5,4.75],"rotation":180,"texture":"#6"},"east":{"uv":[7.5,4.25,8.25,3.5],"rotation":90,"texture":"#6"},"south":{"uv":[7,4,7.5,4.75],"texture":"#6"},"west":{"uv":[7.5,3.5,8.25,4.25],"rotation":90,"texture":"#6"},"up":{"uv":[7.5,4.25,8,5],"rotation":180,"texture":"#6"},"down":{"uv":[7,4.75,7.5,5.5],"texture":"#6"}}},{"from":[4.275,23.02541,14.09003],"to":[4.775,24.02541,16.09003],"rotation":{"angle":0,"axis":"y","origin":[4.5,21.89159,14]},"faces":{"north":{"uv":[5,2.5,6,2],"rotation":90,"texture":"#1"},"east":{"uv":[6,3,7,1],"rotation":270,"texture":"#1"},"south":{"uv":[5,2.5,6,2],"rotation":90,"texture":"#1"},"west":{"uv":[7,3,6,1],"rotation":90,"texture":"#1"},"up":{"uv":[7,3,7.5,1],"rotation":180,"texture":"#1"},"down":{"uv":[7,3,7.5,1],"texture":"#1"}}},{"from":[4.175,23.5706,14.3709],"to":[4.875,24.5706,15.3709],"rotation":{"angle":-45,"axis":"x","origin":[4.5,21.89159,14]},"faces":{"north":{"uv":[12.75,7.75,11.75,7.25],"rotation":90,"texture":"#1"},"east":{"uv":[12.75,7.25,11.75,6.25],"texture":"#1"},"south":{"uv":[13.25,7.25,12.75,6.25],"texture":"#1"},"west":{"uv":[11.75,7.25,12.75,6.25],"texture":"#1"},"up":{"uv":[12.75,7.75,11.75,7.25],"rotation":90,"texture":"#1"},"down":{"uv":[13.25,7.25,12.75,6.25],"rotation":180,"texture":"#1"}}},{"from":[4.275,22.02541,13.09003],"to":[4.775,24.02541,14.09003],"rotation":{"angle":0,"axis":"y","origin":[4.5,21.89159,14]},"faces":{"north":{"uv":[10.75,2,10.25,0],"texture":"#1"},"east":{"uv":[9.25,2,8.25,0],"texture":"#1"},"south":{"uv":[9.75,2,9.25,0],"texture":"#1"},"west":{"uv":[8.25,2,9.25,0],"texture":"#1"},"up":{"uv":[9.25,2.5,8.25,2],"rotation":90,"texture":"#1"},"down":{"uv":[12,1,11.5,0],"rotation":180,"texture":"#1"}}},{"from":[4.475,22.05564,10.1475],"to":[4.475,24.55564,13.1475],"rotation":{"angle":0,"axis":"y","origin":[4.5,21.89159,14]},"faces":{"north":{"uv":[0,0,0,3],"texture":"#1"},"east":{"uv":[9.25,9.25,11.75,6.25],"rotation":270,"texture":"#1"},"south":{"uv":[0,0,0,3],"rotation":180,"texture":"#1"},"west":{"uv":[11.75,9.25,9.25,6.25],"rotation":90,"texture":"#1"},"up":{"uv":[0,3,0,0],"rotation":180,"texture":"#1"},"down":{"uv":[0,3,0,0],"texture":"#1"}}},{"from":[3.5,21,14],"to":[5.5,23,17],"rotation":{"angle":-22.5,"axis":"x","origin":[4.5,21.5,14.5]},"faces":{"north":{"uv":[10.5,15,11.5,16],"texture":"#4"},"east":{"uv":[10.5,12,11.5,10.5],"rotation":90,"texture":"#4"},"south":{"uv":[11.5,15,12.5,16],"texture":"#4"},"west":{"uv":[10.5,10.5,11.5,12],"rotation":90,"texture":"#4"},"up":{"uv":[10.5,12,11.5,13.5],"texture":"#4"},"down":{"uv":[10.5,13.5,11.5,15],"texture":"#4"}}},{"from":[4,22.9,15.2],"to":[5,24.4,16.7],"rotation":{"angle":22.5,"axis":"x","origin":[4.5,21.5,14.5]},"faces":{"north":{"uv":[7.5,4.25,8,5],"texture":"#6"},"east":{"uv":[8.25,3.5,7.5,4.25],"texture":"#6"},"south":{"uv":[7,4.75,7.5,5.5],"texture":"#6"},"west":{"uv":[7.5,3.5,8.25,4.25],"texture":"#6"},"up":{"uv":[7,4,7.5,4.75],"texture":"#6"},"down":{"uv":[7,4,7.5,4.75],"texture":"#6"}}},{"from":[4,21.4,13],"to":[5,22.4,16],"rotation":{"angle":-45,"axis":"x","origin":[4.5,21.5,14.5]},"faces":{"north":{"uv":[7,3.5,7.5,4],"texture":"#6"},"east":{"uv":[7,3,8.5,3.5],"texture":"#6"},"south":{"uv":[7.5,3.5,8,4],"texture":"#6"},"west":{"uv":[7,3,8.5,3.5],"texture":"#6"},"up":{"uv":[6.5,4.5,7,6],"texture":"#6"},"down":{"uv":[6.5,3,7,4.5],"texture":"#6"}}},{"from":[4.275,23.02541,-0.09003],"to":[4.775,24.02541,1.90997],"rotation":{"angle":0,"axis":"y","origin":[4.5,21.89159,2]},"faces":{"north":{"uv":[5,2,6,2.5],"rotation":90,"texture":"#1"},"east":{"uv":[6,1,7,3],"rotation":270,"texture":"#1"},"south":{"uv":[5,2,6,2.5],"rotation":90,"texture":"#1"},"west":{"uv":[7,1,6,3],"rotation":90,"texture":"#1"},"up":{"uv":[7,1,7.5,3],"rotation":180,"texture":"#1"},"down":{"uv":[7,1,7.5,3],"texture":"#1"}}},{"from":[4.175,23.5706,0.6291],"to":[4.875,24.5706,1.6291],"rotation":{"angle":45,"axis":"x","origin":[4.5,21.89159,2]},"faces":{"north":{"uv":[12.75,7.25,13.25,6.25],"texture":"#1"},"east":{"uv":[11.75,7.25,12.75,6.25],"texture":"#1"},"south":{"uv":[12.75,7.25,11.75,7.75],"rotation":90,"texture":"#1"},"west":{"uv":[12.75,7.25,11.75,6.25],"texture":"#1"},"up":{"uv":[11.75,7.75,12.75,7.25],"rotation":90,"texture":"#1"},"down":{"uv":[13.25,6.25,12.75,7.25],"rotation":180,"texture":"#1"}}},{"from":[4.275,22.02541,1.90997],"to":[4.775,24.02541,2.90997],"rotation":{"angle":0,"axis":"y","origin":[4.5,21.89159,2]},"faces":{"north":{"uv":[9.25,2,9.75,0],"texture":"#1"},"east":{"uv":[8.25,2,9.25,0],"texture":"#1"},"south":{"uv":[10.25,2,10.75,0],"texture":"#1"},"west":{"uv":[9.25,2,8.25,0],"texture":"#1"},"up":{"uv":[8.25,2.5,9.25,2],"rotation":90,"texture":"#1"},"down":{"uv":[12,0,11.5,1],"rotation":180,"texture":"#1"}}},{"from":[4.475,22.05564,2.8525],"to":[4.475,24.55564,5.8525],"rotation":{"angle":0,"axis":"y","origin":[4.5,21.89159,2]},"faces":{"north":{"uv":[0,0,0,3],"rotation":180,"texture":"#1"},"east":{"uv":[9.25,6.25,11.75,9.25],"rotation":270,"texture":"#1"},"south":{"uv":[0,0,0,3],"texture":"#1"},"west":{"uv":[11.75,6.25,9.25,9.25],"rotation":90,"texture":"#1"},"up":{"uv":[0,0,0,3],"rotation":180,"texture":"#1"},"down":{"uv":[0,0,0,3],"texture":"#1"}}},{"from":[3.5,21,-1],"to":[5.5,23,2],"rotation":{"angle":22.5,"axis":"x","origin":[4.5,21.5,1.5]},"faces":{"north":{"uv":[12.5,15,11.5,16],"texture":"#4"},"east":{"uv":[10.5,10.5,11.5,12],"rotation":90,"texture":"#4"},"south":{"uv":[11.5,15,10.5,16],"texture":"#4"},"west":{"uv":[10.5,12,11.5,10.5],"rotation":90,"texture":"#4"},"up":{"uv":[10.5,13.5,11.5,12],"texture":"#4"},"down":{"uv":[10.5,15,11.5,13.5],"texture":"#4"}}},{"from":[4,22.9,-0.7],"to":[5,24.4,0.8],"rotation":{"angle":-22.5,"axis":"x","origin":[4.5,21.5,1.5]},"faces":{"north":{"uv":[7.5,4.75,7,5.5],"texture":"#6"},"east":{"uv":[8.25,4.25,7.5,3.5],"rotation":180,"texture":"#6"},"south":{"uv":[8,4.25,7.5,5],"texture":"#6"},"west":{"uv":[8.25,3.5,7.5,4.25],"texture":"#6"},"up":{"uv":[7,4.75,7.5,4],"texture":"#6"},"down":{"uv":[7,4.75,7.5,4],"texture":"#6"}}},{"from":[4,21.4,0],"to":[5,22.4,3],"rotation":{"angle":45,"axis":"x","origin":[4.5,21.5,1.5]},"faces":{"north":{"uv":[8,3.5,7.5,4],"texture":"#6"},"east":{"uv":[7,3,8.5,3.5],"texture":"#6"},"south":{"uv":[7.5,3.5,7,4],"texture":"#6"},"west":{"uv":[8.5,3,7,3.5],"texture":"#6"},"up":{"uv":[6.5,6,7,4.5],"texture":"#6"},"down":{"uv":[6.5,4.5,7,3],"texture":"#6"}}},{"from":[4,8.9,-2.7],"to":[5,10.4,-1.2],"rotation":{"angle":0,"axis":"y","origin":[4.5,11.1,0.2]},"faces":{"north":{"uv":[7.5,4,7,4.75],"texture":"#6"},"east":{"uv":[8.25,4.25,7.5,3.5],"rotation":270,"texture":"#6"},"south":{"uv":[7.5,4,7,4.75],"rotation":180,"texture":"#6"},"west":{"uv":[7.5,4.25,8.25,3.5],"rotation":90,"texture":"#6"},"up":{"uv":[7.5,5,8,4.25],"rotation":180,"texture":"#6"},"down":{"uv":[7,5.5,7.5,4.75],"texture":"#6"}}},{"from":[4,11,-1.3],"to":[5,12,1.7],"rotation":{"angle":-22.5,"axis":"x","origin":[4.5,11.1,0.2]},"faces":{"north":{"uv":[8,3.5,7.5,4],"texture":"#6"},"east":{"uv":[7,3,8.5,3.5],"texture":"#6"},"south":{"uv":[7.5,3.5,7,4],"texture":"#6"},"west":{"uv":[8.5,3,7,3.5],"texture":"#6"},"up":{"uv":[6.5,6,7,4.5],"texture":"#6"},"down":{"uv":[6.5,4.5,7,3],"texture":"#6"}}},{"from":[3.5,10.6,-2.3],"to":[5.5,12.6,0.7],"rotation":{"angle":-45,"axis":"x","origin":[4.5,11.1,0.2]},"faces":{"north":{"uv":[12.5,15,11.5,16],"texture":"#4"},"east":{"uv":[10.5,10.5,11.5,12],"rotation":90,"texture":"#4"},"south":{"uv":[11.5,15,10.5,16],"texture":"#4"},"west":{"uv":[10.5,12,11.5,10.5],"rotation":90,"texture":"#4"},"up":{"uv":[10.5,13.5,11.5,12],"texture":"#4"},"down":{"uv":[10.5,15,11.5,13.5],"texture":"#4"}}},{"from":[4.5,2,-6],"to":[4.5,13,6],"rotation":{"angle":0,"axis":"y","origin":[0,0,-1]},"faces":{"north":{"uv":[0,0,0,6.5],"texture":"#4"},"east":{"uv":[16,1,10,6.5],"texture":"#4"},"south":{"uv":[0,0,0,6.5],"texture":"#4"},"west":{"uv":[10,1,16,6.5],"texture":"#4"},"up":{"uv":[0,0,0,5],"texture":"#4"},"down":{"uv":[0,0,0,5],"texture":"#4"}}},{"from":[4.475,12.34409,-1.96405],"to":[4.475,15.34409,0.53595],"rotation":{"angle":22.5,"axis":"x","origin":[4.5,11.49159,0.7]},"faces":{"north":{"uv":[0,3,0,0],"rotation":180,"texture":"#1"},"east":{"uv":[11.75,9.25,9.25,6.25],"rotation":180,"texture":"#1"},"south":{"uv":[0,3,0,0],"rotation":180,"texture":"#1"},"west":{"uv":[9.25,9.25,11.75,6.25],"rotation":180,"texture":"#1"},"up":{"uv":[0,3,0,0],"rotation":180,"texture":"#1"},"down":{"uv":[0,3,0,0],"rotation":180,"texture":"#1"}}},{"from":[4.275,11.40155,-1.43382],"to":[4.775,12.40155,0.56618],"rotation":{"angle":22.5,"axis":"x","origin":[4.5,11.49159,0.7]},"faces":{"north":{"uv":[9.25,2,8.25,2.5],"rotation":90,"texture":"#1"},"east":{"uv":[9.25,0,8.25,2],"rotation":270,"texture":"#1"},"south":{"uv":[11.5,1,12,0],"texture":"#1"},"west":{"uv":[8.25,0,9.25,2],"rotation":90,"texture":"#1"},"up":{"uv":[10.75,0,10.25,2],"rotation":180,"texture":"#1"},"down":{"uv":[9.75,0,9.25,2],"texture":"#1"}}},{"from":[4.175,13.1706,-0.6709],"to":[4.875,14.1706,0.3291],"rotation":{"angle":-22.5,"axis":"x","origin":[4.5,11.49159,0.7]},"faces":{"north":{"uv":[12.75,7.25,13.25,6.25],"texture":"#1"},"east":{"uv":[11.75,7.25,12.75,6.25],"texture":"#1"},"south":{"uv":[12.75,7.25,11.75,7.75],"rotation":90,"texture":"#1"},"west":{"uv":[12.75,7.25,11.75,6.25],"texture":"#1"},"up":{"uv":[11.75,7.75,12.75,7.25],"rotation":90,"texture":"#1"},"down":{"uv":[13.25,6.25,12.75,7.25],"rotation":180,"texture":"#1"}}},{"from":[4.275,9.40155,-1.43382],"to":[4.775,11.40155,-0.43382],"rotation":{"angle":22.5,"axis":"x","origin":[4.5,11.49159,0.7]},"faces":{"north":{"uv":[7.5,3,7,1],"rotation":180,"texture":"#1"},"east":{"uv":[7,3,6,1],"rotation":180,"texture":"#1"},"south":{"uv":[7.5,3,7,1],"rotation":180,"texture":"#1"},"west":{"uv":[6,3,7,1],"rotation":180,"texture":"#1"},"up":{"uv":[6,2.5,5,2],"rotation":270,"texture":"#1"},"down":{"uv":[6,2.5,5,2],"rotation":90,"texture":"#1"}}},{"from":[3.4,11.3,7],"to":[5.6,13.3,9],"rotation":{"angle":0,"axis":"y","origin":[4.5,10.69159,8]},"faces":{"north":{"uv":[11.25,6.25,13.25,4.25],"texture":"#1"},"east":{"uv":[9.25,6.25,11.25,4.25],"texture":"#1"},"south":{"uv":[11.25,6.25,13.25,4.25],"texture":"#1"},"west":{"uv":[9.25,6.25,11.25,4.25],"texture":"#1"},"up":{"uv":[8.25,3,6.25,5],"rotation":270,"texture":"#1"},"down":{"uv":[8.25,5,6.25,7],"rotation":90,"texture":"#1"}}},{"from":[3,15,0],"to":[3,29,16],"faces":{"north":{"uv":[0,0,0,6],"texture":"#9"},"east":{"uv":[0,0,16,14],"texture":"#9"},"south":{"uv":[0,0,0,6],"texture":"#9"},"west":{"uv":[0,0,16,14],"texture":"#9"},"up":{"uv":[0,0,0,6],"texture":"#9"},"down":{"uv":[0,0,0,6],"texture":"#9"}}}],"gui_light":"front","display":{"thirdperson_righthand":{"rotation":[67.5,90,0],"translation":[0,1,-3],"scale":[0.46562,0.46562,0.46562]},"thirdperson_lefthand":{"rotation":[67.5,90,0],"translation":[-6,-13.5,1.25],"scale":[1.2,1.2,1.2]},"firstperson_righthand":{"rotation":[0,92,0],"translation":[1,1.75,1.5],"scale":[0.42773,0.42773,0.42773]},"firstperson_lefthand":{"rotation":[0,-92,0],"translation":[0.5,-0.25,2.25],"scale":[0,0,0]},"ground":{"translation":[3.75,9,0],"scale":[0.86914,0.86914,0.86914]},"gui":{"rotation":[0,90,0],"translation":[0,-3.25,-2],"scale":[0.51172,0.51172,0.51172]},"head":{"translation":[-0.25,-19,0.5],"scale":[0,0,0]},"fixed":{"rotation":[0,90,0],"translation":[0,-20.25,-13.5],"scale":[2.69531,2.69531,2.69531]}}}