{"credit":"Made with Blockbench","texture_size":[32,32],"textures":{"0":"elitecreatures:gamer_girl_animated/axetex","1":"elitecreatures:gamer_girl_animated/square","particle":"elitecreatures:gamer_girl_animated/axetex"},"elements":[{"from":[6.75,18,5.25],"to":[8.75,22,9.25],"rotation":{"angle":45,"axis":"x","origin":[8,20,7.25]},"faces":{"north":{"uv":[7.25,13,9.25,12],"rotation":90,"texture":"#0"},"east":{"uv":[9.25,16,7.25,14],"rotation":180,"texture":"#0"},"south":{"uv":[9.25,13,7.25,14],"rotation":90,"texture":"#0"},"west":{"uv":[9.25,14,7.25,16],"texture":"#0"},"up":{"uv":[9.25,14,7.25,13],"rotation":270,"texture":"#0"},"down":{"uv":[9.25,12,7.25,13],"rotation":90,"texture":"#0"}}},{"from":[6.75,14.9,8.35],"to":[8.75,17.9,9.35],"rotation":{"angle":-45,"axis":"x","origin":[8,20,4.25]},"faces":{"north":{"uv":[15,4.75,16,6.25],"texture":"#0"},"east":{"uv":[14.5,12.25,16,12.75],"rotation":90,"texture":"#0"},"south":{"uv":[15,3.25,16,4.75],"rotation":180,"texture":"#0"},"west":{"uv":[14.5,12.25,16,12.75],"rotation":90,"texture":"#0"},"up":{"uv":[13,11.25,12,11.75],"texture":"#0"},"down":{"uv":[11.5,10,10.5,10.5],"rotation":180,"texture":"#0"}}},{"from":[6.75,14.9,6.35],"to":[8.75,15.9,8.35],"rotation":{"angle":-45,"axis":"x","origin":[8,20,4.25]},"faces":{"north":{"uv":[9,7.125,9.5,8],"rotation":90,"texture":"#0"},"east":{"uv":[9.5,8,10.5,7.5],"rotation":180,"texture":"#0"},"south":{"uv":[9,7.125,9.5,8],"rotation":270,"texture":"#0"},"west":{"uv":[9.5,7.5,10.5,8],"texture":"#0"},"up":{"uv":[9.25,6.875,10.25,6],"rotation":270,"texture":"#0"},"down":{"uv":[9.25,6,10.25,6.875],"rotation":90,"texture":"#0"}}},{"from":[5.5,21.6,3.15],"to":[12,24.6,6.15],"rotation":{"angle":-45,"axis":"x","origin":[8.75,23.6,5.15]},"faces":{"north":{"uv":[14.5,14.5,11.25,16],"texture":"#0"},"east":{"uv":[13,13,14.5,14.5],"texture":"#0"},"south":{"uv":[14.5,16,16,12.75],"rotation":90,"texture":"#0"},"west":{"uv":[14.5,13,13,14.5],"texture":"#0"},"up":{"uv":[14.5,14.5,11.25,16],"texture":"#0"},"down":{"uv":[16,12.75,14.5,16],"rotation":90,"texture":"#0"}}},{"from":[7,14,9.25],"to":[10.5,20,11.25],"rotation":{"angle":0,"axis":"y","origin":[8.5,14,11.25]},"faces":{"north":{"uv":[15,3.25,13.25,6.25],"rotation":180,"texture":"#0"},"east":{"uv":[13.25,2.5,12.25,5.5],"texture":"#0"},"south":{"uv":[15,3.25,13.25,6.25],"rotation":180,"texture":"#0"},"west":{"uv":[13.25,5.5,12.25,2.5],"rotation":180,"texture":"#0"},"up":{"uv":[13.25,1.5,14.25,3.25],"rotation":270,"texture":"#0"},"down":{"uv":[13.25,3.25,14.25,1.5],"rotation":90,"texture":"#0"}}},{"from":[7.5,11,9.25],"to":[10,14,11.25],"rotation":{"angle":22.5,"axis":"x","origin":[8.5,14,11.25]},"faces":{"north":{"uv":[14.25,3.25,15.75,2],"rotation":90,"texture":"#0"},"east":{"uv":[13,13,12,14.5],"texture":"#0"},"south":{"uv":[11.5,11.25,13,10],"rotation":270,"texture":"#0"},"west":{"uv":[13,14.5,12,13],"rotation":180,"texture":"#0"},"up":{"uv":[11.25,1.25,12.5,2.25],"texture":"#0"},"down":{"uv":[11.25,1.25,12.5,2.25],"rotation":180,"texture":"#0"}}},{"from":[7,14,5.25],"to":[10.5,20,9.25],"rotation":{"angle":0,"axis":"y","origin":[8.5,14,11.25]},"faces":{"north":{"uv":[11,1.25,9,4.25],"texture":"#0"},"east":{"uv":[11,1.25,9,4.25],"texture":"#0"},"south":{"uv":[11,1.25,9,4.25],"texture":"#0"},"west":{"uv":[11,4.25,9,1.25],"rotation":180,"texture":"#0"},"up":{"uv":[11.5,7.25,13.5,9],"rotation":270,"texture":"#0"},"down":{"uv":[11.5,9,13.5,7.25],"rotation":90,"texture":"#0"}}},{"from":[8.75,14.9,6.35],"to":[10.75,15.9,8.35],"rotation":{"angle":-45,"axis":"x","origin":[9.5,20,4.25]},"faces":{"north":{"uv":[9,8,9.5,7.125],"rotation":90,"texture":"#0"},"east":{"uv":[10.5,7.5,9.5,8],"texture":"#0"},"south":{"uv":[9,8,9.5,7.125],"rotation":270,"texture":"#0"},"west":{"uv":[10.5,8,9.5,7.5],"rotation":180,"texture":"#0"},"up":{"uv":[9.25,6,10.25,6.875],"rotation":270,"texture":"#0"},"down":{"uv":[9.25,6.875,10.25,6],"rotation":90,"texture":"#0"}}},{"from":[8.75,14.9,8.35],"to":[10.75,17.9,9.35],"rotation":{"angle":-45,"axis":"x","origin":[9.5,20,4.25]},"faces":{"north":{"uv":[16,4.75,15,6.25],"texture":"#0"},"east":{"uv":[14.5,12.75,16,12.25],"rotation":90,"texture":"#0"},"south":{"uv":[16,3.25,15,4.75],"rotation":180,"texture":"#0"},"west":{"uv":[14.5,12.75,16,12.25],"rotation":90,"texture":"#0"},"up":{"uv":[13,11.25,12,11.75],"texture":"#0"},"down":{"uv":[11.5,10,10.5,10.5],"rotation":180,"texture":"#0"}}},{"from":[8.75,18,5.25],"to":[10.75,22,9.25],"rotation":{"angle":45,"axis":"x","origin":[9.5,20,7.25]},"faces":{"north":{"uv":[7.25,12,9.25,13],"rotation":90,"texture":"#0"},"east":{"uv":[7.25,14,9.25,16],"texture":"#0"},"south":{"uv":[7.25,13,9.25,14],"rotation":90,"texture":"#0"},"west":{"uv":[7.25,16,9.25,14],"rotation":180,"texture":"#0"},"up":{"uv":[9.25,13,7.25,14],"rotation":270,"texture":"#0"},"down":{"uv":[9.25,13,7.25,12],"rotation":90,"texture":"#0"}}},{"from":[7.75,8,6.25],"to":[9.75,14,8.25],"rotation":{"angle":0,"axis":"y","origin":[8.5,46,11.25]},"faces":{"north":{"uv":[10.25,16,9.25,13],"texture":"#0"},"east":{"uv":[11.25,16,10.25,13],"texture":"#0"},"south":{"uv":[10.25,16,9.25,13],"texture":"#0"},"west":{"uv":[11.25,13,10.25,16],"rotation":180,"texture":"#0"},"up":{"uv":[9,0,10,1],"rotation":270,"texture":"#0"},"down":{"uv":[9,1,10,0],"rotation":90,"texture":"#0"}}},{"from":[11.25,18.9,3.35],"to":[16.25,23.9,5.35],"rotation":{"angle":-45,"axis":"z","origin":[8.75,26.4,5.85]},"faces":{"north":{"uv":[13.5,9.75,16,7.25],"rotation":180,"texture":"#0"},"east":{"uv":[13.5,6.25,11,7.25],"rotation":270,"texture":"#0"},"south":{"uv":[13.5,12.25,16,9.75],"texture":"#0"},"west":{"uv":[16,6.25,13.5,7.25],"rotation":90,"texture":"#0"},"up":{"uv":[16,6.25,13.5,7.25],"rotation":180,"texture":"#0"},"down":{"uv":[11,6.25,13.5,7.25],"texture":"#0"}}},{"from":[8.75,8.8,-3.65],"to":[8.75,24.8,6.35],"rotation":{"angle":0,"axis":"y","origin":[0.75,11,15.25]},"faces":{"north":{"uv":[0,0,0,8],"texture":"#0"},"east":{"uv":[0,0,5,8],"texture":"#0"},"south":{"uv":[0,0,0,8],"texture":"#0"},"west":{"uv":[5,0,0,8],"texture":"#0"},"up":{"uv":[0,0,5,0],"rotation":270,"texture":"#0"},"down":{"uv":[0,0,5,0],"rotation":90,"texture":"#0"}}},{"from":[8.5,16.8,-1.65],"to":[9,21.8,3.35],"rotation":{"angle":0,"axis":"y","origin":[0.75,11,15.25]},"faces":{"north":{"uv":[1.5,1.5,1.75,4],"texture":"#0"},"east":{"uv":[1.5,1.5,4,4],"texture":"#0"},"south":{"uv":[1.5,1.5,1.75,4],"texture":"#0"},"west":{"uv":[4,1.5,1.5,4],"texture":"#0"},"up":{"uv":[1.5,1.5,4,1.75],"rotation":270,"texture":"#0"},"down":{"uv":[1.5,3.75,4,4],"rotation":90,"texture":"#0"}}},{"from":[4.75,16,3.2],"to":[4.75,24,11.2],"rotation":{"angle":0,"axis":"y","origin":[4.75,18,9.2]},"faces":{"north":{"uv":[8,8,8,12],"texture":"#1"},"east":{"uv":[8,8,12,12],"texture":"#1"},"south":{"uv":[8,8,8,12],"texture":"#1"},"west":{"uv":[8,8,12,12],"texture":"#1"},"up":{"uv":[8,8,14,8],"rotation":270,"texture":"#1"},"down":{"uv":[8,8,14,8],"rotation":90,"texture":"#1"}}},{"from":[4.75,16,3.2],"to":[4.75,24,11.2],"rotation":{"angle":22.5,"axis":"x","origin":[4.75,20,7.2]},"faces":{"north":{"uv":[8,8,8,12],"texture":"#1"},"east":{"uv":[12,8,16,12],"texture":"#1"},"south":{"uv":[8,8,8,12],"texture":"#1"},"west":{"uv":[12,8,16,12],"texture":"#1"},"up":{"uv":[8,8,14,8],"rotation":270,"texture":"#1"},"down":{"uv":[8,8,14,8],"rotation":90,"texture":"#1"}}},{"from":[4.75,16,3.2],"to":[4.75,24,11.2],"rotation":{"angle":-45,"axis":"x","origin":[4.75,20,7.2]},"faces":{"north":{"uv":[8,8,14,8],"rotation":270,"texture":"#1"},"east":{"uv":[8,12,12,16],"rotation":270,"texture":"#1"},"south":{"uv":[8,8,14,8],"rotation":270,"texture":"#1"},"west":{"uv":[8,12,12,16],"rotation":90,"texture":"#1"},"up":{"uv":[8,8,8,12],"rotation":180,"texture":"#1"},"down":{"uv":[8,8,8,12],"texture":"#1"}}},{"from":[4.75,16,3.2],"to":[4.75,24,11.2],"rotation":{"angle":-22.5,"axis":"x","origin":[4.75,20,7.2]},"faces":{"north":{"uv":[8,8,14,8],"rotation":270,"texture":"#1"},"east":{"uv":[12,12,16,16],"rotation":270,"texture":"#1"},"south":{"uv":[8,8,14,8],"rotation":270,"texture":"#1"},"west":{"uv":[12,12,16,16],"rotation":90,"texture":"#1"},"up":{"uv":[8,8,8,12],"rotation":180,"texture":"#1"},"down":{"uv":[8,8,8,12],"texture":"#1"}}},{"from":[3.75,16,3.2],"to":[3.75,24,11.2],"rotation":{"angle":-22.5,"axis":"x","origin":[3.75,20,7.2]},"faces":{"north":{"uv":[0,0,6,0],"rotation":270,"texture":"#1"},"east":{"uv":[4,4,8,8],"rotation":270,"texture":"#1"},"south":{"uv":[0,0,6,0],"rotation":270,"texture":"#1"},"west":{"uv":[4,4,8,8],"rotation":90,"texture":"#1"},"up":{"uv":[0,0,0,4],"rotation":180,"texture":"#1"},"down":{"uv":[0,0,0,4],"texture":"#1"}}},{"from":[3.75,16,3.2],"to":[3.75,24,11.2],"rotation":{"angle":-45,"axis":"x","origin":[3.75,20,7.2]},"faces":{"north":{"uv":[0,0,6,0],"rotation":270,"texture":"#1"},"east":{"uv":[0,4,4,8],"rotation":270,"texture":"#1"},"south":{"uv":[0,0,6,0],"rotation":270,"texture":"#1"},"west":{"uv":[0,4,4,8],"rotation":90,"texture":"#1"},"up":{"uv":[0,0,0,4],"rotation":180,"texture":"#1"},"down":{"uv":[0,0,0,4],"texture":"#1"}}},{"from":[3.75,16,3.2],"to":[3.75,24,11.2],"rotation":{"angle":22.5,"axis":"x","origin":[3.75,20,7.2]},"faces":{"north":{"uv":[0,0,0,4],"texture":"#1"},"east":{"uv":[4,0,8,4],"texture":"#1"},"south":{"uv":[0,0,0,4],"texture":"#1"},"west":{"uv":[4,0,8,4],"texture":"#1"},"up":{"uv":[0,0,6,0],"rotation":270,"texture":"#1"},"down":{"uv":[0,0,6,0],"rotation":90,"texture":"#1"}}},{"from":[3.75,16,3.2],"to":[3.75,24,11.2],"rotation":{"angle":0,"axis":"y","origin":[3.75,18,9.2]},"faces":{"north":{"uv":[0,0,0,4],"texture":"#1"},"east":{"uv":[0,0,4,4],"texture":"#1"},"south":{"uv":[0,0,0,4],"texture":"#1"},"west":{"uv":[0,0,4,4],"texture":"#1"},"up":{"uv":[0,0,6,0],"rotation":270,"texture":"#1"},"down":{"uv":[0,0,6,0],"rotation":90,"texture":"#1"}}},{"from":[13.75,16,3.2],"to":[13.75,24,11.2],"rotation":{"angle":0,"axis":"y","origin":[13.75,18,9.2]},"faces":{"north":{"uv":[0,0,0,4],"texture":"#1"},"east":{"uv":[4,0,0,4],"texture":"#1"},"south":{"uv":[0,0,0,4],"texture":"#1"},"west":{"uv":[4,0,0,4],"texture":"#1"},"up":{"uv":[0,0,6,0],"rotation":270,"texture":"#1"},"down":{"uv":[0,0,6,0],"rotation":90,"texture":"#1"}}},{"from":[13.75,16,3.2],"to":[13.75,24,11.2],"rotation":{"angle":22.5,"axis":"x","origin":[13.75,20,7.2]},"faces":{"north":{"uv":[0,0,0,4],"texture":"#1"},"east":{"uv":[8,0,4,4],"texture":"#1"},"south":{"uv":[0,0,0,4],"texture":"#1"},"west":{"uv":[8,0,4,4],"texture":"#1"},"up":{"uv":[0,0,6,0],"rotation":270,"texture":"#1"},"down":{"uv":[0,0,6,0],"rotation":90,"texture":"#1"}}},{"from":[13.75,16,3.2],"to":[13.75,24,11.2],"rotation":{"angle":-45,"axis":"x","origin":[13.75,20,7.2]},"faces":{"north":{"uv":[0,0,6,0],"rotation":270,"texture":"#1"},"east":{"uv":[0,8,4,4],"rotation":90,"texture":"#1"},"south":{"uv":[0,0,6,0],"rotation":270,"texture":"#1"},"west":{"uv":[0,8,4,4],"rotation":270,"texture":"#1"},"up":{"uv":[0,0,0,4],"rotation":180,"texture":"#1"},"down":{"uv":[0,0,0,4],"texture":"#1"}}},{"from":[13.75,16,3.2],"to":[13.75,24,11.2],"rotation":{"angle":-22.5,"axis":"x","origin":[13.75,20,7.2]},"faces":{"north":{"uv":[0,0,6,0],"rotation":270,"texture":"#1"},"east":{"uv":[4,8,8,4],"rotation":90,"texture":"#1"},"south":{"uv":[0,0,6,0],"rotation":270,"texture":"#1"},"west":{"uv":[4,8,8,4],"rotation":270,"texture":"#1"},"up":{"uv":[0,0,0,4],"rotation":180,"texture":"#1"},"down":{"uv":[0,0,0,4],"texture":"#1"}}},{"from":[12.75,16,3.2],"to":[12.75,24,11.2],"rotation":{"angle":-22.5,"axis":"x","origin":[12.75,20,7.2]},"faces":{"north":{"uv":[8,8,14,8],"rotation":270,"texture":"#1"},"east":{"uv":[12,16,16,12],"rotation":90,"texture":"#1"},"south":{"uv":[8,8,14,8],"rotation":270,"texture":"#1"},"west":{"uv":[12,16,16,12],"rotation":270,"texture":"#1"},"up":{"uv":[8,8,8,12],"rotation":180,"texture":"#1"},"down":{"uv":[8,8,8,12],"texture":"#1"}}},{"from":[12.75,16,3.2],"to":[12.75,24,11.2],"rotation":{"angle":-45,"axis":"x","origin":[12.75,20,7.2]},"faces":{"north":{"uv":[8,8,14,8],"rotation":270,"texture":"#1"},"east":{"uv":[8,16,12,12],"rotation":90,"texture":"#1"},"south":{"uv":[8,8,14,8],"rotation":270,"texture":"#1"},"west":{"uv":[8,16,12,12],"rotation":270,"texture":"#1"},"up":{"uv":[8,8,8,12],"rotation":180,"texture":"#1"},"down":{"uv":[8,8,8,12],"texture":"#1"}}},{"from":[12.75,16,3.2],"to":[12.75,24,11.2],"rotation":{"angle":22.5,"axis":"x","origin":[12.75,20,7.2]},"faces":{"north":{"uv":[8,8,8,12],"texture":"#1"},"east":{"uv":[16,8,12,12],"texture":"#1"},"south":{"uv":[8,8,8,12],"texture":"#1"},"west":{"uv":[16,8,12,12],"texture":"#1"},"up":{"uv":[8,8,14,8],"rotation":270,"texture":"#1"},"down":{"uv":[8,8,14,8],"rotation":90,"texture":"#1"}}},{"from":[12.75,16,3.2],"to":[12.75,24,11.2],"rotation":{"angle":0,"axis":"y","origin":[12.75,18,9.2]},"faces":{"north":{"uv":[8,8,8,12],"texture":"#1"},"east":{"uv":[12,8,8,12],"texture":"#1"},"south":{"uv":[8,8,8,12],"texture":"#1"},"west":{"uv":[12,8,8,12],"texture":"#1"},"up":{"uv":[8,8,14,8],"rotation":270,"texture":"#1"},"down":{"uv":[8,8,14,8],"rotation":90,"texture":"#1"}}},{"from":[7.75,2,6.25],"to":[9.75,8,8.25],"rotation":{"angle":0,"axis":"y","origin":[8.5,8,11.25]},"faces":{"north":{"uv":[10.25,13,9.25,16],"texture":"#0"},"east":{"uv":[11.25,13,10.25,16],"texture":"#0"},"south":{"uv":[10.25,13,9.25,16],"texture":"#0"},"west":{"uv":[11.25,16,10.25,13],"rotation":180,"texture":"#0"},"up":{"uv":[9,0,10,1],"rotation":270,"texture":"#0"},"down":{"uv":[9,1,10,0],"rotation":90,"texture":"#0"}}},{"from":[7.75,-10,6.25],"to":[9.75,-4,8.25],"rotation":{"angle":0,"axis":"y","origin":[8.5,-10,11.25]},"faces":{"north":{"uv":[10.25,13,9.25,16],"texture":"#0"},"east":{"uv":[11.25,13,10.25,16],"texture":"#0"},"south":{"uv":[10.25,13,9.25,16],"texture":"#0"},"west":{"uv":[11.25,16,10.25,13],"rotation":180,"texture":"#0"},"up":{"uv":[9,0,10,1],"rotation":270,"texture":"#0"},"down":{"uv":[9,1,10,0],"rotation":90,"texture":"#0"}}},{"from":[6.60935,5.12471,6.25],"to":[8.60935,11.12471,8.25],"rotation":{"angle":22.5,"axis":"z","origin":[8.75,7.65224,7.25]},"faces":{"north":{"uv":[1,13,0,16],"texture":"#0"},"east":{"uv":[1,13,2,16],"texture":"#0"},"south":{"uv":[0,13,1,16],"texture":"#0"},"west":{"uv":[2,13,1,16],"texture":"#0"},"up":{"uv":[0,12,1,13],"texture":"#0"},"down":{"uv":[0,12,1,13],"texture":"#0"}}},{"from":[6.75,9.5,5.25],"to":[10.75,11.5,9.25],"rotation":{"angle":0,"axis":"y","origin":[0.75,16.5,15.25]},"faces":{"north":{"uv":[2,15,4,16],"texture":"#0"},"east":{"uv":[2,15,4,16],"texture":"#0"},"south":{"uv":[2,15,4,16],"texture":"#0"},"west":{"uv":[2,15,4,16],"texture":"#0"},"up":{"uv":[2,13,4,15],"rotation":270,"texture":"#0"},"down":{"uv":[4.25,14,6.25,16],"rotation":90,"texture":"#0"}}},{"from":[7.25,-12,5.75],"to":[10.25,-10,8.75],"rotation":{"angle":0,"axis":"y","origin":[0.75,10,15.25]},"faces":{"north":{"uv":[11.5,0,13,1],"texture":"#0"},"east":{"uv":[13,0,14.5,1],"texture":"#0"},"south":{"uv":[11.5,0,13,1],"texture":"#0"},"west":{"uv":[13,0,14.5,1],"texture":"#0"},"up":{"uv":[14.5,0,16,1.5],"rotation":270,"texture":"#0"},"down":{"uv":[10.75,4.25,12.25,5.75],"rotation":90,"texture":"#0"}}},{"from":[8.89065,5.12471,6.25],"to":[10.89065,11.12471,8.25],"rotation":{"angle":-22.5,"axis":"z","origin":[8.75,7.65224,7.25]},"faces":{"north":{"uv":[0,13,1,16],"texture":"#0"},"east":{"uv":[2,13,1,16],"texture":"#0"},"south":{"uv":[1,13,0,16],"texture":"#0"},"west":{"uv":[2,13,1,16],"texture":"#0"},"up":{"uv":[1,12,0,13],"texture":"#0"},"down":{"uv":[1,12,0,13],"texture":"#0"}}},{"from":[7.75,5.12471,5.10935],"to":[9.75,11.12471,7.10935],"rotation":{"angle":-22.5,"axis":"x","origin":[8.75,7.65224,7.25]},"faces":{"north":{"uv":[2,13,1,16],"texture":"#0"},"east":{"uv":[1,13,0,16],"texture":"#0"},"south":{"uv":[1,13,2,16],"texture":"#0"},"west":{"uv":[0,13,1,16],"texture":"#0"},"up":{"uv":[0,12,1,13],"rotation":90,"texture":"#0"},"down":{"uv":[0,12,1,13],"rotation":270,"texture":"#0"}}},{"from":[7.75,5.12471,7.39065],"to":[9.75,11.12471,9.39065],"rotation":{"angle":22.5,"axis":"x","origin":[8.75,7.65224,7.25]},"faces":{"north":{"uv":[2,13,1,16],"texture":"#0"},"east":{"uv":[0,13,1,16],"texture":"#0"},"south":{"uv":[2,13,1,16],"texture":"#0"},"west":{"uv":[1,13,0,16],"texture":"#0"},"up":{"uv":[1,12,0,13],"rotation":90,"texture":"#0"},"down":{"uv":[1,12,0,13],"rotation":270,"texture":"#0"}}},{"from":[7.75,-4,6.25],"to":[9.75,2,8.25],"rotation":{"angle":0,"axis":"y","origin":[8.5,30,11.25]},"faces":{"north":{"uv":[10.25,16,9.25,13],"texture":"#0"},"east":{"uv":[11.25,16,10.25,13],"texture":"#0"},"south":{"uv":[10.25,16,9.25,13],"texture":"#0"},"west":{"uv":[11.25,13,10.25,16],"rotation":180,"texture":"#0"},"up":{"uv":[9,0,10,1],"rotation":270,"texture":"#0"},"down":{"uv":[9,1,10,0],"rotation":90,"texture":"#0"}}}],"gui_light":"front","display":{"thirdperson_righthand":{"translation":[0,4.5,1.5],"scale":[0.65,0.65,0.65]},"thirdperson_lefthand":{"translation":[0,4.5,1.5],"scale":[0.65,0.65,0.65]},"firstperson_righthand":{"rotation":[-12,15,3],"translation":[4.75,1.25,-2.25],"scale":[0.66992,0.66992,0.66992]},"firstperson_lefthand":{"rotation":[-12,15,3],"translation":[4.75,1.25,-2.25],"scale":[0.66992,0.66992,0.66992]},"ground":{"rotation":[0,0,90],"translation":[1.25,0.25,0],"scale":[0.5,0.5,0.5]},"gui":{"rotation":[106,125,-90],"translation":[1.25,0.25,-1.25],"scale":[0.43024,0.43024,0.43024]},"head":{"rotation":[90,-168,90],"translation":[-0.5,11.75,0],"scale":[0.56,0.56,0.56]},"fixed":{"rotation":[0,90,0],"translation":[1.75,-0.5,-2.25],"scale":[1.18055,1.18055,1.18055]}}}