{"credit":"Made with Blockbench","texture_size":[32,32],"textures":{"0":"elitecreatures:gamer_girl_animated/balloontex","1":"elitecreatures:gamer_girl_animated/square","particle":"elitecreatures:gamer_girl_animated/balloontex"},"elements":[{"from":[6,1,8],"to":[10,14,8],"rotation":{"angle":0,"axis":"y","origin":[16,0,0]},"faces":{"north":{"uv":[8,0,6,6.5],"texture":"#0"},"east":{"uv":[0,0,0,3.25],"texture":"#0"},"south":{"uv":[6,0,8,6.5],"texture":"#0"},"west":{"uv":[0,0,0,3.25],"texture":"#0"},"up":{"uv":[1,0,0,0],"texture":"#0"},"down":{"uv":[1,0,0,0],"texture":"#0"}}},{"from":[6,-12,8],"to":[10,1,8],"rotation":{"angle":0,"axis":"y","origin":[16,16,0]},"faces":{"north":{"uv":[6,6.5,8,0],"texture":"#0"},"east":{"uv":[0,3.25,0,0],"texture":"#0"},"south":{"uv":[8,6.5,6,0],"texture":"#0"},"west":{"uv":[0,3.25,0,0],"texture":"#0"},"up":{"uv":[1,0,0,0],"texture":"#0"},"down":{"uv":[1,0,0,0],"texture":"#0"}}},{"from":[2,16,2],"to":[14,29,14],"faces":{"north":{"uv":[0,6,6,12.5],"texture":"#0"},"east":{"uv":[0,6,6,12.5],"texture":"#0"},"south":{"uv":[0,6,6,12.5],"texture":"#0"},"west":{"uv":[0,6,6,12.5],"texture":"#0"},"up":{"uv":[6,6,0,0],"texture":"#0"},"down":{"uv":[6,0,0,6],"texture":"#0"}}},{"from":[6,6,-1],"to":[6,20,9],"rotation":{"angle":45,"axis":"y","origin":[2,10,8]},"faces":{"north":{"uv":[0,0,0,3.5],"texture":"#0"},"east":{"uv":[16,0,11,7],"texture":"#0"},"south":{"uv":[0,0,0,3.5],"texture":"#0"},"west":{"uv":[11,0,16,7],"texture":"#0"},"up":{"uv":[0,0,2.5,0],"rotation":90,"texture":"#0"},"down":{"uv":[0,0,2.5,0],"rotation":270,"texture":"#0"}}},{"from":[4.35,12.9,4],"to":[12.35,12.9,12],"rotation":{"angle":0,"axis":"y","origin":[6.35,12.9,6]},"faces":{"north":{"uv":[8,8,14,8],"rotation":180,"texture":"#1"},"east":{"uv":[8,8,8,12],"rotation":270,"texture":"#1"},"south":{"uv":[8,8,14,8],"texture":"#1"},"west":{"uv":[8,8,8,12],"rotation":90,"texture":"#1"},"up":{"uv":[12,8,8,12],"rotation":180,"texture":"#1"},"down":{"uv":[12,8,8,12],"texture":"#1"}}},{"from":[4.35,12.9,4],"to":[12.35,12.9,12],"rotation":{"angle":-22.5,"axis":"y","origin":[8.35,12.9,8]},"faces":{"north":{"uv":[8,8,14,8],"rotation":180,"texture":"#1"},"east":{"uv":[8,8,8,12],"rotation":270,"texture":"#1"},"south":{"uv":[8,8,14,8],"texture":"#1"},"west":{"uv":[8,8,8,12],"rotation":90,"texture":"#1"},"up":{"uv":[16,8,12,12],"rotation":180,"texture":"#1"},"down":{"uv":[16,8,12,12],"texture":"#1"}}},{"from":[4.35,12.9,4],"to":[12.35,12.9,12],"rotation":{"angle":45,"axis":"y","origin":[8.35,12.9,8]},"faces":{"north":{"uv":[8,8,8,12],"rotation":90,"texture":"#1"},"east":{"uv":[8,8,14,8],"rotation":180,"texture":"#1"},"south":{"uv":[8,8,8,12],"rotation":270,"texture":"#1"},"west":{"uv":[8,8,14,8],"texture":"#1"},"up":{"uv":[8,16,12,12],"rotation":90,"texture":"#1"},"down":{"uv":[8,16,12,12],"rotation":90,"texture":"#1"}}},{"from":[4.35,12.9,4],"to":[12.35,12.9,12],"rotation":{"angle":22.5,"axis":"y","origin":[8.35,12.9,8]},"faces":{"north":{"uv":[8,8,8,12],"rotation":90,"texture":"#1"},"east":{"uv":[8,8,14,8],"rotation":180,"texture":"#1"},"south":{"uv":[8,8,8,12],"rotation":270,"texture":"#1"},"west":{"uv":[8,8,14,8],"texture":"#1"},"up":{"uv":[12,16,16,12],"rotation":90,"texture":"#1"},"down":{"uv":[12,16,16,12],"rotation":90,"texture":"#1"}}},{"from":[4.35,11.9,4],"to":[12.35,11.9,12],"rotation":{"angle":22.5,"axis":"y","origin":[8.35,11.9,8]},"faces":{"north":{"uv":[0,0,0,4],"rotation":90,"texture":"#1"},"east":{"uv":[0,0,6,0],"rotation":180,"texture":"#1"},"south":{"uv":[0,0,0,4],"rotation":270,"texture":"#1"},"west":{"uv":[0,0,6,0],"texture":"#1"},"up":{"uv":[4,8,8,4],"rotation":90,"texture":"#1"},"down":{"uv":[4,8,8,4],"rotation":90,"texture":"#1"}}},{"from":[4.35,11.9,4],"to":[12.35,11.9,12],"rotation":{"angle":45,"axis":"y","origin":[8.35,11.9,8]},"faces":{"north":{"uv":[0,0,0,4],"rotation":90,"texture":"#1"},"east":{"uv":[0,0,6,0],"rotation":180,"texture":"#1"},"south":{"uv":[0,0,0,4],"rotation":270,"texture":"#1"},"west":{"uv":[0,0,6,0],"texture":"#1"},"up":{"uv":[0,8,4,4],"rotation":90,"texture":"#1"},"down":{"uv":[0,8,4,4],"rotation":90,"texture":"#1"}}},{"from":[4.35,11.9,4],"to":[12.35,11.9,12],"rotation":{"angle":-22.5,"axis":"y","origin":[8.35,11.9,8]},"faces":{"north":{"uv":[0,0,6,0],"rotation":180,"texture":"#1"},"east":{"uv":[0,0,0,4],"rotation":270,"texture":"#1"},"south":{"uv":[0,0,6,0],"texture":"#1"},"west":{"uv":[0,0,0,4],"rotation":90,"texture":"#1"},"up":{"uv":[8,0,4,4],"rotation":180,"texture":"#1"},"down":{"uv":[8,0,4,4],"texture":"#1"}}},{"from":[4.35,11.9,4],"to":[12.35,11.9,12],"rotation":{"angle":0,"axis":"y","origin":[6.35,11.9,6]},"faces":{"north":{"uv":[0,0,6,0],"rotation":180,"texture":"#1"},"east":{"uv":[0,0,0,4],"rotation":270,"texture":"#1"},"south":{"uv":[0,0,6,0],"texture":"#1"},"west":{"uv":[0,0,0,4],"rotation":90,"texture":"#1"},"up":{"uv":[4,0,0,4],"rotation":180,"texture":"#1"},"down":{"uv":[4,0,0,4],"texture":"#1"}}},{"from":[3.95,31.1,4],"to":[11.95,31.1,12],"rotation":{"angle":0,"axis":"y","origin":[5.95,31.1,6]},"faces":{"north":{"uv":[0,0,6,0],"rotation":180,"texture":"#1"},"east":{"uv":[0,0,0,4],"rotation":270,"texture":"#1"},"south":{"uv":[0,0,6,0],"texture":"#1"},"west":{"uv":[0,0,0,4],"rotation":90,"texture":"#1"},"up":{"uv":[4,4,0,0],"texture":"#1"},"down":{"uv":[4,4,0,0],"rotation":180,"texture":"#1"}}},{"from":[3.95,31.1,4],"to":[11.95,31.1,12],"rotation":{"angle":-22.5,"axis":"y","origin":[7.95,31.1,8]},"faces":{"north":{"uv":[0,0,6,0],"rotation":180,"texture":"#1"},"east":{"uv":[0,0,0,4],"rotation":270,"texture":"#1"},"south":{"uv":[0,0,6,0],"texture":"#1"},"west":{"uv":[0,0,0,4],"rotation":90,"texture":"#1"},"up":{"uv":[8,4,4,0],"texture":"#1"},"down":{"uv":[8,4,4,0],"rotation":180,"texture":"#1"}}},{"from":[3.95,31.1,4],"to":[11.95,31.1,12],"rotation":{"angle":45,"axis":"y","origin":[7.95,31.1,8]},"faces":{"north":{"uv":[0,0,0,4],"rotation":90,"texture":"#1"},"east":{"uv":[0,0,6,0],"rotation":180,"texture":"#1"},"south":{"uv":[0,0,0,4],"rotation":270,"texture":"#1"},"west":{"uv":[0,0,6,0],"texture":"#1"},"up":{"uv":[4,8,0,4],"rotation":90,"texture":"#1"},"down":{"uv":[4,8,0,4],"rotation":90,"texture":"#1"}}},{"from":[3.95,31.1,4],"to":[11.95,31.1,12],"rotation":{"angle":22.5,"axis":"y","origin":[7.95,31.1,8]},"faces":{"north":{"uv":[0,0,0,4],"rotation":90,"texture":"#1"},"east":{"uv":[0,0,6,0],"rotation":180,"texture":"#1"},"south":{"uv":[0,0,0,4],"rotation":270,"texture":"#1"},"west":{"uv":[0,0,6,0],"texture":"#1"},"up":{"uv":[8,8,4,4],"rotation":90,"texture":"#1"},"down":{"uv":[8,8,4,4],"rotation":90,"texture":"#1"}}},{"from":[3.95,30.1,4],"to":[11.95,30.1,12],"rotation":{"angle":22.5,"axis":"y","origin":[7.95,30.1,8]},"faces":{"north":{"uv":[8,8,8,12],"rotation":90,"texture":"#1"},"east":{"uv":[8,8,14,8],"rotation":180,"texture":"#1"},"south":{"uv":[8,8,8,12],"rotation":270,"texture":"#1"},"west":{"uv":[8,8,14,8],"texture":"#1"},"up":{"uv":[16,16,12,12],"rotation":90,"texture":"#1"},"down":{"uv":[16,16,12,12],"rotation":90,"texture":"#1"}}},{"from":[3.95,30.1,4],"to":[11.95,30.1,12],"rotation":{"angle":45,"axis":"y","origin":[7.95,30.1,8]},"faces":{"north":{"uv":[8,8,8,12],"rotation":90,"texture":"#1"},"east":{"uv":[8,8,14,8],"rotation":180,"texture":"#1"},"south":{"uv":[8,8,8,12],"rotation":270,"texture":"#1"},"west":{"uv":[8,8,14,8],"texture":"#1"},"up":{"uv":[12,16,8,12],"rotation":90,"texture":"#1"},"down":{"uv":[12,16,8,12],"rotation":90,"texture":"#1"}}},{"from":[3.95,30.1,4],"to":[11.95,30.1,12],"rotation":{"angle":-22.5,"axis":"y","origin":[7.95,30.1,8]},"faces":{"north":{"uv":[8,8,14,8],"rotation":180,"texture":"#1"},"east":{"uv":[8,8,8,12],"rotation":270,"texture":"#1"},"south":{"uv":[8,8,14,8],"texture":"#1"},"west":{"uv":[8,8,8,12],"rotation":90,"texture":"#1"},"up":{"uv":[16,12,12,8],"texture":"#1"},"down":{"uv":[16,12,12,8],"rotation":180,"texture":"#1"}}},{"from":[3.95,30.1,4],"to":[11.95,30.1,12],"rotation":{"angle":0,"axis":"y","origin":[5.95,30.1,6]},"faces":{"north":{"uv":[8,8,14,8],"rotation":180,"texture":"#1"},"east":{"uv":[8,8,8,12],"rotation":270,"texture":"#1"},"south":{"uv":[8,8,14,8],"texture":"#1"},"west":{"uv":[8,8,8,12],"rotation":90,"texture":"#1"},"up":{"uv":[12,12,8,8],"texture":"#1"},"down":{"uv":[12,12,8,8],"rotation":180,"texture":"#1"}}},{"from":[10,6,-1],"to":[10,20,9],"rotation":{"angle":-45,"axis":"y","origin":[14,10,8]},"faces":{"north":{"uv":[0,0,0,3.5],"texture":"#0"},"east":{"uv":[16,0,11,7],"texture":"#0"},"south":{"uv":[0,0,0,3.5],"texture":"#0"},"west":{"uv":[11,0,16,7],"texture":"#0"},"up":{"uv":[0,0,2.5,0],"rotation":90,"texture":"#0"},"down":{"uv":[0,0,2.5,0],"rotation":270,"texture":"#0"}}},{"from":[10,6,7],"to":[10,20,17],"rotation":{"angle":45,"axis":"y","origin":[14,10,8]},"faces":{"north":{"uv":[0,0,0,3.5],"texture":"#0"},"east":{"uv":[11,0,16,7],"texture":"#0"},"south":{"uv":[0,0,0,3.5],"texture":"#0"},"west":{"uv":[16,0,11,7],"texture":"#0"},"up":{"uv":[2.5,0,0,0],"rotation":90,"texture":"#0"},"down":{"uv":[2.5,0,0,0],"rotation":270,"texture":"#0"}}},{"from":[6,6,7],"to":[6,20,17],"rotation":{"angle":-45,"axis":"y","origin":[2,10,8]},"faces":{"north":{"uv":[0,0,0,3.5],"texture":"#0"},"east":{"uv":[11,0,16,7],"texture":"#0"},"south":{"uv":[0,0,0,3.5],"texture":"#0"},"west":{"uv":[16,0,11,7],"texture":"#0"},"up":{"uv":[2.5,0,0,0],"rotation":90,"texture":"#0"},"down":{"uv":[2.5,0,0,0],"rotation":270,"texture":"#0"}}},{"from":[1,18,1],"to":[2,27,2],"faces":{"north":{"uv":[7.75,8,8.25,12.5],"texture":"#0"},"east":{"uv":[7.25,8,7.75,12.5],"texture":"#0"},"south":{"uv":[7.25,12.5,7.75,8],"texture":"#0"},"west":{"uv":[8.25,8,7.75,12.5],"texture":"#0"},"up":{"uv":[6.5,8.5,7,9],"texture":"#0"},"down":{"uv":[6.5,8.5,7,9],"rotation":90,"texture":"#0"}}},{"from":[5.5,27.5,5.75],"to":[9.5,29.5,9.75],"rotation":{"angle":45,"axis":"y","origin":[8,3,7.25]},"faces":{"north":{"uv":[8.75,6.25,10.75,7.25],"rotation":180,"texture":"#0"},"east":{"uv":[10.75,8.25,8.75,7.25],"texture":"#0"},"south":{"uv":[8.75,8.25,10.75,7.25],"texture":"#0"},"west":{"uv":[8.75,6.25,10.75,7.25],"rotation":180,"texture":"#0"},"up":{"uv":[8.75,8.25,10.75,10.25],"rotation":180,"texture":"#0"},"down":{"uv":[8.75,10.25,10.75,8.25],"rotation":180,"texture":"#0"}}},{"from":[1.5,19,2],"to":[2,26,4],"faces":{"north":{"uv":[6,9,6.25,12.5],"texture":"#0"},"east":{"uv":[6.25,9,7.25,12.5],"texture":"#0"},"south":{"uv":[6,9,6.25,12.5],"texture":"#0"},"west":{"uv":[6.25,9,7.25,12.5],"texture":"#0"},"up":{"uv":[6,8,6.25,9],"texture":"#0"},"down":{"uv":[6.25,8,6.5,9],"rotation":180,"texture":"#0"}}},{"from":[2,19,1.5],"to":[4,26,2],"faces":{"north":{"uv":[7.25,9,6.25,12.5],"texture":"#0"},"east":{"uv":[6,9,6.25,12.5],"texture":"#0"},"south":{"uv":[6.25,9,7.25,12.5],"texture":"#0"},"west":{"uv":[6,9,6.25,12.5],"texture":"#0"},"up":{"uv":[6,9,6.25,8],"rotation":90,"texture":"#0"},"down":{"uv":[6.25,8,6.5,9],"rotation":270,"texture":"#0"}}},{"from":[1,18,14],"to":[2,27,15],"rotation":{"angle":0,"axis":"y","origin":[0,0,16]},"faces":{"north":{"uv":[7.75,8,7.25,12.5],"texture":"#0"},"east":{"uv":[7.75,8,7.25,12.5],"texture":"#0"},"south":{"uv":[8.25,8,7.75,12.5],"texture":"#0"},"west":{"uv":[7.75,8,8.25,12.5],"texture":"#0"},"up":{"uv":[6.5,9,7,8.5],"texture":"#0"},"down":{"uv":[7,8.5,6.5,9],"rotation":90,"texture":"#0"}}},{"from":[1.5,19,12],"to":[2,26,14],"rotation":{"angle":0,"axis":"y","origin":[0,0,16]},"faces":{"north":{"uv":[6.25,9,6,12.5],"texture":"#0"},"east":{"uv":[7.25,9,6.25,12.5],"texture":"#0"},"south":{"uv":[6.25,9,6,12.5],"texture":"#0"},"west":{"uv":[7.25,9,6.25,12.5],"texture":"#0"},"up":{"uv":[6,9,6.25,8],"texture":"#0"},"down":{"uv":[6.25,9,6.5,8],"rotation":180,"texture":"#0"}}},{"from":[2,19,14],"to":[4,26,14.5],"rotation":{"angle":0,"axis":"y","origin":[0,0,16]},"faces":{"north":{"uv":[7.25,9,6.25,12.5],"texture":"#0"},"east":{"uv":[6.25,9,6,12.5],"texture":"#0"},"south":{"uv":[6.25,9,7.25,12.5],"texture":"#0"},"west":{"uv":[6.25,9,6,12.5],"texture":"#0"},"up":{"uv":[6.25,9,6,8],"rotation":90,"texture":"#0"},"down":{"uv":[6.5,8,6.25,9],"rotation":270,"texture":"#0"}}},{"from":[12,19,14],"to":[14,26,14.5],"rotation":{"angle":0,"axis":"y","origin":[16,0,16]},"faces":{"north":{"uv":[6.25,9,7.25,12.5],"texture":"#0"},"east":{"uv":[6,9,6.25,12.5],"texture":"#0"},"south":{"uv":[7.25,9,6.25,12.5],"texture":"#0"},"west":{"uv":[6,9,6.25,12.5],"texture":"#0"},"up":{"uv":[6.25,8,6,9],"rotation":90,"texture":"#0"},"down":{"uv":[6.5,9,6.25,8],"rotation":270,"texture":"#0"}}},{"from":[14,18,14],"to":[15,27,15],"rotation":{"angle":0,"axis":"y","origin":[16,0,16]},"faces":{"north":{"uv":[7.25,8,7.75,12.5],"texture":"#0"},"east":{"uv":[8.25,8,7.75,12.5],"texture":"#0"},"south":{"uv":[7.75,8,8.25,12.5],"texture":"#0"},"west":{"uv":[7.25,8,7.75,12.5],"texture":"#0"},"up":{"uv":[7,9,6.5,8.5],"texture":"#0"},"down":{"uv":[7,9,6.5,8.5],"rotation":90,"texture":"#0"}}},{"from":[14,19,12],"to":[14.5,26,14],"rotation":{"angle":0,"axis":"y","origin":[16,0,16]},"faces":{"north":{"uv":[6,9,6.25,12.5],"texture":"#0"},"east":{"uv":[6.25,9,7.25,12.5],"texture":"#0"},"south":{"uv":[6,9,6.25,12.5],"texture":"#0"},"west":{"uv":[6.25,9,7.25,12.5],"texture":"#0"},"up":{"uv":[6.25,9,6,8],"texture":"#0"},"down":{"uv":[6.5,9,6.25,8],"rotation":180,"texture":"#0"}}},{"from":[12,19,1.5],"to":[14,26,2],"rotation":{"angle":0,"axis":"y","origin":[16,0,0]},"faces":{"north":{"uv":[6.25,9,7.25,12.5],"texture":"#0"},"east":{"uv":[6.25,9,6,12.5],"texture":"#0"},"south":{"uv":[7.25,9,6.25,12.5],"texture":"#0"},"west":{"uv":[6.25,9,6,12.5],"texture":"#0"},"up":{"uv":[6,8,6.25,9],"rotation":90,"texture":"#0"},"down":{"uv":[6.25,9,6.5,8],"rotation":270,"texture":"#0"}}},{"from":[14,18,1],"to":[15,27,2],"rotation":{"angle":0,"axis":"y","origin":[16,0,0]},"faces":{"north":{"uv":[8.25,8,7.75,12.5],"texture":"#0"},"east":{"uv":[7.75,8,8.25,12.5],"texture":"#0"},"south":{"uv":[7.75,8,7.25,12.5],"texture":"#0"},"west":{"uv":[7.75,8,7.25,12.5],"texture":"#0"},"up":{"uv":[7,8.5,6.5,9],"texture":"#0"},"down":{"uv":[6.5,9,7,8.5],"rotation":90,"texture":"#0"}}},{"from":[14,19,2],"to":[14.5,26,4],"rotation":{"angle":0,"axis":"y","origin":[16,0,0]},"faces":{"north":{"uv":[6.25,9,6,12.5],"texture":"#0"},"east":{"uv":[7.25,9,6.25,12.5],"texture":"#0"},"south":{"uv":[6.25,9,6,12.5],"texture":"#0"},"west":{"uv":[7.25,9,6.25,12.5],"texture":"#0"},"up":{"uv":[6.25,8,6,9],"texture":"#0"},"down":{"uv":[6.5,8,6.25,9],"rotation":180,"texture":"#0"}}},{"from":[3.8,14,9.8],"to":[8.8,16,14.8],"rotation":{"angle":45,"axis":"y","origin":[2,-2.5,8]},"faces":{"north":{"uv":[8.5,15,11,16],"texture":"#0"},"east":{"uv":[11,15,8.5,16],"texture":"#0"},"south":{"uv":[8.5,15,11,16],"texture":"#0"},"west":{"uv":[11,15,8.5,16],"texture":"#0"},"up":{"uv":[13.5,12.75,16,15.25],"rotation":90,"texture":"#0"},"down":{"uv":[13.5,10.25,16,12.75],"rotation":270,"texture":"#0"}}}],"gui_light":"front","display":{"thirdperson_righthand":{"rotation":[-125,55,-160],"translation":[2.25,3,12.75],"scale":[0.7,0.7,0.7]},"thirdperson_lefthand":{"rotation":[-125,-119,160],"translation":[2.25,3,12.75],"scale":[0.7,0.7,0.7]},"firstperson_righthand":{"rotation":[0,-150,0],"translation":[0.5,4.25,0.5],"scale":[0.5,0.5,0.5]},"firstperson_lefthand":{"rotation":[0,30,0],"translation":[0.5,4.25,0.5],"scale":[0.5,0.5,0.5]},"ground":{"translation":[0,9.75,0],"scale":[0.5,0.5,0.5]},"gui":{"rotation":[11,-9,0],"translation":[0,-0.5,-2],"scale":[0.35313,0.35313,0.35313]},"head":{"translation":[0,20.5,4.75],"scale":[0.7,0.7,0.7]},"fixed":{"rotation":[0,0,44],"translation":[1.25,-1,0.5],"scale":[1.2168,1.2168,1.2168]}}}