{"credit":"Made with Blockbench","texture_size":[32,32],"textures":{"0":"elitecreatures:gamer_girl_animated/chesttex","1":"elitecreatures:gamer_girl_animated/boxs","2":"elitecreatures:gamer_girl_animated/square","particle":"elitecreatures:gamer_girl_animated/chesttex"},"elements":[{"from":[-14,2,8],"to":[0,16,8],"faces":{"north":{"uv":[0,16,14,2],"texture":"#1"},"east":{"uv":[0,0,0,16],"texture":"#1"},"south":{"uv":[14,16,0,2],"texture":"#1"},"west":{"uv":[0,0,0,16],"texture":"#1"},"up":{"uv":[0,0,4.5,0],"texture":"#1"},"down":{"uv":[0,0,4.5,0],"texture":"#1"}}},{"from":[2,4,2],"to":[14,12,14],"rotation":{"angle":0,"axis":"y","origin":[16,5.5,8]},"faces":{"north":{"uv":[0,14,3,16],"texture":"#0"},"east":{"uv":[0,12,3,14],"texture":"#0"},"south":{"uv":[0,14,3,16],"texture":"#0"},"west":{"uv":[0,12,3,14],"texture":"#0"},"up":{"uv":[6,16,3,13],"rotation":90,"texture":"#0"},"down":{"uv":[6,13,3,16],"rotation":270,"texture":"#0"}}},{"from":[1,0.1,1],"to":[15,4,15],"rotation":{"angle":0,"axis":"y","origin":[16,5.5,8]},"faces":{"north":{"uv":[3,15,6.5,16],"texture":"#0"},"east":{"uv":[6.5,14,3,15],"texture":"#0"},"south":{"uv":[3,15,6.5,16],"texture":"#0"},"west":{"uv":[6.5,14,3,15],"texture":"#0"},"up":{"uv":[6.5,7,3,10.5],"texture":"#0"},"down":{"uv":[6.5,10.5,3,14],"texture":"#0"}}},{"from":[1,5,12],"to":[4,6,15],"rotation":{"angle":0,"axis":"y","origin":[16,5.5,8]},"faces":{"north":{"uv":[7.125,10.5,7.875,10.75],"texture":"#0"},"east":{"uv":[7,9.5,7.75,9.75],"texture":"#0"},"south":{"uv":[7.125,10.5,7.875,10.75],"texture":"#0"},"west":{"uv":[7,9.5,7.75,9.75],"texture":"#0"},"up":{"uv":[7.875,10.5,7.125,9.75],"rotation":90,"texture":"#0"},"down":{"uv":[7.875,9.75,7.125,10.5],"rotation":270,"texture":"#0"}}},{"from":[1,12,1],"to":[15,15,15],"rotation":{"angle":0,"axis":"y","origin":[16,5.5,8]},"faces":{"north":{"uv":[12.5,4.25,16,5],"texture":"#0"},"east":{"uv":[16,3.5,12.5,4.25],"texture":"#0"},"south":{"uv":[12.5,4.25,16,5],"texture":"#0"},"west":{"uv":[16,3.5,12.5,4.25],"texture":"#0"},"up":{"uv":[12.5,3.5,9,0],"rotation":90,"texture":"#0"},"down":{"uv":[16,0,12.5,3.5],"rotation":270,"texture":"#0"}}},{"from":[-1.75,2.25,13.5],"to":[3.25,7.25,15.5],"rotation":{"angle":-45,"axis":"z","origin":[8,-2.5,2]},"faces":{"north":{"uv":[11.25,14.25,12.5,15.5],"rotation":180,"texture":"#0"},"east":{"uv":[8.75,15.375,10,15.875],"rotation":90,"texture":"#0"},"south":{"uv":[11.25,13,12.5,14.25],"texture":"#0"},"west":{"uv":[10,15.375,11.25,15.875],"rotation":270,"texture":"#0"},"up":{"uv":[11.25,15.375,10,15.875],"texture":"#0"},"down":{"uv":[10,15.375,8.75,15.875],"rotation":180,"texture":"#0"}}},{"from":[6,11.5,0.5],"to":[10,15.5,15.5],"rotation":{"angle":0,"axis":"y","origin":[16,5.5,8]},"faces":{"north":{"uv":[0,7.25,1,8.25],"texture":"#0"},"east":{"uv":[0,12,1,8.25],"rotation":90,"texture":"#0"},"south":{"uv":[1,7.25,0,8.25],"texture":"#0"},"west":{"uv":[0,12,1,8.25],"rotation":90,"texture":"#0"},"up":{"uv":[2,12,3,8.25],"rotation":180,"texture":"#0"},"down":{"uv":[1,12,2,8.25],"rotation":180,"texture":"#0"}}},{"from":[0.25,7.12893,11.07107],"to":[1.75,8.12893,17.07107],"rotation":{"angle":45,"axis":"x","origin":[1,15,5]},"faces":{"north":{"uv":[10.375,8.75,10,8.5],"texture":"#0"},"east":{"uv":[13.625,13.875,15.125,13.625],"texture":"#0"},"south":{"uv":[10,8.75,10.375,8.5],"texture":"#0"},"west":{"uv":[13.625,13.625,15.125,13.375],"texture":"#0"},"up":{"uv":[15.125,13.875,13.625,14.25],"rotation":90,"texture":"#0"},"down":{"uv":[15.125,14.875,15.5,13.375],"texture":"#0"}}},{"from":[0.25,4.2,6.9],"to":[1.75,5.2,11.9],"rotation":{"angle":-45,"axis":"x","origin":[1,5,10.9]},"faces":{"north":{"uv":[13.125,10.25,13.5,10],"texture":"#0"},"east":{"uv":[10.5,8.75,10.25,10],"rotation":90,"texture":"#0"},"south":{"uv":[13.125,10.25,13.5,10],"texture":"#0"},"west":{"uv":[10.25,8.75,10,10],"rotation":90,"texture":"#0"},"up":{"uv":[10.125,11.25,10.5,10],"texture":"#0"},"down":{"uv":[13.125,11.5,13.5,10.25],"texture":"#0"}}},{"from":[0,5.2,3.7],"to":[2,15.2,4.7],"rotation":{"angle":0,"axis":"y","origin":[1,5,5]},"faces":{"north":{"uv":[15.5,15.375,16,12.875],"rotation":180,"texture":"#0"},"east":{"uv":[15.5,15.125,13,15.375],"rotation":90,"texture":"#0"},"south":{"uv":[16,15.375,13.5,15.875],"rotation":90,"texture":"#0"},"west":{"uv":[15.5,14.875,13,15.125],"rotation":270,"texture":"#0"},"up":{"uv":[11.5,8.125,12,7.875],"texture":"#0"},"down":{"uv":[11.5,7.875,12,8.125],"texture":"#0"}}},{"from":[-6.3,13.45,3.725],"to":[-5.3,14.95,12.275],"rotation":{"angle":-22.5,"axis":"z","origin":[0.75,12,0]},"faces":{"north":{"uv":[12.375,8.125,12,7.875],"rotation":90,"texture":"#0"},"east":{"uv":[11.375,10.875,11,13],"rotation":90,"texture":"#0"},"south":{"uv":[12.375,7.875,12,8.125],"rotation":90,"texture":"#0"},"west":{"uv":[11.25,15.875,13.375,15.5],"texture":"#0"},"up":{"uv":[15.125,14.625,13,14.875],"rotation":90,"texture":"#0"},"down":{"uv":[15.125,14.375,13,14.625],"rotation":90,"texture":"#0"}}},{"from":[0,5.2,11.3],"to":[2,15.2,12.3],"rotation":{"angle":0,"axis":"y","origin":[1,5,11]},"faces":{"north":{"uv":[16,15.875,13.5,15.375],"rotation":90,"texture":"#0"},"east":{"uv":[15.5,15.375,13,15.125],"rotation":90,"texture":"#0"},"south":{"uv":[16,15.375,15.5,12.875],"rotation":180,"texture":"#0"},"west":{"uv":[15.5,15.125,13,14.875],"rotation":270,"texture":"#0"},"up":{"uv":[11.5,7.875,12,8.125],"texture":"#0"},"down":{"uv":[11.5,8.125,12,7.875],"texture":"#0"}}},{"from":[-4,13.2,3.725],"to":[2,15.2,4.675],"rotation":{"angle":-22.5,"axis":"z","origin":[2,15.2,5]},"faces":{"north":{"uv":[16,11.375,15.5,12.875],"rotation":90,"texture":"#0"},"east":{"uv":[16,11,15.5,11.375],"rotation":90,"texture":"#0"},"south":{"uv":[11,10,10.5,11.5],"rotation":90,"texture":"#0"},"west":{"uv":[16,11,15.5,11.25],"rotation":270,"texture":"#0"},"up":{"uv":[13.25,11.75,14.75,11.5],"rotation":180,"texture":"#0"},"down":{"uv":[12.5,12.125,14,11.875],"texture":"#0"}}},{"from":[-4,13.2,11.325],"to":[2,15.2,12.275],"rotation":{"angle":-22.5,"axis":"z","origin":[2,15.2,11]},"faces":{"north":{"uv":[11,11.5,10.5,10],"rotation":90,"texture":"#0"},"east":{"uv":[16,11.375,15.5,11],"rotation":90,"texture":"#0"},"south":{"uv":[16,12.875,15.5,11.375],"rotation":90,"texture":"#0"},"west":{"uv":[16,11.25,15.5,11],"rotation":270,"texture":"#0"},"up":{"uv":[13.25,11.5,14.75,11.75],"rotation":180,"texture":"#0"},"down":{"uv":[12.5,11.875,14,12.125],"texture":"#0"}}},{"from":[14,13.2,11.325],"to":[20,15.2,12.275],"rotation":{"angle":22.5,"axis":"z","origin":[14,15.2,11]},"faces":{"north":{"uv":[11,10,10.5,11.5],"rotation":90,"texture":"#0"},"east":{"uv":[16,11,15.5,11.25],"rotation":270,"texture":"#0"},"south":{"uv":[16,11.375,15.5,12.875],"rotation":90,"texture":"#0"},"west":{"uv":[16,11,15.5,11.375],"rotation":90,"texture":"#0"},"up":{"uv":[14.75,11.5,13.25,11.75],"rotation":180,"texture":"#0"},"down":{"uv":[14,11.875,12.5,12.125],"texture":"#0"}}},{"from":[14,13.2,3.725],"to":[20,15.2,4.675],"rotation":{"angle":22.5,"axis":"z","origin":[14,15.2,5]},"faces":{"north":{"uv":[16,12.875,15.5,11.375],"rotation":90,"texture":"#0"},"east":{"uv":[16,11.25,15.5,11],"rotation":270,"texture":"#0"},"south":{"uv":[11,11.5,10.5,10],"rotation":90,"texture":"#0"},"west":{"uv":[16,11.375,15.5,11],"rotation":90,"texture":"#0"},"up":{"uv":[14.75,11.75,13.25,11.5],"rotation":180,"texture":"#0"},"down":{"uv":[14,12.125,12.5,11.875],"texture":"#0"}}},{"from":[14,5.2,11.3],"to":[16,15.2,12.3],"rotation":{"angle":0,"axis":"y","origin":[15,5,11]},"faces":{"north":{"uv":[16,15.375,13.5,15.875],"rotation":90,"texture":"#0"},"east":{"uv":[15.5,14.875,13,15.125],"rotation":270,"texture":"#0"},"south":{"uv":[15.5,15.375,16,12.875],"rotation":180,"texture":"#0"},"west":{"uv":[15.5,15.125,13,15.375],"rotation":90,"texture":"#0"},"up":{"uv":[12,7.875,11.5,8.125],"texture":"#0"},"down":{"uv":[12,8.125,11.5,7.875],"texture":"#0"}}},{"from":[21.3,13.45,3.725],"to":[22.3,14.95,12.275],"rotation":{"angle":22.5,"axis":"z","origin":[15.25,12,0]},"faces":{"north":{"uv":[12.375,7.875,12,8.125],"rotation":90,"texture":"#0"},"east":{"uv":[13.375,15.875,11.25,15.5],"texture":"#0"},"south":{"uv":[12.375,8.125,12,7.875],"rotation":90,"texture":"#0"},"west":{"uv":[11.375,13,11,10.875],"rotation":90,"texture":"#0"},"up":{"uv":[15.125,14.875,13,14.625],"rotation":90,"texture":"#0"},"down":{"uv":[15.125,14.625,13,14.375],"rotation":90,"texture":"#0"}}},{"from":[14,5.2,3.7],"to":[16,15.2,4.7],"rotation":{"angle":0,"axis":"y","origin":[15,5,5]},"faces":{"north":{"uv":[16,15.375,15.5,12.875],"rotation":180,"texture":"#0"},"east":{"uv":[15.5,15.125,13,14.875],"rotation":270,"texture":"#0"},"south":{"uv":[16,15.875,13.5,15.375],"rotation":90,"texture":"#0"},"west":{"uv":[15.5,15.375,13,15.125],"rotation":90,"texture":"#0"},"up":{"uv":[12,8.125,11.5,7.875],"texture":"#0"},"down":{"uv":[12,7.875,11.5,8.125],"texture":"#0"}}},{"from":[14.25,4.2,6.9],"to":[15.75,5.2,11.9],"rotation":{"angle":-45,"axis":"x","origin":[15,5,10.9]},"faces":{"north":{"uv":[13.5,10.25,13.125,10],"texture":"#0"},"east":{"uv":[10.25,10,10,8.75],"rotation":90,"texture":"#0"},"south":{"uv":[13.5,10.25,13.125,10],"texture":"#0"},"west":{"uv":[10.5,10,10.25,8.75],"rotation":90,"texture":"#0"},"up":{"uv":[10.5,11.25,10.125,10],"texture":"#0"},"down":{"uv":[13.5,11.5,13.125,10.25],"texture":"#0"}}},{"from":[14.25,7.12893,11.07107],"to":[15.75,8.12893,17.07107],"rotation":{"angle":45,"axis":"x","origin":[15,15,5]},"faces":{"north":{"uv":[10,8.75,10.375,8.5],"texture":"#0"},"east":{"uv":[15.125,13.625,13.625,13.375],"texture":"#0"},"south":{"uv":[10.375,8.75,10,8.5],"texture":"#0"},"west":{"uv":[15.125,13.875,13.625,13.625],"texture":"#0"},"up":{"uv":[15.125,14.25,13.625,13.875],"rotation":90,"texture":"#0"},"down":{"uv":[15.5,14.875,15.125,13.375],"texture":"#0"}}},{"from":[12,5,12],"to":[15,6,15],"rotation":{"angle":0,"axis":"y","origin":[0,5.5,8]},"faces":{"north":{"uv":[7.875,10.5,7.125,10.75],"texture":"#0"},"east":{"uv":[7.75,9.5,7,9.75],"texture":"#0"},"south":{"uv":[7.875,10.5,7.125,10.75],"texture":"#0"},"west":{"uv":[7.75,9.5,7,9.75],"texture":"#0"},"up":{"uv":[7.875,9.75,7.125,10.5],"rotation":90,"texture":"#0"},"down":{"uv":[7.875,10.5,7.125,9.75],"rotation":270,"texture":"#0"}}},{"from":[1,5,1],"to":[4,6,4],"rotation":{"angle":0,"axis":"y","origin":[16,5.5,8]},"faces":{"north":{"uv":[7.875,10.5,7.125,10.75],"texture":"#0"},"east":{"uv":[7.75,9.5,7,9.75],"texture":"#0"},"south":{"uv":[7.875,10.5,7.125,10.75],"texture":"#0"},"west":{"uv":[7.75,9.5,7,9.75],"texture":"#0"},"up":{"uv":[7.125,10.5,7.875,9.75],"rotation":90,"texture":"#0"},"down":{"uv":[7.125,9.75,7.875,10.5],"rotation":270,"texture":"#0"}}},{"from":[12,5,1],"to":[15,6,4],"rotation":{"angle":0,"axis":"y","origin":[0,5.5,8]},"faces":{"north":{"uv":[7.125,10.5,7.875,10.75],"texture":"#0"},"east":{"uv":[7,9.5,7.75,9.75],"texture":"#0"},"south":{"uv":[7.125,10.5,7.875,10.75],"texture":"#0"},"west":{"uv":[7,9.5,7.75,9.75],"texture":"#0"},"up":{"uv":[7.125,9.75,7.875,10.5],"rotation":90,"texture":"#0"},"down":{"uv":[7.125,10.5,7.875,9.75],"rotation":270,"texture":"#0"}}},{"from":[6,6,0.75],"to":[10,10,2.75],"rotation":{"angle":-45,"axis":"z","origin":[8,8,2.25]},"faces":{"north":{"uv":[11.5,12,12.5,13],"texture":"#0"},"east":{"uv":[12.5,12,11.5,11.5],"rotation":90,"texture":"#0"},"south":{"uv":[11.5,13,12.5,12],"rotation":180,"texture":"#0"},"west":{"uv":[11.5,11,12.5,11.5],"rotation":90,"texture":"#0"},"up":{"uv":[11.5,12,12.5,11.5],"texture":"#0"},"down":{"uv":[11.5,11,12.5,11.5],"texture":"#0"}}},{"from":[9.1,2.9,1],"to":[10.1,5.9,3],"rotation":{"angle":45,"axis":"z","origin":[5,8,2.25]},"faces":{"north":{"uv":[14.75,11.75,15.5,11.5],"rotation":90,"texture":"#0"},"east":{"uv":[16,9.5,15.5,10.25],"rotation":180,"texture":"#0"},"south":{"uv":[14.75,11.75,15.5,11.5],"rotation":90,"texture":"#0"},"west":{"uv":[16,10.25,15.5,11],"texture":"#0"},"up":{"uv":[11.25,13.875,10.75,13.625],"rotation":90,"texture":"#0"},"down":{"uv":[12.5,12.25,13,12.5],"rotation":90,"texture":"#0"}}},{"from":[7.1,2.9,1],"to":[9.1,3.9,3],"rotation":{"angle":45,"axis":"z","origin":[5,8,2.25]},"faces":{"north":{"uv":[13.25,11.625,12.75,11.875],"texture":"#0"},"east":{"uv":[12.5,11.875,12.75,11.4375],"rotation":270,"texture":"#0"},"south":{"uv":[13.25,11.875,12.75,11.625],"rotation":180,"texture":"#0"},"west":{"uv":[12.5,11.875,12.75,11.4375],"rotation":90,"texture":"#0"},"up":{"uv":[13.125,11.3125,12.625,10.875],"texture":"#0"},"down":{"uv":[13.125,10.875,12.625,11.3125],"texture":"#0"}}},{"from":[6.9,2.9,1],"to":[8.9,3.9,3],"rotation":{"angle":-45,"axis":"z","origin":[11,8,2.25]},"faces":{"north":{"uv":[12.75,11.625,13.25,11.875],"texture":"#0"},"east":{"uv":[12.5,11.4375,12.75,11.875],"rotation":90,"texture":"#0"},"south":{"uv":[12.75,11.875,13.25,11.625],"rotation":180,"texture":"#0"},"west":{"uv":[12.5,11.4375,12.75,11.875],"rotation":270,"texture":"#0"},"up":{"uv":[12.625,11.3125,13.125,10.875],"texture":"#0"},"down":{"uv":[12.625,10.875,13.125,11.3125],"texture":"#0"}}},{"from":[5.9,2.9,1],"to":[6.9,5.9,3],"rotation":{"angle":-45,"axis":"z","origin":[11,8,2.25]},"faces":{"north":{"uv":[14.75,11.5,15.5,11.75],"rotation":90,"texture":"#0"},"east":{"uv":[15.5,10.25,16,11],"texture":"#0"},"south":{"uv":[14.75,11.5,15.5,11.75],"rotation":90,"texture":"#0"},"west":{"uv":[15.5,9.5,16,10.25],"rotation":180,"texture":"#0"},"up":{"uv":[11.25,13.625,10.75,13.875],"rotation":90,"texture":"#0"},"down":{"uv":[12.5,12.5,13,12.25],"rotation":90,"texture":"#0"}}},{"from":[-8.5,4,14],"to":[8.5,20,14],"rotation":{"angle":22.5,"axis":"y","origin":[8.5,12,15]},"faces":{"north":{"uv":[4.25,0,0,4],"texture":"#0"},"east":{"uv":[0,0,0,4],"texture":"#0"},"south":{"uv":[0,0,4.25,4],"texture":"#0"},"west":{"uv":[0,0,0,4],"texture":"#0"},"up":{"uv":[2.5,0,0,0],"texture":"#0"},"down":{"uv":[2.5,0,0,0],"texture":"#0"}}},{"from":[7.5,4,14],"to":[24.5,20,14],"rotation":{"angle":-22.5,"axis":"y","origin":[7.5,12,15]},"faces":{"north":{"uv":[0,0,4.25,4],"texture":"#0"},"east":{"uv":[0,0,0,4],"texture":"#0"},"south":{"uv":[4.25,0,0,4],"texture":"#0"},"west":{"uv":[0,0,0,4],"texture":"#0"},"up":{"uv":[0,0,2.5,0],"texture":"#0"},"down":{"uv":[0,0,2.5,0],"texture":"#0"}}},{"from":[0,0,0],"to":[4,5,4],"rotation":{"angle":0,"axis":"y","origin":[16,5.5,8]},"faces":{"north":{"uv":[7.5,8.25,6.5,9.5],"texture":"#0"},"east":{"uv":[6.5,7,7.5,8.25],"texture":"#0"},"south":{"uv":[7.5,7,6.5,8.25],"texture":"#0"},"west":{"uv":[7.5,8.25,8.5,9.5],"texture":"#0"},"up":{"uv":[6.5,7,7.5,6],"rotation":90,"texture":"#0"},"down":{"uv":[7.5,7.25,8.5,8.25],"rotation":270,"texture":"#0"}}},{"from":[14,0,7],"to":[16,5,9],"rotation":{"angle":0,"axis":"y","origin":[0,5.5,8]},"faces":{"north":{"uv":[6.5,13.5,7,14.75],"texture":"#0"},"east":{"uv":[6.5,14.75,7,16],"texture":"#0"},"south":{"uv":[7,13.5,6.5,14.75],"texture":"#0"},"west":{"uv":[6.5,14.75,7,16],"texture":"#0"},"up":{"uv":[1.625,7.75,1.125,8.25],"rotation":90,"texture":"#0"},"down":{"uv":[1.625,8.25,1.125,7.75],"rotation":270,"texture":"#0"}}},{"from":[14,5,7.025],"to":[16,7,8.975],"rotation":{"angle":22.5,"axis":"z","origin":[16,5,8]},"faces":{"north":{"uv":[7,12.5,6.5,13],"texture":"#0"},"east":{"uv":[7,13,6.5,13.5],"texture":"#0"},"south":{"uv":[6.5,12.5,7,13],"texture":"#0"},"west":{"uv":[7,13,6.5,13.5],"texture":"#0"},"up":{"uv":[6.5,12,7,12.5],"rotation":90,"texture":"#0"},"down":{"uv":[6.5,12.5,7,12],"rotation":270,"texture":"#0"}}},{"from":[13.25,6,7],"to":[15.25,10,9],"rotation":{"angle":0,"axis":"y","origin":[16,5,8]},"faces":{"north":{"uv":[7,10,6.5,11],"texture":"#0"},"east":{"uv":[7,11,6.5,12],"texture":"#0"},"south":{"uv":[6.5,10,7,11],"texture":"#0"},"west":{"uv":[7,11,6.5,12],"texture":"#0"},"up":{"uv":[7.125,10.75,7.625,11.25],"rotation":90,"texture":"#0"},"down":{"uv":[6.5,10,7,9.5],"rotation":270,"texture":"#0"}}},{"from":[0,5,7.025],"to":[2,7,8.975],"rotation":{"angle":-22.5,"axis":"z","origin":[0,5,8]},"faces":{"north":{"uv":[6.5,12.5,7,13],"texture":"#0"},"east":{"uv":[6.5,13,7,13.5],"texture":"#0"},"south":{"uv":[7,12.5,6.5,13],"texture":"#0"},"west":{"uv":[6.5,13,7,13.5],"texture":"#0"},"up":{"uv":[6.5,12.5,7,12],"rotation":90,"texture":"#0"},"down":{"uv":[6.5,12,7,12.5],"rotation":270,"texture":"#0"}}},{"from":[0,0,7],"to":[2,5,9],"rotation":{"angle":0,"axis":"y","origin":[16,5.5,8]},"faces":{"north":{"uv":[7,13.5,6.5,14.75],"texture":"#0"},"east":{"uv":[7,14.75,6.5,16],"texture":"#0"},"south":{"uv":[6.5,13.5,7,14.75],"texture":"#0"},"west":{"uv":[7,14.75,6.5,16],"texture":"#0"},"up":{"uv":[1.625,8.25,1.125,7.75],"rotation":90,"texture":"#0"},"down":{"uv":[1.625,7.75,1.125,8.25],"rotation":270,"texture":"#0"}}},{"from":[0.75,6,7],"to":[2.75,10,9],"rotation":{"angle":0,"axis":"y","origin":[0,5,8]},"faces":{"north":{"uv":[6.5,10,7,11],"texture":"#0"},"east":{"uv":[6.5,11,7,12],"texture":"#0"},"south":{"uv":[7,10,6.5,11],"texture":"#0"},"west":{"uv":[6.5,11,7,12],"texture":"#0"},"up":{"uv":[7.125,11.25,7.625,10.75],"rotation":90,"texture":"#0"},"down":{"uv":[6.5,9.5,7,10],"rotation":270,"texture":"#0"}}},{"from":[12,0,0],"to":[16,5,4],"rotation":{"angle":0,"axis":"y","origin":[0,5.5,8]},"faces":{"north":{"uv":[6.5,8.25,7.5,9.5],"texture":"#0"},"east":{"uv":[8.5,8.25,7.5,9.5],"texture":"#0"},"south":{"uv":[6.5,7,7.5,8.25],"texture":"#0"},"west":{"uv":[7.5,7,6.5,8.25],"texture":"#0"},"up":{"uv":[6.5,6,7.5,7],"rotation":90,"texture":"#0"},"down":{"uv":[7.5,8.25,8.5,7.25],"rotation":270,"texture":"#0"}}},{"from":[0,0,12],"to":[4,5,16],"rotation":{"angle":0,"axis":"y","origin":[16,5.5,8]},"faces":{"north":{"uv":[6.5,7,7.5,8.25],"texture":"#0"},"east":{"uv":[7.5,7,6.5,8.25],"texture":"#0"},"south":{"uv":[6.5,8.25,7.5,9.5],"texture":"#0"},"west":{"uv":[8.5,8.25,7.5,9.5],"texture":"#0"},"up":{"uv":[7.5,7,6.5,6],"rotation":90,"texture":"#0"},"down":{"uv":[8.5,7.25,7.5,8.25],"rotation":270,"texture":"#0"}}},{"from":[12,0,12],"to":[16,5,16],"rotation":{"angle":0,"axis":"y","origin":[0,5.5,8]},"faces":{"north":{"uv":[7.5,7,6.5,8.25],"texture":"#0"},"east":{"uv":[7.5,8.25,8.5,9.5],"texture":"#0"},"south":{"uv":[7.5,8.25,6.5,9.5],"texture":"#0"},"west":{"uv":[6.5,7,7.5,8.25],"texture":"#0"},"up":{"uv":[7.5,6,6.5,7],"rotation":90,"texture":"#0"},"down":{"uv":[8.5,8.25,7.5,7.25],"rotation":270,"texture":"#0"}}},{"from":[0.5,8,17],"to":[15.5,24,17],"faces":{"north":{"uv":[5.25,0,9,4],"texture":"#0"},"east":{"uv":[0,0,0,4],"texture":"#0"},"south":{"uv":[5.25,0,9,4],"texture":"#0"},"west":{"uv":[0,0,0,4],"texture":"#0"},"up":{"uv":[0,0,4,0],"texture":"#0"},"down":{"uv":[0,0,4,0],"texture":"#0"}}},{"from":[10,14,6.25],"to":[16,16,9.75],"rotation":{"angle":0,"axis":"y","origin":[16,16,7.75]},"faces":{"north":{"uv":[10.5,10,11,8.5],"rotation":270,"texture":"#0"},"east":{"uv":[11.5,8.875,11,8],"rotation":270,"texture":"#0"},"south":{"uv":[10.5,8.5,11,10],"rotation":270,"texture":"#0"},"west":{"uv":[11.5,8,11,8.875],"rotation":270,"texture":"#0"},"up":{"uv":[10.125,11.5,11,13],"rotation":90,"texture":"#0"},"down":{"uv":[10.125,11.5,11,13],"rotation":90,"texture":"#0"}}},{"from":[14,13,6.75],"to":[16,16,9.25],"rotation":{"angle":22.5,"axis":"z","origin":[16,16,7.75]},"faces":{"north":{"uv":[11.375,11,11.875,10.25],"rotation":180,"texture":"#0"},"east":{"uv":[10.5,13,11.25,13.625],"rotation":270,"texture":"#0"},"south":{"uv":[11.375,10.25,11.875,11],"texture":"#0"},"west":{"uv":[11.5,8.25,12.25,8.875],"rotation":90,"texture":"#0"},"up":{"uv":[10,8.375,10.625,7.875],"rotation":90,"texture":"#0"},"down":{"uv":[10,8.375,10.625,7.875],"rotation":90,"texture":"#0"}}},{"from":[0,14,6.25],"to":[6,16,9.75],"rotation":{"angle":0,"axis":"y","origin":[0,16,7.75]},"faces":{"north":{"uv":[10.5,8.5,11,10],"rotation":270,"texture":"#0"},"east":{"uv":[11.5,8.875,11,8],"rotation":270,"texture":"#0"},"south":{"uv":[10.5,10,11,8.5],"rotation":270,"texture":"#0"},"west":{"uv":[11.5,8,11,8.875],"rotation":270,"texture":"#0"},"up":{"uv":[10.125,13,11,11.5],"rotation":90,"texture":"#0"},"down":{"uv":[10.125,13,11,11.5],"rotation":90,"texture":"#0"}}},{"from":[4.05,4,0],"to":[12.05,12,0],"rotation":{"angle":0,"axis":"y","origin":[6.05,6,0]},"faces":{"north":{"uv":[8,8,12,12],"texture":"#2"},"east":{"uv":[8,8,8,12],"texture":"#2"},"south":{"uv":[8,8,12,12],"texture":"#2"},"west":{"uv":[8,8,8,12],"texture":"#2"},"up":{"uv":[8,8,14,8],"texture":"#2"},"down":{"uv":[8,8,14,8],"texture":"#2"}}},{"from":[4.05,4,0],"to":[12.05,12,0],"rotation":{"angle":22.5,"axis":"z","origin":[8.05,8,0]},"faces":{"north":{"uv":[12,8,16,12],"texture":"#2"},"east":{"uv":[8,8,8,12],"texture":"#2"},"south":{"uv":[12,8,16,12],"texture":"#2"},"west":{"uv":[8,8,8,12],"texture":"#2"},"up":{"uv":[8,8,14,8],"texture":"#2"},"down":{"uv":[8,8,14,8],"texture":"#2"}}},{"from":[4.05,4,0],"to":[12.05,12,0],"rotation":{"angle":-45,"axis":"z","origin":[8.05,8,0]},"faces":{"north":{"uv":[8,12,12,16],"rotation":90,"texture":"#2"},"east":{"uv":[8,8,14,8],"rotation":270,"texture":"#2"},"south":{"uv":[8,12,12,16],"rotation":270,"texture":"#2"},"west":{"uv":[8,8,14,8],"rotation":270,"texture":"#2"},"up":{"uv":[8,8,8,12],"rotation":270,"texture":"#2"},"down":{"uv":[8,8,8,12],"rotation":270,"texture":"#2"}}},{"from":[4.05,4,0],"to":[12.05,12,0],"rotation":{"angle":-22.5,"axis":"z","origin":[8.05,8,0]},"faces":{"north":{"uv":[12,12,16,16],"rotation":90,"texture":"#2"},"east":{"uv":[8,8,14,8],"rotation":270,"texture":"#2"},"south":{"uv":[12,12,16,16],"rotation":270,"texture":"#2"},"west":{"uv":[8,8,14,8],"rotation":270,"texture":"#2"},"up":{"uv":[8,8,8,12],"rotation":270,"texture":"#2"},"down":{"uv":[8,8,8,12],"rotation":270,"texture":"#2"}}},{"from":[4.05,4,-1],"to":[12.05,12,-1],"rotation":{"angle":-22.5,"axis":"z","origin":[8.05,8,-1]},"faces":{"north":{"uv":[4,4,8,8],"rotation":90,"texture":"#2"},"east":{"uv":[0,0,6,0],"rotation":270,"texture":"#2"},"south":{"uv":[4,4,8,8],"rotation":270,"texture":"#2"},"west":{"uv":[0,0,6,0],"rotation":270,"texture":"#2"},"up":{"uv":[0,0,0,4],"rotation":270,"texture":"#2"},"down":{"uv":[0,0,0,4],"rotation":270,"texture":"#2"}}},{"from":[4.05,4,-1],"to":[12.05,12,-1],"rotation":{"angle":-45,"axis":"z","origin":[8.05,8,-1]},"faces":{"north":{"uv":[0,4,4,8],"rotation":90,"texture":"#2"},"east":{"uv":[0,0,6,0],"rotation":270,"texture":"#2"},"south":{"uv":[0,4,4,8],"rotation":270,"texture":"#2"},"west":{"uv":[0,0,6,0],"rotation":270,"texture":"#2"},"up":{"uv":[0,0,0,4],"rotation":270,"texture":"#2"},"down":{"uv":[0,0,0,4],"rotation":270,"texture":"#2"}}},{"from":[4.05,4,-1],"to":[12.05,12,-1],"rotation":{"angle":22.5,"axis":"z","origin":[8.05,8,-1]},"faces":{"north":{"uv":[4,0,8,4],"texture":"#2"},"east":{"uv":[0,0,0,4],"texture":"#2"},"south":{"uv":[4,0,8,4],"texture":"#2"},"west":{"uv":[0,0,0,4],"texture":"#2"},"up":{"uv":[0,0,6,0],"texture":"#2"},"down":{"uv":[0,0,6,0],"texture":"#2"}}},{"from":[4.05,4,-1],"to":[12.05,12,-1],"rotation":{"angle":0,"axis":"y","origin":[6.05,6,-1]},"faces":{"north":{"uv":[0,0,4,4],"texture":"#2"},"east":{"uv":[0,0,0,4],"texture":"#2"},"south":{"uv":[0,0,4,4],"texture":"#2"},"west":{"uv":[0,0,0,4],"texture":"#2"},"up":{"uv":[0,0,6,0],"texture":"#2"},"down":{"uv":[0,0,6,0],"texture":"#2"}}},{"from":[13.5,4,-3.5],"to":[15.5,9,1.5],"rotation":{"angle":45,"axis":"x","origin":[2,-2.5,8]},"faces":{"north":{"uv":[10,15.375,11.25,15.875],"rotation":90,"texture":"#0"},"east":{"uv":[11.25,13,12.5,14.25],"rotation":90,"texture":"#0"},"south":{"uv":[10,15.375,8.75,15.875],"rotation":270,"texture":"#0"},"west":{"uv":[11.25,14.25,12.5,15.5],"rotation":90,"texture":"#0"},"up":{"uv":[10,15.375,11.25,15.875],"rotation":270,"texture":"#0"},"down":{"uv":[8.75,15.375,10,15.875],"rotation":270,"texture":"#0"}}},{"from":[0.5,4,-3.5],"to":[2.5,9,1.5],"rotation":{"angle":45,"axis":"x","origin":[14,-2.5,8]},"faces":{"north":{"uv":[10,15.875,11.25,15.375],"rotation":90,"texture":"#0"},"east":{"uv":[11.25,15.5,12.5,14.25],"rotation":90,"texture":"#0"},"south":{"uv":[10,15.875,8.75,15.375],"rotation":270,"texture":"#0"},"west":{"uv":[11.25,14.25,12.5,13],"rotation":90,"texture":"#0"},"up":{"uv":[10,15.875,11.25,15.375],"rotation":270,"texture":"#0"},"down":{"uv":[8.75,15.875,10,15.375],"rotation":270,"texture":"#0"}}},{"from":[0,13,6.75],"to":[2,16,9.25],"rotation":{"angle":-22.5,"axis":"z","origin":[0,16,7.75]},"faces":{"north":{"uv":[11.875,11,11.375,10.25],"rotation":180,"texture":"#0"},"east":{"uv":[11.5,8.875,12.25,8.25],"rotation":90,"texture":"#0"},"south":{"uv":[11.875,10.25,11.375,11],"texture":"#0"},"west":{"uv":[10.5,13.625,11.25,13],"rotation":270,"texture":"#0"},"up":{"uv":[10,7.875,10.625,8.375],"rotation":90,"texture":"#0"},"down":{"uv":[10,7.875,10.625,8.375],"rotation":90,"texture":"#0"}}},{"from":[16,2,8],"to":[30,16,8],"rotation":{"angle":0,"axis":"y","origin":[16,0,0]},"faces":{"north":{"uv":[14,16,0,2],"texture":"#1"},"east":{"uv":[0,0,0,16],"texture":"#1"},"south":{"uv":[0,16,14,2],"texture":"#1"},"west":{"uv":[0,0,0,16],"texture":"#1"},"up":{"uv":[4.5,0,0,0],"texture":"#1"},"down":{"uv":[4.5,0,0,0],"texture":"#1"}}}],"gui_light":"front","display":{"thirdperson_righthand":{"rotation":[-116.68,69.16,166.7],"translation":[0,3.75,1.75],"scale":[0.36328,0.36328,0.36328]},"thirdperson_lefthand":{"rotation":[-116.68,69.16,166.7],"translation":[0,3.75,1.75],"scale":[0.36328,0.36328,0.36328]},"firstperson_righthand":{"translation":[-0.5,2,-3.75],"scale":[0.5,0.5,0.5]},"firstperson_lefthand":{"translation":[-0.5,2,-3.75],"scale":[0.5,0.5,0.5]},"ground":{"translation":[0,2,0],"scale":[0.5,0.5,0.5]},"gui":{"rotation":[20,153,0],"translation":[-0.75,-1.25,0],"scale":[0.42969,0.42969,0.42969]},"head":{"translation":[0,-31.5,0.5],"scale":[1.5,1.5,1.5]},"fixed":{"rotation":[-90,0,0],"translation":[0,0,-12.75],"scale":[1.66289,1.66289,1.66289]}}}