{"credit":"Made with Blockbench","texture_size":[32,32],"textures":{"0":"elitecreatures:gamer_girl_animated/crossbowtex","1":"elitecreatures:gamer_girl_animated/square","particle":"elitecreatures:gamer_girl_animated/crossbowtex"},"elements":[{"from":[-5,5,7.5],"to":[17,6,8.5],"rotation":{"angle":0,"axis":"y","origin":[-3,12,0]},"color":2,"faces":{"north":{"uv":[7.75,8,7.5,2.5],"rotation":270,"texture":"#missing"},"east":{"uv":[2.3125,1.625,2.5625,1.875],"rotation":270,"texture":"#missing"},"south":{"uv":[7.5,2.5,7.75,8],"rotation":90,"texture":"#missing"},"west":{"uv":[2.3125,2.375,2.5625,2.625],"rotation":90,"texture":"#missing"},"up":{"uv":[7.25,2.5,7.5,8],"rotation":270,"texture":"#missing"},"down":{"uv":[7.25,2.5,7.5,8],"rotation":90,"texture":"#missing"}}},{"from":[15,5.5,8],"to":[23,5.5,11],"rotation":{"angle":0,"axis":"y","origin":[-3,12,0]},"color":5,"faces":{"north":{"uv":[0,0,2,0],"rotation":180,"texture":"#missing"},"east":{"uv":[0,0,0,0.75],"rotation":270,"texture":"#missing"},"south":{"uv":[0,0,2,0],"texture":"#missing"},"west":{"uv":[0,0,0,0.75],"rotation":90,"texture":"#missing"},"up":{"uv":[2,4,4,4.75],"rotation":180,"texture":"#missing"},"down":{"uv":[4,4,2,4.75],"texture":"#missing"}}},{"from":[15,5.5,5],"to":[23,5.5,8],"rotation":{"angle":0,"axis":"y","origin":[-3,12,16]},"color":5,"faces":{"north":{"uv":[0,0,2,0],"rotation":180,"texture":"#missing"},"east":{"uv":[0,0.75,0,0],"rotation":270,"texture":"#missing"},"south":{"uv":[0,0,2,0],"texture":"#missing"},"west":{"uv":[0,0.75,0,0],"rotation":90,"texture":"#missing"},"up":{"uv":[2,4.75,4,4],"rotation":180,"texture":"#missing"},"down":{"uv":[4,4.75,2,4],"texture":"#missing"}}},{"from":[-4,4.5,7],"to":[14,6.5,9],"faces":{"north":{"uv":[6,14.5,10.5,15],"texture":"#0"},"east":{"uv":[4.5,15.5,5,16],"texture":"#0"},"south":{"uv":[10.5,14.5,6,15],"texture":"#0"},"west":{"uv":[4.5,15.5,5,16],"texture":"#0"},"up":{"uv":[6,15.5,10.5,16],"texture":"#0"},"down":{"uv":[6,15,10.5,15.5],"texture":"#0"}}},{"from":[2.3,1.9,6.25],"to":[8.3,3.9,9.75],"rotation":{"angle":0,"axis":"y","origin":[3.3,10.9,7.75]},"faces":{"north":{"uv":[3,2.125,2.5,0.625],"rotation":90,"texture":"#0"},"east":{"uv":[3,0.125,3.5,1],"rotation":90,"texture":"#0"},"south":{"uv":[3,0.625,2.5,2.125],"rotation":90,"texture":"#0"},"west":{"uv":[3,1,3.5,0.125],"rotation":90,"texture":"#0"},"up":{"uv":[3,3.625,2.125,5.125],"rotation":270,"texture":"#0"},"down":{"uv":[3,3.625,2.125,5.125],"rotation":270,"texture":"#0"}}},{"from":[-4,3.5,7.5],"to":[14,4.5,8.5],"rotation":{"angle":0,"axis":"y","origin":[10,9,0]},"faces":{"north":{"uv":[0.25,8.75,4.75,9],"texture":"#0"},"east":{"uv":[0,9,0.25,9.25],"texture":"#0"},"south":{"uv":[4.75,8.75,0.25,9],"texture":"#0"},"west":{"uv":[0,8.75,0.25,9],"texture":"#0"},"up":{"uv":[0.25,9,4.75,9.25],"texture":"#0"},"down":{"uv":[0.25,9,4.75,9.25],"texture":"#0"}}},{"from":[-6.7,2.7,7.1],"to":[-3.7,3.7,8.9],"rotation":{"angle":-22.5,"axis":"z","origin":[-2,3.5,8]},"faces":{"north":{"uv":[2.25,8.5,3,8.75],"texture":"#0"},"east":{"uv":[2.5,8.25,3,8.5],"texture":"#0"},"south":{"uv":[2.25,8.5,3,8.75],"texture":"#0"},"west":{"uv":[2.5,8.25,3,8.5],"texture":"#0"},"up":{"uv":[3,8.25,3.75,8.75],"texture":"#0"},"down":{"uv":[3,8.25,3.75,8.75],"texture":"#0"}}},{"from":[-6.4,6.3,7.1],"to":[-3.4,7.3,8.9],"rotation":{"angle":22.5,"axis":"z","origin":[-2,5.5,8]},"faces":{"north":{"uv":[2.25,8.5,3,8.75],"texture":"#0"},"east":{"uv":[2.5,8.25,3,8.5],"texture":"#0"},"south":{"uv":[2.25,8.5,3,8.75],"texture":"#0"},"west":{"uv":[2.5,8.25,3,8.5],"texture":"#0"},"up":{"uv":[3,8.25,3.75,8.75],"texture":"#0"},"down":{"uv":[3,8.25,3.75,8.75],"texture":"#0"}}},{"from":[-6,4.5,7],"to":[-4,5.5,9],"rotation":{"angle":0,"axis":"y","origin":[-4,0,16]},"faces":{"north":{"uv":[4.25,8.5,5,8.75],"texture":"#0"},"east":{"uv":[3.75,8.5,4.25,8.75],"texture":"#0"},"south":{"uv":[4.25,8.5,5,8.75],"texture":"#0"},"west":{"uv":[3.75,8.5,4.25,8.75],"texture":"#0"},"up":{"uv":[5,8.5,5.75,9],"texture":"#0"},"down":{"uv":[5,8,5.75,8.5],"texture":"#0"}}},{"from":[20.0531,4.5,-9.42792],"to":[22.0531,6.5,3.57208],"rotation":{"angle":22.5,"axis":"y","origin":[16.73817,5.5,8]},"faces":{"north":{"uv":[0,0.5,0.5,0],"rotation":180,"texture":"#0"},"east":{"uv":[0.5,3.25,1,0],"rotation":270,"texture":"#0"},"south":{"uv":[0,0.5,0.5,0],"texture":"#0"},"west":{"uv":[0.5,3.25,1,0],"rotation":90,"texture":"#0"},"up":{"uv":[0.5,3.75,0,0.5],"rotation":180,"texture":"#0"},"down":{"uv":[0,3.75,0.5,0.5],"texture":"#0"}}},{"from":[20.0531,4.5,12.42792],"to":[22.0531,6.5,25.42792],"rotation":{"angle":-22.5,"axis":"y","origin":[16.73817,5.5,8]},"faces":{"north":{"uv":[0,0,0.5,0.5],"rotation":180,"texture":"#0"},"east":{"uv":[0.5,0,1,3.25],"rotation":270,"texture":"#0"},"south":{"uv":[0,0,0.5,0.5],"texture":"#0"},"west":{"uv":[0.5,0,1,3.25],"rotation":90,"texture":"#0"},"up":{"uv":[0.5,0.5,0,3.75],"rotation":180,"texture":"#0"},"down":{"uv":[0,0.5,0.5,3.75],"texture":"#0"}}},{"from":[18.0531,4.5,10.42792],"to":[20.0531,6.5,26.42792],"rotation":{"angle":-22.5,"axis":"y","origin":[16.73817,5.5,8]},"faces":{"north":{"uv":[1,0.75,1.5,1.25],"rotation":180,"texture":"#0"},"east":{"uv":[1.5,4,2,8],"rotation":270,"texture":"#0"},"south":{"uv":[1,0.75,1.5,1.25],"texture":"#0"},"west":{"uv":[1.5,4,2,8],"rotation":90,"texture":"#0"},"up":{"uv":[2,0,1.5,4],"rotation":180,"texture":"#0"},"down":{"uv":[1.5,0,2,4],"texture":"#0"}}},{"from":[6.05168,4.5,21.54609],"to":[8.05168,6.5,26.54609],"rotation":{"angle":22.5,"axis":"y","origin":[16.73817,5.5,8]},"faces":{"north":{"uv":[1,1.25,1.5,1.75],"rotation":180,"texture":"#0"},"east":{"uv":[0,5.625,0.5,6.875],"rotation":270,"texture":"#0"},"south":{"uv":[1,1.25,1.5,1.75],"texture":"#0"},"west":{"uv":[0,5.625,0.5,6.875],"rotation":90,"texture":"#0"},"up":{"uv":[1,1.75,1.5,3],"rotation":180,"texture":"#0"},"down":{"uv":[1,1.75,1.5,3],"texture":"#0"}}},{"from":[15.42506,4,8.87675],"to":[17.42506,7,14.87675],"rotation":{"angle":22.5,"axis":"y","origin":[16.73817,5.5,8]},"faces":{"north":{"uv":[2,5.75,2.5,6.5],"rotation":180,"texture":"#0"},"east":{"uv":[0.75,5.625,1.5,7.125],"rotation":270,"texture":"#0"},"south":{"uv":[2,5.75,2.5,6.5],"texture":"#0"},"west":{"uv":[2.5,6.5,3.25,8],"rotation":90,"texture":"#0"},"up":{"uv":[2,6.5,2.5,8],"rotation":180,"texture":"#0"},"down":{"uv":[2,6.5,2.5,8],"texture":"#0"}}},{"from":[17.42506,4.5,9.87675],"to":[19.42506,6.5,12.87675],"rotation":{"angle":22.5,"axis":"y","origin":[16.73817,5.5,8]},"faces":{"north":{"uv":[4.5,3.5,5,4],"rotation":180,"texture":"#0"},"east":{"uv":[4.5,2.75,5,3.5],"rotation":270,"texture":"#0"},"south":{"uv":[4.5,3.5,5,4],"texture":"#0"},"west":{"uv":[4.5,2.75,5,3.5],"rotation":90,"texture":"#0"},"up":{"uv":[4,2.375,4.5,3.125],"rotation":180,"texture":"#0"},"down":{"uv":[4,2.375,4.5,3.125],"texture":"#0"}}},{"from":[1.21549,5.5,16.22606],"to":[5.21549,7.5,20.22606],"rotation":{"angle":45,"axis":"y","origin":[16.73817,5.5,8]},"faces":{"north":{"uv":[3.5,3.125,4.5,3.625],"rotation":180,"texture":"#0"},"east":{"uv":[4.5,4.125,3.5,3.625],"texture":"#0"},"south":{"uv":[3.5,4.125,4.5,3.625],"texture":"#0"},"west":{"uv":[3.5,3.125,4.5,3.625],"rotation":180,"texture":"#0"},"up":{"uv":[3.5,4.125,4.5,5.125],"rotation":180,"texture":"#0"},"down":{"uv":[3.5,5.125,4.5,4.125],"rotation":180,"texture":"#0"}}},{"from":[28.94291,5.5,19.544],"to":[29.94291,7.5,22.544],"rotation":{"angle":-45,"axis":"y","origin":[16.73817,5.5,8]},"faces":{"north":{"uv":[4.5,4.5,5,4.75],"rotation":270,"texture":"#0"},"east":{"uv":[8,1.625,7.5,2.375],"rotation":90,"texture":"#0"},"south":{"uv":[2.75,6.125,3.25,5.875],"rotation":90,"texture":"#0"},"west":{"uv":[8,2.375,7.5,3.125],"rotation":90,"texture":"#0"},"up":{"uv":[6.75,4.75,7.5,4.5],"rotation":270,"texture":"#0"},"down":{"uv":[6.75,4.75,7.5,4.5],"rotation":90,"texture":"#0"}}},{"from":[28.94291,3.5,19.544],"to":[29.94291,5.5,22.544],"rotation":{"angle":-45,"axis":"y","origin":[16.73817,5.5,8]},"faces":{"north":{"uv":[5,4.75,4.5,4.5],"rotation":270,"texture":"#0"},"east":{"uv":[7.5,1.625,8,2.375],"rotation":90,"texture":"#0"},"south":{"uv":[3.25,6.125,2.75,5.875],"rotation":90,"texture":"#0"},"west":{"uv":[7.5,2.375,8,3.125],"rotation":90,"texture":"#0"},"up":{"uv":[6.75,4.5,7.5,4.75],"rotation":270,"texture":"#0"},"down":{"uv":[6.75,4.5,7.5,4.75],"rotation":90,"texture":"#0"}}},{"from":[0.21549,3.5,16.22606],"to":[4.21549,5.5,20.22606],"rotation":{"angle":45,"axis":"y","origin":[16.73817,5.5,8]},"faces":{"north":{"uv":[3.5,3.625,4.5,3.125],"rotation":180,"texture":"#0"},"east":{"uv":[3.5,4.125,4.5,3.625],"texture":"#0"},"south":{"uv":[3.5,3.625,4.5,4.125],"texture":"#0"},"west":{"uv":[3.5,3.625,4.5,3.125],"rotation":180,"texture":"#0"},"up":{"uv":[4.5,5.125,3.5,4.125],"texture":"#0"},"down":{"uv":[4.5,4.125,3.5,5.125],"texture":"#0"}}},{"from":[14,4.65,2.10051],"to":[23,8.65,6.10051],"rotation":{"angle":-45,"axis":"x","origin":[18.5,10.5,8.10051]},"faces":{"north":{"uv":[7.5,1.25,6.5,3.5],"rotation":90,"texture":"#0"},"east":{"uv":[6.5,3.5,7.5,4.5],"texture":"#0"},"south":{"uv":[5.5,2.25,6.5,4.5],"rotation":270,"texture":"#0"},"west":{"uv":[6.5,3.5,7.5,4.5],"rotation":180,"texture":"#0"},"up":{"uv":[6.5,2.25,5.5,4.5],"rotation":270,"texture":"#0"},"down":{"uv":[6.5,1.25,7.5,3.5],"rotation":270,"texture":"#0"}}},{"from":[14.16982,8.7553,5.5],"to":[16.16982,13.7553,10.5],"rotation":{"angle":22.5,"axis":"z","origin":[16.73817,2.6,8]},"faces":{"north":{"uv":[1.25,7.5,0,8],"rotation":270,"texture":"#0"},"east":{"uv":[3.25,7.625,4.5,6.375],"texture":"#0"},"south":{"uv":[1.25,7.5,0,8],"rotation":90,"texture":"#0"},"west":{"uv":[3.25,6.375,4.5,5.125],"rotation":180,"texture":"#0"},"up":{"uv":[0,7.5,1.25,8],"rotation":90,"texture":"#0"},"down":{"uv":[0,7.5,1.25,8],"rotation":90,"texture":"#0"}}},{"from":[0.21549,3.5,-4.22606],"to":[4.21549,5.5,-0.22606],"rotation":{"angle":-45,"axis":"y","origin":[16.73817,5.5,8]},"faces":{"north":{"uv":[3.5,4.125,4.5,3.625],"rotation":180,"texture":"#0"},"east":{"uv":[4.5,4.125,3.5,3.625],"texture":"#0"},"south":{"uv":[3.5,3.125,4.5,3.625],"texture":"#0"},"west":{"uv":[4.5,3.625,3.5,3.125],"rotation":180,"texture":"#0"},"up":{"uv":[4.5,4.125,3.5,5.125],"texture":"#0"},"down":{"uv":[4.5,5.125,3.5,4.125],"texture":"#0"}}},{"from":[28.94291,3.5,-6.544],"to":[29.94291,5.5,-3.544],"rotation":{"angle":45,"axis":"y","origin":[16.73817,5.5,8]},"faces":{"north":{"uv":[2.75,6.125,3.25,5.875],"rotation":270,"texture":"#0"},"east":{"uv":[7.5,2.375,8,1.625],"rotation":90,"texture":"#0"},"south":{"uv":[4.5,4.75,5,4.5],"rotation":90,"texture":"#0"},"west":{"uv":[7.5,3.125,8,2.375],"rotation":90,"texture":"#0"},"up":{"uv":[7.5,4.5,6.75,4.75],"rotation":270,"texture":"#0"},"down":{"uv":[7.5,4.5,6.75,4.75],"rotation":90,"texture":"#0"}}},{"from":[28.94291,5.5,-6.544],"to":[29.94291,7.5,-3.544],"rotation":{"angle":45,"axis":"y","origin":[16.73817,5.5,8]},"faces":{"north":{"uv":[3.25,6.125,2.75,5.875],"rotation":270,"texture":"#0"},"east":{"uv":[8,2.375,7.5,1.625],"rotation":90,"texture":"#0"},"south":{"uv":[5,4.5,4.5,4.75],"rotation":90,"texture":"#0"},"west":{"uv":[8,3.125,7.5,2.375],"rotation":90,"texture":"#0"},"up":{"uv":[7.5,4.75,6.75,4.5],"rotation":270,"texture":"#0"},"down":{"uv":[7.5,4.75,6.75,4.5],"rotation":90,"texture":"#0"}}},{"from":[0.21549,5.5,-4.22606],"to":[4.21549,7.5,-0.22606],"rotation":{"angle":-45,"axis":"y","origin":[16.73817,5.5,8]},"faces":{"north":{"uv":[3.5,3.625,4.5,4.125],"rotation":180,"texture":"#0"},"east":{"uv":[3.5,4.125,4.5,3.625],"texture":"#0"},"south":{"uv":[3.5,3.625,4.5,3.125],"texture":"#0"},"west":{"uv":[4.5,3.125,3.5,3.625],"rotation":180,"texture":"#0"},"up":{"uv":[3.5,5.125,4.5,4.125],"rotation":180,"texture":"#0"},"down":{"uv":[3.5,4.125,4.5,5.125],"rotation":180,"texture":"#0"}}},{"from":[1.96423,11.97732,6],"to":[5.96423,15.97732,8],"rotation":{"angle":45,"axis":"z","origin":[16.73817,5.5,8]},"faces":{"north":{"uv":[3.5,5.125,4.5,4.125],"rotation":90,"texture":"#0"},"east":{"uv":[3.5,3.625,4.5,4.125],"rotation":270,"texture":"#0"},"south":{"uv":[3.5,4.125,4.5,5.125],"rotation":90,"texture":"#0"},"west":{"uv":[3.5,3.625,4.5,3.125],"rotation":270,"texture":"#0"},"up":{"uv":[3.5,4.125,4.5,3.625],"texture":"#0"},"down":{"uv":[3.5,3.125,4.5,3.625],"texture":"#0"}}},{"from":[1.96423,11.97732,8],"to":[5.96423,15.97732,10],"rotation":{"angle":45,"axis":"z","origin":[16.73817,5.5,8]},"faces":{"north":{"uv":[4.5,4.125,3.5,5.125],"rotation":270,"texture":"#0"},"east":{"uv":[3.5,4.125,4.5,3.625],"rotation":270,"texture":"#0"},"south":{"uv":[4.5,5.125,3.5,4.125],"rotation":270,"texture":"#0"},"west":{"uv":[3.5,3.125,4.5,3.625],"rotation":270,"texture":"#0"},"up":{"uv":[3.5,3.625,4.5,4.125],"texture":"#0"},"down":{"uv":[3.5,3.625,4.5,3.125],"texture":"#0"}}},{"from":[22.02764,3.75,-8.45654],"to":[24.02764,7.25,-2.45654],"rotation":{"angle":22.5,"axis":"y","origin":[16.73817,5.5,8]},"faces":{"north":{"uv":[3.5,1,3,0.125],"rotation":180,"texture":"#0"},"east":{"uv":[2.125,5.125,3,3.625],"rotation":90,"texture":"#0"},"south":{"uv":[3.5,0.125,3,1],"texture":"#0"},"west":{"uv":[2.125,5.125,3,3.625],"rotation":270,"texture":"#0"},"up":{"uv":[2.5,0.625,3,2.125],"texture":"#0"},"down":{"uv":[2.5,2.125,3,0.625],"texture":"#0"}}},{"from":[8.95,7,4],"to":[8.95,15,12],"rotation":{"angle":0,"axis":"y","origin":[8.95,9,6]},"faces":{"north":{"uv":[0,0,0,4],"texture":"#1"},"east":{"uv":[0,0,4,4],"texture":"#1"},"south":{"uv":[0,0,0,4],"texture":"#1"},"west":{"uv":[0,0,4,4],"texture":"#1"},"up":{"uv":[0,0,6,0],"rotation":90,"texture":"#1"},"down":{"uv":[0,0,6,0],"rotation":270,"texture":"#1"}}},{"from":[8.95,7,4],"to":[8.95,15,12],"rotation":{"angle":-22.5,"axis":"x","origin":[8.95,11,8]},"faces":{"north":{"uv":[0,0,0,4],"texture":"#1"},"east":{"uv":[4,0,8,4],"texture":"#1"},"south":{"uv":[0,0,0,4],"texture":"#1"},"west":{"uv":[4,0,8,4],"texture":"#1"},"up":{"uv":[0,0,6,0],"rotation":90,"texture":"#1"},"down":{"uv":[0,0,6,0],"rotation":270,"texture":"#1"}}},{"from":[8.95,7,4],"to":[8.95,15,12],"rotation":{"angle":45,"axis":"x","origin":[8.95,11,8]},"faces":{"north":{"uv":[0,0,6,0],"rotation":270,"texture":"#1"},"east":{"uv":[0,4,4,8],"rotation":90,"texture":"#1"},"south":{"uv":[0,0,6,0],"rotation":270,"texture":"#1"},"west":{"uv":[0,4,4,8],"rotation":270,"texture":"#1"},"up":{"uv":[0,0,0,4],"texture":"#1"},"down":{"uv":[0,0,0,4],"rotation":180,"texture":"#1"}}},{"from":[8.95,7,4],"to":[8.95,15,12],"rotation":{"angle":22.5,"axis":"x","origin":[8.95,11,8]},"faces":{"north":{"uv":[0,0,6,0],"rotation":270,"texture":"#1"},"east":{"uv":[4,4,8,8],"rotation":90,"texture":"#1"},"south":{"uv":[0,0,6,0],"rotation":270,"texture":"#1"},"west":{"uv":[4,4,8,8],"rotation":270,"texture":"#1"},"up":{"uv":[0,0,0,4],"texture":"#1"},"down":{"uv":[0,0,0,4],"rotation":180,"texture":"#1"}}},{"from":[7.95,7,4],"to":[7.95,15,12],"rotation":{"angle":22.5,"axis":"x","origin":[7.95,11,8]},"faces":{"north":{"uv":[8,8,14,8],"rotation":270,"texture":"#1"},"east":{"uv":[12,12,16,16],"rotation":90,"texture":"#1"},"south":{"uv":[8,8,14,8],"rotation":270,"texture":"#1"},"west":{"uv":[12,12,16,16],"rotation":270,"texture":"#1"},"up":{"uv":[8,8,8,12],"texture":"#1"},"down":{"uv":[8,8,8,12],"rotation":180,"texture":"#1"}}},{"from":[7.95,7,4],"to":[7.95,15,12],"rotation":{"angle":45,"axis":"x","origin":[7.95,11,8]},"faces":{"north":{"uv":[8,8,14,8],"rotation":270,"texture":"#1"},"east":{"uv":[8,12,12,16],"rotation":90,"texture":"#1"},"south":{"uv":[8,8,14,8],"rotation":270,"texture":"#1"},"west":{"uv":[8,12,12,16],"rotation":270,"texture":"#1"},"up":{"uv":[8,8,8,12],"texture":"#1"},"down":{"uv":[8,8,8,12],"rotation":180,"texture":"#1"}}},{"from":[7.95,7,4],"to":[7.95,15,12],"rotation":{"angle":-22.5,"axis":"x","origin":[7.95,11,8]},"faces":{"north":{"uv":[8,8,8,12],"texture":"#1"},"east":{"uv":[12,8,16,12],"texture":"#1"},"south":{"uv":[8,8,8,12],"texture":"#1"},"west":{"uv":[12,8,16,12],"texture":"#1"},"up":{"uv":[8,8,14,8],"rotation":90,"texture":"#1"},"down":{"uv":[8,8,14,8],"rotation":270,"texture":"#1"}}},{"from":[7.95,7,4],"to":[7.95,15,12],"rotation":{"angle":0,"axis":"y","origin":[7.95,9,6]},"faces":{"north":{"uv":[8,8,8,12],"texture":"#1"},"east":{"uv":[8,8,12,12],"texture":"#1"},"south":{"uv":[8,8,8,12],"texture":"#1"},"west":{"uv":[8,8,12,12],"texture":"#1"},"up":{"uv":[8,8,14,8],"rotation":90,"texture":"#1"},"down":{"uv":[8,8,14,8],"rotation":270,"texture":"#1"}}},{"from":[14.66919,13.75115,3.725],"to":[16.16919,14.75115,12.275],"rotation":{"angle":22.5,"axis":"z","origin":[16.73817,2.6,8]},"faces":{"north":{"uv":[4.375,0,4,0.25],"rotation":180,"texture":"#0"},"east":{"uv":[7.125,6.5,5,6.75],"rotation":180,"texture":"#0"},"south":{"uv":[4.375,0.25,4,0],"texture":"#0"},"west":{"uv":[7.125,6.75,5,7],"rotation":180,"texture":"#0"},"up":{"uv":[3.25,8,5.375,7.625],"rotation":270,"texture":"#0"},"down":{"uv":[3.375,3,3,5.125],"texture":"#0"}}},{"from":[14.18442,7.77089,11.325],"to":[16.18442,13.77089,12.275],"rotation":{"angle":22.5,"axis":"z","origin":[16.73817,2.6,8]},"faces":{"north":{"uv":[3,2.125,2.5,3.625],"rotation":180,"texture":"#0"},"east":{"uv":[0,7.5,1.5,7.25],"rotation":90,"texture":"#0"},"south":{"uv":[8,3.5,7.5,5],"texture":"#0"},"west":{"uv":[5.25,4.75,6.75,4.5],"rotation":270,"texture":"#0"},"up":{"uv":[8,3.125,7.5,3.375],"rotation":180,"texture":"#0"},"down":{"uv":[8,3.125,7.5,3.5],"texture":"#0"}}},{"from":[14.18442,7.77089,3.725],"to":[16.18442,13.77089,4.675],"rotation":{"angle":22.5,"axis":"z","origin":[16.73817,2.6,8]},"faces":{"north":{"uv":[8,5,7.5,3.5],"rotation":180,"texture":"#0"},"east":{"uv":[0,7.25,1.5,7.5],"rotation":90,"texture":"#0"},"south":{"uv":[3,3.625,2.5,2.125],"texture":"#0"},"west":{"uv":[5.25,4.5,6.75,4.75],"rotation":270,"texture":"#0"},"up":{"uv":[8,3.375,7.5,3.125],"rotation":180,"texture":"#0"},"down":{"uv":[8,3.5,7.5,3.125],"texture":"#0"}}},{"from":[12.4,6.4,3.7],"to":[22.4,8.4,4.7],"rotation":{"angle":0,"axis":"y","origin":[16.73817,2.6,8]},"faces":{"north":{"uv":[8,7.5,7.5,5],"rotation":270,"texture":"#0"},"east":{"uv":[3.5,0.25,4,0],"rotation":90,"texture":"#0"},"south":{"uv":[8,8,5.5,7.5],"texture":"#0"},"west":{"uv":[3.5,0,4,0.25],"rotation":90,"texture":"#0"},"up":{"uv":[7.5,7.25,5,7],"rotation":180,"texture":"#0"},"down":{"uv":[7.5,7.5,5,7.25],"texture":"#0"}}},{"from":[12.4,6.4,11.3],"to":[22.4,8.4,12.3],"rotation":{"angle":0,"axis":"y","origin":[16.73817,2.6,8]},"faces":{"north":{"uv":[8,7.5,5.5,8],"rotation":180,"texture":"#0"},"east":{"uv":[3.5,0,4,0.25],"rotation":90,"texture":"#0"},"south":{"uv":[7.5,7.5,8,5],"rotation":90,"texture":"#0"},"west":{"uv":[3.5,0.25,4,0],"rotation":90,"texture":"#0"},"up":{"uv":[7.5,7,5,7.25],"rotation":180,"texture":"#0"},"down":{"uv":[7.5,7.25,5,7.5],"texture":"#0"}}},{"from":[22.73372,6.65,9.09433],"to":[23.73372,8.15,14.09433],"rotation":{"angle":45,"axis":"y","origin":[16.73817,2.6,8]},"faces":{"north":{"uv":[5.125,3.25,5.5,3],"rotation":90,"texture":"#0"},"east":{"uv":[5.125,4.5,5.5,3.25],"rotation":90,"texture":"#0"},"south":{"uv":[5.125,3.25,5.5,3],"rotation":270,"texture":"#0"},"west":{"uv":[2.125,3.375,2.5,2.125],"rotation":90,"texture":"#0"},"up":{"uv":[2.25,0.875,2,2.125],"texture":"#0"},"down":{"uv":[2.5,0.875,2.25,2.125],"texture":"#0"}}},{"from":[22.80443,6.65,0.97638],"to":[23.80443,8.15,6.97638],"rotation":{"angle":-45,"axis":"y","origin":[16.73817,2.6,8]},"faces":{"north":{"uv":[2,0.875,2.375,0.625],"rotation":90,"texture":"#0"},"east":{"uv":[7.125,7,7.5,5.5],"rotation":90,"texture":"#0"},"south":{"uv":[2.375,0.875,2,0.625],"rotation":270,"texture":"#0"},"west":{"uv":[7.125,6,5.625,6.375],"rotation":180,"texture":"#0"},"up":{"uv":[5.625,5.75,7.125,5.5],"rotation":270,"texture":"#0"},"down":{"uv":[5.625,6,7.125,5.75],"rotation":270,"texture":"#0"}}},{"from":[17.42506,4.5,3.12325],"to":[19.42506,6.5,6.12325],"rotation":{"angle":-22.5,"axis":"y","origin":[16.73817,5.5,8]},"faces":{"north":{"uv":[4.5,4,5,3.5],"rotation":180,"texture":"#0"},"east":{"uv":[4.5,3.5,5,2.75],"rotation":270,"texture":"#0"},"south":{"uv":[4.5,4,5,3.5],"texture":"#0"},"west":{"uv":[4.5,3.5,5,2.75],"rotation":90,"texture":"#0"},"up":{"uv":[4,3.125,4.5,2.375],"rotation":180,"texture":"#0"},"down":{"uv":[4,3.125,4.5,2.375],"texture":"#0"}}},{"from":[15.42506,4,1.12325],"to":[17.42506,7,7.12325],"rotation":{"angle":-22.5,"axis":"y","origin":[16.73817,5.5,8]},"faces":{"north":{"uv":[2,6.5,2.5,5.75],"rotation":180,"texture":"#0"},"east":{"uv":[0.75,7.125,1.5,5.625],"rotation":270,"texture":"#0"},"south":{"uv":[2,6.5,2.5,5.75],"texture":"#0"},"west":{"uv":[2.5,8,3.25,6.5],"rotation":90,"texture":"#0"},"up":{"uv":[2,8,2.5,6.5],"rotation":180,"texture":"#0"},"down":{"uv":[2,8,2.5,6.5],"texture":"#0"}}},{"from":[0.05168,4.5,-9.54609],"to":[6.05168,6.5,-6.54609],"rotation":{"angle":-22.5,"axis":"y","origin":[16.73817,5.5,8]},"faces":{"north":{"uv":[0,4.375,1.5,3.875],"rotation":180,"texture":"#0"},"east":{"uv":[1,0.75,1.5,0],"rotation":270,"texture":"#0"},"south":{"uv":[0,5.625,1.5,5.125],"texture":"#0"},"west":{"uv":[1,0.75,1.5,0],"rotation":90,"texture":"#0"},"up":{"uv":[0,5.125,1.5,4.375],"rotation":180,"texture":"#0"},"down":{"uv":[0,5.125,1.5,4.375],"texture":"#0"}}},{"from":[6.05168,4.5,-10.54609],"to":[8.05168,6.5,-5.54609],"rotation":{"angle":-22.5,"axis":"y","origin":[16.73817,5.5,8]},"faces":{"north":{"uv":[1,1.75,1.5,1.25],"rotation":180,"texture":"#0"},"east":{"uv":[0,6.875,0.5,5.625],"rotation":270,"texture":"#0"},"south":{"uv":[1,1.75,1.5,1.25],"texture":"#0"},"west":{"uv":[0,6.875,0.5,5.625],"rotation":90,"texture":"#0"},"up":{"uv":[1,3,1.5,1.75],"rotation":180,"texture":"#0"},"down":{"uv":[1,3,1.5,1.75],"texture":"#0"}}},{"from":[18.0531,4.5,-10.42792],"to":[20.0531,6.5,5.57208],"rotation":{"angle":22.5,"axis":"y","origin":[16.73817,5.5,8]},"faces":{"north":{"uv":[1,1.25,1.5,0.75],"rotation":180,"texture":"#0"},"east":{"uv":[1.5,8,2,4],"rotation":270,"texture":"#0"},"south":{"uv":[1,1.25,1.5,0.75],"texture":"#0"},"west":{"uv":[1.5,8,2,4],"rotation":90,"texture":"#0"},"up":{"uv":[2,4,1.5,0],"rotation":180,"texture":"#0"},"down":{"uv":[1.5,4,2,0],"texture":"#0"}}},{"from":[22.02764,3.75,18.25654],"to":[24.02764,7.25,24.25654],"rotation":{"angle":-22.5,"axis":"y","origin":[16.73817,5.5,8]},"faces":{"north":{"uv":[3.5,1,3,0.125],"rotation":180,"texture":"#0"},"east":{"uv":[2.125,3.625,3,5.125],"rotation":90,"texture":"#0"},"south":{"uv":[3.5,0.125,3,1],"texture":"#0"},"west":{"uv":[2.125,3.625,3,5.125],"rotation":270,"texture":"#0"},"up":{"uv":[2.5,2.125,3,0.625],"texture":"#0"},"down":{"uv":[2.5,0.625,3,2.125],"texture":"#0"}}},{"from":[0.05168,4.5,22.54609],"to":[6.05168,6.5,25.54609],"rotation":{"angle":22.5,"axis":"y","origin":[16.73817,5.5,8]},"faces":{"north":{"uv":[0,5.125,1.5,5.625],"rotation":180,"texture":"#0"},"east":{"uv":[1,0,1.5,0.75],"rotation":270,"texture":"#0"},"south":{"uv":[0,3.875,1.5,4.375],"texture":"#0"},"west":{"uv":[1,0,1.5,0.75],"rotation":90,"texture":"#0"},"up":{"uv":[0,4.375,1.5,5.125],"rotation":180,"texture":"#0"},"down":{"uv":[0,4.375,1.5,5.125],"texture":"#0"}}},{"from":[15.0531,5.5,14.42792],"to":[19.0531,5.5,22.92792],"rotation":{"angle":-22.5,"axis":"y","origin":[16.73817,5.5,8]},"faces":{"north":{"uv":[1,0.75,2.25,0.75],"rotation":180,"texture":"#0"},"east":{"uv":[1.5,4,1.5,7.125],"rotation":270,"texture":"#0"},"south":{"uv":[1,0.75,2.25,0.75],"texture":"#0"},"west":{"uv":[1.5,4,1.5,7.125],"rotation":90,"texture":"#0"},"up":{"uv":[4.5,0.25,3.5,2.375],"rotation":180,"texture":"#0"},"down":{"uv":[3.5,0.25,4.5,2.375],"texture":"#0"}}},{"from":[15.0531,5.5,-6.92792],"to":[19.0531,5.5,1.57208],"rotation":{"angle":22.5,"axis":"y","origin":[16.73817,5.5,8]},"faces":{"north":{"uv":[1,0.75,2.25,0.75],"rotation":180,"texture":"#0"},"east":{"uv":[1.5,7.125,1.5,4],"rotation":270,"texture":"#0"},"south":{"uv":[1,0.75,2.25,0.75],"texture":"#0"},"west":{"uv":[1.5,7.125,1.5,4],"rotation":90,"texture":"#0"},"up":{"uv":[4.5,2.375,3.5,0.25],"rotation":180,"texture":"#0"},"down":{"uv":[3.5,2.375,4.5,0.25],"texture":"#0"}}},{"from":[9,5.5,8],"to":[9.5,5.5,30],"rotation":{"angle":0,"axis":"y","origin":[16.73817,5.5,8]},"faces":{"north":{"uv":[0,0,1,0],"rotation":180,"texture":"#0"},"east":{"uv":[0,0,0,5.5],"rotation":270,"texture":"#0"},"south":{"uv":[0,0,1,0],"texture":"#0"},"west":{"uv":[0,0,0,5.5],"rotation":90,"texture":"#0"},"up":{"uv":[7.875,2.5,8,8],"rotation":180,"texture":"#0"},"down":{"uv":[7.875,2.5,8,8],"texture":"#0"}}},{"from":[9,5.5,-14],"to":[9.5,5.5,8],"rotation":{"angle":0,"axis":"y","origin":[16.73817,5.5,8]},"faces":{"north":{"uv":[0,0,1,0],"rotation":180,"texture":"#0"},"east":{"uv":[0,5.5,0,0],"rotation":270,"texture":"#0"},"south":{"uv":[0,0,1,0],"texture":"#0"},"west":{"uv":[0,5.5,0,0],"rotation":90,"texture":"#0"},"up":{"uv":[7.875,8,8,2.5],"rotation":180,"texture":"#0"},"down":{"uv":[7.875,8,8,2.5],"texture":"#0"}}},{"from":[-12,4,7],"to":[-6,6,9],"rotation":{"angle":0,"axis":"y","origin":[-12,1,7.75]},"faces":{"north":{"uv":[6,16,5.5,14.5],"rotation":270,"texture":"#0"},"east":{"uv":[4.5,8.5,5,8],"rotation":270,"texture":"#0"},"south":{"uv":[6,14.5,5.5,16],"rotation":270,"texture":"#0"},"west":{"uv":[4.5,8,5,8.5],"rotation":270,"texture":"#0"},"up":{"uv":[5.5,14.5,5,16],"rotation":270,"texture":"#0"},"down":{"uv":[5.5,14.5,5,16],"rotation":270,"texture":"#0"}}},{"from":[-15.12471,4,5.85935],"to":[-9.12471,6,7.85935],"rotation":{"angle":-22.5,"axis":"y","origin":[-11.65224,5,8]},"faces":{"north":{"uv":[1,14.5,0.5,16],"rotation":90,"texture":"#0"},"east":{"uv":[0,14,0.5,14.5],"rotation":180,"texture":"#0"},"south":{"uv":[0.5,14.5,1,16],"rotation":270,"texture":"#0"},"west":{"uv":[0,14,0.5,14.5],"texture":"#0"},"up":{"uv":[0.5,14.5,0,16],"rotation":270,"texture":"#0"},"down":{"uv":[0,14.5,0.5,16],"rotation":270,"texture":"#0"}}},{"from":[-15.5,3,6],"to":[-13.5,7,10],"rotation":{"angle":0,"axis":"y","origin":[-20.5,-3,0]},"faces":{"north":{"uv":[1,15.5,2,16],"rotation":90,"texture":"#0"},"east":{"uv":[2.125,15,3.125,16],"rotation":270,"texture":"#0"},"south":{"uv":[1,15.5,2,16],"rotation":270,"texture":"#0"},"west":{"uv":[1,14.5,2,15.5],"rotation":270,"texture":"#0"},"up":{"uv":[1,15.5,2,16],"rotation":270,"texture":"#0"},"down":{"uv":[1,15.5,2,16],"rotation":270,"texture":"#0"}}},{"from":[-15.12471,4,8.14065],"to":[-9.12471,6,10.14065],"rotation":{"angle":22.5,"axis":"y","origin":[-11.65224,5,8]},"faces":{"north":{"uv":[1,14.5,0.5,16],"rotation":90,"texture":"#0"},"east":{"uv":[0.5,14,0,14.5],"rotation":180,"texture":"#0"},"south":{"uv":[1,14.5,0.5,16],"rotation":270,"texture":"#0"},"west":{"uv":[0.5,14,0,14.5],"texture":"#0"},"up":{"uv":[0,14.5,0.5,16],"rotation":270,"texture":"#0"},"down":{"uv":[0.5,14.5,0,16],"rotation":270,"texture":"#0"}}},{"from":[-15.12471,5.14065,7],"to":[-9.12471,7.14065,9],"rotation":{"angle":-22.5,"axis":"z","origin":[-11.65224,5,8]},"faces":{"north":{"uv":[0,14.5,0.5,16],"rotation":90,"texture":"#0"},"east":{"uv":[0,14,0.5,14.5],"rotation":90,"texture":"#0"},"south":{"uv":[0.5,14.5,0,16],"rotation":270,"texture":"#0"},"west":{"uv":[0,14,0.5,14.5],"rotation":90,"texture":"#0"},"up":{"uv":[1,14.5,0.5,16],"rotation":270,"texture":"#0"},"down":{"uv":[0.5,14.5,1,16],"rotation":270,"texture":"#0"}}},{"from":[-15.12471,2.85935,7],"to":[-9.12471,4.85935,9],"rotation":{"angle":22.5,"axis":"z","origin":[-11.65224,5,8]},"faces":{"north":{"uv":[0.5,14.5,0,16],"rotation":90,"texture":"#0"},"east":{"uv":[0.5,14,0,14.5],"rotation":90,"texture":"#0"},"south":{"uv":[0,14.5,0.5,16],"rotation":270,"texture":"#0"},"west":{"uv":[0.5,14,0,14.5],"rotation":90,"texture":"#0"},"up":{"uv":[1,14.5,0.5,16],"rotation":270,"texture":"#0"},"down":{"uv":[1,14.5,0.5,16],"rotation":270,"texture":"#0"}}},{"from":[7.47868,4.85,6.75],"to":[13.97868,7.85,9.75],"rotation":{"angle":45,"axis":"x","origin":[7.97868,6.6,8]},"faces":{"north":{"uv":[9.625,2.375,8,3.125],"texture":"#0"},"east":{"uv":[8.875,1.625,9.625,2.375],"texture":"#0"},"south":{"uv":[9.625,3.125,10.375,1.5],"rotation":90,"texture":"#0"},"west":{"uv":[9.625,1.625,8.875,2.375],"texture":"#0"},"up":{"uv":[9.625,2.375,8,3.125],"texture":"#0"},"down":{"uv":[10.375,1.5,9.625,3.125],"rotation":90,"texture":"#0"}}},{"from":[-8,-2,8],"to":[7,4,8],"faces":{"north":{"uv":[12.25,14.5,16,16],"texture":"#0"},"east":{"uv":[0,0,0,1.5],"texture":"#0"},"south":{"uv":[16,14.5,12.25,16],"texture":"#0"},"west":{"uv":[0,0,0,1.5],"texture":"#0"},"up":{"uv":[0,0,3.75,0],"texture":"#0"},"down":{"uv":[0,0,3.75,0],"texture":"#0"}}}],"gui_light":"front","display":{"thirdperson_righthand":{"rotation":[0,110,0],"translation":[-1.5,1.5,-2.75],"scale":[0.5,0.5,0.5]},"thirdperson_lefthand":{"rotation":[0,-75,0],"translation":[-1.5,1.5,-2.75],"scale":[0.5,0.5,0.5]},"firstperson_righthand":{"rotation":[-163,75,170],"translation":[0.5,4,-2],"scale":[0.5,0.5,0.5]},"firstperson_lefthand":{"rotation":[-163,-105,-170],"translation":[0.5,4,-2],"scale":[0.5,0.5,0.5]},"ground":{"translation":[0,2.75,0],"scale":[0.5,0.5,0.5]},"gui":{"rotation":[90,-135,0],"translation":[0.25,-0.25,-2.25],"scale":[0.35,0.35,0.35]},"head":{"rotation":[-23,50,0],"translation":[1.5,11.75,0],"scale":[0.56,0.56,0.56]},"fixed":{"rotation":[-90,-45,0],"translation":[-0.25,-0.5,-2.25],"scale":[1.14047,1.14047,1.14047]}}}