{"credit":"Made with Blockbench","texture_size":[32,32],"textures":{"0":"elitecreatures:gamer_girl_animated/keytex","2":"elitecreatures:gamer_girl_animated/square","particle":"elitecreatures:gamer_girl_animated/keytex"},"elements":[{"from":[6,-0.07322,13.6014],"to":[8,3.92678,17.6014],"rotation":{"angle":45,"axis":"x","origin":[8,1.75,8]},"faces":{"north":{"uv":[7.25,13,9.25,12],"rotation":90,"texture":"#0"},"east":{"uv":[9.25,16,7.25,14],"rotation":180,"texture":"#0"},"south":{"uv":[9.25,13,7.25,14],"rotation":90,"texture":"#0"},"west":{"uv":[9.25,14,7.25,16],"texture":"#0"},"up":{"uv":[9.25,14,7.25,13],"rotation":270,"texture":"#0"},"down":{"uv":[9.25,12,7.25,13],"rotation":90,"texture":"#0"}}},{"from":[6,-8.83008,10.15546],"to":[8,-5.83008,11.15546],"rotation":{"angle":-45,"axis":"x","origin":[8,1.75,8]},"faces":{"north":{"uv":[15,4.75,16,6.25],"texture":"#0"},"east":{"uv":[14.5,12.25,16,12.75],"rotation":90,"texture":"#0"},"south":{"uv":[15,3.25,16,4.75],"rotation":180,"texture":"#0"},"west":{"uv":[14.5,12.25,16,12.75],"rotation":90,"texture":"#0"},"up":{"uv":[13,11.25,12,11.75],"texture":"#0"},"down":{"uv":[11.5,10,10.5,10.5],"rotation":180,"texture":"#0"}}},{"from":[8,-8.83008,10.15546],"to":[10,-5.83008,11.15546],"rotation":{"angle":-45,"axis":"x","origin":[8,1.75,8]},"faces":{"north":{"uv":[16,4.75,15,6.25],"texture":"#0"},"east":{"uv":[14.5,12.75,16,12.25],"rotation":90,"texture":"#0"},"south":{"uv":[16,3.25,15,4.75],"rotation":180,"texture":"#0"},"west":{"uv":[14.5,12.75,16,12.25],"rotation":90,"texture":"#0"},"up":{"uv":[13,11.25,12,11.75],"texture":"#0"},"down":{"uv":[11.5,10,10.5,10.5],"rotation":180,"texture":"#0"}}},{"from":[8,-0.07322,13.6014],"to":[10,3.92678,17.6014],"rotation":{"angle":45,"axis":"x","origin":[8,1.75,8]},"faces":{"north":{"uv":[7.25,12,9.25,13],"rotation":90,"texture":"#0"},"east":{"uv":[7.25,14,9.25,16],"texture":"#0"},"south":{"uv":[7.25,13,9.25,14],"rotation":90,"texture":"#0"},"west":{"uv":[7.25,16,9.25,14],"rotation":180,"texture":"#0"},"up":{"uv":[9.25,13,7.25,14],"rotation":270,"texture":"#0"},"down":{"uv":[9.25,13,7.25,12],"rotation":90,"texture":"#0"}}},{"from":[6,-8.83008,8.15546],"to":[8,-7.83008,10.15546],"rotation":{"angle":-45,"axis":"x","origin":[8,1.75,8]},"faces":{"north":{"uv":[9,7.125,9.5,8],"rotation":90,"texture":"#0"},"east":{"uv":[9.5,8,10.5,7.5],"rotation":180,"texture":"#0"},"south":{"uv":[9,7.125,9.5,8],"rotation":270,"texture":"#0"},"west":{"uv":[9.5,7.5,10.5,8],"texture":"#0"},"up":{"uv":[9.25,6.875,10.25,6],"rotation":270,"texture":"#0"},"down":{"uv":[9.25,6,10.25,6.875],"rotation":90,"texture":"#0"}}},{"from":[8,-8.83008,8.15546],"to":[10,-7.83008,10.15546],"rotation":{"angle":-45,"axis":"x","origin":[8,1.75,8]},"faces":{"north":{"uv":[9,8,9.5,7.125],"rotation":90,"texture":"#0"},"east":{"uv":[10.5,7.5,9.5,8],"texture":"#0"},"south":{"uv":[9,8,9.5,7.125],"rotation":270,"texture":"#0"},"west":{"uv":[10.5,8,9.5,7.5],"rotation":180,"texture":"#0"},"up":{"uv":[9.25,6,10.25,6.875],"rotation":270,"texture":"#0"},"down":{"uv":[9.25,6.875,10.25,6],"rotation":90,"texture":"#0"}}},{"from":[6,-1.0519,12.62272],"to":[8,1.9481,13.62272],"rotation":{"angle":45,"axis":"x","origin":[8,1.75,8]},"faces":{"north":{"uv":[16,3.25,15,4.75],"rotation":180,"texture":"#0"},"east":{"uv":[14.5,12.75,16,12.25],"rotation":90,"texture":"#0"},"south":{"uv":[16,4.75,15,6.25],"texture":"#0"},"west":{"uv":[14.5,12.75,16,12.25],"rotation":90,"texture":"#0"},"up":{"uv":[13,11.75,12,11.25],"texture":"#0"},"down":{"uv":[11.5,10.5,10.5,10],"rotation":180,"texture":"#0"}}},{"from":[7,-16,8.09317],"to":[9,-10,10.09317],"rotation":{"angle":-22.5,"axis":"x","origin":[8,1.75,8]},"faces":{"north":{"uv":[2,16,1,13],"texture":"#0"},"east":{"uv":[0,16,1,13],"texture":"#0"},"south":{"uv":[2,16,1,13],"texture":"#0"},"west":{"uv":[1,16,0,13],"texture":"#0"},"up":{"uv":[1,13,0,12],"rotation":90,"texture":"#0"},"down":{"uv":[1,13,0,12],"rotation":270,"texture":"#0"}}},{"from":[7,-11.99977,16.0695],"to":[9,-5.99977,18.0695],"rotation":{"angle":22.5,"axis":"x","origin":[8,1.75,8]},"faces":{"north":{"uv":[2,16,1,13],"texture":"#0"},"east":{"uv":[1,16,0,13],"texture":"#0"},"south":{"uv":[1,16,2,13],"texture":"#0"},"west":{"uv":[0,16,1,13],"texture":"#0"},"up":{"uv":[0,13,1,12],"rotation":90,"texture":"#0"},"down":{"uv":[0,13,1,12],"rotation":270,"texture":"#0"}}},{"from":[3.01184,-14.10453,12.5],"to":[5.01184,-8.10453,14.5],"rotation":{"angle":22.5,"axis":"z","origin":[8,1.75,8]},"faces":{"north":{"uv":[0,16,1,13],"texture":"#0"},"east":{"uv":[2,16,1,13],"texture":"#0"},"south":{"uv":[1,16,0,13],"texture":"#0"},"west":{"uv":[2,16,1,13],"texture":"#0"},"up":{"uv":[0,12,1,13],"rotation":180,"texture":"#0"},"down":{"uv":[0,12,1,13],"rotation":180,"texture":"#0"}}},{"from":[6,-15.5,11.5],"to":[10,-13.5,15.5],"rotation":{"angle":0,"axis":"y","origin":[8,1.75,8]},"faces":{"north":{"uv":[2,16,4,15],"texture":"#0"},"east":{"uv":[2,16,4,15],"texture":"#0"},"south":{"uv":[2,16,4,15],"texture":"#0"},"west":{"uv":[2,16,4,15],"texture":"#0"},"up":{"uv":[4.25,16,6.25,14],"rotation":270,"texture":"#0"},"down":{"uv":[2,15,4,13],"rotation":90,"texture":"#0"}}},{"from":[10.98816,-14.10453,12.5],"to":[12.98816,-8.10453,14.5],"rotation":{"angle":-22.5,"axis":"z","origin":[8,1.75,8]},"faces":{"north":{"uv":[1,16,0,13],"texture":"#0"},"east":{"uv":[1,16,2,13],"texture":"#0"},"south":{"uv":[0,16,1,13],"texture":"#0"},"west":{"uv":[2,16,1,13],"texture":"#0"},"up":{"uv":[1,12,0,13],"rotation":180,"texture":"#0"},"down":{"uv":[1,12,0,13],"rotation":180,"texture":"#0"}}},{"from":[8,-1.0519,12.62272],"to":[10,1.9481,13.62272],"rotation":{"angle":45,"axis":"x","origin":[8,1.75,8]},"faces":{"north":{"uv":[15,3.25,16,4.75],"rotation":180,"texture":"#0"},"east":{"uv":[14.5,12.25,16,12.75],"rotation":90,"texture":"#0"},"south":{"uv":[15,4.75,16,6.25],"texture":"#0"},"west":{"uv":[14.5,12.25,16,12.75],"rotation":90,"texture":"#0"},"up":{"uv":[13,11.75,12,11.25],"texture":"#0"},"down":{"uv":[11.5,10.5,10.5,10],"rotation":180,"texture":"#0"}}},{"from":[6,-1.0519,13.62272],"to":[8,-0.0519,15.62272],"rotation":{"angle":45,"axis":"x","origin":[8,1.75,8]},"faces":{"north":{"uv":[9,8,9.5,7.125],"rotation":270,"texture":"#0"},"east":{"uv":[10.5,8,9.5,7.5],"rotation":180,"texture":"#0"},"south":{"uv":[9,8,9.5,7.125],"rotation":90,"texture":"#0"},"west":{"uv":[10.5,7.5,9.5,8],"texture":"#0"},"up":{"uv":[10.25,6.875,9.25,6],"rotation":270,"texture":"#0"},"down":{"uv":[10.25,6,9.25,6.875],"rotation":90,"texture":"#0"}}},{"from":[8,-1.0519,13.62272],"to":[10,-0.0519,15.62272],"rotation":{"angle":45,"axis":"x","origin":[8,1.75,8]},"faces":{"north":{"uv":[9,7.125,9.5,8],"rotation":270,"texture":"#0"},"east":{"uv":[9.5,7.5,10.5,8],"texture":"#0"},"south":{"uv":[9,7.125,9.5,8],"rotation":90,"texture":"#0"},"west":{"uv":[9.5,8,10.5,7.5],"rotation":180,"texture":"#0"},"up":{"uv":[10.25,6,9.25,6.875],"rotation":270,"texture":"#0"},"down":{"uv":[10.25,6.875,9.25,6],"rotation":90,"texture":"#0"}}},{"from":[7,-8.5,12.5],"to":[9,-2.5,14.5],"rotation":{"angle":0,"axis":"y","origin":[8,1.75,8]},"faces":{"north":{"uv":[10.25,13,9.25,16],"texture":"#0"},"east":{"uv":[11.25,13,10.25,16],"texture":"#0"},"south":{"uv":[10.25,13,9.25,16],"texture":"#0"},"west":{"uv":[11.25,16,10.25,13],"rotation":180,"texture":"#0"},"up":{"uv":[9,0,10,1],"rotation":270,"texture":"#0"},"down":{"uv":[9,1,10,0],"rotation":90,"texture":"#0"}}},{"from":[7,4.75,12.5],"to":[9,10.75,14.5],"rotation":{"angle":0,"axis":"y","origin":[8,1.75,8]},"faces":{"north":{"uv":[10.25,16,9.25,13],"texture":"#0"},"east":{"uv":[11.25,16,10.25,13],"texture":"#0"},"south":{"uv":[10.25,16,9.25,13],"texture":"#0"},"west":{"uv":[11.25,13,10.25,16],"rotation":180,"texture":"#0"},"up":{"uv":[9,0,10,1],"rotation":270,"texture":"#0"},"down":{"uv":[9,1,10,0],"rotation":90,"texture":"#0"}}},{"from":[7,10.75,12.5],"to":[9,16.75,14.5],"rotation":{"angle":0,"axis":"y","origin":[8,1.75,8]},"faces":{"north":{"uv":[10.25,13,9.25,16],"texture":"#0"},"east":{"uv":[11.25,13,10.25,16],"texture":"#0"},"south":{"uv":[10.25,13,9.25,16],"texture":"#0"},"west":{"uv":[11.25,16,10.25,13],"rotation":180,"texture":"#0"},"up":{"uv":[9,0,10,1],"rotation":270,"texture":"#0"},"down":{"uv":[9,1,10,0],"rotation":90,"texture":"#0"}}},{"from":[6.75,3.2479,9.00314],"to":[9.25,6.2479,11.00314],"rotation":{"angle":22.5,"axis":"x","origin":[8,1.75,8]},"faces":{"north":{"uv":[13,10,11.5,11.25],"rotation":270,"texture":"#0"},"east":{"uv":[12,14.5,13,13],"texture":"#0"},"south":{"uv":[15.75,2,14.25,3.25],"rotation":90,"texture":"#0"},"west":{"uv":[12,13,13,14.5],"rotation":180,"texture":"#0"},"up":{"uv":[12.5,2.25,11.25,1.25],"texture":"#0"},"down":{"uv":[12.5,2.25,11.25,1.25],"rotation":180,"texture":"#0"}}},{"from":[6.25,-3.25,9.5],"to":[9.75,2.75,11.5],"rotation":{"angle":0,"axis":"y","origin":[8,1.75,8]},"faces":{"north":{"uv":[13.25,6.25,15,3.25],"rotation":180,"texture":"#0"},"east":{"uv":[12.25,5.5,13.25,2.5],"texture":"#0"},"south":{"uv":[13.25,6.25,15,3.25],"rotation":180,"texture":"#0"},"west":{"uv":[12.25,2.5,13.25,5.5],"rotation":180,"texture":"#0"},"up":{"uv":[14.25,1.5,13.25,3.25],"rotation":270,"texture":"#0"},"down":{"uv":[14.25,3.25,13.25,1.5],"rotation":90,"texture":"#0"}}},{"from":[10.40416,-1.65,10.40416],"to":[13.40416,4.85,13.40416],"rotation":{"angle":-45,"axis":"y","origin":[8,1.75,8]},"faces":{"north":{"uv":[14.5,14.5,11.25,16],"rotation":90,"texture":"#0"},"east":{"uv":[14.5,16,16,12.75],"rotation":180,"texture":"#0"},"south":{"uv":[16,12.75,14.5,16],"rotation":180,"texture":"#0"},"west":{"uv":[14.5,14.5,11.25,16],"rotation":270,"texture":"#0"},"up":{"uv":[14.5,13,13,14.5],"texture":"#0"},"down":{"uv":[13,13,14.5,14.5],"rotation":180,"texture":"#0"}}},{"from":[8,14.55922,-2.05115],"to":[10,19.55922,2.94885],"rotation":{"angle":45,"axis":"x","origin":[8,1.75,8]},"faces":{"north":{"uv":[13.5,7.25,11,6.25],"rotation":270,"texture":"#0"},"east":{"uv":[16,9.75,13.5,7.25],"rotation":180,"texture":"#0"},"south":{"uv":[16,7.25,13.5,6.25],"rotation":90,"texture":"#0"},"west":{"uv":[16,12.25,13.5,9.75],"texture":"#0"},"up":{"uv":[13.5,6.25,16,7.25],"rotation":270,"texture":"#0"},"down":{"uv":[13.5,6.25,11,7.25],"rotation":270,"texture":"#0"}}},{"from":[6,14.55922,-2.05115],"to":[8,19.55922,2.94885],"rotation":{"angle":45,"axis":"x","origin":[8,1.75,8]},"faces":{"north":{"uv":[13.5,6.25,11,7.25],"rotation":270,"texture":"#0"},"east":{"uv":[13.5,12.25,16,9.75],"texture":"#0"},"south":{"uv":[16,6.25,13.5,7.25],"rotation":90,"texture":"#0"},"west":{"uv":[13.5,9.75,16,7.25],"rotation":180,"texture":"#0"},"up":{"uv":[13.5,7.25,16,6.25],"rotation":270,"texture":"#0"},"down":{"uv":[13.5,7.25,11,6.25],"rotation":270,"texture":"#0"}}},{"from":[11,13.9,9.45],"to":[11,21.9,17.45],"rotation":{"angle":0,"axis":"y","origin":[8,1.75,8]},"faces":{"north":{"uv":[8,8,8,12],"texture":"#2"},"east":{"uv":[12,8,8,12],"texture":"#2"},"south":{"uv":[8,8,8,12],"texture":"#2"},"west":{"uv":[12,8,8,12],"texture":"#2"},"up":{"uv":[8,8,14,8],"rotation":270,"texture":"#2"},"down":{"uv":[8,8,14,8],"rotation":90,"texture":"#2"}}},{"from":[11,14.75628,2.85481],"to":[11,22.75628,10.85481],"rotation":{"angle":22.5,"axis":"x","origin":[8,1.75,8]},"faces":{"north":{"uv":[8,8,8,12],"texture":"#2"},"east":{"uv":[16,8,12,12],"texture":"#2"},"south":{"uv":[8,8,8,12],"texture":"#2"},"west":{"uv":[16,8,12,12],"texture":"#2"},"up":{"uv":[8,8,14,8],"rotation":270,"texture":"#2"},"down":{"uv":[8,8,14,8],"rotation":90,"texture":"#2"}}},{"from":[11,10.58503,15.21548],"to":[11,18.58503,23.21548],"rotation":{"angle":-22.5,"axis":"x","origin":[8,1.75,8]},"faces":{"north":{"uv":[8,8,14,8],"rotation":270,"texture":"#2"},"east":{"uv":[12,16,16,12],"rotation":90,"texture":"#2"},"south":{"uv":[8,8,14,8],"rotation":270,"texture":"#2"},"west":{"uv":[12,16,16,12],"rotation":270,"texture":"#2"},"up":{"uv":[8,8,8,12],"rotation":180,"texture":"#2"},"down":{"uv":[8,8,8,12],"texture":"#2"}}},{"from":[12,10.58503,15.21548],"to":[12,18.58503,23.21548],"rotation":{"angle":-22.5,"axis":"x","origin":[8,1.75,8]},"faces":{"north":{"uv":[0,0,6,0],"rotation":270,"texture":"#2"},"east":{"uv":[4,8,8,4],"rotation":90,"texture":"#2"},"south":{"uv":[0,0,6,0],"rotation":270,"texture":"#2"},"west":{"uv":[4,8,8,4],"rotation":270,"texture":"#2"},"up":{"uv":[0,0,0,4],"rotation":180,"texture":"#2"},"down":{"uv":[0,0,0,4],"texture":"#2"}}},{"from":[12,14.75628,2.85481],"to":[12,22.75628,10.85481],"rotation":{"angle":22.5,"axis":"x","origin":[8,1.75,8]},"faces":{"north":{"uv":[0,0,0,4],"texture":"#2"},"east":{"uv":[8,0,4,4],"texture":"#2"},"south":{"uv":[0,0,0,4],"texture":"#2"},"west":{"uv":[8,0,4,4],"texture":"#2"},"up":{"uv":[0,0,6,0],"rotation":270,"texture":"#2"},"down":{"uv":[0,0,6,0],"rotation":90,"texture":"#2"}}},{"from":[12,13.9,9.45],"to":[12,21.9,17.45],"rotation":{"angle":0,"axis":"y","origin":[8,1.75,8]},"faces":{"north":{"uv":[0,0,0,4],"texture":"#2"},"east":{"uv":[4,0,0,4],"texture":"#2"},"south":{"uv":[0,0,0,4],"texture":"#2"},"west":{"uv":[4,0,0,4],"texture":"#2"},"up":{"uv":[0,0,6,0],"rotation":270,"texture":"#2"},"down":{"uv":[0,0,6,0],"rotation":90,"texture":"#2"}}},{"from":[4,13.9,9.45],"to":[4,21.9,17.45],"rotation":{"angle":0,"axis":"y","origin":[8,1.75,8]},"faces":{"north":{"uv":[0,0,0,4],"texture":"#2"},"east":{"uv":[0,0,4,4],"texture":"#2"},"south":{"uv":[0,0,0,4],"texture":"#2"},"west":{"uv":[0,0,4,4],"texture":"#2"},"up":{"uv":[0,0,6,0],"rotation":270,"texture":"#2"},"down":{"uv":[0,0,6,0],"rotation":90,"texture":"#2"}}},{"from":[4,14.75628,2.85481],"to":[4,22.75628,10.85481],"rotation":{"angle":22.5,"axis":"x","origin":[8,1.75,8]},"faces":{"north":{"uv":[0,0,0,4],"texture":"#2"},"east":{"uv":[4,0,8,4],"texture":"#2"},"south":{"uv":[0,0,0,4],"texture":"#2"},"west":{"uv":[4,0,8,4],"texture":"#2"},"up":{"uv":[0,0,6,0],"rotation":270,"texture":"#2"},"down":{"uv":[0,0,6,0],"rotation":90,"texture":"#2"}}},{"from":[4,10.58503,15.21548],"to":[4,18.58503,23.21548],"rotation":{"angle":-22.5,"axis":"x","origin":[8,1.75,8]},"faces":{"north":{"uv":[0,0,6,0],"rotation":270,"texture":"#2"},"east":{"uv":[4,4,8,8],"rotation":270,"texture":"#2"},"south":{"uv":[0,0,6,0],"rotation":270,"texture":"#2"},"west":{"uv":[4,4,8,8],"rotation":90,"texture":"#2"},"up":{"uv":[0,0,0,4],"rotation":180,"texture":"#2"},"down":{"uv":[0,0,0,4],"texture":"#2"}}},{"from":[5,10.58503,15.21548],"to":[5,18.58503,23.21548],"rotation":{"angle":-22.5,"axis":"x","origin":[8,1.75,8]},"faces":{"north":{"uv":[8,8,14,8],"rotation":270,"texture":"#2"},"east":{"uv":[12,12,16,16],"rotation":270,"texture":"#2"},"south":{"uv":[8,8,14,8],"rotation":270,"texture":"#2"},"west":{"uv":[12,12,16,16],"rotation":90,"texture":"#2"},"up":{"uv":[8,8,8,12],"rotation":180,"texture":"#2"},"down":{"uv":[8,8,8,12],"texture":"#2"}}},{"from":[5,14.75628,2.85481],"to":[5,22.75628,10.85481],"rotation":{"angle":22.5,"axis":"x","origin":[8,1.75,8]},"faces":{"north":{"uv":[8,8,8,12],"texture":"#2"},"east":{"uv":[12,8,16,12],"texture":"#2"},"south":{"uv":[8,8,8,12],"texture":"#2"},"west":{"uv":[12,8,16,12],"texture":"#2"},"up":{"uv":[8,8,14,8],"rotation":270,"texture":"#2"},"down":{"uv":[8,8,14,8],"rotation":90,"texture":"#2"}}},{"from":[5,13.9,9.45],"to":[5,21.9,17.45],"rotation":{"angle":0,"axis":"y","origin":[8,1.75,8]},"faces":{"north":{"uv":[8,8,8,12],"texture":"#2"},"east":{"uv":[8,8,12,12],"texture":"#2"},"south":{"uv":[8,8,8,12],"texture":"#2"},"west":{"uv":[8,8,12,12],"texture":"#2"},"up":{"uv":[8,8,14,8],"rotation":270,"texture":"#2"},"down":{"uv":[8,8,14,8],"rotation":90,"texture":"#2"}}},{"from":[8,-4,14.5],"to":[8,19,17.5],"rotation":{"angle":0,"axis":"y","origin":[8,1.75,8]},"faces":{"north":{"uv":[4.5,2,4.5,13.5],"texture":"#0"},"east":{"uv":[4.5,2,6,13.5],"texture":"#0"},"south":{"uv":[4.5,2,4.5,13.5],"texture":"#0"},"west":{"uv":[6,2,4.5,13.5],"texture":"#0"},"up":{"uv":[4.5,2,6,2],"rotation":270,"texture":"#0"},"down":{"uv":[4.5,2,6,2],"rotation":90,"texture":"#0"}}},{"from":[6.5,16.5,15.5],"to":[9.5,19.5,17.5],"rotation":{"angle":0,"axis":"y","origin":[8,1.75,8]},"faces":{"north":{"uv":[10.75,4.25,12.25,5.75],"rotation":270,"texture":"#0"},"east":{"uv":[13,0,14.5,1],"rotation":270,"texture":"#0"},"south":{"uv":[14.5,0,16,1.5],"rotation":270,"texture":"#0"},"west":{"uv":[13,0,14.5,1],"rotation":90,"texture":"#0"},"up":{"uv":[11.5,0,13,1],"rotation":180,"texture":"#0"},"down":{"uv":[11.5,0,13,1],"texture":"#0"}}},{"from":[6.5,16.5,9.5],"to":[9.5,19.5,11.5],"rotation":{"angle":0,"axis":"y","origin":[8,1.75,8]},"faces":{"north":{"uv":[14.5,1.5,16,0],"rotation":270,"texture":"#0"},"east":{"uv":[13,1,14.5,0],"rotation":270,"texture":"#0"},"south":{"uv":[10.75,5.75,12.25,4.25],"rotation":270,"texture":"#0"},"west":{"uv":[13,1,14.5,0],"rotation":90,"texture":"#0"},"up":{"uv":[11.5,1,13,0],"rotation":180,"texture":"#0"},"down":{"uv":[11.5,1,13,0],"texture":"#0"}}}],"gui_light":"front","display":{"thirdperson_righthand":{"rotation":[-12.5,0,0],"translation":[0,6.5,-4.25],"scale":[0.65,0.65,0.65]},"thirdperson_lefthand":{"rotation":[-12.5,0,0],"translation":[0,6.5,-4.25],"scale":[0.65,0.65,0.65]},"firstperson_righthand":{"rotation":[-16.89,3.07,3.33],"translation":[3.5,5.25,-6.25],"scale":[0.51953,0.51953,0.51953]},"firstperson_lefthand":{"rotation":[-16.89,3.07,3.33],"translation":[3.5,5.25,-6.25],"scale":[0.51953,0.51953,0.51953]},"ground":{"rotation":[0,0,90],"translation":[1.25,0.25,0],"scale":[0.5,0.5,0.5]},"gui":{"rotation":[106,135,-90],"translation":[-3.25,-0.25,-1.25],"scale":[0.45172,0.45172,0.45172]},"head":{"rotation":[90,-168,90],"translation":[-0.5,11.75,0],"scale":[0.56,0.56,0.56]},"fixed":{"rotation":[0,90,0],"translation":[-5.75,5,-2.25],"scale":[1.17664,1.17664,1.17664]}}}