{"credit":"Made with Blockbench","texture_size":[32,32],"textures":{"0":"elitecreatures:gamer_girl_animated/helmettex","1":"elitecreatures:gamer_girl_animated/boxs","2":"elitecreatures:gamer_girl_animated/square","particle":"elitecreatures:gamer_girl_animated/helmettex"},"elements":[{"from":[4,12,1],"to":[12,13,3],"shade":false,"rotation":{"angle":0,"axis":"y","origin":[0,1,1]},"faces":{"north":{"uv":[5,0,9,0.5],"texture":"#0"},"east":{"uv":[0,0,1,0.5],"texture":"#0"},"south":{"uv":[1,1,5,1.5],"texture":"#0"},"west":{"uv":[0,0,1,0.5],"texture":"#0"},"up":{"uv":[5,0.5,9,1.5],"texture":"#0"},"down":{"uv":[1,0,5,1],"texture":"#0"}}},{"from":[1,7,2],"to":[15,12,2],"rotation":{"angle":0,"axis":"y","origin":[0,1,1]},"faces":{"north":{"uv":[0.5,4.5,7.5,7],"texture":"#0"},"east":{"uv":[0,0,0,2],"texture":"#0"},"south":{"uv":[7.5,4.5,0.5,7],"texture":"#0"},"west":{"uv":[0,0,0,2],"texture":"#0"},"up":{"uv":[5,0.5,12,0.5],"texture":"#0"},"down":{"uv":[1,0,8,0],"texture":"#0"}}},{"from":[12,12,1.25],"to":[16,13,2.75],"rotation":{"angle":-22.5,"axis":"z","origin":[12,13,1]},"faces":{"north":{"uv":[3.75,1.5,5.75,2],"texture":"#0"},"east":{"uv":[1,1.5,1.75,2],"texture":"#0"},"south":{"uv":[1.75,1.5,3.75,2],"texture":"#0"},"west":{"uv":[1,1.5,1.75,2],"texture":"#0"},"up":{"uv":[0,2.75,2,3.5],"texture":"#0"},"down":{"uv":[0,2,2,2.75],"texture":"#0"}}},{"from":[13.54476,6.71597,1.6],"to":[14.54476,8.71597,2.4],"rotation":{"angle":-45,"axis":"z","origin":[14.5,8.7,1]},"faces":{"north":{"uv":[0,5,0.5,6],"texture":"#0"},"east":{"uv":[1,3.5,1.5,4.5],"texture":"#0"},"south":{"uv":[0,4,0.5,5],"texture":"#0"},"west":{"uv":[0.5,3.5,1,4.5],"texture":"#0"},"up":{"uv":[0,3.5,0.5,4],"texture":"#0"},"down":{"uv":[0,3.5,0.5,4],"texture":"#0"}}},{"from":[13.54476,8.71597,1.5],"to":[14.54476,10.71597,2.5],"rotation":{"angle":-22.5,"axis":"z","origin":[14.5,8.7,1]},"faces":{"north":{"uv":[2,3.5,2.5,4.5],"texture":"#0"},"east":{"uv":[2.5,2,3,3],"texture":"#0"},"south":{"uv":[1.5,3.5,2,4.5],"texture":"#0"},"west":{"uv":[2,2,2.5,3],"texture":"#0"},"up":{"uv":[2,3,2.5,3.5],"texture":"#0"},"down":{"uv":[2,3,2.5,3.5],"texture":"#0"}}},{"from":[0,12,1.25],"to":[4,13,2.75],"rotation":{"angle":22.5,"axis":"z","origin":[4,13,1]},"faces":{"north":{"uv":[5.75,1.5,3.75,2],"texture":"#0"},"east":{"uv":[1.75,1.5,1,2],"texture":"#0"},"south":{"uv":[3.75,1.5,1.75,2],"texture":"#0"},"west":{"uv":[1.75,1.5,1,2],"texture":"#0"},"up":{"uv":[2,2.75,0,3.5],"texture":"#0"},"down":{"uv":[2,2,0,2.75],"texture":"#0"}}},{"from":[1.45524,8.71597,1.5],"to":[2.45524,10.71597,2.5],"rotation":{"angle":22.5,"axis":"z","origin":[1.5,8.7,1]},"faces":{"north":{"uv":[2.5,3.5,2,4.5],"texture":"#0"},"east":{"uv":[2.5,2,2,3],"texture":"#0"},"south":{"uv":[2,3.5,1.5,4.5],"texture":"#0"},"west":{"uv":[3,2,2.5,3],"texture":"#0"},"up":{"uv":[2.5,3,2,3.5],"texture":"#0"},"down":{"uv":[2.5,3,2,3.5],"texture":"#0"}}},{"from":[1.45524,6.71597,1.6],"to":[2.45524,8.71597,2.4],"rotation":{"angle":45,"axis":"z","origin":[1.5,8.7,1]},"faces":{"north":{"uv":[0.5,5,0,6],"texture":"#0"},"east":{"uv":[1,3.5,0.5,4.5],"texture":"#0"},"south":{"uv":[0.5,4,0,5],"texture":"#0"},"west":{"uv":[1.5,3.5,1,4.5],"texture":"#0"},"up":{"uv":[0.5,3.5,0,4],"texture":"#0"},"down":{"uv":[0.5,3.5,0,4],"texture":"#0"}}},{"from":[2.25,9.5,14.8],"to":[13.75,12.5,15.8],"rotation":{"angle":0,"axis":"y","origin":[0.7,11,8.7]},"faces":{"north":{"uv":[10.25,12,16,13.5],"texture":"#0"},"east":{"uv":[10.25,12,9.75,13.5],"texture":"#0"},"south":{"uv":[10.25,14,16,15.5],"texture":"#0"},"west":{"uv":[9.75,12,10.25,13.5],"texture":"#0"},"up":{"uv":[10.25,13.5,16,14],"rotation":180,"texture":"#0"},"down":{"uv":[10.25,15.5,16,16],"rotation":180,"texture":"#0"}}},{"from":[1,10,2],"to":[2,12,4],"rotation":{"angle":-22.5,"axis":"y","origin":[1.5,11,2]},"faces":{"north":{"uv":[1,13.5,0.5,14.5],"texture":"#0"},"east":{"uv":[1,11.5,0,12.5],"texture":"#0"},"south":{"uv":[1,13.5,0.5,14.5],"texture":"#0"},"west":{"uv":[1,12.5,0,13.5],"texture":"#0"},"up":{"uv":[1.5,12.5,1,13.5],"texture":"#0"},"down":{"uv":[0.5,13.5,0,14.5],"texture":"#0"}}},{"from":[14,10,2],"to":[15,12,4],"rotation":{"angle":22.5,"axis":"y","origin":[14.5,11,2]},"faces":{"north":{"uv":[0.5,13.5,1,14.5],"texture":"#0"},"east":{"uv":[0,12.5,1,13.5],"texture":"#0"},"south":{"uv":[0.5,13.5,1,14.5],"texture":"#0"},"west":{"uv":[0,11.5,1,12.5],"texture":"#0"},"up":{"uv":[1,12.5,1.5,13.5],"texture":"#0"},"down":{"uv":[0,13.5,0.5,14.5],"texture":"#0"}}},{"from":[0.2,9.5,3.7],"to":[1.2,12.5,13.7],"rotation":{"angle":0,"axis":"y","origin":[0.7,11,8.7]},"faces":{"north":{"uv":[0,7.5,0.5,9],"texture":"#0"},"east":{"uv":[0.5,9,5.5,10.5],"texture":"#0"},"south":{"uv":[0,7.5,0.5,9],"texture":"#0"},"west":{"uv":[0.5,7.5,5.5,9],"texture":"#0"},"up":{"uv":[0.5,10.5,5.5,11],"rotation":90,"texture":"#0"},"down":{"uv":[0.5,11,5.5,11.5],"rotation":90,"texture":"#0"}}},{"from":[-1,9.75,3.75],"to":[1,12.25,6.75],"rotation":{"angle":-22.5,"axis":"y","origin":[-1,11.25,6.75]},"faces":{"north":{"uv":[11.5,7,12.75,8],"rotation":270,"texture":"#0"},"east":{"uv":[11.5,5,13,3.75],"texture":"#0"},"south":{"uv":[11.5,7,12.75,8],"rotation":90,"texture":"#0"},"west":{"uv":[9.5,1.25,11,0],"texture":"#0"},"up":{"uv":[11,4.5,10,3],"texture":"#0"},"down":{"uv":[11,3,10,4.5],"texture":"#0"}}},{"from":[-1,9.25,6.75],"to":[1,12.75,12.75],"rotation":{"angle":0,"axis":"y","origin":[-1,11.25,6.75]},"faces":{"north":{"uv":[13.5,9,14.5,7.25],"rotation":180,"texture":"#0"},"east":{"uv":[15.25,9,13.5,12],"rotation":90,"texture":"#0"},"south":{"uv":[13.5,7.25,14.5,9],"texture":"#0"},"west":{"uv":[15.25,9,13.5,12],"rotation":270,"texture":"#0"},"up":{"uv":[13.5,11.25,12.5,8.25],"texture":"#0"},"down":{"uv":[13.5,8.25,12.5,11.25],"texture":"#0"}}},{"from":[-1.75,0.3,19.95],"to":[0.25,4.3,23.95],"rotation":{"angle":-45,"axis":"x","origin":[8,-3.5,7.25]},"faces":{"north":{"uv":[7.25,13,5.25,14],"rotation":90,"texture":"#0"},"east":{"uv":[7.25,14,5.25,16],"texture":"#0"},"south":{"uv":[5.25,13,7.25,12],"rotation":90,"texture":"#0"},"west":{"uv":[7.25,16,5.25,14],"rotation":180,"texture":"#0"},"up":{"uv":[7.25,14,5.25,13],"rotation":90,"texture":"#0"},"down":{"uv":[7.25,12,5.25,13],"rotation":270,"texture":"#0"}}},{"from":[15.75,0.3,19.95],"to":[17.75,4.3,23.95],"rotation":{"angle":-45,"axis":"x","origin":[8,-3.5,7.25]},"faces":{"north":{"uv":[7.25,14,5.25,13],"rotation":90,"texture":"#0"},"east":{"uv":[5.25,16,7.25,14],"rotation":180,"texture":"#0"},"south":{"uv":[5.25,12,7.25,13],"rotation":90,"texture":"#0"},"west":{"uv":[5.25,14,7.25,16],"texture":"#0"},"up":{"uv":[7.25,13,5.25,14],"rotation":90,"texture":"#0"},"down":{"uv":[7.25,13,5.25,12],"rotation":270,"texture":"#0"}}},{"from":[15,9.25,6.75],"to":[17,12.75,12.75],"rotation":{"angle":0,"axis":"y","origin":[17,11.25,6.75]},"faces":{"north":{"uv":[14.5,9,13.5,7.25],"rotation":180,"texture":"#0"},"east":{"uv":[15.25,12,13.5,9],"rotation":270,"texture":"#0"},"south":{"uv":[14.5,7.25,13.5,9],"texture":"#0"},"west":{"uv":[15.25,12,13.5,9],"rotation":90,"texture":"#0"},"up":{"uv":[12.5,11.25,13.5,8.25],"texture":"#0"},"down":{"uv":[12.5,8.25,13.5,11.25],"texture":"#0"}}},{"from":[15,9.75,3.75],"to":[17,12.25,6.75],"rotation":{"angle":22.5,"axis":"y","origin":[17,11.25,6.75]},"faces":{"north":{"uv":[11.5,8,12.75,7],"rotation":270,"texture":"#0"},"east":{"uv":[11,1.25,9.5,0],"texture":"#0"},"south":{"uv":[11.5,8,12.75,7],"rotation":90,"texture":"#0"},"west":{"uv":[13,5,11.5,3.75],"texture":"#0"},"up":{"uv":[10,4.5,11,3],"texture":"#0"},"down":{"uv":[10,3,11,4.5],"texture":"#0"}}},{"from":[-0.4,16.9,20.3],"to":[1.6,21.9,25.3],"rotation":{"angle":45,"axis":"x","origin":[6.6,26.4,8]},"faces":{"north":{"uv":[16,1,13.5,0],"rotation":90,"texture":"#0"},"east":{"uv":[16,6,13.5,3.5],"texture":"#0"},"south":{"uv":[13.5,1,11,0],"rotation":270,"texture":"#0"},"west":{"uv":[16,3.5,13.5,1],"rotation":180,"texture":"#0"},"up":{"uv":[13.5,0,16,1],"rotation":90,"texture":"#0"},"down":{"uv":[13.5,0,11,1],"rotation":90,"texture":"#0"}}},{"from":[14.4,16.9,20.3],"to":[16.4,21.9,25.3],"rotation":{"angle":45,"axis":"x","origin":[9.4,26.4,8]},"faces":{"north":{"uv":[16,0,13.5,1],"rotation":90,"texture":"#0"},"east":{"uv":[13.5,3.5,16,1],"rotation":180,"texture":"#0"},"south":{"uv":[13.5,0,11,1],"rotation":270,"texture":"#0"},"west":{"uv":[13.5,6,16,3.5],"texture":"#0"},"up":{"uv":[13.5,1,16,0],"rotation":90,"texture":"#0"},"down":{"uv":[13.5,1,11,0],"rotation":90,"texture":"#0"}}},{"from":[14.8,9.5,3.7],"to":[15.8,12.5,13.7],"rotation":{"angle":0,"axis":"y","origin":[15.3,11,8.7]},"faces":{"north":{"uv":[0.5,7.5,0,9],"texture":"#0"},"east":{"uv":[5.5,7.5,0.5,9],"texture":"#0"},"south":{"uv":[0.5,7.5,0,9],"texture":"#0"},"west":{"uv":[5.5,9,0.5,10.5],"texture":"#0"},"up":{"uv":[0.5,11,5.5,10.5],"rotation":90,"texture":"#0"},"down":{"uv":[0.5,11.5,5.5,11],"rotation":90,"texture":"#0"}}},{"from":[0.1,10,13.7],"to":[1.1,12,16.7],"rotation":{"angle":45,"axis":"y","origin":[0.1,11,13.7]},"faces":{"north":{"uv":[7.75,15,7.25,16],"texture":"#0"},"east":{"uv":[9.25,15,7.75,16],"texture":"#0"},"south":{"uv":[7.75,15,7.25,16],"texture":"#0"},"west":{"uv":[10.25,13.5,8.75,14.5],"texture":"#0"},"up":{"uv":[10.25,14.5,9.75,16],"texture":"#0"},"down":{"uv":[9.75,14.5,9.25,16],"texture":"#0"}}},{"from":[14.9,10,13.7],"to":[15.9,12,16.7],"rotation":{"angle":-45,"axis":"y","origin":[15.9,11,13.7]},"faces":{"north":{"uv":[7.25,15,7.75,16],"texture":"#0"},"east":{"uv":[8.75,13.5,10.25,14.5],"texture":"#0"},"south":{"uv":[7.25,15,7.75,16],"texture":"#0"},"west":{"uv":[7.75,15,9.25,16],"texture":"#0"},"up":{"uv":[9.75,14.5,10.25,16],"texture":"#0"},"down":{"uv":[9.25,14.5,9.75,16],"texture":"#0"}}},{"from":[0.5,8,12],"to":[0.5,22,26],"faces":{"north":{"uv":[0,0,0,16],"texture":"#1"},"east":{"uv":[14,16,0,2],"texture":"#1"},"south":{"uv":[0,0,0,16],"texture":"#1"},"west":{"uv":[0,16,14,2],"texture":"#1"},"up":{"uv":[0,0,4.5,0],"rotation":90,"texture":"#1"},"down":{"uv":[0,0,4.5,0],"rotation":270,"texture":"#1"}}},{"from":[15.5,8,12],"to":[15.5,22,26],"rotation":{"angle":0,"axis":"y","origin":[16,0,0]},"faces":{"north":{"uv":[0,0,0,16],"texture":"#1"},"east":{"uv":[14,16,0,2],"texture":"#1"},"south":{"uv":[0,0,0,16],"texture":"#1"},"west":{"uv":[0,16,14,2],"texture":"#1"},"up":{"uv":[0,0,4.5,0],"rotation":90,"texture":"#1"},"down":{"uv":[0,0,4.5,0],"rotation":270,"texture":"#1"}}},{"from":[19.05,7,9.5],"to":[19.05,15,17.5],"rotation":{"angle":0,"axis":"y","origin":[19.05,9,11.5]},"faces":{"north":{"uv":[0,0,0,4],"texture":"#2"},"east":{"uv":[0,0,4,4],"texture":"#2"},"south":{"uv":[0,0,0,4],"texture":"#2"},"west":{"uv":[0,0,4,4],"texture":"#2"},"up":{"uv":[0,0,6,0],"rotation":90,"texture":"#2"},"down":{"uv":[0,0,6,0],"rotation":270,"texture":"#2"}}},{"from":[19.05,7,9.5],"to":[19.05,15,17.5],"rotation":{"angle":-22.5,"axis":"x","origin":[19.05,11,13.5]},"faces":{"north":{"uv":[0,0,0,4],"texture":"#2"},"east":{"uv":[4,0,8,4],"texture":"#2"},"south":{"uv":[0,0,0,4],"texture":"#2"},"west":{"uv":[4,0,8,4],"texture":"#2"},"up":{"uv":[0,0,6,0],"rotation":90,"texture":"#2"},"down":{"uv":[0,0,6,0],"rotation":270,"texture":"#2"}}},{"from":[19.05,7,9.5],"to":[19.05,15,17.5],"rotation":{"angle":45,"axis":"x","origin":[19.05,11,13.5]},"faces":{"north":{"uv":[0,0,6,0],"rotation":270,"texture":"#2"},"east":{"uv":[0,4,4,8],"rotation":90,"texture":"#2"},"south":{"uv":[0,0,6,0],"rotation":270,"texture":"#2"},"west":{"uv":[0,4,4,8],"rotation":270,"texture":"#2"},"up":{"uv":[0,0,0,4],"texture":"#2"},"down":{"uv":[0,0,0,4],"rotation":180,"texture":"#2"}}},{"from":[19.05,7,9.5],"to":[19.05,15,17.5],"rotation":{"angle":22.5,"axis":"x","origin":[19.05,11,13.5]},"faces":{"north":{"uv":[0,0,6,0],"rotation":270,"texture":"#2"},"east":{"uv":[4,4,8,8],"rotation":90,"texture":"#2"},"south":{"uv":[0,0,6,0],"rotation":270,"texture":"#2"},"west":{"uv":[4,4,8,8],"rotation":270,"texture":"#2"},"up":{"uv":[0,0,0,4],"texture":"#2"},"down":{"uv":[0,0,0,4],"rotation":180,"texture":"#2"}}},{"from":[18.05,7,9.5],"to":[18.05,15,17.5],"rotation":{"angle":22.5,"axis":"x","origin":[18.05,11,13.5]},"faces":{"north":{"uv":[8,8,14,8],"rotation":270,"texture":"#2"},"east":{"uv":[12,12,16,16],"rotation":90,"texture":"#2"},"south":{"uv":[8,8,14,8],"rotation":270,"texture":"#2"},"west":{"uv":[12,12,16,16],"rotation":270,"texture":"#2"},"up":{"uv":[8,8,8,12],"texture":"#2"},"down":{"uv":[8,8,8,12],"rotation":180,"texture":"#2"}}},{"from":[18.05,7,9.5],"to":[18.05,15,17.5],"rotation":{"angle":45,"axis":"x","origin":[18.05,11,13.5]},"faces":{"north":{"uv":[8,8,14,8],"rotation":270,"texture":"#2"},"east":{"uv":[8,12,12,16],"rotation":90,"texture":"#2"},"south":{"uv":[8,8,14,8],"rotation":270,"texture":"#2"},"west":{"uv":[8,12,12,16],"rotation":270,"texture":"#2"},"up":{"uv":[8,8,8,12],"texture":"#2"},"down":{"uv":[8,8,8,12],"rotation":180,"texture":"#2"}}},{"from":[18.05,7,9.5],"to":[18.05,15,17.5],"rotation":{"angle":-22.5,"axis":"x","origin":[18.05,11,13.5]},"faces":{"north":{"uv":[8,8,8,12],"texture":"#2"},"east":{"uv":[12,8,16,12],"texture":"#2"},"south":{"uv":[8,8,8,12],"texture":"#2"},"west":{"uv":[12,8,16,12],"texture":"#2"},"up":{"uv":[8,8,14,8],"rotation":90,"texture":"#2"},"down":{"uv":[8,8,14,8],"rotation":270,"texture":"#2"}}},{"from":[18.05,7,9.5],"to":[18.05,15,17.5],"rotation":{"angle":0,"axis":"y","origin":[18.05,9,11.5]},"faces":{"north":{"uv":[8,8,8,12],"texture":"#2"},"east":{"uv":[8,8,12,12],"texture":"#2"},"south":{"uv":[8,8,8,12],"texture":"#2"},"west":{"uv":[8,8,12,12],"texture":"#2"},"up":{"uv":[8,8,14,8],"rotation":90,"texture":"#2"},"down":{"uv":[8,8,14,8],"rotation":270,"texture":"#2"}}},{"from":[-2.05,7,9.5],"to":[-2.05,15,17.5],"rotation":{"angle":0,"axis":"y","origin":[-2.05,9,11.5]},"faces":{"north":{"uv":[8,8,8,12],"texture":"#2"},"east":{"uv":[12,8,8,12],"texture":"#2"},"south":{"uv":[8,8,8,12],"texture":"#2"},"west":{"uv":[12,8,8,12],"texture":"#2"},"up":{"uv":[8,8,14,8],"rotation":90,"texture":"#2"},"down":{"uv":[8,8,14,8],"rotation":270,"texture":"#2"}}},{"from":[-2.05,7,9.5],"to":[-2.05,15,17.5],"rotation":{"angle":-22.5,"axis":"x","origin":[-2.05,11,13.5]},"faces":{"north":{"uv":[8,8,8,12],"texture":"#2"},"east":{"uv":[16,8,12,12],"texture":"#2"},"south":{"uv":[8,8,8,12],"texture":"#2"},"west":{"uv":[16,8,12,12],"texture":"#2"},"up":{"uv":[8,8,14,8],"rotation":90,"texture":"#2"},"down":{"uv":[8,8,14,8],"rotation":270,"texture":"#2"}}},{"from":[-2.05,7,9.5],"to":[-2.05,15,17.5],"rotation":{"angle":45,"axis":"x","origin":[-2.05,11,13.5]},"faces":{"north":{"uv":[8,8,14,8],"rotation":270,"texture":"#2"},"east":{"uv":[8,16,12,12],"rotation":270,"texture":"#2"},"south":{"uv":[8,8,14,8],"rotation":270,"texture":"#2"},"west":{"uv":[8,16,12,12],"rotation":90,"texture":"#2"},"up":{"uv":[8,8,8,12],"texture":"#2"},"down":{"uv":[8,8,8,12],"rotation":180,"texture":"#2"}}},{"from":[-2.05,7,9.5],"to":[-2.05,15,17.5],"rotation":{"angle":22.5,"axis":"x","origin":[-2.05,11,13.5]},"faces":{"north":{"uv":[8,8,14,8],"rotation":270,"texture":"#2"},"east":{"uv":[12,16,16,12],"rotation":270,"texture":"#2"},"south":{"uv":[8,8,14,8],"rotation":270,"texture":"#2"},"west":{"uv":[12,16,16,12],"rotation":90,"texture":"#2"},"up":{"uv":[8,8,8,12],"texture":"#2"},"down":{"uv":[8,8,8,12],"rotation":180,"texture":"#2"}}},{"from":[-3.05,7,9.5],"to":[-3.05,15,17.5],"rotation":{"angle":22.5,"axis":"x","origin":[-3.05,11,13.5]},"faces":{"north":{"uv":[0,0,6,0],"rotation":270,"texture":"#2"},"east":{"uv":[4,8,8,4],"rotation":270,"texture":"#2"},"south":{"uv":[0,0,6,0],"rotation":270,"texture":"#2"},"west":{"uv":[4,8,8,4],"rotation":90,"texture":"#2"},"up":{"uv":[0,0,0,4],"texture":"#2"},"down":{"uv":[0,0,0,4],"rotation":180,"texture":"#2"}}},{"from":[-3.05,7,9.5],"to":[-3.05,15,17.5],"rotation":{"angle":45,"axis":"x","origin":[-3.05,11,13.5]},"faces":{"north":{"uv":[0,0,6,0],"rotation":270,"texture":"#2"},"east":{"uv":[0,8,4,4],"rotation":270,"texture":"#2"},"south":{"uv":[0,0,6,0],"rotation":270,"texture":"#2"},"west":{"uv":[0,8,4,4],"rotation":90,"texture":"#2"},"up":{"uv":[0,0,0,4],"texture":"#2"},"down":{"uv":[0,0,0,4],"rotation":180,"texture":"#2"}}},{"from":[-3.05,7,9.5],"to":[-3.05,15,17.5],"rotation":{"angle":-22.5,"axis":"x","origin":[-3.05,11,13.5]},"faces":{"north":{"uv":[0,0,0,4],"texture":"#2"},"east":{"uv":[8,0,4,4],"texture":"#2"},"south":{"uv":[0,0,0,4],"texture":"#2"},"west":{"uv":[8,0,4,4],"texture":"#2"},"up":{"uv":[0,0,6,0],"rotation":90,"texture":"#2"},"down":{"uv":[0,0,6,0],"rotation":270,"texture":"#2"}}},{"from":[-3.05,7,9.5],"to":[-3.05,15,17.5],"rotation":{"angle":0,"axis":"y","origin":[-3.05,9,11.5]},"faces":{"north":{"uv":[0,0,0,4],"texture":"#2"},"east":{"uv":[4,0,0,4],"texture":"#2"},"south":{"uv":[0,0,0,4],"texture":"#2"},"west":{"uv":[4,0,0,4],"texture":"#2"},"up":{"uv":[0,0,6,0],"rotation":90,"texture":"#2"},"down":{"uv":[0,0,6,0],"rotation":270,"texture":"#2"}}}],"gui_light":"front","display":{"thirdperson_righthand":{"rotation":[42.76,10.93,-4.97],"translation":[0,2.5,0],"scale":[0.54492,0.54492,0.54492]},"thirdperson_lefthand":{"rotation":[42.76,10.93,-4.97],"translation":[0,2.5,0],"scale":[0.54492,0.54492,0.54492]},"firstperson_righthand":{"rotation":[0,106,0],"translation":[10,-4.25,-12]},"firstperson_lefthand":{"rotation":[0,106,0],"translation":[10,-4.25,-12]},"ground":{"translation":[0,3,0],"scale":[0.54688,0.54688,0.54688]},"gui":{"rotation":[30,144,0],"translation":[-0.75,-2,0],"scale":[0.56484,0.56484,0.56484]},"head":{"translation":[0,-4.5,-0.5],"scale":[1.15,1.15,1.15]},"fixed":{"translation":[0,0.5,-12],"scale":[1.61133,1.61133,1.61133]}}}