{"credit":"Made with Blockbench","texture_size":[32,32],"textures":{"0":"elitecreatures:gamer_girl_animated/hoetex","1":"elitecreatures:gamer_girl_animated/boxs","particle":"elitecreatures:gamer_girl_animated/hoetex"},"elements":[{"from":[15.25938,10.33718,6.91656],"to":[19.25938,14.33718,8.91656],"rotation":{"angle":45,"axis":"z","origin":[7.66656,1.6837,8]},"faces":{"north":{"uv":[7.25,16,9.25,14],"rotation":180,"texture":"#0"},"east":{"uv":[7.25,12,9.25,13],"rotation":90,"texture":"#0"},"south":{"uv":[7.25,14,9.25,16],"texture":"#0"},"west":{"uv":[9.25,14,7.25,13],"rotation":90,"texture":"#0"},"up":{"uv":[9.25,13,7.25,14],"texture":"#0"},"down":{"uv":[9.25,13,7.25,12],"texture":"#0"}}},{"from":[4.91656,10,5.16656],"to":[8.91656,16,8.66656],"rotation":{"angle":0,"axis":"y","origin":[7.66656,1.6837,8]},"faces":{"north":{"uv":[9,1.25,11,4.25],"texture":"#0"},"east":{"uv":[9,1.25,11,4.25],"texture":"#0"},"south":{"uv":[9,4.25,11,1.25],"rotation":180,"texture":"#0"},"west":{"uv":[9,1.25,11,4.25],"texture":"#0"},"up":{"uv":[11.5,9,13.5,7.25],"texture":"#0"},"down":{"uv":[11.5,7.25,13.5,9],"texture":"#0"}}},{"from":[5.91656,-2,5.91656],"to":[7.91656,4,7.91656],"rotation":{"angle":0,"axis":"y","origin":[7.66656,1.6837,8]},"faces":{"north":{"uv":[10.25,13,11.25,16],"texture":"#0"},"east":{"uv":[9.25,13,10.25,16],"texture":"#0"},"south":{"uv":[10.25,16,11.25,13],"rotation":180,"texture":"#0"},"west":{"uv":[9.25,13,10.25,16],"texture":"#0"},"up":{"uv":[9,1,10,0],"texture":"#0"},"down":{"uv":[9,0,10,1],"texture":"#0"}}},{"from":[5.91656,-14,5.91656],"to":[7.91656,-8,7.91656],"rotation":{"angle":0,"axis":"y","origin":[7.66656,1.6837,8]},"faces":{"north":{"uv":[10.25,13,11.25,16],"texture":"#0"},"east":{"uv":[9.25,13,10.25,16],"texture":"#0"},"south":{"uv":[10.25,16,11.25,13],"rotation":180,"texture":"#0"},"west":{"uv":[9.25,13,10.25,16],"texture":"#0"},"up":{"uv":[9,1,10,0],"texture":"#0"},"down":{"uv":[9,0,10,1],"texture":"#0"}}},{"from":[15.25938,10.33718,4.91656],"to":[19.25938,14.33718,6.91656],"rotation":{"angle":45,"axis":"z","origin":[7.66656,1.6837,8]},"faces":{"north":{"uv":[9.25,14,7.25,16],"texture":"#0"},"east":{"uv":[7.25,13,9.25,12],"rotation":90,"texture":"#0"},"south":{"uv":[9.25,16,7.25,14],"rotation":180,"texture":"#0"},"west":{"uv":[7.25,14,9.25,13],"rotation":90,"texture":"#0"},"up":{"uv":[9.25,14,7.25,13],"texture":"#0"},"down":{"uv":[9.25,12,7.25,13],"texture":"#0"}}},{"from":[5.91656,4,5.91656],"to":[7.91656,10,7.91656],"rotation":{"angle":0,"axis":"y","origin":[7.66656,1.6837,8]},"faces":{"north":{"uv":[10.25,16,11.25,13],"texture":"#0"},"east":{"uv":[9.25,16,10.25,13],"texture":"#0"},"south":{"uv":[10.25,13,11.25,16],"rotation":180,"texture":"#0"},"west":{"uv":[9.25,16,10.25,13],"texture":"#0"},"up":{"uv":[9,1,10,0],"texture":"#0"},"down":{"uv":[9,0,10,1],"texture":"#0"}}},{"from":[8.81656,9.59845,14.38252],"to":[10.81656,14.59845,19.38252],"rotation":{"angle":-45,"axis":"x","origin":[7.66656,1.6837,8]},"faces":{"north":{"uv":[13.5,7.25,11,6.25],"rotation":270,"texture":"#0"},"east":{"uv":[16,9.75,13.5,7.25],"rotation":180,"texture":"#0"},"south":{"uv":[16,7.25,13.5,6.25],"rotation":90,"texture":"#0"},"west":{"uv":[16,12.25,13.5,9.75],"texture":"#0"},"up":{"uv":[13.5,6.25,16,7.25],"rotation":270,"texture":"#0"},"down":{"uv":[13.5,6.25,11,7.25],"rotation":270,"texture":"#0"}}},{"from":[5.91656,0.56025,6.38635],"to":[7.91656,6.56025,8.38635],"rotation":{"angle":22.5,"axis":"x","origin":[7.66656,1.6837,8]},"faces":{"north":{"uv":[2,13,1,16],"texture":"#0"},"east":{"uv":[0,13,1,16],"texture":"#0"},"south":{"uv":[1,13,2,16],"texture":"#0"},"west":{"uv":[1,13,0,16],"texture":"#0"},"up":{"uv":[1,12,0,13],"rotation":90,"texture":"#0"},"down":{"uv":[1,12,0,13],"rotation":270,"texture":"#0"}}},{"from":[4.91656,5.5,4.91656],"to":[8.91656,7.5,8.91656],"rotation":{"angle":0,"axis":"y","origin":[7.66656,1.6837,8]},"faces":{"north":{"uv":[4,15,2,16],"texture":"#0"},"east":{"uv":[4,15,2,16],"texture":"#0"},"south":{"uv":[4,15,2,16],"texture":"#0"},"west":{"uv":[4,15,2,16],"texture":"#0"},"up":{"uv":[2,15,4,13],"texture":"#0"},"down":{"uv":[4.25,16,6.25,14],"texture":"#0"}}},{"from":[5.41656,-16,5.41656],"to":[8.41656,-14,8.41656],"rotation":{"angle":0,"axis":"y","origin":[7.66656,1.6837,8]},"faces":{"north":{"uv":[14.5,0,13,1],"texture":"#0"},"east":{"uv":[13,0,11.5,1],"texture":"#0"},"south":{"uv":[14.5,0,13,1],"texture":"#0"},"west":{"uv":[13,0,11.5,1],"texture":"#0"},"up":{"uv":[14.5,1.5,16,0],"texture":"#0"},"down":{"uv":[10.75,5.75,12.25,4.25],"texture":"#0"}}},{"from":[5.91656,1.38948,5.6117],"to":[7.91656,7.38948,7.6117],"rotation":{"angle":-22.5,"axis":"x","origin":[7.66656,1.6837,8]},"faces":{"north":{"uv":[1,13,2,16],"texture":"#0"},"east":{"uv":[1,13,0,16],"texture":"#0"},"south":{"uv":[1,13,2,16],"texture":"#0"},"west":{"uv":[0,13,1,16],"texture":"#0"},"up":{"uv":[0,12,1,13],"rotation":90,"texture":"#0"},"down":{"uv":[0,12,1,13],"rotation":270,"texture":"#0"}}},{"from":[6.36097,0.68786,5.91656],"to":[8.36097,6.68786,7.91656],"rotation":{"angle":-22.5,"axis":"z","origin":[7.66656,1.6837,8]},"faces":{"north":{"uv":[0,13,1,16],"texture":"#0"},"east":{"uv":[1,13,2,16],"texture":"#0"},"south":{"uv":[1,13,0,16],"texture":"#0"},"west":{"uv":[2,13,1,16],"texture":"#0"},"up":{"uv":[0,13,1,12],"rotation":180,"texture":"#0"},"down":{"uv":[0,13,1,12],"rotation":180,"texture":"#0"}}},{"from":[5.58632,1.26188,5.91656],"to":[7.58632,7.26188,7.91656],"rotation":{"angle":22.5,"axis":"z","origin":[7.66656,1.6837,8]},"faces":{"north":{"uv":[1,13,0,16],"texture":"#0"},"east":{"uv":[1,13,2,16],"texture":"#0"},"south":{"uv":[0,13,1,16],"texture":"#0"},"west":{"uv":[1,13,2,16],"texture":"#0"},"up":{"uv":[1,13,0,12],"rotation":180,"texture":"#0"},"down":{"uv":[1,13,0,12],"rotation":180,"texture":"#0"}}},{"from":[5.91656,-8,5.91656],"to":[7.91656,-2,7.91656],"rotation":{"angle":0,"axis":"y","origin":[7.66656,1.6837,8]},"faces":{"north":{"uv":[10.25,16,11.25,13],"texture":"#0"},"east":{"uv":[9.25,16,10.25,13],"texture":"#0"},"south":{"uv":[10.25,13,11.25,16],"rotation":180,"texture":"#0"},"west":{"uv":[9.25,16,10.25,13],"texture":"#0"},"up":{"uv":[9,1,10,0],"texture":"#0"},"down":{"uv":[9,0,10,1],"texture":"#0"}}},{"from":[3.01656,9.59845,14.38252],"to":[5.01656,14.59845,19.38252],"rotation":{"angle":-45,"axis":"x","origin":[7.66656,1.6837,8]},"faces":{"north":{"uv":[13.5,6.25,11,7.25],"rotation":270,"texture":"#0"},"east":{"uv":[13.5,12.25,16,9.75],"texture":"#0"},"south":{"uv":[16,6.25,13.5,7.25],"rotation":90,"texture":"#0"},"west":{"uv":[13.5,9.75,16,7.25],"rotation":180,"texture":"#0"},"up":{"uv":[13.5,7.25,16,6.25],"rotation":270,"texture":"#0"},"down":{"uv":[13.5,7.25,11,6.25],"rotation":270,"texture":"#0"}}},{"from":[2.91656,17.85157,-3.86994],"to":[10.91656,18.85157,8.13006],"rotation":{"angle":0,"axis":"y","origin":[7.66656,1.6837,8]},"faces":{"north":{"uv":[4,0,0,0.5],"texture":"#0"},"east":{"uv":[0,6.5,0.5,0.5],"rotation":270,"texture":"#0"},"south":{"uv":[8,0,4,0.5],"rotation":180,"texture":"#0"},"west":{"uv":[0.5,6.5,0,0.5],"rotation":90,"texture":"#0"},"up":{"uv":[4.5,6.5,8.5,0.5],"rotation":180,"texture":"#0"},"down":{"uv":[0.5,6.5,4.5,0.5],"texture":"#0"}}},{"from":[9.41656,12.68006,-5.07432],"to":[10.41656,14.68006,-0.07432],"rotation":{"angle":22.5,"axis":"x","origin":[7.66656,1.6837,8]},"faces":{"north":{"uv":[7.5,6.5,7,7.5],"texture":"#0"},"east":{"uv":[8,9,9,6.5],"rotation":270,"texture":"#0"},"south":{"uv":[7.5,6.5,7,7.5],"rotation":180,"texture":"#0"},"west":{"uv":[9,9,8,6.5],"rotation":90,"texture":"#0"},"up":{"uv":[7.5,9,8,6.5],"rotation":180,"texture":"#0"},"down":{"uv":[7.5,9,8,6.5],"texture":"#0"}}},{"from":[3.41656,21.08717,-0.39653],"to":[10.41656,22.08717,3.60347],"rotation":{"angle":-22.5,"axis":"x","origin":[7.66656,1.6837,8]},"faces":{"north":{"uv":[3.5,8,0,8.5],"texture":"#0"},"east":{"uv":[0,10.5,0.5,8.5],"rotation":270,"texture":"#0"},"south":{"uv":[3.5,8,0,8.5],"rotation":180,"texture":"#0"},"west":{"uv":[0.5,10.5,0,8.5],"rotation":90,"texture":"#0"},"up":{"uv":[0.5,10.5,4,8.5],"rotation":180,"texture":"#0"},"down":{"uv":[4,10.5,7.5,8.5],"texture":"#0"}}},{"from":[2.91656,16.85157,-3.86994],"to":[4.91656,17.85157,8.13006],"rotation":{"angle":0,"axis":"y","origin":[7.66656,1.6837,8]},"faces":{"north":{"uv":[1,7,0,7.5],"texture":"#0"},"east":{"uv":[7,7.5,1,8],"texture":"#0"},"south":{"uv":[1,6.5,0,7],"rotation":180,"texture":"#0"},"west":{"uv":[7,7.5,1,8],"rotation":180,"texture":"#0"},"up":{"uv":[7,6.5,1,7.5],"rotation":270,"texture":"#0"},"down":{"uv":[7,6.5,1,7.5],"rotation":90,"texture":"#0"}}},{"from":[8.91656,16.85157,-3.86994],"to":[10.91656,17.85157,8.13006],"rotation":{"angle":0,"axis":"y","origin":[7.66656,1.6837,8]},"faces":{"north":{"uv":[1,7,0,7.5],"texture":"#0"},"east":{"uv":[7,8,1,7.5],"texture":"#0"},"south":{"uv":[0,6.5,1,7],"rotation":180,"texture":"#0"},"west":{"uv":[7,8,1,7.5],"rotation":180,"texture":"#0"},"up":{"uv":[7,7.5,1,6.5],"rotation":270,"texture":"#0"},"down":{"uv":[7,7.5,1,6.5],"rotation":90,"texture":"#0"}}},{"from":[3.41656,12.68006,-5.07432],"to":[4.41656,14.68006,-0.07432],"rotation":{"angle":22.5,"axis":"x","origin":[7.66656,1.6837,8]},"faces":{"north":{"uv":[7,6.5,7.5,7.5],"texture":"#0"},"east":{"uv":[8,9,9,6.5],"rotation":270,"texture":"#0"},"south":{"uv":[7,6.5,7.5,7.5],"rotation":180,"texture":"#0"},"west":{"uv":[9,9,8,6.5],"rotation":90,"texture":"#0"},"up":{"uv":[8,9,7.5,6.5],"rotation":180,"texture":"#0"},"down":{"uv":[8,9,7.5,6.5],"texture":"#0"}}},{"from":[3.66656,10.90157,19.37646],"to":[10.16656,13.90157,22.37646],"rotation":{"angle":-45,"axis":"x","origin":[7.66656,1.6837,8]},"faces":{"north":{"uv":[14.5,14.5,11.25,16],"texture":"#0"},"east":{"uv":[13,13,14.5,14.5],"texture":"#0"},"south":{"uv":[14.5,16,16,12.75],"rotation":90,"texture":"#0"},"west":{"uv":[14.5,13,13,14.5],"texture":"#0"},"up":{"uv":[14.5,14.5,11.25,16],"texture":"#0"},"down":{"uv":[16,12.75,14.5,16],"rotation":90,"texture":"#0"}}},{"from":[8.66656,3,6.91656],"to":[22.66656,17,6.91656],"rotation":{"angle":0,"axis":"y","origin":[7.66656,1.6837,8]},"faces":{"north":{"uv":[14,2,0,16],"texture":"#1"},"east":{"uv":[0,0,0,16],"texture":"#1"},"south":{"uv":[0,2,14,16],"texture":"#1"},"west":{"uv":[0,0,0,16],"texture":"#1"},"up":{"uv":[4.5,0,0,0],"texture":"#1"},"down":{"uv":[4.5,0,0,0],"texture":"#1"}}},{"from":[-7.33344,3,6.91656],"to":[6.66656,17,6.91656],"rotation":{"angle":0,"axis":"y","origin":[7.66656,1.6837,8]},"faces":{"north":{"uv":[0,2,14,16],"texture":"#1"},"east":{"uv":[0,0,0,16],"texture":"#1"},"south":{"uv":[14,2,0,16],"texture":"#1"},"west":{"uv":[0,0,0,16],"texture":"#1"},"up":{"uv":[0,0,4.5,0],"texture":"#1"},"down":{"uv":[0,0,4.5,0],"texture":"#1"}}}],"gui_light":"front","display":{"thirdperson_righthand":{"translation":[0,7.75,1.5],"scale":[0.65,0.65,0.65]},"thirdperson_lefthand":{"translation":[0,7.75,1.5],"scale":[0.65,0.65,0.65]},"firstperson_righthand":{"rotation":[-12,15,3],"translation":[2.75,4.25,-2.25],"scale":[0.51953,0.51953,0.51953]},"firstperson_lefthand":{"rotation":[-12,15,3],"translation":[2.75,4.25,-2.25],"scale":[0.51953,0.51953,0.51953]},"ground":{"rotation":[0,0,90],"translation":[1.25,0.25,0],"scale":[0.5,0.5,0.5]},"gui":{"rotation":[112,135,-90],"translation":[0.25,1.25,-1.25],"scale":[0.4068,0.4068,0.4068]},"head":{"rotation":[90,-168,90],"translation":[-0.5,11.75,0],"scale":[0.56,0.56,0.56]},"fixed":{"rotation":[0,59,0],"translation":[1.75,5.25,-2.25],"scale":[0.87,0.87,0.87]}}}