{"credit":"Made with Blockbench","texture_size":[32,32],"textures":{"0":"elitecreatures:gamer_girl_animated/quivertex","1":"elitecreatures:gamer_girl_animated/boxs","2":"elitecreatures:gamer_girl_animated/square","particle":"elitecreatures:gamer_girl_animated/quivertex"},"elements":[{"from":[6,2,6],"to":[10,6,10],"rotation":{"angle":0,"axis":"y","origin":[8.025,9.32343,8]},"faces":{"north":{"uv":[9,4.25,11,2.25],"rotation":180,"texture":"#0"},"east":{"uv":[9,2.25,11,4.25],"texture":"#0"},"south":{"uv":[9,2.25,11,4.25],"texture":"#0"},"west":{"uv":[9,2.25,11,4.25],"texture":"#0"},"up":{"uv":[10.25,4.25,8.25,6.25],"texture":"#0"},"down":{"uv":[10.25,6.25,8.25,4.25],"texture":"#0"}}},{"from":[5.02126,3.31342,4.75],"to":[8.02126,6.31342,11.25],"rotation":{"angle":45,"axis":"z","origin":[8.025,9.32343,8]},"faces":{"north":{"uv":[12,8,13.5,9.5],"texture":"#0"},"east":{"uv":[13.5,7.75,15,11],"rotation":90,"texture":"#0"},"south":{"uv":[13.5,8,12,9.5],"texture":"#0"},"west":{"uv":[10.25,9.5,13.5,11],"texture":"#0"},"up":{"uv":[13.5,11,10.25,9.5],"rotation":90,"texture":"#0"},"down":{"uv":[13.5,7.75,15,11],"texture":"#0"}}},{"from":[3.35,-1.1,11],"to":[11.35,6.9,11],"rotation":{"angle":0,"axis":"y","origin":[8.025,9.32343,8]},"faces":{"north":{"uv":[12,8,8,12],"texture":"#2"},"east":{"uv":[8,8,8,12],"texture":"#2"},"south":{"uv":[12,8,8,12],"texture":"#2"},"west":{"uv":[8,8,8,12],"texture":"#2"},"up":{"uv":[8,8,14,8],"texture":"#2"},"down":{"uv":[8,8,14,8],"texture":"#2"}}},{"from":[0.94324,-0.35273,11],"to":[8.94324,7.64727,11],"rotation":{"angle":22.5,"axis":"z","origin":[8.025,9.32343,8]},"faces":{"north":{"uv":[16,8,12,12],"texture":"#2"},"east":{"uv":[8,8,8,12],"texture":"#2"},"south":{"uv":[16,8,12,12],"texture":"#2"},"west":{"uv":[8,8,8,12],"texture":"#2"},"up":{"uv":[8,8,14,8],"texture":"#2"},"down":{"uv":[8,8,14,8],"texture":"#2"}}},{"from":[8.08976,0.30408,11],"to":[16.08976,8.30408,11],"rotation":{"angle":-45,"axis":"z","origin":[8.025,9.32343,8]},"faces":{"north":{"uv":[8,16,12,12],"rotation":270,"texture":"#2"},"east":{"uv":[8,8,14,8],"rotation":270,"texture":"#2"},"south":{"uv":[8,16,12,12],"rotation":90,"texture":"#2"},"west":{"uv":[8,8,14,8],"rotation":270,"texture":"#2"},"up":{"uv":[8,8,8,12],"rotation":270,"texture":"#2"},"down":{"uv":[8,8,8,12],"rotation":270,"texture":"#2"}}},{"from":[5.85952,-0.86936,11],"to":[13.85952,7.13064,11],"rotation":{"angle":-22.5,"axis":"z","origin":[8.025,9.32343,8]},"faces":{"north":{"uv":[12,16,16,12],"rotation":270,"texture":"#2"},"east":{"uv":[8,8,14,8],"rotation":270,"texture":"#2"},"south":{"uv":[12,16,16,12],"rotation":90,"texture":"#2"},"west":{"uv":[8,8,14,8],"rotation":270,"texture":"#2"},"up":{"uv":[8,8,8,12],"rotation":270,"texture":"#2"},"down":{"uv":[8,8,8,12],"rotation":270,"texture":"#2"}}},{"from":[5.85952,-0.86936,12],"to":[13.85952,7.13064,12],"rotation":{"angle":-22.5,"axis":"z","origin":[8.025,9.32343,8]},"faces":{"north":{"uv":[4,8,8,4],"rotation":270,"texture":"#2"},"east":{"uv":[0,0,6,0],"rotation":270,"texture":"#2"},"south":{"uv":[4,8,8,4],"rotation":90,"texture":"#2"},"west":{"uv":[0,0,6,0],"rotation":270,"texture":"#2"},"up":{"uv":[0,0,0,4],"rotation":270,"texture":"#2"},"down":{"uv":[0,0,0,4],"rotation":270,"texture":"#2"}}},{"from":[8.08976,0.30408,12],"to":[16.08976,8.30408,12],"rotation":{"angle":-45,"axis":"z","origin":[8.025,9.32343,8]},"faces":{"north":{"uv":[0,8,4,4],"rotation":270,"texture":"#2"},"east":{"uv":[0,0,6,0],"rotation":270,"texture":"#2"},"south":{"uv":[0,8,4,4],"rotation":90,"texture":"#2"},"west":{"uv":[0,0,6,0],"rotation":270,"texture":"#2"},"up":{"uv":[0,0,0,4],"rotation":270,"texture":"#2"},"down":{"uv":[0,0,0,4],"rotation":270,"texture":"#2"}}},{"from":[0.94324,-0.35273,12],"to":[8.94324,7.64727,12],"rotation":{"angle":22.5,"axis":"z","origin":[8.025,9.32343,8]},"faces":{"north":{"uv":[8,0,4,4],"texture":"#2"},"east":{"uv":[0,0,0,4],"texture":"#2"},"south":{"uv":[8,0,4,4],"texture":"#2"},"west":{"uv":[0,0,0,4],"texture":"#2"},"up":{"uv":[0,0,6,0],"texture":"#2"},"down":{"uv":[0,0,6,0],"texture":"#2"}}},{"from":[3.35,-1.1,12],"to":[11.35,6.9,12],"rotation":{"angle":0,"axis":"y","origin":[8.025,9.32343,8]},"faces":{"north":{"uv":[4,0,0,4],"texture":"#2"},"east":{"uv":[0,0,0,4],"texture":"#2"},"south":{"uv":[4,0,0,4],"texture":"#2"},"west":{"uv":[0,0,0,4],"texture":"#2"},"up":{"uv":[0,0,6,0],"texture":"#2"},"down":{"uv":[0,0,6,0],"texture":"#2"}}},{"from":[3.35,-1.1,4],"to":[11.35,6.9,4],"rotation":{"angle":0,"axis":"y","origin":[8.025,9.32343,8]},"faces":{"north":{"uv":[0,0,4,4],"texture":"#2"},"east":{"uv":[0,0,0,4],"texture":"#2"},"south":{"uv":[0,0,4,4],"texture":"#2"},"west":{"uv":[0,0,0,4],"texture":"#2"},"up":{"uv":[0,0,6,0],"texture":"#2"},"down":{"uv":[0,0,6,0],"texture":"#2"}}},{"from":[0.94324,-0.35273,4],"to":[8.94324,7.64727,4],"rotation":{"angle":22.5,"axis":"z","origin":[8.025,9.32343,8]},"faces":{"north":{"uv":[4,0,8,4],"texture":"#2"},"east":{"uv":[0,0,0,4],"texture":"#2"},"south":{"uv":[4,0,8,4],"texture":"#2"},"west":{"uv":[0,0,0,4],"texture":"#2"},"up":{"uv":[0,0,6,0],"texture":"#2"},"down":{"uv":[0,0,6,0],"texture":"#2"}}},{"from":[8.08976,0.30408,4],"to":[16.08976,8.30408,4],"rotation":{"angle":-45,"axis":"z","origin":[8.025,9.32343,8]},"faces":{"north":{"uv":[0,4,4,8],"rotation":90,"texture":"#2"},"east":{"uv":[0,0,6,0],"rotation":270,"texture":"#2"},"south":{"uv":[0,4,4,8],"rotation":270,"texture":"#2"},"west":{"uv":[0,0,6,0],"rotation":270,"texture":"#2"},"up":{"uv":[0,0,0,4],"rotation":270,"texture":"#2"},"down":{"uv":[0,0,0,4],"rotation":270,"texture":"#2"}}},{"from":[5.85952,-0.86936,4],"to":[13.85952,7.13064,4],"rotation":{"angle":-22.5,"axis":"z","origin":[8.025,9.32343,8]},"faces":{"north":{"uv":[4,4,8,8],"rotation":90,"texture":"#2"},"east":{"uv":[0,0,6,0],"rotation":270,"texture":"#2"},"south":{"uv":[4,4,8,8],"rotation":270,"texture":"#2"},"west":{"uv":[0,0,6,0],"rotation":270,"texture":"#2"},"up":{"uv":[0,0,0,4],"rotation":270,"texture":"#2"},"down":{"uv":[0,0,0,4],"rotation":270,"texture":"#2"}}},{"from":[5.85952,-0.86936,5],"to":[13.85952,7.13064,5],"rotation":{"angle":-22.5,"axis":"z","origin":[8.025,9.32343,8]},"faces":{"north":{"uv":[12,12,16,16],"rotation":90,"texture":"#2"},"east":{"uv":[8,8,14,8],"rotation":270,"texture":"#2"},"south":{"uv":[12,12,16,16],"rotation":270,"texture":"#2"},"west":{"uv":[8,8,14,8],"rotation":270,"texture":"#2"},"up":{"uv":[8,8,8,12],"rotation":270,"texture":"#2"},"down":{"uv":[8,8,8,12],"rotation":270,"texture":"#2"}}},{"from":[8.08976,0.30408,5],"to":[16.08976,8.30408,5],"rotation":{"angle":-45,"axis":"z","origin":[8.025,9.32343,8]},"faces":{"north":{"uv":[8,12,12,16],"rotation":90,"texture":"#2"},"east":{"uv":[8,8,14,8],"rotation":270,"texture":"#2"},"south":{"uv":[8,12,12,16],"rotation":270,"texture":"#2"},"west":{"uv":[8,8,14,8],"rotation":270,"texture":"#2"},"up":{"uv":[8,8,8,12],"rotation":270,"texture":"#2"},"down":{"uv":[8,8,8,12],"rotation":270,"texture":"#2"}}},{"from":[0.94324,-0.35273,5],"to":[8.94324,7.64727,5],"rotation":{"angle":22.5,"axis":"z","origin":[8.025,9.32343,8]},"faces":{"north":{"uv":[12,8,16,12],"texture":"#2"},"east":{"uv":[8,8,8,12],"texture":"#2"},"south":{"uv":[12,8,16,12],"texture":"#2"},"west":{"uv":[8,8,8,12],"texture":"#2"},"up":{"uv":[8,8,14,8],"texture":"#2"},"down":{"uv":[8,8,14,8],"texture":"#2"}}},{"from":[3.35,-1.1,5],"to":[11.35,6.9,5],"rotation":{"angle":0,"axis":"y","origin":[8.025,9.32343,8]},"faces":{"north":{"uv":[8,8,12,12],"texture":"#2"},"east":{"uv":[8,8,8,12],"texture":"#2"},"south":{"uv":[8,8,12,12],"texture":"#2"},"west":{"uv":[8,8,8,12],"texture":"#2"},"up":{"uv":[8,8,14,8],"texture":"#2"},"down":{"uv":[8,8,14,8],"texture":"#2"}}},{"from":[0.9703,3.29403,5.75],"to":[4.9703,7.29403,7.75],"rotation":{"angle":45,"axis":"z","origin":[8.025,9.32343,8]},"faces":{"north":{"uv":[9,8.25,7,10.25],"texture":"#0"},"east":{"uv":[7,7.25,9,6.25],"rotation":90,"texture":"#0"},"south":{"uv":[9,10.25,7,8.25],"rotation":180,"texture":"#0"},"west":{"uv":[9,7.25,7,8.25],"rotation":90,"texture":"#0"},"up":{"uv":[9,8.25,7,7.25],"texture":"#0"},"down":{"uv":[9,6.25,7,7.25],"texture":"#0"}}},{"from":[9.07572,1.29005,6],"to":[10.07572,4.29005,8],"rotation":{"angle":-45,"axis":"z","origin":[8.025,9.32343,8]},"faces":{"north":{"uv":[13.5,7.25,15,7.75],"rotation":90,"texture":"#0"},"east":{"uv":[15,4.75,16,6.25],"texture":"#0"},"south":{"uv":[13.5,7.25,15,7.75],"rotation":90,"texture":"#0"},"west":{"uv":[15,3.25,16,4.75],"rotation":180,"texture":"#0"},"up":{"uv":[6.5,11.5,5.5,12],"rotation":90,"texture":"#0"},"down":{"uv":[9,9.25,10,8.75],"rotation":90,"texture":"#0"}}},{"from":[10.07572,1.29005,6],"to":[12.07572,2.29005,8],"rotation":{"angle":-45,"axis":"z","origin":[8.025,9.32343,8]},"faces":{"north":{"uv":[9.5,7.5,10.5,8],"texture":"#0"},"east":{"uv":[9,7.125,9.5,8],"rotation":90,"texture":"#0"},"south":{"uv":[9.5,8,10.5,7.5],"rotation":180,"texture":"#0"},"west":{"uv":[9,7.125,9.5,8],"rotation":270,"texture":"#0"},"up":{"uv":[9.25,6.875,10.25,6],"texture":"#0"},"down":{"uv":[9.25,6,10.25,6.875],"texture":"#0"}}},{"from":[6.06088,6,5.97877],"to":[10.06088,15,9.97877],"rotation":{"angle":45,"axis":"y","origin":[8.025,9.32343,8]},"faces":{"north":{"uv":[11,7.25,13,2.75],"texture":"#0"},"east":{"uv":[13,7.25,11,2.75],"texture":"#0"},"south":{"uv":[11,7.25,13,2.75],"texture":"#0"},"west":{"uv":[13,7.25,11,2.75],"texture":"#0"},"up":{"uv":[15,5.25,13,7.25],"rotation":270,"texture":"#0"},"down":{"uv":[15,5.25,13,7.25],"rotation":90,"texture":"#0"}}},{"from":[5.56088,15,5.47877],"to":[10.56088,17,10.47877],"rotation":{"angle":45,"axis":"y","origin":[8.025,9.32343,8]},"faces":{"north":{"uv":[1.5,16,4,15],"texture":"#0"},"east":{"uv":[4,16,1.5,15],"texture":"#0"},"south":{"uv":[1.5,16,4,15],"texture":"#0"},"west":{"uv":[4,16,1.5,15],"texture":"#0"},"up":{"uv":[9,10.25,6.5,12.75],"rotation":270,"texture":"#0"},"down":{"uv":[9,12.75,6.5,15.25],"rotation":90,"texture":"#0"}}},{"from":[3.3,-3.1,6.25],"to":[5.3,2.9,9.75],"rotation":{"angle":0,"axis":"y","origin":[8.025,9.32343,8]},"faces":{"north":{"uv":[6,4.25,5,1.25],"rotation":180,"texture":"#0"},"east":{"uv":[6,7.25,4.25,10.25],"rotation":180,"texture":"#0"},"south":{"uv":[6,1.25,5,4.25],"texture":"#0"},"west":{"uv":[6,7.25,4.25,10.25],"rotation":180,"texture":"#0"},"up":{"uv":[6,0.25,7,2],"texture":"#0"},"down":{"uv":[6,2,7,0.25],"texture":"#0"}}},{"from":[-1.09457,-3.34614,6.75],"to":[0.90543,-0.34614,9.25],"rotation":{"angle":22.5,"axis":"z","origin":[8.025,9.32343,8]},"faces":{"north":{"uv":[7.75,6.25,6.75,4.75],"rotation":180,"texture":"#0"},"east":{"uv":[7,2,8.5,0.75],"rotation":90,"texture":"#0"},"south":{"uv":[7.75,4.75,6.75,6.25],"texture":"#0"},"west":{"uv":[5,11.5,6.5,10.25],"rotation":270,"texture":"#0"},"up":{"uv":[4,0,5.25,1],"rotation":90,"texture":"#0"},"down":{"uv":[4,0,5.25,1],"rotation":90,"texture":"#0"}}},{"from":[3.8,3.6,7],"to":[5.8,8.5,8],"rotation":{"angle":0,"axis":"y","origin":[8.025,9.32343,8]},"faces":{"north":{"uv":[16,3.25,15,0.75],"rotation":180,"texture":"#0"},"east":{"uv":[1.5,15,4,14.5],"rotation":90,"texture":"#0"},"south":{"uv":[16,0.75,15,3.25],"texture":"#0"},"west":{"uv":[4.5,12.5,4,15],"rotation":180,"texture":"#0"},"up":{"uv":[10,8.75,11,9.25],"texture":"#0"},"down":{"uv":[10,9.25,11,8.75],"texture":"#0"}}},{"from":[10.07572,1.29005,8],"to":[12.07572,2.29005,10],"rotation":{"angle":-45,"axis":"z","origin":[8.025,9.32343,8]},"faces":{"north":{"uv":[10.5,8,9.5,7.5],"rotation":180,"texture":"#0"},"east":{"uv":[9,8,9.5,7.125],"rotation":90,"texture":"#0"},"south":{"uv":[10.5,7.5,9.5,8],"texture":"#0"},"west":{"uv":[9,8,9.5,7.125],"rotation":270,"texture":"#0"},"up":{"uv":[9.25,6,10.25,6.875],"texture":"#0"},"down":{"uv":[9.25,6.875,10.25,6],"texture":"#0"}}},{"from":[9.07572,1.29005,8],"to":[10.07572,4.29005,10],"rotation":{"angle":-45,"axis":"z","origin":[8.025,9.32343,8]},"faces":{"north":{"uv":[13.5,7.75,15,7.25],"rotation":90,"texture":"#0"},"east":{"uv":[16,4.75,15,6.25],"texture":"#0"},"south":{"uv":[13.5,7.75,15,7.25],"rotation":90,"texture":"#0"},"west":{"uv":[16,3.25,15,4.75],"rotation":180,"texture":"#0"},"up":{"uv":[6.5,11.5,5.5,12],"rotation":90,"texture":"#0"},"down":{"uv":[10,8.75,9,9.25],"rotation":90,"texture":"#0"}}},{"from":[0.9703,3.29403,8.25],"to":[4.9703,7.29403,10.25],"rotation":{"angle":45,"axis":"z","origin":[8.025,9.32343,8]},"faces":{"north":{"uv":[7,10.25,9,8.25],"rotation":180,"texture":"#0"},"east":{"uv":[7,6.25,9,7.25],"rotation":90,"texture":"#0"},"south":{"uv":[7,8.25,9,10.25],"texture":"#0"},"west":{"uv":[7,8.25,9,7.25],"rotation":90,"texture":"#0"},"up":{"uv":[9,7.25,7,8.25],"texture":"#0"},"down":{"uv":[9,7.25,7,6.25],"texture":"#0"}}},{"from":[3.8,3.6,8],"to":[5.8,8.5,9],"rotation":{"angle":0,"axis":"y","origin":[8.025,9.32343,8]},"faces":{"north":{"uv":[15,0.75,16,3.25],"texture":"#0"},"east":{"uv":[1.5,14.5,4,15],"rotation":90,"texture":"#0"},"south":{"uv":[15,3.25,16,0.75],"rotation":180,"texture":"#0"},"west":{"uv":[4,12.5,4.5,15],"rotation":180,"texture":"#0"},"up":{"uv":[10,9.25,11,8.75],"texture":"#0"},"down":{"uv":[10,8.75,11,9.25],"texture":"#0"}}},{"from":[9.5,6,8],"to":[11.5,12,9.5],"rotation":{"angle":0,"axis":"y","origin":[8.025,9.32343,8]},"faces":{"north":{"uv":[9,9.25,10,12.25],"texture":"#0"},"east":{"uv":[6,2.5,9,3.25],"rotation":270,"texture":"#0"},"south":{"uv":[9,9.25,10,12.25],"rotation":180,"texture":"#0"},"west":{"uv":[10,0,13,0.75],"rotation":270,"texture":"#0"},"up":{"uv":[12,9.5,11,8.75],"texture":"#0"},"down":{"uv":[12,9.5,11,8.75],"rotation":180,"texture":"#0"}}},{"from":[9.5,6,6.5],"to":[11.5,12,8],"rotation":{"angle":0,"axis":"y","origin":[8.025,9.32343,8]},"faces":{"north":{"uv":[10,9.25,9,12.25],"rotation":180,"texture":"#0"},"east":{"uv":[6,3.25,9,2.5],"rotation":270,"texture":"#0"},"south":{"uv":[10,9.25,9,12.25],"texture":"#0"},"west":{"uv":[10,0.75,13,0],"rotation":270,"texture":"#0"},"up":{"uv":[12,8.75,11,9.5],"texture":"#0"},"down":{"uv":[12,8.75,11,9.5],"rotation":180,"texture":"#0"}}},{"from":[7.5,8.25,7.5],"to":[8.5,20.25,8.5],"rotation":{"angle":0,"axis":"y","origin":[8.025,9.32343,8]},"faces":{"north":{"uv":[0.5,6,1,0],"rotation":180,"texture":"#0"},"east":{"uv":[1,6,1.5,0],"rotation":180,"texture":"#0"},"south":{"uv":[0.5,6,1,0],"rotation":180,"texture":"#0"},"west":{"uv":[0,6,0.5,0],"rotation":180,"texture":"#0"},"up":{"uv":[10.75,9.5,10.25,10],"rotation":270,"texture":"#0"},"down":{"uv":[10.75,9.5,10.25,10],"rotation":270,"texture":"#0"}}},{"from":[5,19.25,8],"to":[8,26.25,8],"rotation":{"angle":0,"axis":"y","origin":[8.025,9.32343,8]},"faces":{"north":{"uv":[4.25,10.5,0.75,12],"rotation":90,"texture":"#0"},"east":{"uv":[12.5,0,16,0],"rotation":270,"texture":"#0"},"south":{"uv":[0.75,10.5,4.25,12],"rotation":270,"texture":"#0"},"west":{"uv":[12.5,0,16,0],"rotation":270,"texture":"#0"},"up":{"uv":[0,0,0,1.5],"rotation":270,"texture":"#0"},"down":{"uv":[0,0,0,1.5],"rotation":270,"texture":"#0"}}},{"from":[8,19.25,8],"to":[11,26.25,8],"rotation":{"angle":0,"axis":"y","origin":[8.025,9.32343,8]},"faces":{"north":{"uv":[4.25,12,0.75,10.5],"rotation":90,"texture":"#0"},"east":{"uv":[12.5,0,16,0],"rotation":270,"texture":"#0"},"south":{"uv":[0.75,12,4.25,10.5],"rotation":270,"texture":"#0"},"west":{"uv":[12.5,0,16,0],"rotation":270,"texture":"#0"},"up":{"uv":[0,1.5,0,0],"rotation":270,"texture":"#0"},"down":{"uv":[0,1.5,0,0],"rotation":270,"texture":"#0"}}},{"from":[8,19.25,5],"to":[8,26.25,8],"rotation":{"angle":0,"axis":"y","origin":[8.025,9.32343,8]},"faces":{"north":{"uv":[0.75,10.5,4.25,10.5],"rotation":270,"texture":"#0"},"east":{"uv":[0.75,12,4.25,10.5],"rotation":270,"texture":"#0"},"south":{"uv":[12.5,0,16,0],"rotation":270,"texture":"#0"},"west":{"uv":[4.25,12,0.75,10.5],"rotation":90,"texture":"#0"},"up":{"uv":[0,1.5,0,0],"rotation":180,"texture":"#0"},"down":{"uv":[0,1.5,0,0],"texture":"#0"}}},{"from":[8,19.25,8],"to":[8,26.25,11],"rotation":{"angle":0,"axis":"y","origin":[8.025,9.32343,8]},"faces":{"north":{"uv":[0.75,10.5,4.25,10.5],"rotation":270,"texture":"#0"},"east":{"uv":[0.75,10.5,4.25,12],"rotation":270,"texture":"#0"},"south":{"uv":[0.75,10.5,4.25,10.5],"rotation":270,"texture":"#0"},"west":{"uv":[4.25,10.5,0.75,12],"rotation":90,"texture":"#0"},"up":{"uv":[0,0,0,1.5],"rotation":180,"texture":"#0"},"down":{"uv":[0,0,0,1.5],"texture":"#0"}}},{"from":[4.75,-7,8],"to":[18.75,7,8],"rotation":{"angle":0,"axis":"y","origin":[8.025,9.32343,8]},"faces":{"north":{"uv":[14,2,0,16],"texture":"#1"},"east":{"uv":[0,0,0,16],"texture":"#1"},"south":{"uv":[0,2,14,16],"texture":"#1"},"west":{"uv":[0,0,0,16],"texture":"#1"},"up":{"uv":[0,0,4.5,0],"rotation":180,"texture":"#1"},"down":{"uv":[0,0,4.5,0],"rotation":180,"texture":"#1"}}}],"gui_light":"front","display":{"thirdperson_righthand":{"rotation":[48,0,0],"translation":[1.25,0,-1.25],"scale":[0.64281,0.64281,0.64281]},"thirdperson_lefthand":{"rotation":[70.94,180,-40.14],"translation":[-5,-7.25,7.25],"scale":[1.01,1.01,1.01]},"firstperson_righthand":{"rotation":[-175.56,80,170],"translation":[-0.25,5.5,0.75],"scale":[0.5,0.5,0.5]},"firstperson_lefthand":{"rotation":[-175.56,80,170],"translation":[-0.25,5.5,0.75],"scale":[0,0,0]},"ground":{"rotation":[0,0,90],"translation":[1.25,0.25,0],"scale":[0.5,0.5,0.5]},"gui":{"rotation":[47.12,-27.3,68.27],"translation":[0.5,0,-1.25],"scale":[0.53766,0.53766,0.53766]},"head":{"rotation":[90,-168,90],"translation":[-0.5,11.75,0],"scale":[0.56,0.56,0.56]},"fixed":{"rotation":[0,0,-45],"translation":[-0.25,0,-3.25],"scale":[1.41875,1.41875,1.41875]}}}