{"credit":"Made with Blockbench","texture_size":[32,32],"textures":{"0":"elitecreatures:gamer_girl_animated/shieldtex","1":"elitecreatures:gamer_girl_animated/boxs","2":"elitecreatures:gamer_girl_animated/square","particle":"elitecreatures:gamer_girl_animated/shieldtex"},"elements":[{"from":[6,6,6],"to":[10,10,8],"rotation":{"angle":-45,"axis":"z","origin":[8,8,8.25]},"faces":{"north":{"uv":[11.5,12,12.5,13],"texture":"#0"},"east":{"uv":[12.5,12,11.5,11.5],"rotation":90,"texture":"#0"},"south":{"uv":[11.5,13,12.5,12],"rotation":180,"texture":"#0"},"west":{"uv":[11.5,11,12.5,11.5],"rotation":90,"texture":"#0"},"up":{"uv":[11.5,12,12.5,11.5],"texture":"#0"},"down":{"uv":[11.5,11,12.5,11.5],"texture":"#0"}}},{"from":[9.1,2.9,7],"to":[10.1,5.9,9],"rotation":{"angle":45,"axis":"z","origin":[5,8,8.25]},"faces":{"north":{"uv":[14.75,11.75,15.5,11.5],"rotation":90,"texture":"#0"},"east":{"uv":[16,9.5,15.5,10.25],"rotation":180,"texture":"#0"},"south":{"uv":[14.75,11.5,15.5,11.75],"rotation":90,"texture":"#0"},"west":{"uv":[16,10.25,15.5,11],"texture":"#0"},"up":{"uv":[11.25,13.875,10.75,13.625],"rotation":90,"texture":"#0"},"down":{"uv":[12.5,12.25,13,12.5],"rotation":90,"texture":"#0"}}},{"from":[7.1,2.9,7],"to":[9.1,3.9,9],"rotation":{"angle":45,"axis":"z","origin":[5,8,8.25]},"faces":{"north":{"uv":[13.25,11.625,12.75,11.875],"texture":"#0"},"east":{"uv":[12.5,11.875,12.75,11.4375],"rotation":270,"texture":"#0"},"south":{"uv":[13.25,11.875,12.75,11.625],"rotation":180,"texture":"#0"},"west":{"uv":[12.5,11.875,12.75,11.4375],"rotation":90,"texture":"#0"},"up":{"uv":[13.125,11.375,12.625,10.875],"texture":"#0"},"down":{"uv":[13.125,10.875,12.625,11.375],"texture":"#0"}}},{"from":[6,6,8],"to":[10,10,10],"rotation":{"angle":-45,"axis":"z","origin":[8,8,9.75]},"faces":{"north":{"uv":[12.5,13,11.5,12],"rotation":180,"texture":"#0"},"east":{"uv":[12.5,11.5,11.5,12],"rotation":90,"texture":"#0"},"south":{"uv":[12.5,12,11.5,13],"texture":"#0"},"west":{"uv":[11.5,11.5,12.5,11],"rotation":90,"texture":"#0"},"up":{"uv":[11.5,11.5,12.5,12],"texture":"#0"},"down":{"uv":[11.5,11.5,12.5,11],"texture":"#0"}}},{"from":[6.9,2.9,7],"to":[8.9,3.9,9],"rotation":{"angle":-45,"axis":"z","origin":[11,8,8.25]},"faces":{"north":{"uv":[12.75,11.625,13.25,11.875],"texture":"#0"},"east":{"uv":[12.5,11.4375,12.75,11.875],"rotation":90,"texture":"#0"},"south":{"uv":[12.75,11.875,13.25,11.625],"rotation":180,"texture":"#0"},"west":{"uv":[12.5,11.4375,12.75,11.875],"rotation":270,"texture":"#0"},"up":{"uv":[12.625,11.375,13.125,10.875],"texture":"#0"},"down":{"uv":[12.625,10.875,13.125,11.375],"texture":"#0"}}},{"from":[5.9,2.9,7],"to":[6.9,5.9,9],"rotation":{"angle":-45,"axis":"z","origin":[11,8,8.25]},"faces":{"north":{"uv":[14.75,11.5,15.5,11.75],"rotation":90,"texture":"#0"},"east":{"uv":[15.5,10.25,16,11],"texture":"#0"},"south":{"uv":[14.75,11.75,15.5,11.5],"rotation":90,"texture":"#0"},"west":{"uv":[15.5,9.5,16,10.25],"rotation":180,"texture":"#0"},"up":{"uv":[11.25,13.625,10.75,13.875],"rotation":90,"texture":"#0"},"down":{"uv":[12.5,12.5,13,12.25],"rotation":90,"texture":"#0"}}},{"from":[0.5,9,8],"to":[15.5,25,8],"faces":{"north":{"uv":[0.25,12,4,16],"texture":"#0"},"east":{"uv":[0,0,0,4],"texture":"#0"},"south":{"uv":[0.25,12,4,16],"texture":"#0"},"west":{"uv":[0,0,0,4],"texture":"#0"},"up":{"uv":[0,0,4,0],"texture":"#0"},"down":{"uv":[0,0,4,0],"texture":"#0"}}},{"from":[0.5,-12,8],"to":[15.5,4,8],"rotation":{"angle":0,"axis":"y","origin":[0,16,0]},"faces":{"north":{"uv":[0.25,16,4,12],"texture":"#0"},"east":{"uv":[0,4,0,0],"texture":"#0"},"south":{"uv":[0.25,16,4,12],"texture":"#0"},"west":{"uv":[0,4,0,0],"texture":"#0"},"up":{"uv":[0,0,4,0],"texture":"#0"},"down":{"uv":[0,0,4,0],"texture":"#0"}}},{"from":[1.05,2.52893,11.07107],"to":[2.55,3.52893,17.07107],"rotation":{"angle":45,"axis":"x","origin":[1.8,10.4,5]},"faces":{"north":{"uv":[10.375,8.75,10,8.5],"texture":"#0"},"east":{"uv":[13.625,13.875,15.125,13.625],"texture":"#0"},"south":{"uv":[10,8.75,10.375,8.5],"texture":"#0"},"west":{"uv":[13.625,13.625,15.125,13.375],"texture":"#0"},"up":{"uv":[15.125,13.875,13.625,14.25],"rotation":90,"texture":"#0"},"down":{"uv":[15.125,14.875,15.5,13.375],"texture":"#0"}}},{"from":[1.05,-0.4,6.9],"to":[2.55,0.6,11.9],"rotation":{"angle":-45,"axis":"x","origin":[1.8,0.4,10.9]},"faces":{"north":{"uv":[13.125,10.25,13.5,10],"texture":"#0"},"east":{"uv":[10.5,8.75,10.25,10],"rotation":90,"texture":"#0"},"south":{"uv":[13.125,10.25,13.5,10],"texture":"#0"},"west":{"uv":[10.25,8.75,10,10],"rotation":90,"texture":"#0"},"up":{"uv":[10.125,11.25,10.5,10],"texture":"#0"},"down":{"uv":[13.125,11.5,13.5,10.25],"texture":"#0"}}},{"from":[-0.2,1.4,7],"to":[3.8,10.4,11],"rotation":{"angle":45,"axis":"y","origin":[0.8,9.9,8]},"faces":{"north":{"uv":[13.5,11.5,14.5,9.25],"texture":"#0"},"east":{"uv":[14.5,10.5,15.5,8.25],"texture":"#0"},"south":{"uv":[15.5,10.5,14.5,8.25],"texture":"#0"},"west":{"uv":[14.5,11.5,13.5,9.25],"texture":"#0"},"up":{"uv":[15.5,10.5,14.5,11.5],"rotation":270,"texture":"#0"},"down":{"uv":[15.5,10.5,14.5,11.5],"rotation":90,"texture":"#0"}}},{"from":[-1.7,10.4,5.5],"to":[3.3,12.4,10.5],"rotation":{"angle":45,"axis":"y","origin":[0.8,9.9,8]},"faces":{"north":{"uv":[10,15.875,11.25,15.375],"texture":"#0"},"east":{"uv":[10,15.875,8.75,15.375],"texture":"#0"},"south":{"uv":[8.75,15.875,10,15.375],"texture":"#0"},"west":{"uv":[10,15.875,11.25,15.375],"texture":"#0"},"up":{"uv":[12.5,13,11.25,14.25],"rotation":270,"texture":"#0"},"down":{"uv":[12.5,14.25,11.25,15.5],"rotation":90,"texture":"#0"}}},{"from":[0.8,0.6,3.7],"to":[2.8,10.6,4.7],"rotation":{"angle":0,"axis":"y","origin":[1.8,0.4,5]},"faces":{"north":{"uv":[15.5,15.375,16,12.875],"rotation":180,"texture":"#0"},"east":{"uv":[15.5,15.125,13,15.375],"rotation":90,"texture":"#0"},"south":{"uv":[16,15.375,13.5,15.875],"rotation":90,"texture":"#0"},"west":{"uv":[15.5,14.875,13,15.125],"rotation":270,"texture":"#0"},"up":{"uv":[11.5,8.125,12,7.875],"texture":"#0"},"down":{"uv":[11.5,7.875,12,8.125],"texture":"#0"}}},{"from":[-5.5,8.85,3.725],"to":[-4.5,10.35,12.275],"rotation":{"angle":-22.5,"axis":"z","origin":[1.55,7.4,0]},"faces":{"north":{"uv":[12.375,8.125,12,7.875],"rotation":90,"texture":"#0"},"east":{"uv":[11.375,10.875,11,13],"rotation":90,"texture":"#0"},"south":{"uv":[12.375,7.875,12,8.125],"rotation":90,"texture":"#0"},"west":{"uv":[11.25,15.875,13.375,15.5],"texture":"#0"},"up":{"uv":[15.125,14.625,13,14.875],"rotation":90,"texture":"#0"},"down":{"uv":[15.125,14.375,13,14.625],"rotation":90,"texture":"#0"}}},{"from":[0.8,0.6,11.3],"to":[2.8,10.6,12.3],"rotation":{"angle":0,"axis":"y","origin":[1.8,0.4,11]},"faces":{"north":{"uv":[16,15.875,13.5,15.375],"rotation":90,"texture":"#0"},"east":{"uv":[15.5,15.375,13,15.125],"rotation":90,"texture":"#0"},"south":{"uv":[16,15.375,15.5,12.875],"rotation":180,"texture":"#0"},"west":{"uv":[15.5,15.125,13,14.875],"rotation":270,"texture":"#0"},"up":{"uv":[11.5,7.875,12,8.125],"texture":"#0"},"down":{"uv":[11.5,8.125,12,7.875],"texture":"#0"}}},{"from":[-3.2,8.6,3.725],"to":[2.8,10.6,4.675],"rotation":{"angle":-22.5,"axis":"z","origin":[2.8,10.6,5]},"faces":{"north":{"uv":[16,11.375,15.5,12.875],"rotation":90,"texture":"#0"},"east":{"uv":[16,11,15.5,11.375],"rotation":90,"texture":"#0"},"south":{"uv":[11,10,10.5,11.5],"rotation":90,"texture":"#0"},"west":{"uv":[16,11,15.5,11.25],"rotation":270,"texture":"#0"},"up":{"uv":[13.25,11.75,14.75,11.5],"rotation":180,"texture":"#0"},"down":{"uv":[12.5,12.125,14,11.875],"texture":"#0"}}},{"from":[-3.2,8.6,11.325],"to":[2.8,10.6,12.275],"rotation":{"angle":-22.5,"axis":"z","origin":[2.8,10.6,11]},"faces":{"north":{"uv":[11,11.5,10.5,10],"rotation":90,"texture":"#0"},"east":{"uv":[16,11.375,15.5,11],"rotation":90,"texture":"#0"},"south":{"uv":[16,12.875,15.5,11.375],"rotation":90,"texture":"#0"},"west":{"uv":[16,11.25,15.5,11],"rotation":270,"texture":"#0"},"up":{"uv":[13.25,11.5,14.75,11.75],"rotation":180,"texture":"#0"},"down":{"uv":[12.5,11.875,14,12.125],"texture":"#0"}}},{"from":[1.8,8.4,4.75],"to":[4.8,11.4,11.25],"rotation":{"angle":-45,"axis":"z","origin":[3.8,9.4,8]},"faces":{"north":{"uv":[14,12.625,14.75,11.875],"texture":"#0"},"east":{"uv":[15.5,11.75,14.75,13.375],"rotation":90,"texture":"#0"},"south":{"uv":[14.75,12.625,14,11.875],"texture":"#0"},"west":{"uv":[13.125,13.375,14.75,12.625],"texture":"#0"},"up":{"uv":[14.75,13.375,15.5,11.75],"texture":"#0"},"down":{"uv":[13.125,13.375,14.75,12.625],"rotation":90,"texture":"#0"}}},{"from":[11.2,8.4,4.75],"to":[14.2,11.4,11.25],"rotation":{"angle":45,"axis":"z","origin":[12.2,9.4,8]},"faces":{"north":{"uv":[14.75,12.625,14,11.875],"texture":"#0"},"east":{"uv":[14.75,13.375,13.125,12.625],"texture":"#0"},"south":{"uv":[14,12.625,14.75,11.875],"texture":"#0"},"west":{"uv":[15.5,13.375,14.75,11.75],"rotation":90,"texture":"#0"},"up":{"uv":[15.5,13.375,14.75,11.75],"texture":"#0"},"down":{"uv":[13.125,12.625,14.75,13.375],"rotation":90,"texture":"#0"}}},{"from":[13.2,8.6,11.325],"to":[19.2,10.6,12.275],"rotation":{"angle":22.5,"axis":"z","origin":[13.2,10.6,11]},"faces":{"north":{"uv":[11,10,10.5,11.5],"rotation":90,"texture":"#0"},"east":{"uv":[16,11,15.5,11.25],"rotation":270,"texture":"#0"},"south":{"uv":[16,11.375,15.5,12.875],"rotation":90,"texture":"#0"},"west":{"uv":[16,11,15.5,11.375],"rotation":90,"texture":"#0"},"up":{"uv":[14.75,11.5,13.25,11.75],"rotation":180,"texture":"#0"},"down":{"uv":[14,11.875,12.5,12.125],"texture":"#0"}}},{"from":[13.2,8.6,3.725],"to":[19.2,10.6,4.675],"rotation":{"angle":22.5,"axis":"z","origin":[13.2,10.6,5]},"faces":{"north":{"uv":[16,12.875,15.5,11.375],"rotation":90,"texture":"#0"},"east":{"uv":[16,11.25,15.5,11],"rotation":270,"texture":"#0"},"south":{"uv":[11,11.5,10.5,10],"rotation":90,"texture":"#0"},"west":{"uv":[16,11.375,15.5,11],"rotation":90,"texture":"#0"},"up":{"uv":[14.75,11.75,13.25,11.5],"rotation":180,"texture":"#0"},"down":{"uv":[14,12.125,12.5,11.875],"texture":"#0"}}},{"from":[13.2,0.6,11.3],"to":[15.2,10.6,12.3],"rotation":{"angle":0,"axis":"y","origin":[14.2,0.4,11]},"faces":{"north":{"uv":[16,15.375,13.5,15.875],"rotation":90,"texture":"#0"},"east":{"uv":[15.5,14.875,13,15.125],"rotation":270,"texture":"#0"},"south":{"uv":[15.5,15.375,16,12.875],"rotation":180,"texture":"#0"},"west":{"uv":[15.5,15.125,13,15.375],"rotation":90,"texture":"#0"},"up":{"uv":[12,7.875,11.5,8.125],"texture":"#0"},"down":{"uv":[12,8.125,11.5,7.875],"texture":"#0"}}},{"from":[20.5,8.85,3.725],"to":[21.5,10.35,12.275],"rotation":{"angle":22.5,"axis":"z","origin":[14.45,7.4,0]},"faces":{"north":{"uv":[12.375,7.875,12,8.125],"rotation":90,"texture":"#0"},"east":{"uv":[13.375,15.875,11.25,15.5],"texture":"#0"},"south":{"uv":[12.375,8.125,12,7.875],"rotation":90,"texture":"#0"},"west":{"uv":[11.375,13,11,10.875],"rotation":90,"texture":"#0"},"up":{"uv":[15.125,14.875,13,14.625],"rotation":90,"texture":"#0"},"down":{"uv":[15.125,14.625,13,14.375],"rotation":90,"texture":"#0"}}},{"from":[13.2,0.6,3.7],"to":[15.2,10.6,4.7],"rotation":{"angle":0,"axis":"y","origin":[14.2,0.4,5]},"faces":{"north":{"uv":[16,15.375,15.5,12.875],"rotation":180,"texture":"#0"},"east":{"uv":[15.5,15.125,13,14.875],"rotation":270,"texture":"#0"},"south":{"uv":[16,15.875,13.5,15.375],"rotation":90,"texture":"#0"},"west":{"uv":[15.5,15.375,13,15.125],"rotation":90,"texture":"#0"},"up":{"uv":[12,8.125,11.5,7.875],"texture":"#0"},"down":{"uv":[12,7.875,11.5,8.125],"texture":"#0"}}},{"from":[12.7,10.4,5.5],"to":[17.7,12.4,10.5],"rotation":{"angle":-45,"axis":"y","origin":[15.2,9.9,8]},"faces":{"north":{"uv":[11.25,15.875,10,15.375],"texture":"#0"},"east":{"uv":[11.25,15.875,10,15.375],"texture":"#0"},"south":{"uv":[10,15.875,8.75,15.375],"texture":"#0"},"west":{"uv":[8.75,15.875,10,15.375],"texture":"#0"},"up":{"uv":[12.5,14.25,11.25,13],"rotation":270,"texture":"#0"},"down":{"uv":[12.5,15.5,11.25,14.25],"rotation":90,"texture":"#0"}}},{"from":[12.2,1.4,7],"to":[16.2,10.4,11],"rotation":{"angle":-45,"axis":"y","origin":[15.2,9.9,8]},"faces":{"north":{"uv":[14.5,11.5,13.5,9.25],"texture":"#0"},"east":{"uv":[13.5,11.5,14.5,9.25],"texture":"#0"},"south":{"uv":[14.5,10.5,15.5,8.25],"texture":"#0"},"west":{"uv":[15.5,10.5,14.5,8.25],"texture":"#0"},"up":{"uv":[15.5,11.5,14.5,10.5],"rotation":270,"texture":"#0"},"down":{"uv":[15.5,11.5,14.5,10.5],"rotation":90,"texture":"#0"}}},{"from":[13.45,-0.4,6.9],"to":[14.95,0.6,11.9],"rotation":{"angle":-45,"axis":"x","origin":[14.2,0.4,10.9]},"faces":{"north":{"uv":[13.5,10.25,13.125,10],"texture":"#0"},"east":{"uv":[10.25,10,10,8.75],"rotation":90,"texture":"#0"},"south":{"uv":[13.5,10.25,13.125,10],"texture":"#0"},"west":{"uv":[10.5,10,10.25,8.75],"rotation":90,"texture":"#0"},"up":{"uv":[10.5,11.25,10.125,10],"texture":"#0"},"down":{"uv":[13.5,11.5,13.125,10.25],"texture":"#0"}}},{"from":[13.45,2.52893,11.07107],"to":[14.95,3.52893,17.07107],"rotation":{"angle":45,"axis":"x","origin":[14.2,10.4,5]},"faces":{"north":{"uv":[10,8.75,10.375,8.5],"texture":"#0"},"east":{"uv":[15.125,13.625,13.625,13.375],"texture":"#0"},"south":{"uv":[10.375,8.75,10,8.5],"texture":"#0"},"west":{"uv":[15.125,13.875,13.625,13.625],"texture":"#0"},"up":{"uv":[15.125,14.25,13.625,13.875],"rotation":90,"texture":"#0"},"down":{"uv":[15.5,14.875,15.125,13.375],"texture":"#0"}}},{"from":[14,-10,8],"to":[24,4,8],"rotation":{"angle":0,"axis":"y","origin":[14,10,8]},"faces":{"north":{"uv":[13.5,0,16,3.5],"texture":"#0"},"east":{"uv":[0,0,0,1.75],"texture":"#0"},"south":{"uv":[16,0,13.5,3.5],"texture":"#0"},"west":{"uv":[0,0,0,1.75],"texture":"#0"},"up":{"uv":[0,0,1.25,0],"rotation":180,"texture":"#0"},"down":{"uv":[0,0,1.25,0],"rotation":180,"texture":"#0"}}},{"from":[-8,-10,8],"to":[2,4,8],"rotation":{"angle":0,"axis":"y","origin":[2,10,8]},"faces":{"north":{"uv":[16,0,13.5,3.5],"texture":"#0"},"east":{"uv":[0,0,0,1.75],"texture":"#0"},"south":{"uv":[13.5,0,16,3.5],"texture":"#0"},"west":{"uv":[0,0,0,1.75],"texture":"#0"},"up":{"uv":[1.25,0,0,0],"rotation":180,"texture":"#0"},"down":{"uv":[1.25,0,0,0],"rotation":180,"texture":"#0"}}},{"from":[6.25,1,8],"to":[9.75,7,9.95],"rotation":{"angle":0,"axis":"y","origin":[8.25,1,9.75]},"faces":{"north":{"uv":[10.125,11.5,11,13],"rotation":180,"texture":"#0"},"east":{"uv":[10.5,10,11,8.5],"rotation":180,"texture":"#0"},"south":{"uv":[10.125,11.5,11,13],"rotation":180,"texture":"#0"},"west":{"uv":[10.5,8.5,11,10],"texture":"#0"},"up":{"uv":[11.5,8,11,8.875],"rotation":90,"texture":"#0"},"down":{"uv":[11.5,8.875,11,8],"rotation":270,"texture":"#0"}}},{"from":[6.25,1,6.05],"to":[9.75,7,8],"rotation":{"angle":0,"axis":"y","origin":[8.25,1,6.25]},"faces":{"north":{"uv":[11,11.5,10.125,13],"rotation":180,"texture":"#0"},"east":{"uv":[11,10,10.5,8.5],"rotation":180,"texture":"#0"},"south":{"uv":[11,11.5,10.125,13],"rotation":180,"texture":"#0"},"west":{"uv":[11,8.5,10.5,10],"texture":"#0"},"up":{"uv":[11,8,11.5,8.875],"rotation":90,"texture":"#0"},"down":{"uv":[11,8.875,11.5,8],"rotation":270,"texture":"#0"}}},{"from":[4.05,4,4],"to":[12.05,12,4],"rotation":{"angle":0,"axis":"y","origin":[6.05,6,4]},"faces":{"north":{"uv":[8,8,12,12],"texture":"#2"},"east":{"uv":[8,8,8,12],"texture":"#2"},"south":{"uv":[8,8,12,12],"texture":"#2"},"west":{"uv":[8,8,8,12],"texture":"#2"},"up":{"uv":[8,8,14,8],"texture":"#2"},"down":{"uv":[8,8,14,8],"texture":"#2"}}},{"from":[4.05,4,4],"to":[12.05,12,4],"rotation":{"angle":22.5,"axis":"z","origin":[8.05,8,4]},"faces":{"north":{"uv":[12,8,16,12],"texture":"#2"},"east":{"uv":[8,8,8,12],"texture":"#2"},"south":{"uv":[12,8,16,12],"texture":"#2"},"west":{"uv":[8,8,8,12],"texture":"#2"},"up":{"uv":[8,8,14,8],"texture":"#2"},"down":{"uv":[8,8,14,8],"texture":"#2"}}},{"from":[4.05,4,4],"to":[12.05,12,4],"rotation":{"angle":-45,"axis":"z","origin":[8.05,8,4]},"faces":{"north":{"uv":[8,12,12,16],"rotation":90,"texture":"#2"},"east":{"uv":[8,8,14,8],"rotation":270,"texture":"#2"},"south":{"uv":[8,12,12,16],"rotation":270,"texture":"#2"},"west":{"uv":[8,8,14,8],"rotation":270,"texture":"#2"},"up":{"uv":[8,8,8,12],"rotation":270,"texture":"#2"},"down":{"uv":[8,8,8,12],"rotation":270,"texture":"#2"}}},{"from":[4.05,4,4],"to":[12.05,12,4],"rotation":{"angle":-22.5,"axis":"z","origin":[8.05,8,4]},"faces":{"north":{"uv":[12,12,16,16],"rotation":90,"texture":"#2"},"east":{"uv":[8,8,14,8],"rotation":270,"texture":"#2"},"south":{"uv":[12,12,16,16],"rotation":270,"texture":"#2"},"west":{"uv":[8,8,14,8],"rotation":270,"texture":"#2"},"up":{"uv":[8,8,8,12],"rotation":270,"texture":"#2"},"down":{"uv":[8,8,8,12],"rotation":270,"texture":"#2"}}},{"from":[4.05,4,3],"to":[12.05,12,3],"rotation":{"angle":-22.5,"axis":"z","origin":[8.05,8,3]},"faces":{"north":{"uv":[4,4,8,8],"rotation":90,"texture":"#2"},"east":{"uv":[0,0,6,0],"rotation":270,"texture":"#2"},"south":{"uv":[4,4,8,8],"rotation":270,"texture":"#2"},"west":{"uv":[0,0,6,0],"rotation":270,"texture":"#2"},"up":{"uv":[0,0,0,4],"rotation":270,"texture":"#2"},"down":{"uv":[0,0,0,4],"rotation":270,"texture":"#2"}}},{"from":[4.05,4,3],"to":[12.05,12,3],"rotation":{"angle":-45,"axis":"z","origin":[8.05,8,3]},"faces":{"north":{"uv":[0,4,4,8],"rotation":90,"texture":"#2"},"east":{"uv":[0,0,6,0],"rotation":270,"texture":"#2"},"south":{"uv":[0,4,4,8],"rotation":270,"texture":"#2"},"west":{"uv":[0,0,6,0],"rotation":270,"texture":"#2"},"up":{"uv":[0,0,0,4],"rotation":270,"texture":"#2"},"down":{"uv":[0,0,0,4],"rotation":270,"texture":"#2"}}},{"from":[4.05,4,3],"to":[12.05,12,3],"rotation":{"angle":22.5,"axis":"z","origin":[8.05,8,3]},"faces":{"north":{"uv":[4,0,8,4],"texture":"#2"},"east":{"uv":[0,0,0,4],"texture":"#2"},"south":{"uv":[4,0,8,4],"texture":"#2"},"west":{"uv":[0,0,0,4],"texture":"#2"},"up":{"uv":[0,0,6,0],"texture":"#2"},"down":{"uv":[0,0,6,0],"texture":"#2"}}},{"from":[4.05,4,3],"to":[12.05,12,3],"rotation":{"angle":0,"axis":"y","origin":[6.05,6,3]},"faces":{"north":{"uv":[0,0,4,4],"texture":"#2"},"east":{"uv":[0,0,0,4],"texture":"#2"},"south":{"uv":[0,0,4,4],"texture":"#2"},"west":{"uv":[0,0,0,4],"texture":"#2"},"up":{"uv":[0,0,6,0],"texture":"#2"},"down":{"uv":[0,0,6,0],"texture":"#2"}}},{"from":[-13,9,8],"to":[1,23,8],"faces":{"north":{"uv":[0,16,14,2],"texture":"#1"},"east":{"uv":[0,0,0,16],"texture":"#1"},"south":{"uv":[14,16,0,2],"texture":"#1"},"west":{"uv":[0,0,0,16],"texture":"#1"},"up":{"uv":[0,0,4.5,0],"texture":"#1"},"down":{"uv":[0,0,4.5,0],"texture":"#1"}}},{"from":[15,9,8],"to":[29,23,8],"rotation":{"angle":0,"axis":"y","origin":[16,0,0]},"faces":{"north":{"uv":[14,16,0,2],"texture":"#1"},"east":{"uv":[0,0,0,16],"texture":"#1"},"south":{"uv":[0,16,14,2],"texture":"#1"},"west":{"uv":[0,0,0,16],"texture":"#1"},"up":{"uv":[4.5,0,0,0],"texture":"#1"},"down":{"uv":[4.5,0,0,0],"texture":"#1"}}}],"gui_light":"front","display":{"thirdperson_righthand":{"rotation":[0,-90,0],"translation":[4.5,-1.75,3],"scale":[0.7,0.7,0.7]},"thirdperson_lefthand":{"rotation":[0,-90,0],"translation":[4.5,-1.75,3],"scale":[0.7,0.7,0.7]},"firstperson_righthand":{"translation":[3.25,-2.5,-4.75],"scale":[0.76797,0.76797,0.76797]},"firstperson_lefthand":{"translation":[3.25,-2.5,-4.75],"scale":[0.76797,0.76797,0.76797]},"ground":{"rotation":[78,0,0],"translation":[0,3.75,0],"scale":[0.6,0.6,0.6]},"gui":{"rotation":[14,158,-2],"translation":[0,0.75,-1.5],"scale":[0.45117,0.45117,0.45117]},"head":{"rotation":[0,0,-34],"translation":[0,13.5,-0.5],"scale":[0.6,0.6,0.6]},"fixed":{"translation":[1.25,0.75,-4.25],"scale":[1.40469,1.40469,1.40469]}}}