{"credit":"Made with Blockbench","texture_size":[32,32],"textures":{"0":"elitecreatures:gamer_girl_animated/sickletex","1":"elitecreatures:gamer_girl_animated/boxs","2":"elitecreatures:gamer_girl_animated/square","particle":"elitecreatures:gamer_girl_animated/sickletex"},"elements":[{"from":[7.5,12.31059,18.23546],"to":[9.5,16.31059,22.23546],"rotation":{"angle":-45,"axis":"x","origin":[9.5,4.19645,8]},"faces":{"north":{"uv":[9.25,14,7.25,13],"rotation":90,"texture":"#0"},"east":{"uv":[7.25,16,9.25,14],"rotation":180,"texture":"#0"},"south":{"uv":[7.25,12,9.25,13],"rotation":90,"texture":"#0"},"west":{"uv":[7.25,14,9.25,16],"texture":"#0"},"up":{"uv":[7.25,14,9.25,13],"rotation":270,"texture":"#0"},"down":{"uv":[7.25,12,9.25,13],"rotation":90,"texture":"#0"}}},{"from":[7.5,13.45323,-4.09282],"to":[9.5,14.45323,-2.09282],"rotation":{"angle":45,"axis":"x","origin":[9.5,4.19645,8]},"faces":{"north":{"uv":[9,8,9.5,7.125],"rotation":270,"texture":"#0"},"east":{"uv":[10.5,8,9.5,7.5],"rotation":180,"texture":"#0"},"south":{"uv":[9,8,9.5,7.125],"rotation":90,"texture":"#0"},"west":{"uv":[10.5,7.5,9.5,8],"texture":"#0"},"up":{"uv":[10.25,6.875,9.25,6],"rotation":270,"texture":"#0"},"down":{"uv":[10.25,6,9.25,6.875],"rotation":90,"texture":"#0"}}},{"from":[7.5,13.45323,-5.09282],"to":[9.5,16.45323,-4.09282],"rotation":{"angle":45,"axis":"x","origin":[9.5,4.19645,8]},"faces":{"north":{"uv":[16,3.25,15,4.75],"rotation":180,"texture":"#0"},"east":{"uv":[14.5,12.75,16,12.25],"rotation":90,"texture":"#0"},"south":{"uv":[16,4.75,15,6.25],"texture":"#0"},"west":{"uv":[14.5,12.75,16,12.25],"rotation":90,"texture":"#0"},"up":{"uv":[13,11.75,12,11.25],"texture":"#0"},"down":{"uv":[11.5,10.5,10.5,10],"rotation":180,"texture":"#0"}}},{"from":[9.5,12.31059,18.23546],"to":[11.5,16.31059,22.23546],"rotation":{"angle":-45,"axis":"x","origin":[9.5,4.19645,8]},"faces":{"north":{"uv":[7.25,14,9.25,13],"rotation":90,"texture":"#0"},"east":{"uv":[9.25,14,7.25,16],"texture":"#0"},"south":{"uv":[7.25,13,9.25,12],"rotation":90,"texture":"#0"},"west":{"uv":[9.25,16,7.25,14],"rotation":180,"texture":"#0"},"up":{"uv":[7.25,13,9.25,14],"rotation":270,"texture":"#0"},"down":{"uv":[7.25,13,9.25,12],"rotation":90,"texture":"#0"}}},{"from":[9.5,13.45323,-5.09282],"to":[11.5,16.45323,-4.09282],"rotation":{"angle":45,"axis":"x","origin":[9.5,4.19645,8]},"faces":{"north":{"uv":[15,3.25,16,4.75],"rotation":180,"texture":"#0"},"east":{"uv":[14.5,12.25,16,12.75],"rotation":90,"texture":"#0"},"south":{"uv":[15,4.75,16,6.25],"texture":"#0"},"west":{"uv":[14.5,12.25,16,12.75],"rotation":90,"texture":"#0"},"up":{"uv":[13,11.75,12,11.25],"texture":"#0"},"down":{"uv":[11.5,10.5,10.5,10],"rotation":180,"texture":"#0"}}},{"from":[9.5,13.45323,-4.09282],"to":[11.5,14.45323,-2.09282],"rotation":{"angle":45,"axis":"x","origin":[9.5,4.19645,8]},"faces":{"north":{"uv":[9,7.125,9.5,8],"rotation":270,"texture":"#0"},"east":{"uv":[9.5,7.5,10.5,8],"texture":"#0"},"south":{"uv":[9,7.125,9.5,8],"rotation":90,"texture":"#0"},"west":{"uv":[9.5,8,10.5,7.5],"rotation":180,"texture":"#0"},"up":{"uv":[10.25,6,9.25,6.875],"rotation":270,"texture":"#0"},"down":{"uv":[10.25,6.875,9.25,6],"rotation":90,"texture":"#0"}}},{"from":[7.75,21,5.5],"to":[11.25,23,11.5],"rotation":{"angle":0,"axis":"y","origin":[9.5,4.19645,8]},"faces":{"north":{"uv":[14.25,3.25,13.25,1.5],"rotation":270,"texture":"#0"},"east":{"uv":[12.25,2.5,13.25,5.5],"rotation":270,"texture":"#0"},"south":{"uv":[14.25,1.5,13.25,3.25],"rotation":270,"texture":"#0"},"west":{"uv":[12.25,5.5,13.25,2.5],"rotation":270,"texture":"#0"},"up":{"uv":[13.25,3.25,15,6.25],"texture":"#0"},"down":{"uv":[13.25,3.25,15,6.25],"rotation":180,"texture":"#0"}}},{"from":[7.75,14,7.5],"to":[11.25,20,11.5],"rotation":{"angle":0,"axis":"y","origin":[9.5,4.19645,8]},"faces":{"north":{"uv":[9,1.25,11,4.25],"texture":"#0"},"east":{"uv":[9,1.25,11,4.25],"texture":"#0"},"south":{"uv":[9,1.25,11,4.25],"texture":"#0"},"west":{"uv":[9,4.25,11,1.25],"rotation":180,"texture":"#0"},"up":{"uv":[13.5,7.25,11.5,9],"rotation":270,"texture":"#0"},"down":{"uv":[13.5,9,11.5,7.25],"rotation":90,"texture":"#0"}}},{"from":[8.5,-1.5,8.5],"to":[10.5,4.5,10.5],"rotation":{"angle":0,"axis":"y","origin":[9.5,4.19645,8]},"faces":{"north":{"uv":[9.25,13,10.25,16],"texture":"#0"},"east":{"uv":[10.25,13,11.25,16],"texture":"#0"},"south":{"uv":[9.25,13,10.25,16],"texture":"#0"},"west":{"uv":[10.25,16,11.25,13],"rotation":180,"texture":"#0"},"up":{"uv":[10,0,9,1],"rotation":270,"texture":"#0"},"down":{"uv":[10,1,9,0],"rotation":90,"texture":"#0"}}},{"from":[8.5,-13.5,8.5],"to":[10.5,-7.5,10.5],"rotation":{"angle":0,"axis":"y","origin":[9.5,4.19645,8]},"faces":{"north":{"uv":[9.25,13,10.25,16],"texture":"#0"},"east":{"uv":[10.25,13,11.25,16],"texture":"#0"},"south":{"uv":[9.25,13,10.25,16],"texture":"#0"},"west":{"uv":[10.25,16,11.25,13],"rotation":180,"texture":"#0"},"up":{"uv":[10,0,9,1],"rotation":270,"texture":"#0"},"down":{"uv":[10,1,9,0],"rotation":90,"texture":"#0"}}},{"from":[8.5,-7.5,8.5],"to":[10.5,-1.5,10.5],"rotation":{"angle":0,"axis":"y","origin":[9.5,4.19645,8]},"faces":{"north":{"uv":[9.25,16,10.25,13],"texture":"#0"},"east":{"uv":[10.25,16,11.25,13],"texture":"#0"},"south":{"uv":[9.25,16,10.25,13],"texture":"#0"},"west":{"uv":[10.25,13,11.25,16],"rotation":180,"texture":"#0"},"up":{"uv":[10,0,9,1],"rotation":270,"texture":"#0"},"down":{"uv":[10,1,9,0],"rotation":90,"texture":"#0"}}},{"from":[8.5,8,8.5],"to":[10.5,14,10.5],"rotation":{"angle":0,"axis":"y","origin":[9.5,4.19645,8]},"faces":{"north":{"uv":[9.25,13,10.25,16],"texture":"#0"},"east":{"uv":[10.25,13,11.25,16],"texture":"#0"},"south":{"uv":[9.25,13,10.25,16],"texture":"#0"},"west":{"uv":[10.25,16,11.25,13],"rotation":180,"texture":"#0"},"up":{"uv":[10,0,9,1],"rotation":270,"texture":"#0"},"down":{"uv":[10,1,9,0],"rotation":90,"texture":"#0"}}},{"from":[8.25,20.52537,9.88611],"to":[10.75,22.52537,12.88611],"rotation":{"angle":-22.5,"axis":"x","origin":[9.5,4.19645,8]},"faces":{"north":{"uv":[11.25,2.25,12.5,1.25],"texture":"#0"},"east":{"uv":[12,13,13,14.5],"rotation":270,"texture":"#0"},"south":{"uv":[11.25,2.25,12.5,1.25],"texture":"#0"},"west":{"uv":[12,14.5,13,13],"rotation":270,"texture":"#0"},"up":{"uv":[11.5,10,13,11.25],"rotation":90,"texture":"#0"},"down":{"uv":[14.25,2,15.75,3.25],"rotation":90,"texture":"#0"}}},{"from":[7.34243,1.62808,8.5],"to":[9.34243,7.62808,10.5],"rotation":{"angle":22.5,"axis":"z","origin":[9.5,4.19645,8]},"faces":{"north":{"uv":[1,13,0,16],"texture":"#0"},"east":{"uv":[2,13,1,16],"texture":"#0"},"south":{"uv":[0,13,1,16],"texture":"#0"},"west":{"uv":[1,13,2,16],"texture":"#0"},"up":{"uv":[0,13,1,12],"texture":"#0"},"down":{"uv":[0,13,1,12],"texture":"#0"}}},{"from":[9.65757,1.62808,8.5],"to":[11.65757,7.62808,10.5],"rotation":{"angle":-22.5,"axis":"z","origin":[9.5,4.19645,8]},"faces":{"north":{"uv":[0,13,1,16],"texture":"#0"},"east":{"uv":[1,13,2,16],"texture":"#0"},"south":{"uv":[1,13,0,16],"texture":"#0"},"west":{"uv":[1,13,2,16],"texture":"#0"},"up":{"uv":[1,13,0,12],"texture":"#0"},"down":{"uv":[1,13,0,12],"texture":"#0"}}},{"from":[8.5,1.05405,7.22825],"to":[10.5,7.05405,9.22825],"rotation":{"angle":-22.5,"axis":"x","origin":[9.5,4.19645,8]},"faces":{"north":{"uv":[1,13,2,16],"texture":"#0"},"east":{"uv":[1,13,0,16],"texture":"#0"},"south":{"uv":[1,13,2,16],"texture":"#0"},"west":{"uv":[0,13,1,16],"texture":"#0"},"up":{"uv":[0,12,1,13],"rotation":90,"texture":"#0"},"down":{"uv":[0,12,1,13],"rotation":270,"texture":"#0"}}},{"from":[13.5,16,5.45],"to":[13.5,24,13.45],"rotation":{"angle":0,"axis":"y","origin":[9.5,4.19645,8]},"faces":{"north":{"uv":[8,8,8,12],"texture":"#2"},"east":{"uv":[12,8,8,12],"texture":"#2"},"south":{"uv":[8,8,8,12],"texture":"#2"},"west":{"uv":[12,8,8,12],"texture":"#2"},"up":{"uv":[8,8,14,8],"rotation":270,"texture":"#2"},"down":{"uv":[8,8,14,8],"rotation":90,"texture":"#2"}}},{"from":[13.5,15.35192,-0.70813],"to":[13.5,23.35192,7.29187],"rotation":{"angle":22.5,"axis":"x","origin":[9.5,4.19645,8]},"faces":{"north":{"uv":[8,8,8,12],"texture":"#2"},"east":{"uv":[16,8,12,12],"texture":"#2"},"south":{"uv":[8,8,8,12],"texture":"#2"},"west":{"uv":[16,8,12,12],"texture":"#2"},"up":{"uv":[8,8,14,8],"rotation":270,"texture":"#2"},"down":{"uv":[8,8,14,8],"rotation":90,"texture":"#2"}}},{"from":[13.5,10.34594,16.2001],"to":[13.5,18.34594,24.2001],"rotation":{"angle":-45,"axis":"x","origin":[9.5,4.19645,8]},"faces":{"north":{"uv":[8,8,14,8],"rotation":270,"texture":"#2"},"east":{"uv":[8,16,12,12],"rotation":90,"texture":"#2"},"south":{"uv":[8,8,14,8],"rotation":270,"texture":"#2"},"west":{"uv":[8,16,12,12],"rotation":270,"texture":"#2"},"up":{"uv":[8,8,8,12],"rotation":180,"texture":"#2"},"down":{"uv":[8,8,8,12],"texture":"#2"}}},{"from":[13.5,14.24214,11.38738],"to":[13.5,22.24214,19.38738],"rotation":{"angle":-22.5,"axis":"x","origin":[9.5,4.19645,8]},"faces":{"north":{"uv":[8,8,14,8],"rotation":270,"texture":"#2"},"east":{"uv":[12,16,16,12],"rotation":90,"texture":"#2"},"south":{"uv":[8,8,14,8],"rotation":270,"texture":"#2"},"west":{"uv":[12,16,16,12],"rotation":270,"texture":"#2"},"up":{"uv":[8,8,8,12],"rotation":180,"texture":"#2"},"down":{"uv":[8,8,8,12],"texture":"#2"}}},{"from":[14.5,14.24214,11.38738],"to":[14.5,22.24214,19.38738],"rotation":{"angle":-22.5,"axis":"x","origin":[9.5,4.19645,8]},"faces":{"north":{"uv":[0,0,6,0],"rotation":270,"texture":"#2"},"east":{"uv":[4,8,8,4],"rotation":90,"texture":"#2"},"south":{"uv":[0,0,6,0],"rotation":270,"texture":"#2"},"west":{"uv":[4,8,8,4],"rotation":270,"texture":"#2"},"up":{"uv":[0,0,0,4],"rotation":180,"texture":"#2"},"down":{"uv":[0,0,0,4],"texture":"#2"}}},{"from":[14.5,10.34594,16.2001],"to":[14.5,18.34594,24.2001],"rotation":{"angle":-45,"axis":"x","origin":[9.5,4.19645,8]},"faces":{"north":{"uv":[0,0,6,0],"rotation":270,"texture":"#2"},"east":{"uv":[0,8,4,4],"rotation":90,"texture":"#2"},"south":{"uv":[0,0,6,0],"rotation":270,"texture":"#2"},"west":{"uv":[0,8,4,4],"rotation":270,"texture":"#2"},"up":{"uv":[0,0,0,4],"rotation":180,"texture":"#2"},"down":{"uv":[0,0,0,4],"texture":"#2"}}},{"from":[14.5,15.35192,-0.70813],"to":[14.5,23.35192,7.29187],"rotation":{"angle":22.5,"axis":"x","origin":[9.5,4.19645,8]},"faces":{"north":{"uv":[0,0,0,4],"texture":"#2"},"east":{"uv":[8,0,4,4],"texture":"#2"},"south":{"uv":[0,0,0,4],"texture":"#2"},"west":{"uv":[8,0,4,4],"texture":"#2"},"up":{"uv":[0,0,6,0],"rotation":270,"texture":"#2"},"down":{"uv":[0,0,6,0],"rotation":90,"texture":"#2"}}},{"from":[14.5,16,5.45],"to":[14.5,24,13.45],"rotation":{"angle":0,"axis":"y","origin":[9.5,4.19645,8]},"faces":{"north":{"uv":[0,0,0,4],"texture":"#2"},"east":{"uv":[4,0,0,4],"texture":"#2"},"south":{"uv":[0,0,0,4],"texture":"#2"},"west":{"uv":[4,0,0,4],"texture":"#2"},"up":{"uv":[0,0,6,0],"rotation":270,"texture":"#2"},"down":{"uv":[0,0,6,0],"rotation":90,"texture":"#2"}}},{"from":[4.5,16,5.45],"to":[4.5,24,13.45],"rotation":{"angle":0,"axis":"y","origin":[9.5,4.19645,8]},"faces":{"north":{"uv":[0,0,0,4],"texture":"#2"},"east":{"uv":[0,0,4,4],"texture":"#2"},"south":{"uv":[0,0,0,4],"texture":"#2"},"west":{"uv":[0,0,4,4],"texture":"#2"},"up":{"uv":[0,0,6,0],"rotation":270,"texture":"#2"},"down":{"uv":[0,0,6,0],"rotation":90,"texture":"#2"}}},{"from":[8.5,7,12.5],"to":[8.5,21,26.5],"rotation":{"angle":0,"axis":"y","origin":[9.5,4.19645,8]},"faces":{"north":{"uv":[0,0,0,16],"texture":"#1"},"east":{"uv":[14,2,0,16],"texture":"#1"},"south":{"uv":[0,0,0,16],"texture":"#1"},"west":{"uv":[0,2,14,16],"texture":"#1"},"up":{"uv":[0,0,4.5,0],"rotation":270,"texture":"#1"},"down":{"uv":[0,0,4.5,0],"rotation":90,"texture":"#1"}}},{"from":[4.5,15.35192,-0.70813],"to":[4.5,23.35192,7.29187],"rotation":{"angle":22.5,"axis":"x","origin":[9.5,4.19645,8]},"faces":{"north":{"uv":[0,0,0,4],"texture":"#2"},"east":{"uv":[4,0,8,4],"texture":"#2"},"south":{"uv":[0,0,0,4],"texture":"#2"},"west":{"uv":[4,0,8,4],"texture":"#2"},"up":{"uv":[0,0,6,0],"rotation":270,"texture":"#2"},"down":{"uv":[0,0,6,0],"rotation":90,"texture":"#2"}}},{"from":[4.5,10.34594,16.2001],"to":[4.5,18.34594,24.2001],"rotation":{"angle":-45,"axis":"x","origin":[9.5,4.19645,8]},"faces":{"north":{"uv":[0,0,6,0],"rotation":270,"texture":"#2"},"east":{"uv":[0,4,4,8],"rotation":270,"texture":"#2"},"south":{"uv":[0,0,6,0],"rotation":270,"texture":"#2"},"west":{"uv":[0,4,4,8],"rotation":90,"texture":"#2"},"up":{"uv":[0,0,0,4],"rotation":180,"texture":"#2"},"down":{"uv":[0,0,0,4],"texture":"#2"}}},{"from":[4.5,14.24214,11.38738],"to":[4.5,22.24214,19.38738],"rotation":{"angle":-22.5,"axis":"x","origin":[9.5,4.19645,8]},"faces":{"north":{"uv":[0,0,6,0],"rotation":270,"texture":"#2"},"east":{"uv":[4,4,8,8],"rotation":270,"texture":"#2"},"south":{"uv":[0,0,6,0],"rotation":270,"texture":"#2"},"west":{"uv":[4,4,8,8],"rotation":90,"texture":"#2"},"up":{"uv":[0,0,0,4],"rotation":180,"texture":"#2"},"down":{"uv":[0,0,0,4],"texture":"#2"}}},{"from":[5.5,14.24214,11.38738],"to":[5.5,22.24214,19.38738],"rotation":{"angle":-22.5,"axis":"x","origin":[9.5,4.19645,8]},"faces":{"north":{"uv":[8,8,14,8],"rotation":270,"texture":"#2"},"east":{"uv":[12,12,16,16],"rotation":270,"texture":"#2"},"south":{"uv":[8,8,14,8],"rotation":270,"texture":"#2"},"west":{"uv":[12,12,16,16],"rotation":90,"texture":"#2"},"up":{"uv":[8,8,8,12],"rotation":180,"texture":"#2"},"down":{"uv":[8,8,8,12],"texture":"#2"}}},{"from":[5.5,10.34594,16.2001],"to":[5.5,18.34594,24.2001],"rotation":{"angle":-45,"axis":"x","origin":[9.5,4.19645,8]},"faces":{"north":{"uv":[8,8,14,8],"rotation":270,"texture":"#2"},"east":{"uv":[8,12,12,16],"rotation":270,"texture":"#2"},"south":{"uv":[8,8,14,8],"rotation":270,"texture":"#2"},"west":{"uv":[8,12,12,16],"rotation":90,"texture":"#2"},"up":{"uv":[8,8,8,12],"rotation":180,"texture":"#2"},"down":{"uv":[8,8,8,12],"texture":"#2"}}},{"from":[5.5,15.35192,-0.70813],"to":[5.5,23.35192,7.29187],"rotation":{"angle":22.5,"axis":"x","origin":[9.5,4.19645,8]},"faces":{"north":{"uv":[8,8,8,12],"texture":"#2"},"east":{"uv":[12,8,16,12],"texture":"#2"},"south":{"uv":[8,8,8,12],"texture":"#2"},"west":{"uv":[12,8,16,12],"texture":"#2"},"up":{"uv":[8,8,14,8],"rotation":270,"texture":"#2"},"down":{"uv":[8,8,14,8],"rotation":90,"texture":"#2"}}},{"from":[5.5,16,5.45],"to":[5.5,24,13.45],"rotation":{"angle":0,"axis":"y","origin":[9.5,4.19645,8]},"faces":{"north":{"uv":[8,8,8,12],"texture":"#2"},"east":{"uv":[8,8,12,12],"texture":"#2"},"south":{"uv":[8,8,8,12],"texture":"#2"},"west":{"uv":[8,8,12,12],"texture":"#2"},"up":{"uv":[8,8,14,8],"rotation":270,"texture":"#2"},"down":{"uv":[8,8,14,8],"rotation":90,"texture":"#2"}}},{"from":[8.5,2.2021,9.54339],"to":[10.5,8.2021,11.54339],"rotation":{"angle":22.5,"axis":"x","origin":[9.5,4.19645,8]},"faces":{"north":{"uv":[2,13,1,16],"texture":"#0"},"east":{"uv":[0,13,1,16],"texture":"#0"},"south":{"uv":[1,13,2,16],"texture":"#0"},"west":{"uv":[1,13,0,16],"texture":"#0"},"up":{"uv":[1,12,0,13],"rotation":90,"texture":"#0"},"down":{"uv":[1,12,0,13],"rotation":270,"texture":"#0"}}},{"from":[7.5,6,7.5],"to":[11.5,8,11.5],"rotation":{"angle":0,"axis":"y","origin":[9.5,4.19645,8]},"faces":{"north":{"uv":[4,15,2,16],"texture":"#0"},"east":{"uv":[4,15,2,16],"texture":"#0"},"south":{"uv":[4,15,2,16],"texture":"#0"},"west":{"uv":[4,15,2,16],"texture":"#0"},"up":{"uv":[4,13,2,15],"rotation":270,"texture":"#0"},"down":{"uv":[6.25,14,4.25,16],"rotation":90,"texture":"#0"}}},{"from":[9.5,10,-14.5],"to":[9.5,22,7.5],"rotation":{"angle":0,"axis":"y","origin":[9.5,4.19645,8]},"faces":{"north":{"uv":[0,0,0,6],"texture":"#0"},"east":{"uv":[0,11,6,0],"rotation":90,"texture":"#0"},"south":{"uv":[0,0,0,6],"texture":"#0"},"west":{"uv":[0,0,6,11],"rotation":90,"texture":"#0"},"up":{"uv":[0,0,11,0],"rotation":270,"texture":"#0"},"down":{"uv":[0,0,11,0],"rotation":90,"texture":"#0"}}},{"from":[9,11.29637,-4.72125],"to":[10,15.29637,-0.22125],"rotation":{"angle":45,"axis":"x","origin":[9.5,4.19645,8]},"faces":{"north":{"uv":[6,0,6.5,2],"texture":"#0"},"east":{"uv":[8.75,0.5,6.5,2.5],"texture":"#0"},"south":{"uv":[6,0,6.5,2],"texture":"#0"},"west":{"uv":[6.5,0.5,8.75,2.5],"texture":"#0"},"up":{"uv":[6.5,0,8.75,0.5],"rotation":270,"texture":"#0"},"down":{"uv":[6.5,0,8.75,0.5],"rotation":90,"texture":"#0"}}},{"from":[9.25,18,-4.5],"to":[9.75,20,5.5],"rotation":{"angle":0,"axis":"y","origin":[9.5,4.19645,8]},"faces":{"north":{"uv":[1,5.75,2,6],"rotation":90,"texture":"#0"},"east":{"uv":[1,6,2,1],"rotation":90,"texture":"#0"},"south":{"uv":[1,5.75,2,6],"rotation":90,"texture":"#0"},"west":{"uv":[1,1,2,6],"rotation":90,"texture":"#0"},"up":{"uv":[1,1,1.25,6],"texture":"#0"},"down":{"uv":[1.75,1,2,6],"rotation":180,"texture":"#0"}}},{"from":[-3.70028,12.39673,11.4],"to":[1.29972,17.39673,13.4],"rotation":{"angle":-45,"axis":"z","origin":[9.5,4.19645,8]},"faces":{"north":{"uv":[16,12.25,13.5,9.75],"texture":"#0"},"east":{"uv":[13.5,7.25,11,6.25],"rotation":270,"texture":"#0"},"south":{"uv":[16,9.75,13.5,7.25],"rotation":180,"texture":"#0"},"west":{"uv":[16,7.25,13.5,6.25],"rotation":90,"texture":"#0"},"up":{"uv":[16,7.25,13.5,6.25],"rotation":180,"texture":"#0"},"down":{"uv":[11,7.25,13.5,6.25],"texture":"#0"}}},{"from":[6.25,18.46242,-4.1748],"to":[12.75,21.46242,-1.1748],"rotation":{"angle":45,"axis":"x","origin":[9.5,4.19645,8]},"faces":{"north":{"uv":[14.5,12.75,16,16],"rotation":90,"texture":"#0"},"east":{"uv":[14.5,13,13,14.5],"texture":"#0"},"south":{"uv":[11.25,14.5,14.5,16],"texture":"#0"},"west":{"uv":[13,13,14.5,14.5],"texture":"#0"},"up":{"uv":[14.5,16,11.25,14.5],"texture":"#0"},"down":{"uv":[14.5,12.75,16,16],"rotation":90,"texture":"#0"}}},{"from":[8,-15.5,8],"to":[11,-13.5,11],"rotation":{"angle":0,"axis":"y","origin":[9.5,4.19645,8]},"faces":{"north":{"uv":[13,0,11.5,1],"texture":"#0"},"east":{"uv":[14.5,0,13,1],"texture":"#0"},"south":{"uv":[13,0,11.5,1],"texture":"#0"},"west":{"uv":[14.5,0,13,1],"texture":"#0"},"up":{"uv":[16,0,14.5,1.5],"rotation":270,"texture":"#0"},"down":{"uv":[12.25,4.25,10.75,5.75],"rotation":90,"texture":"#0"}}}],"gui_light":"front","display":{"thirdperson_righthand":{"translation":[0,7.75,1.5],"scale":[0.65,0.65,0.65]},"thirdperson_lefthand":{"translation":[0,7.75,1.5],"scale":[0.65,0.65,0.65]},"firstperson_righthand":{"rotation":[-12,15,3],"translation":[2.75,4.25,-2.25],"scale":[0.51953,0.51953,0.51953]},"firstperson_lefthand":{"rotation":[-12,15,3],"translation":[2.75,4.25,-2.25],"scale":[0.51953,0.51953,0.51953]},"ground":{"rotation":[0,0,90],"translation":[1.25,0.25,0],"scale":[0.5,0.5,0.5]},"gui":{"rotation":[106,120,-90],"translation":[1.75,0.5,-1.25],"scale":[0.4068,0.4068,0.4068]},"head":{"rotation":[90,-168,90],"translation":[-0.5,11.75,0],"scale":[0.56,0.56,0.56]},"fixed":{"rotation":[0,90,0],"translation":[0,1.75,-2.25],"scale":[0.87,0.87,0.87]}}}