{"credit":"Made with Blockbench","texture_size":[32,32],"textures":{"0":"elitecreatures:gamer_girl_animated/stafftex","1":"elitecreatures:gamer_girl_animated/square","particle":"elitecreatures:gamer_girl_animated/stafftex"},"elements":[{"from":[6,18,6],"to":[10,22,8],"rotation":{"angle":45,"axis":"z","origin":[8,20,7.25]},"faces":{"north":{"uv":[9.25,14,7.25,16],"texture":"#0"},"east":{"uv":[7.25,13,9.25,12],"rotation":90,"texture":"#0"},"south":{"uv":[9.25,16,7.25,14],"rotation":180,"texture":"#0"},"west":{"uv":[9.25,13,7.25,14],"rotation":90,"texture":"#0"},"up":{"uv":[9.25,14,7.25,13],"texture":"#0"},"down":{"uv":[9.25,12,7.25,13],"texture":"#0"}}},{"from":[6.9,14.9,6],"to":[8.9,15.9,8],"rotation":{"angle":-45,"axis":"z","origin":[11,20,7.25]},"faces":{"north":{"uv":[9.5,7.5,10.5,8],"texture":"#0"},"east":{"uv":[9,7.125,9.5,8],"rotation":90,"texture":"#0"},"south":{"uv":[9.5,8,10.5,7.5],"rotation":180,"texture":"#0"},"west":{"uv":[9,7.125,9.5,8],"rotation":270,"texture":"#0"},"up":{"uv":[9.25,6.875,10.25,6],"texture":"#0"},"down":{"uv":[9.25,6,10.25,6.875],"texture":"#0"}}},{"from":[5.9,14.9,6],"to":[6.9,17.9,8],"rotation":{"angle":-45,"axis":"z","origin":[11,20,7.25]},"faces":{"north":{"uv":[14.5,12.25,16,12.75],"rotation":90,"texture":"#0"},"east":{"uv":[15,4.75,16,6.25],"texture":"#0"},"south":{"uv":[14.5,12.25,16,12.75],"rotation":90,"texture":"#0"},"west":{"uv":[15,3.25,16,4.75],"rotation":180,"texture":"#0"},"up":{"uv":[13,11.25,12,11.75],"rotation":90,"texture":"#0"},"down":{"uv":[11.5,10,10.5,10.5],"rotation":90,"texture":"#0"}}},{"from":[6,18,8],"to":[10,22,10],"rotation":{"angle":45,"axis":"z","origin":[8,20,8.75]},"faces":{"north":{"uv":[7.25,16,9.25,14],"rotation":180,"texture":"#0"},"east":{"uv":[7.25,12,9.25,13],"rotation":90,"texture":"#0"},"south":{"uv":[7.25,14,9.25,16],"texture":"#0"},"west":{"uv":[7.25,13,9.25,14],"rotation":90,"texture":"#0"},"up":{"uv":[9.25,13,7.25,14],"texture":"#0"},"down":{"uv":[9.25,13,7.25,12],"texture":"#0"}}},{"from":[5.9,14.9,8],"to":[6.9,17.9,10],"rotation":{"angle":-45,"axis":"z","origin":[11,20,8.75]},"faces":{"north":{"uv":[14.5,12.75,16,12.25],"rotation":90,"texture":"#0"},"east":{"uv":[16,4.75,15,6.25],"texture":"#0"},"south":{"uv":[14.5,12.75,16,12.25],"rotation":90,"texture":"#0"},"west":{"uv":[16,3.25,15,4.75],"rotation":180,"texture":"#0"},"up":{"uv":[13,11.25,12,11.75],"rotation":90,"texture":"#0"},"down":{"uv":[11.5,10,10.5,10.5],"rotation":90,"texture":"#0"}}},{"from":[6.9,14.9,8],"to":[8.9,15.9,10],"rotation":{"angle":-45,"axis":"z","origin":[11,20,8.75]},"faces":{"north":{"uv":[10.5,8,9.5,7.5],"rotation":180,"texture":"#0"},"east":{"uv":[9,8,9.5,7.125],"rotation":90,"texture":"#0"},"south":{"uv":[10.5,7.5,9.5,8],"texture":"#0"},"west":{"uv":[9,8,9.5,7.125],"rotation":270,"texture":"#0"},"up":{"uv":[9.25,6,10.25,6.875],"texture":"#0"},"down":{"uv":[9.25,6.875,10.25,6],"texture":"#0"}}},{"from":[4,14,6.25],"to":[6,20,9.75],"rotation":{"angle":0,"axis":"y","origin":[4,14,7.75]},"faces":{"north":{"uv":[13.25,5.5,12.25,2.5],"rotation":180,"texture":"#0"},"east":{"uv":[15,3.25,13.25,6.25],"rotation":180,"texture":"#0"},"south":{"uv":[13.25,2.5,12.25,5.5],"texture":"#0"},"west":{"uv":[15,3.25,13.25,6.25],"rotation":180,"texture":"#0"},"up":{"uv":[13.25,1.5,14.25,3.25],"texture":"#0"},"down":{"uv":[13.25,3.25,14.25,1.5],"texture":"#0"}}},{"from":[6,14,6.25],"to":[10,20,9.75],"rotation":{"angle":0,"axis":"y","origin":[4,14,7.75]},"faces":{"north":{"uv":[11,4.25,9,1.25],"rotation":180,"texture":"#0"},"east":{"uv":[11,1.25,9,4.25],"texture":"#0"},"south":{"uv":[11,1.25,9,4.25],"texture":"#0"},"west":{"uv":[11,1.25,9,4.25],"texture":"#0"},"up":{"uv":[11.5,7.25,13.5,9],"texture":"#0"},"down":{"uv":[11.5,9,13.5,7.25],"texture":"#0"}}},{"from":[7,2,7],"to":[9,8,9],"rotation":{"angle":0,"axis":"y","origin":[4,8,7.75]},"faces":{"north":{"uv":[11.25,16,10.25,13],"rotation":180,"texture":"#0"},"east":{"uv":[10.25,13,9.25,16],"texture":"#0"},"south":{"uv":[11.25,13,10.25,16],"texture":"#0"},"west":{"uv":[10.25,13,9.25,16],"texture":"#0"},"up":{"uv":[9,0,10,1],"texture":"#0"},"down":{"uv":[9,1,10,0],"texture":"#0"}}},{"from":[7,-10,7],"to":[9,-4,9],"rotation":{"angle":0,"axis":"y","origin":[4,-10,7.75]},"faces":{"north":{"uv":[11.25,16,10.25,13],"rotation":180,"texture":"#0"},"east":{"uv":[10.25,13,9.25,16],"texture":"#0"},"south":{"uv":[11.25,13,10.25,16],"texture":"#0"},"west":{"uv":[10.25,13,9.25,16],"texture":"#0"},"up":{"uv":[9,0,10,1],"texture":"#0"},"down":{"uv":[9,1,10,0],"texture":"#0"}}},{"from":[7,-4,7],"to":[9,2,9],"rotation":{"angle":0,"axis":"y","origin":[4,30,7.75]},"faces":{"north":{"uv":[11.25,13,10.25,16],"rotation":180,"texture":"#0"},"east":{"uv":[10.25,16,9.25,13],"texture":"#0"},"south":{"uv":[11.25,16,10.25,13],"texture":"#0"},"west":{"uv":[10.25,16,9.25,13],"texture":"#0"},"up":{"uv":[9,0,10,1],"texture":"#0"},"down":{"uv":[9,1,10,0],"texture":"#0"}}},{"from":[7,8,7],"to":[9,14,9],"rotation":{"angle":0,"axis":"y","origin":[4,46,7.75]},"faces":{"north":{"uv":[11.25,13,10.25,16],"rotation":180,"texture":"#0"},"east":{"uv":[10.25,16,9.25,13],"texture":"#0"},"south":{"uv":[11.25,16,10.25,13],"texture":"#0"},"west":{"uv":[10.25,16,9.25,13],"texture":"#0"},"up":{"uv":[9,0,10,1],"texture":"#0"},"down":{"uv":[9,1,10,0],"texture":"#0"}}},{"from":[4,11,6.75],"to":[6,14,9.25],"rotation":{"angle":22.5,"axis":"z","origin":[4,14,7.75]},"faces":{"north":{"uv":[13,14.5,12,13],"rotation":180,"texture":"#0"},"east":{"uv":[14.25,3.25,15.75,2],"rotation":90,"texture":"#0"},"south":{"uv":[13,13,12,14.5],"texture":"#0"},"west":{"uv":[11.5,11.25,13,10],"rotation":270,"texture":"#0"},"up":{"uv":[11.25,1.25,12.5,2.25],"rotation":90,"texture":"#0"},"down":{"uv":[11.25,1.25,12.5,2.25],"rotation":90,"texture":"#0"}}},{"from":[9.1,14.9,6],"to":[10.1,17.9,8],"rotation":{"angle":45,"axis":"z","origin":[5,20,7.25]},"faces":{"north":{"uv":[14.5,12.75,16,12.25],"rotation":90,"texture":"#0"},"east":{"uv":[16,3.25,15,4.75],"rotation":180,"texture":"#0"},"south":{"uv":[14.5,12.75,16,12.25],"rotation":90,"texture":"#0"},"west":{"uv":[16,4.75,15,6.25],"texture":"#0"},"up":{"uv":[13,11.75,12,11.25],"rotation":90,"texture":"#0"},"down":{"uv":[11.5,10.5,10.5,10],"rotation":90,"texture":"#0"}}},{"from":[7.1,14.9,6],"to":[9.1,15.9,8],"rotation":{"angle":45,"axis":"z","origin":[5,20,7.25]},"faces":{"north":{"uv":[10.5,7.5,9.5,8],"texture":"#0"},"east":{"uv":[9,8,9.5,7.125],"rotation":270,"texture":"#0"},"south":{"uv":[10.5,8,9.5,7.5],"rotation":180,"texture":"#0"},"west":{"uv":[9,8,9.5,7.125],"rotation":90,"texture":"#0"},"up":{"uv":[10.25,6.875,9.25,6],"texture":"#0"},"down":{"uv":[10.25,6,9.25,6.875],"texture":"#0"}}},{"from":[10,14,6.25],"to":[12,20,9.75],"rotation":{"angle":0,"axis":"y","origin":[12,14,7.75]},"faces":{"north":{"uv":[12.25,5.5,13.25,2.5],"rotation":180,"texture":"#0"},"east":{"uv":[13.25,3.25,15,6.25],"rotation":180,"texture":"#0"},"south":{"uv":[12.25,2.5,13.25,5.5],"texture":"#0"},"west":{"uv":[13.25,3.25,15,6.25],"rotation":180,"texture":"#0"},"up":{"uv":[14.25,1.5,13.25,3.25],"texture":"#0"},"down":{"uv":[14.25,3.25,13.25,1.5],"texture":"#0"}}},{"from":[10,11,6.75],"to":[12,14,9.25],"rotation":{"angle":-22.5,"axis":"z","origin":[12,14,7.75]},"faces":{"north":{"uv":[12,14.5,13,13],"rotation":180,"texture":"#0"},"east":{"uv":[11.5,10,13,11.25],"rotation":270,"texture":"#0"},"south":{"uv":[12,13,13,14.5],"texture":"#0"},"west":{"uv":[14.25,2,15.75,3.25],"rotation":90,"texture":"#0"},"up":{"uv":[11.25,2.25,12.5,1.25],"rotation":90,"texture":"#0"},"down":{"uv":[11.25,2.25,12.5,1.25],"rotation":90,"texture":"#0"}}},{"from":[7.1,14.9,8],"to":[9.1,15.9,10],"rotation":{"angle":45,"axis":"z","origin":[5,20,8.75]},"faces":{"north":{"uv":[9.5,8,10.5,7.5],"rotation":180,"texture":"#0"},"east":{"uv":[9,7.125,9.5,8],"rotation":270,"texture":"#0"},"south":{"uv":[9.5,7.5,10.5,8],"texture":"#0"},"west":{"uv":[9,7.125,9.5,8],"rotation":90,"texture":"#0"},"up":{"uv":[10.25,6,9.25,6.875],"texture":"#0"},"down":{"uv":[10.25,6.875,9.25,6],"texture":"#0"}}},{"from":[9.1,14.9,8],"to":[10.1,17.9,10],"rotation":{"angle":45,"axis":"z","origin":[5,20,8.75]},"faces":{"north":{"uv":[14.5,12.25,16,12.75],"rotation":90,"texture":"#0"},"east":{"uv":[15,3.25,16,4.75],"rotation":180,"texture":"#0"},"south":{"uv":[14.5,12.25,16,12.75],"rotation":90,"texture":"#0"},"west":{"uv":[15,4.75,16,6.25],"texture":"#0"},"up":{"uv":[13,11.75,12,11.25],"rotation":90,"texture":"#0"},"down":{"uv":[11.5,10.5,10.5,10],"rotation":90,"texture":"#0"}}},{"from":[7,5.12471,5.85935],"to":[9,11.12471,7.85935],"rotation":{"angle":-22.5,"axis":"x","origin":[8,7.65224,8]},"faces":{"north":{"uv":[2,13,1,16],"texture":"#0"},"east":{"uv":[1,13,0,16],"texture":"#0"},"south":{"uv":[1,13,2,16],"texture":"#0"},"west":{"uv":[0,13,1,16],"texture":"#0"},"up":{"uv":[0,12,1,13],"rotation":90,"texture":"#0"},"down":{"uv":[0,12,1,13],"rotation":270,"texture":"#0"}}},{"from":[7,5.12471,8.14065],"to":[9,11.12471,10.14065],"rotation":{"angle":22.5,"axis":"x","origin":[8,7.65224,8]},"faces":{"north":{"uv":[2,13,1,16],"texture":"#0"},"east":{"uv":[0,13,1,16],"texture":"#0"},"south":{"uv":[2,13,1,16],"texture":"#0"},"west":{"uv":[1,13,0,16],"texture":"#0"},"up":{"uv":[1,12,0,13],"rotation":90,"texture":"#0"},"down":{"uv":[1,12,0,13],"rotation":270,"texture":"#0"}}},{"from":[5.85935,5.12471,7],"to":[7.85935,11.12471,9],"rotation":{"angle":22.5,"axis":"z","origin":[8,7.65224,8]},"faces":{"north":{"uv":[1,13,0,16],"texture":"#0"},"east":{"uv":[2,13,1,16],"texture":"#0"},"south":{"uv":[0,13,1,16],"texture":"#0"},"west":{"uv":[2,13,1,16],"texture":"#0"},"up":{"uv":[1,12,0,13],"rotation":180,"texture":"#0"},"down":{"uv":[1,12,0,13],"rotation":180,"texture":"#0"}}},{"from":[8.14065,5.12471,7],"to":[10.14065,11.12471,9],"rotation":{"angle":-22.5,"axis":"z","origin":[8,7.65224,8]},"faces":{"north":{"uv":[0,13,1,16],"texture":"#0"},"east":{"uv":[2,13,1,16],"texture":"#0"},"south":{"uv":[1,13,0,16],"texture":"#0"},"west":{"uv":[1,13,2,16],"texture":"#0"},"up":{"uv":[0,12,1,13],"rotation":180,"texture":"#0"},"down":{"uv":[0,12,1,13],"rotation":180,"texture":"#0"}}},{"from":[6,9.5,6],"to":[10,11.5,10],"rotation":{"angle":0,"axis":"y","origin":[0,16.5,0]},"faces":{"north":{"uv":[2,15,4,16],"texture":"#0"},"east":{"uv":[2,15,4,16],"texture":"#0"},"south":{"uv":[2,15,4,16],"texture":"#0"},"west":{"uv":[2,15,4,16],"texture":"#0"},"up":{"uv":[2,13,4,15],"texture":"#0"},"down":{"uv":[4.25,14,6.25,16],"texture":"#0"}}},{"from":[3.25,24.9,10.85],"to":[8.25,26.9,15.85],"rotation":{"angle":45,"axis":"y","origin":[0.4,21.4,8]},"faces":{"north":{"uv":[13.5,6.25,11,7.25],"rotation":180,"texture":"#0"},"east":{"uv":[11,6.25,13.5,7.25],"rotation":180,"texture":"#0"},"south":{"uv":[13.5,6.25,11,7.25],"rotation":180,"texture":"#0"},"west":{"uv":[11,6.25,13.5,7.25],"rotation":180,"texture":"#0"},"up":{"uv":[13.5,9.75,16,7.25],"rotation":90,"texture":"#0"},"down":{"uv":[13.5,12.25,16,9.75],"rotation":270,"texture":"#0"}}},{"from":[6.5,-12,6.5],"to":[9.5,-10,9.5],"rotation":{"angle":0,"axis":"y","origin":[0,10,0]},"faces":{"north":{"uv":[13,0,14.5,1],"texture":"#0"},"east":{"uv":[11.5,0,13,1],"texture":"#0"},"south":{"uv":[13,0,14.5,1],"texture":"#0"},"west":{"uv":[11.5,0,13,1],"texture":"#0"},"up":{"uv":[14.5,0,16,1.5],"texture":"#0"},"down":{"uv":[10.75,4.25,12.25,5.75],"texture":"#0"}}},{"from":[5.25,21,6.5],"to":[6.25,27,7.5],"faces":{"north":{"uv":[0.5,9,1,12],"texture":"#0"},"east":{"uv":[0,9,0.5,12],"texture":"#0"},"south":{"uv":[0.5,9,1,12],"texture":"#0"},"west":{"uv":[0,9,0.5,12],"texture":"#0"},"up":{"uv":[1,12.5,1.5,13],"texture":"#0"},"down":{"uv":[1,12.5,1.5,13],"texture":"#0"}}},{"from":[9.75,21,6.5],"to":[10.75,27,7.5],"rotation":{"angle":0,"axis":"y","origin":[16,0,0]},"faces":{"north":{"uv":[1,9,0.5,12],"texture":"#0"},"east":{"uv":[0.5,9,0,12],"texture":"#0"},"south":{"uv":[1,9,0.5,12],"texture":"#0"},"west":{"uv":[0.5,9,0,12],"texture":"#0"},"up":{"uv":[1.5,12.5,1,13],"texture":"#0"},"down":{"uv":[1.5,12.5,1,13],"texture":"#0"}}},{"from":[9.75,21,8.5],"to":[10.75,27,9.5],"rotation":{"angle":0,"axis":"y","origin":[16,0,16]},"faces":{"north":{"uv":[0.5,9,1,12],"texture":"#0"},"east":{"uv":[0,9,0.5,12],"texture":"#0"},"south":{"uv":[0.5,9,1,12],"texture":"#0"},"west":{"uv":[0,9,0.5,12],"texture":"#0"},"up":{"uv":[1.5,13,1,12.5],"texture":"#0"},"down":{"uv":[1.5,13,1,12.5],"texture":"#0"}}},{"from":[5.25,21,8.5],"to":[6.25,27,9.5],"rotation":{"angle":0,"axis":"y","origin":[0,0,16]},"faces":{"north":{"uv":[1,9,0.5,12],"texture":"#0"},"east":{"uv":[0.5,9,0,12],"texture":"#0"},"south":{"uv":[1,9,0.5,12],"texture":"#0"},"west":{"uv":[0.5,9,0,12],"texture":"#0"},"up":{"uv":[1,13,1.5,12.5],"texture":"#0"},"down":{"uv":[1,13,1.5,12.5],"texture":"#0"}}},{"from":[4.05,28,4],"to":[12.05,28,12],"rotation":{"angle":0,"axis":"y","origin":[6.05,28,6]},"faces":{"north":{"uv":[8,8,14,8],"rotation":180,"texture":"#1"},"east":{"uv":[8,8,8,12],"rotation":270,"texture":"#1"},"south":{"uv":[8,8,14,8],"texture":"#1"},"west":{"uv":[8,8,8,12],"rotation":90,"texture":"#1"},"up":{"uv":[8,8,12,12],"rotation":180,"texture":"#1"},"down":{"uv":[8,8,12,12],"texture":"#1"}}},{"from":[4.05,28,4],"to":[12.05,28,12],"rotation":{"angle":-22.5,"axis":"y","origin":[8.05,28,8]},"faces":{"north":{"uv":[8,8,14,8],"rotation":180,"texture":"#1"},"east":{"uv":[8,8,8,12],"rotation":270,"texture":"#1"},"south":{"uv":[8,8,14,8],"texture":"#1"},"west":{"uv":[8,8,8,12],"rotation":90,"texture":"#1"},"up":{"uv":[12,8,16,12],"rotation":180,"texture":"#1"},"down":{"uv":[12,8,16,12],"texture":"#1"}}},{"from":[4.05,28,4],"to":[12.05,28,12],"rotation":{"angle":45,"axis":"y","origin":[8.05,28,8]},"faces":{"north":{"uv":[8,8,8,12],"rotation":90,"texture":"#1"},"east":{"uv":[8,8,14,8],"rotation":180,"texture":"#1"},"south":{"uv":[8,8,8,12],"rotation":270,"texture":"#1"},"west":{"uv":[8,8,14,8],"texture":"#1"},"up":{"uv":[8,12,12,16],"rotation":270,"texture":"#1"},"down":{"uv":[8,12,12,16],"rotation":270,"texture":"#1"}}},{"from":[4.05,28,4],"to":[12.05,28,12],"rotation":{"angle":22.5,"axis":"y","origin":[8.05,28,8]},"faces":{"north":{"uv":[8,8,8,12],"rotation":90,"texture":"#1"},"east":{"uv":[8,8,14,8],"rotation":180,"texture":"#1"},"south":{"uv":[8,8,8,12],"rotation":270,"texture":"#1"},"west":{"uv":[8,8,14,8],"texture":"#1"},"up":{"uv":[12,12,16,16],"rotation":270,"texture":"#1"},"down":{"uv":[12,12,16,16],"rotation":270,"texture":"#1"}}},{"from":[4.05,29,4],"to":[12.05,29,12],"rotation":{"angle":22.5,"axis":"y","origin":[8.05,29,8]},"faces":{"north":{"uv":[0,0,0,4],"rotation":90,"texture":"#1"},"east":{"uv":[0,0,6,0],"rotation":180,"texture":"#1"},"south":{"uv":[0,0,0,4],"rotation":270,"texture":"#1"},"west":{"uv":[0,0,6,0],"texture":"#1"},"up":{"uv":[4,4,8,8],"rotation":270,"texture":"#1"},"down":{"uv":[4,4,8,8],"rotation":270,"texture":"#1"}}},{"from":[4.05,29,4],"to":[12.05,29,12],"rotation":{"angle":45,"axis":"y","origin":[8.05,29,8]},"faces":{"north":{"uv":[0,0,0,4],"rotation":90,"texture":"#1"},"east":{"uv":[0,0,6,0],"rotation":180,"texture":"#1"},"south":{"uv":[0,0,0,4],"rotation":270,"texture":"#1"},"west":{"uv":[0,0,6,0],"texture":"#1"},"up":{"uv":[0,4,4,8],"rotation":270,"texture":"#1"},"down":{"uv":[0,4,4,8],"rotation":270,"texture":"#1"}}},{"from":[4.05,29,4],"to":[12.05,29,12],"rotation":{"angle":-22.5,"axis":"y","origin":[8.05,29,8]},"faces":{"north":{"uv":[0,0,6,0],"rotation":180,"texture":"#1"},"east":{"uv":[0,0,0,4],"rotation":270,"texture":"#1"},"south":{"uv":[0,0,6,0],"texture":"#1"},"west":{"uv":[0,0,0,4],"rotation":90,"texture":"#1"},"up":{"uv":[4,0,8,4],"rotation":180,"texture":"#1"},"down":{"uv":[4,0,8,4],"texture":"#1"}}},{"from":[4.05,29,4],"to":[12.05,29,12],"rotation":{"angle":0,"axis":"y","origin":[6.05,29,6]},"faces":{"north":{"uv":[0,0,6,0],"rotation":180,"texture":"#1"},"east":{"uv":[0,0,0,4],"rotation":270,"texture":"#1"},"south":{"uv":[0,0,6,0],"texture":"#1"},"west":{"uv":[0,0,0,4],"rotation":90,"texture":"#1"},"up":{"uv":[0,0,4,4],"rotation":180,"texture":"#1"},"down":{"uv":[0,0,4,4],"texture":"#1"}}}],"gui_light":"front","display":{"thirdperson_righthand":{"rotation":[52.17,-29.76,13.69],"translation":[-0.75,0.5,3.75],"scale":[0.65,0.65,0.65]},"thirdperson_lefthand":{"rotation":[52.17,-29.76,13.69],"translation":[-0.75,0.5,3.75],"scale":[0.65,0.65,0.65]},"firstperson_righthand":{"rotation":[-12,116,3],"translation":[4.25,1.5,-3.5],"scale":[0.51953,0.51953,0.51953]},"firstperson_lefthand":{"rotation":[-12,116,3],"translation":[4.25,1.5,-3.5],"scale":[0.51953,0.51953,0.51953]},"ground":{"rotation":[0,0,90],"translation":[1.25,0.25,0],"scale":[0.5,0.5,0.5]},"gui":{"rotation":[26,175,-48],"translation":[0.5,-0.75,-1.25],"scale":[0.4068,0.4068,0.4068]},"head":{"rotation":[90,-168,90],"translation":[-0.5,11.75,0],"scale":[0.56,0.56,0.56]},"fixed":{"rotation":[0,180,0],"translation":[0,-2.25,-2.25],"scale":[1.0907,1.0907,1.0907]}}}