{"credit":"Made with Blockbench","texture_size":[32,32],"textures":{"0":"elitecreatures:gamer_girl_animated/swordtex","1":"elitecreatures:gamer_girl_animated/boxs","2":"elitecreatures:gamer_girl_animated/square","particle":"elitecreatures:gamer_girl_animated/swordtex"},"elements":[{"from":[4,-1,7.67975],"to":[4,7,15.67975],"rotation":{"angle":0,"axis":"y","origin":[8,1.25,8]},"faces":{"north":{"uv":[0,0,0,4],"texture":"#2"},"east":{"uv":[4,0,0,4],"texture":"#2"},"south":{"uv":[0,0,0,4],"texture":"#2"},"west":{"uv":[4,0,0,4],"texture":"#2"},"up":{"uv":[0,0,6,0],"rotation":90,"texture":"#2"},"down":{"uv":[0,0,6,0],"rotation":270,"texture":"#2"}}},{"from":[8.25,3.12477,7.3999],"to":[10.25,7.12477,11.3999],"rotation":{"angle":45,"axis":"x","origin":[8,1.25,8]},"faces":{"north":{"uv":[7,6.25,9,7.25],"rotation":90,"texture":"#0"},"east":{"uv":[7,8.25,9,10.25],"texture":"#0"},"south":{"uv":[9,8.25,7,7.25],"rotation":90,"texture":"#0"},"west":{"uv":[7,10.25,9,8.25],"rotation":180,"texture":"#0"},"up":{"uv":[7,8.25,9,7.25],"rotation":90,"texture":"#0"},"down":{"uv":[7,6.25,9,7.25],"rotation":270,"texture":"#0"}}},{"from":[8,-3.12858,13.85345],"to":[10,-0.12858,14.85345],"rotation":{"angle":-45,"axis":"x","origin":[8,1.25,8]},"faces":{"north":{"uv":[16,4.75,15,6.25],"texture":"#0"},"east":{"uv":[13.5,7.75,15,7.25],"rotation":90,"texture":"#0"},"south":{"uv":[16,3.25,15,4.75],"rotation":180,"texture":"#0"},"west":{"uv":[13.5,7.75,15,7.25],"rotation":90,"texture":"#0"},"up":{"uv":[6.5,12,5.5,11.5],"rotation":180,"texture":"#0"},"down":{"uv":[9,8.75,10,9.25],"texture":"#0"}}},{"from":[8,-3.12858,11.85345],"to":[10,-2.12858,13.85345],"rotation":{"angle":-45,"axis":"x","origin":[8,1.25,8]},"faces":{"north":{"uv":[9,8,9.5,7.125],"rotation":90,"texture":"#0"},"east":{"uv":[10.5,7.5,9.5,8],"texture":"#0"},"south":{"uv":[9,8,9.5,7.125],"rotation":270,"texture":"#0"},"west":{"uv":[10.5,8,9.5,7.5],"rotation":180,"texture":"#0"},"up":{"uv":[10.25,6.875,9.25,6],"rotation":90,"texture":"#0"},"down":{"uv":[10.25,6,9.25,6.875],"rotation":270,"texture":"#0"}}},{"from":[1.05546,7.23718,5.97975],"to":[7.05546,8.23718,7.47975],"rotation":{"angle":-45,"axis":"z","origin":[8,1.25,8]},"faces":{"north":{"uv":[11.25,11,14.25,11.5],"texture":"#0"},"east":{"uv":[4.75,1.25,4,1.75],"texture":"#0"},"south":{"uv":[11.25,11.5,14.25,12],"texture":"#0"},"west":{"uv":[4,1.25,4.75,1.75],"texture":"#0"},"up":{"uv":[14.25,11,15,14],"rotation":90,"texture":"#0"},"down":{"uv":[11.25,12,14.25,12.75],"texture":"#0"}}},{"from":[9.01525,7.16647,5.97975],"to":[14.01525,8.16647,7.47975],"rotation":{"angle":45,"axis":"z","origin":[8,1.25,8]},"faces":{"north":{"uv":[4,1.75,4.5,4.25],"rotation":90,"texture":"#0"},"east":{"uv":[10.25,4.25,11,4.75],"texture":"#0"},"south":{"uv":[4.5,1.75,5,4.25],"rotation":90,"texture":"#0"},"west":{"uv":[10.25,4.25,11,4.75],"texture":"#0"},"up":{"uv":[10.25,4.75,11,7.25],"rotation":90,"texture":"#0"},"down":{"uv":[4.25,4.25,5,6.75],"rotation":270,"texture":"#0"}}},{"from":[6.60531,-3,5.39469],"to":[10.60531,6,9.39469],"rotation":{"angle":45,"axis":"y","origin":[8,1.25,8]},"faces":{"north":{"uv":[13,2.75,11,7.25],"texture":"#0"},"east":{"uv":[11,2.75,13,7.25],"texture":"#0"},"south":{"uv":[13,0.75,15,5.25],"texture":"#0"},"west":{"uv":[15,0.75,13,5.25],"texture":"#0"},"up":{"uv":[13,5.25,15,7.25],"rotation":180,"texture":"#0"},"down":{"uv":[13,5.25,15,7.25],"rotation":180,"texture":"#0"}}},{"from":[7.10531,-5,3.89469],"to":[12.10531,-3,8.89469],"rotation":{"angle":45,"axis":"y","origin":[8,1.25,8]},"faces":{"north":{"uv":[4,15,6.5,16],"texture":"#0"},"east":{"uv":[4,15,6.5,16],"texture":"#0"},"south":{"uv":[4,15,1.5,16],"texture":"#0"},"west":{"uv":[1.5,15,4,16],"texture":"#0"},"up":{"uv":[6.5,12.75,9,15.25],"rotation":180,"texture":"#0"},"down":{"uv":[6.5,10.25,9,12.75],"rotation":180,"texture":"#0"}}},{"from":[4.75,-3.56411,4.21792],"to":[11.25,-0.56411,7.21792],"rotation":{"angle":-45,"axis":"x","origin":[8,1.25,8]},"faces":{"north":{"uv":[10.25,9.5,13.5,11],"texture":"#0"},"east":{"uv":[12,8,13.5,9.5],"texture":"#0"},"south":{"uv":[13.5,7.75,15,11],"rotation":90,"texture":"#0"},"west":{"uv":[13.5,8,12,9.5],"texture":"#0"},"up":{"uv":[13.5,11,10.25,9.5],"rotation":180,"texture":"#0"},"down":{"uv":[13.5,7.75,15,11],"rotation":270,"texture":"#0"}}},{"from":[8,3,7.72975],"to":[8,32,15.72975],"rotation":{"angle":0,"axis":"y","origin":[8,1.25,8]},"faces":{"north":{"uv":[0,0,0,14.5],"texture":"#0"},"east":{"uv":[4,0,0,14.5],"texture":"#0"},"south":{"uv":[0,0,0,14.5],"texture":"#0"},"west":{"uv":[0,0,4,14.5],"texture":"#0"},"up":{"uv":[3,0,0,0],"rotation":90,"texture":"#0"},"down":{"uv":[3,0,0,0],"rotation":270,"texture":"#0"}}},{"from":[6.25,-3,13.72975],"to":[9.75,3,15.72975],"rotation":{"angle":0,"axis":"y","origin":[8,1.25,8]},"faces":{"north":{"uv":[4.25,7.25,6,10.25],"rotation":180,"texture":"#0"},"east":{"uv":[5,4.25,6,1.25],"rotation":180,"texture":"#0"},"south":{"uv":[4.25,7.25,6,10.25],"rotation":180,"texture":"#0"},"west":{"uv":[5,1.25,6,4.25],"texture":"#0"},"up":{"uv":[7,0.25,6,2],"rotation":90,"texture":"#0"},"down":{"uv":[7,2,6,0.25],"rotation":270,"texture":"#0"}}},{"from":[6.75,-2.71844,14.76777],"to":[9.25,0.28156,16.76777],"rotation":{"angle":22.5,"axis":"x","origin":[8,1.25,8]},"faces":{"north":{"uv":[7,0.75,8.5,2],"rotation":90,"texture":"#0"},"east":{"uv":[6.75,6.25,7.75,4.75],"rotation":180,"texture":"#0"},"south":{"uv":[5,10.25,6.5,11.5],"rotation":270,"texture":"#0"},"west":{"uv":[6.75,4.75,7.75,6.25],"texture":"#0"},"up":{"uv":[4,1,5.25,0],"rotation":180,"texture":"#0"},"down":{"uv":[4,1,5.25,0],"texture":"#0"}}},{"from":[6.25,-3,9.72975],"to":[9.75,3,13.72975],"rotation":{"angle":0,"axis":"y","origin":[8,1.25,8]},"faces":{"north":{"uv":[9,1.25,11,4.25],"texture":"#0"},"east":{"uv":[9,4.25,11,1.25],"rotation":180,"texture":"#0"},"south":{"uv":[9,1.25,11,4.25],"texture":"#0"},"west":{"uv":[9,1.25,11,4.25],"texture":"#0"},"up":{"uv":[10.25,4.25,8.25,6],"rotation":90,"texture":"#0"},"down":{"uv":[10.25,6,8.25,4.25],"rotation":270,"texture":"#0"}}},{"from":[7,-9,10.72975],"to":[9,-3,12.72975],"rotation":{"angle":0,"axis":"y","origin":[8,1.25,8]},"faces":{"north":{"uv":[4.5,12,5.5,15],"texture":"#0"},"east":{"uv":[5.5,15,6.5,12],"rotation":180,"texture":"#0"},"south":{"uv":[4.5,12,5.5,15],"texture":"#0"},"west":{"uv":[5.5,12,6.5,15],"texture":"#0"},"up":{"uv":[10,0,9,1],"rotation":90,"texture":"#0"},"down":{"uv":[10,1,9,0],"rotation":270,"texture":"#0"}}},{"from":[8,4,13.22975],"to":[9,9,15.22975],"rotation":{"angle":0,"axis":"y","origin":[8,1.25,8]},"faces":{"north":{"uv":[1.5,14.5,4,15],"rotation":90,"texture":"#0"},"east":{"uv":[15,3.25,16,0.75],"rotation":180,"texture":"#0"},"south":{"uv":[4,12.5,4.5,15],"rotation":180,"texture":"#0"},"west":{"uv":[15,0.75,16,3.25],"texture":"#0"},"up":{"uv":[11,8.75,10,9.25],"rotation":90,"texture":"#0"},"down":{"uv":[11,9.25,10,8.75],"rotation":270,"texture":"#0"}}},{"from":[11.3,-3.2,5.72975],"to":[12.3,6.8,7.72975],"rotation":{"angle":0,"axis":"y","origin":[8,1.25,8]},"faces":{"north":{"uv":[10,14,15,14.5],"rotation":270,"texture":"#0"},"east":{"uv":[15,10,16,15],"rotation":180,"texture":"#0"},"south":{"uv":[10,14.5,15,15],"rotation":90,"texture":"#0"},"west":{"uv":[11,15,16,16],"rotation":90,"texture":"#0"},"up":{"uv":[7,0.5,8,0],"rotation":90,"texture":"#0"},"down":{"uv":[7,0,8,0.5],"rotation":270,"texture":"#0"}}},{"from":[7,-15,10.72975],"to":[9,-9,12.72975],"rotation":{"angle":0,"axis":"y","origin":[8,1.25,8]},"faces":{"north":{"uv":[4.5,15,5.5,12],"texture":"#0"},"east":{"uv":[5.5,12,6.5,15],"rotation":180,"texture":"#0"},"south":{"uv":[4.5,15,5.5,12],"texture":"#0"},"west":{"uv":[5.5,15,6.5,12],"texture":"#0"},"up":{"uv":[10,0,9,1],"rotation":90,"texture":"#0"},"down":{"uv":[10,1,9,0],"rotation":270,"texture":"#0"}}},{"from":[6,-3.12858,11.85345],"to":[8,-2.12858,13.85345],"rotation":{"angle":-45,"axis":"x","origin":[8,1.25,8]},"faces":{"north":{"uv":[9,7.125,9.5,8],"rotation":90,"texture":"#0"},"east":{"uv":[9.5,8,10.5,7.5],"rotation":180,"texture":"#0"},"south":{"uv":[9,7.125,9.5,8],"rotation":270,"texture":"#0"},"west":{"uv":[9.5,7.5,10.5,8],"texture":"#0"},"up":{"uv":[10.25,6,9.25,6.875],"rotation":90,"texture":"#0"},"down":{"uv":[10.25,6.875,9.25,6],"rotation":270,"texture":"#0"}}},{"from":[6,-3.12858,13.85345],"to":[8,-0.12858,14.85345],"rotation":{"angle":-45,"axis":"x","origin":[8,1.25,8]},"faces":{"north":{"uv":[15,4.75,16,6.25],"texture":"#0"},"east":{"uv":[13.5,7.25,15,7.75],"rotation":90,"texture":"#0"},"south":{"uv":[15,3.25,16,4.75],"rotation":180,"texture":"#0"},"west":{"uv":[13.5,7.25,15,7.75],"rotation":90,"texture":"#0"},"up":{"uv":[6.5,12,5.5,11.5],"rotation":180,"texture":"#0"},"down":{"uv":[10,9.25,9,8.75],"texture":"#0"}}},{"from":[5.75,3.12477,7.3999],"to":[7.75,7.12477,11.3999],"rotation":{"angle":45,"axis":"x","origin":[8,1.25,8]},"faces":{"north":{"uv":[7,7.25,9,6.25],"rotation":90,"texture":"#0"},"east":{"uv":[9,10.25,7,8.25],"rotation":180,"texture":"#0"},"south":{"uv":[7,8.25,9,7.25],"rotation":90,"texture":"#0"},"west":{"uv":[9,8.25,7,10.25],"texture":"#0"},"up":{"uv":[7,7.25,9,8.25],"rotation":90,"texture":"#0"},"down":{"uv":[7,7.25,9,6.25],"rotation":270,"texture":"#0"}}},{"from":[7.75,3,9.72975],"to":[8.25,28,13.72975],"rotation":{"angle":0,"axis":"y","origin":[8,1.25,8]},"faces":{"north":{"uv":[2.75,2,3,14.5],"texture":"#0"},"east":{"uv":[3,2,1,14.5],"texture":"#0"},"south":{"uv":[1,2,1.25,14.5],"texture":"#0"},"west":{"uv":[1,2,3,14.5],"texture":"#0"},"up":{"uv":[3,2,1,2.25],"rotation":90,"texture":"#0"},"down":{"uv":[3,2,1,2.25],"rotation":270,"texture":"#0"}}},{"from":[7,4,13.22975],"to":[8,9,15.22975],"rotation":{"angle":0,"axis":"y","origin":[8,1.25,8]},"faces":{"north":{"uv":[1.5,15,4,14.5],"rotation":90,"texture":"#0"},"east":{"uv":[16,0.75,15,3.25],"texture":"#0"},"south":{"uv":[4.5,12.5,4,15],"rotation":180,"texture":"#0"},"west":{"uv":[16,3.25,15,0.75],"rotation":180,"texture":"#0"},"up":{"uv":[11,9.25,10,8.75],"rotation":90,"texture":"#0"},"down":{"uv":[11,8.75,10,9.25],"rotation":270,"texture":"#0"}}},{"from":[3.725,-2.27308,-0.93288],"to":[12.275,-0.77308,0.06712],"rotation":{"angle":-22.5,"axis":"x","origin":[8,1.25,8]},"faces":{"north":{"uv":[6.5,15.25,10.75,16],"texture":"#0"},"east":{"uv":[8,0.5,8.75,0],"rotation":90,"texture":"#0"},"south":{"uv":[6,6,6.75,10.25],"rotation":90,"texture":"#0"},"west":{"uv":[8,0,8.75,0.5],"rotation":90,"texture":"#0"},"up":{"uv":[10,13,14.25,13.5],"rotation":180,"texture":"#0"},"down":{"uv":[10,13.5,14.25,14],"texture":"#0"}}},{"from":[6.5,3,8.22975],"to":[8,9,10.22975],"rotation":{"angle":0,"axis":"y","origin":[8,1.25,8]},"faces":{"north":{"uv":[6,3.25,9,2.5],"rotation":270,"texture":"#0"},"east":{"uv":[10,9.25,9,12.25],"texture":"#0"},"south":{"uv":[10,0.75,13,0],"rotation":270,"texture":"#0"},"west":{"uv":[10,9.25,9,12.25],"rotation":180,"texture":"#0"},"up":{"uv":[11,9.5,12,8.75],"rotation":90,"texture":"#0"},"down":{"uv":[11,9.5,12,8.75],"rotation":90,"texture":"#0"}}},{"from":[3.7,-3.2,5.72975],"to":[4.7,6.8,7.72975],"rotation":{"angle":0,"axis":"y","origin":[8,1.25,8]},"faces":{"north":{"uv":[10,14.5,15,14],"rotation":270,"texture":"#0"},"east":{"uv":[11,16,16,15],"rotation":90,"texture":"#0"},"south":{"uv":[10,15,15,14.5],"rotation":90,"texture":"#0"},"west":{"uv":[16,10,15,15],"rotation":180,"texture":"#0"},"up":{"uv":[7,0,8,0.5],"rotation":90,"texture":"#0"},"down":{"uv":[7,0.5,8,0],"rotation":270,"texture":"#0"}}},{"from":[11.325,-2.75785,0.04738],"to":[12.275,-0.75785,6.04738],"rotation":{"angle":-22.5,"axis":"x","origin":[8,1.25,8]},"faces":{"north":{"uv":[15,6.25,16,6.75],"rotation":270,"texture":"#0"},"east":{"uv":[15,7,16,10],"rotation":90,"texture":"#0"},"south":{"uv":[15,6.25,16,7],"rotation":90,"texture":"#0"},"west":{"uv":[5,4.25,6,7.25],"rotation":90,"texture":"#0"},"up":{"uv":[9,8,12,8.5],"rotation":90,"texture":"#0"},"down":{"uv":[10.5,7.25,13.5,7.75],"rotation":90,"texture":"#0"}}},{"from":[8,3,8.22975],"to":[9.5,9,10.22975],"rotation":{"angle":0,"axis":"y","origin":[8,1.25,8]},"faces":{"north":{"uv":[6,2.5,9,3.25],"rotation":270,"texture":"#0"},"east":{"uv":[9,9.25,10,12.25],"rotation":180,"texture":"#0"},"south":{"uv":[10,0,13,0.75],"rotation":270,"texture":"#0"},"west":{"uv":[9,9.25,10,12.25],"texture":"#0"},"up":{"uv":[11,8.75,12,9.5],"rotation":90,"texture":"#0"},"down":{"uv":[11,8.75,12,9.5],"rotation":90,"texture":"#0"}}},{"from":[3.725,-2.75785,0.04738],"to":[4.675,-0.75785,6.04738],"rotation":{"angle":-22.5,"axis":"x","origin":[8,1.25,8]},"faces":{"north":{"uv":[15,6.75,16,6.25],"rotation":270,"texture":"#0"},"east":{"uv":[5,7.25,6,4.25],"rotation":90,"texture":"#0"},"south":{"uv":[15,7,16,6.25],"rotation":90,"texture":"#0"},"west":{"uv":[15,10,16,7],"rotation":90,"texture":"#0"},"up":{"uv":[9,8.5,12,8],"rotation":90,"texture":"#0"},"down":{"uv":[10.5,7.75,13.5,7.25],"rotation":90,"texture":"#0"}}},{"from":[4,-2.54139,8.06935],"to":[4,5.45861,16.06935],"rotation":{"angle":-22.5,"axis":"x","origin":[8,1.25,8]},"faces":{"north":{"uv":[0,0,0,4],"texture":"#2"},"east":{"uv":[8,0,4,4],"texture":"#2"},"south":{"uv":[0,0,0,4],"texture":"#2"},"west":{"uv":[8,0,4,4],"texture":"#2"},"up":{"uv":[0,0,6,0],"rotation":90,"texture":"#2"},"down":{"uv":[0,0,6,0],"rotation":270,"texture":"#2"}}},{"from":[4,1.08942,5.36454],"to":[4,9.08942,13.36454],"rotation":{"angle":45,"axis":"x","origin":[8,1.25,8]},"faces":{"north":{"uv":[0,0,6,0],"rotation":270,"texture":"#2"},"east":{"uv":[0,8,4,4],"rotation":270,"texture":"#2"},"south":{"uv":[0,0,6,0],"rotation":270,"texture":"#2"},"west":{"uv":[0,8,4,4],"rotation":90,"texture":"#2"},"up":{"uv":[0,0,0,4],"texture":"#2"},"down":{"uv":[0,0,0,4],"rotation":180,"texture":"#2"}}},{"from":[4,0.27497,6.72995],"to":[4,8.27497,14.72995],"rotation":{"angle":22.5,"axis":"x","origin":[8,1.25,8]},"faces":{"north":{"uv":[0,0,6,0],"rotation":270,"texture":"#2"},"east":{"uv":[4,8,8,4],"rotation":270,"texture":"#2"},"south":{"uv":[0,0,6,0],"rotation":270,"texture":"#2"},"west":{"uv":[4,8,8,4],"rotation":90,"texture":"#2"},"up":{"uv":[0,0,0,4],"texture":"#2"},"down":{"uv":[0,0,0,4],"rotation":180,"texture":"#2"}}},{"from":[5,0.27497,6.72995],"to":[5,8.27497,14.72995],"rotation":{"angle":22.5,"axis":"x","origin":[8,1.25,8]},"faces":{"north":{"uv":[8,8,14,8],"rotation":270,"texture":"#2"},"east":{"uv":[12,16,16,12],"rotation":270,"texture":"#2"},"south":{"uv":[8,8,14,8],"rotation":270,"texture":"#2"},"west":{"uv":[12,16,16,12],"rotation":90,"texture":"#2"},"up":{"uv":[8,8,8,12],"texture":"#2"},"down":{"uv":[8,8,8,12],"rotation":180,"texture":"#2"}}},{"from":[5,1.08942,5.36454],"to":[5,9.08942,13.36454],"rotation":{"angle":45,"axis":"x","origin":[8,1.25,8]},"faces":{"north":{"uv":[8,8,14,8],"rotation":270,"texture":"#2"},"east":{"uv":[8,16,12,12],"rotation":270,"texture":"#2"},"south":{"uv":[8,8,14,8],"rotation":270,"texture":"#2"},"west":{"uv":[8,16,12,12],"rotation":90,"texture":"#2"},"up":{"uv":[8,8,8,12],"texture":"#2"},"down":{"uv":[8,8,8,12],"rotation":180,"texture":"#2"}}},{"from":[5,-2.54139,8.06935],"to":[5,5.45861,16.06935],"rotation":{"angle":-22.5,"axis":"x","origin":[8,1.25,8]},"faces":{"north":{"uv":[8,8,8,12],"texture":"#2"},"east":{"uv":[16,8,12,12],"texture":"#2"},"south":{"uv":[8,8,8,12],"texture":"#2"},"west":{"uv":[16,8,12,12],"texture":"#2"},"up":{"uv":[8,8,14,8],"rotation":90,"texture":"#2"},"down":{"uv":[8,8,14,8],"rotation":270,"texture":"#2"}}},{"from":[5,-1,7.67975],"to":[5,7,15.67975],"rotation":{"angle":0,"axis":"y","origin":[8,1.25,8]},"faces":{"north":{"uv":[8,8,8,12],"texture":"#2"},"east":{"uv":[12,8,8,12],"texture":"#2"},"south":{"uv":[8,8,8,12],"texture":"#2"},"west":{"uv":[12,8,8,12],"texture":"#2"},"up":{"uv":[8,8,14,8],"rotation":90,"texture":"#2"},"down":{"uv":[8,8,14,8],"rotation":270,"texture":"#2"}}},{"from":[11,-1,7.67975],"to":[11,7,15.67975],"rotation":{"angle":0,"axis":"y","origin":[8,1.25,8]},"faces":{"north":{"uv":[8,8,8,12],"texture":"#2"},"east":{"uv":[8,8,12,12],"texture":"#2"},"south":{"uv":[8,8,8,12],"texture":"#2"},"west":{"uv":[8,8,12,12],"texture":"#2"},"up":{"uv":[8,8,14,8],"rotation":90,"texture":"#2"},"down":{"uv":[8,8,14,8],"rotation":270,"texture":"#2"}}},{"from":[11,-2.54139,8.06935],"to":[11,5.45861,16.06935],"rotation":{"angle":-22.5,"axis":"x","origin":[8,1.25,8]},"faces":{"north":{"uv":[8,8,8,12],"texture":"#2"},"east":{"uv":[12,8,16,12],"texture":"#2"},"south":{"uv":[8,8,8,12],"texture":"#2"},"west":{"uv":[12,8,16,12],"texture":"#2"},"up":{"uv":[8,8,14,8],"rotation":90,"texture":"#2"},"down":{"uv":[8,8,14,8],"rotation":270,"texture":"#2"}}},{"from":[11,1.08942,5.36454],"to":[11,9.08942,13.36454],"rotation":{"angle":45,"axis":"x","origin":[8,1.25,8]},"faces":{"north":{"uv":[8,8,14,8],"rotation":270,"texture":"#2"},"east":{"uv":[8,12,12,16],"rotation":90,"texture":"#2"},"south":{"uv":[8,8,14,8],"rotation":270,"texture":"#2"},"west":{"uv":[8,12,12,16],"rotation":270,"texture":"#2"},"up":{"uv":[8,8,8,12],"texture":"#2"},"down":{"uv":[8,8,8,12],"rotation":180,"texture":"#2"}}},{"from":[11,0.27497,6.72995],"to":[11,8.27497,14.72995],"rotation":{"angle":22.5,"axis":"x","origin":[8,1.25,8]},"faces":{"north":{"uv":[8,8,14,8],"rotation":270,"texture":"#2"},"east":{"uv":[12,12,16,16],"rotation":90,"texture":"#2"},"south":{"uv":[8,8,14,8],"rotation":270,"texture":"#2"},"west":{"uv":[12,12,16,16],"rotation":270,"texture":"#2"},"up":{"uv":[8,8,8,12],"texture":"#2"},"down":{"uv":[8,8,8,12],"rotation":180,"texture":"#2"}}},{"from":[12,0.27497,6.72995],"to":[12,8.27497,14.72995],"rotation":{"angle":22.5,"axis":"x","origin":[8,1.25,8]},"faces":{"north":{"uv":[0,0,6,0],"rotation":270,"texture":"#2"},"east":{"uv":[4,4,8,8],"rotation":90,"texture":"#2"},"south":{"uv":[0,0,6,0],"rotation":270,"texture":"#2"},"west":{"uv":[4,4,8,8],"rotation":270,"texture":"#2"},"up":{"uv":[0,0,0,4],"texture":"#2"},"down":{"uv":[0,0,0,4],"rotation":180,"texture":"#2"}}},{"from":[12,1.08942,5.36454],"to":[12,9.08942,13.36454],"rotation":{"angle":45,"axis":"x","origin":[8,1.25,8]},"faces":{"north":{"uv":[0,0,6,0],"rotation":270,"texture":"#2"},"east":{"uv":[0,4,4,8],"rotation":90,"texture":"#2"},"south":{"uv":[0,0,6,0],"rotation":270,"texture":"#2"},"west":{"uv":[0,4,4,8],"rotation":270,"texture":"#2"},"up":{"uv":[0,0,0,4],"texture":"#2"},"down":{"uv":[0,0,0,4],"rotation":180,"texture":"#2"}}},{"from":[12,-2.54139,8.06935],"to":[12,5.45861,16.06935],"rotation":{"angle":-22.5,"axis":"x","origin":[8,1.25,8]},"faces":{"north":{"uv":[0,0,0,4],"texture":"#2"},"east":{"uv":[4,0,8,4],"texture":"#2"},"south":{"uv":[0,0,0,4],"texture":"#2"},"west":{"uv":[4,0,8,4],"texture":"#2"},"up":{"uv":[0,0,6,0],"rotation":90,"texture":"#2"},"down":{"uv":[0,0,6,0],"rotation":270,"texture":"#2"}}},{"from":[12,-1,7.67975],"to":[12,7,15.67975],"rotation":{"angle":0,"axis":"y","origin":[8,1.25,8]},"faces":{"north":{"uv":[0,0,0,4],"texture":"#2"},"east":{"uv":[0,0,4,4],"texture":"#2"},"south":{"uv":[0,0,0,4],"texture":"#2"},"west":{"uv":[0,0,4,4],"texture":"#2"},"up":{"uv":[0,0,6,0],"rotation":90,"texture":"#2"},"down":{"uv":[0,0,6,0],"rotation":270,"texture":"#2"}}},{"from":[6,-15,-4.27025],"to":[6,-1,9.72975],"rotation":{"angle":0,"axis":"y","origin":[8,1.25,8]},"faces":{"north":{"uv":[0,0,0,16],"texture":"#1"},"east":{"uv":[0,2,14,16],"texture":"#1"},"south":{"uv":[0,0,0,16],"texture":"#1"},"west":{"uv":[14,2,0,16],"texture":"#1"},"up":{"uv":[0,0,4.5,0],"rotation":90,"texture":"#1"},"down":{"uv":[0,0,4.5,0],"rotation":270,"texture":"#1"}}},{"from":[6.5,-16,10.22975],"to":[9.5,-14,13.22975],"rotation":{"angle":0,"axis":"y","origin":[8,1.25,8]},"faces":{"north":{"uv":[10.25,12.5,11.25,11],"rotation":90,"texture":"#0"},"east":{"uv":[10.25,12.5,11.25,11],"rotation":90,"texture":"#0"},"south":{"uv":[10.25,12.5,11.25,11],"rotation":90,"texture":"#0"},"west":{"uv":[10.25,12.5,11.25,11],"rotation":90,"texture":"#0"},"up":{"uv":[13,1.25,11.5,2.75],"rotation":90,"texture":"#0"},"down":{"uv":[13,1.25,11.5,2.75],"rotation":270,"texture":"#0"}}}],"gui_light":"front","display":{"thirdperson_righthand":{"translation":[0,9.75,-0.5],"scale":[0.65,0.65,0.65]},"thirdperson_lefthand":{"translation":[0,9.75,-0.5],"scale":[0.65,0.65,0.65]},"firstperson_righthand":{"rotation":[-12,15,3],"translation":[2.75,4.25,-4.5],"scale":[0.51953,0.51953,0.51953]},"firstperson_lefthand":{"rotation":[-12,15,3],"translation":[2.75,4.25,-4.5],"scale":[0.51953,0.51953,0.51953]},"ground":{"rotation":[0,0,90],"translation":[1.25,0.25,0],"scale":[0.5,0.5,0.5]},"gui":{"rotation":[106,135,-90],"translation":[-1.25,-0.5,-1.25],"scale":[0.4068,0.4068,0.4068]},"head":{"rotation":[90,-168,90],"translation":[-0.5,11.75,0],"scale":[0.56,0.56,0.56]},"fixed":{"rotation":[0,90,0],"translation":[-2.75,-2.25,-2.25],"scale":[1.07898,1.07898,1.07898]}}}