{"format_version":"1.16.0","minecraft:geometry":[{"description":{"identifier":"geometry.geyser_custom.geo_7b4a968","texture_width":16,"texture_height":16,"visible_bounds_width":4,"visible_bounds_height":4.5,"visible_bounds_offset":[0,0.75,0]},"bones":[{"name":"geyser_custom","binding":"c.item_slot == 'head' ? 'head' : q.item_slot_to_bone_name(c.item_slot)","pivot":[0,8,0]},{"name":"geyser_custom_x","parent":"geyser_custom","pivot":[0,8,0]},{"name":"geyser_custom_y","parent":"geyser_custom_x","pivot":[0,8,0]},{"name":"geyser_custom_z","parent":"geyser_custom_y","pivot":[0,8,0],"cubes":[]},{"parent":"geyser_custom_z","pivot":[-1,9.4588,0],"rotation":[22.5,0,0],"cubes":[{"origin":[-3.2,16.3388,1.9405],"size":[0,6.9,6.9],"pivot":[-1,9.4588,0],"uv":{"north":{"uv":[11.3227,8],"uv_size":[-0.656,0]},"south":{"uv":[11.3227,8],"uv_size":[-0.656,0]},"east":{"uv":[11.9893,9.984],"uv_size":[-0.656,-0.984]},"west":{"uv":[11.344,9.984],"uv_size":[0.656,-0.984]},"up":{"uv":[10.6667,8.984],"uv_size":[0,-0.984]},"down":{"uv":[10.6667,8.984],"uv_size":[0,-0.984]}}},{"origin":[1.2,16.3388,1.9405],"size":[0,6.9,6.9],"pivot":[-1,9.4588,0],"uv":{"north":{"uv":[11.3227,8],"uv_size":[-0.656,0]},"south":{"uv":[11.3227,8],"uv_size":[-0.656,0]},"east":{"uv":[11.344,9.016],"uv_size":[0.656,0.984]},"west":{"uv":[11.9893,9.016],"uv_size":[-0.656,0.984]},"up":{"uv":[10.6667,8.984],"uv_size":[0,-0.984]},"down":{"uv":[10.6667,8.984],"uv_size":[0,-0.984]}}},{"origin":[-2,13.3912,-2.6404],"size":[2,5,1],"pivot":[-1,9.4588,0],"uv":{"north":{"uv":[8.6317,7.004],"uv_size":[0.41,0.246]},"south":{"uv":[10.6183,5.5585],"uv_size":[-0.41,-0.246]},"east":{"uv":[9.7433,7.0645],"uv_size":[-0.41,0.123]},"west":{"uv":[9.7433,7.0645],"uv_size":[-0.41,0.123]},"up":{"uv":[9.7943,7.1855],"uv_size":[0.164,-0.123]},"down":{"uv":[9.7943,7.1855],"uv_size":[0.164,-0.123]}}}],"name":"rot_1"},{"parent":"geyser_custom_z","pivot":[-1,9.4588,0],"rotation":[0,-0,0],"cubes":[{"origin":[-1,-1.6,-7.4],"size":[0,20.8,9.8],"pivot":[-1,9.4588,0],"uv":{"north":{"uv":[10.6667,8.016],"uv_size":[0,0.984]},"south":{"uv":[10.6667,8.016],"uv_size":[0,0.984]},"east":{"uv":[12.6814,8.016],"uv_size":[0.6519,1.984]},"west":{"uv":[13.3227,8.016],"uv_size":[-0.6519,1.984]},"up":{"uv":[11.3227,8],"uv_size":[-0.656,0]},"down":{"uv":[11.3227,8],"uv_size":[-0.656,0]}}},{"origin":[-1,13.8,4.5],"size":[0,10,8],"pivot":[-1,9.4588,0],"uv":{"north":{"uv":[0,1.234],"uv_size":[0,-1.234]},"south":{"uv":[0,1.234],"uv_size":[0,-1.234]},"east":{"uv":[4.6773,7.2965],"uv_size":[0.656,-1.234]},"west":{"uv":[5.3227,7.2965],"uv_size":[-0.656,-1.234]},"up":{"uv":[0,0.016],"uv_size":[0,0.984]},"down":{"uv":[0,0.016],"uv_size":[0,0.984]}}},{"origin":[-1,-16,2],"size":[0,15,7],"pivot":[-1,9.4588,0],"uv":{"north":{"uv":[0,0.016],"uv_size":[0,1.859]},"south":{"uv":[0,0.016],"uv_size":[0,1.859]},"east":{"uv":[5.324,0.016],"uv_size":[-0.574,1.859]},"west":{"uv":[4.7593,0.016],"uv_size":[0.574,1.859]},"up":{"uv":[0.0093,0],"uv_size":[0.574,0]},"down":{"uv":[0.0093,0],"uv_size":[0.574,0]}}},{"origin":[-1,-16,-7],"size":[0,15,7],"pivot":[-1,9.4588,0],"uv":{"north":{"uv":[0,0.016],"uv_size":[0,1.859]},"south":{"uv":[0,0.016],"uv_size":[0,1.859]},"east":{"uv":[4.7593,0.016],"uv_size":[0.574,1.859]},"west":{"uv":[5.324,0.016],"uv_size":[-0.574,1.859]},"up":{"uv":[0.574,0],"uv_size":[-0.574,0]},"down":{"uv":[0.574,0],"uv_size":[-0.574,0]}}},{"origin":[-1,10,-15],"size":[0,22,13],"pivot":[-1,9.4588,0],"uv":{"north":{"uv":[0,8.016],"uv_size":[0,1.984]},"south":{"uv":[0,8.016],"uv_size":[0,1.984]},"east":{"uv":[1.141,11.141],"uv_size":[1.0673,2.734]},"west":{"uv":[2.1923,11.141],"uv_size":[-1.0673,2.734]},"up":{"uv":[0.41,8],"uv_size":[-0.41,0]},"down":{"uv":[0.41,8],"uv_size":[-0.41,0]}}},{"origin":[-2,-7,0],"size":[2,13,2],"pivot":[-1,9.4588,0],"uv":{"north":{"uv":[5.2473,3.7035],"uv_size":[-0.164,1.609]},"south":{"uv":[5.086,3.7035],"uv_size":[0.164,1.609]},"east":{"uv":[5.2473,3.7035],"uv_size":[-0.164,1.609]},"west":{"uv":[5.086,3.7035],"uv_size":[0.164,1.609]},"up":{"uv":[5.086,5.6835],"uv_size":[0.164,-0.246]},"down":{"uv":[5.086,5.6835],"uv_size":[0.164,-0.246]}}},{"origin":[-3.2,17.6,-2.4],"size":[0,6.9,6.9],"pivot":[-1,9.4588,0],"uv":{"north":{"uv":[10.6667,8.016],"uv_size":[0,0.984]},"south":{"uv":[10.6667,8.016],"uv_size":[0,0.984]},"east":{"uv":[10.6773,8.016],"uv_size":[0.656,0.984]},"west":{"uv":[11.3227,8.016],"uv_size":[-0.656,0.984]},"up":{"uv":[10.6773,8],"uv_size":[0.656,0]},"down":{"uv":[10.6773,8],"uv_size":[0.656,0]}}},{"origin":[1.2,17.6,-2.4],"size":[0,6.9,6.9],"pivot":[-1,9.4588,0],"uv":{"north":{"uv":[10.6667,8.016],"uv_size":[0,0.984]},"south":{"uv":[10.6667,8.016],"uv_size":[0,0.984]},"east":{"uv":[10.6773,8.016],"uv_size":[0.656,0.984]},"west":{"uv":[11.3227,8.016],"uv_size":[-0.656,0.984]},"up":{"uv":[10.6773,8],"uv_size":[0.656,0]},"down":{"uv":[10.6773,8],"uv_size":[0.656,0]}}},{"origin":[-2,19,-5],"size":[2,4,4],"pivot":[-1,9.4588,0],"uv":{"north":{"uv":[5.3803,2.3165],"uv_size":[0.328,0.246]},"south":{"uv":[5.3803,2.3165],"uv_size":[0.328,0.246]},"east":{"uv":[10.172,4.758],"uv_size":[0.328,0.492]},"west":{"uv":[10.4947,4.758],"uv_size":[-0.328,0.492]},"up":{"uv":[5.703,2.871],"uv_size":[-0.328,-0.246]},"down":{"uv":[5.703,2.871],"uv_size":[-0.328,-0.246]}}},{"origin":[-2,17,-6],"size":[2,8,1],"pivot":[-1,9.4588,0],"uv":{"north":{"uv":[8.219,7.004],"uv_size":[0.656,0.246]},"south":{"uv":[9.594,5.9415],"uv_size":[0.656,0.246]},"east":{"uv":[9.344,7.0645],"uv_size":[0.656,0.123]},"west":{"uv":[9.344,7.0645],"uv_size":[0.656,0.123]},"up":{"uv":[5.539,3.0605],"uv_size":[-0.164,-0.123]},"down":{"uv":[5.539,3.0605],"uv_size":[-0.164,-0.123]}}},{"origin":[-3,-8,-1],"size":[4,4,4],"pivot":[-1,9.4588,0],"uv":{"north":{"uv":[5.0053,7.508],"uv_size":[0.328,0.492]},"south":{"uv":[5.0053,7.508],"uv_size":[0.328,0.492]},"east":{"uv":[5.0053,7.508],"uv_size":[0.328,0.492]},"west":{"uv":[5.0053,7.508],"uv_size":[0.328,0.492]},"up":{"uv":[5.0053,7.992],"uv_size":[0.328,-0.492]},"down":{"uv":[5.0053,7.992],"uv_size":[0.328,-0.492]}}},{"origin":[-2,5,0],"size":[2,13,2],"pivot":[-1,9.4588,0],"uv":{"north":{"uv":[5.086,3.7035],"uv_size":[0.164,1.609]},"south":{"uv":[5.2473,3.7035],"uv_size":[-0.164,1.609]},"east":{"uv":[5.2473,3.7035],"uv_size":[-0.164,1.609]},"west":{"uv":[5.086,3.7035],"uv_size":[0.164,1.609]},"up":{"uv":[5.086,5.6835],"uv_size":[0.164,-0.246]},"down":{"uv":[5.086,5.6835],"uv_size":[0.164,-0.246]}}},{"origin":[-3,17,-3],"size":[4,8,8],"pivot":[-1,9.4588,0],"uv":{"north":{"uv":[2.703,6.5785],"uv_size":[-0.328,0.984]},"south":{"uv":[5.328,2.141],"uv_size":[-0.328,0.984]},"east":{"uv":[1.9477,6.5785],"uv_size":[-0.656,0.984]},"west":{"uv":[1.3023,6.5785],"uv_size":[0.656,0.984]},"up":{"uv":[2.328,7.5465],"uv_size":[-0.328,-0.984]},"down":{"uv":[2.0053,7.5465],"uv_size":[0.328,-0.984]}}},{"origin":[-3,5,-1],"size":[4,1,4],"pivot":[-1,9.4588,0],"uv":{"north":{"uv":[4.6303,7.998],"uv_size":[0.328,-0.123]},"south":{"uv":[4.6303,7.998],"uv_size":[0.328,-0.123]},"east":{"uv":[4.6303,7.998],"uv_size":[0.328,-0.123]},"west":{"uv":[4.6303,7.998],"uv_size":[0.328,-0.123]},"up":{"uv":[5.0053,7.508],"uv_size":[0.328,0.492]},"down":{"uv":[5.0053,7.508],"uv_size":[0.328,0.492]}}}],"name":"rot_2"},{"parent":"geyser_custom_z","pivot":[-1,9.4588,0],"rotation":[-22.5,0,0],"cubes":[{"origin":[-3.2,17.1042,-6.8928],"size":[0,6.9,6.9],"pivot":[-1,9.4588,0],"uv":{"north":{"uv":[10.6667,8.016],"uv_size":[0,0.984]},"south":{"uv":[10.6667,8.016],"uv_size":[0,0.984]},"east":{"uv":[11.344,8.016],"uv_size":[0.656,0.984]},"west":{"uv":[11.9893,8.016],"uv_size":[-0.656,0.984]},"up":{"uv":[10.6773,8],"uv_size":[0.656,0]},"down":{"uv":[10.6773,8],"uv_size":[0.656,0]}}},{"origin":[1.2,17.1042,-6.8928],"size":[0,6.9,6.9],"pivot":[-1,9.4588,0],"uv":{"north":{"uv":[10.6667,8.016],"uv_size":[0,0.984]},"south":{"uv":[10.6667,8.016],"uv_size":[0,0.984]},"east":{"uv":[11.344,8.016],"uv_size":[0.656,0.984]},"west":{"uv":[11.9893,8.016],"uv_size":[-0.656,0.984]},"up":{"uv":[10.6773,8],"uv_size":[0.656,0]},"down":{"uv":[10.6773,8],"uv_size":[0.656,0]}}},{"origin":[-2,21.8309,-11.524],"size":[2,5,1],"pivot":[-1,9.4588,0],"uv":{"north":{"uv":[9.035,7.004],"uv_size":[-0.41,0.246]},"south":{"uv":[10.215,5.3165],"uv_size":[0.41,0.246]},"east":{"uv":[9.34,7.0645],"uv_size":[0.41,0.123]},"west":{"uv":[9.34,7.0645],"uv_size":[0.41,0.123]},"up":{"uv":[9.9557,7.1855],"uv_size":[-0.164,-0.123]},"down":{"uv":[9.9557,7.1855],"uv_size":[-0.164,-0.123]}}}],"name":"rot_3"},{"parent":"geyser_custom_z","pivot":[-1,9.4588,0],"rotation":[-45,0,0],"cubes":[{"origin":[-3.2,14.9268,-10.8538],"size":[0,6.9,6.9],"pivot":[-1,9.4588,0],"uv":{"north":{"uv":[10.6667,8.016],"uv_size":[0,0.984]},"south":{"uv":[10.6667,8.016],"uv_size":[0,0.984]},"east":{"uv":[10.6773,9.016],"uv_size":[0.656,0.984]},"west":{"uv":[11.3227,9.016],"uv_size":[-0.656,0.984]},"up":{"uv":[10.6773,8],"uv_size":[0.656,0]},"down":{"uv":[10.6773,8],"uv_size":[0.656,0]}}},{"origin":[1.2,14.9268,-10.8538],"size":[0,6.9,6.9],"pivot":[-1,9.4588,0],"uv":{"north":{"uv":[10.6667,8.016],"uv_size":[0,0.984]},"south":{"uv":[10.6667,8.016],"uv_size":[0,0.984]},"east":{"uv":[10.6773,9.016],"uv_size":[0.656,0.984]},"west":{"uv":[11.3227,9.016],"uv_size":[-0.656,0.984]},"up":{"uv":[10.6773,8],"uv_size":[0.656,0]},"down":{"uv":[10.6773,8],"uv_size":[0.656,0]}}}],"name":"rot_4"}]}]}
