{"format_version":"1.16.0","minecraft:geometry":[{"description":{"identifier":"geometry.geyser_custom.geo_800bb00","texture_width":16,"texture_height":16,"visible_bounds_width":4,"visible_bounds_height":4.5,"visible_bounds_offset":[0,0.75,0]},"bones":[{"name":"geyser_custom","binding":"c.item_slot == 'head' ? 'head' : q.item_slot_to_bone_name(c.item_slot)","pivot":[0,8,0]},{"name":"geyser_custom_x","parent":"geyser_custom","pivot":[0,8,0]},{"name":"geyser_custom_y","parent":"geyser_custom_x","pivot":[0,8,0]},{"name":"geyser_custom_z","parent":"geyser_custom_y","pivot":[0,8,0],"cubes":[]},{"parent":"geyser_custom_z","pivot":[0,8,0],"rotation":[45,0,0],"cubes":[{"origin":[-1,1.152,2.8185],"size":[4,4,4],"pivot":[0,8,0],"uv":{"north":{"uv":[9.172,11.8205],"uv_size":[0.328,0.492]},"south":{"uv":[9.172,11.8205],"uv_size":[0.328,0.492]},"east":{"uv":[9.172,11.8205],"uv_size":[0.328,0.492]},"west":{"uv":[9.172,11.8205],"uv_size":[0.328,0.492]},"up":{"uv":[9.4947,12.3045],"uv_size":[-0.328,-0.492]},"down":{"uv":[9.4947,12.3045],"uv_size":[-0.328,-0.492]}}},{"origin":[-1,13.5663,-3.9165],"size":[4,1,3],"pivot":[0,8,0],"uv":{"north":{"uv":[15.1263,4.1955],"uv_size":[0.082,0.492]},"south":{"uv":[15.1263,4.1955],"uv_size":[0.082,0.492]},"east":{"uv":[14.8373,4.1895],"uv_size":[0.246,0.123]},"west":{"uv":[15.0793,4.1895],"uv_size":[-0.246,0.123]},"up":{"uv":[15.496,4.6795],"uv_size":[-0.246,-0.492]},"down":{"uv":[15.496,4.6795],"uv_size":[-0.246,-0.492]}}}],"name":"rot_1"},{"parent":"geyser_custom_z","pivot":[0,8,0],"rotation":[0,22.5,0],"cubes":[{"origin":[-2.8651,18,3.1261],"size":[0,12,12],"pivot":[0,8,0],"uv":{"north":{"uv":[5.3493,8],"uv_size":[0.984,0]},"south":{"uv":[5.3493,8],"uv_size":[0.984,0]},"east":{"uv":[6.3173,14.484],"uv_size":[-0.984,-1.484]},"west":{"uv":[5.3493,14.484],"uv_size":[0.984,-1.484]},"up":{"uv":[5.3333,9.484],"uv_size":[0,-1.484]},"down":{"uv":[5.3333,9.484],"uv_size":[0,-1.484]}}},{"origin":[-2.8651,-14,3.1261],"size":[0,12,12],"pivot":[0,8,0],"uv":{"north":{"uv":[6.3173,8],"uv_size":[-0.984,0]},"south":{"uv":[6.3173,8],"uv_size":[-0.984,0]},"east":{"uv":[5.3493,14.484],"uv_size":[0.984,-1.484]},"west":{"uv":[6.3173,14.484],"uv_size":[-0.984,-1.484]},"up":{"uv":[5.3333,9.484],"uv_size":[0,-1.484]},"down":{"uv":[5.3333,9.484],"uv_size":[0,-1.484]}}}],"name":"rot_2"},{"parent":"geyser_custom_z","pivot":[0,8,0],"rotation":[0,-0,0],"cubes":[{"origin":[0,-4,5.8352],"size":[2,10,2],"pivot":[0,8,0],"uv":{"north":{"uv":[10.4193,10.141],"uv_size":[0.164,1.234]},"south":{"uv":[10.4193,11.9535],"uv_size":[0.164,1.234]},"east":{"uv":[10.4193,11.9535],"uv_size":[0.164,1.234]},"west":{"uv":[10.5807,11.9535],"uv_size":[-0.164,1.234]},"up":{"uv":[10.5807,10.1915],"uv_size":[-0.164,0.246]},"down":{"uv":[10.5807,11.0665],"uv_size":[-0.164,0.246]}}},{"origin":[0,10,5.8352],"size":[2,10,2],"pivot":[0,8,0],"uv":{"north":{"uv":[10.4193,11.359],"uv_size":[0.164,-1.234]},"south":{"uv":[10.4193,13.1715],"uv_size":[0.164,-1.234]},"east":{"uv":[10.4193,13.1715],"uv_size":[0.164,-1.234]},"west":{"uv":[10.5807,13.1715],"uv_size":[-0.164,-1.234]},"up":{"uv":[10.4193,11.0665],"uv_size":[0.164,0.246]},"down":{"uv":[10.4193,10.1915],"uv_size":[0.164,0.246]}}},{"origin":[-1,4,-5.1648],"size":[4,1,6],"pivot":[0,8,0],"uv":{"north":{"uv":[15.1303,5.0605],"uv_size":[0.328,-0.123]},"south":{"uv":[15.1303,5.0605],"uv_size":[0.328,-0.123]},"east":{"uv":[14.9663,4.873],"uv_size":[0.492,-0.123]},"west":{"uv":[14.9663,4.873],"uv_size":[0.492,-0.123]},"up":{"uv":[15.992,4.758],"uv_size":[-0.492,0.492]},"down":{"uv":[15.992,4.758],"uv_size":[-0.492,0.492]}}},{"origin":[2.5,-0.5,-5.1648],"size":[0,5,13],"pivot":[0,8,0],"uv":{"north":{"uv":[5.3333,8.738],"uv_size":[0,-0.738]},"south":{"uv":[5.3333,8.738],"uv_size":[0,-0.738]},"east":{"uv":[9.3267,8.016],"uv_size":[-0.41,1.609]},"west":{"uv":[9.3267,9.609],"uv_size":[-0.41,-1.609]},"up":{"uv":[6.6507,8],"uv_size":[-1.3173,0]},"down":{"uv":[6.6507,8],"uv_size":[-1.3173,0]}}},{"origin":[-0.5,-0.5,-5.1648],"size":[0,5,13],"pivot":[0,8,0],"uv":{"north":{"uv":[5.3333,8.738],"uv_size":[0,-0.738]},"south":{"uv":[5.3333,8.738],"uv_size":[0,-0.738]},"east":{"uv":[9.3267,8.016],"uv_size":[-0.41,1.609]},"west":{"uv":[9.3267,9.609],"uv_size":[-0.41,-1.609]},"up":{"uv":[6.6507,8],"uv_size":[-1.3173,0]},"down":{"uv":[6.6507,8],"uv_size":[-1.3173,0]}}},{"origin":[2,5,-3.1648],"size":[1,1,9],"pivot":[0,8,0],"uv":{"north":{"uv":[15.0013,4.498],"uv_size":[0.082,-0.123]},"south":{"uv":[15.0013,4.498],"uv_size":[0.082,-0.123]},"east":{"uv":[15.4463,5.248],"uv_size":[-0.738,-0.123]},"west":{"uv":[14.7203,5.248],"uv_size":[0.738,-0.123]},"up":{"uv":[15.4463,5.3145],"uv_size":[-0.738,0.123]},"down":{"uv":[15.4463,5.3145],"uv_size":[-0.738,0.123]}}},{"origin":[-1,5,-3.1648],"size":[1,1,9],"pivot":[0,8,0],"uv":{"north":{"uv":[15.0013,4.498],"uv_size":[0.082,-0.123]},"south":{"uv":[15.0013,4.498],"uv_size":[0.082,-0.123]},"east":{"uv":[15.4463,5.248],"uv_size":[-0.738,-0.123]},"west":{"uv":[14.7203,5.248],"uv_size":[0.738,-0.123]},"up":{"uv":[15.4463,5.3145],"uv_size":[-0.738,0.123]},"down":{"uv":[15.4463,5.3145],"uv_size":[-0.738,0.123]}}},{"origin":[-1,11,-5.1648],"size":[4,1,6],"pivot":[0,8,0],"uv":{"north":{"uv":[15.1303,4.9395],"uv_size":[0.328,0.123]},"south":{"uv":[15.1303,4.9395],"uv_size":[0.328,0.123]},"east":{"uv":[14.9663,4.752],"uv_size":[0.492,0.123]},"west":{"uv":[14.9663,4.752],"uv_size":[0.492,0.123]},"up":{"uv":[15.992,5.242],"uv_size":[-0.492,-0.492]},"down":{"uv":[15.992,5.242],"uv_size":[-0.492,-0.492]}}},{"origin":[2.5,11.5,-5.1648],"size":[0,5,13],"pivot":[0,8,0],"uv":{"north":{"uv":[5.3333,8.012],"uv_size":[0,0.738]},"south":{"uv":[5.3333,8.012],"uv_size":[0,0.738]},"east":{"uv":[8.9233,8.016],"uv_size":[0.41,1.609]},"west":{"uv":[8.9233,9.609],"uv_size":[0.41,-1.609]},"up":{"uv":[6.6507,8],"uv_size":[-1.3173,0]},"down":{"uv":[6.6507,8],"uv_size":[-1.3173,0]}}},{"origin":[-0.5,11.5,-5.1648],"size":[0,5,13],"pivot":[0,8,0],"uv":{"north":{"uv":[5.3333,8.012],"uv_size":[0,0.738]},"south":{"uv":[5.3333,8.012],"uv_size":[0,0.738]},"east":{"uv":[8.9233,8.016],"uv_size":[0.41,1.609]},"west":{"uv":[8.9233,9.609],"uv_size":[0.41,-1.609]},"up":{"uv":[6.6507,8],"uv_size":[-1.3173,0]},"down":{"uv":[6.6507,8],"uv_size":[-1.3173,0]}}},{"origin":[2,10,-3.1648],"size":[1,1,9],"pivot":[0,8,0],"uv":{"north":{"uv":[15.0013,4.377],"uv_size":[0.082,0.123]},"south":{"uv":[15.0013,4.377],"uv_size":[0.082,0.123]},"east":{"uv":[15.4463,5.127],"uv_size":[-0.738,0.123]},"west":{"uv":[14.7203,5.127],"uv_size":[0.738,0.123]},"up":{"uv":[15.4463,5.4355],"uv_size":[-0.738,-0.123]},"down":{"uv":[15.4463,5.4355],"uv_size":[-0.738,-0.123]}}},{"origin":[-1,10,-3.1648],"size":[1,1,9],"pivot":[0,8,0],"uv":{"north":{"uv":[15.0013,4.377],"uv_size":[0.082,0.123]},"south":{"uv":[15.0013,4.377],"uv_size":[0.082,0.123]},"east":{"uv":[15.4463,5.127],"uv_size":[-0.738,0.123]},"west":{"uv":[14.7203,5.127],"uv_size":[0.738,0.123]},"up":{"uv":[15.4463,5.4355],"uv_size":[-0.738,-0.123]},"down":{"uv":[15.4463,5.4355],"uv_size":[-0.738,-0.123]}}},{"origin":[0,7.1,-9.0648],"size":[2,2,13],"pivot":[0,8,0],"uv":{"north":{"uv":[6.7527,8.6915],"uv_size":[0.164,0.246]},"south":{"uv":[6.7527,8.6915],"uv_size":[0.164,0.246]},"east":{"uv":[7.141,9.629],"uv_size":[1.0673,0.246]},"west":{"uv":[7.141,9.629],"uv_size":[1.0673,0.246]},"up":{"uv":[8.266,9.871],"uv_size":[1.0673,-0.246]},"down":{"uv":[8.266,9.871],"uv_size":[1.0673,-0.246]}}},{"origin":[1,4.1,-14.0648],"size":[0,8,9],"pivot":[0,8,0],"uv":{"north":{"uv":[5.344,8],"uv_size":[0.656,0]},"south":{"uv":[5.344,8],"uv_size":[0.656,0]},"east":{"uv":[14.1357,0.016],"uv_size":[0.656,1.109]},"west":{"uv":[14.1357,0.016],"uv_size":[0.656,1.109]},"up":{"uv":[5.3333,9.109],"uv_size":[0,-1.109]},"down":{"uv":[5.3333,9.109],"uv_size":[0,-1.109]}}},{"origin":[1,11,-9.1648],"size":[0,15,16],"pivot":[0,8,0],"uv":{"north":{"uv":[10.6667,0.016],"uv_size":[0,4.234]},"south":{"uv":[10.6667,0.016],"uv_size":[0,4.234]},"east":{"uv":[10.6827,0.016],"uv_size":[1.3173,1.859]},"west":{"uv":[11.984,0.016],"uv_size":[-1.3173,1.859]},"up":{"uv":[11.984,0],"uv_size":[-1.3173,0]},"down":{"uv":[11.984,0],"uv_size":[-1.3173,0]}}},{"origin":[1,-10,-9.1648],"size":[0,15,16],"pivot":[0,8,0],"uv":{"north":{"uv":[10.6667,4.234],"uv_size":[0,-4.234]},"south":{"uv":[10.6667,4.234],"uv_size":[0,-4.234]},"east":{"uv":[10.6827,1.859],"uv_size":[1.3173,-1.859]},"west":{"uv":[11.984,1.859],"uv_size":[-1.3173,-1.859]},"up":{"uv":[11.984,0],"uv_size":[-1.3173,0]},"down":{"uv":[11.984,0],"uv_size":[-1.3173,0]}}},{"origin":[-3,-2.6,-6.5648],"size":[0,20.8,20.8],"pivot":[0,8,0],"uv":{"north":{"uv":[12,8.016],"uv_size":[0,0.984]},"south":{"uv":[12,8.016],"uv_size":[0,0.984]},"east":{"uv":[12.016,8.016],"uv_size":[1.3173,1.984]},"west":{"uv":[13.3173,8.016],"uv_size":[-1.3173,1.984]},"up":{"uv":[12.656,8],"uv_size":[-0.656,0]},"down":{"uv":[12.656,8],"uv_size":[-0.656,0]}}},{"origin":[-3,-2.6,-6.5648],"size":[0,20.8,20.8],"pivot":[0,8,0],"uv":{"north":{"uv":[12,8.016],"uv_size":[0,0.984]},"south":{"uv":[12,8.016],"uv_size":[0,0.984]},"east":{"uv":[12.016,8.016],"uv_size":[1.3173,1.984]},"west":{"uv":[13.3173,8.016],"uv_size":[-1.3173,1.984]},"up":{"uv":[12.656,8],"uv_size":[-0.656,0]},"down":{"uv":[12.656,8],"uv_size":[-0.656,0]}}}],"name":"rot_3"},{"parent":"geyser_custom_z","pivot":[0,8,0],"rotation":[0,-22.5,0],"cubes":[{"origin":[4.8586,18,2.3403],"size":[0,12,12],"pivot":[0,8,0],"uv":{"north":{"uv":[5.3493,8],"uv_size":[0.984,0]},"south":{"uv":[5.3493,8],"uv_size":[0.984,0]},"east":{"uv":[6.3173,14.484],"uv_size":[-0.984,-1.484]},"west":{"uv":[5.3493,14.484],"uv_size":[0.984,-1.484]},"up":{"uv":[5.3333,9.484],"uv_size":[0,-1.484]},"down":{"uv":[5.3333,9.484],"uv_size":[0,-1.484]}}},{"origin":[4.7585,-14,2.3403],"size":[0,12,12],"pivot":[0,8,0],"uv":{"north":{"uv":[6.3173,8],"uv_size":[-0.984,0]},"south":{"uv":[6.3173,8],"uv_size":[-0.984,0]},"east":{"uv":[5.3493,14.484],"uv_size":[0.984,-1.484]},"west":{"uv":[6.3173,14.484],"uv_size":[-0.984,-1.484]},"up":{"uv":[5.3333,9.484],"uv_size":[0,-1.484]},"down":{"uv":[5.3333,9.484],"uv_size":[0,-1.484]}}}],"name":"rot_4"},{"parent":"geyser_custom_z","pivot":[0,8,0],"rotation":[-45,0,0],"cubes":[{"origin":[2.5,12.3759,4.3622],"size":[1,1,1],"pivot":[0,8,0],"uv":{"north":{"uv":[6.332,12.502],"uv_size":[-0.082,0.123]},"south":{"uv":[6.332,12.502],"uv_size":[-0.082,0.123]},"east":{"uv":[6.2513,12.502],"uv_size":[0.082,0.123]},"west":{"uv":[6.2513,12.502],"uv_size":[0.082,0.123]},"up":{"uv":[6.332,12.623],"uv_size":[-0.082,-0.123]},"down":{"uv":[6.2513,12.502],"uv_size":[0.082,0.123]}}},{"origin":[-1.5,12.3759,4.3622],"size":[1,1,1],"pivot":[0,8,0],"uv":{"north":{"uv":[6.2513,12.502],"uv_size":[0.082,0.123]},"south":{"uv":[6.2513,12.502],"uv_size":[0.082,0.123]},"east":{"uv":[6.332,12.502],"uv_size":[-0.082,0.123]},"west":{"uv":[6.332,12.502],"uv_size":[-0.082,0.123]},"up":{"uv":[6.2513,12.623],"uv_size":[0.082,-0.123]},"down":{"uv":[6.332,12.502],"uv_size":[-0.082,0.123]}}},{"origin":[-1,1.4338,-3.9165],"size":[4,1,3],"pivot":[0,8,0],"uv":{"north":{"uv":[15.207,4.1955],"uv_size":[-0.082,0.492]},"south":{"uv":[15.207,4.1955],"uv_size":[-0.082,0.492]},"east":{"uv":[14.8373,4.3105],"uv_size":[0.246,-0.123]},"west":{"uv":[15.0793,4.3105],"uv_size":[-0.246,-0.123]},"up":{"uv":[15.496,4.1955],"uv_size":[-0.246,0.492]},"down":{"uv":[15.496,4.1955],"uv_size":[-0.246,0.492]}}}],"name":"rot_5"}]}]}
