{"format_version":"1.16.0","minecraft:geometry":[{"description":{"identifier":"geometry.geyser_custom.geo_0687028","texture_width":16,"texture_height":16,"visible_bounds_width":4,"visible_bounds_height":4.5,"visible_bounds_offset":[0,0.75,0]},"bones":[{"name":"geyser_custom","binding":"c.item_slot == 'head' ? 'head' : q.item_slot_to_bone_name(c.item_slot)","pivot":[0,8,0]},{"name":"geyser_custom_x","parent":"geyser_custom","pivot":[0,8,0]},{"name":"geyser_custom_y","parent":"geyser_custom_x","pivot":[0,8,0]},{"name":"geyser_custom_z","parent":"geyser_custom_y","pivot":[0,8,0],"cubes":[]},{"parent":"geyser_custom_z","pivot":[0.25,19.812,-1.0564],"rotation":[0,0,-45],"cubes":[{"origin":[-4.75,14.812,0.9436],"size":[10,0,8],"pivot":[0.25,19.812,-1.0564],"uv":{"north":{"uv":[0,1.234],"uv_size":[0,-1.234]},"south":{"uv":[0,1.234],"uv_size":[0,-1.234]},"east":{"uv":[0,0.984],"uv_size":[0,-0.984]},"west":{"uv":[0,0.984],"uv_size":[0,-0.984]},"up":{"uv":[5.3227,7.2965],"uv_size":[-0.656,-1.234]},"down":{"uv":[4.6773,7.2965],"uv_size":[0.656,-1.234]}}}],"name":"rot_1"},{"parent":"geyser_custom_z","pivot":[4,16,-4],"rotation":[0,-0,0],"cubes":[{"origin":[0,8,-10],"size":[0,16,16],"pivot":[4,16,-4],"uv":{"north":{"uv":[12,8.984],"uv_size":[0,-0.984]},"south":{"uv":[12,8.984],"uv_size":[0,-0.984]},"east":{"uv":[13.3173,9.984],"uv_size":[-1.3173,-1.984]},"west":{"uv":[12.016,9.984],"uv_size":[1.3173,-1.984]},"up":{"uv":[12.0107,8],"uv_size":[0.656,0]},"down":{"uv":[12.0107,8],"uv_size":[0.656,0]}}}],"name":"rot_2"},{"parent":"geyser_custom_z","pivot":[0,12.25,0],"rotation":[0,-0,0],"cubes":[{"origin":[-2,10.25,2.25],"size":[4,4,1],"pivot":[0,12.25,0],"uv":{"north":{"uv":[5.328,7.992],"uv_size":[-0.328,-0.492]},"south":{"uv":[5.328,7.992],"uv_size":[-0.328,-0.492]},"east":{"uv":[4.6303,7.998],"uv_size":[0.328,-0.123]},"west":{"uv":[4.6303,7.998],"uv_size":[0.328,-0.123]},"up":{"uv":[4.953,7.877],"uv_size":[-0.328,0.123]},"down":{"uv":[4.953,7.877],"uv_size":[-0.328,0.123]}}},{"origin":[2,9.25,-7.75],"size":[0,8,10],"pivot":[0,12.25,0],"uv":{"north":{"uv":[5.3333,0.984],"uv_size":[0,-0.984]},"south":{"uv":[5.3333,0.984],"uv_size":[0,-0.984]},"east":{"uv":[8.0107,2.7035],"uv_size":[0.656,1.234]},"west":{"uv":[8.656,2.7035],"uv_size":[-0.656,1.234]},"up":{"uv":[5.3333,1.234],"uv_size":[0,-1.234]},"down":{"uv":[5.3333,1.234],"uv_size":[0,-1.234]}}},{"origin":[0,9.25,-7.75],"size":[0,8,10],"pivot":[0,12.25,0],"uv":{"north":{"uv":[5.3333,0.984],"uv_size":[0,-0.984]},"south":{"uv":[5.3333,0.984],"uv_size":[0,-0.984]},"east":{"uv":[8.0107,2.7035],"uv_size":[0.656,1.234]},"west":{"uv":[8.656,2.7035],"uv_size":[-0.656,1.234]},"up":{"uv":[5.3333,1.234],"uv_size":[0,-1.234]},"down":{"uv":[5.3333,1.234],"uv_size":[0,-1.234]}}},{"origin":[-2,9.25,-7.75],"size":[0,8,10],"pivot":[0,12.25,0],"uv":{"north":{"uv":[5.3333,0.984],"uv_size":[0,-0.984]},"south":{"uv":[5.3333,0.984],"uv_size":[0,-0.984]},"east":{"uv":[8.0107,2.7035],"uv_size":[0.656,1.234]},"west":{"uv":[8.656,2.7035],"uv_size":[-0.656,1.234]},"up":{"uv":[5.3333,1.234],"uv_size":[0,-1.234]},"down":{"uv":[5.3333,1.234],"uv_size":[0,-1.234]}}}],"name":"rot_3"},{"parent":"geyser_custom_z","pivot":[0,12.5,9.7],"rotation":[0,-0,0],"cubes":[{"origin":[0,10.5,3.2],"size":[0,8,15],"pivot":[0,12.5,9.7],"uv":{"north":{"uv":[0,0.984],"uv_size":[0,-0.984]},"south":{"uv":[0,0.984],"uv_size":[0,-0.984]},"east":{"uv":[5.3227,0.016],"uv_size":[-0.656,1.859]},"west":{"uv":[5.3227,1.859],"uv_size":[-0.656,-1.859]},"up":{"uv":[0,0.016],"uv_size":[0,1.234]},"down":{"uv":[0,0.016],"uv_size":[0,1.234]}}}],"name":"rot_4"},{"parent":"geyser_custom_z","pivot":[-0.25,19.812,-1.0564],"rotation":[0,0,45],"cubes":[{"origin":[-5.25,14.812,0.9436],"size":[10,0,8],"pivot":[-0.25,19.812,-1.0564],"uv":{"north":{"uv":[0,0.016],"uv_size":[0,1.234]},"south":{"uv":[0,0.016],"uv_size":[0,1.234]},"east":{"uv":[0,0.016],"uv_size":[0,0.984]},"west":{"uv":[0,0.016],"uv_size":[0,0.984]},"up":{"uv":[5.3227,6.0785],"uv_size":[-0.656,1.234]},"down":{"uv":[4.6773,6.0785],"uv_size":[0.656,1.234]}}}],"name":"rot_5"}]}]}
