{"format_version":"1.16.0","minecraft:geometry":[{"description":{"identifier":"geometry.geyser_custom.geo_2e8b93c","texture_width":16,"texture_height":16,"visible_bounds_width":4,"visible_bounds_height":4.5,"visible_bounds_offset":[0,0.75,0]},"bones":[{"name":"geyser_custom","binding":"c.item_slot == 'head' ? 'head' : q.item_slot_to_bone_name(c.item_slot)","pivot":[0,8,0]},{"name":"geyser_custom_x","parent":"geyser_custom","pivot":[0,8,0]},{"name":"geyser_custom_y","parent":"geyser_custom_x","pivot":[0,8,0]},{"name":"geyser_custom_z","parent":"geyser_custom_y","pivot":[0,8,0],"cubes":[{"origin":[-1,10,-1],"size":[2,1,2],"uv":{"north":{"uv":[3.5443,5.6895],"uv_size":[0.164,0.123]},"south":{"uv":[3.5443,5.6895],"uv_size":[0.164,0.123]},"east":{"uv":[3.5443,5.6895],"uv_size":[0.164,0.123]},"west":{"uv":[3.5443,5.6895],"uv_size":[0.164,0.123]},"up":{"uv":[3.7057,5.621],"uv_size":[-0.164,-0.246]},"down":{"uv":[3.7057,5.621],"uv_size":[-0.164,-0.246]}}},{"origin":[-2,8,-2],"size":[4,2,4],"uv":{"north":{"uv":[3.3803,5.879],"uv_size":[0.328,0.246]},"south":{"uv":[3.3803,5.879],"uv_size":[0.328,0.246]},"east":{"uv":[3.3803,5.879],"uv_size":[0.328,0.246]},"west":{"uv":[3.3803,5.879],"uv_size":[0.328,0.246]},"up":{"uv":[3.703,6.6795],"uv_size":[-0.328,-0.492]},"down":{"uv":[3.703,6.6795],"uv_size":[-0.328,-0.492]}}},{"origin":[2,3,-2],"size":[1,1,1],"uv":{"north":{"uv":[4.4597,7.627],"uv_size":[0.082,0.123]},"south":{"uv":[4.0847,7.627],"uv_size":[0.082,0.123]},"east":{"uv":[4.3347,7.627],"uv_size":[0.082,0.123]},"west":{"uv":[4.2097,7.5645],"uv_size":[0.082,0.123]},"up":{"uv":[4.0403,7.748],"uv_size":[-0.082,-0.123]},"down":{"uv":[4.1653,7.8105],"uv_size":[-0.082,-0.123]}}}]},{"parent":"geyser_custom_z","pivot":[7,20,4],"rotation":[0,0,-22.5],"cubes":[{"origin":[-4,13.5,0],"size":[10,8,0],"pivot":[7,20,4],"uv":{"north":{"uv":[4.6773,6.0785],"uv_size":[0.656,1.234]},"south":{"uv":[5.3227,6.0785],"uv_size":[-0.656,1.234]},"east":{"uv":[0,0.984],"uv_size":[0,-0.984]},"west":{"uv":[0,0.984],"uv_size":[0,-0.984]},"up":{"uv":[0,1.234],"uv_size":[0,-1.234]},"down":{"uv":[0,1.234],"uv_size":[0,-1.234]}}}],"name":"rot_1"},{"parent":"geyser_custom_z","pivot":[8,0,8],"rotation":[0,-0,0],"cubes":[{"origin":[2,3,1],"size":[1,1,1],"pivot":[8,0,8],"uv":{"north":{"uv":[4.1653,7.627],"uv_size":[-0.082,0.123]},"south":{"uv":[4.4597,7.748],"uv_size":[0.082,-0.123]},"east":{"uv":[4.4153,7.627],"uv_size":[-0.082,0.123]},"west":{"uv":[4.2903,7.5645],"uv_size":[-0.082,0.123]},"up":{"uv":[4.0403,7.627],"uv_size":[-0.082,0.123]},"down":{"uv":[4.1653,7.6895],"uv_size":[-0.082,0.123]}}}],"name":"rot_2"},{"parent":"geyser_custom_z","pivot":[8,12,-8],"rotation":[0,-0,0],"cubes":[{"origin":[-2,4,-2],"size":[4,4,4],"pivot":[8,12,-8],"uv":{"north":{"uv":[3.3803,7.508],"uv_size":[0.328,0.492]},"south":{"uv":[3.3803,7.508],"uv_size":[0.328,0.492]},"east":{"uv":[3.3803,7.508],"uv_size":[0.328,0.492]},"west":{"uv":[3.3803,7.508],"uv_size":[0.328,0.492]},"up":{"uv":[3.703,7.992],"uv_size":[-0.328,-0.492]},"down":{"uv":[3.703,7.992],"uv_size":[-0.328,-0.492]}}},{"origin":[-0.5,5.5,1.5],"size":[1,1,1],"pivot":[8,12,-8],"uv":{"north":{"uv":[3.8763,3.877],"uv_size":[0.082,0.123]},"south":{"uv":[3.8763,3.877],"uv_size":[0.082,0.123]},"east":{"uv":[3.957,3.877],"uv_size":[-0.082,0.123]},"west":{"uv":[3.957,3.877],"uv_size":[-0.082,0.123]},"up":{"uv":[3.957,3.877],"uv_size":[-0.082,0.123]},"down":{"uv":[3.957,3.877],"uv_size":[-0.082,0.123]}}},{"origin":[1.5,5.5,-0.5],"size":[1,1,1],"pivot":[8,12,-8],"uv":{"north":{"uv":[3.957,3.877],"uv_size":[-0.082,0.123]},"south":{"uv":[3.957,3.877],"uv_size":[-0.082,0.123]},"east":{"uv":[3.8763,3.877],"uv_size":[0.082,0.123]},"west":{"uv":[3.8763,3.877],"uv_size":[0.082,0.123]},"up":{"uv":[3.957,3.877],"uv_size":[-0.082,0.123]},"down":{"uv":[3.957,3.877],"uv_size":[-0.082,0.123]}}},{"origin":[-2.5,5.5,-0.5],"size":[1,1,1],"pivot":[8,12,-8],"uv":{"north":{"uv":[3.957,3.877],"uv_size":[-0.082,0.123]},"south":{"uv":[3.957,3.877],"uv_size":[-0.082,0.123]},"east":{"uv":[3.8763,3.877],"uv_size":[0.082,0.123]},"west":{"uv":[3.8763,3.877],"uv_size":[0.082,0.123]},"up":{"uv":[3.957,3.877],"uv_size":[-0.082,0.123]},"down":{"uv":[3.957,3.877],"uv_size":[-0.082,0.123]}}}],"name":"rot_3"},{"parent":"geyser_custom_z","pivot":[8,12,8],"rotation":[0,-0,0],"cubes":[{"origin":[-0.5,5.5,-2.5],"size":[1,1,1],"pivot":[8,12,8],"uv":{"north":{"uv":[3.8763,3.877],"uv_size":[0.082,0.123]},"south":{"uv":[3.957,3.877],"uv_size":[-0.082,0.123]},"east":{"uv":[3.8763,3.877],"uv_size":[0.082,0.123]},"west":{"uv":[3.8763,3.877],"uv_size":[0.082,0.123]},"up":{"uv":[3.957,3.998],"uv_size":[-0.082,-0.123]},"down":{"uv":[3.957,3.998],"uv_size":[-0.082,-0.123]}}}],"name":"rot_4"},{"parent":"geyser_custom_z","pivot":[8,16,-8],"rotation":[0,-0,0],"cubes":[{"origin":[-2,2,-2],"size":[4,2,4],"pivot":[8,16,-8],"uv":{"north":{"uv":[3.3803,6.121],"uv_size":[0.328,-0.246]},"south":{"uv":[3.3803,6.121],"uv_size":[0.328,-0.246]},"east":{"uv":[3.3803,6.121],"uv_size":[0.328,-0.246]},"west":{"uv":[3.3803,6.121],"uv_size":[0.328,-0.246]},"up":{"uv":[3.703,6.1955],"uv_size":[-0.328,0.492]},"down":{"uv":[3.703,6.1955],"uv_size":[-0.328,0.492]}}},{"origin":[2,8,-2],"size":[1,1,1],"pivot":[8,16,-8],"uv":{"north":{"uv":[4.5403,7.627],"uv_size":[-0.082,0.123]},"south":{"uv":[4.0847,7.748],"uv_size":[0.082,-0.123]},"east":{"uv":[4.3347,7.748],"uv_size":[0.082,-0.123]},"west":{"uv":[4.2097,7.6855],"uv_size":[0.082,-0.123]},"up":{"uv":[4.1653,7.6895],"uv_size":[-0.082,0.123]},"down":{"uv":[4.0403,7.627],"uv_size":[-0.082,0.123]}}}],"name":"rot_5"},{"parent":"geyser_custom_z","pivot":[8,16,8],"rotation":[0,-0,0],"cubes":[{"origin":[2,8,1],"size":[1,1,1],"pivot":[8,16,8],"uv":{"north":{"uv":[4.1653,7.748],"uv_size":[-0.082,-0.123]},"south":{"uv":[4.5403,7.748],"uv_size":[-0.082,-0.123]},"east":{"uv":[4.4153,7.748],"uv_size":[-0.082,-0.123]},"west":{"uv":[4.2903,7.6855],"uv_size":[-0.082,-0.123]},"up":{"uv":[4.1653,7.8105],"uv_size":[-0.082,-0.123]},"down":{"uv":[4.0403,7.748],"uv_size":[-0.082,-0.123]}}}],"name":"rot_6"},{"parent":"geyser_custom_z","pivot":[5.2,0,-5.2],"rotation":[0,-0,0],"cubes":[{"origin":[-8.4,-3.6,0],"size":[9.8,20.8,0],"pivot":[5.2,0,-5.2],"uv":{"north":{"uv":[13.3227,8.016],"uv_size":[-0.6519,1.984]},"south":{"uv":[12.6814,8.016],"uv_size":[0.6519,1.984]},"east":{"uv":[12,8.016],"uv_size":[0,0.984]},"west":{"uv":[12,8.016],"uv_size":[0,0.984]},"up":{"uv":[12.656,8],"uv_size":[-0.656,0]},"down":{"uv":[12.656,8],"uv_size":[-0.656,0]}}}],"name":"rot_7"},{"parent":"geyser_custom_z","pivot":[1.5,7.5,-2.5],"rotation":[0,-0,0],"cubes":[{"origin":[1,3,-3],"size":[1,1,1],"pivot":[1.5,7.5,-2.5],"uv":{"north":{"uv":[4.4597,7.4395],"uv_size":[0.082,0.123]},"south":{"uv":[4.168,7.4395],"uv_size":[0.082,0.123]},"east":{"uv":[4.3347,7.8145],"uv_size":[0.082,0.123]},"west":{"uv":[4.4597,7.4395],"uv_size":[0.082,0.123]},"up":{"uv":[4.418,7.8145],"uv_size":[0.082,0.123]},"down":{"uv":[3.957,7.9355],"uv_size":[-0.082,-0.123]}}}],"name":"rot_8"},{"parent":"geyser_custom_z","pivot":[1.5,7.5,2.5],"rotation":[0,-0,0],"cubes":[{"origin":[1,3,2],"size":[1,1,1],"pivot":[1.5,7.5,2.5],"uv":{"north":{"uv":[4.2487,7.4395],"uv_size":[-0.082,0.123]},"south":{"uv":[4.5403,7.4395],"uv_size":[-0.082,0.123]},"east":{"uv":[4.4153,7.8145],"uv_size":[-0.082,0.123]},"west":{"uv":[4.5403,7.4395],"uv_size":[-0.082,0.123]},"up":{"uv":[4.4987,7.8145],"uv_size":[-0.082,0.123]},"down":{"uv":[3.8763,7.9355],"uv_size":[0.082,-0.123]}}}],"name":"rot_9"},{"parent":"geyser_custom_z","pivot":[1.5,8.5,-2.5],"rotation":[0,-0,0],"cubes":[{"origin":[1,8,-3],"size":[1,1,1],"pivot":[1.5,8.5,-2.5],"uv":{"north":{"uv":[4.4597,7.5605],"uv_size":[0.082,-0.123]},"south":{"uv":[4.168,7.5605],"uv_size":[0.082,-0.123]},"east":{"uv":[4.3347,7.9355],"uv_size":[0.082,-0.123]},"west":{"uv":[4.4597,7.5605],"uv_size":[0.082,-0.123]},"up":{"uv":[3.8763,7.9355],"uv_size":[0.082,-0.123]},"down":{"uv":[4.4987,7.8145],"uv_size":[-0.082,0.123]}}}],"name":"rot_10"},{"parent":"geyser_custom_z","pivot":[1.5,8.5,2.5],"rotation":[0,-0,0],"cubes":[{"origin":[1,8,2],"size":[1,1,1],"pivot":[1.5,8.5,2.5],"uv":{"north":{"uv":[4.2487,7.5605],"uv_size":[-0.082,-0.123]},"south":{"uv":[4.5403,7.5605],"uv_size":[-0.082,-0.123]},"east":{"uv":[4.4153,7.9355],"uv_size":[-0.082,-0.123]},"west":{"uv":[4.5403,7.5605],"uv_size":[-0.082,-0.123]},"up":{"uv":[3.957,7.9355],"uv_size":[-0.082,-0.123]},"down":{"uv":[4.418,7.8145],"uv_size":[0.082,0.123]}}}],"name":"rot_11"},{"parent":"geyser_custom_z","pivot":[-1.5,7.5,-2.5],"rotation":[0,-0,0],"cubes":[{"origin":[-2,3,-3],"size":[1,1,1],"pivot":[-1.5,7.5,-2.5],"uv":{"north":{"uv":[4.5403,7.4395],"uv_size":[-0.082,0.123]},"south":{"uv":[4.2487,7.4395],"uv_size":[-0.082,0.123]},"east":{"uv":[4.5403,7.4395],"uv_size":[-0.082,0.123]},"west":{"uv":[4.4153,7.8145],"uv_size":[-0.082,0.123]},"up":{"uv":[4.418,7.9355],"uv_size":[0.082,-0.123]},"down":{"uv":[3.957,7.8145],"uv_size":[-0.082,0.123]}}}],"name":"rot_12"},{"parent":"geyser_custom_z","pivot":[-1.5,7.5,2.5],"rotation":[0,-0,0],"cubes":[{"origin":[-2,3,2],"size":[1,1,1],"pivot":[-1.5,7.5,2.5],"uv":{"north":{"uv":[4.168,7.4395],"uv_size":[0.082,0.123]},"south":{"uv":[4.4597,7.4395],"uv_size":[0.082,0.123]},"east":{"uv":[4.4597,7.4395],"uv_size":[0.082,0.123]},"west":{"uv":[4.3347,7.8145],"uv_size":[0.082,0.123]},"up":{"uv":[4.4987,7.9355],"uv_size":[-0.082,-0.123]},"down":{"uv":[3.8763,7.8145],"uv_size":[0.082,0.123]}}}],"name":"rot_13"},{"parent":"geyser_custom_z","pivot":[-1.5,8.5,-2.5],"rotation":[0,-0,0],"cubes":[{"origin":[-2,8,-3],"size":[1,1,1],"pivot":[-1.5,8.5,-2.5],"uv":{"north":{"uv":[4.5403,7.5605],"uv_size":[-0.082,-0.123]},"south":{"uv":[4.2487,7.5605],"uv_size":[-0.082,-0.123]},"east":{"uv":[4.5403,7.5605],"uv_size":[-0.082,-0.123]},"west":{"uv":[4.4153,7.9355],"uv_size":[-0.082,-0.123]},"up":{"uv":[3.8763,7.8145],"uv_size":[0.082,0.123]},"down":{"uv":[4.4987,7.9355],"uv_size":[-0.082,-0.123]}}}],"name":"rot_14"},{"parent":"geyser_custom_z","pivot":[-1.5,8.5,2.5],"rotation":[0,-0,0],"cubes":[{"origin":[-2,8,2],"size":[1,1,1],"pivot":[-1.5,8.5,2.5],"uv":{"north":{"uv":[4.168,7.5605],"uv_size":[0.082,-0.123]},"south":{"uv":[4.4597,7.5605],"uv_size":[0.082,-0.123]},"east":{"uv":[4.4597,7.5605],"uv_size":[0.082,-0.123]},"west":{"uv":[4.3347,7.9355],"uv_size":[0.082,-0.123]},"up":{"uv":[3.957,7.8145],"uv_size":[-0.082,0.123]},"down":{"uv":[4.418,7.9355],"uv_size":[0.082,-0.123]}}}],"name":"rot_15"},{"parent":"geyser_custom_z","pivot":[-8,0,-8],"rotation":[0,-0,0],"cubes":[{"origin":[-3,3,-2],"size":[1,1,1],"pivot":[-8,0,-8],"uv":{"north":{"uv":[4.4597,7.748],"uv_size":[0.082,-0.123]},"south":{"uv":[4.1653,7.627],"uv_size":[-0.082,0.123]},"east":{"uv":[4.2903,7.5645],"uv_size":[-0.082,0.123]},"west":{"uv":[4.4153,7.627],"uv_size":[-0.082,0.123]},"up":{"uv":[3.9597,7.748],"uv_size":[0.082,-0.123]},"down":{"uv":[4.0847,7.8105],"uv_size":[0.082,-0.123]}}}],"name":"rot_16"},{"parent":"geyser_custom_z","pivot":[-8,0,8],"rotation":[0,-0,0],"cubes":[{"origin":[-3,3,1],"size":[1,1,1],"pivot":[-8,0,8],"uv":{"north":{"uv":[4.0847,7.627],"uv_size":[0.082,0.123]},"south":{"uv":[4.4597,7.627],"uv_size":[0.082,0.123]},"east":{"uv":[4.2097,7.5645],"uv_size":[0.082,0.123]},"west":{"uv":[4.3347,7.627],"uv_size":[0.082,0.123]},"up":{"uv":[3.9597,7.627],"uv_size":[0.082,0.123]},"down":{"uv":[4.0847,7.6895],"uv_size":[0.082,0.123]}}}],"name":"rot_17"},{"parent":"geyser_custom_z","pivot":[-8,16,-8],"rotation":[0,-0,0],"cubes":[{"origin":[-3,8,-2],"size":[1,1,1],"pivot":[-8,16,-8],"uv":{"north":{"uv":[4.5403,7.748],"uv_size":[-0.082,-0.123]},"south":{"uv":[4.1653,7.748],"uv_size":[-0.082,-0.123]},"east":{"uv":[4.2903,7.6855],"uv_size":[-0.082,-0.123]},"west":{"uv":[4.4153,7.748],"uv_size":[-0.082,-0.123]},"up":{"uv":[4.0847,7.6895],"uv_size":[0.082,0.123]},"down":{"uv":[3.9597,7.627],"uv_size":[0.082,0.123]}}}],"name":"rot_18"},{"parent":"geyser_custom_z","pivot":[-8,16,8],"rotation":[0,-0,0],"cubes":[{"origin":[-3,8,1],"size":[1,1,1],"pivot":[-8,16,8],"uv":{"north":{"uv":[4.0847,7.748],"uv_size":[0.082,-0.123]},"south":{"uv":[4.5403,7.627],"uv_size":[-0.082,0.123]},"east":{"uv":[4.2097,7.6855],"uv_size":[0.082,-0.123]},"west":{"uv":[4.3347,7.748],"uv_size":[0.082,-0.123]},"up":{"uv":[4.0847,7.8105],"uv_size":[0.082,-0.123]},"down":{"uv":[3.9597,7.748],"uv_size":[0.082,-0.123]}}}],"name":"rot_19"}]}]}
