{"format_version":"1.16.0","minecraft:geometry":[{"description":{"identifier":"geometry.geyser_custom.geo_f4d25c7","texture_width":16,"texture_height":16,"visible_bounds_width":4,"visible_bounds_height":4.5,"visible_bounds_offset":[0,0.75,0]},"bones":[{"name":"geyser_custom","binding":"c.item_slot == 'head' ? 'head' : q.item_slot_to_bone_name(c.item_slot)","pivot":[0,8,0]},{"name":"geyser_custom_x","parent":"geyser_custom","pivot":[0,8,0]},{"name":"geyser_custom_y","parent":"geyser_custom_x","pivot":[0,8,0]},{"name":"geyser_custom_z","parent":"geyser_custom_y","pivot":[0,8,0],"cubes":[{"origin":[-7,11,-7],"size":[14,5,14],"uv":{"north":{"uv":[10.6507,2.01],"uv_size":[-1.1507,0.615]},"south":{"uv":[10.6507,3.51],"uv_size":[-1.1507,0.615]},"east":{"uv":[10.6507,2.76],"uv_size":[-1.1507,0.615]},"west":{"uv":[10.6507,2.76],"uv_size":[-1.1507,0.615]},"up":{"uv":[10.6507,1.734],"uv_size":[-1.1507,-1.734]},"down":{"uv":[10.6507,1.734],"uv_size":[-1.1507,-1.734]}}},{"origin":[7,4,-7],"size":[0,7,14],"uv":{"north":{"uv":[0,3.264],"uv_size":[0,0.861]},"south":{"uv":[0,3.264],"uv_size":[0,0.861]},"east":{"uv":[1.1507,7.4235],"uv_size":[-1.1507,-0.861]},"west":{"uv":[0.016,7.4235],"uv_size":[1.1507,-0.861]},"up":{"uv":[0,3.859],"uv_size":[0,-1.734]},"down":{"uv":[0,3.859],"uv_size":[0,-1.734]}}},{"origin":[-7,4,7],"size":[14,7,0],"uv":{"north":{"uv":[0.016,7.4235],"uv_size":[1.1507,-0.861]},"south":{"uv":[1.1507,7.4235],"uv_size":[-1.1507,-0.861]},"east":{"uv":[0,3.264],"uv_size":[0,0.861]},"west":{"uv":[0,3.264],"uv_size":[0,0.861]},"up":{"uv":[0,3.859],"uv_size":[0,-1.734]},"down":{"uv":[0,3.859],"uv_size":[0,-1.734]}}}]},{"parent":"geyser_custom_z","pivot":[0,2,-6],"rotation":[0,0,-45],"cubes":[{"origin":[6.3,8.4,-8],"size":[4,4,1],"pivot":[0,2,-6],"uv":{"north":{"uv":[10.3387,4.1955],"uv_size":[0.328,0.492]},"south":{"uv":[10.3387,4.1955],"uv_size":[0.328,0.492]},"east":{"uv":[10.2903,4.1955],"uv_size":[-0.082,0.492]},"west":{"uv":[10.2097,4.1955],"uv_size":[0.082,0.492]},"up":{"uv":[10.2097,4.6795],"uv_size":[0.082,-0.492]},"down":{"uv":[10.2097,4.6795],"uv_size":[0.082,-0.492]}}}],"name":"rot_1"},{"parent":"geyser_custom_z","pivot":[0,20,-3],"rotation":[0,22.5,0],"cubes":[{"origin":[1.75,16,-7],"size":[0,8,10],"pivot":[0,20,-3],"uv":{"north":{"uv":[0,0.984],"uv_size":[0,-0.984]},"south":{"uv":[0,0.984],"uv_size":[0,-0.984]},"east":{"uv":[5.3227,6.0785],"uv_size":[-0.656,1.234]},"west":{"uv":[4.6773,6.0785],"uv_size":[0.656,1.234]},"up":{"uv":[0,0.016],"uv_size":[0,1.234]},"down":{"uv":[0,0.016],"uv_size":[0,1.234]}}}],"name":"rot_2"},{"parent":"geyser_custom_z","pivot":[7,10.5,-5],"rotation":[0,-0,0],"cubes":[{"origin":[5.4,1.6,-7.1],"size":[5,13,0],"pivot":[7,10.5,-5],"uv":{"north":{"uv":[3.59,0.016],"uv_size":[0.41,1.609]},"south":{"uv":[3.59,1.609],"uv_size":[0.41,-1.609]},"east":{"uv":[0.016,0],"uv_size":[1.3173,0]},"west":{"uv":[0.016,0],"uv_size":[1.3173,0]},"up":{"uv":[0,0.738],"uv_size":[0,-0.738]},"down":{"uv":[0,0.738],"uv_size":[0,-0.738]}}}],"name":"rot_3"},{"parent":"geyser_custom_z","pivot":[0,17,-2],"rotation":[0,-0,0],"cubes":[{"origin":[-7.4,13.2,-0.5],"size":[1,1,1],"pivot":[0,17,-2],"uv":{"north":{"uv":[0.9987,4.502],"uv_size":[-0.082,0.123]},"south":{"uv":[0.9987,4.502],"uv_size":[-0.082,0.123]},"east":{"uv":[0.918,4.502],"uv_size":[0.082,0.123]},"west":{"uv":[0.918,4.502],"uv_size":[0.082,0.123]},"up":{"uv":[0.918,4.623],"uv_size":[0.082,-0.123]},"down":{"uv":[0.9987,4.502],"uv_size":[-0.082,0.123]}}},{"origin":[6.5,13.2,-0.5],"size":[1,1,1],"pivot":[0,17,-2],"uv":{"north":{"uv":[0.9987,4.502],"uv_size":[-0.082,0.123]},"south":{"uv":[0.9987,4.502],"uv_size":[-0.082,0.123]},"east":{"uv":[0.918,4.502],"uv_size":[0.082,0.123]},"west":{"uv":[0.918,4.502],"uv_size":[0.082,0.123]},"up":{"uv":[0.918,4.623],"uv_size":[0.082,-0.123]},"down":{"uv":[0.9987,4.502],"uv_size":[-0.082,0.123]}}}],"name":"rot_4"},{"parent":"geyser_custom_z","pivot":[-7,10.5,-5],"rotation":[0,-0,0],"cubes":[{"origin":[-10.4,1.6,-7.1],"size":[5,13,0],"pivot":[-7,10.5,-5],"uv":{"north":{"uv":[3.9933,0.016],"uv_size":[-0.41,1.609]},"south":{"uv":[3.9933,1.609],"uv_size":[-0.41,-1.609]},"east":{"uv":[0.016,0],"uv_size":[1.3173,0]},"west":{"uv":[0.016,0],"uv_size":[1.3173,0]},"up":{"uv":[0,0.012],"uv_size":[0,0.738]},"down":{"uv":[0,0.012],"uv_size":[0,0.738]}}},{"origin":[-4.9,14.9,-6.1],"size":[0,5,13],"pivot":[-7,10.5,-5],"uv":{"north":{"uv":[0,0.738],"uv_size":[0,-0.738]},"south":{"uv":[0,0.738],"uv_size":[0,-0.738]},"east":{"uv":[3.9933,1.609],"uv_size":[-0.41,-1.609]},"west":{"uv":[3.9933,0.016],"uv_size":[-0.41,1.609]},"up":{"uv":[1.3173,0],"uv_size":[-1.3173,0]},"down":{"uv":[1.3173,0],"uv_size":[-1.3173,0]}}},{"origin":[5.1,14.9,-6.1],"size":[0,5,13],"pivot":[-7,10.5,-5],"uv":{"north":{"uv":[0,0.738],"uv_size":[0,-0.738]},"south":{"uv":[0,0.738],"uv_size":[0,-0.738]},"east":{"uv":[3.9933,1.609],"uv_size":[-0.41,-1.609]},"west":{"uv":[3.9933,0.016],"uv_size":[-0.41,1.609]},"up":{"uv":[1.3173,0],"uv_size":[-1.3173,0]},"down":{"uv":[1.3173,0],"uv_size":[-1.3173,0]}}}],"name":"rot_5"},{"parent":"geyser_custom_z","pivot":[-8,0,-8],"rotation":[0,-0,0],"cubes":[{"origin":[-7,4,-7],"size":[0,7,14],"pivot":[-8,0,-8],"uv":{"north":{"uv":[0,3.264],"uv_size":[0,0.861]},"south":{"uv":[0,3.264],"uv_size":[0,0.861]},"east":{"uv":[1.1507,7.4235],"uv_size":[-1.1507,-0.861]},"west":{"uv":[0.016,7.4235],"uv_size":[1.1507,-0.861]},"up":{"uv":[0,3.859],"uv_size":[0,-1.734]},"down":{"uv":[0,3.859],"uv_size":[0,-1.734]}}}],"name":"rot_6"},{"parent":"geyser_custom_z","pivot":[0,20,-3],"rotation":[0,-22.5,0],"cubes":[{"origin":[-1.75,16,-7],"size":[0,8,10],"pivot":[0,20,-3],"uv":{"north":{"uv":[0,0.984],"uv_size":[0,-0.984]},"south":{"uv":[0,0.984],"uv_size":[0,-0.984]},"east":{"uv":[4.6773,7.2965],"uv_size":[0.656,-1.234]},"west":{"uv":[5.3227,7.2965],"uv_size":[-0.656,-1.234]},"up":{"uv":[0,0.016],"uv_size":[0,1.234]},"down":{"uv":[0,0.016],"uv_size":[0,1.234]}}}],"name":"rot_7"}]}]}
