{"format_version":"1.16.0","minecraft:geometry":[{"description":{"identifier":"geometry.geyser_custom.geo_9b2bb10","texture_width":16,"texture_height":16,"visible_bounds_width":4,"visible_bounds_height":4.5,"visible_bounds_offset":[0,0.75,0]},"bones":[{"name":"geyser_custom","binding":"c.item_slot == 'head' ? 'head' : q.item_slot_to_bone_name(c.item_slot)","pivot":[0,8,0]},{"name":"geyser_custom_x","parent":"geyser_custom","pivot":[0,8,0]},{"name":"geyser_custom_y","parent":"geyser_custom_x","pivot":[0,8,0]},{"name":"geyser_custom_z","parent":"geyser_custom_y","pivot":[0,8,0],"cubes":[{"origin":[-1,10.7,-0.5],"size":[2,1,2],"uv":{"north":{"uv":[3.5443,13.6895],"uv_size":[0.164,0.123]},"south":{"uv":[3.5443,13.6895],"uv_size":[0.164,0.123]},"east":{"uv":[3.5443,13.6895],"uv_size":[0.164,0.123]},"west":{"uv":[3.5443,13.6895],"uv_size":[0.164,0.123]},"up":{"uv":[3.7057,13.621],"uv_size":[-0.164,-0.246]},"down":{"uv":[3.7057,13.621],"uv_size":[-0.164,-0.246]}}},{"origin":[-1.5,7,0.5],"size":[3,4,0],"uv":{"north":{"uv":[3.0873,13.9455],"uv_size":[0.246,0.492]},"south":{"uv":[3.0873,13.9455],"uv_size":[0.246,0.492]},"east":{"uv":[3.0833,13.4535],"uv_size":[0,1.234]},"west":{"uv":[3.0833,13.4535],"uv_size":[0,1.234]},"up":{"uv":[3.3293,13.4375],"uv_size":[-0.246,0]},"down":{"uv":[3.3293,13.4375],"uv_size":[-0.246,0]}}},{"origin":[0,7,-1.5],"size":[0,4,3],"uv":{"north":{"uv":[3.0833,13.4535],"uv_size":[0,1.234]},"south":{"uv":[3.0833,13.4535],"uv_size":[0,1.234]},"east":{"uv":[3.0873,13.9455],"uv_size":[0.246,0.492]},"west":{"uv":[3.0873,13.9455],"uv_size":[0.246,0.492]},"up":{"uv":[3.3293,13.4375],"uv_size":[-0.246,0]},"down":{"uv":[3.3293,13.4375],"uv_size":[-0.246,0]}}}]},{"parent":"geyser_custom_z","pivot":[11,0,-8],"rotation":[0,-0,0],"cubes":[{"origin":[-2,11.6,-1.5],"size":[4,1,4],"pivot":[11,0,-8],"uv":{"north":{"uv":[4.6303,7.998],"uv_size":[0.328,-0.123]},"south":{"uv":[4.6303,7.998],"uv_size":[0.328,-0.123]},"east":{"uv":[4.6303,7.998],"uv_size":[0.328,-0.123]},"west":{"uv":[4.6303,7.998],"uv_size":[0.328,-0.123]},"up":{"uv":[5.0053,7.508],"uv_size":[0.328,0.492]},"down":{"uv":[5.0053,7.508],"uv_size":[0.328,0.492]}}}],"name":"rot_1"},{"parent":"geyser_custom_z","pivot":[8,16,-8],"rotation":[0,-0,0],"cubes":[{"origin":[-1,2,-0.5],"size":[2,6,2],"pivot":[8,16,-8],"uv":{"north":{"uv":[5.086,5.2965],"uv_size":[0.164,-1.0465]},"south":{"uv":[5.086,5.2965],"uv_size":[0.164,-1.0465]},"east":{"uv":[5.086,5.2965],"uv_size":[0.164,-1.0465]},"west":{"uv":[5.086,5.2965],"uv_size":[0.164,-1.0465]},"up":{"uv":[5.086,5.004],"uv_size":[0.164,0.246]},"down":{"uv":[5.086,5.379],"uv_size":[0.164,0.246]}}}],"name":"rot_2"},{"parent":"geyser_custom_z","pivot":[0.5,12.1,-4.1],"rotation":[0,-0,0],"cubes":[{"origin":[1.6,7.1,-1],"size":[0,5,3],"pivot":[0.5,12.1,-4.1],"uv":{"north":{"uv":[0,8.01],"uv_size":[0,0.615]},"south":{"uv":[0,8.01],"uv_size":[0,0.615]},"east":{"uv":[0.246,8.01],"uv_size":[-0.246,0.615]},"west":{"uv":[0.246,8.01],"uv_size":[-0.246,0.615]},"up":{"uv":[0.004,8],"uv_size":[0.246,0]},"down":{"uv":[0.004,8],"uv_size":[0.246,0]}}}],"name":"rot_3"},{"parent":"geyser_custom_z","pivot":[0.5,12.1,4.1],"rotation":[0,-0,0],"cubes":[{"origin":[-1.5,7.1,-1],"size":[0,5,3],"pivot":[0.5,12.1,4.1],"uv":{"north":{"uv":[0,8.01],"uv_size":[0,0.615]},"south":{"uv":[0,8.01],"uv_size":[0,0.615]},"east":{"uv":[0.004,8.01],"uv_size":[0.246,0.615]},"west":{"uv":[0.004,8.01],"uv_size":[0.246,0.615]},"up":{"uv":[0.246,8],"uv_size":[-0.246,0]},"down":{"uv":[0.246,8],"uv_size":[-0.246,0]}}}],"name":"rot_4"},{"parent":"geyser_custom_z","pivot":[-5,0,-8],"rotation":[0,-0,0],"cubes":[{"origin":[-1.8,9,0.1],"size":[4,9,0],"pivot":[-5,0,-8],"uv":{"north":{"uv":[9.3267,4.9535],"uv_size":[-0.41,1.109]},"south":{"uv":[8.9233,4.9535],"uv_size":[0.41,1.109]},"east":{"uv":[9.5537,5.873],"uv_size":[0.738,-0.123]},"west":{"uv":[9.5537,5.873],"uv_size":[0.738,-0.123]},"up":{"uv":[9.9517,5.752],"uv_size":[-0.41,0.123]},"down":{"uv":[7.6237,3.5525],"uv_size":[-0.082,-0.615]}}},{"origin":[-1.8,9,1],"size":[4,9,0],"pivot":[-5,0,-8],"uv":{"north":{"uv":[7.715,6.8285],"uv_size":[0.41,1.109]},"south":{"uv":[8.1183,6.8285],"uv_size":[-0.41,1.109]},"east":{"uv":[9.5537,5.873],"uv_size":[0.738,-0.123]},"west":{"uv":[9.5537,5.873],"uv_size":[0.738,-0.123]},"up":{"uv":[9.9517,5.752],"uv_size":[-0.41,0.123]},"down":{"uv":[7.6237,3.5525],"uv_size":[-0.082,-0.615]}}}],"name":"rot_5"}]}]}
