{"format_version":"1.16.0","minecraft:geometry":[{"description":{"identifier":"geometry.geyser_custom.geo_1723a1f","texture_width":16,"texture_height":16,"visible_bounds_width":4,"visible_bounds_height":4.5,"visible_bounds_offset":[0,0.75,0]},"bones":[{"name":"geyser_custom","binding":"c.item_slot == 'head' ? 'head' : q.item_slot_to_bone_name(c.item_slot)","pivot":[0,8,0]},{"name":"geyser_custom_x","parent":"geyser_custom","pivot":[0,8,0]},{"name":"geyser_custom_y","parent":"geyser_custom_x","pivot":[0,8,0]},{"name":"geyser_custom_z","parent":"geyser_custom_y","pivot":[0,8,0],"cubes":[{"origin":[-8,-16,0],"size":[7,15,0],"uv":{"north":{"uv":[5.324,0.016],"uv_size":[-0.574,1.859]},"south":{"uv":[4.7593,0.016],"uv_size":[0.574,1.859]},"east":{"uv":[0,0.016],"uv_size":[0,1.859]},"west":{"uv":[0,0.016],"uv_size":[0,1.859]},"up":{"uv":[0.574,0],"uv_size":[-0.574,0]},"down":{"uv":[0.574,0],"uv_size":[-0.574,0]}}},{"origin":[-1,-4,-1],"size":[2,13,2],"uv":{"north":{"uv":[5.086,3.7035],"uv_size":[0.164,1.609]},"south":{"uv":[5.086,3.7035],"uv_size":[0.164,1.609]},"east":{"uv":[5.086,3.7035],"uv_size":[0.164,1.609]},"west":{"uv":[5.086,3.7035],"uv_size":[0.164,1.609]},"up":{"uv":[5.086,5.6835],"uv_size":[0.164,-0.246]},"down":{"uv":[5.086,5.6835],"uv_size":[0.164,-0.246]}}},{"origin":[-2,-7,-2],"size":[4,4,4],"uv":{"north":{"uv":[5.0053,7.508],"uv_size":[0.328,0.492]},"south":{"uv":[5.0053,7.508],"uv_size":[0.328,0.492]},"east":{"uv":[5.0053,7.508],"uv_size":[0.328,0.492]},"west":{"uv":[5.0053,7.508],"uv_size":[0.328,0.492]},"up":{"uv":[5.0053,7.992],"uv_size":[0.328,-0.492]},"down":{"uv":[5.0053,7.992],"uv_size":[0.328,-0.492]}}},{"origin":[-5,19,0],"size":[10,11,0],"uv":{"north":{"uv":[7.8883,4.766],"uv_size":[0.82,1.359]},"south":{"uv":[7.8883,4.766],"uv_size":[0.82,1.359]},"east":{"uv":[5.3347,0.016],"uv_size":[0.082,1.359]},"west":{"uv":[5.3347,0.016],"uv_size":[0.082,1.359]},"up":{"uv":[6.0713,0.123],"uv_size":[-0.738,-0.123]},"down":{"uv":[6.0713,0.123],"uv_size":[-0.738,-0.123]}}}]},{"parent":"geyser_custom_z","pivot":[0,18,-6],"rotation":[0,0,-45],"cubes":[{"origin":[-2,16,-2],"size":[4,4,4],"pivot":[0,18,-6],"uv":{"north":{"uv":[3.8387,3.8205],"uv_size":[0.328,0.492]},"south":{"uv":[3.8387,3.8205],"uv_size":[0.328,0.492]},"east":{"uv":[3.8387,3.8205],"uv_size":[0.328,0.492]},"west":{"uv":[3.8387,3.8205],"uv_size":[0.328,0.492]},"up":{"uv":[4.1613,4.3045],"uv_size":[-0.328,-0.492]},"down":{"uv":[4.1613,4.3045],"uv_size":[-0.328,-0.492]}}}],"name":"rot_1"},{"parent":"geyser_custom_z","pivot":[-0.1,5,3.6],"rotation":[22.5,0,0],"cubes":[{"origin":[-1.6,4,5.6],"size":[3,5,0],"pivot":[-0.1,5,3.6],"uv":{"north":{"uv":[0.246,8.016],"uv_size":[-0.246,0.984]},"south":{"uv":[0.246,8.01],"uv_size":[-0.246,0.615]},"east":{"uv":[0,8.016],"uv_size":[0,0.984]},"west":{"uv":[0,8.016],"uv_size":[0,0.984]},"up":{"uv":[0.164,8],"uv_size":[-0.164,0]},"down":{"uv":[0.164,8],"uv_size":[-0.164,0]}}}],"name":"rot_2"},{"parent":"geyser_custom_z","pivot":[3.6,5,0],"rotation":[0,0,-22.5],"cubes":[{"origin":[5.6,4,-1.5],"size":[0,5,3],"pivot":[3.6,5,0],"uv":{"north":{"uv":[0,8.016],"uv_size":[0,0.984]},"south":{"uv":[0,8.016],"uv_size":[0,0.984]},"east":{"uv":[0.004,8.016],"uv_size":[0.246,0.984]},"west":{"uv":[0.004,8.01],"uv_size":[0.246,0.615]},"up":{"uv":[0.164,8],"uv_size":[-0.164,0]},"down":{"uv":[0.164,8],"uv_size":[-0.164,0]}}}],"name":"rot_3"},{"parent":"geyser_custom_z","pivot":[6,10,1],"rotation":[0,-0,0],"cubes":[{"origin":[1,9,-0.1],"size":[12,12,0],"pivot":[6,10,1],"uv":{"north":{"uv":[0.984,5.016],"uv_size":[-0.984,1.484]},"south":{"uv":[0.016,5.016],"uv_size":[0.984,1.484]},"east":{"uv":[0,0.016],"uv_size":[0,1.484]},"west":{"uv":[0,0.016],"uv_size":[0,1.484]},"up":{"uv":[0.984,0],"uv_size":[-0.984,0]},"down":{"uv":[0.984,0],"uv_size":[-0.984,0]}}}],"name":"rot_4"},{"parent":"geyser_custom_z","pivot":[5.2,0,-5.2],"rotation":[0,-0,0],"cubes":[{"origin":[-10.4,-2.6,0],"size":[20.8,20.8,0],"pivot":[5.2,0,-5.2],"uv":{"north":{"uv":[13.3173,8.016],"uv_size":[-1.3173,1.984]},"south":{"uv":[12.016,8.016],"uv_size":[1.3173,1.984]},"east":{"uv":[12,8.016],"uv_size":[0,0.984]},"west":{"uv":[12,8.016],"uv_size":[0,0.984]},"up":{"uv":[12.656,8],"uv_size":[-0.656,0]},"down":{"uv":[12.656,8],"uv_size":[-0.656,0]}}}],"name":"rot_5"},{"parent":"geyser_custom_z","pivot":[0,7.5,0],"rotation":[0,-0,0],"cubes":[{"origin":[-2,8,-2],"size":[4,1,4],"pivot":[0,7.5,0],"uv":{"north":{"uv":[4.6303,7.998],"uv_size":[0.328,-0.123]},"south":{"uv":[4.6303,7.998],"uv_size":[0.328,-0.123]},"east":{"uv":[4.6303,7.998],"uv_size":[0.328,-0.123]},"west":{"uv":[4.6303,7.998],"uv_size":[0.328,-0.123]},"up":{"uv":[5.0053,7.508],"uv_size":[0.328,0.492]},"down":{"uv":[5.0053,7.508],"uv_size":[0.328,0.492]}}}],"name":"rot_6"},{"parent":"geyser_custom_z","pivot":[0,12,0],"rotation":[0,-0,0],"cubes":[{"origin":[-1,9,-1],"size":[2,10,2],"pivot":[0,12,0],"uv":{"north":{"uv":[5.2473,3.9535],"uv_size":[-0.164,1.234]},"south":{"uv":[5.086,3.9535],"uv_size":[0.164,1.234]},"east":{"uv":[5.086,2.141],"uv_size":[0.164,1.234]},"west":{"uv":[5.086,2.141],"uv_size":[0.164,1.234]},"up":{"uv":[5.086,5.6835],"uv_size":[0.164,-0.246]},"down":{"uv":[5.086,5.6835],"uv_size":[0.164,-0.246]}}}],"name":"rot_7"},{"parent":"geyser_custom_z","pivot":[-6,10,1],"rotation":[0,-0,0],"cubes":[{"origin":[-13,9,0.9],"size":[12,12,0],"pivot":[-6,10,1],"uv":{"north":{"uv":[0.016,5.016],"uv_size":[0.984,1.484]},"south":{"uv":[0.984,5.016],"uv_size":[-0.984,1.484]},"east":{"uv":[0,0.016],"uv_size":[0,1.484]},"west":{"uv":[0,0.016],"uv_size":[0,1.484]},"up":{"uv":[0.016,0],"uv_size":[0.984,0]},"down":{"uv":[0.016,0],"uv_size":[0.984,0]}}},{"origin":[-13,9,0.9],"size":[12,12,0],"pivot":[-6,10,1],"uv":{"north":{"uv":[0.016,5.016],"uv_size":[0.984,1.484]},"south":{"uv":[0.984,5.016],"uv_size":[-0.984,1.484]},"east":{"uv":[0,0.016],"uv_size":[0,1.484]},"west":{"uv":[0,0.016],"uv_size":[0,1.484]},"up":{"uv":[0.016,0],"uv_size":[0.984,0]},"down":{"uv":[0.016,0],"uv_size":[0.984,0]}}}],"name":"rot_8"},{"parent":"geyser_custom_z","pivot":[-8,0,-8],"rotation":[0,-0,0],"cubes":[{"origin":[1,-16,0],"size":[7,15,0],"pivot":[-8,0,-8],"uv":{"north":{"uv":[4.7593,0.016],"uv_size":[0.574,1.859]},"south":{"uv":[5.324,0.016],"uv_size":[-0.574,1.859]},"east":{"uv":[0,0.016],"uv_size":[0,1.859]},"west":{"uv":[0,0.016],"uv_size":[0,1.859]},"up":{"uv":[0.0093,0],"uv_size":[0.574,0]},"down":{"uv":[0.0093,0],"uv_size":[0.574,0]}}}],"name":"rot_9"},{"parent":"geyser_custom_z","pivot":[0.1,5,-3.5],"rotation":[-22.5,0,0],"cubes":[{"origin":[-1.4,4,-5.5],"size":[3,5,0],"pivot":[0.1,5,-3.5],"uv":{"north":{"uv":[0.246,8.01],"uv_size":[-0.246,0.615]},"south":{"uv":[0.246,8.016],"uv_size":[-0.246,0.984]},"east":{"uv":[0,8.016],"uv_size":[0,0.984]},"west":{"uv":[0,8.016],"uv_size":[0,0.984]},"up":{"uv":[0.0027,8],"uv_size":[0.164,0]},"down":{"uv":[0.0027,8],"uv_size":[0.164,0]}}}],"name":"rot_10"},{"parent":"geyser_custom_z","pivot":[-3.6,5,0.1],"rotation":[0,0,22.5],"cubes":[{"origin":[-5.6,4,-1.4],"size":[0,5,3],"pivot":[-3.6,5,0.1],"uv":{"north":{"uv":[0,8.016],"uv_size":[0,0.984]},"south":{"uv":[0,8.016],"uv_size":[0,0.984]},"east":{"uv":[0.004,8.01],"uv_size":[0.246,0.615]},"west":{"uv":[0.004,8.016],"uv_size":[0.246,0.984]},"up":{"uv":[0.164,8],"uv_size":[-0.164,0]},"down":{"uv":[0.164,8],"uv_size":[-0.164,0]}}}],"name":"rot_11"},{"parent":"geyser_custom_z","pivot":[0,17,-2],"rotation":[0,0,45],"cubes":[{"origin":[-1.2,17.2,1.5],"size":[1,1,1],"pivot":[0,17,-2],"uv":{"north":{"uv":[0.9987,4.502],"uv_size":[-0.082,0.123]},"south":{"uv":[0.9987,4.502],"uv_size":[-0.082,0.123]},"east":{"uv":[0.918,4.502],"uv_size":[0.082,0.123]},"west":{"uv":[0.918,4.502],"uv_size":[0.082,0.123]},"up":{"uv":[0.918,4.623],"uv_size":[0.082,-0.123]},"down":{"uv":[0.9987,4.502],"uv_size":[-0.082,0.123]}}}],"name":"rot_12"},{"parent":"geyser_custom_z","pivot":[0,17,2],"rotation":[0,0,45],"cubes":[{"origin":[-1.2,17.2,-2.5],"size":[1,1,1],"pivot":[0,17,2],"uv":{"north":{"uv":[0.918,4.502],"uv_size":[0.082,0.123]},"south":{"uv":[0.918,4.502],"uv_size":[0.082,0.123]},"east":{"uv":[0.9987,4.502],"uv_size":[-0.082,0.123]},"west":{"uv":[0.9987,4.502],"uv_size":[-0.082,0.123]},"up":{"uv":[0.9987,4.623],"uv_size":[-0.082,-0.123]},"down":{"uv":[0.918,4.502],"uv_size":[0.082,0.123]}}}],"name":"rot_13"}]}]}
