{"credit":"Made with Blockbench","texture_size":[128,128],"textures":{"0":"elitecreatures:newyear_2024_animated/newyear_texture_01","1":"elitecreatures:newyear_2024_animated/newyear_animation_01","2":"elitecreatures:newyear_2024_animated/newyear_animation_02","3":"elitecreatures:newyear_2024_animated/newyear_animation_03","4":"elitecreatures:newyear_2024_animated/newyear_animation_04","particle":"elitecreatures:newyear_2024_animated/newyear_texture_01"},"elements":[{"from":[6.15,-1.55,6],"to":[9.85,1.05,10],"rotation":{"angle":0,"axis":"y","origin":[0,-7.5,-9.5]},"faces":{"north":{"uv":[1.0625,0,1.525,0.325],"texture":"#0"},"east":{"uv":[1.0625,0,0.5625,0.3125],"texture":"#0"},"south":{"uv":[1.0625,0,1.525,0.325],"texture":"#0"},"west":{"uv":[0.5625,0,1.0625,0.3125],"texture":"#0"},"up":{"uv":[0.5625,0.3125,1,0.8125],"texture":"#0"},"down":{"uv":[1.5625,0.625,2.025,1.125],"texture":"#0"}}},{"from":[6.75,-1.5,4.7],"to":[9.35,1,7.3],"rotation":{"angle":45,"axis":"y","origin":[8,3,6.05]},"faces":{"north":{"uv":[1.3125,0.625,1,0.9375],"texture":"#0"},"east":{"uv":[1,0.625,1.3125,0.9375],"texture":"#0"},"south":{"uv":[1.3125,0.625,1,0.9375],"texture":"#0"},"west":{"uv":[1.25,0.3125,0.9375,0.625],"texture":"#0"},"up":{"uv":[1.5,0.3125,1.8125,0],"texture":"#0"},"down":{"uv":[1.5625,0.625,1.875,0.3125],"texture":"#0"}}},{"from":[6.75,-1.5,8.7],"to":[9.35,1,11.3],"rotation":{"angle":-45,"axis":"y","origin":[8,3,9.95]},"faces":{"north":{"uv":[1,0.625,1.3125,0.9375],"texture":"#0"},"east":{"uv":[1.3125,0.625,1,0.9375],"texture":"#0"},"south":{"uv":[1,0.625,1.3125,0.9375],"texture":"#0"},"west":{"uv":[1,0.3125,1.3125,0.625],"texture":"#0"},"up":{"uv":[1.5,0,1.8125,0.3125],"texture":"#0"},"down":{"uv":[1.5625,0.3125,1.875,0.625],"texture":"#0"}}},{"from":[6.5,-12.55,7.25],"to":[9.5,-10.45,8.75],"rotation":{"angle":0,"axis":"y","origin":[0,-18.5,-9]},"faces":{"north":{"uv":[0.9375,1.125,1.3125,1.375],"texture":"#0"},"east":{"uv":[0.9375,1.125,0.75,1.375],"texture":"#0"},"south":{"uv":[0.9375,1.125,1.3125,1.375],"texture":"#0"},"west":{"uv":[0.75,1.125,0.9375,1.375],"texture":"#0"},"up":{"uv":[0.875,0.9375,1.25,1.125],"texture":"#0"},"down":{"uv":[0.875,0.9375,1.25,1.125],"texture":"#0"}}},{"from":[7,-12.5,6.2],"to":[9.1,-10.5,8.3],"rotation":{"angle":45,"axis":"y","origin":[8,-12.5,7.3]},"faces":{"north":{"uv":[1.5625,0.3125,1.3125,0.5625],"texture":"#0"},"east":{"uv":[1.3125,0.3125,1.5625,0.5625],"texture":"#0"},"south":{"uv":[1.5625,0.3125,1.3125,0.5625],"texture":"#0"},"west":{"uv":[2.0625,0,1.8125,0.25],"texture":"#0"},"up":{"uv":[1.3125,0.8125,1.5625,0.5625],"texture":"#0"},"down":{"uv":[1.3125,0.8125,1.5625,0.5625],"texture":"#0"}}},{"from":[7,-12.5,7.7],"to":[9.1,-10.5,9.8],"rotation":{"angle":-45,"axis":"y","origin":[8,-12.5,8.7]},"faces":{"north":{"uv":[1.3125,0.3125,1.5625,0.5625],"texture":"#0"},"east":{"uv":[1.5625,0.3125,1.3125,0.5625],"texture":"#0"},"south":{"uv":[1.3125,0.3125,1.5625,0.5625],"texture":"#0"},"west":{"uv":[1.8125,0,2.0625,0.25],"texture":"#0"},"up":{"uv":[1.3125,0.5625,1.5625,0.8125],"texture":"#0"},"down":{"uv":[1.3125,0.5625,1.5625,0.8125],"texture":"#0"}}},{"from":[7,-12,7],"to":[9,-2,9],"rotation":{"angle":-45,"axis":"y","origin":[8,-7,8]},"faces":{"north":{"uv":[0.5625,1.4375,0.8125,2.6875],"texture":"#0"},"east":{"uv":[0.5625,1.4375,0.8125,2.6875],"texture":"#0"},"south":{"uv":[0.5625,1.4375,0.8125,2.6875],"texture":"#0"},"west":{"uv":[0.5625,1.4375,0.8125,2.6875],"texture":"#0"},"up":{"uv":[0.5625,1.4375,0.8125,1.6875],"texture":"#0"},"down":{"uv":[0.5625,1.4375,0.8125,1.6875],"texture":"#0"}}},{"from":[6.9,-12,9.1],"to":[9.1,-2,9.1],"rotation":{"angle":-45,"axis":"y","origin":[8,-7,8]},"faces":{"north":{"uv":[16,3.4375,15.75,4.6875],"texture":"#0"},"east":{"uv":[0.5625,1.4375,0.8125,2.6875],"texture":"#0"},"south":{"uv":[15.75,3.4375,16,4.6875],"texture":"#0"},"west":{"uv":[0.5625,1.4375,0.8125,2.6875],"texture":"#0"},"up":{"uv":[0.5625,1.4375,0.8125,1.6875],"texture":"#0"},"down":{"uv":[0.5625,1.4375,0.8125,1.6875],"texture":"#0"}}},{"from":[8,22.1,-13.5],"to":[8,26.6,-8.5],"rotation":{"angle":-22.5,"axis":"x","origin":[7.05313,7.44936,8]},"faces":{"north":{"uv":[7.5625,0,7.625,0],"rotation":90,"texture":"#missing"},"east":{"uv":[15.625,3.625,15,4.1875],"texture":"#0"},"south":{"uv":[7.5625,0,7.625,0],"rotation":90,"texture":"#missing"},"west":{"uv":[15,3.625,15.625,4.1875],"texture":"#0"},"up":{"uv":[0,0,2.5,0],"rotation":270,"texture":"#missing"},"down":{"uv":[0,0,2.5,0],"rotation":270,"texture":"#missing"}}},{"from":[6.75,22.74888,-8.55589],"to":[9.25,25.24888,-7.05589],"rotation":{"angle":-22.5,"axis":"x","origin":[7.05313,7.44936,7]},"faces":{"north":{"uv":[4.125,1.75,4.4375,2.0625],"rotation":90,"texture":"#0"},"east":{"uv":[4.125,2.0625,3.9375,1.75],"texture":"#0"},"south":{"uv":[3.625,1.75,3.9375,2.0625],"rotation":90,"texture":"#0"},"west":{"uv":[3.9375,1.75,4.125,2.0625],"texture":"#0"},"up":{"uv":[4.125,1.75,3.9375,2.0625],"rotation":270,"texture":"#0"},"down":{"uv":[3.9375,2.0625,4.125,1.75],"rotation":270,"texture":"#0"}}},{"from":[7.25,23.24888,-6.55589],"to":[8.75,24.74888,-5.05589],"rotation":{"angle":-22.5,"axis":"x","origin":[7.05313,7.44936,7]},"faces":{"north":{"uv":[4.4375,1.5625,4.625,1.75],"texture":"#0"},"east":{"uv":[4.4375,1.75,4.25,1.5625],"texture":"#0"},"south":{"uv":[4.4375,1.5625,4.625,1.75],"texture":"#0"},"west":{"uv":[4.25,1.5625,4.4375,1.75],"texture":"#0"},"up":{"uv":[4.4375,1.75,4.25,1.5625],"texture":"#0"},"down":{"uv":[4.25,1.5625,4.4375,1.75],"texture":"#0"}}},{"from":[8.05313,23.74888,-7.55589],"to":[8.05313,24.24888,12.44411],"rotation":{"angle":-22.5,"axis":"x","origin":[7.05313,7.44936,7]},"faces":{"north":{"uv":[7.5625,0,7.625,0],"rotation":90,"texture":"#0"},"east":{"uv":[0,6.25,0.0625,8.75],"rotation":90,"texture":"#0"},"south":{"uv":[7.5625,0,7.625,0],"rotation":90,"texture":"#0"},"west":{"uv":[0,6.25,0.0625,8.75],"rotation":90,"texture":"#0"},"up":{"uv":[0,0,2.5,0],"rotation":270,"texture":"#0"},"down":{"uv":[0,0,2.5,0],"rotation":270,"texture":"#0"}}},{"from":[6.9,-12,6.9],"to":[9.1,-2,6.9],"rotation":{"angle":45,"axis":"y","origin":[8,-7,8]},"faces":{"north":{"uv":[16,3.4375,15.75,4.6875],"texture":"#0"},"east":{"uv":[0.8125,1.4375,0.5625,2.6875],"texture":"#0"},"south":{"uv":[15.75,3.4375,16,4.6875],"texture":"#0"},"west":{"uv":[0.8125,1.4375,0.5625,2.6875],"texture":"#0"},"up":{"uv":[0.5625,1.6875,0.8125,1.4375],"texture":"#0"},"down":{"uv":[0.5625,1.6875,0.8125,1.4375],"texture":"#0"}}},{"from":[6.9,-12,6.9],"to":[9.1,-2,6.9],"rotation":{"angle":-45,"axis":"y","origin":[8,-7,8]},"faces":{"north":{"uv":[15.75,3.4375,16,4.6875],"texture":"#0"},"east":{"uv":[0.5625,1.4375,0.8125,2.6875],"texture":"#0"},"south":{"uv":[16,3.4375,15.75,4.6875],"texture":"#0"},"west":{"uv":[0.5625,1.4375,0.8125,2.6875],"texture":"#0"},"up":{"uv":[0.8125,1.6875,0.5625,1.4375],"texture":"#0"},"down":{"uv":[0.8125,1.6875,0.5625,1.4375],"texture":"#0"}}},{"from":[6.9,-12,9.1],"to":[9.1,-2,9.1],"rotation":{"angle":45,"axis":"y","origin":[8,-7,8]},"faces":{"north":{"uv":[15.75,3.4375,16,4.6875],"texture":"#0"},"east":{"uv":[0.8125,1.4375,0.5625,2.6875],"texture":"#0"},"south":{"uv":[16,3.4375,15.75,4.6875],"texture":"#0"},"west":{"uv":[0.8125,1.4375,0.5625,2.6875],"texture":"#0"},"up":{"uv":[0.8125,1.4375,0.5625,1.6875],"texture":"#0"},"down":{"uv":[0.8125,1.4375,0.5625,1.6875],"texture":"#0"}}},{"from":[6.75,-4,6.75],"to":[9.25,-1.5,9.25],"rotation":{"angle":-45,"axis":"y","origin":[8,-2.25,8]},"faces":{"north":{"uv":[0.8125,1.375,1.125,1.6875],"texture":"#0"},"east":{"uv":[0.8125,1.375,1.125,1.6875],"texture":"#0"},"south":{"uv":[0.8125,1.375,1.125,1.6875],"texture":"#0"},"west":{"uv":[0.8125,1.375,1.125,1.6875],"texture":"#0"},"up":{"uv":[0.8125,1.6875,1.125,2],"texture":"#0"},"down":{"uv":[0.8125,1.6875,1.125,2],"texture":"#0"}}},{"from":[6.75,6,6.75],"to":[9.25,8.5,9.25],"rotation":{"angle":-45,"axis":"y","origin":[8,-2.25,8]},"faces":{"north":{"uv":[0.8125,1.375,1.125,1.6875],"texture":"#0"},"east":{"uv":[0.8125,1.375,1.125,1.6875],"texture":"#0"},"south":{"uv":[0.8125,1.375,1.125,1.6875],"texture":"#0"},"west":{"uv":[0.8125,1.375,1.125,1.6875],"texture":"#0"},"up":{"uv":[0.8125,1.6875,1.125,2],"texture":"#0"},"down":{"uv":[0.8125,1.6875,1.125,2],"texture":"#0"}}},{"from":[3.9,-2,2.5],"to":[7.1,0.7,2.5],"rotation":{"angle":45,"axis":"y","origin":[8,-0.5,2.6]},"faces":{"north":{"uv":[0,0,6,6],"texture":"#4"},"east":{"uv":[0,0,0,6],"texture":"#4"},"south":{"uv":[0,0,6,6],"texture":"#4"},"west":{"uv":[0,0,0,6],"texture":"#4"},"up":{"uv":[0,0,0,6],"rotation":90,"texture":"#4"},"down":{"uv":[0,6,0,0],"rotation":270,"texture":"#4"}}},{"from":[2,-7,2.6],"to":[8,5,2.6],"rotation":{"angle":45,"axis":"y","origin":[8,-0.5,2.6]},"faces":{"north":{"uv":[14.5,0,13.75,1.875],"texture":"#0"},"east":{"uv":[0,0,0,120],"texture":"#missing"},"south":{"uv":[13.75,0,14.5,1.875],"texture":"#0"},"west":{"uv":[0,0,0,120],"texture":"#missing"},"up":{"uv":[0,0,0,48],"rotation":90,"texture":"#missing"},"down":{"uv":[0,0,0,48],"rotation":270,"texture":"#missing"}}},{"from":[8.9,-2,2.5],"to":[12.1,0.7,2.5],"rotation":{"angle":-45,"axis":"y","origin":[8,-0.5,2.6]},"faces":{"north":{"uv":[6,0,0,6],"texture":"#4"},"east":{"uv":[0,0,0,6],"texture":"#4"},"south":{"uv":[6,0,0,6],"texture":"#4"},"west":{"uv":[0,0,0,6],"texture":"#4"},"up":{"uv":[0,6,0,0],"rotation":90,"texture":"#4"},"down":{"uv":[0,0,0,6],"rotation":270,"texture":"#4"}}},{"from":[8,-7,2.6],"to":[14,5,2.6],"rotation":{"angle":-45,"axis":"y","origin":[8,-0.5,2.6]},"faces":{"north":{"uv":[13.75,0,14.5,1.875],"texture":"#0"},"east":{"uv":[0,0,0,120],"texture":"#missing"},"south":{"uv":[14.5,0,13.75,1.875],"texture":"#0"},"west":{"uv":[0,0,0,120],"texture":"#missing"},"up":{"uv":[0,48,0,0],"rotation":90,"texture":"#missing"},"down":{"uv":[0,48,0,0],"rotation":270,"texture":"#missing"}}},{"from":[6.75,12,6.75],"to":[9.25,14.5,9.25],"rotation":{"angle":-45,"axis":"y","origin":[8,-2.25,8]},"faces":{"north":{"uv":[0.8125,1.375,1.125,1.6875],"texture":"#0"},"east":{"uv":[0.8125,1.375,1.125,1.6875],"texture":"#0"},"south":{"uv":[0.8125,1.375,1.125,1.6875],"texture":"#0"},"west":{"uv":[0.8125,1.375,1.125,1.6875],"texture":"#0"},"up":{"uv":[0.8125,1.6875,1.125,2],"texture":"#0"},"down":{"uv":[0.8125,1.6875,1.125,2],"texture":"#0"}}},{"from":[6.75,22.5,6.75],"to":[9.25,25,9.25],"rotation":{"angle":-45,"axis":"y","origin":[8,18.25,8]},"faces":{"north":{"uv":[0.8125,1.6875,1.125,1.375],"texture":"#0"},"east":{"uv":[0.8125,1.6875,1.125,1.375],"texture":"#0"},"south":{"uv":[0.8125,1.6875,1.125,1.375],"texture":"#0"},"west":{"uv":[0.8125,1.6875,1.125,1.375],"texture":"#0"},"up":{"uv":[0.8125,2,1.125,1.6875],"texture":"#0"},"down":{"uv":[0.8125,2,1.125,1.6875],"texture":"#0"}}},{"from":[7,-14.4,7],"to":[9,-12.4,9],"rotation":{"angle":-45,"axis":"y","origin":[8,-13.4,8]},"faces":{"north":{"uv":[1.3125,0.8125,1.5625,1.0625],"texture":"#0"},"east":{"uv":[1.3125,0.8125,1.5625,1.0625],"texture":"#0"},"south":{"uv":[1.3125,0.8125,1.5625,1.0625],"texture":"#0"},"west":{"uv":[1.3125,0.8125,1.5625,1.0625],"texture":"#0"},"up":{"uv":[1.3125,1.0625,1.5625,1.3125],"texture":"#0"},"down":{"uv":[1.3125,1.0625,1.5625,1.3125],"texture":"#0"}}},{"from":[7.25,-13.5,8],"to":[8.75,-11,10],"rotation":{"angle":-22.5,"axis":"x","origin":[8,-10,9.5]},"faces":{"north":{"uv":[2.125,0.5625,2.3125,0.25],"texture":"#0"},"east":{"uv":[1.875,0.5625,2.125,0.25],"texture":"#0"},"south":{"uv":[2.125,0.5625,2.3125,0.25],"texture":"#0"},"west":{"uv":[1.875,0.5625,2.125,0.25],"texture":"#0"},"up":{"uv":[2.0625,0.25,2.25,0],"texture":"#0"},"down":{"uv":[2.0625,0.25,2.25,0],"texture":"#0"}}},{"from":[7.25,-13.5,6],"to":[8.75,-11,8],"rotation":{"angle":22.5,"axis":"x","origin":[8,-10,6.5]},"faces":{"north":{"uv":[2.3125,0.5625,2.125,0.25],"texture":"#0"},"east":{"uv":[2.125,0.5625,1.875,0.25],"texture":"#0"},"south":{"uv":[2.3125,0.5625,2.125,0.25],"texture":"#0"},"west":{"uv":[2.125,0.5625,1.875,0.25],"texture":"#0"},"up":{"uv":[2.0625,0,2.25,0.25],"texture":"#0"},"down":{"uv":[2.0625,0,2.25,0.25],"texture":"#0"}}},{"from":[7,25.5,6.2],"to":[9.1,27.5,8.3],"rotation":{"angle":45,"axis":"y","origin":[8,27.5,7.3]},"faces":{"north":{"uv":[1.5625,0.5625,1.3125,0.3125],"texture":"#0"},"east":{"uv":[1.3125,0.5625,1.5625,0.3125],"texture":"#0"},"south":{"uv":[1.5625,0.5625,1.3125,0.3125],"texture":"#0"},"west":{"uv":[2.0625,0.25,1.8125,0],"texture":"#0"},"up":{"uv":[1.3125,0.5625,1.5625,0.8125],"texture":"#0"},"down":{"uv":[1.3125,0.5625,1.5625,0.8125],"texture":"#0"}}},{"from":[6.5,25.45,7.25],"to":[9.5,27.55,8.75],"rotation":{"angle":0,"axis":"y","origin":[0,33.5,-9]},"faces":{"north":{"uv":[0.9375,1.375,1.3125,1.125],"texture":"#0"},"east":{"uv":[0.9375,1.375,0.75,1.125],"texture":"#0"},"south":{"uv":[0.9375,1.375,1.3125,1.125],"texture":"#0"},"west":{"uv":[0.75,1.375,0.9375,1.125],"texture":"#0"},"up":{"uv":[0.875,1.125,1.25,0.9375],"texture":"#0"},"down":{"uv":[0.875,1.125,1.25,0.9375],"texture":"#0"}}},{"from":[7,25.5,7.7],"to":[9.1,27.5,9.8],"rotation":{"angle":-45,"axis":"y","origin":[8,27.5,8.7]},"faces":{"north":{"uv":[1.3125,0.5625,1.5625,0.3125],"texture":"#0"},"east":{"uv":[1.5625,0.5625,1.3125,0.3125],"texture":"#0"},"south":{"uv":[1.3125,0.5625,1.5625,0.3125],"texture":"#0"},"west":{"uv":[1.8125,0.25,2.0625,0],"texture":"#0"},"up":{"uv":[1.3125,0.8125,1.5625,0.5625],"texture":"#0"},"down":{"uv":[1.3125,0.8125,1.5625,0.5625],"texture":"#0"}}},{"from":[7.25,26,8],"to":[8.75,28.5,10],"rotation":{"angle":22.5,"axis":"x","origin":[8,25,9.5]},"faces":{"north":{"uv":[2.125,0.25,2.3125,0.5625],"texture":"#0"},"east":{"uv":[1.875,0.25,2.125,0.5625],"texture":"#0"},"south":{"uv":[2.125,0.25,2.3125,0.5625],"texture":"#0"},"west":{"uv":[1.875,0.25,2.125,0.5625],"texture":"#0"},"up":{"uv":[2.0625,0,2.25,0.25],"texture":"#0"},"down":{"uv":[2.0625,0,2.25,0.25],"texture":"#0"}}},{"from":[7.25,26,6],"to":[8.75,28.5,8],"rotation":{"angle":-22.5,"axis":"x","origin":[8,25,6.5]},"faces":{"north":{"uv":[2.3125,0.25,2.125,0.5625],"texture":"#0"},"east":{"uv":[2.125,0.25,1.875,0.5625],"texture":"#0"},"south":{"uv":[2.3125,0.25,2.125,0.5625],"texture":"#0"},"west":{"uv":[2.125,0.25,1.875,0.5625],"texture":"#0"},"up":{"uv":[2.0625,0.25,2.25,0],"texture":"#0"},"down":{"uv":[2.0625,0.25,2.25,0],"texture":"#0"}}},{"from":[7,27.4,7],"to":[9,29.4,9],"rotation":{"angle":-45,"axis":"y","origin":[8,28.4,8]},"faces":{"north":{"uv":[1.3125,1.0625,1.5625,0.8125],"texture":"#0"},"east":{"uv":[1.3125,1.0625,1.5625,0.8125],"texture":"#0"},"south":{"uv":[1.3125,1.0625,1.5625,0.8125],"texture":"#0"},"west":{"uv":[1.3125,1.0625,1.5625,0.8125],"texture":"#0"},"up":{"uv":[1.3125,1.3125,1.5625,1.0625],"texture":"#0"},"down":{"uv":[1.3125,1.3125,1.5625,1.0625],"texture":"#0"}}},{"from":[5,-0.4,8.5],"to":[11,1.6,10.5],"rotation":{"angle":-45,"axis":"x","origin":[8,-0.9,8]},"faces":{"north":{"uv":[2.3125,1.125,1.5625,1.375],"texture":"#0"},"east":{"uv":[1.3125,1.3125,1.5625,1.5625],"texture":"#0"},"south":{"uv":[2.3125,1.125,1.5625,1.375],"texture":"#0"},"west":{"uv":[1.5625,1.3125,1.3125,1.5625],"texture":"#0"},"up":{"uv":[2.3125,1.125,1.5625,1.375],"texture":"#0"},"down":{"uv":[2.3125,1.125,1.5625,1.375],"texture":"#0"}}},{"from":[5.75,-1,9],"to":[10.25,2,12],"rotation":{"angle":-45,"axis":"x","origin":[8,-2,8]},"faces":{"north":{"uv":[1.1875,2.375,0.8125,2.9375],"rotation":90,"texture":"#0"},"east":{"uv":[0.8125,2,1.1875,2.375],"rotation":90,"texture":"#0"},"south":{"uv":[1.1875,2.375,0.8125,2.9375],"rotation":90,"texture":"#0"},"west":{"uv":[0.8125,2.375,1.1875,2],"rotation":90,"texture":"#0"},"up":{"uv":[0.8125,2.375,1.1875,2.9375],"rotation":90,"texture":"#0"},"down":{"uv":[0.8125,2.375,1.1875,2.9375],"rotation":90,"texture":"#0"}}},{"from":[6.15,23.45,6],"to":[9.85,26.05,10],"rotation":{"angle":0,"axis":"y","origin":[0,17.5,-9.5]},"faces":{"north":{"uv":[1.0625,0,1.525,0.325],"texture":"#0"},"east":{"uv":[1.0625,0,0.5625,0.3125],"texture":"#0"},"south":{"uv":[1.0625,0,1.525,0.325],"texture":"#0"},"west":{"uv":[0.5625,0,1.0625,0.3125],"texture":"#0"},"up":{"uv":[0.5625,0.3125,1,0.8125],"texture":"#0"},"down":{"uv":[1.5625,0.625,2.025,1.125],"texture":"#0"}}},{"from":[6.75,23.5,4.7],"to":[9.35,26,7.3],"rotation":{"angle":45,"axis":"y","origin":[8,28,6.05]},"faces":{"north":{"uv":[1.3125,0.625,1,0.9375],"texture":"#0"},"east":{"uv":[1,0.625,1.3125,0.9375],"texture":"#0"},"south":{"uv":[1.3125,0.625,1,0.9375],"texture":"#0"},"west":{"uv":[1.25,0.3125,0.9375,0.625],"texture":"#0"},"up":{"uv":[1.5,0.3125,1.8125,0],"texture":"#0"},"down":{"uv":[1.5625,0.625,1.875,0.3125],"texture":"#0"}}},{"from":[5,23.6,8.5],"to":[11,25.6,10.5],"rotation":{"angle":-45,"axis":"x","origin":[8,23.1,8]},"faces":{"north":{"uv":[2.3125,1.125,1.5625,1.375],"texture":"#0"},"east":{"uv":[1.3125,1.3125,1.5625,1.5625],"texture":"#0"},"south":{"uv":[2.3125,1.125,1.5625,1.375],"texture":"#0"},"west":{"uv":[1.5625,1.3125,1.3125,1.5625],"texture":"#0"},"up":{"uv":[2.3125,1.125,1.5625,1.375],"texture":"#0"},"down":{"uv":[2.3125,1.125,1.5625,1.375],"texture":"#0"}}},{"from":[5.75,23,9],"to":[10.25,26,12],"rotation":{"angle":-45,"axis":"x","origin":[8,22,8]},"faces":{"north":{"uv":[1.1875,2.375,0.8125,2.9375],"rotation":90,"texture":"#0"},"east":{"uv":[0.8125,2,1.1875,2.375],"rotation":90,"texture":"#0"},"south":{"uv":[1.1875,2.375,0.8125,2.9375],"rotation":90,"texture":"#0"},"west":{"uv":[0.8125,2.375,1.1875,2],"rotation":90,"texture":"#0"},"up":{"uv":[0.8125,2.375,1.1875,2.9375],"rotation":90,"texture":"#0"},"down":{"uv":[0.8125,2.375,1.1875,2.9375],"rotation":90,"texture":"#0"}}},{"from":[6.75,23.5,8.7],"to":[9.35,26,11.3],"rotation":{"angle":-45,"axis":"y","origin":[8,28,9.95]},"faces":{"north":{"uv":[1,0.625,1.3125,0.9375],"texture":"#0"},"east":{"uv":[1.3125,0.625,1,0.9375],"texture":"#0"},"south":{"uv":[1,0.625,1.3125,0.9375],"texture":"#0"},"west":{"uv":[1,0.3125,1.3125,0.625],"texture":"#0"},"up":{"uv":[1.5,0,1.8125,0.3125],"texture":"#0"},"down":{"uv":[1.5625,0.3125,1.875,0.625],"texture":"#0"}}},{"from":[7.3,0.8,8.5],"to":[7.3,4.8,12.5],"rotation":{"angle":0,"axis":"y","origin":[0,1,16]},"faces":{"north":{"uv":[0,0,0,0.5],"texture":"#0"},"east":{"uv":[1.625,1.4375,2.125,1.9375],"texture":"#0"},"south":{"uv":[0,0,0,0.5],"texture":"#missing"},"west":{"uv":[2.125,1.4375,1.625,1.9375],"texture":"#0"},"up":{"uv":[0,0.5,0,0],"texture":"#missing"},"down":{"uv":[0,0.5,0,0],"texture":"#missing"}}},{"from":[7.3,0.8,3.5],"to":[7.3,4.8,7.5],"rotation":{"angle":0,"axis":"y","origin":[0,1,0]},"faces":{"north":{"uv":[0,0,0,0.5],"texture":"#missing"},"east":{"uv":[2.125,1.4375,1.625,1.9375],"texture":"#0"},"south":{"uv":[0,0,0,0.5],"texture":"#0"},"west":{"uv":[1.625,1.4375,2.125,1.9375],"texture":"#0"},"up":{"uv":[0,0,0,0.5],"texture":"#missing"},"down":{"uv":[0,0,0,0.5],"texture":"#missing"}}},{"from":[8.7,0.8,3.5],"to":[8.7,4.8,7.5],"rotation":{"angle":0,"axis":"y","origin":[16,1,0]},"faces":{"north":{"uv":[0,0,0,0.5],"texture":"#missing"},"east":{"uv":[2.125,1.4375,1.625,1.9375],"texture":"#0"},"south":{"uv":[0,0,0,0.5],"texture":"#0"},"west":{"uv":[1.625,1.4375,2.125,1.9375],"texture":"#0"},"up":{"uv":[0,0,0,0.5],"texture":"#missing"},"down":{"uv":[0,0,0,0.5],"texture":"#missing"}}},{"from":[8.7,0.8,8.5],"to":[8.7,4.8,12.5],"rotation":{"angle":0,"axis":"y","origin":[16,1,16]},"faces":{"north":{"uv":[0,0,0,0.5],"texture":"#0"},"east":{"uv":[1.625,1.4375,2.125,1.9375],"texture":"#0"},"south":{"uv":[0,0,0,0.5],"texture":"#missing"},"west":{"uv":[2.125,1.4375,1.625,1.9375],"texture":"#0"},"up":{"uv":[0,0.5,0,0],"texture":"#missing"},"down":{"uv":[0,0.5,0,0],"texture":"#missing"}}},{"from":[6.75,-2.9,4],"to":[9.25,1.6,14],"rotation":{"angle":0,"axis":"y","origin":[8,9.86583,18.094]},"faces":{"north":{"uv":[6.25,0,6.5625,0.5625],"texture":"#0"},"east":{"uv":[5.875,0,4.625,0.5625],"texture":"#0"},"south":{"uv":[6.25,0,6.5625,0.5625],"texture":"#0"},"west":{"uv":[4.625,0,5.875,0.5625],"texture":"#0"},"up":{"uv":[2.375,2.8125,2.6875,1.5625],"texture":"#0"},"down":{"uv":[2.375,2.8125,2.6875,1.5625],"texture":"#0"}}},{"from":[7,1,7],"to":[9,25,9],"rotation":{"angle":-45,"axis":"y","origin":[8,5,8]},"faces":{"north":{"uv":[0,3,0.25,6],"texture":"#0"},"east":{"uv":[0,3,0.25,6],"texture":"#0"},"south":{"uv":[0,3,0.25,6],"texture":"#0"},"west":{"uv":[0,3,0.25,6],"texture":"#0"},"up":{"uv":[0,3,0.25,3.25],"texture":"#0"},"down":{"uv":[0,3,0.25,3.25],"texture":"#0"}}},{"from":[6.9,1.5,9.1],"to":[9.1,25,9.1],"rotation":{"angle":45,"axis":"y","origin":[8,6.5,8]},"faces":{"north":{"uv":[0.25,3,0.5,5.9375],"texture":"#0"},"east":{"uv":[0.8125,1.4375,0.5625,2.6875],"texture":"#0"},"south":{"uv":[0.5,3,0.25,5.9375],"texture":"#0"},"west":{"uv":[0.8125,1.4375,0.5625,2.6875],"texture":"#0"},"up":{"uv":[0.8125,1.4375,0.5625,1.6875],"texture":"#0"},"down":{"uv":[0.8125,1.4375,0.5625,1.6875],"texture":"#0"}}},{"from":[6.9,1.5,9.1],"to":[9.1,25,9.1],"rotation":{"angle":-45,"axis":"y","origin":[8,6.5,8]},"faces":{"north":{"uv":[0.5,3,0.25,5.9375],"texture":"#0"},"east":{"uv":[0.5625,1.4375,0.8125,2.6875],"texture":"#0"},"south":{"uv":[0.25,3,0.5,5.9375],"texture":"#0"},"west":{"uv":[0.5625,1.4375,0.8125,2.6875],"texture":"#0"},"up":{"uv":[0.5625,1.4375,0.8125,1.6875],"texture":"#0"},"down":{"uv":[0.5625,1.4375,0.8125,1.6875],"texture":"#0"}}},{"from":[6.9,1.5,6.9],"to":[9.1,25,6.9],"rotation":{"angle":-45,"axis":"y","origin":[8,6.5,8]},"faces":{"north":{"uv":[0.25,3,0.5,5.9375],"texture":"#0"},"east":{"uv":[0.5625,1.4375,0.8125,2.6875],"texture":"#0"},"south":{"uv":[0.5,3,0.25,5.9375],"texture":"#0"},"west":{"uv":[0.5625,1.4375,0.8125,2.6875],"texture":"#0"},"up":{"uv":[0.8125,1.6875,0.5625,1.4375],"texture":"#0"},"down":{"uv":[0.8125,1.6875,0.5625,1.4375],"texture":"#0"}}},{"from":[6.9,1.5,6.9],"to":[9.1,25,6.9],"rotation":{"angle":45,"axis":"y","origin":[8,6.5,8]},"faces":{"north":{"uv":[0.5,3,0.25,5.9375],"texture":"#0"},"east":{"uv":[0.8125,1.4375,0.5625,2.6875],"texture":"#0"},"south":{"uv":[0.25,3,0.5,5.9375],"texture":"#0"},"west":{"uv":[0.8125,1.4375,0.5625,2.6875],"texture":"#0"},"up":{"uv":[0.5625,1.6875,0.8125,1.4375],"texture":"#0"},"down":{"uv":[0.5625,1.6875,0.8125,1.4375],"texture":"#0"}}},{"from":[7.75,1,10.5],"to":[8.25,25.5,11],"rotation":{"angle":0,"axis":"y","origin":[8,22.25,15.75]},"faces":{"north":{"uv":[0,6,0.0625,9.0625],"texture":"#0"},"east":{"uv":[0,6,0.0625,9.0625],"texture":"#0"},"south":{"uv":[0,6,0.0625,9.0625],"texture":"#0"},"west":{"uv":[0,6,0.0625,9.0625],"texture":"#0"},"up":{"uv":[0,6,0.0625,6.0625],"texture":"#0"},"down":{"uv":[0,6,0.0625,6.0625],"texture":"#0"}}},{"from":[7.6,-1,9.5],"to":[7.6,6,15.5],"rotation":{"angle":0,"axis":"y","origin":[7.9,18.1,10.7]},"faces":{"north":{"uv":[0,0,0,0.5],"texture":"#0"},"east":{"uv":[1.625,1.9375,2.375,2.8125],"texture":"#0"},"south":{"uv":[0,0,0,0.5],"texture":"#missing"},"west":{"uv":[2.375,1.9375,1.625,2.8125],"texture":"#0"},"up":{"uv":[0,0.5,0,0],"texture":"#missing"},"down":{"uv":[0,0.5,0,0],"texture":"#missing"}}},{"from":[8.4,-1,9.5],"to":[8.4,6,15.5],"rotation":{"angle":0,"axis":"y","origin":[8.1,18.1,10.7]},"faces":{"north":{"uv":[0,0,0,0.5],"texture":"#0"},"east":{"uv":[1.625,1.9375,2.375,2.8125],"texture":"#0"},"south":{"uv":[0,0,0,0.5],"texture":"#missing"},"west":{"uv":[2.375,1.9375,1.625,2.8125],"texture":"#0"},"up":{"uv":[0,0.5,0,0],"texture":"#missing"},"down":{"uv":[0,0.5,0,0],"texture":"#missing"}}},{"from":[7,7,8.5],"to":[9,7,12],"faces":{"north":{"uv":[0,0,0.25,0],"texture":"#missing"},"east":{"uv":[0,0,0.5,0],"texture":"#missing"},"south":{"uv":[0,0,0.25,0],"texture":"#missing"},"west":{"uv":[0,0,0.5,0],"texture":"#missing"},"up":{"uv":[2.8125,2.875,3.0625,3.3125],"texture":"#0"},"down":{"uv":[2.8125,3.3125,3.0625,2.875],"texture":"#0"}}},{"from":[7,13,8.5],"to":[9,13,12],"faces":{"north":{"uv":[0,0,0.25,0],"texture":"#missing"},"east":{"uv":[0,0,0.5,0],"texture":"#missing"},"south":{"uv":[0,0,0.25,0],"texture":"#missing"},"west":{"uv":[0,0,0.5,0],"texture":"#missing"},"up":{"uv":[2.8125,2.875,3.0625,3.3125],"texture":"#0"},"down":{"uv":[2.8125,3.3125,3.0625,2.875],"texture":"#0"}}},{"from":[7,23,8.5],"to":[9,23,12],"faces":{"north":{"uv":[0,0,0.25,0],"texture":"#missing"},"east":{"uv":[0,0,0.5,0],"texture":"#missing"},"south":{"uv":[0,0,0.25,0],"texture":"#missing"},"west":{"uv":[0,0,0.5,0],"texture":"#missing"},"up":{"uv":[2.8125,2.875,3.0625,3.3125],"texture":"#0"},"down":{"uv":[2.8125,3.3125,3.0625,2.875],"texture":"#0"}}},{"from":[6.4,-0.5,6.25],"to":[6.4,23.5,9.75],"rotation":{"angle":0,"axis":"y","origin":[0,-3.5,-0.5]},"faces":{"north":{"uv":[0,0,0,12],"texture":"#1"},"east":{"uv":[1.75,0,0,12],"texture":"#1"},"south":{"uv":[0,0,0,12],"texture":"#1"},"west":{"uv":[0,0,1.75,12],"texture":"#1"},"up":{"uv":[0,1.75,0,0],"texture":"#1"},"down":{"uv":[0,0,0,1.75],"texture":"#1"}}},{"from":[9.6,-0.5,6.25],"to":[9.6,23.5,9.75],"rotation":{"angle":0,"axis":"y","origin":[16,-3.5,-0.5]},"faces":{"north":{"uv":[0,0,0,12],"texture":"#1"},"east":{"uv":[1.75,0,0,12],"texture":"#1"},"south":{"uv":[0,0,0,12],"texture":"#1"},"west":{"uv":[0,0,1.75,12],"texture":"#1"},"up":{"uv":[0,1.75,0,0],"texture":"#1"},"down":{"uv":[0,0,0,1.75],"texture":"#1"}}},{"from":[7,4,9],"to":[7,12,17],"rotation":{"angle":0,"axis":"y","origin":[0,1,0]},"faces":{"north":{"uv":[0,0,0,16],"texture":"#3"},"east":{"uv":[0,0,16,16],"texture":"#3"},"south":{"uv":[0,0,0,16],"texture":"#3"},"west":{"uv":[0,0,16,16],"texture":"#3"},"up":{"uv":[0,16,0,0],"texture":"#3"},"down":{"uv":[0,0,0,16],"texture":"#3"}}},{"from":[9,17,10],"to":[9,27,20],"rotation":{"angle":0,"axis":"y","origin":[16,1,0]},"faces":{"north":{"uv":[0.5,1,0.5,11],"texture":"#2"},"east":{"uv":[10.5,1,0.5,11],"texture":"#2"},"south":{"uv":[0.5,1,0.5,11],"texture":"#2"},"west":{"uv":[10.5,1,0.5,11],"texture":"#2"},"up":{"uv":[0.5,11,0.5,1],"texture":"#2"},"down":{"uv":[0.5,1,0.5,11],"texture":"#2"}}},{"from":[7,6,-5],"to":[7,16,5],"rotation":{"angle":0,"axis":"y","origin":[0,1,0]},"faces":{"north":{"uv":[0,0,0,12],"texture":"#2"},"east":{"uv":[0.5,1,10.5,11],"texture":"#2"},"south":{"uv":[0,0,0,12],"texture":"#2"},"west":{"uv":[0.5,1,10.5,11],"texture":"#2"},"up":{"uv":[0,12,0,0],"texture":"#2"},"down":{"uv":[0,0,0,12],"texture":"#2"}}}],"gui_light":"front","display":{"thirdperson_righthand":{"translation":[0,5,1.75],"scale":[0.5,0.5,0.5]},"thirdperson_lefthand":{"translation":[0,5,1.75],"scale":[0.5,0.5,0.5]},"firstperson_righthand":{"rotation":[-10,0,0],"translation":[5.75,3.5,-5.25],"scale":[0.6,0.6,0.6]},"firstperson_lefthand":{"rotation":[-10,0,0],"translation":[5.75,3.5,-5.25],"scale":[0.6,0.6,0.6]},"ground":{"rotation":[0,0,88],"translation":[-2,2.5,0.25],"scale":[0.45,0.45,0.45]},"gui":{"rotation":[-90,-135,-90],"translation":[-0.5,0.25,-1.5],"scale":[0.5,0.5,0.5]},"head":{"rotation":[90,-156,90],"translation":[1,10.5,1.75],"scale":[0.6,0.6,0.6]},"fixed":{"rotation":[-90,-90,-90],"translation":[0,5.5,0.25],"scale":[1.2,1.2,1.2]}}}