{"credit":"Made with Blockbench","texture_size":[128,128],"textures":{"0":"elitecreatures:newyear_2024_animated/newyear_texture_01","2":"elitecreatures:newyear_2024_animated/newyear_animation_02","3":"elitecreatures:newyear_2024_animated/newyear_animation_03","4":"elitecreatures:newyear_2024_animated/newyear_animation_04","particle":"elitecreatures:newyear_2024_animated/newyear_texture_01"},"elements":[{"from":[6.15,14.45,6],"to":[9.85,17.05,10],"rotation":{"angle":0,"axis":"y","origin":[0,8.5,-9.5]},"faces":{"north":{"uv":[1.0625,0,1.525,0.325],"texture":"#0"},"east":{"uv":[1.0625,0,0.5625,0.3125],"texture":"#0"},"south":{"uv":[1.0625,0,1.525,0.325],"texture":"#0"},"west":{"uv":[0.5625,0,1.0625,0.3125],"texture":"#0"},"up":{"uv":[0.5625,0.3125,1,0.8125],"texture":"#0"},"down":{"uv":[1.5625,0.625,2.025,1.125],"texture":"#0"}}},{"from":[6.75,14.5,4.7],"to":[9.35,17,7.3],"rotation":{"angle":45,"axis":"y","origin":[8,19,6.05]},"faces":{"north":{"uv":[1.3125,0.625,1,0.9375],"texture":"#0"},"east":{"uv":[1,0.625,1.3125,0.9375],"texture":"#0"},"south":{"uv":[1.3125,0.625,1,0.9375],"texture":"#0"},"west":{"uv":[1.25,0.3125,0.9375,0.625],"texture":"#0"},"up":{"uv":[1.5,0.3125,1.8125,0],"texture":"#0"},"down":{"uv":[1.5625,0.625,1.875,0.3125],"texture":"#0"}}},{"from":[6.75,14.5,8.7],"to":[9.35,17,11.3],"rotation":{"angle":-45,"axis":"y","origin":[8,19,9.95]},"faces":{"north":{"uv":[1,0.625,1.3125,0.9375],"texture":"#0"},"east":{"uv":[1.3125,0.625,1,0.9375],"texture":"#0"},"south":{"uv":[1,0.625,1.3125,0.9375],"texture":"#0"},"west":{"uv":[1,0.3125,1.3125,0.625],"texture":"#0"},"up":{"uv":[1.5,0,1.8125,0.3125],"texture":"#0"},"down":{"uv":[1.5625,0.3125,1.875,0.625],"texture":"#0"}}},{"from":[6.5,-12.55,7.25],"to":[9.5,-10.45,8.75],"rotation":{"angle":0,"axis":"y","origin":[0,-18.5,-9]},"faces":{"north":{"uv":[0.9375,1.125,1.3125,1.375],"texture":"#0"},"east":{"uv":[0.9375,1.125,0.75,1.375],"texture":"#0"},"south":{"uv":[0.9375,1.125,1.3125,1.375],"texture":"#0"},"west":{"uv":[0.75,1.125,0.9375,1.375],"texture":"#0"},"up":{"uv":[0.875,0.9375,1.25,1.125],"texture":"#0"},"down":{"uv":[0.875,0.9375,1.25,1.125],"texture":"#0"}}},{"from":[7,-12.5,6.2],"to":[9.1,-10.5,8.3],"rotation":{"angle":45,"axis":"y","origin":[8,-12.5,7.3]},"faces":{"north":{"uv":[1.5625,0.3125,1.3125,0.5625],"texture":"#0"},"east":{"uv":[1.3125,0.3125,1.5625,0.5625],"texture":"#0"},"south":{"uv":[1.5625,0.3125,1.3125,0.5625],"texture":"#0"},"west":{"uv":[2.0625,0,1.8125,0.25],"texture":"#0"},"up":{"uv":[1.3125,0.8125,1.5625,0.5625],"texture":"#0"},"down":{"uv":[1.3125,0.8125,1.5625,0.5625],"texture":"#0"}}},{"from":[7,-12.5,7.7],"to":[9.1,-10.5,9.8],"rotation":{"angle":-45,"axis":"y","origin":[8,-12.5,8.7]},"faces":{"north":{"uv":[1.3125,0.3125,1.5625,0.5625],"texture":"#0"},"east":{"uv":[1.5625,0.3125,1.3125,0.5625],"texture":"#0"},"south":{"uv":[1.3125,0.3125,1.5625,0.5625],"texture":"#0"},"west":{"uv":[1.8125,0,2.0625,0.25],"texture":"#0"},"up":{"uv":[1.3125,0.5625,1.5625,0.8125],"texture":"#0"},"down":{"uv":[1.3125,0.5625,1.5625,0.8125],"texture":"#0"}}},{"from":[7,-11,7],"to":[9,13,9],"rotation":{"angle":-45,"axis":"y","origin":[8,-7,8]},"faces":{"north":{"uv":[0,3,0.25,6],"texture":"#0"},"east":{"uv":[0,3,0.25,6],"texture":"#0"},"south":{"uv":[0,3,0.25,6],"texture":"#0"},"west":{"uv":[0,3,0.25,6],"texture":"#0"},"up":{"uv":[0,3,0.25,3.25],"texture":"#0"},"down":{"uv":[0,3,0.25,3.25],"texture":"#0"}}},{"from":[6.9,-10.5,6.9],"to":[9.1,13,6.9],"rotation":{"angle":45,"axis":"y","origin":[8,-5.5,8]},"faces":{"north":{"uv":[0.5,3,0.25,5.9375],"texture":"#0"},"east":{"uv":[0.8125,1.4375,0.5625,2.6875],"texture":"#0"},"south":{"uv":[0.25,3,0.5,5.9375],"texture":"#0"},"west":{"uv":[0.8125,1.4375,0.5625,2.6875],"texture":"#0"},"up":{"uv":[0.5625,1.6875,0.8125,1.4375],"texture":"#0"},"down":{"uv":[0.5625,1.6875,0.8125,1.4375],"texture":"#0"}}},{"from":[6.9,-10.5,6.9],"to":[9.1,13,6.9],"rotation":{"angle":-45,"axis":"y","origin":[8,-5.5,8]},"faces":{"north":{"uv":[0.25,3,0.5,5.9375],"texture":"#0"},"east":{"uv":[0.5625,1.4375,0.8125,2.6875],"texture":"#0"},"south":{"uv":[0.5,3,0.25,5.9375],"texture":"#0"},"west":{"uv":[0.5625,1.4375,0.8125,2.6875],"texture":"#0"},"up":{"uv":[0.8125,1.6875,0.5625,1.4375],"texture":"#0"},"down":{"uv":[0.8125,1.6875,0.5625,1.4375],"texture":"#0"}}},{"from":[6.9,-10.5,9.1],"to":[9.1,13,9.1],"rotation":{"angle":45,"axis":"y","origin":[8,-5.5,8]},"faces":{"north":{"uv":[0.25,3,0.5,5.9375],"texture":"#0"},"east":{"uv":[0.8125,1.4375,0.5625,2.6875],"texture":"#0"},"south":{"uv":[0.5,3,0.25,5.9375],"texture":"#0"},"west":{"uv":[0.8125,1.4375,0.5625,2.6875],"texture":"#0"},"up":{"uv":[0.8125,1.4375,0.5625,1.6875],"texture":"#0"},"down":{"uv":[0.8125,1.4375,0.5625,1.6875],"texture":"#0"}}},{"from":[6.9,-10.5,9.1],"to":[9.1,13,9.1],"rotation":{"angle":-45,"axis":"y","origin":[8,-5.5,8]},"faces":{"north":{"uv":[0.5,3,0.25,5.9375],"texture":"#0"},"east":{"uv":[0.5625,1.4375,0.8125,2.6875],"texture":"#0"},"south":{"uv":[0.25,3,0.5,5.9375],"texture":"#0"},"west":{"uv":[0.5625,1.4375,0.8125,2.6875],"texture":"#0"},"up":{"uv":[0.5625,1.4375,0.8125,1.6875],"texture":"#0"},"down":{"uv":[0.5625,1.4375,0.8125,1.6875],"texture":"#0"}}},{"from":[6.75,13,6.75],"to":[9.25,15.5,9.25],"rotation":{"angle":-45,"axis":"y","origin":[8,13.75,8]},"faces":{"north":{"uv":[0.8125,1.375,1.125,1.6875],"texture":"#0"},"east":{"uv":[0.8125,1.375,1.125,1.6875],"texture":"#0"},"south":{"uv":[0.8125,1.375,1.125,1.6875],"texture":"#0"},"west":{"uv":[0.8125,1.375,1.125,1.6875],"texture":"#0"},"up":{"uv":[0.8125,1.6875,1.125,2],"texture":"#0"},"down":{"uv":[0.8125,1.6875,1.125,2],"texture":"#0"}}},{"from":[6.75,8.5,6.75],"to":[9.25,11,9.25],"rotation":{"angle":-45,"axis":"y","origin":[8,13.75,8]},"faces":{"north":{"uv":[0.8125,1.375,1.125,1.6875],"texture":"#0"},"east":{"uv":[0.8125,1.375,1.125,1.6875],"texture":"#0"},"south":{"uv":[0.8125,1.375,1.125,1.6875],"texture":"#0"},"west":{"uv":[0.8125,1.375,1.125,1.6875],"texture":"#0"},"up":{"uv":[0.8125,1.6875,1.125,2],"texture":"#0"},"down":{"uv":[0.8125,1.6875,1.125,2],"texture":"#0"}}},{"from":[6.75,2.5,6.75],"to":[9.25,5,9.25],"rotation":{"angle":-45,"axis":"y","origin":[8,13.75,8]},"faces":{"north":{"uv":[0.8125,1.375,1.125,1.6875],"texture":"#0"},"east":{"uv":[0.8125,1.375,1.125,1.6875],"texture":"#0"},"south":{"uv":[0.8125,1.375,1.125,1.6875],"texture":"#0"},"west":{"uv":[0.8125,1.375,1.125,1.6875],"texture":"#0"},"up":{"uv":[0.8125,1.6875,1.125,2],"texture":"#0"},"down":{"uv":[0.8125,1.6875,1.125,2],"texture":"#0"}}},{"from":[8,18,-5.2],"to":[8,25,0.8],"faces":{"north":{"uv":[0,0,0,0.5],"texture":"#missing"},"east":{"uv":[2.375,1.9375,1.625,2.8125],"texture":"#0"},"south":{"uv":[0,0,0,0.5],"texture":"#0"},"west":{"uv":[1.625,1.9375,2.375,2.8125],"texture":"#0"},"up":{"uv":[0,0,0,0.5],"texture":"#missing"},"down":{"uv":[0,0,0,0.5],"texture":"#missing"}}},{"from":[6.4,10,-5.2],"to":[6.4,17,0.8],"rotation":{"angle":22.5,"axis":"z","origin":[0,0,0]},"faces":{"north":{"uv":[0,0,0,0.5],"texture":"#missing"},"east":{"uv":[2.375,1.9375,1.625,2.8125],"texture":"#0"},"south":{"uv":[0,0,0,0.5],"texture":"#0"},"west":{"uv":[1.625,1.9375,2.375,2.8125],"texture":"#0"},"up":{"uv":[0,0,0,0.5],"texture":"#missing"},"down":{"uv":[0,0,0,0.5],"texture":"#missing"}}},{"from":[9.6,10,-5.2],"to":[9.6,17,0.8],"rotation":{"angle":-22.5,"axis":"z","origin":[16,0,0]},"faces":{"north":{"uv":[0,0,0,0.5],"texture":"#missing"},"east":{"uv":[2.375,1.9375,1.625,2.8125],"texture":"#0"},"south":{"uv":[0,0,0,0.5],"texture":"#0"},"west":{"uv":[1.625,1.9375,2.375,2.8125],"texture":"#0"},"up":{"uv":[0,0,0,0.5],"texture":"#missing"},"down":{"uv":[0,0,0,0.5],"texture":"#missing"}}},{"from":[9.6,10,15.2],"to":[9.6,17,21.2],"rotation":{"angle":-22.5,"axis":"z","origin":[16,0,16]},"faces":{"north":{"uv":[0,0,0,0.5],"texture":"#0"},"east":{"uv":[1.625,1.9375,2.375,2.8125],"texture":"#0"},"south":{"uv":[0,0,0,0.5],"texture":"#missing"},"west":{"uv":[2.375,1.9375,1.625,2.8125],"texture":"#0"},"up":{"uv":[0,0.5,0,0],"texture":"#missing"},"down":{"uv":[0,0.5,0,0],"texture":"#missing"}}},{"from":[6.4,10,15.2],"to":[6.4,17,21.2],"rotation":{"angle":22.5,"axis":"z","origin":[0,0,16]},"faces":{"north":{"uv":[0,0,0,0.5],"texture":"#0"},"east":{"uv":[1.625,1.9375,2.375,2.8125],"texture":"#0"},"south":{"uv":[0,0,0,0.5],"texture":"#missing"},"west":{"uv":[2.375,1.9375,1.625,2.8125],"texture":"#0"},"up":{"uv":[0,0.5,0,0],"texture":"#missing"},"down":{"uv":[0,0.5,0,0],"texture":"#missing"}}},{"from":[8,18,15.2],"to":[8,25,21.2],"rotation":{"angle":0,"axis":"y","origin":[0,0,16]},"faces":{"north":{"uv":[0,0,0,0.5],"texture":"#0"},"east":{"uv":[1.625,1.9375,2.375,2.8125],"texture":"#0"},"south":{"uv":[0,0,0,0.5],"texture":"#missing"},"west":{"uv":[2.375,1.9375,1.625,2.8125],"texture":"#0"},"up":{"uv":[0,0.5,0,0],"texture":"#missing"},"down":{"uv":[0,0.5,0,0],"texture":"#missing"}}},{"from":[7.8,13.9,0.5],"to":[8.2,16.4,3.5],"rotation":{"angle":-45,"axis":"x","origin":[7.7,12.75,8]},"faces":{"north":{"uv":[2.2375,0.55469,2.1875,0.86719],"texture":"#0"},"east":{"uv":[2.68438,0.86719,2.30937,1.17969],"texture":"#0"},"south":{"uv":[2.2375,0.55469,2.1875,0.86719],"texture":"#0"},"west":{"uv":[2.30937,0.86719,2.68438,1.17969],"texture":"#0"},"up":{"uv":[2.6875,0.86719,2.7375,1.24219],"texture":"#0"},"down":{"uv":[2.6875,1.24219,2.7375,0.86719],"texture":"#0"}}},{"from":[7.85,12,3],"to":[8.15,13.5,5.2],"rotation":{"angle":-22.5,"axis":"x","origin":[7.7,12.75,8]},"faces":{"north":{"uv":[2.79688,0.90625,2.83438,1.09375],"texture":"#0"},"east":{"uv":[2.76563,0.71875,3.04062,0.90625],"texture":"#0"},"south":{"uv":[2.79688,0.90625,2.83438,1.09375],"texture":"#0"},"west":{"uv":[2.76563,0.71875,3.04062,0.90625],"texture":"#0"},"up":{"uv":[2.79688,0.90625,2.83438,1.18125],"texture":"#0"},"down":{"uv":[2.79688,0.90625,2.83438,1.18125],"texture":"#0"}}},{"from":[7.75,11,1],"to":[8.25,16.5,15],"rotation":{"angle":0,"axis":"y","origin":[-0.3,-0.5,-0.5]},"faces":{"north":{"uv":[4.09375,0,4.15625,0.6875],"texture":"#0"},"east":{"uv":[2.34375,0,4.09375,0.6875],"texture":"#0"},"south":{"uv":[4.09375,0,4.15625,0.6875],"texture":"#0"},"west":{"uv":[2.34375,0,4.09375,0.6875],"texture":"#0"},"up":{"uv":[4.15625,0,4.21875,1.75],"texture":"#0"},"down":{"uv":[4.15625,0,4.21875,1.75],"texture":"#0"}}},{"from":[7.85,12,10.8],"to":[8.15,13.5,13],"rotation":{"angle":22.5,"axis":"x","origin":[7.7,12.75,8]},"faces":{"north":{"uv":[2.83438,0.90625,2.79688,1.09375],"texture":"#0"},"east":{"uv":[3.04062,0.71875,2.76563,0.90625],"texture":"#0"},"south":{"uv":[2.83438,0.90625,2.79688,1.09375],"texture":"#0"},"west":{"uv":[3.04062,0.71875,2.76563,0.90625],"texture":"#0"},"up":{"uv":[2.79688,1.18125,2.83438,0.90625],"texture":"#0"},"down":{"uv":[2.79688,1.18125,2.83438,0.90625],"texture":"#0"}}},{"from":[7.8,13.9,12.5],"to":[8.2,16.4,15.5],"rotation":{"angle":45,"axis":"x","origin":[7.7,12.75,8]},"faces":{"north":{"uv":[2.1875,0.55469,2.2375,0.86719],"texture":"#0"},"east":{"uv":[2.30937,0.86719,2.68438,1.17969],"texture":"#0"},"south":{"uv":[2.1875,0.55469,2.2375,0.86719],"texture":"#0"},"west":{"uv":[2.68438,0.86719,2.30937,1.17969],"texture":"#0"},"up":{"uv":[2.6875,1.24219,2.7375,0.86719],"texture":"#0"},"down":{"uv":[2.6875,0.86719,2.7375,1.24219],"texture":"#0"}}},{"from":[7,-14.4,7],"to":[9,-12.4,9],"rotation":{"angle":-45,"axis":"y","origin":[8,-13.4,8]},"faces":{"north":{"uv":[1.3125,0.8125,1.5625,1.0625],"texture":"#0"},"east":{"uv":[1.3125,0.8125,1.5625,1.0625],"texture":"#0"},"south":{"uv":[1.3125,0.8125,1.5625,1.0625],"texture":"#0"},"west":{"uv":[1.3125,0.8125,1.5625,1.0625],"texture":"#0"},"up":{"uv":[1.3125,1.0625,1.5625,1.3125],"texture":"#0"},"down":{"uv":[1.3125,1.0625,1.5625,1.3125],"texture":"#0"}}},{"from":[7.25,-13.5,8],"to":[8.75,-11,10],"rotation":{"angle":-22.5,"axis":"x","origin":[8,-10,9.5]},"faces":{"north":{"uv":[2.125,0.5625,2.3125,0.25],"texture":"#0"},"east":{"uv":[1.875,0.5625,2.125,0.25],"texture":"#0"},"south":{"uv":[2.125,0.5625,2.3125,0.25],"texture":"#0"},"west":{"uv":[1.875,0.5625,2.125,0.25],"texture":"#0"},"up":{"uv":[2.0625,0.25,2.25,0],"texture":"#0"},"down":{"uv":[2.0625,0.25,2.25,0],"texture":"#0"}}},{"from":[7.25,-13.5,6],"to":[8.75,-11,8],"rotation":{"angle":22.5,"axis":"x","origin":[8,-10,6.5]},"faces":{"north":{"uv":[2.3125,0.5625,2.125,0.25],"texture":"#0"},"east":{"uv":[2.125,0.5625,1.875,0.25],"texture":"#0"},"south":{"uv":[2.3125,0.5625,2.125,0.25],"texture":"#0"},"west":{"uv":[2.125,0.5625,1.875,0.25],"texture":"#0"},"up":{"uv":[2.0625,0,2.25,0.25],"texture":"#0"},"down":{"uv":[2.0625,0,2.25,0.25],"texture":"#0"}}},{"from":[5,15.6,8.5],"to":[11,17.6,10.5],"rotation":{"angle":-45,"axis":"x","origin":[8,15.1,8]},"faces":{"north":{"uv":[2.3125,1.125,1.5625,1.375],"texture":"#0"},"east":{"uv":[1.3125,1.3125,1.5625,1.5625],"texture":"#0"},"south":{"uv":[2.3125,1.125,1.5625,1.375],"texture":"#0"},"west":{"uv":[1.5625,1.3125,1.3125,1.5625],"texture":"#0"},"up":{"uv":[2.3125,1.125,1.5625,1.375],"texture":"#0"},"down":{"uv":[2.3125,1.125,1.5625,1.375],"texture":"#0"}}},{"from":[5.75,15,9],"to":[10.25,18,12],"rotation":{"angle":-45,"axis":"x","origin":[8,14,8]},"faces":{"north":{"uv":[1.1875,2.375,0.8125,2.9375],"rotation":90,"texture":"#0"},"east":{"uv":[0.8125,2,1.1875,2.375],"rotation":90,"texture":"#0"},"south":{"uv":[1.1875,2.375,0.8125,2.9375],"rotation":90,"texture":"#0"},"west":{"uv":[0.8125,2.375,1.1875,2],"rotation":90,"texture":"#0"},"up":{"uv":[0.8125,2.375,1.1875,2.9375],"rotation":90,"texture":"#0"},"down":{"uv":[0.8125,2.375,1.1875,2.9375],"rotation":90,"texture":"#0"}}},{"from":[2,9,-6],"to":[8,21,-6],"rotation":{"angle":22.5,"axis":"y","origin":[8,15.5,-6]},"faces":{"north":{"uv":[14.5,0,13.75,1.875],"texture":"#0"},"east":{"uv":[0,0,0,120],"texture":"#missing"},"south":{"uv":[13.75,0,14.5,1.875],"texture":"#0"},"west":{"uv":[0,0,0,120],"texture":"#missing"},"up":{"uv":[0,0,0,48],"rotation":90,"texture":"#missing"},"down":{"uv":[0,0,0,48],"rotation":270,"texture":"#missing"}}},{"from":[8,9,-6],"to":[14,21,-6],"rotation":{"angle":-22.5,"axis":"y","origin":[8,15.5,-6]},"faces":{"north":{"uv":[15.25,0,14.5,1.875],"texture":"#0"},"east":{"uv":[0,0,0,120],"texture":"#missing"},"south":{"uv":[14.5,0,15.25,1.875],"texture":"#0"},"west":{"uv":[0,0,0,120],"texture":"#missing"},"up":{"uv":[0,0,0,48],"rotation":90,"texture":"#missing"},"down":{"uv":[0,0,0,48],"rotation":270,"texture":"#missing"}}},{"from":[8.9,14,-6.1],"to":[12.1,16.7,-6.1],"rotation":{"angle":-22.5,"axis":"y","origin":[8,15.5,-6]},"faces":{"north":{"uv":[6,0,0,6],"texture":"#4"},"east":{"uv":[0,0,0,6],"texture":"#4"},"south":{"uv":[0,0,6,6],"texture":"#4"},"west":{"uv":[0,0,0,6],"texture":"#4"},"up":{"uv":[0,6,0,0],"rotation":90,"texture":"#4"},"down":{"uv":[0,0,0,6],"rotation":270,"texture":"#4"}}},{"from":[3.9,14,-6.1],"to":[7.1,16.7,-6.1],"rotation":{"angle":22.5,"axis":"y","origin":[8,15.5,-6]},"faces":{"north":{"uv":[0,0,6,6],"texture":"#4"},"east":{"uv":[0,0,0,6],"texture":"#4"},"south":{"uv":[0,0,6,6],"texture":"#4"},"west":{"uv":[0,0,0,6],"texture":"#4"},"up":{"uv":[0,0,0,6],"rotation":90,"texture":"#4"},"down":{"uv":[0,6,0,0],"rotation":270,"texture":"#4"}}},{"from":[8.9,14,22.1],"to":[12.1,16.7,22.1],"rotation":{"angle":22.5,"axis":"y","origin":[8,15.5,22]},"faces":{"north":{"uv":[6,0,0,6],"texture":"#4"},"east":{"uv":[0,0,0,6],"texture":"#4"},"south":{"uv":[0,0,6,6],"texture":"#4"},"west":{"uv":[0,0,0,6],"texture":"#4"},"up":{"uv":[0,6,0,0],"rotation":90,"texture":"#4"},"down":{"uv":[0,0,0,6],"rotation":270,"texture":"#4"}}},{"from":[2,9,22],"to":[8,21,22],"rotation":{"angle":-22.5,"axis":"y","origin":[8,15.5,22]},"faces":{"north":{"uv":[14.5,0,13.75,1.875],"texture":"#0"},"east":{"uv":[0,0,0,120],"texture":"#missing"},"south":{"uv":[13.75,0,14.5,1.875],"texture":"#0"},"west":{"uv":[0,0,0,120],"texture":"#missing"},"up":{"uv":[0,0,0,48],"rotation":90,"texture":"#missing"},"down":{"uv":[0,0,0,48],"rotation":270,"texture":"#missing"}}},{"from":[8,9,22],"to":[14,21,22],"rotation":{"angle":22.5,"axis":"y","origin":[8,15.5,22]},"faces":{"north":{"uv":[15.25,0,14.5,1.875],"texture":"#0"},"east":{"uv":[0,0,0,120],"texture":"#missing"},"south":{"uv":[14.5,0,15.25,1.875],"texture":"#0"},"west":{"uv":[0,0,0,120],"texture":"#missing"},"up":{"uv":[0,0,0,48],"rotation":90,"texture":"#missing"},"down":{"uv":[0,0,0,48],"rotation":270,"texture":"#missing"}}},{"from":[3.9,14,22.1],"to":[7.1,16.7,22.1],"rotation":{"angle":-22.5,"axis":"y","origin":[8,15.5,22]},"faces":{"north":{"uv":[6,0,0,6],"texture":"#4"},"east":{"uv":[0,0,0,6],"texture":"#4"},"south":{"uv":[6,0,0,6],"texture":"#4"},"west":{"uv":[0,0,0,6],"texture":"#4"},"up":{"uv":[0,0,0,6],"rotation":90,"texture":"#4"},"down":{"uv":[0,6,0,0],"rotation":270,"texture":"#4"}}},{"from":[8,17,4],"to":[8,21,8],"faces":{"north":{"uv":[0,0,0,0.5],"texture":"#missing"},"east":{"uv":[2.125,1.4375,1.625,1.9375],"texture":"#0"},"south":{"uv":[0,0,0,0.5],"texture":"#0"},"west":{"uv":[1.625,1.4375,2.125,1.9375],"texture":"#0"},"up":{"uv":[0,0,0,0.5],"texture":"#missing"},"down":{"uv":[0,0,0,0.5],"texture":"#missing"}}},{"from":[8,17,8],"to":[8,21,12],"rotation":{"angle":0,"axis":"y","origin":[0,0,16]},"faces":{"north":{"uv":[0,0,0,0.5],"texture":"#0"},"east":{"uv":[1.625,1.4375,2.125,1.9375],"texture":"#0"},"south":{"uv":[0,0,0,0.5],"texture":"#missing"},"west":{"uv":[2.125,1.4375,1.625,1.9375],"texture":"#0"},"up":{"uv":[0,0.5,0,0],"texture":"#missing"},"down":{"uv":[0,0.5,0,0],"texture":"#missing"}}},{"from":[6.5,12,4],"to":[6.5,16,8],"rotation":{"angle":0,"axis":"y","origin":[0,16,0]},"faces":{"north":{"uv":[0,0.5,0,0],"texture":"#missing"},"east":{"uv":[2.125,1.9375,1.625,1.4375],"texture":"#0"},"south":{"uv":[0,0.5,0,0],"texture":"#0"},"west":{"uv":[1.625,1.9375,2.125,1.4375],"texture":"#0"},"up":{"uv":[0,0.5,0,0],"texture":"#missing"},"down":{"uv":[0,0.5,0,0],"texture":"#missing"}}},{"from":[6.5,12,8],"to":[6.5,16,12],"rotation":{"angle":0,"axis":"y","origin":[0,16,16]},"faces":{"north":{"uv":[0,0.5,0,0],"texture":"#0"},"east":{"uv":[1.625,1.9375,2.125,1.4375],"texture":"#0"},"south":{"uv":[0,0.5,0,0],"texture":"#missing"},"west":{"uv":[2.125,1.9375,1.625,1.4375],"texture":"#0"},"up":{"uv":[0,0,0,0.5],"texture":"#missing"},"down":{"uv":[0,0,0,0.5],"texture":"#missing"}}},{"from":[9.5,12,8],"to":[9.5,16,12],"rotation":{"angle":0,"axis":"y","origin":[16,16,16]},"faces":{"north":{"uv":[0,0.5,0,0],"texture":"#0"},"east":{"uv":[1.625,1.9375,2.125,1.4375],"texture":"#0"},"south":{"uv":[0,0.5,0,0],"texture":"#missing"},"west":{"uv":[2.125,1.9375,1.625,1.4375],"texture":"#0"},"up":{"uv":[0,0,0,0.5],"texture":"#missing"},"down":{"uv":[0,0,0,0.5],"texture":"#missing"}}},{"from":[9.5,12,4],"to":[9.5,16,8],"rotation":{"angle":0,"axis":"y","origin":[16,16,0]},"faces":{"north":{"uv":[0,0.5,0,0],"texture":"#missing"},"east":{"uv":[2.125,1.9375,1.625,1.4375],"texture":"#0"},"south":{"uv":[0,0.5,0,0],"texture":"#0"},"west":{"uv":[1.625,1.9375,2.125,1.4375],"texture":"#0"},"up":{"uv":[0,0.5,0,0],"texture":"#missing"},"down":{"uv":[0,0.5,0,0],"texture":"#missing"}}},{"from":[8,2.6,-4.2],"to":[8,6.6,-0.2],"rotation":{"angle":0,"axis":"y","origin":[0,16,0]},"faces":{"north":{"uv":[0,0.5,0,0],"texture":"#missing"},"east":{"uv":[2.125,1.9375,1.625,1.4375],"texture":"#0"},"south":{"uv":[0,0.5,0,0],"texture":"#0"},"west":{"uv":[1.625,1.9375,2.125,1.4375],"texture":"#0"},"up":{"uv":[0,0.5,0,0],"texture":"#missing"},"down":{"uv":[0,0.5,0,0],"texture":"#missing"}}},{"from":[8,2.6,-0.2],"to":[8,6.6,3.8],"rotation":{"angle":0,"axis":"y","origin":[0,16,16]},"faces":{"north":{"uv":[0,0.5,0,0],"texture":"#0"},"east":{"uv":[1.625,1.9375,2.125,1.4375],"texture":"#0"},"south":{"uv":[0,0.5,0,0],"texture":"#missing"},"west":{"uv":[2.125,1.9375,1.625,1.4375],"texture":"#0"},"up":{"uv":[0,0,0,0.5],"texture":"#missing"},"down":{"uv":[0,0,0,0.5],"texture":"#missing"}}},{"from":[2,9,12.7],"to":[12,19,19.7],"rotation":{"angle":45,"axis":"z","origin":[8,15,17.2]},"faces":{"north":{"uv":[7.9375,1.25,6.6875,0],"rotation":180,"texture":"#0"},"east":{"uv":[7.9375,2.125,6.6875,1.25],"rotation":90,"texture":"#0"},"south":{"uv":[9.1875,1.25,7.9375,0],"rotation":180,"texture":"#0"},"west":{"uv":[7.9375,1.25,6.6875,2.125],"rotation":90,"texture":"#0"},"up":{"uv":[10.0625,1.25,9.1875,0],"rotation":90,"texture":"#0"},"down":{"uv":[9.1875,1.25,10.0625,0],"rotation":90,"texture":"#0"}}},{"from":[7.7,0.7,-2.65],"to":[7.7,6.7,-0.65],"rotation":{"angle":0,"axis":"y","origin":[8,-9.75,8]},"faces":{"north":{"uv":[1.0625,1.1875,1.0625,1.9375],"texture":"#0"},"east":{"uv":[1.5625,1.5625,1.3125,2.3125],"texture":"#0"},"south":{"uv":[1.0625,1.1875,1.0625,1.9375],"texture":"#0"},"west":{"uv":[1.3125,1.5625,1.5625,2.3125],"texture":"#0"},"up":{"uv":[1.0625,1.1875,1.0625,1.4375],"texture":"#0"},"down":{"uv":[1.0625,1.1875,1.0625,1.4375],"texture":"#0"}}},{"from":[7.2,2.8,-1.9],"to":[8.2,3.3,-0.9],"rotation":{"angle":0,"axis":"y","origin":[0,-2,0]},"faces":{"north":{"uv":[2.1875,0.6875,2.0625,0.75],"texture":"#0"},"east":{"uv":[2.0625,0.6875,2.1875,0.75],"texture":"#0"},"south":{"uv":[2.1875,0.6875,2.0625,0.75],"texture":"#0"},"west":{"uv":[2.0625,0.6875,2.1875,0.75],"texture":"#0"},"up":{"uv":[2.0625,0.75,2.1875,0.875],"texture":"#0"},"down":{"uv":[2.0625,0.75,2.1875,0.875],"texture":"#0"}}},{"from":[7.2,4.2,-1.9],"to":[8.2,5.2,-0.9],"rotation":{"angle":0,"axis":"y","origin":[0,-2,0]},"faces":{"north":{"uv":[2.1875,1,2.0625,1.125],"texture":"#0"},"east":{"uv":[2.0625,1,2.1875,1.125],"texture":"#0"},"south":{"uv":[2.1875,1,2.0625,1.125],"texture":"#0"},"west":{"uv":[2.0625,1,2.1875,1.125],"texture":"#0"},"up":{"uv":[2.0625,0.875,2.1875,1],"texture":"#0"},"down":{"uv":[2.0625,0.875,2.1875,1],"texture":"#0"}}},{"from":[4,11,11.7],"to":[10,17,12.7],"rotation":{"angle":45,"axis":"z","origin":[8,15,17.2]},"faces":{"north":{"uv":[8.6875,2,7.9375,1.25],"rotation":180,"texture":"#0"},"east":{"uv":[8.6875,2.125,7.9375,2],"rotation":90,"texture":"#0"},"south":{"uv":[8.6875,2,7.9375,1.25],"rotation":180,"texture":"#0"},"west":{"uv":[8.6875,2.125,7.9375,2],"rotation":90,"texture":"#0"},"up":{"uv":[8.6875,2,8.8125,1.25],"rotation":90,"texture":"#0"},"down":{"uv":[8.6875,2,8.8125,1.25],"rotation":90,"texture":"#0"}}},{"from":[4,11,3.3],"to":[10,17,4.3],"rotation":{"angle":45,"axis":"z","origin":[8,15,-1.2]},"faces":{"north":{"uv":[7.9375,2,8.6875,1.25],"rotation":180,"texture":"#0"},"east":{"uv":[8.6875,2,7.9375,2.125],"rotation":90,"texture":"#0"},"south":{"uv":[7.9375,2,8.6875,1.25],"rotation":180,"texture":"#0"},"west":{"uv":[8.6875,2,7.9375,2.125],"rotation":90,"texture":"#0"},"up":{"uv":[8.8125,2,8.6875,1.25],"rotation":90,"texture":"#0"},"down":{"uv":[8.8125,2,8.6875,1.25],"rotation":90,"texture":"#0"}}},{"from":[2,9,-3.7],"to":[12,19,3.3],"rotation":{"angle":45,"axis":"z","origin":[8,15,-1.2]},"faces":{"north":{"uv":[7.9375,1.25,9.1875,0],"rotation":180,"texture":"#0"},"east":{"uv":[7.9375,1.25,6.6875,2.125],"rotation":90,"texture":"#0"},"south":{"uv":[6.6875,1.25,7.9375,0],"rotation":180,"texture":"#0"},"west":{"uv":[7.9375,2.125,6.6875,1.25],"rotation":90,"texture":"#0"},"up":{"uv":[9.1875,1.25,10.0625,0],"rotation":90,"texture":"#0"},"down":{"uv":[10.0625,1.25,9.1875,0],"rotation":90,"texture":"#0"}}},{"from":[6.75,12,0],"to":[9.25,16.5,16],"rotation":{"angle":0,"axis":"y","origin":[8,8.86583,18.094]},"faces":{"north":{"uv":[6.25,0,6.5625,0.5625],"texture":"#0"},"east":{"uv":[4.25,0,6.25,0.5625],"texture":"#0"},"south":{"uv":[6.25,0,6.5625,0.5625],"texture":"#0"},"west":{"uv":[4.25,0,6.25,0.5625],"texture":"#0"},"up":{"uv":[2.375,1.1875,2.6875,3.1875],"texture":"#0"},"down":{"uv":[2.375,1.1875,2.6875,3.1875],"texture":"#0"}}},{"from":[8,18.6,1.2],"to":[8,22.6,5.2],"faces":{"north":{"uv":[0,0,0,0.5],"texture":"#missing"},"east":{"uv":[2.125,1.4375,1.625,1.9375],"texture":"#0"},"south":{"uv":[0,0,0,0.5],"texture":"#0"},"west":{"uv":[1.625,1.4375,2.125,1.9375],"texture":"#0"},"up":{"uv":[0,0,0,0.5],"texture":"#missing"},"down":{"uv":[0,0,0,0.5],"texture":"#missing"}}},{"from":[8,18.6,10.8],"to":[8,22.6,14.8],"rotation":{"angle":0,"axis":"y","origin":[0,0,16]},"faces":{"north":{"uv":[0,0,0,0.5],"texture":"#0"},"east":{"uv":[1.625,1.4375,2.125,1.9375],"texture":"#0"},"south":{"uv":[0,0,0,0.5],"texture":"#missing"},"west":{"uv":[2.125,1.4375,1.625,1.9375],"texture":"#0"},"up":{"uv":[0,0.5,0,0],"texture":"#missing"},"down":{"uv":[0,0.5,0,0],"texture":"#missing"}}},{"from":[2,4,9],"to":[2,12,17],"rotation":{"angle":0,"axis":"y","origin":[0,1,0]},"faces":{"north":{"uv":[0,0,0,16],"texture":"#3"},"east":{"uv":[0,0,16,16],"texture":"#3"},"south":{"uv":[0,0,0,16],"texture":"#3"},"west":{"uv":[0,0,16,16],"texture":"#3"},"up":{"uv":[0,16,0,0],"texture":"#3"},"down":{"uv":[0,0,0,16],"texture":"#3"}}},{"from":[1,6,-5],"to":[1,16,5],"rotation":{"angle":0,"axis":"y","origin":[0,1,0]},"faces":{"north":{"uv":[0,0,0,12],"texture":"#2"},"east":{"uv":[0.5,1,10.5,11],"texture":"#2"},"south":{"uv":[0,0,0,12],"texture":"#2"},"west":{"uv":[0.5,1,10.5,11],"texture":"#2"},"up":{"uv":[0,12,0,0],"texture":"#2"},"down":{"uv":[0,0,0,12],"texture":"#2"}}},{"from":[14,15,10],"to":[14,25,20],"rotation":{"angle":0,"axis":"y","origin":[16,1,0]},"faces":{"north":{"uv":[0.5,1,0.5,11],"texture":"#2"},"east":{"uv":[10.5,1,0.5,11],"texture":"#2"},"south":{"uv":[0.5,1,0.5,11],"texture":"#2"},"west":{"uv":[10.5,1,0.5,11],"texture":"#2"},"up":{"uv":[0.5,11,0.5,1],"texture":"#2"},"down":{"uv":[0.5,1,0.5,11],"texture":"#2"}}}],"gui_light":"front","display":{"thirdperson_righthand":{"translation":[0,6.5,1.75],"scale":[0.7,0.7,0.7]},"thirdperson_lefthand":{"translation":[0,6.5,1.75],"scale":[0.7,0.7,0.7]},"firstperson_righthand":{"rotation":[-7.15,13.02,9.37],"translation":[3.75,5.5,-1.75],"scale":[0.6,0.6,0.6]},"firstperson_lefthand":{"rotation":[-7.15,13.02,9.37],"translation":[3.75,5.5,-1.75],"scale":[0.6,0.6,0.6]},"ground":{"rotation":[0,0,88],"translation":[-2,2.5,0.25],"scale":[0.45,0.45,0.45]},"gui":{"rotation":[-60,-135,-74],"translation":[0.25,0,-1.5],"scale":[0.44141,0.44141,0.44141]},"head":{"rotation":[90,-156,90],"translation":[1,10.5,1.75],"scale":[0.6,0.6,0.6]},"fixed":{"rotation":[-90,-90,-90],"translation":[0,5.5,-2.75],"scale":[1.2,1.2,1.2]}}}