{"credit":"Made with Blockbench","texture_size":[128,128],"textures":{"0":"elitecreatures:newyear_2024_animated/newyear_texture_01","particle":"elitecreatures:newyear_2024_animated/newyear_texture_01"},"elements":[{"from":[6.75,-0.7712,6.40101],"to":[9.25,2.2288,11.40101],"rotation":{"angle":22.5,"axis":"x","origin":[7.5,1.45223,7.32897]},"faces":{"north":{"uv":[5.9375,7,5.625,6.625],"rotation":180,"texture":"#0"},"east":{"uv":[5.3125,6.625,5.9375,6.25],"rotation":180,"texture":"#0"},"south":{"uv":[5.9375,7,5.625,6.625],"rotation":180,"texture":"#0"},"west":{"uv":[5.9375,6.625,5.3125,6.25],"rotation":180,"texture":"#0"},"up":{"uv":[5.3125,6.625,5.625,7.25],"rotation":180,"texture":"#0"},"down":{"uv":[5.6875,7,6,7.625],"rotation":180,"texture":"#0"}}},{"from":[6.25,-1.6,2],"to":[9.75,2.9,8],"rotation":{"angle":45,"axis":"x","origin":[7.5,2.05223,7.92897]},"faces":{"north":{"uv":[5.25,7.8125,4.8125,7.25],"texture":"#0"},"east":{"uv":[4.25,7.125,5,6.5625],"texture":"#0"},"south":{"uv":[5.25,7.8125,4.8125,7.25],"texture":"#0"},"west":{"uv":[5,7.125,4.25,6.5625],"texture":"#0"},"up":{"uv":[4.375,7.125,4.8125,7.875],"texture":"#0"},"down":{"uv":[5.25,7.25,5.6875,8],"texture":"#0"}}},{"from":[5.75,-2,0],"to":[10.25,3.5,2.5],"rotation":{"angle":45,"axis":"x","origin":[7.5,2.05223,7.92897]},"faces":{"north":{"uv":[9.0625,5.5625,8.5,4.875],"texture":"#0"},"east":{"uv":[8.1875,6,8.5,5.3125],"texture":"#0"},"south":{"uv":[9.0625,5.5625,8.5,4.875],"texture":"#0"},"west":{"uv":[8.5,6,8.1875,5.3125],"texture":"#0"},"up":{"uv":[8.1875,6,8.75,6.3125],"texture":"#0"},"down":{"uv":[8.1875,6,8.75,6.3125],"texture":"#0"}}},{"from":[7.25,-1.53445,10.3987],"to":[8.75,0.26555,13.3987],"rotation":{"angle":0,"axis":"y","origin":[7.5,1.45223,7.32897]},"faces":{"north":{"uv":[6.3125,6.725,6.125,6.5],"rotation":180,"texture":"#0"},"east":{"uv":[6.6875,6.35,6.3125,6.125],"rotation":180,"texture":"#0"},"south":{"uv":[6.3125,6.725,6.125,6.5],"rotation":180,"texture":"#0"},"west":{"uv":[6.3125,6.35,6.6875,6.125],"rotation":180,"texture":"#0"},"up":{"uv":[5.9375,6.5,6.125,6.875],"rotation":180,"texture":"#0"},"down":{"uv":[6,6.875,6.1875,7.25],"rotation":180,"texture":"#0"}}},{"from":[7.5,5,5],"to":[8.5,6.5,6.5],"faces":{"north":{"uv":[7.6875,5.3125,7.8125,5.5],"texture":"#0"},"east":{"uv":[7.5625,5.3125,7.375,5.5],"texture":"#0"},"south":{"uv":[7.6875,5.3125,7.8125,5.5],"texture":"#0"},"west":{"uv":[7.375,5.3125,7.5625,5.5],"texture":"#0"},"up":{"uv":[7.5625,5.3125,7.6875,5.5],"texture":"#0"},"down":{"uv":[7.5625,5.3125,7.6875,5.5],"texture":"#0"}}},{"from":[7.5,2.9,7.1],"to":[8.5,4.4,8.6],"faces":{"north":{"uv":[7.6875,5.3125,7.8125,5.5],"texture":"#0"},"east":{"uv":[7.5625,5.3125,7.375,5.5],"texture":"#0"},"south":{"uv":[7.6875,5.3125,7.8125,5.5],"texture":"#0"},"west":{"uv":[7.375,5.3125,7.5625,5.5],"texture":"#0"},"up":{"uv":[7.5625,5.3125,7.6875,5.5],"texture":"#0"},"down":{"uv":[7.5625,5.3125,7.6875,5.5],"texture":"#0"}}},{"from":[7.5,0.6,9.4],"to":[8.5,2.1,10.9],"rotation":{"angle":-22.5,"axis":"x","origin":[8,1.35,10.15]},"faces":{"north":{"uv":[7.6875,5.3125,7.8125,5.5],"texture":"#0"},"east":{"uv":[7.5625,5.3125,7.375,5.5],"texture":"#0"},"south":{"uv":[7.6875,5.3125,7.8125,5.5],"texture":"#0"},"west":{"uv":[7.375,5.3125,7.5625,5.5],"texture":"#0"},"up":{"uv":[7.5625,5.3125,7.6875,5.5],"texture":"#0"},"down":{"uv":[7.5625,5.3125,7.6875,5.5],"texture":"#0"}}},{"from":[3,7.5,4],"to":[8,12,4],"rotation":{"angle":0,"axis":"y","origin":[-16,0,0]},"faces":{"north":{"uv":[2.25,1.9375,1.625,2.5],"texture":"#0"},"east":{"uv":[0,0,0,0.875],"texture":"#0"},"south":{"uv":[1.625,1.9375,2.25,2.5],"texture":"#0"},"west":{"uv":[0,0,0,0.875],"texture":"#missing"},"up":{"uv":[0,0.625,0,0],"rotation":90,"texture":"#missing"},"down":{"uv":[0,0.625,0,0],"rotation":270,"texture":"#missing"}}},{"from":[8,7.5,4],"to":[13,12,4],"faces":{"north":{"uv":[1.625,1.9375,2.25,2.5],"texture":"#0"},"east":{"uv":[0,0,0,0.875],"texture":"#missing"},"south":{"uv":[2.25,1.9375,1.625,2.5],"texture":"#0"},"west":{"uv":[0,0,0,0.875],"texture":"#0"},"up":{"uv":[0,0,0,0.625],"rotation":90,"texture":"#missing"},"down":{"uv":[0,0,0,0.625],"rotation":270,"texture":"#missing"}}}],"gui_light":"front","display":{"thirdperson_righthand":{"rotation":[68,66,0],"translation":[4.25,2,4.5],"scale":[0.76172,0.76172,0.76172]},"thirdperson_lefthand":{"rotation":[68,0,0],"translation":[-6,-11,5.75]},"firstperson_righthand":{"rotation":[-10,0,0],"translation":[1.25,7.5,0],"scale":[0.87539,0.87539,0.87539]},"firstperson_lefthand":{"rotation":[-10,0,0],"translation":[1.25,5.5,0],"scale":[0,0,0]},"ground":{"rotation":[-56,0,0],"translation":[0,5,-2.5],"scale":[0.76211,0.76211,0.76211]},"gui":{"rotation":[15,49,0],"translation":[1.75,2.5,-1.5],"scale":[1.02148,1.02148,1.02148]},"head":{"translation":[0,-57.5,11],"scale":[1.64492,1.64492,1.64492]},"fixed":{"rotation":[0,90,0],"translation":[2.5,6.25,-2.75],"scale":[1.45117,1.45117,1.45117]}}}