{"format_version":"1.16.0","minecraft:geometry":[{"description":{"identifier":"geometry.geyser_custom.geo_a176ed9","texture_width":16,"texture_height":16,"visible_bounds_width":4,"visible_bounds_height":4.5,"visible_bounds_offset":[0,0.75,0]},"bones":[{"name":"geyser_custom","binding":"c.item_slot == 'head' ? 'head' : q.item_slot_to_bone_name(c.item_slot)","pivot":[0,8,0]},{"name":"geyser_custom_x","parent":"geyser_custom","pivot":[0,8,0]},{"name":"geyser_custom_y","parent":"geyser_custom_x","pivot":[0,8,0]},{"name":"geyser_custom_z","parent":"geyser_custom_y","pivot":[0,8,0],"cubes":[]},{"parent":"geyser_custom_z","pivot":[0,0,0],"rotation":[45,0,0],"cubes":[{"origin":[0,3.4794,4.2136],"size":[0,2.4786,2.4786],"pivot":[0,0,0],"uv":{"north":{"uv":[6.85,11.4989],"uv_size":[0,-0.0703]},"south":{"uv":[6.85,11.4989],"uv_size":[0,-0.0703]},"east":{"uv":[6.8628,12.5554],"uv_size":[0.7872,-1.1269]},"west":{"uv":[7.6372,12.5554],"uv_size":[-0.7872,-1.1269]},"up":{"uv":[6.85,11.4989],"uv_size":[0,-0.0703]},"down":{"uv":[6.85,11.4297],"uv_size":[0,0.0703]}}},{"origin":[-0.3098,7.7962,8.4439],"size":[0.6197,1.1393,3.4207],"pivot":[0,0,0],"uv":{"north":{"uv":[1.6984,8.5771],"uv_size":[-0.0984,0.3514]},"south":{"uv":[6.0984,1.2086],"uv_size":[-0.0984,-0.3514]},"east":{"uv":[2.804,0.016],"uv_size":[0.246,1.6983]},"west":{"uv":[3.204,0.016],"uv_size":[0.246,1.6983]},"up":{"uv":[0.0984,10.1269],"uv_size":[-0.0984,-4.6983]},"down":{"uv":[0.2984,10.1269],"uv_size":[-0.0984,-4.6983]}}},{"origin":[-0.2324,3.3263,3.5817],"size":[0.4647,1.1618,1.1618],"pivot":[0,0,0],"uv":{"north":{"uv":[6.0016,2.8629],"uv_size":[0.0984,0.3514]},"south":{"uv":[2.0016,8.9229],"uv_size":[0.0984,-0.3514]},"east":{"uv":[2.404,8.0657],"uv_size":[0.246,-0.3514]},"west":{"uv":[5.404,3.78],"uv_size":[0.246,-0.3514]},"up":{"uv":[1.8984,8.5771],"uv_size":[-0.0984,0.3514]},"down":{"uv":[6.0984,2.2914],"uv_size":[-0.0984,0.3514]}}},{"origin":[-0.6971,3.2849,1.6534],"size":[1.3942,1.4717,1.4717],"pivot":[0,0,0],"uv":{"north":{"uv":[5.0952,5.7211],"uv_size":[-0.2952,0.4217]},"south":{"uv":[5.0952,4.5783],"uv_size":[-0.2952,0.4217]},"east":{"uv":[5.0952,5.1497],"uv_size":[-0.2952,0.4217]},"west":{"uv":[4.4952,6.864],"uv_size":[-0.2952,0.4217]},"up":{"uv":[4.8048,6.7074],"uv_size":[0.2952,-0.4217]},"down":{"uv":[4.6048,6.864],"uv_size":[0.2952,0.4217]}}},{"origin":[-0.4492,6.044,3.7055],"size":[0.8985,1.1618,1.1618],"pivot":[0,0,0],"uv":{"north":{"uv":[5.9968,0.3514],"uv_size":[-0.1968,-0.3514]},"south":{"uv":[0.5968,8.2914],"uv_size":[-0.1968,0.3514]},"east":{"uv":[3.204,7.72],"uv_size":[0.246,0.3514]},"west":{"uv":[5.404,4.8629],"uv_size":[0.246,0.3514]},"up":{"uv":[5.7968,8.3514],"uv_size":[-0.1968,-0.3514]},"down":{"uv":[5.5968,8.3514],"uv_size":[-0.1968,-0.3514]}}},{"origin":[-0.2,-4.0454,-7.9363],"size":[0.4,0.9295,3.4081],"pivot":[0,0,0],"uv":{"north":{"uv":[0,0.2811],"uv_size":[0,-0.2811]},"south":{"uv":[0,0.0046],"uv_size":[0,0.2811]},"east":{"uv":[1.7968,6.5874],"uv_size":[-0.1968,0.984]},"west":{"uv":[4.7968,2.3017],"uv_size":[-0.1968,0.984]},"up":{"uv":[0,0.016],"uv_size":[0,0.984]},"down":{"uv":[0,0.016],"uv_size":[0,0.984]}}},{"origin":[-0.6971,-1.6038,-3.2352],"size":[1.3942,1.3168,1.3168],"pivot":[0,0,0],"uv":{"north":{"uv":[5.2952,4.0057],"uv_size":[-0.2952,0.3514]},"south":{"uv":[2.8952,7.1486],"uv_size":[-0.2952,0.3514]},"east":{"uv":[4.246,7.4343],"uv_size":[-0.246,0.3514]},"west":{"uv":[5.446,6.0057],"uv_size":[-0.246,0.3514]},"up":{"uv":[5.0048,7.2086],"uv_size":[0.2952,-0.3514]},"down":{"uv":[5.2048,0.0057],"uv_size":[0.2952,0.3514]}}},{"origin":[-0.457,-7.4415,-7.8695],"size":[0.914,1.1464,0.5042],"pivot":[0,0,0],"uv":{"north":{"uv":[6.046,2.0046],"uv_size":[-0.246,0.2811]},"south":{"uv":[1.846,8.5669],"uv_size":[-0.246,-0.2811]},"east":{"uv":[6.246,4.0023],"uv_size":[-0.246,0.1406]},"west":{"uv":[6.246,4.288],"uv_size":[-0.246,0.1406]},"up":{"uv":[6.3968,0.8594],"uv_size":[-0.1968,0.1406]},"down":{"uv":[0.7968,8.8594],"uv_size":[-0.1968,0.1406]}}}],"name":"rot_1"},{"parent":"geyser_custom_z","pivot":[0,0,0],"rotation":[22.5,0,0],"cubes":[{"origin":[-0.05,2.0222,-1.499],"size":[0.1,3.4081,0.9295],"pivot":[0,0,0],"uv":{"north":{"uv":[0,0.016],"uv_size":[0,0.984]},"south":{"uv":[0,0.016],"uv_size":[0,0.984]},"east":{"uv":[4.5968,2.3017],"uv_size":[-0.1968,0.984]},"west":{"uv":[4.5968,3.4446],"uv_size":[-0.1968,0.984]},"up":{"uv":[0,0.2811],"uv_size":[0,-0.2811]},"down":{"uv":[0,0.0046],"uv_size":[0,0.2811]}}},{"origin":[-0.4492,8.7758,2.4791],"size":[0.8985,1.1618,1.1618],"pivot":[0,0,0],"uv":{"north":{"uv":[5.9968,0.3514],"uv_size":[-0.1968,-0.3514]},"south":{"uv":[0.5968,8.2914],"uv_size":[-0.1968,0.3514]},"east":{"uv":[3.204,7.72],"uv_size":[0.246,0.3514]},"west":{"uv":[5.404,4.8629],"uv_size":[0.246,0.3514]},"up":{"uv":[5.7968,8.3514],"uv_size":[-0.1968,-0.3514]},"down":{"uv":[5.5968,8.3514],"uv_size":[-0.1968,-0.3514]}}},{"origin":[-0.3439,-5.3424,-3.6087],"size":[0.6878,0.6816,1.1154],"pivot":[0,0,0],"uv":{"north":{"uv":[6.0024,5.6394],"uv_size":[0.1476,-0.2109]},"south":{"uv":[3.8024,8.5749],"uv_size":[0.1476,0.2109]},"east":{"uv":[5.9476,6.2811],"uv_size":[-0.1476,-0.2811]},"west":{"uv":[5.9476,6.8526],"uv_size":[-0.1476,-0.2811]},"up":{"uv":[5.9476,5.9954],"uv_size":[-0.1476,-0.2811]},"down":{"uv":[5.9476,6.5669],"uv_size":[-0.1476,-0.2811]}}},{"origin":[-0.4338,-5.4353,-3.9185],"size":[0.8675,0.8675,0.3408],"pivot":[0,0,0],"uv":{"north":{"uv":[6.0024,5.9251],"uv_size":[0.1476,-0.2109]},"south":{"uv":[4.0024,8.5749],"uv_size":[0.1476,0.2109]},"east":{"uv":[6.3476,5.7846],"uv_size":[-0.1476,-0.0703]},"west":{"uv":[6.3476,6.0703],"uv_size":[-0.1476,-0.0703]},"up":{"uv":[4.1476,8.9274],"uv_size":[-0.1476,-0.0703]},"down":{"uv":[4.3476,8.9274],"uv_size":[-0.1476,-0.0703]}}},{"origin":[-0.5887,-5.5903,-2.8341],"size":[1.1773,1.1773,0.3408],"pivot":[0,0,0],"uv":{"north":{"uv":[5.404,2.6371],"uv_size":[0.246,-0.3514]},"south":{"uv":[1.604,7.72],"uv_size":[0.246,0.3514]},"east":{"uv":[3.046,8.9274],"uv_size":[-0.246,-0.0703]},"west":{"uv":[6.446,4.6417],"uv_size":[-0.246,-0.0703]},"up":{"uv":[6.446,3.7846],"uv_size":[-0.246,-0.0703]},"down":{"uv":[3.446,8.9274],"uv_size":[-0.246,-0.0703]}}},{"origin":[0,-14.373,-5.2088],"size":[0,3.4081,1.1786],"pivot":[0,0,0],"uv":{"north":{"uv":[0,0.016],"uv_size":[0,0.984]},"south":{"uv":[0,0.016],"uv_size":[0,0.984]},"east":{"uv":[3.846,1.1589],"uv_size":[-0.246,0.984]},"west":{"uv":[3.604,0.016],"uv_size":[0.246,0.984]},"up":{"uv":[0,0.7029],"uv_size":[0,-0.7029]},"down":{"uv":[0,0.0114],"uv_size":[0,0.7029]}}},{"origin":[-0.125,-9.1493,-6.4872],"size":[0.25,3,3],"pivot":[0,0,0],"uv":{"north":{"uv":[3.2,11.5735],"uv_size":[0,-0.145]},"south":{"uv":[3.2,11.4309],"uv_size":[0,0.145]},"east":{"uv":[3.216,11.4446],"uv_size":[1.634,2.3411]},"west":{"uv":[4.834,11.4446],"uv_size":[-1.634,2.3411]},"up":{"uv":[3.2,11.4309],"uv_size":[0,0.145]},"down":{"uv":[3.2,11.4309],"uv_size":[0,0.145]}}},{"origin":[-0.488,-5.5371,-2.5404],"size":[0.9759,1.859,0.9295],"pivot":[0,0,0],"uv":{"north":{"uv":[5.2032,3.9206],"uv_size":[0.1968,-0.492]},"south":{"uv":[5.2032,0.8651],"uv_size":[0.1968,0.492]},"east":{"uv":[3.9444,4.8526],"uv_size":[-0.3444,-0.2811]},"west":{"uv":[5.5444,0.8526],"uv_size":[-0.3444,-0.2811]},"up":{"uv":[5.9968,2.8526],"uv_size":[-0.1968,-0.2811]},"down":{"uv":[2.1968,8.5669],"uv_size":[-0.1968,-0.2811]}}},{"origin":[-0.4492,-5.224,-2.0439],"size":[0.8985,1.1619,1.1618],"pivot":[0,0,0],"uv":{"north":{"uv":[5.9968,0.0057],"uv_size":[-0.1968,0.3514]},"south":{"uv":[0.5968,8.6371],"uv_size":[-0.1968,-0.3514]},"east":{"uv":[3.446,7.72],"uv_size":[-0.246,0.3514]},"west":{"uv":[5.646,4.8629],"uv_size":[-0.246,0.3514]},"up":{"uv":[5.5968,8.0057],"uv_size":[-0.1968,0.3514]},"down":{"uv":[5.7968,8.0057],"uv_size":[-0.1968,0.3514]}}},{"origin":[-0.3098,-11.2206,-5.0239],"size":[0.6197,4.4207,1.1393],"pivot":[0,0,0],"uv":{"north":{"uv":[0.0984,5.4446],"uv_size":[-0.0984,4.6983]},"south":{"uv":[0.2984,5.4446],"uv_size":[-0.0984,4.6983]},"east":{"uv":[3.046,2.8731],"uv_size":[-0.246,1.6983]},"west":{"uv":[3.446,2.8731],"uv_size":[-0.246,1.6983]},"up":{"uv":[1.6984,8.9229],"uv_size":[-0.0984,-0.3514]},"down":{"uv":[6.0984,0.8629],"uv_size":[-0.0984,0.3514]}}},{"origin":[-0.457,-13.626,-3.1938],"size":[0.914,0.5042,1.1464],"pivot":[0,0,0],"uv":{"north":{"uv":[6.3968,0.8594],"uv_size":[-0.1968,0.1406]},"south":{"uv":[0.7968,8.8594],"uv_size":[-0.1968,0.1406]},"east":{"uv":[6.246,4.0023],"uv_size":[-0.246,0.1406]},"west":{"uv":[6.246,4.288],"uv_size":[-0.246,0.1406]},"up":{"uv":[1.846,8.5669],"uv_size":[-0.246,-0.2811]},"down":{"uv":[6.046,2.0046],"uv_size":[-0.246,0.2811]}}}],"name":"rot_2"},{"parent":"geyser_custom_z","pivot":[0,0,0],"rotation":[-0,0,0],"cubes":[{"origin":[0,-13.204,2.8196],"size":[0,26.4081,0.2],"pivot":[0,0,0],"uv":{"north":{"uv":[0,0.984],"uv_size":[0,-0.984]},"south":{"uv":[0,0.984],"uv_size":[0,-0.984]},"east":{"uv":[1.6492,9.984],"uv_size":[-0.0492,-0.984]},"west":{"uv":[1.6008,9.984],"uv_size":[0.0492,-0.984]},"up":{"uv":[0,0.7029],"uv_size":[0,-0.7029]},"down":{"uv":[0,0.0114],"uv_size":[0,0.7029]}}},{"origin":[0,7.7683,-2.309],"size":[0,3.4081,1.1786],"pivot":[0,0,0],"uv":{"north":{"uv":[0,0.984],"uv_size":[0,-0.984]},"south":{"uv":[0,0.984],"uv_size":[0,-0.984]},"east":{"uv":[3.846,2.1269],"uv_size":[-0.246,-0.984]},"west":{"uv":[3.604,0.984],"uv_size":[0.246,-0.984]},"up":{"uv":[0,0.7029],"uv_size":[0,-0.7029]},"down":{"uv":[0,0.0114],"uv_size":[0,0.7029]}}},{"origin":[0,4.1755,-4.409],"size":[0,2.9786,2.9786],"pivot":[0,0,0],"uv":{"north":{"uv":[6.05,11.4989],"uv_size":[0,-0.0703]},"south":{"uv":[6.05,11.4989],"uv_size":[0,-0.0703]},"east":{"uv":[6.8372,12.5554],"uv_size":[-0.7872,-1.1269]},"west":{"uv":[6.0628,12.5554],"uv_size":[0.7872,-1.1269]},"up":{"uv":[6.05,11.4297],"uv_size":[0,0.0703]},"down":{"uv":[6.05,11.4989],"uv_size":[0,-0.0703]}}},{"origin":[-0.2943,13.9528,2.0924],"size":[0.5887,0.752,0.752],"pivot":[0,0,0],"uv":{"north":{"uv":[6.2984,3.432],"uv_size":[-0.0984,0.2109]},"south":{"uv":[6.2984,3.3537],"uv_size":[-0.0984,-0.2109]},"east":{"uv":[3.6024,8.5749],"uv_size":[0.1476,0.2109]},"west":{"uv":[6.0024,5.1463],"uv_size":[0.1476,0.2109]},"up":{"uv":[6.2984,1.3537],"uv_size":[-0.0984,-0.2109]},"down":{"uv":[6.2984,3.068],"uv_size":[-0.0984,-0.2109]}}},{"origin":[-0.457,6.1698,-1.7818],"size":[0.914,1.1464,0.5042],"pivot":[0,0,0],"uv":{"north":{"uv":[1.604,8.5669],"uv_size":[0.246,-0.2811]},"south":{"uv":[5.804,2.0046],"uv_size":[0.246,0.2811]},"east":{"uv":[6.004,4.0023],"uv_size":[0.246,0.1406]},"west":{"uv":[6.004,4.288],"uv_size":[0.246,0.1406]},"up":{"uv":[6.3968,0.9977],"uv_size":[-0.1968,-0.1406]},"down":{"uv":[0.7968,8.9977],"uv_size":[-0.1968,-0.1406]}}},{"origin":[0,1.8749,-2.6429],"size":[0,2.9786,2.9786],"pivot":[0,0,0],"uv":{"north":{"uv":[6.05,11.4989],"uv_size":[0,-0.0703]},"south":{"uv":[6.05,11.4989],"uv_size":[0,-0.0703]},"east":{"uv":[6.8372,12.5554],"uv_size":[-0.7872,-1.1269]},"west":{"uv":[6.0628,12.5554],"uv_size":[0.7872,-1.1269]},"up":{"uv":[6.05,11.4297],"uv_size":[0,0.0703]},"down":{"uv":[6.05,11.4989],"uv_size":[0,-0.0703]}}},{"origin":[-0.4492,13.0486,1.324],"size":[0.8985,1.1618,1.1618],"pivot":[0,0,0],"uv":{"north":{"uv":[5.9968,0.3514],"uv_size":[-0.1968,-0.3514]},"south":{"uv":[0.5968,8.2914],"uv_size":[-0.1968,0.3514]},"east":{"uv":[3.204,7.72],"uv_size":[0.246,0.3514]},"west":{"uv":[5.404,4.8629],"uv_size":[0.246,0.3514]},"up":{"uv":[5.7968,8.3514],"uv_size":[-0.1968,-0.3514]},"down":{"uv":[5.5968,8.3514],"uv_size":[-0.1968,-0.3514]}}},{"origin":[0,-11.1764,-2.309],"size":[0,3.4081,1.1786],"pivot":[0,0,0],"uv":{"north":{"uv":[0,0.016],"uv_size":[0,0.984]},"south":{"uv":[0,0.016],"uv_size":[0,0.984]},"east":{"uv":[3.846,1.1589],"uv_size":[-0.246,0.984]},"west":{"uv":[3.604,0.016],"uv_size":[0.246,0.984]},"up":{"uv":[0,0.7029],"uv_size":[0,-0.7029]},"down":{"uv":[0,0.0114],"uv_size":[0,0.7029]}}},{"origin":[0,-7.1541,-4.409],"size":[0,2.9786,2.9786],"pivot":[0,0,0],"uv":{"north":{"uv":[6.05,11.4297],"uv_size":[0,0.0703]},"south":{"uv":[6.05,11.4297],"uv_size":[0,0.0703]},"east":{"uv":[6.8372,11.4446],"uv_size":[-0.7872,1.1269]},"west":{"uv":[6.0628,11.4446],"uv_size":[0.7872,1.1269]},"up":{"uv":[6.05,11.4297],"uv_size":[0,0.0703]},"down":{"uv":[6.05,11.4989],"uv_size":[0,-0.0703]}}},{"origin":[-0.2943,-14.7048,2.0924],"size":[0.5887,0.752,0.752],"pivot":[0,0,0],"uv":{"north":{"uv":[6.2984,3.6394],"uv_size":[-0.0984,-0.2109]},"south":{"uv":[6.2984,3.1463],"uv_size":[-0.0984,0.2109]},"east":{"uv":[3.7476,8.5749],"uv_size":[-0.1476,0.2109]},"west":{"uv":[6.1476,5.1463],"uv_size":[-0.1476,0.2109]},"up":{"uv":[6.2984,2.8606],"uv_size":[-0.0984,0.2109]},"down":{"uv":[6.2984,1.1463],"uv_size":[-0.0984,0.2109]}}},{"origin":[-0.457,-7.3161,-1.7818],"size":[0.914,1.1464,0.5042],"pivot":[0,0,0],"uv":{"north":{"uv":[1.846,8.5669],"uv_size":[-0.246,-0.2811]},"south":{"uv":[6.046,2.0046],"uv_size":[-0.246,0.2811]},"east":{"uv":[6.246,4.0023],"uv_size":[-0.246,0.1406]},"west":{"uv":[6.246,4.288],"uv_size":[-0.246,0.1406]},"up":{"uv":[0.7968,8.8594],"uv_size":[-0.1968,0.1406]},"down":{"uv":[6.3968,0.8594],"uv_size":[-0.1968,0.1406]}}},{"origin":[0,-4.8535,-2.6429],"size":[0,2.9786,2.9786],"pivot":[0,0,0],"uv":{"north":{"uv":[6.05,11.4297],"uv_size":[0,0.0703]},"south":{"uv":[6.05,11.4297],"uv_size":[0,0.0703]},"east":{"uv":[6.8372,11.4446],"uv_size":[-0.7872,1.1269]},"west":{"uv":[6.0628,11.4446],"uv_size":[0.7872,1.1269]},"up":{"uv":[6.05,11.4297],"uv_size":[0,0.0703]},"down":{"uv":[6.05,11.4989],"uv_size":[0,-0.0703]}}},{"origin":[-0.4492,-14.2104,1.324],"size":[0.8985,1.1618,1.1618],"pivot":[0,0,0],"uv":{"north":{"uv":[5.9968,0.0057],"uv_size":[-0.1968,0.3514]},"south":{"uv":[0.5968,8.6371],"uv_size":[-0.1968,-0.3514]},"east":{"uv":[3.446,7.72],"uv_size":[-0.246,0.3514]},"west":{"uv":[5.646,4.8629],"uv_size":[-0.246,0.3514]},"up":{"uv":[5.5968,8.0057],"uv_size":[-0.1968,0.3514]},"down":{"uv":[5.7968,8.0057],"uv_size":[-0.1968,0.3514]}}}],"name":"rot_3"},{"parent":"geyser_custom_z","pivot":[0,0,0],"rotation":[0,-0,0],"cubes":[{"origin":[0,-13.204,2.8196],"size":[0,26.4081,0.2],"pivot":[0,0,0],"uv":{"north":{"uv":[0,0.984],"uv_size":[0,-0.984]},"south":{"uv":[0,0.984],"uv_size":[0,-0.984]},"east":{"uv":[1.6492,9.984],"uv_size":[-0.0492,-0.984]},"west":{"uv":[1.6008,9.984],"uv_size":[0.0492,-0.984]},"up":{"uv":[0,0.7029],"uv_size":[0,-0.7029]},"down":{"uv":[0,0.0114],"uv_size":[0,0.7029]}}},{"origin":[0,7.7683,-2.309],"size":[0,3.4081,1.1786],"pivot":[0,0,0],"uv":{"north":{"uv":[0,0.984],"uv_size":[0,-0.984]},"south":{"uv":[0,0.984],"uv_size":[0,-0.984]},"east":{"uv":[3.846,2.1269],"uv_size":[-0.246,-0.984]},"west":{"uv":[3.604,0.984],"uv_size":[0.246,-0.984]},"up":{"uv":[0,0.7029],"uv_size":[0,-0.7029]},"down":{"uv":[0,0.0114],"uv_size":[0,0.7029]}}},{"origin":[0,4.1755,-4.409],"size":[0,2.9786,2.9786],"pivot":[0,0,0],"uv":{"north":{"uv":[6.05,11.4989],"uv_size":[0,-0.0703]},"south":{"uv":[6.05,11.4989],"uv_size":[0,-0.0703]},"east":{"uv":[6.8372,12.5554],"uv_size":[-0.7872,-1.1269]},"west":{"uv":[6.0628,12.5554],"uv_size":[0.7872,-1.1269]},"up":{"uv":[6.05,11.4297],"uv_size":[0,0.0703]},"down":{"uv":[6.05,11.4989],"uv_size":[0,-0.0703]}}},{"origin":[-0.2943,13.9528,2.0924],"size":[0.5887,0.752,0.752],"pivot":[0,0,0],"uv":{"north":{"uv":[6.2984,3.432],"uv_size":[-0.0984,0.2109]},"south":{"uv":[6.2984,3.3537],"uv_size":[-0.0984,-0.2109]},"east":{"uv":[3.6024,8.5749],"uv_size":[0.1476,0.2109]},"west":{"uv":[6.0024,5.1463],"uv_size":[0.1476,0.2109]},"up":{"uv":[6.2984,1.3537],"uv_size":[-0.0984,-0.2109]},"down":{"uv":[6.2984,3.068],"uv_size":[-0.0984,-0.2109]}}},{"origin":[-0.457,6.1698,-1.7818],"size":[0.914,1.1464,0.5042],"pivot":[0,0,0],"uv":{"north":{"uv":[1.604,8.5669],"uv_size":[0.246,-0.2811]},"south":{"uv":[5.804,2.0046],"uv_size":[0.246,0.2811]},"east":{"uv":[6.004,4.0023],"uv_size":[0.246,0.1406]},"west":{"uv":[6.004,4.288],"uv_size":[0.246,0.1406]},"up":{"uv":[6.3968,0.9977],"uv_size":[-0.1968,-0.1406]},"down":{"uv":[0.7968,8.9977],"uv_size":[-0.1968,-0.1406]}}},{"origin":[0,1.8749,-2.6429],"size":[0,2.9786,2.9786],"pivot":[0,0,0],"uv":{"north":{"uv":[6.05,11.4989],"uv_size":[0,-0.0703]},"south":{"uv":[6.05,11.4989],"uv_size":[0,-0.0703]},"east":{"uv":[6.8372,12.5554],"uv_size":[-0.7872,-1.1269]},"west":{"uv":[6.0628,12.5554],"uv_size":[0.7872,-1.1269]},"up":{"uv":[6.05,11.4297],"uv_size":[0,0.0703]},"down":{"uv":[6.05,11.4989],"uv_size":[0,-0.0703]}}},{"origin":[-0.4492,13.0486,1.324],"size":[0.8985,1.1618,1.1618],"pivot":[0,0,0],"uv":{"north":{"uv":[5.9968,0.3514],"uv_size":[-0.1968,-0.3514]},"south":{"uv":[0.5968,8.2914],"uv_size":[-0.1968,0.3514]},"east":{"uv":[3.204,7.72],"uv_size":[0.246,0.3514]},"west":{"uv":[5.404,4.8629],"uv_size":[0.246,0.3514]},"up":{"uv":[5.7968,8.3514],"uv_size":[-0.1968,-0.3514]},"down":{"uv":[5.5968,8.3514],"uv_size":[-0.1968,-0.3514]}}},{"origin":[0,-11.1764,-2.309],"size":[0,3.4081,1.1786],"pivot":[0,0,0],"uv":{"north":{"uv":[0,0.016],"uv_size":[0,0.984]},"south":{"uv":[0,0.016],"uv_size":[0,0.984]},"east":{"uv":[3.846,1.1589],"uv_size":[-0.246,0.984]},"west":{"uv":[3.604,0.016],"uv_size":[0.246,0.984]},"up":{"uv":[0,0.7029],"uv_size":[0,-0.7029]},"down":{"uv":[0,0.0114],"uv_size":[0,0.7029]}}},{"origin":[0,-7.1541,-4.409],"size":[0,2.9786,2.9786],"pivot":[0,0,0],"uv":{"north":{"uv":[6.05,11.4297],"uv_size":[0,0.0703]},"south":{"uv":[6.05,11.4297],"uv_size":[0,0.0703]},"east":{"uv":[6.8372,11.4446],"uv_size":[-0.7872,1.1269]},"west":{"uv":[6.0628,11.4446],"uv_size":[0.7872,1.1269]},"up":{"uv":[6.05,11.4297],"uv_size":[0,0.0703]},"down":{"uv":[6.05,11.4989],"uv_size":[0,-0.0703]}}},{"origin":[-0.2943,-14.7048,2.0924],"size":[0.5887,0.752,0.752],"pivot":[0,0,0],"uv":{"north":{"uv":[6.2984,3.6394],"uv_size":[-0.0984,-0.2109]},"south":{"uv":[6.2984,3.1463],"uv_size":[-0.0984,0.2109]},"east":{"uv":[3.7476,8.5749],"uv_size":[-0.1476,0.2109]},"west":{"uv":[6.1476,5.1463],"uv_size":[-0.1476,0.2109]},"up":{"uv":[6.2984,2.8606],"uv_size":[-0.0984,0.2109]},"down":{"uv":[6.2984,1.1463],"uv_size":[-0.0984,0.2109]}}},{"origin":[-0.457,-7.3161,-1.7818],"size":[0.914,1.1464,0.5042],"pivot":[0,0,0],"uv":{"north":{"uv":[1.846,8.5669],"uv_size":[-0.246,-0.2811]},"south":{"uv":[6.046,2.0046],"uv_size":[-0.246,0.2811]},"east":{"uv":[6.246,4.0023],"uv_size":[-0.246,0.1406]},"west":{"uv":[6.246,4.288],"uv_size":[-0.246,0.1406]},"up":{"uv":[0.7968,8.8594],"uv_size":[-0.1968,0.1406]},"down":{"uv":[6.3968,0.8594],"uv_size":[-0.1968,0.1406]}}},{"origin":[0,-4.8535,-2.6429],"size":[0,2.9786,2.9786],"pivot":[0,0,0],"uv":{"north":{"uv":[6.05,11.4297],"uv_size":[0,0.0703]},"south":{"uv":[6.05,11.4297],"uv_size":[0,0.0703]},"east":{"uv":[6.8372,11.4446],"uv_size":[-0.7872,1.1269]},"west":{"uv":[6.0628,11.4446],"uv_size":[0.7872,1.1269]},"up":{"uv":[6.05,11.4297],"uv_size":[0,0.0703]},"down":{"uv":[6.05,11.4989],"uv_size":[0,-0.0703]}}},{"origin":[-0.4492,-14.2104,1.324],"size":[0.8985,1.1618,1.1618],"pivot":[0,0,0],"uv":{"north":{"uv":[5.9968,0.0057],"uv_size":[-0.1968,0.3514]},"south":{"uv":[0.5968,8.6371],"uv_size":[-0.1968,-0.3514]},"east":{"uv":[3.446,7.72],"uv_size":[-0.246,0.3514]},"west":{"uv":[5.646,4.8629],"uv_size":[-0.246,0.3514]},"up":{"uv":[5.5968,8.0057],"uv_size":[-0.1968,0.3514]},"down":{"uv":[5.7968,8.0057],"uv_size":[-0.1968,0.3514]}}}],"name":"rot_4"},{"parent":"geyser_custom_z","pivot":[0,0,0],"rotation":[-22.5,0,0],"cubes":[{"origin":[-0.3439,4.6608,-3.6087],"size":[0.6878,0.6816,1.1154],"pivot":[0,0,0],"uv":{"north":{"uv":[6.0024,5.432],"uv_size":[0.1476,0.2109]},"south":{"uv":[3.8024,8.7823],"uv_size":[0.1476,-0.2109]},"east":{"uv":[5.8024,6.2811],"uv_size":[0.1476,-0.2811]},"west":{"uv":[5.8024,6.8526],"uv_size":[0.1476,-0.2811]},"up":{"uv":[5.9476,6.2903],"uv_size":[-0.1476,0.2811]},"down":{"uv":[5.9476,5.7189],"uv_size":[-0.1476,0.2811]}}},{"origin":[-0.4338,4.5678,-3.9185],"size":[0.8675,0.8675,0.3408],"pivot":[0,0,0],"uv":{"north":{"uv":[6.0024,5.7177],"uv_size":[0.1476,0.2109]},"south":{"uv":[4.0024,8.7823],"uv_size":[0.1476,-0.2109]},"east":{"uv":[6.2024,5.7846],"uv_size":[0.1476,-0.0703]},"west":{"uv":[6.2024,6.0703],"uv_size":[0.1476,-0.0703]},"up":{"uv":[4.3476,8.8583],"uv_size":[-0.1476,0.0703]},"down":{"uv":[4.1476,8.8583],"uv_size":[-0.1476,0.0703]}}},{"origin":[-0.5887,4.4129,-2.8341],"size":[1.1773,1.1773,0.3408],"pivot":[0,0,0],"uv":{"north":{"uv":[5.404,2.2914],"uv_size":[0.246,0.3514]},"south":{"uv":[1.604,8.0657],"uv_size":[0.246,-0.3514]},"east":{"uv":[2.804,8.9274],"uv_size":[0.246,-0.0703]},"west":{"uv":[6.204,4.6417],"uv_size":[0.246,-0.0703]},"up":{"uv":[3.446,8.8583],"uv_size":[-0.246,0.0703]},"down":{"uv":[6.446,3.7154],"uv_size":[-0.246,0.0703]}}},{"origin":[0,10.9649,-5.2088],"size":[0,3.4081,1.1786],"pivot":[0,0,0],"uv":{"north":{"uv":[0,0.984],"uv_size":[0,-0.984]},"south":{"uv":[0,0.984],"uv_size":[0,-0.984]},"east":{"uv":[3.846,2.1269],"uv_size":[-0.246,-0.984]},"west":{"uv":[3.604,0.984],"uv_size":[0.246,-0.984]},"up":{"uv":[0,0.7029],"uv_size":[0,-0.7029]},"down":{"uv":[0,0.0114],"uv_size":[0,0.7029]}}},{"origin":[-0.125,6.1493,-6.4872],"size":[0.25,3,3],"pivot":[0,0,0],"uv":{"north":{"uv":[3.2,11.4309],"uv_size":[0,0.145]},"south":{"uv":[3.2,11.5735],"uv_size":[0,-0.145]},"east":{"uv":[4.834,11.4446],"uv_size":[-1.634,2.3411]},"west":{"uv":[3.216,11.4446],"uv_size":[1.634,2.3411]},"up":{"uv":[3.2,11.5735],"uv_size":[0,-0.145]},"down":{"uv":[3.2,11.5735],"uv_size":[0,-0.145]}}},{"origin":[-0.488,3.6781,-2.5404],"size":[0.9759,1.859,0.9295],"pivot":[0,0,0],"uv":{"north":{"uv":[5.2032,3.4366],"uv_size":[0.1968,0.492]},"south":{"uv":[5.2032,1.3491],"uv_size":[0.1968,-0.492]},"east":{"uv":[3.6056,4.8526],"uv_size":[0.3444,-0.2811]},"west":{"uv":[5.2056,0.8526],"uv_size":[0.3444,-0.2811]},"up":{"uv":[2.1968,8.2903],"uv_size":[-0.1968,0.2811]},"down":{"uv":[5.9968,2.576],"uv_size":[-0.1968,0.2811]}}},{"origin":[-0.4492,4.0622,-2.0439],"size":[0.8985,1.1619,1.1618],"pivot":[0,0,0],"uv":{"north":{"uv":[5.9968,0.3514],"uv_size":[-0.1968,-0.3514]},"south":{"uv":[0.5968,8.2914],"uv_size":[-0.1968,0.3514]},"east":{"uv":[3.204,7.72],"uv_size":[0.246,0.3514]},"west":{"uv":[5.404,4.8629],"uv_size":[0.246,0.3514]},"up":{"uv":[5.7968,8.3514],"uv_size":[-0.1968,-0.3514]},"down":{"uv":[5.5968,8.3514],"uv_size":[-0.1968,-0.3514]}}},{"origin":[-0.3098,6.7999,-5.0239],"size":[0.6197,4.4207,1.1393],"pivot":[0,0,0],"uv":{"north":{"uv":[0.0984,10.1269],"uv_size":[-0.0984,-4.6983]},"south":{"uv":[0.2984,10.1269],"uv_size":[-0.0984,-4.6983]},"east":{"uv":[3.046,4.5554],"uv_size":[-0.246,-1.6983]},"west":{"uv":[3.446,4.5554],"uv_size":[-0.246,-1.6983]},"up":{"uv":[6.0984,1.2086],"uv_size":[-0.0984,-0.3514]},"down":{"uv":[1.6984,8.5771],"uv_size":[-0.0984,0.3514]}}},{"origin":[-0.457,13.1218,-3.1938],"size":[0.914,0.5042,1.1464],"pivot":[0,0,0],"uv":{"north":{"uv":[6.3968,0.9977],"uv_size":[-0.1968,-0.1406]},"south":{"uv":[0.7968,8.9977],"uv_size":[-0.1968,-0.1406]},"east":{"uv":[6.246,4.1406],"uv_size":[-0.246,-0.1406]},"west":{"uv":[6.246,4.4263],"uv_size":[-0.246,-0.1406]},"up":{"uv":[5.804,2.0046],"uv_size":[0.246,0.2811]},"down":{"uv":[1.604,8.5669],"uv_size":[0.246,-0.2811]}}},{"origin":[-0.05,-5.4303,-1.499],"size":[0.1,3.4081,0.9295],"pivot":[0,0,0],"uv":{"north":{"uv":[0,0.984],"uv_size":[0,-0.984]},"south":{"uv":[0,0.984],"uv_size":[0,-0.984]},"east":{"uv":[4.5968,3.2697],"uv_size":[-0.1968,-0.984]},"west":{"uv":[4.5968,4.4126],"uv_size":[-0.1968,-0.984]},"up":{"uv":[0,0.2811],"uv_size":[0,-0.2811]},"down":{"uv":[0,0.0046],"uv_size":[0,0.2811]}}},{"origin":[-0.4492,-9.9377,2.4791],"size":[0.8985,1.1618,1.1618],"pivot":[0,0,0],"uv":{"north":{"uv":[5.9968,0.0057],"uv_size":[-0.1968,0.3514]},"south":{"uv":[0.5968,8.6371],"uv_size":[-0.1968,-0.3514]},"east":{"uv":[3.446,7.72],"uv_size":[-0.246,0.3514]},"west":{"uv":[5.646,4.8629],"uv_size":[-0.246,0.3514]},"up":{"uv":[5.5968,8.0057],"uv_size":[-0.1968,0.3514]},"down":{"uv":[5.7968,8.0057],"uv_size":[-0.1968,0.3514]}}}],"name":"rot_5"},{"parent":"geyser_custom_z","pivot":[0,0,0],"rotation":[-45,0,0],"cubes":[{"origin":[-0.2,3.1159,-7.9363],"size":[0.4,0.9295,3.4081],"pivot":[0,0,0],"uv":{"north":{"uv":[0,0.0046],"uv_size":[0,0.2811]},"south":{"uv":[0,0.2811],"uv_size":[0,-0.2811]},"east":{"uv":[1.6032,6.5874],"uv_size":[0.1968,0.984]},"west":{"uv":[4.6032,2.3017],"uv_size":[0.1968,0.984]},"up":{"uv":[0,0.984],"uv_size":[0,-0.984]},"down":{"uv":[0,0.984],"uv_size":[0,-0.984]}}},{"origin":[-0.6971,0.287,-3.2352],"size":[1.3942,1.3168,1.3168],"pivot":[0,0,0],"uv":{"north":{"uv":[5.2952,4.3514],"uv_size":[-0.2952,-0.3514]},"south":{"uv":[2.8952,7.4943],"uv_size":[-0.2952,-0.3514]},"east":{"uv":[4.246,7.78],"uv_size":[-0.246,-0.3514]},"west":{"uv":[5.446,6.3514],"uv_size":[-0.246,-0.3514]},"up":{"uv":[5.2048,0.3514],"uv_size":[0.2952,-0.3514]},"down":{"uv":[5.0048,6.8629],"uv_size":[0.2952,0.3514]}}},{"origin":[-0.457,6.2951,-7.8695],"size":[0.914,1.1464,0.5042],"pivot":[0,0,0],"uv":{"north":{"uv":[5.804,2.0046],"uv_size":[0.246,0.2811]},"south":{"uv":[1.604,8.5669],"uv_size":[0.246,-0.2811]},"east":{"uv":[6.004,4.0023],"uv_size":[0.246,0.1406]},"west":{"uv":[6.004,4.288],"uv_size":[0.246,0.1406]},"up":{"uv":[0.7968,8.9977],"uv_size":[-0.1968,-0.1406]},"down":{"uv":[6.3968,0.9977],"uv_size":[-0.1968,-0.1406]}}},{"origin":[0,-5.958,4.2136],"size":[0,2.4786,2.4786],"pivot":[0,0,0],"uv":{"north":{"uv":[6.85,11.4297],"uv_size":[0,0.0703]},"south":{"uv":[6.85,11.4297],"uv_size":[0,0.0703]},"east":{"uv":[6.8628,11.4446],"uv_size":[0.7872,1.1269]},"west":{"uv":[7.6372,11.4446],"uv_size":[-0.7872,1.1269]},"up":{"uv":[6.85,11.4989],"uv_size":[0,-0.0703]},"down":{"uv":[6.85,11.4297],"uv_size":[0,0.0703]}}},{"origin":[-0.3098,-8.9355,8.4439],"size":[0.6197,1.1393,3.4207],"pivot":[0,0,0],"uv":{"north":{"uv":[1.6984,8.9229],"uv_size":[-0.0984,-0.3514]},"south":{"uv":[6.0984,0.8629],"uv_size":[-0.0984,0.3514]},"east":{"uv":[3.046,0.016],"uv_size":[-0.246,1.6983]},"west":{"uv":[3.446,0.016],"uv_size":[-0.246,1.6983]},"up":{"uv":[0.2984,5.4446],"uv_size":[-0.0984,4.6983]},"down":{"uv":[0.0984,5.4446],"uv_size":[-0.0984,4.6983]}}},{"origin":[-0.2324,-4.4881,3.5817],"size":[0.4647,1.1618,1.1618],"pivot":[0,0,0],"uv":{"north":{"uv":[6.0016,3.2086],"uv_size":[0.0984,-0.3514]},"south":{"uv":[2.0016,8.5771],"uv_size":[0.0984,0.3514]},"east":{"uv":[2.646,8.0657],"uv_size":[-0.246,-0.3514]},"west":{"uv":[5.646,3.78],"uv_size":[-0.246,-0.3514]},"up":{"uv":[6.0984,2.6371],"uv_size":[-0.0984,-0.3514]},"down":{"uv":[1.8984,8.9229],"uv_size":[-0.0984,-0.3514]}}},{"origin":[-0.6971,-4.7566,1.6534],"size":[1.3942,1.4717,1.4717],"pivot":[0,0,0],"uv":{"north":{"uv":[5.0952,6.136],"uv_size":[-0.2952,-0.4217]},"south":{"uv":[5.0952,4.9931],"uv_size":[-0.2952,-0.4217]},"east":{"uv":[5.0952,5.5646],"uv_size":[-0.2952,-0.4217]},"west":{"uv":[4.4952,7.2789],"uv_size":[-0.2952,-0.4217]},"up":{"uv":[4.6048,7.2789],"uv_size":[0.2952,-0.4217]},"down":{"uv":[4.8048,6.2926],"uv_size":[0.2952,0.4217]}}},{"origin":[-0.4492,-7.2059,3.7055],"size":[0.8985,1.1618,1.1618],"pivot":[0,0,0],"uv":{"north":{"uv":[5.9968,0.0057],"uv_size":[-0.1968,0.3514]},"south":{"uv":[0.5968,8.6371],"uv_size":[-0.1968,-0.3514]},"east":{"uv":[3.446,7.72],"uv_size":[-0.246,0.3514]},"west":{"uv":[5.646,4.8629],"uv_size":[-0.246,0.3514]},"up":{"uv":[5.5968,8.0057],"uv_size":[-0.1968,0.3514]},"down":{"uv":[5.7968,8.0057],"uv_size":[-0.1968,0.3514]}}}],"name":"rot_6"},{"parent":"geyser_custom_z","pivot":[0,0,0],"rotation":[0,-45,0],"cubes":[{"origin":[-1.1375,-1.6847,-1.1143],"size":[0.6436,3.7179,0.5971],"pivot":[0,0,0],"uv":{"north":{"uv":[4.7476,4.5874],"uv_size":[-0.1476,1.0554]},"south":{"uv":[3.1476,6.5874],"uv_size":[-0.1476,1.0554]},"east":{"uv":[3.3476,6.5874],"uv_size":[-0.1476,1.0554]},"west":{"uv":[3.5476,6.5874],"uv_size":[-0.1476,1.0554]},"up":{"uv":[3.2024,8.7823],"uv_size":[0.1476,-0.2109]},"down":{"uv":[6.0024,4.5749],"uv_size":[0.1476,0.2109]}}},{"origin":[-1.184,-1.6847,-1.1608],"size":[0.7365,3.7179,0.6901],"pivot":[0,0,0],"uv":{"north":{"uv":[4.7476,5.7303],"uv_size":[-0.1476,1.0554]},"south":{"uv":[3.7476,6.5874],"uv_size":[-0.1476,1.0554]},"east":{"uv":[3.9476,6.5874],"uv_size":[-0.1476,1.0554]},"west":{"uv":[4.9476,0.016],"uv_size":[-0.1476,1.0554]},"up":{"uv":[3.4024,8.7823],"uv_size":[0.1476,-0.2109]},"down":{"uv":[6.0024,4.8606],"uv_size":[0.1476,0.2109]}}},{"origin":[-1.3037,0.7552,-1.2805],"size":[0.9759,0.4647,0.9295],"pivot":[0,0,0],"uv":{"north":{"uv":[5.3968,8.5737],"uv_size":[-0.1968,0.1406]},"south":{"uv":[5.1968,8.5737],"uv_size":[-0.1968,0.1406]},"east":{"uv":[6.1968,7.1451],"uv_size":[-0.1968,0.1406]},"west":{"uv":[6.1968,7.4309],"uv_size":[-0.1968,0.1406]},"up":{"uv":[5.8032,3.7097],"uv_size":[0.1968,-0.2811]},"down":{"uv":[2.6032,8.2903],"uv_size":[0.1968,0.2811]}}},{"origin":[-1.3037,1.6685,-1.2805],"size":[0.9759,0.4647,0.9295],"pivot":[0,0,0],"uv":{"north":{"uv":[5.3968,8.5737],"uv_size":[-0.1968,0.1406]},"south":{"uv":[5.1968,8.5737],"uv_size":[-0.1968,0.1406]},"east":{"uv":[6.1968,7.1451],"uv_size":[-0.1968,0.1406]},"west":{"uv":[6.1968,7.4309],"uv_size":[-0.1968,0.1406]},"up":{"uv":[5.8032,3.7097],"uv_size":[0.1968,-0.2811]},"down":{"uv":[2.6032,8.2903],"uv_size":[0.1968,0.2811]}}},{"origin":[-1.3037,-1.2199,-1.2805],"size":[0.9759,0.4647,0.9295],"pivot":[0,0,0],"uv":{"north":{"uv":[5.3968,8.5737],"uv_size":[-0.1968,0.1406]},"south":{"uv":[5.1968,8.5737],"uv_size":[-0.1968,0.1406]},"east":{"uv":[6.1968,7.1451],"uv_size":[-0.1968,0.1406]},"west":{"uv":[6.1968,7.4309],"uv_size":[-0.1968,0.1406]},"up":{"uv":[5.8032,3.7097],"uv_size":[0.1968,-0.2811]},"down":{"uv":[2.6032,8.2903],"uv_size":[0.1968,0.2811]}}},{"origin":[-1.3037,-2.1332,-1.2805],"size":[0.9759,0.4647,0.9295],"pivot":[0,0,0],"uv":{"north":{"uv":[5.3968,8.5737],"uv_size":[-0.1968,0.1406]},"south":{"uv":[5.1968,8.5737],"uv_size":[-0.1968,0.1406]},"east":{"uv":[6.1968,7.1451],"uv_size":[-0.1968,0.1406]},"west":{"uv":[6.1968,7.4309],"uv_size":[-0.1968,0.1406]},"up":{"uv":[5.8032,3.7097],"uv_size":[0.1968,-0.2811]},"down":{"uv":[2.6032,8.2903],"uv_size":[0.1968,0.2811]}}}],"name":"rot_7"}]}]}
