{"format_version":"1.16.0","minecraft:geometry":[{"description":{"identifier":"geometry.geyser_custom.geo_d25d1c8","texture_width":16,"texture_height":16,"visible_bounds_width":4,"visible_bounds_height":4.5,"visible_bounds_offset":[0,0.75,0]},"bones":[{"name":"geyser_custom","binding":"c.item_slot == 'head' ? 'head' : q.item_slot_to_bone_name(c.item_slot)","pivot":[0,8,0]},{"name":"geyser_custom_x","parent":"geyser_custom","pivot":[0,8,0]},{"name":"geyser_custom_y","parent":"geyser_custom_x","pivot":[0,8,0]},{"name":"geyser_custom_z","parent":"geyser_custom_y","pivot":[0,8,0],"cubes":[]},{"parent":"geyser_custom_z","pivot":[0,5.0376,-2.0066],"rotation":[45,0,0],"cubes":[{"origin":[5.4409,-0.1524,-2.8739],"size":[1.0782,1.3942,1.3942],"pivot":[0,5.0376,-2.0066],"uv":{"north":{"uv":[5.4032,8.0057],"uv_size":[0.1968,0.3514]},"south":{"uv":[5.6032,8.0057],"uv_size":[0.1968,0.3514]},"east":{"uv":[5.404,4.8629],"uv_size":[0.246,0.3514]},"west":{"uv":[3.204,7.72],"uv_size":[0.246,0.3514]},"up":{"uv":[0.4032,8.6371],"uv_size":[0.1968,-0.3514]},"down":{"uv":[5.8032,0.0057],"uv_size":[0.1968,0.3514]}}},{"origin":[-6.5191,-0.1524,-2.8739],"size":[1.0782,1.3942,1.3942],"pivot":[0,5.0376,-2.0066],"uv":{"north":{"uv":[5.5968,8.0057],"uv_size":[-0.1968,0.3514]},"south":{"uv":[5.7968,8.0057],"uv_size":[-0.1968,0.3514]},"east":{"uv":[3.446,7.72],"uv_size":[-0.246,0.3514]},"west":{"uv":[5.646,4.8629],"uv_size":[-0.246,0.3514]},"up":{"uv":[0.5968,8.6371],"uv_size":[-0.1968,-0.3514]},"down":{"uv":[5.9968,0.0057],"uv_size":[-0.1968,0.3514]}}}],"name":"rot_1"},{"parent":"geyser_custom_z","pivot":[0,5.0376,-2.0066],"rotation":[0,0,-45],"cubes":[{"origin":[3.9219,1.7527,-4.004],"size":[1.82,1.82,8.008],"pivot":[0,5.0376,-2.0066],"uv":{"north":{"uv":[11.304,8.4343],"uv_size":[0.246,0.3514]},"south":{"uv":[9.804,8.5771],"uv_size":[0.246,0.3514]},"east":{"uv":[13.216,5.4343],"uv_size":[1.134,0.3514]},"west":{"uv":[13.216,5.8629],"uv_size":[1.134,0.3514]},"up":{"uv":[13.304,0.016],"uv_size":[0.246,1.6269]},"down":{"uv":[13.304,3.3411],"uv_size":[0.246,-1.6269]}}},{"origin":[-5.8865,10.3234,1.05],"size":[3.5743,3.5743,0],"pivot":[0,5.0376,-2.0066],"uv":{"north":{"uv":[4.834,13.7697],"uv_size":[-1.634,-2.3411]},"south":{"uv":[3.216,13.7697],"uv_size":[1.634,-2.3411]},"east":{"uv":[3.2,11.5735],"uv_size":[0,-0.145]},"west":{"uv":[3.2,11.4309],"uv_size":[0,0.145]},"up":{"uv":[3.2,11.4309],"uv_size":[0,0.145]},"down":{"uv":[3.2,11.4309],"uv_size":[0,0.145]}}},{"origin":[-0.8047,4.2329,-5.6865],"size":[1.766,1.766,1.6731],"pivot":[0,5.0376,-2.0066],"uv":{"north":{"uv":[4.2048,7.2789],"uv_size":[0.2952,-0.4217]},"south":{"uv":[4.8048,5.5646],"uv_size":[0.2952,-0.4217]},"east":{"uv":[4.8048,4.9931],"uv_size":[0.2952,-0.4217]},"west":{"uv":[4.8048,6.136],"uv_size":[0.2952,-0.4217]},"up":{"uv":[4.8952,7.2789],"uv_size":[-0.2952,-0.4217]},"down":{"uv":[5.0952,6.2926],"uv_size":[-0.2952,0.4217]}}},{"origin":[0.6956,2.3157,-5.1288],"size":[1.3942,1.3942,0.5577],"pivot":[0,5.0376,-2.0066],"uv":{"north":{"uv":[5.404,3.78],"uv_size":[0.246,-0.3514]},"south":{"uv":[2.404,8.0657],"uv_size":[0.246,-0.3514]},"east":{"uv":[6.0016,2.6371],"uv_size":[0.0984,-0.3514]},"west":{"uv":[1.8016,8.9229],"uv_size":[0.0984,-0.3514]},"up":{"uv":[6.0984,3.2086],"uv_size":[-0.0984,-0.3514]},"down":{"uv":[2.0984,8.5771],"uv_size":[-0.0984,0.3514]}}}],"name":"rot_2"},{"parent":"geyser_custom_z","pivot":[0,5.0376,-2.0066],"rotation":[0,22.5,0],"cubes":[{"origin":[-1.3196,4.7545,-5.3997],"size":[1.1154,4.0897,0],"pivot":[0,5.0376,-2.0066],"uv":{"north":{"uv":[4.6032,2.3017],"uv_size":[0.1968,0.984]},"south":{"uv":[1.6032,6.5874],"uv_size":[0.1968,0.984]},"east":{"uv":[0,0.016],"uv_size":[0,0.984]},"west":{"uv":[0,0.016],"uv_size":[0,0.984]},"up":{"uv":[0,0.0046],"uv_size":[0,0.2811]},"down":{"uv":[0,0.2811],"uv_size":[0,-0.2811]}}}],"name":"rot_3"},{"parent":"geyser_custom_z","pivot":[0,5.0376,-2.0066],"rotation":[0,0,-22.5],"cubes":[{"origin":[-5.8791,4.5275,-4.095],"size":[1.82,2.9575,8.19],"pivot":[0,5.0376,-2.0066],"uv":{"north":{"uv":[11.204,5.5806],"uv_size":[0.246,0.5623]},"south":{"uv":[11.446,5.5806],"uv_size":[-0.246,0.5623]},"east":{"uv":[10.416,6.8663],"uv_size":[1.134,0.5623]},"west":{"uv":[11.616,7.152],"uv_size":[1.134,0.5623]},"up":{"uv":[12.204,7.7303],"uv_size":[0.246,1.6269]},"down":{"uv":[12.504,9.3411],"uv_size":[0.246,-1.6269]}}},{"origin":[2.2546,-0.856,-4.095],"size":[1.82,2.0475,8.19],"pivot":[0,5.0376,-2.0066],"uv":{"north":{"uv":[10.104,8.1497],"uv_size":[0.246,0.4217]},"south":{"uv":[10.346,8.1497],"uv_size":[-0.246,0.4217]},"east":{"uv":[13.216,4.5783],"uv_size":[1.134,0.4217]},"west":{"uv":[13.216,5.0069],"uv_size":[1.134,0.4217]},"up":{"uv":[13.604,1.7303],"uv_size":[0.246,1.6269]},"down":{"uv":[10.404,9.6269],"uv_size":[0.246,-1.6269]}}},{"origin":[-2.7029,6.1213,-5.5564],"size":[1.4128,0.409,1.4128],"pivot":[0,5.0376,-2.0066],"uv":{"north":{"uv":[6.204,5.4989],"uv_size":[0.246,-0.0703]},"south":{"uv":[3.604,8.9274],"uv_size":[0.246,-0.0703]},"east":{"uv":[6.204,4.9274],"uv_size":[0.246,-0.0703]},"west":{"uv":[6.204,5.2131],"uv_size":[0.246,-0.0703]},"up":{"uv":[5.646,3.2086],"uv_size":[-0.246,-0.3514]},"down":{"uv":[2.246,7.72],"uv_size":[-0.246,0.3514]}}},{"origin":[-2.6391,5.0624,-5.4356],"size":[2.2307,1.1154,1.1711],"pivot":[0,5.0376,-2.0066],"uv":{"north":{"uv":[5.2056,4.8526],"uv_size":[0.3444,-0.2811]},"south":{"uv":[5.2056,1.7097],"uv_size":[0.3444,-0.2811]},"east":{"uv":[5.8032,3.1383],"uv_size":[0.1968,-0.2811]},"west":{"uv":[2.2032,8.5669],"uv_size":[0.1968,-0.2811]},"up":{"uv":[5.3968,5.9206],"uv_size":[-0.1968,-0.492]},"down":{"uv":[5.3968,4.8651],"uv_size":[-0.1968,0.492]}}}],"name":"rot_4"},{"parent":"geyser_custom_z","pivot":[0,5.0376,-2.0066],"rotation":[0,-0,0],"cubes":[{"origin":[-6.37,0.405,-4.55],"size":[12.74,0.91,9.1],"pivot":[0,5.0376,-2.0066],"uv":{"north":{"uv":[13.316,3.432],"uv_size":[1.784,0.2109]},"south":{"uv":[8.016,8.1463],"uv_size":[1.784,0.2109]},"east":{"uv":[13.916,0.5749],"uv_size":[1.284,0.2109]},"west":{"uv":[13.916,0.8606],"uv_size":[1.284,0.2109]},"up":{"uv":[8.016,0.016],"uv_size":[1.784,1.8411]},"down":{"uv":[8.016,3.6983],"uv_size":[1.784,-1.8411]}}},{"origin":[-6.37,4.955,-4.55],"size":[12.74,0.91,9.1],"pivot":[0,5.0376,-2.0066],"uv":{"north":{"uv":[13.316,3.432],"uv_size":[1.784,0.2109]},"south":{"uv":[8.016,8.1463],"uv_size":[1.784,0.2109]},"east":{"uv":[13.916,0.5749],"uv_size":[1.284,0.2109]},"west":{"uv":[13.916,0.8606],"uv_size":[1.284,0.2109]},"up":{"uv":[8.016,0.016],"uv_size":[1.784,1.8411]},"down":{"uv":[8.016,3.6983],"uv_size":[1.784,-1.8411]}}},{"origin":[-6.37,7.685,-4.55],"size":[12.74,0.91,9.1],"pivot":[0,5.0376,-2.0066],"uv":{"north":{"uv":[13.316,3.432],"uv_size":[1.784,0.2109]},"south":{"uv":[8.016,8.1463],"uv_size":[1.784,0.2109]},"east":{"uv":[13.916,0.5749],"uv_size":[1.284,0.2109]},"west":{"uv":[13.916,0.8606],"uv_size":[1.284,0.2109]},"up":{"uv":[8.016,0.016],"uv_size":[1.784,1.8411]},"down":{"uv":[8.016,3.6983],"uv_size":[1.784,-1.8411]}}},{"origin":[-5.915,2.225,-4.55],"size":[11.83,0.91,9.1],"pivot":[0,5.0376,-2.0066],"uv":{"north":{"uv":[13.916,0.0034],"uv_size":[1.684,0.2109]},"south":{"uv":[13.916,0.2891],"uv_size":[1.684,0.2109]},"east":{"uv":[13.916,1.1463],"uv_size":[1.284,0.2109]},"west":{"uv":[13.916,1.432],"uv_size":[1.284,0.2109]},"up":{"uv":[11.616,0.016],"uv_size":[1.684,1.8411]},"down":{"uv":[11.616,3.6983],"uv_size":[1.684,-1.8411]}}},{"origin":[-5.46,1.315,-4.0495],"size":[10.92,6.37,8.099],"pivot":[0,5.0376,-2.0066],"uv":{"north":{"uv":[8.016,5.5874],"uv_size":[1.534,1.2697]},"south":{"uv":[9.616,5.5874],"uv_size":[1.534,1.2697]},"east":{"uv":[8.016,6.8731],"uv_size":[1.134,1.2697]},"west":{"uv":[9.216,6.8731],"uv_size":[1.134,1.2697]},"up":{"uv":[11.616,3.7303],"uv_size":[1.534,1.6269]},"down":{"uv":[11.616,7.0554],"uv_size":[1.534,-1.6269]}}},{"origin":[5.56,-0.0356,-0.7372],"size":[0.36,3.5743,3.5743],"pivot":[0,5.0376,-2.0066],"uv":{"north":{"uv":[6.05,11.4297],"uv_size":[0,0.0703]},"south":{"uv":[6.05,11.4297],"uv_size":[0,0.0703]},"east":{"uv":[6.8372,11.4446],"uv_size":[-0.7872,1.1269]},"west":{"uv":[6.0628,11.4446],"uv_size":[0.7872,1.1269]},"up":{"uv":[6.05,11.4297],"uv_size":[0,0.0703]},"down":{"uv":[6.05,11.4989],"uv_size":[0,-0.0703]}}},{"origin":[5.38,2.6044,-1.0372],"size":[1.2,4.1743,4.1743],"pivot":[0,5.0376,-2.0066],"uv":{"north":{"uv":[3.2,11.4309],"uv_size":[0,0.145]},"south":{"uv":[3.2,11.5735],"uv_size":[0,-0.145]},"east":{"uv":[4.834,13.7697],"uv_size":[-1.634,-2.3411]},"west":{"uv":[3.216,13.7697],"uv_size":[1.634,-2.3411]},"up":{"uv":[3.2,11.4309],"uv_size":[0,0.145]},"down":{"uv":[3.2,11.4309],"uv_size":[0,0.145]}}},{"origin":[5.2922,2.1299,0.5016],"size":[1.3756,0.605,1.0968],"pivot":[0,5.0376,-2.0066],"uv":{"north":{"uv":[6.004,4.0023],"uv_size":[0.246,0.1406]},"south":{"uv":[6.004,4.288],"uv_size":[0.246,0.1406]},"east":{"uv":[6.2032,0.8594],"uv_size":[0.1968,0.1406]},"west":{"uv":[0.6032,8.8594],"uv_size":[0.1968,0.1406]},"up":{"uv":[1.604,8.5669],"uv_size":[0.246,-0.2811]},"down":{"uv":[5.804,2.0046],"uv_size":[0.246,0.2811]}}},{"origin":[5.7447,3.7633,1.05],"size":[1.1154,7.064,0],"pivot":[0,5.0376,-2.0066],"uv":{"north":{"uv":[4.3968,0.016],"uv_size":[-0.1968,1.6983]},"south":{"uv":[4.1968,4.5874],"uv_size":[-0.1968,1.6983]},"east":{"uv":[0,0.016],"uv_size":[0,1.6983]},"west":{"uv":[0,0.016],"uv_size":[0,1.6983]},"up":{"uv":[0,0.2811],"uv_size":[0,-0.2811]},"down":{"uv":[0,0.0046],"uv_size":[0,0.2811]}}},{"origin":[5.8,8.5081,-2.9085],"size":[0,1.4143,7.064],"pivot":[0,5.0376,-2.0066],"uv":{"north":{"uv":[0,0.0114],"uv_size":[0,0.7029]},"south":{"uv":[0,0.7029],"uv_size":[0,-0.7029]},"east":{"uv":[1.846,6.5554],"uv_size":[-0.246,-1.6983]},"west":{"uv":[1.604,6.5554],"uv_size":[0.246,-1.6983]},"up":{"uv":[0,1.6983],"uv_size":[0,-1.6983]},"down":{"uv":[0,1.6983],"uv_size":[0,-1.6983]}}},{"origin":[-5.8,8.5081,-2.9085],"size":[0,1.4143,7.064],"pivot":[0,5.0376,-2.0066],"uv":{"north":{"uv":[0,0.0114],"uv_size":[0,0.7029]},"south":{"uv":[0,0.7029],"uv_size":[0,-0.7029]},"east":{"uv":[1.604,4.8731],"uv_size":[0.246,1.6983]},"west":{"uv":[1.846,4.8731],"uv_size":[-0.246,1.6983]},"up":{"uv":[0,1.6983],"uv_size":[0,-1.6983]},"down":{"uv":[0,1.6983],"uv_size":[0,-1.6983]}}},{"origin":[-6.8601,3.7633,1.05],"size":[1.1154,7.064,0],"pivot":[0,5.0376,-2.0066],"uv":{"north":{"uv":[4.2032,0.016],"uv_size":[0.1968,1.6983]},"south":{"uv":[4.0032,4.5874],"uv_size":[0.1968,1.6983]},"east":{"uv":[0,0.016],"uv_size":[0,1.6983]},"west":{"uv":[0,0.016],"uv_size":[0,1.6983]},"up":{"uv":[0,0.0046],"uv_size":[0,0.2811]},"down":{"uv":[0,0.2811],"uv_size":[0,-0.2811]}}},{"origin":[-5.92,-0.0356,-0.7372],"size":[0.36,3.5743,3.5743],"pivot":[0,5.0376,-2.0066],"uv":{"north":{"uv":[6.05,11.4297],"uv_size":[0,0.0703]},"south":{"uv":[6.05,11.4297],"uv_size":[0,0.0703]},"east":{"uv":[6.8372,11.4446],"uv_size":[-0.7872,1.1269]},"west":{"uv":[6.0628,11.4446],"uv_size":[0.7872,1.1269]},"up":{"uv":[6.05,11.4297],"uv_size":[0,0.0703]},"down":{"uv":[6.05,11.4989],"uv_size":[0,-0.0703]}}},{"origin":[-6.58,2.6044,-1.0372],"size":[1.2,4.1743,4.1743],"pivot":[0,5.0376,-2.0066],"uv":{"north":{"uv":[3.2,11.4309],"uv_size":[0,0.145]},"south":{"uv":[3.2,11.5735],"uv_size":[0,-0.145]},"east":{"uv":[3.216,11.4446],"uv_size":[1.634,2.3411]},"west":{"uv":[4.834,11.4446],"uv_size":[-1.634,2.3411]},"up":{"uv":[3.2,11.4309],"uv_size":[0,0.145]},"down":{"uv":[3.2,11.4309],"uv_size":[0,0.145]}}},{"origin":[-6.6678,2.1299,0.5016],"size":[1.3756,0.605,1.0968],"pivot":[0,5.0376,-2.0066],"uv":{"north":{"uv":[6.246,4.0023],"uv_size":[-0.246,0.1406]},"south":{"uv":[6.246,4.288],"uv_size":[-0.246,0.1406]},"east":{"uv":[0.7968,8.8594],"uv_size":[-0.1968,0.1406]},"west":{"uv":[6.3968,0.8594],"uv_size":[-0.1968,0.1406]},"up":{"uv":[1.846,8.5669],"uv_size":[-0.246,-0.2811]},"down":{"uv":[6.046,2.0046],"uv_size":[-0.246,0.2811]}}},{"origin":[-2.9,4.6484,-5.4077],"size":[5.7999,1.1154,1.1154],"pivot":[0,5.0376,-2.0066],"uv":{"north":{"uv":[4.4152,2.2811],"uv_size":[0.9348,-0.2811]},"south":{"uv":[4.4152,1.9954],"uv_size":[0.9348,-0.2811]},"east":{"uv":[5.2032,6.8526],"uv_size":[0.1968,-0.2811]},"west":{"uv":[5.8032,2.5669],"uv_size":[0.1968,-0.2811]},"up":{"uv":[1.1968,7.6269],"uv_size":[-0.1968,-1.3411]},"down":{"uv":[0.9968,6.3017],"uv_size":[-0.1968,1.3411]}}},{"origin":[-1.4872,4.7545,-5.0633],"size":[2.9743,4.0897,0],"pivot":[0,5.0376,-2.0066],"uv":{"north":{"uv":[3.608,3.4446],"uv_size":[0.492,0.984]},"south":{"uv":[3.608,2.3017],"uv_size":[0.492,0.984]},"east":{"uv":[0,0.016],"uv_size":[0,0.984]},"west":{"uv":[0,0.016],"uv_size":[0,0.984]},"up":{"uv":[0,0.0114],"uv_size":[0,0.7029]},"down":{"uv":[0,0.7029],"uv_size":[0,-0.7029]}}},{"origin":[-5.0872,3.0832,-4.6368],"size":[3.5743,3.5743,0],"pivot":[0,5.0376,-2.0066],"uv":{"north":{"uv":[6.8372,11.4446],"uv_size":[-0.7872,1.1269]},"south":{"uv":[6.0628,11.4446],"uv_size":[0.7872,1.1269]},"east":{"uv":[6.05,11.4297],"uv_size":[0,0.0703]},"west":{"uv":[6.05,11.4297],"uv_size":[0,0.0703]},"up":{"uv":[6.05,11.4989],"uv_size":[0,-0.0703]},"down":{"uv":[6.05,11.4297],"uv_size":[0,0.0703]}}},{"origin":[1.5128,3.0832,-4.6368],"size":[3.5743,3.5743,0],"pivot":[0,5.0376,-2.0066],"uv":{"north":{"uv":[6.0628,11.4446],"uv_size":[0.7872,1.1269]},"south":{"uv":[6.8372,11.4446],"uv_size":[-0.7872,1.1269]},"east":{"uv":[6.05,11.4297],"uv_size":[0,0.0703]},"west":{"uv":[6.05,11.4297],"uv_size":[0,0.0703]},"up":{"uv":[6.05,11.4297],"uv_size":[0,0.0703]},"down":{"uv":[6.05,11.4989],"uv_size":[0,-0.0703]}}},{"origin":[-5.6872,6.5972,-4.85],"size":[2.9743,2.9743,0],"pivot":[0,5.0376,-2.0066],"uv":{"north":{"uv":[6.8628,11.4446],"uv_size":[0.7872,1.1269]},"south":{"uv":[7.6372,11.4446],"uv_size":[-0.7872,1.1269]},"east":{"uv":[6.85,11.4297],"uv_size":[0,0.0703]},"west":{"uv":[6.85,11.4989],"uv_size":[0,-0.0703]},"up":{"uv":[6.85,11.4989],"uv_size":[0,-0.0703]},"down":{"uv":[6.85,11.4989],"uv_size":[0,-0.0703]}}},{"origin":[2.7128,6.5972,-4.85],"size":[2.9743,2.9743,0],"pivot":[0,5.0376,-2.0066],"uv":{"north":{"uv":[6.8628,12.5554],"uv_size":[0.7872,-1.1269]},"south":{"uv":[7.6372,12.5554],"uv_size":[-0.7872,-1.1269]},"east":{"uv":[6.85,11.4989],"uv_size":[0,-0.0703]},"west":{"uv":[6.85,11.4297],"uv_size":[0,0.0703]},"up":{"uv":[6.85,11.4297],"uv_size":[0,0.0703]},"down":{"uv":[6.85,11.4297],"uv_size":[0,0.0703]}}}],"name":"rot_5"},{"parent":"geyser_custom_z","pivot":[0,5.0376,-2.0066],"rotation":[0,0,0],"cubes":[{"origin":[-6.37,0.405,-4.55],"size":[12.74,0.91,9.1],"pivot":[0,5.0376,-2.0066],"uv":{"north":{"uv":[13.316,3.432],"uv_size":[1.784,0.2109]},"south":{"uv":[8.016,8.1463],"uv_size":[1.784,0.2109]},"east":{"uv":[13.916,0.5749],"uv_size":[1.284,0.2109]},"west":{"uv":[13.916,0.8606],"uv_size":[1.284,0.2109]},"up":{"uv":[8.016,0.016],"uv_size":[1.784,1.8411]},"down":{"uv":[8.016,3.6983],"uv_size":[1.784,-1.8411]}}},{"origin":[-6.37,4.955,-4.55],"size":[12.74,0.91,9.1],"pivot":[0,5.0376,-2.0066],"uv":{"north":{"uv":[13.316,3.432],"uv_size":[1.784,0.2109]},"south":{"uv":[8.016,8.1463],"uv_size":[1.784,0.2109]},"east":{"uv":[13.916,0.5749],"uv_size":[1.284,0.2109]},"west":{"uv":[13.916,0.8606],"uv_size":[1.284,0.2109]},"up":{"uv":[8.016,0.016],"uv_size":[1.784,1.8411]},"down":{"uv":[8.016,3.6983],"uv_size":[1.784,-1.8411]}}},{"origin":[-6.37,7.685,-4.55],"size":[12.74,0.91,9.1],"pivot":[0,5.0376,-2.0066],"uv":{"north":{"uv":[13.316,3.432],"uv_size":[1.784,0.2109]},"south":{"uv":[8.016,8.1463],"uv_size":[1.784,0.2109]},"east":{"uv":[13.916,0.5749],"uv_size":[1.284,0.2109]},"west":{"uv":[13.916,0.8606],"uv_size":[1.284,0.2109]},"up":{"uv":[8.016,0.016],"uv_size":[1.784,1.8411]},"down":{"uv":[8.016,3.6983],"uv_size":[1.784,-1.8411]}}},{"origin":[-5.915,2.225,-4.55],"size":[11.83,0.91,9.1],"pivot":[0,5.0376,-2.0066],"uv":{"north":{"uv":[13.916,0.0034],"uv_size":[1.684,0.2109]},"south":{"uv":[13.916,0.2891],"uv_size":[1.684,0.2109]},"east":{"uv":[13.916,1.1463],"uv_size":[1.284,0.2109]},"west":{"uv":[13.916,1.432],"uv_size":[1.284,0.2109]},"up":{"uv":[11.616,0.016],"uv_size":[1.684,1.8411]},"down":{"uv":[11.616,3.6983],"uv_size":[1.684,-1.8411]}}},{"origin":[-5.46,1.315,-4.0495],"size":[10.92,6.37,8.099],"pivot":[0,5.0376,-2.0066],"uv":{"north":{"uv":[8.016,5.5874],"uv_size":[1.534,1.2697]},"south":{"uv":[9.616,5.5874],"uv_size":[1.534,1.2697]},"east":{"uv":[8.016,6.8731],"uv_size":[1.134,1.2697]},"west":{"uv":[9.216,6.8731],"uv_size":[1.134,1.2697]},"up":{"uv":[11.616,3.7303],"uv_size":[1.534,1.6269]},"down":{"uv":[11.616,7.0554],"uv_size":[1.534,-1.6269]}}},{"origin":[5.56,-0.0356,-0.7372],"size":[0.36,3.5743,3.5743],"pivot":[0,5.0376,-2.0066],"uv":{"north":{"uv":[6.05,11.4297],"uv_size":[0,0.0703]},"south":{"uv":[6.05,11.4297],"uv_size":[0,0.0703]},"east":{"uv":[6.8372,11.4446],"uv_size":[-0.7872,1.1269]},"west":{"uv":[6.0628,11.4446],"uv_size":[0.7872,1.1269]},"up":{"uv":[6.05,11.4297],"uv_size":[0,0.0703]},"down":{"uv":[6.05,11.4989],"uv_size":[0,-0.0703]}}},{"origin":[5.38,2.6044,-1.0372],"size":[1.2,4.1743,4.1743],"pivot":[0,5.0376,-2.0066],"uv":{"north":{"uv":[3.2,11.4309],"uv_size":[0,0.145]},"south":{"uv":[3.2,11.5735],"uv_size":[0,-0.145]},"east":{"uv":[4.834,13.7697],"uv_size":[-1.634,-2.3411]},"west":{"uv":[3.216,13.7697],"uv_size":[1.634,-2.3411]},"up":{"uv":[3.2,11.4309],"uv_size":[0,0.145]},"down":{"uv":[3.2,11.4309],"uv_size":[0,0.145]}}},{"origin":[5.2922,2.1299,0.5016],"size":[1.3756,0.605,1.0968],"pivot":[0,5.0376,-2.0066],"uv":{"north":{"uv":[6.004,4.0023],"uv_size":[0.246,0.1406]},"south":{"uv":[6.004,4.288],"uv_size":[0.246,0.1406]},"east":{"uv":[6.2032,0.8594],"uv_size":[0.1968,0.1406]},"west":{"uv":[0.6032,8.8594],"uv_size":[0.1968,0.1406]},"up":{"uv":[1.604,8.5669],"uv_size":[0.246,-0.2811]},"down":{"uv":[5.804,2.0046],"uv_size":[0.246,0.2811]}}},{"origin":[5.7447,3.7633,1.05],"size":[1.1154,7.064,0],"pivot":[0,5.0376,-2.0066],"uv":{"north":{"uv":[4.3968,0.016],"uv_size":[-0.1968,1.6983]},"south":{"uv":[4.1968,4.5874],"uv_size":[-0.1968,1.6983]},"east":{"uv":[0,0.016],"uv_size":[0,1.6983]},"west":{"uv":[0,0.016],"uv_size":[0,1.6983]},"up":{"uv":[0,0.2811],"uv_size":[0,-0.2811]},"down":{"uv":[0,0.0046],"uv_size":[0,0.2811]}}},{"origin":[5.8,8.5081,-2.9085],"size":[0,1.4143,7.064],"pivot":[0,5.0376,-2.0066],"uv":{"north":{"uv":[0,0.0114],"uv_size":[0,0.7029]},"south":{"uv":[0,0.7029],"uv_size":[0,-0.7029]},"east":{"uv":[1.846,6.5554],"uv_size":[-0.246,-1.6983]},"west":{"uv":[1.604,6.5554],"uv_size":[0.246,-1.6983]},"up":{"uv":[0,1.6983],"uv_size":[0,-1.6983]},"down":{"uv":[0,1.6983],"uv_size":[0,-1.6983]}}},{"origin":[-5.8,8.5081,-2.9085],"size":[0,1.4143,7.064],"pivot":[0,5.0376,-2.0066],"uv":{"north":{"uv":[0,0.0114],"uv_size":[0,0.7029]},"south":{"uv":[0,0.7029],"uv_size":[0,-0.7029]},"east":{"uv":[1.604,4.8731],"uv_size":[0.246,1.6983]},"west":{"uv":[1.846,4.8731],"uv_size":[-0.246,1.6983]},"up":{"uv":[0,1.6983],"uv_size":[0,-1.6983]},"down":{"uv":[0,1.6983],"uv_size":[0,-1.6983]}}},{"origin":[-6.8601,3.7633,1.05],"size":[1.1154,7.064,0],"pivot":[0,5.0376,-2.0066],"uv":{"north":{"uv":[4.2032,0.016],"uv_size":[0.1968,1.6983]},"south":{"uv":[4.0032,4.5874],"uv_size":[0.1968,1.6983]},"east":{"uv":[0,0.016],"uv_size":[0,1.6983]},"west":{"uv":[0,0.016],"uv_size":[0,1.6983]},"up":{"uv":[0,0.0046],"uv_size":[0,0.2811]},"down":{"uv":[0,0.2811],"uv_size":[0,-0.2811]}}},{"origin":[-5.92,-0.0356,-0.7372],"size":[0.36,3.5743,3.5743],"pivot":[0,5.0376,-2.0066],"uv":{"north":{"uv":[6.05,11.4297],"uv_size":[0,0.0703]},"south":{"uv":[6.05,11.4297],"uv_size":[0,0.0703]},"east":{"uv":[6.8372,11.4446],"uv_size":[-0.7872,1.1269]},"west":{"uv":[6.0628,11.4446],"uv_size":[0.7872,1.1269]},"up":{"uv":[6.05,11.4297],"uv_size":[0,0.0703]},"down":{"uv":[6.05,11.4989],"uv_size":[0,-0.0703]}}},{"origin":[-6.58,2.6044,-1.0372],"size":[1.2,4.1743,4.1743],"pivot":[0,5.0376,-2.0066],"uv":{"north":{"uv":[3.2,11.4309],"uv_size":[0,0.145]},"south":{"uv":[3.2,11.5735],"uv_size":[0,-0.145]},"east":{"uv":[3.216,11.4446],"uv_size":[1.634,2.3411]},"west":{"uv":[4.834,11.4446],"uv_size":[-1.634,2.3411]},"up":{"uv":[3.2,11.4309],"uv_size":[0,0.145]},"down":{"uv":[3.2,11.4309],"uv_size":[0,0.145]}}},{"origin":[-6.6678,2.1299,0.5016],"size":[1.3756,0.605,1.0968],"pivot":[0,5.0376,-2.0066],"uv":{"north":{"uv":[6.246,4.0023],"uv_size":[-0.246,0.1406]},"south":{"uv":[6.246,4.288],"uv_size":[-0.246,0.1406]},"east":{"uv":[0.7968,8.8594],"uv_size":[-0.1968,0.1406]},"west":{"uv":[6.3968,0.8594],"uv_size":[-0.1968,0.1406]},"up":{"uv":[1.846,8.5669],"uv_size":[-0.246,-0.2811]},"down":{"uv":[6.046,2.0046],"uv_size":[-0.246,0.2811]}}},{"origin":[-2.9,4.6484,-5.4077],"size":[5.7999,1.1154,1.1154],"pivot":[0,5.0376,-2.0066],"uv":{"north":{"uv":[4.4152,2.2811],"uv_size":[0.9348,-0.2811]},"south":{"uv":[4.4152,1.9954],"uv_size":[0.9348,-0.2811]},"east":{"uv":[5.2032,6.8526],"uv_size":[0.1968,-0.2811]},"west":{"uv":[5.8032,2.5669],"uv_size":[0.1968,-0.2811]},"up":{"uv":[1.1968,7.6269],"uv_size":[-0.1968,-1.3411]},"down":{"uv":[0.9968,6.3017],"uv_size":[-0.1968,1.3411]}}},{"origin":[-1.4872,4.7545,-5.0633],"size":[2.9743,4.0897,0],"pivot":[0,5.0376,-2.0066],"uv":{"north":{"uv":[3.608,3.4446],"uv_size":[0.492,0.984]},"south":{"uv":[3.608,2.3017],"uv_size":[0.492,0.984]},"east":{"uv":[0,0.016],"uv_size":[0,0.984]},"west":{"uv":[0,0.016],"uv_size":[0,0.984]},"up":{"uv":[0,0.0114],"uv_size":[0,0.7029]},"down":{"uv":[0,0.7029],"uv_size":[0,-0.7029]}}},{"origin":[-5.0872,3.0832,-4.6368],"size":[3.5743,3.5743,0],"pivot":[0,5.0376,-2.0066],"uv":{"north":{"uv":[6.8372,11.4446],"uv_size":[-0.7872,1.1269]},"south":{"uv":[6.0628,11.4446],"uv_size":[0.7872,1.1269]},"east":{"uv":[6.05,11.4297],"uv_size":[0,0.0703]},"west":{"uv":[6.05,11.4297],"uv_size":[0,0.0703]},"up":{"uv":[6.05,11.4989],"uv_size":[0,-0.0703]},"down":{"uv":[6.05,11.4297],"uv_size":[0,0.0703]}}},{"origin":[1.5128,3.0832,-4.6368],"size":[3.5743,3.5743,0],"pivot":[0,5.0376,-2.0066],"uv":{"north":{"uv":[6.0628,11.4446],"uv_size":[0.7872,1.1269]},"south":{"uv":[6.8372,11.4446],"uv_size":[-0.7872,1.1269]},"east":{"uv":[6.05,11.4297],"uv_size":[0,0.0703]},"west":{"uv":[6.05,11.4297],"uv_size":[0,0.0703]},"up":{"uv":[6.05,11.4297],"uv_size":[0,0.0703]},"down":{"uv":[6.05,11.4989],"uv_size":[0,-0.0703]}}},{"origin":[-5.6872,6.5972,-4.85],"size":[2.9743,2.9743,0],"pivot":[0,5.0376,-2.0066],"uv":{"north":{"uv":[6.8628,11.4446],"uv_size":[0.7872,1.1269]},"south":{"uv":[7.6372,11.4446],"uv_size":[-0.7872,1.1269]},"east":{"uv":[6.85,11.4297],"uv_size":[0,0.0703]},"west":{"uv":[6.85,11.4989],"uv_size":[0,-0.0703]},"up":{"uv":[6.85,11.4989],"uv_size":[0,-0.0703]},"down":{"uv":[6.85,11.4989],"uv_size":[0,-0.0703]}}},{"origin":[2.7128,6.5972,-4.85],"size":[2.9743,2.9743,0],"pivot":[0,5.0376,-2.0066],"uv":{"north":{"uv":[6.8628,12.5554],"uv_size":[0.7872,-1.1269]},"south":{"uv":[7.6372,12.5554],"uv_size":[-0.7872,-1.1269]},"east":{"uv":[6.85,11.4989],"uv_size":[0,-0.0703]},"west":{"uv":[6.85,11.4297],"uv_size":[0,0.0703]},"up":{"uv":[6.85,11.4297],"uv_size":[0,0.0703]},"down":{"uv":[6.85,11.4297],"uv_size":[0,0.0703]}}}],"name":"rot_6"},{"parent":"geyser_custom_z","pivot":[0,5.0376,-2.0066],"rotation":[0,-22.5,0],"cubes":[{"origin":[0.2042,4.7545,-5.3997],"size":[1.1154,4.0897,0],"pivot":[0,5.0376,-2.0066],"uv":{"north":{"uv":[4.4032,3.4446],"uv_size":[0.1968,0.984]},"south":{"uv":[4.4032,2.3017],"uv_size":[0.1968,0.984]},"east":{"uv":[0,0.016],"uv_size":[0,0.984]},"west":{"uv":[0,0.016],"uv_size":[0,0.984]},"up":{"uv":[0,0.0046],"uv_size":[0,0.2811]},"down":{"uv":[0,0.2811],"uv_size":[0,-0.2811]}}}],"name":"rot_7"},{"parent":"geyser_custom_z","pivot":[0,5.0376,-2.0066],"rotation":[0,0,22.5],"cubes":[{"origin":[4.0591,4.5275,-4.095],"size":[1.82,2.9575,8.19],"pivot":[0,5.0376,-2.0066],"uv":{"north":{"uv":[10.704,8.0091],"uv_size":[0.246,0.5623]},"south":{"uv":[11.204,5.5806],"uv_size":[0.246,0.5623]},"east":{"uv":[12.816,7.152],"uv_size":[1.134,0.5623]},"west":{"uv":[10.416,7.4377],"uv_size":[1.134,0.5623]},"up":{"uv":[12.804,7.7303],"uv_size":[0.246,1.6269]},"down":{"uv":[13.104,9.3411],"uv_size":[0.246,-1.6269]}}},{"origin":[-4.0746,-0.856,-4.095],"size":[1.82,2.0475,8.19],"pivot":[0,5.0376,-2.0066],"uv":{"north":{"uv":[11.304,8.0069],"uv_size":[0.246,0.4217]},"south":{"uv":[10.104,8.1497],"uv_size":[0.246,0.4217]},"east":{"uv":[13.216,3.7211],"uv_size":[1.134,0.4217]},"west":{"uv":[13.216,4.1497],"uv_size":[1.134,0.4217]},"up":{"uv":[13.404,7.7303],"uv_size":[0.246,1.6269]},"down":{"uv":[13.604,1.6269],"uv_size":[0.246,-1.6269]}}},{"origin":[1.2901,6.1213,-5.5564],"size":[1.4128,0.409,1.4128],"pivot":[0,5.0376,-2.0066],"uv":{"north":{"uv":[6.204,4.6417],"uv_size":[0.246,-0.0703]},"south":{"uv":[2.804,8.9274],"uv_size":[0.246,-0.0703]},"east":{"uv":[6.204,3.7846],"uv_size":[0.246,-0.0703]},"west":{"uv":[3.204,8.9274],"uv_size":[0.246,-0.0703]},"up":{"uv":[5.646,2.6371],"uv_size":[-0.246,-0.3514]},"down":{"uv":[1.846,7.72],"uv_size":[-0.246,0.3514]}}},{"origin":[0.4083,5.0624,-5.4356],"size":[2.2307,1.1154,1.1711],"pivot":[0,5.0376,-2.0066],"uv":{"north":{"uv":[5.2056,0.8526],"uv_size":[0.3444,-0.2811]},"south":{"uv":[3.6056,4.8526],"uv_size":[0.3444,-0.2811]},"east":{"uv":[5.8032,2.8526],"uv_size":[0.1968,-0.2811]},"west":{"uv":[2.0032,8.5669],"uv_size":[0.1968,-0.2811]},"up":{"uv":[5.3968,3.9206],"uv_size":[-0.1968,-0.492]},"down":{"uv":[5.3968,0.8651],"uv_size":[-0.1968,0.492]}}}],"name":"rot_8"},{"parent":"geyser_custom_z","pivot":[0,5.0376,-2.0066],"rotation":[0,0,45],"cubes":[{"origin":[-5.7419,1.7527,-4.004],"size":[1.82,1.82,8.008],"pivot":[0,5.0376,-2.0066],"uv":{"north":{"uv":[10.104,8.5771],"uv_size":[0.246,0.3514]},"south":{"uv":[10.704,8.5771],"uv_size":[0.246,0.3514]},"east":{"uv":[13.216,6.2914],"uv_size":[1.134,0.3514]},"west":{"uv":[13.216,6.72],"uv_size":[1.134,0.3514]},"up":{"uv":[11.604,7.7303],"uv_size":[0.246,1.6269]},"down":{"uv":[11.904,9.3411],"uv_size":[0.246,-1.6269]}}},{"origin":[2.3122,10.3234,1.05],"size":[3.5743,3.5743,0],"pivot":[0,5.0376,-2.0066],"uv":{"north":{"uv":[4.834,11.4446],"uv_size":[-1.634,2.3411]},"south":{"uv":[3.216,11.4446],"uv_size":[1.634,2.3411]},"east":{"uv":[3.2,11.4309],"uv_size":[0,0.145]},"west":{"uv":[3.2,11.5735],"uv_size":[0,-0.145]},"up":{"uv":[3.2,11.5735],"uv_size":[0,-0.145]},"down":{"uv":[3.2,11.5735],"uv_size":[0,-0.145]}}},{"origin":[-2.0898,2.3157,-5.1288],"size":[1.3942,1.3942,0.5577],"pivot":[0,5.0376,-2.0066],"uv":{"north":{"uv":[5.404,4.3514],"uv_size":[0.246,-0.3514]},"south":{"uv":[2.804,8.0657],"uv_size":[0.246,-0.3514]},"east":{"uv":[2.2016,8.9229],"uv_size":[0.0984,-0.3514]},"west":{"uv":[2.4016,8.9229],"uv_size":[0.0984,-0.3514]},"up":{"uv":[2.6984,8.9229],"uv_size":[-0.0984,-0.3514]},"down":{"uv":[6.0984,3.4343],"uv_size":[-0.0984,0.3514]}}}],"name":"rot_9"}]}]}
