{"format_version":"1.16.0","minecraft:geometry":[{"description":{"identifier":"geometry.geyser_custom.geo_57a5d4c","texture_width":16,"texture_height":16,"visible_bounds_width":4,"visible_bounds_height":4.5,"visible_bounds_offset":[0,0.75,0]},"bones":[{"name":"geyser_custom","binding":"c.item_slot == 'head' ? 'head' : q.item_slot_to_bone_name(c.item_slot)","pivot":[0,8,0]},{"name":"geyser_custom_x","parent":"geyser_custom","pivot":[0,8,0]},{"name":"geyser_custom_y","parent":"geyser_custom_x","pivot":[0,8,0]},{"name":"geyser_custom_z","parent":"geyser_custom_y","pivot":[0,8,0],"cubes":[]},{"parent":"geyser_custom_z","pivot":[0,15.2786,-3.2372],"rotation":[45,0,0],"cubes":[{"origin":[0,13.4496,-3.3372],"size":[0,2.7581,0.2],"pivot":[0,15.2786,-3.2372],"uv":{"north":{"uv":[0,0.984],"uv_size":[0,-0.984]},"south":{"uv":[0,0.984],"uv_size":[0,-0.984]},"east":{"uv":[1.6008,9.984],"uv_size":[0.0492,-0.984]},"west":{"uv":[1.6492,9.984],"uv_size":[-0.0492,-0.984]},"up":{"uv":[0,0.0114],"uv_size":[0,0.7029]},"down":{"uv":[0,0.7029],"uv_size":[0,-0.7029]}}}],"name":"rot_1"},{"parent":"geyser_custom_z","pivot":[0,-3.5382,0.0115],"rotation":[0,45,0],"cubes":[{"origin":[-0.3137,-8.8982,-0.2952],"size":[0.6436,3.7179,0.5971],"pivot":[0,-3.5382,0.0115],"uv":{"north":{"uv":[3.0024,6.5874],"uv_size":[0.1476,1.0554]},"south":{"uv":[4.6024,4.5874],"uv_size":[0.1476,1.0554]},"east":{"uv":[3.2024,6.5874],"uv_size":[0.1476,1.0554]},"west":{"uv":[3.4024,6.5874],"uv_size":[0.1476,1.0554]},"up":{"uv":[3.2024,8.5749],"uv_size":[0.1476,0.2109]},"down":{"uv":[6.0024,4.7823],"uv_size":[0.1476,-0.2109]}}},{"origin":[-0.3602,-8.8982,-0.3417],"size":[0.7365,3.7179,0.6901],"pivot":[0,-3.5382,0.0115],"uv":{"north":{"uv":[3.6024,6.5874],"uv_size":[0.1476,1.0554]},"south":{"uv":[4.6024,5.7303],"uv_size":[0.1476,1.0554]},"east":{"uv":[3.8024,6.5874],"uv_size":[0.1476,1.0554]},"west":{"uv":[4.8024,0.016],"uv_size":[0.1476,1.0554]},"up":{"uv":[3.4024,8.5749],"uv_size":[0.1476,0.2109]},"down":{"uv":[6.0024,5.068],"uv_size":[0.1476,-0.2109]}}},{"origin":[-0.4799,-6.4584,-0.4614],"size":[0.9759,0.4647,0.9295],"pivot":[0,-3.5382,0.0115],"uv":{"north":{"uv":[5.0032,8.5737],"uv_size":[0.1968,0.1406]},"south":{"uv":[5.2032,8.5737],"uv_size":[0.1968,0.1406]},"east":{"uv":[6.0032,7.1451],"uv_size":[0.1968,0.1406]},"west":{"uv":[6.0032,7.4309],"uv_size":[0.1968,0.1406]},"up":{"uv":[5.8032,3.4331],"uv_size":[0.1968,0.2811]},"down":{"uv":[2.6032,8.5669],"uv_size":[0.1968,-0.2811]}}},{"origin":[-0.4799,-5.5451,-0.4614],"size":[0.9759,0.4647,0.9295],"pivot":[0,-3.5382,0.0115],"uv":{"north":{"uv":[5.0032,8.5737],"uv_size":[0.1968,0.1406]},"south":{"uv":[5.2032,8.5737],"uv_size":[0.1968,0.1406]},"east":{"uv":[6.0032,7.1451],"uv_size":[0.1968,0.1406]},"west":{"uv":[6.0032,7.4309],"uv_size":[0.1968,0.1406]},"up":{"uv":[5.8032,3.4331],"uv_size":[0.1968,0.2811]},"down":{"uv":[2.6032,8.5669],"uv_size":[0.1968,-0.2811]}}},{"origin":[-0.4799,-8.4335,-0.4614],"size":[0.9759,0.4647,0.9295],"pivot":[0,-3.5382,0.0115],"uv":{"north":{"uv":[5.0032,8.5737],"uv_size":[0.1968,0.1406]},"south":{"uv":[5.2032,8.5737],"uv_size":[0.1968,0.1406]},"east":{"uv":[6.0032,7.1451],"uv_size":[0.1968,0.1406]},"west":{"uv":[6.0032,7.4309],"uv_size":[0.1968,0.1406]},"up":{"uv":[5.8032,3.4331],"uv_size":[0.1968,0.2811]},"down":{"uv":[2.6032,8.5669],"uv_size":[0.1968,-0.2811]}}},{"origin":[-0.4799,-9.3468,-0.4614],"size":[0.9759,0.4647,0.9295],"pivot":[0,-3.5382,0.0115],"uv":{"north":{"uv":[5.0032,8.5737],"uv_size":[0.1968,0.1406]},"south":{"uv":[5.2032,8.5737],"uv_size":[0.1968,0.1406]},"east":{"uv":[6.0032,7.1451],"uv_size":[0.1968,0.1406]},"west":{"uv":[6.0032,7.4309],"uv_size":[0.1968,0.1406]},"up":{"uv":[5.8032,3.4331],"uv_size":[0.1968,0.2811]},"down":{"uv":[2.6032,8.5669],"uv_size":[0.1968,-0.2811]}}}],"name":"rot_2"},{"parent":"geyser_custom_z","pivot":[0,-1.1882,0.9115],"rotation":[0,45,0],"cubes":[{"origin":[-0.3137,-2.7982,0.6048],"size":[0.6436,3.7179,0.5971],"pivot":[0,-1.1882,0.9115],"uv":{"north":{"uv":[3.0024,6.5874],"uv_size":[0.1476,1.0554]},"south":{"uv":[4.6024,4.5874],"uv_size":[0.1476,1.0554]},"east":{"uv":[3.2024,6.5874],"uv_size":[0.1476,1.0554]},"west":{"uv":[3.4024,6.5874],"uv_size":[0.1476,1.0554]},"up":{"uv":[3.2024,8.5749],"uv_size":[0.1476,0.2109]},"down":{"uv":[6.0024,4.7823],"uv_size":[0.1476,-0.2109]}}}],"name":"rot_3"},{"parent":"geyser_custom_z","pivot":[0,-1.2096,-0.0479],"rotation":[22.5,0,0],"cubes":[{"origin":[-0.3439,-1.7063,-0.8877],"size":[0.6878,0.6816,1.1154],"pivot":[0,-1.2096,-0.0479],"uv":{"north":{"uv":[3.9476,8.7823],"uv_size":[-0.1476,-0.2109]},"south":{"uv":[6.1476,5.432],"uv_size":[-0.1476,0.2109]},"east":{"uv":[5.8024,6.0046],"uv_size":[0.1476,0.2811]},"west":{"uv":[5.8024,6.576],"uv_size":[0.1476,0.2811]},"up":{"uv":[5.9476,6.5669],"uv_size":[-0.1476,-0.2811]},"down":{"uv":[5.9476,5.9954],"uv_size":[-0.1476,-0.2811]}}},{"origin":[-0.4338,-1.7992,0.1967],"size":[0.8675,0.8675,0.3408],"pivot":[0,-1.2096,-0.0479],"uv":{"north":{"uv":[4.1476,8.7823],"uv_size":[-0.1476,-0.2109]},"south":{"uv":[6.1476,5.7177],"uv_size":[-0.1476,0.2109]},"east":{"uv":[6.2024,5.7154],"uv_size":[0.1476,0.0703]},"west":{"uv":[6.2024,6.0011],"uv_size":[0.1476,0.0703]},"up":{"uv":[4.3476,8.9274],"uv_size":[-0.1476,-0.0703]},"down":{"uv":[4.1476,8.9274],"uv_size":[-0.1476,-0.0703]}}},{"origin":[-0.5887,-1.9541,-0.8877],"size":[1.1773,1.1773,0.3408],"pivot":[0,-1.2096,-0.0479],"uv":{"north":{"uv":[1.846,8.0657],"uv_size":[-0.246,-0.3514]},"south":{"uv":[5.646,2.2914],"uv_size":[-0.246,0.3514]},"east":{"uv":[2.804,8.8583],"uv_size":[0.246,0.0703]},"west":{"uv":[6.204,4.5726],"uv_size":[0.246,0.0703]},"up":{"uv":[3.446,8.9274],"uv_size":[-0.246,-0.0703]},"down":{"uv":[6.446,3.7846],"uv_size":[-0.246,-0.0703]}}},{"origin":[-0.488,-2.6889,-1.7701],"size":[0.9759,1.859,0.9295],"pivot":[0,-1.2096,-0.0479],"uv":{"north":{"uv":[5.3968,1.3491],"uv_size":[-0.1968,-0.492]},"south":{"uv":[5.3968,3.4366],"uv_size":[-0.1968,0.492]},"east":{"uv":[3.6056,4.576],"uv_size":[0.3444,0.2811]},"west":{"uv":[5.2056,0.576],"uv_size":[0.3444,0.2811]},"up":{"uv":[2.1968,8.5669],"uv_size":[-0.1968,-0.2811]},"down":{"uv":[5.9968,2.8526],"uv_size":[-0.1968,-0.2811]}}},{"origin":[-0.4492,-2.3049,-2.4989],"size":[0.8985,1.1619,1.1618],"pivot":[0,-1.2096,-0.0479],"uv":{"north":{"uv":[0.4032,8.2914],"uv_size":[0.1968,0.3514]},"south":{"uv":[5.8032,0.3514],"uv_size":[0.1968,-0.3514]},"east":{"uv":[3.204,8.0657],"uv_size":[0.246,-0.3514]},"west":{"uv":[5.404,5.2086],"uv_size":[0.246,-0.3514]},"up":{"uv":[5.7968,8.0057],"uv_size":[-0.1968,0.3514]},"down":{"uv":[5.5968,8.0057],"uv_size":[-0.1968,0.3514]}}}],"name":"rot_4"},{"parent":"geyser_custom_z","pivot":[0,12.7599,-0.5327],"rotation":[22.5,0,0],"cubes":[{"origin":[-0.3098,10.5495,-1.0523],"size":[0.6197,4.4207,1.1393],"pivot":[0,12.7599,-0.5327],"uv":{"north":{"uv":[0.2016,10.1269],"uv_size":[0.0984,-4.6983]},"south":{"uv":[0.0016,10.1269],"uv_size":[0.0984,-4.6983]},"east":{"uv":[2.804,4.5554],"uv_size":[0.246,-1.6983]},"west":{"uv":[3.204,4.5554],"uv_size":[0.246,-1.6983]},"up":{"uv":[6.0984,0.8629],"uv_size":[-0.0984,0.3514]},"down":{"uv":[1.6984,8.9229],"uv_size":[-0.0984,-0.3514]}}}],"name":"rot_5"},{"parent":"geyser_custom_z","pivot":[0,16.2603,-3.1874],"rotation":[22.5,0,0],"cubes":[{"origin":[-0.457,16.122,-4.4312],"size":[0.914,0.5042,1.1464],"pivot":[0,16.2603,-3.1874],"uv":{"north":{"uv":[0.6032,8.9977],"uv_size":[0.1968,-0.1406]},"south":{"uv":[6.2032,0.9977],"uv_size":[0.1968,-0.1406]},"east":{"uv":[6.004,4.1406],"uv_size":[0.246,-0.1406]},"west":{"uv":[6.004,4.4263],"uv_size":[0.246,-0.1406]},"up":{"uv":[6.046,2.0046],"uv_size":[-0.246,0.2811]},"down":{"uv":[1.846,8.5669],"uv_size":[-0.246,-0.2811]}}}],"name":"rot_6"},{"parent":"geyser_custom_z","pivot":[-8,13.7652,18.5519],"rotation":[22.5,0,0],"cubes":[{"origin":[0,18.1922,-0.4071],"size":[0,3.6581,0.2],"pivot":[-8,13.7652,18.5519],"uv":{"north":{"uv":[0,0.984],"uv_size":[0,-0.984]},"south":{"uv":[0,0.984],"uv_size":[0,-0.984]},"east":{"uv":[1.6008,9.984],"uv_size":[0.0492,-0.984]},"west":{"uv":[1.6492,9.984],"uv_size":[-0.0492,-0.984]},"up":{"uv":[0,0.0114],"uv_size":[0,0.7029]},"down":{"uv":[0,0.7029],"uv_size":[0,-0.7029]}}}],"name":"rot_7"},{"parent":"geyser_custom_z","pivot":[0,0.597,1.1475],"rotation":[-0,0,0],"cubes":[{"origin":[-0.3098,-1.4658,-0.2536],"size":[0.6197,12.4207,1.1393],"pivot":[0,0.597,1.1475],"uv":{"north":{"uv":[0.2016,10.1269],"uv_size":[0.0984,-4.6983]},"south":{"uv":[0.0016,10.1269],"uv_size":[0.0984,-4.6983]},"east":{"uv":[2.804,4.6983],"uv_size":[0.246,-1.6983]},"west":{"uv":[3.204,4.6983],"uv_size":[0.246,-1.6983]},"up":{"uv":[6.0984,0.8629],"uv_size":[-0.0984,0.3514]},"down":{"uv":[1.6984,8.9229],"uv_size":[-0.0984,-0.3514]}}}],"name":"rot_8"},{"parent":"geyser_custom_z","pivot":[0,0.6924,2.5772],"rotation":[-0,0,0],"cubes":[{"origin":[0,-0.547,1.3379],"size":[0,2.4786,2.4786],"pivot":[0,0.6924,2.5772],"uv":{"north":{"uv":[6.85,11.4989],"uv_size":[0,-0.0703]},"south":{"uv":[6.85,11.4989],"uv_size":[0,-0.0703]},"east":{"uv":[7.6372,12.5554],"uv_size":[-0.7872,-1.1269]},"west":{"uv":[6.8628,12.5554],"uv_size":[0.7872,-1.1269]},"up":{"uv":[6.85,11.4989],"uv_size":[0,-0.0703]},"down":{"uv":[6.85,11.4297],"uv_size":[0,0.0703]}}}],"name":"rot_9"},{"parent":"geyser_custom_z","pivot":[0,3.097,1.8975],"rotation":[-0,0,0],"cubes":[{"origin":[-0.25,1.9755,-0.4733],"size":[0.5,3,3],"pivot":[0,3.097,1.8975],"uv":{"north":{"uv":[3.2,11.5735],"uv_size":[0,-0.145]},"south":{"uv":[3.2,11.4309],"uv_size":[0,0.145]},"east":{"uv":[4.834,13.7697],"uv_size":[-1.634,-2.3411]},"west":{"uv":[3.216,13.7697],"uv_size":[1.634,-2.3411]},"up":{"uv":[3.2,11.4309],"uv_size":[0,0.145]},"down":{"uv":[3.2,11.4309],"uv_size":[0,0.145]}}}],"name":"rot_10"},{"parent":"geyser_custom_z","pivot":[0,12.643,-1.1239],"rotation":[-0,0,0],"cubes":[{"origin":[-0.457,12.3909,-1.6971],"size":[0.914,0.5042,1.1464],"pivot":[0,12.643,-1.1239],"uv":{"north":{"uv":[0.6032,8.9977],"uv_size":[0.1968,-0.1406]},"south":{"uv":[6.2032,0.9977],"uv_size":[0.1968,-0.1406]},"east":{"uv":[6.004,4.1406],"uv_size":[0.246,-0.1406]},"west":{"uv":[6.004,4.4263],"uv_size":[0.246,-0.1406]},"up":{"uv":[6.046,2.0046],"uv_size":[-0.246,0.2811]},"down":{"uv":[1.846,8.5669],"uv_size":[-0.246,-0.2811]}}}],"name":"rot_11"},{"parent":"geyser_custom_z","pivot":[0,16.3603,-3.0874],"rotation":[-0,0,0],"cubes":[{"origin":[-0.2943,16.7028,-3.9981],"size":[0.5887,0.752,0.752],"pivot":[0,16.3603,-3.0874],"uv":{"north":{"uv":[6.2016,3.3537],"uv_size":[0.0984,-0.2109]},"south":{"uv":[6.2016,3.432],"uv_size":[0.0984,0.2109]},"east":{"uv":[3.6024,8.7823],"uv_size":[0.1476,-0.2109]},"west":{"uv":[6.0024,5.3537],"uv_size":[0.1476,-0.2109]},"up":{"uv":[6.2984,1.1463],"uv_size":[-0.0984,0.2109]},"down":{"uv":[6.2984,2.8606],"uv_size":[-0.0984,0.2109]}}},{"origin":[-0.4492,15.7986,-3.6394],"size":[0.8985,1.1618,1.1618],"pivot":[0,16.3603,-3.0874],"uv":{"north":{"uv":[0.4032,8.2914],"uv_size":[0.1968,0.3514]},"south":{"uv":[5.8032,0.3514],"uv_size":[0.1968,-0.3514]},"east":{"uv":[3.204,8.0657],"uv_size":[0.246,-0.3514]},"west":{"uv":[5.404,5.2086],"uv_size":[0.246,-0.3514]},"up":{"uv":[5.7968,8.0057],"uv_size":[-0.1968,0.3514]},"down":{"uv":[5.5968,8.0057],"uv_size":[-0.1968,0.3514]}}}],"name":"rot_12"},{"parent":"geyser_custom_z","pivot":[-0.1,-3.903,2.6475],"rotation":[-0,0,0],"cubes":[{"origin":[0,-3.5745,0.2767],"size":[0,2.9786,2.9786],"pivot":[-0.1,-3.903,2.6475],"uv":{"north":{"uv":[6.05,11.4989],"uv_size":[0,-0.0703]},"south":{"uv":[6.05,11.4989],"uv_size":[0,-0.0703]},"east":{"uv":[6.0628,12.5554],"uv_size":[0.7872,-1.1269]},"west":{"uv":[6.8372,12.5554],"uv_size":[-0.7872,-1.1269]},"up":{"uv":[6.05,11.4989],"uv_size":[0,-0.0703]},"down":{"uv":[6.05,11.4297],"uv_size":[0,0.0703]}}}],"name":"rot_13"},{"parent":"geyser_custom_z","pivot":[0,-6.9382,0.0115],"rotation":[0,-0,0],"cubes":[{"origin":[-0.1,-5.2035,-1.4893],"size":[0.2,2.9786,2.9786],"pivot":[0,-6.9382,0.0115],"uv":{"north":{"uv":[6.05,11.4297],"uv_size":[0,0.0703]},"south":{"uv":[6.05,11.4297],"uv_size":[0,0.0703]},"east":{"uv":[6.0628,11.4446],"uv_size":[0.7872,1.1269]},"west":{"uv":[6.8372,11.4446],"uv_size":[-0.7872,1.1269]},"up":{"uv":[6.05,11.4989],"uv_size":[0,-0.0703]},"down":{"uv":[6.05,11.4297],"uv_size":[0,0.0703]}}}],"name":"rot_14"},{"parent":"geyser_custom_z","pivot":[0,-1.9382,0.0115],"rotation":[0,-0,0],"cubes":[{"origin":[0,-11.9535,-1.4893],"size":[0,2.9786,2.9786],"pivot":[0,-1.9382,0.0115],"uv":{"north":{"uv":[6.05,11.4297],"uv_size":[0,0.0703]},"south":{"uv":[6.05,11.4297],"uv_size":[0,0.0703]},"east":{"uv":[6.0628,11.4446],"uv_size":[0.7872,1.1269]},"west":{"uv":[6.8372,11.4446],"uv_size":[-0.7872,1.1269]},"up":{"uv":[6.05,11.4989],"uv_size":[0,-0.0703]},"down":{"uv":[6.05,11.4297],"uv_size":[0,0.0703]}}}],"name":"rot_15"},{"parent":"geyser_custom_z","pivot":[0,2.2224,-0.084],"rotation":[0,-0,0],"cubes":[{"origin":[0,-1.4817,-0.6733],"size":[0,12.1581,0.2],"pivot":[0,2.2224,-0.084],"uv":{"north":{"uv":[0,0.984],"uv_size":[0,-0.984]},"south":{"uv":[0,0.984],"uv_size":[0,-0.984]},"east":{"uv":[1.6008,9.984],"uv_size":[0.0492,-0.984]},"west":{"uv":[1.6492,9.984],"uv_size":[-0.0492,-0.984]},"up":{"uv":[0,0.0114],"uv_size":[0,0.7029]},"down":{"uv":[0,0.7029],"uv_size":[0,-0.7029]}}}],"name":"rot_16"},{"parent":"geyser_custom_z","pivot":[0,2.2224,1.066],"rotation":[0,-0,0],"cubes":[{"origin":[0,0.5183,0.4767],"size":[0,3.4081,1.1786],"pivot":[0,2.2224,1.066],"uv":{"north":{"uv":[0,0.984],"uv_size":[0,-0.984]},"south":{"uv":[0,0.984],"uv_size":[0,-0.984]},"east":{"uv":[3.604,2.1269],"uv_size":[0.246,-0.984]},"west":{"uv":[3.846,0.984],"uv_size":[-0.246,-0.984]},"up":{"uv":[0,0.0114],"uv_size":[0,0.7029]},"down":{"uv":[0,0.7029],"uv_size":[0,-0.7029]}}}],"name":"rot_17"},{"parent":"geyser_custom_z","pivot":[0,-6.9382,0.0115],"rotation":[-22.5,0,0],"cubes":[{"origin":[0,-5.6499,-0.3762],"size":[0,3.4081,0.9295],"pivot":[0,-6.9382,0.0115],"uv":{"north":{"uv":[0,0.016],"uv_size":[0,0.984]},"south":{"uv":[0,0.016],"uv_size":[0,0.984]},"east":{"uv":[4.4032,2.3017],"uv_size":[0.1968,0.984]},"west":{"uv":[4.4032,3.4446],"uv_size":[0.1968,0.984]},"up":{"uv":[0,0.0046],"uv_size":[0,0.2811]},"down":{"uv":[0,0.2811],"uv_size":[0,-0.2811]}}}],"name":"rot_18"},{"parent":"geyser_custom_z","pivot":[0,-1.2096,-0.0479],"rotation":[-22.5,0,0],"cubes":[{"origin":[-0.45,-1.8196,-1.1838],"size":[0.9,0.9295,3.4081],"pivot":[0,-1.2096,-0.0479],"uv":{"north":{"uv":[0,0.2811],"uv_size":[0,-0.2811]},"south":{"uv":[0,0.0046],"uv_size":[0,0.2811]},"east":{"uv":[1.6032,7.5554],"uv_size":[0.1968,-0.984]},"west":{"uv":[4.6032,3.2697],"uv_size":[0.1968,-0.984]},"up":{"uv":[0,0.016],"uv_size":[0,0.984]},"down":{"uv":[0,0.016],"uv_size":[0,0.984]}}}],"name":"rot_19"},{"parent":"geyser_custom_z","pivot":[0,0.793,-0.3739],"rotation":[-22.5,0,0],"cubes":[{"origin":[-0.457,0.5409,-0.9471],"size":[0.914,0.5042,1.1464],"pivot":[0,0.793,-0.3739],"uv":{"north":{"uv":[0.6032,8.9977],"uv_size":[0.1968,-0.1406]},"south":{"uv":[6.2032,0.9977],"uv_size":[0.1968,-0.1406]},"east":{"uv":[6.004,4.1406],"uv_size":[0.246,-0.1406]},"west":{"uv":[6.004,4.4263],"uv_size":[0.246,-0.1406]},"up":{"uv":[6.046,2.0046],"uv_size":[-0.246,0.2811]},"down":{"uv":[1.846,8.5669],"uv_size":[-0.246,-0.2811]}}}],"name":"rot_20"},{"parent":"geyser_custom_z","pivot":[0,4.793,-0.3739],"rotation":[-22.5,0,0],"cubes":[{"origin":[-0.457,4.5409,-0.9471],"size":[0.914,0.5042,1.1464],"pivot":[0,4.793,-0.3739],"uv":{"north":{"uv":[0.6032,8.9977],"uv_size":[0.1968,-0.1406]},"south":{"uv":[6.2032,0.9977],"uv_size":[0.1968,-0.1406]},"east":{"uv":[6.004,4.1406],"uv_size":[0.246,-0.1406]},"west":{"uv":[6.004,4.4263],"uv_size":[0.246,-0.1406]},"up":{"uv":[6.046,2.0046],"uv_size":[-0.246,0.2811]},"down":{"uv":[1.846,8.5669],"uv_size":[-0.246,-0.2811]}}}],"name":"rot_21"},{"parent":"geyser_custom_z","pivot":[0,8.793,-0.3739],"rotation":[-22.5,0,0],"cubes":[{"origin":[-0.457,8.5409,-0.9471],"size":[0.914,0.5042,1.1464],"pivot":[0,8.793,-0.3739],"uv":{"north":{"uv":[0.6032,8.9977],"uv_size":[0.1968,-0.1406]},"south":{"uv":[6.2032,0.9977],"uv_size":[0.1968,-0.1406]},"east":{"uv":[6.004,4.1406],"uv_size":[0.246,-0.1406]},"west":{"uv":[6.004,4.4263],"uv_size":[0.246,-0.1406]},"up":{"uv":[6.046,2.0046],"uv_size":[-0.246,0.2811]},"down":{"uv":[1.846,8.5669],"uv_size":[-0.246,-0.2811]}}}],"name":"rot_22"},{"parent":"geyser_custom_z","pivot":[0,12.5655,-0.4],"rotation":[-22.5,0,0],"cubes":[{"origin":[-0.4492,11.9846,-0.9809],"size":[0.8985,1.1618,1.1618],"pivot":[0,12.5655,-0.4],"uv":{"north":{"uv":[0.4032,8.2914],"uv_size":[0.1968,0.3514]},"south":{"uv":[5.8032,0.3514],"uv_size":[0.1968,-0.3514]},"east":{"uv":[3.204,8.0657],"uv_size":[0.246,-0.3514]},"west":{"uv":[5.404,5.2086],"uv_size":[0.246,-0.3514]},"up":{"uv":[5.7968,8.0057],"uv_size":[-0.1968,0.3514]},"down":{"uv":[5.5968,8.0057],"uv_size":[-0.1968,0.3514]}}}],"name":"rot_23"},{"parent":"geyser_custom_z","pivot":[0,-6.9382,0.0115],"rotation":[-45,0,0],"cubes":[{"origin":[-0.6971,-4.6977,-3.717],"size":[1.3942,1.4717,1.4717],"pivot":[0,-6.9382,0.0115],"uv":{"north":{"uv":[4.8048,4.5783],"uv_size":[0.2952,0.4217]},"south":{"uv":[4.8048,5.7211],"uv_size":[0.2952,0.4217]},"east":{"uv":[4.8048,5.1497],"uv_size":[0.2952,0.4217]},"west":{"uv":[4.2048,6.864],"uv_size":[0.2952,0.4217]},"up":{"uv":[4.8048,6.2926],"uv_size":[0.2952,0.4217]},"down":{"uv":[4.6048,7.2789],"uv_size":[0.2952,-0.4217]}}}],"name":"rot_24"},{"parent":"geyser_custom_z","pivot":[0,-4.7845,0],"rotation":[-45,0,0],"cubes":[{"origin":[-0.4492,-5.3654,-0.5809],"size":[0.8985,1.1619,1.1618],"pivot":[0,-4.7845,0],"uv":{"north":{"uv":[0.4032,8.2914],"uv_size":[0.1968,0.3514]},"south":{"uv":[5.8032,0.3514],"uv_size":[0.1968,-0.3514]},"east":{"uv":[3.204,8.0657],"uv_size":[0.246,-0.3514]},"west":{"uv":[5.404,5.2086],"uv_size":[0.246,-0.3514]},"up":{"uv":[5.7968,8.0057],"uv_size":[-0.1968,0.3514]},"down":{"uv":[5.5968,8.0057],"uv_size":[-0.1968,0.3514]}}}],"name":"rot_25"},{"parent":"geyser_custom_z","pivot":[0,-1.9382,0.0115],"rotation":[-45,0,0],"cubes":[{"origin":[-0.6971,-8.0157,4.756],"size":[1.3942,1.3167,1.3168],"pivot":[0,-1.9382,0.0115],"uv":{"north":{"uv":[2.6048,7.1486],"uv_size":[0.2952,0.3514]},"south":{"uv":[5.0048,4.0057],"uv_size":[0.2952,0.3514]},"east":{"uv":[4.004,7.4343],"uv_size":[0.246,0.3514]},"west":{"uv":[5.204,6.0057],"uv_size":[0.246,0.3514]},"up":{"uv":[5.0048,6.8629],"uv_size":[0.2952,0.3514]},"down":{"uv":[5.2048,0.3514],"uv_size":[0.2952,-0.3514]}}}],"name":"rot_26"},{"parent":"geyser_custom_z","pivot":[0,-1.2096,-0.0479],"rotation":[-45,0,0],"cubes":[{"origin":[-0.2324,-2.9364,-1.3021],"size":[0.4647,1.1618,1.1618],"pivot":[0,-1.2096,-0.0479],"uv":{"north":{"uv":[2.0984,8.9229],"uv_size":[-0.0984,-0.3514]},"south":{"uv":[6.0984,2.8629],"uv_size":[-0.0984,0.3514]},"east":{"uv":[2.404,7.72],"uv_size":[0.246,0.3514]},"west":{"uv":[5.404,3.4343],"uv_size":[0.246,0.3514]},"up":{"uv":[1.8984,8.9229],"uv_size":[-0.0984,-0.3514]},"down":{"uv":[6.0984,2.6371],"uv_size":[-0.0984,-0.3514]}}}],"name":"rot_27"},{"parent":"geyser_custom_z","pivot":[0,0.4655,0.25],"rotation":[-45,0,0],"cubes":[{"origin":[-0.4492,-0.1154,-0.3309],"size":[0.8985,1.1619,1.1618],"pivot":[0,0.4655,0.25],"uv":{"north":{"uv":[0.4032,8.2914],"uv_size":[0.1968,0.3514]},"south":{"uv":[5.8032,0.3514],"uv_size":[0.1968,-0.3514]},"east":{"uv":[3.204,8.0657],"uv_size":[0.246,-0.3514]},"west":{"uv":[5.404,5.2086],"uv_size":[0.246,-0.3514]},"up":{"uv":[5.7968,8.0057],"uv_size":[-0.1968,0.3514]},"down":{"uv":[5.5968,8.0057],"uv_size":[-0.1968,0.3514]}}}],"name":"rot_28"},{"parent":"geyser_custom_z","pivot":[0,4.4655,0.25],"rotation":[-45,0,0],"cubes":[{"origin":[-0.4492,3.8846,-0.3309],"size":[0.8985,1.1618,1.1618],"pivot":[0,4.4655,0.25],"uv":{"north":{"uv":[0.4032,8.2914],"uv_size":[0.1968,0.3514]},"south":{"uv":[5.8032,0.3514],"uv_size":[0.1968,-0.3514]},"east":{"uv":[3.204,8.0657],"uv_size":[0.246,-0.3514]},"west":{"uv":[5.404,5.2086],"uv_size":[0.246,-0.3514]},"up":{"uv":[5.7968,8.0057],"uv_size":[-0.1968,0.3514]},"down":{"uv":[5.5968,8.0057],"uv_size":[-0.1968,0.3514]}}}],"name":"rot_29"},{"parent":"geyser_custom_z","pivot":[0,8.4655,0.25],"rotation":[-45,0,0],"cubes":[{"origin":[-0.4492,7.8846,-0.3309],"size":[0.8985,1.1619,1.1618],"pivot":[0,8.4655,0.25],"uv":{"north":{"uv":[0.4032,8.2914],"uv_size":[0.1968,0.3514]},"south":{"uv":[5.8032,0.3514],"uv_size":[0.1968,-0.3514]},"east":{"uv":[3.204,8.0657],"uv_size":[0.246,-0.3514]},"west":{"uv":[5.404,5.2086],"uv_size":[0.246,-0.3514]},"up":{"uv":[5.7968,8.0057],"uv_size":[-0.1968,0.3514]},"down":{"uv":[5.5968,8.0057],"uv_size":[-0.1968,0.3514]}}}],"name":"rot_30"},{"parent":"geyser_custom_z","pivot":[0,16.3603,-3.0874],"rotation":[-45,0,0],"cubes":[{"origin":[-0.3098,15.8999,-3.9607],"size":[0.6197,1.1393,3.4207],"pivot":[0,16.3603,-3.0874],"uv":{"north":{"uv":[6.0016,1.2086],"uv_size":[0.0984,-0.3514]},"south":{"uv":[1.6016,8.5771],"uv_size":[0.0984,0.3514]},"east":{"uv":[2.804,1.6983],"uv_size":[0.246,-1.6983]},"west":{"uv":[3.204,1.6983],"uv_size":[0.246,-1.6983]},"up":{"uv":[0.0984,5.4446],"uv_size":[-0.0984,4.6983]},"down":{"uv":[0.2984,5.4446],"uv_size":[-0.0984,4.6983]}}}],"name":"rot_31"}]}]}
