{"format_version":"1.16.0","minecraft:geometry":[{"description":{"identifier":"geometry.geyser_custom.geo_9da34a0","texture_width":16,"texture_height":16,"visible_bounds_width":4,"visible_bounds_height":4.5,"visible_bounds_offset":[0,0.75,0]},"bones":[{"name":"geyser_custom","binding":"c.item_slot == 'head' ? 'head' : q.item_slot_to_bone_name(c.item_slot)","pivot":[0,8,0]},{"name":"geyser_custom_x","parent":"geyser_custom","pivot":[0,8,0]},{"name":"geyser_custom_y","parent":"geyser_custom_x","pivot":[0,8,0]},{"name":"geyser_custom_z","parent":"geyser_custom_y","pivot":[0,8,0],"cubes":[]},{"parent":"geyser_custom_z","pivot":[0,-5.7524,0],"rotation":[0,45,0],"cubes":[{"origin":[-0.3218,-8.9482,-0.2985],"size":[0.6436,3.7179,0.5971],"pivot":[0,-5.7524,0],"uv":{"north":{"uv":[3.0024,6.5874],"uv_size":[0.1476,1.0554]},"south":{"uv":[4.6024,4.5874],"uv_size":[0.1476,1.0554]},"east":{"uv":[3.2024,6.5874],"uv_size":[0.1476,1.0554]},"west":{"uv":[3.4024,6.5874],"uv_size":[0.1476,1.0554]},"up":{"uv":[3.2024,8.5749],"uv_size":[0.1476,0.2109]},"down":{"uv":[6.0024,4.7823],"uv_size":[0.1476,-0.2109]}}},{"origin":[-0.3683,-8.9482,-0.345],"size":[0.7365,3.7179,0.6901],"pivot":[0,-5.7524,0],"uv":{"north":{"uv":[3.6024,6.5874],"uv_size":[0.1476,1.0554]},"south":{"uv":[4.6024,5.7303],"uv_size":[0.1476,1.0554]},"east":{"uv":[3.8024,6.5874],"uv_size":[0.1476,1.0554]},"west":{"uv":[4.8024,0.016],"uv_size":[0.1476,1.0554]},"up":{"uv":[3.4024,8.5749],"uv_size":[0.1476,0.2109]},"down":{"uv":[6.0024,5.068],"uv_size":[0.1476,-0.2109]}}},{"origin":[-0.488,-6.5084,-0.4647],"size":[0.9759,0.4647,0.9295],"pivot":[0,-5.7524,0],"uv":{"north":{"uv":[5.0032,8.5737],"uv_size":[0.1968,0.1406]},"south":{"uv":[5.2032,8.5737],"uv_size":[0.1968,0.1406]},"east":{"uv":[6.0032,7.1451],"uv_size":[0.1968,0.1406]},"west":{"uv":[6.0032,7.4309],"uv_size":[0.1968,0.1406]},"up":{"uv":[5.8032,3.4331],"uv_size":[0.1968,0.2811]},"down":{"uv":[2.6032,8.5669],"uv_size":[0.1968,-0.2811]}}},{"origin":[-0.488,-5.5951,-0.4647],"size":[0.9759,0.4647,0.9295],"pivot":[0,-5.7524,0],"uv":{"north":{"uv":[5.0032,8.5737],"uv_size":[0.1968,0.1406]},"south":{"uv":[5.2032,8.5737],"uv_size":[0.1968,0.1406]},"east":{"uv":[6.0032,7.1451],"uv_size":[0.1968,0.1406]},"west":{"uv":[6.0032,7.4309],"uv_size":[0.1968,0.1406]},"up":{"uv":[5.8032,3.4331],"uv_size":[0.1968,0.2811]},"down":{"uv":[2.6032,8.5669],"uv_size":[0.1968,-0.2811]}}},{"origin":[-0.488,-8.4835,-0.4647],"size":[0.9759,0.4647,0.9295],"pivot":[0,-5.7524,0],"uv":{"north":{"uv":[5.0032,8.5737],"uv_size":[0.1968,0.1406]},"south":{"uv":[5.2032,8.5737],"uv_size":[0.1968,0.1406]},"east":{"uv":[6.0032,7.1451],"uv_size":[0.1968,0.1406]},"west":{"uv":[6.0032,7.4309],"uv_size":[0.1968,0.1406]},"up":{"uv":[5.8032,3.4331],"uv_size":[0.1968,0.2811]},"down":{"uv":[2.6032,8.5669],"uv_size":[0.1968,-0.2811]}}},{"origin":[-0.488,-9.3968,-0.4647],"size":[0.9759,0.4647,0.9295],"pivot":[0,-5.7524,0],"uv":{"north":{"uv":[5.0032,8.5737],"uv_size":[0.1968,0.1406]},"south":{"uv":[5.2032,8.5737],"uv_size":[0.1968,0.1406]},"east":{"uv":[6.0032,7.1451],"uv_size":[0.1968,0.1406]},"west":{"uv":[6.0032,7.4309],"uv_size":[0.1968,0.1406]},"up":{"uv":[5.8032,3.4331],"uv_size":[0.1968,0.2811]},"down":{"uv":[2.6032,8.5669],"uv_size":[0.1968,-0.2811]}}}],"name":"rot_1"},{"parent":"geyser_custom_z","pivot":[0,-5.7524,0],"rotation":[22.5,0,0],"cubes":[{"origin":[-0.488,-4.8062,-1.12],"size":[0.9759,1.8589,0.9295],"pivot":[0,-5.7524,0],"uv":{"north":{"uv":[5.3968,5.4366],"uv_size":[-0.1968,0.492]},"south":{"uv":[5.3968,5.3491],"uv_size":[-0.1968,-0.492]},"east":{"uv":[5.2056,1.4331],"uv_size":[0.3444,0.2811]},"west":{"uv":[5.2056,4.576],"uv_size":[0.3444,0.2811]},"up":{"uv":[5.9968,3.1383],"uv_size":[-0.1968,-0.2811]},"down":{"uv":[2.3968,8.5669],"uv_size":[-0.1968,-0.2811]}}},{"origin":[-0.2324,-5.0059,1.9167],"size":[0.4647,1.1618,1.1618],"pivot":[0,-5.7524,0],"uv":{"north":{"uv":[2.4984,8.5771],"uv_size":[-0.0984,0.3514]},"south":{"uv":[2.2984,8.5771],"uv_size":[-0.0984,0.3514]},"east":{"uv":[3.046,7.72],"uv_size":[-0.246,0.3514]},"west":{"uv":[5.646,4.0057],"uv_size":[-0.246,0.3514]},"up":{"uv":[6.0016,3.78],"uv_size":[0.0984,-0.3514]},"down":{"uv":[2.6016,8.5771],"uv_size":[0.0984,0.3514]}}}],"name":"rot_2"},{"parent":"geyser_custom_z","pivot":[0,-5.7524,0],"rotation":[0,22.5,0],"cubes":[{"origin":[0.8026,-4.6107,-1.9384],"size":[0,3.4081,0.9295],"pivot":[0,-5.7524,0],"uv":{"north":{"uv":[0,0.016],"uv_size":[0,0.984]},"south":{"uv":[0,0.016],"uv_size":[0,0.984]},"east":{"uv":[1.6032,6.5874],"uv_size":[0.1968,0.984]},"west":{"uv":[4.6032,2.3017],"uv_size":[0.1968,0.984]},"up":{"uv":[0,0.0046],"uv_size":[0,0.2811]},"down":{"uv":[0,0.2811],"uv_size":[0,-0.2811]}}},{"origin":[-0.8026,-4.6107,1.009],"size":[0,3.4081,0.9295],"pivot":[0,-5.7524,0],"uv":{"north":{"uv":[0,0.016],"uv_size":[0,0.984]},"south":{"uv":[0,0.016],"uv_size":[0,0.984]},"east":{"uv":[4.4032,4.5874],"uv_size":[0.1968,0.984]},"west":{"uv":[4.0032,6.3017],"uv_size":[0.1968,0.984]},"up":{"uv":[0,0.0046],"uv_size":[0,0.2811]},"down":{"uv":[0,0.2811],"uv_size":[0,-0.2811]}}}],"name":"rot_3"},{"parent":"geyser_custom_z","pivot":[0,-5.7524,0],"rotation":[-0,0,0],"cubes":[{"origin":[-0.3439,-9.322,-1.0581],"size":[0.6878,0.6816,1.1154],"pivot":[0,-5.7524,0],"uv":{"north":{"uv":[6.0024,5.432],"uv_size":[0.1476,0.2109]},"south":{"uv":[3.8024,8.7823],"uv_size":[0.1476,-0.2109]},"east":{"uv":[5.8024,6.2811],"uv_size":[0.1476,-0.2811]},"west":{"uv":[5.8024,6.8526],"uv_size":[0.1476,-0.2811]},"up":{"uv":[5.9476,6.2903],"uv_size":[-0.1476,0.2811]},"down":{"uv":[5.9476,5.7189],"uv_size":[-0.1476,0.2811]}}},{"origin":[-0.4338,-9.415,-1.368],"size":[0.8675,0.8675,0.3408],"pivot":[0,-5.7524,0],"uv":{"north":{"uv":[6.0024,5.7177],"uv_size":[0.1476,0.2109]},"south":{"uv":[4.0024,8.7823],"uv_size":[0.1476,-0.2109]},"east":{"uv":[6.2024,5.7846],"uv_size":[0.1476,-0.0703]},"west":{"uv":[6.2024,6.0703],"uv_size":[0.1476,-0.0703]},"up":{"uv":[4.3476,8.8583],"uv_size":[-0.1476,0.0703]},"down":{"uv":[4.1476,8.8583],"uv_size":[-0.1476,0.0703]}}},{"origin":[-0.3439,-7.872,-0.8081],"size":[0.6878,0.6816,1.1154],"pivot":[0,-5.7524,0],"uv":{"north":{"uv":[6.0024,5.432],"uv_size":[0.1476,0.2109]},"south":{"uv":[3.8024,8.7823],"uv_size":[0.1476,-0.2109]},"east":{"uv":[5.8024,6.2811],"uv_size":[0.1476,-0.2811]},"west":{"uv":[5.8024,6.8526],"uv_size":[0.1476,-0.2811]},"up":{"uv":[5.9476,6.2903],"uv_size":[-0.1476,0.2811]},"down":{"uv":[5.9476,5.7189],"uv_size":[-0.1476,0.2811]}}},{"origin":[-0.4338,-7.965,-1.118],"size":[0.8675,0.8675,0.3408],"pivot":[0,-5.7524,0],"uv":{"north":{"uv":[6.0024,5.7177],"uv_size":[0.1476,0.2109]},"south":{"uv":[4.0024,8.7823],"uv_size":[0.1476,-0.2109]},"east":{"uv":[6.2024,5.7846],"uv_size":[0.1476,-0.0703]},"west":{"uv":[6.2024,6.0703],"uv_size":[0.1476,-0.0703]},"up":{"uv":[4.3476,8.8583],"uv_size":[-0.1476,0.0703]},"down":{"uv":[4.1476,8.8583],"uv_size":[-0.1476,0.0703]}}},{"origin":[-0.5887,-9.5699,-0.2836],"size":[1.1773,1.1773,0.3408],"pivot":[0,-5.7524,0],"uv":{"north":{"uv":[5.404,2.2914],"uv_size":[0.246,0.3514]},"south":{"uv":[1.604,8.0657],"uv_size":[0.246,-0.3514]},"east":{"uv":[2.804,8.9274],"uv_size":[0.246,-0.0703]},"west":{"uv":[6.204,4.6417],"uv_size":[0.246,-0.0703]},"up":{"uv":[3.446,8.8583],"uv_size":[-0.246,0.0703]},"down":{"uv":[6.446,3.7154],"uv_size":[-0.246,0.0703]}}},{"origin":[0.3554,-4.6107,-1.2393],"size":[0,3.4081,2.4786],"pivot":[0,-5.7524,0],"uv":{"north":{"uv":[0,0.016],"uv_size":[0,0.984]},"south":{"uv":[0,0.016],"uv_size":[0,0.984]},"east":{"uv":[3.608,2.3017],"uv_size":[0.492,0.984]},"west":{"uv":[3.608,3.4446],"uv_size":[0.492,0.984]},"up":{"uv":[0,0.0114],"uv_size":[0,0.7029]},"down":{"uv":[0,0.7029],"uv_size":[0,-0.7029]}}},{"origin":[-0.3554,-4.6107,-1.2393],"size":[0,3.4081,2.4786],"pivot":[0,-5.7524,0],"uv":{"north":{"uv":[0,0.016],"uv_size":[0,0.984]},"south":{"uv":[0,0.016],"uv_size":[0,0.984]},"east":{"uv":[3.608,0.016],"uv_size":[0.492,0.984]},"west":{"uv":[3.608,1.1589],"uv_size":[0.492,0.984]},"up":{"uv":[0,0.0114],"uv_size":[0,0.7029]},"down":{"uv":[0,0.7029],"uv_size":[0,-0.7029]}}},{"origin":[-0.35,-3.4035,-1.4893],"size":[0.7,2.9786,2.9786],"pivot":[0,-5.7524,0],"uv":{"north":{"uv":[6.05,11.4297],"uv_size":[0,0.0703]},"south":{"uv":[6.05,11.4297],"uv_size":[0,0.0703]},"east":{"uv":[6.0628,11.4446],"uv_size":[0.7872,1.1269]},"west":{"uv":[6.8372,11.4446],"uv_size":[-0.7872,1.1269]},"up":{"uv":[6.05,11.4297],"uv_size":[0,0.0703]},"down":{"uv":[6.05,11.4989],"uv_size":[0,-0.0703]}}},{"origin":[-0.5,-5.9535,-1.7393],"size":[1,2.9786,3.4786],"pivot":[0,-5.7524,0],"uv":{"north":{"uv":[3.2,11.4309],"uv_size":[0,0.145]},"south":{"uv":[3.2,11.5735],"uv_size":[0,-0.145]},"east":{"uv":[3.216,13.7697],"uv_size":[1.634,-2.3411]},"west":{"uv":[4.834,13.7697],"uv_size":[-1.634,-2.3411]},"up":{"uv":[3.2,11.4309],"uv_size":[0,0.145]},"down":{"uv":[3.2,11.4309],"uv_size":[0,0.145]}}},{"origin":[-0.5732,-2.8272,-0.457],"size":[1.1464,0.5042,0.914],"pivot":[0,-5.7524,0],"uv":{"north":{"uv":[6.004,4.0023],"uv_size":[0.246,0.1406]},"south":{"uv":[6.004,4.288],"uv_size":[0.246,0.1406]},"east":{"uv":[0.6032,8.8594],"uv_size":[0.1968,0.1406]},"west":{"uv":[6.2032,0.8594],"uv_size":[0.1968,0.1406]},"up":{"uv":[5.804,2.0046],"uv_size":[0.246,0.2811]},"down":{"uv":[1.604,8.5669],"uv_size":[0.246,-0.2811]}}}],"name":"rot_4"},{"parent":"geyser_custom_z","pivot":[0,-5.7524,0],"rotation":[0,-0,0],"cubes":[{"origin":[-0.3439,-9.322,-1.0581],"size":[0.6878,0.6816,1.1154],"pivot":[0,-5.7524,0],"uv":{"north":{"uv":[6.0024,5.432],"uv_size":[0.1476,0.2109]},"south":{"uv":[3.8024,8.7823],"uv_size":[0.1476,-0.2109]},"east":{"uv":[5.8024,6.2811],"uv_size":[0.1476,-0.2811]},"west":{"uv":[5.8024,6.8526],"uv_size":[0.1476,-0.2811]},"up":{"uv":[5.9476,6.2903],"uv_size":[-0.1476,0.2811]},"down":{"uv":[5.9476,5.7189],"uv_size":[-0.1476,0.2811]}}},{"origin":[-0.4338,-9.415,-1.368],"size":[0.8675,0.8675,0.3408],"pivot":[0,-5.7524,0],"uv":{"north":{"uv":[6.0024,5.7177],"uv_size":[0.1476,0.2109]},"south":{"uv":[4.0024,8.7823],"uv_size":[0.1476,-0.2109]},"east":{"uv":[6.2024,5.7846],"uv_size":[0.1476,-0.0703]},"west":{"uv":[6.2024,6.0703],"uv_size":[0.1476,-0.0703]},"up":{"uv":[4.3476,8.8583],"uv_size":[-0.1476,0.0703]},"down":{"uv":[4.1476,8.8583],"uv_size":[-0.1476,0.0703]}}},{"origin":[-0.3439,-7.872,-0.8081],"size":[0.6878,0.6816,1.1154],"pivot":[0,-5.7524,0],"uv":{"north":{"uv":[6.0024,5.432],"uv_size":[0.1476,0.2109]},"south":{"uv":[3.8024,8.7823],"uv_size":[0.1476,-0.2109]},"east":{"uv":[5.8024,6.2811],"uv_size":[0.1476,-0.2811]},"west":{"uv":[5.8024,6.8526],"uv_size":[0.1476,-0.2811]},"up":{"uv":[5.9476,6.2903],"uv_size":[-0.1476,0.2811]},"down":{"uv":[5.9476,5.7189],"uv_size":[-0.1476,0.2811]}}},{"origin":[-0.4338,-7.965,-1.118],"size":[0.8675,0.8675,0.3408],"pivot":[0,-5.7524,0],"uv":{"north":{"uv":[6.0024,5.7177],"uv_size":[0.1476,0.2109]},"south":{"uv":[4.0024,8.7823],"uv_size":[0.1476,-0.2109]},"east":{"uv":[6.2024,5.7846],"uv_size":[0.1476,-0.0703]},"west":{"uv":[6.2024,6.0703],"uv_size":[0.1476,-0.0703]},"up":{"uv":[4.3476,8.8583],"uv_size":[-0.1476,0.0703]},"down":{"uv":[4.1476,8.8583],"uv_size":[-0.1476,0.0703]}}},{"origin":[-0.5887,-9.5699,-0.2836],"size":[1.1773,1.1773,0.3408],"pivot":[0,-5.7524,0],"uv":{"north":{"uv":[5.404,2.2914],"uv_size":[0.246,0.3514]},"south":{"uv":[1.604,8.0657],"uv_size":[0.246,-0.3514]},"east":{"uv":[2.804,8.9274],"uv_size":[0.246,-0.0703]},"west":{"uv":[6.204,4.6417],"uv_size":[0.246,-0.0703]},"up":{"uv":[3.446,8.8583],"uv_size":[-0.246,0.0703]},"down":{"uv":[6.446,3.7154],"uv_size":[-0.246,0.0703]}}},{"origin":[0.3554,-4.6107,-1.2393],"size":[0,3.4081,2.4786],"pivot":[0,-5.7524,0],"uv":{"north":{"uv":[0,0.016],"uv_size":[0,0.984]},"south":{"uv":[0,0.016],"uv_size":[0,0.984]},"east":{"uv":[3.608,2.3017],"uv_size":[0.492,0.984]},"west":{"uv":[3.608,3.4446],"uv_size":[0.492,0.984]},"up":{"uv":[0,0.0114],"uv_size":[0,0.7029]},"down":{"uv":[0,0.7029],"uv_size":[0,-0.7029]}}},{"origin":[-0.3554,-4.6107,-1.2393],"size":[0,3.4081,2.4786],"pivot":[0,-5.7524,0],"uv":{"north":{"uv":[0,0.016],"uv_size":[0,0.984]},"south":{"uv":[0,0.016],"uv_size":[0,0.984]},"east":{"uv":[3.608,0.016],"uv_size":[0.492,0.984]},"west":{"uv":[3.608,1.1589],"uv_size":[0.492,0.984]},"up":{"uv":[0,0.0114],"uv_size":[0,0.7029]},"down":{"uv":[0,0.7029],"uv_size":[0,-0.7029]}}},{"origin":[-0.35,-3.4035,-1.4893],"size":[0.7,2.9786,2.9786],"pivot":[0,-5.7524,0],"uv":{"north":{"uv":[6.05,11.4297],"uv_size":[0,0.0703]},"south":{"uv":[6.05,11.4297],"uv_size":[0,0.0703]},"east":{"uv":[6.0628,11.4446],"uv_size":[0.7872,1.1269]},"west":{"uv":[6.8372,11.4446],"uv_size":[-0.7872,1.1269]},"up":{"uv":[6.05,11.4297],"uv_size":[0,0.0703]},"down":{"uv":[6.05,11.4989],"uv_size":[0,-0.0703]}}},{"origin":[-0.5,-5.9535,-1.7393],"size":[1,2.9786,3.4786],"pivot":[0,-5.7524,0],"uv":{"north":{"uv":[3.2,11.4309],"uv_size":[0,0.145]},"south":{"uv":[3.2,11.5735],"uv_size":[0,-0.145]},"east":{"uv":[3.216,13.7697],"uv_size":[1.634,-2.3411]},"west":{"uv":[4.834,13.7697],"uv_size":[-1.634,-2.3411]},"up":{"uv":[3.2,11.4309],"uv_size":[0,0.145]},"down":{"uv":[3.2,11.4309],"uv_size":[0,0.145]}}},{"origin":[-0.5732,-2.8272,-0.457],"size":[1.1464,0.5042,0.914],"pivot":[0,-5.7524,0],"uv":{"north":{"uv":[6.004,4.0023],"uv_size":[0.246,0.1406]},"south":{"uv":[6.004,4.288],"uv_size":[0.246,0.1406]},"east":{"uv":[0.6032,8.8594],"uv_size":[0.1968,0.1406]},"west":{"uv":[6.2032,0.8594],"uv_size":[0.1968,0.1406]},"up":{"uv":[5.804,2.0046],"uv_size":[0.246,0.2811]},"down":{"uv":[1.604,8.5669],"uv_size":[0.246,-0.2811]}}}],"name":"rot_5"},{"parent":"geyser_custom_z","pivot":[0,-5.7524,0],"rotation":[-22.5,0,0],"cubes":[{"origin":[-0.2324,-5.0059,-3.0785],"size":[0.4647,1.1618,1.1618],"pivot":[0,-5.7524,0],"uv":{"north":{"uv":[2.2016,8.5771],"uv_size":[0.0984,0.3514]},"south":{"uv":[2.4016,8.5771],"uv_size":[0.0984,0.3514]},"east":{"uv":[2.804,7.72],"uv_size":[0.246,0.3514]},"west":{"uv":[5.404,4.0057],"uv_size":[0.246,0.3514]},"up":{"uv":[6.0016,3.4343],"uv_size":[0.0984,0.3514]},"down":{"uv":[2.6016,8.9229],"uv_size":[0.0984,-0.3514]}}},{"origin":[-0.488,-4.8062,0.1906],"size":[0.9759,1.8589,0.9295],"pivot":[0,-5.7524,0],"uv":{"north":{"uv":[5.2032,5.3491],"uv_size":[0.1968,-0.492]},"south":{"uv":[5.2032,5.4366],"uv_size":[0.1968,0.492]},"east":{"uv":[5.2056,1.7097],"uv_size":[0.3444,-0.2811]},"west":{"uv":[5.2056,4.8526],"uv_size":[0.3444,-0.2811]},"up":{"uv":[5.9968,2.8617],"uv_size":[-0.1968,0.2811]},"down":{"uv":[2.3968,8.2903],"uv_size":[-0.1968,0.2811]}}}],"name":"rot_6"},{"parent":"geyser_custom_z","pivot":[0,-5.7524,0],"rotation":[0,-22.5,0],"cubes":[{"origin":[-0.8026,-4.6107,-1.9384],"size":[0,3.4081,0.9295],"pivot":[0,-5.7524,0],"uv":{"north":{"uv":[0,0.016],"uv_size":[0,0.984]},"south":{"uv":[0,0.016],"uv_size":[0,0.984]},"east":{"uv":[4.4032,5.7303],"uv_size":[0.1968,0.984]},"west":{"uv":[4.6032,0.016],"uv_size":[0.1968,0.984]},"up":{"uv":[0,0.0046],"uv_size":[0,0.2811]},"down":{"uv":[0,0.2811],"uv_size":[0,-0.2811]}}},{"origin":[0.8026,-4.6107,1.009],"size":[0,3.4081,0.9295],"pivot":[0,-5.7524,0],"uv":{"north":{"uv":[0,0.016],"uv_size":[0,0.984]},"south":{"uv":[0,0.016],"uv_size":[0,0.984]},"east":{"uv":[4.4032,2.3017],"uv_size":[0.1968,0.984]},"west":{"uv":[4.4032,3.4446],"uv_size":[0.1968,0.984]},"up":{"uv":[0,0.0046],"uv_size":[0,0.2811]},"down":{"uv":[0,0.2811],"uv_size":[0,-0.2811]}}}],"name":"rot_7"},{"parent":"geyser_custom_z","pivot":[0,-5.7524,0],"rotation":[-45,0,0],"cubes":[{"origin":[-0.6971,-5.7564,-1.4676],"size":[1.3942,1.4717,1.4717],"pivot":[0,-5.7524,0],"uv":{"north":{"uv":[4.8048,4.5783],"uv_size":[0.2952,0.4217]},"south":{"uv":[4.8048,5.7211],"uv_size":[0.2952,0.4217]},"east":{"uv":[4.8048,5.1497],"uv_size":[0.2952,0.4217]},"west":{"uv":[4.2048,6.864],"uv_size":[0.2952,0.4217]},"up":{"uv":[4.8048,6.2926],"uv_size":[0.2952,0.4217]},"down":{"uv":[4.6048,7.2789],"uv_size":[0.2952,-0.4217]}}},{"origin":[-0.4492,-3.6789,-3.2354],"size":[0.8985,1.1618,1.1619],"pivot":[0,-5.7524,0],"uv":{"north":{"uv":[5.4032,8.0057],"uv_size":[0.1968,0.3514]},"south":{"uv":[5.6032,8.0057],"uv_size":[0.1968,0.3514]},"east":{"uv":[3.204,7.72],"uv_size":[0.246,0.3514]},"west":{"uv":[5.404,4.8629],"uv_size":[0.246,0.3514]},"up":{"uv":[5.8032,0.0057],"uv_size":[0.1968,0.3514]},"down":{"uv":[0.4032,8.6371],"uv_size":[0.1968,-0.3514]}}},{"origin":[-0.6971,-9.1248,2.0556],"size":[1.3942,1.3167,1.3168],"pivot":[0,-5.7524,0],"uv":{"north":{"uv":[2.6048,7.1486],"uv_size":[0.2952,0.3514]},"south":{"uv":[5.0048,4.0057],"uv_size":[0.2952,0.3514]},"east":{"uv":[4.004,7.4343],"uv_size":[0.246,0.3514]},"west":{"uv":[5.204,6.0057],"uv_size":[0.246,0.3514]},"up":{"uv":[5.0048,6.8629],"uv_size":[0.2952,0.3514]},"down":{"uv":[5.2048,0.3514],"uv_size":[0.2952,-0.3514]}}}],"name":"rot_8"}]}]}
