{"format_version":"1.16.0","minecraft:geometry":[{"description":{"identifier":"geometry.geyser_custom.geo_6cd4abb","texture_width":16,"texture_height":16,"visible_bounds_width":4,"visible_bounds_height":4.5,"visible_bounds_offset":[0,0.75,0]},"bones":[{"name":"geyser_custom","binding":"c.item_slot == 'head' ? 'head' : q.item_slot_to_bone_name(c.item_slot)","pivot":[0,8,0]},{"name":"geyser_custom_x","parent":"geyser_custom","pivot":[0,8,0]},{"name":"geyser_custom_y","parent":"geyser_custom_x","pivot":[0,8,0]},{"name":"geyser_custom_z","parent":"geyser_custom_y","pivot":[0,8,0],"cubes":[]},{"parent":"geyser_custom_z","pivot":[0,-1.9382,0],"rotation":[45,0,0],"cubes":[{"origin":[-0.3439,4.025,2.3732],"size":[0.6878,0.6816,1.1154],"pivot":[0,-1.9382,0],"uv":{"north":{"uv":[3.9476,8.7823],"uv_size":[-0.1476,-0.2109]},"south":{"uv":[6.1476,5.432],"uv_size":[-0.1476,0.2109]},"east":{"uv":[5.8024,6.0046],"uv_size":[0.1476,0.2811]},"west":{"uv":[5.8024,6.576],"uv_size":[0.1476,0.2811]},"up":{"uv":[5.9476,6.5669],"uv_size":[-0.1476,-0.2811]},"down":{"uv":[5.9476,5.9954],"uv_size":[-0.1476,-0.2811]}}},{"origin":[-0.4338,3.9321,3.4576],"size":[0.8675,0.8675,0.3408],"pivot":[0,-1.9382,0],"uv":{"north":{"uv":[4.1476,8.7823],"uv_size":[-0.1476,-0.2109]},"south":{"uv":[6.1476,5.7177],"uv_size":[-0.1476,0.2109]},"east":{"uv":[6.2024,5.7154],"uv_size":[0.1476,0.0703]},"west":{"uv":[6.2024,6.0011],"uv_size":[0.1476,0.0703]},"up":{"uv":[4.3476,8.9274],"uv_size":[-0.1476,-0.0703]},"down":{"uv":[4.1476,8.9274],"uv_size":[-0.1476,-0.0703]}}},{"origin":[-0.5887,3.7772,2.3732],"size":[1.1773,1.1773,0.3408],"pivot":[0,-1.9382,0],"uv":{"north":{"uv":[1.846,8.0657],"uv_size":[-0.246,-0.3514]},"south":{"uv":[5.646,2.2914],"uv_size":[-0.246,0.3514]},"east":{"uv":[2.804,8.8583],"uv_size":[0.246,0.0703]},"west":{"uv":[6.204,4.5726],"uv_size":[0.246,0.0703]},"up":{"uv":[3.446,8.9274],"uv_size":[-0.246,-0.0703]},"down":{"uv":[6.446,3.7846],"uv_size":[-0.246,-0.0703]}}},{"origin":[-0.3098,3.6289,-1.1613],"size":[0.6197,1.2393,3.4207],"pivot":[0,-1.9382,0],"uv":{"north":{"uv":[6.0016,1.2086],"uv_size":[0.0984,-0.3514]},"south":{"uv":[1.6016,8.5771],"uv_size":[0.0984,0.3514]},"east":{"uv":[2.804,1.6983],"uv_size":[0.246,-1.6983]},"west":{"uv":[3.204,1.6983],"uv_size":[0.246,-1.6983]},"up":{"uv":[0.0984,5.4446],"uv_size":[-0.0984,4.6983]},"down":{"uv":[0.2984,5.4446],"uv_size":[-0.0984,4.6983]}}},{"origin":[-0.488,3.0424,1.4908],"size":[0.9759,1.859,0.9295],"pivot":[0,-1.9382,0],"uv":{"north":{"uv":[5.3968,1.3491],"uv_size":[-0.1968,-0.492]},"south":{"uv":[5.3968,3.4366],"uv_size":[-0.1968,0.492]},"east":{"uv":[3.6056,4.576],"uv_size":[0.3444,0.2811]},"west":{"uv":[5.2056,0.576],"uv_size":[0.3444,0.2811]},"up":{"uv":[2.1968,8.5669],"uv_size":[-0.1968,-0.2811]},"down":{"uv":[5.9968,2.8526],"uv_size":[-0.1968,-0.2811]}}},{"origin":[-0.457,3.9702,-0.8452],"size":[0.914,0.5042,1.1464],"pivot":[0,-1.9382,0],"uv":{"north":{"uv":[0.6032,8.9977],"uv_size":[0.1968,-0.1406]},"south":{"uv":[6.2032,0.9977],"uv_size":[0.1968,-0.1406]},"east":{"uv":[6.004,4.1406],"uv_size":[0.246,-0.1406]},"west":{"uv":[6.004,4.4263],"uv_size":[0.246,-0.1406]},"up":{"uv":[6.046,2.0046],"uv_size":[-0.246,0.2811]},"down":{"uv":[1.846,8.5669],"uv_size":[-0.246,-0.2811]}}},{"origin":[-0.4492,3.4264,0.762],"size":[0.8985,1.1618,1.1618],"pivot":[0,-1.9382,0],"uv":{"north":{"uv":[0.4032,8.2914],"uv_size":[0.1968,0.3514]},"south":{"uv":[5.8032,0.3514],"uv_size":[0.1968,-0.3514]},"east":{"uv":[3.204,8.0657],"uv_size":[0.246,-0.3514]},"west":{"uv":[5.404,5.2086],"uv_size":[0.246,-0.3514]},"up":{"uv":[5.7968,8.0057],"uv_size":[-0.1968,0.3514]},"down":{"uv":[5.5968,8.0057],"uv_size":[-0.1968,0.3514]}}}],"name":"rot_1"},{"parent":"geyser_custom_z","pivot":[0,-1.9382,0],"rotation":[0,45,0],"cubes":[{"origin":[-0.3218,-7.2982,-0.2985],"size":[0.6436,3.7179,0.5971],"pivot":[0,-1.9382,0],"uv":{"north":{"uv":[3.0024,6.5874],"uv_size":[0.1476,1.0554]},"south":{"uv":[4.6024,4.5874],"uv_size":[0.1476,1.0554]},"east":{"uv":[3.2024,6.5874],"uv_size":[0.1476,1.0554]},"west":{"uv":[3.4024,6.5874],"uv_size":[0.1476,1.0554]},"up":{"uv":[3.2024,8.5749],"uv_size":[0.1476,0.2109]},"down":{"uv":[6.0024,4.7823],"uv_size":[0.1476,-0.2109]}}},{"origin":[-0.3218,-3.5482,-0.2985],"size":[0.6436,3.7179,0.5971],"pivot":[0,-1.9382,0],"uv":{"north":{"uv":[3.0024,6.5874],"uv_size":[0.1476,1.0554]},"south":{"uv":[4.6024,4.5874],"uv_size":[0.1476,1.0554]},"east":{"uv":[3.2024,6.5874],"uv_size":[0.1476,1.0554]},"west":{"uv":[3.4024,6.5874],"uv_size":[0.1476,1.0554]},"up":{"uv":[3.2024,8.5749],"uv_size":[0.1476,0.2109]},"down":{"uv":[6.0024,4.7823],"uv_size":[0.1476,-0.2109]}}},{"origin":[-0.3218,-10.1982,-0.2985],"size":[0.6436,3.7179,0.5971],"pivot":[0,-1.9382,0],"uv":{"north":{"uv":[3.0024,6.5874],"uv_size":[0.1476,1.0554]},"south":{"uv":[4.6024,4.5874],"uv_size":[0.1476,1.0554]},"east":{"uv":[3.2024,6.5874],"uv_size":[0.1476,1.0554]},"west":{"uv":[3.4024,6.5874],"uv_size":[0.1476,1.0554]},"up":{"uv":[3.2024,8.5749],"uv_size":[0.1476,0.2109]},"down":{"uv":[6.0024,4.7823],"uv_size":[0.1476,-0.2109]}}},{"origin":[-0.3683,-7.2982,-0.345],"size":[0.7365,3.7179,0.6901],"pivot":[0,-1.9382,0],"uv":{"north":{"uv":[3.6024,6.5874],"uv_size":[0.1476,1.0554]},"south":{"uv":[4.6024,5.7303],"uv_size":[0.1476,1.0554]},"east":{"uv":[3.8024,6.5874],"uv_size":[0.1476,1.0554]},"west":{"uv":[4.8024,0.016],"uv_size":[0.1476,1.0554]},"up":{"uv":[3.4024,8.5749],"uv_size":[0.1476,0.2109]},"down":{"uv":[6.0024,5.068],"uv_size":[0.1476,-0.2109]}}},{"origin":[-0.488,-4.8584,-0.4647],"size":[0.9759,0.4647,0.9295],"pivot":[0,-1.9382,0],"uv":{"north":{"uv":[5.0032,8.5737],"uv_size":[0.1968,0.1406]},"south":{"uv":[5.2032,8.5737],"uv_size":[0.1968,0.1406]},"east":{"uv":[6.0032,7.1451],"uv_size":[0.1968,0.1406]},"west":{"uv":[6.0032,7.4309],"uv_size":[0.1968,0.1406]},"up":{"uv":[5.8032,3.4331],"uv_size":[0.1968,0.2811]},"down":{"uv":[2.6032,8.5669],"uv_size":[0.1968,-0.2811]}}},{"origin":[-0.488,-3.9451,-0.4647],"size":[0.9759,0.4647,0.9295],"pivot":[0,-1.9382,0],"uv":{"north":{"uv":[5.0032,8.5737],"uv_size":[0.1968,0.1406]},"south":{"uv":[5.2032,8.5737],"uv_size":[0.1968,0.1406]},"east":{"uv":[6.0032,7.1451],"uv_size":[0.1968,0.1406]},"west":{"uv":[6.0032,7.4309],"uv_size":[0.1968,0.1406]},"up":{"uv":[5.8032,3.4331],"uv_size":[0.1968,0.2811]},"down":{"uv":[2.6032,8.5669],"uv_size":[0.1968,-0.2811]}}},{"origin":[-0.488,-6.8335,-0.4647],"size":[0.9759,0.4647,0.9295],"pivot":[0,-1.9382,0],"uv":{"north":{"uv":[5.0032,8.5737],"uv_size":[0.1968,0.1406]},"south":{"uv":[5.2032,8.5737],"uv_size":[0.1968,0.1406]},"east":{"uv":[6.0032,7.1451],"uv_size":[0.1968,0.1406]},"west":{"uv":[6.0032,7.4309],"uv_size":[0.1968,0.1406]},"up":{"uv":[5.8032,3.4331],"uv_size":[0.1968,0.2811]},"down":{"uv":[2.6032,8.5669],"uv_size":[0.1968,-0.2811]}}},{"origin":[-0.488,-7.7468,-0.4647],"size":[0.9759,0.4647,0.9295],"pivot":[0,-1.9382,0],"uv":{"north":{"uv":[5.0032,8.5737],"uv_size":[0.1968,0.1406]},"south":{"uv":[5.2032,8.5737],"uv_size":[0.1968,0.1406]},"east":{"uv":[6.0032,7.1451],"uv_size":[0.1968,0.1406]},"west":{"uv":[6.0032,7.4309],"uv_size":[0.1968,0.1406]},"up":{"uv":[5.8032,3.4331],"uv_size":[0.1968,0.2811]},"down":{"uv":[2.6032,8.5669],"uv_size":[0.1968,-0.2811]}}}],"name":"rot_2"},{"parent":"geyser_custom_z","pivot":[0,-1.9382,0],"rotation":[22.5,0,0],"cubes":[{"origin":[0,-0.6455,-0.5525],"size":[0,3.4081,0.9295],"pivot":[0,-1.9382,0],"uv":{"north":{"uv":[0,0.016],"uv_size":[0,0.984]},"south":{"uv":[0,0.016],"uv_size":[0,0.984]},"east":{"uv":[4.5968,2.3017],"uv_size":[-0.1968,0.984]},"west":{"uv":[4.5968,3.4446],"uv_size":[-0.1968,0.984]},"up":{"uv":[0,0.2811],"uv_size":[0,-0.2811]},"down":{"uv":[0,0.0046],"uv_size":[0,0.2811]}}},{"origin":[0,5.1722,0.8821],"size":[0,2.4786,2.4786],"pivot":[0,-1.9382,0],"uv":{"north":{"uv":[6.85,11.4989],"uv_size":[0,-0.0703]},"south":{"uv":[6.85,11.4989],"uv_size":[0,-0.0703]},"east":{"uv":[6.8628,12.5554],"uv_size":[0.7872,-1.1269]},"west":{"uv":[7.6372,12.5554],"uv_size":[-0.7872,-1.1269]},"up":{"uv":[6.85,11.4297],"uv_size":[0,0.0703]},"down":{"uv":[6.85,11.4989],"uv_size":[0,-0.0703]}}},{"origin":[-0.2324,1.7755,4.831],"size":[0.4647,1.1618,1.1618],"pivot":[0,-1.9382,0],"uv":{"north":{"uv":[6.0016,2.8629],"uv_size":[0.0984,0.3514]},"south":{"uv":[2.0016,8.9229],"uv_size":[0.0984,-0.3514]},"east":{"uv":[2.404,8.0657],"uv_size":[0.246,-0.3514]},"west":{"uv":[5.404,3.78],"uv_size":[0.246,-0.3514]},"up":{"uv":[1.8984,8.5771],"uv_size":[-0.0984,0.3514]},"down":{"uv":[6.0984,2.2914],"uv_size":[-0.0984,0.3514]}}}],"name":"rot_3"},{"parent":"geyser_custom_z","pivot":[0,-1.9382,0],"rotation":[0,0,-22.5],"cubes":[{"origin":[2.7749,3.8321,-3.4319],"size":[0,0.9295,3.4081],"pivot":[0,-1.9382,0],"uv":{"north":{"uv":[0,0.2811],"uv_size":[0,-0.2811]},"south":{"uv":[0,0.0046],"uv_size":[0,0.2811]},"east":{"uv":[1.6032,7.5554],"uv_size":[0.1968,-0.984]},"west":{"uv":[4.6032,3.2697],"uv_size":[0.1968,-0.984]},"up":{"uv":[0,0.016],"uv_size":[0,0.984]},"down":{"uv":[0,0.016],"uv_size":[0,0.984]}}},{"origin":[2.7749,3.8321,0.0238],"size":[0,0.9295,3.4081],"pivot":[0,-1.9382,0],"uv":{"north":{"uv":[0,0.0046],"uv_size":[0,0.2811]},"south":{"uv":[0,0.2811],"uv_size":[0,-0.2811]},"east":{"uv":[1.6032,6.5874],"uv_size":[0.1968,0.984]},"west":{"uv":[4.6032,2.3017],"uv_size":[0.1968,0.984]},"up":{"uv":[0,0.984],"uv_size":[0,-0.984]},"down":{"uv":[0,0.984],"uv_size":[0,-0.984]}}}],"name":"rot_4"},{"parent":"geyser_custom_z","pivot":[0,-1.9382,0],"rotation":[-0,0,0],"cubes":[{"origin":[-0.375,1.9762,-3.4319],"size":[0.75,2.4786,3.4081],"pivot":[0,-1.9382,0],"uv":{"north":{"uv":[0,0.7029],"uv_size":[0,-0.7029]},"south":{"uv":[0,0.0114],"uv_size":[0,0.7029]},"east":{"uv":[3.608,0.984],"uv_size":[0.492,-0.984]},"west":{"uv":[3.608,2.1269],"uv_size":[0.492,-0.984]},"up":{"uv":[0,0.016],"uv_size":[0,0.984]},"down":{"uv":[0,0.016],"uv_size":[0,0.984]}}},{"origin":[-0.35,1.7262,-4.6596],"size":[0.7,2.9786,2.9786],"pivot":[0,-1.9382,0],"uv":{"north":{"uv":[6.05,11.4297],"uv_size":[0,0.0703]},"south":{"uv":[6.05,11.4989],"uv_size":[0,-0.0703]},"east":{"uv":[6.0628,12.5554],"uv_size":[0.7872,-1.1269]},"west":{"uv":[6.8372,12.5554],"uv_size":[-0.7872,-1.1269]},"up":{"uv":[6.05,11.4297],"uv_size":[0,0.0703]},"down":{"uv":[6.05,11.4297],"uv_size":[0,0.0703]}}},{"origin":[-0.5,1.7262,-3.2096],"size":[1,3.4786,2.9786],"pivot":[0,-1.9382,0],"uv":{"north":{"uv":[3.2,11.5735],"uv_size":[0,-0.145]},"south":{"uv":[3.2,11.5735],"uv_size":[0,-0.145]},"east":{"uv":[4.834,13.7697],"uv_size":[-1.634,-2.3411]},"west":{"uv":[3.216,13.7697],"uv_size":[1.634,-2.3411]},"up":{"uv":[3.2,11.5735],"uv_size":[0,-0.145]},"down":{"uv":[3.2,11.4309],"uv_size":[0,0.145]}}},{"origin":[-0.3098,2.5958,-3.7104],"size":[0.6197,1.2393,7.4207],"pivot":[0,-1.9382,0],"uv":{"north":{"uv":[6.0016,1.2086],"uv_size":[0.0984,-0.3514]},"south":{"uv":[1.6016,8.5771],"uv_size":[0.0984,0.3514]},"east":{"uv":[2.804,4.6983],"uv_size":[0.246,-1.6983]},"west":{"uv":[3.204,4.6983],"uv_size":[0.246,-1.6983]},"up":{"uv":[0.0984,5.4446],"uv_size":[-0.0984,4.6983]},"down":{"uv":[0.2984,5.4446],"uv_size":[-0.0984,4.6983]}}},{"origin":[-0.2943,1.1803,-5.631],"size":[0.5887,0.852,0.852],"pivot":[0,-1.9382,0],"uv":{"north":{"uv":[6.2016,1.3537],"uv_size":[0.0984,-0.2109]},"south":{"uv":[6.2016,3.068],"uv_size":[0.0984,-0.2109]},"east":{"uv":[3.6024,8.7823],"uv_size":[0.1476,-0.2109]},"west":{"uv":[6.0024,5.3537],"uv_size":[0.1476,-0.2109]},"up":{"uv":[6.2984,3.6394],"uv_size":[-0.0984,-0.2109]},"down":{"uv":[6.2984,3.1463],"uv_size":[-0.0984,0.2109]}}},{"origin":[-0.375,1.9762,0.0238],"size":[0.75,2.4786,3.4081],"pivot":[0,-1.9382,0],"uv":{"north":{"uv":[0,0.0114],"uv_size":[0,0.7029]},"south":{"uv":[0,0.7029],"uv_size":[0,-0.7029]},"east":{"uv":[3.608,0.016],"uv_size":[0.492,0.984]},"west":{"uv":[3.608,1.1589],"uv_size":[0.492,0.984]},"up":{"uv":[0,0.984],"uv_size":[0,-0.984]},"down":{"uv":[0,0.984],"uv_size":[0,-0.984]}}},{"origin":[-0.35,1.7262,1.681],"size":[0.7,2.9786,2.9786],"pivot":[0,-1.9382,0],"uv":{"north":{"uv":[6.05,11.4989],"uv_size":[0,-0.0703]},"south":{"uv":[6.05,11.4297],"uv_size":[0,0.0703]},"east":{"uv":[6.0628,11.4446],"uv_size":[0.7872,1.1269]},"west":{"uv":[6.8372,11.4446],"uv_size":[-0.7872,1.1269]},"up":{"uv":[6.05,11.4989],"uv_size":[0,-0.0703]},"down":{"uv":[6.05,11.4989],"uv_size":[0,-0.0703]}}},{"origin":[-0.5,1.7262,0.231],"size":[1,3.4786,2.9786],"pivot":[0,-1.9382,0],"uv":{"north":{"uv":[3.2,11.5735],"uv_size":[0,-0.145]},"south":{"uv":[3.2,11.5735],"uv_size":[0,-0.145]},"east":{"uv":[3.216,13.7697],"uv_size":[1.634,-2.3411]},"west":{"uv":[4.834,13.7697],"uv_size":[-1.634,-2.3411]},"up":{"uv":[3.2,11.4309],"uv_size":[0,0.145]},"down":{"uv":[3.2,11.5735],"uv_size":[0,-0.145]}}},{"origin":[-0.2943,1.1803,4.7789],"size":[0.5887,0.852,0.852],"pivot":[0,-1.9382,0],"uv":{"north":{"uv":[6.2984,3.068],"uv_size":[-0.0984,-0.2109]},"south":{"uv":[6.2984,1.3537],"uv_size":[-0.0984,-0.2109]},"east":{"uv":[3.7476,8.7823],"uv_size":[-0.1476,-0.2109]},"west":{"uv":[6.1476,5.3537],"uv_size":[-0.1476,-0.2109]},"up":{"uv":[6.2984,3.432],"uv_size":[-0.0984,0.2109]},"down":{"uv":[6.2984,3.3537],"uv_size":[-0.0984,-0.2109]}}},{"origin":[0,-11.9535,-1.4893],"size":[0,2.9786,2.9786],"pivot":[0,-1.9382,0],"uv":{"north":{"uv":[6.05,11.4297],"uv_size":[0,0.0703]},"south":{"uv":[6.05,11.4297],"uv_size":[0,0.0703]},"east":{"uv":[6.0628,11.4446],"uv_size":[0.7872,1.1269]},"west":{"uv":[6.8372,11.4446],"uv_size":[-0.7872,1.1269]},"up":{"uv":[6.05,11.4989],"uv_size":[0,-0.0703]},"down":{"uv":[6.05,11.4297],"uv_size":[0,0.0703]}}},{"origin":[0,2.5465,-1.4893],"size":[0,2.9786,2.9786],"pivot":[0,-1.9382,0],"uv":{"north":{"uv":[6.05,11.4297],"uv_size":[0,0.0703]},"south":{"uv":[6.05,11.4297],"uv_size":[0,0.0703]},"east":{"uv":[6.0628,11.4446],"uv_size":[0.7872,1.1269]},"west":{"uv":[6.8372,11.4446],"uv_size":[-0.7872,1.1269]},"up":{"uv":[6.05,11.4989],"uv_size":[0,-0.0703]},"down":{"uv":[6.05,11.4297],"uv_size":[0,0.0703]}}},{"origin":[-0.1,-0.2035,-1.4893],"size":[0.2,2.9786,2.9786],"pivot":[0,-1.9382,0],"uv":{"north":{"uv":[6.05,11.4297],"uv_size":[0,0.0703]},"south":{"uv":[6.05,11.4297],"uv_size":[0,0.0703]},"east":{"uv":[6.0628,11.4446],"uv_size":[0.7872,1.1269]},"west":{"uv":[6.8372,11.4446],"uv_size":[-0.7872,1.1269]},"up":{"uv":[6.05,11.4989],"uv_size":[0,-0.0703]},"down":{"uv":[6.05,11.4297],"uv_size":[0,0.0703]}}}],"name":"rot_5"},{"parent":"geyser_custom_z","pivot":[0,-1.9382,0],"rotation":[0,-0,0],"cubes":[{"origin":[-0.375,1.9762,-3.4319],"size":[0.75,2.4786,3.4081],"pivot":[0,-1.9382,0],"uv":{"north":{"uv":[0,0.7029],"uv_size":[0,-0.7029]},"south":{"uv":[0,0.0114],"uv_size":[0,0.7029]},"east":{"uv":[3.608,0.984],"uv_size":[0.492,-0.984]},"west":{"uv":[3.608,2.1269],"uv_size":[0.492,-0.984]},"up":{"uv":[0,0.016],"uv_size":[0,0.984]},"down":{"uv":[0,0.016],"uv_size":[0,0.984]}}},{"origin":[-0.35,1.7262,-4.6596],"size":[0.7,2.9786,2.9786],"pivot":[0,-1.9382,0],"uv":{"north":{"uv":[6.05,11.4297],"uv_size":[0,0.0703]},"south":{"uv":[6.05,11.4989],"uv_size":[0,-0.0703]},"east":{"uv":[6.0628,12.5554],"uv_size":[0.7872,-1.1269]},"west":{"uv":[6.8372,12.5554],"uv_size":[-0.7872,-1.1269]},"up":{"uv":[6.05,11.4297],"uv_size":[0,0.0703]},"down":{"uv":[6.05,11.4297],"uv_size":[0,0.0703]}}},{"origin":[-0.5,1.7262,-3.2096],"size":[1,3.4786,2.9786],"pivot":[0,-1.9382,0],"uv":{"north":{"uv":[3.2,11.5735],"uv_size":[0,-0.145]},"south":{"uv":[3.2,11.5735],"uv_size":[0,-0.145]},"east":{"uv":[4.834,13.7697],"uv_size":[-1.634,-2.3411]},"west":{"uv":[3.216,13.7697],"uv_size":[1.634,-2.3411]},"up":{"uv":[3.2,11.5735],"uv_size":[0,-0.145]},"down":{"uv":[3.2,11.4309],"uv_size":[0,0.145]}}},{"origin":[-0.3098,2.5958,-3.7104],"size":[0.6197,1.2393,7.4207],"pivot":[0,-1.9382,0],"uv":{"north":{"uv":[6.0016,1.2086],"uv_size":[0.0984,-0.3514]},"south":{"uv":[1.6016,8.5771],"uv_size":[0.0984,0.3514]},"east":{"uv":[2.804,4.6983],"uv_size":[0.246,-1.6983]},"west":{"uv":[3.204,4.6983],"uv_size":[0.246,-1.6983]},"up":{"uv":[0.0984,5.4446],"uv_size":[-0.0984,4.6983]},"down":{"uv":[0.2984,5.4446],"uv_size":[-0.0984,4.6983]}}},{"origin":[-0.2943,1.1803,-5.631],"size":[0.5887,0.852,0.852],"pivot":[0,-1.9382,0],"uv":{"north":{"uv":[6.2016,1.3537],"uv_size":[0.0984,-0.2109]},"south":{"uv":[6.2016,3.068],"uv_size":[0.0984,-0.2109]},"east":{"uv":[3.6024,8.7823],"uv_size":[0.1476,-0.2109]},"west":{"uv":[6.0024,5.3537],"uv_size":[0.1476,-0.2109]},"up":{"uv":[6.2984,3.6394],"uv_size":[-0.0984,-0.2109]},"down":{"uv":[6.2984,3.1463],"uv_size":[-0.0984,0.2109]}}},{"origin":[-0.375,1.9762,0.0238],"size":[0.75,2.4786,3.4081],"pivot":[0,-1.9382,0],"uv":{"north":{"uv":[0,0.0114],"uv_size":[0,0.7029]},"south":{"uv":[0,0.7029],"uv_size":[0,-0.7029]},"east":{"uv":[3.608,0.016],"uv_size":[0.492,0.984]},"west":{"uv":[3.608,1.1589],"uv_size":[0.492,0.984]},"up":{"uv":[0,0.984],"uv_size":[0,-0.984]},"down":{"uv":[0,0.984],"uv_size":[0,-0.984]}}},{"origin":[-0.35,1.7262,1.681],"size":[0.7,2.9786,2.9786],"pivot":[0,-1.9382,0],"uv":{"north":{"uv":[6.05,11.4989],"uv_size":[0,-0.0703]},"south":{"uv":[6.05,11.4297],"uv_size":[0,0.0703]},"east":{"uv":[6.0628,11.4446],"uv_size":[0.7872,1.1269]},"west":{"uv":[6.8372,11.4446],"uv_size":[-0.7872,1.1269]},"up":{"uv":[6.05,11.4989],"uv_size":[0,-0.0703]},"down":{"uv":[6.05,11.4989],"uv_size":[0,-0.0703]}}},{"origin":[-0.5,1.7262,0.231],"size":[1,3.4786,2.9786],"pivot":[0,-1.9382,0],"uv":{"north":{"uv":[3.2,11.5735],"uv_size":[0,-0.145]},"south":{"uv":[3.2,11.5735],"uv_size":[0,-0.145]},"east":{"uv":[3.216,13.7697],"uv_size":[1.634,-2.3411]},"west":{"uv":[4.834,13.7697],"uv_size":[-1.634,-2.3411]},"up":{"uv":[3.2,11.4309],"uv_size":[0,0.145]},"down":{"uv":[3.2,11.5735],"uv_size":[0,-0.145]}}},{"origin":[-0.2943,1.1803,4.7789],"size":[0.5887,0.852,0.852],"pivot":[0,-1.9382,0],"uv":{"north":{"uv":[6.2984,3.068],"uv_size":[-0.0984,-0.2109]},"south":{"uv":[6.2984,1.3537],"uv_size":[-0.0984,-0.2109]},"east":{"uv":[3.7476,8.7823],"uv_size":[-0.1476,-0.2109]},"west":{"uv":[6.1476,5.3537],"uv_size":[-0.1476,-0.2109]},"up":{"uv":[6.2984,3.432],"uv_size":[-0.0984,0.2109]},"down":{"uv":[6.2984,3.3537],"uv_size":[-0.0984,-0.2109]}}},{"origin":[0,-11.9535,-1.4893],"size":[0,2.9786,2.9786],"pivot":[0,-1.9382,0],"uv":{"north":{"uv":[6.05,11.4297],"uv_size":[0,0.0703]},"south":{"uv":[6.05,11.4297],"uv_size":[0,0.0703]},"east":{"uv":[6.0628,11.4446],"uv_size":[0.7872,1.1269]},"west":{"uv":[6.8372,11.4446],"uv_size":[-0.7872,1.1269]},"up":{"uv":[6.05,11.4989],"uv_size":[0,-0.0703]},"down":{"uv":[6.05,11.4297],"uv_size":[0,0.0703]}}},{"origin":[0,2.5465,-1.4893],"size":[0,2.9786,2.9786],"pivot":[0,-1.9382,0],"uv":{"north":{"uv":[6.05,11.4297],"uv_size":[0,0.0703]},"south":{"uv":[6.05,11.4297],"uv_size":[0,0.0703]},"east":{"uv":[6.0628,11.4446],"uv_size":[0.7872,1.1269]},"west":{"uv":[6.8372,11.4446],"uv_size":[-0.7872,1.1269]},"up":{"uv":[6.05,11.4989],"uv_size":[0,-0.0703]},"down":{"uv":[6.05,11.4297],"uv_size":[0,0.0703]}}},{"origin":[-0.1,-0.2035,-1.4893],"size":[0.2,2.9786,2.9786],"pivot":[0,-1.9382,0],"uv":{"north":{"uv":[6.05,11.4297],"uv_size":[0,0.0703]},"south":{"uv":[6.05,11.4297],"uv_size":[0,0.0703]},"east":{"uv":[6.0628,11.4446],"uv_size":[0.7872,1.1269]},"west":{"uv":[6.8372,11.4446],"uv_size":[-0.7872,1.1269]},"up":{"uv":[6.05,11.4989],"uv_size":[0,-0.0703]},"down":{"uv":[6.05,11.4297],"uv_size":[0,0.0703]}}}],"name":"rot_6"},{"parent":"geyser_custom_z","pivot":[0,-1.9382,0],"rotation":[-22.5,0,0],"cubes":[{"origin":[-0.2324,1.7755,-5.9928],"size":[0.4647,1.1618,1.1618],"pivot":[0,-1.9382,0],"uv":{"north":{"uv":[2.0984,8.9229],"uv_size":[-0.0984,-0.3514]},"south":{"uv":[6.0984,2.8629],"uv_size":[-0.0984,0.3514]},"east":{"uv":[2.404,7.72],"uv_size":[0.246,0.3514]},"west":{"uv":[5.404,3.4343],"uv_size":[0.246,0.3514]},"up":{"uv":[1.8984,8.9229],"uv_size":[-0.0984,-0.3514]},"down":{"uv":[6.0984,2.6371],"uv_size":[-0.0984,-0.3514]}}},{"origin":[0,-0.6455,-0.377],"size":[0,3.4081,0.9295],"pivot":[0,-1.9382,0],"uv":{"north":{"uv":[0,0.016],"uv_size":[0,0.984]},"south":{"uv":[0,0.016],"uv_size":[0,0.984]},"east":{"uv":[4.4032,2.3017],"uv_size":[0.1968,0.984]},"west":{"uv":[4.4032,3.4446],"uv_size":[0.1968,0.984]},"up":{"uv":[0,0.0046],"uv_size":[0,0.2811]},"down":{"uv":[0,0.2811],"uv_size":[0,-0.2811]}}},{"origin":[0,5.1722,-3.3607],"size":[0,2.4786,2.4786],"pivot":[0,-1.9382,0],"uv":{"north":{"uv":[6.85,11.4989],"uv_size":[0,-0.0703]},"south":{"uv":[6.85,11.4989],"uv_size":[0,-0.0703]},"east":{"uv":[7.6372,12.5554],"uv_size":[-0.7872,-1.1269]},"west":{"uv":[6.8628,12.5554],"uv_size":[0.7872,-1.1269]},"up":{"uv":[6.85,11.4989],"uv_size":[0,-0.0703]},"down":{"uv":[6.85,11.4297],"uv_size":[0,0.0703]}}}],"name":"rot_7"},{"parent":"geyser_custom_z","pivot":[0,-1.9382,0],"rotation":[0,0,22.5],"cubes":[{"origin":[-2.7749,3.8321,-3.4319],"size":[0,0.9295,3.4081],"pivot":[0,-1.9382,0],"uv":{"north":{"uv":[0,0.2811],"uv_size":[0,-0.2811]},"south":{"uv":[0,0.0046],"uv_size":[0,0.2811]},"east":{"uv":[4.4032,6.6983],"uv_size":[0.1968,-0.984]},"west":{"uv":[4.6032,0.984],"uv_size":[0.1968,-0.984]},"up":{"uv":[0,0.016],"uv_size":[0,0.984]},"down":{"uv":[0,0.016],"uv_size":[0,0.984]}}},{"origin":[-2.7749,3.8321,0.0238],"size":[0,0.9295,3.4081],"pivot":[0,-1.9382,0],"uv":{"north":{"uv":[0,0.0046],"uv_size":[0,0.2811]},"south":{"uv":[0,0.2811],"uv_size":[0,-0.2811]},"east":{"uv":[4.4032,5.7303],"uv_size":[0.1968,0.984]},"west":{"uv":[4.6032,0.016],"uv_size":[0.1968,0.984]},"up":{"uv":[0,0.984],"uv_size":[0,-0.984]},"down":{"uv":[0,0.984],"uv_size":[0,-0.984]}}}],"name":"rot_8"},{"parent":"geyser_custom_z","pivot":[0,-1.9382,0],"rotation":[-45,0,0],"cubes":[{"origin":[-0.3439,4.025,-3.4885],"size":[0.6878,0.6816,1.1154],"pivot":[0,-1.9382,0],"uv":{"north":{"uv":[6.0024,5.432],"uv_size":[0.1476,0.2109]},"south":{"uv":[3.8024,8.7823],"uv_size":[0.1476,-0.2109]},"east":{"uv":[5.8024,6.2811],"uv_size":[0.1476,-0.2811]},"west":{"uv":[5.8024,6.8526],"uv_size":[0.1476,-0.2811]},"up":{"uv":[5.9476,6.2903],"uv_size":[-0.1476,0.2811]},"down":{"uv":[5.9476,5.7189],"uv_size":[-0.1476,0.2811]}}},{"origin":[-0.4338,3.9321,-3.7984],"size":[0.8675,0.8675,0.3408],"pivot":[0,-1.9382,0],"uv":{"north":{"uv":[6.0024,5.7177],"uv_size":[0.1476,0.2109]},"south":{"uv":[4.0024,8.7823],"uv_size":[0.1476,-0.2109]},"east":{"uv":[6.2024,5.7846],"uv_size":[0.1476,-0.0703]},"west":{"uv":[6.2024,6.0703],"uv_size":[0.1476,-0.0703]},"up":{"uv":[4.3476,8.8583],"uv_size":[-0.1476,0.0703]},"down":{"uv":[4.1476,8.8583],"uv_size":[-0.1476,0.0703]}}},{"origin":[-0.5887,3.7772,-2.714],"size":[1.1773,1.1773,0.3408],"pivot":[0,-1.9382,0],"uv":{"north":{"uv":[5.404,2.2914],"uv_size":[0.246,0.3514]},"south":{"uv":[1.604,8.0657],"uv_size":[0.246,-0.3514]},"east":{"uv":[2.804,8.9274],"uv_size":[0.246,-0.0703]},"west":{"uv":[6.204,4.6417],"uv_size":[0.246,-0.0703]},"up":{"uv":[3.446,8.8583],"uv_size":[-0.246,0.0703]},"down":{"uv":[6.446,3.7154],"uv_size":[-0.246,0.0703]}}},{"origin":[-0.3098,3.6289,-2.2594],"size":[0.6197,1.2393,3.4207],"pivot":[0,-1.9382,0],"uv":{"north":{"uv":[1.6984,8.5771],"uv_size":[-0.0984,0.3514]},"south":{"uv":[6.0984,1.2086],"uv_size":[-0.0984,-0.3514]},"east":{"uv":[2.804,0.016],"uv_size":[0.246,1.6983]},"west":{"uv":[3.204,0.016],"uv_size":[0.246,1.6983]},"up":{"uv":[0.0984,10.1269],"uv_size":[-0.0984,-4.6983]},"down":{"uv":[0.2984,10.1269],"uv_size":[-0.0984,-4.6983]}}},{"origin":[-0.488,3.0424,-2.4203],"size":[0.9759,1.859,0.9295],"pivot":[0,-1.9382,0],"uv":{"north":{"uv":[5.2032,3.4366],"uv_size":[0.1968,0.492]},"south":{"uv":[5.2032,1.3491],"uv_size":[0.1968,-0.492]},"east":{"uv":[3.6056,4.8526],"uv_size":[0.3444,-0.2811]},"west":{"uv":[5.2056,0.8526],"uv_size":[0.3444,-0.2811]},"up":{"uv":[2.1968,8.2903],"uv_size":[-0.1968,0.2811]},"down":{"uv":[5.9968,2.576],"uv_size":[-0.1968,0.2811]}}},{"origin":[-0.457,3.9702,-0.3012],"size":[0.914,0.5042,1.1464],"pivot":[0,-1.9382,0],"uv":{"north":{"uv":[6.3968,0.9977],"uv_size":[-0.1968,-0.1406]},"south":{"uv":[0.7968,8.9977],"uv_size":[-0.1968,-0.1406]},"east":{"uv":[6.246,4.1406],"uv_size":[-0.246,-0.1406]},"west":{"uv":[6.246,4.4263],"uv_size":[-0.246,-0.1406]},"up":{"uv":[5.804,2.0046],"uv_size":[0.246,0.2811]},"down":{"uv":[1.604,8.5669],"uv_size":[0.246,-0.2811]}}},{"origin":[-0.4492,3.4264,-1.9238],"size":[0.8985,1.1618,1.1618],"pivot":[0,-1.9382,0],"uv":{"north":{"uv":[5.9968,0.3514],"uv_size":[-0.1968,-0.3514]},"south":{"uv":[0.5968,8.2914],"uv_size":[-0.1968,0.3514]},"east":{"uv":[3.204,7.72],"uv_size":[0.246,0.3514]},"west":{"uv":[5.404,4.8629],"uv_size":[0.246,0.3514]},"up":{"uv":[5.7968,8.3514],"uv_size":[-0.1968,-0.3514]},"down":{"uv":[5.5968,8.3514],"uv_size":[-0.1968,-0.3514]}}},{"origin":[-0.6971,0.3105,-3.7204],"size":[1.3942,1.4717,1.4717],"pivot":[0,-1.9382,0],"uv":{"north":{"uv":[4.8048,4.5783],"uv_size":[0.2952,0.4217]},"south":{"uv":[4.8048,5.7211],"uv_size":[0.2952,0.4217]},"east":{"uv":[4.8048,5.1497],"uv_size":[0.2952,0.4217]},"west":{"uv":[4.2048,6.864],"uv_size":[0.2952,0.4217]},"up":{"uv":[4.8048,6.2926],"uv_size":[0.2952,0.4217]},"down":{"uv":[4.6048,7.2789],"uv_size":[0.2952,-0.4217]}}},{"origin":[-0.6971,-8.0076,4.7526],"size":[1.3942,1.3168,1.3168],"pivot":[0,-1.9382,0],"uv":{"north":{"uv":[2.6048,7.1486],"uv_size":[0.2952,0.3514]},"south":{"uv":[5.0048,4.0057],"uv_size":[0.2952,0.3514]},"east":{"uv":[4.004,7.4343],"uv_size":[0.246,0.3514]},"west":{"uv":[5.204,6.0057],"uv_size":[0.246,0.3514]},"up":{"uv":[5.0048,6.8629],"uv_size":[0.2952,0.3514]},"down":{"uv":[5.2048,0.3514],"uv_size":[0.2952,-0.3514]}}}],"name":"rot_9"},{"parent":"geyser_custom_z","pivot":[0,0.2155,0],"rotation":[-45,0,0],"cubes":[{"origin":[-0.4492,-0.3654,-0.5809],"size":[0.8985,1.1618,1.1618],"pivot":[0,0.2155,0],"uv":{"north":{"uv":[0.4032,8.2914],"uv_size":[0.1968,0.3514]},"south":{"uv":[5.8032,0.3514],"uv_size":[0.1968,-0.3514]},"east":{"uv":[3.204,8.0657],"uv_size":[0.246,-0.3514]},"west":{"uv":[5.404,5.2086],"uv_size":[0.246,-0.3514]},"up":{"uv":[5.7968,8.0057],"uv_size":[-0.1968,0.3514]},"down":{"uv":[5.5968,8.0057],"uv_size":[-0.1968,0.3514]}}}],"name":"rot_10"}]}]}
