{"format_version":"1.16.0","minecraft:geometry":[{"description":{"identifier":"geometry.geyser_custom.geo_e7d56a2","texture_width":16,"texture_height":16,"visible_bounds_width":4,"visible_bounds_height":4.5,"visible_bounds_offset":[0,0.75,0]},"bones":[{"name":"geyser_custom","binding":"c.item_slot == 'head' ? 'head' : q.item_slot_to_bone_name(c.item_slot)","pivot":[0,8,0]},{"name":"geyser_custom_x","parent":"geyser_custom","pivot":[0,8,0]},{"name":"geyser_custom_y","parent":"geyser_custom_x","pivot":[0,8,0]},{"name":"geyser_custom_z","parent":"geyser_custom_y","pivot":[0,8,0],"cubes":[]},{"parent":"geyser_custom_z","pivot":[0,4.1255,1],"rotation":[45,0,0],"cubes":[{"origin":[-1,11.687,1.9862],"size":[0,3.4081,0.9295],"pivot":[0,4.1255,1],"uv":{"north":{"uv":[0,0.984],"uv_size":[0,-0.984]},"south":{"uv":[0,0.984],"uv_size":[0,-0.984]},"east":{"uv":[4.4032,4.4126],"uv_size":[0.1968,-0.984]},"west":{"uv":[4.4032,3.2697],"uv_size":[0.1968,-0.984]},"up":{"uv":[0,0.0046],"uv_size":[0,0.2811]},"down":{"uv":[0,0.2811],"uv_size":[0,-0.2811]}}},{"origin":[-1.2324,5.4571,6.1692],"size":[0.4647,1.1618,1.1618],"pivot":[0,4.1255,1],"uv":{"north":{"uv":[2.0016,8.5771],"uv_size":[0.0984,0.3514]},"south":{"uv":[6.0016,3.2086],"uv_size":[0.0984,-0.3514]},"east":{"uv":[5.646,3.78],"uv_size":[-0.246,-0.3514]},"west":{"uv":[2.646,8.0657],"uv_size":[-0.246,-0.3514]},"up":{"uv":[6.0016,2.2914],"uv_size":[0.0984,0.3514]},"down":{"uv":[1.8016,8.5771],"uv_size":[0.0984,0.3514]}}},{"origin":[-1.4492,2.9161,5.8686],"size":[0.8985,1.1619,1.1618],"pivot":[0,4.1255,1],"uv":{"north":{"uv":[0.5968,8.6371],"uv_size":[-0.1968,-0.3514]},"south":{"uv":[5.9968,0.0057],"uv_size":[-0.1968,0.3514]},"east":{"uv":[5.646,4.8629],"uv_size":[-0.246,0.3514]},"west":{"uv":[3.446,7.72],"uv_size":[-0.246,0.3514]},"up":{"uv":[5.4032,8.3514],"uv_size":[0.1968,-0.3514]},"down":{"uv":[5.6032,8.3514],"uv_size":[0.1968,-0.3514]}}},{"origin":[-1.4492,0.0877,3.0402],"size":[0.8985,1.1619,1.1618],"pivot":[0,4.1255,1],"uv":{"north":{"uv":[0.5968,8.6371],"uv_size":[-0.1968,-0.3514]},"south":{"uv":[5.9968,0.0057],"uv_size":[-0.1968,0.3514]},"east":{"uv":[5.646,4.8629],"uv_size":[-0.246,0.3514]},"west":{"uv":[3.446,7.72],"uv_size":[-0.246,0.3514]},"up":{"uv":[5.4032,8.3514],"uv_size":[0.1968,-0.3514]},"down":{"uv":[5.6032,8.3514],"uv_size":[0.1968,-0.3514]}}},{"origin":[-1.4492,-2.7408,0.2118],"size":[0.8985,1.1619,1.1618],"pivot":[0,4.1255,1],"uv":{"north":{"uv":[0.5968,8.6371],"uv_size":[-0.1968,-0.3514]},"south":{"uv":[5.9968,0.0057],"uv_size":[-0.1968,0.3514]},"east":{"uv":[5.646,4.8629],"uv_size":[-0.246,0.3514]},"west":{"uv":[3.446,7.72],"uv_size":[-0.246,0.3514]},"up":{"uv":[5.4032,8.3514],"uv_size":[0.1968,-0.3514]},"down":{"uv":[5.6032,8.3514],"uv_size":[0.1968,-0.3514]}}},{"origin":[-1.05,-3.7324,-6.8579],"size":[0.1,6,6],"pivot":[0,4.1255,1],"uv":{"north":{"uv":[0,0.0046],"uv_size":[0,0.2811]},"south":{"uv":[0,0.2811],"uv_size":[0,-0.2811]},"east":{"uv":[6.784,11.1269],"uv_size":[-1.384,-1.984]},"west":{"uv":[5.416,11.1269],"uv_size":[1.384,-1.984]},"up":{"uv":[0,0.016],"uv_size":[0,0.984]},"down":{"uv":[0,0.016],"uv_size":[0,0.984]}}},{"origin":[-1.6971,5.1886,7.7876],"size":[1.3942,1.4717,1.4717],"pivot":[0,4.1255,1],"uv":{"north":{"uv":[5.0952,4.9931],"uv_size":[-0.2952,-0.4217]},"south":{"uv":[5.0952,6.136],"uv_size":[-0.2952,-0.4217]},"east":{"uv":[4.4952,7.2789],"uv_size":[-0.2952,-0.4217]},"west":{"uv":[5.0952,5.5646],"uv_size":[-0.2952,-0.4217]},"up":{"uv":[4.8952,6.864],"uv_size":[-0.2952,0.4217]},"down":{"uv":[5.0952,6.7074],"uv_size":[-0.2952,-0.4217]}}},{"origin":[0.3029,0.4372,-2.6883],"size":[1.3942,1.3168,1.3167],"pivot":[0,4.1255,1],"uv":{"north":{"uv":[5.2048,0.0057],"uv_size":[0.2952,0.3514]},"south":{"uv":[5.0048,7.2086],"uv_size":[0.2952,-0.3514]},"east":{"uv":[5.204,6.3514],"uv_size":[0.246,-0.3514]},"west":{"uv":[4.004,7.78],"uv_size":[0.246,-0.3514]},"up":{"uv":[2.8952,7.1486],"uv_size":[-0.2952,0.3514]},"down":{"uv":[5.2952,4.0057],"uv_size":[-0.2952,0.3514]}}}],"name":"rot_1"},{"parent":"geyser_custom_z","pivot":[0,4.1255,1],"rotation":[0,45,0],"cubes":[{"origin":[0.3853,0.1803,1.4086],"size":[0.6436,3.7179,0.5971],"pivot":[0,4.1255,1],"uv":{"north":{"uv":[4.6024,5.6269],"uv_size":[0.1476,-1.0554]},"south":{"uv":[3.0024,7.6269],"uv_size":[0.1476,-1.0554]},"east":{"uv":[3.4024,7.6269],"uv_size":[0.1476,-1.0554]},"west":{"uv":[3.2024,7.6269],"uv_size":[0.1476,-1.0554]},"up":{"uv":[6.1476,4.7823],"uv_size":[-0.1476,-0.2109]},"down":{"uv":[3.3476,8.5749],"uv_size":[-0.1476,0.2109]}}},{"origin":[0.3388,0.1803,1.3621],"size":[0.7365,3.7179,0.6901],"pivot":[0,4.1255,1],"uv":{"north":{"uv":[4.6024,6.7697],"uv_size":[0.1476,-1.0554]},"south":{"uv":[3.6024,7.6269],"uv_size":[0.1476,-1.0554]},"east":{"uv":[4.8024,1.0554],"uv_size":[0.1476,-1.0554]},"west":{"uv":[3.8024,7.6269],"uv_size":[0.1476,-1.0554]},"up":{"uv":[6.1476,5.068],"uv_size":[-0.1476,-0.2109]},"down":{"uv":[3.5476,8.5749],"uv_size":[-0.1476,0.2109]}}},{"origin":[0.2191,0.9936,1.2424],"size":[0.9759,0.4647,0.9295],"pivot":[0,4.1255,1],"uv":{"north":{"uv":[5.2032,8.712],"uv_size":[0.1968,-0.1406]},"south":{"uv":[5.0032,8.712],"uv_size":[0.1968,-0.1406]},"east":{"uv":[6.0032,7.5691],"uv_size":[0.1968,-0.1406]},"west":{"uv":[6.0032,7.2834],"uv_size":[0.1968,-0.1406]},"up":{"uv":[2.7968,8.5669],"uv_size":[-0.1968,-0.2811]},"down":{"uv":[5.9968,3.4331],"uv_size":[-0.1968,0.2811]}}},{"origin":[0.2191,0.0803,1.2424],"size":[0.9759,0.4647,0.9295],"pivot":[0,4.1255,1],"uv":{"north":{"uv":[5.2032,8.712],"uv_size":[0.1968,-0.1406]},"south":{"uv":[5.0032,8.712],"uv_size":[0.1968,-0.1406]},"east":{"uv":[6.0032,7.5691],"uv_size":[0.1968,-0.1406]},"west":{"uv":[6.0032,7.2834],"uv_size":[0.1968,-0.1406]},"up":{"uv":[2.7968,8.5669],"uv_size":[-0.1968,-0.2811]},"down":{"uv":[5.9968,3.4331],"uv_size":[-0.1968,0.2811]}}},{"origin":[0.2191,2.9688,1.2424],"size":[0.9759,0.4647,0.9295],"pivot":[0,4.1255,1],"uv":{"north":{"uv":[5.2032,8.712],"uv_size":[0.1968,-0.1406]},"south":{"uv":[5.0032,8.712],"uv_size":[0.1968,-0.1406]},"east":{"uv":[6.0032,7.5691],"uv_size":[0.1968,-0.1406]},"west":{"uv":[6.0032,7.2834],"uv_size":[0.1968,-0.1406]},"up":{"uv":[2.7968,8.5669],"uv_size":[-0.1968,-0.2811]},"down":{"uv":[5.9968,3.4331],"uv_size":[-0.1968,0.2811]}}},{"origin":[0.2191,3.8821,1.2424],"size":[0.9759,0.4647,0.9295],"pivot":[0,4.1255,1],"uv":{"north":{"uv":[5.2032,8.712],"uv_size":[0.1968,-0.1406]},"south":{"uv":[5.0032,8.712],"uv_size":[0.1968,-0.1406]},"east":{"uv":[6.0032,7.5691],"uv_size":[0.1968,-0.1406]},"west":{"uv":[6.0032,7.2834],"uv_size":[0.1968,-0.1406]},"up":{"uv":[2.7968,8.5669],"uv_size":[-0.1968,-0.2811]},"down":{"uv":[5.9968,3.4331],"uv_size":[-0.1968,0.2811]}}}],"name":"rot_2"},{"parent":"geyser_custom_z","pivot":[0,4.1255,1],"rotation":[22.5,0,0],"cubes":[{"origin":[-1.3439,10.1684,-1.0254],"size":[0.6878,0.6816,1.1154],"pivot":[0,4.1255,1],"uv":{"north":{"uv":[6.1476,5.6394],"uv_size":[-0.1476,-0.2109]},"south":{"uv":[3.9476,8.5749],"uv_size":[-0.1476,0.2109]},"east":{"uv":[5.9476,6.576],"uv_size":[-0.1476,0.2811]},"west":{"uv":[5.9476,6.0046],"uv_size":[-0.1476,0.2811]},"up":{"uv":[5.8024,5.9954],"uv_size":[0.1476,-0.2811]},"down":{"uv":[5.8024,6.5669],"uv_size":[0.1476,-0.2811]}}},{"origin":[-1.4337,10.0754,-1.3353],"size":[0.8675,0.8675,0.3408],"pivot":[0,4.1255,1],"uv":{"north":{"uv":[6.1476,5.9251],"uv_size":[-0.1476,-0.2109]},"south":{"uv":[4.1476,8.5749],"uv_size":[-0.1476,0.2109]},"east":{"uv":[6.3476,6.0011],"uv_size":[-0.1476,0.0703]},"west":{"uv":[6.3476,5.7154],"uv_size":[-0.1476,0.0703]},"up":{"uv":[4.0024,8.9274],"uv_size":[0.1476,-0.0703]},"down":{"uv":[4.2024,8.9274],"uv_size":[0.1476,-0.0703]}}},{"origin":[-1.5887,9.9205,-0.2509],"size":[1.1773,1.1773,0.3408],"pivot":[0,4.1255,1],"uv":{"north":{"uv":[5.646,2.6371],"uv_size":[-0.246,-0.3514]},"south":{"uv":[1.846,7.72],"uv_size":[-0.246,0.3514]},"east":{"uv":[6.446,4.5726],"uv_size":[-0.246,0.0703]},"west":{"uv":[3.046,8.8583],"uv_size":[-0.246,0.0703]},"up":{"uv":[6.204,3.7846],"uv_size":[0.246,-0.0703]},"down":{"uv":[3.204,8.9274],"uv_size":[0.246,-0.0703]}}},{"origin":[-1,7.2396,-3.1288],"size":[0,3.4081,1.1786],"pivot":[0,4.1255,1],"uv":{"north":{"uv":[0,0.984],"uv_size":[0,-0.984]},"south":{"uv":[0,0.984],"uv_size":[0,-0.984]},"east":{"uv":[3.846,0.984],"uv_size":[-0.246,-0.984]},"west":{"uv":[3.604,2.1269],"uv_size":[0.246,-0.984]},"up":{"uv":[0,0.0114],"uv_size":[0,0.7029]},"down":{"uv":[0,0.7029],"uv_size":[0,-0.7029]}}},{"origin":[-1.3098,-4.0248,-5.8849],"size":[0.6197,4.4207,1.1393],"pivot":[0,4.1255,1],"uv":{"north":{"uv":[0.0016,5.4446],"uv_size":[0.0984,4.6983]},"south":{"uv":[0.2016,5.4446],"uv_size":[0.0984,4.6983]},"east":{"uv":[3.204,2.8731],"uv_size":[0.246,1.6983]},"west":{"uv":[2.804,2.8731],"uv_size":[0.246,1.6983]},"up":{"uv":[1.6016,8.9229],"uv_size":[0.0984,-0.3514]},"down":{"uv":[6.0016,0.8629],"uv_size":[0.0984,0.3514]}}},{"origin":[-1.488,9.9737,0.0428],"size":[0.9759,1.859,0.9295],"pivot":[0,4.1255,1],"uv":{"north":{"uv":[5.3968,3.9206],"uv_size":[-0.1968,-0.492]},"south":{"uv":[5.3968,0.8651],"uv_size":[-0.1968,0.492]},"east":{"uv":[5.5444,0.576],"uv_size":[-0.3444,0.2811]},"west":{"uv":[3.9444,4.576],"uv_size":[-0.3444,0.2811]},"up":{"uv":[5.8032,2.8526],"uv_size":[0.1968,-0.2811]},"down":{"uv":[2.0032,8.5669],"uv_size":[0.1968,-0.2811]}}},{"origin":[-1.4492,10.2868,0.5393],"size":[0.8985,1.1619,1.1618],"pivot":[0,4.1255,1],"uv":{"north":{"uv":[5.8032,0.0057],"uv_size":[0.1968,0.3514]},"south":{"uv":[0.4032,8.6371],"uv_size":[0.1968,-0.3514]},"east":{"uv":[5.646,5.2086],"uv_size":[-0.246,-0.3514]},"west":{"uv":[3.446,8.0657],"uv_size":[-0.246,-0.3514]},"up":{"uv":[5.4032,8.0057],"uv_size":[0.1968,0.3514]},"down":{"uv":[5.6032,8.0057],"uv_size":[0.1968,0.3514]}}},{"origin":[-1.45,6.9724,5.5051],"size":[0.9,0.9295,3.4081],"pivot":[0,4.1255,1],"uv":{"north":{"uv":[0,0.0046],"uv_size":[0,0.2811]},"south":{"uv":[0,0.2811],"uv_size":[0,-0.2811]},"east":{"uv":[4.7968,2.3017],"uv_size":[-0.1968,0.984]},"west":{"uv":[1.7968,6.5874],"uv_size":[-0.1968,0.984]},"up":{"uv":[0,0.984],"uv_size":[0,-0.984]},"down":{"uv":[0,0.984],"uv_size":[0,-0.984]}}},{"origin":[-1,9.3357,10.1443],"size":[0,2.4786,2.4786],"pivot":[0,4.1255,1],"uv":{"north":{"uv":[6.85,11.4297],"uv_size":[0,0.0703]},"south":{"uv":[6.85,11.4297],"uv_size":[0,0.0703]},"east":{"uv":[7.6372,11.4446],"uv_size":[-0.7872,1.1269]},"west":{"uv":[6.8628,11.4446],"uv_size":[0.7872,1.1269]},"up":{"uv":[6.85,11.4989],"uv_size":[0,-0.0703]},"down":{"uv":[6.85,11.4297],"uv_size":[0,0.0703]}}},{"origin":[-1.2943,-6.4524,-0.7004],"size":[0.5887,0.752,0.752],"pivot":[0,4.1255,1],"uv":{"north":{"uv":[6.2984,3.1463],"uv_size":[-0.0984,0.2109]},"south":{"uv":[6.2984,3.6394],"uv_size":[-0.0984,-0.2109]},"east":{"uv":[6.1476,5.1463],"uv_size":[-0.1476,0.2109]},"west":{"uv":[3.7476,8.5749],"uv_size":[-0.1476,0.2109]},"up":{"uv":[6.2016,3.068],"uv_size":[0.0984,-0.2109]},"down":{"uv":[6.2016,1.3537],"uv_size":[0.0984,-0.2109]}}},{"origin":[-1.457,5.3144,5.0003],"size":[0.914,0.5042,1.1464],"pivot":[0,4.1255,1],"uv":{"north":{"uv":[0.7968,8.8594],"uv_size":[-0.1968,0.1406]},"south":{"uv":[6.3968,0.8594],"uv_size":[-0.1968,0.1406]},"east":{"uv":[6.246,4.288],"uv_size":[-0.246,0.1406]},"west":{"uv":[6.246,4.0023],"uv_size":[-0.246,0.1406]},"up":{"uv":[1.604,8.2903],"uv_size":[0.246,0.2811]},"down":{"uv":[5.804,2.2811],"uv_size":[0.246,-0.2811]}}},{"origin":[-1.457,1.6189,3.4696],"size":[0.914,0.5042,1.1464],"pivot":[0,4.1255,1],"uv":{"north":{"uv":[0.7968,8.8594],"uv_size":[-0.1968,0.1406]},"south":{"uv":[6.3968,0.8594],"uv_size":[-0.1968,0.1406]},"east":{"uv":[6.246,4.288],"uv_size":[-0.246,0.1406]},"west":{"uv":[6.246,4.0023],"uv_size":[-0.246,0.1406]},"up":{"uv":[1.604,8.2903],"uv_size":[0.246,0.2811]},"down":{"uv":[5.804,2.2811],"uv_size":[0.246,-0.2811]}}},{"origin":[-1.457,-2.0766,1.9389],"size":[0.914,0.5042,1.1464],"pivot":[0,4.1255,1],"uv":{"north":{"uv":[0.7968,8.8594],"uv_size":[-0.1968,0.1406]},"south":{"uv":[6.3968,0.8594],"uv_size":[-0.1968,0.1406]},"east":{"uv":[6.246,4.288],"uv_size":[-0.246,0.1406]},"west":{"uv":[6.246,4.0023],"uv_size":[-0.246,0.1406]},"up":{"uv":[1.604,8.2903],"uv_size":[0.246,0.2811]},"down":{"uv":[5.804,2.2811],"uv_size":[0.246,-0.2811]}}}],"name":"rot_3"},{"parent":"geyser_custom_z","pivot":[0,4.1255,1],"rotation":[0,-0,0],"cubes":[{"origin":[-1,8.5959,-6.3032],"size":[0,2.9786,2.9786],"pivot":[0,4.1255,1],"uv":{"north":{"uv":[6.05,11.4297],"uv_size":[0,0.0703]},"south":{"uv":[6.05,11.4297],"uv_size":[0,0.0703]},"east":{"uv":[6.8372,11.4446],"uv_size":[-0.7872,1.1269]},"west":{"uv":[6.0628,11.4446],"uv_size":[0.7872,1.1269]},"up":{"uv":[6.05,11.4297],"uv_size":[0,0.0703]},"down":{"uv":[6.05,11.4989],"uv_size":[0,-0.0703]}}},{"origin":[-1.25,3.0245,-5.5746],"size":[0.5,3,3],"pivot":[0,4.1255,1],"uv":{"north":{"uv":[3.2,11.5735],"uv_size":[0,-0.145]},"south":{"uv":[3.2,11.4309],"uv_size":[0,0.145]},"east":{"uv":[4.834,13.7697],"uv_size":[-1.634,-2.3411]},"west":{"uv":[3.216,13.7697],"uv_size":[1.634,-2.3411]},"up":{"uv":[3.2,11.4309],"uv_size":[0,0.145]},"down":{"uv":[3.2,11.4309],"uv_size":[0,0.145]}}},{"origin":[-1.3098,-1.9549,-3.9335],"size":[0.6197,12.4207,1.1393],"pivot":[0,4.1255,1],"uv":{"north":{"uv":[0.0016,5.4446],"uv_size":[0.0984,4.6983]},"south":{"uv":[0.2016,5.4446],"uv_size":[0.0984,4.6983]},"east":{"uv":[3.204,3.016],"uv_size":[0.246,1.6983]},"west":{"uv":[2.804,3.016],"uv_size":[0.246,1.6983]},"up":{"uv":[1.6016,8.9229],"uv_size":[0.0984,-0.3514]},"down":{"uv":[6.0016,0.8629],"uv_size":[0.0984,0.3514]}}},{"origin":[-0.7577,4.3708,0.6561],"size":[1.1154,0.6816,0.6878],"pivot":[0,4.1255,1],"uv":{"north":{"uv":[5.9476,6.2811],"uv_size":[-0.1476,-0.2811]},"south":{"uv":[5.9476,6.8526],"uv_size":[-0.1476,-0.2811]},"east":{"uv":[6.0024,5.6394],"uv_size":[0.1476,-0.2109]},"west":{"uv":[3.8024,8.5749],"uv_size":[0.1476,0.2109]},"up":{"uv":[5.8024,6.2903],"uv_size":[0.1476,0.2811]},"down":{"uv":[5.8024,5.7189],"uv_size":[0.1476,0.2811]}}},{"origin":[-0.7577,-0.5292,0.6561],"size":[1.1154,0.6816,0.6878],"pivot":[0,4.1255,1],"uv":{"north":{"uv":[5.9476,6.2811],"uv_size":[-0.1476,-0.2811]},"south":{"uv":[5.9476,6.8526],"uv_size":[-0.1476,-0.2811]},"east":{"uv":[6.0024,5.6394],"uv_size":[0.1476,-0.2109]},"west":{"uv":[3.8024,8.5749],"uv_size":[0.1476,0.2109]},"up":{"uv":[5.8024,6.2903],"uv_size":[0.1476,0.2811]},"down":{"uv":[5.8024,5.7189],"uv_size":[0.1476,0.2811]}}},{"origin":[-1,8.5959,5.3246],"size":[0,2.9786,2.9786],"pivot":[0,4.1255,1],"uv":{"north":{"uv":[6.05,11.4297],"uv_size":[0,0.0703]},"south":{"uv":[6.05,11.4297],"uv_size":[0,0.0703]},"east":{"uv":[6.0628,11.4446],"uv_size":[0.7872,1.1269]},"west":{"uv":[6.8372,11.4446],"uv_size":[-0.7872,1.1269]},"up":{"uv":[6.05,11.4989],"uv_size":[0,-0.0703]},"down":{"uv":[6.05,11.4297],"uv_size":[0,0.0703]}}},{"origin":[-1.25,3.0245,4.5746],"size":[0.5,3,3],"pivot":[0,4.1255,1],"uv":{"north":{"uv":[3.2,11.4309],"uv_size":[0,0.145]},"south":{"uv":[3.2,11.5735],"uv_size":[0,-0.145]},"east":{"uv":[4.834,11.4446],"uv_size":[-1.634,2.3411]},"west":{"uv":[3.216,11.4446],"uv_size":[1.634,2.3411]},"up":{"uv":[3.2,11.5735],"uv_size":[0,-0.145]},"down":{"uv":[3.2,11.5735],"uv_size":[0,-0.145]}}},{"origin":[-1.3098,-1.9549,4.7942],"size":[0.6197,12.4207,1.1393],"pivot":[0,4.1255,1],"uv":{"north":{"uv":[0.2984,5.4446],"uv_size":[-0.0984,4.6983]},"south":{"uv":[0.0984,5.4446],"uv_size":[-0.0984,4.6983]},"east":{"uv":[3.446,3.016],"uv_size":[-0.246,1.6983]},"west":{"uv":[3.046,3.016],"uv_size":[-0.246,1.6983]},"up":{"uv":[1.6016,8.5771],"uv_size":[0.0984,0.3514]},"down":{"uv":[6.0016,1.2086],"uv_size":[0.0984,-0.3514]}}},{"origin":[-1,-2.2616,-3.05],"size":[0,11.4295,8.1],"pivot":[0,4.1255,1],"uv":{"north":{"uv":[0,0.0046],"uv_size":[0,0.2811]},"south":{"uv":[0,0.2811],"uv_size":[0,-0.2811]},"east":{"uv":[4.734,11.3411],"uv_size":[-2.134,-2.2697]},"west":{"uv":[2.616,11.3411],"uv_size":[2.134,-2.2697]},"up":{"uv":[0,0.016],"uv_size":[0,0.984]},"down":{"uv":[0,0.016],"uv_size":[0,0.984]}}},{"origin":[-1.1,6.2249,-0.4893],"size":[0.2,2.9786,2.9786],"pivot":[0,4.1255,1],"uv":{"north":{"uv":[6.05,11.4989],"uv_size":[0,-0.0703]},"south":{"uv":[6.05,11.4989],"uv_size":[0,-0.0703]},"east":{"uv":[6.8372,12.5554],"uv_size":[-0.7872,-1.1269]},"west":{"uv":[6.0628,12.5554],"uv_size":[0.7872,-1.1269]},"up":{"uv":[6.05,11.4297],"uv_size":[0,0.0703]},"down":{"uv":[6.05,11.4989],"uv_size":[0,-0.0703]}}}],"name":"rot_4"},{"parent":"geyser_custom_z","pivot":[0,4.1255,1],"rotation":[0,0,0],"cubes":[{"origin":[-1,8.5959,-6.3032],"size":[0,2.9786,2.9786],"pivot":[0,4.1255,1],"uv":{"north":{"uv":[6.05,11.4297],"uv_size":[0,0.0703]},"south":{"uv":[6.05,11.4297],"uv_size":[0,0.0703]},"east":{"uv":[6.8372,11.4446],"uv_size":[-0.7872,1.1269]},"west":{"uv":[6.0628,11.4446],"uv_size":[0.7872,1.1269]},"up":{"uv":[6.05,11.4297],"uv_size":[0,0.0703]},"down":{"uv":[6.05,11.4989],"uv_size":[0,-0.0703]}}},{"origin":[-1.25,3.0245,-5.5746],"size":[0.5,3,3],"pivot":[0,4.1255,1],"uv":{"north":{"uv":[3.2,11.5735],"uv_size":[0,-0.145]},"south":{"uv":[3.2,11.4309],"uv_size":[0,0.145]},"east":{"uv":[4.834,13.7697],"uv_size":[-1.634,-2.3411]},"west":{"uv":[3.216,13.7697],"uv_size":[1.634,-2.3411]},"up":{"uv":[3.2,11.4309],"uv_size":[0,0.145]},"down":{"uv":[3.2,11.4309],"uv_size":[0,0.145]}}},{"origin":[-1.3098,-1.9549,-3.9335],"size":[0.6197,12.4207,1.1393],"pivot":[0,4.1255,1],"uv":{"north":{"uv":[0.0016,5.4446],"uv_size":[0.0984,4.6983]},"south":{"uv":[0.2016,5.4446],"uv_size":[0.0984,4.6983]},"east":{"uv":[3.204,3.016],"uv_size":[0.246,1.6983]},"west":{"uv":[2.804,3.016],"uv_size":[0.246,1.6983]},"up":{"uv":[1.6016,8.9229],"uv_size":[0.0984,-0.3514]},"down":{"uv":[6.0016,0.8629],"uv_size":[0.0984,0.3514]}}},{"origin":[-0.7577,4.3708,0.6561],"size":[1.1154,0.6816,0.6878],"pivot":[0,4.1255,1],"uv":{"north":{"uv":[5.9476,6.2811],"uv_size":[-0.1476,-0.2811]},"south":{"uv":[5.9476,6.8526],"uv_size":[-0.1476,-0.2811]},"east":{"uv":[6.0024,5.6394],"uv_size":[0.1476,-0.2109]},"west":{"uv":[3.8024,8.5749],"uv_size":[0.1476,0.2109]},"up":{"uv":[5.8024,6.2903],"uv_size":[0.1476,0.2811]},"down":{"uv":[5.8024,5.7189],"uv_size":[0.1476,0.2811]}}},{"origin":[-0.7577,-0.5292,0.6561],"size":[1.1154,0.6816,0.6878],"pivot":[0,4.1255,1],"uv":{"north":{"uv":[5.9476,6.2811],"uv_size":[-0.1476,-0.2811]},"south":{"uv":[5.9476,6.8526],"uv_size":[-0.1476,-0.2811]},"east":{"uv":[6.0024,5.6394],"uv_size":[0.1476,-0.2109]},"west":{"uv":[3.8024,8.5749],"uv_size":[0.1476,0.2109]},"up":{"uv":[5.8024,6.2903],"uv_size":[0.1476,0.2811]},"down":{"uv":[5.8024,5.7189],"uv_size":[0.1476,0.2811]}}},{"origin":[-1,8.5959,5.3246],"size":[0,2.9786,2.9786],"pivot":[0,4.1255,1],"uv":{"north":{"uv":[6.05,11.4297],"uv_size":[0,0.0703]},"south":{"uv":[6.05,11.4297],"uv_size":[0,0.0703]},"east":{"uv":[6.0628,11.4446],"uv_size":[0.7872,1.1269]},"west":{"uv":[6.8372,11.4446],"uv_size":[-0.7872,1.1269]},"up":{"uv":[6.05,11.4989],"uv_size":[0,-0.0703]},"down":{"uv":[6.05,11.4297],"uv_size":[0,0.0703]}}},{"origin":[-1.25,3.0245,4.5746],"size":[0.5,3,3],"pivot":[0,4.1255,1],"uv":{"north":{"uv":[3.2,11.4309],"uv_size":[0,0.145]},"south":{"uv":[3.2,11.5735],"uv_size":[0,-0.145]},"east":{"uv":[4.834,11.4446],"uv_size":[-1.634,2.3411]},"west":{"uv":[3.216,11.4446],"uv_size":[1.634,2.3411]},"up":{"uv":[3.2,11.5735],"uv_size":[0,-0.145]},"down":{"uv":[3.2,11.5735],"uv_size":[0,-0.145]}}},{"origin":[-1.3098,-1.9549,4.7942],"size":[0.6197,12.4207,1.1393],"pivot":[0,4.1255,1],"uv":{"north":{"uv":[0.2984,5.4446],"uv_size":[-0.0984,4.6983]},"south":{"uv":[0.0984,5.4446],"uv_size":[-0.0984,4.6983]},"east":{"uv":[3.446,3.016],"uv_size":[-0.246,1.6983]},"west":{"uv":[3.046,3.016],"uv_size":[-0.246,1.6983]},"up":{"uv":[1.6016,8.5771],"uv_size":[0.0984,0.3514]},"down":{"uv":[6.0016,1.2086],"uv_size":[0.0984,-0.3514]}}},{"origin":[-1,-2.2616,-3.05],"size":[0,11.4295,8.1],"pivot":[0,4.1255,1],"uv":{"north":{"uv":[0,0.0046],"uv_size":[0,0.2811]},"south":{"uv":[0,0.2811],"uv_size":[0,-0.2811]},"east":{"uv":[4.734,11.3411],"uv_size":[-2.134,-2.2697]},"west":{"uv":[2.616,11.3411],"uv_size":[2.134,-2.2697]},"up":{"uv":[0,0.016],"uv_size":[0,0.984]},"down":{"uv":[0,0.016],"uv_size":[0,0.984]}}},{"origin":[-1.1,6.2249,-0.4893],"size":[0.2,2.9786,2.9786],"pivot":[0,4.1255,1],"uv":{"north":{"uv":[6.05,11.4989],"uv_size":[0,-0.0703]},"south":{"uv":[6.05,11.4989],"uv_size":[0,-0.0703]},"east":{"uv":[6.8372,12.5554],"uv_size":[-0.7872,-1.1269]},"west":{"uv":[6.0628,12.5554],"uv_size":[0.7872,-1.1269]},"up":{"uv":[6.05,11.4297],"uv_size":[0,0.0703]},"down":{"uv":[6.05,11.4989],"uv_size":[0,-0.0703]}}}],"name":"rot_5"},{"parent":"geyser_custom_z","pivot":[0,4.1255,1],"rotation":[-22.5,0,0],"cubes":[{"origin":[-1.45,6.9724,-6.9132],"size":[0.9,0.9295,3.4081],"pivot":[0,4.1255,1],"uv":{"north":{"uv":[0,0.2811],"uv_size":[0,-0.2811]},"south":{"uv":[0,0.0046],"uv_size":[0,0.2811]},"east":{"uv":[4.7968,3.2697],"uv_size":[-0.1968,-0.984]},"west":{"uv":[1.7968,7.5554],"uv_size":[-0.1968,-0.984]},"up":{"uv":[0,0.016],"uv_size":[0,0.984]},"down":{"uv":[0,0.016],"uv_size":[0,0.984]}}},{"origin":[-1,7.2396,3.9502],"size":[0,3.4081,1.1786],"pivot":[0,4.1255,1],"uv":{"north":{"uv":[0,0.984],"uv_size":[0,-0.984]},"south":{"uv":[0,0.984],"uv_size":[0,-0.984]},"east":{"uv":[3.604,0.984],"uv_size":[0.246,-0.984]},"west":{"uv":[3.846,2.1269],"uv_size":[-0.246,-0.984]},"up":{"uv":[0,0.7029],"uv_size":[0,-0.7029]},"down":{"uv":[0,0.0114],"uv_size":[0,0.7029]}}},{"origin":[-1,9.3357,-10.6229],"size":[0,2.4786,2.4786],"pivot":[0,4.1255,1],"uv":{"north":{"uv":[6.85,11.4297],"uv_size":[0,0.0703]},"south":{"uv":[6.85,11.4297],"uv_size":[0,0.0703]},"east":{"uv":[6.8628,11.4446],"uv_size":[0.7872,1.1269]},"west":{"uv":[7.6372,11.4446],"uv_size":[-0.7872,1.1269]},"up":{"uv":[6.85,11.4297],"uv_size":[0,0.0703]},"down":{"uv":[6.85,11.4989],"uv_size":[0,-0.0703]}}},{"origin":[-1.2943,-6.4524,1.9484],"size":[0.5887,0.752,0.752],"pivot":[0,4.1255,1],"uv":{"north":{"uv":[6.2016,3.6394],"uv_size":[0.0984,-0.2109]},"south":{"uv":[6.2016,3.1463],"uv_size":[0.0984,0.2109]},"east":{"uv":[6.1476,5.3537],"uv_size":[-0.1476,-0.2109]},"west":{"uv":[3.7476,8.7823],"uv_size":[-0.1476,-0.2109]},"up":{"uv":[6.2016,2.8606],"uv_size":[0.0984,0.2109]},"down":{"uv":[6.2016,1.1463],"uv_size":[0.0984,0.2109]}}},{"origin":[-1.457,5.3144,-4.1467],"size":[0.914,0.5042,1.1464],"pivot":[0,4.1255,1],"uv":{"north":{"uv":[6.2032,0.8594],"uv_size":[0.1968,0.1406]},"south":{"uv":[0.6032,8.8594],"uv_size":[0.1968,0.1406]},"east":{"uv":[6.004,4.288],"uv_size":[0.246,0.1406]},"west":{"uv":[6.004,4.0023],"uv_size":[0.246,0.1406]},"up":{"uv":[1.846,8.2903],"uv_size":[-0.246,0.2811]},"down":{"uv":[6.046,2.2811],"uv_size":[-0.246,-0.2811]}}},{"origin":[-1.457,1.6189,-2.616],"size":[0.914,0.5042,1.1464],"pivot":[0,4.1255,1],"uv":{"north":{"uv":[6.2032,0.8594],"uv_size":[0.1968,0.1406]},"south":{"uv":[0.6032,8.8594],"uv_size":[0.1968,0.1406]},"east":{"uv":[6.004,4.288],"uv_size":[0.246,0.1406]},"west":{"uv":[6.004,4.0023],"uv_size":[0.246,0.1406]},"up":{"uv":[1.846,8.2903],"uv_size":[-0.246,0.2811]},"down":{"uv":[6.046,2.2811],"uv_size":[-0.246,-0.2811]}}},{"origin":[-1.457,-2.0766,-1.0852],"size":[0.914,0.5042,1.1464],"pivot":[0,4.1255,1],"uv":{"north":{"uv":[6.2032,0.8594],"uv_size":[0.1968,0.1406]},"south":{"uv":[0.6032,8.8594],"uv_size":[0.1968,0.1406]},"east":{"uv":[6.004,4.288],"uv_size":[0.246,0.1406]},"west":{"uv":[6.004,4.0023],"uv_size":[0.246,0.1406]},"up":{"uv":[1.846,8.2903],"uv_size":[-0.246,0.2811]},"down":{"uv":[6.046,2.2811],"uv_size":[-0.246,-0.2811]}}},{"origin":[-1.3439,10.1684,1.9101],"size":[0.6878,0.6816,1.1154],"pivot":[0,4.1255,1],"uv":{"north":{"uv":[3.8024,8.5749],"uv_size":[0.1476,0.2109]},"south":{"uv":[6.0024,5.6394],"uv_size":[0.1476,-0.2109]},"east":{"uv":[5.9476,6.8526],"uv_size":[-0.1476,-0.2811]},"west":{"uv":[5.9476,6.2811],"uv_size":[-0.1476,-0.2811]},"up":{"uv":[5.8024,5.7189],"uv_size":[0.1476,0.2811]},"down":{"uv":[5.8024,6.2903],"uv_size":[0.1476,0.2811]}}},{"origin":[-1.4337,10.0754,2.9945],"size":[0.8675,0.8675,0.3408],"pivot":[0,4.1255,1],"uv":{"north":{"uv":[4.0024,8.5749],"uv_size":[0.1476,0.2109]},"south":{"uv":[6.0024,5.9251],"uv_size":[0.1476,-0.2109]},"east":{"uv":[6.3476,6.0703],"uv_size":[-0.1476,-0.0703]},"west":{"uv":[6.3476,5.7846],"uv_size":[-0.1476,-0.0703]},"up":{"uv":[4.0024,8.8583],"uv_size":[0.1476,0.0703]},"down":{"uv":[4.2024,8.8583],"uv_size":[0.1476,0.0703]}}},{"origin":[-1.5887,9.9205,1.9101],"size":[1.1773,1.1773,0.3408],"pivot":[0,4.1255,1],"uv":{"north":{"uv":[1.604,7.72],"uv_size":[0.246,0.3514]},"south":{"uv":[5.404,2.6371],"uv_size":[0.246,-0.3514]},"east":{"uv":[6.446,4.6417],"uv_size":[-0.246,-0.0703]},"west":{"uv":[3.046,8.9274],"uv_size":[-0.246,-0.0703]},"up":{"uv":[6.204,3.7154],"uv_size":[0.246,0.0703]},"down":{"uv":[3.204,8.8583],"uv_size":[0.246,0.0703]}}},{"origin":[-1.3098,-4.0248,6.7456],"size":[0.6197,4.4207,1.1393],"pivot":[0,4.1255,1],"uv":{"north":{"uv":[0.2984,5.4446],"uv_size":[-0.0984,4.6983]},"south":{"uv":[0.0984,5.4446],"uv_size":[-0.0984,4.6983]},"east":{"uv":[3.446,2.8731],"uv_size":[-0.246,1.6983]},"west":{"uv":[3.046,2.8731],"uv_size":[-0.246,1.6983]},"up":{"uv":[1.6016,8.5771],"uv_size":[0.0984,0.3514]},"down":{"uv":[6.0016,1.2086],"uv_size":[0.0984,-0.3514]}}},{"origin":[-1.488,9.9737,1.0277],"size":[0.9759,1.859,0.9295],"pivot":[0,4.1255,1],"uv":{"north":{"uv":[5.2032,0.8651],"uv_size":[0.1968,0.492]},"south":{"uv":[5.2032,3.9206],"uv_size":[0.1968,-0.492]},"east":{"uv":[5.5444,0.8526],"uv_size":[-0.3444,-0.2811]},"west":{"uv":[3.9444,4.8526],"uv_size":[-0.3444,-0.2811]},"up":{"uv":[5.8032,2.576],"uv_size":[0.1968,0.2811]},"down":{"uv":[2.0032,8.2903],"uv_size":[0.1968,0.2811]}}},{"origin":[-1.4492,10.2868,0.2989],"size":[0.8985,1.1619,1.1618],"pivot":[0,4.1255,1],"uv":{"north":{"uv":[0.5968,8.6371],"uv_size":[-0.1968,-0.3514]},"south":{"uv":[5.9968,0.0057],"uv_size":[-0.1968,0.3514]},"east":{"uv":[5.646,4.8629],"uv_size":[-0.246,0.3514]},"west":{"uv":[3.446,7.72],"uv_size":[-0.246,0.3514]},"up":{"uv":[5.4032,8.3514],"uv_size":[0.1968,-0.3514]},"down":{"uv":[5.6032,8.3514],"uv_size":[0.1968,-0.3514]}}}],"name":"rot_6"},{"parent":"geyser_custom_z","pivot":[0,4.1255,1],"rotation":[-45,0,0],"cubes":[{"origin":[-1.2324,5.4571,-5.331],"size":[0.4647,1.1618,1.1618],"pivot":[0,4.1255,1],"uv":{"north":{"uv":[6.0984,3.2086],"uv_size":[-0.0984,-0.3514]},"south":{"uv":[2.0984,8.5771],"uv_size":[-0.0984,0.3514]},"east":{"uv":[5.646,3.4343],"uv_size":[-0.246,0.3514]},"west":{"uv":[2.646,7.72],"uv_size":[-0.246,0.3514]},"up":{"uv":[6.0016,2.6371],"uv_size":[0.0984,-0.3514]},"down":{"uv":[1.8016,8.9229],"uv_size":[0.0984,-0.3514]}}},{"origin":[-1.4492,2.9161,-5.0305],"size":[0.8985,1.1619,1.1618],"pivot":[0,4.1255,1],"uv":{"north":{"uv":[5.8032,0.0057],"uv_size":[0.1968,0.3514]},"south":{"uv":[0.4032,8.6371],"uv_size":[0.1968,-0.3514]},"east":{"uv":[5.646,5.2086],"uv_size":[-0.246,-0.3514]},"west":{"uv":[3.446,8.0657],"uv_size":[-0.246,-0.3514]},"up":{"uv":[5.4032,8.0057],"uv_size":[0.1968,0.3514]},"down":{"uv":[5.6032,8.0057],"uv_size":[0.1968,0.3514]}}},{"origin":[-1.4492,0.0877,-2.2021],"size":[0.8985,1.1619,1.1618],"pivot":[0,4.1255,1],"uv":{"north":{"uv":[5.8032,0.0057],"uv_size":[0.1968,0.3514]},"south":{"uv":[0.4032,8.6371],"uv_size":[0.1968,-0.3514]},"east":{"uv":[5.646,5.2086],"uv_size":[-0.246,-0.3514]},"west":{"uv":[3.446,8.0657],"uv_size":[-0.246,-0.3514]},"up":{"uv":[5.4032,8.0057],"uv_size":[0.1968,0.3514]},"down":{"uv":[5.6032,8.0057],"uv_size":[0.1968,0.3514]}}},{"origin":[-1.4492,-2.7408,0.6264],"size":[0.8985,1.1619,1.1618],"pivot":[0,4.1255,1],"uv":{"north":{"uv":[5.8032,0.0057],"uv_size":[0.1968,0.3514]},"south":{"uv":[0.4032,8.6371],"uv_size":[0.1968,-0.3514]},"east":{"uv":[5.646,5.2086],"uv_size":[-0.246,-0.3514]},"west":{"uv":[3.446,8.0657],"uv_size":[-0.246,-0.3514]},"up":{"uv":[5.4032,8.0057],"uv_size":[0.1968,0.3514]},"down":{"uv":[5.6032,8.0057],"uv_size":[0.1968,0.3514]}}},{"origin":[-1.6971,5.1886,-7.2593],"size":[1.3942,1.4717,1.4717],"pivot":[0,4.1255,1],"uv":{"north":{"uv":[4.8048,6.136],"uv_size":[0.2952,-0.4217]},"south":{"uv":[4.8048,4.9931],"uv_size":[0.2952,-0.4217]},"east":{"uv":[4.2048,7.2789],"uv_size":[0.2952,-0.4217]},"west":{"uv":[4.8048,5.5646],"uv_size":[0.2952,-0.4217]},"up":{"uv":[4.8952,7.2789],"uv_size":[-0.2952,-0.4217]},"down":{"uv":[5.0952,6.2926],"uv_size":[-0.2952,0.4217]}}},{"origin":[-1,11.687,-0.9157],"size":[0,3.4081,0.9295],"pivot":[0,4.1255,1],"uv":{"north":{"uv":[0,0.984],"uv_size":[0,-0.984]},"south":{"uv":[0,0.984],"uv_size":[0,-0.984]},"east":{"uv":[4.5968,4.4126],"uv_size":[-0.1968,-0.984]},"west":{"uv":[4.5968,3.2697],"uv_size":[-0.1968,-0.984]},"up":{"uv":[0,0.2811],"uv_size":[0,-0.2811]},"down":{"uv":[0,0.0046],"uv_size":[0,0.2811]}}},{"origin":[-1.4492,6.839,-2.8753],"size":[0.8985,1.1618,1.1618],"pivot":[0,4.1255,1],"uv":{"north":{"uv":[5.8032,0.0057],"uv_size":[0.1968,0.3514]},"south":{"uv":[0.4032,8.6371],"uv_size":[0.1968,-0.3514]},"east":{"uv":[5.646,5.2086],"uv_size":[-0.246,-0.3514]},"west":{"uv":[3.446,8.0657],"uv_size":[-0.246,-0.3514]},"up":{"uv":[5.4032,8.0057],"uv_size":[0.1968,0.3514]},"down":{"uv":[5.6032,8.0057],"uv_size":[0.1968,0.3514]}}},{"origin":[0.3029,3.796,0.0128],"size":[1.3942,1.3168,1.3168],"pivot":[0,4.1255,1],"uv":{"north":{"uv":[5.0048,4.3514],"uv_size":[0.2952,-0.3514]},"south":{"uv":[2.6048,7.4943],"uv_size":[0.2952,-0.3514]},"east":{"uv":[5.204,6.3514],"uv_size":[0.246,-0.3514]},"west":{"uv":[4.004,7.78],"uv_size":[0.246,-0.3514]},"up":{"uv":[5.4952,0.3514],"uv_size":[-0.2952,-0.3514]},"down":{"uv":[5.2952,6.8629],"uv_size":[-0.2952,0.3514]}}}],"name":"rot_7"}]}]}
