{"format_version":"1.16.0","minecraft:geometry":[{"description":{"identifier":"geometry.geyser_custom.geo_f4b0522","texture_width":16,"texture_height":16,"visible_bounds_width":4,"visible_bounds_height":4.5,"visible_bounds_offset":[0,0.75,0]},"bones":[{"name":"geyser_custom","binding":"c.item_slot == 'head' ? 'head' : q.item_slot_to_bone_name(c.item_slot)","pivot":[0,8,0]},{"name":"geyser_custom_x","parent":"geyser_custom","pivot":[0,8,0]},{"name":"geyser_custom_y","parent":"geyser_custom_x","pivot":[0,8,0]},{"name":"geyser_custom_z","parent":"geyser_custom_y","pivot":[0,8,0],"cubes":[]},{"parent":"geyser_custom_z","pivot":[0,2.4367,0],"rotation":[45,0,0],"cubes":[{"origin":[-0.2324,-1.4504,-6.7351],"size":[0.4647,1.1618,1.1618],"pivot":[0,2.4367,0],"uv":{"north":{"uv":[2.2016,8.5771],"uv_size":[0.0984,0.3514]},"south":{"uv":[2.4016,8.5771],"uv_size":[0.0984,0.3514]},"east":{"uv":[2.804,7.72],"uv_size":[0.246,0.3514]},"west":{"uv":[5.404,4.0057],"uv_size":[0.246,0.3514]},"up":{"uv":[6.0016,3.4343],"uv_size":[0.0984,0.3514]},"down":{"uv":[2.6016,8.9229],"uv_size":[0.0984,-0.3514]}}}],"name":"rot_1"},{"parent":"geyser_custom_z","pivot":[0,2.4367,0],"rotation":[0,45,0],"cubes":[{"origin":[-0.3218,-8.9482,-0.2985],"size":[0.6436,3.7179,0.5971],"pivot":[0,2.4367,0],"uv":{"north":{"uv":[3.0024,6.5874],"uv_size":[0.1476,1.0554]},"south":{"uv":[4.6024,4.5874],"uv_size":[0.1476,1.0554]},"east":{"uv":[3.2024,6.5874],"uv_size":[0.1476,1.0554]},"west":{"uv":[3.4024,6.5874],"uv_size":[0.1476,1.0554]},"up":{"uv":[3.2024,8.5749],"uv_size":[0.1476,0.2109]},"down":{"uv":[6.0024,4.7823],"uv_size":[0.1476,-0.2109]}}},{"origin":[-0.3683,-8.9482,-0.345],"size":[0.7365,3.7179,0.6901],"pivot":[0,2.4367,0],"uv":{"north":{"uv":[3.6024,6.5874],"uv_size":[0.1476,1.0554]},"south":{"uv":[4.6024,5.7303],"uv_size":[0.1476,1.0554]},"east":{"uv":[3.8024,6.5874],"uv_size":[0.1476,1.0554]},"west":{"uv":[4.8024,0.016],"uv_size":[0.1476,1.0554]},"up":{"uv":[3.4024,8.5749],"uv_size":[0.1476,0.2109]},"down":{"uv":[6.0024,5.068],"uv_size":[0.1476,-0.2109]}}},{"origin":[-0.488,-6.5084,-0.4647],"size":[0.9759,0.4647,0.9295],"pivot":[0,2.4367,0],"uv":{"north":{"uv":[5.0032,8.5737],"uv_size":[0.1968,0.1406]},"south":{"uv":[5.2032,8.5737],"uv_size":[0.1968,0.1406]},"east":{"uv":[6.0032,7.1451],"uv_size":[0.1968,0.1406]},"west":{"uv":[6.0032,7.4309],"uv_size":[0.1968,0.1406]},"up":{"uv":[5.8032,3.4331],"uv_size":[0.1968,0.2811]},"down":{"uv":[2.6032,8.5669],"uv_size":[0.1968,-0.2811]}}},{"origin":[-0.488,-5.5951,-0.4647],"size":[0.9759,0.4647,0.9295],"pivot":[0,2.4367,0],"uv":{"north":{"uv":[5.0032,8.5737],"uv_size":[0.1968,0.1406]},"south":{"uv":[5.2032,8.5737],"uv_size":[0.1968,0.1406]},"east":{"uv":[6.0032,7.1451],"uv_size":[0.1968,0.1406]},"west":{"uv":[6.0032,7.4309],"uv_size":[0.1968,0.1406]},"up":{"uv":[5.8032,3.4331],"uv_size":[0.1968,0.2811]},"down":{"uv":[2.6032,8.5669],"uv_size":[0.1968,-0.2811]}}},{"origin":[-0.488,-8.4835,-0.4647],"size":[0.9759,0.4647,0.9295],"pivot":[0,2.4367,0],"uv":{"north":{"uv":[5.0032,8.5737],"uv_size":[0.1968,0.1406]},"south":{"uv":[5.2032,8.5737],"uv_size":[0.1968,0.1406]},"east":{"uv":[6.0032,7.1451],"uv_size":[0.1968,0.1406]},"west":{"uv":[6.0032,7.4309],"uv_size":[0.1968,0.1406]},"up":{"uv":[5.8032,3.4331],"uv_size":[0.1968,0.2811]},"down":{"uv":[2.6032,8.5669],"uv_size":[0.1968,-0.2811]}}},{"origin":[-0.488,-9.3968,-0.4647],"size":[0.9759,0.4647,0.9295],"pivot":[0,2.4367,0],"uv":{"north":{"uv":[5.0032,8.5737],"uv_size":[0.1968,0.1406]},"south":{"uv":[5.2032,8.5737],"uv_size":[0.1968,0.1406]},"east":{"uv":[6.0032,7.1451],"uv_size":[0.1968,0.1406]},"west":{"uv":[6.0032,7.4309],"uv_size":[0.1968,0.1406]},"up":{"uv":[5.8032,3.4331],"uv_size":[0.1968,0.2811]},"down":{"uv":[2.6032,8.5669],"uv_size":[0.1968,-0.2811]}}}],"name":"rot_2"},{"parent":"geyser_custom_z","pivot":[0,2.4367,0],"rotation":[22.5,0,0],"cubes":[{"origin":[-0.3439,-6.1061,-1.3796],"size":[0.6878,1.1154,0.6816],"pivot":[0,2.4367,0],"uv":{"north":{"uv":[5.8024,5.7189],"uv_size":[0.1476,0.2811]},"south":{"uv":[5.8024,6.2903],"uv_size":[0.1476,0.2811]},"east":{"uv":[5.8024,6.0046],"uv_size":[0.1476,0.2811]},"west":{"uv":[5.8024,6.576],"uv_size":[0.1476,0.2811]},"up":{"uv":[3.8024,8.5749],"uv_size":[0.1476,0.2109]},"down":{"uv":[6.0024,5.6394],"uv_size":[0.1476,-0.2109]}}},{"origin":[-0.4338,-6.4159,-1.4725],"size":[0.8675,0.3408,0.8675],"pivot":[0,2.4367,0],"uv":{"north":{"uv":[4.0024,8.8583],"uv_size":[0.1476,0.0703]},"south":{"uv":[4.2024,8.8583],"uv_size":[0.1476,0.0703]},"east":{"uv":[6.2024,5.7154],"uv_size":[0.1476,0.0703]},"west":{"uv":[6.2024,6.0011],"uv_size":[0.1476,0.0703]},"up":{"uv":[4.0024,8.5749],"uv_size":[0.1476,0.2109]},"down":{"uv":[6.0024,5.9251],"uv_size":[0.1476,-0.2109]}}},{"origin":[-0.5887,-5.3315,-1.6274],"size":[1.1773,0.3408,1.1773],"pivot":[0,2.4367,0],"uv":{"north":{"uv":[6.204,3.7154],"uv_size":[0.246,0.0703]},"south":{"uv":[3.204,8.8583],"uv_size":[0.246,0.0703]},"east":{"uv":[2.804,8.8583],"uv_size":[0.246,0.0703]},"west":{"uv":[6.204,4.5726],"uv_size":[0.246,0.0703]},"up":{"uv":[1.604,7.72],"uv_size":[0.246,0.3514]},"down":{"uv":[5.404,2.6371],"uv_size":[0.246,-0.3514]}}},{"origin":[-0.488,-5.0378,-2.3622],"size":[0.9759,0.9295,1.859],"pivot":[0,2.4367,0],"uv":{"north":{"uv":[5.8032,2.576],"uv_size":[0.1968,0.2811]},"south":{"uv":[2.0032,8.2903],"uv_size":[0.1968,0.2811]},"east":{"uv":[3.6056,4.576],"uv_size":[0.3444,0.2811]},"west":{"uv":[5.2056,0.576],"uv_size":[0.3444,0.2811]},"up":{"uv":[5.2032,0.8651],"uv_size":[0.1968,0.492]},"down":{"uv":[5.2032,3.9206],"uv_size":[0.1968,-0.492]}}}],"name":"rot_3"},{"parent":"geyser_custom_z","pivot":[0,2.4367,0],"rotation":[0,22.5,0],"cubes":[{"origin":[0.8026,-4.6107,-1.9384],"size":[0,3.4081,0.9295],"pivot":[0,2.4367,0],"uv":{"north":{"uv":[0,0.016],"uv_size":[0,0.984]},"south":{"uv":[0,0.016],"uv_size":[0,0.984]},"east":{"uv":[1.6032,6.5874],"uv_size":[0.1968,0.984]},"west":{"uv":[4.6032,2.3017],"uv_size":[0.1968,0.984]},"up":{"uv":[0,0.0046],"uv_size":[0,0.2811]},"down":{"uv":[0,0.2811],"uv_size":[0,-0.2811]}}},{"origin":[-0.8026,-4.6107,1.009],"size":[0,3.4081,0.9295],"pivot":[0,2.4367,0],"uv":{"north":{"uv":[0,0.016],"uv_size":[0,0.984]},"south":{"uv":[0,0.016],"uv_size":[0,0.984]},"east":{"uv":[4.4032,4.5874],"uv_size":[0.1968,0.984]},"west":{"uv":[4.0032,6.3017],"uv_size":[0.1968,0.984]},"up":{"uv":[0,0.0046],"uv_size":[0,0.2811]},"down":{"uv":[0,0.2811],"uv_size":[0,-0.2811]}}},{"origin":[0.8026,9.0216,-1.9384],"size":[0,5.8867,0.9295],"pivot":[0,2.4367,0],"uv":{"north":{"uv":[0,0.016],"uv_size":[0,1.6983]},"south":{"uv":[0,0.016],"uv_size":[0,1.6983]},"east":{"uv":[4.0032,4.5874],"uv_size":[0.1968,1.6983]},"west":{"uv":[4.2032,0.016],"uv_size":[0.1968,1.6983]},"up":{"uv":[0,0.0046],"uv_size":[0,0.2811]},"down":{"uv":[0,0.2811],"uv_size":[0,-0.2811]}}},{"origin":[-0.8026,9.0216,1.009],"size":[0,5.8867,0.9295],"pivot":[0,2.4367,0],"uv":{"north":{"uv":[0,0.016],"uv_size":[0,1.6983]},"south":{"uv":[0,0.016],"uv_size":[0,1.6983]},"east":{"uv":[0.4032,6.3017],"uv_size":[0.1968,1.6983]},"west":{"uv":[0.6032,6.3017],"uv_size":[0.1968,1.6983]},"up":{"uv":[0,0.0046],"uv_size":[0,0.2811]},"down":{"uv":[0,0.2811],"uv_size":[0,-0.2811]}}}],"name":"rot_4"},{"parent":"geyser_custom_z","pivot":[0,2.4367,0],"rotation":[0,0,-22.5],"cubes":[{"origin":[5.101,13.8229,-1.2393],"size":[0,0.9295,2.4786],"pivot":[0,2.4367,0],"uv":{"north":{"uv":[0,0.0046],"uv_size":[0,0.2811]},"south":{"uv":[0,0.0046],"uv_size":[0,0.2811]},"east":{"uv":[4.808,2.2903],"uv_size":[0.492,0.2811]},"west":{"uv":[4.808,2.576],"uv_size":[0.492,0.2811]},"up":{"uv":[0,0.0114],"uv_size":[0,0.7029]},"down":{"uv":[0,0.7029],"uv_size":[0,-0.7029]}}}],"name":"rot_5"},{"parent":"geyser_custom_z","pivot":[0,2.4367,0],"rotation":[-0,0,0],"cubes":[{"origin":[-0.4647,-5.2303,-2.4166],"size":[0.9295,0.9295,4.8333],"pivot":[0,2.4367,0],"uv":{"north":{"uv":[5.2032,6.576],"uv_size":[0.1968,0.2811]},"south":{"uv":[5.8032,2.2903],"uv_size":[0.1968,0.2811]},"east":{"uv":[4.4152,1.7189],"uv_size":[0.9348,0.2811]},"west":{"uv":[4.4152,2.0046],"uv_size":[0.9348,0.2811]},"up":{"uv":[0.8032,6.3017],"uv_size":[0.1968,1.3411]},"down":{"uv":[1.0032,7.6269],"uv_size":[0.1968,-1.3411]}}},{"origin":[-0.1549,-4.6107,-1.2393],"size":[0.3098,17.0404,2.4786],"pivot":[0,2.4367,0],"uv":{"north":{"uv":[1.2008,6.3017],"uv_size":[0.0492,4.8411]},"south":{"uv":[1.4008,6.3017],"uv_size":[0.0492,4.8411]},"east":{"uv":[1.608,0.016],"uv_size":[0.492,4.8411]},"west":{"uv":[2.208,0.016],"uv_size":[0.492,4.8411]},"up":{"uv":[5.8008,8.0114],"uv_size":[0.0492,0.7029]},"down":{"uv":[6.0008,0.7029],"uv_size":[0.0492,-0.7029]}}},{"origin":[0,-3.991,-1.859],"size":[0,18.7444,3.7179],"pivot":[0,2.4367,0],"uv":{"north":{"uv":[0,0.016],"uv_size":[0,5.3411]},"south":{"uv":[0,0.016],"uv_size":[0,5.3411]},"east":{"uv":[0.012,0.016],"uv_size":[0.738,5.3411]},"west":{"uv":[0.012,0.016],"uv_size":[0.738,5.3411]},"up":{"uv":[0,0.016],"uv_size":[0,1.0554]},"down":{"uv":[0,1.0554],"uv_size":[0,-1.0554]}}},{"origin":[0.3554,-4.6107,-1.2393],"size":[0,3.4081,2.4786],"pivot":[0,2.4367,0],"uv":{"north":{"uv":[0,0.016],"uv_size":[0,0.984]},"south":{"uv":[0,0.016],"uv_size":[0,0.984]},"east":{"uv":[3.608,2.3017],"uv_size":[0.492,0.984]},"west":{"uv":[3.608,3.4446],"uv_size":[0.492,0.984]},"up":{"uv":[0,0.0114],"uv_size":[0,0.7029]},"down":{"uv":[0,0.7029],"uv_size":[0,-0.7029]}}},{"origin":[-0.3554,-4.6107,-1.2393],"size":[0,3.4081,2.4786],"pivot":[0,2.4367,0],"uv":{"north":{"uv":[0,0.016],"uv_size":[0,0.984]},"south":{"uv":[0,0.016],"uv_size":[0,0.984]},"east":{"uv":[3.608,0.016],"uv_size":[0.492,0.984]},"west":{"uv":[3.608,1.1589],"uv_size":[0.492,0.984]},"up":{"uv":[0,0.0114],"uv_size":[0,0.7029]},"down":{"uv":[0,0.7029],"uv_size":[0,-0.7029]}}},{"origin":[-0.35,-1.9535,-1.4893],"size":[0.7,2.9786,2.9786],"pivot":[0,2.4367,0],"uv":{"north":{"uv":[6.05,11.4297],"uv_size":[0,0.0703]},"south":{"uv":[6.05,11.4297],"uv_size":[0,0.0703]},"east":{"uv":[6.0628,11.4446],"uv_size":[0.7872,1.1269]},"west":{"uv":[6.8372,11.4446],"uv_size":[-0.7872,1.1269]},"up":{"uv":[6.05,11.4989],"uv_size":[0,-0.0703]},"down":{"uv":[6.05,11.4297],"uv_size":[0,0.0703]}}},{"origin":[-0.35,6.7965,-1.4893],"size":[0.7,2.9786,2.9786],"pivot":[0,2.4367,0],"uv":{"north":{"uv":[6.05,11.4297],"uv_size":[0,0.0703]},"south":{"uv":[6.05,11.4297],"uv_size":[0,0.0703]},"east":{"uv":[6.0628,11.4446],"uv_size":[0.7872,1.1269]},"west":{"uv":[6.8372,11.4446],"uv_size":[-0.7872,1.1269]},"up":{"uv":[6.05,11.4989],"uv_size":[0,-0.0703]},"down":{"uv":[6.05,11.4297],"uv_size":[0,0.0703]}}},{"origin":[0,-11.9535,-1.4893],"size":[0,2.9786,2.9786],"pivot":[0,2.4367,0],"uv":{"north":{"uv":[6.05,11.4297],"uv_size":[0,0.0703]},"south":{"uv":[6.05,11.4297],"uv_size":[0,0.0703]},"east":{"uv":[6.0628,11.4446],"uv_size":[0.7872,1.1269]},"west":{"uv":[6.8372,11.4446],"uv_size":[-0.7872,1.1269]},"up":{"uv":[6.05,11.4989],"uv_size":[0,-0.0703]},"down":{"uv":[6.05,11.4297],"uv_size":[0,0.0703]}}},{"origin":[0,-8.4035,-4.7393],"size":[0,2.4786,2.4786],"pivot":[0,2.4367,0],"uv":{"north":{"uv":[6.85,11.4989],"uv_size":[0,-0.0703]},"south":{"uv":[6.85,11.4297],"uv_size":[0,0.0703]},"east":{"uv":[6.8628,11.4446],"uv_size":[0.7872,1.1269]},"west":{"uv":[7.6372,11.4446],"uv_size":[-0.7872,1.1269]},"up":{"uv":[6.85,11.4989],"uv_size":[0,-0.0703]},"down":{"uv":[6.85,11.4989],"uv_size":[0,-0.0703]}}},{"origin":[0,-8.4035,2.2607],"size":[0,2.4786,2.4786],"pivot":[0,2.4367,0],"uv":{"north":{"uv":[6.85,11.4297],"uv_size":[0,0.0703]},"south":{"uv":[6.85,11.4989],"uv_size":[0,-0.0703]},"east":{"uv":[6.8628,12.5554],"uv_size":[0.7872,-1.1269]},"west":{"uv":[7.6372,12.5554],"uv_size":[-0.7872,-1.1269]},"up":{"uv":[6.85,11.4297],"uv_size":[0,0.0703]},"down":{"uv":[6.85,11.4297],"uv_size":[0,0.0703]}}},{"origin":[-0.5,4.0965,-1.7393],"size":[1,3.4786,3.4786],"pivot":[0,2.4367,0],"uv":{"north":{"uv":[3.2,11.4309],"uv_size":[0,0.145]},"south":{"uv":[3.2,11.5735],"uv_size":[0,-0.145]},"east":{"uv":[3.216,13.7697],"uv_size":[1.634,-2.3411]},"west":{"uv":[4.834,13.7697],"uv_size":[-1.634,-2.3411]},"up":{"uv":[3.2,11.4309],"uv_size":[0,0.145]},"down":{"uv":[3.2,11.4309],"uv_size":[0,0.145]}}},{"origin":[-0.5,0.5965,-1.7393],"size":[1,2.9786,3.4786],"pivot":[0,2.4367,0],"uv":{"north":{"uv":[3.2,11.5735],"uv_size":[0,-0.145]},"south":{"uv":[3.2,11.4309],"uv_size":[0,0.145]},"east":{"uv":[3.216,13.7697],"uv_size":[1.634,-2.3411]},"west":{"uv":[4.834,13.7697],"uv_size":[-1.634,-2.3411]},"up":{"uv":[3.2,11.4309],"uv_size":[0,0.145]},"down":{"uv":[3.2,11.4309],"uv_size":[0,0.145]}}},{"origin":[-0.3098,-4.6107,-0.6197],"size":[0.6197,16.4207,1.2393],"pivot":[0,2.4367,0],"uv":{"north":{"uv":[0.0016,5.4446],"uv_size":[0.0984,4.6983]},"south":{"uv":[0.2016,5.4446],"uv_size":[0.0984,4.6983]},"east":{"uv":[2.804,0.016],"uv_size":[0.246,4.6983]},"west":{"uv":[3.204,0.016],"uv_size":[0.246,4.6983]},"up":{"uv":[6.0016,0.8629],"uv_size":[0.0984,0.3514]},"down":{"uv":[1.6016,8.9229],"uv_size":[0.0984,-0.3514]}}},{"origin":[-0.5732,7.4664,-0.457],"size":[1.1464,0.5042,0.914],"pivot":[0,2.4367,0],"uv":{"north":{"uv":[6.004,4.0023],"uv_size":[0.246,0.1406]},"south":{"uv":[6.004,4.288],"uv_size":[0.246,0.1406]},"east":{"uv":[0.6032,8.8594],"uv_size":[0.1968,0.1406]},"west":{"uv":[6.2032,0.8594],"uv_size":[0.1968,0.1406]},"up":{"uv":[5.804,2.0046],"uv_size":[0.246,0.2811]},"down":{"uv":[1.604,8.5669],"uv_size":[0.246,-0.2811]}}},{"origin":[-0.5732,-0.0553,-0.457],"size":[1.1464,0.5042,0.914],"pivot":[0,2.4367,0],"uv":{"north":{"uv":[6.004,4.288],"uv_size":[0.246,0.1406]},"south":{"uv":[6.004,4.0023],"uv_size":[0.246,0.1406]},"east":{"uv":[0.6032,8.8594],"uv_size":[0.1968,0.1406]},"west":{"uv":[6.2032,0.8594],"uv_size":[0.1968,0.1406]},"up":{"uv":[1.604,8.5669],"uv_size":[0.246,-0.2811]},"down":{"uv":[5.804,2.0046],"uv_size":[0.246,0.2811]}}},{"origin":[0.3554,9.0216,-1.2393],"size":[0,5.8867,2.4786],"pivot":[0,2.4367,0],"uv":{"north":{"uv":[0,0.016],"uv_size":[0,1.6983]},"south":{"uv":[0,0.016],"uv_size":[0,1.6983]},"east":{"uv":[1.608,4.8731],"uv_size":[0.492,1.6983]},"west":{"uv":[2.208,4.8731],"uv_size":[0.492,1.6983]},"up":{"uv":[0,0.0114],"uv_size":[0,0.7029]},"down":{"uv":[0,0.7029],"uv_size":[0,-0.7029]}}},{"origin":[-0.3554,9.0216,-1.2393],"size":[0,5.8867,2.4786],"pivot":[0,2.4367,0],"uv":{"north":{"uv":[0,0.016],"uv_size":[0,1.6983]},"south":{"uv":[0,0.016],"uv_size":[0,1.6983]},"east":{"uv":[2.808,4.8731],"uv_size":[0.492,1.6983]},"west":{"uv":[3.408,4.8731],"uv_size":[0.492,1.6983]},"up":{"uv":[0,0.0114],"uv_size":[0,0.7029]},"down":{"uv":[0,0.7029],"uv_size":[0,-0.7029]}}}],"name":"rot_6"},{"parent":"geyser_custom_z","pivot":[0,2.4367,0],"rotation":[-22.5,0,0],"cubes":[{"origin":[-0.3439,-6.1061,0.698],"size":[0.6878,1.1154,0.6816],"pivot":[0,2.4367,0],"uv":{"north":{"uv":[5.8024,6.8617],"uv_size":[0.1476,0.2811]},"south":{"uv":[5.8024,7.4331],"uv_size":[0.1476,0.2811]},"east":{"uv":[5.8024,7.1474],"uv_size":[0.1476,0.2811]},"west":{"uv":[5.8024,7.7189],"uv_size":[0.1476,0.2811]},"up":{"uv":[4.4024,8.5749],"uv_size":[0.1476,0.2109]},"down":{"uv":[6.0024,6.4966],"uv_size":[0.1476,-0.2109]}}},{"origin":[-0.4338,-6.4159,0.605],"size":[0.8675,0.3408,0.8675],"pivot":[0,2.4367,0],"uv":{"north":{"uv":[4.4024,8.8583],"uv_size":[0.1476,0.0703]},"south":{"uv":[4.6024,8.8583],"uv_size":[0.1476,0.0703]},"east":{"uv":[6.2024,6.2869],"uv_size":[0.1476,0.0703]},"west":{"uv":[6.2024,6.5726],"uv_size":[0.1476,0.0703]},"up":{"uv":[4.2024,8.5749],"uv_size":[0.1476,0.2109]},"down":{"uv":[6.0024,6.2109],"uv_size":[0.1476,-0.2109]}}},{"origin":[-0.5887,-5.3315,0.4501],"size":[1.1773,0.3408,1.1773],"pivot":[0,2.4367,0],"uv":{"north":{"uv":[6.204,4.8583],"uv_size":[0.246,0.0703]},"south":{"uv":[6.204,5.144],"uv_size":[0.246,0.0703]},"east":{"uv":[3.604,8.8583],"uv_size":[0.246,0.0703]},"west":{"uv":[6.204,5.4297],"uv_size":[0.246,0.0703]},"up":{"uv":[2.004,7.72],"uv_size":[0.246,0.3514]},"down":{"uv":[5.404,3.2086],"uv_size":[0.246,-0.3514]}}},{"origin":[-0.488,-5.0378,0.5033],"size":[0.9759,0.9295,1.859],"pivot":[0,2.4367,0],"uv":{"north":{"uv":[5.8032,2.8617],"uv_size":[0.1968,0.2811]},"south":{"uv":[2.2032,8.2903],"uv_size":[0.1968,0.2811]},"east":{"uv":[5.2056,1.4331],"uv_size":[0.3444,0.2811]},"west":{"uv":[5.2056,4.576],"uv_size":[0.3444,0.2811]},"up":{"uv":[5.2032,4.8651],"uv_size":[0.1968,0.492]},"down":{"uv":[5.2032,5.9206],"uv_size":[0.1968,-0.492]}}}],"name":"rot_7"},{"parent":"geyser_custom_z","pivot":[0,2.4367,0],"rotation":[0,-22.5,0],"cubes":[{"origin":[-0.8026,-4.6107,-1.9384],"size":[0,3.4081,0.9295],"pivot":[0,2.4367,0],"uv":{"north":{"uv":[0,0.016],"uv_size":[0,0.984]},"south":{"uv":[0,0.016],"uv_size":[0,0.984]},"east":{"uv":[4.4032,5.7303],"uv_size":[0.1968,0.984]},"west":{"uv":[4.6032,0.016],"uv_size":[0.1968,0.984]},"up":{"uv":[0,0.0046],"uv_size":[0,0.2811]},"down":{"uv":[0,0.2811],"uv_size":[0,-0.2811]}}},{"origin":[0.8026,-4.6107,1.009],"size":[0,3.4081,0.9295],"pivot":[0,2.4367,0],"uv":{"north":{"uv":[0,0.016],"uv_size":[0,0.984]},"south":{"uv":[0,0.016],"uv_size":[0,0.984]},"east":{"uv":[4.4032,2.3017],"uv_size":[0.1968,0.984]},"west":{"uv":[4.4032,3.4446],"uv_size":[0.1968,0.984]},"up":{"uv":[0,0.0046],"uv_size":[0,0.2811]},"down":{"uv":[0,0.2811],"uv_size":[0,-0.2811]}}},{"origin":[-0.8026,9.0216,-1.9384],"size":[0,5.8867,0.9295],"pivot":[0,2.4367,0],"uv":{"north":{"uv":[0,0.016],"uv_size":[0,1.6983]},"south":{"uv":[0,0.016],"uv_size":[0,1.6983]},"east":{"uv":[4.2032,1.7303],"uv_size":[0.1968,1.6983]},"west":{"uv":[4.2032,3.4446],"uv_size":[0.1968,1.6983]},"up":{"uv":[0,0.0046],"uv_size":[0,0.2811]},"down":{"uv":[0,0.2811],"uv_size":[0,-0.2811]}}},{"origin":[0.8026,9.0216,1.009],"size":[0,5.8867,0.9295],"pivot":[0,2.4367,0],"uv":{"north":{"uv":[0,0.016],"uv_size":[0,1.6983]},"south":{"uv":[0,0.016],"uv_size":[0,1.6983]},"east":{"uv":[4.2032,5.1589],"uv_size":[0.1968,1.6983]},"west":{"uv":[4.4032,0.016],"uv_size":[0.1968,1.6983]},"up":{"uv":[0,0.0046],"uv_size":[0,0.2811]},"down":{"uv":[0,0.2811],"uv_size":[0,-0.2811]}}}],"name":"rot_8"},{"parent":"geyser_custom_z","pivot":[0,2.4367,0],"rotation":[0,0,22.5],"cubes":[{"origin":[-5.101,13.8229,-1.2393],"size":[0,0.9295,2.4786],"pivot":[0,2.4367,0],"uv":{"north":{"uv":[0,0.0046],"uv_size":[0,0.2811]},"south":{"uv":[0,0.0046],"uv_size":[0,0.2811]},"east":{"uv":[4.808,2.8617],"uv_size":[0.492,0.2811]},"west":{"uv":[4.808,3.1474],"uv_size":[0.492,0.2811]},"up":{"uv":[0,0.0114],"uv_size":[0,0.7029]},"down":{"uv":[0,0.7029],"uv_size":[0,-0.7029]}}}],"name":"rot_9"},{"parent":"geyser_custom_z","pivot":[0,2.4367,0],"rotation":[-45,0,0],"cubes":[{"origin":[-0.6971,-3.3579,4.323],"size":[1.3942,1.4717,1.4717],"pivot":[0,2.4367,0],"uv":{"north":{"uv":[4.8048,4.5783],"uv_size":[0.2952,0.4217]},"south":{"uv":[4.8048,5.7211],"uv_size":[0.2952,0.4217]},"east":{"uv":[4.8048,5.1497],"uv_size":[0.2952,0.4217]},"west":{"uv":[4.2048,6.864],"uv_size":[0.2952,0.4217]},"up":{"uv":[4.8048,6.2926],"uv_size":[0.2952,0.4217]},"down":{"uv":[4.6048,7.2789],"uv_size":[0.2952,-0.4217]}}},{"origin":[-0.2324,-1.4504,5.5733],"size":[0.4647,1.1618,1.1618],"pivot":[0,2.4367,0],"uv":{"north":{"uv":[6.0016,2.2914],"uv_size":[0.0984,0.3514]},"south":{"uv":[1.8016,8.5771],"uv_size":[0.0984,0.3514]},"east":{"uv":[2.404,7.72],"uv_size":[0.246,0.3514]},"west":{"uv":[5.404,3.4343],"uv_size":[0.246,0.3514]},"up":{"uv":[2.0016,8.5771],"uv_size":[0.0984,0.3514]},"down":{"uv":[6.0016,3.2086],"uv_size":[0.0984,-0.3514]}}},{"origin":[-0.1394,8.6477,-7.9305],"size":[0.2788,1.7195,1.7195],"pivot":[0,2.4367,0],"uv":{"north":{"uv":[0.8008,8.8651],"uv_size":[0.0492,0.492]},"south":{"uv":[1.0008,8.8651],"uv_size":[0.0492,0.492]},"east":{"uv":[2.2056,6.5794],"uv_size":[0.3444,0.492]},"west":{"uv":[4.6056,3.4366],"uv_size":[0.3444,0.492]},"up":{"uv":[6.2008,1.7223],"uv_size":[0.0492,0.492]},"down":{"uv":[6.2008,2.7777],"uv_size":[0.0492,-0.492]}}},{"origin":[-0.2943,8.6477,-7.063],"size":[0.5887,0.852,0.852],"pivot":[0,2.4367,0],"uv":{"north":{"uv":[6.2016,1.1463],"uv_size":[0.0984,0.2109]},"south":{"uv":[6.2016,2.8606],"uv_size":[0.0984,0.2109]},"east":{"uv":[3.6024,8.5749],"uv_size":[0.1476,0.2109]},"west":{"uv":[6.0024,5.1463],"uv_size":[0.1476,0.2109]},"up":{"uv":[6.2016,3.1463],"uv_size":[0.0984,0.2109]},"down":{"uv":[6.2016,3.6394],"uv_size":[0.0984,-0.2109]}}},{"origin":[-0.4492,5.9984,-4.7235],"size":[0.8985,1.1618,1.1619],"pivot":[0,2.4367,0],"uv":{"north":{"uv":[5.4032,8.0057],"uv_size":[0.1968,0.3514]},"south":{"uv":[5.6032,8.0057],"uv_size":[0.1968,0.3514]},"east":{"uv":[3.204,7.72],"uv_size":[0.246,0.3514]},"west":{"uv":[5.404,4.8629],"uv_size":[0.246,0.3514]},"up":{"uv":[5.8032,0.0057],"uv_size":[0.1968,0.3514]},"down":{"uv":[0.4032,8.6371],"uv_size":[0.1968,-0.3514]}}},{"origin":[-0.4492,-0.1359,1.4108],"size":[0.8985,1.1618,1.1618],"pivot":[0,2.4367,0],"uv":{"north":{"uv":[5.6032,8.0057],"uv_size":[0.1968,0.3514]},"south":{"uv":[5.4032,8.0057],"uv_size":[0.1968,0.3514]},"east":{"uv":[3.204,7.72],"uv_size":[0.246,0.3514]},"west":{"uv":[5.404,4.8629],"uv_size":[0.246,0.3514]},"up":{"uv":[0.4032,8.6371],"uv_size":[0.1968,-0.3514]},"down":{"uv":[5.8032,0.0057],"uv_size":[0.1968,0.3514]}}},{"origin":[-0.6971,-6.7262,7.8462],"size":[1.3942,1.3167,1.3168],"pivot":[0,2.4367,0],"uv":{"north":{"uv":[2.6048,7.1486],"uv_size":[0.2952,0.3514]},"south":{"uv":[5.0048,4.0057],"uv_size":[0.2952,0.3514]},"east":{"uv":[4.004,7.4343],"uv_size":[0.246,0.3514]},"west":{"uv":[5.204,6.0057],"uv_size":[0.246,0.3514]},"up":{"uv":[5.0048,6.8629],"uv_size":[0.2952,0.3514]},"down":{"uv":[5.2048,0.3514],"uv_size":[0.2952,-0.3514]}}}],"name":"rot_10"}]}]}
