{"format_version":"1.16.0","minecraft:geometry":[{"description":{"identifier":"geometry.geyser_custom.geo_5a029a5","texture_width":16,"texture_height":16,"visible_bounds_width":4,"visible_bounds_height":4.5,"visible_bounds_offset":[0,0.75,0]},"bones":[{"name":"geyser_custom","binding":"c.item_slot == 'head' ? 'head' : q.item_slot_to_bone_name(c.item_slot)","pivot":[0,8,0]},{"name":"geyser_custom_x","parent":"geyser_custom","pivot":[0,8,0]},{"name":"geyser_custom_y","parent":"geyser_custom_x","pivot":[0,8,0]},{"name":"geyser_custom_z","parent":"geyser_custom_y","pivot":[0,8,0],"cubes":[]},{"parent":"geyser_custom_z","pivot":[0,8.5943,-4.4377],"rotation":[45,0,0],"cubes":[{"origin":[-0.3439,7.1181,-4.4794],"size":[0.6878,1.1154,0.6816],"pivot":[0,8.5943,-4.4377],"uv":{"north":{"uv":[5.8024,6.2903],"uv_size":[0.1476,0.2811]},"south":{"uv":[5.8024,5.7189],"uv_size":[0.1476,0.2811]},"east":{"uv":[5.8024,6.0046],"uv_size":[0.1476,0.2811]},"west":{"uv":[5.8024,6.576],"uv_size":[0.1476,0.2811]},"up":{"uv":[6.0024,5.6394],"uv_size":[0.1476,-0.2109]},"down":{"uv":[3.8024,8.5749],"uv_size":[0.1476,0.2109]}}},{"origin":[-0.4338,8.2025,-4.5723],"size":[0.8675,0.3408,0.8675],"pivot":[0,8.5943,-4.4377],"uv":{"north":{"uv":[4.2024,8.8583],"uv_size":[0.1476,0.0703]},"south":{"uv":[4.0024,8.8583],"uv_size":[0.1476,0.0703]},"east":{"uv":[6.2024,5.7154],"uv_size":[0.1476,0.0703]},"west":{"uv":[6.2024,6.0011],"uv_size":[0.1476,0.0703]},"up":{"uv":[6.0024,5.9251],"uv_size":[0.1476,-0.2109]},"down":{"uv":[4.0024,8.5749],"uv_size":[0.1476,0.2109]}}},{"origin":[-0.5887,7.1181,-4.7272],"size":[1.1773,0.3408,1.1773],"pivot":[0,8.5943,-4.4377],"uv":{"north":{"uv":[3.204,8.8583],"uv_size":[0.246,0.0703]},"south":{"uv":[6.204,3.7154],"uv_size":[0.246,0.0703]},"east":{"uv":[2.804,8.8583],"uv_size":[0.246,0.0703]},"west":{"uv":[6.204,4.5726],"uv_size":[0.246,0.0703]},"up":{"uv":[5.404,2.6371],"uv_size":[0.246,-0.3514]},"down":{"uv":[1.604,7.72],"uv_size":[0.246,0.3514]}}}],"name":"rot_1"},{"parent":"geyser_custom_z","pivot":[0.05,10.4655,3.4245],"rotation":[22.5,0,0],"cubes":[{"origin":[-0.15,9.9762,2.9352],"size":[0.3,2.4786,2.4786],"pivot":[0.05,10.4655,3.4245],"uv":{"north":{"uv":[6.85,11.4297],"uv_size":[0,0.0703]},"south":{"uv":[6.85,11.4297],"uv_size":[0,0.0703]},"east":{"uv":[6.8628,12.5554],"uv_size":[0.7872,-1.1269]},"west":{"uv":[7.6372,12.5554],"uv_size":[-0.7872,-1.1269]},"up":{"uv":[6.85,11.4297],"uv_size":[0,0.0703]},"down":{"uv":[6.85,11.4989],"uv_size":[0,-0.0703]}}}],"name":"rot_2"},{"parent":"geyser_custom_z","pivot":[0,4.0261,-6.1234],"rotation":[22.5,0,0],"cubes":[{"origin":[0,-0.9739,-10.1234],"size":[0,10,9],"pivot":[0,4.0261,-6.1234],"uv":{"north":{"uv":[0,11.4446],"uv_size":[0,2.1269]},"south":{"uv":[0,11.4446],"uv_size":[0,2.1269]},"east":{"uv":[3.184,11.4446],"uv_size":[-3.184,4.5554]},"west":{"uv":[0.016,11.4446],"uv_size":[3.184,4.5554]},"up":{"uv":[0,11.4354],"uv_size":[0,0.4217]},"down":{"uv":[0,11.8503],"uv_size":[0,-0.4217]}}}],"name":"rot_3"},{"parent":"geyser_custom_z","pivot":[0,6.3171,-2.3675],"rotation":[22.5,0,0],"cubes":[{"origin":[-0.488,5.3876,-2.8322],"size":[0.9759,1.859,0.9295],"pivot":[0,6.3171,-2.3675],"uv":{"north":{"uv":[5.3968,5.3491],"uv_size":[-0.1968,-0.492]},"south":{"uv":[5.3968,5.4366],"uv_size":[-0.1968,0.492]},"east":{"uv":[5.2056,1.4331],"uv_size":[0.3444,0.2811]},"west":{"uv":[5.2056,4.576],"uv_size":[0.3444,0.2811]},"up":{"uv":[2.3968,8.5669],"uv_size":[-0.1968,-0.2811]},"down":{"uv":[5.9968,3.1383],"uv_size":[-0.1968,-0.2811]}}}],"name":"rot_4"},{"parent":"geyser_custom_z","pivot":[0,9.9835,-6.0366],"rotation":[22.5,0,0],"cubes":[{"origin":[-0.2324,7.6802,-3.7632],"size":[0.4647,1.1618,1.1618],"pivot":[0,9.9835,-6.0366],"uv":{"north":{"uv":[6.0016,2.2914],"uv_size":[0.0984,0.3514]},"south":{"uv":[1.8016,8.5771],"uv_size":[0.0984,0.3514]},"east":{"uv":[2.404,7.72],"uv_size":[0.246,0.3514]},"west":{"uv":[5.404,3.4343],"uv_size":[0.246,0.3514]},"up":{"uv":[2.0016,8.5771],"uv_size":[0.0984,0.3514]},"down":{"uv":[6.0016,3.2086],"uv_size":[0.0984,-0.3514]}}}],"name":"rot_5"},{"parent":"geyser_custom_z","pivot":[0,9.9835,-5.7866],"rotation":[22.5,0,0],"cubes":[{"origin":[-0.6971,5.7727,-4.7635],"size":[1.3942,1.4717,1.4717],"pivot":[0,9.9835,-5.7866],"uv":{"north":{"uv":[4.8048,4.5783],"uv_size":[0.2952,0.4217]},"south":{"uv":[4.8048,5.7211],"uv_size":[0.2952,0.4217]},"east":{"uv":[4.8048,5.1497],"uv_size":[0.2952,0.4217]},"west":{"uv":[4.2048,6.864],"uv_size":[0.2952,0.4217]},"up":{"uv":[4.8048,6.2926],"uv_size":[0.2952,0.4217]},"down":{"uv":[4.6048,7.2789],"uv_size":[0.2952,-0.4217]}}}],"name":"rot_6"},{"parent":"geyser_custom_z","pivot":[0,12.6595,12.3171],"rotation":[22.5,0,0],"cubes":[{"origin":[0,6.0095,2.8171],"size":[0,14,14],"pivot":[0,12.6595,12.3171],"uv":{"north":{"uv":[0,11.4446],"uv_size":[0,2.1269]},"south":{"uv":[0,11.4446],"uv_size":[0,2.1269]},"east":{"uv":[0.016,11.4446],"uv_size":[3.184,4.5554]},"west":{"uv":[3.184,11.4446],"uv_size":[-3.184,4.5554]},"up":{"uv":[0,11.8503],"uv_size":[0,-0.4217]},"down":{"uv":[0,11.4354],"uv_size":[0,0.4217]}}}],"name":"rot_7"},{"parent":"geyser_custom_z","pivot":[0,5.9258,-1.9896],"rotation":[-0,0,0],"cubes":[{"origin":[-0.1,3.6865,-3.9789],"size":[0.2,2.9786,2.9786],"pivot":[0,5.9258,-1.9896],"uv":{"north":{"uv":[6.05,11.4297],"uv_size":[0,0.0703]},"south":{"uv":[6.05,11.4989],"uv_size":[0,-0.0703]},"east":{"uv":[6.0628,11.4446],"uv_size":[0.7872,1.1269]},"west":{"uv":[6.8372,11.4446],"uv_size":[-0.7872,1.1269]},"up":{"uv":[6.05,11.4989],"uv_size":[0,-0.0703]},"down":{"uv":[6.05,11.4989],"uv_size":[0,-0.0703]}}}],"name":"rot_8"},{"parent":"geyser_custom_z","pivot":[0,5.9258,1.9896],"rotation":[-0,0,0],"cubes":[{"origin":[-0.1,3.6865,1.0003],"size":[0.2,2.9786,2.9786],"pivot":[0,5.9258,1.9896],"uv":{"north":{"uv":[6.05,11.4989],"uv_size":[0,-0.0703]},"south":{"uv":[6.05,11.4297],"uv_size":[0,0.0703]},"east":{"uv":[6.0628,12.5554],"uv_size":[0.7872,-1.1269]},"west":{"uv":[6.8372,12.5554],"uv_size":[-0.7872,-1.1269]},"up":{"uv":[6.05,11.4297],"uv_size":[0,0.0703]},"down":{"uv":[6.05,11.4297],"uv_size":[0,0.0703]}}}],"name":"rot_9"},{"parent":"geyser_custom_z","pivot":[0,7.2761,-8.3734],"rotation":[-0,0,0],"cubes":[{"origin":[0,1.2761,-14.3734],"size":[0,12,12],"pivot":[0,7.2761,-8.3734],"uv":{"north":{"uv":[0,11.4446],"uv_size":[0,2.1269]},"south":{"uv":[0,11.4446],"uv_size":[0,2.1269]},"east":{"uv":[3.184,11.4446],"uv_size":[-3.184,4.5554]},"west":{"uv":[0.016,11.4446],"uv_size":[3.184,4.5554]},"up":{"uv":[0,11.4354],"uv_size":[0,0.4217]},"down":{"uv":[0,11.8503],"uv_size":[0,-0.4217]}}}],"name":"rot_10"},{"parent":"geyser_custom_z","pivot":[0,7.2761,8.3734],"rotation":[-0,0,0],"cubes":[{"origin":[0,1.2761,2.3734],"size":[0,12,12],"pivot":[0,7.2761,8.3734],"uv":{"north":{"uv":[0,11.4446],"uv_size":[0,2.1269]},"south":{"uv":[0,11.4446],"uv_size":[0,2.1269]},"east":{"uv":[0.016,11.4446],"uv_size":[3.184,4.5554]},"west":{"uv":[3.184,11.4446],"uv_size":[-3.184,4.5554]},"up":{"uv":[0,11.8503],"uv_size":[0,-0.4217]},"down":{"uv":[0,11.4354],"uv_size":[0,0.4217]}}}],"name":"rot_11"},{"parent":"geyser_custom_z","pivot":[0,7.5497,-1.8829],"rotation":[-0,0,0],"cubes":[{"origin":[-0.15,5.6854,-3.8722],"size":[0.3,3.7286,3.9786],"pivot":[0,7.5497,-1.8829],"uv":{"north":{"uv":[3.2,11.5735],"uv_size":[0,-0.145]},"south":{"uv":[3.2,11.5735],"uv_size":[0,-0.145]},"east":{"uv":[4.834,13.7697],"uv_size":[-1.634,-2.3411]},"west":{"uv":[3.216,13.7697],"uv_size":[1.634,-2.3411]},"up":{"uv":[3.2,11.4309],"uv_size":[0,0.145]},"down":{"uv":[3.2,11.5735],"uv_size":[0,-0.145]}}}],"name":"rot_12"},{"parent":"geyser_custom_z","pivot":[0,7.5497,1.8829],"rotation":[-0,0,0],"cubes":[{"origin":[-0.15,5.6854,-0.1064],"size":[0.3,3.7286,3.9786],"pivot":[0,7.5497,1.8829],"uv":{"north":{"uv":[3.2,11.5735],"uv_size":[0,-0.145]},"south":{"uv":[3.2,11.5735],"uv_size":[0,-0.145]},"east":{"uv":[3.216,13.7697],"uv_size":[1.634,-2.3411]},"west":{"uv":[4.834,13.7697],"uv_size":[-1.634,-2.3411]},"up":{"uv":[3.2,11.5735],"uv_size":[0,-0.145]},"down":{"uv":[3.2,11.4309],"uv_size":[0,0.145]}}}],"name":"rot_13"},{"parent":"geyser_custom_z","pivot":[0,7.95,0],"rotation":[-0,0,0],"cubes":[{"origin":[-0.05,4.95,-3],"size":[0.1,6,6],"pivot":[0,7.95,0],"uv":{"north":{"uv":[4.85,11.5867],"uv_size":[0,-0.1581]},"south":{"uv":[4.85,11.4311],"uv_size":[0,0.1581]},"east":{"uv":[4.866,11.4446],"uv_size":[1.184,1.6983]},"west":{"uv":[6.034,11.4446],"uv_size":[-1.184,1.6983]},"up":{"uv":[4.85,12.2193],"uv_size":[0,-0.7907]},"down":{"uv":[4.85,12.2193],"uv_size":[0,-0.7907]}}},{"origin":[-0.05,4.95,-3],"size":[0.1,6,6],"pivot":[0,7.95,0],"uv":{"north":{"uv":[4.85,11.4414],"uv_size":[0,0.7907]},"south":{"uv":[4.85,11.4414],"uv_size":[0,0.7907]},"east":{"uv":[4.866,11.4446],"uv_size":[1.184,1.6983]},"west":{"uv":[6.034,11.4446],"uv_size":[-1.184,1.6983]},"up":{"uv":[4.85,11.5867],"uv_size":[0,-0.1581]},"down":{"uv":[4.85,11.4311],"uv_size":[0,0.1581]}}}],"name":"rot_14"},{"parent":"geyser_custom_z","pivot":[0,8.1758,-4.4896],"rotation":[-0,0,0],"cubes":[{"origin":[-0.1,5.9365,-6.4789],"size":[0.2,2.9786,2.9786],"pivot":[0,8.1758,-4.4896],"uv":{"north":{"uv":[6.05,11.4297],"uv_size":[0,0.0703]},"south":{"uv":[6.05,11.4989],"uv_size":[0,-0.0703]},"east":{"uv":[6.0628,11.4446],"uv_size":[0.7872,1.1269]},"west":{"uv":[6.8372,11.4446],"uv_size":[-0.7872,1.1269]},"up":{"uv":[6.05,11.4989],"uv_size":[0,-0.0703]},"down":{"uv":[6.05,11.4989],"uv_size":[0,-0.0703]}}}],"name":"rot_15"},{"parent":"geyser_custom_z","pivot":[0,8.1758,4.4896],"rotation":[-0,0,0],"cubes":[{"origin":[-0.1,5.9365,3.5003],"size":[0.2,2.9786,2.9786],"pivot":[0,8.1758,4.4896],"uv":{"north":{"uv":[6.05,11.4989],"uv_size":[0,-0.0703]},"south":{"uv":[6.05,11.4297],"uv_size":[0,0.0703]},"east":{"uv":[6.0628,12.5554],"uv_size":[0.7872,-1.1269]},"west":{"uv":[6.8372,12.5554],"uv_size":[-0.7872,-1.1269]},"up":{"uv":[6.05,11.4297],"uv_size":[0,0.0703]},"down":{"uv":[6.05,11.4297],"uv_size":[0,0.0703]}}}],"name":"rot_16"},{"parent":"geyser_custom_z","pivot":[0,9.9835,-6.0366],"rotation":[-0,0,0],"cubes":[{"origin":[-0.488,7.8217,-3.1463],"size":[0.9759,1.859,0.9295],"pivot":[0,9.9835,-6.0366],"uv":{"north":{"uv":[5.3968,1.3491],"uv_size":[-0.1968,-0.492]},"south":{"uv":[5.3968,3.4366],"uv_size":[-0.1968,0.492]},"east":{"uv":[3.6056,4.576],"uv_size":[0.3444,0.2811]},"west":{"uv":[5.2056,0.576],"uv_size":[0.3444,0.2811]},"up":{"uv":[2.1968,8.5669],"uv_size":[-0.1968,-0.2811]},"down":{"uv":[5.9968,2.8526],"uv_size":[-0.1968,-0.2811]}}}],"name":"rot_17"},{"parent":"geyser_custom_z","pivot":[0,9.9835,-5.7866],"rotation":[-0,0,0],"cubes":[{"origin":[-0.488,6.8524,-5.047],"size":[0.9759,0.9295,1.859],"pivot":[0,9.9835,-5.7866],"uv":{"north":{"uv":[5.8032,2.8617],"uv_size":[0.1968,0.2811]},"south":{"uv":[2.2032,8.2903],"uv_size":[0.1968,0.2811]},"east":{"uv":[5.2056,1.4331],"uv_size":[0.3444,0.2811]},"west":{"uv":[5.2056,4.576],"uv_size":[0.3444,0.2811]},"up":{"uv":[5.2032,4.8651],"uv_size":[0.1968,0.492]},"down":{"uv":[5.2032,5.9206],"uv_size":[0.1968,-0.492]}}}],"name":"rot_18"},{"parent":"geyser_custom_z","pivot":[0,9.9835,5.7866],"rotation":[-0,0,0],"cubes":[{"origin":[-0.488,6.8524,3.188],"size":[0.9759,0.9295,1.859],"pivot":[0,9.9835,5.7866],"uv":{"north":{"uv":[2.3968,8.2903],"uv_size":[-0.1968,0.2811]},"south":{"uv":[5.9968,2.8617],"uv_size":[-0.1968,0.2811]},"east":{"uv":[5.5444,1.4331],"uv_size":[-0.3444,0.2811]},"west":{"uv":[5.5444,4.576],"uv_size":[-0.3444,0.2811]},"up":{"uv":[5.2032,5.3491],"uv_size":[0.1968,-0.492]},"down":{"uv":[5.2032,5.4366],"uv_size":[0.1968,0.492]}}}],"name":"rot_19"},{"parent":"geyser_custom_z","pivot":[0,9.9835,6.0366],"rotation":[-0,0,0],"cubes":[{"origin":[-0.488,7.8217,2.2168],"size":[0.9759,1.859,0.9295],"pivot":[0,9.9835,6.0366],"uv":{"north":{"uv":[5.2032,3.4366],"uv_size":[0.1968,0.492]},"south":{"uv":[5.2032,1.3491],"uv_size":[0.1968,-0.492]},"east":{"uv":[3.6056,4.8526],"uv_size":[0.3444,-0.2811]},"west":{"uv":[5.2056,0.8526],"uv_size":[0.3444,-0.2811]},"up":{"uv":[2.1968,8.2903],"uv_size":[-0.1968,0.2811]},"down":{"uv":[5.9968,2.576],"uv_size":[-0.1968,0.2811]}}}],"name":"rot_20"},{"parent":"geyser_custom_z","pivot":[0,10.9258,-2.9896],"rotation":[-0,0,0],"cubes":[{"origin":[-0.1,8.6865,-4.9789],"size":[0.2,2.9786,2.9786],"pivot":[0,10.9258,-2.9896],"uv":{"north":{"uv":[6.05,11.4297],"uv_size":[0,0.0703]},"south":{"uv":[6.05,11.4989],"uv_size":[0,-0.0703]},"east":{"uv":[6.0628,11.4446],"uv_size":[0.7872,1.1269]},"west":{"uv":[6.8372,11.4446],"uv_size":[-0.7872,1.1269]},"up":{"uv":[6.05,11.4989],"uv_size":[0,-0.0703]},"down":{"uv":[6.05,11.4989],"uv_size":[0,-0.0703]}}}],"name":"rot_21"},{"parent":"geyser_custom_z","pivot":[0,10.9258,2.9896],"rotation":[-0,0,0],"cubes":[{"origin":[-0.1,8.6865,2.0003],"size":[0.2,2.9786,2.9786],"pivot":[0,10.9258,2.9896],"uv":{"north":{"uv":[6.05,11.4989],"uv_size":[0,-0.0703]},"south":{"uv":[6.05,11.4297],"uv_size":[0,0.0703]},"east":{"uv":[6.0628,12.5554],"uv_size":[0.7872,-1.1269]},"west":{"uv":[6.8372,12.5554],"uv_size":[-0.7872,-1.1269]},"up":{"uv":[6.05,11.4297],"uv_size":[0,0.0703]},"down":{"uv":[6.05,11.4297],"uv_size":[0,0.0703]}}}],"name":"rot_22"},{"parent":"geyser_custom_z","pivot":[0.05,10.4655,-3.4245],"rotation":[-22.5,0,0],"cubes":[{"origin":[-0.15,9.9762,-5.4138],"size":[0.3,2.4786,2.4786],"pivot":[0.05,10.4655,-3.4245],"uv":{"north":{"uv":[6.85,11.4297],"uv_size":[0,0.0703]},"south":{"uv":[6.85,11.4297],"uv_size":[0,0.0703]},"east":{"uv":[7.6372,12.5554],"uv_size":[-0.7872,-1.1269]},"west":{"uv":[6.8628,12.5554],"uv_size":[0.7872,-1.1269]},"up":{"uv":[6.85,11.4989],"uv_size":[0,-0.0703]},"down":{"uv":[6.85,11.4297],"uv_size":[0,0.0703]}}}],"name":"rot_23"},{"parent":"geyser_custom_z","pivot":[0,4.0261,6.1234],"rotation":[-22.5,0,0],"cubes":[{"origin":[0,-0.9739,1.1234],"size":[0,10,9],"pivot":[0,4.0261,6.1234],"uv":{"north":{"uv":[0,11.4446],"uv_size":[0,2.1269]},"south":{"uv":[0,11.4446],"uv_size":[0,2.1269]},"east":{"uv":[0.016,11.4446],"uv_size":[3.184,4.5554]},"west":{"uv":[3.184,11.4446],"uv_size":[-3.184,4.5554]},"up":{"uv":[0,11.8503],"uv_size":[0,-0.4217]},"down":{"uv":[0,11.4354],"uv_size":[0,0.4217]}}}],"name":"rot_24"},{"parent":"geyser_custom_z","pivot":[0,6.3171,2.3675],"rotation":[-22.5,0,0],"cubes":[{"origin":[-0.488,5.3876,1.9028],"size":[0.9759,1.859,0.9295],"pivot":[0,6.3171,2.3675],"uv":{"north":{"uv":[5.2032,5.4366],"uv_size":[0.1968,0.492]},"south":{"uv":[5.2032,5.3491],"uv_size":[0.1968,-0.492]},"east":{"uv":[5.2056,1.7097],"uv_size":[0.3444,-0.2811]},"west":{"uv":[5.2056,4.8526],"uv_size":[0.3444,-0.2811]},"up":{"uv":[2.3968,8.2903],"uv_size":[-0.1968,0.2811]},"down":{"uv":[5.9968,2.8617],"uv_size":[-0.1968,0.2811]}}}],"name":"rot_25"},{"parent":"geyser_custom_z","pivot":[0,9.9835,5.7866],"rotation":[-22.5,0,0],"cubes":[{"origin":[-0.6971,5.7727,3.2918],"size":[1.3942,1.4717,1.4717],"pivot":[0,9.9835,5.7866],"uv":{"north":{"uv":[5.0952,5.7211],"uv_size":[-0.2952,0.4217]},"south":{"uv":[5.0952,4.5783],"uv_size":[-0.2952,0.4217]},"east":{"uv":[5.0952,5.1497],"uv_size":[-0.2952,0.4217]},"west":{"uv":[4.4952,6.864],"uv_size":[-0.2952,0.4217]},"up":{"uv":[4.8048,6.7074],"uv_size":[0.2952,-0.4217]},"down":{"uv":[4.6048,6.864],"uv_size":[0.2952,0.4217]}}}],"name":"rot_26"},{"parent":"geyser_custom_z","pivot":[0,9.9835,6.0366],"rotation":[-22.5,0,0],"cubes":[{"origin":[-0.2324,7.6802,2.6013],"size":[0.4647,1.1618,1.1618],"pivot":[0,9.9835,6.0366],"uv":{"north":{"uv":[1.8984,8.5771],"uv_size":[-0.0984,0.3514]},"south":{"uv":[6.0984,2.2914],"uv_size":[-0.0984,0.3514]},"east":{"uv":[2.646,7.72],"uv_size":[-0.246,0.3514]},"west":{"uv":[5.646,3.4343],"uv_size":[-0.246,0.3514]},"up":{"uv":[2.0016,8.9229],"uv_size":[0.0984,-0.3514]},"down":{"uv":[6.0016,2.8629],"uv_size":[0.0984,0.3514]}}}],"name":"rot_27"},{"parent":"geyser_custom_z","pivot":[0,12.6595,-12.3171],"rotation":[-22.5,0,0],"cubes":[{"origin":[0,6.0095,-16.8171],"size":[0,14,14],"pivot":[0,12.6595,-12.3171],"uv":{"north":{"uv":[0,11.4446],"uv_size":[0,2.1269]},"south":{"uv":[0,11.4446],"uv_size":[0,2.1269]},"east":{"uv":[3.184,11.4446],"uv_size":[-3.184,4.5554]},"west":{"uv":[0.016,11.4446],"uv_size":[3.184,4.5554]},"up":{"uv":[0,11.4354],"uv_size":[0,0.4217]},"down":{"uv":[0,11.8503],"uv_size":[0,-0.4217]}}}],"name":"rot_28"},{"parent":"geyser_custom_z","pivot":[0,8.5943,4.4377],"rotation":[-45,0,0],"cubes":[{"origin":[-0.3439,7.1181,3.7978],"size":[0.6878,1.1154,0.6816],"pivot":[0,8.5943,4.4377],"uv":{"north":{"uv":[5.9476,5.7189],"uv_size":[-0.1476,0.2811]},"south":{"uv":[5.9476,6.2903],"uv_size":[-0.1476,0.2811]},"east":{"uv":[5.9476,6.0046],"uv_size":[-0.1476,0.2811]},"west":{"uv":[5.9476,6.576],"uv_size":[-0.1476,0.2811]},"up":{"uv":[6.0024,5.432],"uv_size":[0.1476,0.2109]},"down":{"uv":[3.8024,8.7823],"uv_size":[0.1476,-0.2109]}}},{"origin":[-0.4338,8.2025,3.7048],"size":[0.8675,0.3408,0.8675],"pivot":[0,8.5943,4.4377],"uv":{"north":{"uv":[4.1476,8.8583],"uv_size":[-0.1476,0.0703]},"south":{"uv":[4.3476,8.8583],"uv_size":[-0.1476,0.0703]},"east":{"uv":[6.3476,5.7154],"uv_size":[-0.1476,0.0703]},"west":{"uv":[6.3476,6.0011],"uv_size":[-0.1476,0.0703]},"up":{"uv":[6.0024,5.7177],"uv_size":[0.1476,0.2109]},"down":{"uv":[4.0024,8.7823],"uv_size":[0.1476,-0.2109]}}},{"origin":[-0.5887,7.1181,3.5499],"size":[1.1773,0.3408,1.1773],"pivot":[0,8.5943,4.4377],"uv":{"north":{"uv":[6.446,3.7154],"uv_size":[-0.246,0.0703]},"south":{"uv":[3.446,8.8583],"uv_size":[-0.246,0.0703]},"east":{"uv":[3.046,8.8583],"uv_size":[-0.246,0.0703]},"west":{"uv":[6.446,4.5726],"uv_size":[-0.246,0.0703]},"up":{"uv":[5.404,2.2914],"uv_size":[0.246,0.3514]},"down":{"uv":[1.604,8.0657],"uv_size":[0.246,-0.3514]}}}],"name":"rot_29"}]}]}
