{"format_version":"1.16.0","minecraft:geometry":[{"description":{"identifier":"geometry.geyser_custom.geo_c49f997","texture_width":16,"texture_height":16,"visible_bounds_width":4,"visible_bounds_height":4.5,"visible_bounds_offset":[0,0.75,0]},"bones":[{"name":"geyser_custom","binding":"c.item_slot == 'head' ? 'head' : q.item_slot_to_bone_name(c.item_slot)","pivot":[0,8,0]},{"name":"geyser_custom_x","parent":"geyser_custom","pivot":[0,8,0]},{"name":"geyser_custom_y","parent":"geyser_custom_x","pivot":[0,8,0]},{"name":"geyser_custom_z","parent":"geyser_custom_y","pivot":[0,8,0],"cubes":[]},{"parent":"geyser_custom_z","pivot":[0,1.1349,-6.8761],"rotation":[45,0,0],"cubes":[{"origin":[-0.5,-0.0873,-10.5623],"size":[1,2,2],"pivot":[0,1.1349,-6.8761],"uv":{"north":{"uv":[2.6984,0.871],"uv_size":[-0.0984,-0.246]},"south":{"uv":[2.6984,0.871],"uv_size":[-0.0984,-0.246]},"east":{"uv":[1.9968,2.3085],"uv_size":[-0.1968,-0.246]},"west":{"uv":[1.8032,2.3085],"uv_size":[0.1968,-0.246]},"up":{"uv":[2.6016,0.629],"uv_size":[0.0984,0.246]},"down":{"uv":[2.6016,0.629],"uv_size":[0.0984,0.246]}}}],"name":"rot_1"},{"parent":"geyser_custom_z","pivot":[0,1.6349,-6.7761],"rotation":[45,0,0],"cubes":[{"origin":[-1,2.2015,-7.0318],"size":[2,1,2],"pivot":[0,1.6349,-6.7761],"uv":{"north":{"uv":[1.2984,2.9335],"uv_size":[-0.0984,-0.246]},"south":{"uv":[1.2984,2.9335],"uv_size":[-0.0984,-0.246]},"east":{"uv":[1.2016,2.6915],"uv_size":[0.0984,0.246]},"west":{"uv":[1.2016,2.6915],"uv_size":[0.0984,0.246]},"up":{"uv":[1.9968,2.5585],"uv_size":[-0.1968,-0.246]},"down":{"uv":[1.8032,2.5585],"uv_size":[0.1968,-0.246]}}}],"name":"rot_2"},{"parent":"geyser_custom_z","pivot":[0,4.5,0],"rotation":[45,0,0],"cubes":[{"origin":[-2,2.5,-2],"size":[2,3,3],"pivot":[0,4.5,0],"uv":{"north":{"uv":[3.6032,2.6935],"uv_size":[0.1968,0.369]},"south":{"uv":[3.6032,3.0565],"uv_size":[0.1968,-0.369]},"east":{"uv":[3.5952,2.6935],"uv_size":[-0.2952,0.369]},"west":{"uv":[3.3048,2.6935],"uv_size":[0.2952,0.369]},"up":{"uv":[3.7968,3.0565],"uv_size":[-0.1968,-0.369]},"down":{"uv":[3.7968,3.0565],"uv_size":[-0.1968,-0.369]}}},{"origin":[0,2.5,-2],"size":[2,3,3],"pivot":[0,4.5,0],"uv":{"north":{"uv":[3.7968,2.6935],"uv_size":[-0.1968,0.369]},"south":{"uv":[3.7968,3.0565],"uv_size":[-0.1968,-0.369]},"east":{"uv":[3.5952,2.6935],"uv_size":[-0.2952,0.369]},"west":{"uv":[3.3048,2.6935],"uv_size":[0.2952,0.369]},"up":{"uv":[3.6032,3.0565],"uv_size":[0.1968,-0.369]},"down":{"uv":[3.6032,3.0565],"uv_size":[0.1968,-0.369]}}}],"name":"rot_3"},{"parent":"geyser_custom_z","pivot":[0,24.5,0],"rotation":[45,0,0],"cubes":[{"origin":[-0.4,23.5,-1],"size":[0.8,2.1,2.1],"pivot":[0,24.5,0],"uv":{"north":{"uv":[1.4516,4.129],"uv_size":[0.0984,0.246]},"south":{"uv":[1.4516,4.129],"uv_size":[0.0984,0.246]},"east":{"uv":[1.4468,4.129],"uv_size":[-0.1968,0.246]},"west":{"uv":[1.2532,4.129],"uv_size":[0.1968,0.246]},"up":{"uv":[1.5484,4.371],"uv_size":[-0.0984,-0.246]},"down":{"uv":[0.0984,1.371],"uv_size":[-0.0984,-0.246]}}}],"name":"rot_4"},{"parent":"geyser_custom_z","pivot":[0,27.5,0],"rotation":[45,0,0],"cubes":[{"origin":[-1,25.5,-2],"size":[2,3,3],"pivot":[0,27.5,0],"uv":{"north":{"uv":[3.7968,2.6935],"uv_size":[-0.1968,0.369]},"south":{"uv":[3.7968,3.0565],"uv_size":[-0.1968,-0.369]},"east":{"uv":[3.5952,2.6935],"uv_size":[-0.2952,0.369]},"west":{"uv":[3.3048,2.6935],"uv_size":[0.2952,0.369]},"up":{"uv":[3.6032,3.0565],"uv_size":[0.1968,-0.369]},"down":{"uv":[3.6032,3.0565],"uv_size":[0.1968,-0.369]}}}],"name":"rot_5"},{"parent":"geyser_custom_z","pivot":[0,-12,0],"rotation":[0,45,0],"cubes":[{"origin":[-3.5,-12,-3.5],"size":[7,0,7],"pivot":[0,-12,0],"uv":{"north":{"uv":[14.4112,4],"uv_size":[0.6888,0]},"south":{"uv":[14.4112,4],"uv_size":[0.6888,0]},"east":{"uv":[14.4112,4],"uv_size":[0.6888,0]},"west":{"uv":[14.4112,4],"uv_size":[0.6888,0]},"up":{"uv":[14.7556,4.4445],"uv_size":[0.3444,0.4305]},"down":{"uv":[14.7556,4.4445],"uv_size":[0.3444,0.4305]}}}],"name":"rot_6"},{"parent":"geyser_custom_z","pivot":[0,-0.685,0],"rotation":[0,45,0],"cubes":[{"origin":[-6.75,1,-6.75],"size":[13.5,0,13.5],"pivot":[0,-0.685,0],"uv":{"north":{"uv":[12.816,0],"uv_size":[1.134,0]},"south":{"uv":[12.816,0],"uv_size":[1.134,0]},"east":{"uv":[12.816,0],"uv_size":[1.134,0]},"west":{"uv":[12.816,0],"uv_size":[1.134,0]},"up":{"uv":[14.166,1.7035],"uv_size":[1.334,1.6715]},"down":{"uv":[14.166,1.7035],"uv_size":[1.334,1.6715]}}}],"name":"rot_7"},{"parent":"geyser_custom_z","pivot":[1.3,4,0],"rotation":[22.5,0,0],"cubes":[{"origin":[1.3,0.5,-3.5],"size":[0,7,7],"pivot":[1.3,4,0],"uv":{"north":{"uv":[14.4112,4],"uv_size":[0.6888,0]},"south":{"uv":[14.4112,4],"uv_size":[0.6888,0]},"east":{"uv":[14.7444,4.868],"uv_size":[-0.3444,-0.4305]},"west":{"uv":[14.7444,4.868],"uv_size":[-0.3444,-0.4305]},"up":{"uv":[15.0888,4],"uv_size":[-0.6888,0]},"down":{"uv":[15.0888,4],"uv_size":[-0.6888,0]}}}],"name":"rot_8"},{"parent":"geyser_custom_z","pivot":[0,1.1349,6.8761],"rotation":[22.5,0,0],"cubes":[{"origin":[-1,-1.0967,7.4747],"size":[2,2,1],"pivot":[0,1.1349,6.8761],"uv":{"north":{"uv":[1.9968,2.5585],"uv_size":[-0.1968,-0.246]},"south":{"uv":[1.8032,2.5585],"uv_size":[0.1968,-0.246]},"east":{"uv":[1.2016,2.9335],"uv_size":[0.0984,-0.246]},"west":{"uv":[1.2016,2.9335],"uv_size":[0.0984,-0.246]},"up":{"uv":[1.2016,2.9335],"uv_size":[0.0984,-0.246]},"down":{"uv":[1.2016,2.9335],"uv_size":[0.0984,-0.246]}}}],"name":"rot_9"},{"parent":"geyser_custom_z","pivot":[0,1.6349,-6.7761],"rotation":[22.5,0,0],"cubes":[{"origin":[-0.5,1.1647,-8.7082],"size":[1,2,2],"pivot":[0,1.6349,-6.7761],"uv":{"north":{"uv":[2.6984,0.871],"uv_size":[-0.0984,-0.246]},"south":{"uv":[2.6984,0.871],"uv_size":[-0.0984,-0.246]},"east":{"uv":[1.9968,2.3085],"uv_size":[-0.1968,-0.246]},"west":{"uv":[1.8032,2.3085],"uv_size":[0.1968,-0.246]},"up":{"uv":[2.6016,0.629],"uv_size":[0.0984,0.246]},"down":{"uv":[2.6016,0.629],"uv_size":[0.0984,0.246]}}}],"name":"rot_10"},{"parent":"geyser_custom_z","pivot":[0,2.5,2],"rotation":[22.5,0,0],"cubes":[{"origin":[-1.4,1.5,0.5],"size":[2.8,2,5],"pivot":[0,2.5,2],"uv":{"north":{"uv":[1.6548,3.5665],"uv_size":[0.2952,0.246]},"south":{"uv":[1.6548,3.5665],"uv_size":[0.2952,0.246]},"east":{"uv":[1.958,2.8165],"uv_size":[0.492,0.246]},"west":{"uv":[2.442,2.8165],"uv_size":[-0.492,0.246]},"up":{"uv":[1.9452,3.5525],"uv_size":[-0.2952,-0.615]},"down":{"uv":[1.6548,2.9475],"uv_size":[0.2952,0.615]}}}],"name":"rot_11"},{"parent":"geyser_custom_z","pivot":[-1.3,4,0],"rotation":[22.5,0,0],"cubes":[{"origin":[-1.3,0.5,-3.5],"size":[0,7,7],"pivot":[-1.3,4,0],"uv":{"north":{"uv":[14.4112,4],"uv_size":[0.6888,0]},"south":{"uv":[14.4112,4],"uv_size":[0.6888,0]},"east":{"uv":[14.7444,4.4445],"uv_size":[-0.3444,0.4305]},"west":{"uv":[14.7444,4.4445],"uv_size":[-0.3444,0.4305]},"up":{"uv":[15.0888,4],"uv_size":[-0.6888,0]},"down":{"uv":[15.0888,4],"uv_size":[-0.6888,0]}}}],"name":"rot_12"},{"parent":"geyser_custom_z","pivot":[0,-12,0],"rotation":[0,22.5,0],"cubes":[{"origin":[-3.5,-12,-3.5],"size":[7,0,7],"pivot":[0,-12,0],"uv":{"north":{"uv":[14.4112,4],"uv_size":[0.6888,0]},"south":{"uv":[14.4112,4],"uv_size":[0.6888,0]},"east":{"uv":[14.4112,4],"uv_size":[0.6888,0]},"west":{"uv":[14.4112,4],"uv_size":[0.6888,0]},"up":{"uv":[14.7556,4.007],"uv_size":[0.3444,0.4305]},"down":{"uv":[14.7556,4.007],"uv_size":[0.3444,0.4305]}}}],"name":"rot_13"},{"parent":"geyser_custom_z","pivot":[0,-0.685,0],"rotation":[0,22.5,0],"cubes":[{"origin":[-6.75,1,-6.75],"size":[13.5,0,13.5],"pivot":[0,-0.685,0],"uv":{"north":{"uv":[12.816,0],"uv_size":[1.134,0]},"south":{"uv":[12.816,0],"uv_size":[1.134,0]},"east":{"uv":[12.816,0],"uv_size":[1.134,0]},"west":{"uv":[12.816,0],"uv_size":[1.134,0]},"up":{"uv":[14.166,0.016],"uv_size":[1.334,1.6715]},"down":{"uv":[14.166,0.016],"uv_size":[1.334,1.6715]}}}],"name":"rot_14"},{"parent":"geyser_custom_z","pivot":[8,-0.5,8],"rotation":[0,-0,0],"cubes":[{"origin":[-2,-1,-2],"size":[4,1.5,4],"pivot":[8,-0.5,8],"uv":{"north":{"uv":[0.0064,3.6905],"uv_size":[0.3936,0.1845]},"south":{"uv":[0.0064,3.6905],"uv_size":[0.3936,0.1845]},"east":{"uv":[0.0064,3.6905],"uv_size":[0.3936,0.1845]},"west":{"uv":[0.0064,3.6905],"uv_size":[0.3936,0.1845]},"up":{"uv":[0.3936,3.6795],"uv_size":[-0.3936,-0.492]},"down":{"uv":[0.3936,3.6795],"uv_size":[-0.3936,-0.492]}}},{"origin":[-1,0.5,-1],"size":[2,1,2],"pivot":[8,-0.5,8],"uv":{"north":{"uv":[3.4532,0.502],"uv_size":[0.1968,0.123]},"south":{"uv":[3.4532,0.502],"uv_size":[0.1968,0.123]},"east":{"uv":[3.4532,0.502],"uv_size":[0.1968,0.123]},"west":{"uv":[3.4532,0.502],"uv_size":[0.1968,0.123]},"up":{"uv":[3.6468,1.246],"uv_size":[-0.1968,-0.246]},"down":{"uv":[3.6468,1.246],"uv_size":[-0.1968,-0.246]}}},{"origin":[0,3.5,-6],"size":[0,28.5,12],"pivot":[8,-0.5,8],"uv":{"north":{"uv":[3.4532,0.502],"uv_size":[0.1968,0.123]},"south":{"uv":[3.4532,0.502],"uv_size":[0.1968,0.123]},"east":{"uv":[10.816,2.7035],"uv_size":[1.184,3.5465]},"west":{"uv":[10.816,2.7035],"uv_size":[1.184,3.5465]},"up":{"uv":[3.6468,1.246],"uv_size":[-0.1968,-0.246]},"down":{"uv":[3.6468,1.246],"uv_size":[-0.1968,-0.246]}}},{"origin":[0.2,3.5,-3],"size":[0,26.5,6],"pivot":[8,-0.5,8],"uv":{"north":{"uv":[3.4532,0.502],"uv_size":[0.1968,0.123]},"south":{"uv":[3.4532,0.502],"uv_size":[0.1968,0.123]},"east":{"uv":[10.2096,2.7035],"uv_size":[0.5904,3.2965]},"west":{"uv":[10.2096,2.7035],"uv_size":[0.5904,3.2965]},"up":{"uv":[3.6468,1.246],"uv_size":[-0.1968,-0.246]},"down":{"uv":[3.6468,1.246],"uv_size":[-0.1968,-0.246]}}}],"name":"rot_15"},{"parent":"geyser_custom_z","pivot":[8,0,8],"rotation":[0,-0,0],"cubes":[{"origin":[-1,-11,-1],"size":[2,1,2],"pivot":[8,0,8],"uv":{"north":{"uv":[3.8468,0.8145],"uv_size":[-0.1968,0.123]},"south":{"uv":[3.8468,0.8145],"uv_size":[-0.1968,0.123]},"east":{"uv":[3.8468,0.8145],"uv_size":[-0.1968,0.123]},"west":{"uv":[3.8468,0.8145],"uv_size":[-0.1968,0.123]},"up":{"uv":[3.8468,0.9415],"uv_size":[-0.1968,0.246]},"down":{"uv":[3.8468,0.9415],"uv_size":[-0.1968,0.246]}}},{"origin":[-1.25,-9.5,-1.25],"size":[2.5,1,2.5],"pivot":[8,0,8],"uv":{"north":{"uv":[3.404,1.252],"uv_size":[0.246,0.123]},"south":{"uv":[3.404,1.252],"uv_size":[0.246,0.123]},"east":{"uv":[3.404,1.252],"uv_size":[0.246,0.123]},"west":{"uv":[3.404,1.252],"uv_size":[0.246,0.123]},"up":{"uv":[3.896,0.8075],"uv_size":[-0.246,-0.3075]},"down":{"uv":[3.896,0.8075],"uv_size":[-0.246,-0.3075]}}},{"origin":[-1,-14.5,-1],"size":[2,1.5,2],"pivot":[8,0,8],"uv":{"north":{"uv":[4.4032,0.253],"uv_size":[0.1968,0.1845]},"south":{"uv":[4.8032,0.253],"uv_size":[0.1968,0.1845]},"east":{"uv":[4.2032,0.253],"uv_size":[0.1968,0.1845]},"west":{"uv":[4.6032,0.253],"uv_size":[0.1968,0.1845]},"up":{"uv":[4.0968,0.871],"uv_size":[-0.1968,-0.246]},"down":{"uv":[4.0968,0.871],"uv_size":[-0.1968,-0.246]}}},{"origin":[-0.5,-15.5,-0.5],"size":[1,1,1],"pivot":[8,0,8],"uv":{"north":{"uv":[4.1016,0.627],"uv_size":[0.0984,0.123]},"south":{"uv":[4.1016,0.752],"uv_size":[0.0984,0.123]},"east":{"uv":[4.1016,0.752],"uv_size":[0.0984,0.123]},"west":{"uv":[4.1016,0.627],"uv_size":[0.0984,0.123]},"up":{"uv":[4.1984,0.873],"uv_size":[-0.0984,-0.123]},"down":{"uv":[4.1984,0.873],"uv_size":[-0.0984,-0.123]}}},{"origin":[-1.5,-13,-1.5],"size":[3,2,3],"pivot":[8,0,8],"uv":{"north":{"uv":[4.4452,0.004],"uv_size":[-0.2952,0.246]},"south":{"uv":[5.0452,0.004],"uv_size":[-0.2952,0.246]},"east":{"uv":[4.1452,0.004],"uv_size":[-0.2952,0.246]},"west":{"uv":[4.7452,0.004],"uv_size":[-0.2952,0.246]},"up":{"uv":[4.1952,0.256],"uv_size":[-0.2952,0.369]},"down":{"uv":[4.1952,0.256],"uv_size":[-0.2952,0.369]}}}],"name":"rot_16"},{"parent":"geyser_custom_z","pivot":[8,4,8],"rotation":[0,-0,0],"cubes":[{"origin":[-1.5,1.5,-3.5],"size":[3,2,7],"pivot":[8,4,8],"uv":{"north":{"uv":[1.3548,3.8165],"uv_size":[0.2952,0.246]},"south":{"uv":[1.3548,3.8165],"uv_size":[0.2952,0.246]},"east":{"uv":[1.8112,2.5665],"uv_size":[0.6888,0.246]},"west":{"uv":[1.8112,2.5665],"uv_size":[0.6888,0.246]},"up":{"uv":[1.6452,3.7985],"uv_size":[-0.2952,-0.861]},"down":{"uv":[1.6452,3.7985],"uv_size":[-0.2952,-0.861]}}}],"name":"rot_17"},{"parent":"geyser_custom_z","pivot":[8,10,8],"rotation":[0,-0,0],"cubes":[{"origin":[-0.5,13.5,-1.5],"size":[1,11,3],"pivot":[8,10,8],"uv":{"north":{"uv":[0.3016,5.641],"uv_size":[0.0984,1.359]},"south":{"uv":[0.3016,5.641],"uv_size":[0.0984,1.359]},"east":{"uv":[0.0048,5.641],"uv_size":[0.2952,1.359]},"west":{"uv":[0.0048,5.641],"uv_size":[0.2952,1.359]},"up":{"uv":[1.3484,4.119],"uv_size":[-0.0984,-0.369]},"down":{"uv":[1.3484,4.119],"uv_size":[-0.0984,-0.369]}}},{"origin":[-0.5,3.5,-1.5],"size":[1,10,3],"pivot":[8,10,8],"uv":{"north":{"uv":[0.3016,6.391],"uv_size":[0.0984,1.234]},"south":{"uv":[0.3016,6.391],"uv_size":[0.0984,1.234]},"east":{"uv":[0.2952,6.391],"uv_size":[-0.2952,1.234]},"west":{"uv":[0.2952,6.391],"uv_size":[-0.2952,1.234]},"up":{"uv":[1.3484,4.119],"uv_size":[-0.0984,-0.369]},"down":{"uv":[1.3484,4.119],"uv_size":[-0.0984,-0.369]}}}],"name":"rot_18"},{"parent":"geyser_custom_z","pivot":[4,24.75,-1.75],"rotation":[0,-0,0],"cubes":[{"origin":[-1,10,-2.25],"size":[0,5.5,4.5],"pivot":[4,24.75,-1.75],"uv":{"north":{"uv":[13.6,4.016],"uv_size":[0,1.359]},"south":{"uv":[13.6,4.016],"uv_size":[0,1.359]},"east":{"uv":[13.6072,4.011],"uv_size":[0.4428,0.6765]},"west":{"uv":[14.0428,4.011],"uv_size":[-0.4428,0.6765]},"up":{"uv":[13.6,4.016],"uv_size":[0,1.109]},"down":{"uv":[13.6,5.109],"uv_size":[0,-1.109]}}}],"name":"rot_19"},{"parent":"geyser_custom_z","pivot":[1.3,4,0],"rotation":[0,-0,0],"cubes":[{"origin":[1.3,0.5,-3.5],"size":[0,7,7],"pivot":[1.3,4,0],"uv":{"north":{"uv":[14.4112,4],"uv_size":[0.6888,0]},"south":{"uv":[14.4112,4],"uv_size":[0.6888,0]},"east":{"uv":[14.7444,4.4305],"uv_size":[-0.3444,-0.4305]},"west":{"uv":[14.7444,4.4305],"uv_size":[-0.3444,-0.4305]},"up":{"uv":[15.0888,4],"uv_size":[-0.6888,0]},"down":{"uv":[15.0888,4],"uv_size":[-0.6888,0]}}}],"name":"rot_20"},{"parent":"geyser_custom_z","pivot":[0,-12,0],"rotation":[0,-0,0],"cubes":[{"origin":[-3.5,-12,-3.5],"size":[7,0,7],"pivot":[0,-12,0],"uv":{"north":{"uv":[14.4112,4],"uv_size":[0.6888,0]},"south":{"uv":[14.4112,4],"uv_size":[0.6888,0]},"east":{"uv":[14.4112,4],"uv_size":[0.6888,0]},"west":{"uv":[14.4112,4],"uv_size":[0.6888,0]},"up":{"uv":[14.4056,4.007],"uv_size":[0.3444,0.4305]},"down":{"uv":[14.4056,4.007],"uv_size":[0.3444,0.4305]}}}],"name":"rot_21"},{"parent":"geyser_custom_z","pivot":[0,-0.685,0],"rotation":[0,-0,0],"cubes":[{"origin":[-6.75,1,-6.75],"size":[13.5,0,13.5],"pivot":[0,-0.685,0],"uv":{"north":{"uv":[12.816,0],"uv_size":[1.134,0]},"south":{"uv":[12.816,0],"uv_size":[1.134,0]},"east":{"uv":[12.816,0],"uv_size":[1.134,0]},"west":{"uv":[12.816,0],"uv_size":[1.134,0]},"up":{"uv":[12.816,0.016],"uv_size":[1.334,1.6715]},"down":{"uv":[12.816,0.016],"uv_size":[1.334,1.6715]}}}],"name":"rot_22"},{"parent":"geyser_custom_z","pivot":[0,1.6349,-6.7761],"rotation":[0,-0,0],"cubes":[{"origin":[-0.5,3.045,-7.0945],"size":[1,2,2],"pivot":[0,1.6349,-6.7761],"uv":{"north":{"uv":[2.6984,0.871],"uv_size":[-0.0984,-0.246]},"south":{"uv":[2.6984,0.871],"uv_size":[-0.0984,-0.246]},"east":{"uv":[1.9968,2.3085],"uv_size":[-0.1968,-0.246]},"west":{"uv":[1.8032,2.3085],"uv_size":[0.1968,-0.246]},"up":{"uv":[2.6016,0.629],"uv_size":[0.0984,0.246]},"down":{"uv":[2.6016,0.629],"uv_size":[0.0984,0.246]}}}],"name":"rot_23"},{"parent":"geyser_custom_z","pivot":[0,1.6349,6.7761],"rotation":[0,-0,0],"cubes":[{"origin":[-0.5,3.045,5.0945],"size":[1,2,2],"pivot":[0,1.6349,6.7761],"uv":{"north":{"uv":[2.6016,0.871],"uv_size":[0.0984,-0.246]},"south":{"uv":[2.6016,0.871],"uv_size":[0.0984,-0.246]},"east":{"uv":[1.8032,2.3085],"uv_size":[0.1968,-0.246]},"west":{"uv":[1.9968,2.3085],"uv_size":[-0.1968,-0.246]},"up":{"uv":[2.6016,0.871],"uv_size":[0.0984,-0.246]},"down":{"uv":[2.6016,0.871],"uv_size":[0.0984,-0.246]}}}],"name":"rot_24"},{"parent":"geyser_custom_z","pivot":[0,5.815,0],"rotation":[0,-0,0],"cubes":[{"origin":[-0.75,-10,-0.75],"size":[1.5,9,1.5],"pivot":[0,5.815,0],"uv":{"north":{"uv":[0.4476,4.516],"uv_size":[-0.1476,1.109]},"south":{"uv":[0.4476,4.516],"uv_size":[-0.1476,1.109]},"east":{"uv":[0.4476,4.516],"uv_size":[-0.1476,1.109]},"west":{"uv":[0.4476,4.516],"uv_size":[-0.1476,1.109]},"up":{"uv":[1.9476,3.1905],"uv_size":[-0.1476,0.1845]},"down":{"uv":[1.9476,3.1905],"uv_size":[-0.1476,0.1845]}}}],"name":"rot_25"},{"parent":"geyser_custom_z","pivot":[0,15.8263,-5.4333],"rotation":[0,-0,0],"cubes":[{"origin":[1.5,24,-2.25],"size":[0,5.5,4.5],"pivot":[0,15.8263,-5.4333],"uv":{"north":{"uv":[12.8,4.0014],"uv_size":[0,0.0846]},"south":{"uv":[12.8,4.0014],"uv_size":[0,0.0846]},"east":{"uv":[13.2428,4.011],"uv_size":[-0.4428,0.6765]},"west":{"uv":[12.8072,4.011],"uv_size":[0.4428,0.6765]},"up":{"uv":[12.8,4.0011],"uv_size":[0,0.0692]},"down":{"uv":[12.8,4.0692],"uv_size":[0,-0.0692]}}},{"origin":[-1.5,24,-2.25],"size":[0,5.5,4.5],"pivot":[0,15.8263,-5.4333],"uv":{"north":{"uv":[12.8,4.0014],"uv_size":[0,0.0846]},"south":{"uv":[12.8,4.0014],"uv_size":[0,0.0846]},"east":{"uv":[13.2428,4.011],"uv_size":[-0.4428,0.6765]},"west":{"uv":[12.8072,4.011],"uv_size":[0.4428,0.6765]},"up":{"uv":[12.8,4.0011],"uv_size":[0,0.0692]},"down":{"uv":[12.8,4.0692],"uv_size":[0,-0.0692]}}}],"name":"rot_26"},{"parent":"geyser_custom_z","pivot":[-0.3178,5.1375,5],"rotation":[0,-0,0],"cubes":[{"origin":[-2.9,1.5717,6.6667],"size":[5.8,1.5,1.5],"pivot":[-0.3178,5.1375,5],"uv":{"north":{"uv":[3.1904,2.3155],"uv_size":[-0.5904,0.1845]},"south":{"uv":[3.1904,2.3155],"uv_size":[-0.5904,0.1845]},"east":{"uv":[2.5976,2.8155],"uv_size":[-0.1476,0.1845]},"west":{"uv":[2.5976,2.8155],"uv_size":[-0.1476,0.1845]},"up":{"uv":[3.1904,2.503],"uv_size":[-0.5904,0.1845]},"down":{"uv":[3.1904,2.503],"uv_size":[-0.5904,0.1845]}}},{"origin":[2.5822,6.0029,3.6213],"size":[0,3,2.5],"pivot":[-0.3178,5.1375,5],"uv":{"north":{"uv":[3.692,1.386],"uv_size":[-0.492,0.6765]},"south":{"uv":[3.692,1.386],"uv_size":[-0.492,0.6765]},"east":{"uv":[1.896,3.8185],"uv_size":[-0.246,0.369]},"west":{"uv":[1.896,3.8185],"uv_size":[-0.246,0.369]},"up":{"uv":[3.692,2.0725],"uv_size":[-0.492,0.615]},"down":{"uv":[3.692,2.0725],"uv_size":[-0.492,0.615]}}},{"origin":[2.6822,6.0029,3.6213],"size":[0,3,2.5],"pivot":[-0.3178,5.1375,5],"uv":{"north":{"uv":[3.692,1.386],"uv_size":[-0.492,0.6765]},"south":{"uv":[3.692,1.386],"uv_size":[-0.492,0.6765]},"east":{"uv":[2.492,3.0755],"uv_size":[-0.492,0.7995]},"west":{"uv":[2.008,3.0755],"uv_size":[0.492,0.7995]},"up":{"uv":[3.692,2.0725],"uv_size":[-0.492,0.615]},"down":{"uv":[3.692,2.0725],"uv_size":[-0.492,0.615]}}}],"name":"rot_27"},{"parent":"geyser_custom_z","pivot":[-1.3,4,0],"rotation":[0,-0,0],"cubes":[{"origin":[-1.3,0.5,-3.5],"size":[0,7,7],"pivot":[-1.3,4,0],"uv":{"north":{"uv":[14.4112,4],"uv_size":[0.6888,0]},"south":{"uv":[14.4112,4],"uv_size":[0.6888,0]},"east":{"uv":[14.4056,4.4305],"uv_size":[0.3444,-0.4305]},"west":{"uv":[14.4056,4.4305],"uv_size":[0.3444,-0.4305]},"up":{"uv":[15.0888,4],"uv_size":[-0.6888,0]},"down":{"uv":[15.0888,4],"uv_size":[-0.6888,0]}}}],"name":"rot_28"},{"parent":"geyser_custom_z","pivot":[-4,24.75,-1.75],"rotation":[0,-0,0],"cubes":[{"origin":[1,10,-2.25],"size":[0,5.5,4.5],"pivot":[-4,24.75,-1.75],"uv":{"north":{"uv":[13.6,4.016],"uv_size":[0,1.359]},"south":{"uv":[13.6,4.016],"uv_size":[0,1.359]},"east":{"uv":[13.6072,4.011],"uv_size":[0.4428,0.6765]},"west":{"uv":[14.0428,4.011],"uv_size":[-0.4428,0.6765]},"up":{"uv":[13.6,4.016],"uv_size":[0,1.109]},"down":{"uv":[13.6,5.109],"uv_size":[0,-1.109]}}}],"name":"rot_29"},{"parent":"geyser_custom_z","pivot":[-8,-0.5,8],"rotation":[0,-0,0],"cubes":[{"origin":[-0.2,3.5,-3],"size":[0,26.5,6],"pivot":[-8,-0.5,8],"uv":{"north":{"uv":[3.6468,0.502],"uv_size":[-0.1968,0.123]},"south":{"uv":[3.6468,0.502],"uv_size":[-0.1968,0.123]},"east":{"uv":[10.7904,2.7035],"uv_size":[-0.5904,3.2965]},"west":{"uv":[10.7904,2.7035],"uv_size":[-0.5904,3.2965]},"up":{"uv":[3.4532,1.246],"uv_size":[0.1968,-0.246]},"down":{"uv":[3.4532,1.246],"uv_size":[0.1968,-0.246]}}}],"name":"rot_30"},{"parent":"geyser_custom_z","pivot":[1.3,4,0],"rotation":[-22.5,0,0],"cubes":[{"origin":[1.3,0.5,-3.5],"size":[0,7,7],"pivot":[1.3,4,0],"uv":{"north":{"uv":[14.4112,4],"uv_size":[0.6888,0]},"south":{"uv":[14.4112,4],"uv_size":[0.6888,0]},"east":{"uv":[15.0944,4.4305],"uv_size":[-0.3444,-0.4305]},"west":{"uv":[15.0944,4.4305],"uv_size":[-0.3444,-0.4305]},"up":{"uv":[15.0888,4],"uv_size":[-0.6888,0]},"down":{"uv":[15.0888,4],"uv_size":[-0.6888,0]}}}],"name":"rot_31"},{"parent":"geyser_custom_z","pivot":[0,1.1349,-6.8761],"rotation":[-22.5,0,0],"cubes":[{"origin":[-1,-1.0967,-8.4747],"size":[2,2,1],"pivot":[0,1.1349,-6.8761],"uv":{"north":{"uv":[1.9968,2.5585],"uv_size":[-0.1968,-0.246]},"south":{"uv":[1.8032,2.5585],"uv_size":[0.1968,-0.246]},"east":{"uv":[1.2984,2.9335],"uv_size":[-0.0984,-0.246]},"west":{"uv":[1.2984,2.9335],"uv_size":[-0.0984,-0.246]},"up":{"uv":[1.2984,2.9335],"uv_size":[-0.0984,-0.246]},"down":{"uv":[1.2984,2.9335],"uv_size":[-0.0984,-0.246]}}}],"name":"rot_32"},{"parent":"geyser_custom_z","pivot":[0,1.6349,6.7761],"rotation":[-22.5,0,0],"cubes":[{"origin":[-0.5,1.1647,6.7082],"size":[1,2,2],"pivot":[0,1.6349,6.7761],"uv":{"north":{"uv":[2.6016,0.871],"uv_size":[0.0984,-0.246]},"south":{"uv":[2.6016,0.871],"uv_size":[0.0984,-0.246]},"east":{"uv":[1.8032,2.3085],"uv_size":[0.1968,-0.246]},"west":{"uv":[1.9968,2.3085],"uv_size":[-0.1968,-0.246]},"up":{"uv":[2.6016,0.871],"uv_size":[0.0984,-0.246]},"down":{"uv":[2.6016,0.871],"uv_size":[0.0984,-0.246]}}}],"name":"rot_33"},{"parent":"geyser_custom_z","pivot":[0,2.5,-2],"rotation":[-22.5,0,0],"cubes":[{"origin":[-1.4,1.5,-5.5],"size":[2.8,2,5],"pivot":[0,2.5,-2],"uv":{"north":{"uv":[1.9452,3.5665],"uv_size":[-0.2952,0.246]},"south":{"uv":[1.9452,3.5665],"uv_size":[-0.2952,0.246]},"east":{"uv":[2.442,2.8165],"uv_size":[-0.492,0.246]},"west":{"uv":[1.958,2.8165],"uv_size":[0.492,0.246]},"up":{"uv":[1.9452,2.9475],"uv_size":[-0.2952,0.615]},"down":{"uv":[1.9452,3.5525],"uv_size":[-0.2952,-0.615]}}}],"name":"rot_34"},{"parent":"geyser_custom_z","pivot":[-0.3178,5.1375,5],"rotation":[-22.5,0,0],"cubes":[{"origin":[-3,2.5,2],"size":[6,1.5,6],"pivot":[-0.3178,5.1375,5],"uv":{"north":{"uv":[2.6096,2.128],"uv_size":[0.5904,0.1845]},"south":{"uv":[2.6096,2.128],"uv_size":[0.5904,0.1845]},"east":{"uv":[2.6096,2.128],"uv_size":[0.5904,0.1845]},"west":{"uv":[2.6096,2.128],"uv_size":[0.5904,0.1845]},"up":{"uv":[3.1904,2.113],"uv_size":[-0.5904,-0.738]},"down":{"uv":[3.1904,2.113],"uv_size":[-0.5904,-0.738]}}},{"origin":[-2.5,4,2.5],"size":[5,5.5,5],"pivot":[-0.3178,5.1375,5],"uv":{"north":{"uv":[3.208,1.386],"uv_size":[0.492,0.6765]},"south":{"uv":[3.208,1.386],"uv_size":[0.492,0.6765]},"east":{"uv":[3.208,1.386],"uv_size":[0.492,0.6765]},"west":{"uv":[3.208,1.386],"uv_size":[0.492,0.6765]},"up":{"uv":[3.692,2.6775],"uv_size":[-0.492,-0.615]},"down":{"uv":[3.692,2.6775],"uv_size":[-0.492,-0.615]}}},{"origin":[2.7822,4,2.4822],"size":[0,2,5],"pivot":[-0.3178,5.1375,5],"uv":{"north":{"uv":[3.692,1.386],"uv_size":[-0.492,0.6765]},"south":{"uv":[3.692,1.386],"uv_size":[-0.492,0.6765]},"east":{"uv":[3.692,1.8165],"uv_size":[-0.492,0.246]},"west":{"uv":[3.692,1.8165],"uv_size":[-0.492,0.246]},"up":{"uv":[3.692,2.0725],"uv_size":[-0.492,0.615]},"down":{"uv":[3.692,2.0725],"uv_size":[-0.492,0.615]}}}],"name":"rot_35"},{"parent":"geyser_custom_z","pivot":[-1.3,4,0],"rotation":[-22.5,0,0],"cubes":[{"origin":[-1.3,0.5,-3.5],"size":[0,7,7],"pivot":[-1.3,4,0],"uv":{"north":{"uv":[14.4112,4],"uv_size":[0.6888,0]},"south":{"uv":[14.4112,4],"uv_size":[0.6888,0]},"east":{"uv":[14.7556,4.4305],"uv_size":[0.3444,-0.4305]},"west":{"uv":[14.7556,4.4305],"uv_size":[0.3444,-0.4305]},"up":{"uv":[15.0888,4],"uv_size":[-0.6888,0]},"down":{"uv":[15.0888,4],"uv_size":[-0.6888,0]}}}],"name":"rot_36"},{"parent":"geyser_custom_z","pivot":[0,-12,0],"rotation":[0,-22.5,0],"cubes":[{"origin":[-3.5,-12,-3.5],"size":[7,0,7],"pivot":[0,-12,0],"uv":{"north":{"uv":[14.4112,4],"uv_size":[0.6888,0]},"south":{"uv":[14.4112,4],"uv_size":[0.6888,0]},"east":{"uv":[14.4112,4],"uv_size":[0.6888,0]},"west":{"uv":[14.4112,4],"uv_size":[0.6888,0]},"up":{"uv":[14.4056,4.4445],"uv_size":[0.3444,0.4305]},"down":{"uv":[14.4056,4.4445],"uv_size":[0.3444,0.4305]}}}],"name":"rot_37"},{"parent":"geyser_custom_z","pivot":[0,-0.685,0],"rotation":[0,-22.5,0],"cubes":[{"origin":[-6.75,1,-6.75],"size":[13.5,0,13.5],"pivot":[0,-0.685,0],"uv":{"north":{"uv":[12.816,0],"uv_size":[1.134,0]},"south":{"uv":[12.816,0],"uv_size":[1.134,0]},"east":{"uv":[12.816,0],"uv_size":[1.134,0]},"west":{"uv":[12.816,0],"uv_size":[1.134,0]},"up":{"uv":[12.816,1.7035],"uv_size":[1.334,1.6715]},"down":{"uv":[12.816,1.7035],"uv_size":[1.334,1.6715]}}}],"name":"rot_38"},{"parent":"geyser_custom_z","pivot":[1.3,4,0],"rotation":[-45,0,0],"cubes":[{"origin":[1.3,0.5,-3.5],"size":[0,7,7],"pivot":[1.3,4,0],"uv":{"north":{"uv":[14.4112,4],"uv_size":[0.6888,0]},"south":{"uv":[14.4112,4],"uv_size":[0.6888,0]},"east":{"uv":[15.0944,4.868],"uv_size":[-0.3444,-0.4305]},"west":{"uv":[15.0944,4.868],"uv_size":[-0.3444,-0.4305]},"up":{"uv":[15.0888,4],"uv_size":[-0.6888,0]},"down":{"uv":[15.0888,4],"uv_size":[-0.6888,0]}}}],"name":"rot_39"},{"parent":"geyser_custom_z","pivot":[0,1.1349,6.8761],"rotation":[-45,0,0],"cubes":[{"origin":[-0.5,-0.0873,8.5623],"size":[1,2,2],"pivot":[0,1.1349,6.8761],"uv":{"north":{"uv":[2.6016,0.871],"uv_size":[0.0984,-0.246]},"south":{"uv":[2.6016,0.871],"uv_size":[0.0984,-0.246]},"east":{"uv":[1.8032,2.3085],"uv_size":[0.1968,-0.246]},"west":{"uv":[1.9968,2.3085],"uv_size":[-0.1968,-0.246]},"up":{"uv":[2.6016,0.871],"uv_size":[0.0984,-0.246]},"down":{"uv":[2.6016,0.871],"uv_size":[0.0984,-0.246]}}}],"name":"rot_40"},{"parent":"geyser_custom_z","pivot":[0,1.6349,6.7761],"rotation":[-45,0,0],"cubes":[{"origin":[-1,2.2015,5.0318],"size":[2,1,2],"pivot":[0,1.6349,6.7761],"uv":{"north":{"uv":[1.2984,2.6915],"uv_size":[-0.0984,0.246]},"south":{"uv":[1.2984,2.6915],"uv_size":[-0.0984,0.246]},"east":{"uv":[1.2016,2.9335],"uv_size":[0.0984,-0.246]},"west":{"uv":[1.2016,2.9335],"uv_size":[0.0984,-0.246]},"up":{"uv":[1.9968,2.3165],"uv_size":[-0.1968,0.246]},"down":{"uv":[1.8032,2.3165],"uv_size":[0.1968,0.246]}}}],"name":"rot_41"},{"parent":"geyser_custom_z","pivot":[-0.3178,5.1375,5],"rotation":[-45,0,0],"cubes":[{"origin":[-2.9,1.5717,1.8333],"size":[5.8,1.5,1.5],"pivot":[-0.3178,5.1375,5],"uv":{"north":{"uv":[2.6096,2.3155],"uv_size":[0.5904,0.1845]},"south":{"uv":[2.6096,2.3155],"uv_size":[0.5904,0.1845]},"east":{"uv":[2.4524,2.8155],"uv_size":[0.1476,0.1845]},"west":{"uv":[2.4524,2.8155],"uv_size":[0.1476,0.1845]},"up":{"uv":[3.1904,2.6845],"uv_size":[-0.5904,-0.1845]},"down":{"uv":[3.1904,2.6845],"uv_size":[-0.5904,-0.1845]}}}],"name":"rot_42"},{"parent":"geyser_custom_z","pivot":[-1.3,4,0],"rotation":[-45,0,0],"cubes":[{"origin":[-1.3,0.5,-3.5],"size":[0,7,7],"pivot":[-1.3,4,0],"uv":{"north":{"uv":[14.4112,4],"uv_size":[0.6888,0]},"south":{"uv":[14.4112,4],"uv_size":[0.6888,0]},"east":{"uv":[14.7556,4.868],"uv_size":[0.3444,-0.4305]},"west":{"uv":[14.7556,4.868],"uv_size":[0.3444,-0.4305]},"up":{"uv":[15.0888,4],"uv_size":[-0.6888,0]},"down":{"uv":[15.0888,4],"uv_size":[-0.6888,0]}}}],"name":"rot_43"}]}]}
