{"format_version":"1.16.0","minecraft:geometry":[{"description":{"identifier":"geometry.geyser_custom.geo_66eb83c","texture_width":16,"texture_height":16,"visible_bounds_width":4,"visible_bounds_height":4.5,"visible_bounds_offset":[0,0.75,0]},"bones":[{"name":"geyser_custom","binding":"c.item_slot == 'head' ? 'head' : q.item_slot_to_bone_name(c.item_slot)","pivot":[0,8,0]},{"name":"geyser_custom_x","parent":"geyser_custom","pivot":[0,8,0]},{"name":"geyser_custom_y","parent":"geyser_custom_x","pivot":[0,8,0]},{"name":"geyser_custom_z","parent":"geyser_custom_y","pivot":[0,8,0],"cubes":[]},{"parent":"geyser_custom_z","pivot":[0,-7.451,2.3019],"rotation":[45,0,0],"cubes":[{"origin":[-0.5,-8.7244,-3.6448],"size":[1,2,2],"pivot":[0,-7.451,2.3019],"uv":{"north":{"uv":[2.6984,0.871],"uv_size":[-0.0984,-0.246]},"south":{"uv":[2.6984,0.871],"uv_size":[-0.0984,-0.246]},"east":{"uv":[1.9968,2.3085],"uv_size":[-0.1968,-0.246]},"west":{"uv":[1.9968,2.3085],"uv_size":[-0.1968,-0.246]},"up":{"uv":[2.6984,0.871],"uv_size":[-0.0984,-0.246]},"down":{"uv":[2.6984,0.871],"uv_size":[-0.0984,-0.246]}}},{"origin":[-0.5,-4.7115,-3.6901],"size":[1,2,2],"pivot":[0,-7.451,2.3019],"uv":{"north":{"uv":[1.2984,2.9335],"uv_size":[-0.0984,-0.246]},"south":{"uv":[1.2984,2.9335],"uv_size":[-0.0984,-0.246]},"east":{"uv":[1.9968,2.5585],"uv_size":[-0.1968,-0.246]},"west":{"uv":[1.9968,2.5585],"uv_size":[-0.1968,-0.246]},"up":{"uv":[1.2984,2.9335],"uv_size":[-0.0984,-0.246]},"down":{"uv":[1.2984,2.9335],"uv_size":[-0.0984,-0.246]}}},{"origin":[-3,-8.7115,-1.6901],"size":[6,6,5.5],"pivot":[0,-7.451,2.3019],"uv":{"north":{"uv":[2.5904,2.488],"uv_size":[-0.5904,-0.738]},"south":{"uv":[2.5904,1.363],"uv_size":[-0.5904,-0.738]},"east":{"uv":[1.9912,1.363],"uv_size":[-0.5412,-0.738]},"west":{"uv":[1.4588,1.363],"uv_size":[0.5412,-0.738]},"up":{"uv":[1.9904,2.0515],"uv_size":[-0.5904,-0.6765]},"down":{"uv":[1.9904,2.0515],"uv_size":[-0.5904,-0.6765]}}}],"name":"rot_1"},{"parent":"geyser_custom_z","pivot":[0,-4,-5],"rotation":[45,0,0],"cubes":[{"origin":[0,-7.5,-8.5],"size":[0,7,7],"pivot":[0,-4,-5],"uv":{"north":{"uv":[15.0888,4],"uv_size":[-0.6888,0]},"south":{"uv":[15.0888,4],"uv_size":[-0.6888,0]},"east":{"uv":[14.7556,4.868],"uv_size":[0.3444,-0.4305]},"west":{"uv":[14.7556,4.868],"uv_size":[0.3444,-0.4305]},"up":{"uv":[14.4112,4],"uv_size":[0.6888,0]},"down":{"uv":[14.4112,4],"uv_size":[0.6888,0]}}}],"name":"rot_2"},{"parent":"geyser_custom_z","pivot":[0,19.451,4.3019],"rotation":[45,0,0],"cubes":[{"origin":[-2.15,14.5666,5.0616],"size":[4.3,3,1],"pivot":[0,19.451,4.3019],"uv":{"north":{"uv":[1.7928,2.0685],"uv_size":[-0.4428,0.369]},"south":{"uv":[1.7928,2.0685],"uv_size":[-0.4428,0.369]},"east":{"uv":[1.2984,2.3185],"uv_size":[-0.0984,0.369]},"west":{"uv":[1.2984,2.3185],"uv_size":[-0.0984,0.369]},"up":{"uv":[1.7928,2.4395],"uv_size":[-0.4428,0.123]},"down":{"uv":[1.7928,2.4395],"uv_size":[-0.4428,0.123]}}},{"origin":[-2.15,14.5666,6.0616],"size":[4.3,3,1],"pivot":[0,19.451,4.3019],"uv":{"north":{"uv":[1.7928,2.0685],"uv_size":[-0.4428,0.369]},"south":{"uv":[1.7928,2.0685],"uv_size":[-0.4428,0.369]},"east":{"uv":[1.2984,2.3185],"uv_size":[-0.0984,0.369]},"west":{"uv":[1.2984,2.3185],"uv_size":[-0.0984,0.369]},"up":{"uv":[1.7928,2.4395],"uv_size":[-0.4428,0.123]},"down":{"uv":[1.7928,2.4395],"uv_size":[-0.4428,0.123]}}},{"origin":[-2.15,17.5666,6.0616],"size":[4.3,3,1],"pivot":[0,19.451,4.3019],"uv":{"north":{"uv":[1.7928,2.0685],"uv_size":[-0.4428,0.369]},"south":{"uv":[1.7928,2.0685],"uv_size":[-0.4428,0.369]},"east":{"uv":[1.2984,2.3185],"uv_size":[-0.0984,0.369]},"west":{"uv":[1.2984,2.3185],"uv_size":[-0.0984,0.369]},"up":{"uv":[1.7928,2.4395],"uv_size":[-0.4428,0.123]},"down":{"uv":[1.7928,2.4395],"uv_size":[-0.4428,0.123]}}},{"origin":[-2.15,17.5666,5.0616],"size":[4.3,3,1],"pivot":[0,19.451,4.3019],"uv":{"north":{"uv":[1.7928,2.0685],"uv_size":[-0.4428,0.369]},"south":{"uv":[1.7928,2.0685],"uv_size":[-0.4428,0.369]},"east":{"uv":[1.2984,2.3185],"uv_size":[-0.0984,0.369]},"west":{"uv":[1.2984,2.3185],"uv_size":[-0.0984,0.369]},"up":{"uv":[1.7928,2.4395],"uv_size":[-0.4428,0.123]},"down":{"uv":[1.7928,2.4395],"uv_size":[-0.4428,0.123]}}}],"name":"rot_3"},{"parent":"geyser_custom_z","pivot":[0,-1.185,0],"rotation":[0,45,0],"cubes":[{"origin":[-6.75,0.5,-6.75],"size":[13.5,0,13.5],"pivot":[0,-1.185,0],"uv":{"north":{"uv":[12.816,0],"uv_size":[1.134,0]},"south":{"uv":[12.816,0],"uv_size":[1.134,0]},"east":{"uv":[12.816,0],"uv_size":[1.134,0]},"west":{"uv":[12.816,0],"uv_size":[1.134,0]},"up":{"uv":[14.166,1.7035],"uv_size":[1.334,1.6715]},"down":{"uv":[14.166,1.7035],"uv_size":[1.334,1.6715]}}}],"name":"rot_4"},{"parent":"geyser_custom_z","pivot":[0,10.815,0],"rotation":[0,45,0],"cubes":[{"origin":[-6.75,12.5,-6.75],"size":[13.5,0,13.5],"pivot":[0,10.815,0],"uv":{"north":{"uv":[12.816,0],"uv_size":[1.134,0]},"south":{"uv":[12.816,0],"uv_size":[1.134,0]},"east":{"uv":[12.816,0],"uv_size":[1.134,0]},"west":{"uv":[12.816,0],"uv_size":[1.134,0]},"up":{"uv":[14.166,1.7035],"uv_size":[1.334,1.6715]},"down":{"uv":[14.166,1.7035],"uv_size":[1.334,1.6715]}}}],"name":"rot_5"},{"parent":"geyser_custom_z","pivot":[0,6.425,-5.75],"rotation":[0,0,-45],"cubes":[{"origin":[0,2.8,-21],"size":[0,7,15],"pivot":[0,6.425,-5.75],"uv":{"north":{"uv":[1.3428,1.636],"uv_size":[-0.4428,0.6765]},"south":{"uv":[1.3428,1.636],"uv_size":[-0.4428,0.6765]},"east":{"uv":[9.784,0.014],"uv_size":[-1.484,0.861]},"west":{"uv":[8.316,0.014],"uv_size":[1.484,0.861]},"up":{"uv":[0.8928,2.631],"uv_size":[-0.4428,0.369]},"down":{"uv":[0.8928,2.631],"uv_size":[-0.4428,0.369]}}},{"origin":[0,1.3,-6],"size":[0,10.5,16],"pivot":[0,6.425,-5.75],"uv":{"north":{"uv":[3.6,0.8255],"uv_size":[0,0.7995]},"south":{"uv":[3.6,0.8255],"uv_size":[0,0.7995]},"east":{"uv":[11.234,0.9535],"uv_size":[-1.584,1.0465]},"west":{"uv":[9.666,0.9535],"uv_size":[1.584,1.0465]},"up":{"uv":[5.184,0.8125],"uv_size":[-1.584,0]},"down":{"uv":[5.184,0.8125],"uv_size":[-1.584,0]}}}],"name":"rot_6"},{"parent":"geyser_custom_z","pivot":[0.0178,22.1375,-3.7],"rotation":[22.5,0,0],"cubes":[{"origin":[-2.6822,21,-6.5178],"size":[0,2,5],"pivot":[0.0178,22.1375,-3.7],"uv":{"north":{"uv":[3.208,1.386],"uv_size":[0.492,0.6765]},"south":{"uv":[3.208,1.386],"uv_size":[0.492,0.6765]},"east":{"uv":[3.208,1.8165],"uv_size":[0.492,0.246]},"west":{"uv":[3.208,1.8165],"uv_size":[0.492,0.246]},"up":{"uv":[3.692,2.6775],"uv_size":[-0.492,-0.615]},"down":{"uv":[3.692,2.6775],"uv_size":[-0.492,-0.615]}}}],"name":"rot_7"},{"parent":"geyser_custom_z","pivot":[0,-8.451,3.3019],"rotation":[22.5,0,0],"cubes":[{"origin":[-3.5,-11.3239,3.0472],"size":[7,4,4],"pivot":[0,-8.451,3.3019],"uv":{"north":{"uv":[4.8888,0.992],"uv_size":[-0.6888,-0.492]},"south":{"uv":[3.4388,0.992],"uv_size":[-0.6888,-0.492]},"east":{"uv":[3.8436,0.492],"uv_size":[-0.3936,-0.492]},"west":{"uv":[3.4564,0.492],"uv_size":[0.3936,-0.492]},"up":{"uv":[3.4388,0.992],"uv_size":[-0.6888,-0.492]},"down":{"uv":[3.4388,0.492],"uv_size":[-0.6888,-0.492]}}}],"name":"rot_8"},{"parent":"geyser_custom_z","pivot":[0,-6.451,4.3019],"rotation":[22.5,0,0],"cubes":[{"origin":[-2.5,-8.0719,8.696],"size":[5,3,3],"pivot":[0,-6.451,4.3019],"uv":{"north":{"uv":[1.792,2.9315],"uv_size":[-0.492,-0.369]},"south":{"uv":[2.492,1.744],"uv_size":[-0.492,-0.369]},"east":{"uv":[3.3952,1.369],"uv_size":[-0.2952,-0.369]},"west":{"uv":[3.1048,1.369],"uv_size":[0.2952,-0.369]},"up":{"uv":[2.492,1.744],"uv_size":[-0.492,-0.369]},"down":{"uv":[3.092,1.369],"uv_size":[-0.492,-0.369]}}}],"name":"rot_9"},{"parent":"geyser_custom_z","pivot":[0,-4,-5],"rotation":[22.5,0,0],"cubes":[{"origin":[0,-7.5,-8.5],"size":[0,7,7],"pivot":[0,-4,-5],"uv":{"north":{"uv":[15.0888,4],"uv_size":[-0.6888,0]},"south":{"uv":[15.0888,4],"uv_size":[-0.6888,0]},"east":{"uv":[14.7556,4.4305],"uv_size":[0.3444,-0.4305]},"west":{"uv":[14.7556,4.4305],"uv_size":[0.3444,-0.4305]},"up":{"uv":[14.4112,4],"uv_size":[0.6888,0]},"down":{"uv":[14.4112,4],"uv_size":[0.6888,0]}}}],"name":"rot_10"},{"parent":"geyser_custom_z","pivot":[0,17,-5],"rotation":[22.5,0,0],"cubes":[{"origin":[0,13.5,-8.5],"size":[0,7,7],"pivot":[0,17,-5],"uv":{"north":{"uv":[14.4112,4],"uv_size":[0.6888,0]},"south":{"uv":[14.4112,4],"uv_size":[0.6888,0]},"east":{"uv":[14.7444,4.868],"uv_size":[-0.3444,-0.4305]},"west":{"uv":[14.7444,4.868],"uv_size":[-0.3444,-0.4305]},"up":{"uv":[15.0888,4],"uv_size":[-0.6888,0]},"down":{"uv":[15.0888,4],"uv_size":[-0.6888,0]}}}],"name":"rot_11"},{"parent":"geyser_custom_z","pivot":[0,19.451,4.3019],"rotation":[22.5,0,0],"cubes":[{"origin":[-2.25,15.6516,7.1965],"size":[4.5,5.5,3],"pivot":[0,19.451,4.3019],"uv":{"north":{"uv":[1.3428,1.636],"uv_size":[-0.4428,0.6765]},"south":{"uv":[1.3428,1.636],"uv_size":[-0.4428,0.6765]},"east":{"uv":[1.1952,2.3235],"uv_size":[-0.2952,0.6765]},"west":{"uv":[0.9048,2.3235],"uv_size":[0.2952,0.6765]},"up":{"uv":[0.8928,2.631],"uv_size":[-0.4428,0.369]},"down":{"uv":[0.8928,2.631],"uv_size":[-0.4428,0.369]}}}],"name":"rot_12"},{"parent":"geyser_custom_z","pivot":[0,21.451,3.3019],"rotation":[22.5,0,0],"cubes":[{"origin":[-2.35,20.6377,1.3818],"size":[4.7,4.5,8],"pivot":[0,21.451,3.3019],"uv":{"north":{"uv":[0.4428,2.634],"uv_size":[-0.4428,0.5535]},"south":{"uv":[0.4428,2.634],"uv_size":[-0.4428,0.5535]},"east":{"uv":[0.0072,2.609],"uv_size":[0.4428,-0.984]},"west":{"uv":[0.0072,1.641],"uv_size":[0.4428,0.984]},"up":{"uv":[0.8928,1.641],"uv_size":[-0.4428,0.984]},"down":{"uv":[0.8928,1.641],"uv_size":[-0.4428,0.984]}}},{"origin":[-0.5,25.1225,3.1278],"size":[1,2,2],"pivot":[0,21.451,3.3019],"uv":{"north":{"uv":[1.2984,2.6915],"uv_size":[-0.0984,0.246]},"south":{"uv":[1.2984,2.6915],"uv_size":[-0.0984,0.246]},"east":{"uv":[1.8032,2.5585],"uv_size":[0.1968,-0.246]},"west":{"uv":[1.8032,2.5585],"uv_size":[0.1968,-0.246]},"up":{"uv":[1.2984,2.6915],"uv_size":[-0.0984,0.246]},"down":{"uv":[1.2984,2.6915],"uv_size":[-0.0984,0.246]}}},{"origin":[-0.5,20.4225,9.3278],"size":[1,2,2],"pivot":[0,21.451,3.3019],"uv":{"north":{"uv":[1.2984,2.6915],"uv_size":[-0.0984,0.246]},"south":{"uv":[1.2984,2.6915],"uv_size":[-0.0984,0.246]},"east":{"uv":[1.9968,2.3165],"uv_size":[-0.1968,0.246]},"west":{"uv":[1.9968,2.3165],"uv_size":[-0.1968,0.246]},"up":{"uv":[1.2984,2.6915],"uv_size":[-0.0984,0.246]},"down":{"uv":[1.2984,2.6915],"uv_size":[-0.0984,0.246]}}}],"name":"rot_13"},{"parent":"geyser_custom_z","pivot":[0,22.851,1.6019],"rotation":[22.5,0,0],"cubes":[{"origin":[-2.5,14.6624,-1.2098],"size":[5,5,2],"pivot":[0,22.851,1.6019],"uv":{"north":{"uv":[2.542,0.01],"uv_size":[-0.492,0.615]},"south":{"uv":[2.542,0.01],"uv_size":[-0.492,0.615]},"east":{"uv":[2.7468,0.01],"uv_size":[-0.1968,0.615]},"west":{"uv":[2.5532,0.01],"uv_size":[0.1968,0.615]},"up":{"uv":[1.392,1.379],"uv_size":[-0.492,0.246]},"down":{"uv":[1.392,1.379],"uv_size":[-0.492,0.246]}}}],"name":"rot_14"},{"parent":"geyser_custom_z","pivot":[-0.0178,22.1375,-3.7],"rotation":[22.5,0,0],"cubes":[{"origin":[-3.1,19.5,-7.0178],"size":[6.2,1.5,6],"pivot":[-0.0178,22.1375,-3.7],"uv":{"north":{"uv":[2.6096,2.128],"uv_size":[0.5904,0.1845]},"south":{"uv":[2.6096,2.128],"uv_size":[0.5904,0.1845]},"east":{"uv":[2.6096,2.128],"uv_size":[0.5904,0.1845]},"west":{"uv":[2.6096,2.128],"uv_size":[0.5904,0.1845]},"up":{"uv":[3.1904,2.113],"uv_size":[-0.5904,-0.738]},"down":{"uv":[3.1904,2.113],"uv_size":[-0.5904,-0.738]}}},{"origin":[-2.5,21,-6.5178],"size":[5,5.5,5],"pivot":[-0.0178,22.1375,-3.7],"uv":{"north":{"uv":[3.208,1.386],"uv_size":[0.492,0.6765]},"south":{"uv":[3.208,1.386],"uv_size":[0.492,0.6765]},"east":{"uv":[3.208,1.386],"uv_size":[0.492,0.6765]},"west":{"uv":[3.208,1.386],"uv_size":[0.492,0.6765]},"up":{"uv":[3.692,2.6775],"uv_size":[-0.492,-0.615]},"down":{"uv":[3.692,2.6775],"uv_size":[-0.492,-0.615]}}},{"origin":[2.6822,21,-6.5178],"size":[0,2,5],"pivot":[-0.0178,22.1375,-3.7],"uv":{"north":{"uv":[3.692,1.386],"uv_size":[-0.492,0.6765]},"south":{"uv":[3.692,1.386],"uv_size":[-0.492,0.6765]},"east":{"uv":[3.692,1.8165],"uv_size":[-0.492,0.246]},"west":{"uv":[3.692,1.8165],"uv_size":[-0.492,0.246]},"up":{"uv":[3.692,2.0725],"uv_size":[-0.492,0.615]},"down":{"uv":[3.692,2.0725],"uv_size":[-0.492,0.615]}}}],"name":"rot_15"},{"parent":"geyser_custom_z","pivot":[0,-1.185,0],"rotation":[0,22.5,0],"cubes":[{"origin":[-6.75,0.5,-6.75],"size":[13.5,0,13.5],"pivot":[0,-1.185,0],"uv":{"north":{"uv":[12.816,0],"uv_size":[1.134,0]},"south":{"uv":[12.816,0],"uv_size":[1.134,0]},"east":{"uv":[12.816,0],"uv_size":[1.134,0]},"west":{"uv":[12.816,0],"uv_size":[1.134,0]},"up":{"uv":[14.166,0.016],"uv_size":[1.334,1.6715]},"down":{"uv":[14.166,0.016],"uv_size":[1.334,1.6715]}}}],"name":"rot_16"},{"parent":"geyser_custom_z","pivot":[0,10.815,0],"rotation":[0,22.5,0],"cubes":[{"origin":[-6.75,12.5,-6.75],"size":[13.5,0,13.5],"pivot":[0,10.815,0],"uv":{"north":{"uv":[12.816,0],"uv_size":[1.134,0]},"south":{"uv":[12.816,0],"uv_size":[1.134,0]},"east":{"uv":[12.816,0],"uv_size":[1.134,0]},"west":{"uv":[12.816,0],"uv_size":[1.134,0]},"up":{"uv":[14.166,0.016],"uv_size":[1.334,1.6715]},"down":{"uv":[14.166,0.016],"uv_size":[1.334,1.6715]}}}],"name":"rot_17"},{"parent":"geyser_custom_z","pivot":[8,4,8],"rotation":[0,-0,0],"cubes":[{"origin":[-4,-2,-4.5],"size":[8,2,9],"pivot":[8,4,8],"uv":{"north":{"uv":[0.4128,3.496],"uv_size":[0.7872,-0.246]},"south":{"uv":[0.0128,1.371],"uv_size":[0.7872,-0.246]},"east":{"uv":[0.4644,3.246],"uv_size":[0.8856,-0.246]},"west":{"uv":[0.4144,3.746],"uv_size":[0.8856,-0.246]},"up":{"uv":[0.7872,0.016],"uv_size":[-0.7872,1.109]},"down":{"uv":[0.7872,0.016],"uv_size":[-0.7872,1.109]}}}],"name":"rot_18"},{"parent":"geyser_custom_z","pivot":[8,7,8],"rotation":[0,-0,0],"cubes":[{"origin":[-1,0,-1],"size":[2,4,2],"pivot":[8,7,8],"uv":{"north":{"uv":[3.4532,0.992],"uv_size":[0.1968,-0.492]},"south":{"uv":[3.4532,0.992],"uv_size":[0.1968,-0.492]},"east":{"uv":[3.4532,0.992],"uv_size":[0.1968,-0.492]},"west":{"uv":[3.4532,0.992],"uv_size":[0.1968,-0.492]},"up":{"uv":[3.6468,1.004],"uv_size":[-0.1968,0.246]},"down":{"uv":[3.6468,1.004],"uv_size":[-0.1968,0.246]}}},{"origin":[-2,1,-2],"size":[4,1.5,4],"pivot":[8,7,8],"uv":{"north":{"uv":[0.0064,3.872],"uv_size":[0.3936,-0.1845]},"south":{"uv":[0.0064,3.872],"uv_size":[0.3936,-0.1845]},"east":{"uv":[0.0064,3.872],"uv_size":[0.3936,-0.1845]},"west":{"uv":[0.0064,3.872],"uv_size":[0.3936,-0.1845]},"up":{"uv":[0.3936,3.1955],"uv_size":[-0.3936,0.492]},"down":{"uv":[0.3936,3.1955],"uv_size":[-0.3936,0.492]}}}],"name":"rot_19"},{"parent":"geyser_custom_z","pivot":[8,9,8],"rotation":[0,-0,0],"cubes":[{"origin":[-4,13,-4.5],"size":[8,2,9],"pivot":[8,9,8],"uv":{"north":{"uv":[0.4128,3.254],"uv_size":[0.7872,0.246]},"south":{"uv":[0.0128,1.129],"uv_size":[0.7872,0.246]},"east":{"uv":[0.4644,3.004],"uv_size":[0.8856,0.246]},"west":{"uv":[0.4144,3.504],"uv_size":[0.8856,0.246]},"up":{"uv":[0.7872,1.109],"uv_size":[-0.7872,-1.109]},"down":{"uv":[0.7872,1.109],"uv_size":[-0.7872,-1.109]}}}],"name":"rot_20"},{"parent":"geyser_custom_z","pivot":[4,24.75,-1.75],"rotation":[0,-0,0],"cubes":[{"origin":[-4,16,-2.25],"size":[0,5.5,4.5],"pivot":[4,24.75,-1.75],"uv":{"north":{"uv":[13.6,4.016],"uv_size":[0,1.359]},"south":{"uv":[13.6,4.016],"uv_size":[0,1.359]},"east":{"uv":[13.6072,4.011],"uv_size":[0.4428,0.6765]},"west":{"uv":[14.0428,4.011],"uv_size":[-0.4428,0.6765]},"up":{"uv":[13.6,4.016],"uv_size":[0,1.109]},"down":{"uv":[13.6,5.109],"uv_size":[0,-1.109]}}}],"name":"rot_21"},{"parent":"geyser_custom_z","pivot":[0.0178,22.1375,-3.7],"rotation":[0,-0,0],"cubes":[{"origin":[-2.6822,22.5029,-5.3787],"size":[0,3,2.5],"pivot":[0.0178,22.1375,-3.7],"uv":{"north":{"uv":[3.208,1.386],"uv_size":[0.492,0.6765]},"south":{"uv":[3.208,1.386],"uv_size":[0.492,0.6765]},"east":{"uv":[2.008,3.0755],"uv_size":[0.492,0.7995]},"west":{"uv":[2.492,3.0755],"uv_size":[-0.492,0.7995]},"up":{"uv":[3.692,2.6775],"uv_size":[-0.492,-0.615]},"down":{"uv":[3.692,2.6775],"uv_size":[-0.492,-0.615]}}},{"origin":[-2.5822,22.5029,-5.3787],"size":[0,3,2.5],"pivot":[0.0178,22.1375,-3.7],"uv":{"north":{"uv":[3.208,1.386],"uv_size":[0.492,0.6765]},"south":{"uv":[3.208,1.386],"uv_size":[0.492,0.6765]},"east":{"uv":[1.654,3.8185],"uv_size":[0.246,0.369]},"west":{"uv":[1.654,3.8185],"uv_size":[0.246,0.369]},"up":{"uv":[3.692,2.6775],"uv_size":[-0.492,-0.615]},"down":{"uv":[3.692,2.6775],"uv_size":[-0.492,-0.615]}}}],"name":"rot_22"},{"parent":"geyser_custom_z","pivot":[0,-9.851,1.6019],"rotation":[0,-0,0],"cubes":[{"origin":[-0.5,-5,-5.9],"size":[1,2,2],"pivot":[0,-9.851,1.6019],"uv":{"north":{"uv":[2.6984,0.871],"uv_size":[-0.0984,-0.246]},"south":{"uv":[2.6984,0.871],"uv_size":[-0.0984,-0.246]},"east":{"uv":[1.9968,2.3085],"uv_size":[-0.1968,-0.246]},"west":{"uv":[1.9968,2.3085],"uv_size":[-0.1968,-0.246]},"up":{"uv":[2.6984,0.871],"uv_size":[-0.0984,-0.246]},"down":{"uv":[2.6984,0.871],"uv_size":[-0.0984,-0.246]}}},{"origin":[-3.25,-7,-3.9],"size":[6.5,5,6],"pivot":[0,-9.851,1.6019],"uv":{"north":{"uv":[1.4396,0.615],"uv_size":[-0.6396,-0.615]},"south":{"uv":[1.2396,4.365],"uv_size":[-0.6396,-0.615]},"east":{"uv":[2.0404,0.615],"uv_size":[-0.5904,-0.615]},"west":{"uv":[1.4596,0.615],"uv_size":[0.5904,-0.615]},"up":{"uv":[1.4396,1.363],"uv_size":[-0.6396,-0.738]},"down":{"uv":[1.4396,1.363],"uv_size":[-0.6396,-0.738]}}}],"name":"rot_23"},{"parent":"geyser_custom_z","pivot":[0,-8.451,3.3019],"rotation":[0,-0,0],"cubes":[{"origin":[-0.5,-15.4,5.9],"size":[1,2,2],"pivot":[0,-8.451,3.3019],"uv":{"north":{"uv":[2.6984,0.871],"uv_size":[-0.0984,-0.246]},"south":{"uv":[2.6984,0.871],"uv_size":[-0.0984,-0.246]},"east":{"uv":[1.9968,2.3085],"uv_size":[-0.1968,-0.246]},"west":{"uv":[1.9968,2.3085],"uv_size":[-0.1968,-0.246]},"up":{"uv":[2.6984,0.871],"uv_size":[-0.0984,-0.246]},"down":{"uv":[2.6984,0.871],"uv_size":[-0.0984,-0.246]}}}],"name":"rot_24"},{"parent":"geyser_custom_z","pivot":[0,-4,-5],"rotation":[0,-0,0],"cubes":[{"origin":[0,-7.5,-8.5],"size":[0,7,7],"pivot":[0,-4,-5],"uv":{"north":{"uv":[15.0888,4],"uv_size":[-0.6888,0]},"south":{"uv":[15.0888,4],"uv_size":[-0.6888,0]},"east":{"uv":[14.4056,4.4305],"uv_size":[0.3444,-0.4305]},"west":{"uv":[14.4056,4.4305],"uv_size":[0.3444,-0.4305]},"up":{"uv":[14.4112,4],"uv_size":[0.6888,0]},"down":{"uv":[14.4112,4],"uv_size":[0.6888,0]}}}],"name":"rot_25"},{"parent":"geyser_custom_z","pivot":[0,-3,4.15],"rotation":[0,-0,0],"cubes":[{"origin":[-0.25,-3,10],"size":[0.5,9.5,0.5],"pivot":[0,-3,4.15],"uv":{"north":{"uv":[5.0008,1.609],"uv_size":[0.0492,-1.1715]},"south":{"uv":[5.0008,1.609],"uv_size":[0.0492,-1.1715]},"east":{"uv":[5.0008,1.609],"uv_size":[0.0492,-1.1715]},"west":{"uv":[5.0008,1.609],"uv_size":[0.0492,-1.1715]},"up":{"uv":[5.0492,0.4385],"uv_size":[-0.0492,0.0615]},"down":{"uv":[5.0492,0.4385],"uv_size":[-0.0492,0.0615]}}}],"name":"rot_26"},{"parent":"geyser_custom_z","pivot":[0,-1.185,0],"rotation":[0,-0,0],"cubes":[{"origin":[-6.75,0.5,-6.75],"size":[13.5,0,13.5],"pivot":[0,-1.185,0],"uv":{"north":{"uv":[12.816,0],"uv_size":[1.134,0]},"south":{"uv":[12.816,0],"uv_size":[1.134,0]},"east":{"uv":[12.816,0],"uv_size":[1.134,0]},"west":{"uv":[12.816,0],"uv_size":[1.134,0]},"up":{"uv":[12.816,0.016],"uv_size":[1.334,1.6715]},"down":{"uv":[12.816,0.016],"uv_size":[1.334,1.6715]}}}],"name":"rot_27"},{"parent":"geyser_custom_z","pivot":[0,10.815,0],"rotation":[0,-0,0],"cubes":[{"origin":[-0.75,3,-0.75],"size":[1.5,7,1.5],"pivot":[0,10.815,0],"uv":{"north":{"uv":[0.4476,3.889],"uv_size":[-0.1476,0.861]},"south":{"uv":[0.4476,3.889],"uv_size":[-0.1476,0.861]},"east":{"uv":[0.4476,3.889],"uv_size":[-0.1476,0.861]},"west":{"uv":[0.4476,3.889],"uv_size":[-0.1476,0.861]},"up":{"uv":[1.9476,2.5655],"uv_size":[-0.1476,0.1845]},"down":{"uv":[1.9476,2.5655],"uv_size":[-0.1476,0.1845]}}},{"origin":[-6.75,12.5,-6.75],"size":[13.5,0,13.5],"pivot":[0,10.815,0],"uv":{"north":{"uv":[12.816,0],"uv_size":[1.134,0]},"south":{"uv":[12.816,0],"uv_size":[1.134,0]},"east":{"uv":[12.816,0],"uv_size":[1.134,0]},"west":{"uv":[12.816,0],"uv_size":[1.134,0]},"up":{"uv":[12.816,0.016],"uv_size":[1.334,1.6715]},"down":{"uv":[12.816,0.016],"uv_size":[1.334,1.6715]}}}],"name":"rot_28"},{"parent":"geyser_custom_z","pivot":[0,12.125,0],"rotation":[0,-0,0],"cubes":[{"origin":[-2,10.5,-2],"size":[4,1.5,4],"pivot":[0,12.125,0],"uv":{"north":{"uv":[0.0064,3.6905],"uv_size":[0.3936,0.1845]},"south":{"uv":[0.0064,3.6905],"uv_size":[0.3936,0.1845]},"east":{"uv":[0.0064,3.6905],"uv_size":[0.3936,0.1845]},"west":{"uv":[0.0064,3.6905],"uv_size":[0.3936,0.1845]},"up":{"uv":[0.3936,3.6795],"uv_size":[-0.3936,-0.492]},"down":{"uv":[0.3936,3.6795],"uv_size":[-0.3936,-0.492]}}},{"origin":[-1,9,-1],"size":[2,4,2],"pivot":[0,12.125,0],"uv":{"north":{"uv":[3.4532,0.508],"uv_size":[0.1968,0.492]},"south":{"uv":[3.4532,0.508],"uv_size":[0.1968,0.492]},"east":{"uv":[3.4532,0.508],"uv_size":[0.1968,0.492]},"west":{"uv":[3.4532,0.508],"uv_size":[0.1968,0.492]},"up":{"uv":[3.6468,1.246],"uv_size":[-0.1968,-0.246]},"down":{"uv":[3.6468,1.246],"uv_size":[-0.1968,-0.246]}}}],"name":"rot_29"},{"parent":"geyser_custom_z","pivot":[0,16.1263,-5.4333],"rotation":[0,-0,0],"cubes":[{"origin":[0,7.3,-21.25],"size":[0,5.5,4.5],"pivot":[0,16.1263,-5.4333],"uv":{"north":{"uv":[12.8,4.0014],"uv_size":[0,0.0846]},"south":{"uv":[12.8,4.0014],"uv_size":[0,0.0846]},"east":{"uv":[13.2428,4.011],"uv_size":[-0.4428,0.6765]},"west":{"uv":[12.8072,4.011],"uv_size":[0.4428,0.6765]},"up":{"uv":[12.8,4.0011],"uv_size":[0,0.0692]},"down":{"uv":[12.8,4.0692],"uv_size":[0,-0.0692]}}}],"name":"rot_30"},{"parent":"geyser_custom_z","pivot":[0,17,-5],"rotation":[0,-0,0],"cubes":[{"origin":[0,13.5,-8.5],"size":[0,7,7],"pivot":[0,17,-5],"uv":{"north":{"uv":[14.4112,4],"uv_size":[0.6888,0]},"south":{"uv":[14.4112,4],"uv_size":[0.6888,0]},"east":{"uv":[14.7444,4.4305],"uv_size":[-0.3444,-0.4305]},"west":{"uv":[14.7444,4.4305],"uv_size":[-0.3444,-0.4305]},"up":{"uv":[15.0888,4],"uv_size":[-0.6888,0]},"down":{"uv":[15.0888,4],"uv_size":[-0.6888,0]}}}],"name":"rot_31"},{"parent":"geyser_custom_z","pivot":[0,19,4.15],"rotation":[0,-0,0],"cubes":[{"origin":[-0.25,6.5,10],"size":[0.5,9.5,0.5],"pivot":[0,19,4.15],"uv":{"north":{"uv":[5.0008,0.4535],"uv_size":[0.0492,1.1715]},"south":{"uv":[5.0008,0.4535],"uv_size":[0.0492,1.1715]},"east":{"uv":[5.0008,0.4535],"uv_size":[0.0492,1.1715]},"west":{"uv":[5.0008,0.4535],"uv_size":[0.0492,1.1715]},"up":{"uv":[5.0492,0.499],"uv_size":[-0.0492,-0.0615]},"down":{"uv":[5.0492,0.499],"uv_size":[-0.0492,-0.0615]}}}],"name":"rot_32"},{"parent":"geyser_custom_z","pivot":[0,21.451,3.3019],"rotation":[0,-0,0],"cubes":[{"origin":[-0.5,26.4,5.9],"size":[1,2,2],"pivot":[0,21.451,3.3019],"uv":{"north":{"uv":[2.6984,0.629],"uv_size":[-0.0984,0.246]},"south":{"uv":[2.6984,0.629],"uv_size":[-0.0984,0.246]},"east":{"uv":[1.8032,2.3085],"uv_size":[0.1968,-0.246]},"west":{"uv":[1.8032,2.3085],"uv_size":[0.1968,-0.246]},"up":{"uv":[2.6984,0.629],"uv_size":[-0.0984,0.246]},"down":{"uv":[2.6984,0.629],"uv_size":[-0.0984,0.246]}}}],"name":"rot_33"},{"parent":"geyser_custom_z","pivot":[0,22.851,1.6019],"rotation":[0,-0,0],"cubes":[{"origin":[-3.25,15,-3.9],"size":[6.5,5,6],"pivot":[0,22.851,1.6019],"uv":{"north":{"uv":[1.4396,0.01],"uv_size":[-0.6396,0.615]},"south":{"uv":[1.2396,3.76],"uv_size":[-0.6396,0.615]},"east":{"uv":[2.0404,0.01],"uv_size":[-0.5904,0.615]},"west":{"uv":[1.4596,0.01],"uv_size":[0.5904,0.615]},"up":{"uv":[1.4396,0.637],"uv_size":[-0.6396,0.738]},"down":{"uv":[1.4396,0.637],"uv_size":[-0.6396,0.738]}}}],"name":"rot_34"},{"parent":"geyser_custom_z","pivot":[0,25.851,1.6019],"rotation":[0,-0,0],"cubes":[{"origin":[-0.5,16,-5.9],"size":[1,2,2],"pivot":[0,25.851,1.6019],"uv":{"north":{"uv":[2.6984,0.629],"uv_size":[-0.0984,0.246]},"south":{"uv":[2.6984,0.629],"uv_size":[-0.0984,0.246]},"east":{"uv":[1.9968,2.0665],"uv_size":[-0.1968,0.246]},"west":{"uv":[1.9968,2.0665],"uv_size":[-0.1968,0.246]},"up":{"uv":[2.6984,0.629],"uv_size":[-0.0984,0.246]},"down":{"uv":[2.6984,0.629],"uv_size":[-0.0984,0.246]}}}],"name":"rot_35"},{"parent":"geyser_custom_z","pivot":[-0.0178,22.1375,-3.7],"rotation":[0,-0,0],"cubes":[{"origin":[2.5822,22.5029,-5.3787],"size":[0,3,2.5],"pivot":[-0.0178,22.1375,-3.7],"uv":{"north":{"uv":[3.692,1.386],"uv_size":[-0.492,0.6765]},"south":{"uv":[3.692,1.386],"uv_size":[-0.492,0.6765]},"east":{"uv":[1.896,3.8185],"uv_size":[-0.246,0.369]},"west":{"uv":[1.896,3.8185],"uv_size":[-0.246,0.369]},"up":{"uv":[3.692,2.0725],"uv_size":[-0.492,0.615]},"down":{"uv":[3.692,2.0725],"uv_size":[-0.492,0.615]}}},{"origin":[2.6822,22.5029,-5.3787],"size":[0,3,2.5],"pivot":[-0.0178,22.1375,-3.7],"uv":{"north":{"uv":[3.692,1.386],"uv_size":[-0.492,0.6765]},"south":{"uv":[3.692,1.386],"uv_size":[-0.492,0.6765]},"east":{"uv":[2.008,3.0755],"uv_size":[0.492,0.7995]},"west":{"uv":[2.492,3.0755],"uv_size":[-0.492,0.7995]},"up":{"uv":[3.692,2.0725],"uv_size":[-0.492,0.615]},"down":{"uv":[3.692,2.0725],"uv_size":[-0.492,0.615]}}}],"name":"rot_36"},{"parent":"geyser_custom_z","pivot":[-4,24.75,-1.75],"rotation":[0,-0,0],"cubes":[{"origin":[4,16,-2.25],"size":[0,5.5,4.5],"pivot":[-4,24.75,-1.75],"uv":{"north":{"uv":[13.6,4.016],"uv_size":[0,1.359]},"south":{"uv":[13.6,4.016],"uv_size":[0,1.359]},"east":{"uv":[13.6072,4.011],"uv_size":[0.4428,0.6765]},"west":{"uv":[14.0428,4.011],"uv_size":[-0.4428,0.6765]},"up":{"uv":[13.6,4.016],"uv_size":[0,1.109]},"down":{"uv":[13.6,5.109],"uv_size":[0,-1.109]}}}],"name":"rot_37"},{"parent":"geyser_custom_z","pivot":[0,-9.851,1.6019],"rotation":[-22.5,0,0],"cubes":[{"origin":[-2.5,-6.6624,-1.2098],"size":[5,5,2],"pivot":[0,-9.851,1.6019],"uv":{"north":{"uv":[2.542,0.615],"uv_size":[-0.492,-0.615]},"south":{"uv":[2.542,0.615],"uv_size":[-0.492,-0.615]},"east":{"uv":[2.7468,0.615],"uv_size":[-0.1968,-0.615]},"west":{"uv":[2.5532,0.615],"uv_size":[0.1968,-0.615]},"up":{"uv":[1.392,1.621],"uv_size":[-0.492,-0.246]},"down":{"uv":[1.392,1.621],"uv_size":[-0.492,-0.246]}}}],"name":"rot_38"},{"parent":"geyser_custom_z","pivot":[0,-8.451,3.3019],"rotation":[-22.5,0,0],"cubes":[{"origin":[-0.5,-9.4225,9.3278],"size":[1,2,2],"pivot":[0,-8.451,3.3019],"uv":{"north":{"uv":[1.2984,2.9335],"uv_size":[-0.0984,-0.246]},"south":{"uv":[1.2984,2.9335],"uv_size":[-0.0984,-0.246]},"east":{"uv":[1.9968,2.5585],"uv_size":[-0.1968,-0.246]},"west":{"uv":[1.9968,2.5585],"uv_size":[-0.1968,-0.246]},"up":{"uv":[1.2984,2.9335],"uv_size":[-0.0984,-0.246]},"down":{"uv":[1.2984,2.9335],"uv_size":[-0.0984,-0.246]}}},{"origin":[-0.5,-14.1225,3.1278],"size":[1,2,2],"pivot":[0,-8.451,3.3019],"uv":{"north":{"uv":[1.2984,2.9335],"uv_size":[-0.0984,-0.246]},"south":{"uv":[1.2984,2.9335],"uv_size":[-0.0984,-0.246]},"east":{"uv":[1.9968,2.5585],"uv_size":[-0.1968,-0.246]},"west":{"uv":[1.9968,2.5585],"uv_size":[-0.1968,-0.246]},"up":{"uv":[1.2984,2.9335],"uv_size":[-0.0984,-0.246]},"down":{"uv":[1.2984,2.9335],"uv_size":[-0.0984,-0.246]}}},{"origin":[-2.35,-12.1377,1.3818],"size":[4.7,4.5,8],"pivot":[0,-8.451,3.3019],"uv":{"north":{"uv":[0.4428,3.1785],"uv_size":[-0.4428,-0.5535]},"south":{"uv":[0.4428,3.1785],"uv_size":[-0.4428,-0.5535]},"east":{"uv":[0.4428,2.609],"uv_size":[-0.4428,-0.984]},"west":{"uv":[0.4428,1.641],"uv_size":[-0.4428,0.984]},"up":{"uv":[0.8928,2.609],"uv_size":[-0.4428,-0.984]},"down":{"uv":[0.8928,2.609],"uv_size":[-0.4428,-0.984]}}}],"name":"rot_39"},{"parent":"geyser_custom_z","pivot":[0,-6.451,4.3019],"rotation":[-22.5,0,0],"cubes":[{"origin":[-2.25,-8.1516,7.1965],"size":[4.5,5.5,3],"pivot":[0,-6.451,4.3019],"uv":{"north":{"uv":[1.3428,2.3015],"uv_size":[-0.4428,-0.6765]},"south":{"uv":[1.3428,2.3015],"uv_size":[-0.4428,-0.6765]},"east":{"uv":[1.1952,2.989],"uv_size":[-0.2952,-0.6765]},"west":{"uv":[0.9048,2.989],"uv_size":[0.2952,-0.6765]},"up":{"uv":[0.8928,2.994],"uv_size":[-0.4428,-0.369]},"down":{"uv":[0.8928,2.994],"uv_size":[-0.4428,-0.369]}}}],"name":"rot_40"},{"parent":"geyser_custom_z","pivot":[0,-4,-5],"rotation":[-22.5,0,0],"cubes":[{"origin":[0,-7.5,-8.5],"size":[0,7,7],"pivot":[0,-4,-5],"uv":{"north":{"uv":[15.0888,4],"uv_size":[-0.6888,0]},"south":{"uv":[15.0888,4],"uv_size":[-0.6888,0]},"east":{"uv":[14.7444,4.4445],"uv_size":[-0.3444,0.4305]},"west":{"uv":[14.7444,4.4445],"uv_size":[-0.3444,0.4305]},"up":{"uv":[14.4112,4],"uv_size":[0.6888,0]},"down":{"uv":[14.4112,4],"uv_size":[0.6888,0]}}}],"name":"rot_41"},{"parent":"geyser_custom_z","pivot":[0,17,-5],"rotation":[-22.5,0,0],"cubes":[{"origin":[0,13.5,-8.5],"size":[0,7,7],"pivot":[0,17,-5],"uv":{"north":{"uv":[14.4112,4],"uv_size":[0.6888,0]},"south":{"uv":[14.4112,4],"uv_size":[0.6888,0]},"east":{"uv":[15.0944,4.4305],"uv_size":[-0.3444,-0.4305]},"west":{"uv":[15.0944,4.4305],"uv_size":[-0.3444,-0.4305]},"up":{"uv":[15.0888,4],"uv_size":[-0.6888,0]},"down":{"uv":[15.0888,4],"uv_size":[-0.6888,0]}}}],"name":"rot_42"},{"parent":"geyser_custom_z","pivot":[0,19.451,4.3019],"rotation":[-22.5,0,0],"cubes":[{"origin":[-2.5,18.0719,8.696],"size":[5,3,3],"pivot":[0,19.451,4.3019],"uv":{"north":{"uv":[1.792,2.5685],"uv_size":[-0.492,0.369]},"south":{"uv":[2.492,1.381],"uv_size":[-0.492,0.369]},"east":{"uv":[3.3952,1.006],"uv_size":[-0.2952,0.369]},"west":{"uv":[3.1048,1.006],"uv_size":[0.2952,0.369]},"up":{"uv":[3.092,1.006],"uv_size":[-0.492,0.369]},"down":{"uv":[2.492,1.381],"uv_size":[-0.492,0.369]}}}],"name":"rot_43"},{"parent":"geyser_custom_z","pivot":[0,21.451,3.3019],"rotation":[-22.5,0,0],"cubes":[{"origin":[-3.5,20.3239,3.0472],"size":[7,4,4],"pivot":[0,21.451,3.3019],"uv":{"north":{"uv":[4.8888,0.508],"uv_size":[-0.6888,0.492]},"south":{"uv":[3.4388,0.508],"uv_size":[-0.6888,0.492]},"east":{"uv":[3.8436,0.008],"uv_size":[-0.3936,0.492]},"west":{"uv":[3.4564,0.008],"uv_size":[0.3936,0.492]},"up":{"uv":[3.4388,0.008],"uv_size":[-0.6888,0.492]},"down":{"uv":[3.4388,0.508],"uv_size":[-0.6888,0.492]}}}],"name":"rot_44"},{"parent":"geyser_custom_z","pivot":[0,-1.185,0],"rotation":[0,-22.5,0],"cubes":[{"origin":[-6.75,0.5,-6.75],"size":[13.5,0,13.5],"pivot":[0,-1.185,0],"uv":{"north":{"uv":[12.816,0],"uv_size":[1.134,0]},"south":{"uv":[12.816,0],"uv_size":[1.134,0]},"east":{"uv":[12.816,0],"uv_size":[1.134,0]},"west":{"uv":[12.816,0],"uv_size":[1.134,0]},"up":{"uv":[12.816,1.7035],"uv_size":[1.334,1.6715]},"down":{"uv":[12.816,1.7035],"uv_size":[1.334,1.6715]}}}],"name":"rot_45"},{"parent":"geyser_custom_z","pivot":[0,10.815,0],"rotation":[0,-22.5,0],"cubes":[{"origin":[-6.75,12.5,-6.75],"size":[13.5,0,13.5],"pivot":[0,10.815,0],"uv":{"north":{"uv":[12.816,0],"uv_size":[1.134,0]},"south":{"uv":[12.816,0],"uv_size":[1.134,0]},"east":{"uv":[12.816,0],"uv_size":[1.134,0]},"west":{"uv":[12.816,0],"uv_size":[1.134,0]},"up":{"uv":[12.816,1.7035],"uv_size":[1.334,1.6715]},"down":{"uv":[12.816,1.7035],"uv_size":[1.334,1.6715]}}}],"name":"rot_46"},{"parent":"geyser_custom_z","pivot":[0,-6.451,4.3019],"rotation":[-45,0,0],"cubes":[{"origin":[-2.15,-4.5666,5.0616],"size":[4.3,3,1],"pivot":[0,-6.451,4.3019],"uv":{"north":{"uv":[1.7928,2.4315],"uv_size":[-0.4428,-0.369]},"south":{"uv":[1.7928,2.4315],"uv_size":[-0.4428,-0.369]},"east":{"uv":[1.2984,2.6815],"uv_size":[-0.0984,-0.369]},"west":{"uv":[1.2984,2.6815],"uv_size":[-0.0984,-0.369]},"up":{"uv":[1.7928,2.5605],"uv_size":[-0.4428,-0.123]},"down":{"uv":[1.7928,2.5605],"uv_size":[-0.4428,-0.123]}}},{"origin":[-2.15,-4.5666,6.0616],"size":[4.3,3,1],"pivot":[0,-6.451,4.3019],"uv":{"north":{"uv":[1.7928,2.4315],"uv_size":[-0.4428,-0.369]},"south":{"uv":[1.7928,2.4315],"uv_size":[-0.4428,-0.369]},"east":{"uv":[1.2984,2.6815],"uv_size":[-0.0984,-0.369]},"west":{"uv":[1.2984,2.6815],"uv_size":[-0.0984,-0.369]},"up":{"uv":[1.7928,2.5605],"uv_size":[-0.4428,-0.123]},"down":{"uv":[1.7928,2.5605],"uv_size":[-0.4428,-0.123]}}},{"origin":[-2.15,-7.5666,5.0616],"size":[4.3,3,1],"pivot":[0,-6.451,4.3019],"uv":{"north":{"uv":[1.7928,2.4315],"uv_size":[-0.4428,-0.369]},"south":{"uv":[1.7928,2.4315],"uv_size":[-0.4428,-0.369]},"east":{"uv":[1.2984,2.6815],"uv_size":[-0.0984,-0.369]},"west":{"uv":[1.2984,2.6815],"uv_size":[-0.0984,-0.369]},"up":{"uv":[1.7928,2.5605],"uv_size":[-0.4428,-0.123]},"down":{"uv":[1.7928,2.5605],"uv_size":[-0.4428,-0.123]}}},{"origin":[-2.15,-7.5666,6.0616],"size":[4.3,3,1],"pivot":[0,-6.451,4.3019],"uv":{"north":{"uv":[1.7928,2.4315],"uv_size":[-0.4428,-0.369]},"south":{"uv":[1.7928,2.4315],"uv_size":[-0.4428,-0.369]},"east":{"uv":[1.2984,2.6815],"uv_size":[-0.0984,-0.369]},"west":{"uv":[1.2984,2.6815],"uv_size":[-0.0984,-0.369]},"up":{"uv":[1.7928,2.5605],"uv_size":[-0.4428,-0.123]},"down":{"uv":[1.7928,2.5605],"uv_size":[-0.4428,-0.123]}}}],"name":"rot_47"},{"parent":"geyser_custom_z","pivot":[0,17,-5],"rotation":[-45,0,0],"cubes":[{"origin":[0,13.5,-8.5],"size":[0,7,7],"pivot":[0,17,-5],"uv":{"north":{"uv":[14.4112,4],"uv_size":[0.6888,0]},"south":{"uv":[14.4112,4],"uv_size":[0.6888,0]},"east":{"uv":[15.0944,4.868],"uv_size":[-0.3444,-0.4305]},"west":{"uv":[15.0944,4.868],"uv_size":[-0.3444,-0.4305]},"up":{"uv":[15.0888,4],"uv_size":[-0.6888,0]},"down":{"uv":[15.0888,4],"uv_size":[-0.6888,0]}}}],"name":"rot_48"},{"parent":"geyser_custom_z","pivot":[0,20.451,2.3019],"rotation":[-45,0,0],"cubes":[{"origin":[-3,15.7115,-1.6901],"size":[6,6,5.5],"pivot":[0,20.451,2.3019],"uv":{"north":{"uv":[2.5904,1.762],"uv_size":[-0.5904,0.738]},"south":{"uv":[2.5904,0.637],"uv_size":[-0.5904,0.738]},"east":{"uv":[1.9912,0.637],"uv_size":[-0.5412,0.738]},"west":{"uv":[1.4588,0.637],"uv_size":[0.5412,0.738]},"up":{"uv":[1.9904,1.386],"uv_size":[-0.5904,0.6765]},"down":{"uv":[1.9904,1.386],"uv_size":[-0.5904,0.6765]}}},{"origin":[-0.5,15.7115,-3.6901],"size":[1,2,2],"pivot":[0,20.451,2.3019],"uv":{"north":{"uv":[1.2984,2.6915],"uv_size":[-0.0984,0.246]},"south":{"uv":[1.2984,2.6915],"uv_size":[-0.0984,0.246]},"east":{"uv":[1.9968,2.3165],"uv_size":[-0.1968,0.246]},"west":{"uv":[1.9968,2.3165],"uv_size":[-0.1968,0.246]},"up":{"uv":[1.2984,2.6915],"uv_size":[-0.0984,0.246]},"down":{"uv":[1.2984,2.6915],"uv_size":[-0.0984,0.246]}}},{"origin":[-0.5,19.7244,-3.6448],"size":[1,2,2],"pivot":[0,20.451,2.3019],"uv":{"north":{"uv":[2.6984,0.629],"uv_size":[-0.0984,0.246]},"south":{"uv":[2.6984,0.629],"uv_size":[-0.0984,0.246]},"east":{"uv":[1.9968,2.0665],"uv_size":[-0.1968,0.246]},"west":{"uv":[1.9968,2.0665],"uv_size":[-0.1968,0.246]},"up":{"uv":[2.6984,0.629],"uv_size":[-0.0984,0.246]},"down":{"uv":[2.6984,0.629],"uv_size":[-0.0984,0.246]}}}],"name":"rot_49"},{"parent":"geyser_custom_z","pivot":[0,6.425,-5.75],"rotation":[0,0,45],"cubes":[{"origin":[0,1.3,-6],"size":[0,10.5,16],"pivot":[0,6.425,-5.75],"uv":{"north":{"uv":[3.6,0.8255],"uv_size":[0,0.7995]},"south":{"uv":[3.6,0.8255],"uv_size":[0,0.7995]},"east":{"uv":[11.234,0.9535],"uv_size":[-1.584,1.0465]},"west":{"uv":[9.666,0.9535],"uv_size":[1.584,1.0465]},"up":{"uv":[5.184,0.8125],"uv_size":[-1.584,0]},"down":{"uv":[5.184,0.8125],"uv_size":[-1.584,0]}}},{"origin":[0,2.8,-21],"size":[0,7,15],"pivot":[0,6.425,-5.75],"uv":{"north":{"uv":[1.3428,1.636],"uv_size":[-0.4428,0.6765]},"south":{"uv":[1.3428,1.636],"uv_size":[-0.4428,0.6765]},"east":{"uv":[9.784,0.014],"uv_size":[-1.484,0.861]},"west":{"uv":[8.316,0.014],"uv_size":[1.484,0.861]},"up":{"uv":[0.8928,2.631],"uv_size":[-0.4428,0.369]},"down":{"uv":[0.8928,2.631],"uv_size":[-0.4428,0.369]}}}],"name":"rot_50"}]}]}
