{"format_version":"1.16.0","minecraft:geometry":[{"description":{"identifier":"geometry.geyser_custom.geo_9a7776d","texture_width":16,"texture_height":16,"visible_bounds_width":4,"visible_bounds_height":4.5,"visible_bounds_offset":[0,0.75,0]},"bones":[{"name":"geyser_custom","binding":"c.item_slot == 'head' ? 'head' : q.item_slot_to_bone_name(c.item_slot)","pivot":[0,8,0]},{"name":"geyser_custom_x","parent":"geyser_custom","pivot":[0,8,0]},{"name":"geyser_custom_y","parent":"geyser_custom_x","pivot":[0,8,0]},{"name":"geyser_custom_z","parent":"geyser_custom_y","pivot":[0,8,0],"cubes":[]},{"parent":"geyser_custom_z","pivot":[1.0341,7.0694,0],"rotation":[0,0,-45],"cubes":[{"origin":[4.5883,6.1031,-2.1481],"size":[3,1,4.3],"pivot":[1.0341,7.0694,0],"uv":{"north":{"uv":[1.2984,2.3185],"uv_size":[-0.0984,0.369]},"south":{"uv":[1.2984,2.3185],"uv_size":[-0.0984,0.369]},"east":{"uv":[1.3572,2.5605],"uv_size":[0.4428,-0.123]},"west":{"uv":[1.3572,2.5605],"uv_size":[0.4428,-0.123]},"up":{"uv":[1.3572,2.4315],"uv_size":[0.4428,-0.369]},"down":{"uv":[1.3572,2.4315],"uv_size":[0.4428,-0.369]}}}],"name":"rot_1"},{"parent":"geyser_custom_z","pivot":[0,-3.25,-0.0178],"rotation":[0,0,-45],"cubes":[{"origin":[-0.5,-6.5,-2.5178],"size":[5,5.5,5],"pivot":[0,-3.25,-0.0178],"uv":{"north":{"uv":[3.208,2.0515],"uv_size":[0.492,-0.6765]},"south":{"uv":[3.208,2.0515],"uv_size":[0.492,-0.6765]},"east":{"uv":[3.208,2.0515],"uv_size":[0.492,-0.6765]},"west":{"uv":[3.208,2.0515],"uv_size":[0.492,-0.6765]},"up":{"uv":[3.208,2.6775],"uv_size":[0.492,-0.615]},"down":{"uv":[3.208,2.6775],"uv_size":[0.492,-0.615]}}}],"name":"rot_2"},{"parent":"geyser_custom_z","pivot":[1.0341,7.0694,0],"rotation":[22.5,0,0],"cubes":[{"origin":[-2,7.5465,-0.7336],"size":[5,13,0],"pivot":[1.0341,7.0694,0],"uv":{"north":{"uv":[10.658,6.4535],"uv_size":[0.492,1.609]},"south":{"uv":[11.142,6.4535],"uv_size":[-0.492,1.609]},"east":{"uv":[3.4532,0.502],"uv_size":[0.1968,0.123]},"west":{"uv":[3.4532,0.502],"uv_size":[0.1968,0.123]},"up":{"uv":[3.6468,1.246],"uv_size":[-0.1968,-0.246]},"down":{"uv":[3.6468,1.246],"uv_size":[-0.1968,-0.246]}}}],"name":"rot_3"},{"parent":"geyser_custom_z","pivot":[1.0341,7.0694,0],"rotation":[0,22.5,0],"cubes":[{"origin":[2.2183,0,-2.9385],"size":[2,6,1],"pivot":[1.0341,7.0694,0],"uv":{"north":{"uv":[0.1968,5.637],"uv_size":[-0.1968,0.738]},"south":{"uv":[0.1968,5.637],"uv_size":[-0.1968,0.738]},"east":{"uv":[0.3984,5.637],"uv_size":[-0.0984,0.738]},"west":{"uv":[0.3984,5.637],"uv_size":[-0.0984,0.738]},"up":{"uv":[1.3484,3.754],"uv_size":[-0.0984,0.246]},"down":{"uv":[1.3484,3.754],"uv_size":[-0.0984,0.246]}}}],"name":"rot_4"},{"parent":"geyser_custom_z","pivot":[1.0341,7.0694,0],"rotation":[0,0,-22.5],"cubes":[{"origin":[1.6899,8.6389,-2.2481],"size":[5.5,3,4.5],"pivot":[1.0341,7.0694,0],"uv":{"north":{"uv":[0.9048,2.3235],"uv_size":[0.2952,0.6765]},"south":{"uv":[1.1952,2.3235],"uv_size":[-0.2952,0.6765]},"east":{"uv":[0.4572,2.994],"uv_size":[0.4428,-0.369]},"west":{"uv":[0.4572,2.994],"uv_size":[0.4428,-0.369]},"up":{"uv":[0.9072,2.3015],"uv_size":[0.4428,-0.6765]},"down":{"uv":[0.9072,2.3015],"uv_size":[0.4428,-0.6765]}}},{"origin":[-5.9629,-0.1908,-4.5],"size":[8,2,9],"pivot":[1.0341,7.0694,0],"uv":{"north":{"uv":[0.4128,3.496],"uv_size":[0.7872,-0.246]},"south":{"uv":[0.0128,1.371],"uv_size":[0.7872,-0.246]},"east":{"uv":[0.4644,3.246],"uv_size":[0.8856,-0.246]},"west":{"uv":[0.4144,3.746],"uv_size":[0.8856,-0.246]},"up":{"uv":[0.0128,1.109],"uv_size":[0.7872,-1.109]},"down":{"uv":[0.0128,1.109],"uv_size":[0.7872,-1.109]}}}],"name":"rot_5"},{"parent":"geyser_custom_z","pivot":[-2,-1.285,1.7],"rotation":[0,0,-22.5],"cubes":[{"origin":[-8.75,-8.035,0],"size":[13.5,13.5,0],"pivot":[-2,-1.285,1.7],"uv":{"north":{"uv":[14.134,3.359],"uv_size":[-1.334,-1.6715]},"south":{"uv":[14.134,3.359],"uv_size":[-1.334,-1.6715]},"east":{"uv":[12.816,0],"uv_size":[1.134,0]},"west":{"uv":[12.816,0],"uv_size":[1.134,0]},"up":{"uv":[13.934,0],"uv_size":[-1.134,0]},"down":{"uv":[13.934,0],"uv_size":[-1.134,0]}}}],"name":"rot_6"},{"parent":"geyser_custom_z","pivot":[-2.2,4.5,-1],"rotation":[0,0,-22.5],"cubes":[{"origin":[-5.7,1,-1],"size":[7,7,0],"pivot":[-2.2,4.5,-1],"uv":{"north":{"uv":[14.7444,4.868],"uv_size":[-0.3444,-0.4305]},"south":{"uv":[14.7444,4.868],"uv_size":[-0.3444,-0.4305]},"east":{"uv":[14.4112,4],"uv_size":[0.6888,0]},"west":{"uv":[14.4112,4],"uv_size":[0.6888,0]},"up":{"uv":[15.0888,4],"uv_size":[-0.6888,0]},"down":{"uv":[15.0888,4],"uv_size":[-0.6888,0]}}}],"name":"rot_7"},{"parent":"geyser_custom_z","pivot":[-2.2,4.5,1],"rotation":[0,0,-22.5],"cubes":[{"origin":[-5.7,1,1],"size":[7,7,0],"pivot":[-2.2,4.5,1],"uv":{"north":{"uv":[14.7444,4.4445],"uv_size":[-0.3444,0.4305]},"south":{"uv":[14.7444,4.4445],"uv_size":[-0.3444,0.4305]},"east":{"uv":[14.4112,4],"uv_size":[0.6888,0]},"west":{"uv":[14.4112,4],"uv_size":[0.6888,0]},"up":{"uv":[15.0888,4],"uv_size":[-0.6888,0]},"down":{"uv":[15.0888,4],"uv_size":[-0.6888,0]}}}],"name":"rot_8"},{"parent":"geyser_custom_z","pivot":[1.0341,7.0694,0],"rotation":[0,-0,0],"cubes":[{"origin":[-4.794,-0.2569,-0.4981],"size":[2,2,1],"pivot":[1.0341,7.0694,0],"uv":{"north":{"uv":[1.8032,2.3165],"uv_size":[0.1968,0.246]},"south":{"uv":[1.9968,2.3165],"uv_size":[-0.1968,0.246]},"east":{"uv":[1.2984,2.6915],"uv_size":[-0.0984,0.246]},"west":{"uv":[1.2984,2.6915],"uv_size":[-0.0984,0.246]},"up":{"uv":[1.2984,2.6915],"uv_size":[-0.0984,0.246]},"down":{"uv":[1.2984,2.6915],"uv_size":[-0.0984,0.246]}}},{"origin":[-2.794,-0.2569,-2.9981],"size":[5.5,6,6],"pivot":[1.0341,7.0694,0],"uv":{"north":{"uv":[1.4588,0.637],"uv_size":[0.5412,0.738]},"south":{"uv":[1.9912,0.637],"uv_size":[-0.5412,0.738]},"east":{"uv":[2.5904,1.762],"uv_size":[-0.5904,0.738]},"west":{"uv":[2.5904,0.637],"uv_size":[-0.5904,0.738]},"up":{"uv":[1.9904,1.386],"uv_size":[-0.5904,0.6765]},"down":{"uv":[1.9904,1.386],"uv_size":[-0.5904,0.6765]}}},{"origin":[-4.7486,3.7559,-0.4981],"size":[2,2,1],"pivot":[1.0341,7.0694,0],"uv":{"north":{"uv":[1.8032,2.0665],"uv_size":[0.1968,0.246]},"south":{"uv":[1.9968,2.0665],"uv_size":[-0.1968,0.246]},"east":{"uv":[2.6984,0.629],"uv_size":[-0.0984,0.246]},"west":{"uv":[2.6984,0.629],"uv_size":[-0.0984,0.246]},"up":{"uv":[2.6984,0.629],"uv_size":[-0.0984,0.246]},"down":{"uv":[2.6984,0.629],"uv_size":[-0.0984,0.246]}}},{"origin":[2.2514,5.4,3],"size":[2,2,1],"pivot":[1.0341,7.0694,0],"uv":{"north":{"uv":[1.8032,2.0665],"uv_size":[0.1968,0.246]},"south":{"uv":[1.9968,2.0665],"uv_size":[-0.1968,0.246]},"east":{"uv":[2.6984,0.629],"uv_size":[-0.0984,0.246]},"west":{"uv":[2.6984,0.629],"uv_size":[-0.0984,0.246]},"up":{"uv":[2.6984,0.629],"uv_size":[-0.0984,0.246]},"down":{"uv":[2.6984,0.629],"uv_size":[-0.0984,0.246]}}},{"origin":[2.206,1.5,3],"size":[2,2,1],"pivot":[1.0341,7.0694,0],"uv":{"north":{"uv":[1.8032,2.3165],"uv_size":[0.1968,0.246]},"south":{"uv":[1.9968,2.3165],"uv_size":[-0.1968,0.246]},"east":{"uv":[1.2984,2.6915],"uv_size":[-0.0984,0.246]},"west":{"uv":[1.2984,2.6915],"uv_size":[-0.0984,0.246]},"up":{"uv":[1.2984,2.6915],"uv_size":[-0.0984,0.246]},"down":{"uv":[1.2984,2.6915],"uv_size":[-0.0984,0.246]}}},{"origin":[2.206,1.5,-4],"size":[2,2,1],"pivot":[1.0341,7.0694,0],"uv":{"north":{"uv":[1.8032,2.3165],"uv_size":[0.1968,0.246]},"south":{"uv":[1.9968,2.3165],"uv_size":[-0.1968,0.246]},"east":{"uv":[1.2016,2.6915],"uv_size":[0.0984,0.246]},"west":{"uv":[1.2016,2.6915],"uv_size":[0.0984,0.246]},"up":{"uv":[1.2016,2.6915],"uv_size":[0.0984,0.246]},"down":{"uv":[1.2016,2.6915],"uv_size":[0.0984,0.246]}}},{"origin":[2.2514,5.4,-4],"size":[2,2,1],"pivot":[1.0341,7.0694,0],"uv":{"north":{"uv":[1.8032,2.0665],"uv_size":[0.1968,0.246]},"south":{"uv":[1.9968,2.0665],"uv_size":[-0.1968,0.246]},"east":{"uv":[2.6016,0.629],"uv_size":[0.0984,0.246]},"west":{"uv":[2.6016,0.629],"uv_size":[0.0984,0.246]},"up":{"uv":[2.6016,0.629],"uv_size":[0.0984,0.246]},"down":{"uv":[2.6016,0.629],"uv_size":[0.0984,0.246]}}},{"origin":[0,5.8232,-3.4981],"size":[4,4,7],"pivot":[1.0341,7.0694,0],"uv":{"north":{"uv":[3.4564,0.008],"uv_size":[0.3936,0.492]},"south":{"uv":[3.8436,0.008],"uv_size":[-0.3936,0.492]},"east":{"uv":[2.7612,0.492],"uv_size":[0.6888,-0.492]},"west":{"uv":[2.7612,0.992],"uv_size":[0.6888,-0.492]},"up":{"uv":[2.7612,0.992],"uv_size":[0.6888,-0.492]},"down":{"uv":[4.2112,0.992],"uv_size":[0.6888,-0.492]}}},{"origin":[-2,7.5,0],"size":[5,13,0],"pivot":[1.0341,7.0694,0],"uv":{"north":{"uv":[10.658,6.4535],"uv_size":[0.492,1.609]},"south":{"uv":[11.142,6.4535],"uv_size":[-0.492,1.609]},"east":{"uv":[3.4532,0.502],"uv_size":[0.1968,0.123]},"west":{"uv":[3.4532,0.502],"uv_size":[0.1968,0.123]},"up":{"uv":[3.6468,1.246],"uv_size":[-0.1968,-0.246]},"down":{"uv":[3.6468,1.246],"uv_size":[-0.1968,-0.246]}}}],"name":"rot_9"},{"parent":"geyser_custom_z","pivot":[-2,-1.285,1.7],"rotation":[0,-0,0],"cubes":[{"origin":[-8.75,-8.035,0],"size":[13.5,13.5,0],"pivot":[-2,-1.285,1.7],"uv":{"north":{"uv":[14.134,1.6715],"uv_size":[-1.334,-1.6715]},"south":{"uv":[14.134,1.6715],"uv_size":[-1.334,-1.6715]},"east":{"uv":[12.816,0],"uv_size":[1.134,0]},"west":{"uv":[12.816,0],"uv_size":[1.134,0]},"up":{"uv":[13.934,0],"uv_size":[-1.134,0]},"down":{"uv":[13.934,0],"uv_size":[-1.134,0]}}}],"name":"rot_10"},{"parent":"geyser_custom_z","pivot":[-2.2,4.5,-1],"rotation":[0,-0,0],"cubes":[{"origin":[-5.7,1,-1],"size":[7,7,0],"pivot":[-2.2,4.5,-1],"uv":{"north":{"uv":[14.7444,4.4305],"uv_size":[-0.3444,-0.4305]},"south":{"uv":[14.7444,4.4305],"uv_size":[-0.3444,-0.4305]},"east":{"uv":[14.4112,4],"uv_size":[0.6888,0]},"west":{"uv":[14.4112,4],"uv_size":[0.6888,0]},"up":{"uv":[15.0888,4],"uv_size":[-0.6888,0]},"down":{"uv":[15.0888,4],"uv_size":[-0.6888,0]}}}],"name":"rot_11"},{"parent":"geyser_custom_z","pivot":[-2.2,4.5,1],"rotation":[0,-0,0],"cubes":[{"origin":[-5.7,1,1],"size":[7,7,0],"pivot":[-2.2,4.5,1],"uv":{"north":{"uv":[14.4056,4.4305],"uv_size":[0.3444,-0.4305]},"south":{"uv":[14.4056,4.4305],"uv_size":[0.3444,-0.4305]},"east":{"uv":[14.4112,4],"uv_size":[0.6888,0]},"west":{"uv":[14.4112,4],"uv_size":[0.6888,0]},"up":{"uv":[15.0888,4],"uv_size":[-0.6888,0]},"down":{"uv":[15.0888,4],"uv_size":[-0.6888,0]}}}],"name":"rot_12"},{"parent":"geyser_custom_z","pivot":[1.0341,7.0694,0],"rotation":[-22.5,0,0],"cubes":[{"origin":[-2,7.5465,0.7336],"size":[5,13,0],"pivot":[1.0341,7.0694,0],"uv":{"north":{"uv":[10.658,6.4535],"uv_size":[0.492,1.609]},"south":{"uv":[11.142,6.4535],"uv_size":[-0.492,1.609]},"east":{"uv":[3.6468,0.502],"uv_size":[-0.1968,0.123]},"west":{"uv":[3.6468,0.502],"uv_size":[-0.1968,0.123]},"up":{"uv":[3.4532,1.246],"uv_size":[0.1968,-0.246]},"down":{"uv":[3.4532,1.246],"uv_size":[0.1968,-0.246]}}}],"name":"rot_13"},{"parent":"geyser_custom_z","pivot":[1.0341,7.0694,0],"rotation":[0,-22.5,0],"cubes":[{"origin":[2.2183,0,1.9385],"size":[2,6,1],"pivot":[1.0341,7.0694,0],"uv":{"north":{"uv":[0.0032,5.637],"uv_size":[0.1968,0.738]},"south":{"uv":[0.0032,5.637],"uv_size":[0.1968,0.738]},"east":{"uv":[0.3016,5.637],"uv_size":[0.0984,0.738]},"west":{"uv":[0.3016,5.637],"uv_size":[0.0984,0.738]},"up":{"uv":[1.2516,3.754],"uv_size":[0.0984,0.246]},"down":{"uv":[1.2516,3.754],"uv_size":[0.0984,0.246]}}}],"name":"rot_14"},{"parent":"geyser_custom_z","pivot":[1.0341,7.0694,0],"rotation":[0,0,22.5],"cubes":[{"origin":[-1.8313,4.7758,-2.3481],"size":[4.5,6,4.7],"pivot":[1.0341,7.0694,0],"uv":{"north":{"uv":[0.0072,1.887],"uv_size":[0.4428,0.738]},"south":{"uv":[0.4428,1.887],"uv_size":[-0.4428,0.738]},"east":{"uv":[0.4575,2.613],"uv_size":[0.4625,-0.738]},"west":{"uv":[0.4575,2.613],"uv_size":[0.4625,-0.738]},"up":{"uv":[0.0075,3.1785],"uv_size":[0.4625,-0.5535]},"down":{"uv":[0.0075,3.1785],"uv_size":[0.4625,-0.5535]}}},{"origin":[-3.8162,5.5218,-0.4981],"size":[2,2,1],"pivot":[1.0341,7.0694,0],"uv":{"north":{"uv":[1.9968,2.5585],"uv_size":[-0.1968,-0.246]},"south":{"uv":[1.8032,2.5585],"uv_size":[0.1968,-0.246]},"east":{"uv":[1.2016,2.9335],"uv_size":[0.0984,-0.246]},"west":{"uv":[1.2016,2.9335],"uv_size":[0.0984,-0.246]},"up":{"uv":[1.2016,2.9335],"uv_size":[0.0984,-0.246]},"down":{"uv":[1.2016,2.9335],"uv_size":[0.0984,-0.246]}}},{"origin":[2.0164,12.1927,-2.4981],"size":[3,3,5],"pivot":[1.0341,7.0694,0],"uv":{"north":{"uv":[3.3952,1.369],"uv_size":[-0.2952,-0.369]},"south":{"uv":[3.1048,1.369],"uv_size":[0.2952,-0.369]},"east":{"uv":[3.092,1.006],"uv_size":[-0.492,0.369]},"west":{"uv":[2.492,1.381],"uv_size":[-0.492,0.369]},"up":{"uv":[2.492,1.381],"uv_size":[-0.492,0.369]},"down":{"uv":[1.792,2.5685],"uv_size":[-0.492,0.369]}}}],"name":"rot_15"},{"parent":"geyser_custom_z","pivot":[-2,-1.285,1.7],"rotation":[0,0,22.5],"cubes":[{"origin":[-8.75,-8.035,0],"size":[13.5,13.5,0],"pivot":[-2,-1.285,1.7],"uv":{"north":{"uv":[15.484,1.6715],"uv_size":[-1.334,-1.6715]},"south":{"uv":[15.484,1.6715],"uv_size":[-1.334,-1.6715]},"east":{"uv":[12.816,0],"uv_size":[1.134,0]},"west":{"uv":[12.816,0],"uv_size":[1.134,0]},"up":{"uv":[13.934,0],"uv_size":[-1.134,0]},"down":{"uv":[13.934,0],"uv_size":[-1.134,0]}}}],"name":"rot_16"},{"parent":"geyser_custom_z","pivot":[-2.2,4.5,-1],"rotation":[0,0,22.5],"cubes":[{"origin":[-5.7,1,-1],"size":[7,7,0],"pivot":[-2.2,4.5,-1],"uv":{"north":{"uv":[15.0944,4.4305],"uv_size":[-0.3444,-0.4305]},"south":{"uv":[15.0944,4.4305],"uv_size":[-0.3444,-0.4305]},"east":{"uv":[14.4112,4],"uv_size":[0.6888,0]},"west":{"uv":[14.4112,4],"uv_size":[0.6888,0]},"up":{"uv":[15.0888,4],"uv_size":[-0.6888,0]},"down":{"uv":[15.0888,4],"uv_size":[-0.6888,0]}}}],"name":"rot_17"},{"parent":"geyser_custom_z","pivot":[-2.2,4.5,1],"rotation":[0,0,22.5],"cubes":[{"origin":[-5.7,1,1],"size":[7,7,0],"pivot":[-2.2,4.5,1],"uv":{"north":{"uv":[14.7556,4.4305],"uv_size":[0.3444,-0.4305]},"south":{"uv":[14.7556,4.4305],"uv_size":[0.3444,-0.4305]},"east":{"uv":[14.4112,4],"uv_size":[0.6888,0]},"west":{"uv":[14.4112,4],"uv_size":[0.6888,0]},"up":{"uv":[15.0888,4],"uv_size":[-0.6888,0]},"down":{"uv":[15.0888,4],"uv_size":[-0.6888,0]}}}],"name":"rot_18"},{"parent":"geyser_custom_z","pivot":[-2,-1.285,1.7],"rotation":[0,0,45],"cubes":[{"origin":[-8.75,-8.035,0],"size":[13.5,13.5,0],"pivot":[-2,-1.285,1.7],"uv":{"north":{"uv":[15.484,3.359],"uv_size":[-1.334,-1.6715]},"south":{"uv":[15.484,3.359],"uv_size":[-1.334,-1.6715]},"east":{"uv":[12.816,0],"uv_size":[1.134,0]},"west":{"uv":[12.816,0],"uv_size":[1.134,0]},"up":{"uv":[13.934,0],"uv_size":[-1.134,0]},"down":{"uv":[13.934,0],"uv_size":[-1.134,0]}}}],"name":"rot_19"},{"parent":"geyser_custom_z","pivot":[-2.2,4.5,-1],"rotation":[0,0,45],"cubes":[{"origin":[-5.7,1,-1],"size":[7,7,0],"pivot":[-2.2,4.5,-1],"uv":{"north":{"uv":[15.0944,4.868],"uv_size":[-0.3444,-0.4305]},"south":{"uv":[15.0944,4.868],"uv_size":[-0.3444,-0.4305]},"east":{"uv":[14.4112,4],"uv_size":[0.6888,0]},"west":{"uv":[14.4112,4],"uv_size":[0.6888,0]},"up":{"uv":[15.0888,4],"uv_size":[-0.6888,0]},"down":{"uv":[15.0888,4],"uv_size":[-0.6888,0]}}}],"name":"rot_20"},{"parent":"geyser_custom_z","pivot":[-2.2,4.5,1],"rotation":[0,0,45],"cubes":[{"origin":[-5.7,1,1],"size":[7,7,0],"pivot":[-2.2,4.5,1],"uv":{"north":{"uv":[14.7556,4.868],"uv_size":[0.3444,-0.4305]},"south":{"uv":[14.7556,4.868],"uv_size":[0.3444,-0.4305]},"east":{"uv":[14.4112,4],"uv_size":[0.6888,0]},"west":{"uv":[14.4112,4],"uv_size":[0.6888,0]},"up":{"uv":[15.0888,4],"uv_size":[-0.6888,0]},"down":{"uv":[15.0888,4],"uv_size":[-0.6888,0]}}}],"name":"rot_21"}]}]}
