{"format_version":"1.16.0","minecraft:geometry":[{"description":{"identifier":"geometry.geyser_custom.geo_51bf420","texture_width":16,"texture_height":16,"visible_bounds_width":4,"visible_bounds_height":4.5,"visible_bounds_offset":[0,0.75,0]},"bones":[{"name":"geyser_custom","binding":"c.item_slot == 'head' ? 'head' : q.item_slot_to_bone_name(c.item_slot)","pivot":[0,8,0]},{"name":"geyser_custom_x","parent":"geyser_custom","pivot":[0,8,0]},{"name":"geyser_custom_y","parent":"geyser_custom_x","pivot":[0,8,0]},{"name":"geyser_custom_z","parent":"geyser_custom_y","pivot":[0,8,0],"cubes":[]},{"parent":"geyser_custom_z","pivot":[0,14.5,0],"rotation":[45,0,0],"cubes":[{"origin":[-2,12.5,-2],"size":[2,3,3],"pivot":[0,14.5,0],"uv":{"north":{"uv":[3.6032,2.6935],"uv_size":[0.1968,0.369]},"south":{"uv":[3.6032,3.0565],"uv_size":[0.1968,-0.369]},"east":{"uv":[3.5952,2.6935],"uv_size":[-0.2952,0.369]},"west":{"uv":[3.3048,2.6935],"uv_size":[0.2952,0.369]},"up":{"uv":[3.7968,3.0565],"uv_size":[-0.1968,-0.369]},"down":{"uv":[3.7968,3.0565],"uv_size":[-0.1968,-0.369]}}},{"origin":[0,12.5,-2],"size":[2,3,3],"pivot":[0,14.5,0],"uv":{"north":{"uv":[3.7968,2.6935],"uv_size":[-0.1968,0.369]},"south":{"uv":[3.7968,3.0565],"uv_size":[-0.1968,-0.369]},"east":{"uv":[3.5952,2.6935],"uv_size":[-0.2952,0.369]},"west":{"uv":[3.3048,2.6935],"uv_size":[0.2952,0.369]},"up":{"uv":[3.6032,3.0565],"uv_size":[0.1968,-0.369]},"down":{"uv":[3.6032,3.0565],"uv_size":[0.1968,-0.369]}}}],"name":"rot_1"},{"parent":"geyser_custom_z","pivot":[0,8.315,0],"rotation":[0,45,0],"cubes":[{"origin":[-6.75,10,-6.75],"size":[13.5,0,13.5],"pivot":[0,8.315,0],"uv":{"north":{"uv":[12.816,0],"uv_size":[1.134,0]},"south":{"uv":[12.816,0],"uv_size":[1.134,0]},"east":{"uv":[12.816,0],"uv_size":[1.134,0]},"west":{"uv":[12.816,0],"uv_size":[1.134,0]},"up":{"uv":[14.166,1.7035],"uv_size":[1.334,1.6715]},"down":{"uv":[14.166,1.7035],"uv_size":[1.334,1.6715]}}}],"name":"rot_2"},{"parent":"geyser_custom_z","pivot":[-0.3178,-9.1375,0],"rotation":[22.5,0,0],"cubes":[{"origin":[-2.9,-7.0717,-3.1666],"size":[5.8,1.5,1.5],"pivot":[-0.3178,-9.1375,0],"uv":{"north":{"uv":[2.6096,2.497],"uv_size":[0.5904,-0.1845]},"south":{"uv":[2.6096,2.497],"uv_size":[0.5904,-0.1845]},"east":{"uv":[2.4524,2.997],"uv_size":[0.1476,-0.1845]},"west":{"uv":[2.4524,2.997],"uv_size":[0.1476,-0.1845]},"up":{"uv":[3.1904,2.503],"uv_size":[-0.5904,0.1845]},"down":{"uv":[3.1904,2.503],"uv_size":[-0.5904,0.1845]}}}],"name":"rot_3"},{"parent":"geyser_custom_z","pivot":[0,8.315,0],"rotation":[0,22.5,0],"cubes":[{"origin":[-6.75,10,-6.75],"size":[13.5,0,13.5],"pivot":[0,8.315,0],"uv":{"north":{"uv":[12.816,0],"uv_size":[1.134,0]},"south":{"uv":[12.816,0],"uv_size":[1.134,0]},"east":{"uv":[12.816,0],"uv_size":[1.134,0]},"west":{"uv":[12.816,0],"uv_size":[1.134,0]},"up":{"uv":[14.166,0.016],"uv_size":[1.334,1.6715]},"down":{"uv":[14.166,0.016],"uv_size":[1.334,1.6715]}}}],"name":"rot_4"},{"parent":"geyser_custom_z","pivot":[8,-0.5,-8],"rotation":[0,-0,0],"cubes":[{"origin":[-0.75,12.5,-3],"size":[1.5,7,6],"pivot":[8,-0.5,-8],"uv":{"north":{"uv":[3.9024,3.0765],"uv_size":[0.1476,0.861]},"south":{"uv":[3.9024,3.0765],"uv_size":[0.1476,0.861]},"east":{"uv":[3.3096,3.0765],"uv_size":[0.5904,0.861]},"west":{"uv":[3.3096,3.0765],"uv_size":[0.5904,0.861]},"up":{"uv":[3.1976,2.113],"uv_size":[-0.1476,-0.738]},"down":{"uv":[3.1976,2.113],"uv_size":[-0.1476,-0.738]}}}],"name":"rot_5"},{"parent":"geyser_custom_z","pivot":[8,4,8],"rotation":[0,-0,0],"cubes":[{"origin":[-1,-7,-1],"size":[2,1,2],"pivot":[8,4,8],"uv":{"north":{"uv":[3.8468,0.8145],"uv_size":[-0.1968,0.123]},"south":{"uv":[3.8468,0.8145],"uv_size":[-0.1968,0.123]},"east":{"uv":[3.8468,0.8145],"uv_size":[-0.1968,0.123]},"west":{"uv":[3.8468,0.8145],"uv_size":[-0.1968,0.123]},"up":{"uv":[3.8468,0.9415],"uv_size":[-0.1968,0.246]},"down":{"uv":[3.8468,0.9415],"uv_size":[-0.1968,0.246]}}},{"origin":[-1.25,-5.5,-1.25],"size":[2.5,1,2.5],"pivot":[8,4,8],"uv":{"north":{"uv":[3.404,1.252],"uv_size":[0.246,0.123]},"south":{"uv":[3.404,1.252],"uv_size":[0.246,0.123]},"east":{"uv":[3.404,1.252],"uv_size":[0.246,0.123]},"west":{"uv":[3.404,1.252],"uv_size":[0.246,0.123]},"up":{"uv":[3.896,0.8075],"uv_size":[-0.246,-0.3075]},"down":{"uv":[3.896,0.8075],"uv_size":[-0.246,-0.3075]}}}],"name":"rot_6"},{"parent":"geyser_custom_z","pivot":[8,8.5,8],"rotation":[0,-0,0],"cubes":[{"origin":[-2,8,-2],"size":[4,1.5,4],"pivot":[8,8.5,8],"uv":{"north":{"uv":[0.0064,3.6905],"uv_size":[0.3936,0.1845]},"south":{"uv":[0.0064,3.6905],"uv_size":[0.3936,0.1845]},"east":{"uv":[0.0064,3.6905],"uv_size":[0.3936,0.1845]},"west":{"uv":[0.0064,3.6905],"uv_size":[0.3936,0.1845]},"up":{"uv":[0.3936,3.6795],"uv_size":[-0.3936,-0.492]},"down":{"uv":[0.3936,3.6795],"uv_size":[-0.3936,-0.492]}}},{"origin":[-1,9.5,-1],"size":[2,1,2],"pivot":[8,8.5,8],"uv":{"north":{"uv":[3.4532,0.502],"uv_size":[0.1968,0.123]},"south":{"uv":[3.4532,0.502],"uv_size":[0.1968,0.123]},"east":{"uv":[3.4532,0.502],"uv_size":[0.1968,0.123]},"west":{"uv":[3.4532,0.502],"uv_size":[0.1968,0.123]},"up":{"uv":[3.6468,1.246],"uv_size":[-0.1968,-0.246]},"down":{"uv":[3.6468,1.246],"uv_size":[-0.1968,-0.246]}}}],"name":"rot_7"},{"parent":"geyser_custom_z","pivot":[8,13,8],"rotation":[0,-0,0],"cubes":[{"origin":[-1.5,10.5,-3.5],"size":[3,2,7],"pivot":[8,13,8],"uv":{"north":{"uv":[1.3548,3.8165],"uv_size":[0.2952,0.246]},"south":{"uv":[1.3548,3.8165],"uv_size":[0.2952,0.246]},"east":{"uv":[1.8112,2.5665],"uv_size":[0.6888,0.246]},"west":{"uv":[1.8112,2.5665],"uv_size":[0.6888,0.246]},"up":{"uv":[1.6452,3.7985],"uv_size":[-0.2952,-0.861]},"down":{"uv":[1.6452,3.7985],"uv_size":[-0.2952,-0.861]}}}],"name":"rot_8"},{"parent":"geyser_custom_z","pivot":[0,8.315,0],"rotation":[0,-0,0],"cubes":[{"origin":[-6.75,10,-6.75],"size":[13.5,0,13.5],"pivot":[0,8.315,0],"uv":{"north":{"uv":[12.816,0],"uv_size":[1.134,0]},"south":{"uv":[12.816,0],"uv_size":[1.134,0]},"east":{"uv":[12.816,0],"uv_size":[1.134,0]},"west":{"uv":[12.816,0],"uv_size":[1.134,0]},"up":{"uv":[12.816,0.016],"uv_size":[1.334,1.6715]},"down":{"uv":[12.816,0.016],"uv_size":[1.334,1.6715]}}}],"name":"rot_9"},{"parent":"geyser_custom_z","pivot":[0,9.815,0],"rotation":[0,-0,0],"cubes":[{"origin":[-0.75,-6,-0.75],"size":[1.5,14,1.5],"pivot":[0,9.815,0],"uv":{"north":{"uv":[0.4476,3.891],"uv_size":[-0.1476,1.734]},"south":{"uv":[0.4476,3.891],"uv_size":[-0.1476,1.734]},"east":{"uv":[0.4476,3.891],"uv_size":[-0.1476,1.734]},"west":{"uv":[0.4476,3.891],"uv_size":[-0.1476,1.734]},"up":{"uv":[1.9476,2.5655],"uv_size":[-0.1476,0.1845]},"down":{"uv":[1.9476,2.5655],"uv_size":[-0.1476,0.1845]}}}],"name":"rot_10"},{"parent":"geyser_custom_z","pivot":[0,19.8263,-5.4333],"rotation":[0,-0,0],"cubes":[{"origin":[-2.5,12,-2.25],"size":[0,5.5,4.5],"pivot":[0,19.8263,-5.4333],"uv":{"north":{"uv":[12.8,4.011],"uv_size":[0,0.6765]},"south":{"uv":[12.8,4.011],"uv_size":[0,0.6765]},"east":{"uv":[13.2428,4.011],"uv_size":[-0.4428,0.6765]},"west":{"uv":[12.8072,4.011],"uv_size":[0.4428,0.6765]},"up":{"uv":[12.8,4.009],"uv_size":[0,0.5535]},"down":{"uv":[12.8,4.5535],"uv_size":[0,-0.5535]}}},{"origin":[2.5,12,-2.25],"size":[0,5.5,4.5],"pivot":[0,19.8263,-5.4333],"uv":{"north":{"uv":[12.8,4.011],"uv_size":[0,0.6765]},"south":{"uv":[12.8,4.011],"uv_size":[0,0.6765]},"east":{"uv":[13.2428,4.011],"uv_size":[-0.4428,0.6765]},"west":{"uv":[12.8072,4.011],"uv_size":[0.4428,0.6765]},"up":{"uv":[12.8,4.009],"uv_size":[0,0.5535]},"down":{"uv":[12.8,4.5535],"uv_size":[0,-0.5535]}}}],"name":"rot_11"},{"parent":"geyser_custom_z","pivot":[-0.3178,-9.1375,0],"rotation":[0,-0,0],"cubes":[{"origin":[-3,-8,-3],"size":[6,1.5,6],"pivot":[-0.3178,-9.1375,0],"uv":{"north":{"uv":[2.6096,2.3095],"uv_size":[0.5904,-0.1845]},"south":{"uv":[2.6096,2.3095],"uv_size":[0.5904,-0.1845]},"east":{"uv":[2.6096,2.3095],"uv_size":[0.5904,-0.1845]},"west":{"uv":[2.6096,2.3095],"uv_size":[0.5904,-0.1845]},"up":{"uv":[3.1904,1.387],"uv_size":[-0.5904,0.738]},"down":{"uv":[3.1904,1.387],"uv_size":[-0.5904,0.738]}}},{"origin":[-2.5,-13.5,-2.5],"size":[5,5.5,5],"pivot":[-0.3178,-9.1375,0],"uv":{"north":{"uv":[3.208,2.0515],"uv_size":[0.492,-0.6765]},"south":{"uv":[3.208,2.0515],"uv_size":[0.492,-0.6765]},"east":{"uv":[3.208,2.0515],"uv_size":[0.492,-0.6765]},"west":{"uv":[3.208,2.0515],"uv_size":[0.492,-0.6765]},"up":{"uv":[3.692,2.0725],"uv_size":[-0.492,0.615]},"down":{"uv":[3.692,2.0725],"uv_size":[-0.492,0.615]}}},{"origin":[2.7822,-10,-2.5178],"size":[0,2,5],"pivot":[-0.3178,-9.1375,0],"uv":{"north":{"uv":[3.692,2.0515],"uv_size":[-0.492,-0.6765]},"south":{"uv":[3.692,2.0515],"uv_size":[-0.492,-0.6765]},"east":{"uv":[3.692,2.0585],"uv_size":[-0.492,-0.246]},"west":{"uv":[3.692,2.0585],"uv_size":[-0.492,-0.246]},"up":{"uv":[3.208,2.0725],"uv_size":[0.492,0.615]},"down":{"uv":[3.208,2.0725],"uv_size":[0.492,0.615]}}}],"name":"rot_12"},{"parent":"geyser_custom_z","pivot":[-0.3178,-9.1375,0],"rotation":[-22.5,0,0],"cubes":[{"origin":[-2.9,-7.0717,1.6667],"size":[5.8,1.5,1.5],"pivot":[-0.3178,-9.1375,0],"uv":{"north":{"uv":[3.1904,2.497],"uv_size":[-0.5904,-0.1845]},"south":{"uv":[3.1904,2.497],"uv_size":[-0.5904,-0.1845]},"east":{"uv":[2.5976,2.997],"uv_size":[-0.1476,-0.1845]},"west":{"uv":[2.5976,2.997],"uv_size":[-0.1476,-0.1845]},"up":{"uv":[3.1904,2.6845],"uv_size":[-0.5904,-0.1845]},"down":{"uv":[3.1904,2.6845],"uv_size":[-0.5904,-0.1845]}}},{"origin":[2.5822,-13.0029,-1.3787],"size":[0,3,2.5],"pivot":[-0.3178,-9.1375,0],"uv":{"north":{"uv":[3.692,2.0515],"uv_size":[-0.492,-0.6765]},"south":{"uv":[3.692,2.0515],"uv_size":[-0.492,-0.6765]},"east":{"uv":[1.896,4.1815],"uv_size":[-0.246,-0.369]},"west":{"uv":[1.896,4.1815],"uv_size":[-0.246,-0.369]},"up":{"uv":[3.208,2.0725],"uv_size":[0.492,0.615]},"down":{"uv":[3.208,2.0725],"uv_size":[0.492,0.615]}}},{"origin":[2.6822,-13.0029,-1.3787],"size":[0,3,2.5],"pivot":[-0.3178,-9.1375,0],"uv":{"north":{"uv":[3.692,2.0515],"uv_size":[-0.492,-0.6765]},"south":{"uv":[3.692,2.0515],"uv_size":[-0.492,-0.6765]},"east":{"uv":[2.492,3.862],"uv_size":[-0.492,-0.7995]},"west":{"uv":[2.008,3.862],"uv_size":[0.492,-0.7995]},"up":{"uv":[3.208,2.0725],"uv_size":[0.492,0.615]},"down":{"uv":[3.208,2.0725],"uv_size":[0.492,0.615]}}}],"name":"rot_13"},{"parent":"geyser_custom_z","pivot":[0,8.315,0],"rotation":[0,-22.5,0],"cubes":[{"origin":[-6.75,10,-6.75],"size":[13.5,0,13.5],"pivot":[0,8.315,0],"uv":{"north":{"uv":[12.816,0],"uv_size":[1.134,0]},"south":{"uv":[12.816,0],"uv_size":[1.134,0]},"east":{"uv":[12.816,0],"uv_size":[1.134,0]},"west":{"uv":[12.816,0],"uv_size":[1.134,0]},"up":{"uv":[12.816,1.7035],"uv_size":[1.334,1.6715]},"down":{"uv":[12.816,1.7035],"uv_size":[1.334,1.6715]}}}],"name":"rot_14"},{"parent":"geyser_custom_z","pivot":[0,23,0],"rotation":[0,0,45],"cubes":[{"origin":[1.95,20,-0.75],"size":[1.3,4,1.5],"pivot":[0,23,0],"uv":{"north":{"uv":[2.5021,4.1955],"uv_size":[0.1279,0.492]},"south":{"uv":[2.6279,4.1955],"uv_size":[-0.1279,0.492]},"east":{"uv":[2.3524,4.1955],"uv_size":[0.1476,0.492]},"west":{"uv":[2.3524,4.1955],"uv_size":[0.1476,0.492]},"up":{"uv":[2.6279,4.1845],"uv_size":[-0.1279,-0.1845]},"down":{"uv":[2.6279,4.1845],"uv_size":[-0.1279,-0.1845]}}},{"origin":[1.95,20,1.4],"size":[1.3,4,1.5],"pivot":[0,23,0],"uv":{"north":{"uv":[2.5021,4.1955],"uv_size":[0.1279,0.492]},"south":{"uv":[2.6279,4.1955],"uv_size":[-0.1279,0.492]},"east":{"uv":[2.3524,4.1955],"uv_size":[0.1476,0.492]},"west":{"uv":[2.3524,4.1955],"uv_size":[0.1476,0.492]},"up":{"uv":[2.6279,4.1845],"uv_size":[-0.1279,-0.1845]},"down":{"uv":[2.6279,4.1845],"uv_size":[-0.1279,-0.1845]}}},{"origin":[1.95,20,-2.9],"size":[1.3,4,1.5],"pivot":[0,23,0],"uv":{"north":{"uv":[2.5021,4.1955],"uv_size":[0.1279,0.492]},"south":{"uv":[2.6279,4.1955],"uv_size":[-0.1279,0.492]},"east":{"uv":[2.4976,4.1955],"uv_size":[-0.1476,0.492]},"west":{"uv":[2.4976,4.1955],"uv_size":[-0.1476,0.492]},"up":{"uv":[2.6279,4.003],"uv_size":[-0.1279,0.1845]},"down":{"uv":[2.6279,4.003],"uv_size":[-0.1279,0.1845]}}}],"name":"rot_15"}]}]}
