{"credit":"MadewithBlockbench","texture_size":[80,80],"textures":{"0":"elitecreatures:steamsparks_animated_weapon_set/texture","1":"elitecreatures:steamsparks_animated_weapon_set/smoke_1","2":"elitecreatures:steamsparks_animated_weapon_set/cog_01","3":"elitecreatures:steamsparks_animated_weapon_set/lightning_1","4":"elitecreatures:steamsparks_animated_weapon_set/texture_chest","particle":"elitecreatures:steamsparks_animated_weapon_set/texture"},"elements":[{"from":[2.25808,1.75272,3.996],"to":[4.07808,3.57272,12.004],"rotation":{"angle":-45,"axis":"z","origin":[8,5.03764,5.99338]},"faces":{"north":{"uv":[6.6,11.8,7.1,12.3],"texture":"#4"},"east":{"uv":[10.4,7.6,12.7,8.1],"texture":"#4"},"south":{"uv":[3.6,12,4.1,12.5],"texture":"#4"},"west":{"uv":[10.4,8.2,12.7,8.7],"texture":"#4"},"up":{"uv":[11.1,2.3,10.6,0],"texture":"#4"},"down":{"uv":[11.1,2.4,10.6,4.7],"texture":"#4"}}},{"from":[1.63,0.405,3.45],"to":[14.37,1.315,12.55],"rotation":{"angle":0,"axis":"y","origin":[8,5.03764,5.99338]},"faces":{"north":{"uv":[10.6,4.8,14.2,5.1],"texture":"#4"},"east":{"uv":[11.8,0.8,14.4,1.1],"texture":"#4"},"south":{"uv":[0,11.4,3.6,11.7],"texture":"#4"},"west":{"uv":[11.8,1.2,14.4,1.5],"texture":"#4"},"up":{"uv":[3.6,2.6,0,0],"texture":"#4"},"down":{"uv":[3.6,2.6,0,5.2],"texture":"#4"}}},{"from":[1.63,4.955,3.45],"to":[14.37,5.865,12.55],"rotation":{"angle":0,"axis":"y","origin":[8,5.03764,5.99338]},"faces":{"north":{"uv":[10.6,4.8,14.2,5.1],"texture":"#4"},"east":{"uv":[11.8,0.8,14.4,1.1],"texture":"#4"},"south":{"uv":[0,11.4,3.6,11.7],"texture":"#4"},"west":{"uv":[11.8,1.2,14.4,1.5],"texture":"#4"},"up":{"uv":[3.6,2.6,0,0],"texture":"#4"},"down":{"uv":[3.6,2.6,0,5.2],"texture":"#4"}}},{"from":[1.63,7.685,3.45],"to":[14.37,8.595,12.55],"rotation":{"angle":0,"axis":"y","origin":[8,5.03764,5.99338]},"faces":{"north":{"uv":[10.6,4.8,14.2,5.1],"texture":"#4"},"east":{"uv":[11.8,0.8,14.4,1.1],"texture":"#4"},"south":{"uv":[0,11.4,3.6,11.7],"texture":"#4"},"west":{"uv":[11.8,1.2,14.4,1.5],"texture":"#4"},"up":{"uv":[3.6,2.6,0,0],"texture":"#4"},"down":{"uv":[3.6,2.6,0,5.2],"texture":"#4"}}},{"from":[2.085,2.225,3.45],"to":[13.915,3.135,12.55],"rotation":{"angle":0,"axis":"y","origin":[8,5.03764,5.99338]},"faces":{"north":{"uv":[11.8,0,15.2,0.3],"texture":"#4"},"east":{"uv":[11.8,1.6,14.4,1.9],"texture":"#4"},"south":{"uv":[11.8,0.4,15.2,0.7],"texture":"#4"},"west":{"uv":[11.8,2,14.4,2.3],"texture":"#4"},"up":{"uv":[10.6,2.6,7.2,0],"texture":"#4"},"down":{"uv":[10.6,2.6,7.2,5.2],"texture":"#4"}}},{"from":[2.54,1.315,3.9505],"to":[13.46,7.685,12.0495],"rotation":{"angle":0,"axis":"y","origin":[8,5.03764,5.99338]},"faces":{"north":{"uv":[0,7.8,3.1,9.6],"texture":"#4"},"east":{"uv":[0,9.6,2.3,11.4],"texture":"#4"},"south":{"uv":[3.2,7.8,6.3,9.6],"texture":"#4"},"west":{"uv":[2.4,9.6,4.7,11.4],"texture":"#4"},"up":{"uv":[10.3,7.5,7.2,5.2],"texture":"#4"},"down":{"uv":[10.3,7.6,7.2,9.9],"texture":"#4"}}},{"from":[11.92192,1.75272,3.996],"to":[13.74192,3.57272,12.004],"rotation":{"angle":45,"axis":"z","origin":[8,5.03764,5.99338]},"faces":{"north":{"uv":[4.2,12,4.7,12.5],"texture":"#4"},"east":{"uv":[10.4,8.8,12.7,9.3],"texture":"#4"},"south":{"uv":[5.4,12,5.9,12.5],"texture":"#4"},"west":{"uv":[10.4,9.4,12.7,9.9],"texture":"#4"},"up":{"uv":[7.7,13.1,7.2,10.8],"texture":"#4"},"down":{"uv":[8.3,10.8,7.8,13.1],"texture":"#4"}}},{"from":[12.05906,4.52746,3.905],"to":[13.87906,7.48496,12.095],"rotation":{"angle":-22.5,"axis":"z","origin":[8,5.03764,5.99338]},"faces":{"north":{"uv":[6.4,7.8,6.9,8.6],"texture":"#4"},"east":{"uv":[4.8,9.6,7.1,10.4],"texture":"#4"},"south":{"uv":[6.9,7.8,6.4,8.6],"texture":"#4"},"west":{"uv":[7.2,10,9.5,10.8],"texture":"#4"},"up":{"uv":[8.9,13.1,8.4,10.8],"texture":"#4"},"down":{"uv":[9.5,10.8,9,13.1],"texture":"#4"}}},{"from":[2.12094,4.52746,3.905],"to":[3.94094,7.48496,12.095],"rotation":{"angle":22.5,"axis":"z","origin":[8,5.03764,5.99338]},"faces":{"north":{"uv":[5.4,11.2,5.9,12],"texture":"#4"},"east":{"uv":[9.6,10,11.9,10.8],"texture":"#4"},"south":{"uv":[6.4,7.8,6.9,8.6],"texture":"#4"},"west":{"uv":[4.8,10.4,7.1,11.2],"texture":"#4"},"up":{"uv":[10.1,13.1,9.6,10.8],"texture":"#4"},"down":{"uv":[10.7,10.8,10.2,13.1],"texture":"#4"}}},{"from":[10.2546,-0.85603,3.905],"to":[12.0746,1.19147,12.095],"rotation":{"angle":22.5,"axis":"z","origin":[8,5.03764,5.99338]},"faces":{"north":{"uv":[6.6,11.2,7.1,11.8],"texture":"#4"},"east":{"uv":[10.4,5.2,12.7,5.8],"texture":"#4"},"south":{"uv":[4.2,11.4,4.7,12],"texture":"#4"},"west":{"uv":[10.4,5.8,12.7,6.4],"texture":"#4"},"up":{"uv":[11.3,13.1,10.8,10.8],"texture":"#4"},"down":{"uv":[11.7,0,11.2,2.3],"texture":"#4"}}},{"from":[3.9254,-0.85603,3.905],"to":[5.7454,1.19147,12.095],"rotation":{"angle":-22.5,"axis":"z","origin":[8,5.03764,5.99338]},"faces":{"north":{"uv":[4.2,11.4,4.7,12],"texture":"#4"},"east":{"uv":[10.4,6.4,12.7,7],"texture":"#4"},"south":{"uv":[4.7,11.4,4.2,12],"texture":"#4"},"west":{"uv":[10.4,7,12.7,7.6],"texture":"#4"},"up":{"uv":[11.7,4.7,11.2,2.4],"texture":"#4"},"down":{"uv":[5.3,11.2,4.8,13.5],"texture":"#4"}}},{"from":[2.08,-0.03561,7.26284],"to":[2.44,3.53871,10.83716],"rotation":{"angle":0,"axis":"z","origin":[8,5.03764,5.99338]},"faces":{"north":{"uv":[0,0,0,1],"texture":"#2"},"east":{"uv":[16,0,0,16],"texture":"#2"},"south":{"uv":[0,0,0,1],"texture":"#2"},"west":{"uv":[0,0,16,16],"texture":"#2"},"up":{"uv":[0,1,0,0],"rotation":180,"texture":"#2"},"down":{"uv":[0,0,0,1],"rotation":180,"texture":"#2"}}},{"from":[1.42,2.60439,6.96284],"to":[2.62,6.77871,11.13716],"rotation":{"angle":0,"axis":"z","origin":[8,5.03764,5.99338]},"faces":{"north":{"uv":[0,0,0,1],"rotation":180,"texture":"#3"},"east":{"uv":[16,16,0,0],"rotation":90,"texture":"#3"},"south":{"uv":[0,1,0,0],"texture":"#3"},"west":{"uv":[0,16,16,0],"rotation":270,"texture":"#3"},"up":{"uv":[0,1,0,0],"texture":"#3"},"down":{"uv":[0,1,0,0],"rotation":180,"texture":"#3"}}},{"from":[1.4809,-0.15238,5.12606],"to":[2.5591,1.24183,6.52028],"rotation":{"angle":-45,"axis":"x","origin":[8,5.03764,5.99338]},"faces":{"north":{"uv":[10.8,11.2,11.2,11.7],"rotation":180,"texture":"#0"},"east":{"uv":[10.8,6.8,11.3,7.3],"rotation":180,"texture":"#0"},"south":{"uv":[11.2,11.2,11.6,11.7],"rotation":180,"texture":"#0"},"west":{"uv":[6.4,10.8,6.9,11.3],"rotation":180,"texture":"#0"},"up":{"uv":[1.2,11.6,0.8,12.1],"rotation":180,"texture":"#0"},"down":{"uv":[12,0.5,11.6,0],"rotation":180,"texture":"#0"}}},{"from":[1.33219,2.12986,8.50161],"to":[2.70782,2.73485,9.59839],"rotation":{"angle":0,"axis":"z","origin":[8,5.03764,5.99338]},"faces":{"north":{"uv":[12,5.6,12.5,5.8],"rotation":180,"texture":"#0"},"east":{"uv":[12.4,1.2,12.8,1.4],"rotation":180,"texture":"#0"},"south":{"uv":[12,6,12.5,6.2],"rotation":180,"texture":"#0"},"west":{"uv":[1.2,12.4,1.6,12.6],"rotation":180,"texture":"#0"},"up":{"uv":[3.7,11.6,3.2,12],"rotation":180,"texture":"#0"},"down":{"uv":[12.1,3.2,11.6,2.8],"rotation":180,"texture":"#0"}}},{"from":[1.13992,3.76328,9.05],"to":[2.2553,10.82728,9.05],"rotation":{"angle":0,"axis":"y","origin":[8,5.03764,5.99338]},"faces":{"north":{"uv":[8.8,0,8.4,2.4],"texture":"#0"},"east":{"uv":[0,0,0,2.4],"texture":"#0"},"south":{"uv":[8.4,6.4,8,8.8],"texture":"#0"},"west":{"uv":[0,0,0,2.4],"texture":"#0"},"up":{"uv":[0,0,0,0.4],"rotation":90,"texture":"#0"},"down":{"uv":[0,0.4,0,0],"rotation":270,"texture":"#0"}}},{"from":[2.2,8.50812,5.09151],"to":[2.2,9.92244,12.15551],"rotation":{"angle":0,"axis":"y","origin":[8,5.03764,5.99338]},"faces":{"north":{"uv":[0,0,0,1],"texture":"#0"},"east":{"uv":[3.7,9.2,3.2,6.8],"rotation":90,"texture":"#0"},"south":{"uv":[0,1,0,0],"rotation":180,"texture":"#0"},"west":{"uv":[3.2,9.2,3.7,6.8],"rotation":270,"texture":"#0"},"up":{"uv":[0,0,0,2.4],"rotation":180,"texture":"#0"},"down":{"uv":[0,0,0,2.4],"texture":"#0"}}},{"from":[2.11352,10.32344,9.05],"to":[5.68784,13.89776,9.05],"rotation":{"angle":45,"axis":"z","origin":[8,5.03764,5.99338]},"faces":{"north":{"uv":[16,0,0,16],"rotation":90,"texture":"#3"},"east":{"uv":[0,0,0,1],"rotation":180,"texture":"#3"},"south":{"uv":[0,0,16,16],"rotation":270,"texture":"#3"},"west":{"uv":[0,1,0,0],"texture":"#3"},"up":{"uv":[0,0,0,1],"rotation":270,"texture":"#3"},"down":{"uv":[0,0,0,1],"rotation":270,"texture":"#3"}}},{"from":[10.31216,10.32344,9.05],"to":[13.88648,13.89776,9.05],"rotation":{"angle":-45,"axis":"z","origin":[8,5.03764,5.99338]},"faces":{"north":{"uv":[16,16,0,0],"rotation":90,"texture":"#3"},"east":{"uv":[0,1,0,0],"texture":"#3"},"south":{"uv":[0,16,16,0],"rotation":270,"texture":"#3"},"west":{"uv":[0,0,0,1],"rotation":180,"texture":"#3"},"up":{"uv":[0,1,0,0],"rotation":270,"texture":"#3"},"down":{"uv":[0,1,0,0],"rotation":270,"texture":"#3"}}},{"from":[13.8,8.50812,5.09151],"to":[13.8,9.92244,12.15551],"rotation":{"angle":0,"axis":"y","origin":[8,5.03764,5.99338]},"faces":{"north":{"uv":[0,0,0,1],"texture":"#0"},"east":{"uv":[3.2,6.8,3.7,9.2],"rotation":270,"texture":"#0"},"south":{"uv":[0,1,0,0],"rotation":180,"texture":"#0"},"west":{"uv":[3.7,6.8,3.2,9.2],"rotation":90,"texture":"#0"},"up":{"uv":[0,0,0,2.4],"rotation":180,"texture":"#0"},"down":{"uv":[0,0,0,2.4],"texture":"#0"}}},{"from":[13.7447,3.76328,9.05],"to":[14.86008,10.82728,9.05],"rotation":{"angle":0,"axis":"y","origin":[8,5.03764,5.99338]},"faces":{"north":{"uv":[8.4,0,8.8,2.4],"texture":"#0"},"east":{"uv":[0,0,0,2.4],"texture":"#0"},"south":{"uv":[8,6.4,8.4,8.8],"texture":"#0"},"west":{"uv":[0,0,0,2.4],"texture":"#0"},"up":{"uv":[0,0.4,0,0],"rotation":90,"texture":"#0"},"down":{"uv":[0,0,0,0.4],"rotation":270,"texture":"#0"}}},{"from":[13.56,-0.03561,7.26284],"to":[13.92,3.53871,10.83716],"rotation":{"angle":0,"axis":"z","origin":[8,5.03764,5.99338]},"faces":{"north":{"uv":[0,0,0,1],"texture":"#2"},"east":{"uv":[16,0,0,16],"texture":"#2"},"south":{"uv":[0,0,0,1],"texture":"#2"},"west":{"uv":[0,0,16,16],"texture":"#2"},"up":{"uv":[0,1,0,0],"rotation":180,"texture":"#2"},"down":{"uv":[0,0,0,1],"rotation":180,"texture":"#2"}}},{"from":[13.38,2.60439,6.96284],"to":[14.58,6.77871,11.13716],"rotation":{"angle":0,"axis":"z","origin":[8,5.03764,5.99338]},"faces":{"north":{"uv":[0,0,0,1],"rotation":180,"texture":"#3"},"east":{"uv":[0,0,16,16],"rotation":270,"texture":"#3"},"south":{"uv":[0,1,0,0],"texture":"#3"},"west":{"uv":[16,0,0,16],"rotation":90,"texture":"#3"},"up":{"uv":[0,1,0,0],"texture":"#3"},"down":{"uv":[0,1,0,0],"rotation":180,"texture":"#3"}}},{"from":[13.4409,-0.15238,5.12606],"to":[14.5191,1.24183,6.52028],"rotation":{"angle":-45,"axis":"x","origin":[8,5.03764,5.99338]},"faces":{"north":{"uv":[11.2,11.2,10.8,11.7],"rotation":180,"texture":"#0"},"east":{"uv":[6.9,10.8,6.4,11.3],"rotation":180,"texture":"#0"},"south":{"uv":[11.6,11.2,11.2,11.7],"rotation":180,"texture":"#0"},"west":{"uv":[11.3,6.8,10.8,7.3],"rotation":180,"texture":"#0"},"up":{"uv":[0.8,11.6,1.2,12.1],"rotation":180,"texture":"#0"},"down":{"uv":[11.6,0.5,12,0],"rotation":180,"texture":"#0"}}},{"from":[13.29218,2.12986,8.50161],"to":[14.66781,2.73485,9.59839],"rotation":{"angle":0,"axis":"z","origin":[8,5.03764,5.99338]},"faces":{"north":{"uv":[12.5,5.6,12,5.8],"rotation":180,"texture":"#0"},"east":{"uv":[1.6,12.4,1.2,12.6],"rotation":180,"texture":"#0"},"south":{"uv":[12.5,6,12,6.2],"rotation":180,"texture":"#0"},"west":{"uv":[12.8,1.2,12.4,1.4],"rotation":180,"texture":"#0"},"up":{"uv":[3.2,11.6,3.7,12],"rotation":180,"texture":"#0"},"down":{"uv":[11.6,3.2,12.1,2.8],"rotation":180,"texture":"#0"}}},{"from":[5.10003,4.64839,2.59231],"to":[10.89996,5.76375,3.70769],"rotation":{"angle":0,"axis":"y","origin":[8,5.03764,5.99338]},"faces":{"north":{"uv":[8.8,3.2,10.7,2.8],"texture":"#0"},"east":{"uv":[10.4,9.6,10.8,9.2],"texture":"#0"},"south":{"uv":[8.8,2.8,10.7,2.4],"texture":"#0"},"west":{"uv":[11.6,3.6,12,3.2],"texture":"#0"},"up":{"uv":[2,8.8,2.4,10.7],"rotation":270,"texture":"#0"},"down":{"uv":[1.6,10.7,2,8.8],"rotation":90,"texture":"#0"}}},{"from":[5.29712,6.12127,2.4436],"to":[6.70991,6.53024,3.8564],"rotation":{"angle":22.5,"axis":"z","origin":[8,5.03764,5.99338]},"faces":{"north":{"uv":[12.4,6.5,12.9,6.4],"texture":"#0"},"east":{"uv":[12.4,5.3,12.9,5.2],"texture":"#0"},"south":{"uv":[5.6,12.5,6.1,12.4],"texture":"#0"},"west":{"uv":[6.4,12.5,6.9,12.4],"texture":"#0"},"up":{"uv":[10.8,3.2,11.3,3.7],"rotation":270,"texture":"#0"},"down":{"uv":[3.2,11.3,3.7,10.8],"rotation":90,"texture":"#0"}}},{"from":[9.29009,6.12127,2.4436],"to":[10.70288,6.53024,3.8564],"rotation":{"angle":-22.5,"axis":"z","origin":[8,5.03764,5.99338]},"faces":{"north":{"uv":[12.4,7.7,12.9,7.6],"texture":"#0"},"east":{"uv":[12.4,6.9,12.9,6.8],"texture":"#0"},"south":{"uv":[7.2,12.5,7.7,12.4],"texture":"#0"},"west":{"uv":[12.4,7.3,12.9,7.2],"texture":"#0"},"up":{"uv":[10.8,4,11.3,4.5],"rotation":270,"texture":"#0"},"down":{"uv":[4,11.3,4.5,10.8],"rotation":90,"texture":"#0"}}},{"from":[8.20423,4.75452,2.60032],"to":[9.31961,8.8442,2.60032],"rotation":{"angle":-22.5,"axis":"y","origin":[8,5.03764,5.99338]},"faces":{"north":{"uv":[9.2,3.2,9.6,4.6],"texture":"#0"},"east":{"uv":[0,0,0,1.4],"texture":"#0"},"south":{"uv":[3.2,9.2,3.6,10.6],"texture":"#0"},"west":{"uv":[0,0,0,1.4],"texture":"#0"},"up":{"uv":[0,0.4,0,0],"rotation":90,"texture":"#0"},"down":{"uv":[0,0,0,0.4],"rotation":270,"texture":"#0"}}},{"from":[6.68039,4.75452,2.60032],"to":[7.79577,8.8442,2.60032],"rotation":{"angle":22.5,"axis":"y","origin":[8,5.03764,5.99338]},"faces":{"north":{"uv":[8.8,4.8,9.2,6.2],"texture":"#0"},"east":{"uv":[0,0,0,1.4],"texture":"#0"},"south":{"uv":[8.8,3.2,9.2,4.6],"texture":"#0"},"west":{"uv":[0,0,0,1.4],"texture":"#0"},"up":{"uv":[0,0.4,0,0],"rotation":90,"texture":"#0"},"down":{"uv":[0,0,0,0.4],"rotation":270,"texture":"#0"}}},{"from":[6.51284,4.75452,2.93675],"to":[9.48716,8.8442,2.93675],"rotation":{"angle":0,"axis":"y","origin":[8,5.03764,5.99338]},"faces":{"north":{"uv":[7.2,4.8,8.2,6.2],"texture":"#0"},"east":{"uv":[0,0,0,1.4],"texture":"#0"},"south":{"uv":[7.2,3.2,8.2,4.6],"texture":"#0"},"west":{"uv":[0,0,0,1.4],"texture":"#0"},"up":{"uv":[0,1,0,0],"rotation":90,"texture":"#0"},"down":{"uv":[0,0,0,1],"rotation":270,"texture":"#0"}}},{"from":[9.51284,3.08316,3.36325],"to":[13.08716,6.65748,3.36325],"rotation":{"angle":0,"axis":"y","origin":[8,5.03764,5.99338]},"faces":{"north":{"uv":[16,0,0,16],"rotation":180,"texture":"#2"},"east":{"uv":[0,0,0,1],"rotation":180,"texture":"#2"},"south":{"uv":[0,0,16,16],"rotation":180,"texture":"#2"},"west":{"uv":[0,0,0,1],"rotation":180,"texture":"#2"},"up":{"uv":[0,0,0,1],"rotation":90,"texture":"#2"},"down":{"uv":[0,1,0,0],"rotation":270,"texture":"#2"}}},{"from":[2.91284,3.08316,3.36325],"to":[6.48716,6.65748,3.36325],"rotation":{"angle":0,"axis":"y","origin":[8,5.03764,5.99338]},"faces":{"north":{"uv":[0,0,16,16],"rotation":180,"texture":"#2"},"east":{"uv":[0,0,0,1],"rotation":180,"texture":"#2"},"south":{"uv":[16,0,0,16],"rotation":180,"texture":"#2"},"west":{"uv":[0,0,0,1],"rotation":180,"texture":"#2"},"up":{"uv":[0,1,0,0],"rotation":90,"texture":"#2"},"down":{"uv":[0,0,0,1],"rotation":270,"texture":"#2"}}},{"from":[10.71284,6.59721,3.15],"to":[13.68716,9.57153,3.15],"rotation":{"angle":0,"axis":"y","origin":[8,5.03764,5.99338]},"faces":{"north":{"uv":[0,0,16,16],"rotation":270,"texture":"#1"},"east":{"uv":[0,0,0,1],"rotation":180,"texture":"#1"},"south":{"uv":[16,0,0,16],"rotation":90,"texture":"#1"},"west":{"uv":[0,1,0,0],"texture":"#1"},"up":{"uv":[0,0,0,1],"rotation":90,"texture":"#1"},"down":{"uv":[0,0,0,1],"rotation":90,"texture":"#1"}}},{"from":[2.31284,6.59721,3.15],"to":[5.28716,9.57153,3.15],"rotation":{"angle":0,"axis":"y","origin":[8,5.03764,5.99338]},"faces":{"north":{"uv":[0,16,16,0],"rotation":270,"texture":"#1"},"east":{"uv":[0,1,0,0],"texture":"#1"},"south":{"uv":[16,16,0,0],"rotation":90,"texture":"#1"},"west":{"uv":[0,0,0,1],"rotation":180,"texture":"#1"},"up":{"uv":[0,1,0,0],"rotation":90,"texture":"#1"},"down":{"uv":[0,1,0,0],"rotation":90,"texture":"#1"}}},{"from":[5.36093,5.0624,2.56444],"to":[7.59167,6.17776,3.73556],"rotation":{"angle":22.5,"axis":"z","origin":[8,5.03764,5.99338]},"faces":{"north":{"uv":[10.4,1.2,11.1,0.8],"texture":"#0"},"east":{"uv":[11.6,4,12,3.6],"texture":"#0"},"south":{"uv":[7.2,6.8,7.9,6.4],"texture":"#0"},"west":{"uv":[4,12,4.4,11.6],"texture":"#0"},"up":{"uv":[10.4,4.8,10.8,5.5],"rotation":270,"texture":"#0"},"down":{"uv":[10.4,1.9,10.8,1.2],"rotation":90,"texture":"#0"}}},{"from":[8.40833,5.0624,2.56444],"to":[10.63907,6.17776,3.73556],"rotation":{"angle":-22.5,"axis":"z","origin":[8,5.03764,5.99338]},"faces":{"north":{"uv":[10.4,6.8,11.1,6.4],"texture":"#0"},"east":{"uv":[11.6,4.4,12,4],"texture":"#0"},"south":{"uv":[10.4,2.4,11.1,2],"texture":"#0"},"west":{"uv":[4.4,12,4.8,11.6],"texture":"#0"},"up":{"uv":[10.4,7.6,10.8,8.3],"rotation":270,"texture":"#0"},"down":{"uv":[10.4,7.5,10.8,6.8],"rotation":90,"texture":"#0"}}},{"from":[7.03874,4.23291,2.31347],"to":[8.80474,5.99892,3.98653],"rotation":{"angle":-45,"axis":"z","origin":[8,5.03764,5.99338]},"faces":{"north":{"uv":[8.4,10.2,9,9.6],"texture":"#0"},"east":{"uv":[9.6,7,10.2,6.4],"texture":"#0"},"south":{"uv":[9.6,7.8,10.2,7.2],"texture":"#0"},"west":{"uv":[9.6,8.6,10.2,8],"texture":"#0"},"up":{"uv":[9.2,9.6,9.8,10.2],"rotation":270,"texture":"#0"},"down":{"uv":[9.6,9.4,10.2,8.8],"rotation":90,"texture":"#0"}}},{"from":[5.91016,2.31565,2.87116],"to":[7.30437,3.70986,3.42884],"rotation":{"angle":-45,"axis":"z","origin":[8,5.03764,5.99338]},"faces":{"north":{"uv":[10.8,5.3,11.3,4.8],"texture":"#0"},"east":{"uv":[12,3.7,12.2,3.2],"texture":"#0"},"south":{"uv":[4.8,11.3,5.3,10.8],"texture":"#0"},"west":{"uv":[3.6,12.5,3.8,12],"texture":"#0"},"up":{"uv":[12,4,12.2,4.5],"rotation":270,"texture":"#0"},"down":{"uv":[4,12.5,4.2,12],"rotation":90,"texture":"#0"}}},{"from":[8.69563,2.31565,2.87116],"to":[10.08984,3.70986,3.42884],"rotation":{"angle":45,"axis":"z","origin":[8,5.03764,5.99338]},"faces":{"north":{"uv":[10.8,6.1,11.3,5.6],"texture":"#0"},"east":{"uv":[4.4,12.5,4.6,12],"texture":"#0"},"south":{"uv":[5.6,11.3,6.1,10.8],"texture":"#0"},"west":{"uv":[4.8,12.5,5,12],"texture":"#0"},"up":{"uv":[5.2,12,5.4,12.5],"rotation":270,"texture":"#0"},"down":{"uv":[12,5.3,12.2,4.8],"rotation":90,"texture":"#0"}}}],"gui_light":"front","display":{"thirdperson_righthand":{"rotation":[67.5,0,0],"translation":[0,2.5,1.25],"scale":[0.45508,0.45508,0.45508]},"thirdperson_lefthand":{"rotation":[67.5,0,0],"translation":[0,2.5,1.25],"scale":[0.45508,0.45508,0.45508]},"firstperson_righthand":{"translation":[7.5,4,-6.25],"scale":[0.97063,0.97063,0.97063]},"firstperson_lefthand":{"translation":[7.5,4,-6.25],"scale":[0.97063,0.97063,0.97063]},"ground":{"translation":[0,6.75,0],"scale":[0.70188,0.70188,0.70188]},"gui":{"rotation":[-160,45,-180],"translation":[-0.25,2.25,0],"scale":[0.85969,0.85969,0.85969]},"head":{"rotation":[0,-180,0],"translation":[0,-21.29,0],"scale":[2.9,2.9,2.9]},"fixed":{"rotation":[-90,0,0],"translation":[0,0,-26.75],"scale":[3.51953,3.51953,3.51953]}}}