{"credit":"MadewithBlockbench","textures":{"0":"elitecreatures:steamsparks_animated_weapon_set/texture","1":"elitecreatures:steamsparks_animated_weapon_set/smoke_1","2":"elitecreatures:steamsparks_animated_weapon_set/cog_01","3":"elitecreatures:steamsparks_animated_weapon_set/lightning_1","particle":"elitecreatures:steamsparks_animated_weapon_set/texture"},"elements":[{"from":[7.65609,4.03311,10.37653],"to":[8.34391,4.71472,11.4919],"rotation":{"angle":-45,"axis":"x","origin":[8,-1.93824,8.01146]},"faces":{"north":{"uv":[7.9,12.3,7.6,12],"rotation":180,"texture":"#0"},"east":{"uv":[11.6,8.4,11.9,8.8],"rotation":90,"texture":"#0"},"south":{"uv":[12.3,7.6,12,7.9],"texture":"#0"},"west":{"uv":[11.6,9.2,11.9,9.6],"rotation":270,"texture":"#0"},"up":{"uv":[11.6,8.8,11.9,9.2],"texture":"#0"},"down":{"uv":[11.6,8,11.9,8.4],"rotation":180,"texture":"#0"}}},{"from":[7.56625,3.94016,11.46092],"to":[8.43376,4.80767,11.80173],"rotation":{"angle":-45,"axis":"x","origin":[8,-1.93824,8.01146]},"faces":{"north":{"uv":[8.3,12.3,8,12],"rotation":180,"texture":"#0"},"east":{"uv":[12.4,8,12.7,8.1],"rotation":90,"texture":"#0"},"south":{"uv":[12.3,8,12,8.3],"texture":"#0"},"west":{"uv":[12.4,8.4,12.7,8.5],"rotation":270,"texture":"#0"},"up":{"uv":[8.4,12.4,8.7,12.5],"texture":"#0"},"down":{"uv":[8,12.4,8.3,12.5],"rotation":180,"texture":"#0"}}},{"from":[7.41133,3.78525,10.37653],"to":[8.58867,4.96258,10.71734],"rotation":{"angle":-45,"axis":"x","origin":[8,-1.93824,8.01146]},"faces":{"north":{"uv":[3.7,11.3,3.2,10.8],"rotation":180,"texture":"#0"},"east":{"uv":[5.6,12.4,6.1,12.5],"rotation":90,"texture":"#0"},"south":{"uv":[11.3,3.2,10.8,3.7],"texture":"#0"},"west":{"uv":[12.4,6.4,12.9,6.5],"rotation":270,"texture":"#0"},"up":{"uv":[6.4,12.4,6.9,12.5],"texture":"#0"},"down":{"uv":[12.4,5.2,12.9,5.3],"rotation":180,"texture":"#0"}}},{"from":[5.22514,3.83214,4.56811],"to":[5.22514,4.76162,7.97618],"rotation":{"angle":-22.5,"axis":"z","origin":[8,-1.93824,8.01146]},"faces":{"north":{"uv":[0,0.4,0,0],"texture":"#0"},"east":{"uv":[3.2,10.6,3.6,9.2],"rotation":270,"texture":"#0"},"south":{"uv":[0,0,0,0.4],"rotation":180,"texture":"#0"},"west":{"uv":[9.2,4.6,9.6,3.2],"rotation":90,"texture":"#0"},"up":{"uv":[0,1.4,0,0],"rotation":180,"texture":"#0"},"down":{"uv":[0,1.4,0,0],"texture":"#0"}}},{"from":[10.77486,3.83214,4.56811],"to":[10.77486,4.76162,7.97618],"rotation":{"angle":22.5,"axis":"z","origin":[8,-1.93824,8.01146]},"faces":{"north":{"uv":[0,0.4,0,0],"texture":"#0"},"east":{"uv":[8.8,9.4,9.2,8],"rotation":270,"texture":"#0"},"south":{"uv":[0,0,0,0.4],"rotation":180,"texture":"#0"},"west":{"uv":[9.2,1.4,9.6,0],"rotation":90,"texture":"#0"},"up":{"uv":[0,1.4,0,0],"rotation":180,"texture":"#0"},"down":{"uv":[0,1.4,0,0],"texture":"#0"}}},{"from":[7.625,1.97619,4.56811],"to":[8.375,4.45479,7.97618],"rotation":{"angle":0,"axis":"y","origin":[8,-1.93824,8.01146]},"faces":{"north":{"uv":[0,1,0,0],"texture":"#0"},"east":{"uv":[7.2,1.4,8.2,0],"rotation":270,"texture":"#0"},"south":{"uv":[0,0,0,1],"rotation":180,"texture":"#0"},"west":{"uv":[7.2,3,8.2,1.6],"rotation":90,"texture":"#0"},"up":{"uv":[0,1.4,0,0],"rotation":180,"texture":"#0"},"down":{"uv":[0,1.4,0,0],"texture":"#0"}}},{"from":[7.65,1.72619,3.34038],"to":[8.35,4.70479,6.31898],"rotation":{"angle":0,"axis":"y","origin":[8,-1.93824,8.01146]},"faces":{"north":{"uv":[0,0,0,1],"texture":"#2"},"east":{"uv":[0,16,16,0],"rotation":90,"texture":"#2"},"south":{"uv":[0,1,0,0],"rotation":180,"texture":"#2"},"west":{"uv":[16,16,0,0],"rotation":270,"texture":"#2"},"up":{"uv":[0,1,0,0],"texture":"#2"},"down":{"uv":[0,1,0,0],"rotation":180,"texture":"#2"}}},{"from":[8,5.17655,8.88298],"to":[8,7.65515,11.36158],"rotation":{"angle":-22.5,"axis":"x","origin":[8,-1.93824,8.01146]},"faces":{"north":{"uv":[0,1,0,0],"rotation":180,"texture":"#1"},"east":{"uv":[0,16,16,0],"rotation":180,"texture":"#1"},"south":{"uv":[0,1,0,0],"rotation":180,"texture":"#1"},"west":{"uv":[16,16,0,0],"rotation":180,"texture":"#1"},"up":{"uv":[0,1,0,0],"rotation":180,"texture":"#1"},"down":{"uv":[0,0,0,1],"rotation":180,"texture":"#1"}}},{"from":[7.5,1.72619,4.79038],"to":[8.5,5.20479,7.76898],"rotation":{"angle":0,"axis":"y","origin":[8,-1.93824,8.01146]},"faces":{"north":{"uv":[0,1,0,0],"rotation":180,"texture":"#3"},"east":{"uv":[16,16,0,0],"rotation":180,"texture":"#3"},"south":{"uv":[0,1,0,0],"rotation":180,"texture":"#3"},"west":{"uv":[0,16,16,0],"rotation":180,"texture":"#3"},"up":{"uv":[0,0,0,1],"rotation":180,"texture":"#3"},"down":{"uv":[0,1,0,0],"rotation":180,"texture":"#3"}}},{"from":[7.69017,2.59584,4.28964],"to":[8.30983,3.83514,8.71036],"rotation":{"angle":0,"axis":"y","origin":[8,-1.93824,8.01146]},"faces":{"north":{"uv":[12,1.7,12.2,1.2],"texture":"#0"},"east":{"uv":[5.6,6.6,6.1,4.2],"rotation":270,"texture":"#0"},"south":{"uv":[3.2,12,3.4,12.5],"rotation":180,"texture":"#0"},"west":{"uv":[6.4,6.6,6.9,4.2],"rotation":90,"texture":"#0"},"up":{"uv":[0,14.2,0.2,7.6],"rotation":180,"texture":"#0"},"down":{"uv":[0.4,14.2,0.6,7.6],"texture":"#0"}}},{"from":[7.69017,3.63701,6.84201],"to":[8.30983,4.87631,10.26273],"rotation":{"angle":-45,"axis":"x","origin":[8,-1.93824,8.01146]},"faces":{"north":{"uv":[12,1.7,12.2,1.2],"texture":"#0"},"east":{"uv":[5.6,2.4,6.1,0],"rotation":270,"texture":"#0"},"south":{"uv":[3.2,12,3.4,12.5],"rotation":180,"texture":"#0"},"west":{"uv":[6.4,2.4,6.9,0],"rotation":90,"texture":"#0"},"up":{"uv":[0,14.2,0.2,7.6],"rotation":180,"texture":"#0"},"down":{"uv":[0.4,14.2,0.6,7.6],"texture":"#0"}}},{"from":[7.51203,3.05045,9.49414],"to":[8.48797,4.9094,10.42361],"rotation":{"angle":-45,"axis":"x","origin":[8,-1.93824,8.01146]},"faces":{"north":{"uv":[10.8,1.9,10.4,1.2],"rotation":180,"texture":"#0"},"east":{"uv":[7.2,6.4,7.9,6.8],"rotation":90,"texture":"#0"},"south":{"uv":[10.8,4.8,10.4,5.5],"texture":"#0"},"west":{"uv":[10.4,0.8,11.1,1.2],"rotation":270,"texture":"#0"},"up":{"uv":[4,11.6,4.4,12],"texture":"#0"},"down":{"uv":[11.6,3.6,12,4],"rotation":180,"texture":"#0"}}},{"from":[7.76763,1.77109,2.00804],"to":[8.23237,2.93293,3.16988],"rotation":{"angle":22.5,"axis":"x","origin":[8,-1.93824,8.01146]},"faces":{"north":{"uv":[4.2,12.5,4,12],"rotation":180,"texture":"#0"},"east":{"uv":[4.8,10.8,5.3,11.3],"rotation":90,"texture":"#0"},"south":{"uv":[12.2,4,12,4.5],"texture":"#0"},"west":{"uv":[10.8,4.8,11.3,5.3],"rotation":270,"texture":"#0"},"up":{"uv":[3.6,12,3.8,12.5],"texture":"#0"},"down":{"uv":[12,3.2,12.2,3.7],"rotation":180,"texture":"#0"}}},{"from":[7.70567,1.18027,2.36905],"to":[8.29433,2.03229,3.22107],"rotation":{"angle":0,"axis":"y","origin":[8,-1.93824,8.01146]},"faces":{"north":{"uv":[12.4,1.9,12.6,1.6],"texture":"#0"},"east":{"uv":[7.2,12.3,7.5,12],"texture":"#0"},"south":{"uv":[12.4,4.3,12.6,4],"texture":"#0"},"west":{"uv":[12,7.5,12.3,7.2],"texture":"#0"},"up":{"uv":[12.4,4.8,12.6,5.1],"rotation":180,"texture":"#0"},"down":{"uv":[12.4,4.7,12.6,4.4],"rotation":180,"texture":"#0"}}},{"from":[7.54301,3.97825,7.15819],"to":[8.45699,4.48241,8.30455],"rotation":{"angle":-45,"axis":"x","origin":[8,-1.93824,8.01146]},"faces":{"north":{"uv":[1.2,12.6,1.6,12.4],"rotation":180,"texture":"#0"},"east":{"uv":[12,5.8,12.5,5.6],"rotation":180,"texture":"#0"},"south":{"uv":[12.4,1.4,12.8,1.2],"rotation":180,"texture":"#0"},"west":{"uv":[12,6.2,12.5,6],"rotation":180,"texture":"#0"},"up":{"uv":[11.6,3.2,12.1,2.8],"rotation":90,"texture":"#0"},"down":{"uv":[3.2,11.6,3.7,12],"rotation":270,"texture":"#0"}}},{"from":[7.55075,3.43451,8.76534],"to":[8.44925,4.59636,9.92718],"rotation":{"angle":-45,"axis":"x","origin":[8,-1.93824,8.01146]},"faces":{"north":{"uv":[0.8,11.6,1.2,12.1],"texture":"#0"},"east":{"uv":[6.4,11.3,6.9,10.8],"rotation":90,"texture":"#0"},"south":{"uv":[11.6,0.5,12,0],"rotation":180,"texture":"#0"},"west":{"uv":[10.8,7.3,11.3,6.8],"rotation":270,"texture":"#0"},"up":{"uv":[11.2,11.7,11.6,11.2],"texture":"#0"},"down":{"uv":[10.8,11.7,11.2,11.2],"rotation":180,"texture":"#0"}}},{"from":[7.55075,-0.36544,7.41908],"to":[8.44925,0.79641,8.58092],"rotation":{"angle":45,"axis":"x","origin":[8,0.21549,8]},"faces":{"north":{"uv":[0.8,11.6,1.2,12.1],"texture":"#0"},"east":{"uv":[6.4,11.3,6.9,10.8],"rotation":90,"texture":"#0"},"south":{"uv":[11.6,0.5,12,0],"rotation":180,"texture":"#0"},"west":{"uv":[10.8,7.3,11.3,6.8],"rotation":270,"texture":"#0"},"up":{"uv":[11.2,11.7,11.6,11.2],"texture":"#0"},"down":{"uv":[10.8,11.7,11.2,11.2],"rotation":180,"texture":"#0"}}},{"from":[8,-0.6499,7.62385],"to":[8,2.75817,8.55333],"rotation":{"angle":22.5,"axis":"x","origin":[8,-1.93824,8.01146]},"faces":{"north":{"uv":[0,0,0,1.4],"texture":"#0"},"east":{"uv":[8.8,3.2,9.2,4.6],"texture":"#0"},"south":{"uv":[0,0,0,1.4],"texture":"#0"},"west":{"uv":[8.8,4.8,9.2,6.2],"texture":"#0"},"up":{"uv":[0,0.4,0,0],"texture":"#0"},"down":{"uv":[0,0,0,0.4],"texture":"#0"}}},{"from":[7.625,1.97619,8.02382],"to":[8.375,4.45479,11.43189],"rotation":{"angle":0,"axis":"y","origin":[8,-1.93824,8.01146]},"faces":{"north":{"uv":[0,0,0,1],"rotation":180,"texture":"#0"},"east":{"uv":[7.2,0,8.2,1.4],"rotation":270,"texture":"#0"},"south":{"uv":[0,1,0,0],"texture":"#0"},"west":{"uv":[7.2,1.6,8.2,3],"rotation":90,"texture":"#0"},"up":{"uv":[0,0,0,1.4],"rotation":180,"texture":"#0"},"down":{"uv":[0,0,0,1.4],"texture":"#0"}}},{"from":[8,-11.95349,6.5107],"to":[8,-8.97489,9.4893],"rotation":{"angle":0,"axis":"y","origin":[8,-1.93824,8.01146]},"faces":{"north":{"uv":[0,0,0,1],"rotation":180,"texture":"#2"},"east":{"uv":[0,0,16,16],"rotation":180,"texture":"#2"},"south":{"uv":[0,0,0,1],"rotation":180,"texture":"#2"},"west":{"uv":[16,0,0,16],"rotation":180,"texture":"#2"},"up":{"uv":[0,0,0,1],"texture":"#2"},"down":{"uv":[0,1,0,0],"texture":"#2"}}},{"from":[8,1.64651,9.0107],"to":[8,4.62511,11.9893],"rotation":{"angle":0,"axis":"y","origin":[8,-2.83824,10.51146]},"faces":{"north":{"uv":[0,0,0,1],"rotation":180,"texture":"#2"},"east":{"uv":[0,0,16,16],"rotation":180,"texture":"#2"},"south":{"uv":[0,0,0,1],"rotation":180,"texture":"#2"},"west":{"uv":[16,0,0,16],"rotation":180,"texture":"#2"},"up":{"uv":[0,0,0,1],"texture":"#2"},"down":{"uv":[0,1,0,0],"texture":"#2"}}},{"from":[7.9,-0.20349,6.5107],"to":[8.1,2.77511,9.4893],"rotation":{"angle":0,"axis":"y","origin":[8,-1.93824,8.01146]},"faces":{"north":{"uv":[0,0,0,1],"rotation":180,"texture":"#2"},"east":{"uv":[0,0,16,16],"rotation":180,"texture":"#2"},"south":{"uv":[0,0,0,1],"rotation":180,"texture":"#2"},"west":{"uv":[16,0,0,16],"rotation":180,"texture":"#2"},"up":{"uv":[0,0,0,1],"texture":"#2"},"down":{"uv":[0,1,0,0],"texture":"#2"}}},{"from":[7.67011,-7.29824,7.70481],"to":[8.31369,-3.58034,8.30191],"rotation":{"angle":-45,"axis":"y","origin":[8,-1.93824,8.01146]},"faces":{"north":{"uv":[6,9.2,6.3,10.7],"texture":"#0"},"east":{"uv":[6.4,9.2,6.7,10.7],"texture":"#0"},"south":{"uv":[9.2,6.4,9.5,7.9],"texture":"#0"},"west":{"uv":[6.8,9.2,7.1,10.7],"texture":"#0"},"up":{"uv":[6.7,12.3,6.4,12],"texture":"#0"},"down":{"uv":[12.3,6.4,12,6.7],"texture":"#0"}}},{"from":[7.67011,-3.54824,7.70481],"to":[8.31369,0.16966,8.30191],"rotation":{"angle":-45,"axis":"y","origin":[8,-1.93824,8.01146]},"faces":{"north":{"uv":[6,9.2,6.3,10.7],"texture":"#0"},"east":{"uv":[6.4,9.2,6.7,10.7],"texture":"#0"},"south":{"uv":[9.2,6.4,9.5,7.9],"texture":"#0"},"west":{"uv":[6.8,9.2,7.1,10.7],"texture":"#0"},"up":{"uv":[6.7,12.3,6.4,12],"texture":"#0"},"down":{"uv":[12.3,6.4,12,6.7],"texture":"#0"}}},{"from":[7.67011,-10.19824,7.70481],"to":[8.31369,-6.48034,8.30191],"rotation":{"angle":-45,"axis":"y","origin":[8,-1.93824,8.01146]},"faces":{"north":{"uv":[6,9.2,6.3,10.7],"texture":"#0"},"east":{"uv":[6.4,9.2,6.7,10.7],"texture":"#0"},"south":{"uv":[9.2,6.4,9.5,7.9],"texture":"#0"},"west":{"uv":[6.8,9.2,7.1,10.7],"texture":"#0"},"up":{"uv":[6.7,12.3,6.4,12],"texture":"#0"},"down":{"uv":[12.3,6.4,12,6.7],"texture":"#0"}}},{"from":[7.62364,-7.29824,7.65833],"to":[8.36016,-3.58034,8.34839],"rotation":{"angle":-45,"axis":"y","origin":[8,-1.93824,8.01146]},"faces":{"north":{"uv":[7.2,9.2,7.5,10.7],"texture":"#0"},"east":{"uv":[7.6,9.2,7.9,10.7],"texture":"#0"},"south":{"uv":[9.2,8,9.5,9.5],"texture":"#0"},"west":{"uv":[9.6,0,9.9,1.5],"texture":"#0"},"up":{"uv":[7.1,12.3,6.8,12],"texture":"#0"},"down":{"uv":[12.3,6.8,12,7.1],"texture":"#0"}}},{"from":[7.50393,-4.85837,7.53862],"to":[8.47987,-4.39363,8.4681],"rotation":{"angle":-45,"axis":"y","origin":[8,-1.93824,8.01146]},"faces":{"north":{"uv":[10,12,10.4,12.2],"texture":"#0"},"east":{"uv":[12,10,12.4,10.2],"texture":"#0"},"south":{"uv":[10.4,12,10.8,12.2],"texture":"#0"},"west":{"uv":[12,10.4,12.4,10.6],"texture":"#0"},"up":{"uv":[12,5.2,11.6,4.8],"texture":"#0"},"down":{"uv":[5.6,11.6,5.2,12],"texture":"#0"}}},{"from":[7.50393,-3.94508,7.53862],"to":[8.47987,-3.48034,8.4681],"rotation":{"angle":-45,"axis":"y","origin":[8,-1.93824,8.01146]},"faces":{"north":{"uv":[10,12,10.4,12.2],"texture":"#0"},"east":{"uv":[12,10,12.4,10.2],"texture":"#0"},"south":{"uv":[10.4,12,10.8,12.2],"texture":"#0"},"west":{"uv":[12,10.4,12.4,10.6],"texture":"#0"},"up":{"uv":[12,5.2,11.6,4.8],"texture":"#0"},"down":{"uv":[5.6,11.6,5.2,12],"texture":"#0"}}},{"from":[7.50393,-6.8335,7.53862],"to":[8.47987,-6.36877,8.4681],"rotation":{"angle":-45,"axis":"y","origin":[8,-1.93824,8.01146]},"faces":{"north":{"uv":[10,12,10.4,12.2],"texture":"#0"},"east":{"uv":[12,10,12.4,10.2],"texture":"#0"},"south":{"uv":[10.4,12,10.8,12.2],"texture":"#0"},"west":{"uv":[12,10.4,12.4,10.6],"texture":"#0"},"up":{"uv":[12,5.2,11.6,4.8],"texture":"#0"},"down":{"uv":[5.6,11.6,5.2,12],"texture":"#0"}}},{"from":[7.50393,-7.74679,7.53862],"to":[8.47987,-7.28206,8.4681],"rotation":{"angle":-45,"axis":"y","origin":[8,-1.93824,8.01146]},"faces":{"north":{"uv":[10,12,10.4,12.2],"texture":"#0"},"east":{"uv":[12,10,12.4,10.2],"texture":"#0"},"south":{"uv":[10.4,12,10.8,12.2],"texture":"#0"},"west":{"uv":[12,10.4,12.4,10.6],"texture":"#0"},"up":{"uv":[12,5.2,11.6,4.8],"texture":"#0"},"down":{"uv":[5.6,11.6,5.2,12],"texture":"#0"}}},{"from":[7.30289,0.30235,4.28299],"to":[8.69711,1.77402,5.75466],"rotation":{"angle":45,"axis":"x","origin":[8,-1.93824,8.01146]},"faces":{"north":{"uv":[9.6,6.4,10.2,7],"texture":"#0"},"east":{"uv":[9.6,7.2,10.2,7.8],"texture":"#0"},"south":{"uv":[9.6,8,10.2,8.6],"texture":"#0"},"west":{"uv":[8.4,9.6,9,10.2],"texture":"#0"},"up":{"uv":[10.2,9.4,9.6,8.8],"texture":"#0"},"down":{"uv":[9.8,9.6,9.2,10.2],"texture":"#0"}}},{"from":[7.30289,-8.01574,12.756],"to":[8.69711,-6.69899,14.07276],"rotation":{"angle":45,"axis":"x","origin":[8,-1.93824,8.01146]},"faces":{"north":{"uv":[5.2,10,5.8,10.5],"texture":"#0"},"east":{"uv":[8,10.4,8.5,10.9],"texture":"#0"},"south":{"uv":[10,5.6,10.6,6.1],"texture":"#0"},"west":{"uv":[10.4,8.4,10.9,8.9],"texture":"#0"},"up":{"uv":[10.6,10.1,10,9.6],"texture":"#0"},"down":{"uv":[11,0,10.4,0.5],"texture":"#0"}}}],"gui_light":"front","display":{"thirdperson_righthand":{"translation":[0,17,2],"scale":[1.4,1.4,1.4]},"thirdperson_lefthand":{"translation":[0,17,2],"scale":[1.4,1.4,1.4]},"firstperson_righthand":{"translation":[10.25,15.25,-6.25],"scale":[1.23828,1.23828,1.23828]},"firstperson_lefthand":{"translation":[10.25,15.25,-6.25],"scale":[1.23828,1.23828,1.23828]},"ground":{"rotation":[-45,0,0],"translation":[-0.25,14,-6.5]},"gui":{"rotation":[-90,-45,-90],"translation":[7.25,7.75,0],"scale":[1.05391,1.05391,1.05391]},"head":{"scale":[0,0,0]},"fixed":{"rotation":[-180,-90,-180],"translation":[0,33.5,-2.1],"scale":[3,3,3]}}}