{"format_version":"1.16.0","minecraft:geometry":[{"description":{"identifier":"geometry.geyser_custom.geo_53a5b16","texture_width":16,"texture_height":16,"visible_bounds_width":4,"visible_bounds_height":4.5,"visible_bounds_offset":[0,0.75,0]},"bones":[{"name":"geyser_custom","binding":"c.item_slot == 'head' ? 'head' : q.item_slot_to_bone_name(c.item_slot)","pivot":[0,8,0]},{"name":"geyser_custom_x","parent":"geyser_custom","pivot":[0,8,0]},{"name":"geyser_custom_y","parent":"geyser_custom_x","pivot":[0,8,0]},{"name":"geyser_custom_z","parent":"geyser_custom_y","pivot":[0,8,0],"cubes":[{"origin":[0,3,-21],"size":[0,14,19],"uv":{"north":{"uv":[9.6604,10.6827],"uv_size":[0,1.1507]},"south":{"uv":[9.6604,10.6827],"uv_size":[0,1.1507]},"east":{"uv":[12.7387,14.8493],"uv_size":[-1.418,1.1507]},"west":{"uv":[11.3368,14.8493],"uv_size":[1.418,1.1507]},"up":{"uv":[9.6604,12.234],"uv_size":[0,-1.5673]},"down":{"uv":[9.6604,12.234],"uv_size":[0,-1.5673]}}}]},{"parent":"geyser_custom_z","pivot":[8,10,-2],"rotation":[45,0,0],"cubes":[{"origin":[0,12,-5],"size":[0,20,20],"pivot":[8,10,-2],"uv":{"north":{"uv":[9.6604,12.3173],"uv_size":[0,-1.6507]},"south":{"uv":[9.6604,12.3173],"uv_size":[0,-1.6507]},"east":{"uv":[15.984,1.6507],"uv_size":[-1.4934,-1.6507]},"west":{"uv":[14.5066,1.6507],"uv_size":[1.4934,-1.6507]},"up":{"uv":[9.6604,12.3173],"uv_size":[0,-1.6507]},"down":{"uv":[9.6604,12.3173],"uv_size":[0,-1.6507]}}}],"name":"rot_1"},{"parent":"geyser_custom_z","pivot":[0,2.5826,-13.8062],"rotation":[45,0,0],"cubes":[{"origin":[-0.4,23.4107,-19.6463],"size":[0.8,1,8],"pivot":[0,2.5826,-13.8062],"uv":{"north":{"uv":[12.3007,13.0847],"uv_size":[-0.0743,0.082]},"south":{"uv":[9.6616,10.668],"uv_size":[0.0743,0.082]},"east":{"uv":[12.3007,13.0727],"uv_size":[-0.0743,-0.656]},"west":{"uv":[12.3007,12.4273],"uv_size":[-0.0743,0.656]},"up":{"uv":[12.3007,12.4273],"uv_size":[-0.0743,0.656]},"down":{"uv":[12.3007,13.0727],"uv_size":[-0.0743,-0.656]}}}],"name":"rot_2"},{"parent":"geyser_custom_z","pivot":[0,10,0],"rotation":[45,0,0],"cubes":[{"origin":[-2,7,-3],"size":[4,6,6],"pivot":[0,10,0],"uv":{"north":{"uv":[11.2501,11.0913],"uv_size":[0.2971,0.492]},"south":{"uv":[11.2501,11.5913],"uv_size":[0.2971,0.492]},"east":{"uv":[9.8186,12.3413],"uv_size":[0.4456,0.492]},"west":{"uv":[9.8186,12.3413],"uv_size":[0.4456,0.492]},"up":{"uv":[11.2501,12.0913],"uv_size":[0.2971,0.492]},"down":{"uv":[11.5423,11.5753],"uv_size":[-0.2971,-0.492]}}},{"origin":[-3,8,-2],"size":[6,4,4],"pivot":[0,10,0],"uv":{"north":{"uv":[11.5544,11.0887],"uv_size":[0.4456,0.328]},"south":{"uv":[11.5544,11.0887],"uv_size":[0.4456,0.328]},"east":{"uv":[14.4942,1.9127],"uv_size":[0.2228,-0.246]},"west":{"uv":[11.9197,12.3387],"uv_size":[-0.2971,0.328]},"up":{"uv":[11.9928,11.4113],"uv_size":[-0.4456,-0.328]},"down":{"uv":[11.9928,11.4113],"uv_size":[-0.4456,-0.328]}}},{"origin":[-3.25,8.5,-1.5],"size":[6.5,3,3],"pivot":[0,10,0],"uv":{"north":{"uv":[11.555,11.0873],"uv_size":[0.4827,0.246]},"south":{"uv":[11.555,11.0873],"uv_size":[0.4827,0.246]},"west":{"uv":[14.4942,1.6707],"uv_size":[0.2228,0.246]},"up":{"uv":[12.0299,11.3293],"uv_size":[-0.4827,-0.246]},"down":{"uv":[12.0299,11.3293],"uv_size":[-0.4827,-0.246]}}}],"name":"rot_3"},{"parent":"geyser_custom_z","pivot":[0,15.0429,-18.9228],"rotation":[45,0,0],"cubes":[{"origin":[-0.5,12.0429,-23.9228],"size":[1,2,10],"pivot":[0,15.0429,-18.9228],"uv":{"north":{"uv":[10.1911,10.668],"uv_size":[0.1485,0.082]},"south":{"uv":[10.1911,10.668],"uv_size":[0.1485,0.082]},"east":{"uv":[10.0024,11.4867],"uv_size":[0.1485,-0.82]},"west":{"uv":[10.0024,10.68],"uv_size":[0.1485,0.82]},"up":{"uv":[9.9611,11.4867],"uv_size":[-0.0743,-0.82]},"down":{"uv":[9.9611,11.4867],"uv_size":[-0.0743,-0.82]}}}],"name":"rot_4"},{"parent":"geyser_custom_z","pivot":[0,19.1799,19.078],"rotation":[45,0,0],"cubes":[{"origin":[-0.5,19.9299,14.7539],"size":[1,2,7.4483],"pivot":[0,19.1799,19.078],"uv":{"east":{"uv":[12.2995,12.3849],"uv_size":[-0.1485,0.6108]},"west":{"uv":[12.2995,12.9858],"uv_size":[-0.1485,-0.6108]},"up":{"uv":[12.1899,12.9858],"uv_size":[0.0743,-0.6108]},"down":{"uv":[12.1899,12.3849],"uv_size":[0.0743,0.6108]}}}],"name":"rot_5"},{"parent":"geyser_custom_z","pivot":[7.9,0,-8],"rotation":[22.5,0,0],"cubes":[{"origin":[-0.1,9,-24],"size":[0,16,16],"pivot":[7.9,0,-8],"uv":{"north":{"uv":[9.6604,10.6827],"uv_size":[0,1.3173]},"south":{"uv":[9.6604,10.6827],"uv_size":[0,1.3173]},"east":{"uv":[12.7765,13.516],"uv_size":[-1.0783,1.3173]},"west":{"uv":[11.7141,13.516],"uv_size":[1.0783,1.3173]},"up":{"uv":[9.6604,11.984],"uv_size":[0,-1.3173]},"down":{"uv":[9.6604,11.984],"uv_size":[0,-1.3173]}}}],"name":"rot_6"},{"parent":"geyser_custom_z","pivot":[1,9,3],"rotation":[22.5,0,0],"cubes":[{"origin":[-1,8,2],"size":[2,3,6.5],"pivot":[1,9,3],"uv":{"north":{"uv":[12.0024,11.5873],"uv_size":[0.1485,0.246]},"east":{"uv":[11.6299,10.6707],"uv_size":[0.4456,0.246]},"west":{"uv":[12.0682,10.6707],"uv_size":[-0.4456,0.246]},"up":{"uv":[10.2666,13.0913],"uv_size":[0.1485,0.492]},"down":{"uv":[10.4175,13.5753],"uv_size":[0.1485,-0.492]}}}],"name":"rot_7"},{"parent":"geyser_custom_z","pivot":[1,10,-2],"rotation":[22.5,0,0],"cubes":[{"origin":[-1,6,-4.5],"size":[2,2,3],"pivot":[1,10,-2],"uv":{"north":{"uv":[11.1674,13.336],"uv_size":[-0.1485,0.164]},"east":{"uv":[12.1473,10.9193],"uv_size":[-0.2228,0.164]},"west":{"uv":[11.9282,10.9193],"uv_size":[0.2228,0.164]},"up":{"uv":[12.0024,11.3293],"uv_size":[0.1485,-0.246]},"down":{"uv":[12.0024,11.3373],"uv_size":[0.1485,0.246]}}},{"origin":[-0.5,6.5,-6.5],"size":[1,1,2],"pivot":[1,10,-2],"uv":{"north":{"uv":[10.9422,13.418],"uv_size":[-0.0743,0.082]},"east":{"uv":[11.8466,13.3347],"uv_size":[-0.1485,0.082]},"west":{"uv":[11.7005,13.3347],"uv_size":[0.1485,0.082]},"up":{"uv":[11.8503,13.4973],"uv_size":[0.0743,-0.164]},"down":{"uv":[11.9257,13.336],"uv_size":[0.0743,0.164]}}}],"name":"rot_8"},{"parent":"geyser_custom_z","pivot":[0.5,15.65,10.5],"rotation":[22.5,0,0],"cubes":[{"origin":[-0.6,14.6286,9.5517],"size":[1.2,2,6],"pivot":[0.5,15.65,10.5],"uv":{"north":{"uv":[12.1522,11.2473],"uv_size":[0.0743,-0.164]},"south":{"uv":[12.1522,10.9193],"uv_size":[0.0743,0.164]},"east":{"uv":[12.9787,15.992],"uv_size":[-0.1485,-0.492]},"west":{"uv":[12.8326,15.992],"uv_size":[0.1485,-0.492]},"up":{"uv":[12.7559,15.508],"uv_size":[0.0743,0.492]},"down":{"uv":[12.7559,15.508],"uv_size":[0.0743,0.492]}}}],"name":"rot_9"},{"parent":"geyser_custom_z","pivot":[0,2.5826,-13.8062],"rotation":[22.5,0,0],"cubes":[{"origin":[-0.5,21.7607,-20.3963],"size":[1,2,8],"pivot":[0,2.5826,-13.8062],"uv":{"north":{"uv":[10.2654,10.6693],"uv_size":[0.0743,0.164]},"south":{"uv":[10.2654,10.6693],"uv_size":[0.0743,0.164]},"east":{"uv":[10.0024,10.844],"uv_size":[0.1485,0.656]},"west":{"uv":[10.0024,10.844],"uv_size":[0.1485,0.656]},"up":{"uv":[10.0743,11.3643],"uv_size":[-0.0743,-0.656]},"down":{"uv":[10.0743,11.3643],"uv_size":[-0.0743,-0.656]}}}],"name":"rot_10"},{"parent":"geyser_custom_z","pivot":[0,4.1716,1.6213],"rotation":[22.5,0,0],"cubes":[{"origin":[-0.5,2.0503,0.3713],"size":[1,3,2],"pivot":[0,4.1716,1.6213],"uv":{"north":{"uv":[11.4729,13.3373],"uv_size":[0.0743,0.246]},"south":{"uv":[11.4729,13.3373],"uv_size":[0.0743,0.246]},"east":{"uv":[12.0779,12.0873],"uv_size":[0.1485,0.246]},"west":{"uv":[12.224,12.0873],"uv_size":[-0.1485,0.246]},"down":{"uv":[10.6427,13.5807],"uv_size":[0.0743,-0.164]}}}],"name":"rot_11"},{"parent":"geyser_custom_z","pivot":[0,11.3284,-3.1213],"rotation":[22.5,0,0],"cubes":[{"origin":[-0.5,10.4498,-3.8713],"size":[1,3,2],"pivot":[0,11.3284,-3.1213],"uv":{"north":{"uv":[11.4705,13.5793],"uv_size":[-0.0743,-0.246]},"south":{"uv":[11.4705,13.5793],"uv_size":[-0.0743,-0.246]},"east":{"uv":[12.224,10.9127],"uv_size":[-0.1485,-0.246]},"west":{"uv":[12.224,10.9127],"uv_size":[-0.1485,-0.246]},"up":{"uv":[12.1522,11.414],"uv_size":[0.0743,-0.164]}}}],"name":"rot_12"},{"parent":"geyser_custom_z","pivot":[0,12,-9],"rotation":[22.5,0,0],"cubes":[{"origin":[-1.1,10.0979,-9.2105],"size":[2.2,6,3],"pivot":[0,12,-9],"uv":{"north":{"uv":[10.7882,14.5913],"uv_size":[-0.1485,0.492]},"south":{"uv":[10.7882,14.5913],"uv_size":[-0.1485,0.492]},"east":{"uv":[10.5624,13.5913],"uv_size":[-0.2228,0.492]},"west":{"uv":[10.3432,13.5913],"uv_size":[0.2228,0.492]},"up":{"uv":[11.5404,13.871],"uv_size":[-0.1819,-0.246]}}}],"name":"rot_13"},{"parent":"geyser_custom_z","pivot":[0,18.574,8.2933],"rotation":[22.5,0,0],"cubes":[{"origin":[-1,15.1577,6.4005],"size":[2,4,3],"pivot":[0,18.574,8.2933],"uv":{"north":{"uv":[10.5685,13.0887],"uv_size":[0.1485,0.328]},"south":{"uv":[11.8515,13.0053],"uv_size":[0.1485,0.328]},"east":{"uv":[10.7961,13.0887],"uv_size":[0.2228,0.328]},"west":{"uv":[11.0152,13.0887],"uv_size":[-0.2228,0.328]},"up":{"uv":[12.0024,11.8373],"uv_size":[0.1485,0.246]}}}],"name":"rot_14"},{"parent":"geyser_custom_z","pivot":[0,19.1799,19.078],"rotation":[22.5,0,0],"cubes":[{"origin":[-0.6,20.7058,20.828],"size":[1.2,5.4483,2],"pivot":[0,19.1799,19.078],"uv":{"north":{"uv":[12.3762,12.6739],"uv_size":[-0.0743,0.4468]},"south":{"uv":[12.3762,12.674],"uv_size":[-0.0743,0.451]},"east":{"uv":[12.2995,13.0073],"uv_size":[-0.1485,0.4468]},"west":{"uv":[12.2995,13.0073],"uv_size":[-0.1485,0.451]},"up":{"uv":[12.3007,12.211],"uv_size":[-0.0743,0.164]}}}],"name":"rot_15"},{"parent":"geyser_custom_z","pivot":[0,26.7662,-19.3702],"rotation":[22.5,0,0],"cubes":[{"origin":[-0.5,25.8431,-19.3413],"size":[1,1,3.4483],"pivot":[0,26.7662,-19.3702],"uv":{"north":{"uv":[12.3031,13.1263],"uv_size":[0.0743,0.082]},"south":{"uv":[12.3031,13.1263],"uv_size":[0.0743,0.082]},"east":{"uv":[12.3031,13.4078],"uv_size":[0.0743,-0.2828]},"west":{"uv":[12.3031,13.1296],"uv_size":[0.0743,0.2828]},"up":{"uv":[12.3762,13.1296],"uv_size":[-0.0743,0.2828]},"down":{"uv":[12.3762,13.4078],"uv_size":[-0.0743,-0.2828]}}}],"name":"rot_16"},{"parent":"geyser_custom_z","pivot":[8,0,8],"rotation":[0,-0,0],"cubes":[{"origin":[0,3,2],"size":[0,14,19],"pivot":[8,0,8],"uv":{"north":{"uv":[9.6604,10.6827],"uv_size":[0,1.1507]},"south":{"uv":[9.6604,10.6827],"uv_size":[0,1.1507]},"east":{"uv":[11.3368,14.8493],"uv_size":[1.418,1.1507]},"west":{"uv":[12.7387,14.8493],"uv_size":[-1.418,1.1507]},"up":{"uv":[9.6604,10.6827],"uv_size":[0,1.5673]},"down":{"uv":[9.6604,10.6827],"uv_size":[0,1.5673]}}}],"name":"rot_17"},{"parent":"geyser_custom_z","pivot":[1,-10,0],"rotation":[0,-0,0],"cubes":[{"origin":[-1.5,6,-1.5],"size":[3,1,3],"pivot":[1,-10,0],"uv":{"north":{"uv":[11.1734,13.3347],"uv_size":[0.2228,0.082]},"south":{"uv":[11.1734,13.3347],"uv_size":[0.2228,0.082]},"east":{"uv":[11.1734,13.3347],"uv_size":[0.2228,0.082]},"west":{"uv":[11.1734,13.3347],"uv_size":[0.2228,0.082]},"up":{"uv":[11.6263,13.0873],"uv_size":[0.2228,0.246]},"down":{"uv":[11.6263,13.0873],"uv_size":[0.2228,0.246]}}}],"name":"rot_18"},{"parent":"geyser_custom_z","pivot":[1,1,0],"rotation":[0,-0,0],"cubes":[{"origin":[-2,4,-2],"size":[4,2,4],"pivot":[1,1,0],"uv":{"north":{"uv":[11.6275,10.9193],"uv_size":[0.2971,0.164]},"south":{"uv":[11.6275,10.9193],"uv_size":[0.2971,0.164]},"east":{"uv":[11.6275,10.9193],"uv_size":[0.2971,0.164]},"west":{"uv":[11.6275,10.9193],"uv_size":[0.2971,0.164]},"up":{"uv":[9.9671,12.8387],"uv_size":[0.2971,0.328]},"down":{"uv":[9.9671,12.8387],"uv_size":[0.2971,0.328]}}}],"name":"rot_19"},{"parent":"geyser_custom_z","pivot":[1,5.5,0],"rotation":[0,-0,0],"cubes":[{"origin":[-1,1,-1],"size":[2,3,2],"pivot":[1,5.5,0],"uv":{"north":{"uv":[11.9269,12.4207],"uv_size":[0.1485,0.246]},"south":{"uv":[11.9269,12.4207],"uv_size":[0.1485,0.246]},"east":{"uv":[11.9269,12.1707],"uv_size":[0.1485,0.246]},"west":{"uv":[11.9269,12.1707],"uv_size":[0.1485,0.246]},"down":{"uv":[11.776,12.3307],"uv_size":[0.1485,-0.164]}}},{"origin":[-0.5,-1,-0.5],"size":[1,2,1],"pivot":[1,5.5,0],"uv":{"north":{"uv":[12.0767,12.836],"uv_size":[0.0743,0.164]},"south":{"uv":[12.0767,12.836],"uv_size":[0.0743,0.164]},"east":{"uv":[11.6238,13.336],"uv_size":[0.0743,0.164]},"west":{"uv":[11.6238,13.336],"uv_size":[0.0743,0.164]},"down":{"uv":[12.0012,12.1653],"uv_size":[0.0743,-0.082]}}}],"name":"rot_20"},{"parent":"geyser_custom_z","pivot":[0,0.7302,-2.7762],"rotation":[0,-0,0],"cubes":[{"origin":[-0.5,0.7302,-2.7762],"size":[1,2,1],"pivot":[0,0.7302,-2.7762],"uv":{"north":{"uv":[12.2252,11.9193],"uv_size":[-0.0743,0.164]},"south":{"uv":[12.2252,11.7527],"uv_size":[-0.0743,0.164]},"east":{"uv":[10.8667,13.4193],"uv_size":[-0.0743,0.164]},"west":{"uv":[10.7937,13.4193],"uv_size":[0.0743,0.164]},"down":{"uv":[11.171,13.418],"uv_size":[0.0743,0.082]}}}],"name":"rot_21"},{"parent":"geyser_custom_z","pivot":[0,0.7302,2.7762],"rotation":[0,-0,0],"cubes":[{"origin":[-0.5,0.7302,1.7762],"size":[1,2,1],"pivot":[0,0.7302,2.7762],"uv":{"north":{"uv":[12.1522,11.7527],"uv_size":[0.0743,0.164]},"south":{"uv":[12.1522,11.9193],"uv_size":[0.0743,0.164]},"east":{"uv":[10.7937,13.4193],"uv_size":[0.0743,0.164]},"west":{"uv":[10.8667,13.4193],"uv_size":[-0.0743,0.164]},"down":{"uv":[11.171,13.4987],"uv_size":[0.0743,-0.082]}}}],"name":"rot_22"},{"parent":"geyser_custom_z","pivot":[0,14.7698,-4.2762],"rotation":[0,-0,0],"cubes":[{"origin":[-0.4,12.7698,-4.2762],"size":[0.8,2,1],"pivot":[0,14.7698,-4.2762],"uv":{"north":{"uv":[10.6403,13.5807],"uv_size":[-0.0743,-0.164]},"south":{"uv":[10.6403,13.5807],"uv_size":[-0.0743,-0.164]},"east":{"uv":[12.2252,11.7473],"uv_size":[-0.0743,-0.164]},"west":{"uv":[12.1522,11.7473],"uv_size":[0.0743,-0.164]},"up":{"uv":[10.9446,13.4987],"uv_size":[0.0743,-0.082]}}}],"name":"rot_23"},{"parent":"geyser_custom_z","pivot":[0,14.7698,4.2762],"rotation":[0,-0,0],"cubes":[{"origin":[-0.4,12.7698,3.2762],"size":[0.8,2,1],"pivot":[0,14.7698,4.2762],"uv":{"north":{"uv":[10.5672,13.5807],"uv_size":[0.0743,-0.164]},"south":{"uv":[10.5672,13.5807],"uv_size":[0.0743,-0.164]},"east":{"uv":[12.1522,11.7473],"uv_size":[0.0743,-0.164]},"west":{"uv":[12.2252,11.7473],"uv_size":[-0.0743,-0.164]},"up":{"uv":[10.9446,13.418],"uv_size":[0.0743,0.082]}}}],"name":"rot_24"},{"parent":"geyser_custom_z","pivot":[0,16.0538,-21.2317],"rotation":[0,-0,0],"cubes":[{"origin":[-0.4,4.7855,-21.7817],"size":[0.8,6,1],"pivot":[0,16.0538,-21.2317],"uv":{"north":{"uv":[9.888,11.4663],"uv_size":[0.0743,0.492]},"south":{"uv":[9.888,11.4663],"uv_size":[0.0743,0.492]},"east":{"uv":[9.888,11.4663],"uv_size":[0.0743,0.492]},"west":{"uv":[9.888,11.4663],"uv_size":[0.0743,0.492]},"up":{"uv":[12.678,12.207],"uv_size":[-0.0743,-0.082]},"down":{"uv":[9.9611,12.0403],"uv_size":[-0.0743,-0.082]}}}],"name":"rot_25"},{"parent":"geyser_custom_z","pivot":[0,16.0538,21.2317],"rotation":[0,-0,0],"cubes":[{"origin":[-0.4,4.7855,20.7817],"size":[0.8,6,1],"pivot":[0,16.0538,21.2317],"uv":{"north":{"uv":[9.9611,11.4663],"uv_size":[-0.0743,0.492]},"south":{"uv":[9.9611,11.4663],"uv_size":[-0.0743,0.492]},"east":{"uv":[9.9611,11.4663],"uv_size":[-0.0743,0.492]},"west":{"uv":[9.9611,11.4663],"uv_size":[-0.0743,0.492]},"up":{"uv":[12.605,12.207],"uv_size":[0.0743,-0.082]},"down":{"uv":[9.888,12.0403],"uv_size":[0.0743,-0.082]}}}],"name":"rot_26"},{"parent":"geyser_custom_z","pivot":[0,18.574,-8.2933],"rotation":[0,-0,0],"cubes":[{"origin":[-0.5,18.5327,-9.1142],"size":[1,3,2],"pivot":[0,18.574,-8.2933],"uv":{"north":{"uv":[11.0931,13.0873],"uv_size":[-0.0743,0.246]},"south":{"uv":[10.8667,12.3373],"uv_size":[-0.0743,0.246]},"east":{"uv":[12.1485,13.004],"uv_size":[-0.1485,0.246]},"west":{"uv":[12.0024,13.004],"uv_size":[0.1485,0.246]},"up":{"uv":[12.1522,11.0807],"uv_size":[0.0743,-0.164]},"down":{"uv":[12.1522,11.086],"uv_size":[0.0743,0.164]}}}],"name":"rot_27"},{"parent":"geyser_custom_z","pivot":[0,18.574,8.2933],"rotation":[0,-0,0],"cubes":[{"origin":[-0.5,18.5327,7.1142],"size":[1,3,2],"pivot":[0,18.574,8.2933],"uv":{"north":{"uv":[10.7937,12.3373],"uv_size":[0.0743,0.246]},"south":{"uv":[11.0201,13.0873],"uv_size":[0.0743,0.246]},"east":{"uv":[12.0024,13.004],"uv_size":[0.1485,0.246]},"west":{"uv":[12.1485,13.004],"uv_size":[-0.1485,0.246]},"up":{"uv":[12.1522,10.9193],"uv_size":[0.0743,0.164]},"down":{"uv":[12.1522,11.2473],"uv_size":[0.0743,-0.164]}}}],"name":"rot_28"},{"parent":"geyser_custom_z","pivot":[7.9,0,8],"rotation":[-22.5,0,0],"cubes":[{"origin":[-0.1,9,8],"size":[0,16,16],"pivot":[7.9,0,8],"uv":{"north":{"uv":[9.6604,10.6827],"uv_size":[0,1.3173]},"south":{"uv":[9.6604,10.6827],"uv_size":[0,1.3173]},"east":{"uv":[11.7141,13.516],"uv_size":[1.0783,1.3173]},"west":{"uv":[12.7765,13.516],"uv_size":[-1.0783,1.3173]},"up":{"uv":[9.6604,10.6827],"uv_size":[0,1.3173]},"down":{"uv":[9.6604,10.6827],"uv_size":[0,1.3173]}}}],"name":"rot_29"},{"parent":"geyser_custom_z","pivot":[1,9,-3],"rotation":[-22.5,0,0],"cubes":[{"origin":[-1,8,-8.5],"size":[2,3,6.5],"pivot":[1,9,-3],"uv":{"south":{"uv":[12.1485,11.5873],"uv_size":[-0.1485,0.246]},"east":{"uv":[12.0682,10.6707],"uv_size":[-0.4456,0.246]},"west":{"uv":[11.6299,10.6707],"uv_size":[0.4456,0.246]},"up":{"uv":[10.2666,13.5753],"uv_size":[0.1485,-0.492]},"down":{"uv":[10.4175,13.0913],"uv_size":[0.1485,0.492]}}}],"name":"rot_30"},{"parent":"geyser_custom_z","pivot":[1,10,2],"rotation":[-22.5,0,0],"cubes":[{"origin":[-1,6,1.5],"size":[2,2,3],"pivot":[1,10,2],"uv":{"south":{"uv":[11.0213,13.336],"uv_size":[0.1485,0.164]},"east":{"uv":[11.9282,10.9193],"uv_size":[0.2228,0.164]},"west":{"uv":[12.1473,10.9193],"uv_size":[-0.2228,0.164]},"up":{"uv":[12.0024,11.0873],"uv_size":[0.1485,0.246]},"down":{"uv":[12.0024,11.5793],"uv_size":[0.1485,-0.246]}}},{"origin":[-0.5,6.5,4.5],"size":[1,1,2],"pivot":[1,10,2],"uv":{"south":{"uv":[10.8691,13.418],"uv_size":[0.0743,0.082]},"east":{"uv":[11.7005,13.3347],"uv_size":[0.1485,0.082]},"west":{"uv":[11.8466,13.3347],"uv_size":[-0.1485,0.082]},"up":{"uv":[11.8503,13.336],"uv_size":[0.0743,0.164]},"down":{"uv":[11.9257,13.4973],"uv_size":[0.0743,-0.164]}}}],"name":"rot_31"},{"parent":"geyser_custom_z","pivot":[0.5,15.65,-10.5],"rotation":[-22.5,0,0],"cubes":[{"origin":[-0.6,14.6286,-15.5517],"size":[1.2,2,6],"pivot":[0.5,15.65,-10.5],"uv":{"north":{"uv":[12.2252,10.9193],"uv_size":[-0.0743,0.164]},"south":{"uv":[12.2252,11.2473],"uv_size":[-0.0743,-0.164]},"east":{"uv":[12.9787,15.508],"uv_size":[-0.1485,0.492]},"west":{"uv":[12.8326,15.508],"uv_size":[0.1485,0.492]},"up":{"uv":[12.7559,15.992],"uv_size":[0.0743,-0.492]},"down":{"uv":[12.7559,15.992],"uv_size":[0.0743,-0.492]}}}],"name":"rot_32"},{"parent":"geyser_custom_z","pivot":[0,2.5826,13.8062],"rotation":[-22.5,0,0],"cubes":[{"origin":[-0.5,21.7607,12.3963],"size":[1,2,8],"pivot":[0,2.5826,13.8062],"uv":{"north":{"uv":[10.3384,10.6693],"uv_size":[-0.0743,0.164]},"south":{"uv":[10.3384,10.6693],"uv_size":[-0.0743,0.164]},"east":{"uv":[10.0024,11.4893],"uv_size":[0.1485,-0.656]},"west":{"uv":[10.0024,11.4893],"uv_size":[0.1485,-0.656]},"up":{"uv":[10.0743,10.719],"uv_size":[-0.0743,0.656]},"down":{"uv":[10.0743,10.719],"uv_size":[-0.0743,0.656]}}}],"name":"rot_33"},{"parent":"geyser_custom_z","pivot":[0,4.1716,-1.6213],"rotation":[-22.5,0,0],"cubes":[{"origin":[-0.5,2.0503,-2.3713],"size":[1,3,2],"pivot":[0,4.1716,-1.6213],"uv":{"north":{"uv":[11.546,13.3373],"uv_size":[-0.0743,0.246]},"south":{"uv":[11.546,13.3373],"uv_size":[-0.0743,0.246]},"east":{"uv":[12.224,12.0873],"uv_size":[-0.1485,0.246]},"west":{"uv":[12.0779,12.0873],"uv_size":[0.1485,0.246]},"down":{"uv":[10.6427,13.4193],"uv_size":[0.0743,0.164]}}}],"name":"rot_34"},{"parent":"geyser_custom_z","pivot":[0,11.3284,3.1213],"rotation":[-22.5,0,0],"cubes":[{"origin":[-0.5,10.4498,1.8713],"size":[1,3,2],"pivot":[0,11.3284,3.1213],"uv":{"north":{"uv":[11.3974,13.5793],"uv_size":[0.0743,-0.246]},"south":{"uv":[11.3974,13.5793],"uv_size":[0.0743,-0.246]},"east":{"uv":[12.0779,10.9127],"uv_size":[0.1485,-0.246]},"west":{"uv":[12.0779,10.9127],"uv_size":[0.1485,-0.246]},"up":{"uv":[12.1522,11.2527],"uv_size":[0.0743,0.164]}}}],"name":"rot_35"},{"parent":"geyser_custom_z","pivot":[0,12,9],"rotation":[-22.5,0,0],"cubes":[{"origin":[-1.1,10.0979,6.2105],"size":[2.2,6,3],"pivot":[0,12,9],"uv":{"north":{"uv":[10.642,14.5913],"uv_size":[0.1485,0.492]},"south":{"uv":[10.642,14.5913],"uv_size":[0.1485,0.492]},"east":{"uv":[10.3432,13.5913],"uv_size":[0.2228,0.492]},"west":{"uv":[10.5624,13.5913],"uv_size":[-0.2228,0.492]},"up":{"uv":[11.5404,13.629],"uv_size":[-0.1819,0.246]}}}],"name":"rot_36"},{"parent":"geyser_custom_z","pivot":[0,18.574,-8.2933],"rotation":[-22.5,0,0],"cubes":[{"origin":[-1,15.1577,-9.4005],"size":[2,4,3],"pivot":[0,18.574,-8.2933],"uv":{"north":{"uv":[11.9976,13.0053],"uv_size":[-0.1485,0.328]},"south":{"uv":[10.7146,13.0887],"uv_size":[-0.1485,0.328]},"east":{"uv":[11.0152,13.0887],"uv_size":[-0.2228,0.328]},"west":{"uv":[10.7961,13.0887],"uv_size":[0.2228,0.328]},"up":{"uv":[12.0024,12.0793],"uv_size":[0.1485,-0.246]}}}],"name":"rot_37"},{"parent":"geyser_custom_z","pivot":[0,19.1799,-19.078],"rotation":[-22.5,0,0],"cubes":[{"origin":[-0.6,20.7058,-22.828],"size":[1.2,5.4483,2],"pivot":[0,19.1799,-19.078],"uv":{"north":{"uv":[12.3031,12.674],"uv_size":[0.0743,0.451]},"south":{"uv":[12.3031,12.6739],"uv_size":[0.0743,0.4468]},"east":{"uv":[12.1534,13.0073],"uv_size":[0.1485,0.4468]},"west":{"uv":[12.1534,13.0073],"uv_size":[0.1485,0.451]},"up":{"uv":[12.3007,12.3723],"uv_size":[-0.0743,-0.164]}}}],"name":"rot_38"},{"parent":"geyser_custom_z","pivot":[0,26.7662,19.3702],"rotation":[-22.5,0,0],"cubes":[{"origin":[-0.5,25.8431,15.8931],"size":[1,1,3.4483],"pivot":[0,26.7662,19.3702],"uv":{"north":{"uv":[12.3031,13.207],"uv_size":[0.0743,-0.082]},"south":{"uv":[12.3031,13.207],"uv_size":[0.0743,-0.082]},"east":{"uv":[12.3031,13.1296],"uv_size":[0.0743,0.2828]},"west":{"uv":[12.3031,13.4078],"uv_size":[0.0743,-0.2828]},"up":{"uv":[12.3762,13.4078],"uv_size":[-0.0743,-0.2828]},"down":{"uv":[12.3762,13.1296],"uv_size":[-0.0743,0.2828]}}}],"name":"rot_39"},{"parent":"geyser_custom_z","pivot":[8,10,2],"rotation":[-45,0,0],"cubes":[{"origin":[0,11.95,-15],"size":[0,20,20],"pivot":[8,10,2],"uv":{"north":{"uv":[9.6604,12.3173],"uv_size":[0,-1.6507]},"south":{"uv":[9.6604,12.3173],"uv_size":[0,-1.6507]},"east":{"uv":[14.5066,1.6507],"uv_size":[1.4934,-1.6507]},"west":{"uv":[15.984,1.6507],"uv_size":[-1.4934,-1.6507]},"up":{"uv":[9.6604,10.6827],"uv_size":[0,1.6507]},"down":{"uv":[9.6604,10.6827],"uv_size":[0,1.6507]}}}],"name":"rot_40"},{"parent":"geyser_custom_z","pivot":[0,2.5826,13.8062],"rotation":[-45,0,0],"cubes":[{"origin":[-0.4,23.4107,11.6463],"size":[0.8,1,8],"pivot":[0,2.5826,13.8062],"uv":{"north":{"uv":[9.7346,10.668],"uv_size":[-0.0743,0.082]},"south":{"uv":[12.3007,13.1653],"uv_size":[-0.0743,-0.082]},"east":{"uv":[12.3007,12.4273],"uv_size":[-0.0743,0.656]},"west":{"uv":[12.3007,13.0727],"uv_size":[-0.0743,-0.656]},"up":{"uv":[12.3007,13.0727],"uv_size":[-0.0743,-0.656]},"down":{"uv":[12.3007,12.4273],"uv_size":[-0.0743,0.656]}}}],"name":"rot_41"},{"parent":"geyser_custom_z","pivot":[0,15.0429,18.9228],"rotation":[-45,0,0],"cubes":[{"origin":[-0.5,12.0429,13.9228],"size":[1,2,10],"pivot":[0,15.0429,18.9228],"uv":{"north":{"uv":[10.1911,10.7487],"uv_size":[0.1485,-0.082]},"south":{"uv":[10.1911,10.7487],"uv_size":[0.1485,-0.082]},"east":{"uv":[10.0024,10.68],"uv_size":[0.1485,0.82]},"west":{"uv":[10.0024,11.4867],"uv_size":[0.1485,-0.82]},"up":{"uv":[9.9611,10.68],"uv_size":[-0.0743,0.82]},"down":{"uv":[9.9611,10.68],"uv_size":[-0.0743,0.82]}}}],"name":"rot_42"},{"parent":"geyser_custom_z","pivot":[0,19.1799,-19.078],"rotation":[-45,0,0],"cubes":[{"origin":[-0.5,19.9299,-22.2021],"size":[1,2,7.4483],"pivot":[0,19.1799,-19.078],"uv":{"east":{"uv":[12.2995,12.9858],"uv_size":[-0.1485,-0.6108]},"west":{"uv":[12.2995,12.3849],"uv_size":[-0.1485,0.6108]},"up":{"uv":[12.1899,12.3849],"uv_size":[0.0743,0.6108]},"down":{"uv":[12.1899,12.9858],"uv_size":[0.0743,-0.6108]}}}],"name":"rot_43"}]}]}
