{"format_version":"1.16.0","minecraft:geometry":[{"description":{"identifier":"geometry.geyser_custom.geo_d5fc8cd","texture_width":16,"texture_height":16,"visible_bounds_width":4,"visible_bounds_height":4.5,"visible_bounds_offset":[0,0.75,0]},"bones":[{"name":"geyser_custom","binding":"c.item_slot == 'head' ? 'head' : q.item_slot_to_bone_name(c.item_slot)","pivot":[0,8,0]},{"name":"geyser_custom_x","parent":"geyser_custom","pivot":[0,8,0]},{"name":"geyser_custom_y","parent":"geyser_custom_x","pivot":[0,8,0]},{"name":"geyser_custom_z","parent":"geyser_custom_y","pivot":[0,8,0],"cubes":[{"origin":[-3.5,14,-14],"size":[7,11,3],"uv":{"north":{"uv":[1.1405,9.5147],"uv_size":[0.5198,0.902]},"south":{"uv":[1.1405,9.2353],"uv_size":[0.5198,-0.902]},"east":{"uv":[0.902,8.848],"uv_size":[-0.2228,0.902]},"west":{"uv":[0.6829,8.848],"uv_size":[0.2228,0.902]},"up":{"uv":[1.6519,8.3373],"uv_size":[-0.5198,0.246]},"down":{"uv":[1.6519,8.5793],"uv_size":[-0.5198,-0.246]}}},{"origin":[-3.5,18,-11],"size":[7,7,4],"uv":{"north":{"uv":[1.1405,9.5147],"uv_size":[0.5198,0.902]},"south":{"uv":[0.6122,10.324],"uv_size":[0.5198,-0.574]},"east":{"uv":[0.5989,9.7593],"uv_size":[-0.2971,0.574]},"west":{"uv":[0.3067,9.7593],"uv_size":[0.2971,0.574]},"up":{"uv":[0.6122,9.7553],"uv_size":[0.5198,0.328]},"down":{"uv":[1.1405,8.8387],"uv_size":[0.5198,0.328]}}},{"origin":[-2.25,20,-7],"size":[4.5,4,7],"uv":{"north":{"uv":[1.1405,9.5147],"uv_size":[0.5198,0.902]},"south":{"uv":[0.6122,10.324],"uv_size":[0.5198,-0.574]},"east":{"uv":[3.0482,8.4637],"uv_size":[-0.5198,0.328]},"west":{"uv":[2.5368,8.4637],"uv_size":[0.5198,0.328]},"up":{"uv":[1.93,9.7177],"uv_size":[0.3342,0.574]},"down":{"uv":[1.93,10.2823],"uv_size":[0.3342,-0.574]}}}]},{"parent":"geyser_custom_z","pivot":[0.5,18,2.75],"rotation":[45,0,0],"cubes":[{"origin":[-1.1,16.5,0.75],"size":[2.2,4,3],"pivot":[0.5,18,2.75],"uv":{"north":{"uv":[0.4552,7.8387],"uv_size":[0.1485,0.328]},"south":{"uv":[0.4552,7.8387],"uv_size":[0.1485,0.328]},"east":{"uv":[2.1923,7.3387],"uv_size":[0.2228,0.328]},"west":{"uv":[2.4115,7.3387],"uv_size":[-0.2228,0.328]},"down":{"uv":[2.342,8.1627],"uv_size":[0.1485,-0.246]}}}],"name":"rot_1"},{"parent":"geyser_custom_z","pivot":[0,17.4797,-6.0727],"rotation":[45,0,0],"cubes":[{"origin":[-0.5,16.4928,-10.7711],"size":[1,2,3],"pivot":[0,17.4797,-6.0727],"uv":{"north":{"uv":[2.5648,5.7473],"uv_size":[-0.0743,-0.164]},"south":{"uv":[2.5648,5.7527],"uv_size":[-0.0743,0.164]},"east":{"uv":[2.342,7.6707],"uv_size":[0.1485,0.246]},"west":{"uv":[2.4882,7.6707],"uv_size":[-0.1485,0.246]},"up":{"uv":[1.4328,7.996],"uv_size":[-0.0743,-0.246]},"down":{"uv":[1.2063,7.246],"uv_size":[-0.0743,-0.246]}}}],"name":"rot_2"},{"parent":"geyser_custom_z","pivot":[0,22,0],"rotation":[45,0,0],"cubes":[{"origin":[-2,19,-3],"size":[4,6,6],"pivot":[0,22,0],"uv":{"north":{"uv":[1.5897,5.758],"uv_size":[0.2971,0.492]},"south":{"uv":[1.5897,6.258],"uv_size":[0.2971,0.492]},"east":{"uv":[0.1582,7.008],"uv_size":[0.4456,0.492]},"west":{"uv":[0.1582,7.008],"uv_size":[0.4456,0.492]},"up":{"uv":[1.5897,6.758],"uv_size":[0.2971,0.492]},"down":{"uv":[1.882,6.242],"uv_size":[-0.2971,-0.492]}}},{"origin":[-3,20,-2],"size":[6,4,4],"pivot":[0,22,0],"uv":{"north":{"uv":[1.894,5.7553],"uv_size":[0.4456,0.328]},"south":{"uv":[1.894,5.7553],"uv_size":[0.4456,0.328]},"east":{"uv":[1.9671,7.0053],"uv_size":[0.2971,0.328]},"west":{"uv":[2.2593,7.0053],"uv_size":[-0.2971,0.328]},"up":{"uv":[2.3324,6.078],"uv_size":[-0.4456,-0.328]},"down":{"uv":[2.3324,6.078],"uv_size":[-0.4456,-0.328]}}},{"origin":[-3.25,20.5,-1.5],"size":[6.5,3,3],"pivot":[0,22,0],"uv":{"north":{"uv":[1.8946,5.754],"uv_size":[0.4827,0.246]},"south":{"uv":[1.8946,5.754],"uv_size":[0.4827,0.246]},"east":{"uv":[14.4942,1.6707],"uv_size":[0.2228,0.246]},"west":{"uv":[14.4942,1.6707],"uv_size":[0.2228,0.246]},"up":{"uv":[2.3695,5.996],"uv_size":[-0.4827,-0.246]},"down":{"uv":[2.3695,5.996],"uv_size":[-0.4827,-0.246]}}}],"name":"rot_3"},{"parent":"geyser_custom_z","pivot":[0,25,-5.25],"rotation":[45,0,0],"cubes":[{"origin":[-1,24,-8],"size":[2,2,3],"pivot":[0,25,-5.25],"uv":{"south":{"uv":[1.3609,8.0027],"uv_size":[0.1485,0.164]},"east":{"uv":[2.2678,5.586],"uv_size":[0.2228,0.164]},"west":{"uv":[2.4869,5.586],"uv_size":[-0.2228,0.164]},"up":{"uv":[2.342,5.754],"uv_size":[0.1485,0.246]},"down":{"uv":[2.342,6.246],"uv_size":[0.1485,-0.246]}}},{"origin":[-0.5,24.5,-5],"size":[1,1,2],"pivot":[0,25,-5.25],"uv":{"south":{"uv":[1.2088,8.0847],"uv_size":[0.0743,0.082]},"east":{"uv":[2.0402,8.0013],"uv_size":[0.1485,0.082]},"west":{"uv":[2.1863,8.0013],"uv_size":[-0.1485,0.082]},"up":{"uv":[2.1899,8.0027],"uv_size":[0.0743,0.164]},"down":{"uv":[2.2654,8.164],"uv_size":[0.0743,-0.164]}}}],"name":"rot_4"},{"parent":"geyser_custom_z","pivot":[2,23.324,3.7933],"rotation":[22.5,0,0],"cubes":[{"origin":[0.9,22.2168,0.3771],"size":[2.2,3,4],"pivot":[2,23.324,3.7933],"uv":{"south":{"uv":[2.4882,6.746],"uv_size":[-0.1485,-0.246]},"east":{"uv":[1.1357,7.7553],"uv_size":[0.2228,0.328]},"west":{"uv":[1.3549,7.7553],"uv_size":[-0.2228,0.328]},"up":{"uv":[1.0542,8.078],"uv_size":[-0.1485,-0.328]},"down":{"uv":[2.3372,7.9947],"uv_size":[-0.1485,-0.328]}}}],"name":"rot_5"},{"parent":"geyser_custom_z","pivot":[1,22,2],"rotation":[22.5,0,0],"cubes":[{"origin":[-1,21,1],"size":[2,3,6],"pivot":[1,22,2],"uv":{"north":{"uv":[2.342,6.254],"uv_size":[0.1485,0.246]},"east":{"uv":[1.9695,5.3373],"uv_size":[0.4456,0.246]},"west":{"uv":[2.4078,5.3373],"uv_size":[-0.4456,0.246]},"up":{"uv":[0.6062,7.758],"uv_size":[0.1485,0.492]},"down":{"uv":[0.7571,8.242],"uv_size":[0.1485,-0.492]}}}],"name":"rot_6"},{"parent":"geyser_custom_z","pivot":[0,-10.8284,1.6213],"rotation":[22.5,0,0],"cubes":[{"origin":[-0.5,-12.9498,0.3713],"size":[1,3,2],"pivot":[0,-10.8284,1.6213],"uv":{"north":{"uv":[1.8125,8.004],"uv_size":[0.0743,0.246]},"south":{"uv":[1.8125,8.004],"uv_size":[0.0743,0.246]},"east":{"uv":[2.4175,6.754],"uv_size":[0.1485,0.246]},"west":{"uv":[2.5636,6.754],"uv_size":[-0.1485,0.246]},"down":{"uv":[0.9823,8.2473],"uv_size":[0.0743,-0.164]}}}],"name":"rot_7"},{"parent":"geyser_custom_z","pivot":[0,16.6716,3.3713],"rotation":[22.5,0,0],"cubes":[{"origin":[-0.5,14.5503,2.1213],"size":[1,3,2],"pivot":[0,16.6716,3.3713],"uv":{"north":{"uv":[1.7371,8.004],"uv_size":[0.0743,0.246]},"south":{"uv":[1.7371,8.004],"uv_size":[0.0743,0.246]},"east":{"uv":[2.4175,5.3373],"uv_size":[0.1485,0.246]},"west":{"uv":[2.4175,5.3373],"uv_size":[0.1485,0.246]},"down":{"uv":[2.4918,6.0807],"uv_size":[0.0743,-0.164]}}}],"name":"rot_8"},{"parent":"geyser_custom_z","pivot":[0,17.4797,-6.0727],"rotation":[22.5,0,0],"cubes":[{"origin":[-1,17.1916,-6.1127],"size":[2,3,6],"pivot":[0,17.4797,-6.0727],"uv":{"south":{"uv":[2.342,6.254],"uv_size":[0.1485,0.246]},"east":{"uv":[1.9695,5.3373],"uv_size":[0.4456,0.246]},"west":{"uv":[2.4078,5.3373],"uv_size":[-0.4456,0.246]},"up":{"uv":[0.7571,8.242],"uv_size":[0.1485,-0.492]},"down":{"uv":[0.6062,7.758],"uv_size":[0.1485,0.492]}}}],"name":"rot_9"},{"parent":"geyser_custom_z","pivot":[-2,23.324,3.7933],"rotation":[22.5,0,0],"cubes":[{"origin":[-3.1,22.2168,0.3771],"size":[2.2,3,4],"pivot":[-2,23.324,3.7933],"uv":{"south":{"uv":[2.4882,6.746],"uv_size":[-0.1485,-0.246]},"east":{"uv":[1.1357,7.7553],"uv_size":[0.2228,0.328]},"west":{"uv":[1.3549,7.7553],"uv_size":[-0.2228,0.328]},"up":{"uv":[1.0542,8.078],"uv_size":[-0.1485,-0.328]},"down":{"uv":[2.3372,7.9947],"uv_size":[-0.1485,-0.328]}}}],"name":"rot_10"},{"parent":"geyser_custom_z","pivot":[1,22,2],"rotation":[0,22.5,0],"cubes":[{"origin":[4.5,21,-7],"size":[2,2,3],"pivot":[1,22,2],"uv":{"south":{"uv":[1.3609,8.0027],"uv_size":[0.1485,0.164]},"east":{"uv":[2.2678,5.586],"uv_size":[0.2228,0.164]},"west":{"uv":[2.4869,5.586],"uv_size":[-0.2228,0.164]},"up":{"uv":[2.342,5.754],"uv_size":[0.1485,0.246]},"down":{"uv":[2.342,6.246],"uv_size":[0.1485,-0.246]}}},{"origin":[5,21.5,-4],"size":[1,1,2],"pivot":[1,22,2],"uv":{"south":{"uv":[1.2088,8.0847],"uv_size":[0.0743,0.082]},"east":{"uv":[2.0402,8.0013],"uv_size":[0.1485,0.082]},"west":{"uv":[2.1863,8.0013],"uv_size":[-0.1485,0.082]},"up":{"uv":[2.1899,8.0027],"uv_size":[0.0743,0.164]},"down":{"uv":[2.2654,8.164],"uv_size":[0.0743,-0.164]}}}],"name":"rot_11"},{"parent":"geyser_custom_z","pivot":[8,0,8],"rotation":[0,-0,0],"cubes":[{"origin":[-0.25,16.5,-0.75],"size":[0.5,8,10],"pivot":[8,0,8],"uv":{"north":{"uv":[3.7724,9.8347],"uv_size":[-0.0743,0.082]},"south":{"uv":[4.1881,9.2607],"uv_size":[-0.0371,0.656]},"east":{"uv":[4.2143,9.2607],"uv_size":[-0.7426,0.656]},"west":{"uv":[3.4838,9.2607],"uv_size":[0.7426,0.656]},"up":{"uv":[0.0371,9.8467],"uv_size":[-0.0371,0.82]},"down":{"uv":[0.1126,9.8467],"uv_size":[-0.0371,0.82]}}},{"origin":[-0.25,20,9.25],"size":[0.5,4,2.5],"pivot":[8,0,8],"uv":{"north":{"uv":[3.7724,9.8347],"uv_size":[-0.0743,0.082]},"south":{"uv":[4.4145,9.3387],"uv_size":[-0.0371,0.328]},"east":{"uv":[4.4121,9.3387],"uv_size":[-0.1857,0.328]},"west":{"uv":[4.2294,9.3387],"uv_size":[0.1857,0.328]},"up":{"uv":[0.0371,9.8367],"uv_size":[-0.0371,0.205]},"down":{"uv":[0.0371,9.8367],"uv_size":[-0.0371,0.205]}}}],"name":"rot_12"},{"parent":"geyser_custom_z","pivot":[2,23.324,3.7933],"rotation":[0,-0,0],"cubes":[{"origin":[1.5,22.503,3.7521],"size":[1,2,3],"pivot":[2,23.324,3.7933],"uv":{"north":{"uv":[2.5648,5.7527],"uv_size":[-0.0743,0.164]},"south":{"uv":[2.5648,5.7473],"uv_size":[-0.0743,-0.164]},"east":{"uv":[2.342,7.6707],"uv_size":[0.1485,0.246]},"west":{"uv":[2.4882,7.6707],"uv_size":[-0.1485,0.246]},"up":{"uv":[1.2063,7.246],"uv_size":[-0.0743,-0.246]},"down":{"uv":[1.4328,7.996],"uv_size":[-0.0743,-0.246]}}}],"name":"rot_13"},{"parent":"geyser_custom_z","pivot":[1,2,0],"rotation":[0,-0,0],"cubes":[{"origin":[-2,-11,-2],"size":[4,2,4],"pivot":[1,2,0],"uv":{"north":{"uv":[1.9671,5.586],"uv_size":[0.2971,0.164]},"south":{"uv":[1.9671,5.586],"uv_size":[0.2971,0.164]},"east":{"uv":[1.9671,5.586],"uv_size":[0.2971,0.164]},"west":{"uv":[1.9671,5.586],"uv_size":[0.2971,0.164]},"up":{"uv":[0.3067,7.5053],"uv_size":[0.2971,0.328]},"down":{"uv":[0.3067,7.5053],"uv_size":[0.2971,0.328]}}},{"origin":[-1.5,-8,-1.5],"size":[3,1,3],"pivot":[1,2,0],"uv":{"north":{"uv":[1.5131,8.0013],"uv_size":[0.2228,0.082]},"south":{"uv":[1.5131,8.0013],"uv_size":[0.2228,0.082]},"east":{"uv":[1.5131,8.0013],"uv_size":[0.2228,0.082]},"west":{"uv":[1.5131,8.0013],"uv_size":[0.2228,0.082]},"up":{"uv":[1.9659,7.754],"uv_size":[0.2228,0.246]},"down":{"uv":[1.9659,7.754],"uv_size":[0.2228,0.246]}}},{"origin":[-1.5,18,-1.5],"size":[3,1,3],"pivot":[1,2,0],"uv":{"north":{"uv":[1.5131,8.0013],"uv_size":[0.2228,0.082]},"south":{"uv":[1.5131,8.0013],"uv_size":[0.2228,0.082]},"east":{"uv":[1.5131,8.0013],"uv_size":[0.2228,0.082]},"west":{"uv":[1.5131,8.0013],"uv_size":[0.2228,0.082]},"up":{"uv":[1.9659,7.754],"uv_size":[0.2228,0.246]},"down":{"uv":[1.9659,7.754],"uv_size":[0.2228,0.246]}}},{"origin":[-1.5,16,-1.5],"size":[3,1,3],"pivot":[1,2,0],"uv":{"north":{"uv":[1.5131,8.0013],"uv_size":[0.2228,0.082]},"south":{"uv":[1.5131,8.0013],"uv_size":[0.2228,0.082]},"east":{"uv":[1.5131,8.0013],"uv_size":[0.2228,0.082]},"west":{"uv":[1.5131,8.0013],"uv_size":[0.2228,0.082]},"up":{"uv":[1.9659,7.754],"uv_size":[0.2228,0.246]},"down":{"uv":[1.9659,7.754],"uv_size":[0.2228,0.246]}}},{"origin":[0,4,0.5],"size":[0,20,20],"pivot":[1,2,0],"uv":{"east":{"uv":[15.984,1.6507],"uv_size":[-1.4934,-1.6507]},"west":{"uv":[14.5066,1.6507],"uv_size":[1.4934,-1.6507]}}},{"origin":[0,0,-20.5],"size":[0,20,20],"pivot":[1,2,0],"uv":{"east":{"uv":[14.5066,1.6507],"uv_size":[1.4934,-1.6507]},"west":{"uv":[15.984,1.6507],"uv_size":[-1.4934,-1.6507]}}}],"name":"rot_14"},{"parent":"geyser_custom_z","pivot":[1,6.5,0],"rotation":[0,-0,0],"cubes":[{"origin":[-1,-9,-1],"size":[2,29,2],"pivot":[1,6.5,0],"uv":{"north":{"uv":[0.1534,8.266],"uv_size":[0.1485,2.4007]},"south":{"uv":[0.1534,8.266],"uv_size":[0.1485,2.4007]},"east":{"uv":[0.1534,8.266],"uv_size":[0.1485,2.4007]},"west":{"uv":[0.1534,8.266],"uv_size":[0.1485,2.4007]}}},{"origin":[-1,-14,-1],"size":[2,3,2],"pivot":[1,6.5,0],"uv":{"north":{"uv":[2.2666,7.0873],"uv_size":[0.1485,0.246]},"south":{"uv":[2.2666,7.0873],"uv_size":[0.1485,0.246]},"east":{"uv":[2.2666,6.8373],"uv_size":[0.1485,0.246]},"west":{"uv":[2.2666,6.8373],"uv_size":[0.1485,0.246]},"down":{"uv":[2.1156,6.9973],"uv_size":[0.1485,-0.164]}}},{"origin":[-0.5,-16,-0.5],"size":[1,2,1],"pivot":[1,6.5,0],"uv":{"north":{"uv":[2.4163,7.5027],"uv_size":[0.0743,0.164]},"south":{"uv":[2.4163,7.5027],"uv_size":[0.0743,0.164]},"east":{"uv":[1.9635,8.0027],"uv_size":[0.0743,0.164]},"west":{"uv":[1.9635,8.0027],"uv_size":[0.0743,0.164]},"down":{"uv":[2.3408,6.832],"uv_size":[0.0743,-0.082]}}}],"name":"rot_15"},{"parent":"geyser_custom_z","pivot":[0,-14.2698,-2.7762],"rotation":[0,-0,0],"cubes":[{"origin":[-0.5,-14.2698,-2.7762],"size":[1,2,1],"pivot":[0,-14.2698,-2.7762],"uv":{"north":{"uv":[2.5648,6.586],"uv_size":[-0.0743,0.164]},"south":{"uv":[2.5648,6.4193],"uv_size":[-0.0743,0.164]},"east":{"uv":[1.2063,8.086],"uv_size":[-0.0743,0.164]},"west":{"uv":[1.1333,8.086],"uv_size":[0.0743,0.164]},"down":{"uv":[1.5106,8.0847],"uv_size":[0.0743,0.082]}}}],"name":"rot_16"},{"parent":"geyser_custom_z","pivot":[0,-14.2698,2.7762],"rotation":[0,-0,0],"cubes":[{"origin":[-0.5,-14.2698,1.7762],"size":[1,2,1],"pivot":[0,-14.2698,2.7762],"uv":{"north":{"uv":[2.4918,6.4193],"uv_size":[0.0743,0.164]},"south":{"uv":[2.4918,6.586],"uv_size":[0.0743,0.164]},"east":{"uv":[1.1333,8.086],"uv_size":[0.0743,0.164]},"west":{"uv":[1.2063,8.086],"uv_size":[-0.0743,0.164]},"down":{"uv":[1.5106,8.1653],"uv_size":[0.0743,-0.082]}}}],"name":"rot_17"},{"parent":"geyser_custom_z","pivot":[0,13.2302,4.5262],"rotation":[0,-0,0],"cubes":[{"origin":[-0.4,13.2302,3.5262],"size":[0.8,2,1],"pivot":[0,13.2302,4.5262],"uv":{"north":{"uv":[0.9069,8.086],"uv_size":[0.0743,0.164]},"south":{"uv":[0.9069,8.086],"uv_size":[0.0743,0.164]},"east":{"uv":[2.4918,6.2527],"uv_size":[0.0743,0.164]},"west":{"uv":[2.5648,6.2527],"uv_size":[-0.0743,0.164]},"down":{"uv":[1.2842,8.1653],"uv_size":[0.0743,-0.082]}}}],"name":"rot_18"},{"parent":"geyser_custom_z","pivot":[0,28.2698,3.2762],"rotation":[0,-0,0],"cubes":[{"origin":[-0.4,26.2698,2.2762],"size":[0.8,2,1],"pivot":[0,28.2698,3.2762],"uv":{"north":{"uv":[0.9069,8.2473],"uv_size":[0.0743,-0.164]},"south":{"uv":[0.9069,8.2473],"uv_size":[0.0743,-0.164]},"east":{"uv":[2.4918,6.414],"uv_size":[0.0743,-0.164]},"west":{"uv":[2.5648,6.414],"uv_size":[-0.0743,-0.164]},"up":{"uv":[1.2842,8.0847],"uv_size":[0.0743,0.082]}}}],"name":"rot_19"},{"parent":"geyser_custom_z","pivot":[-2,23.324,3.7933],"rotation":[0,-0,0],"cubes":[{"origin":[-2.5,22.503,3.7521],"size":[1,2,3],"pivot":[-2,23.324,3.7933],"uv":{"north":{"uv":[2.5648,5.7527],"uv_size":[-0.0743,0.164]},"south":{"uv":[2.5648,5.7473],"uv_size":[-0.0743,-0.164]},"east":{"uv":[2.342,7.6707],"uv_size":[0.1485,0.246]},"west":{"uv":[2.4882,7.6707],"uv_size":[-0.1485,0.246]},"up":{"uv":[1.2063,7.246],"uv_size":[-0.0743,-0.246]},"down":{"uv":[1.4328,7.996],"uv_size":[-0.0743,-0.246]}}}],"name":"rot_20"},{"parent":"geyser_custom_z","pivot":[1,22,2],"rotation":[-22.5,0,0],"cubes":[{"origin":[-1,20,2],"size":[2,2,3],"pivot":[1,22,2],"uv":{"south":{"uv":[1.3609,8.0027],"uv_size":[0.1485,0.164]},"east":{"uv":[2.2678,5.586],"uv_size":[0.2228,0.164]},"west":{"uv":[2.4869,5.586],"uv_size":[-0.2228,0.164]},"up":{"uv":[2.342,5.754],"uv_size":[0.1485,0.246]},"down":{"uv":[2.342,6.246],"uv_size":[0.1485,-0.246]}}},{"origin":[-0.5,20.5,5],"size":[1,1,2],"pivot":[1,22,2],"uv":{"south":{"uv":[1.2088,8.0847],"uv_size":[0.0743,0.082]},"east":{"uv":[2.0402,8.0013],"uv_size":[0.1485,0.082]},"west":{"uv":[2.1863,8.0013],"uv_size":[-0.1485,0.082]},"up":{"uv":[2.1899,8.0027],"uv_size":[0.0743,0.164]},"down":{"uv":[2.2654,8.164],"uv_size":[0.0743,-0.164]}}}],"name":"rot_21"},{"parent":"geyser_custom_z","pivot":[0,-10.8284,-1.6213],"rotation":[-22.5,0,0],"cubes":[{"origin":[-0.5,-12.9498,-2.3713],"size":[1,3,2],"pivot":[0,-10.8284,-1.6213],"uv":{"north":{"uv":[1.8856,8.004],"uv_size":[-0.0743,0.246]},"south":{"uv":[1.8856,8.004],"uv_size":[-0.0743,0.246]},"east":{"uv":[2.5636,6.754],"uv_size":[-0.1485,0.246]},"west":{"uv":[2.4175,6.754],"uv_size":[0.1485,0.246]},"down":{"uv":[0.9823,8.086],"uv_size":[0.0743,0.164]}}}],"name":"rot_22"},{"parent":"geyser_custom_z","pivot":[0,14.6161,-1.9521],"rotation":[-22.5,0,0],"cubes":[{"origin":[-0.5,12.7302,-2.7762],"size":[1,2,1],"pivot":[0,14.6161,-1.9521],"uv":{"north":{"uv":[2.5648,6.586],"uv_size":[-0.0743,0.164]},"south":{"uv":[2.5648,6.4193],"uv_size":[-0.0743,0.164]},"east":{"uv":[1.2063,8.086],"uv_size":[-0.0743,0.164]},"west":{"uv":[1.1333,8.086],"uv_size":[0.0743,0.164]},"down":{"uv":[1.5106,8.0847],"uv_size":[0.0743,0.082]}}}],"name":"rot_23"},{"parent":"geyser_custom_z","pivot":[0,17.4797,-6.0727],"rotation":[-22.5,0,0],"cubes":[{"origin":[-1.1,15.3622,-8.0231],"size":[2.2,4,3],"pivot":[0,17.4797,-6.0727],"uv":{"north":{"uv":[2.1911,7.672],"uv_size":[0.1485,0.328]},"south":{"uv":[0.9081,7.7553],"uv_size":[0.1485,0.328]},"east":{"uv":[1.1357,7.7553],"uv_size":[0.2228,0.328]},"west":{"uv":[1.3549,7.7553],"uv_size":[-0.2228,0.328]},"down":{"uv":[2.342,6.504],"uv_size":[0.1485,0.246]}}}],"name":"rot_24"},{"parent":"geyser_custom_z","pivot":[0,23,7],"rotation":[-22.5,0,0],"cubes":[{"origin":[-1.1,22.9979,4.0105],"size":[2.2,4,3],"pivot":[0,23,7],"uv":{"north":{"uv":[0.9081,7.7553],"uv_size":[0.1485,0.328]},"south":{"uv":[2.1911,7.672],"uv_size":[0.1485,0.328]},"east":{"uv":[1.1357,7.7553],"uv_size":[0.2228,0.328]},"west":{"uv":[1.3549,7.7553],"uv_size":[-0.2228,0.328]},"up":{"uv":[2.342,6.504],"uv_size":[0.1485,0.246]}}}],"name":"rot_25"},{"parent":"geyser_custom_z","pivot":[0,24.8284,2.1213],"rotation":[-22.5,0,0],"cubes":[{"origin":[-0.5,23.9498,0.8713],"size":[1,3,2],"pivot":[0,24.8284,2.1213],"uv":{"north":{"uv":[1.7371,8.246],"uv_size":[0.0743,-0.246]},"south":{"uv":[1.7371,8.246],"uv_size":[0.0743,-0.246]},"east":{"uv":[2.4175,5.5793],"uv_size":[0.1485,-0.246]},"west":{"uv":[2.4175,5.5793],"uv_size":[0.1485,-0.246]},"up":{"uv":[2.4918,5.9193],"uv_size":[0.0743,0.164]}}}],"name":"rot_26"},{"parent":"geyser_custom_z","pivot":[-1,22,2],"rotation":[0,-22.5,0],"cubes":[{"origin":[-6,21.5,-4],"size":[1,1,2],"pivot":[-1,22,2],"uv":{"south":{"uv":[1.2818,8.0847],"uv_size":[-0.0743,0.082]},"east":{"uv":[2.0402,8.0013],"uv_size":[0.1485,0.082]},"west":{"uv":[2.1863,8.0013],"uv_size":[-0.1485,0.082]},"up":{"uv":[2.2629,8.0027],"uv_size":[-0.0743,0.164]},"down":{"uv":[2.3384,8.164],"uv_size":[-0.0743,-0.164]}}},{"origin":[-6.5,21,-7],"size":[2,2,3],"pivot":[-1,22,2],"uv":{"south":{"uv":[1.507,8.0027],"uv_size":[-0.1485,0.164]},"east":{"uv":[2.2678,5.586],"uv_size":[0.2228,0.164]},"west":{"uv":[2.4869,5.586],"uv_size":[-0.2228,0.164]},"up":{"uv":[2.4882,5.754],"uv_size":[-0.1485,0.246]},"down":{"uv":[2.4882,6.246],"uv_size":[-0.1485,-0.246]}}}],"name":"rot_27"},{"parent":"geyser_custom_z","pivot":[0.5,26.65,8.5],"rotation":[-45,0,0],"cubes":[{"origin":[-0.5,25.7017,6.5214],"size":[1,3,2],"pivot":[0.5,26.65,8.5],"uv":{"north":{"uv":[1.1333,7.004],"uv_size":[0.0743,0.246]},"south":{"uv":[1.3597,7.754],"uv_size":[0.0743,0.246]},"east":{"uv":[2.342,7.6707],"uv_size":[0.1485,0.246]},"west":{"uv":[2.4882,7.6707],"uv_size":[-0.1485,0.246]},"up":{"uv":[2.4918,5.586],"uv_size":[0.0743,0.164]},"down":{"uv":[2.4918,5.914],"uv_size":[0.0743,-0.164]}}}],"name":"rot_28"},{"parent":"geyser_custom_z","pivot":[0,14.6161,-1.9521],"rotation":[-45,0,0],"cubes":[{"origin":[-0.5,14.0585,-2.9918],"size":[1,3,2],"pivot":[0,14.6161,-1.9521],"uv":{"north":{"uv":[1.8856,8.004],"uv_size":[-0.0743,0.246]},"south":{"uv":[1.8856,8.004],"uv_size":[-0.0743,0.246]},"east":{"uv":[2.5636,6.754],"uv_size":[-0.1485,0.246]},"west":{"uv":[2.4175,6.754],"uv_size":[0.1485,0.246]},"down":{"uv":[0.9823,8.086],"uv_size":[0.0743,0.164]}}}],"name":"rot_29"}]}]}
