{"format_version":"1.16.0","minecraft:geometry":[{"description":{"identifier":"geometry.geyser_custom.geo_f48c66d","texture_width":16,"texture_height":16,"visible_bounds_width":4,"visible_bounds_height":4.5,"visible_bounds_offset":[0,0.75,0]},"bones":[{"name":"geyser_custom","binding":"c.item_slot == 'head' ? 'head' : q.item_slot_to_bone_name(c.item_slot)","pivot":[0,8,0]},{"name":"geyser_custom_x","parent":"geyser_custom","pivot":[0,8,0]},{"name":"geyser_custom_y","parent":"geyser_custom_x","pivot":[0,8,0]},{"name":"geyser_custom_z","parent":"geyser_custom_y","pivot":[0,8,0],"cubes":[]},{"parent":"geyser_custom_z","pivot":[0,-5.3106,0],"rotation":[45,0,0],"cubes":[{"origin":[-0.2,5.0126,10.3231],"size":[0.4,1.6,1.6],"pivot":[0,-5.3106,0],"uv":{"north":{"uv":[15.0421,2.6712],"uv_size":[-0.0856,0.2811]},"south":{"uv":[12.4334,5.7189],"uv_size":[-0.0856,0.2811]},"east":{"uv":[13.4741,3.8141],"uv_size":[-0.2567,0.2811]},"west":{"uv":[13.2216,3.8141],"uv_size":[0.2567,0.2811]},"up":{"uv":[12.7784,5.7158],"uv_size":[-0.2567,0.0937]},"down":{"uv":[15.2132,3.1413],"uv_size":[-0.2567,-0.0937]}}}],"name":"rot_1"},{"parent":"geyser_custom_z","pivot":[0,1.3931,0],"rotation":[45,0,0],"cubes":[{"origin":[-0.35,0.4681,-0.925],"size":[0.7,1.85,1.85],"pivot":[0,1.3931,0],"uv":{"north":{"uv":[12.6929,4.5768],"uv_size":[-0.1711,0.328]},"south":{"uv":[12.8668,4.5768],"uv_size":[-0.1711,0.328]},"east":{"uv":[12.8212,3.8149],"uv_size":[-0.2995,0.328]},"west":{"uv":[12.5266,3.8149],"uv_size":[0.2995,0.328]},"up":{"uv":[14.2125,2.4792],"uv_size":[-0.2995,0.1874]},"down":{"uv":[14.2125,3.616],"uv_size":[-0.2995,-0.1874]}}}],"name":"rot_2"},{"parent":"geyser_custom_z","pivot":[0,4.6895,0],"rotation":[45,0,0],"cubes":[{"origin":[-0.55,-6.9103,-11.5997],"size":[1.1,1.1,1.1],"pivot":[0,4.6895,0],"uv":{"north":{"uv":[14.9537,0.5745],"uv_size":[-0.1711,0.1874]},"south":{"uv":[14.9537,0.9554],"uv_size":[-0.1711,0.1874]},"east":{"uv":[14.0842,3.6221],"uv_size":[-0.1711,0.1874]},"west":{"uv":[13.9158,3.6221],"uv_size":[0.1711,0.1874]},"up":{"uv":[14.9537,1.1459],"uv_size":[-0.1711,0.1874]},"down":{"uv":[14.9537,1.5208],"uv_size":[-0.1711,-0.1874]}}},{"origin":[-0.55,-2.2373,-6.9267],"size":[1.1,1.3,1.3],"pivot":[0,4.6895,0],"uv":{"north":{"uv":[14.9537,0.9554],"uv_size":[-0.1711,0.1874]},"south":{"uv":[14.9537,0.5745],"uv_size":[-0.1711,0.1874]},"east":{"uv":[14.0842,3.6221],"uv_size":[-0.1711,0.1874]},"west":{"uv":[13.9158,3.6221],"uv_size":[0.1711,0.1874]},"up":{"uv":[14.9537,1.5208],"uv_size":[-0.1711,-0.1874]},"down":{"uv":[14.9537,1.1459],"uv_size":[-0.1711,0.1874]}}},{"origin":[-0.407,1.7407,-4.5044],"size":[0.814,1.65,1.1],"pivot":[0,4.6895,0],"uv":{"north":{"uv":[14.5631,3.053],"uv_size":[-0.1283,0.328]},"south":{"uv":[14.5631,3.4339],"uv_size":[-0.1283,0.328]},"east":{"uv":[14.2581,4.3863],"uv_size":[-0.1711,0.328]},"west":{"uv":[14.0897,4.3863],"uv_size":[0.1711,0.328]},"up":{"uv":[15.1277,3.6213],"uv_size":[-0.1711,0.1406]}}},{"origin":[-0.4,5.9295,3.7235],"size":[0.8,1.65,1.1],"pivot":[0,4.6895,0],"uv":{"north":{"uv":[14.6108,3.053],"uv_size":[0.1284,0.328]},"south":{"uv":[12.5238,5.3387],"uv_size":[0.1283,0.328]},"east":{"uv":[14.2637,2.672],"uv_size":[0.1711,0.328]},"west":{"uv":[14.432,2.672],"uv_size":[-0.1711,0.328]},"up":{"uv":[14.9593,4.9547],"uv_size":[0.1711,0.1406]},"down":{"uv":[14.4376,5.8549],"uv_size":[0.1711,-0.1406]}}},{"origin":[-0.5445,-6.9189,-9.6062],"size":[1.089,1.65,0.85],"pivot":[0,4.6895,0],"uv":{"north":{"uv":[13.9158,1.1482],"uv_size":[0.1711,0.328]},"south":{"uv":[13.9158,0.7672],"uv_size":[0.1711,0.328]},"east":{"uv":[13.9151,4.9577],"uv_size":[0.1283,0.328]},"west":{"uv":[14.0414,4.9577],"uv_size":[-0.1283,0.328]},"up":{"uv":[14.9586,2.2888],"uv_size":[0.1284,0.1874]},"down":{"uv":[12.0021,5.9017],"uv_size":[0.1283,-0.1874]}}},{"origin":[-0.4125,-1.0031,-7.3482],"size":[0.825,1.7875,0.9625],"pivot":[0,4.6895,0],"uv":{"north":{"uv":[13.3457,5.3387],"uv_size":[-0.1283,0.328]},"south":{"uv":[13.5197,5.3387],"uv_size":[-0.1284,0.328]},"east":{"uv":[14.432,3.4339],"uv_size":[-0.1711,0.328]},"west":{"uv":[14.2637,3.4339],"uv_size":[0.1711,0.328]},"down":{"uv":[15.1277,5.8549],"uv_size":[-0.1711,-0.1406]}}},{"origin":[-0.6875,0.6469,-7.4857],"size":[1.375,1.2375,1.2375],"pivot":[0,4.6895,0],"uv":{"north":{"uv":[13.9958,2.6705],"uv_size":[-0.2567,0.2343]},"south":{"uv":[13.9958,4.1943],"uv_size":[-0.2567,0.2343]},"east":{"uv":[14.6487,0.7657],"uv_size":[-0.2139,0.2343]},"west":{"uv":[14.4383,0.7657],"uv_size":[0.2139,0.2343]},"up":{"uv":[14.127,0.0046],"uv_size":[-0.2139,0.2811]},"down":{"uv":[14.127,0.6621],"uv_size":[-0.2139,-0.2811]}}}],"name":"rot_3"},{"parent":"geyser_custom_z","pivot":[0,-0.191,3.2143],"rotation":[22.5,0,0],"cubes":[{"origin":[-0.4,-3.194,3.6643],"size":[0.8,3.4,0.6],"pivot":[0,-0.191,3.2143],"uv":{"north":{"uv":[13.2271,3.7596],"uv_size":[0.599,-0.1406]},"south":{"uv":[13.2271,3.4309],"uv_size":[0.599,0.1406]},"east":{"uv":[14.8598,1.9985],"uv_size":[-0.599,-0.0937]},"west":{"uv":[14.2706,1.9985],"uv_size":[0.599,-0.0937]},"down":{"uv":[15.1325,2.0968],"uv_size":[0.1283,0.0937]}}},{"origin":[0,-3.194,0.6643],"size":[0,5.4,3.6],"pivot":[0,-0.191,3.2143],"uv":{"east":{"uv":[13.8108,0.656],"uv_size":[-0.9412,-0.656]},"west":{"uv":[12.8849,1.4179],"uv_size":[0.9412,-0.656]}}}],"name":"rot_4"},{"parent":"geyser_custom_z","pivot":[0,3.7391,2.9723],"rotation":[22.5,0,0],"cubes":[{"origin":[0,0.8611,0.2681],"size":[0,5.4,3.6],"pivot":[0,3.7391,2.9723],"uv":{"east":{"uv":[12.8849,0.0107],"uv_size":[0.9412,0.656]},"west":{"uv":[13.8108,0.7726],"uv_size":[-0.9412,0.656]}}},{"origin":[-0.3,0.8611,3.2681],"size":[0.6,3.4,0.6],"pivot":[0,3.7391,2.9723],"uv":{"north":{"uv":[13.8163,3.6213],"uv_size":[-0.599,0.1406]},"south":{"uv":[13.8163,3.5691],"uv_size":[-0.599,-0.1406]},"east":{"uv":[14.2706,1.9063],"uv_size":[0.599,0.0937]},"west":{"uv":[14.8598,1.9063],"uv_size":[-0.599,0.0937]},"down":{"uv":[15.2588,2.189],"uv_size":[-0.1283,-0.0937]}}}],"name":"rot_5"},{"parent":"geyser_custom_z","pivot":[0,4.6895,0],"rotation":[22.5,0,0],"cubes":[{"origin":[-0.39,0.4699,0.2203],"size":[0.78,1.65,0.9],"pivot":[0,4.6895,0],"uv":{"north":{"uv":[14.6108,1.5291],"uv_size":[0.1284,0.328]},"south":{"uv":[14.6108,0.0053],"uv_size":[0.1284,0.328]},"east":{"uv":[14.2637,1.1482],"uv_size":[0.1711,0.328]},"west":{"uv":[14.432,1.1482],"uv_size":[-0.1711,0.328]},"up":{"uv":[14.9593,4.3832],"uv_size":[0.1711,0.1406]}}},{"origin":[-0.39,8.2054,2.2503],"size":[0.78,1.65,1.1],"pivot":[0,4.6895,0],"uv":{"north":{"uv":[14.6108,3.4339],"uv_size":[0.1284,0.328]},"south":{"uv":[12.6977,5.3387],"uv_size":[0.1283,0.328]},"east":{"uv":[14.2637,3.053],"uv_size":[0.1711,0.328]},"west":{"uv":[14.432,3.053],"uv_size":[-0.1711,0.328]},"up":{"uv":[14.9593,5.1451],"uv_size":[0.1711,0.1406]},"down":{"uv":[14.6115,5.8549],"uv_size":[0.1711,-0.1406]}}}],"name":"rot_6"},{"parent":"geyser_custom_z","pivot":[0,4.6895,0],"rotation":[0,0,-22.5],"cubes":[{"origin":[-0.4443,-4.7626,-8.5],"size":[0.1,17,17],"pivot":[0,4.6895,0],"uv":{"west":{"uv":[7.6682,10.6827],"uv_size":[2.7666,3.0316]}}}],"name":"rot_7"},{"parent":"geyser_custom_z","pivot":[0,1.3931,0],"rotation":[-0,0,0],"cubes":[{"origin":[-0.25,0.4681,-0.925],"size":[0.5,1.85,1.85],"pivot":[0,1.3931,0],"uv":{"east":{"uv":[12.8212,4.1958],"uv_size":[-0.2995,0.328]},"west":{"uv":[12.5266,4.1958],"uv_size":[0.2995,0.328]}}}],"name":"rot_8"},{"parent":"geyser_custom_z","pivot":[0,-5.3106,0],"rotation":[0,-0,0],"cubes":[{"origin":[-0.189,0.2563,-1.1],"size":[0.378,10.1,2.2],"pivot":[0,-5.3106,0],"uv":{"north":{"uv":[12.9551,3.0636],"uv_size":[-0.0856,3.7935]},"south":{"uv":[13.129,3.0636],"uv_size":[-0.0856,3.7935]},"east":{"uv":[12.2111,0.016],"uv_size":[-0.385,1.7935]},"west":{"uv":[12.7329,0.016],"uv_size":[-0.385,1.7935]},"up":{"uv":[14.9937,5.3349],"uv_size":[-0.385,0.0937]}}}],"name":"rot_9"},{"parent":"geyser_custom_z","pivot":[0,4.1895,0],"rotation":[0,-0,0],"cubes":[{"origin":[0,1.259,-3.55],"size":[0,20.141,5.6],"pivot":[0,4.1895,0],"uv":{"east":{"uv":[15.9889,0.016],"uv_size":[-0.6845,2.7459]},"west":{"uv":[15.3155,0.016],"uv_size":[0.6845,2.7459]}}}],"name":"rot_10"},{"parent":"geyser_custom_z","pivot":[0,4.6895,0],"rotation":[0,-0,0],"cubes":[{"origin":[-0.05,-8.091,-8.5],"size":[0.1,17,17],"pivot":[0,4.6895,0],"uv":{"east":{"uv":[15.2883,6.8731],"uv_size":[-2.7666,3.0316]},"west":{"uv":[12.5377,6.8731],"uv_size":[2.7666,3.0316]}}},{"origin":[0,-4.091,-2],"size":[0,4,4],"pivot":[0,4.6895,0],"uv":{"east":{"uv":[15.9889,6.8693],"uv_size":[-0.6845,0.7497]},"west":{"uv":[15.3155,6.8693],"uv_size":[0.6845,0.7497]}}},{"origin":[-0.539,-9.3937,-0.85],"size":[1.078,0.85,1.7],"pivot":[0,4.6895,0],"uv":{"east":{"uv":[14.7343,2.669],"uv_size":[-0.2995,0.1406]},"west":{"uv":[14.7343,2.669],"uv_size":[-0.2995,0.1406]},"up":{"uv":[14.2125,2.0983],"uv_size":[-0.2995,0.1874]},"down":{"uv":[14.2125,2.4731],"uv_size":[-0.2995,-0.1874]}}},{"origin":[-0.539,-0.6437,-1.1],"size":[1.078,1,2.2],"pivot":[0,4.6895,0],"uv":{"east":{"uv":[13.9503,3.0507],"uv_size":[-0.385,0.1874]},"west":{"uv":[13.9503,3.0507],"uv_size":[-0.385,0.1874]},"up":{"uv":[13.6024,4.1935],"uv_size":[-0.385,0.1874]},"down":{"uv":[13.9503,3.997],"uv_size":[-0.385,-0.1874]}}},{"origin":[0,-12.841,-2.2],"size":[0,3.6,4.4],"pivot":[0,4.6895,0],"uv":{"east":{"uv":[13.6397,1.5345],"uv_size":[-0.7701,0.656]},"west":{"uv":[13.6397,1.5345],"uv_size":[-0.7701,0.656]}}},{"origin":[-0.339,0.7563,1.1],"size":[0.678,8.6,0.95],"pivot":[0,4.6895,0],"uv":{"north":{"uv":[12.3499,3.8255],"uv_size":[0.1283,1.603]},"south":{"uv":[12.176,3.8255],"uv_size":[0.1284,1.603]},"east":{"uv":[11.8289,3.8255],"uv_size":[0.1711,1.603]},"west":{"uv":[11.9972,3.8255],"uv_size":[-0.1711,1.603]}}},{"origin":[-0.539,-4.5937,-1.155],"size":[1.078,1.1,2.31],"pivot":[0,4.6895,0],"uv":{"north":{"uv":[12.519,5.5269],"uv_size":[-0.1711,0.1874]},"south":{"uv":[14.9537,2.8602],"uv_size":[-0.1711,0.1874]},"east":{"uv":[13.9503,4.003],"uv_size":[-0.385,0.1874]},"west":{"uv":[13.5715,4.003],"uv_size":[0.385,0.1874]},"up":{"uv":[14.1242,1.7173],"uv_size":[-0.385,0.1874]},"down":{"uv":[14.1242,2.0922],"uv_size":[-0.385,-0.1874]}}},{"origin":[-0.539,-5.2537,-0.55],"size":[1.078,0.66,1.1],"pivot":[0,4.6895,0],"uv":{"north":{"uv":[10.0842,5.907],"uv_size":[-0.1711,0.1406]},"south":{"uv":[10.432,5.907],"uv_size":[-0.1711,0.1406]},"east":{"uv":[9.9103,5.907],"uv_size":[-0.1711,0.1406]},"west":{"uv":[10.2581,5.907],"uv_size":[-0.1711,0.1406]},"down":{"uv":[14.9537,3.4255],"uv_size":[-0.1711,-0.1874]}}},{"origin":[-0.539,-8.5537,-0.55],"size":[1.078,0.66,1.1],"pivot":[0,4.6895,0],"uv":{"north":{"uv":[10.0842,6.0453],"uv_size":[-0.1711,-0.1406]},"south":{"uv":[10.432,6.0453],"uv_size":[-0.1711,-0.1406]},"east":{"uv":[9.9103,6.0453],"uv_size":[-0.1711,-0.1406]},"west":{"uv":[10.2581,6.0453],"uv_size":[-0.1711,-0.1406]},"up":{"uv":[14.9537,3.2411],"uv_size":[-0.1711,0.1874]}}},{"origin":[-0.4015,-8.0037,-0.4125],"size":[0.803,2.86,0.825],"pivot":[0,4.6895,0],"uv":{"north":{"uv":[13.3457,4.3893],"uv_size":[-0.1283,0.5154]},"south":{"uv":[13.6936,4.3893],"uv_size":[-0.1283,0.5154]},"east":{"uv":[13.8675,2.1036],"uv_size":[-0.1284,0.5154]},"west":{"uv":[13.5197,4.3893],"uv_size":[-0.1284,0.5154]}}}],"name":"rot_11"},{"parent":"geyser_custom_z","pivot":[0,-0.191,3.2143],"rotation":[-22.5,0,0],"cubes":[{"origin":[-0.4015,-0.0178,2.5261],"size":[0.803,0.85,1.15],"pivot":[0,-0.191,3.2143],"uv":{"south":{"uv":[10.9586,5.907],"uv_size":[0.1283,0.1406]},"east":{"uv":[14.911,4.0438],"uv_size":[-0.1283,-0.2343]},"west":{"uv":[14.7847,4.0438],"uv_size":[0.1283,-0.2343]},"up":{"uv":[14.7847,4.5752],"uv_size":[0.1283,0.2343]},"down":{"uv":[13.7412,5.5276],"uv_size":[0.1284,0.2343]}}},{"origin":[-0.35,-1.407,2.9],"size":[0.7,2.15,0.6],"pivot":[0,-0.191,3.2143],"uv":{"north":{"uv":[13.3976,5.093],"uv_size":[0.385,-0.1406]},"south":{"uv":[14.2671,3.8118],"uv_size":[0.385,0.1406]},"east":{"uv":[15.1677,0.2842],"uv_size":[-0.385,-0.0937]},"west":{"uv":[14.7889,0.2842],"uv_size":[0.385,-0.0937]},"down":{"uv":[12.0021,5.9063],"uv_size":[0.1283,0.0937]}}}],"name":"rot_12"},{"parent":"geyser_custom_z","pivot":[0,3.7391,2.9723],"rotation":[-22.5,0,0],"cubes":[{"origin":[-0.3015,3.8916,2.0866],"size":[0.603,0.85,1.15],"pivot":[0,3.7391,2.9723],"uv":{"south":{"uv":[11.0849,6.0453],"uv_size":[-0.1283,-0.1406]},"east":{"uv":[14.7847,3.8133],"uv_size":[0.1283,0.2343]},"west":{"uv":[14.911,3.8133],"uv_size":[-0.1283,0.2343]},"up":{"uv":[14.911,4.8057],"uv_size":[-0.1283,-0.2343]},"down":{"uv":[13.8675,5.7581],"uv_size":[-0.1284,-0.2343]}}},{"origin":[-0.25,2.5024,2.4605],"size":[0.5,2.15,0.6],"pivot":[0,3.7391,2.9723],"uv":{"north":{"uv":[13.7763,4.9547],"uv_size":[-0.385,0.1406]},"south":{"uv":[14.6459,3.9501],"uv_size":[-0.385,-0.1406]},"east":{"uv":[14.7889,0.192],"uv_size":[0.385,0.0937]},"west":{"uv":[15.1677,0.192],"uv_size":[-0.385,0.0937]},"down":{"uv":[12.1283,5.9985],"uv_size":[-0.1283,-0.0937]}}}],"name":"rot_13"},{"parent":"geyser_custom_z","pivot":[0,4.6895,0],"rotation":[-22.5,0,0],"cubes":[{"origin":[-0.39,0.4699,-1.1204],"size":[0.78,1.65,0.9],"pivot":[0,4.6895,0],"uv":{"north":{"uv":[14.737,0.0053],"uv_size":[-0.1284,0.328]},"south":{"uv":[14.737,1.5291],"uv_size":[-0.1284,0.328]},"east":{"uv":[14.432,1.1482],"uv_size":[-0.1711,0.328]},"west":{"uv":[14.2637,1.1482],"uv_size":[0.1711,0.328]},"up":{"uv":[15.1277,4.3832],"uv_size":[-0.1711,0.1406]}}},{"origin":[-0.55,-2.9093,0.0105],"size":[1.1,1.65,1.1],"pivot":[0,4.6895,0],"uv":{"north":{"uv":[14.0842,4.5768],"uv_size":[-0.1711,0.328]},"south":{"uv":[14.2581,1.1482],"uv_size":[-0.1711,0.328]},"east":{"uv":[13.9103,4.5768],"uv_size":[-0.1711,0.328]},"west":{"uv":[13.7419,4.5768],"uv_size":[0.1711,0.328]},"up":{"uv":[14.9537,1.5269],"uv_size":[-0.1711,0.1874]}}}],"name":"rot_14"},{"parent":"geyser_custom_z","pivot":[0,4.6895,0],"rotation":[0,0,22.5],"cubes":[{"origin":[0.3443,-4.7626,-8.5],"size":[0.1,17,17],"pivot":[0,4.6895,0],"uv":{"east":{"uv":[10.4188,10.6827],"uv_size":[-2.7666,3.0316]}}}],"name":"rot_15"},{"parent":"geyser_custom_z","pivot":[0,-0.191,3.2143],"rotation":[-45,0,0],"cubes":[{"origin":[-0.407,-0.2944,1.3622],"size":[0.814,0.85,1.15],"pivot":[0,-0.191,3.2143],"uv":{"south":{"uv":[15.1325,1.5261],"uv_size":[0.1283,0.1406]},"east":{"uv":[14.7861,4.1928],"uv_size":[0.2139,0.1406]},"west":{"uv":[14.9965,4.1928],"uv_size":[-0.2139,0.1406]},"up":{"uv":[14.7861,5.5261],"uv_size":[0.2139,0.1406]},"down":{"uv":[14.96,0.712],"uv_size":[0.2139,-0.1406]}}}],"name":"rot_16"},{"parent":"geyser_custom_z","pivot":[0,3.7391,2.9723],"rotation":[-45,0,0],"cubes":[{"origin":[-0.307,3.5411,0.9456],"size":[0.614,0.85,1.15],"pivot":[0,3.7391,2.9723],"uv":{"south":{"uv":[15.2588,1.6644],"uv_size":[-0.1283,-0.1406]},"east":{"uv":[14.9965,4.331],"uv_size":[-0.2139,-0.1406]},"west":{"uv":[14.7861,4.331],"uv_size":[0.2139,-0.1406]},"up":{"uv":[14.9965,5.6644],"uv_size":[-0.2139,-0.1406]},"down":{"uv":[15.1704,0.5737],"uv_size":[-0.2139,0.1406]}}}],"name":"rot_17"},{"parent":"geyser_custom_z","pivot":[0,4.6895,0],"rotation":[-45,0,0],"cubes":[{"origin":[-0.4,-0.3638,0.197],"size":[0.8,1.65,1.1],"pivot":[0,4.6895,0],"uv":{"north":{"uv":[13.8675,5.1482],"uv_size":[-0.1284,0.328]},"south":{"uv":[14.5631,5.1482],"uv_size":[-0.1283,0.328]},"east":{"uv":[14.432,0.3863],"uv_size":[-0.1711,0.328]},"west":{"uv":[14.2637,0.3863],"uv_size":[0.1711,0.328]},"up":{"uv":[15.1277,4.0023],"uv_size":[-0.1711,0.1406]},"down":{"uv":[13.7363,5.8549],"uv_size":[-0.1711,-0.1406]}}},{"origin":[-0.407,1.7407,3.4044],"size":[0.814,1.65,1.1],"pivot":[0,4.6895,0],"uv":{"north":{"uv":[14.4369,3.4339],"uv_size":[0.1283,0.328]},"south":{"uv":[14.4369,3.053],"uv_size":[0.1283,0.328]},"east":{"uv":[14.0897,4.3863],"uv_size":[0.1711,0.328]},"west":{"uv":[14.2581,4.3863],"uv_size":[-0.1711,0.328]},"up":{"uv":[14.9593,3.6213],"uv_size":[0.1711,0.1406]}}},{"origin":[-0.5445,-6.9189,8.7562],"size":[1.089,1.65,0.85],"pivot":[0,4.6895,0],"uv":{"north":{"uv":[14.0842,0.7672],"uv_size":[-0.1711,0.328]},"south":{"uv":[14.0842,1.1482],"uv_size":[-0.1711,0.328]},"east":{"uv":[14.0414,4.9577],"uv_size":[-0.1283,0.328]},"west":{"uv":[13.9151,4.9577],"uv_size":[0.1283,0.328]},"up":{"uv":[15.0849,2.2888],"uv_size":[-0.1284,0.1874]},"down":{"uv":[12.1283,5.9017],"uv_size":[-0.1283,-0.1874]}}},{"origin":[-0.5445,-0.8024,2.2862],"size":[1.089,1.65,1.1],"pivot":[0,4.6895,0],"uv":{"north":{"uv":[14.2581,3.053],"uv_size":[-0.1711,0.328]},"south":{"uv":[14.2581,4.0053],"uv_size":[-0.1711,0.328]},"east":{"uv":[14.2581,2.672],"uv_size":[-0.1711,0.328]},"west":{"uv":[14.0897,2.672],"uv_size":[0.1711,0.328]},"up":{"uv":[11.9972,5.5269],"uv_size":[-0.1711,0.1874]}}}],"name":"rot_18"},{"parent":"geyser_custom_z","pivot":[0,5.6895,0],"rotation":[-45,0,0],"cubes":[{"origin":[-0.1,0.2537,3.0926],"size":[0.2,8,8],"pivot":[0,5.6895,0],"uv":{"east":{"uv":[14.6247,12.1745],"uv_size":[1.3753,-1.5078]},"west":{"uv":[15.984,12.1745],"uv_size":[-1.3753,-1.5078]}}}],"name":"rot_19"}]}]}
