{"format_version":"1.16.0","minecraft:geometry":[{"description":{"identifier":"geometry.geyser_custom.geo_b0e8569","texture_width":16,"texture_height":16,"visible_bounds_width":4,"visible_bounds_height":4.5,"visible_bounds_offset":[0,0.75,0]},"bones":[{"name":"geyser_custom","binding":"c.item_slot == 'head' ? 'head' : q.item_slot_to_bone_name(c.item_slot)","pivot":[0,8,0]},{"name":"geyser_custom_x","parent":"geyser_custom","pivot":[0,8,0]},{"name":"geyser_custom_y","parent":"geyser_custom_x","pivot":[0,8,0]},{"name":"geyser_custom_z","parent":"geyser_custom_y","pivot":[0,8,0],"cubes":[]},{"parent":"geyser_custom_z","pivot":[0,-3.2558,-3.9721],"rotation":[45,0,0],"cubes":[{"origin":[-0.4,-5.7824,-1.3678],"size":[0.8,1.65,1.1],"pivot":[0,-3.2558,-3.9721],"uv":{"north":{"uv":[14.4369,5.1482],"uv_size":[0.1283,0.328]},"south":{"uv":[13.7412,5.1482],"uv_size":[0.1284,0.328]},"east":{"uv":[14.2637,0.3863],"uv_size":[0.1711,0.328]},"west":{"uv":[14.432,0.3863],"uv_size":[-0.1711,0.328]},"up":{"uv":[14.9593,4.0023],"uv_size":[0.1711,0.1406]},"down":{"uv":[13.568,5.8549],"uv_size":[0.1711,-0.1406]}}}],"name":"rot_1"},{"parent":"geyser_custom_z","pivot":[0,1.4943,0.9721],"rotation":[45,0,0],"cubes":[{"origin":[-0.55,-1.5311,-3.4281],"size":[1.1,1.3,1.3],"pivot":[0,1.4943,0.9721],"uv":{"north":{"uv":[14.9537,0.9554],"uv_size":[-0.1711,0.1874]},"south":{"uv":[14.9537,0.5745],"uv_size":[-0.1711,0.1874]},"east":{"uv":[14.0842,3.6221],"uv_size":[-0.1711,0.1874]},"west":{"uv":[13.9158,3.6221],"uv_size":[0.1711,0.1874]},"up":{"uv":[14.9537,1.5208],"uv_size":[-0.1711,-0.1874]},"down":{"uv":[14.9537,1.1459],"uv_size":[-0.1711,0.1874]}}}],"name":"rot_2"},{"parent":"geyser_custom_z","pivot":[0,5.3557,1.7779],"rotation":[45,0,0],"cubes":[{"origin":[-0.55,7.0811,4.8781],"size":[1.1,1.3,1.3],"pivot":[0,5.3557,1.7779],"uv":{"north":{"uv":[14.7854,0.7589],"uv_size":[0.1711,-0.1874]},"south":{"uv":[14.7854,1.1398],"uv_size":[0.1711,-0.1874]},"east":{"uv":[13.9158,3.8065],"uv_size":[0.1711,-0.1874]},"west":{"uv":[14.0842,3.8065],"uv_size":[-0.1711,-0.1874]},"up":{"uv":[14.9537,1.1459],"uv_size":[-0.1711,0.1874]},"down":{"uv":[14.9537,1.5208],"uv_size":[-0.1711,-0.1874]}}}],"name":"rot_3"},{"parent":"geyser_custom_z","pivot":[0,9.8558,-1.9721],"rotation":[45,0,0],"cubes":[{"origin":[-0.4,3.0644,-9.3221],"size":[0.8,1.65,1.1],"pivot":[0,9.8558,-1.9721],"uv":{"north":{"uv":[12.6501,5.6613],"uv_size":[-0.1283,-0.328]},"south":{"uv":[14.737,3.3756],"uv_size":[-0.1284,-0.328]},"east":{"uv":[14.432,2.9947],"uv_size":[-0.1711,-0.328]},"west":{"uv":[14.2637,2.9947],"uv_size":[0.1711,-0.328]},"up":{"uv":[14.4376,5.8549],"uv_size":[0.1711,-0.1406]},"down":{"uv":[14.9593,4.9547],"uv_size":[0.1711,0.1406]}}}],"name":"rot_4"},{"parent":"geyser_custom_z","pivot":[0,9.8558,1.9721],"rotation":[45,0,0],"cubes":[{"origin":[-0.407,7.7607,1.9425],"size":[0.814,0.85,1.15],"pivot":[0,9.8558,1.9721],"uv":{"south":{"uv":[15.1325,1.6644],"uv_size":[0.1283,-0.1406]},"east":{"uv":[14.7861,4.331],"uv_size":[0.2139,-0.1406]},"west":{"uv":[14.9965,4.331],"uv_size":[-0.2139,-0.1406]},"up":{"uv":[15.1704,0.712],"uv_size":[-0.2139,-0.1406]},"down":{"uv":[14.9965,5.5261],"uv_size":[-0.2139,0.1406]}}}],"name":"rot_5"},{"parent":"geyser_custom_z","pivot":[0,9.8558,3.9721],"rotation":[45,0,0],"cubes":[{"origin":[-0.2945,11.171,2.357],"size":[0.589,1.65,1.1],"pivot":[0,9.8558,3.9721],"uv":{"north":{"uv":[14.2581,3.3756],"uv_size":[-0.1711,-0.328]},"south":{"uv":[14.2581,4.328],"uv_size":[-0.1711,-0.328]},"east":{"uv":[14.2581,2.9947],"uv_size":[-0.1711,-0.328]},"west":{"uv":[14.0897,2.9947],"uv_size":[0.1711,-0.328]},"down":{"uv":[11.8289,5.5269],"uv_size":[0.1711,0.1874]}}}],"name":"rot_6"},{"parent":"geyser_custom_z","pivot":[-1.5,5,-4.5],"rotation":[0,45,0],"cubes":[{"origin":[-1.5,1,-5.5],"size":[0,11,3],"pivot":[-1.5,5,-4.5],"uv":{"north":{"uv":[4.8696,10.6827],"uv_size":[0,2.0792]},"south":{"uv":[4.8696,10.6827],"uv_size":[0,2.0792]},"east":{"uv":[6.7743,10.6827],"uv_size":[-0.5134,2.0792]},"west":{"uv":[6.2692,10.6827],"uv_size":[0.5134,2.0792]},"up":{"uv":[4.8696,10.6758],"uv_size":[0,0.5623]},"down":{"uv":[4.8696,11.229],"uv_size":[0,-0.5623]}}}],"name":"rot_7"},{"parent":"geyser_custom_z","pivot":[0,3.341,-4],"rotation":[22.5,0,0],"cubes":[{"origin":[-0.1,-0.659,-8],"size":[0.2,8,8],"pivot":[0,3.341,-4],"uv":{"east":{"uv":[15.984,10.6827],"uv_size":[-1.3753,1.5078]},"west":{"uv":[14.6247,10.6827],"uv_size":[1.3753,1.5078]}}}],"name":"rot_8"},{"parent":"geyser_custom_z","pivot":[0,9.2888,-1.8279],"rotation":[22.5,0,0],"cubes":[{"origin":[-0.39,-0.4484,-6.0195],"size":[0.78,1.65,1.1],"pivot":[0,9.2888,-1.8279],"uv":{"north":{"uv":[12.824,5.6613],"uv_size":[-0.1283,-0.328]},"south":{"uv":[14.737,3.7566],"uv_size":[-0.1284,-0.328]},"east":{"uv":[14.432,3.3756],"uv_size":[-0.1711,-0.328]},"west":{"uv":[14.2637,3.3756],"uv_size":[0.1711,-0.328]},"up":{"uv":[14.6115,5.8549],"uv_size":[0.1711,-0.1406]},"down":{"uv":[14.9593,5.1451],"uv_size":[0.1711,0.1406]}}}],"name":"rot_9"},{"parent":"geyser_custom_z","pivot":[0,9.8558,-1.9721],"rotation":[22.5,0,0],"cubes":[{"origin":[-0.39,7.854,-3.9337],"size":[0.78,1.65,0.9],"pivot":[0,9.8558,-1.9721],"uv":{"north":{"uv":[14.737,0.328],"uv_size":[-0.1284,-0.328]},"south":{"uv":[14.737,1.8518],"uv_size":[-0.1284,-0.328]},"east":{"uv":[14.432,1.4709],"uv_size":[-0.1711,-0.328]},"west":{"uv":[14.2637,1.4709],"uv_size":[0.1711,-0.328]},"down":{"uv":[14.9593,4.3832],"uv_size":[0.1711,0.1406]}}},{"origin":[-0.4,10.6265,-4.9654],"size":[0.8,3.4,0.6],"pivot":[0,9.8558,-1.9721],"uv":{"north":{"uv":[13.8163,3.5691],"uv_size":[-0.599,-0.1406]},"south":{"uv":[13.8163,3.6213],"uv_size":[-0.599,0.1406]},"east":{"uv":[14.2706,1.9063],"uv_size":[0.599,0.0937]},"west":{"uv":[14.8598,1.9063],"uv_size":[-0.599,0.0937]},"up":{"uv":[15.1325,2.0968],"uv_size":[0.1283,0.0937]}}},{"origin":[0,8.6265,-4.9654],"size":[0,5.4,3.6],"pivot":[0,9.8558,-1.9721],"uv":{"east":{"uv":[12.8849,0.0107],"uv_size":[0.9412,0.656]},"west":{"uv":[13.8108,0.7726],"uv_size":[-0.9412,0.656]}}}],"name":"rot_10"},{"parent":"geyser_custom_z","pivot":[0,9.8558,1.9721],"rotation":[22.5,0,0],"cubes":[{"origin":[-0.4015,8.2843,3.4837],"size":[0.803,0.85,1.15],"pivot":[0,9.8558,1.9721],"uv":{"south":{"uv":[11.0849,5.907],"uv_size":[-0.1283,0.1406]},"east":{"uv":[14.7847,4.0438],"uv_size":[0.1283,-0.2343]},"west":{"uv":[14.911,4.0438],"uv_size":[-0.1283,-0.2343]},"up":{"uv":[13.7412,5.7581],"uv_size":[0.1284,-0.2343]},"down":{"uv":[14.7847,4.8057],"uv_size":[0.1283,-0.2343]}}},{"origin":[-0.35,8.3735,3.8576],"size":[0.7,2.15,0.6],"pivot":[0,9.8558,1.9721],"uv":{"north":{"uv":[13.7763,5.093],"uv_size":[-0.385,-0.1406]},"south":{"uv":[14.6459,3.8118],"uv_size":[-0.385,0.1406]},"east":{"uv":[14.7889,0.2842],"uv_size":[0.385,-0.0937]},"west":{"uv":[15.1677,0.2842],"uv_size":[-0.385,-0.0937]},"up":{"uv":[12.0021,5.9985],"uv_size":[0.1283,-0.0937]}}}],"name":"rot_11"},{"parent":"geyser_custom_z","pivot":[0,9.8558,3.9721],"rotation":[22.5,0,0],"cubes":[{"origin":[-0.3,11.9773,1.3452],"size":[0.6,1.65,1.1],"pivot":[0,9.8558,3.9721],"uv":{"north":{"uv":[14.0842,4.8994],"uv_size":[-0.1711,-0.328]},"south":{"uv":[14.2581,1.4709],"uv_size":[-0.1711,-0.328]},"east":{"uv":[13.9103,4.8994],"uv_size":[-0.1711,-0.328]},"west":{"uv":[13.7419,4.8994],"uv_size":[0.1711,-0.328]},"down":{"uv":[14.7854,1.5269],"uv_size":[0.1711,0.1874]}}}],"name":"rot_12"},{"parent":"geyser_custom_z","pivot":[-0.25,13.8558,0.9721],"rotation":[0,0,-22.5],"cubes":[{"origin":[-1.645,2.1085,-8.5],"size":[0.1,17,17],"pivot":[-0.25,13.8558,0.9721],"uv":{"east":{"uv":[10.4188,13.6983],"uv_size":[-2.7666,-3.0316]}}}],"name":"rot_13"},{"parent":"geyser_custom_z","pivot":[0,11.591,-2],"rotation":[-0,0,0],"cubes":[{"origin":[-0.05,3.091,-10.5],"size":[0.1,17,17],"pivot":[0,11.591,-2],"uv":{"east":{"uv":[15.2883,9.8888],"uv_size":[-2.7666,-3.0316]},"west":{"uv":[12.5377,9.8888],"uv_size":[2.7666,-3.0316]}}}],"name":"rot_14"},{"parent":"geyser_custom_z","pivot":[0,11.591,2],"rotation":[-0,0,0],"cubes":[{"origin":[-0.05,3.091,-6.5],"size":[0.1,17,17],"pivot":[0,11.591,2],"uv":{"east":{"uv":[15.2883,6.8731],"uv_size":[-2.7666,3.0316]},"west":{"uv":[12.5377,6.8731],"uv_size":[2.7666,3.0316]}}}],"name":"rot_15"},{"parent":"geyser_custom_z","pivot":[0.5,3.8558,0.9721],"rotation":[0,-0,0],"cubes":[{"origin":[0.5,4.091,-2],"size":[0,4,4],"pivot":[0.5,3.8558,0.9721],"uv":{"east":{"uv":[15.9889,7.6069],"uv_size":[-0.6845,-0.7497]},"west":{"uv":[15.3155,7.6069],"uv_size":[0.6845,-0.7497]}}}],"name":"rot_16"},{"parent":"geyser_custom_z","pivot":[0.25,1,0],"rotation":[0,-0,0],"cubes":[{"origin":[0.25,-2,-2],"size":[0,14,4],"pivot":[0.25,1,0],"uv":{"north":{"uv":[4.8696,10.6827],"uv_size":[0,2.6507]},"south":{"uv":[4.8696,10.6827],"uv_size":[0,2.6507]},"east":{"uv":[5.5541,10.6827],"uv_size":[-0.6845,2.6507]},"west":{"uv":[4.8807,10.6827],"uv_size":[0.6845,2.6507]},"up":{"uv":[4.8696,10.6789],"uv_size":[0,0.7497]},"down":{"uv":[4.8696,11.4164],"uv_size":[0,-0.7497]}}}],"name":"rot_17"},{"parent":"geyser_custom_z","pivot":[0,9.8558,-1.9721],"rotation":[0,-0,0],"cubes":[{"origin":[-0.339,0.6437,-3.05],"size":[0.678,8.6,0.95],"pivot":[0,9.8558,-1.9721],"uv":{"north":{"uv":[12.3023,5.4126],"uv_size":[-0.1284,-1.603]},"south":{"uv":[12.4762,5.4126],"uv_size":[-0.1283,-1.603]},"east":{"uv":[11.9972,5.4126],"uv_size":[-0.1711,-1.603]},"west":{"uv":[11.8289,5.4126],"uv_size":[0.1711,-1.603]}}}],"name":"rot_18"},{"parent":"geyser_custom_z","pivot":[0,9.8558,1.9721],"rotation":[0,-0,0],"cubes":[{"origin":[-0.339,0.6437,2.1],"size":[0.678,8.6,0.95],"pivot":[0,9.8558,1.9721],"uv":{"north":{"uv":[12.3499,5.4126],"uv_size":[0.1283,-1.603]},"south":{"uv":[12.176,5.4126],"uv_size":[0.1284,-1.603]},"east":{"uv":[11.8289,5.4126],"uv_size":[0.1711,-1.603]},"west":{"uv":[11.9972,5.4126],"uv_size":[-0.1711,-1.603]}}}],"name":"rot_19"},{"parent":"geyser_custom_z","pivot":[0,13.8558,0.9721],"rotation":[0,-0,0],"cubes":[{"origin":[-0.6,11.6819,-0.925],"size":[1.2,1.85,1.85],"pivot":[0,13.8558,0.9721],"uv":{"east":{"uv":[12.5266,4.1958],"uv_size":[0.2995,0.328]},"west":{"uv":[12.8212,4.1958],"uv_size":[-0.2995,0.328]}}}],"name":"rot_20"},{"parent":"geyser_custom_z","pivot":[0,3.341,4],"rotation":[-22.5,0,0],"cubes":[{"origin":[-0.1,-0.659,0],"size":[0.2,8,8],"pivot":[0,3.341,4],"uv":{"east":{"uv":[14.6247,10.6827],"uv_size":[1.3753,1.5078]},"west":{"uv":[15.984,10.6827],"uv_size":[-1.3753,1.5078]}}}],"name":"rot_21"},{"parent":"geyser_custom_z","pivot":[0,9.2888,1.8279],"rotation":[-22.5,0,0],"cubes":[{"origin":[-0.39,-0.4484,4.9195],"size":[0.78,1.65,1.1],"pivot":[0,9.2888,1.8279],"uv":{"north":{"uv":[14.6108,3.7566],"uv_size":[0.1284,-0.328]},"south":{"uv":[12.6977,5.6613],"uv_size":[0.1283,-0.328]},"east":{"uv":[14.2637,3.3756],"uv_size":[0.1711,-0.328]},"west":{"uv":[14.432,3.3756],"uv_size":[-0.1711,-0.328]},"up":{"uv":[14.7798,5.8549],"uv_size":[-0.1711,-0.1406]},"down":{"uv":[15.1277,5.1451],"uv_size":[-0.1711,0.1406]}}}],"name":"rot_22"},{"parent":"geyser_custom_z","pivot":[0,9.8558,-3.9721],"rotation":[-22.5,0,0],"cubes":[{"origin":[-0.3,11.9773,-2.4452],"size":[0.6,1.65,1.1],"pivot":[0,9.8558,-3.9721],"uv":{"north":{"uv":[14.0897,1.4709],"uv_size":[0.1711,-0.328]},"south":{"uv":[13.9158,4.8994],"uv_size":[0.1711,-0.328]},"east":{"uv":[13.7419,4.8994],"uv_size":[0.1711,-0.328]},"west":{"uv":[13.9103,4.8994],"uv_size":[-0.1711,-0.328]},"down":{"uv":[14.9537,1.5269],"uv_size":[-0.1711,0.1874]}}}],"name":"rot_23"},{"parent":"geyser_custom_z","pivot":[0,9.8558,-1.9721],"rotation":[-22.5,0,0],"cubes":[{"origin":[-0.4015,8.2843,-4.6337],"size":[0.803,0.85,1.15],"pivot":[0,9.8558,-1.9721],"uv":{"north":{"uv":[11.0849,6.0453],"uv_size":[-0.1283,-0.1406]},"east":{"uv":[14.7847,3.8133],"uv_size":[0.1283,0.2343]},"west":{"uv":[14.911,3.8133],"uv_size":[-0.1283,0.2343]},"up":{"uv":[13.7412,5.5276],"uv_size":[0.1284,0.2343]},"down":{"uv":[14.7847,4.5752],"uv_size":[0.1283,0.2343]}}},{"origin":[-0.35,8.3735,-4.4576],"size":[0.7,2.15,0.6],"pivot":[0,9.8558,-1.9721],"uv":{"north":{"uv":[14.6459,3.9501],"uv_size":[-0.385,-0.1406]},"south":{"uv":[13.7763,4.9547],"uv_size":[-0.385,0.1406]},"east":{"uv":[14.7889,0.192],"uv_size":[0.385,0.0937]},"west":{"uv":[15.1677,0.192],"uv_size":[-0.385,0.0937]},"up":{"uv":[12.0021,5.9063],"uv_size":[0.1283,0.0937]}}}],"name":"rot_24"},{"parent":"geyser_custom_z","pivot":[0,9.8558,1.9721],"rotation":[-22.5,0,0],"cubes":[{"origin":[-0.39,7.854,3.0337],"size":[0.78,1.65,0.9],"pivot":[0,9.8558,1.9721],"uv":{"north":{"uv":[14.6108,1.8518],"uv_size":[0.1284,-0.328]},"south":{"uv":[14.6108,0.328],"uv_size":[0.1284,-0.328]},"east":{"uv":[14.2637,1.4709],"uv_size":[0.1711,-0.328]},"west":{"uv":[14.432,1.4709],"uv_size":[-0.1711,-0.328]},"down":{"uv":[15.1277,4.3832],"uv_size":[-0.1711,0.1406]}}},{"origin":[-0.4,10.6265,4.3653],"size":[0.8,3.4,0.6],"pivot":[0,9.8558,1.9721],"uv":{"north":{"uv":[13.8163,3.7596],"uv_size":[-0.599,-0.1406]},"south":{"uv":[13.8163,3.4309],"uv_size":[-0.599,0.1406]},"east":{"uv":[14.2706,1.9985],"uv_size":[0.599,-0.0937]},"west":{"uv":[14.8598,1.9985],"uv_size":[-0.599,-0.0937]},"up":{"uv":[15.1325,2.189],"uv_size":[0.1283,-0.0937]}}},{"origin":[0,8.6265,1.3653],"size":[0,5.4,3.6],"pivot":[0,9.8558,1.9721],"uv":{"east":{"uv":[12.8849,0.656],"uv_size":[0.9412,-0.656]},"west":{"uv":[13.8108,1.4179],"uv_size":[-0.9412,-0.656]}}}],"name":"rot_25"},{"parent":"geyser_custom_z","pivot":[0.25,13.8558,0.9721],"rotation":[0,0,22.5],"cubes":[{"origin":[1.545,2.1085,-8.5],"size":[0.1,17,17],"pivot":[0.25,13.8558,0.9721],"uv":{"west":{"uv":[7.6682,13.6983],"uv_size":[2.7666,-3.0316]}}}],"name":"rot_26"},{"parent":"geyser_custom_z","pivot":[0,-3.2558,3.9721],"rotation":[-45,0,0],"cubes":[{"origin":[-0.4,-5.7824,0.2678],"size":[0.8,1.65,1.1],"pivot":[0,-3.2558,3.9721],"uv":{"north":{"uv":[13.8675,5.1482],"uv_size":[-0.1284,0.328]},"south":{"uv":[14.5631,5.1482],"uv_size":[-0.1283,0.328]},"east":{"uv":[14.432,0.3863],"uv_size":[-0.1711,0.328]},"west":{"uv":[14.2637,0.3863],"uv_size":[0.1711,0.328]},"up":{"uv":[15.1277,4.0023],"uv_size":[-0.1711,0.1406]},"down":{"uv":[13.7363,5.8549],"uv_size":[-0.1711,-0.1406]}}}],"name":"rot_27"},{"parent":"geyser_custom_z","pivot":[0,5.3557,-1.7779],"rotation":[-45,0,0],"cubes":[{"origin":[-0.55,7.0811,-6.1781],"size":[1.1,1.3,1.3],"pivot":[0,5.3557,-1.7779],"uv":{"north":{"uv":[14.9537,1.1398],"uv_size":[-0.1711,-0.1874]},"south":{"uv":[14.9537,0.7589],"uv_size":[-0.1711,-0.1874]},"east":{"uv":[14.0842,3.8065],"uv_size":[-0.1711,-0.1874]},"west":{"uv":[13.9158,3.8065],"uv_size":[0.1711,-0.1874]},"up":{"uv":[14.7854,1.1459],"uv_size":[0.1711,0.1874]},"down":{"uv":[14.7854,1.5208],"uv_size":[0.1711,-0.1874]}}}],"name":"rot_28"},{"parent":"geyser_custom_z","pivot":[0,9.8558,-3.9721],"rotation":[-45,0,0],"cubes":[{"origin":[-0.2945,11.171,-3.457],"size":[0.589,1.65,1.1],"pivot":[0,9.8558,-3.9721],"uv":{"north":{"uv":[14.0897,4.328],"uv_size":[0.1711,-0.328]},"south":{"uv":[14.0897,3.3756],"uv_size":[0.1711,-0.328]},"east":{"uv":[14.0897,2.9947],"uv_size":[0.1711,-0.328]},"west":{"uv":[14.2581,2.9947],"uv_size":[-0.1711,-0.328]},"down":{"uv":[11.9972,5.5269],"uv_size":[-0.1711,0.1874]}}}],"name":"rot_29"},{"parent":"geyser_custom_z","pivot":[0,9.8558,-1.9721],"rotation":[-45,0,0],"cubes":[{"origin":[-0.407,7.7607,-3.0925],"size":[0.814,0.85,1.15],"pivot":[0,9.8558,-1.9721],"uv":{"north":{"uv":[15.2588,1.6644],"uv_size":[-0.1283,-0.1406]},"east":{"uv":[14.9965,4.331],"uv_size":[-0.2139,-0.1406]},"west":{"uv":[14.7861,4.331],"uv_size":[0.2139,-0.1406]},"up":{"uv":[14.96,0.712],"uv_size":[0.2139,-0.1406]},"down":{"uv":[14.7861,5.5261],"uv_size":[0.2139,0.1406]}}}],"name":"rot_30"},{"parent":"geyser_custom_z","pivot":[0,9.8558,1.9721],"rotation":[-45,0,0],"cubes":[{"origin":[-0.4,3.0644,8.2221],"size":[0.8,1.65,1.1],"pivot":[0,9.8558,1.9721],"uv":{"north":{"uv":[14.6108,3.3756],"uv_size":[0.1284,-0.328]},"south":{"uv":[12.5238,5.6613],"uv_size":[0.1283,-0.328]},"east":{"uv":[14.2637,2.9947],"uv_size":[0.1711,-0.328]},"west":{"uv":[14.432,2.9947],"uv_size":[-0.1711,-0.328]},"up":{"uv":[14.6059,5.8549],"uv_size":[-0.1711,-0.1406]},"down":{"uv":[15.1277,4.9547],"uv_size":[-0.1711,0.1406]}}}],"name":"rot_31"},{"parent":"geyser_custom_z","pivot":[0,13.8558,0.9721],"rotation":[-45,0,0],"cubes":[{"origin":[-0.7,11.3603,0.2428],"size":[1.4,1.85,1.85],"pivot":[0,13.8558,0.9721],"uv":{"north":{"uv":[12.6929,4.8994],"uv_size":[-0.1711,-0.328]},"south":{"uv":[12.8668,4.8994],"uv_size":[-0.1711,-0.328]},"east":{"uv":[12.8212,4.1375],"uv_size":[-0.2995,-0.328]},"west":{"uv":[12.5266,4.1375],"uv_size":[0.2995,-0.328]},"up":{"uv":[13.9179,3.616],"uv_size":[0.2995,-0.1874]},"down":{"uv":[13.9179,2.4792],"uv_size":[0.2995,0.1874]}}}],"name":"rot_32"},{"parent":"geyser_custom_z","pivot":[-1.5,5,4.5],"rotation":[0,-45,0],"cubes":[{"origin":[-1.5,1,2.5],"size":[0,11,3],"pivot":[-1.5,5,4.5],"uv":{"north":{"uv":[4.8696,10.6827],"uv_size":[0,2.0792]},"south":{"uv":[4.8696,10.6827],"uv_size":[0,2.0792]},"east":{"uv":[6.2692,10.6827],"uv_size":[0.5134,2.0792]},"west":{"uv":[6.7743,10.6827],"uv_size":[-0.5134,2.0792]},"up":{"uv":[4.8696,11.229],"uv_size":[0,-0.5623]},"down":{"uv":[4.8696,10.6758],"uv_size":[0,0.5623]}}}],"name":"rot_33"}]}]}
