{"format_version":"1.16.0","minecraft:geometry":[{"description":{"identifier":"geometry.geyser_custom.geo_763001d","texture_width":16,"texture_height":16,"visible_bounds_width":4,"visible_bounds_height":4.5,"visible_bounds_offset":[0,0.75,0]},"bones":[{"name":"geyser_custom","binding":"c.item_slot == 'head' ? 'head' : q.item_slot_to_bone_name(c.item_slot)","pivot":[0,8,0]},{"name":"geyser_custom_x","parent":"geyser_custom","pivot":[0,8,0]},{"name":"geyser_custom_y","parent":"geyser_custom_x","pivot":[0,8,0]},{"name":"geyser_custom_z","parent":"geyser_custom_y","pivot":[0,8,0],"cubes":[]},{"parent":"geyser_custom_z","pivot":[0,-0.5063,0],"rotation":[45,0,0],"cubes":[{"origin":[-0.5445,-7.2032,-4.6949],"size":[1.089,1.65,0.85],"pivot":[0,-0.5063,0],"uv":{"north":{"uv":[13.9158,1.1482],"uv_size":[0.1711,0.328]},"south":{"uv":[13.9158,0.7672],"uv_size":[0.1711,0.328]},"east":{"uv":[13.9151,4.9577],"uv_size":[0.1283,0.328]},"west":{"uv":[14.0414,4.9577],"uv_size":[-0.1283,0.328]},"up":{"uv":[14.9586,2.2888],"uv_size":[0.1284,0.1874]},"down":{"uv":[12.0021,5.9017],"uv_size":[0.1283,-0.1874]}}}],"name":"rot_1"},{"parent":"geyser_custom_z","pivot":[0,3.9937,0],"rotation":[45,0,0],"cubes":[{"origin":[-0.4,2.7912,1.1395],"size":[0.8,1.65,1.1],"pivot":[0,3.9937,0],"uv":{"north":{"uv":[14.4369,5.1482],"uv_size":[0.1283,0.328]},"south":{"uv":[13.7412,5.1482],"uv_size":[0.1284,0.328]},"east":{"uv":[14.2637,0.3863],"uv_size":[0.1711,0.328]},"west":{"uv":[14.432,0.3863],"uv_size":[-0.1711,0.328]},"up":{"uv":[14.9593,4.0023],"uv_size":[0.1711,0.1406]},"down":{"uv":[13.568,5.8549],"uv_size":[0.1711,-0.1406]}}},{"origin":[-0.407,3.4815,-0.6536],"size":[0.814,1.65,1.1],"pivot":[0,3.9937,0],"uv":{"north":{"uv":[14.5631,3.053],"uv_size":[-0.1283,0.328]},"south":{"uv":[14.5631,3.4339],"uv_size":[-0.1283,0.328]},"east":{"uv":[14.2581,4.3863],"uv_size":[-0.1711,0.328]},"west":{"uv":[14.0897,4.3863],"uv_size":[0.1711,0.328]},"up":{"uv":[15.1277,3.6213],"uv_size":[-0.1711,0.1406]}}},{"origin":[-0.6875,8.0446,0.6076],"size":[1.375,1.2375,1.2375],"pivot":[0,3.9937,0],"uv":{"north":{"uv":[13.9958,2.6705],"uv_size":[-0.2567,0.2343]},"south":{"uv":[13.9958,4.1943],"uv_size":[-0.2567,0.2343]},"east":{"uv":[14.6487,0.7657],"uv_size":[-0.2139,0.2343]},"west":{"uv":[14.4383,0.7657],"uv_size":[0.2139,0.2343]},"up":{"uv":[14.127,0.0046],"uv_size":[-0.2139,0.2811]},"down":{"uv":[14.127,0.6621],"uv_size":[-0.2139,-0.2811]}}},{"origin":[-0.4125,6.3946,0.7451],"size":[0.825,1.7875,0.9625],"pivot":[0,3.9937,0],"uv":{"north":{"uv":[13.3457,5.3387],"uv_size":[-0.1283,0.328]},"south":{"uv":[13.5197,5.3387],"uv_size":[-0.1284,0.328]},"east":{"uv":[14.432,3.4339],"uv_size":[-0.1711,0.328]},"west":{"uv":[14.2637,3.4339],"uv_size":[0.1711,0.328]},"down":{"uv":[15.1277,5.8549],"uv_size":[-0.1711,-0.1406]}}},{"origin":[-0.5445,6.5952,4.7072],"size":[1.089,1.65,1.1],"pivot":[0,3.9937,0],"uv":{"north":{"uv":[14.0897,4.0053],"uv_size":[0.1711,0.328]},"south":{"uv":[14.0897,3.053],"uv_size":[0.1711,0.328]},"east":{"uv":[14.0897,2.672],"uv_size":[0.1711,0.328]},"west":{"uv":[14.2581,2.672],"uv_size":[-0.1711,0.328]},"up":{"uv":[11.8289,5.5269],"uv_size":[0.1711,0.1874]}}}],"name":"rot_2"},{"parent":"geyser_custom_z","pivot":[0,3.9937,0],"rotation":[22.5,0,0],"cubes":[{"origin":[-0.39,4.2642,0.9978],"size":[0.78,1.65,0.9],"pivot":[0,3.9937,0],"uv":{"north":{"uv":[14.6108,1.5291],"uv_size":[0.1284,0.328]},"south":{"uv":[14.6108,0.0053],"uv_size":[0.1284,0.328]},"east":{"uv":[14.2637,1.1482],"uv_size":[0.1711,0.328]},"west":{"uv":[14.432,1.1482],"uv_size":[-0.1711,0.328]},"up":{"uv":[14.9593,4.3832],"uv_size":[0.1711,0.1406]}}},{"origin":[-0.55,6.9695,3.2695],"size":[1.1,1.65,1.1],"pivot":[0,3.9937,0],"uv":{"north":{"uv":[14.0897,1.1482],"uv_size":[0.1711,0.328]},"south":{"uv":[13.9158,4.5768],"uv_size":[0.1711,0.328]},"east":{"uv":[13.7419,4.5768],"uv_size":[0.1711,0.328]},"west":{"uv":[13.9103,4.5768],"uv_size":[-0.1711,0.328]},"up":{"uv":[14.7854,1.5269],"uv_size":[0.1711,0.1874]}}}],"name":"rot_3"},{"parent":"geyser_custom_z","pivot":[0,12.0242,-2.0043],"rotation":[22.5,0,0],"cubes":[{"origin":[-0.4,11.5022,-1.7085],"size":[0.8,3.4,0.6],"pivot":[0,12.0242,-2.0043],"uv":{"north":{"uv":[13.8163,3.7596],"uv_size":[-0.599,-0.1406]},"south":{"uv":[13.8163,3.4309],"uv_size":[-0.599,0.1406]},"east":{"uv":[14.2706,1.9985],"uv_size":[0.599,-0.0937]},"west":{"uv":[14.8598,1.9985],"uv_size":[-0.599,-0.0937]},"up":{"uv":[15.2588,2.0968],"uv_size":[-0.1283,0.0937]}}},{"origin":[0,9.5022,-4.7085],"size":[0,5.4,3.6],"pivot":[0,12.0242,-2.0043],"uv":{"east":{"uv":[12.8849,0.656],"uv_size":[0.9412,-0.656]},"west":{"uv":[13.8108,1.4179],"uv_size":[-0.9412,-0.656]}}}],"name":"rot_4"},{"parent":"geyser_custom_z","pivot":[0,12.0242,2.0043],"rotation":[22.5,0,0],"cubes":[{"origin":[-0.4015,11.1385,1.0018],"size":[0.803,1.15,0.85],"pivot":[0,12.0242,2.0043],"uv":{"north":{"uv":[14.7847,4.5752],"uv_size":[0.1283,0.2343]},"south":{"uv":[13.7412,5.5276],"uv_size":[0.1284,0.2343]},"east":{"uv":[14.7847,3.8133],"uv_size":[0.1283,0.2343]},"west":{"uv":[14.911,3.8133],"uv_size":[-0.1283,0.2343]},"up":{"uv":[10.9586,5.907],"uv_size":[0.1283,0.1406]}}},{"origin":[-0.35,11.5125,1.091],"size":[0.7,0.6,2.15],"pivot":[0,12.0242,2.0043],"uv":{"south":{"uv":[12.0021,5.9063],"uv_size":[0.1283,0.0937]},"east":{"uv":[14.7889,0.192],"uv_size":[0.385,0.0937]},"west":{"uv":[15.1677,0.192],"uv_size":[-0.385,0.0937]},"up":{"uv":[14.2671,3.8118],"uv_size":[0.385,0.1406]},"down":{"uv":[13.3976,5.093],"uv_size":[0.385,-0.1406]}}}],"name":"rot_5"},{"parent":"geyser_custom_z","pivot":[0,13.409,-3.25],"rotation":[22.5,0,0],"cubes":[{"origin":[-0.1,9.409,-7.25],"size":[0.2,8,8],"pivot":[0,13.409,-3.25],"uv":{"east":{"uv":[14.6247,10.6827],"uv_size":[1.3753,1.5078]},"west":{"uv":[15.984,10.6827],"uv_size":[-1.3753,1.5078]}}}],"name":"rot_6"},{"parent":"geyser_custom_z","pivot":[0,3.9937,0],"rotation":[0,0,-22.5],"cubes":[{"origin":[0.8743,-2.2748,-8.5],"size":[0.1,17,17],"pivot":[0,3.9937,0],"uv":{"west":{"uv":[10.4188,10.6827],"uv_size":[-2.7666,3.0316]}}}],"name":"rot_7"},{"parent":"geyser_custom_z","pivot":[0,-0.5063,0],"rotation":[0,-0,0],"cubes":[{"origin":[-0.539,-7.6437,-0.85],"size":[1.078,0.85,1.7],"pivot":[0,-0.5063,0],"uv":{"east":{"uv":[14.4397,2.669],"uv_size":[0.2995,0.1406]},"west":{"uv":[14.4397,2.669],"uv_size":[0.2995,0.1406]},"up":{"uv":[13.9179,2.0983],"uv_size":[0.2995,0.1874]},"down":{"uv":[13.9179,2.4731],"uv_size":[0.2995,-0.1874]}}},{"origin":[0,-11.091,-2.2],"size":[0,3.6,4.4],"pivot":[0,-0.5063,0],"uv":{"east":{"uv":[12.8821,1.5345],"uv_size":[0.7701,0.656]},"west":{"uv":[12.8821,1.5345],"uv_size":[0.7701,0.656]}}},{"origin":[-0.539,-6.8037,-0.55],"size":[1.078,0.66,1.1],"pivot":[0,-0.5063,0],"uv":{"north":{"uv":[10.2637,6.0453],"uv_size":[0.1711,-0.1406]},"south":{"uv":[9.9158,6.0453],"uv_size":[0.1711,-0.1406]},"east":{"uv":[9.7419,6.0453],"uv_size":[0.1711,-0.1406]},"west":{"uv":[10.0897,6.0453],"uv_size":[0.1711,-0.1406]},"up":{"uv":[14.7854,3.2411],"uv_size":[0.1711,0.1874]}}},{"origin":[-0.4015,-6.2537,-0.4125],"size":[0.803,3.36,0.825],"pivot":[0,-0.5063,0],"uv":{"north":{"uv":[13.5673,4.3893],"uv_size":[0.1283,0.5154]},"south":{"uv":[13.2195,4.3893],"uv_size":[0.1283,0.5154]},"east":{"uv":[13.7412,2.1036],"uv_size":[0.1284,0.5154]},"west":{"uv":[13.3934,4.3893],"uv_size":[0.1284,0.5154]}}}],"name":"rot_8"},{"parent":"geyser_custom_z","pivot":[0,3.2437,0],"rotation":[0,-0,0],"cubes":[{"origin":[-0.539,0.2463,-0.55],"size":[1.078,0.66,1.1],"pivot":[0,3.2437,0],"uv":{"north":{"uv":[10.2637,5.907],"uv_size":[0.1711,0.1406]},"south":{"uv":[9.9158,5.907],"uv_size":[0.1711,0.1406]},"east":{"uv":[9.7419,5.907],"uv_size":[0.1711,0.1406]},"west":{"uv":[10.0897,5.907],"uv_size":[0.1711,0.1406]},"down":{"uv":[14.7854,3.4255],"uv_size":[0.1711,-0.1874]}}},{"origin":[-0.4015,-3.0037,-0.4125],"size":[0.803,3.36,0.825],"pivot":[0,3.2437,0],"uv":{"north":{"uv":[13.5673,4.3893],"uv_size":[0.1283,0.5154]},"south":{"uv":[13.2195,4.3893],"uv_size":[0.1283,0.5154]},"east":{"uv":[13.7412,2.1036],"uv_size":[0.1284,0.5154]},"west":{"uv":[13.3934,4.3893],"uv_size":[0.1284,0.5154]}}}],"name":"rot_9"},{"parent":"geyser_custom_z","pivot":[0,3.9937,0],"rotation":[0,-0,0],"cubes":[{"origin":[-0.05,1.659,-8.5],"size":[0.1,17,17],"pivot":[0,3.9937,0],"uv":{"east":{"uv":[12.5377,6.8731],"uv_size":[2.7666,3.0316]},"west":{"uv":[15.2883,6.8731],"uv_size":[-2.7666,3.0316]}}},{"origin":[0,6.659,-2],"size":[0,4,4],"pivot":[0,3.9937,0],"uv":{"east":{"uv":[15.3155,6.8693],"uv_size":[0.6845,0.7497]},"west":{"uv":[15.9889,6.8693],"uv_size":[-0.6845,0.7497]}}},{"origin":[-0.5,3.2181,-0.925],"size":[1,1.85,1.85],"pivot":[0,3.9937,0],"uv":{"east":{"uv":[12.5266,4.1958],"uv_size":[0.2995,0.328]},"west":{"uv":[12.8212,4.1958],"uv_size":[-0.2995,0.328]}}},{"origin":[-0.539,10.1063,-1.1],"size":[1.078,1,2.2],"pivot":[0,3.9937,0],"uv":{"east":{"uv":[13.5715,3.0507],"uv_size":[0.385,0.1874]},"west":{"uv":[13.5715,3.0507],"uv_size":[0.385,0.1874]},"up":{"uv":[13.2237,4.1935],"uv_size":[0.385,0.1874]},"down":{"uv":[13.5715,3.997],"uv_size":[0.385,-0.1874]}}},{"origin":[-0.539,6.1563,-1.155],"size":[1.078,1.1,2.31],"pivot":[0,3.9937,0],"uv":{"north":{"uv":[14.7854,2.8602],"uv_size":[0.1711,0.1874]},"south":{"uv":[12.3506,5.5269],"uv_size":[0.1711,0.1874]},"east":{"uv":[13.5715,4.003],"uv_size":[0.385,0.1874]},"west":{"uv":[13.9503,4.003],"uv_size":[-0.385,0.1874]},"up":{"uv":[13.7454,1.7173],"uv_size":[0.385,0.1874]},"down":{"uv":[13.7454,2.0922],"uv_size":[0.385,-0.1874]}}},{"origin":[-0.4015,0.7463,-0.4125],"size":[0.803,3.36,0.825],"pivot":[0,3.9937,0],"uv":{"north":{"uv":[13.5673,4.3893],"uv_size":[0.1283,0.5154]},"south":{"uv":[13.2195,4.3893],"uv_size":[0.1283,0.5154]},"east":{"uv":[13.7412,2.1036],"uv_size":[0.1284,0.5154]},"west":{"uv":[13.3934,4.3893],"uv_size":[0.1284,0.5154]}}}],"name":"rot_10"},{"parent":"geyser_custom_z","pivot":[0,12.0242,-2.0043],"rotation":[0,-0,0],"cubes":[{"origin":[-0.407,9.9976,-2.2023],"size":[0.814,1.15,0.85],"pivot":[0,12.0242,-2.0043],"uv":{"north":{"uv":[14.96,0.5737],"uv_size":[0.2139,0.1406]},"south":{"uv":[14.7861,5.6644],"uv_size":[0.2139,-0.1406]},"east":{"uv":[14.9965,4.1928],"uv_size":[-0.2139,0.1406]},"west":{"uv":[14.7861,4.1928],"uv_size":[0.2139,0.1406]},"up":{"uv":[15.1325,1.6644],"uv_size":[0.1283,-0.1406]}}}],"name":"rot_11"},{"parent":"geyser_custom_z","pivot":[0,12.0242,2.0043],"rotation":[0,-0,0],"cubes":[{"origin":[-0.407,9.9976,1.3523],"size":[0.814,1.15,0.85],"pivot":[0,12.0242,2.0043],"uv":{"north":{"uv":[14.7861,5.5261],"uv_size":[0.2139,0.1406]},"south":{"uv":[14.96,0.712],"uv_size":[0.2139,-0.1406]},"east":{"uv":[14.9965,4.331],"uv_size":[-0.2139,-0.1406]},"west":{"uv":[14.7861,4.331],"uv_size":[0.2139,-0.1406]},"up":{"uv":[15.1325,1.5261],"uv_size":[0.1283,0.1406]}}}],"name":"rot_12"},{"parent":"geyser_custom_z","pivot":[0,15.5795,0],"rotation":[0,-0,0],"cubes":[{"origin":[0,10.759,-2.925],"size":[0,9.641,5.85],"pivot":[0,15.5795,0],"uv":{"east":{"uv":[15.123,5.2898],"uv_size":[0.877,1.5554]},"west":{"uv":[15.9857,5.2898],"uv_size":[-0.877,1.5554]}}}],"name":"rot_13"},{"parent":"geyser_custom_z","pivot":[0,3.9937,0],"rotation":[-22.5,0,0],"cubes":[{"origin":[-0.39,4.2642,-1.8978],"size":[0.78,1.65,0.9],"pivot":[0,3.9937,0],"uv":{"north":{"uv":[14.737,0.0053],"uv_size":[-0.1284,0.328]},"south":{"uv":[14.737,1.5291],"uv_size":[-0.1284,0.328]},"east":{"uv":[14.432,1.1482],"uv_size":[-0.1711,0.328]},"west":{"uv":[14.2637,1.1482],"uv_size":[0.1711,0.328]},"up":{"uv":[15.1277,4.3832],"uv_size":[-0.1711,0.1406]}}},{"origin":[-0.55,6.9695,-4.3695],"size":[1.1,1.65,1.1],"pivot":[0,3.9937,0],"uv":{"north":{"uv":[14.0842,4.5768],"uv_size":[-0.1711,0.328]},"south":{"uv":[14.2581,1.1482],"uv_size":[-0.1711,0.328]},"east":{"uv":[13.9103,4.5768],"uv_size":[-0.1711,0.328]},"west":{"uv":[13.7419,4.5768],"uv_size":[0.1711,0.328]},"up":{"uv":[14.9537,1.5269],"uv_size":[-0.1711,0.1874]}}}],"name":"rot_14"},{"parent":"geyser_custom_z","pivot":[0,12.0242,-2.0043],"rotation":[-22.5,0,0],"cubes":[{"origin":[-0.35,11.5125,-3.241],"size":[0.7,0.6,2.15],"pivot":[0,12.0242,-2.0043],"uv":{"north":{"uv":[12.1283,5.9063],"uv_size":[-0.1283,0.0937]},"east":{"uv":[15.1677,0.192],"uv_size":[-0.385,0.0937]},"west":{"uv":[14.7889,0.192],"uv_size":[0.385,0.0937]},"up":{"uv":[14.6459,3.8118],"uv_size":[-0.385,0.1406]},"down":{"uv":[13.7763,5.093],"uv_size":[-0.385,-0.1406]}}},{"origin":[-0.4015,11.1385,-1.8518],"size":[0.803,1.15,0.85],"pivot":[0,12.0242,-2.0043],"uv":{"north":{"uv":[13.8675,5.5276],"uv_size":[-0.1284,0.2343]},"south":{"uv":[14.911,4.5752],"uv_size":[-0.1283,0.2343]},"east":{"uv":[14.911,3.8133],"uv_size":[-0.1283,0.2343]},"west":{"uv":[14.7847,3.8133],"uv_size":[0.1283,0.2343]},"up":{"uv":[11.0849,5.907],"uv_size":[-0.1283,0.1406]}}}],"name":"rot_15"},{"parent":"geyser_custom_z","pivot":[0,12.0242,2.0043],"rotation":[-22.5,0,0],"cubes":[{"origin":[-0.4,11.5022,1.1085],"size":[0.8,3.4,0.6],"pivot":[0,12.0242,2.0043],"uv":{"north":{"uv":[13.8163,3.5691],"uv_size":[-0.599,-0.1406]},"south":{"uv":[13.8163,3.6213],"uv_size":[-0.599,0.1406]},"east":{"uv":[14.2706,1.9063],"uv_size":[0.599,0.0937]},"west":{"uv":[14.8598,1.9063],"uv_size":[-0.599,0.0937]},"up":{"uv":[15.2588,2.189],"uv_size":[-0.1283,-0.0937]}}},{"origin":[0,9.5022,1.1085],"size":[0,5.4,3.6],"pivot":[0,12.0242,2.0043],"uv":{"east":{"uv":[12.8849,0.0107],"uv_size":[0.9412,0.656]},"west":{"uv":[13.8108,0.7726],"uv_size":[-0.9412,0.656]}}}],"name":"rot_16"},{"parent":"geyser_custom_z","pivot":[0,13.409,3.25],"rotation":[-22.5,0,0],"cubes":[{"origin":[-0.1,9.409,-0.75],"size":[0.2,8,8],"pivot":[0,13.409,3.25],"uv":{"east":{"uv":[15.984,10.6827],"uv_size":[-1.3753,1.5078]},"west":{"uv":[14.6247,10.6827],"uv_size":[1.3753,1.5078]}}}],"name":"rot_17"},{"parent":"geyser_custom_z","pivot":[0,3.9937,0],"rotation":[0,0,22.5],"cubes":[{"origin":[-0.9743,-2.2748,-8.5],"size":[0.1,17,17],"pivot":[0,3.9937,0],"uv":{"east":{"uv":[7.6682,10.6827],"uv_size":[2.7666,3.0316]}}}],"name":"rot_18"},{"parent":"geyser_custom_z","pivot":[0,-0.5063,0],"rotation":[-45,0,0],"cubes":[{"origin":[-0.55,-7.1946,5.5883],"size":[1.1,1.1,1.1],"pivot":[0,-0.5063,0],"uv":{"north":{"uv":[14.7854,0.9554],"uv_size":[0.1711,0.1874]},"south":{"uv":[14.7854,0.5745],"uv_size":[0.1711,0.1874]},"east":{"uv":[13.9158,3.6221],"uv_size":[0.1711,0.1874]},"west":{"uv":[14.0842,3.6221],"uv_size":[-0.1711,0.1874]},"up":{"uv":[14.7854,1.1459],"uv_size":[0.1711,0.1874]},"down":{"uv":[14.7854,1.5208],"uv_size":[0.1711,-0.1874]}}},{"origin":[-0.5445,-7.2032,3.8449],"size":[1.089,1.65,0.85],"pivot":[0,-0.5063,0],"uv":{"north":{"uv":[14.0842,0.7672],"uv_size":[-0.1711,0.328]},"south":{"uv":[14.0842,1.1482],"uv_size":[-0.1711,0.328]},"east":{"uv":[14.0414,4.9577],"uv_size":[-0.1283,0.328]},"west":{"uv":[13.9151,4.9577],"uv_size":[0.1283,0.328]},"up":{"uv":[15.0849,2.2888],"uv_size":[-0.1284,0.1874]},"down":{"uv":[12.1283,5.9017],"uv_size":[-0.1283,-0.1874]}}}],"name":"rot_19"},{"parent":"geyser_custom_z","pivot":[0,3.9937,0],"rotation":[-45,0,0],"cubes":[{"origin":[-0.55,5.1603,-2.4666],"size":[1.1,1.3,1.3],"pivot":[0,3.9937,0],"uv":{"north":{"uv":[14.7854,0.5745],"uv_size":[0.1711,0.1874]},"south":{"uv":[14.7854,0.9554],"uv_size":[0.1711,0.1874]},"east":{"uv":[13.9158,3.6221],"uv_size":[0.1711,0.1874]},"west":{"uv":[14.0842,3.6221],"uv_size":[-0.1711,0.1874]},"up":{"uv":[14.7854,1.5208],"uv_size":[0.1711,-0.1874]},"down":{"uv":[14.7854,1.1459],"uv_size":[0.1711,0.1874]}}},{"origin":[-0.6,3.1744,-1.0306],"size":[1.2,1.85,1.85],"pivot":[0,3.9937,0],"uv":{"north":{"uv":[12.6984,4.5768],"uv_size":[0.1711,0.328]},"south":{"uv":[12.5245,4.5768],"uv_size":[0.1711,0.328]},"east":{"uv":[12.5266,3.8149],"uv_size":[0.2995,0.328]},"west":{"uv":[12.8212,3.8149],"uv_size":[-0.2995,0.328]},"up":{"uv":[13.9179,2.4792],"uv_size":[0.2995,0.1874]},"down":{"uv":[13.9179,3.616],"uv_size":[0.2995,-0.1874]}}},{"origin":[-0.407,3.4815,-0.4463],"size":[0.814,1.65,1.1],"pivot":[0,3.9937,0],"uv":{"north":{"uv":[14.4369,3.4339],"uv_size":[0.1283,0.328]},"south":{"uv":[14.4369,3.053],"uv_size":[0.1283,0.328]},"east":{"uv":[14.0897,4.3863],"uv_size":[0.1711,0.328]},"west":{"uv":[14.2581,4.3863],"uv_size":[-0.1711,0.328]},"up":{"uv":[14.9593,3.6213],"uv_size":[0.1711,0.1406]}}},{"origin":[-0.4,2.7912,-2.2395],"size":[0.8,1.65,1.1],"pivot":[0,3.9937,0],"uv":{"north":{"uv":[13.8675,5.1482],"uv_size":[-0.1284,0.328]},"south":{"uv":[14.5631,5.1482],"uv_size":[-0.1283,0.328]},"east":{"uv":[14.432,0.3863],"uv_size":[-0.1711,0.328]},"west":{"uv":[14.2637,0.3863],"uv_size":[0.1711,0.328]},"up":{"uv":[15.1277,4.0023],"uv_size":[-0.1711,0.1406]},"down":{"uv":[13.7363,5.8549],"uv_size":[-0.1711,-0.1406]}}},{"origin":[-0.5445,6.5952,-5.8072],"size":[1.089,1.65,1.1],"pivot":[0,3.9937,0],"uv":{"north":{"uv":[14.2581,3.053],"uv_size":[-0.1711,0.328]},"south":{"uv":[14.2581,4.0053],"uv_size":[-0.1711,0.328]},"east":{"uv":[14.2581,2.672],"uv_size":[-0.1711,0.328]},"west":{"uv":[14.0897,2.672],"uv_size":[0.1711,0.328]},"up":{"uv":[11.9972,5.5269],"uv_size":[-0.1711,0.1874]}}},{"origin":[-0.4125,6.3946,-1.7076],"size":[0.825,1.7875,0.9625],"pivot":[0,3.9937,0],"uv":{"north":{"uv":[13.3934,5.3387],"uv_size":[0.1284,0.328]},"south":{"uv":[13.2195,5.3387],"uv_size":[0.1283,0.328]},"east":{"uv":[14.2637,3.4339],"uv_size":[0.1711,0.328]},"west":{"uv":[14.432,3.4339],"uv_size":[-0.1711,0.328]},"down":{"uv":[14.9593,5.8549],"uv_size":[0.1711,-0.1406]}}},{"origin":[-0.6875,8.0446,-1.8451],"size":[1.375,1.2375,1.2375],"pivot":[0,3.9937,0],"uv":{"north":{"uv":[13.7433,4.1943],"uv_size":[0.2567,0.2343]},"south":{"uv":[13.7433,2.6705],"uv_size":[0.2567,0.2343]},"east":{"uv":[14.4383,0.7657],"uv_size":[0.2139,0.2343]},"west":{"uv":[14.6487,0.7657],"uv_size":[-0.2139,0.2343]},"up":{"uv":[13.9165,0.0046],"uv_size":[0.2139,0.2811]},"down":{"uv":[13.9165,0.6621],"uv_size":[0.2139,-0.2811]}}}],"name":"rot_20"}]}]}
