{"format_version":"1.16.0","minecraft:geometry":[{"description":{"identifier":"geometry.geyser_custom.geo_f3f3603","texture_width":16,"texture_height":16,"visible_bounds_width":4,"visible_bounds_height":4.5,"visible_bounds_offset":[0,0.75,0]},"bones":[{"name":"geyser_custom","binding":"c.item_slot == 'head' ? 'head' : q.item_slot_to_bone_name(c.item_slot)","pivot":[0,8,0]},{"name":"geyser_custom_x","parent":"geyser_custom","pivot":[0,8,0]},{"name":"geyser_custom_y","parent":"geyser_custom_x","pivot":[0,8,0]},{"name":"geyser_custom_z","parent":"geyser_custom_y","pivot":[0,8,0],"cubes":[]},{"parent":"geyser_custom_z","pivot":[0,-6.7563,0],"rotation":[45,0,0],"cubes":[{"origin":[-0.5445,-4.1548,4.7072],"size":[1.089,1.65,1.1],"pivot":[0,-6.7563,0],"uv":{"north":{"uv":[14.0897,4.0053],"uv_size":[0.1711,0.328]},"south":{"uv":[14.0897,3.053],"uv_size":[0.1711,0.328]},"east":{"uv":[14.0897,2.672],"uv_size":[0.1711,0.328]},"west":{"uv":[14.2581,2.672],"uv_size":[-0.1711,0.328]},"up":{"uv":[11.8289,5.5269],"uv_size":[0.1711,0.1874]}}},{"origin":[-0.6875,-2.7054,0.6076],"size":[1.375,1.2375,1.2375],"pivot":[0,-6.7563,0],"uv":{"north":{"uv":[13.9958,2.6705],"uv_size":[-0.2567,0.2343]},"south":{"uv":[13.9958,4.1943],"uv_size":[-0.2567,0.2343]},"east":{"uv":[14.6487,0.7657],"uv_size":[-0.2139,0.2343]},"west":{"uv":[14.4383,0.7657],"uv_size":[0.2139,0.2343]},"up":{"uv":[14.127,0.0046],"uv_size":[-0.2139,0.2811]},"down":{"uv":[14.127,0.6621],"uv_size":[-0.2139,-0.2811]}}},{"origin":[-0.4125,-4.3554,0.7451],"size":[0.825,1.7875,0.9625],"pivot":[0,-6.7563,0],"uv":{"north":{"uv":[13.3457,5.3387],"uv_size":[-0.1283,0.328]},"south":{"uv":[13.5197,5.3387],"uv_size":[-0.1284,0.328]},"east":{"uv":[14.432,3.4339],"uv_size":[-0.1711,0.328]},"west":{"uv":[14.2637,3.4339],"uv_size":[0.1711,0.328]},"down":{"uv":[15.1277,5.8549],"uv_size":[-0.1711,-0.1406]}}}],"name":"rot_1"},{"parent":"geyser_custom_z","pivot":[0,-5.7563,-1],"rotation":[45,0,0],"cubes":[{"origin":[-0.1,-3.0987,-3.9993],"size":[0.2,8,8],"pivot":[0,-5.7563,-1],"uv":{"east":{"uv":[14.6247,10.6827],"uv_size":[1.3753,1.5078]},"west":{"uv":[15.984,10.6827],"uv_size":[-1.3753,1.5078]}}}],"name":"rot_2"},{"parent":"geyser_custom_z","pivot":[0,-6.7563,0],"rotation":[22.5,0,0],"cubes":[{"origin":[-0.55,-3.7805,3.2695],"size":[1.1,1.65,1.1],"pivot":[0,-6.7563,0],"uv":{"north":{"uv":[14.0897,1.1482],"uv_size":[0.1711,0.328]},"south":{"uv":[13.9158,4.5768],"uv_size":[0.1711,0.328]},"east":{"uv":[13.7419,4.5768],"uv_size":[0.1711,0.328]},"west":{"uv":[13.9103,4.5768],"uv_size":[-0.1711,0.328]},"up":{"uv":[14.7854,1.5269],"uv_size":[0.1711,0.1874]}}}],"name":"rot_3"},{"parent":"geyser_custom_z","pivot":[0,-4.259,-1.3],"rotation":[0,22.5,0],"cubes":[{"origin":[0,-15.759,-23.8],"size":[0,23,23],"pivot":[0,-4.259,-1.3],"uv":{"east":{"uv":[0.016,10.6827],"uv_size":[4.8536,5.3173]},"west":{"uv":[4.8536,10.6827],"uv_size":[-4.8536,5.3173]}}}],"name":"rot_4"},{"parent":"geyser_custom_z","pivot":[0,0.2437,0],"rotation":[0,0,-22.5],"cubes":[{"origin":[0.8743,-6.0249,-8.5],"size":[0.1,17,17],"pivot":[0,0.2437,0],"uv":{"west":{"uv":[10.4188,10.6827],"uv_size":[-2.7666,3.0316]}}}],"name":"rot_5"},{"parent":"geyser_custom_z","pivot":[0.5,-6.7563,0],"rotation":[0,-0,0],"cubes":[{"origin":[-0.5,-4.091,-2],"size":[1,4,4],"pivot":[0.5,-6.7563,0],"uv":{"east":{"uv":[15.3155,6.8693],"uv_size":[0.6845,0.7497]},"west":{"uv":[15.9889,6.8693],"uv_size":[-0.6845,0.7497]}}}],"name":"rot_6"},{"parent":"geyser_custom_z","pivot":[0,-6.7563,0],"rotation":[0,-0,0],"cubes":[{"origin":[-0.05,-9.091,-8.5],"size":[0.1,17,17],"pivot":[0,-6.7563,0],"uv":{"east":{"uv":[12.5377,6.8731],"uv_size":[2.7666,3.0316]},"west":{"uv":[15.2883,6.8731],"uv_size":[-2.7666,3.0316]}}},{"origin":[-0.539,-0.6437,-1.1],"size":[1.078,1,2.2],"pivot":[0,-6.7563,0],"uv":{"east":{"uv":[13.5715,3.0507],"uv_size":[0.385,0.1874]},"west":{"uv":[13.5715,3.0507],"uv_size":[0.385,0.1874]},"up":{"uv":[13.2237,4.1935],"uv_size":[0.385,0.1874]},"down":{"uv":[13.5715,3.997],"uv_size":[0.385,-0.1874]}}},{"origin":[-0.539,-4.5937,-1.155],"size":[1.078,1.1,2.31],"pivot":[0,-6.7563,0],"uv":{"north":{"uv":[14.7854,2.8602],"uv_size":[0.1711,0.1874]},"south":{"uv":[12.3506,5.5269],"uv_size":[0.1711,0.1874]},"east":{"uv":[13.5715,4.003],"uv_size":[0.385,0.1874]},"west":{"uv":[13.9503,4.003],"uv_size":[-0.385,0.1874]},"up":{"uv":[13.7454,1.7173],"uv_size":[0.385,0.1874]},"down":{"uv":[13.7454,2.0922],"uv_size":[0.385,-0.1874]}}}],"name":"rot_7"},{"parent":"geyser_custom_z","pivot":[0,1.2437,0],"rotation":[0,-0,0],"cubes":[{"origin":[-0.5,0.4681,-0.925],"size":[1,1.85,1.85],"pivot":[0,1.2437,0],"uv":{"east":{"uv":[12.5266,4.1958],"uv_size":[0.2995,0.328]},"west":{"uv":[12.8212,4.1958],"uv_size":[-0.2995,0.328]}}}],"name":"rot_8"},{"parent":"geyser_custom_z","pivot":[0,-6.7563,0],"rotation":[-22.5,0,0],"cubes":[{"origin":[-0.55,-3.7805,-4.3695],"size":[1.1,1.65,1.1],"pivot":[0,-6.7563,0],"uv":{"north":{"uv":[14.0842,4.5768],"uv_size":[-0.1711,0.328]},"south":{"uv":[14.2581,1.1482],"uv_size":[-0.1711,0.328]},"east":{"uv":[13.9103,4.5768],"uv_size":[-0.1711,0.328]},"west":{"uv":[13.7419,4.5768],"uv_size":[0.1711,0.328]},"up":{"uv":[14.9537,1.5269],"uv_size":[-0.1711,0.1874]}}}],"name":"rot_9"},{"parent":"geyser_custom_z","pivot":[0,-4.259,1.3],"rotation":[0,-22.5,0],"cubes":[{"origin":[0,-15.759,0.8],"size":[0,23,23],"pivot":[0,-4.259,1.3],"uv":{"east":{"uv":[4.8536,10.6827],"uv_size":[-4.8536,5.3173]},"west":{"uv":[0.016,10.6827],"uv_size":[4.8536,5.3173]}}}],"name":"rot_10"},{"parent":"geyser_custom_z","pivot":[0,0.2437,0],"rotation":[0,0,22.5],"cubes":[{"origin":[-0.9743,-6.0249,-8.5],"size":[0.1,17,17],"pivot":[0,0.2437,0],"uv":{"east":{"uv":[7.6682,10.6827],"uv_size":[2.7666,3.0316]}}}],"name":"rot_11"},{"parent":"geyser_custom_z","pivot":[0,-6.7563,0],"rotation":[-45,0,0],"cubes":[{"origin":[-0.4125,-4.3554,-1.7076],"size":[0.825,1.7875,0.9625],"pivot":[0,-6.7563,0],"uv":{"north":{"uv":[13.3934,5.3387],"uv_size":[0.1284,0.328]},"south":{"uv":[13.2195,5.3387],"uv_size":[0.1283,0.328]},"east":{"uv":[14.2637,3.4339],"uv_size":[0.1711,0.328]},"west":{"uv":[14.432,3.4339],"uv_size":[-0.1711,0.328]},"down":{"uv":[14.9593,5.8549],"uv_size":[0.1711,-0.1406]}}},{"origin":[-0.6875,-2.7054,-1.8451],"size":[1.375,1.2375,1.2375],"pivot":[0,-6.7563,0],"uv":{"north":{"uv":[13.7433,4.1943],"uv_size":[0.2567,0.2343]},"south":{"uv":[13.7433,2.6705],"uv_size":[0.2567,0.2343]},"east":{"uv":[14.4383,0.7657],"uv_size":[0.2139,0.2343]},"west":{"uv":[14.6487,0.7657],"uv_size":[-0.2139,0.2343]},"up":{"uv":[13.9165,0.0046],"uv_size":[0.2139,0.2811]},"down":{"uv":[13.9165,0.6621],"uv_size":[0.2139,-0.2811]}}},{"origin":[-0.5445,-4.1548,-5.8072],"size":[1.089,1.65,1.1],"pivot":[0,-6.7563,0],"uv":{"north":{"uv":[14.2581,3.053],"uv_size":[-0.1711,0.328]},"south":{"uv":[14.2581,4.0053],"uv_size":[-0.1711,0.328]},"east":{"uv":[14.2581,2.672],"uv_size":[-0.1711,0.328]},"west":{"uv":[14.0897,2.672],"uv_size":[0.1711,0.328]},"up":{"uv":[11.9972,5.5269],"uv_size":[-0.1711,0.1874]}}}],"name":"rot_12"},{"parent":"geyser_custom_z","pivot":[0,-4.7563,1],"rotation":[-45,0,0],"cubes":[{"origin":[-0.1,-2.0987,-4.0008],"size":[0.2,8,8],"pivot":[0,-4.7563,1],"uv":{"east":{"uv":[15.984,10.6827],"uv_size":[-1.3753,1.5078]},"west":{"uv":[14.6247,10.6827],"uv_size":[1.3753,1.5078]}}}],"name":"rot_13"},{"parent":"geyser_custom_z","pivot":[0,1.2437,0],"rotation":[-45,0,0],"cubes":[{"origin":[-0.6,0.4244,-1.0306],"size":[1.2,1.85,1.85],"pivot":[0,1.2437,0],"uv":{"north":{"uv":[12.6984,4.5768],"uv_size":[0.1711,0.328]},"south":{"uv":[12.5245,4.5768],"uv_size":[0.1711,0.328]},"east":{"uv":[12.5266,3.8149],"uv_size":[0.2995,0.328]},"west":{"uv":[12.8212,3.8149],"uv_size":[-0.2995,0.328]},"up":{"uv":[13.9179,2.4792],"uv_size":[0.2995,0.1874]},"down":{"uv":[13.9179,3.616],"uv_size":[0.2995,-0.1874]}}}],"name":"rot_14"}]}]}
