{"format_version":"1.16.0","minecraft:geometry":[{"description":{"identifier":"geometry.geyser_custom.geo_32aad84","texture_width":16,"texture_height":16,"visible_bounds_width":4,"visible_bounds_height":4.5,"visible_bounds_offset":[0,0.75,0]},"bones":[{"name":"geyser_custom","binding":"c.item_slot == 'head' ? 'head' : q.item_slot_to_bone_name(c.item_slot)","pivot":[0,8,0]},{"name":"geyser_custom_x","parent":"geyser_custom","pivot":[0,8,0]},{"name":"geyser_custom_y","parent":"geyser_custom_x","pivot":[0,8,0]},{"name":"geyser_custom_z","parent":"geyser_custom_y","pivot":[0,8,0],"cubes":[]},{"parent":"geyser_custom_z","pivot":[4.075,24.7263,5.862],"rotation":[45,0,0],"cubes":[{"origin":[3.7,15.1615,-6.8499],"size":[1,1.5,2],"pivot":[4.075,24.7263,5.862],"uv":{"north":{"uv":[0.6649,10.878],"uv_size":[-0.1093,0.1845]},"south":{"uv":[0.6649,10.878],"uv_size":[-0.1093,0.1845]},"east":{"uv":[0.6702,10.878],"uv_size":[0.2187,0.1845]},"west":{"uv":[0.8853,10.878],"uv_size":[-0.2187,0.1845]},"up":{"uv":[0.8907,11.121],"uv_size":[0.1093,-0.246]},"down":{"uv":[1.1129,11.1835],"uv_size":[0.1093,-0.246]}}}],"name":"rot_1"},{"parent":"geyser_custom_z","pivot":[0.1,23.8752,9.7421],"rotation":[45,0,0],"cubes":[{"origin":[-0.5,26.312,9.4474],"size":[1,1.5,4],"pivot":[0.1,23.8752,9.7421],"uv":{"north":{"uv":[1.8907,9.5655],"uv_size":[0.1093,0.1845]},"south":{"uv":[1.8907,9.378],"uv_size":[0.1093,0.1845]},"east":{"uv":[2.0071,9.378],"uv_size":[0.4373,0.1845]},"west":{"uv":[2.4373,9.378],"uv_size":[-0.4373,0.1845]},"up":{"uv":[1.9982,10.242],"uv_size":[-0.1093,-0.492]},"down":{"uv":[1.8871,10.1795],"uv_size":[-0.1093,-0.492]}}}],"name":"rot_2"},{"parent":"geyser_custom_z","pivot":[0.1,24.0752,-9.8421],"rotation":[45,0,0],"cubes":[{"origin":[-0.975,17.6624,-10.8741],"size":[1.95,3,2.5],"pivot":[0.1,24.0752,-9.8421],"uv":{"north":{"uv":[1.4409,10.3185],"uv_size":[-0.2187,0.369]},"south":{"uv":[1.6631,10.3185],"uv_size":[-0.2187,0.369]},"east":{"uv":[1.4498,10.3075],"uv_size":[0.328,-0.3075]},"west":{"uv":[1.7724,10.3075],"uv_size":[-0.328,-0.3075]},"up":{"uv":[1.7742,9.6925],"uv_size":[-0.2187,0.3075]},"down":{"uv":[1.4409,10.005],"uv_size":[-0.2187,0.3075]}}}],"name":"rot_3"},{"parent":"geyser_custom_z","pivot":[-4.075,24.7263,5.862],"rotation":[45,0,0],"cubes":[{"origin":[-4.7,15.1615,-6.8499],"size":[1,1.5,2],"pivot":[-4.075,24.7263,5.862],"uv":{"north":{"uv":[0.5573,10.878],"uv_size":[0.1093,0.1845]},"south":{"uv":[0.5573,10.878],"uv_size":[0.1093,0.1845]},"east":{"uv":[0.6702,10.878],"uv_size":[0.2187,0.1845]},"west":{"uv":[0.8853,10.878],"uv_size":[-0.2187,0.1845]},"up":{"uv":[0.9982,11.121],"uv_size":[-0.1093,-0.246]},"down":{"uv":[1.2204,11.1835],"uv_size":[-0.1093,-0.246]}}}],"name":"rot_4"},{"parent":"geyser_custom_z","pivot":[4.075,24.7263,-5.862],"rotation":[22.5,0,0],"cubes":[{"origin":[3.45,11.0537,-10.8539],"size":[1.5,2,2],"pivot":[4.075,24.7263,-5.862],"uv":{"north":{"uv":[2.1138,9.879],"uv_size":[0.164,0.246]},"south":{"uv":[2.1138,10.129],"uv_size":[0.164,0.246]},"east":{"uv":[2.4964,9.879],"uv_size":[-0.2187,0.246]},"west":{"uv":[2.2813,9.879],"uv_size":[0.2187,0.246]},"up":{"uv":[2.2804,10.129],"uv_size":[0.164,0.246]},"down":{"uv":[2.2804,10.129],"uv_size":[0.164,0.246]}}}],"name":"rot_5"},{"parent":"geyser_custom_z","pivot":[4.075,24.7263,5.862],"rotation":[22.5,0,0],"cubes":[{"origin":[3.95,11.0352,-4.2299],"size":[0.5,1,2],"pivot":[4.075,24.7263,5.862],"uv":{"north":{"uv":[1.1102,10.9395],"uv_size":[-0.0547,0.123]},"south":{"uv":[1.1102,10.9395],"uv_size":[-0.0547,0.123]},"east":{"uv":[0.6702,11.0645],"uv_size":[0.2187,0.123]},"west":{"uv":[0.8853,11.0645],"uv_size":[-0.2187,0.123]},"up":{"uv":[1.0564,11.3085],"uv_size":[0.0547,-0.246]},"down":{"uv":[1.0009,11.121],"uv_size":[0.0547,-0.246]}}}],"name":"rot_6"},{"parent":"geyser_custom_z","pivot":[0.1,23.8752,-9.7421],"rotation":[22.5,0,0],"cubes":[{"origin":[-0.75,22.1125,-7.988],"size":[1.5,3,2],"pivot":[0.1,23.8752,-9.7421],"uv":{"north":{"uv":[1.2196,10.5685],"uv_size":[-0.164,0.369]},"south":{"uv":[1.3862,10.6935],"uv_size":[-0.164,0.369]},"east":{"uv":[0.7276,10.8085],"uv_size":[0.328,-0.246]},"west":{"uv":[1.0502,10.8085],"uv_size":[-0.328,-0.246]},"up":{"uv":[0.7196,10.5665],"uv_size":[-0.164,0.246]},"down":{"uv":[0.7196,10.5665],"uv_size":[-0.164,0.246]}}}],"name":"rot_7"},{"parent":"geyser_custom_z","pivot":[0.1,24.0752,-9.8421],"rotation":[22.5,0,0],"cubes":[{"origin":[-0.25,27.9831,-8.9723],"size":[0.5,4,1.5],"pivot":[0.1,24.0752,-9.8421],"uv":{"north":{"uv":[2.0547,9.8205],"uv_size":[-0.0547,0.492]},"south":{"uv":[2.1102,9.8205],"uv_size":[-0.0547,0.492]},"east":{"uv":[2.0627,9.8095],"uv_size":[0.4373,-0.1845]},"west":{"uv":[2.4929,9.8095],"uv_size":[-0.4373,-0.1845]},"up":{"uv":[2.0547,9.628],"uv_size":[-0.0547,0.1845]},"down":{"uv":[2.0547,9.628],"uv_size":[-0.0547,0.1845]}}}],"name":"rot_8"},{"parent":"geyser_custom_z","pivot":[-4.075,24.7263,-5.862],"rotation":[22.5,0,0],"cubes":[{"origin":[-4.95,11.0537,-10.8539],"size":[1.5,2,2],"pivot":[-4.075,24.7263,-5.862],"uv":{"north":{"uv":[2.2751,9.879],"uv_size":[-0.164,0.246]},"south":{"uv":[2.2751,10.129],"uv_size":[-0.164,0.246]},"east":{"uv":[2.2813,10.121],"uv_size":[0.2187,-0.246]},"west":{"uv":[2.4964,10.121],"uv_size":[-0.2187,-0.246]},"up":{"uv":[2.4418,10.129],"uv_size":[-0.164,0.246]},"down":{"uv":[2.4418,10.129],"uv_size":[-0.164,0.246]}}}],"name":"rot_9"},{"parent":"geyser_custom_z","pivot":[-4.075,24.7263,5.862],"rotation":[22.5,0,0],"cubes":[{"origin":[-4.45,11.0352,-4.2299],"size":[0.5,1,2],"pivot":[-4.075,24.7263,5.862],"uv":{"north":{"uv":[1.0564,10.9395],"uv_size":[0.0547,0.123]},"south":{"uv":[1.0564,10.9395],"uv_size":[0.0547,0.123]},"east":{"uv":[0.6702,11.0645],"uv_size":[0.2187,0.123]},"west":{"uv":[0.8853,11.0645],"uv_size":[-0.2187,0.123]},"up":{"uv":[1.1102,11.3085],"uv_size":[-0.0547,-0.246]},"down":{"uv":[1.0547,11.121],"uv_size":[-0.0547,-0.246]}}}],"name":"rot_10"},{"parent":"geyser_custom_z","pivot":[0.1,24.0752,-9.8421],"rotation":[0,-0,0],"cubes":[{"origin":[-1,20.8624,-8.1741],"size":[2,3,2.5],"pivot":[0.1,24.0752,-9.8421],"uv":{"north":{"uv":[1.4409,10.3185],"uv_size":[-0.2187,0.369]},"south":{"uv":[1.6631,10.3185],"uv_size":[-0.2187,0.369]},"east":{"uv":[1.4498,10.3075],"uv_size":[0.328,-0.3075]},"west":{"uv":[1.7724,10.3075],"uv_size":[-0.328,-0.3075]},"up":{"uv":[1.7742,9.6925],"uv_size":[-0.2187,0.3075]},"down":{"uv":[1.4409,10.005],"uv_size":[-0.2187,0.3075]}}}],"name":"rot_11"},{"parent":"geyser_custom_z","pivot":[0.1,24.0752,9.8421],"rotation":[0,-0,0],"cubes":[{"origin":[-1,20.8624,5.6741],"size":[2,3,2.5],"pivot":[0.1,24.0752,9.8421],"uv":{"north":{"uv":[1.448,10.3185],"uv_size":[0.2187,0.369]},"south":{"uv":[1.2258,10.3185],"uv_size":[0.2187,0.369]},"east":{"uv":[1.4498,10.005],"uv_size":[0.328,0.3075]},"west":{"uv":[1.7724,10.005],"uv_size":[-0.328,0.3075]},"up":{"uv":[1.7742,9.995],"uv_size":[-0.2187,-0.3075]},"down":{"uv":[1.4409,10.3075],"uv_size":[-0.2187,-0.3075]}}}],"name":"rot_12"},{"parent":"geyser_custom_z","pivot":[-0.05,18.3744,-10.9175],"rotation":[0,-0,0],"cubes":[{"origin":[0,11,-16],"size":[0,17,14],"pivot":[-0.05,18.3744,-10.9175],"uv":{"north":{"uv":[14.9861,2.016],"uv_size":[0,1.984]},"south":{"uv":[15.0556,2.016],"uv_size":[0,1.984]},"east":{"uv":[14.2382,2.016],"uv_size":[1.7618,1.734]},"west":{"uv":[15.984,2.016],"uv_size":[-1.7618,1.734]},"up":{"uv":[15.125,3.984],"uv_size":[0,-1.734]},"down":{"uv":[15.125,3.984],"uv_size":[0,-1.734]}}}],"name":"rot_13"},{"parent":"geyser_custom_z","pivot":[-0.05,18.3744,10.9175],"rotation":[0,-0,0],"cubes":[{"origin":[0,11,2],"size":[0,17,14],"pivot":[-0.05,18.3744,10.9175],"uv":{"north":{"uv":[15.0556,2.016],"uv_size":[0,1.984]},"south":{"uv":[14.9861,2.016],"uv_size":[0,1.984]},"east":{"uv":[14.2382,3.734],"uv_size":[1.7618,-1.734]},"west":{"uv":[15.984,3.734],"uv_size":[-1.7618,-1.734]},"up":{"uv":[15.125,2.266],"uv_size":[0,1.734]},"down":{"uv":[15.125,2.266],"uv_size":[0,1.734]}}}],"name":"rot_14"},{"parent":"geyser_custom_z","pivot":[-8,-4,-8],"rotation":[0,-0,0],"cubes":[{"origin":[-6,12,-6],"size":[12,13,12],"pivot":[-8,-4,-8],"uv":{"north":{"uv":[4.4604,14.391],"uv_size":[1.3173,1.609]},"south":{"uv":[4.4604,14.391],"uv_size":[1.3173,1.609]},"east":{"uv":[5.7938,14.391],"uv_size":[1.3173,1.609]},"west":{"uv":[5.7938,14.391],"uv_size":[1.3173,1.609]},"up":{"uv":[5.7938,12.891],"uv_size":[1.3173,1.484]},"down":{"uv":[5.7938,14.359],"uv_size":[1.3173,-1.484]}}}],"name":"rot_15"},{"parent":"geyser_custom_z","pivot":[-8,-4,8],"rotation":[0,-0,0],"cubes":[{"origin":[0,-2,-2],"size":[0,13,4],"pivot":[-8,-4,8],"uv":{"north":{"uv":[0,8.016],"uv_size":[0,1.609]},"south":{"uv":[0,8.016],"uv_size":[0,1.609]},"east":{"uv":[3.6182,14.391],"uv_size":[0.4373,1.609]},"west":{"uv":[4.0484,14.391],"uv_size":[-0.4373,1.609]},"up":{"uv":[0.0071,8],"uv_size":[0.4373,0]},"down":{"uv":[0.0071,8],"uv_size":[0.4373,0]}}},{"origin":[0,-15,0],"size":[0,13,4],"pivot":[-8,-4,8],"uv":{"north":{"uv":[0,8.016],"uv_size":[0,1.609]},"south":{"uv":[0,8.016],"uv_size":[0,1.609]},"east":{"uv":[4.0484,14.391],"uv_size":[-0.4373,1.609]},"west":{"uv":[3.6182,14.391],"uv_size":[0.4373,1.609]},"up":{"uv":[0.0071,8],"uv_size":[0.4373,0]},"down":{"uv":[0.0071,8],"uv_size":[0.4373,0]}}}],"name":"rot_16"},{"parent":"geyser_custom_z","pivot":[4.075,24.7263,-5.862],"rotation":[-22.5,0,0],"cubes":[{"origin":[3.95,11.0352,2.2299],"size":[0.5,1,2],"pivot":[4.075,24.7263,-5.862],"uv":{"north":{"uv":[1.0564,10.9395],"uv_size":[0.0547,0.123]},"south":{"uv":[1.0564,10.9395],"uv_size":[0.0547,0.123]},"east":{"uv":[0.8853,11.0645],"uv_size":[-0.2187,0.123]},"west":{"uv":[0.6702,11.0645],"uv_size":[0.2187,0.123]},"up":{"uv":[1.0564,11.0665],"uv_size":[0.0547,0.246]},"down":{"uv":[1.0009,10.879],"uv_size":[0.0547,0.246]}}}],"name":"rot_17"},{"parent":"geyser_custom_z","pivot":[4.075,24.7263,5.862],"rotation":[-22.5,0,0],"cubes":[{"origin":[3.45,11.0537,8.8539],"size":[1.5,2,2],"pivot":[4.075,24.7263,5.862],"uv":{"north":{"uv":[2.2751,10.129],"uv_size":[-0.164,0.246]},"south":{"uv":[2.2751,9.879],"uv_size":[-0.164,0.246]},"east":{"uv":[2.4964,10.121],"uv_size":[-0.2187,-0.246]},"west":{"uv":[2.2813,10.121],"uv_size":[0.2187,-0.246]},"up":{"uv":[2.2804,10.371],"uv_size":[0.164,-0.246]},"down":{"uv":[2.2804,10.371],"uv_size":[0.164,-0.246]}}}],"name":"rot_18"},{"parent":"geyser_custom_z","pivot":[0.1,23.8752,9.7421],"rotation":[-22.5,0,0],"cubes":[{"origin":[-0.75,22.1125,5.988],"size":[1.5,3,2],"pivot":[0.1,23.8752,9.7421],"uv":{"north":{"uv":[1.2249,10.6935],"uv_size":[0.164,0.369]},"south":{"uv":[1.0582,10.5685],"uv_size":[0.164,0.369]},"east":{"uv":[0.7276,10.5665],"uv_size":[0.328,0.246]},"west":{"uv":[1.0502,10.5665],"uv_size":[-0.328,0.246]},"up":{"uv":[0.7196,10.8085],"uv_size":[-0.164,-0.246]},"down":{"uv":[0.7196,10.8085],"uv_size":[-0.164,-0.246]}}}],"name":"rot_19"},{"parent":"geyser_custom_z","pivot":[0.1,24.0752,9.8421],"rotation":[-22.5,0,0],"cubes":[{"origin":[-0.25,27.9831,7.4723],"size":[0.5,4,1.5],"pivot":[0.1,24.0752,9.8421],"uv":{"north":{"uv":[2.0564,9.8205],"uv_size":[0.0547,0.492]},"south":{"uv":[2.0009,9.8205],"uv_size":[0.0547,0.492]},"east":{"uv":[2.0627,9.628],"uv_size":[0.4373,0.1845]},"west":{"uv":[2.4929,9.628],"uv_size":[-0.4373,0.1845]},"up":{"uv":[2.0547,9.8095],"uv_size":[-0.0547,-0.1845]},"down":{"uv":[2.0547,9.8095],"uv_size":[-0.0547,-0.1845]}}}],"name":"rot_20"},{"parent":"geyser_custom_z","pivot":[-4.075,24.7263,-5.862],"rotation":[-22.5,0,0],"cubes":[{"origin":[-4.45,11.0352,2.2299],"size":[0.5,1,2],"pivot":[-4.075,24.7263,-5.862],"uv":{"north":{"uv":[1.1102,10.9395],"uv_size":[-0.0547,0.123]},"south":{"uv":[1.1102,10.9395],"uv_size":[-0.0547,0.123]},"east":{"uv":[0.8853,11.0645],"uv_size":[-0.2187,0.123]},"west":{"uv":[0.6702,11.0645],"uv_size":[0.2187,0.123]},"up":{"uv":[1.1102,11.0665],"uv_size":[-0.0547,0.246]},"down":{"uv":[1.0547,10.879],"uv_size":[-0.0547,0.246]}}}],"name":"rot_21"},{"parent":"geyser_custom_z","pivot":[-4.075,24.7263,5.862],"rotation":[-22.5,0,0],"cubes":[{"origin":[-4.95,11.0537,8.8539],"size":[1.5,2,2],"pivot":[-4.075,24.7263,5.862],"uv":{"north":{"uv":[2.1138,10.129],"uv_size":[0.164,0.246]},"south":{"uv":[2.1138,9.879],"uv_size":[0.164,0.246]},"east":{"uv":[2.2813,9.879],"uv_size":[0.2187,0.246]},"west":{"uv":[2.4964,9.879],"uv_size":[-0.2187,0.246]},"up":{"uv":[2.4418,10.371],"uv_size":[-0.164,-0.246]},"down":{"uv":[2.4418,10.371],"uv_size":[-0.164,-0.246]}}}],"name":"rot_22"},{"parent":"geyser_custom_z","pivot":[4.075,24.7263,-5.862],"rotation":[-45,0,0],"cubes":[{"origin":[3.7,15.1615,4.8499],"size":[1,1.5,2],"pivot":[4.075,24.7263,-5.862],"uv":{"north":{"uv":[0.5573,10.878],"uv_size":[0.1093,0.1845]},"south":{"uv":[0.5573,10.878],"uv_size":[0.1093,0.1845]},"east":{"uv":[0.8853,10.878],"uv_size":[-0.2187,0.1845]},"west":{"uv":[0.6702,10.878],"uv_size":[0.2187,0.1845]},"up":{"uv":[0.8907,10.879],"uv_size":[0.1093,0.246]},"down":{"uv":[1.1129,10.9415],"uv_size":[0.1093,0.246]}}}],"name":"rot_23"},{"parent":"geyser_custom_z","pivot":[0.1,23.8752,-9.7421],"rotation":[-45,0,0],"cubes":[{"origin":[-0.5,26.312,-13.4474],"size":[1,1.5,4],"pivot":[0.1,23.8752,-9.7421],"uv":{"north":{"uv":[1.9982,9.378],"uv_size":[-0.1093,0.1845]},"south":{"uv":[1.9982,9.5655],"uv_size":[-0.1093,0.1845]},"east":{"uv":[2.4373,9.378],"uv_size":[-0.4373,0.1845]},"west":{"uv":[2.0071,9.378],"uv_size":[0.4373,0.1845]},"up":{"uv":[1.9982,9.758],"uv_size":[-0.1093,0.492]},"down":{"uv":[1.8871,9.6955],"uv_size":[-0.1093,0.492]}}}],"name":"rot_24"},{"parent":"geyser_custom_z","pivot":[0.1,24.0752,9.8421],"rotation":[-45,0,0],"cubes":[{"origin":[-0.975,17.6624,8.3741],"size":[1.95,3,2.5],"pivot":[0.1,24.0752,9.8421],"uv":{"north":{"uv":[1.448,10.3185],"uv_size":[0.2187,0.369]},"south":{"uv":[1.2258,10.3185],"uv_size":[0.2187,0.369]},"east":{"uv":[1.4498,10.005],"uv_size":[0.328,0.3075]},"west":{"uv":[1.7724,10.005],"uv_size":[-0.328,0.3075]},"up":{"uv":[1.7742,9.995],"uv_size":[-0.2187,-0.3075]},"down":{"uv":[1.4409,10.3075],"uv_size":[-0.2187,-0.3075]}}}],"name":"rot_25"},{"parent":"geyser_custom_z","pivot":[-4.075,24.7263,-5.862],"rotation":[-45,0,0],"cubes":[{"origin":[-4.7,15.1615,4.8499],"size":[1,1.5,2],"pivot":[-4.075,24.7263,-5.862],"uv":{"north":{"uv":[0.6649,10.878],"uv_size":[-0.1093,0.1845]},"south":{"uv":[0.6649,10.878],"uv_size":[-0.1093,0.1845]},"east":{"uv":[0.8853,10.878],"uv_size":[-0.2187,0.1845]},"west":{"uv":[0.6702,10.878],"uv_size":[0.2187,0.1845]},"up":{"uv":[0.9982,10.879],"uv_size":[-0.1093,0.246]},"down":{"uv":[1.2204,10.9415],"uv_size":[-0.1093,0.246]}}}],"name":"rot_26"},{"parent":"geyser_custom_z","pivot":[0,-9.25,0],"rotation":[0,-45,0],"cubes":[{"origin":[-2.5,11,-2.5],"size":[5,1,5],"pivot":[0,-9.25,0],"uv":{"north":{"uv":[2.2311,8.252],"uv_size":[0.5467,0.123]},"south":{"uv":[2.224,8.385],"uv_size":[0.1093,0.615]},"east":{"uv":[2.2311,8.252],"uv_size":[0.5467,0.123]},"west":{"uv":[2.224,8.385],"uv_size":[0.1093,0.615]},"up":{"uv":[2.88,8.99],"uv_size":[-0.5467,-0.615]},"down":{"uv":[2.88,8.99],"uv_size":[-0.5467,-0.615]}}}],"name":"rot_27"},{"parent":"geyser_custom_z","pivot":[0,25.25,0],"rotation":[0,-45,0],"cubes":[{"origin":[-2.5,25,-2.5],"size":[5,1,5],"pivot":[0,25.25,0],"uv":{"north":{"uv":[2.2311,8.373],"uv_size":[0.5467,-0.123]},"south":{"uv":[2.3316,8.385],"uv_size":[-0.1093,0.615]},"east":{"uv":[2.2311,8.373],"uv_size":[0.5467,-0.123]},"west":{"uv":[2.3316,8.385],"uv_size":[-0.1093,0.615]},"up":{"uv":[2.88,8.385],"uv_size":[-0.5467,0.615]},"down":{"uv":[2.88,8.385],"uv_size":[-0.5467,0.615]}}}],"name":"rot_28"}]}]}
