{"format_version":"1.16.0","minecraft:geometry":[{"description":{"identifier":"geometry.geyser_custom.geo_298ced0","texture_width":16,"texture_height":16,"visible_bounds_width":4,"visible_bounds_height":4.5,"visible_bounds_offset":[0,0.75,0]},"bones":[{"name":"geyser_custom","binding":"c.item_slot == 'head' ? 'head' : q.item_slot_to_bone_name(c.item_slot)","pivot":[0,8,0]},{"name":"geyser_custom_x","parent":"geyser_custom","pivot":[0,8,0]},{"name":"geyser_custom_y","parent":"geyser_custom_x","pivot":[0,8,0]},{"name":"geyser_custom_z","parent":"geyser_custom_y","pivot":[0,8,0],"cubes":[]},{"parent":"geyser_custom_z","pivot":[-0.8913,8,-0.75],"rotation":[45,0,0],"cubes":[{"origin":[-1.8913,14.855,0.2945],"size":[2.5,2,8],"pivot":[-0.8913,8,-0.75],"uv":{"north":{"uv":[0.0044,8.754],"uv_size":[0.2733,0.246]},"south":{"uv":[0.0044,8.754],"uv_size":[0.2733,0.246]},"east":{"uv":[1.1524,8.754],"uv_size":[-0.8747,0.246]},"west":{"uv":[0.292,8.754],"uv_size":[0.8747,0.246]},"up":{"uv":[0.5511,9.984],"uv_size":[-0.2733,-0.984]},"down":{"uv":[0.2733,9.984],"uv_size":[-0.2733,-0.984]}}},{"origin":[-1.3913,9.0016,16.3378],"size":[1.5,2,3],"pivot":[-0.8913,8,-0.75],"uv":{"north":{"uv":[0.5582,10.5665],"uv_size":[0.164,0.246]},"south":{"uv":[0.5582,10.5665],"uv_size":[0.164,0.246]},"east":{"uv":[1.0502,10.5665],"uv_size":[-0.328,0.246]},"west":{"uv":[0.7276,10.5665],"uv_size":[0.328,0.246]},"up":{"uv":[1.2196,10.9315],"uv_size":[-0.164,-0.369]},"down":{"uv":[1.3862,11.0565],"uv_size":[-0.164,-0.369]}}},{"origin":[-0.8913,-16,-4.6359],"size":[0.5,4,1.5],"pivot":[-0.8913,8,-0.75],"uv":{"north":{"uv":[2.0009,10.3045],"uv_size":[0.0547,-0.492]},"south":{"uv":[2.0564,10.3045],"uv_size":[0.0547,-0.492]},"east":{"uv":[2.0627,9.628],"uv_size":[0.4373,0.1845]},"west":{"uv":[2.4929,9.628],"uv_size":[-0.4373,0.1845]},"up":{"uv":[2.0009,9.8095],"uv_size":[0.0547,-0.1845]},"down":{"uv":[2.0009,9.8095],"uv_size":[0.0547,-0.1845]}}},{"origin":[-1.3913,16.5387,-5.4567],"size":[1.5,2,2],"pivot":[-0.8913,8,-0.75],"uv":{"north":{"uv":[2.2804,10.129],"uv_size":[0.164,0.246]},"south":{"uv":[2.2804,10.129],"uv_size":[0.164,0.246]},"east":{"uv":[2.4964,9.879],"uv_size":[-0.2187,0.246]},"west":{"uv":[2.2813,9.879],"uv_size":[0.2187,0.246]},"up":{"uv":[2.2751,10.121],"uv_size":[-0.164,-0.246]},"down":{"uv":[2.2751,10.371],"uv_size":[-0.164,-0.246]}}},{"origin":[-1.3913,18.5556,-5.4464],"size":[1.5,2,2],"pivot":[-0.8913,8,-0.75],"uv":{"north":{"uv":[2.2751,10.371],"uv_size":[-0.164,-0.246]},"south":{"uv":[2.2751,10.121],"uv_size":[-0.164,-0.246]},"east":{"uv":[2.2813,10.121],"uv_size":[0.2187,-0.246]},"west":{"uv":[2.4964,10.121],"uv_size":[-0.2187,-0.246]},"up":{"uv":[2.2804,10.129],"uv_size":[0.164,0.246]},"down":{"uv":[2.2804,10.129],"uv_size":[0.164,0.246]}}},{"origin":[-1.6413,-5.1269,-7.9478],"size":[2,3,2.5],"pivot":[-0.8913,8,-0.75],"uv":{"north":{"uv":[1.2258,10.6815],"uv_size":[0.2187,-0.369]},"south":{"uv":[1.448,10.6815],"uv_size":[0.2187,-0.369]},"east":{"uv":[1.4498,10.005],"uv_size":[0.328,0.3075]},"west":{"uv":[1.7724,10.005],"uv_size":[-0.328,0.3075]},"up":{"uv":[1.2258,10.3075],"uv_size":[0.2187,-0.3075]},"down":{"uv":[1.5591,9.995],"uv_size":[0.2187,-0.3075]}}},{"origin":[-1.6413,-2.8718,-20.2578],"size":[0,17,14],"pivot":[-0.8913,8,-0.75],"uv":{"north":{"uv":[14.9861,3.984],"uv_size":[0,-1.984]},"south":{"uv":[15.0556,3.984],"uv_size":[0,-1.984]},"east":{"uv":[14.2382,3.734],"uv_size":[1.7618,-1.734]},"west":{"uv":[15.984,3.734],"uv_size":[-1.7618,-1.734]},"up":{"uv":[15.125,2.266],"uv_size":[0,1.734]},"down":{"uv":[15.125,2.266],"uv_size":[0,1.734]}}}],"name":"rot_1"},{"parent":"geyser_custom_z","pivot":[-0.8913,8,-0.75],"rotation":[22.5,0,0],"cubes":[{"origin":[-1.6413,14.4395,-7.3671],"size":[2,2.5,19],"pivot":[-0.8913,8,-0.75],"uv":{"north":{"uv":[0.5591,9.005],"uv_size":[0.2187,0.3075]},"south":{"uv":[0.5591,9.3175],"uv_size":[0.2187,0.3075]},"east":{"uv":[2.8729,9.005],"uv_size":[-2.0951,0.3075]},"west":{"uv":[0.7938,9.005],"uv_size":[2.0951,0.3075]},"up":{"uv":[0.2187,12.359],"uv_size":[-0.2187,-2.359]},"down":{"uv":[0.4409,12.359],"uv_size":[-0.2187,-2.359]}}},{"origin":[-1.6413,15.4395,11.6329],"size":[2,2.5,3],"pivot":[-0.8913,8,-0.75],"uv":{"north":{"uv":[1.2258,10.005],"uv_size":[0.2187,0.3075]},"south":{"uv":[1.5591,9.6925],"uv_size":[0.2187,0.3075]},"east":{"uv":[1.7724,10.005],"uv_size":[-0.328,0.3075]},"west":{"uv":[1.4498,10.005],"uv_size":[0.328,0.3075]},"up":{"uv":[1.4409,10.6815],"uv_size":[-0.2187,-0.369]},"down":{"uv":[1.6631,10.6815],"uv_size":[-0.2187,-0.369]}}},{"origin":[-0.6413,8.9395,-9.8671],"size":[0,5.5,16],"pivot":[-0.8913,8,-0.75],"uv":{"north":{"uv":[0,8.016],"uv_size":[0,2.734]},"south":{"uv":[0,8.016],"uv_size":[0,2.734]},"east":{"uv":[1.7618,8.011],"uv_size":[-1.7618,0.6765]},"west":{"uv":[0.016,8.011],"uv_size":[1.7618,0.6765]},"up":{"uv":[0,8.016],"uv_size":[0,7.984]},"down":{"uv":[0,15.984],"uv_size":[0,-7.984]}}},{"origin":[-1.3663,7.6825,-13.3927],"size":[1.45,3.5,3],"pivot":[-0.8913,8,-0.75],"uv":{"north":{"uv":[3.6076,12.5555],"uv_size":[-0.2187,-0.4305]},"south":{"uv":[3.2742,12.993],"uv_size":[-0.2187,-0.4305]},"east":{"uv":[3.2831,12.993],"uv_size":[0.328,-0.4305]},"west":{"uv":[3.6058,12.993],"uv_size":[-0.328,-0.4305]},"up":{"uv":[3.1702,12.1935],"uv_size":[0.2187,0.369]},"down":{"uv":[0.0036,10.006],"uv_size":[0.2187,0.369]}}},{"origin":[-1.1413,-14.9409,4.5069],"size":[1,4,1.5],"pivot":[-0.8913,8,-0.75],"uv":{"north":{"uv":[1.7796,10.1795],"uv_size":[0.1093,-0.492]},"south":{"uv":[1.8907,10.242],"uv_size":[0.1093,-0.492]},"east":{"uv":[2.0071,9.378],"uv_size":[0.4373,0.1845]},"west":{"uv":[2.4373,9.378],"uv_size":[-0.4373,0.1845]},"up":{"uv":[1.8907,9.747],"uv_size":[0.1093,-0.1845]},"down":{"uv":[1.8907,9.5595],"uv_size":[0.1093,-0.1845]}}},{"origin":[-1.1413,8.3059,-12.0083],"size":[1,2,1.5],"pivot":[-0.8913,8,-0.75],"uv":{"north":{"uv":[1.1129,11.1835],"uv_size":[0.1093,-0.246]},"south":{"uv":[0.8907,11.121],"uv_size":[0.1093,-0.246]},"east":{"uv":[0.6702,10.878],"uv_size":[0.2187,0.1845]},"west":{"uv":[0.8853,10.878],"uv_size":[-0.2187,0.1845]},"up":{"uv":[0.5573,11.0595],"uv_size":[0.1093,-0.1845]},"down":{"uv":[0.5573,11.0595],"uv_size":[0.1093,-0.1845]}}},{"origin":[-1.1413,5.9657,-15.3722],"size":[1,1.5,2],"pivot":[-0.8913,8,-0.75],"uv":{"north":{"uv":[0.6649,10.878],"uv_size":[-0.1093,0.1845]},"south":{"uv":[0.6649,10.878],"uv_size":[-0.1093,0.1845]},"east":{"uv":[0.6702,10.878],"uv_size":[0.2187,0.1845]},"west":{"uv":[0.8853,10.878],"uv_size":[-0.2187,0.1845]},"up":{"uv":[0.9982,10.879],"uv_size":[-0.1093,0.246]},"down":{"uv":[1.2204,10.9415],"uv_size":[-0.1093,0.246]}}},{"origin":[-0.8913,-16,-2.9662],"size":[0.5,4,1.5],"pivot":[-0.8913,8,-0.75],"uv":{"north":{"uv":[2.0009,10.3045],"uv_size":[0.0547,-0.492]},"south":{"uv":[2.0564,10.3045],"uv_size":[0.0547,-0.492]},"east":{"uv":[2.0627,9.628],"uv_size":[0.4373,0.1845]},"west":{"uv":[2.4929,9.628],"uv_size":[-0.4373,0.1845]},"up":{"uv":[2.0009,9.8095],"uv_size":[0.0547,-0.1845]},"down":{"uv":[2.0009,9.8095],"uv_size":[0.0547,-0.1845]}}},{"origin":[-1.3913,-8.9544,-2.0819],"size":[1.5,3,2],"pivot":[-0.8913,8,-0.75],"uv":{"north":{"uv":[1.0582,10.9315],"uv_size":[0.164,-0.369]},"south":{"uv":[1.2249,11.0565],"uv_size":[0.164,-0.369]},"east":{"uv":[0.7276,10.5665],"uv_size":[0.328,0.246]},"west":{"uv":[1.0502,10.5665],"uv_size":[-0.328,0.246]},"up":{"uv":[0.5582,10.8085],"uv_size":[0.164,-0.246]},"down":{"uv":[0.5582,10.8085],"uv_size":[0.164,-0.246]}}}],"name":"rot_2"},{"parent":"geyser_custom_z","pivot":[-0.8913,8,-0.75],"rotation":[0,-0,0],"cubes":[{"origin":[-2.1413,18.2101,-0.6297],"size":[3,2.5,7],"pivot":[-0.8913,8,-0.75],"uv":{"north":{"uv":[0.7831,9.38],"uv_size":[0.328,0.3075]},"south":{"uv":[1.2276,9.6925],"uv_size":[0.328,0.3075]},"east":{"uv":[1.6236,10.38],"uv_size":[0.7653,0.3075]},"west":{"uv":[1.1236,9.38],"uv_size":[0.7653,0.3075]},"up":{"uv":[0.8836,10.5485],"uv_size":[-0.328,-0.861]},"down":{"uv":[1.2169,10.5485],"uv_size":[-0.328,-0.861]}}},{"origin":[-0.8913,8.1701,-12.0234],"size":[0.5,2,1],"pivot":[-0.8913,8,-0.75],"uv":{"north":{"uv":[1.0009,10.879],"uv_size":[0.0547,0.246]},"south":{"uv":[1.0564,11.0665],"uv_size":[0.0547,0.246]},"east":{"uv":[0.8853,11.0645],"uv_size":[-0.2187,0.123]},"west":{"uv":[0.6702,11.0645],"uv_size":[0.2187,0.123]},"up":{"uv":[1.1102,11.0605],"uv_size":[-0.0547,-0.123]},"down":{"uv":[1.1102,11.0605],"uv_size":[-0.0547,-0.123]}}},{"origin":[-0.8913,5.8299,-12.0234],"size":[0.5,2,1],"pivot":[-0.8913,8,-0.75],"uv":{"north":{"uv":[1.0009,11.121],"uv_size":[0.0547,-0.246]},"south":{"uv":[1.0564,11.3085],"uv_size":[0.0547,-0.246]},"east":{"uv":[0.6702,11.0645],"uv_size":[0.2187,0.123]},"west":{"uv":[0.8853,11.0645],"uv_size":[-0.2187,0.123]},"up":{"uv":[1.0564,11.0605],"uv_size":[0.0547,-0.123]},"down":{"uv":[1.0564,11.0605],"uv_size":[0.0547,-0.123]}}},{"origin":[-2.1413,-4.7101,-0.6297],"size":[3,2.5,7],"pivot":[-0.8913,8,-0.75],"uv":{"north":{"uv":[0.7831,9.6825],"uv_size":[0.328,-0.3075]},"south":{"uv":[1.2276,9.995],"uv_size":[0.328,-0.3075]},"east":{"uv":[1.6236,10.6825],"uv_size":[0.7653,-0.3075]},"west":{"uv":[1.1236,9.6825],"uv_size":[0.7653,-0.3075]},"up":{"uv":[0.8942,10.5485],"uv_size":[0.328,-0.861]},"down":{"uv":[0.5609,10.5485],"uv_size":[0.328,-0.861]}}},{"origin":[-0.8913,0.5352,-15.4886],"size":[0.5,1,2],"pivot":[-0.8913,8,-0.75],"uv":{"north":{"uv":[1.1102,10.9395],"uv_size":[-0.0547,0.123]},"south":{"uv":[1.1102,10.9395],"uv_size":[-0.0547,0.123]},"east":{"uv":[0.6702,11.0645],"uv_size":[0.2187,0.123]},"west":{"uv":[0.8853,11.0645],"uv_size":[-0.2187,0.123]},"up":{"uv":[1.1102,11.0665],"uv_size":[-0.0547,0.246]},"down":{"uv":[1.0547,10.879],"uv_size":[-0.0547,0.246]}}},{"origin":[-0.8913,14.4648,-15.4886],"size":[0.5,1,2],"pivot":[-0.8913,8,-0.75],"uv":{"north":{"uv":[1.1102,11.0605],"uv_size":[-0.0547,-0.123]},"south":{"uv":[1.1102,11.0605],"uv_size":[-0.0547,-0.123]},"east":{"uv":[0.6702,11.1855],"uv_size":[0.2187,-0.123]},"west":{"uv":[0.8853,11.1855],"uv_size":[-0.2187,-0.123]},"up":{"uv":[1.0009,10.879],"uv_size":[0.0547,0.246]},"down":{"uv":[1.0564,11.0665],"uv_size":[0.0547,0.246]}}},{"origin":[-1.1413,23.407,4.8503],"size":[1,4,1.5],"pivot":[-0.8913,8,-0.75],"uv":{"north":{"uv":[1.7796,9.6955],"uv_size":[0.1093,0.492]},"south":{"uv":[1.8907,9.758],"uv_size":[0.1093,0.492]},"east":{"uv":[2.4373,9.378],"uv_size":[-0.4373,0.1845]},"west":{"uv":[2.0071,9.378],"uv_size":[0.4373,0.1845]},"up":{"uv":[1.9982,9.5595],"uv_size":[-0.1093,-0.1845]},"down":{"uv":[1.9982,9.747],"uv_size":[-0.1093,-0.1845]}}},{"origin":[-1.1413,-11.407,4.8503],"size":[1,4,1.5],"pivot":[-0.8913,8,-0.75],"uv":{"north":{"uv":[1.7796,10.1795],"uv_size":[0.1093,-0.492]},"south":{"uv":[1.8907,10.242],"uv_size":[0.1093,-0.492]},"east":{"uv":[2.0071,9.378],"uv_size":[0.4373,0.1845]},"west":{"uv":[2.4373,9.378],"uv_size":[-0.4373,0.1845]},"up":{"uv":[1.8907,9.747],"uv_size":[0.1093,-0.1845]},"down":{"uv":[1.8907,9.5595],"uv_size":[0.1093,-0.1845]}}},{"origin":[-0.6413,8,7.1413],"size":[0,14,1],"pivot":[-0.8913,8,-0.75],"uv":{"north":{"uv":[3.3333,8.016],"uv_size":[0,1.734]},"south":{"uv":[3.3333,8.016],"uv_size":[0,1.734]},"east":{"uv":[3.3351,8.016],"uv_size":[0.1093,1.734]},"west":{"uv":[3.4427,8.016],"uv_size":[-0.1093,1.734]},"up":{"uv":[0.1093,8],"uv_size":[-0.1093,0]},"down":{"uv":[0.1093,8],"uv_size":[-0.1093,0]}}},{"origin":[-0.6413,-6,7.1413],"size":[0,14,1],"pivot":[-0.8913,8,-0.75],"uv":{"north":{"uv":[3.3333,9.734],"uv_size":[0,-1.734]},"south":{"uv":[3.3333,9.734],"uv_size":[0,-1.734]},"east":{"uv":[3.3351,9.734],"uv_size":[0.1093,-1.734]},"west":{"uv":[3.4427,9.734],"uv_size":[-0.1093,-1.734]},"up":{"uv":[0.1093,8],"uv_size":[-0.1093,0]},"down":{"uv":[0.1093,8],"uv_size":[-0.1093,0]}}},{"origin":[-0.6413,4,11.1413],"size":[0,4,6],"pivot":[-0.8913,8,-0.75],"uv":{"north":{"uv":[0,8.615],"uv_size":[0,-0.615]},"south":{"uv":[0,8.615],"uv_size":[0,-0.615]},"east":{"uv":[6.156,10.867],"uv_size":[-0.656,-0.492]},"west":{"uv":[5.5107,10.867],"uv_size":[0.656,-0.492]},"up":{"uv":[1.0951,8],"uv_size":[-1.0951,0]},"down":{"uv":[1.0951,8],"uv_size":[-1.0951,0]}}},{"origin":[-0.6413,8,11.1413],"size":[0,4,6],"pivot":[-0.8913,8,-0.75],"uv":{"north":{"uv":[0,8.01],"uv_size":[0,0.615]},"south":{"uv":[0,8.01],"uv_size":[0,0.615]},"east":{"uv":[6.156,10.383],"uv_size":[-0.656,0.492]},"west":{"uv":[5.5107,10.383],"uv_size":[0.656,0.492]},"up":{"uv":[1.0951,8],"uv_size":[-1.0951,0]},"down":{"uv":[1.0951,8],"uv_size":[-1.0951,0]}}},{"origin":[-0.6413,8,0.1413],"size":[0,4,6],"pivot":[-0.8913,8,-0.75],"uv":{"north":{"uv":[0,8.01],"uv_size":[0,0.615]},"south":{"uv":[0,8.01],"uv_size":[0,0.615]},"east":{"uv":[5.4338,10.383],"uv_size":[-0.656,0.492]},"west":{"uv":[4.7884,10.383],"uv_size":[0.656,0.492]},"up":{"uv":[1.0951,8],"uv_size":[-1.0951,0]},"down":{"uv":[1.0951,8],"uv_size":[-1.0951,0]}}},{"origin":[-1.1413,7.5,-15.8587],"size":[1,1,30],"pivot":[-0.8913,8,-0.75],"uv":{"north":{"uv":[3.0573,12.4395],"uv_size":[0.1093,0.123]},"south":{"uv":[3.0573,12.4395],"uv_size":[0.1093,0.123]},"east":{"uv":[4.1129,12.2035],"uv_size":[0.1093,3.734]},"west":{"uv":[4.1129,12.2035],"uv_size":[0.1093,3.734]},"up":{"uv":[4.3316,15.9215],"uv_size":[-0.1093,-3.734]},"down":{"uv":[4.4427,15.9215],"uv_size":[-0.1093,-3.734]}}},{"origin":[-0.6413,3.5,-20.8587],"size":[0,9,9],"pivot":[-0.8913,8,-0.75],"uv":{"north":{"uv":[3.0556,12.4535],"uv_size":[0,1.109]},"south":{"uv":[3.0556,12.4535],"uv_size":[0,1.109]},"east":{"uv":[3.7938,11.484],"uv_size":[0.984,-1.109]},"west":{"uv":[3.7938,10.391],"uv_size":[0.984,1.109]},"up":{"uv":[4.2222,13.2965],"uv_size":[0,-1.109]},"down":{"uv":[4.3333,13.2965],"uv_size":[0,-1.109]}}},{"origin":[-0.6413,4,0.1413],"size":[0,4,6],"pivot":[-0.8913,8,-0.75],"uv":{"north":{"uv":[0,8.615],"uv_size":[0,-0.615]},"south":{"uv":[0,8.615],"uv_size":[0,-0.615]},"east":{"uv":[5.4338,10.867],"uv_size":[-0.656,-0.492]},"west":{"uv":[4.7884,10.867],"uv_size":[0.656,-0.492]},"up":{"uv":[1.0951,8],"uv_size":[-1.0951,0]},"down":{"uv":[1.0951,8],"uv_size":[-1.0951,0]}}}],"name":"rot_3"},{"parent":"geyser_custom_z","pivot":[-0.8913,8,-0.75],"rotation":[-22.5,0,0],"cubes":[{"origin":[-1.1413,5.6941,-12.0083],"size":[1,2,1.5],"pivot":[-0.8913,8,-0.75],"uv":{"north":{"uv":[1.1129,10.9415],"uv_size":[0.1093,0.246]},"south":{"uv":[0.8907,10.879],"uv_size":[0.1093,0.246]},"east":{"uv":[0.8853,10.878],"uv_size":[-0.2187,0.1845]},"west":{"uv":[0.6702,10.878],"uv_size":[0.2187,0.1845]},"up":{"uv":[0.6649,11.0595],"uv_size":[-0.1093,-0.1845]},"down":{"uv":[0.6649,11.0595],"uv_size":[-0.1093,-0.1845]}}},{"origin":[-1.1413,26.9409,4.5069],"size":[1,4,1.5],"pivot":[-0.8913,8,-0.75],"uv":{"north":{"uv":[1.7796,9.6955],"uv_size":[0.1093,0.492]},"south":{"uv":[1.8907,9.758],"uv_size":[0.1093,0.492]},"east":{"uv":[2.4373,9.378],"uv_size":[-0.4373,0.1845]},"west":{"uv":[2.0071,9.378],"uv_size":[0.4373,0.1845]},"up":{"uv":[1.9982,9.5595],"uv_size":[-0.1093,-0.1845]},"down":{"uv":[1.9982,9.747],"uv_size":[-0.1093,-0.1845]}}},{"origin":[-1.3663,4.8175,-13.3927],"size":[1.45,3.5,3],"pivot":[-0.8913,8,-0.75],"uv":{"north":{"uv":[3.6076,12.132],"uv_size":[-0.2187,0.4305]},"south":{"uv":[3.2742,12.5695],"uv_size":[-0.2187,0.4305]},"east":{"uv":[3.2831,12.5695],"uv_size":[0.328,0.4305]},"west":{"uv":[3.6058,12.5695],"uv_size":[-0.328,0.4305]},"up":{"uv":[0.2187,10.006],"uv_size":[-0.2187,0.369]},"down":{"uv":[3.3853,12.1935],"uv_size":[-0.2187,0.369]}}},{"origin":[-0.6413,1.5605,-9.8671],"size":[0,5.5,16],"pivot":[-0.8913,8,-0.75],"uv":{"north":{"uv":[0,10.734],"uv_size":[0,-2.734]},"south":{"uv":[0,10.734],"uv_size":[0,-2.734]},"east":{"uv":[1.7618,8.6765],"uv_size":[-1.7618,-0.6765]},"west":{"uv":[0.016,8.6765],"uv_size":[1.7618,-0.6765]},"up":{"uv":[0,15.984],"uv_size":[0,-7.984]},"down":{"uv":[0,8.016],"uv_size":[0,7.984]}}},{"origin":[-1.6413,-1.9395,11.6329],"size":[2,2.5,3],"pivot":[-0.8913,8,-0.75],"uv":{"north":{"uv":[1.2258,10.3075],"uv_size":[0.2187,-0.3075]},"south":{"uv":[1.5591,9.995],"uv_size":[0.2187,-0.3075]},"east":{"uv":[1.7724,10.3075],"uv_size":[-0.328,-0.3075]},"west":{"uv":[1.4498,10.3075],"uv_size":[0.328,-0.3075]},"up":{"uv":[1.448,10.6815],"uv_size":[0.2187,-0.369]},"down":{"uv":[1.2258,10.6815],"uv_size":[0.2187,-0.369]}}},{"origin":[-1.6413,-0.9395,-7.3671],"size":[2,2.5,19],"pivot":[-0.8913,8,-0.75],"uv":{"north":{"uv":[0.5591,9.3075],"uv_size":[0.2187,-0.3075]},"south":{"uv":[0.5591,9.62],"uv_size":[0.2187,-0.3075]},"east":{"uv":[2.8729,9.3075],"uv_size":[-2.0951,-0.3075]},"west":{"uv":[0.7938,9.3075],"uv_size":[2.0951,-0.3075]},"up":{"uv":[0.2258,12.359],"uv_size":[0.2187,-2.359]},"down":{"uv":[0.0036,12.359],"uv_size":[0.2187,-2.359]}}},{"origin":[-1.1413,8.5343,-15.3722],"size":[1,1.5,2],"pivot":[-0.8913,8,-0.75],"uv":{"north":{"uv":[0.6649,11.0595],"uv_size":[-0.1093,-0.1845]},"south":{"uv":[0.6649,11.0595],"uv_size":[-0.1093,-0.1845]},"east":{"uv":[0.6702,11.0595],"uv_size":[0.2187,-0.1845]},"west":{"uv":[0.8853,11.0595],"uv_size":[-0.2187,-0.1845]},"up":{"uv":[1.1129,10.9415],"uv_size":[0.1093,0.246]},"down":{"uv":[0.8907,10.879],"uv_size":[0.1093,0.246]}}},{"origin":[-0.8913,28,-2.9662],"size":[0.5,4,1.5],"pivot":[-0.8913,8,-0.75],"uv":{"north":{"uv":[2.0009,9.8205],"uv_size":[0.0547,0.492]},"south":{"uv":[2.0564,9.8205],"uv_size":[0.0547,0.492]},"east":{"uv":[2.4929,9.628],"uv_size":[-0.4373,0.1845]},"west":{"uv":[2.0627,9.628],"uv_size":[0.4373,0.1845]},"up":{"uv":[2.0547,9.8095],"uv_size":[-0.0547,-0.1845]},"down":{"uv":[2.0547,9.8095],"uv_size":[-0.0547,-0.1845]}}},{"origin":[-1.3913,21.9544,-2.0819],"size":[1.5,3,2],"pivot":[-0.8913,8,-0.75],"uv":{"north":{"uv":[1.0582,10.5685],"uv_size":[0.164,0.369]},"south":{"uv":[1.2249,10.6935],"uv_size":[0.164,0.369]},"east":{"uv":[1.0502,10.5665],"uv_size":[-0.328,0.246]},"west":{"uv":[0.7276,10.5665],"uv_size":[0.328,0.246]},"up":{"uv":[0.7196,10.8085],"uv_size":[-0.164,-0.246]},"down":{"uv":[0.7196,10.8085],"uv_size":[-0.164,-0.246]}}}],"name":"rot_4"},{"parent":"geyser_custom_z","pivot":[-0.8913,8,-0.75],"rotation":[-45,0,0],"cubes":[{"origin":[-0.8913,28,-4.6359],"size":[0.5,4,1.5],"pivot":[-0.8913,8,-0.75],"uv":{"north":{"uv":[2.0009,9.8205],"uv_size":[0.0547,0.492]},"south":{"uv":[2.0564,9.8205],"uv_size":[0.0547,0.492]},"east":{"uv":[2.4929,9.628],"uv_size":[-0.4373,0.1845]},"west":{"uv":[2.0627,9.628],"uv_size":[0.4373,0.1845]},"up":{"uv":[2.0547,9.8095],"uv_size":[-0.0547,-0.1845]},"down":{"uv":[2.0547,9.8095],"uv_size":[-0.0547,-0.1845]}}},{"origin":[-0.6413,-0.6278,-9.3778],"size":[1,5,5],"pivot":[-0.8913,8,-0.75],"uv":{"north":{"uv":[2.3316,8.385],"uv_size":[-0.1093,0.615]},"south":{"uv":[2.2311,8.373],"uv_size":[0.5467,-0.123]},"east":{"uv":[2.88,8.385],"uv_size":[-0.5467,0.615]},"west":{"uv":[2.88,8.385],"uv_size":[-0.5467,0.615]},"up":{"uv":[2.2311,8.373],"uv_size":[0.5467,-0.123]},"down":{"uv":[2.3316,8.385],"uv_size":[-0.1093,0.615]}}},{"origin":[-1.6413,-0.6278,-9.3778],"size":[1,5,5],"pivot":[-0.8913,8,-0.75],"uv":{"north":{"uv":[2.224,8.385],"uv_size":[0.1093,0.615]},"south":{"uv":[2.2311,8.252],"uv_size":[0.5467,0.123]},"east":{"uv":[2.88,8.99],"uv_size":[-0.5467,-0.615]},"west":{"uv":[2.88,8.99],"uv_size":[-0.5467,-0.615]},"up":{"uv":[2.2311,8.252],"uv_size":[0.5467,0.123]},"down":{"uv":[2.224,8.385],"uv_size":[0.1093,0.615]}}},{"origin":[-1.3913,4.9984,16.3378],"size":[1.5,2,3],"pivot":[-0.8913,8,-0.75],"uv":{"north":{"uv":[0.5582,10.8085],"uv_size":[0.164,-0.246]},"south":{"uv":[0.5582,10.8085],"uv_size":[0.164,-0.246]},"east":{"uv":[1.0502,10.8085],"uv_size":[-0.328,-0.246]},"west":{"uv":[0.7276,10.8085],"uv_size":[0.328,-0.246]},"up":{"uv":[1.2249,11.0565],"uv_size":[0.164,-0.369]},"down":{"uv":[1.0582,10.9315],"uv_size":[0.164,-0.369]}}},{"origin":[-1.8913,-0.855,0.2945],"size":[2.5,2,8],"pivot":[-0.8913,8,-0.75],"uv":{"north":{"uv":[0.0044,8.996],"uv_size":[0.2733,-0.246]},"south":{"uv":[0.0044,8.996],"uv_size":[0.2733,-0.246]},"east":{"uv":[1.1524,8.996],"uv_size":[-0.8747,-0.246]},"west":{"uv":[0.292,8.996],"uv_size":[0.8747,-0.246]},"up":{"uv":[0.0044,9.984],"uv_size":[0.2733,-0.984]},"down":{"uv":[0.2822,9.984],"uv_size":[0.2733,-0.984]}}},{"origin":[-1.3913,-2.5387,-5.4567],"size":[1.5,2,2],"pivot":[-0.8913,8,-0.75],"uv":{"north":{"uv":[2.2804,10.371],"uv_size":[0.164,-0.246]},"south":{"uv":[2.2804,10.371],"uv_size":[0.164,-0.246]},"east":{"uv":[2.4964,10.121],"uv_size":[-0.2187,-0.246]},"west":{"uv":[2.2813,10.121],"uv_size":[0.2187,-0.246]},"up":{"uv":[2.1138,10.371],"uv_size":[0.164,-0.246]},"down":{"uv":[2.1138,10.121],"uv_size":[0.164,-0.246]}}},{"origin":[-1.3913,-4.5556,-5.4464],"size":[1.5,2,2],"pivot":[-0.8913,8,-0.75],"uv":{"north":{"uv":[2.2751,10.129],"uv_size":[-0.164,0.246]},"south":{"uv":[2.2751,9.879],"uv_size":[-0.164,0.246]},"east":{"uv":[2.4964,10.121],"uv_size":[-0.2187,-0.246]},"west":{"uv":[2.2813,10.121],"uv_size":[0.2187,-0.246]},"up":{"uv":[2.4418,10.129],"uv_size":[-0.164,0.246]},"down":{"uv":[2.4418,10.129],"uv_size":[-0.164,0.246]}}},{"origin":[-1.6413,18.1269,-7.9478],"size":[2,3,2.5],"pivot":[-0.8913,8,-0.75],"uv":{"north":{"uv":[1.2258,10.3185],"uv_size":[0.2187,0.369]},"south":{"uv":[1.448,10.3185],"uv_size":[0.2187,0.369]},"east":{"uv":[1.7724,10.005],"uv_size":[-0.328,0.3075]},"west":{"uv":[1.4498,10.005],"uv_size":[0.328,0.3075]},"up":{"uv":[1.7742,9.995],"uv_size":[-0.2187,-0.3075]},"down":{"uv":[1.4409,10.3075],"uv_size":[-0.2187,-0.3075]}}},{"origin":[-1.6413,1.8718,-20.2578],"size":[0,17,14],"pivot":[-0.8913,8,-0.75],"uv":{"north":{"uv":[14.9861,2.016],"uv_size":[0,1.984]},"south":{"uv":[15.0556,2.016],"uv_size":[0,1.984]},"east":{"uv":[15.984,3.734],"uv_size":[-1.7618,-1.734]},"west":{"uv":[14.2382,3.734],"uv_size":[1.7618,-1.734]},"up":{"uv":[15.125,2.266],"uv_size":[0,1.734]},"down":{"uv":[15.125,2.266],"uv_size":[0,1.734]}}}],"name":"rot_5"}]}]}
