{"format_version":"1.16.0","minecraft:geometry":[{"description":{"identifier":"geometry.geyser_custom.geo_ee24d48","texture_width":16,"texture_height":16,"visible_bounds_width":4,"visible_bounds_height":4.5,"visible_bounds_offset":[0,0.75,0]},"bones":[{"name":"geyser_custom","binding":"c.item_slot == 'head' ? 'head' : q.item_slot_to_bone_name(c.item_slot)","pivot":[0,8,0]},{"name":"geyser_custom_x","parent":"geyser_custom","pivot":[0,8,0]},{"name":"geyser_custom_y","parent":"geyser_custom_x","pivot":[0,8,0]},{"name":"geyser_custom_z","parent":"geyser_custom_y","pivot":[0,8,0],"cubes":[{"origin":[-7,0,-6],"size":[14,2,13],"uv":{"north":{"uv":[9.5716,6.129],"uv_size":[1.5396,0.246]},"south":{"uv":[9.5716,6.129],"uv_size":[1.5396,0.246]},"east":{"uv":[11.1271,6.129],"uv_size":[1.4284,0.246]},"west":{"uv":[11.1271,6.129],"uv_size":[1.4284,0.246]},"up":{"uv":[11.0951,7.984],"uv_size":[-1.5396,-1.609]},"down":{"uv":[12.6507,7.984],"uv_size":[-1.5396,-1.609]}}},{"origin":[6,4,-8],"size":[0,15,15],"uv":{"north":{"uv":[14.2222,0.016],"uv_size":[0,1.984]},"south":{"uv":[14.2222,0.016],"uv_size":[0,1.984]},"east":{"uv":[15.984,0.016],"uv_size":[-1.6507,1.859]},"west":{"uv":[14.3493,0.016],"uv_size":[1.6507,1.859]},"up":{"uv":[14.2222,1.984],"uv_size":[0,-1.984]},"down":{"uv":[14.2222,1.984],"uv_size":[0,-1.984]}}}]},{"parent":"geyser_custom_z","pivot":[13,-7.45,4.2],"rotation":[45,0,0],"cubes":[{"origin":[12.25,-7.5152,4.2527],"size":[1.5,2,3],"pivot":[13,-7.45,4.2],"uv":{"north":{"uv":[7.6693,2.5665],"uv_size":[0.164,0.246]},"south":{"uv":[7.6693,2.5665],"uv_size":[0.164,0.246]},"east":{"uv":[8.1613,2.5665],"uv_size":[-0.328,0.246]},"west":{"uv":[7.8387,2.5665],"uv_size":[0.328,0.246]},"up":{"uv":[8.3307,2.9315],"uv_size":[-0.164,-0.369]},"down":{"uv":[8.4973,3.0565],"uv_size":[-0.164,-0.369]}}}],"name":"rot_1"},{"parent":"geyser_custom_z","pivot":[8,-0.3,-9.6],"rotation":[45,0,0],"cubes":[{"origin":[7.25,-2.5155,-11.6136],"size":[1.5,2,2],"pivot":[8,-0.3,-9.6],"uv":{"north":{"uv":[9.3916,2.129],"uv_size":[0.164,0.246]},"south":{"uv":[9.3916,2.129],"uv_size":[0.164,0.246]},"east":{"uv":[9.6076,1.879],"uv_size":[-0.2187,0.246]},"west":{"uv":[9.3924,1.879],"uv_size":[0.2187,0.246]},"up":{"uv":[9.3862,2.121],"uv_size":[-0.164,-0.246]},"down":{"uv":[9.3862,2.371],"uv_size":[-0.164,-0.246]}}}],"name":"rot_2"},{"parent":"geyser_custom_z","pivot":[8,1,-4.2],"rotation":[45,0,0],"cubes":[{"origin":[6.75,0,-5.2],"size":[2.5,2,8],"pivot":[8,1,-4.2],"uv":{"north":{"uv":[7.1156,0.754],"uv_size":[0.2733,0.246]},"south":{"uv":[7.1156,0.754],"uv_size":[0.2733,0.246]},"east":{"uv":[8.2636,0.754],"uv_size":[-0.8747,0.246]},"west":{"uv":[7.4031,0.754],"uv_size":[0.8747,0.246]},"up":{"uv":[7.6622,1.984],"uv_size":[-0.2733,-0.984]},"down":{"uv":[7.3844,1.984],"uv_size":[-0.2733,-0.984]}}}],"name":"rot_3"},{"parent":"geyser_custom_z","pivot":[8,6.8,11.2],"rotation":[45,0,0],"cubes":[{"origin":[7.25,6.7348,11.2527],"size":[1.5,2,3],"pivot":[8,6.8,11.2],"uv":{"north":{"uv":[7.6693,2.5665],"uv_size":[0.164,0.246]},"south":{"uv":[7.6693,2.5665],"uv_size":[0.164,0.246]},"east":{"uv":[8.1613,2.5665],"uv_size":[-0.328,0.246]},"west":{"uv":[7.8387,2.5665],"uv_size":[0.328,0.246]},"up":{"uv":[8.3307,2.9315],"uv_size":[-0.164,-0.369]},"down":{"uv":[8.4973,3.0565],"uv_size":[-0.164,-0.369]}}}],"name":"rot_4"},{"parent":"geyser_custom_z","pivot":[-8,-0.3,-9.6],"rotation":[45,0,0],"cubes":[{"origin":[-8.75,-2.5155,-11.6136],"size":[1.5,2,2],"pivot":[-8,-0.3,-9.6],"uv":{"north":{"uv":[9.5529,2.129],"uv_size":[-0.164,0.246]},"south":{"uv":[9.5529,2.129],"uv_size":[-0.164,0.246]},"east":{"uv":[9.6076,1.879],"uv_size":[-0.2187,0.246]},"west":{"uv":[9.3924,1.879],"uv_size":[0.2187,0.246]},"up":{"uv":[9.2249,2.121],"uv_size":[0.164,-0.246]},"down":{"uv":[9.2249,2.371],"uv_size":[0.164,-0.246]}}}],"name":"rot_5"},{"parent":"geyser_custom_z","pivot":[-8,1,-4.2],"rotation":[45,0,0],"cubes":[{"origin":[-9.25,0,-5.2],"size":[2.5,2,8],"pivot":[-8,1,-4.2],"uv":{"north":{"uv":[7.3844,0.754],"uv_size":[-0.2733,0.246]},"south":{"uv":[7.3844,0.754],"uv_size":[-0.2733,0.246]},"east":{"uv":[8.2636,0.754],"uv_size":[-0.8747,0.246]},"west":{"uv":[7.4031,0.754],"uv_size":[0.8747,0.246]},"up":{"uv":[7.3933,1.984],"uv_size":[0.2733,-0.984]},"down":{"uv":[7.1156,1.984],"uv_size":[0.2733,-0.984]}}}],"name":"rot_6"},{"parent":"geyser_custom_z","pivot":[-8,6.8,11.2],"rotation":[45,0,0],"cubes":[{"origin":[-8.75,6.7348,11.2527],"size":[1.5,2,3],"pivot":[-8,6.8,11.2],"uv":{"north":{"uv":[7.8307,2.5665],"uv_size":[-0.164,0.246]},"south":{"uv":[7.8307,2.5665],"uv_size":[-0.164,0.246]},"east":{"uv":[8.1613,2.5665],"uv_size":[-0.328,0.246]},"west":{"uv":[7.8387,2.5665],"uv_size":[0.328,0.246]},"up":{"uv":[8.1693,2.9315],"uv_size":[0.164,-0.369]},"down":{"uv":[8.336,3.0565],"uv_size":[0.164,-0.369]}}}],"name":"rot_7"},{"parent":"geyser_custom_z","pivot":[-13,-7.45,4.2],"rotation":[45,0,0],"cubes":[{"origin":[-13.75,-7.5152,4.2527],"size":[1.5,2,3],"pivot":[-13,-7.45,4.2],"uv":{"north":{"uv":[7.8307,2.5665],"uv_size":[-0.164,0.246]},"south":{"uv":[7.8307,2.5665],"uv_size":[-0.164,0.246]},"east":{"uv":[8.1613,2.5665],"uv_size":[-0.328,0.246]},"west":{"uv":[7.8387,2.5665],"uv_size":[0.328,0.246]},"up":{"uv":[8.1693,2.9315],"uv_size":[0.164,-0.369]},"down":{"uv":[8.336,3.0565],"uv_size":[0.164,-0.369]}}}],"name":"rot_8"},{"parent":"geyser_custom_z","pivot":[13,-10.05,-6.1],"rotation":[0,45,0],"cubes":[{"origin":[10.7846,-10.8,-8.1136],"size":[2,1.5,2],"pivot":[13,-10.05,-6.1],"uv":{"north":{"uv":[9.3916,2.129],"uv_size":[0.164,0.246]},"south":{"uv":[9.3916,2.129],"uv_size":[0.164,0.246]},"east":{"uv":[9.2249,2.129],"uv_size":[0.164,0.246]},"west":{"uv":[9.2249,1.879],"uv_size":[0.164,0.246]},"up":{"uv":[9.3924,2.121],"uv_size":[0.2187,-0.246]},"down":{"uv":[9.6076,2.121],"uv_size":[-0.2187,-0.246]}}}],"name":"rot_9"},{"parent":"geyser_custom_z","pivot":[13,-8.05,-6.1],"rotation":[0,45,0],"cubes":[{"origin":[10.7846,-8.8,-8.1136],"size":[2,1.5,2],"pivot":[13,-8.05,-6.1],"uv":{"north":{"uv":[9.3916,2.129],"uv_size":[0.164,0.246]},"south":{"uv":[9.3916,2.129],"uv_size":[0.164,0.246]},"east":{"uv":[9.2249,2.129],"uv_size":[0.164,0.246]},"west":{"uv":[9.2249,1.879],"uv_size":[0.164,0.246]},"up":{"uv":[9.3924,2.121],"uv_size":[0.2187,-0.246]},"down":{"uv":[9.6076,2.121],"uv_size":[-0.2187,-0.246]}}}],"name":"rot_10"},{"parent":"geyser_custom_z","pivot":[13,-6.05,-6.1],"rotation":[0,45,0],"cubes":[{"origin":[10.7846,-6.8,-8.1136],"size":[2,1.5,2],"pivot":[13,-6.05,-6.1],"uv":{"north":{"uv":[9.3916,2.129],"uv_size":[0.164,0.246]},"south":{"uv":[9.3916,2.129],"uv_size":[0.164,0.246]},"east":{"uv":[9.2249,2.129],"uv_size":[0.164,0.246]},"west":{"uv":[9.2249,1.879],"uv_size":[0.164,0.246]},"up":{"uv":[9.3924,2.121],"uv_size":[0.2187,-0.246]},"down":{"uv":[9.6076,2.121],"uv_size":[-0.2187,-0.246]}}}],"name":"rot_11"},{"parent":"geyser_custom_z","pivot":[12.3521,-8,2.5036],"rotation":[0,45,0],"cubes":[{"origin":[6.7397,-9.25,2],"size":[7,2.5,3],"pivot":[12.3521,-8,2.5036],"uv":{"north":{"uv":[10.4489,5.264],"uv_size":[0.2733,0.861]},"south":{"uv":[10.1711,5.264],"uv_size":[0.2733,0.861]},"east":{"uv":[10.7267,5.756],"uv_size":[0.2733,0.369]},"west":{"uv":[10.7267,5.756],"uv_size":[0.2733,0.369]},"up":{"uv":[11.0124,6.119],"uv_size":[0.7653,-0.369]},"down":{"uv":[11.7653,6.119],"uv_size":[-0.7653,-0.369]}}}],"name":"rot_12"},{"parent":"geyser_custom_z","pivot":[0,-7.7,-1],"rotation":[0,0,-45],"cubes":[{"origin":[-2.5,-10.2,-7],"size":[5,5,1],"pivot":[0,-7.7,-1],"uv":{"north":{"uv":[8.3978,0.76],"uv_size":[0.5467,0.615]},"south":{"uv":[8.3978,0.76],"uv_size":[0.5467,0.615]},"east":{"uv":[8.9533,1.252],"uv_size":[0.5467,0.123]},"west":{"uv":[8.2796,0.76],"uv_size":[0.1093,0.615]},"up":{"uv":[8.3871,1.365],"uv_size":[-0.1093,-0.615]},"down":{"uv":[9.4911,1.373],"uv_size":[-0.5467,-0.123]}}}],"name":"rot_13"},{"parent":"geyser_custom_z","pivot":[0,-7.7,1],"rotation":[0,0,-45],"cubes":[{"origin":[-2.5,-10.2,9],"size":[5,5,1],"pivot":[0,-7.7,1],"uv":{"north":{"uv":[8.3978,1.365],"uv_size":[0.5467,-0.615]},"south":{"uv":[8.3978,1.365],"uv_size":[0.5467,-0.615]},"east":{"uv":[8.9533,1.373],"uv_size":[0.5467,-0.123]},"west":{"uv":[8.3871,0.76],"uv_size":[-0.1093,0.615]},"up":{"uv":[8.2796,1.365],"uv_size":[0.1093,-0.615]},"down":{"uv":[9.4911,1.252],"uv_size":[-0.5467,0.123]}}}],"name":"rot_14"},{"parent":"geyser_custom_z","pivot":[13,-13.25,-11.2],"rotation":[22.5,0,0],"cubes":[{"origin":[12,-13.85,2.3],"size":[2,2.5,3],"pivot":[13,-13.25,-11.2],"uv":{"north":{"uv":[8.3369,2.005],"uv_size":[0.2187,0.3075]},"south":{"uv":[8.6702,1.6925],"uv_size":[0.2187,0.3075]},"east":{"uv":[8.8836,2.005],"uv_size":[-0.328,0.3075]},"west":{"uv":[8.5609,2.005],"uv_size":[0.328,0.3075]},"up":{"uv":[8.552,2.6815],"uv_size":[-0.2187,-0.369]},"down":{"uv":[8.7742,2.6815],"uv_size":[-0.2187,-0.369]}}}],"name":"rot_15"},{"parent":"geyser_custom_z","pivot":[8,1,-4.2],"rotation":[22.5,0,0],"cubes":[{"origin":[7,0.4,9.3],"size":[2,2.5,3],"pivot":[8,1,-4.2],"uv":{"north":{"uv":[8.3369,2.005],"uv_size":[0.2187,0.3075]},"south":{"uv":[8.6702,1.6925],"uv_size":[0.2187,0.3075]},"east":{"uv":[8.8836,2.005],"uv_size":[-0.328,0.3075]},"west":{"uv":[8.5609,2.005],"uv_size":[0.328,0.3075]},"up":{"uv":[8.552,2.6815],"uv_size":[-0.2187,-0.369]},"down":{"uv":[8.7742,2.6815],"uv_size":[-0.2187,-0.369]}}},{"origin":[7,-0.6,-9.7],"size":[2,2.5,19],"pivot":[8,1,-4.2],"uv":{"north":{"uv":[7.6702,1.005],"uv_size":[0.2187,0.3075]},"south":{"uv":[7.6702,1.3175],"uv_size":[0.2187,0.3075]},"east":{"uv":[12.6507,4.755],"uv_size":[-2.0951,0.3075]},"west":{"uv":[10.5716,4.755],"uv_size":[2.0951,0.3075]},"up":{"uv":[7.3298,4.359],"uv_size":[-0.2187,-2.359]},"down":{"uv":[7.552,4.359],"uv_size":[-0.2187,-2.359]}}}],"name":"rot_16"},{"parent":"geyser_custom_z","pivot":[0,3,-8.2],"rotation":[22.5,0,0],"cubes":[{"origin":[-4,-2,-14.2],"size":[8,4,6],"pivot":[0,3,-8.2],"uv":{"north":{"uv":[7.792,7.508],"uv_size":[0.8747,0.492]},"south":{"uv":[7.792,7.508],"uv_size":[0.8747,0.492]},"east":{"uv":[7.7671,7.508],"uv_size":[-0.656,0.492]},"west":{"uv":[7.1218,7.508],"uv_size":[0.656,0.492]},"up":{"uv":[7.9858,7.488],"uv_size":[-0.8747,-0.738]},"down":{"uv":[7.9858,6.738],"uv_size":[-0.8747,-0.738]}}},{"origin":[4,-5,-14.2],"size":[0,3,6],"pivot":[0,3,-8.2],"uv":{"north":{"uv":[9.3333,7.631],"uv_size":[0,0.369]},"south":{"uv":[9.3333,7.631],"uv_size":[0,0.369]},"east":{"uv":[9.3227,7.631],"uv_size":[-0.656,0.369]},"west":{"uv":[8.6773,7.631],"uv_size":[0.656,0.369]},"up":{"uv":[7.1111,7.488],"uv_size":[0,-0.738]},"down":{"uv":[7.1111,6.738],"uv_size":[0,-0.738]}}},{"origin":[-4,-5,-14.2],"size":[0,3,6],"pivot":[0,3,-8.2],"uv":{"north":{"uv":[9.3333,7.631],"uv_size":[0,0.369]},"south":{"uv":[9.3333,7.631],"uv_size":[0,0.369]},"east":{"uv":[9.3227,7.631],"uv_size":[-0.656,0.369]},"west":{"uv":[8.6773,7.631],"uv_size":[0.656,0.369]},"up":{"uv":[7.1111,7.488],"uv_size":[0,-0.738]},"down":{"uv":[7.1111,6.738],"uv_size":[0,-0.738]}}}],"name":"rot_17"},{"parent":"geyser_custom_z","pivot":[-8,1,-4.2],"rotation":[22.5,0,0],"cubes":[{"origin":[-9,0.4,9.3],"size":[2,2.5,3],"pivot":[-8,1,-4.2],"uv":{"north":{"uv":[8.552,2.005],"uv_size":[-0.2187,0.3075]},"south":{"uv":[8.8853,1.6925],"uv_size":[-0.2187,0.3075]},"east":{"uv":[8.8836,2.005],"uv_size":[-0.328,0.3075]},"west":{"uv":[8.5609,2.005],"uv_size":[0.328,0.3075]},"up":{"uv":[8.3369,2.6815],"uv_size":[0.2187,-0.369]},"down":{"uv":[8.5591,2.6815],"uv_size":[0.2187,-0.369]}}},{"origin":[-9,-0.6,-9.7],"size":[2,2.5,19],"pivot":[-8,1,-4.2],"uv":{"north":{"uv":[7.8853,1.005],"uv_size":[-0.2187,0.3075]},"south":{"uv":[7.8853,1.3175],"uv_size":[-0.2187,0.3075]},"east":{"uv":[12.6507,4.755],"uv_size":[-2.0951,0.3075]},"west":{"uv":[10.5716,4.755],"uv_size":[2.0951,0.3075]},"up":{"uv":[7.1147,4.359],"uv_size":[0.2187,-2.359]},"down":{"uv":[7.3369,4.359],"uv_size":[0.2187,-2.359]}}}],"name":"rot_18"},{"parent":"geyser_custom_z","pivot":[-13,-13.25,-11.2],"rotation":[22.5,0,0],"cubes":[{"origin":[-14,-13.85,2.3],"size":[2,2.5,3],"pivot":[-13,-13.25,-11.2],"uv":{"north":{"uv":[8.552,2.005],"uv_size":[-0.2187,0.3075]},"south":{"uv":[8.8853,1.6925],"uv_size":[-0.2187,0.3075]},"east":{"uv":[8.8836,2.005],"uv_size":[-0.328,0.3075]},"west":{"uv":[8.5609,2.005],"uv_size":[0.328,0.3075]},"up":{"uv":[8.3369,2.6815],"uv_size":[0.2187,-0.369]},"down":{"uv":[8.5591,2.6815],"uv_size":[0.2187,-0.369]}}}],"name":"rot_19"},{"parent":"geyser_custom_z","pivot":[3,4,-3.2],"rotation":[0,22.5,0],"cubes":[{"origin":[2,2,-7.2],"size":[4,3,9],"pivot":[3,4,-3.2],"uv":{"north":{"uv":[12.7849,7.631],"uv_size":[0.4373,0.369]},"south":{"uv":[13.3404,6.881],"uv_size":[0.4373,0.369]},"east":{"uv":[13.2382,7.631],"uv_size":[0.984,0.369]},"west":{"uv":[12.7938,7.256],"uv_size":[0.984,0.369]},"up":{"uv":[14.2151,7.609],"uv_size":[-0.4373,-1.109]},"down":{"uv":[14.2151,7.609],"uv_size":[-0.4373,-1.109]}}}],"name":"rot_20"},{"parent":"geyser_custom_z","pivot":[-11.5,-10.05,-7.85],"rotation":[0,22.5,0],"cubes":[{"origin":[-11.431,-10.55,-7.5613],"size":[2,1,1.5],"pivot":[-11.5,-10.05,-7.85],"uv":{"north":{"uv":[8.224,3.1835],"uv_size":[0.1093,-0.246]},"south":{"uv":[8.0018,3.121],"uv_size":[0.1093,-0.246]},"east":{"uv":[7.6684,3.0595],"uv_size":[0.1093,-0.1845]},"west":{"uv":[7.6684,3.0595],"uv_size":[0.1093,-0.1845]},"up":{"uv":[7.9964,3.0595],"uv_size":[-0.2187,-0.1845]},"down":{"uv":[7.7813,3.0595],"uv_size":[0.2187,-0.1845]}}}],"name":"rot_21"},{"parent":"geyser_custom_z","pivot":[-11.5,-8.05,-7.85],"rotation":[0,22.5,0],"cubes":[{"origin":[-11.431,-8.55,-7.5613],"size":[2,1,1.5],"pivot":[-11.5,-8.05,-7.85],"uv":{"north":{"uv":[8.224,3.1835],"uv_size":[0.1093,-0.246]},"south":{"uv":[8.0018,3.121],"uv_size":[0.1093,-0.246]},"east":{"uv":[7.6684,3.0595],"uv_size":[0.1093,-0.1845]},"west":{"uv":[7.6684,3.0595],"uv_size":[0.1093,-0.1845]},"up":{"uv":[7.9964,3.0595],"uv_size":[-0.2187,-0.1845]},"down":{"uv":[7.7813,3.0595],"uv_size":[0.2187,-0.1845]}}}],"name":"rot_22"},{"parent":"geyser_custom_z","pivot":[-11.5,-6.05,-7.85],"rotation":[0,22.5,0],"cubes":[{"origin":[-11.431,-6.55,-7.5613],"size":[2,1,1.5],"pivot":[-11.5,-6.05,-7.85],"uv":{"north":{"uv":[8.224,3.1835],"uv_size":[0.1093,-0.246]},"south":{"uv":[8.0018,3.121],"uv_size":[0.1093,-0.246]},"east":{"uv":[7.6684,3.0595],"uv_size":[0.1093,-0.1845]},"west":{"uv":[7.6684,3.0595],"uv_size":[0.1093,-0.1845]},"up":{"uv":[7.9964,3.0595],"uv_size":[-0.2187,-0.1845]},"down":{"uv":[7.7813,3.0595],"uv_size":[0.2187,-0.1845]}}}],"name":"rot_23"},{"parent":"geyser_custom_z","pivot":[12.3521,-8,2.5036],"rotation":[0,-0,0],"cubes":[{"origin":[11.1412,-9.5,-2.6947],"size":[4,3,6],"pivot":[12.3521,-8,2.5036],"uv":{"north":{"uv":[12.3387,5.133],"uv_size":[0.328,0.492]},"south":{"uv":[12.3387,5.133],"uv_size":[0.328,0.492]},"east":{"uv":[13.0053,4.887],"uv_size":[0.328,0.738]},"west":{"uv":[12.672,4.887],"uv_size":[0.328,0.738]},"up":{"uv":[13.3227,7.242],"uv_size":[-0.656,-0.492]},"down":{"uv":[13.3227,7.242],"uv_size":[-0.656,-0.492]}}}],"name":"rot_24"},{"parent":"geyser_custom_z","pivot":[9.5,-10.05,-7.85],"rotation":[0,-0,0],"cubes":[{"origin":[7.4701,-10.3,-7.8648],"size":[2,0.5,1],"pivot":[9.5,-10.05,-7.85],"uv":{"north":{"uv":[8.112,2.879],"uv_size":[0.0547,0.246]},"south":{"uv":[8.1676,3.0665],"uv_size":[0.0547,0.246]},"east":{"uv":[8.1676,2.9395],"uv_size":[0.0547,0.123]},"west":{"uv":[8.1676,2.9395],"uv_size":[0.0547,0.123]},"up":{"uv":[7.7813,3.1855],"uv_size":[0.2187,-0.123]},"down":{"uv":[7.9964,3.1855],"uv_size":[-0.2187,-0.123]}}}],"name":"rot_25"},{"parent":"geyser_custom_z","pivot":[9.5,-8.05,-7.85],"rotation":[0,-0,0],"cubes":[{"origin":[7.4701,-8.3,-7.8648],"size":[2,0.5,1],"pivot":[9.5,-8.05,-7.85],"uv":{"north":{"uv":[8.112,2.879],"uv_size":[0.0547,0.246]},"south":{"uv":[8.1676,3.0665],"uv_size":[0.0547,0.246]},"east":{"uv":[8.1676,2.9395],"uv_size":[0.0547,0.123]},"west":{"uv":[8.1676,2.9395],"uv_size":[0.0547,0.123]},"up":{"uv":[7.7813,3.1855],"uv_size":[0.2187,-0.123]},"down":{"uv":[7.9964,3.1855],"uv_size":[-0.2187,-0.123]}}}],"name":"rot_26"},{"parent":"geyser_custom_z","pivot":[9.5,-6.05,-8.35],"rotation":[0,-0,0],"cubes":[{"origin":[7.4701,-6.3,-8.3648],"size":[2,0.5,1],"pivot":[9.5,-6.05,-8.35],"uv":{"north":{"uv":[8.112,2.879],"uv_size":[0.0547,0.246]},"south":{"uv":[8.1676,3.0665],"uv_size":[0.0547,0.246]},"east":{"uv":[8.1676,2.9395],"uv_size":[0.0547,0.123]},"west":{"uv":[8.1676,2.9395],"uv_size":[0.0547,0.123]},"up":{"uv":[7.7813,3.1855],"uv_size":[0.2187,-0.123]},"down":{"uv":[7.9964,3.1855],"uv_size":[-0.2187,-0.123]}}}],"name":"rot_27"},{"parent":"geyser_custom_z","pivot":[8,-13,-8.2],"rotation":[0,-0,0],"cubes":[{"origin":[-2,2,-6.2],"size":[4,2,14],"pivot":[8,-13,-8.2],"uv":{"north":{"uv":[12.896,6.129],"uv_size":[0.4373,0.246]},"south":{"uv":[12.896,6.129],"uv_size":[0.4373,0.246]},"east":{"uv":[11.7938,5.879],"uv_size":[1.5396,0.246]},"west":{"uv":[11.7938,5.629],"uv_size":[1.5396,0.246]},"up":{"uv":[14.2151,6.484],"uv_size":[-0.4373,-1.734]},"down":{"uv":[13.7707,6.859],"uv_size":[-0.4373,-1.734]}}},{"origin":[0,4,-6.2],"size":[0,4,14],"pivot":[8,-13,-8.2],"uv":{"north":{"uv":[12.8889,6.133],"uv_size":[0,0.492]},"south":{"uv":[12.8889,6.133],"uv_size":[0,0.492]},"east":{"uv":[9.0951,3.883],"uv_size":[-1.5396,0.492]},"west":{"uv":[7.5716,3.883],"uv_size":[1.5396,0.492]},"up":{"uv":[13.7778,6.484],"uv_size":[0,-1.734]},"down":{"uv":[13.3333,6.859],"uv_size":[0,-1.734]}}}],"name":"rot_28"},{"parent":"geyser_custom_z","pivot":[8,-12,-8],"rotation":[0,-0,0],"cubes":[{"origin":[11,-11,-6],"size":[2,6,8],"pivot":[8,-12,-8],"uv":{"north":{"uv":[9.6702,3.387],"uv_size":[0.2187,0.738]},"south":{"uv":[9.448,3.387],"uv_size":[0.2187,0.738]},"east":{"uv":[11.6809,0.512],"uv_size":[0.8747,0.738]},"west":{"uv":[11.6809,0.512],"uv_size":[0.8747,0.738]},"up":{"uv":[9.8853,3.359],"uv_size":[-0.2187,-0.984]},"down":{"uv":[9.8853,2.359],"uv_size":[-0.2187,-0.984]}}},{"origin":[11,-10,2],"size":[1,4,6],"pivot":[8,-12,-8],"uv":{"north":{"uv":[10.8907,0.883],"uv_size":[0.1093,0.492]},"south":{"uv":[10.8907,0.883],"uv_size":[0.1093,0.492]},"east":{"uv":[11.0107,0.883],"uv_size":[0.656,0.492]},"west":{"uv":[11.0107,0.883],"uv_size":[0.656,0.492]},"up":{"uv":[11.656,0.873],"uv_size":[-0.656,-0.123]},"down":{"uv":[11.656,0.748],"uv_size":[-0.656,-0.123]}}}],"name":"rot_29"},{"parent":"geyser_custom_z","pivot":[8,-6.5,0],"rotation":[0,-0,0],"cubes":[{"origin":[0,-13,-6],"size":[11,10,15],"pivot":[8,-6.5,0],"uv":{"north":{"uv":[14.2062,1.266],"uv_size":[-1.2062,1.234]},"south":{"uv":[13.016,1.266],"uv_size":[1.2062,1.234]},"east":{"uv":[14.2062,0.016],"uv_size":[-1.6507,1.234]},"west":{"uv":[14.2062,0.016],"uv_size":[-1.6507,1.234]},"up":{"uv":[11.5716,1.391],"uv_size":[1.2062,1.859]},"down":{"uv":[11.5716,1.391],"uv_size":[1.2062,1.859]}}},{"origin":[-12,-16,-7],"size":[12,3,17],"pivot":[8,-6.5,0],"uv":{"north":{"uv":[12.8729,1.756],"uv_size":[-1.3173,0.369]},"south":{"uv":[12.8729,1.756],"uv_size":[-1.3173,0.369]},"east":{"uv":[9.1271,4.256],"uv_size":[1.8729,0.369]},"west":{"uv":[9.1271,4.256],"uv_size":[1.8729,0.369]},"up":{"uv":[12.8729,2.141],"uv_size":[-1.3173,2.109]},"down":{"uv":[12.8729,2.141],"uv_size":[-1.3173,2.109]}}},{"origin":[-12,-3,-7],"size":[12,3,17],"pivot":[8,-6.5,0],"uv":{"north":{"uv":[12.5396,0.006],"uv_size":[-1.3173,0.369]},"south":{"uv":[11.2382,0.006],"uv_size":[1.3173,0.369]},"east":{"uv":[11.016,4.256],"uv_size":[1.8729,0.369]},"west":{"uv":[11.016,4.256],"uv_size":[1.8729,0.369]},"up":{"uv":[14.2062,2.516],"uv_size":[-1.3173,2.109]},"down":{"uv":[11.5716,2.141],"uv_size":[1.3173,2.109]}}}],"name":"rot_30"},{"parent":"geyser_custom_z","pivot":[8,-3.8,-11.35],"rotation":[0,-0,0],"cubes":[{"origin":[7.75,-5.8299,-11.3648],"size":[0.5,2,1],"pivot":[8,-3.8,-11.35],"uv":{"north":{"uv":[8.112,2.879],"uv_size":[0.0547,0.246]},"south":{"uv":[8.1676,3.0665],"uv_size":[0.0547,0.246]},"east":{"uv":[7.9964,3.0645],"uv_size":[-0.2187,0.123]},"west":{"uv":[7.7813,3.0645],"uv_size":[0.2187,0.123]},"up":{"uv":[8.2213,3.0605],"uv_size":[-0.0547,-0.123]},"down":{"uv":[8.2213,3.0605],"uv_size":[-0.0547,-0.123]}}}],"name":"rot_31"},{"parent":"geyser_custom_z","pivot":[8,6.7,0.1],"rotation":[0,-0,0],"cubes":[{"origin":[6.5,4.2101,0.0289],"size":[3,2.5,7],"pivot":[8,6.7,0.1],"uv":{"north":{"uv":[7.8942,1.38],"uv_size":[0.328,0.3075]},"south":{"uv":[8.3387,1.6925],"uv_size":[0.328,0.3075]},"east":{"uv":[8.7347,2.38],"uv_size":[0.7653,0.3075]},"west":{"uv":[8.2347,1.38],"uv_size":[0.7653,0.3075]},"up":{"uv":[7.9947,2.5485],"uv_size":[-0.328,-0.861]},"down":{"uv":[8.328,2.5485],"uv_size":[-0.328,-0.861]}}}],"name":"rot_32"},{"parent":"geyser_custom_z","pivot":[0,-0.2,12],"rotation":[0,-0,0],"cubes":[{"origin":[-1.25,-7.2603,9],"size":[2.5,7,3],"pivot":[0,-0.2,12],"uv":{"north":{"uv":[10.4489,5.264],"uv_size":[0.2733,0.861]},"south":{"uv":[10.1711,5.264],"uv_size":[0.2733,0.861]},"east":{"uv":[11.0124,5.756],"uv_size":[0.7653,0.369]},"west":{"uv":[11.0124,5.756],"uv_size":[0.7653,0.369]},"up":{"uv":[10.9956,6.119],"uv_size":[-0.2733,-0.369]},"down":{"uv":[10.9956,6.119],"uv_size":[-0.2733,-0.369]}}},{"origin":[0,-7.2603,8],"size":[0,14,11],"pivot":[0,-0.2,12],"uv":{"north":{"uv":[10.4444,5.266],"uv_size":[0,1.734]},"south":{"uv":[10.1667,5.266],"uv_size":[0,1.734]},"east":{"uv":[8.6507,4.391],"uv_size":[-1.5396,1.359]},"west":{"uv":[7.1271,4.391],"uv_size":[1.5396,1.359]},"up":{"uv":[10.7222,7.109],"uv_size":[0,-1.359]},"down":{"uv":[10.7222,7.109],"uv_size":[0,-1.359]}}}],"name":"rot_33"},{"parent":"geyser_custom_z","pivot":[-3,4,-3.2],"rotation":[0,-0,0],"cubes":[{"origin":[-5,-2,-8.2],"size":[10,5,4],"pivot":[-3,4,-3.2],"uv":{"north":{"uv":[8.4604,6.385],"uv_size":[1.0951,0.615]},"south":{"uv":[8.4604,6.385],"uv_size":[1.0951,0.615]},"east":{"uv":[8.0071,6.885],"uv_size":[0.4373,0.615]},"west":{"uv":[8.0071,6.885],"uv_size":[0.4373,0.615]},"up":{"uv":[9.5396,6.367],"uv_size":[-1.0951,-0.492]},"down":{"uv":[9.5396,7.492],"uv_size":[-1.0951,-0.492]}}}],"name":"rot_34"},{"parent":"geyser_custom_z","pivot":[-8,-12,-8],"rotation":[0,-0,0],"cubes":[{"origin":[-13,-11,-6],"size":[2,6,8],"pivot":[-8,-12,-8],"uv":{"north":{"uv":[9.8853,3.387],"uv_size":[-0.2187,0.738]},"south":{"uv":[9.6631,3.387],"uv_size":[-0.2187,0.738]},"east":{"uv":[12.5413,0.512],"uv_size":[-0.8747,0.738]},"west":{"uv":[12.5413,0.512],"uv_size":[-0.8747,0.738]},"up":{"uv":[9.6702,3.359],"uv_size":[0.2187,-0.984]},"down":{"uv":[9.6702,2.359],"uv_size":[0.2187,-0.984]}}},{"origin":[-12,-10,2],"size":[1,4,6],"pivot":[-8,-12,-8],"uv":{"north":{"uv":[10.9982,0.883],"uv_size":[-0.1093,0.492]},"south":{"uv":[10.9982,0.883],"uv_size":[-0.1093,0.492]},"east":{"uv":[11.656,0.883],"uv_size":[-0.656,0.492]},"west":{"uv":[11.656,0.883],"uv_size":[-0.656,0.492]},"up":{"uv":[11.656,0.752],"uv_size":[-0.656,0.123]},"down":{"uv":[11.656,0.627],"uv_size":[-0.656,0.123]}}}],"name":"rot_35"},{"parent":"geyser_custom_z","pivot":[-8,-6.5,0],"rotation":[0,-0,0],"cubes":[{"origin":[0,-3,-7],"size":[12,3,17],"pivot":[-8,-6.5,0],"uv":{"north":{"uv":[11.2382,0.006],"uv_size":[1.3173,0.369]},"south":{"uv":[12.5396,0.006],"uv_size":[-1.3173,0.369]},"east":{"uv":[12.8729,4.256],"uv_size":[-1.8729,0.369]},"west":{"uv":[12.8729,4.256],"uv_size":[-1.8729,0.369]},"up":{"uv":[12.9049,2.516],"uv_size":[1.3173,2.109]},"down":{"uv":[11.5716,2.141],"uv_size":[1.3173,2.109]}}},{"origin":[-11,-13,-6],"size":[11,10,15],"pivot":[-8,-6.5,0],"uv":{"north":{"uv":[13.016,1.266],"uv_size":[1.2062,1.234]},"south":{"uv":[14.2062,1.266],"uv_size":[-1.2062,1.234]},"east":{"uv":[12.5716,0.016],"uv_size":[1.6507,1.234]},"west":{"uv":[12.5716,0.016],"uv_size":[1.6507,1.234]},"up":{"uv":[12.7618,1.391],"uv_size":[-1.2062,1.859]},"down":{"uv":[12.7618,1.391],"uv_size":[-1.2062,1.859]}}},{"origin":[0,-16,-7],"size":[12,3,17],"pivot":[-8,-6.5,0],"uv":{"north":{"uv":[11.5716,1.756],"uv_size":[1.3173,0.369]},"south":{"uv":[11.5716,1.756],"uv_size":[1.3173,0.369]},"east":{"uv":[10.984,4.256],"uv_size":[-1.8729,0.369]},"west":{"uv":[10.984,4.256],"uv_size":[-1.8729,0.369]},"up":{"uv":[11.5716,2.141],"uv_size":[1.3173,2.109]},"down":{"uv":[11.5716,2.141],"uv_size":[1.3173,2.109]}}}],"name":"rot_36"},{"parent":"geyser_custom_z","pivot":[-8,-3.8,-11.35],"rotation":[0,-0,0],"cubes":[{"origin":[-8.25,-5.8299,-11.3648],"size":[0.5,2,1],"pivot":[-8,-3.8,-11.35],"uv":{"north":{"uv":[8.1658,2.879],"uv_size":[-0.0547,0.246]},"south":{"uv":[8.2213,3.0665],"uv_size":[-0.0547,0.246]},"east":{"uv":[7.7813,3.1855],"uv_size":[0.2187,-0.123]},"west":{"uv":[7.9964,3.1855],"uv_size":[-0.2187,-0.123]},"up":{"uv":[8.1676,3.0605],"uv_size":[0.0547,-0.123]},"down":{"uv":[8.1676,3.0605],"uv_size":[0.0547,-0.123]}}}],"name":"rot_37"},{"parent":"geyser_custom_z","pivot":[-8,0,-8],"rotation":[0,-0,0],"cubes":[{"origin":[-6,4,-8],"size":[0,15,15],"pivot":[-8,0,-8],"uv":{"north":{"uv":[14.2222,0.016],"uv_size":[0,1.984]},"south":{"uv":[14.2222,0.016],"uv_size":[0,1.984]},"east":{"uv":[15.984,0.016],"uv_size":[-1.6507,1.859]},"west":{"uv":[14.3493,0.016],"uv_size":[1.6507,1.859]},"up":{"uv":[14.2222,1.984],"uv_size":[0,-1.984]},"down":{"uv":[14.2222,1.984],"uv_size":[0,-1.984]}}}],"name":"rot_38"},{"parent":"geyser_custom_z","pivot":[-8,6.7,0.1],"rotation":[0,-0,0],"cubes":[{"origin":[-9.5,4.2101,0.0289],"size":[3,2.5,7],"pivot":[-8,6.7,0.1],"uv":{"north":{"uv":[8.2169,1.38],"uv_size":[-0.328,0.3075]},"south":{"uv":[8.6613,1.6925],"uv_size":[-0.328,0.3075]},"east":{"uv":[8.9876,1.38],"uv_size":[-0.7653,0.3075]},"west":{"uv":[9.4876,2.38],"uv_size":[-0.7653,0.3075]},"up":{"uv":[7.672,2.5485],"uv_size":[0.328,-0.861]},"down":{"uv":[8.0053,2.5485],"uv_size":[0.328,-0.861]}}}],"name":"rot_39"},{"parent":"geyser_custom_z","pivot":[-9.5,-10.05,-8.35],"rotation":[0,-0,0],"cubes":[{"origin":[-9.4701,-10.3,-8.3648],"size":[2,0.5,1],"pivot":[-9.5,-10.05,-8.35],"uv":{"north":{"uv":[8.112,3.121],"uv_size":[0.0547,-0.246]},"south":{"uv":[8.1676,3.3085],"uv_size":[0.0547,-0.246]},"east":{"uv":[8.1676,3.0605],"uv_size":[0.0547,-0.123]},"west":{"uv":[8.1676,3.0605],"uv_size":[0.0547,-0.123]},"up":{"uv":[7.9964,3.1855],"uv_size":[-0.2187,-0.123]},"down":{"uv":[7.7813,3.1855],"uv_size":[0.2187,-0.123]}}}],"name":"rot_40"},{"parent":"geyser_custom_z","pivot":[-9.5,-8.05,-8.35],"rotation":[0,-0,0],"cubes":[{"origin":[-9.4701,-8.3,-8.3648],"size":[2,0.5,1],"pivot":[-9.5,-8.05,-8.35],"uv":{"north":{"uv":[8.112,3.121],"uv_size":[0.0547,-0.246]},"south":{"uv":[8.1676,3.3085],"uv_size":[0.0547,-0.246]},"east":{"uv":[8.1676,3.0605],"uv_size":[0.0547,-0.123]},"west":{"uv":[8.1676,3.0605],"uv_size":[0.0547,-0.123]},"up":{"uv":[7.9964,3.1855],"uv_size":[-0.2187,-0.123]},"down":{"uv":[7.7813,3.1855],"uv_size":[0.2187,-0.123]}}}],"name":"rot_41"},{"parent":"geyser_custom_z","pivot":[-9.5,-6.05,-8.35],"rotation":[0,-0,0],"cubes":[{"origin":[-9.4701,-6.3,-8.3648],"size":[2,0.5,1],"pivot":[-9.5,-6.05,-8.35],"uv":{"north":{"uv":[8.112,3.121],"uv_size":[0.0547,-0.246]},"south":{"uv":[8.1676,3.3085],"uv_size":[0.0547,-0.246]},"east":{"uv":[8.1676,3.0605],"uv_size":[0.0547,-0.123]},"west":{"uv":[8.1676,3.0605],"uv_size":[0.0547,-0.123]},"up":{"uv":[7.9964,3.1855],"uv_size":[-0.2187,-0.123]},"down":{"uv":[7.7813,3.1855],"uv_size":[0.2187,-0.123]}}}],"name":"rot_42"},{"parent":"geyser_custom_z","pivot":[-12.3521,-8,2.5036],"rotation":[0,-0,0],"cubes":[{"origin":[-15.1412,-9.5,-2.6947],"size":[4,3,6],"pivot":[-12.3521,-8,2.5036],"uv":{"north":{"uv":[12.3387,5.617],"uv_size":[0.328,-0.492]},"south":{"uv":[12.3387,5.617],"uv_size":[0.328,-0.492]},"east":{"uv":[12.672,5.613],"uv_size":[0.328,-0.738]},"west":{"uv":[13.0053,5.613],"uv_size":[0.328,-0.738]},"up":{"uv":[13.3227,6.758],"uv_size":[-0.656,0.492]},"down":{"uv":[13.3227,6.758],"uv_size":[-0.656,0.492]}}}],"name":"rot_43"},{"parent":"geyser_custom_z","pivot":[13,-5.35,6.4],"rotation":[-22.5,0,0],"cubes":[{"origin":[12.5,-5.3379,4.8945],"size":[1,4,1.5],"pivot":[13,-5.35,6.4],"uv":{"north":{"uv":[8.8907,1.6955],"uv_size":[0.1093,0.492]},"south":{"uv":[9.0018,1.758],"uv_size":[0.1093,0.492]},"east":{"uv":[9.5484,1.378],"uv_size":[-0.4373,0.1845]},"west":{"uv":[9.1182,1.378],"uv_size":[0.4373,0.1845]},"up":{"uv":[9.1093,1.5595],"uv_size":[-0.1093,-0.1845]},"down":{"uv":[9.1093,1.747],"uv_size":[-0.1093,-0.1845]}}}],"name":"rot_44"},{"parent":"geyser_custom_z","pivot":[8,-1.8,-10.85],"rotation":[-22.5,0,0],"cubes":[{"origin":[7.5,-3.869,-10.5613],"size":[1,2,1.5],"pivot":[8,-1.8,-10.85],"uv":{"north":{"uv":[8.224,2.9415],"uv_size":[0.1093,0.246]},"south":{"uv":[8.0018,2.879],"uv_size":[0.1093,0.246]},"east":{"uv":[7.9964,2.878],"uv_size":[-0.2187,0.1845]},"west":{"uv":[7.7813,2.878],"uv_size":[0.2187,0.1845]},"up":{"uv":[7.776,3.0595],"uv_size":[-0.1093,-0.1845]},"down":{"uv":[7.776,3.0595],"uv_size":[-0.1093,-0.1845]}}}],"name":"rot_45"},{"parent":"geyser_custom_z","pivot":[8,8.9,13.4],"rotation":[-22.5,0,0],"cubes":[{"origin":[7.5,8.9121,11.8945],"size":[1,4,1.5],"pivot":[8,8.9,13.4],"uv":{"north":{"uv":[8.8907,1.6955],"uv_size":[0.1093,0.492]},"south":{"uv":[9.0018,1.758],"uv_size":[0.1093,0.492]},"east":{"uv":[9.5484,1.378],"uv_size":[-0.4373,0.1845]},"west":{"uv":[9.1182,1.378],"uv_size":[0.4373,0.1845]},"up":{"uv":[9.1093,1.5595],"uv_size":[-0.1093,-0.1845]},"down":{"uv":[9.1093,1.747],"uv_size":[-0.1093,-0.1845]}}}],"name":"rot_46"},{"parent":"geyser_custom_z","pivot":[-8,-1.8,-10.85],"rotation":[-22.5,0,0],"cubes":[{"origin":[-8.5,-3.869,-10.5613],"size":[1,2,1.5],"pivot":[-8,-1.8,-10.85],"uv":{"north":{"uv":[8.3316,2.9415],"uv_size":[-0.1093,0.246]},"south":{"uv":[8.1093,2.879],"uv_size":[-0.1093,0.246]},"east":{"uv":[7.7813,3.0595],"uv_size":[0.2187,-0.1845]},"west":{"uv":[7.9964,3.0595],"uv_size":[-0.2187,-0.1845]},"up":{"uv":[7.6684,3.0595],"uv_size":[0.1093,-0.1845]},"down":{"uv":[7.6684,3.0595],"uv_size":[0.1093,-0.1845]}}}],"name":"rot_47"},{"parent":"geyser_custom_z","pivot":[-8,8.9,13.4],"rotation":[-22.5,0,0],"cubes":[{"origin":[-8.5,8.9121,11.8945],"size":[1,4,1.5],"pivot":[-8,8.9,13.4],"uv":{"north":{"uv":[8.9982,1.6955],"uv_size":[-0.1093,0.492]},"south":{"uv":[9.1093,1.758],"uv_size":[-0.1093,0.492]},"east":{"uv":[9.1182,1.5595],"uv_size":[0.4373,-0.1845]},"west":{"uv":[9.5484,1.5595],"uv_size":[-0.4373,-0.1845]},"up":{"uv":[9.0018,1.5595],"uv_size":[0.1093,-0.1845]},"down":{"uv":[9.0018,1.747],"uv_size":[0.1093,-0.1845]}}}],"name":"rot_48"},{"parent":"geyser_custom_z","pivot":[-13,-5.35,6.4],"rotation":[-22.5,0,0],"cubes":[{"origin":[-13.5,-5.3379,4.8945],"size":[1,4,1.5],"pivot":[-13,-5.35,6.4],"uv":{"north":{"uv":[8.9982,1.6955],"uv_size":[-0.1093,0.492]},"south":{"uv":[9.1093,1.758],"uv_size":[-0.1093,0.492]},"east":{"uv":[9.1182,1.5595],"uv_size":[0.4373,-0.1845]},"west":{"uv":[9.5484,1.5595],"uv_size":[-0.4373,-0.1845]},"up":{"uv":[9.0018,1.5595],"uv_size":[0.1093,-0.1845]},"down":{"uv":[9.0018,1.747],"uv_size":[0.1093,-0.1845]}}}],"name":"rot_49"},{"parent":"geyser_custom_z","pivot":[11.5,-10.05,-7.35],"rotation":[0,-22.5,0],"cubes":[{"origin":[9.431,-10.55,-7.0613],"size":[2,1,1.5],"pivot":[11.5,-10.05,-7.35],"uv":{"north":{"uv":[8.224,2.9415],"uv_size":[0.1093,0.246]},"south":{"uv":[8.0018,2.879],"uv_size":[0.1093,0.246]},"east":{"uv":[7.6684,2.878],"uv_size":[0.1093,0.1845]},"west":{"uv":[7.6684,2.878],"uv_size":[0.1093,0.1845]},"up":{"uv":[7.7813,3.0595],"uv_size":[0.2187,-0.1845]},"down":{"uv":[7.9964,3.0595],"uv_size":[-0.2187,-0.1845]}}}],"name":"rot_50"},{"parent":"geyser_custom_z","pivot":[11.5,-8.05,-7.35],"rotation":[0,-22.5,0],"cubes":[{"origin":[9.431,-8.55,-7.0613],"size":[2,1,1.5],"pivot":[11.5,-8.05,-7.35],"uv":{"north":{"uv":[8.224,2.9415],"uv_size":[0.1093,0.246]},"south":{"uv":[8.0018,2.879],"uv_size":[0.1093,0.246]},"east":{"uv":[7.6684,2.878],"uv_size":[0.1093,0.1845]},"west":{"uv":[7.6684,2.878],"uv_size":[0.1093,0.1845]},"up":{"uv":[7.7813,3.0595],"uv_size":[0.2187,-0.1845]},"down":{"uv":[7.9964,3.0595],"uv_size":[-0.2187,-0.1845]}}}],"name":"rot_51"},{"parent":"geyser_custom_z","pivot":[11.5,-6.05,-7.35],"rotation":[0,-22.5,0],"cubes":[{"origin":[9.431,-6.55,-7.0613],"size":[2,1,1.5],"pivot":[11.5,-6.05,-7.35],"uv":{"north":{"uv":[8.224,2.9415],"uv_size":[0.1093,0.246]},"south":{"uv":[8.0018,2.879],"uv_size":[0.1093,0.246]},"east":{"uv":[7.6684,2.878],"uv_size":[0.1093,0.1845]},"west":{"uv":[7.6684,2.878],"uv_size":[0.1093,0.1845]},"up":{"uv":[7.7813,3.0595],"uv_size":[0.2187,-0.1845]},"down":{"uv":[7.9964,3.0595],"uv_size":[-0.2187,-0.1845]}}}],"name":"rot_52"},{"parent":"geyser_custom_z","pivot":[-3,4,-3.2],"rotation":[0,-22.5,0],"cubes":[{"origin":[-6,2,-7.2],"size":[4,3,9],"pivot":[-3,4,-3.2],"uv":{"north":{"uv":[13.2151,7.631],"uv_size":[-0.4373,0.369]},"south":{"uv":[13.7707,6.881],"uv_size":[-0.4373,0.369]},"east":{"uv":[13.7618,7.256],"uv_size":[-0.984,0.369]},"west":{"uv":[14.2062,7.631],"uv_size":[-0.984,0.369]},"up":{"uv":[13.7849,7.609],"uv_size":[0.4373,-1.109]},"down":{"uv":[13.7849,7.609],"uv_size":[0.4373,-1.109]}}}],"name":"rot_53"},{"parent":"geyser_custom_z","pivot":[18,17,-1],"rotation":[-45,0,0],"cubes":[{"origin":[8,10,13],"size":[0,21,11],"pivot":[18,17,-1],"uv":{"north":{"uv":[7.1111,0.016],"uv_size":[0,2.609]},"south":{"uv":[7.1111,0.016],"uv_size":[0,2.609]},"east":{"uv":[11.5396,1.641],"uv_size":[-1.2062,2.609]},"west":{"uv":[10.3493,1.641],"uv_size":[1.2062,2.609]},"up":{"uv":[7.1271,0],"uv_size":[1.2062,0]},"down":{"uv":[7.1271,0],"uv_size":[1.2062,0]}}}],"name":"rot_54"},{"parent":"geyser_custom_z","pivot":[13,-1.15,6.5],"rotation":[-45,0,0],"cubes":[{"origin":[12.75,-1.0564,6.5093],"size":[0.5,4,1.5],"pivot":[13,-1.15,6.5],"uv":{"north":{"uv":[9.112,1.8205],"uv_size":[0.0547,0.492]},"south":{"uv":[9.1676,1.8205],"uv_size":[0.0547,0.492]},"east":{"uv":[9.604,1.628],"uv_size":[-0.4373,0.1845]},"west":{"uv":[9.1738,1.628],"uv_size":[0.4373,0.1845]},"up":{"uv":[9.1658,1.8095],"uv_size":[-0.0547,-0.1845]},"down":{"uv":[9.1658,1.8095],"uv_size":[-0.0547,-0.1845]}}}],"name":"rot_55"},{"parent":"geyser_custom_z","pivot":[12.9825,-4.9297,9.2895],"rotation":[-45,0,0],"cubes":[{"origin":[12.9825,-15.4297,3.2896],"size":[0,17,14],"pivot":[12.9825,-4.9297,9.2895],"uv":{"north":{"uv":[15.0556,2.016],"uv_size":[0,1.984]},"south":{"uv":[14.9861,2.016],"uv_size":[0,1.984]},"east":{"uv":[14.2382,3.734],"uv_size":[1.7618,-1.734]},"west":{"uv":[15.984,3.734],"uv_size":[-1.7618,-1.734]},"up":{"uv":[15.125,2.266],"uv_size":[0,1.734]},"down":{"uv":[15.125,2.266],"uv_size":[0,1.734]}}}],"name":"rot_56"},{"parent":"geyser_custom_z","pivot":[8,13.1,13.5],"rotation":[-45,0,0],"cubes":[{"origin":[7.75,13.1936,13.5094],"size":[0.5,4,1.5],"pivot":[8,13.1,13.5],"uv":{"north":{"uv":[9.112,1.8205],"uv_size":[0.0547,0.492]},"south":{"uv":[9.1676,1.8205],"uv_size":[0.0547,0.492]},"east":{"uv":[9.604,1.628],"uv_size":[-0.4373,0.1845]},"west":{"uv":[9.1738,1.628],"uv_size":[0.4373,0.1845]},"up":{"uv":[9.1658,1.8095],"uv_size":[-0.0547,-0.1845]},"down":{"uv":[9.1658,1.8095],"uv_size":[-0.0547,-0.1845]}}}],"name":"rot_57"},{"parent":"geyser_custom_z","pivot":[0,4,7.8],"rotation":[-45,0,0],"cubes":[{"origin":[-1.5,0,7.8],"size":[3,4,6],"pivot":[0,4,7.8],"uv":{"north":{"uv":[12.3387,5.133],"uv_size":[0.328,0.492]},"south":{"uv":[12.3387,5.133],"uv_size":[0.328,0.492]},"east":{"uv":[12.6773,6.758],"uv_size":[0.656,0.492]},"west":{"uv":[12.6773,6.758],"uv_size":[0.656,0.492]},"up":{"uv":[12.9947,5.613],"uv_size":[-0.328,-0.738]},"down":{"uv":[13.328,5.613],"uv_size":[-0.328,-0.738]}}}],"name":"rot_58"},{"parent":"geyser_custom_z","pivot":[-8,13.1,13.5],"rotation":[-45,0,0],"cubes":[{"origin":[-8.25,13.1936,13.5094],"size":[0.5,4,1.5],"pivot":[-8,13.1,13.5],"uv":{"north":{"uv":[9.1658,1.8205],"uv_size":[-0.0547,0.492]},"south":{"uv":[9.2213,1.8205],"uv_size":[-0.0547,0.492]},"east":{"uv":[9.1738,1.8095],"uv_size":[0.4373,-0.1845]},"west":{"uv":[9.604,1.8095],"uv_size":[-0.4373,-0.1845]},"up":{"uv":[9.112,1.8095],"uv_size":[0.0547,-0.1845]},"down":{"uv":[9.112,1.8095],"uv_size":[0.0547,-0.1845]}}}],"name":"rot_59"},{"parent":"geyser_custom_z","pivot":[-12.9825,-4.9297,9.2895],"rotation":[-45,0,0],"cubes":[{"origin":[-12.9825,-15.4297,3.2896],"size":[0,17,14],"pivot":[-12.9825,-4.9297,9.2895],"uv":{"north":{"uv":[15.0556,2.016],"uv_size":[0,1.984]},"south":{"uv":[14.9861,2.016],"uv_size":[0,1.984]},"east":{"uv":[15.984,2.016],"uv_size":[-1.7618,1.734]},"west":{"uv":[14.2382,2.016],"uv_size":[1.7618,1.734]},"up":{"uv":[15.125,2.266],"uv_size":[0,1.734]},"down":{"uv":[15.125,2.266],"uv_size":[0,1.734]}}}],"name":"rot_60"},{"parent":"geyser_custom_z","pivot":[-13,-1.15,6.5],"rotation":[-45,0,0],"cubes":[{"origin":[-13.25,-1.0564,6.5093],"size":[0.5,4,1.5],"pivot":[-13,-1.15,6.5],"uv":{"north":{"uv":[9.1658,1.8205],"uv_size":[-0.0547,0.492]},"south":{"uv":[9.2213,1.8205],"uv_size":[-0.0547,0.492]},"east":{"uv":[9.1738,1.8095],"uv_size":[0.4373,-0.1845]},"west":{"uv":[9.604,1.8095],"uv_size":[-0.4373,-0.1845]},"up":{"uv":[9.112,1.8095],"uv_size":[0.0547,-0.1845]},"down":{"uv":[9.112,1.8095],"uv_size":[0.0547,-0.1845]}}}],"name":"rot_61"},{"parent":"geyser_custom_z","pivot":[-18,17,-1],"rotation":[-45,0,0],"cubes":[{"origin":[-8,10,13],"size":[0,21,11],"pivot":[-18,17,-1],"uv":{"north":{"uv":[7.1111,0.016],"uv_size":[0,2.609]},"south":{"uv":[7.1111,0.016],"uv_size":[0,2.609]},"east":{"uv":[11.5396,1.641],"uv_size":[-1.2062,2.609]},"west":{"uv":[10.3493,1.641],"uv_size":[1.2062,2.609]},"up":{"uv":[7.1271,0],"uv_size":[1.2062,0]},"down":{"uv":[7.1271,0],"uv_size":[1.2062,0]}}}],"name":"rot_62"},{"parent":"geyser_custom_z","pivot":[-12.3521,-8,2.5036],"rotation":[0,-45,0],"cubes":[{"origin":[-13.7397,-9.25,2],"size":[7,2.5,3],"pivot":[-12.3521,-8,2.5036],"uv":{"north":{"uv":[10.4489,6.111],"uv_size":[0.2733,-0.861]},"south":{"uv":[10.1711,6.111],"uv_size":[0.2733,-0.861]},"east":{"uv":[10.7267,6.119],"uv_size":[0.2733,-0.369]},"west":{"uv":[10.7267,6.119],"uv_size":[0.2733,-0.369]},"up":{"uv":[11.7653,6.119],"uv_size":[-0.7653,-0.369]},"down":{"uv":[11.0124,6.119],"uv_size":[0.7653,-0.369]}}}],"name":"rot_63"},{"parent":"geyser_custom_z","pivot":[-13,-10.05,-6.6],"rotation":[0,-45,0],"cubes":[{"origin":[-12.7846,-10.8,-8.6136],"size":[2,1.5,2],"pivot":[-13,-10.05,-6.6],"uv":{"north":{"uv":[9.3916,2.371],"uv_size":[0.164,-0.246]},"south":{"uv":[9.3916,2.371],"uv_size":[0.164,-0.246]},"east":{"uv":[9.2249,2.121],"uv_size":[0.164,-0.246]},"west":{"uv":[9.2249,2.371],"uv_size":[0.164,-0.246]},"up":{"uv":[9.3924,1.879],"uv_size":[0.2187,0.246]},"down":{"uv":[9.6076,1.879],"uv_size":[-0.2187,0.246]}}}],"name":"rot_64"},{"parent":"geyser_custom_z","pivot":[-13,-8.05,-6.6],"rotation":[0,-45,0],"cubes":[{"origin":[-12.7846,-8.8,-8.6136],"size":[2,1.5,2],"pivot":[-13,-8.05,-6.6],"uv":{"north":{"uv":[9.3916,2.371],"uv_size":[0.164,-0.246]},"south":{"uv":[9.3916,2.371],"uv_size":[0.164,-0.246]},"east":{"uv":[9.2249,2.121],"uv_size":[0.164,-0.246]},"west":{"uv":[9.2249,2.371],"uv_size":[0.164,-0.246]},"up":{"uv":[9.3924,1.879],"uv_size":[0.2187,0.246]},"down":{"uv":[9.6076,1.879],"uv_size":[-0.2187,0.246]}}}],"name":"rot_65"},{"parent":"geyser_custom_z","pivot":[-13,-6.05,-6.6],"rotation":[0,-45,0],"cubes":[{"origin":[-12.7846,-6.8,-8.6136],"size":[2,1.5,2],"pivot":[-13,-6.05,-6.6],"uv":{"north":{"uv":[9.3916,2.371],"uv_size":[0.164,-0.246]},"south":{"uv":[9.3916,2.371],"uv_size":[0.164,-0.246]},"east":{"uv":[9.2249,2.121],"uv_size":[0.164,-0.246]},"west":{"uv":[9.2249,2.371],"uv_size":[0.164,-0.246]},"up":{"uv":[9.3924,1.879],"uv_size":[0.2187,0.246]},"down":{"uv":[9.6076,1.879],"uv_size":[-0.2187,0.246]}}}],"name":"rot_66"}]}]}
