{"format_version":"1.16.0","minecraft:geometry":[{"description":{"identifier":"geometry.geyser_custom.geo_db14c07","texture_width":16,"texture_height":16,"visible_bounds_width":4,"visible_bounds_height":4.5,"visible_bounds_offset":[0,0.75,0]},"bones":[{"name":"geyser_custom","binding":"c.item_slot == 'head' ? 'head' : q.item_slot_to_bone_name(c.item_slot)","pivot":[0,8,0]},{"name":"geyser_custom_x","parent":"geyser_custom","pivot":[0,8,0]},{"name":"geyser_custom_y","parent":"geyser_custom_x","pivot":[0,8,0]},{"name":"geyser_custom_z","parent":"geyser_custom_y","pivot":[0,8,0],"cubes":[]},{"parent":"geyser_custom_z","pivot":[0,6.9045,0],"rotation":[45,0,0],"cubes":[{"origin":[1.5,-4.8912,5.995],"size":[1,5,5],"pivot":[0,6.9045,0],"uv":{"north":{"uv":[2.224,8.385],"uv_size":[0.1093,0.615]},"south":{"uv":[2.2311,8.252],"uv_size":[0.5467,0.123]},"east":{"uv":[2.88,8.99],"uv_size":[-0.5467,-0.615]},"west":{"uv":[2.88,8.99],"uv_size":[-0.5467,-0.615]},"up":{"uv":[2.224,8.385],"uv_size":[0.1093,0.615]},"down":{"uv":[2.2311,8.252],"uv_size":[0.5467,0.123]}}},{"origin":[-2.5,-4.8912,5.995],"size":[1,5,5],"pivot":[0,6.9045,0],"uv":{"north":{"uv":[2.3316,8.385],"uv_size":[-0.1093,0.615]},"south":{"uv":[2.2311,8.373],"uv_size":[0.5467,-0.123]},"east":{"uv":[2.3422,8.99],"uv_size":[0.5467,-0.615]},"west":{"uv":[2.3422,8.99],"uv_size":[0.5467,-0.615]},"up":{"uv":[2.3316,8.385],"uv_size":[-0.1093,0.615]},"down":{"uv":[2.2311,8.373],"uv_size":[0.5467,-0.123]}}}],"name":"rot_1"},{"parent":"geyser_custom_z","pivot":[0,6.9045,0],"rotation":[0,45,0],"cubes":[{"origin":[2.1368,8,-7.0725],"size":[5,1,5],"pivot":[0,6.9045,0],"uv":{"north":{"uv":[2.3316,8.385],"uv_size":[-0.1093,0.615]},"south":{"uv":[2.2311,8.373],"uv_size":[0.5467,-0.123]},"east":{"uv":[2.7689,8.252],"uv_size":[-0.5467,0.123]},"west":{"uv":[2.224,8.99],"uv_size":[0.1093,-0.615]},"up":{"uv":[2.3422,8.99],"uv_size":[0.5467,-0.615]},"down":{"uv":[2.3422,8.99],"uv_size":[0.5467,-0.615]}}},{"origin":[2.1368,7,-7.0725],"size":[5,1,5],"pivot":[0,6.9045,0],"uv":{"north":{"uv":[2.224,8.385],"uv_size":[0.1093,0.615]},"south":{"uv":[2.2311,8.252],"uv_size":[0.5467,0.123]},"east":{"uv":[2.7689,8.373],"uv_size":[-0.5467,-0.123]},"west":{"uv":[2.3316,8.99],"uv_size":[-0.1093,-0.615]},"up":{"uv":[2.3422,8.385],"uv_size":[0.5467,0.615]},"down":{"uv":[2.3422,8.385],"uv_size":[0.5467,0.615]}}},{"origin":[5.6334,7.25,-3.2156],"size":[2,1.5,2],"pivot":[0,6.9045,0],"uv":{"north":{"uv":[2.2804,10.371],"uv_size":[0.164,-0.246]},"south":{"uv":[2.2804,10.371],"uv_size":[0.164,-0.246]},"east":{"uv":[2.1138,10.371],"uv_size":[0.164,-0.246]},"west":{"uv":[2.1138,10.121],"uv_size":[0.164,-0.246]},"up":{"uv":[2.4964,9.879],"uv_size":[-0.2187,0.246]},"down":{"uv":[2.2813,9.879],"uv_size":[0.2187,0.246]}}},{"origin":[-5.869,6.75,-5.6262],"size":[8,2.5,2],"pivot":[0,6.9045,0],"uv":{"north":{"uv":[0.2822,9.016],"uv_size":[0.2733,0.984]},"south":{"uv":[0.0044,9.016],"uv_size":[0.2733,0.984]},"east":{"uv":[0.0044,8.754],"uv_size":[0.2733,0.246]},"west":{"uv":[0.0044,8.754],"uv_size":[0.2733,0.246]},"up":{"uv":[0.292,8.754],"uv_size":[0.8747,0.246]},"down":{"uv":[1.1524,8.754],"uv_size":[-0.8747,0.246]}}},{"origin":[-13.3478,8,-11.4284],"size":[16,0,6.5],"pivot":[0,6.9045,0],"uv":{"north":{"uv":[0,15.984],"uv_size":[0,-7.984]},"south":{"uv":[0,8.016],"uv_size":[0,7.984]},"east":{"uv":[0,10.734],"uv_size":[0,-2.734]},"west":{"uv":[0,10.734],"uv_size":[0,-2.734]},"up":{"uv":[0.016,8.6765],"uv_size":[1.7618,-0.6765]},"down":{"uv":[1.7618,8.6765],"uv_size":[-1.7618,-0.6765]}}},{"origin":[-8.8323,7,-5.8867],"size":[3,2,2.5],"pivot":[0,6.9045,0],"uv":{"north":{"uv":[1.2258,10.3185],"uv_size":[0.2187,0.369]},"south":{"uv":[1.448,10.3185],"uv_size":[0.2187,0.369]},"east":{"uv":[1.5591,9.6925],"uv_size":[0.2187,0.3075]},"west":{"uv":[1.2258,10.005],"uv_size":[0.2187,0.3075]},"up":{"uv":[1.7724,10.3075],"uv_size":[-0.328,-0.3075]},"down":{"uv":[1.4498,10.3075],"uv_size":[0.328,-0.3075]}}},{"origin":[7.6503,7.25,-3.2054],"size":[2,1.5,2],"pivot":[0,6.9045,0],"uv":{"north":{"uv":[2.2751,10.129],"uv_size":[-0.164,0.246]},"south":{"uv":[2.2751,9.879],"uv_size":[-0.164,0.246]},"east":{"uv":[2.4418,10.129],"uv_size":[-0.164,0.246]},"west":{"uv":[2.4418,10.129],"uv_size":[-0.164,0.246]},"up":{"uv":[2.4964,9.879],"uv_size":[-0.2187,0.246]},"down":{"uv":[2.2813,9.879],"uv_size":[0.2187,0.246]}}},{"origin":[-12.6457,5.2569,-4.8543],"size":[17,14,0],"pivot":[0,6.9045,0],"uv":{"north":{"uv":[14.2382,2.016],"uv_size":[1.7618,1.734]},"south":{"uv":[15.984,2.016],"uv_size":[-1.7618,1.734]},"east":{"uv":[15.125,2.266],"uv_size":[0,1.734]},"west":{"uv":[15.125,2.266],"uv_size":[0,1.734]},"up":{"uv":[14.9861,3.984],"uv_size":[0,-1.984]},"down":{"uv":[15.0556,3.984],"uv_size":[0,-1.984]}}}],"name":"rot_2"},{"parent":"geyser_custom_z","pivot":[0,6.9045,0],"rotation":[0,22.5,0],"cubes":[{"origin":[0.0401,7.5,-8.0036],"size":[2,1,1.5],"pivot":[0,6.9045,0],"uv":{"north":{"uv":[1.1129,10.9415],"uv_size":[0.1093,0.246]},"south":{"uv":[0.8907,10.879],"uv_size":[0.1093,0.246]},"east":{"uv":[0.5573,10.878],"uv_size":[0.1093,0.1845]},"west":{"uv":[0.5573,10.878],"uv_size":[0.1093,0.1845]},"up":{"uv":[0.8853,11.0595],"uv_size":[-0.2187,-0.1845]},"down":{"uv":[0.6702,11.0595],"uv_size":[0.2187,-0.1845]}}},{"origin":[-0.5833,7.275,-9.388],"size":[3.5,1.45,3],"pivot":[0,6.9045,0],"uv":{"north":{"uv":[3.6076,12.132],"uv_size":[-0.2187,0.4305]},"south":{"uv":[3.2742,12.5695],"uv_size":[-0.2187,0.4305]},"east":{"uv":[0.0036,10.369],"uv_size":[0.2187,-0.369]},"west":{"uv":[3.1702,12.5565],"uv_size":[0.2187,-0.369]},"up":{"uv":[3.2831,12.993],"uv_size":[0.328,-0.4305]},"down":{"uv":[3.6058,12.993],"uv_size":[-0.328,-0.4305]}}},{"origin":[-2.3,7.5,-11.3675],"size":[1.5,1,2],"pivot":[0,6.9045,0],"uv":{"north":{"uv":[0.6649,11.0595],"uv_size":[-0.1093,-0.1845]},"south":{"uv":[0.6649,11.0595],"uv_size":[-0.1093,-0.1845]},"east":{"uv":[1.2204,11.1835],"uv_size":[-0.1093,-0.246]},"west":{"uv":[0.9982,11.121],"uv_size":[-0.1093,-0.246]},"up":{"uv":[0.6702,10.878],"uv_size":[0.2187,0.1845]},"down":{"uv":[0.8853,10.878],"uv_size":[-0.2187,0.1845]}}},{"origin":[-3.5594,8,7.867],"size":[14,0,1],"pivot":[0,6.9045,0],"uv":{"north":{"uv":[3.3333,9.734],"uv_size":[0,-1.734]},"south":{"uv":[3.3333,9.734],"uv_size":[0,-1.734]},"east":{"uv":[0.1093,8],"uv_size":[-0.1093,0]},"west":{"uv":[0.1093,8],"uv_size":[-0.1093,0]},"up":{"uv":[3.3351,8.016],"uv_size":[0.1093,1.734]},"down":{"uv":[3.4427,8.016],"uv_size":[-0.1093,1.734]}}},{"origin":[-18.5075,7.75,-2.6484],"size":[4,0.5,1.5],"pivot":[0,6.9045,0],"uv":{"north":{"uv":[2.0009,9.8205],"uv_size":[0.0547,0.492]},"south":{"uv":[2.0564,9.8205],"uv_size":[0.0547,0.492]},"east":{"uv":[2.0009,9.628],"uv_size":[0.0547,0.1845]},"west":{"uv":[2.0009,9.628],"uv_size":[0.0547,0.1845]},"up":{"uv":[2.4929,9.8095],"uv_size":[-0.4373,-0.1845]},"down":{"uv":[2.0627,9.8095],"uv_size":[0.4373,-0.1845]}}},{"origin":[-12.485,7.25,-1.7641],"size":[3,1.5,2],"pivot":[0,6.9045,0],"uv":{"north":{"uv":[1.0582,10.5685],"uv_size":[0.164,0.369]},"south":{"uv":[1.2249,10.6935],"uv_size":[0.164,0.369]},"east":{"uv":[0.5582,10.5665],"uv_size":[0.164,0.246]},"west":{"uv":[0.5582,10.5665],"uv_size":[0.164,0.246]},"up":{"uv":[1.0502,10.8085],"uv_size":[-0.328,-0.246]},"down":{"uv":[0.7276,10.8085],"uv_size":[0.328,-0.246]}}}],"name":"rot_3"},{"parent":"geyser_custom_z","pivot":[0,6.9045,0],"rotation":[0,-0,0],"cubes":[{"origin":[1.05,-1,9],"size":[0,14,11],"pivot":[0,6.9045,0],"uv":{"north":{"uv":[3.3333,13.266],"uv_size":[0,1.734]},"south":{"uv":[3.0556,13.266],"uv_size":[0,1.734]},"east":{"uv":[2.7618,11.766],"uv_size":[-1.5396,1.359]},"west":{"uv":[1.2382,11.766],"uv_size":[1.5396,1.359]},"up":{"uv":[3.6111,15.109],"uv_size":[0,-1.359]},"down":{"uv":[3.6111,15.109],"uv_size":[0,-1.359]}}},{"origin":[-1.1701,7.75,-8.1648],"size":[2,0.5,1],"pivot":[0,6.9045,0],"uv":{"north":{"uv":[1.0009,10.879],"uv_size":[0.0547,0.246]},"south":{"uv":[1.0564,11.0665],"uv_size":[0.0547,0.246]},"east":{"uv":[1.0564,10.9395],"uv_size":[0.0547,0.123]},"west":{"uv":[1.0564,10.9395],"uv_size":[0.0547,0.123]},"up":{"uv":[0.8853,11.1855],"uv_size":[-0.2187,-0.123]},"down":{"uv":[0.6702,11.1855],"uv_size":[0.2187,-0.123]}}},{"origin":[1.1701,7.75,-8.1648],"size":[2,0.5,1],"pivot":[0,6.9045,0],"uv":{"north":{"uv":[1.0009,11.121],"uv_size":[0.0547,-0.246]},"south":{"uv":[1.0564,11.3085],"uv_size":[0.0547,-0.246]},"east":{"uv":[1.1102,10.9395],"uv_size":[-0.0547,0.123]},"west":{"uv":[1.1102,10.9395],"uv_size":[-0.0547,0.123]},"up":{"uv":[0.6702,11.1855],"uv_size":[0.2187,-0.123]},"down":{"uv":[0.8853,11.1855],"uv_size":[-0.2187,-0.123]}}},{"origin":[-6.4648,7.75,-11.6299],"size":[1,0.5,2],"pivot":[0,6.9045,0],"uv":{"north":{"uv":[1.1102,11.0605],"uv_size":[-0.0547,-0.123]},"south":{"uv":[1.1102,11.0605],"uv_size":[-0.0547,-0.123]},"east":{"uv":[1.0547,11.121],"uv_size":[-0.0547,-0.246]},"west":{"uv":[1.1102,11.3085],"uv_size":[-0.0547,-0.246]},"up":{"uv":[0.6702,11.0645],"uv_size":[0.2187,0.123]},"down":{"uv":[0.8853,11.0645],"uv_size":[-0.2187,0.123]}}},{"origin":[-3.1701,7.75,-8.1648],"size":[2,0.5,1],"pivot":[0,6.9045,0],"uv":{"north":{"uv":[1.0009,10.879],"uv_size":[0.0547,0.246]},"south":{"uv":[1.0564,11.0665],"uv_size":[0.0547,0.246]},"east":{"uv":[1.1102,11.0605],"uv_size":[-0.0547,-0.123]},"west":{"uv":[1.1102,11.0605],"uv_size":[-0.0547,-0.123]},"up":{"uv":[0.8853,11.1855],"uv_size":[-0.2187,-0.123]},"down":{"uv":[0.6702,11.1855],"uv_size":[0.2187,-0.123]}}},{"origin":[-0.8299,7.75,-8.1648],"size":[2,0.5,1],"pivot":[0,6.9045,0],"uv":{"north":{"uv":[1.0009,11.121],"uv_size":[0.0547,-0.246]},"south":{"uv":[1.0564,11.3085],"uv_size":[0.0547,-0.246]},"east":{"uv":[1.0564,11.0605],"uv_size":[0.0547,-0.123]},"west":{"uv":[1.0564,11.0605],"uv_size":[0.0547,-0.123]},"up":{"uv":[0.6702,11.1855],"uv_size":[0.2187,-0.123]},"down":{"uv":[0.8853,11.1855],"uv_size":[-0.2187,-0.123]}}},{"origin":[-15.4432,7.5,3.4907],"size":[4,1,1.5],"pivot":[0,6.9045,0],"uv":{"north":{"uv":[1.7796,9.6955],"uv_size":[0.1093,0.492]},"south":{"uv":[1.8907,9.758],"uv_size":[0.1093,0.492]},"east":{"uv":[1.8907,9.378],"uv_size":[0.1093,0.1845]},"west":{"uv":[1.8907,9.5655],"uv_size":[0.1093,0.1845]},"up":{"uv":[2.4373,9.5595],"uv_size":[-0.4373,-0.1845]},"down":{"uv":[2.0071,9.5595],"uv_size":[0.4373,-0.1845]}}},{"origin":[5.4648,7.75,-11.6299],"size":[1,0.5,2],"pivot":[0,6.9045,0],"uv":{"north":{"uv":[1.1102,10.9395],"uv_size":[-0.0547,0.123]},"south":{"uv":[1.1102,10.9395],"uv_size":[-0.0547,0.123]},"east":{"uv":[1.1102,11.0665],"uv_size":[-0.0547,0.246]},"west":{"uv":[1.0547,10.879],"uv_size":[-0.0547,0.246]},"up":{"uv":[0.6702,11.1855],"uv_size":[0.2187,-0.123]},"down":{"uv":[0.8853,11.1855],"uv_size":[-0.2187,-0.123]}}},{"origin":[11.4432,7.5,3.4907],"size":[4,1,1.5],"pivot":[0,6.9045,0],"uv":{"north":{"uv":[1.7796,10.1795],"uv_size":[0.1093,-0.492]},"south":{"uv":[1.8907,10.242],"uv_size":[0.1093,-0.492]},"east":{"uv":[1.8907,9.747],"uv_size":[0.1093,-0.1845]},"west":{"uv":[1.8907,9.5595],"uv_size":[0.1093,-0.1845]},"up":{"uv":[2.0071,9.5595],"uv_size":[0.4373,-0.1845]},"down":{"uv":[2.4373,9.5595],"uv_size":[-0.4373,-0.1845]}}},{"origin":[-1.5,6,-6],"size":[3,1,11],"pivot":[0,6.9045,0],"uv":{"north":{"uv":[4.1164,12.0645],"uv_size":[0.328,0.123]},"south":{"uv":[4.1164,12.0645],"uv_size":[0.328,0.123]},"east":{"uv":[3.9462,13.984],"uv_size":[0.1093,-1.359]},"west":{"uv":[3.9462,12.641],"uv_size":[0.1093,1.359]},"up":{"uv":[6.4284,11.244],"uv_size":[-1.2062,-0.369]},"down":{"uv":[6.4284,11.619],"uv_size":[-1.2062,-0.369]}}},{"origin":[-1.5,2,12],"size":[3,6,3],"pivot":[0,6.9045,0],"uv":{"north":{"uv":[3.6164,12.762],"uv_size":[0.328,0.738]},"south":{"uv":[3.6164,12.012],"uv_size":[0.328,0.738]},"east":{"uv":[5.7884,12.744],"uv_size":[0.656,-0.369]},"west":{"uv":[5.7884,12.381],"uv_size":[0.656,0.369]},"up":{"uv":[3.6164,14.369],"uv_size":[0.328,-0.369]},"down":{"uv":[3.9391,13.506],"uv_size":[-0.328,0.369]}}},{"origin":[-2.25,5,5],"size":[4.5,3,7],"pivot":[0,6.9045,0],"uv":{"north":{"uv":[2.8969,9.631],"uv_size":[0.492,0.369]},"south":{"uv":[2.8969,9.631],"uv_size":[0.492,0.369]},"east":{"uv":[2.8209,10.756],"uv_size":[-0.7653,0.369]},"west":{"uv":[2.068,10.756],"uv_size":[0.7653,0.369]},"up":{"uv":[2.068,11.6785],"uv_size":[0.7653,-0.5535]},"down":{"uv":[1.2902,11.6785],"uv_size":[0.7653,-0.5535]}}},{"origin":[1,8,5],"size":[0.5,1,9],"pivot":[0,6.9045,0],"uv":{"north":{"uv":[3.2787,8.377],"uv_size":[0.0547,0.123]},"south":{"uv":[3.2787,8.377],"uv_size":[0.0547,0.123]},"east":{"uv":[3.224,8.516],"uv_size":[0.1093,1.109]},"west":{"uv":[3.224,8.516],"uv_size":[0.1093,1.109]},"up":{"uv":[3.2213,8.516],"uv_size":[-0.0547,1.109]},"down":{"uv":[3.2213,8.516],"uv_size":[-0.0547,1.109]}}},{"origin":[-0.75,7,-6],"size":[1.5,1,11],"pivot":[0,6.9045,0],"uv":{"north":{"uv":[6.9471,9.377],"uv_size":[0.164,0.123]},"south":{"uv":[6.9471,9.377],"uv_size":[0.164,0.123]},"east":{"uv":[6.8351,8.016],"uv_size":[0.1093,1.359]},"west":{"uv":[6.8351,8.016],"uv_size":[0.1093,1.359]},"up":{"uv":[7.1084,9.359],"uv_size":[-0.164,-1.359]},"down":{"uv":[7.1084,9.359],"uv_size":[-0.164,-1.359]}}},{"origin":[-1.5,8,5],"size":[0.5,1,9],"pivot":[0,6.9045,0],"uv":{"north":{"uv":[3.3324,8.377],"uv_size":[-0.0547,0.123]},"south":{"uv":[3.3324,8.377],"uv_size":[-0.0547,0.123]},"east":{"uv":[3.224,9.609],"uv_size":[0.1093,-1.109]},"west":{"uv":[3.224,9.609],"uv_size":[0.1093,-1.109]},"up":{"uv":[3.1676,8.516],"uv_size":[0.0547,1.109]},"down":{"uv":[3.1676,8.516],"uv_size":[0.0547,1.109]}}},{"origin":[0,8,5],"size":[0,4,6],"pivot":[0,6.9045,0],"uv":{"north":{"uv":[0,8.01],"uv_size":[0,0.615]},"south":{"uv":[0,8.01],"uv_size":[0,0.615]},"east":{"uv":[6.156,10.383],"uv_size":[-0.656,0.492]},"west":{"uv":[5.5107,10.383],"uv_size":[0.656,0.492]},"up":{"uv":[1.0951,8],"uv_size":[-1.0951,0]},"down":{"uv":[1.0951,8],"uv_size":[-1.0951,0]}}},{"origin":[0,3.5,-19],"size":[0,9,9],"pivot":[0,6.9045,0],"uv":{"north":{"uv":[3.0556,12.4535],"uv_size":[0,1.109]},"south":{"uv":[3.0556,12.4535],"uv_size":[0,1.109]},"east":{"uv":[3.7938,11.484],"uv_size":[0.984,-1.109]},"west":{"uv":[3.7938,10.391],"uv_size":[0.984,1.109]},"up":{"uv":[4.2222,13.2965],"uv_size":[0,-1.109]},"down":{"uv":[4.3333,13.2965],"uv_size":[0,-1.109]}}},{"origin":[-0.5,7.5,-14],"size":[1,1,30],"pivot":[0,6.9045,0],"uv":{"north":{"uv":[3.0573,12.4395],"uv_size":[0.1093,0.123]},"south":{"uv":[3.0573,12.4395],"uv_size":[0.1093,0.123]},"east":{"uv":[4.1129,12.2035],"uv_size":[0.1093,3.734]},"west":{"uv":[4.1129,12.2035],"uv_size":[0.1093,3.734]},"up":{"uv":[4.3316,15.9215],"uv_size":[-0.1093,-3.734]},"down":{"uv":[4.4427,15.9215],"uv_size":[-0.1093,-3.734]}}},{"origin":[0,2,7],"size":[0,4,5],"pivot":[0,6.9045,0],"uv":{"north":{"uv":[0,8.008],"uv_size":[0,0.492]},"south":{"uv":[0,8.008],"uv_size":[0,0.492]},"east":{"uv":[5.6578,8.758],"uv_size":[-0.5467,0.492]},"west":{"uv":[5.12,8.758],"uv_size":[0.5467,0.492]},"up":{"uv":[0.5467,8],"uv_size":[-0.5467,0]},"down":{"uv":[0.5467,8],"uv_size":[-0.5467,0]}}},{"origin":[-1.05,-1,9],"size":[0,14,11],"pivot":[0,6.9045,0],"uv":{"north":{"uv":[3.3333,13.266],"uv_size":[0,1.734]},"south":{"uv":[3.0556,13.266],"uv_size":[0,1.734]},"east":{"uv":[1.2382,13.109],"uv_size":[1.5396,-1.359]},"west":{"uv":[2.7618,13.109],"uv_size":[-1.5396,-1.359]},"up":{"uv":[3.6111,15.109],"uv_size":[0,-1.359]},"down":{"uv":[3.6111,15.109],"uv_size":[0,-1.359]}}}],"name":"rot_4"},{"parent":"geyser_custom_z","pivot":[0,6.9045,0],"rotation":[-22.5,0,0],"cubes":[{"origin":[-1.25,5.4139,13.0093],"size":[2.5,3,2],"pivot":[0,6.9045,0],"uv":{"north":{"uv":[6.1164,11.63],"uv_size":[0.328,0.3075]},"south":{"uv":[5.7831,11.63],"uv_size":[0.328,0.3075]},"east":{"uv":[5.7831,12.004],"uv_size":[0.328,0.246]},"west":{"uv":[6.1058,12.004],"uv_size":[-0.328,0.246]},"up":{"uv":[6.3844,12.246],"uv_size":[-0.2733,-0.246]},"down":{"uv":[6.3844,12.246],"uv_size":[-0.2733,-0.246]}}}],"name":"rot_5"},{"parent":"geyser_custom_z","pivot":[0,6.9045,0],"rotation":[0,-22.5,0],"cubes":[{"origin":[-2.9167,7.275,-9.388],"size":[3.5,1.45,3],"pivot":[0,6.9045,0],"uv":{"north":{"uv":[3.6076,12.5555],"uv_size":[-0.2187,-0.4305]},"south":{"uv":[3.2742,12.993],"uv_size":[-0.2187,-0.4305]},"east":{"uv":[3.1702,12.1935],"uv_size":[0.2187,0.369]},"west":{"uv":[0.0036,10.006],"uv_size":[0.2187,0.369]},"up":{"uv":[3.2831,12.5695],"uv_size":[0.328,0.4305]},"down":{"uv":[3.6058,12.5695],"uv_size":[-0.328,0.4305]}}},{"origin":[-2.0401,7.5,-8.0036],"size":[2,1,1.5],"pivot":[0,6.9045,0],"uv":{"north":{"uv":[1.1129,11.1835],"uv_size":[0.1093,-0.246]},"south":{"uv":[0.8907,11.121],"uv_size":[0.1093,-0.246]},"east":{"uv":[0.5573,11.0595],"uv_size":[0.1093,-0.1845]},"west":{"uv":[0.5573,11.0595],"uv_size":[0.1093,-0.1845]},"up":{"uv":[0.6702,11.0595],"uv_size":[0.2187,-0.1845]},"down":{"uv":[0.8853,11.0595],"uv_size":[-0.2187,-0.1845]}}},{"origin":[0.8,7.5,-11.3675],"size":[1.5,1,2],"pivot":[0,6.9045,0],"uv":{"north":{"uv":[0.6649,10.878],"uv_size":[-0.1093,0.1845]},"south":{"uv":[0.6649,10.878],"uv_size":[-0.1093,0.1845]},"east":{"uv":[0.9982,10.879],"uv_size":[-0.1093,0.246]},"west":{"uv":[1.2204,10.9415],"uv_size":[-0.1093,0.246]},"up":{"uv":[0.6702,11.0595],"uv_size":[0.2187,-0.1845]},"down":{"uv":[0.8853,11.0595],"uv_size":[-0.2187,-0.1845]}}},{"origin":[9.485,7.25,-1.7641],"size":[3,1.5,2],"pivot":[0,6.9045,0],"uv":{"north":{"uv":[1.0582,10.9315],"uv_size":[0.164,-0.369]},"south":{"uv":[1.2249,11.0565],"uv_size":[0.164,-0.369]},"east":{"uv":[0.5582,10.8085],"uv_size":[0.164,-0.246]},"west":{"uv":[0.5582,10.8085],"uv_size":[0.164,-0.246]},"up":{"uv":[0.7276,10.8085],"uv_size":[0.328,-0.246]},"down":{"uv":[1.0502,10.8085],"uv_size":[-0.328,-0.246]}}},{"origin":[14.5075,7.75,-2.6484],"size":[4,0.5,1.5],"pivot":[0,6.9045,0],"uv":{"north":{"uv":[2.0009,10.3045],"uv_size":[0.0547,-0.492]},"south":{"uv":[2.0564,10.3045],"uv_size":[0.0547,-0.492]},"east":{"uv":[2.0009,9.8095],"uv_size":[0.0547,-0.1845]},"west":{"uv":[2.0009,9.8095],"uv_size":[0.0547,-0.1845]},"up":{"uv":[2.0627,9.8095],"uv_size":[0.4373,-0.1845]},"down":{"uv":[2.4929,9.8095],"uv_size":[-0.4373,-0.1845]}}},{"origin":[-10.4406,8,7.867],"size":[14,0,1],"pivot":[0,6.9045,0],"uv":{"north":{"uv":[3.3333,8.016],"uv_size":[0,1.734]},"south":{"uv":[3.3333,8.016],"uv_size":[0,1.734]},"east":{"uv":[0.0018,8],"uv_size":[0.1093,0]},"west":{"uv":[0.0018,8],"uv_size":[0.1093,0]},"up":{"uv":[3.3351,9.734],"uv_size":[0.1093,-1.734]},"down":{"uv":[3.4427,9.734],"uv_size":[-0.1093,-1.734]}}}],"name":"rot_6"},{"parent":"geyser_custom_z","pivot":[0,6.9045,0],"rotation":[0,-45,0],"cubes":[{"origin":[-7.6334,7.25,-3.2156],"size":[2,1.5,2],"pivot":[0,6.9045,0],"uv":{"north":{"uv":[2.2804,10.129],"uv_size":[0.164,0.246]},"south":{"uv":[2.2804,10.129],"uv_size":[0.164,0.246]},"east":{"uv":[2.1138,9.879],"uv_size":[0.164,0.246]},"west":{"uv":[2.1138,10.129],"uv_size":[0.164,0.246]},"up":{"uv":[2.4964,10.121],"uv_size":[-0.2187,-0.246]},"down":{"uv":[2.2813,10.121],"uv_size":[0.2187,-0.246]}}},{"origin":[-9.6503,7.25,-3.2054],"size":[2,1.5,2],"pivot":[0,6.9045,0],"uv":{"north":{"uv":[2.2751,10.371],"uv_size":[-0.164,-0.246]},"south":{"uv":[2.2751,10.121],"uv_size":[-0.164,-0.246]},"east":{"uv":[2.4418,10.371],"uv_size":[-0.164,-0.246]},"west":{"uv":[2.4418,10.371],"uv_size":[-0.164,-0.246]},"up":{"uv":[2.2813,9.879],"uv_size":[0.2187,0.246]},"down":{"uv":[2.4964,9.879],"uv_size":[-0.2187,0.246]}}},{"origin":[5.8323,7,-5.8867],"size":[3,2,2.5],"pivot":[0,6.9045,0],"uv":{"north":{"uv":[1.2258,10.6815],"uv_size":[0.2187,-0.369]},"south":{"uv":[1.448,10.6815],"uv_size":[0.2187,-0.369]},"east":{"uv":[1.2258,10.3075],"uv_size":[0.2187,-0.3075]},"west":{"uv":[1.5591,9.995],"uv_size":[0.2187,-0.3075]},"up":{"uv":[1.4498,10.3075],"uv_size":[0.328,-0.3075]},"down":{"uv":[1.7724,10.3075],"uv_size":[-0.328,-0.3075]}}},{"origin":[-2.6522,8,-11.4284],"size":[16,0,6.5],"pivot":[0,6.9045,0],"uv":{"north":{"uv":[0,8.016],"uv_size":[0,7.984]},"south":{"uv":[0,15.984],"uv_size":[0,-7.984]},"east":{"uv":[0,8.016],"uv_size":[0,2.734]},"west":{"uv":[0,8.016],"uv_size":[0,2.734]},"up":{"uv":[1.7618,8.6765],"uv_size":[-1.7618,-0.6765]},"down":{"uv":[0.016,8.6765],"uv_size":[1.7618,-0.6765]}}},{"origin":[-2.131,6.75,-5.6262],"size":[8,2.5,2],"pivot":[0,6.9045,0],"uv":{"north":{"uv":[0.2822,9.984],"uv_size":[0.2733,-0.984]},"south":{"uv":[0.0044,9.984],"uv_size":[0.2733,-0.984]},"east":{"uv":[0.0044,8.996],"uv_size":[0.2733,-0.246]},"west":{"uv":[0.0044,8.996],"uv_size":[0.2733,-0.246]},"up":{"uv":[1.1524,8.754],"uv_size":[-0.8747,0.246]},"down":{"uv":[0.292,8.754],"uv_size":[0.8747,0.246]}}},{"origin":[-4.3543,5.2569,-4.8543],"size":[17,14,0],"pivot":[0,6.9045,0],"uv":{"north":{"uv":[15.984,2.016],"uv_size":[-1.7618,1.734]},"south":{"uv":[14.2382,2.016],"uv_size":[1.7618,1.734]},"east":{"uv":[15.125,2.266],"uv_size":[0,1.734]},"west":{"uv":[15.125,2.266],"uv_size":[0,1.734]},"up":{"uv":[14.9861,2.016],"uv_size":[0,1.984]},"down":{"uv":[15.0556,2.016],"uv_size":[0,1.984]}}}],"name":"rot_7"}]}]}
