{"format_version":"1.16.0","minecraft:geometry":[{"description":{"identifier":"geometry.geyser_custom.geo_82ff95b","texture_width":16,"texture_height":16,"visible_bounds_width":4,"visible_bounds_height":4.5,"visible_bounds_offset":[0,0.75,0]},"bones":[{"name":"geyser_custom","binding":"c.item_slot == 'head' ? 'head' : q.item_slot_to_bone_name(c.item_slot)","pivot":[0,8,0]},{"name":"geyser_custom_x","parent":"geyser_custom","pivot":[0,8,0]},{"name":"geyser_custom_y","parent":"geyser_custom_x","pivot":[0,8,0]},{"name":"geyser_custom_z","parent":"geyser_custom_y","pivot":[0,8,0],"cubes":[]},{"parent":"geyser_custom_z","pivot":[0.3087,6.2717,0],"rotation":[45,0,0],"cubes":[{"origin":[-1.1413,-7.723,-14.4312],"size":[3,4,4],"pivot":[0.3087,6.2717,0],"uv":{"north":{"uv":[10.604,11.994],"uv_size":[-0.4373,-0.369]},"south":{"uv":[10.9391,11.508],"uv_size":[-0.328,0.492]},"east":{"uv":[11.3818,11.508],"uv_size":[-0.4373,0.492]},"west":{"uv":[10.9516,11.992],"uv_size":[0.4373,-0.492]},"up":{"uv":[10.6164,11.992],"uv_size":[0.328,-0.492]},"down":{"uv":[10.604,11.631],"uv_size":[-0.4373,0.369]}}},{"origin":[-1.6913,10.576,3.8678],"size":[1,5,5],"pivot":[0.3087,6.2717,0],"uv":{"north":{"uv":[9.3422,8.373],"uv_size":[0.5467,-0.123]},"south":{"uv":[9.4427,8.385],"uv_size":[-0.1093,0.615]},"east":{"uv":[9.4533,8.99],"uv_size":[0.5467,-0.615]},"west":{"uv":[9.9911,8.385],"uv_size":[-0.5467,0.615]},"up":{"uv":[9.3351,8.99],"uv_size":[0.1093,-0.615]},"down":{"uv":[9.88,8.252],"uv_size":[-0.5467,0.123]}}},{"origin":[-0.6913,10.576,3.8678],"size":[2,5,5],"pivot":[0.3087,6.2717,0],"uv":{"north":{"uv":[8.5089,10.9335],"uv_size":[0.5467,-0.246]},"south":{"uv":[9.8298,10.6975],"uv_size":[-0.2187,0.615]},"east":{"uv":[9.0644,11.3025],"uv_size":[0.5467,-0.615]},"west":{"uv":[9.6022,10.6975],"uv_size":[-0.5467,0.615]},"up":{"uv":[9.6147,10.6975],"uv_size":[0.2187,0.615]},"down":{"uv":[9.0467,10.6915],"uv_size":[-0.5467,0.246]}}},{"origin":[1.3087,10.576,3.8678],"size":[1,5,5],"pivot":[0.3087,6.2717,0],"uv":{"north":{"uv":[9.3422,8.252],"uv_size":[0.5467,0.123]},"south":{"uv":[9.3351,8.385],"uv_size":[0.1093,0.615]},"east":{"uv":[9.4533,8.385],"uv_size":[0.5467,0.615]},"west":{"uv":[9.4533,8.385],"uv_size":[0.5467,0.615]},"up":{"uv":[9.4427,8.99],"uv_size":[-0.1093,-0.615]},"down":{"uv":[9.88,8.373],"uv_size":[-0.5467,-0.123]}}},{"origin":[-0.4413,10.4753,10.6732],"size":[1.5,2,3],"pivot":[0.3087,6.2717,0],"uv":{"north":{"uv":[7.6693,10.5665],"uv_size":[0.164,0.246]},"south":{"uv":[7.6693,10.5665],"uv_size":[0.164,0.246]},"east":{"uv":[8.1613,10.5665],"uv_size":[-0.328,0.246]},"west":{"uv":[7.8387,10.5665],"uv_size":[0.328,0.246]},"up":{"uv":[8.3307,10.9315],"uv_size":[-0.164,-0.369]},"down":{"uv":[8.4973,11.0565],"uv_size":[-0.164,-0.369]}}}],"name":"rot_1"},{"parent":"geyser_custom_z","pivot":[0.3087,6.2717,0],"rotation":[22.5,0,0],"cubes":[{"origin":[0.3587,5.631,3.1007],"size":[0,14,17],"pivot":[0.3087,6.2717,0],"uv":{"north":{"uv":[15.125,2.266],"uv_size":[0,1.734]},"south":{"uv":[15.125,2.266],"uv_size":[0,1.734]},"east":{"uv":[15.984,2.016],"uv_size":[-1.7618,1.734]},"west":{"uv":[14.2382,2.016],"uv_size":[1.7618,1.734]},"up":{"uv":[15.0556,3.984],"uv_size":[0,-1.984]},"down":{"uv":[14.9861,3.984],"uv_size":[0,-1.984]}}},{"origin":[-1.1913,10.2892,-1.1612],"size":[3,7,2.5],"pivot":[0.3087,6.2717,0],"uv":{"north":{"uv":[7.672,9.7015],"uv_size":[0.328,0.861]},"south":{"uv":[8.0053,9.7015],"uv_size":[0.328,0.861]},"east":{"uv":[8.2347,9.6825],"uv_size":[0.7653,-0.3075]},"west":{"uv":[8.9876,9.6825],"uv_size":[-0.7653,-0.3075]},"up":{"uv":[8.2169,9.6825],"uv_size":[-0.328,-0.3075]},"down":{"uv":[8.6613,9.995],"uv_size":[-0.328,-0.3075]}}},{"origin":[-0.1913,18.3309,1.7337],"size":[1,2.5,1.5],"pivot":[0.3087,6.2717,0],"uv":{"north":{"uv":[8.2204,11.9425],"uv_size":[-0.1093,0.3075]},"south":{"uv":[8.2204,11.63],"uv_size":[-0.1093,0.3075]},"east":{"uv":[8.0529,11.8175],"uv_size":[-0.164,0.3075]},"west":{"uv":[8.0529,11.8175],"uv_size":[-0.164,0.3075]},"up":{"uv":[8.224,11.8095],"uv_size":[0.1093,-0.1845]},"down":{"uv":[8.224,11.997],"uv_size":[0.1093,-0.1845]}}},{"origin":[-0.6913,14.2146,5.2311],"size":[2,2.5,3],"pivot":[0.3087,6.2717,0],"uv":{"north":{"uv":[8.3369,10.005],"uv_size":[0.2187,0.3075]},"south":{"uv":[8.6702,9.6925],"uv_size":[0.2187,0.3075]},"east":{"uv":[8.8836,10.005],"uv_size":[-0.328,0.3075]},"west":{"uv":[8.5609,10.005],"uv_size":[0.328,0.3075]},"up":{"uv":[8.552,10.6815],"uv_size":[-0.2187,-0.369]},"down":{"uv":[8.7742,10.6815],"uv_size":[-0.2187,-0.369]}}},{"origin":[-0.1913,5.612,-3.2018],"size":[1,4,1.5],"pivot":[0.3087,6.2717,0],"uv":{"north":{"uv":[9.0018,9.758],"uv_size":[0.1093,0.492]},"south":{"uv":[8.8907,9.6955],"uv_size":[0.1093,0.492]},"east":{"uv":[9.5484,9.378],"uv_size":[-0.4373,0.1845]},"west":{"uv":[9.1182,9.378],"uv_size":[0.4373,0.1845]},"up":{"uv":[9.1093,9.747],"uv_size":[-0.1093,-0.1845]},"down":{"uv":[9.1093,9.5595],"uv_size":[-0.1093,-0.1845]}}},{"origin":[-0.7913,6.8649,4.6625],"size":[1,2,1.5],"pivot":[0.3087,6.2717,0],"uv":{"north":{"uv":[8.1093,10.879],"uv_size":[-0.1093,0.246]},"south":{"uv":[8.3316,10.9415],"uv_size":[-0.1093,0.246]},"east":{"uv":[7.9964,11.0595],"uv_size":[-0.2187,-0.1845]},"west":{"uv":[7.7813,11.0595],"uv_size":[0.2187,-0.1845]},"up":{"uv":[7.776,10.878],"uv_size":[-0.1093,0.1845]},"down":{"uv":[7.776,10.878],"uv_size":[-0.1093,0.1845]}}}],"name":"rot_2"},{"parent":"geyser_custom_z","pivot":[0.3087,6.2717,0],"rotation":[0,-0,0],"cubes":[{"origin":[-0.6413,-10,-1.3087],"size":[2,13,2],"pivot":[0.3087,6.2717,0],"uv":{"north":{"uv":[11.8298,10.641],"uv_size":[-0.2187,1.609]},"south":{"uv":[11.6076,9.766],"uv_size":[-0.2187,1.609]},"east":{"uv":[11.8298,9.016],"uv_size":[-0.2187,1.609]},"west":{"uv":[11.6076,11.391],"uv_size":[-0.2187,1.609]},"up":{"uv":[11.3853,12.004],"uv_size":[-0.2187,0.246]},"down":{"uv":[11.3853,12.004],"uv_size":[-0.2187,0.246]}}},{"origin":[-1.1413,0,-1.8087],"size":[3,1,3],"pivot":[0.3087,6.2717,0],"uv":{"north":{"uv":[9.9391,9.877],"uv_size":[-0.328,0.123]},"south":{"uv":[9.9391,9.877],"uv_size":[-0.328,0.123]},"east":{"uv":[9.9391,9.377],"uv_size":[-0.328,0.123]},"west":{"uv":[9.9391,9.377],"uv_size":[-0.328,0.123]},"up":{"uv":[9.9391,9.506],"uv_size":[-0.328,0.369]},"down":{"uv":[9.9391,10.006],"uv_size":[-0.328,0.369]}}},{"origin":[-1.1413,-6,-1.8087],"size":[3,1,3],"pivot":[0.3087,6.2717,0],"uv":{"north":{"uv":[9.9391,9.877],"uv_size":[-0.328,0.123]},"south":{"uv":[9.9391,9.877],"uv_size":[-0.328,0.123]},"east":{"uv":[9.9391,9.377],"uv_size":[-0.328,0.123]},"west":{"uv":[9.9391,9.377],"uv_size":[-0.328,0.123]},"up":{"uv":[9.9391,9.506],"uv_size":[-0.328,0.369]},"down":{"uv":[9.9391,10.006],"uv_size":[-0.328,0.369]}}},{"origin":[-0.6413,3,-1.3087],"size":[2,13,2],"pivot":[0.3087,6.2717,0],"uv":{"north":{"uv":[11.3924,11.359],"uv_size":[0.2187,-1.609]},"south":{"uv":[11.6147,12.234],"uv_size":[0.2187,-1.609]},"east":{"uv":[11.6147,10.609],"uv_size":[0.2187,-1.609]},"west":{"uv":[11.3924,12.984],"uv_size":[0.2187,-1.609]},"up":{"uv":[11.1702,12.246],"uv_size":[0.2187,-0.246]},"down":{"uv":[11.1702,12.246],"uv_size":[0.2187,-0.246]}}},{"origin":[-3.6913,9,-9.3087],"size":[8,8,6],"pivot":[0.3087,6.2717,0],"uv":{"north":{"uv":[12.0142,9.891],"uv_size":[0.8747,0.984]},"south":{"uv":[12.6809,10.891],"uv_size":[0.8747,0.984]},"east":{"uv":[12.8996,9.891],"uv_size":[0.656,0.984]},"west":{"uv":[13.5449,9.891],"uv_size":[-0.656,0.984]},"up":{"uv":[14.2116,10.859],"uv_size":[-0.656,-0.984]},"down":{"uv":[14.2116,11.859],"uv_size":[-0.656,-0.984]}}},{"origin":[-0.4413,16.25,-3.8087],"size":[1.5,3,3.5],"pivot":[0.3087,6.2717,0],"uv":{"north":{"uv":[10.4964,12.1935],"uv_size":[-0.2187,0.369]},"south":{"uv":[7.3298,10.006],"uv_size":[-0.2187,0.369]},"east":{"uv":[10.7169,12.5695],"uv_size":[-0.328,0.4305]},"west":{"uv":[10.3942,12.5695],"uv_size":[0.328,0.4305]},"up":{"uv":[10.1702,12.993],"uv_size":[0.2187,-0.4305]},"down":{"uv":[10.5036,12.5555],"uv_size":[0.2187,-0.4305]}}},{"origin":[0.3087,16.75,-10.8087],"size":[0,3.5,4],"pivot":[0.3087,6.2717,0],"uv":{"north":{"uv":[7.1111,8.6805],"uv_size":[0,-0.4305]},"south":{"uv":[7.1111,8.6805],"uv_size":[0,-0.4305]},"east":{"uv":[7.5484,8.6805],"uv_size":[-0.4373,-0.4305]},"west":{"uv":[7.1182,8.6805],"uv_size":[0.4373,-0.4305]},"up":{"uv":[7.1111,8.258],"uv_size":[0,0.492]},"down":{"uv":[7.1111,8.742],"uv_size":[0,-0.492]}}},{"origin":[-0.4413,16.75,-7.3087],"size":[1.5,2,3.5],"pivot":[0.3087,6.2717,0],"uv":{"north":{"uv":[9.7751,14.121],"uv_size":[-0.164,-0.246]},"south":{"uv":[9.9418,14.121],"uv_size":[-0.164,-0.246]},"east":{"uv":[10.1631,14.118],"uv_size":[-0.2187,-0.4305]},"west":{"uv":[9.948,14.118],"uv_size":[0.2187,-0.4305]},"up":{"uv":[9.7751,13.868],"uv_size":[-0.164,-0.4305]},"down":{"uv":[9.9418,13.868],"uv_size":[-0.164,-0.4305]}}},{"origin":[-1.4413,11.25,-1.3087],"size":[3.5,3.5,5],"pivot":[0.3087,6.2717,0],"uv":{"north":{"uv":[12.1729,9.4445],"uv_size":[0.3827,0.4305]},"south":{"uv":[12.1729,9.4445],"uv_size":[0.3827,0.4305]},"east":{"uv":[12.12,10.882],"uv_size":[0.5467,0.4305]},"west":{"uv":[12.12,10.882],"uv_size":[0.5467,0.4305]},"up":{"uv":[12.6578,11.743],"uv_size":[-0.5467,-0.4305]},"down":{"uv":[12.6578,11.743],"uv_size":[-0.5467,-0.4305]}}},{"origin":[-2.6913,10,3.6913],"size":[6,6,3],"pivot":[0.3087,6.2717,0],"uv":{"north":{"uv":[12.8996,11.887],"uv_size":[0.656,0.738]},"south":{"uv":[12.2329,11.887],"uv_size":[0.656,0.738]},"east":{"uv":[13.5609,11.887],"uv_size":[0.328,0.738]},"west":{"uv":[13.5609,11.887],"uv_size":[0.328,0.738]},"up":{"uv":[14.2169,12.613],"uv_size":[-0.328,-0.738]},"down":{"uv":[12.2169,12.613],"uv_size":[-0.328,-0.738]}}},{"origin":[-0.4413,8.1294,-4.2405],"size":[1.5,3,2],"pivot":[0.3087,6.2717,0],"uv":{"north":{"uv":[8.336,10.6935],"uv_size":[0.164,0.369]},"south":{"uv":[8.1693,10.5685],"uv_size":[0.164,0.369]},"east":{"uv":[8.1613,10.5665],"uv_size":[-0.328,0.246]},"west":{"uv":[7.8387,10.5665],"uv_size":[0.328,0.246]},"up":{"uv":[7.8307,10.8085],"uv_size":[-0.164,-0.246]},"down":{"uv":[7.8307,10.8085],"uv_size":[-0.164,-0.246]}}},{"origin":[0.0587,1.0074,-2.8563],"size":[0.5,4,1.5],"pivot":[0.3087,6.2717,0],"uv":{"north":{"uv":[9.1676,9.8205],"uv_size":[0.0547,0.492]},"south":{"uv":[9.112,9.8205],"uv_size":[0.0547,0.492]},"east":{"uv":[9.604,9.628],"uv_size":[-0.4373,0.1845]},"west":{"uv":[9.1738,9.628],"uv_size":[0.4373,0.1845]},"up":{"uv":[9.1658,9.8095],"uv_size":[-0.0547,-0.1845]},"down":{"uv":[9.1658,9.8095],"uv_size":[-0.0547,-0.1845]}}},{"origin":[0.3087,2,-7.6587],"size":[0,13,5.5],"pivot":[0.3087,6.2717,0],"uv":{"north":{"uv":[7.5556,8.016],"uv_size":[0,1.609]},"south":{"uv":[7.5556,9.609],"uv_size":[0,-1.609]},"east":{"uv":[8.984,8.011],"uv_size":[-1.4284,0.6765]},"west":{"uv":[7.5716,8.011],"uv_size":[1.4284,0.6765]},"up":{"uv":[7.5556,8.6765],"uv_size":[0,-0.6765]},"down":{"uv":[7.5556,8.6765],"uv_size":[0,-0.6765]}}},{"origin":[0.3087,-14.5,-4.3087],"size":[0,6,4],"pivot":[0.3087,6.2717,0],"uv":{"north":{"uv":[7.12,8],"uv_size":[0.5467,0]},"south":{"uv":[7.12,8],"uv_size":[0.5467,0]},"east":{"uv":[11.3782,11.492],"uv_size":[-0.656,-0.492]},"west":{"uv":[10.7329,11.492],"uv_size":[0.656,-0.492]},"up":{"uv":[7.1111,8.008],"uv_size":[0,0.492]},"down":{"uv":[7.1111,8.008],"uv_size":[0,0.492]}}},{"origin":[0.3087,-14.5,-0.3087],"size":[0,6,4],"pivot":[0.3087,6.2717,0],"uv":{"north":{"uv":[7.12,8],"uv_size":[0.5467,0]},"south":{"uv":[7.12,8],"uv_size":[0.5467,0]},"east":{"uv":[11.3782,11.008],"uv_size":[-0.656,0.492]},"west":{"uv":[10.7329,11.008],"uv_size":[0.656,0.492]},"up":{"uv":[7.1111,8.492],"uv_size":[0,-0.492]},"down":{"uv":[7.1111,8.492],"uv_size":[0,-0.492]}}},{"origin":[-0.5413,7.1701,4.4561],"size":[0.5,2,1],"pivot":[0.3087,6.2717,0],"uv":{"north":{"uv":[8.2213,11.0665],"uv_size":[-0.0547,0.246]},"south":{"uv":[8.1658,10.879],"uv_size":[-0.0547,0.246]},"east":{"uv":[7.9964,11.1855],"uv_size":[-0.2187,-0.123]},"west":{"uv":[7.7813,11.1855],"uv_size":[0.2187,-0.123]},"up":{"uv":[8.2213,10.9395],"uv_size":[-0.0547,0.123]},"down":{"uv":[8.2213,10.9395],"uv_size":[-0.0547,0.123]}}}],"name":"rot_3"},{"parent":"geyser_custom_z","pivot":[0.3087,6.2717,0],"rotation":[-22.5,0,0],"cubes":[{"origin":[-0.1913,20.5115,-0.1562],"size":[1,4,1.5],"pivot":[0.3087,6.2717,0],"uv":{"north":{"uv":[8.8907,9.6955],"uv_size":[0.1093,0.492]},"south":{"uv":[9.0018,9.758],"uv_size":[0.1093,0.492]},"east":{"uv":[9.5484,9.378],"uv_size":[-0.4373,0.1845]},"west":{"uv":[9.1182,9.378],"uv_size":[0.4373,0.1845]},"up":{"uv":[9.1093,9.5595],"uv_size":[-0.1093,-0.1845]},"down":{"uv":[9.1093,9.747],"uv_size":[-0.1093,-0.1845]}}},{"origin":[-0.6913,9.1578,-5.8018],"size":[2,3,2.5],"pivot":[0.3087,6.2717,0],"uv":{"north":{"uv":[8.5591,10.3185],"uv_size":[0.2187,0.369]},"south":{"uv":[8.3369,10.3185],"uv_size":[0.2187,0.369]},"east":{"uv":[8.8836,10.005],"uv_size":[-0.328,0.3075]},"west":{"uv":[8.5609,10.005],"uv_size":[0.328,0.3075]},"up":{"uv":[8.552,10.3075],"uv_size":[-0.2187,-0.3075]},"down":{"uv":[8.8853,9.995],"uv_size":[-0.2187,-0.3075]}}}],"name":"rot_4"},{"parent":"geyser_custom_z","pivot":[0.3087,6.2717,0],"rotation":[-45,0,0],"cubes":[{"origin":[0.0587,23.0669,-7.0878],"size":[0.5,4,1.5],"pivot":[0.3087,6.2717,0],"uv":{"north":{"uv":[9.112,9.8205],"uv_size":[0.0547,0.492]},"south":{"uv":[9.1676,9.8205],"uv_size":[0.0547,0.492]},"east":{"uv":[9.604,9.628],"uv_size":[-0.4373,0.1845]},"west":{"uv":[9.1738,9.628],"uv_size":[0.4373,0.1845]},"up":{"uv":[9.1658,9.8095],"uv_size":[-0.0547,-0.1845]},"down":{"uv":[9.1658,9.8095],"uv_size":[-0.0547,-0.1845]}}},{"origin":[-1.0413,11.2119,-1.9218],"size":[1.5,2,2],"pivot":[0.3087,6.2717,0],"uv":{"north":{"uv":[9.5529,10.129],"uv_size":[-0.164,0.246]},"south":{"uv":[9.5529,10.129],"uv_size":[-0.164,0.246]},"east":{"uv":[9.3924,9.879],"uv_size":[0.2187,0.246]},"west":{"uv":[9.6076,9.879],"uv_size":[-0.2187,0.246]},"up":{"uv":[9.3862,9.879],"uv_size":[-0.164,0.246]},"down":{"uv":[9.3862,10.129],"uv_size":[-0.164,0.246]}}}],"name":"rot_5"}]}]}
