{"format_version":"1.16.0","minecraft:geometry":[{"description":{"identifier":"geometry.geyser_custom.geo_d43b825","texture_width":16,"texture_height":16,"visible_bounds_width":4,"visible_bounds_height":4.5,"visible_bounds_offset":[0,0.75,0]},"bones":[{"name":"geyser_custom","binding":"c.item_slot == 'head' ? 'head' : q.item_slot_to_bone_name(c.item_slot)","pivot":[0,8,0]},{"name":"geyser_custom_x","parent":"geyser_custom","pivot":[0,8,0]},{"name":"geyser_custom_y","parent":"geyser_custom_x","pivot":[0,8,0]},{"name":"geyser_custom_z","parent":"geyser_custom_y","pivot":[0,8,0],"cubes":[{"origin":[0,-16,0],"size":[4,6,0],"uv":{"north":{"uv":[6.2884,0.008],"uv_size":[0.656,0.492]},"south":{"uv":[6.9338,0.008],"uv_size":[-0.656,0.492]},"east":{"uv":[0.0089,0],"uv_size":[0.5467,0]},"west":{"uv":[0.0089,0],"uv_size":[0.5467,0]},"up":{"uv":[0,0.492],"uv_size":[0,-0.492]},"down":{"uv":[0,0.492],"uv_size":[0,-0.492]}}},{"origin":[-0.5,21.5,-0.5],"size":[1,4,1],"uv":{"north":{"uv":[2.9462,4.508],"uv_size":[0.1093,0.492]},"south":{"uv":[2.9462,4.508],"uv_size":[0.1093,0.492]},"east":{"uv":[2.8351,5.1955],"uv_size":[0.1093,0.492]},"west":{"uv":[2.8351,5.1955],"uv_size":[0.1093,0.492]},"up":{"uv":[2.8316,5.4355],"uv_size":[-0.1093,-0.123]},"down":{"uv":[2.8316,5.4355],"uv_size":[-0.1093,-0.123]}}},{"origin":[-0.25,25.5,-0.25],"size":[0.5,2,0.5],"uv":{"north":{"uv":[4.2787,1.504],"uv_size":[0.0547,0.246]},"south":{"uv":[4.2787,1.504],"uv_size":[0.0547,0.246]},"east":{"uv":[4.3342,1.504],"uv_size":[0.0547,0.246]},"west":{"uv":[4.3342,1.504],"uv_size":[0.0547,0.246]},"up":{"uv":[4.4436,1.249],"uv_size":[-0.0547,-0.0615]},"down":{"uv":[4.4436,1.249],"uv_size":[-0.0547,-0.0615]}}},{"origin":[-8.75,16,-2],"size":[15,16,0],"uv":{"north":{"uv":[14.3493,0.016],"uv_size":[1.6507,1.984]},"south":{"uv":[15.984,0.016],"uv_size":[-1.6507,1.984]},"east":{"uv":[14.2222,0.016],"uv_size":[0,1.984]},"west":{"uv":[14.2222,0.016],"uv_size":[0,1.984]},"up":{"uv":[14.2222,1.984],"uv_size":[0,-1.984]},"down":{"uv":[14.2222,1.984],"uv_size":[0,-1.984]}}}]},{"parent":"geyser_custom_z","pivot":[0,17,-1],"rotation":[0,0,-45],"cubes":[{"origin":[-3.5,13.5,-1.05],"size":[5,5,1.05],"pivot":[0,17,-1],"uv":{"north":{"uv":[4.1756,0.99],"uv_size":[0.5467,-0.615]},"south":{"uv":[2.3422,0.385],"uv_size":[0.5467,0.615]},"east":{"uv":[2.2311,0.373],"uv_size":[0.5467,-0.123]},"west":{"uv":[2.224,0.385],"uv_size":[0.1093,0.615]},"up":{"uv":[2.3316,0.99],"uv_size":[-0.1093,-0.615]},"down":{"uv":[2.7689,0.373],"uv_size":[-0.5467,-0.123]}}}],"name":"rot_1"},{"parent":"geyser_custom_z","pivot":[0,17,1],"rotation":[0,0,-45],"cubes":[{"origin":[-3.5,13.5,0],"size":[5,5,1.05],"pivot":[0,17,1],"uv":{"north":{"uv":[4.7133,0.385],"uv_size":[-0.5467,0.615]},"south":{"uv":[4.7133,0.385],"uv_size":[-0.5467,0.615]},"east":{"uv":[2.2311,0.252],"uv_size":[0.5467,0.123]},"west":{"uv":[2.3316,0.385],"uv_size":[-0.1093,0.615]},"up":{"uv":[2.224,0.99],"uv_size":[0.1093,-0.615]},"down":{"uv":[2.7689,0.252],"uv_size":[-0.5467,0.123]}}}],"name":"rot_2"},{"parent":"geyser_custom_z","pivot":[-0.025,0.1255,-0.025],"rotation":[0,0,-45],"cubes":[{"origin":[-10.5813,-10.4662,-1.55],"size":[4,4,3],"pivot":[-0.025,0.1255,-0.025],"uv":{"north":{"uv":[3.8404,3.992],"uv_size":[0.4373,-0.492]},"south":{"uv":[4.2707,3.508],"uv_size":[-0.4373,0.492]},"east":{"uv":[3.4929,3.994],"uv_size":[-0.4373,-0.369]},"west":{"uv":[3.828,3.508],"uv_size":[-0.328,0.492]},"up":{"uv":[3.5053,3.992],"uv_size":[0.328,-0.492]},"down":{"uv":[3.4929,3.631],"uv_size":[-0.4373,0.369]}}}],"name":"rot_3"},{"parent":"geyser_custom_z","pivot":[2.0079,22.4634,0],"rotation":[0,0,-22.5],"cubes":[{"origin":[2.0535,21.1782,-0.5],"size":[1.5,4,1],"pivot":[2.0079,22.4634,0],"uv":{"north":{"uv":[2.4373,1.5595],"uv_size":[-0.4373,-0.1845]},"south":{"uv":[2.0071,1.5595],"uv_size":[0.4373,-0.1845]},"east":{"uv":[1.8871,2.1795],"uv_size":[-0.1093,-0.492]},"west":{"uv":[1.9982,2.242],"uv_size":[-0.1093,-0.492]},"up":{"uv":[1.8907,1.378],"uv_size":[0.1093,0.1845]},"down":{"uv":[1.8907,1.5655],"uv_size":[0.1093,0.1845]}}}],"name":"rot_4"},{"parent":"geyser_custom_z","pivot":[-2.0079,22.4634,0],"rotation":[0,0,-22.5],"cubes":[{"origin":[-5.1854,16.8594,-1],"size":[2.5,3,2],"pivot":[-2.0079,22.4634,0],"uv":{"north":{"uv":[1.7724,2.005],"uv_size":[-0.328,0.3075]},"south":{"uv":[1.4498,2.005],"uv_size":[0.328,0.3075]},"east":{"uv":[1.448,2.6815],"uv_size":[0.2187,-0.369]},"west":{"uv":[1.2258,2.6815],"uv_size":[0.2187,-0.369]},"up":{"uv":[1.5591,1.995],"uv_size":[0.2187,-0.3075]},"down":{"uv":[1.2258,2.3075],"uv_size":[0.2187,-0.3075]}}}],"name":"rot_5"},{"parent":"geyser_custom_z","pivot":[10,3,-8],"rotation":[0,-0,0],"cubes":[{"origin":[-1.5,-1,-1.5],"size":[3,1,3],"pivot":[10,3,-8],"uv":{"north":{"uv":[2.5053,1.377],"uv_size":[0.328,0.123]},"south":{"uv":[2.5053,1.377],"uv_size":[0.328,0.123]},"east":{"uv":[2.5053,1.877],"uv_size":[0.328,0.123]},"west":{"uv":[2.5053,1.877],"uv_size":[0.328,0.123]},"up":{"uv":[2.828,1.869],"uv_size":[-0.328,-0.369]},"down":{"uv":[2.828,2.369],"uv_size":[-0.328,-0.369]}}},{"origin":[-1.5,-7,-1.5],"size":[3,1,3],"pivot":[10,3,-8],"uv":{"north":{"uv":[2.5053,1.377],"uv_size":[0.328,0.123]},"south":{"uv":[2.5053,1.377],"uv_size":[0.328,0.123]},"east":{"uv":[2.5053,1.877],"uv_size":[0.328,0.123]},"west":{"uv":[2.5053,1.877],"uv_size":[0.328,0.123]},"up":{"uv":[2.828,1.869],"uv_size":[-0.328,-0.369]},"down":{"uv":[2.828,2.369],"uv_size":[-0.328,-0.369]}}},{"origin":[-1.5,10,-1.5],"size":[3,1,3],"pivot":[10,3,-8],"uv":{"north":{"uv":[2.5053,1.377],"uv_size":[0.328,0.123]},"south":{"uv":[2.5053,1.377],"uv_size":[0.328,0.123]},"east":{"uv":[2.5053,1.877],"uv_size":[0.328,0.123]},"west":{"uv":[2.5053,1.877],"uv_size":[0.328,0.123]},"up":{"uv":[2.828,1.869],"uv_size":[-0.328,-0.369]},"down":{"uv":[2.828,2.369],"uv_size":[-0.328,-0.369]}}},{"origin":[-1.5,4,-1.5],"size":[3,1,3],"pivot":[10,3,-8],"uv":{"north":{"uv":[2.5053,1.377],"uv_size":[0.328,0.123]},"south":{"uv":[2.5053,1.377],"uv_size":[0.328,0.123]},"east":{"uv":[2.5053,1.877],"uv_size":[0.328,0.123]},"west":{"uv":[2.5053,1.877],"uv_size":[0.328,0.123]},"up":{"uv":[2.828,1.869],"uv_size":[-0.328,-0.369]},"down":{"uv":[2.828,2.369],"uv_size":[-0.328,-0.369]}}}],"name":"rot_6"},{"parent":"geyser_custom_z","pivot":[8,16,-8],"rotation":[0,-0,0],"cubes":[{"origin":[-0.25,19.5,-0.25],"size":[0.5,2,0.5],"pivot":[8,16,-8],"uv":{"north":{"uv":[4.2787,1.746],"uv_size":[0.0547,-0.246]},"south":{"uv":[4.2787,1.746],"uv_size":[0.0547,-0.246]},"east":{"uv":[4.3342,1.746],"uv_size":[0.0547,-0.246]},"west":{"uv":[4.3342,1.746],"uv_size":[0.0547,-0.246]},"up":{"uv":[4.4436,1.1885],"uv_size":[-0.0547,0.0615]},"down":{"uv":[4.4436,1.1885],"uv_size":[-0.0547,0.0615]}}}],"name":"rot_7"},{"parent":"geyser_custom_z","pivot":[7.75,14,-4],"rotation":[0,-0,0],"cubes":[{"origin":[-6.35,2,0],"size":[5.5,13,0],"pivot":[7.75,14,-4],"uv":{"north":{"uv":[0.4604,0.011],"uv_size":[1.4284,0.6765]},"south":{"uv":[1.8729,0.011],"uv_size":[-1.4284,0.6765]},"east":{"uv":[0.4444,0.016],"uv_size":[0,1.609]},"west":{"uv":[0.4444,1.609],"uv_size":[0,-1.609]},"up":{"uv":[0.4444,0.6765],"uv_size":[0,-0.6765]},"down":{"uv":[0.4444,0.6765],"uv_size":[0,-0.6765]}}}],"name":"rot_8"},{"parent":"geyser_custom_z","pivot":[5.725,16.6844,0],"rotation":[0,-0,0],"cubes":[{"origin":[1.95,20.8687,0],"size":[4,7,0],"pivot":[5.725,16.6844,0],"uv":{"north":{"uv":[5.5124,0.008],"uv_size":[0.7653,0.492]},"south":{"uv":[6.2653,0.008],"uv_size":[-0.7653,0.492]},"east":{"uv":[6.2222,5.141],"uv_size":[0,1.734]},"west":{"uv":[6.6667,4.766],"uv_size":[0,1.734]},"up":{"uv":[5.7778,6.617],"uv_size":[0,-0.492]},"down":{"uv":[5.7778,6.617],"uv_size":[0,-0.492]}}}],"name":"rot_9"},{"parent":"geyser_custom_z","pivot":[2.0079,22.4634,0],"rotation":[0,-0,0],"cubes":[{"origin":[1.0476,24.9926,-0.25],"size":[1.5,4,0.5],"pivot":[2.0079,22.4634,0],"uv":{"north":{"uv":[2.4929,1.8095],"uv_size":[-0.4373,-0.1845]},"south":{"uv":[2.0627,1.8095],"uv_size":[0.4373,-0.1845]},"east":{"uv":[2.0547,2.3045],"uv_size":[-0.0547,-0.492]},"west":{"uv":[2.1102,2.3045],"uv_size":[-0.0547,-0.492]},"up":{"uv":[2.0009,1.628],"uv_size":[0.0547,0.1845]},"down":{"uv":[2.0009,1.628],"uv_size":[0.0547,0.1845]}}},{"origin":[1.9319,18.8706,-0.75],"size":[2,3,1.5],"pivot":[2.0079,22.4634,0],"uv":{"north":{"uv":[1.0502,2.8085],"uv_size":[-0.328,-0.246]},"south":{"uv":[0.7276,2.8085],"uv_size":[0.328,-0.246]},"east":{"uv":[1.2196,2.9315],"uv_size":[-0.164,-0.369]},"west":{"uv":[1.3862,3.0565],"uv_size":[-0.164,-0.369]},"up":{"uv":[0.5582,2.5665],"uv_size":[0.164,0.246]},"down":{"uv":[0.5582,2.5665],"uv_size":[0.164,0.246]}}}],"name":"rot_10"},{"parent":"geyser_custom_z","pivot":[0,22.5,0],"rotation":[0,-0,0],"cubes":[{"origin":[-1,20.5,-0.25],"size":[0.5,4,0.5],"pivot":[0,22.5,0],"uv":{"north":{"uv":[4.4436,1.258],"uv_size":[-0.0547,0.492]},"south":{"uv":[4.4436,1.258],"uv_size":[-0.0547,0.492]},"east":{"uv":[4.4991,1.258],"uv_size":[-0.0547,0.492]},"west":{"uv":[4.4991,1.258],"uv_size":[-0.0547,0.492]},"up":{"uv":[4.4453,1.249],"uv_size":[0.0547,-0.0615]},"down":{"uv":[4.4453,1.1865],"uv_size":[0.0547,-0.0615]}}},{"origin":[0.5,20.5,-0.25],"size":[0.5,4,0.5],"pivot":[0,22.5,0],"uv":{"north":{"uv":[4.3898,1.258],"uv_size":[0.0547,0.492]},"south":{"uv":[4.3898,1.258],"uv_size":[0.0547,0.492]},"east":{"uv":[4.4453,1.258],"uv_size":[0.0547,0.492]},"west":{"uv":[4.4453,1.258],"uv_size":[0.0547,0.492]},"up":{"uv":[4.4991,1.249],"uv_size":[-0.0547,-0.0615]},"down":{"uv":[4.4453,1.1865],"uv_size":[0.0547,-0.0615]}}},{"origin":[-0.25,20.5,0.5],"size":[0.5,4,0.5],"pivot":[0,22.5,0],"uv":{"north":{"uv":[4.4991,1.258],"uv_size":[-0.0547,0.492]},"south":{"uv":[4.4991,1.258],"uv_size":[-0.0547,0.492]},"east":{"uv":[4.4436,1.258],"uv_size":[-0.0547,0.492]},"west":{"uv":[4.4436,1.258],"uv_size":[-0.0547,0.492]},"up":{"uv":[4.4453,1.249],"uv_size":[0.0547,-0.0615]},"down":{"uv":[4.4453,1.1865],"uv_size":[0.0547,-0.0615]}}},{"origin":[-0.25,20.5,-1],"size":[0.5,4,0.5],"pivot":[0,22.5,0],"uv":{"north":{"uv":[4.4453,1.258],"uv_size":[0.0547,0.492]},"south":{"uv":[4.4453,1.258],"uv_size":[0.0547,0.492]},"east":{"uv":[4.3898,1.258],"uv_size":[0.0547,0.492]},"west":{"uv":[4.3898,1.258],"uv_size":[0.0547,0.492]},"up":{"uv":[4.4991,1.249],"uv_size":[-0.0547,-0.0615]},"down":{"uv":[4.4453,1.1865],"uv_size":[0.0547,-0.0615]}}}],"name":"rot_11"},{"parent":"geyser_custom_z","pivot":[-0.025,0.1255,-0.025],"rotation":[0,-0,0],"cubes":[{"origin":[-1,-11,-1],"size":[2,13,2],"pivot":[-0.025,0.1255,-0.025],"uv":{"north":{"uv":[4.4964,3.391],"uv_size":[-0.2187,1.609]},"south":{"uv":[4.7187,1.016],"uv_size":[-0.2187,1.609]},"east":{"uv":[4.7187,2.641],"uv_size":[-0.2187,1.609]},"west":{"uv":[4.4964,1.766],"uv_size":[-0.2187,1.609]},"up":{"uv":[4.2742,4.004],"uv_size":[-0.2187,0.246]},"down":{"uv":[4.2742,4.004],"uv_size":[-0.2187,0.246]}}}],"name":"rot_12"},{"parent":"geyser_custom_z","pivot":[-0.025,15.8745,-0.025],"rotation":[0,-0,0],"cubes":[{"origin":[-1,2,-1],"size":[2,13,2],"pivot":[-0.025,15.8745,-0.025],"uv":{"north":{"uv":[4.4964,4.984],"uv_size":[-0.2187,-1.609]},"south":{"uv":[4.7187,2.609],"uv_size":[-0.2187,-1.609]},"east":{"uv":[4.7187,4.234],"uv_size":[-0.2187,-1.609]},"west":{"uv":[4.4964,3.359],"uv_size":[-0.2187,-1.609]},"up":{"uv":[4.2742,4.246],"uv_size":[-0.2187,-0.246]},"down":{"uv":[4.2742,4.246],"uv_size":[-0.2187,-0.246]}}}],"name":"rot_13"},{"parent":"geyser_custom_z","pivot":[-2.0079,22.4634,0],"rotation":[0,-0,0],"cubes":[{"origin":[-3.9319,18.8706,-0.75],"size":[2,3,1.5],"pivot":[-2.0079,22.4634,0],"uv":{"north":{"uv":[1.0502,2.5665],"uv_size":[-0.328,0.246]},"south":{"uv":[0.7276,2.5665],"uv_size":[0.328,0.246]},"east":{"uv":[1.2249,3.0565],"uv_size":[0.164,-0.369]},"west":{"uv":[1.0582,2.9315],"uv_size":[0.164,-0.369]},"up":{"uv":[0.5582,2.8085],"uv_size":[0.164,-0.246]},"down":{"uv":[0.5582,2.8085],"uv_size":[0.164,-0.246]}}},{"origin":[-2.5476,24.9926,-0.25],"size":[1.5,4,0.5],"pivot":[-2.0079,22.4634,0],"uv":{"north":{"uv":[2.4929,1.628],"uv_size":[-0.4373,0.1845]},"south":{"uv":[2.0627,1.628],"uv_size":[0.4373,0.1845]},"east":{"uv":[2.0564,2.3045],"uv_size":[0.0547,-0.492]},"west":{"uv":[2.0009,2.3045],"uv_size":[0.0547,-0.492]},"up":{"uv":[2.0009,1.8095],"uv_size":[0.0547,-0.1845]},"down":{"uv":[2.0009,1.8095],"uv_size":[0.0547,-0.1845]}}}],"name":"rot_14"},{"parent":"geyser_custom_z","pivot":[-5.725,16.6844,0],"rotation":[0,-0,0],"cubes":[{"origin":[-5.95,20.8687,-0.05],"size":[4,7,0],"pivot":[-5.725,16.6844,0],"uv":{"north":{"uv":[5.5124,0.492],"uv_size":[0.7653,-0.492]},"south":{"uv":[6.2653,0.492],"uv_size":[-0.7653,-0.492]},"east":{"uv":[6.6667,4.766],"uv_size":[0,1.734]},"west":{"uv":[6.2222,5.141],"uv_size":[0,1.734]},"up":{"uv":[5.7778,6.133],"uv_size":[0,0.492]},"down":{"uv":[5.7778,6.133],"uv_size":[0,0.492]}}}],"name":"rot_15"},{"parent":"geyser_custom_z","pivot":[-7.75,14,-4],"rotation":[0,-0,0],"cubes":[{"origin":[0.85,2,0],"size":[5.5,13,0],"pivot":[-7.75,14,-4],"uv":{"north":{"uv":[0.4604,0.6765],"uv_size":[1.4284,-0.6765]},"south":{"uv":[1.8729,0.6765],"uv_size":[-1.4284,-0.6765]},"east":{"uv":[0.4444,1.609],"uv_size":[0,-1.609]},"west":{"uv":[0.4444,0.016],"uv_size":[0,1.609]},"up":{"uv":[0.4444,0.011],"uv_size":[0,0.6765]},"down":{"uv":[0.4444,0.011],"uv_size":[0,0.6765]}}}],"name":"rot_16"},{"parent":"geyser_custom_z","pivot":[-8,0,-8],"rotation":[0,-0,0],"cubes":[{"origin":[-4,-16,0],"size":[4,6,0],"pivot":[-8,0,-8],"uv":{"north":{"uv":[6.2884,0.492],"uv_size":[0.656,-0.492]},"south":{"uv":[6.9338,0.492],"uv_size":[-0.656,-0.492]},"east":{"uv":[0.0089,0],"uv_size":[0.5467,0]},"west":{"uv":[0.0089,0],"uv_size":[0.5467,0]},"up":{"uv":[0,0.008],"uv_size":[0,0.492]},"down":{"uv":[0,0.008],"uv_size":[0,0.492]}}}],"name":"rot_17"},{"parent":"geyser_custom_z","pivot":[-8,0,8],"rotation":[0,-0,0],"cubes":[{"origin":[-6.25,16,2],"size":[15,16,0],"pivot":[-8,0,8],"uv":{"north":{"uv":[15.984,0.016],"uv_size":[-1.6507,1.984]},"south":{"uv":[14.3493,0.016],"uv_size":[1.6507,1.984]},"east":{"uv":[14.2222,0.016],"uv_size":[0,1.984]},"west":{"uv":[14.2222,0.016],"uv_size":[0,1.984]},"up":{"uv":[14.2222,0.016],"uv_size":[0,1.984]},"down":{"uv":[14.2222,0.016],"uv_size":[0,1.984]}}}],"name":"rot_18"},{"parent":"geyser_custom_z","pivot":[2.0079,22.4634,0],"rotation":[0,0,22.5],"cubes":[{"origin":[2.6854,16.8594,-1],"size":[2.5,3,2],"pivot":[2.0079,22.4634,0],"uv":{"north":{"uv":[1.7724,2.3075],"uv_size":[-0.328,-0.3075]},"south":{"uv":[1.4498,2.3075],"uv_size":[0.328,-0.3075]},"east":{"uv":[1.4409,2.6815],"uv_size":[-0.2187,-0.369]},"west":{"uv":[1.6631,2.6815],"uv_size":[-0.2187,-0.369]},"up":{"uv":[1.5591,1.6925],"uv_size":[0.2187,0.3075]},"down":{"uv":[1.2258,2.005],"uv_size":[0.2187,0.3075]}}}],"name":"rot_19"},{"parent":"geyser_custom_z","pivot":[-2.0079,22.4634,0],"rotation":[0,0,22.5],"cubes":[{"origin":[-3.5535,21.1782,-0.5],"size":[1.5,4,1],"pivot":[-2.0079,22.4634,0],"uv":{"north":{"uv":[2.4373,1.378],"uv_size":[-0.4373,0.1845]},"south":{"uv":[2.0071,1.378],"uv_size":[0.4373,0.1845]},"east":{"uv":[1.8907,2.242],"uv_size":[0.1093,-0.492]},"west":{"uv":[1.7796,2.1795],"uv_size":[0.1093,-0.492]},"up":{"uv":[1.8907,1.5595],"uv_size":[0.1093,-0.1845]},"down":{"uv":[1.8907,1.747],"uv_size":[0.1093,-0.1845]}}}],"name":"rot_20"}]}]}
