{"format_version":"1.16.0","minecraft:geometry":[{"description":{"identifier":"geometry.geyser_custom.geo_94532f0","texture_width":16,"texture_height":16,"visible_bounds_width":4,"visible_bounds_height":4.5,"visible_bounds_offset":[0,0.75,0]},"bones":[{"name":"geyser_custom","binding":"c.item_slot == 'head' ? 'head' : q.item_slot_to_bone_name(c.item_slot)","pivot":[0,8,0]},{"name":"geyser_custom_x","parent":"geyser_custom","pivot":[0,8,0]},{"name":"geyser_custom_y","parent":"geyser_custom_x","pivot":[0,8,0]},{"name":"geyser_custom_z","parent":"geyser_custom_y","pivot":[0,8,0],"cubes":[]},{"parent":"geyser_custom_z","pivot":[0.05,-8.3125,0],"rotation":[45,0,0],"cubes":[{"origin":[-0.4,-6.084,2.2285],"size":[0.8,1.5,1.5],"pivot":[0.05,-8.3125,0],"uv":{"north":{"uv":[11.4365,3.6394],"uv_size":[-0.0615,-0.2109]},"south":{"uv":[11.4365,4.068],"uv_size":[-0.0615,-0.2109]},"east":{"uv":[10.5595,0.6394],"uv_size":[-0.1845,-0.2109]},"west":{"uv":[10.5595,1.068],"uv_size":[-0.1845,-0.2109]},"up":{"uv":[11.503,1.2131],"uv_size":[0.1845,-0.0703]},"down":{"uv":[11.503,0.8583],"uv_size":[0.1845,0.0703]}}}],"name":"rot_1"},{"parent":"geyser_custom_z","pivot":[0.005,6.782,0.5242],"rotation":[45,0,0],"cubes":[{"origin":[-0.06,3.277,-3.4008],"size":[0.12,7.01,7.85],"pivot":[0.005,6.782,0.5242],"uv":{"east":{"uv":[13.516,9.1589],"uv_size":[0.984,1.1269]},"west":{"uv":[14.484,9.1589],"uv_size":[-0.984,1.1269]}}}],"name":"rot_2"},{"parent":"geyser_custom_z","pivot":[0,-8.3125,0],"rotation":[45,0,0],"cubes":[{"origin":[-0.305,-6.654,1.6586],"size":[0.61,0.68,0.68],"pivot":[0,-8.3125,0],"uv":{"north":{"uv":[12.1865,0.1054],"uv_size":[-0.0615,-0.1054]},"south":{"uv":[12.1865,0.3911],"uv_size":[-0.0615,-0.1054]},"east":{"uv":[11.9673,0.3911],"uv_size":[-0.0923,-0.1054]},"west":{"uv":[8.5923,4.534],"uv_size":[-0.0923,-0.1054]},"up":{"uv":[12.1265,0.6417],"uv_size":[0.0923,-0.0703]},"down":{"uv":[8.5015,4.7154],"uv_size":[0.0923,0.0703]}}},{"origin":[-0.405,-5.1823,1.3347],"size":[0.81,0.75,0.8],"pivot":[0,-8.3125,0],"uv":{"north":{"uv":[11.7515,2.3911],"uv_size":[0.0923,-0.1054]},"south":{"uv":[11.7515,1.8197],"uv_size":[0.0923,-0.1054]},"east":{"uv":[9.2515,4.2483],"uv_size":[0.0923,-0.1054]},"west":{"uv":[11.7515,2.1054],"uv_size":[0.0923,-0.1054]},"up":{"uv":[11.5923,4.3911],"uv_size":[-0.0923,-0.1054]},"down":{"uv":[11.3423,4.2874],"uv_size":[-0.0923,0.1054]}}}],"name":"rot_3"},{"parent":"geyser_custom_z","pivot":[0,-6.222,0.7202],"rotation":[45,0,0],"cubes":[{"origin":[-0.15,-6.8559,0.1962],"size":[0.3,1,0.8],"pivot":[0,-6.222,0.7202],"uv":{"north":{"uv":[9.002,4.1446],"uv_size":[0.123,0.1054]},"south":{"uv":[8.752,4.2483],"uv_size":[0.123,-0.1054]},"east":{"uv":[11.748,0.4303],"uv_size":[-0.123,0.1054]},"west":{"uv":[8.623,4.1446],"uv_size":[-0.123,0.1054]},"up":{"uv":[10.0923,4.4303],"uv_size":[-0.0923,0.1054]},"down":{"uv":[10.3423,4.4303],"uv_size":[-0.0923,0.1054]}}}],"name":"rot_4"},{"parent":"geyser_custom_z","pivot":[0,1.2932,0],"rotation":[45,0,0],"cubes":[{"origin":[-0.46,1.1112,-0.182],"size":[0.92,1.05,1.05],"pivot":[0,1.2932,0],"uv":{"north":{"uv":[10.873,4.4297],"uv_size":[-0.123,0.0703]},"south":{"uv":[11.998,3.2131],"uv_size":[-0.123,-0.0703]},"east":{"uv":[8.502,3.9977],"uv_size":[0.123,-0.1406]},"west":{"uv":[11.377,0.712],"uv_size":[0.123,-0.1406]},"up":{"uv":[11.9365,2.8594],"uv_size":[-0.0615,0.1406]},"down":{"uv":[10.5615,4.4309],"uv_size":[-0.0615,0.1406]}}},{"origin":[-0.4285,0.7123,-0.581],"size":[0.857,0.476,0.476],"pivot":[0,1.2932,0],"uv":{"north":{"uv":[10.9365,4.7149],"uv_size":[-0.0615,0.0351]},"south":{"uv":[12.1865,4.6066],"uv_size":[-0.0615,-0.0351]},"east":{"uv":[9.376,4.7846],"uv_size":[0.0615,-0.0703]},"west":{"uv":[9.626,4.7846],"uv_size":[0.0615,-0.0703]},"up":{"uv":[12.1558,3.144],"uv_size":[-0.0308,0.0703]},"down":{"uv":[10.6558,4.7154],"uv_size":[-0.0308,0.0703]}}}],"name":"rot_5"},{"parent":"geyser_custom_z","pivot":[0,4.5099,-2.25],"rotation":[45,0,0],"cubes":[{"origin":[-0.36,3.6292,-2.4628],"size":[0.72,1.05,1.05],"pivot":[0,4.5099,-2.25],"uv":{"north":{"uv":[10.5615,4.4309],"uv_size":[-0.0615,0.1406]},"south":{"uv":[11.9365,2.8594],"uv_size":[-0.0615,0.1406]},"east":{"uv":[8.623,3.8594],"uv_size":[-0.123,0.1406]},"west":{"uv":[11.498,0.5737],"uv_size":[-0.123,0.1406]},"up":{"uv":[10.873,4.4297],"uv_size":[-0.123,0.0703]},"down":{"uv":[11.998,3.2131],"uv_size":[-0.123,-0.0703]}}},{"origin":[-0.3285,4.6021,-2.8617],"size":[0.657,0.476,0.476],"pivot":[0,4.5099,-2.25],"uv":{"north":{"uv":[10.6558,4.7154],"uv_size":[-0.0308,0.0703]},"south":{"uv":[12.1558,3.144],"uv_size":[-0.0308,0.0703]},"east":{"uv":[9.4365,4.7154],"uv_size":[-0.0615,0.0703]},"west":{"uv":[9.6865,4.7154],"uv_size":[-0.0615,0.0703]},"up":{"uv":[10.9365,4.7149],"uv_size":[-0.0615,0.0351]},"down":{"uv":[12.1865,4.6066],"uv_size":[-0.0615,-0.0351]}}}],"name":"rot_6"},{"parent":"geyser_custom_z","pivot":[0,4.875,0.5],"rotation":[45,0,0],"cubes":[{"origin":[-0.2,2.4259,-4.8848],"size":[0.4,4.76,3.25],"pivot":[0,4.875,0.5],"uv":{"east":{"uv":[9.6345,0.0074],"uv_size":[0.5843,0.4569]},"west":{"uv":[10.2093,0.0074],"uv_size":[-0.5843,0.4569]}}}],"name":"rot_7"},{"parent":"geyser_custom_z","pivot":[0,8.3125,0],"rotation":[45,0,0],"cubes":[{"origin":[-0.6,4.354,-5.3727],"size":[1.2,1.5,1.5],"pivot":[0,8.3125,0],"uv":{"north":{"uv":[10.7525,0.8606],"uv_size":[0.1538,0.2109]},"south":{"uv":[10.7525,0.432],"uv_size":[0.1538,0.2109]},"east":{"uv":[9.128,2.5749],"uv_size":[0.1845,0.2109]},"west":{"uv":[10.378,0.0034],"uv_size":[0.1845,0.2109]},"up":{"uv":[10.753,1.2886],"uv_size":[0.1845,0.1757]},"down":{"uv":[10.753,1.89],"uv_size":[0.1845,-0.1757]}}}],"name":"rot_8"},{"parent":"geyser_custom_z","pivot":[0,-8.3125,0],"rotation":[22.5,0,0],"cubes":[{"origin":[-0.3,-5.515,0.632],"size":[0.6,1.5,0.65],"pivot":[0,-8.3125,0],"uv":{"north":{"uv":[11.6865,0.2109],"uv_size":[-0.0615,-0.2109]},"south":{"uv":[8.3115,4.3537],"uv_size":[-0.0615,-0.2109]},"east":{"uv":[11.2173,0.2109],"uv_size":[-0.0923,-0.2109]},"west":{"uv":[11.2173,0.6394],"uv_size":[-0.0923,-0.2109]},"up":{"uv":[11.8765,4.6417],"uv_size":[0.0923,-0.0703]},"down":{"uv":[12.0015,4.2869],"uv_size":[0.0923,0.0703]}}}],"name":"rot_9"},{"parent":"geyser_custom_z","pivot":[0,-6.222,0.7202],"rotation":[22.5,0,0],"cubes":[{"origin":[-0.25,-6.162,-0.0378],"size":[0.5,1,1],"pivot":[0,-6.222,0.7202],"uv":{"north":{"uv":[11.377,0.288],"uv_size":[0.123,0.1406]},"south":{"uv":[8.252,3.9977],"uv_size":[0.123,-0.1406]},"east":{"uv":[11.373,3.1451],"uv_size":[-0.123,0.1406]},"west":{"uv":[8.123,3.8594],"uv_size":[-0.123,0.1406]},"up":{"uv":[11.248,3.7166],"uv_size":[-0.123,0.1406]},"down":{"uv":[11.498,0.0023],"uv_size":[-0.123,0.1406]}}}],"name":"rot_10"},{"parent":"geyser_custom_z","pivot":[0,-4.5099,-2.25],"rotation":[22.5,0,0],"cubes":[{"origin":[-0.325,-4.4313,-2.5678],"size":[0.65,0.455,1.05],"pivot":[0,-4.5099,-2.25],"uv":{"north":{"uv":[12.251,1.572],"uv_size":[0.0615,0.0351]},"south":{"uv":[12.251,1.8923],"uv_size":[0.0615,-0.0351]},"east":{"uv":[8.3115,4.712],"uv_size":[-0.0615,-0.1406]},"west":{"uv":[12.0615,1.8549],"uv_size":[-0.0615,-0.1406]},"up":{"uv":[10.4058,4.8549],"uv_size":[-0.0308,-0.1406]},"down":{"uv":[12.1558,2.9977],"uv_size":[-0.0308,-0.1406]}}}],"name":"rot_11"},{"parent":"geyser_custom_z","pivot":[0,-1.2932,0],"rotation":[22.5,0,0],"cubes":[{"origin":[-0.425,-2.0255,0.0453],"size":[0.85,1.05,0.455],"pivot":[0,-1.2932,0],"uv":{"north":{"uv":[12.1558,2.9977],"uv_size":[-0.0308,-0.1406]},"south":{"uv":[10.4058,4.8549],"uv_size":[-0.0308,-0.1406]},"east":{"uv":[8.3115,4.712],"uv_size":[-0.0615,-0.1406]},"west":{"uv":[12.0615,1.8549],"uv_size":[-0.0615,-0.1406]},"up":{"uv":[12.251,1.572],"uv_size":[0.0615,0.0351]},"down":{"uv":[12.251,1.8923],"uv_size":[0.0615,-0.0351]}}}],"name":"rot_12"},{"parent":"geyser_custom_z","pivot":[0,1.2932,0],"rotation":[22.5,0,0],"cubes":[{"origin":[-0.425,0.9755,-0.5003],"size":[0.85,1.05,0.455],"pivot":[0,1.2932,0],"uv":{"north":{"uv":[10.1558,4.7166],"uv_size":[-0.0308,0.1406]},"south":{"uv":[9.9058,4.7166],"uv_size":[-0.0308,0.1406]},"east":{"uv":[11.0615,4.4309],"uv_size":[-0.0615,0.1406]},"west":{"uv":[8.0615,4.5737],"uv_size":[-0.0615,0.1406]},"up":{"uv":[8.3115,4.8923],"uv_size":[-0.0615,-0.0351]},"down":{"uv":[8.0615,4.8577],"uv_size":[-0.0615,0.0351]}}}],"name":"rot_13"},{"parent":"geyser_custom_z","pivot":[0,4.5099,-2.25],"rotation":[22.5,0,0],"cubes":[{"origin":[-0.325,4.5317,-2.5913],"size":[0.65,0.455,1.05],"pivot":[0,4.5099,-2.25],"uv":{"north":{"uv":[8.0615,4.8577],"uv_size":[-0.0615,0.0351]},"south":{"uv":[8.3115,4.8923],"uv_size":[-0.0615,-0.0351]},"east":{"uv":[11.001,4.5691],"uv_size":[0.0615,-0.1406]},"west":{"uv":[8.001,4.712],"uv_size":[0.0615,-0.1406]},"up":{"uv":[10.1558,4.7166],"uv_size":[-0.0308,0.1406]},"down":{"uv":[9.9058,4.7166],"uv_size":[-0.0308,0.1406]}}}],"name":"rot_14"},{"parent":"geyser_custom_z","pivot":[0,7.032,2.5242],"rotation":[22.5,0,0],"cubes":[{"origin":[-0.055,3.527,-1.4008],"size":[0.11,7.01,7.85],"pivot":[0,7.032,2.5242],"uv":{"east":{"uv":[14.516,9.1589],"uv_size":[0.984,1.1269]},"west":{"uv":[15.484,9.1589],"uv_size":[-0.984,1.1269]}}}],"name":"rot_15"},{"parent":"geyser_custom_z","pivot":[0,8.3125,0],"rotation":[22.5,0,0],"cubes":[{"origin":[-0.3,4.015,-1.282],"size":[0.6,1.5,0.65],"pivot":[0,8.3125,0],"uv":{"north":{"uv":[11.0615,4.0034],"uv_size":[-0.0615,0.2109]},"south":{"uv":[8.0615,4.1463],"uv_size":[-0.0615,0.2109]},"east":{"uv":[10.7173,3.432],"uv_size":[-0.0923,0.2109]},"west":{"uv":[10.9673,3.432],"uv_size":[-0.0923,0.2109]},"up":{"uv":[12.0923,4.0011],"uv_size":[-0.0923,0.0703]},"down":{"uv":[11.7173,4.6417],"uv_size":[-0.0923,-0.0703]}}},{"origin":[-0.5,3.7483,-3.5905],"size":[1,1,1],"pivot":[0,8.3125,0],"uv":{"north":{"uv":[11.127,3.4309],"uv_size":[0.123,0.1406]},"south":{"uv":[11.127,2.288],"uv_size":[0.123,0.1406]},"east":{"uv":[11.127,2.0023],"uv_size":[0.123,0.1406]},"west":{"uv":[11.127,2.5737],"uv_size":[0.123,0.1406]},"up":{"uv":[9.502,3.7166],"uv_size":[0.123,0.1406]},"down":{"uv":[11.252,2.9977],"uv_size":[0.123,-0.1406]}}}],"name":"rot_16"},{"parent":"geyser_custom_z","pivot":[0,0,1.675],"rotation":[0,0,-22.5],"cubes":[{"origin":[0,-0.625,-5.45],"size":[0,1.25,14.25],"pivot":[0,0,1.675],"uv":{"east":{"uv":[9.0913,5.1589],"uv_size":[-0.1538,1.984]},"west":{"uv":[9.0913,5.1589],"uv_size":[-0.1538,1.984]}}}],"name":"rot_17"},{"parent":"geyser_custom_z","pivot":[0,-6.925,-3],"rotation":[-0,0,0],"cubes":[{"origin":[-0.1,-10.43,-6.925],"size":[0.2,7.01,7.85],"pivot":[0,-6.925,-3],"uv":{"east":{"uv":[12.484,10.2697],"uv_size":[-0.984,-1.1233]},"west":{"uv":[11.516,10.2697],"uv_size":[0.984,-1.1233]}}}],"name":"rot_18"},{"parent":"geyser_custom_z","pivot":[0,-6.222,0.7202],"rotation":[-0,0,0],"cubes":[{"origin":[-0.155,-7.0407,0.7979],"size":[0.31,0.8,0.75],"pivot":[0,-6.222,0.7202],"uv":{"north":{"uv":[9.7515,4.4303],"uv_size":[0.0923,0.1054]},"south":{"uv":[9.5015,4.534],"uv_size":[0.0923,-0.1054]},"east":{"uv":[11.9673,0.8589],"uv_size":[-0.0923,0.1054]},"west":{"uv":[11.9673,1.1446],"uv_size":[-0.0923,0.1054]},"up":{"uv":[9.0923,4.4303],"uv_size":[-0.0923,0.1054]},"down":{"uv":[9.3423,4.4303],"uv_size":[-0.0923,0.1054]}}}],"name":"rot_19"},{"parent":"geyser_custom_z","pivot":[0,-4.5099,-2.25],"rotation":[-0,0,0],"cubes":[{"origin":[-0.3425,-4.9541,-2.2545],"size":[0.685,0.95,0.95],"pivot":[0,-4.5099,-2.25],"uv":{"north":{"uv":[12.002,2.5726],"uv_size":[0.123,0.0703]},"south":{"uv":[12.002,3.4989],"uv_size":[0.123,-0.0703]},"east":{"uv":[8.873,3.9977],"uv_size":[-0.123,-0.1406]},"west":{"uv":[9.123,3.9977],"uv_size":[-0.123,-0.1406]},"up":{"uv":[12.0615,2.1406],"uv_size":[-0.0615,-0.1406]},"down":{"uv":[12.0615,2.4263],"uv_size":[-0.0615,-0.1406]}}}],"name":"rot_20"},{"parent":"geyser_custom_z","pivot":[0,-1.2932,0],"rotation":[-0,0,0],"cubes":[{"origin":[-0.4425,-2.2514,-0.475],"size":[0.885,0.95,0.95],"pivot":[0,-1.2932,0],"uv":{"north":{"uv":[12.0615,2.4263],"uv_size":[-0.0615,-0.1406]},"south":{"uv":[12.0615,2.1406],"uv_size":[-0.0615,-0.1406]},"east":{"uv":[8.873,3.9977],"uv_size":[-0.123,-0.1406]},"west":{"uv":[9.123,3.9977],"uv_size":[-0.123,-0.1406]},"up":{"uv":[12.002,2.5726],"uv_size":[0.123,0.0703]},"down":{"uv":[12.002,3.4989],"uv_size":[0.123,-0.0703]}}}],"name":"rot_21"},{"parent":"geyser_custom_z","pivot":[0,0,0],"rotation":[-0,0,0],"cubes":[{"origin":[-0.2,-9,-9],"size":[0.4,18,18],"pivot":[0,0,0],"uv":{"east":{"uv":[11.484,11.4126],"uv_size":[-1.984,-2.2697]},"west":{"uv":[9.516,11.4126],"uv_size":[1.984,-2.2697]}}}],"name":"rot_22"},{"parent":"geyser_custom_z","pivot":[0,1.2932,0],"rotation":[-0,0,0],"cubes":[{"origin":[-0.4425,1.3014,-0.475],"size":[0.885,0.95,0.95],"pivot":[0,1.2932,0],"uv":{"north":{"uv":[12.0615,2.288],"uv_size":[-0.0615,0.1406]},"south":{"uv":[12.0615,2.0023],"uv_size":[-0.0615,0.1406]},"east":{"uv":[8.873,3.8594],"uv_size":[-0.123,0.1406]},"west":{"uv":[9.123,3.8594],"uv_size":[-0.123,0.1406]},"up":{"uv":[12.123,3.4989],"uv_size":[-0.123,-0.0703]},"down":{"uv":[12.123,2.5726],"uv_size":[-0.123,0.0703]}}}],"name":"rot_23"},{"parent":"geyser_custom_z","pivot":[0,4.5099,-2.25],"rotation":[-0,0,0],"cubes":[{"origin":[-0.3425,4.0041,-2.2545],"size":[0.685,0.95,0.95],"pivot":[0,4.5099,-2.25],"uv":{"north":{"uv":[12.123,2.5726],"uv_size":[-0.123,0.0703]},"south":{"uv":[12.123,3.4989],"uv_size":[-0.123,-0.0703]},"east":{"uv":[8.752,3.9977],"uv_size":[0.123,-0.1406]},"west":{"uv":[9.002,3.9977],"uv_size":[0.123,-0.1406]},"up":{"uv":[12.0615,2.288],"uv_size":[-0.0615,0.1406]},"down":{"uv":[12.0615,2.0023],"uv_size":[-0.0615,0.1406]}}}],"name":"rot_24"},{"parent":"geyser_custom_z","pivot":[0,6.222,0.7202],"rotation":[-0,0,0],"cubes":[{"origin":[-0.155,6.2407,0.7979],"size":[0.31,0.8,0.75],"pivot":[0,6.222,0.7202],"uv":{"north":{"uv":[9.8423,4.4303],"uv_size":[-0.0923,0.1054]},"south":{"uv":[9.5923,4.534],"uv_size":[-0.0923,-0.1054]},"east":{"uv":[11.8765,0.8589],"uv_size":[0.0923,0.1054]},"west":{"uv":[11.8765,1.1446],"uv_size":[0.0923,0.1054]},"up":{"uv":[9.3423,4.534],"uv_size":[-0.0923,-0.1054]},"down":{"uv":[9.0923,4.534],"uv_size":[-0.0923,-0.1054]}}}],"name":"rot_25"},{"parent":"geyser_custom_z","pivot":[0,6.925,-3],"rotation":[-0,0,0],"cubes":[{"origin":[-0.1,3.42,-6.925],"size":[0.2,7.01,7.85],"pivot":[0,6.925,-3],"uv":{"east":{"uv":[12.484,9.1624],"uv_size":[-0.984,1.1233]},"west":{"uv":[11.516,9.1624],"uv_size":[0.984,1.1233]}}}],"name":"rot_26"},{"parent":"geyser_custom_z","pivot":[0.05,7.8125,-0.05],"rotation":[0,-0,0],"cubes":[{"origin":[-0.35,-1.625,-0.35],"size":[0.7,3.25,0.7],"pivot":[0.05,7.8125,-0.05],"uv":{"north":{"uv":[10.2173,1.436],"uv_size":[-0.0923,0.4569]},"south":{"uv":[8.9673,2.5789],"uv_size":[-0.0923,0.4569]},"east":{"uv":[10.2173,0.7217],"uv_size":[-0.0923,0.4569]},"west":{"uv":[10.2173,2.1503],"uv_size":[-0.0923,0.4569]},"up":{"uv":[11.9673,0.5731],"uv_size":[-0.0923,0.1054]},"down":{"uv":[8.8423,4.534],"uv_size":[-0.0923,-0.1054]}}}],"name":"rot_27"},{"parent":"geyser_custom_z","pivot":[0,-8.3125,0],"rotation":[0,-0,0],"cubes":[{"origin":[-0.325,-4.8503,-0.75],"size":[0.65,1.5,1.5],"pivot":[0,-8.3125,0],"uv":{"north":{"uv":[11.5615,1.6394],"uv_size":[-0.0615,-0.2109]},"south":{"uv":[9.5615,4.2109],"uv_size":[-0.0615,-0.2109]},"east":{"uv":[10.5595,1.4966],"uv_size":[-0.1845,-0.2109]},"west":{"uv":[10.5595,1.9251],"uv_size":[-0.1845,-0.2109]},"up":{"uv":[11.503,3.2131],"uv_size":[0.1845,-0.0703]},"down":{"uv":[11.503,2.8583],"uv_size":[0.1845,0.0703]}}},{"origin":[-0.4,-4.625,-1.8],"size":[0.8,1,0.8],"pivot":[0,-8.3125,0],"uv":{"north":{"uv":[10.7515,3.9977],"uv_size":[0.0923,-0.1406]},"south":{"uv":[11.3765,2.712],"uv_size":[0.0923,-0.1406]},"east":{"uv":[9.2515,3.9977],"uv_size":[0.0923,-0.1406]},"west":{"uv":[10.5015,3.9977],"uv_size":[0.0923,-0.1406]},"up":{"uv":[11.9673,0.1054],"uv_size":[-0.0923,-0.1054]},"down":{"uv":[11.8423,4.2874],"uv_size":[-0.0923,0.1054]}}}],"name":"rot_28"},{"parent":"geyser_custom_z","pivot":[0,0,4.175],"rotation":[0,-0,0],"cubes":[{"origin":[0,-7.125,3.05],"size":[0,14.25,1.75],"pivot":[0,0,4.175],"uv":{"east":{"uv":[8.066,1.266],"uv_size":[0.2153,1.984]},"west":{"uv":[8.2778,1.266],"uv_size":[-0.2153,1.984]}}}],"name":"rot_29"},{"parent":"geyser_custom_z","pivot":[0,8.3125,0],"rotation":[0,-0,0],"cubes":[{"origin":[-0.325,3.3503,-0.75],"size":[0.65,1.5,1.5],"pivot":[0,8.3125,0],"uv":{"north":{"uv":[11.5615,1.432],"uv_size":[-0.0615,0.2109]},"south":{"uv":[9.5615,4.0034],"uv_size":[-0.0615,0.2109]},"east":{"uv":[10.5595,1.2891],"uv_size":[-0.1845,0.2109]},"west":{"uv":[10.5595,1.7177],"uv_size":[-0.1845,0.2109]},"up":{"uv":[11.6845,2.8583],"uv_size":[-0.1845,0.0703]},"down":{"uv":[11.6845,3.2131],"uv_size":[-0.1845,-0.0703]}}},{"origin":[-0.4,3.625,-1.8],"size":[0.8,1,0.8],"pivot":[0,8.3125,0],"uv":{"north":{"uv":[10.7515,3.8594],"uv_size":[0.0923,0.1406]},"south":{"uv":[11.3765,2.5737],"uv_size":[0.0923,0.1406]},"east":{"uv":[9.2515,3.8594],"uv_size":[0.0923,0.1406]},"west":{"uv":[10.5015,3.8594],"uv_size":[0.0923,0.1406]},"up":{"uv":[11.7515,4.2874],"uv_size":[0.0923,0.1054]},"down":{"uv":[11.8765,0.1054],"uv_size":[0.0923,-0.1054]}}}],"name":"rot_30"},{"parent":"geyser_custom_z","pivot":[0,-8.3125,0],"rotation":[-22.5,0,0],"cubes":[{"origin":[-0.3,-5.515,-1.282],"size":[0.6,1.5,0.65],"pivot":[0,-8.3125,0],"uv":{"north":{"uv":[11.0615,4.2109],"uv_size":[-0.0615,-0.2109]},"south":{"uv":[8.0615,4.3537],"uv_size":[-0.0615,-0.2109]},"east":{"uv":[10.7173,3.6394],"uv_size":[-0.0923,-0.2109]},"west":{"uv":[10.9673,3.6394],"uv_size":[-0.0923,-0.2109]},"up":{"uv":[11.6265,4.6417],"uv_size":[0.0923,-0.0703]},"down":{"uv":[12.0015,4.0011],"uv_size":[0.0923,0.0703]}}},{"origin":[-0.5,-4.7483,-3.5905],"size":[1,1,1],"pivot":[0,-8.3125,0],"uv":{"north":{"uv":[11.127,3.5691],"uv_size":[0.123,-0.1406]},"south":{"uv":[11.127,2.4263],"uv_size":[0.123,-0.1406]},"east":{"uv":[11.127,2.1406],"uv_size":[0.123,-0.1406]},"west":{"uv":[11.127,2.712],"uv_size":[0.123,-0.1406]},"up":{"uv":[11.373,2.9977],"uv_size":[-0.123,-0.1406]},"down":{"uv":[9.623,3.7166],"uv_size":[-0.123,0.1406]}}}],"name":"rot_31"},{"parent":"geyser_custom_z","pivot":[0,-7.032,2.5242],"rotation":[-22.5,0,0],"cubes":[{"origin":[-0.055,-10.537,-1.4008],"size":[0.11,7.01,7.85],"pivot":[0,-7.032,2.5242],"uv":{"east":{"uv":[14.516,10.2697],"uv_size":[0.984,-1.1269]},"west":{"uv":[15.484,10.2697],"uv_size":[-0.984,-1.1269]}}}],"name":"rot_32"},{"parent":"geyser_custom_z","pivot":[0,-4.5099,-2.25],"rotation":[-22.5,0,0],"cubes":[{"origin":[-0.325,-4.9867,-2.5913],"size":[0.65,0.455,1.05],"pivot":[0,-4.5099,-2.25],"uv":{"north":{"uv":[8.001,4.8577],"uv_size":[0.0615,0.0351]},"south":{"uv":[8.251,4.8923],"uv_size":[0.0615,-0.0351]},"east":{"uv":[11.0615,4.5691],"uv_size":[-0.0615,-0.1406]},"west":{"uv":[8.0615,4.712],"uv_size":[-0.0615,-0.1406]},"up":{"uv":[9.9058,4.8549],"uv_size":[-0.0308,-0.1406]},"down":{"uv":[10.1558,4.8549],"uv_size":[-0.0308,-0.1406]}}}],"name":"rot_33"},{"parent":"geyser_custom_z","pivot":[0,-1.2932,0],"rotation":[-22.5,0,0],"cubes":[{"origin":[-0.425,-2.0255,-0.5003],"size":[0.85,1.05,0.455],"pivot":[0,-1.2932,0],"uv":{"north":{"uv":[10.1558,4.8549],"uv_size":[-0.0308,-0.1406]},"south":{"uv":[9.9058,4.8549],"uv_size":[-0.0308,-0.1406]},"east":{"uv":[11.0615,4.5691],"uv_size":[-0.0615,-0.1406]},"west":{"uv":[8.0615,4.712],"uv_size":[-0.0615,-0.1406]},"up":{"uv":[8.001,4.8577],"uv_size":[0.0615,0.0351]},"down":{"uv":[8.251,4.8923],"uv_size":[0.0615,-0.0351]}}}],"name":"rot_34"},{"parent":"geyser_custom_z","pivot":[0,1.2932,0],"rotation":[-22.5,0,0],"cubes":[{"origin":[-0.425,0.9755,0.0453],"size":[0.85,1.05,0.455],"pivot":[0,1.2932,0],"uv":{"north":{"uv":[12.1558,2.8594],"uv_size":[-0.0308,0.1406]},"south":{"uv":[10.4058,4.7166],"uv_size":[-0.0308,0.1406]},"east":{"uv":[8.3115,4.5737],"uv_size":[-0.0615,0.1406]},"west":{"uv":[12.0615,1.7166],"uv_size":[-0.0615,0.1406]},"up":{"uv":[12.3115,1.8923],"uv_size":[-0.0615,-0.0351]},"down":{"uv":[12.3115,1.572],"uv_size":[-0.0615,0.0351]}}}],"name":"rot_35"},{"parent":"geyser_custom_z","pivot":[0,4.5099,-2.25],"rotation":[-22.5,0,0],"cubes":[{"origin":[-0.325,3.9763,-2.5678],"size":[0.65,0.455,1.05],"pivot":[0,4.5099,-2.25],"uv":{"north":{"uv":[12.3115,1.572],"uv_size":[-0.0615,0.0351]},"south":{"uv":[12.3115,1.8923],"uv_size":[-0.0615,-0.0351]},"east":{"uv":[8.251,4.712],"uv_size":[0.0615,-0.1406]},"west":{"uv":[12.001,1.8549],"uv_size":[0.0615,-0.1406]},"up":{"uv":[12.1558,2.8594],"uv_size":[-0.0308,0.1406]},"down":{"uv":[10.4058,4.7166],"uv_size":[-0.0308,0.1406]}}}],"name":"rot_36"},{"parent":"geyser_custom_z","pivot":[0,6.222,0.7202],"rotation":[-22.5,0,0],"cubes":[{"origin":[-0.25,5.162,-0.0378],"size":[0.5,1,1],"pivot":[0,6.222,0.7202],"uv":{"north":{"uv":[11.498,0.288],"uv_size":[-0.123,0.1406]},"south":{"uv":[8.373,3.9977],"uv_size":[-0.123,-0.1406]},"east":{"uv":[11.252,3.1451],"uv_size":[0.123,0.1406]},"west":{"uv":[8.002,3.8594],"uv_size":[0.123,0.1406]},"up":{"uv":[11.498,0.1406],"uv_size":[-0.123,-0.1406]},"down":{"uv":[11.248,3.8549],"uv_size":[-0.123,-0.1406]}}}],"name":"rot_37"},{"parent":"geyser_custom_z","pivot":[0,8.3125,0],"rotation":[-22.5,0,0],"cubes":[{"origin":[-0.3,4.015,0.632],"size":[0.6,1.5,0.65],"pivot":[0,8.3125,0],"uv":{"north":{"uv":[11.6865,0.0034],"uv_size":[-0.0615,0.2109]},"south":{"uv":[8.3115,4.1463],"uv_size":[-0.0615,0.2109]},"east":{"uv":[11.2173,0.0034],"uv_size":[-0.0923,0.2109]},"west":{"uv":[11.2173,0.432],"uv_size":[-0.0923,0.2109]},"up":{"uv":[12.0923,4.2869],"uv_size":[-0.0923,0.0703]},"down":{"uv":[11.9673,4.6417],"uv_size":[-0.0923,-0.0703]}}}],"name":"rot_38"},{"parent":"geyser_custom_z","pivot":[0,0,1.675],"rotation":[0,0,22.5],"cubes":[{"origin":[0,-0.625,-5.45],"size":[0,1.25,14.25],"pivot":[0,0,1.675],"uv":{"east":{"uv":[9.0913,5.1589],"uv_size":[-0.1538,1.984]},"west":{"uv":[9.0913,5.1589],"uv_size":[-0.1538,1.984]}}}],"name":"rot_39"},{"parent":"geyser_custom_z","pivot":[0.05,8.3125,0],"rotation":[-45,0,0],"cubes":[{"origin":[-0.4,4.584,2.2285],"size":[0.8,1.5,1.5],"pivot":[0.05,8.3125,0],"uv":{"north":{"uv":[11.4365,3.432],"uv_size":[-0.0615,0.2109]},"south":{"uv":[11.4365,3.8606],"uv_size":[-0.0615,0.2109]},"east":{"uv":[10.5595,0.432],"uv_size":[-0.1845,0.2109]},"west":{"uv":[10.5595,0.8606],"uv_size":[-0.1845,0.2109]},"up":{"uv":[11.6845,0.8583],"uv_size":[-0.1845,0.0703]},"down":{"uv":[11.6845,1.2131],"uv_size":[-0.1845,-0.0703]}}}],"name":"rot_40"},{"parent":"geyser_custom_z","pivot":[0.005,-7.032,0.5242],"rotation":[-45,0,0],"cubes":[{"origin":[-0.06,-10.537,-3.4008],"size":[0.12,7.01,7.85],"pivot":[0.005,-7.032,0.5242],"uv":{"east":{"uv":[13.516,10.2697],"uv_size":[0.984,-1.1269]},"west":{"uv":[14.484,10.2697],"uv_size":[-0.984,-1.1269]}}}],"name":"rot_41"},{"parent":"geyser_custom_z","pivot":[0,-8.3125,0],"rotation":[-45,0,0],"cubes":[{"origin":[-0.6,-5.854,-5.3727],"size":[1.2,1.5,1.5],"pivot":[0,-8.3125,0],"uv":{"north":{"uv":[10.7525,1.068],"uv_size":[0.1538,-0.2109]},"south":{"uv":[10.7525,0.6394],"uv_size":[0.1538,-0.2109]},"east":{"uv":[9.128,2.7823],"uv_size":[0.1845,-0.2109]},"west":{"uv":[10.378,0.2109],"uv_size":[0.1845,-0.2109]},"up":{"uv":[10.9345,1.89],"uv_size":[-0.1845,-0.1757]},"down":{"uv":[10.9345,1.2886],"uv_size":[-0.1845,0.1757]}}}],"name":"rot_42"},{"parent":"geyser_custom_z","pivot":[0,-4.875,0.5],"rotation":[-45,0,0],"cubes":[{"origin":[-0.2,-7.1859,-4.8848],"size":[0.4,4.76,3.25],"pivot":[0,-4.875,0.5],"uv":{"east":{"uv":[10.2093,0.0074],"uv_size":[-0.5843,0.4569]},"west":{"uv":[9.6345,0.0074],"uv_size":[0.5843,0.4569]}}}],"name":"rot_43"},{"parent":"geyser_custom_z","pivot":[0,-4.5099,-2.25],"rotation":[-45,0,0],"cubes":[{"origin":[-0.36,-4.6792,-2.4628],"size":[0.72,1.05,1.05],"pivot":[0,-4.5099,-2.25],"uv":{"north":{"uv":[10.5615,4.5691],"uv_size":[-0.0615,-0.1406]},"south":{"uv":[11.9365,2.9977],"uv_size":[-0.0615,-0.1406]},"east":{"uv":[8.623,3.9977],"uv_size":[-0.123,-0.1406]},"west":{"uv":[11.498,0.712],"uv_size":[-0.123,-0.1406]},"up":{"uv":[11.877,3.2131],"uv_size":[0.123,-0.0703]},"down":{"uv":[10.752,4.4297],"uv_size":[0.123,0.0703]}}},{"origin":[-0.3285,-5.0781,-2.8617],"size":[0.657,0.476,0.476],"pivot":[0,-4.5099,-2.25],"uv":{"north":{"uv":[10.6558,4.7846],"uv_size":[-0.0308,-0.0703]},"south":{"uv":[12.1558,3.2131],"uv_size":[-0.0308,-0.0703]},"east":{"uv":[9.4365,4.7846],"uv_size":[-0.0615,-0.0703]},"west":{"uv":[9.6865,4.7846],"uv_size":[-0.0615,-0.0703]},"up":{"uv":[12.126,4.6066],"uv_size":[0.0615,-0.0351]},"down":{"uv":[10.876,4.7149],"uv_size":[0.0615,0.0351]}}}],"name":"rot_44"},{"parent":"geyser_custom_z","pivot":[0,-1.2932,0],"rotation":[-45,0,0],"cubes":[{"origin":[-0.46,-2.1612,-0.182],"size":[0.92,1.05,1.05],"pivot":[0,-1.2932,0],"uv":{"north":{"uv":[10.752,4.4297],"uv_size":[0.123,0.0703]},"south":{"uv":[11.877,3.2131],"uv_size":[0.123,-0.0703]},"east":{"uv":[8.623,3.9977],"uv_size":[-0.123,-0.1406]},"west":{"uv":[11.498,0.712],"uv_size":[-0.123,-0.1406]},"up":{"uv":[10.5615,4.5691],"uv_size":[-0.0615,-0.1406]},"down":{"uv":[11.9365,2.9977],"uv_size":[-0.0615,-0.1406]}}},{"origin":[-0.4285,-1.1883,-0.581],"size":[0.857,0.476,0.476],"pivot":[0,-1.2932,0],"uv":{"north":{"uv":[10.876,4.7149],"uv_size":[0.0615,0.0351]},"south":{"uv":[12.126,4.6066],"uv_size":[0.0615,-0.0351]},"east":{"uv":[9.4365,4.7846],"uv_size":[-0.0615,-0.0703]},"west":{"uv":[9.6865,4.7846],"uv_size":[-0.0615,-0.0703]},"up":{"uv":[10.6558,4.7846],"uv_size":[-0.0308,-0.0703]},"down":{"uv":[12.1558,3.2131],"uv_size":[-0.0308,-0.0703]}}}],"name":"rot_45"},{"parent":"geyser_custom_z","pivot":[0,6.222,0.7202],"rotation":[-45,0,0],"cubes":[{"origin":[-0.15,5.8559,0.1962],"size":[0.3,1,0.8],"pivot":[0,6.222,0.7202],"uv":{"north":{"uv":[9.123,4.1446],"uv_size":[-0.123,0.1054]},"south":{"uv":[8.873,4.2483],"uv_size":[-0.123,-0.1054]},"east":{"uv":[11.627,0.4303],"uv_size":[0.123,0.1054]},"west":{"uv":[8.502,4.1446],"uv_size":[0.123,0.1054]},"up":{"uv":[10.3423,4.534],"uv_size":[-0.0923,-0.1054]},"down":{"uv":[10.0923,4.534],"uv_size":[-0.0923,-0.1054]}}}],"name":"rot_46"},{"parent":"geyser_custom_z","pivot":[0,8.3125,0],"rotation":[-45,0,0],"cubes":[{"origin":[-0.305,5.974,1.6586],"size":[0.61,0.68,0.68],"pivot":[0,8.3125,0],"uv":{"north":{"uv":[12.1865,0.0017],"uv_size":[-0.0615,0.1054]},"south":{"uv":[12.1865,0.2874],"uv_size":[-0.0615,0.1054]},"east":{"uv":[11.9673,0.2874],"uv_size":[-0.0923,0.1054]},"west":{"uv":[8.5923,4.4303],"uv_size":[-0.0923,0.1054]},"up":{"uv":[8.5923,4.7154],"uv_size":[-0.0923,0.0703]},"down":{"uv":[12.2173,0.6417],"uv_size":[-0.0923,-0.0703]}}},{"origin":[-0.405,4.4323,1.3347],"size":[0.81,0.75,0.8],"pivot":[0,8.3125,0],"uv":{"north":{"uv":[11.7515,2.2874],"uv_size":[0.0923,0.1054]},"south":{"uv":[11.7515,1.716],"uv_size":[0.0923,0.1054]},"east":{"uv":[9.2515,4.1446],"uv_size":[0.0923,0.1054]},"west":{"uv":[11.7515,2.0017],"uv_size":[0.0923,0.1054]},"up":{"uv":[11.2515,4.2874],"uv_size":[0.0923,0.1054]},"down":{"uv":[11.5015,4.3911],"uv_size":[0.0923,-0.1054]}}}],"name":"rot_47"}]}]}
