{"format_version":"1.16.0","minecraft:geometry":[{"description":{"identifier":"geometry.geyser_custom.geo_a7ae0b3","texture_width":16,"texture_height":16,"visible_bounds_width":4,"visible_bounds_height":4.5,"visible_bounds_offset":[0,0.75,0]},"bones":[{"name":"geyser_custom","binding":"c.item_slot == 'head' ? 'head' : q.item_slot_to_bone_name(c.item_slot)","pivot":[0,8,0]},{"name":"geyser_custom_x","parent":"geyser_custom","pivot":[0,8,0]},{"name":"geyser_custom_y","parent":"geyser_custom_x","pivot":[0,8,0]},{"name":"geyser_custom_z","parent":"geyser_custom_y","pivot":[0,8,0],"cubes":[]},{"parent":"geyser_custom_z","pivot":[0.25,-3.7071,-1.6832],"rotation":[45,0,0],"cubes":[{"origin":[0.1,-4.5821,-2.1332],"size":[0.3,1,0.8],"pivot":[0.25,-3.7071,-1.6832],"uv":{"north":{"uv":[9.002,4.1446],"uv_size":[0.123,0.1054]},"south":{"uv":[8.752,4.2483],"uv_size":[0.123,-0.1054]},"east":{"uv":[11.748,0.4303],"uv_size":[-0.123,0.1054]},"west":{"uv":[8.623,4.1446],"uv_size":[-0.123,0.1054]},"up":{"uv":[10.0923,4.4303],"uv_size":[-0.0923,0.1054]},"down":{"uv":[10.3423,4.4303],"uv_size":[-0.0923,0.1054]}}}],"name":"rot_1"},{"parent":"geyser_custom_z","pivot":[0,4.2125,-2.1037],"rotation":[45,0,0],"cubes":[{"origin":[-0.5,3.4587,-2.817],"size":[1,1,1],"pivot":[0,4.2125,-2.1037],"uv":{"north":{"uv":[11.127,3.4309],"uv_size":[0.123,0.1406]},"south":{"uv":[11.127,2.288],"uv_size":[0.123,0.1406]},"east":{"uv":[11.127,2.0023],"uv_size":[0.123,0.1406]},"west":{"uv":[11.127,2.5737],"uv_size":[0.123,0.1406]},"up":{"uv":[9.502,3.7166],"uv_size":[0.123,0.1406]},"down":{"uv":[11.252,2.9977],"uv_size":[0.123,-0.1406]}}}],"name":"rot_2"},{"parent":"geyser_custom_z","pivot":[0,5.3998,1.4916],"rotation":[45,0,0],"cubes":[{"origin":[-0.36,4.5318,0.6236],"size":[0.72,1.05,1.05],"pivot":[0,5.3998,1.4916],"uv":{"north":{"uv":[11.876,2.8594],"uv_size":[0.0615,0.1406]},"south":{"uv":[10.501,4.4309],"uv_size":[0.0615,0.1406]},"east":{"uv":[8.502,3.8594],"uv_size":[0.123,0.1406]},"west":{"uv":[11.377,0.5737],"uv_size":[0.123,0.1406]},"up":{"uv":[10.752,4.4297],"uv_size":[0.123,0.0703]},"down":{"uv":[11.877,3.2131],"uv_size":[0.123,-0.0703]}}},{"origin":[-0.3285,5.5047,1.5966],"size":[0.657,0.476,0.476],"pivot":[0,5.3998,1.4916],"uv":{"north":{"uv":[12.1255,3.144],"uv_size":[0.0308,0.0703]},"south":{"uv":[10.6255,4.7154],"uv_size":[0.0308,0.0703]},"east":{"uv":[9.376,4.7154],"uv_size":[0.0615,0.0703]},"west":{"uv":[9.626,4.7154],"uv_size":[0.0615,0.0703]},"up":{"uv":[10.876,4.7149],"uv_size":[0.0615,0.0351]},"down":{"uv":[12.126,4.6066],"uv_size":[0.0615,-0.0351]}}}],"name":"rot_3"},{"parent":"geyser_custom_z","pivot":[0.5,-5.3284,-0.334],"rotation":[22.5,0,0],"cubes":[{"origin":[0.2,-5.2801,-0.4792],"size":[0.6,1.5,0.65],"pivot":[0.5,-5.3284,-0.334],"uv":{"north":{"uv":[8.001,4.3537],"uv_size":[0.0615,-0.2109]},"south":{"uv":[11.001,4.2109],"uv_size":[0.0615,-0.2109]},"east":{"uv":[10.6265,3.6394],"uv_size":[0.0923,-0.2109]},"west":{"uv":[10.8765,3.6394],"uv_size":[0.0923,-0.2109]},"up":{"uv":[11.7173,4.6417],"uv_size":[-0.0923,-0.0703]},"down":{"uv":[12.0923,4.0011],"uv_size":[-0.0923,0.0703]}}}],"name":"rot_4"},{"parent":"geyser_custom_z","pivot":[0.25,-3.7071,-1.6832],"rotation":[22.5,0,0],"cubes":[{"origin":[0,-3.8415,-2.2805],"size":[0.5,1,1],"pivot":[0.25,-3.7071,-1.6832],"uv":{"north":{"uv":[11.377,0.288],"uv_size":[0.123,0.1406]},"south":{"uv":[8.252,3.9977],"uv_size":[0.123,-0.1406]},"east":{"uv":[11.373,3.1451],"uv_size":[-0.123,0.1406]},"west":{"uv":[8.123,3.8594],"uv_size":[-0.123,0.1406]},"up":{"uv":[11.248,3.7166],"uv_size":[-0.123,0.1406]},"down":{"uv":[11.498,0.0023],"uv_size":[-0.123,0.1406]}}}],"name":"rot_5"},{"parent":"geyser_custom_z","pivot":[0,1.0528,-1.8301],"rotation":[22.5,0,0],"cubes":[{"origin":[-0.45,-1.3272,-3.4551],"size":[0.65,4.76,3.25],"pivot":[0,1.0528,-1.8301],"uv":{"east":{"uv":[9.6345,0.0074],"uv_size":[0.5843,0.4569]},"west":{"uv":[10.2093,0.0074],"uv_size":[-0.5843,0.4569]}}}],"name":"rot_6"},{"parent":"geyser_custom_z","pivot":[0,4.2125,-2.1037],"rotation":[22.5,0,0],"cubes":[{"origin":[-0.4,4.1463,-2.7037],"size":[0.8,1,0.8],"pivot":[0,4.2125,-2.1037],"uv":{"north":{"uv":[10.7515,3.8594],"uv_size":[0.0923,0.1406]},"south":{"uv":[11.3765,2.5737],"uv_size":[0.0923,0.1406]},"east":{"uv":[9.2515,3.8594],"uv_size":[0.0923,0.1406]},"west":{"uv":[10.5015,3.8594],"uv_size":[0.0923,0.1406]},"up":{"uv":[11.7515,4.2874],"uv_size":[0.0923,0.1054]},"down":{"uv":[11.8765,0.1054],"uv_size":[0.0923,-0.1054]}}}],"name":"rot_7"},{"parent":"geyser_custom_z","pivot":[0,4.2125,2.1037],"rotation":[22.5,0,0],"cubes":[{"origin":[-0.405,4.4486,2.3882],"size":[0.81,0.75,0.8],"pivot":[0,4.2125,2.1037],"uv":{"north":{"uv":[11.8423,1.716],"uv_size":[-0.0923,0.1054]},"south":{"uv":[11.8423,2.2874],"uv_size":[-0.0923,0.1054]},"east":{"uv":[9.3423,4.1446],"uv_size":[-0.0923,0.1054]},"west":{"uv":[11.8423,2.0017],"uv_size":[-0.0923,0.1054]},"up":{"uv":[11.3423,4.2874],"uv_size":[-0.0923,0.1054]},"down":{"uv":[11.5923,4.3911],"uv_size":[-0.0923,-0.1054]}}},{"origin":[-0.6,2.9561,0.5644],"size":[1.2,1.5,1.5],"pivot":[0,4.2125,2.1037],"uv":{"north":{"uv":[10.9345,1.89],"uv_size":[-0.1845,-0.1757]},"south":{"uv":[10.9345,1.2886],"uv_size":[-0.1845,0.1757]},"east":{"uv":[9.128,2.7823],"uv_size":[0.1845,-0.2109]},"west":{"uv":[10.378,0.2109],"uv_size":[0.1845,-0.2109]},"up":{"uv":[10.9038,0.432],"uv_size":[-0.1538,0.2109]},"down":{"uv":[10.9038,0.8606],"uv_size":[-0.1538,0.2109]}}}],"name":"rot_8"},{"parent":"geyser_custom_z","pivot":[0,4.6625,-4.8375],"rotation":[22.5,0,0],"cubes":[{"origin":[-0.1,1.1575,-8.7625],"size":[0.2,7.01,7.85],"pivot":[0,4.6625,-4.8375],"uv":{"east":{"uv":[12.484,9.1624],"uv_size":[-0.984,1.1233]},"west":{"uv":[11.516,9.1624],"uv_size":[0.984,1.1233]}}}],"name":"rot_9"},{"parent":"geyser_custom_z","pivot":[0,4.9125,0],"rotation":[22.5,0,0],"cubes":[{"origin":[-0.3,3.8664,0.0648],"size":[0.6,1.5,0.65],"pivot":[0,4.9125,0],"uv":{"north":{"uv":[11.0615,4.0034],"uv_size":[-0.0615,0.2109]},"south":{"uv":[8.0615,4.1463],"uv_size":[-0.0615,0.2109]},"east":{"uv":[10.7173,3.432],"uv_size":[-0.0923,0.2109]},"west":{"uv":[10.9673,3.432],"uv_size":[-0.0923,0.2109]},"up":{"uv":[12.0923,4.0011],"uv_size":[-0.0923,0.0703]},"down":{"uv":[11.7173,4.6417],"uv_size":[-0.0923,-0.0703]}}}],"name":"rot_10"},{"parent":"geyser_custom_z","pivot":[0,5.3998,-1.4916],"rotation":[22.5,0,0],"cubes":[{"origin":[-0.325,4.6675,-1.4463],"size":[0.65,1.05,0.455],"pivot":[0,5.3998,-1.4916],"uv":{"north":{"uv":[9.8755,4.8549],"uv_size":[0.0308,-0.1406]},"south":{"uv":[10.1255,4.8549],"uv_size":[0.0308,-0.1406]},"east":{"uv":[11.001,4.5691],"uv_size":[0.0615,-0.1406]},"west":{"uv":[8.001,4.712],"uv_size":[0.0615,-0.1406]},"up":{"uv":[8.001,4.8923],"uv_size":[0.0615,-0.0351]},"down":{"uv":[8.251,4.8577],"uv_size":[0.0615,0.0351]}}}],"name":"rot_11"},{"parent":"geyser_custom_z","pivot":[0,5.3998,1.4916],"rotation":[22.5,0,0],"cubes":[{"origin":[-0.325,4.6675,1.5369],"size":[0.65,1.05,0.455],"pivot":[0,5.3998,1.4916],"uv":{"north":{"uv":[12.1558,2.9977],"uv_size":[-0.0308,-0.1406]},"south":{"uv":[10.4058,4.8549],"uv_size":[-0.0308,-0.1406]},"east":{"uv":[8.3115,4.712],"uv_size":[-0.0615,-0.1406]},"west":{"uv":[12.0615,1.8549],"uv_size":[-0.0615,-0.1406]},"up":{"uv":[12.3115,1.6066],"uv_size":[-0.0615,-0.0351]},"down":{"uv":[12.3115,1.8577],"uv_size":[-0.0615,0.0351]}}}],"name":"rot_12"},{"parent":"geyser_custom_z","pivot":[0,6.4367,-3.8195],"rotation":[22.5,0,0],"cubes":[{"origin":[-0.06,1.7162,-7.9433],"size":[0.12,7.85,7.01],"pivot":[0,6.4367,-3.8195],"uv":{"east":{"uv":[13.516,9.1589],"uv_size":[0.984,1.1269]},"west":{"uv":[14.484,9.1589],"uv_size":[-0.984,1.1269]}}}],"name":"rot_13"},{"parent":"geyser_custom_z","pivot":[-0.125,-0.1972,-1.9345],"rotation":[0,22.5,0],"cubes":[{"origin":[-0.2,-4.5772,-4.0595],"size":[0.15,8.76,4.25],"pivot":[-0.125,-0.1972,-1.9345],"uv":{"east":{"uv":[12.99,4.9483],"uv_size":[-0.615,-1.4126]},"west":{"uv":[12.385,4.9483],"uv_size":[0.615,-1.4126]}}}],"name":"rot_14"},{"parent":"geyser_custom_z","pivot":[-0.55,-2.3375,-3.4125],"rotation":[0,22.5,0],"cubes":[{"origin":[-0.85,-5.8425,-7.3375],"size":[0.35,7.01,7.85],"pivot":[-0.55,-2.3375,-3.4125],"uv":{"east":{"uv":[11.516,9.1624],"uv_size":[0.984,1.1233]},"west":{"uv":[12.484,9.1624],"uv_size":[-0.984,1.1233]}}}],"name":"rot_15"},{"parent":"geyser_custom_z","pivot":[0.5,-5.3284,-0.334],"rotation":[-0,0,0],"cubes":[{"origin":[0.175,-4.7036,-0.75],"size":[0.65,1.5,1.5],"pivot":[0.5,-5.3284,-0.334],"uv":{"north":{"uv":[9.501,4.2109],"uv_size":[0.0615,-0.2109]},"south":{"uv":[11.501,1.6394],"uv_size":[0.0615,-0.2109]},"east":{"uv":[10.378,1.4966],"uv_size":[0.1845,-0.2109]},"west":{"uv":[10.378,1.9251],"uv_size":[0.1845,-0.2109]},"up":{"uv":[11.6845,3.2131],"uv_size":[-0.1845,-0.0703]},"down":{"uv":[11.6845,2.8583],"uv_size":[-0.1845,0.0703]}}}],"name":"rot_16"},{"parent":"geyser_custom_z","pivot":[0,4.4367,-3.8195],"rotation":[-0,0,0],"cubes":[{"origin":[-0.055,1.4834,-7.0573],"size":[0.11,7.85,7.01],"pivot":[0,4.4367,-3.8195],"uv":{"east":{"uv":[14.516,9.1589],"uv_size":[0.984,1.1269]},"west":{"uv":[15.484,9.1589],"uv_size":[-0.984,1.1269]}}}],"name":"rot_17"},{"parent":"geyser_custom_z","pivot":[0,4.4367,3.8195],"rotation":[-0,0,0],"cubes":[{"origin":[-0.055,1.4834,0.0473],"size":[0.11,7.85,7.01],"pivot":[0,4.4367,3.8195],"uv":{"east":{"uv":[14.516,10.2697],"uv_size":[0.984,-1.1269]},"west":{"uv":[15.484,10.2697],"uv_size":[-0.984,-1.1269]}}}],"name":"rot_18"},{"parent":"geyser_custom_z","pivot":[0,4.9125,0],"rotation":[-0,0,0],"cubes":[{"origin":[-0.325,3.4696,-0.75],"size":[0.65,1.5,1.5],"pivot":[0,4.9125,0],"uv":{"north":{"uv":[11.5615,1.432],"uv_size":[-0.0615,0.2109]},"south":{"uv":[9.5615,4.0034],"uv_size":[-0.0615,0.2109]},"east":{"uv":[10.5595,1.2891],"uv_size":[-0.1845,0.2109]},"west":{"uv":[10.5595,1.7177],"uv_size":[-0.1845,0.2109]},"up":{"uv":[11.6845,2.8583],"uv_size":[-0.1845,0.0703]},"down":{"uv":[11.6845,3.2131],"uv_size":[-0.1845,-0.0703]}}}],"name":"rot_19"},{"parent":"geyser_custom_z","pivot":[0,5.3998,-1.4916],"rotation":[-0,0,0],"cubes":[{"origin":[-0.3425,4.4415,-1.9666],"size":[0.685,0.95,0.95],"pivot":[0,5.3998,-1.4916],"uv":{"north":{"uv":[12.001,2.1406],"uv_size":[0.0615,-0.1406]},"south":{"uv":[12.001,2.4263],"uv_size":[0.0615,-0.1406]},"east":{"uv":[8.752,3.9977],"uv_size":[0.123,-0.1406]},"west":{"uv":[9.002,3.9977],"uv_size":[0.123,-0.1406]},"up":{"uv":[12.002,2.6417],"uv_size":[0.123,-0.0703]},"down":{"uv":[12.002,3.4297],"uv_size":[0.123,0.0703]}}}],"name":"rot_20"},{"parent":"geyser_custom_z","pivot":[0,5.3998,1.4916],"rotation":[-0,0,0],"cubes":[{"origin":[-0.3425,4.4415,1.0166],"size":[0.685,0.95,0.95],"pivot":[0,5.3998,1.4916],"uv":{"north":{"uv":[12.0615,2.4263],"uv_size":[-0.0615,-0.1406]},"south":{"uv":[12.0615,2.1406],"uv_size":[-0.0615,-0.1406]},"east":{"uv":[8.873,3.9977],"uv_size":[-0.123,-0.1406]},"west":{"uv":[9.123,3.9977],"uv_size":[-0.123,-0.1406]},"up":{"uv":[12.123,2.6417],"uv_size":[-0.123,-0.0703]},"down":{"uv":[12.123,3.4297],"uv_size":[-0.123,0.0703]}}}],"name":"rot_21"},{"parent":"geyser_custom_z","pivot":[0,6,0.0875],"rotation":[-0,0,0],"cubes":[{"origin":[-0.2,-3.0875,-8.9125],"size":[0.4,18,18],"pivot":[0,6,0.0875],"uv":{"east":{"uv":[11.484,11.4126],"uv_size":[-1.984,-2.2697]},"west":{"uv":[9.516,11.4126],"uv_size":[1.984,-2.2697]}}}],"name":"rot_22"},{"parent":"geyser_custom_z","pivot":[0.25,-3.0784,-1.8466],"rotation":[0,-0,0],"cubes":[{"origin":[0.095,-4.644,-1.3827],"size":[0.31,0.8,0.75],"pivot":[0.25,-3.0784,-1.8466],"uv":{"north":{"uv":[9.7515,4.4303],"uv_size":[0.0923,0.1054]},"south":{"uv":[9.5015,4.534],"uv_size":[0.0923,-0.1054]},"east":{"uv":[11.9673,0.8589],"uv_size":[-0.0923,0.1054]},"west":{"uv":[11.9673,1.1446],"uv_size":[-0.0923,0.1054]},"up":{"uv":[9.0923,4.4303],"uv_size":[-0.0923,0.1054]},"down":{"uv":[9.3423,4.4303],"uv_size":[-0.0923,0.1054]}}}],"name":"rot_23"},{"parent":"geyser_custom_z","pivot":[0.25,-3.0784,1.8466],"rotation":[0,-0,0],"cubes":[{"origin":[0.095,-4.644,0.6327],"size":[0.31,0.8,0.75],"pivot":[0.25,-3.0784,1.8466],"uv":{"north":{"uv":[9.5015,4.4303],"uv_size":[0.0923,0.1054]},"south":{"uv":[9.7515,4.534],"uv_size":[0.0923,-0.1054]},"east":{"uv":[11.9673,0.9626],"uv_size":[-0.0923,-0.1054]},"west":{"uv":[11.9673,1.2483],"uv_size":[-0.0923,-0.1054]},"up":{"uv":[9.0923,4.534],"uv_size":[-0.0923,-0.1054]},"down":{"uv":[9.3423,4.534],"uv_size":[-0.0923,-0.1054]}}}],"name":"rot_24"},{"parent":"geyser_custom_z","pivot":[0.5,-5.3284,-0.334],"rotation":[-22.5,0,0],"cubes":[{"origin":[0.2,-5.0245,-0.2216],"size":[0.6,1.5,0.65],"pivot":[0.5,-5.3284,-0.334],"uv":{"north":{"uv":[8.251,4.3537],"uv_size":[0.0615,-0.2109]},"south":{"uv":[11.626,0.2109],"uv_size":[0.0615,-0.2109]},"east":{"uv":[11.1265,0.2109],"uv_size":[0.0923,-0.2109]},"west":{"uv":[11.1265,0.6394],"uv_size":[0.0923,-0.2109]},"up":{"uv":[11.9673,4.6417],"uv_size":[-0.0923,-0.0703]},"down":{"uv":[12.0923,4.2869],"uv_size":[-0.0923,0.0703]}}}],"name":"rot_25"},{"parent":"geyser_custom_z","pivot":[0.25,-3.0784,1.8466],"rotation":[-22.5,0,0],"cubes":[{"origin":[0,-3.8562,1.5335],"size":[0.5,1,1],"pivot":[0.25,-3.0784,1.8466],"uv":{"north":{"uv":[8.252,3.8594],"uv_size":[0.123,0.1406]},"south":{"uv":[11.377,0.4263],"uv_size":[0.123,-0.1406]},"east":{"uv":[11.373,3.2834],"uv_size":[-0.123,-0.1406]},"west":{"uv":[8.123,3.9977],"uv_size":[-0.123,-0.1406]},"up":{"uv":[11.248,3.8549],"uv_size":[-0.123,-0.1406]},"down":{"uv":[11.498,0.1406],"uv_size":[-0.123,-0.1406]}}}],"name":"rot_26"},{"parent":"geyser_custom_z","pivot":[0,1.0528,1.8301],"rotation":[-22.5,0,0],"cubes":[{"origin":[-0.45,-1.3272,0.2051],"size":[0.65,4.76,3.25],"pivot":[0,1.0528,1.8301],"uv":{"east":{"uv":[9.6345,0.4569],"uv_size":[0.5843,-0.4569]},"west":{"uv":[10.2093,0.4569],"uv_size":[-0.5843,-0.4569]}}}],"name":"rot_27"},{"parent":"geyser_custom_z","pivot":[0,4.2125,-2.1037],"rotation":[-22.5,0,0],"cubes":[{"origin":[-0.405,4.4486,-3.1883],"size":[0.81,0.75,0.8],"pivot":[0,4.2125,-2.1037],"uv":{"north":{"uv":[11.7515,2.2874],"uv_size":[0.0923,0.1054]},"south":{"uv":[11.7515,1.716],"uv_size":[0.0923,0.1054]},"east":{"uv":[9.2515,4.1446],"uv_size":[0.0923,0.1054]},"west":{"uv":[11.7515,2.0017],"uv_size":[0.0923,0.1054]},"up":{"uv":[11.2515,4.2874],"uv_size":[0.0923,0.1054]},"down":{"uv":[11.5015,4.3911],"uv_size":[0.0923,-0.1054]}}},{"origin":[-0.6,2.9561,-2.0644],"size":[1.2,1.5,1.5],"pivot":[0,4.2125,-2.1037],"uv":{"north":{"uv":[10.9345,1.4614],"uv_size":[-0.1845,-0.1757]},"south":{"uv":[10.9345,1.7171],"uv_size":[-0.1845,0.1757]},"east":{"uv":[9.128,2.5749],"uv_size":[0.1845,0.2109]},"west":{"uv":[10.378,0.0034],"uv_size":[0.1845,0.2109]},"up":{"uv":[10.9038,0.6394],"uv_size":[-0.1538,-0.2109]},"down":{"uv":[10.9038,1.068],"uv_size":[-0.1538,-0.2109]}}}],"name":"rot_28"},{"parent":"geyser_custom_z","pivot":[0,4.2125,2.1037],"rotation":[-22.5,0,0],"cubes":[{"origin":[-0.4,4.1463,1.9037],"size":[0.8,1,0.8],"pivot":[0,4.2125,2.1037],"uv":{"north":{"uv":[11.4673,2.5737],"uv_size":[-0.0923,0.1406]},"south":{"uv":[10.8423,3.8594],"uv_size":[-0.0923,0.1406]},"east":{"uv":[9.3423,3.8594],"uv_size":[-0.0923,0.1406]},"west":{"uv":[10.5923,3.8594],"uv_size":[-0.0923,0.1406]},"up":{"uv":[11.8423,4.2874],"uv_size":[-0.0923,0.1054]},"down":{"uv":[11.9673,0.1054],"uv_size":[-0.0923,-0.1054]}}}],"name":"rot_29"},{"parent":"geyser_custom_z","pivot":[0,4.6625,4.8375],"rotation":[-22.5,0,0],"cubes":[{"origin":[-0.1,1.1575,0.9125],"size":[0.2,7.01,7.85],"pivot":[0,4.6625,4.8375],"uv":{"east":{"uv":[11.516,9.1624],"uv_size":[0.984,1.1233]},"west":{"uv":[12.484,9.1624],"uv_size":[-0.984,1.1233]}}}],"name":"rot_30"},{"parent":"geyser_custom_z","pivot":[0,4.9125,0],"rotation":[-22.5,0,0],"cubes":[{"origin":[-0.3,3.8664,-0.7148],"size":[0.6,1.5,0.65],"pivot":[0,4.9125,0],"uv":{"north":{"uv":[11.6865,0.0034],"uv_size":[-0.0615,0.2109]},"south":{"uv":[8.3115,4.1463],"uv_size":[-0.0615,0.2109]},"east":{"uv":[11.2173,0.0034],"uv_size":[-0.0923,0.2109]},"west":{"uv":[11.2173,0.432],"uv_size":[-0.0923,0.2109]},"up":{"uv":[12.0923,4.2869],"uv_size":[-0.0923,0.0703]},"down":{"uv":[11.9673,4.6417],"uv_size":[-0.0923,-0.0703]}}}],"name":"rot_31"},{"parent":"geyser_custom_z","pivot":[0,5.3998,-1.4916],"rotation":[-22.5,0,0],"cubes":[{"origin":[-0.325,4.6675,-1.992],"size":[0.65,1.05,0.455],"pivot":[0,5.3998,-1.4916],"uv":{"north":{"uv":[10.3755,4.8549],"uv_size":[0.0308,-0.1406]},"south":{"uv":[12.1255,2.9977],"uv_size":[0.0308,-0.1406]},"east":{"uv":[8.251,4.712],"uv_size":[0.0615,-0.1406]},"west":{"uv":[12.001,1.8549],"uv_size":[0.0615,-0.1406]},"up":{"uv":[12.251,1.6066],"uv_size":[0.0615,-0.0351]},"down":{"uv":[12.251,1.8577],"uv_size":[0.0615,0.0351]}}}],"name":"rot_32"},{"parent":"geyser_custom_z","pivot":[0,5.3998,1.4916],"rotation":[-22.5,0,0],"cubes":[{"origin":[-0.325,4.6675,0.9913],"size":[0.65,1.05,0.455],"pivot":[0,5.3998,1.4916],"uv":{"north":{"uv":[10.1558,4.8549],"uv_size":[-0.0308,-0.1406]},"south":{"uv":[9.9058,4.8549],"uv_size":[-0.0308,-0.1406]},"east":{"uv":[11.0615,4.5691],"uv_size":[-0.0615,-0.1406]},"west":{"uv":[8.0615,4.712],"uv_size":[-0.0615,-0.1406]},"up":{"uv":[8.0615,4.8923],"uv_size":[-0.0615,-0.0351]},"down":{"uv":[8.3115,4.8577],"uv_size":[-0.0615,0.0351]}}}],"name":"rot_33"},{"parent":"geyser_custom_z","pivot":[0,6.4367,3.8195],"rotation":[-22.5,0,0],"cubes":[{"origin":[-0.06,1.7162,0.9333],"size":[0.12,7.85,7.01],"pivot":[0,6.4367,3.8195],"uv":{"east":{"uv":[13.516,10.2697],"uv_size":[0.984,-1.1269]},"west":{"uv":[14.484,10.2697],"uv_size":[-0.984,-1.1269]}}}],"name":"rot_34"},{"parent":"geyser_custom_z","pivot":[-0.125,-0.1972,1.9345],"rotation":[0,-22.5,0],"cubes":[{"origin":[-0.2,-4.5772,-0.1905],"size":[0.15,8.76,4.25],"pivot":[-0.125,-0.1972,1.9345],"uv":{"east":{"uv":[12.385,4.9483],"uv_size":[0.615,-1.4126]},"west":{"uv":[12.99,4.9483],"uv_size":[-0.615,-1.4126]}}}],"name":"rot_35"},{"parent":"geyser_custom_z","pivot":[-0.55,-2.3375,3.4125],"rotation":[0,-22.5,0],"cubes":[{"origin":[-0.85,-5.8425,-0.5125],"size":[0.35,7.01,7.85],"pivot":[-0.55,-2.3375,3.4125],"uv":{"east":{"uv":[12.484,9.1624],"uv_size":[-0.984,1.1233]},"west":{"uv":[11.516,9.1624],"uv_size":[0.984,1.1233]}}}],"name":"rot_36"},{"parent":"geyser_custom_z","pivot":[0.5,-5.3284,-0.334],"rotation":[-45,0,0],"cubes":[{"origin":[0.1,-4.8701,-1.8199],"size":[0.8,1.5,1.5],"pivot":[0.5,-5.3284,-0.334],"uv":{"north":{"uv":[11.376,4.068],"uv_size":[0.0615,-0.2109]},"south":{"uv":[11.376,3.6394],"uv_size":[0.0615,-0.2109]},"east":{"uv":[10.378,0.6394],"uv_size":[0.1845,-0.2109]},"west":{"uv":[10.378,1.068],"uv_size":[0.1845,-0.2109]},"up":{"uv":[11.6845,1.2131],"uv_size":[-0.1845,-0.0703]},"down":{"uv":[11.6845,0.8583],"uv_size":[-0.1845,0.0703]}}},{"origin":[0.195,-5.44,-0.43],"size":[0.61,0.68,0.68],"pivot":[0.5,-5.3284,-0.334],"uv":{"north":{"uv":[12.126,0.3911],"uv_size":[0.0615,-0.1054]},"south":{"uv":[12.126,0.1054],"uv_size":[0.0615,-0.1054]},"east":{"uv":[11.8765,0.3911],"uv_size":[0.0923,-0.1054]},"west":{"uv":[8.5015,4.534],"uv_size":[0.0923,-0.1054]},"up":{"uv":[12.2173,0.6417],"uv_size":[-0.0923,-0.0703]},"down":{"uv":[8.5923,4.7154],"uv_size":[-0.0923,0.0703]}}}],"name":"rot_37"},{"parent":"geyser_custom_z","pivot":[0.25,-3.0784,1.8466],"rotation":[-45,0,0],"cubes":[{"origin":[0.1,-4.5135,1.8256],"size":[0.3,1,0.8],"pivot":[0.25,-3.0784,1.8466],"uv":{"north":{"uv":[8.752,4.1446],"uv_size":[0.123,0.1054]},"south":{"uv":[9.002,4.2483],"uv_size":[0.123,-0.1054]},"east":{"uv":[11.748,0.534],"uv_size":[-0.123,-0.1054]},"west":{"uv":[8.623,4.2483],"uv_size":[-0.123,-0.1054]},"up":{"uv":[10.0923,4.534],"uv_size":[-0.0923,-0.1054]},"down":{"uv":[10.3423,4.534],"uv_size":[-0.0923,-0.1054]}}}],"name":"rot_38"},{"parent":"geyser_custom_z","pivot":[0,4.2125,2.1037],"rotation":[-45,0,0],"cubes":[{"origin":[-0.5,3.4587,1.817],"size":[1,1,1],"pivot":[0,4.2125,2.1037],"uv":{"north":{"uv":[11.248,2.288],"uv_size":[-0.123,0.1406]},"south":{"uv":[11.248,3.4309],"uv_size":[-0.123,0.1406]},"east":{"uv":[11.248,2.0023],"uv_size":[-0.123,0.1406]},"west":{"uv":[11.248,2.5737],"uv_size":[-0.123,0.1406]},"up":{"uv":[9.623,3.7166],"uv_size":[-0.123,0.1406]},"down":{"uv":[11.373,2.9977],"uv_size":[-0.123,-0.1406]}}}],"name":"rot_39"},{"parent":"geyser_custom_z","pivot":[0,4.9125,0],"rotation":[-45,0,0],"cubes":[{"origin":[-0.4,3.6725,-0.26],"size":[0.8,1.5,1.5],"pivot":[0,4.9125,0],"uv":{"north":{"uv":[11.4365,3.432],"uv_size":[-0.0615,0.2109]},"south":{"uv":[11.4365,3.8606],"uv_size":[-0.0615,0.2109]},"east":{"uv":[10.5595,0.432],"uv_size":[-0.1845,0.2109]},"west":{"uv":[10.5595,0.8606],"uv_size":[-0.1845,0.2109]},"up":{"uv":[11.6845,0.8583],"uv_size":[-0.1845,0.0703]},"down":{"uv":[11.6845,1.2131],"uv_size":[-0.1845,-0.0703]}}},{"origin":[-0.305,5.0625,-0.83],"size":[0.61,0.68,0.68],"pivot":[0,4.9125,0],"uv":{"north":{"uv":[12.1865,0.0017],"uv_size":[-0.0615,0.1054]},"south":{"uv":[12.1865,0.2874],"uv_size":[-0.0615,0.1054]},"east":{"uv":[11.9673,0.2874],"uv_size":[-0.0923,0.1054]},"west":{"uv":[8.5923,4.4303],"uv_size":[-0.0923,0.1054]},"up":{"uv":[8.5923,4.7154],"uv_size":[-0.0923,0.0703]},"down":{"uv":[12.2173,0.6417],"uv_size":[-0.0923,-0.0703]}}}],"name":"rot_40"},{"parent":"geyser_custom_z","pivot":[0,5.3998,-1.4916],"rotation":[-45,0,0],"cubes":[{"origin":[-0.36,4.5318,-1.6737],"size":[0.72,1.05,1.05],"pivot":[0,5.3998,-1.4916],"uv":{"north":{"uv":[10.5615,4.4309],"uv_size":[-0.0615,0.1406]},"south":{"uv":[11.9365,2.8594],"uv_size":[-0.0615,0.1406]},"east":{"uv":[8.623,3.8594],"uv_size":[-0.123,0.1406]},"west":{"uv":[11.498,0.5737],"uv_size":[-0.123,0.1406]},"up":{"uv":[10.873,4.4297],"uv_size":[-0.123,0.0703]},"down":{"uv":[11.998,3.2131],"uv_size":[-0.123,-0.0703]}}},{"origin":[-0.3285,5.5047,-2.0726],"size":[0.657,0.476,0.476],"pivot":[0,5.3998,-1.4916],"uv":{"north":{"uv":[10.6558,4.7154],"uv_size":[-0.0308,0.0703]},"south":{"uv":[12.1558,3.144],"uv_size":[-0.0308,0.0703]},"east":{"uv":[9.4365,4.7154],"uv_size":[-0.0615,0.0703]},"west":{"uv":[9.6865,4.7154],"uv_size":[-0.0615,0.0703]},"up":{"uv":[10.9365,4.7149],"uv_size":[-0.0615,0.0351]},"down":{"uv":[12.1865,4.6066],"uv_size":[-0.0615,-0.0351]}}}],"name":"rot_41"}]}]}
