{"format_version":"1.16.0","minecraft:geometry":[{"description":{"identifier":"geometry.geyser_custom.geo_7da47de","texture_width":16,"texture_height":16,"visible_bounds_width":4,"visible_bounds_height":4.5,"visible_bounds_offset":[0,0.75,0]},"bones":[{"name":"geyser_custom","binding":"c.item_slot == 'head' ? 'head' : q.item_slot_to_bone_name(c.item_slot)","pivot":[0,8,0]},{"name":"geyser_custom_x","parent":"geyser_custom","pivot":[0,8,0]},{"name":"geyser_custom_y","parent":"geyser_custom_x","pivot":[0,8,0]},{"name":"geyser_custom_z","parent":"geyser_custom_y","pivot":[0,8,0],"cubes":[]},{"parent":"geyser_custom_z","pivot":[0.05,14.9375,0],"rotation":[45,0,0],"cubes":[{"origin":[-0.4,11.209,-3.7285],"size":[0.8,1.5,1.5],"pivot":[0.05,14.9375,0],"uv":{"north":{"uv":[11.376,3.8606],"uv_size":[0.0615,0.2109]},"south":{"uv":[11.376,3.432],"uv_size":[0.0615,0.2109]},"east":{"uv":[10.378,0.432],"uv_size":[0.1845,0.2109]},"west":{"uv":[10.378,0.8606],"uv_size":[0.1845,0.2109]},"up":{"uv":[11.503,0.8583],"uv_size":[0.1845,0.0703]},"down":{"uv":[11.503,1.2131],"uv_size":[0.1845,-0.0703]}}}],"name":"rot_1"},{"parent":"geyser_custom_z","pivot":[0,4.9375,0],"rotation":[45,0,0],"cubes":[{"origin":[-0.8,-3.2636,-8.2011],"size":[1.6,1.5,1.5],"pivot":[0,4.9375,0],"uv":{"north":{"uv":[10.128,3.0034],"uv_size":[0.1845,0.2109]},"south":{"uv":[10.378,2.5749],"uv_size":[0.1845,0.2109]},"east":{"uv":[10.378,2.1463],"uv_size":[0.1845,0.2109]},"west":{"uv":[9.128,3.0034],"uv_size":[0.1845,0.2109]},"up":{"uv":[10.503,3.0034],"uv_size":[0.1845,0.2109]},"down":{"uv":[10.753,0.2109],"uv_size":[0.1845,-0.2109]}}}],"name":"rot_2"},{"parent":"geyser_custom_z","pivot":[0,6.9375,0],"rotation":[45,0,0],"cubes":[{"origin":[-0.46,5.5256,-1.4119],"size":[0.92,1.05,1.05],"pivot":[0,6.9375,0],"uv":{"north":{"uv":[11.876,2.8594],"uv_size":[0.0615,0.1406]},"south":{"uv":[10.501,4.4309],"uv_size":[0.0615,0.1406]},"east":{"uv":[8.502,3.8594],"uv_size":[0.123,0.1406]},"west":{"uv":[11.377,0.5737],"uv_size":[0.123,0.1406]},"up":{"uv":[10.752,4.4297],"uv_size":[0.123,0.0703]},"down":{"uv":[11.877,3.2131],"uv_size":[0.123,-0.0703]}}},{"origin":[-0.4285,6.4985,-0.439],"size":[0.857,0.476,0.476],"pivot":[0,6.9375,0],"uv":{"north":{"uv":[12.1255,3.144],"uv_size":[0.0308,0.0703]},"south":{"uv":[10.6255,4.7154],"uv_size":[0.0308,0.0703]},"east":{"uv":[9.376,4.7154],"uv_size":[0.0615,0.0703]},"west":{"uv":[9.626,4.7154],"uv_size":[0.0615,0.0703]},"up":{"uv":[10.876,4.7149],"uv_size":[0.0615,0.0351]},"down":{"uv":[12.126,4.6066],"uv_size":[0.0615,-0.0351]}}}],"name":"rot_3"},{"parent":"geyser_custom_z","pivot":[0,14.9375,0],"rotation":[45,0,0],"cubes":[{"origin":[-0.6,10.979,-5.3727],"size":[1.2,1.5,1.5],"pivot":[0,14.9375,0],"uv":{"north":{"uv":[10.7525,0.8606],"uv_size":[0.1538,0.2109]},"south":{"uv":[10.7525,0.432],"uv_size":[0.1538,0.2109]},"east":{"uv":[9.128,2.5749],"uv_size":[0.1845,0.2109]},"west":{"uv":[10.378,0.0034],"uv_size":[0.1845,0.2109]},"up":{"uv":[10.753,1.2886],"uv_size":[0.1845,0.1757]},"down":{"uv":[10.753,1.89],"uv_size":[0.1845,-0.1757]}}},{"origin":[-0.305,12.599,-2.3385],"size":[0.61,0.68,0.68],"pivot":[0,14.9375,0],"uv":{"north":{"uv":[12.126,0.2874],"uv_size":[0.0615,0.1054]},"south":{"uv":[12.126,0.0017],"uv_size":[0.0615,0.1054]},"east":{"uv":[11.8765,0.2874],"uv_size":[0.0923,0.1054]},"west":{"uv":[8.5015,4.4303],"uv_size":[0.0923,0.1054]},"up":{"uv":[8.5015,4.7154],"uv_size":[0.0923,0.0703]},"down":{"uv":[12.1265,0.6417],"uv_size":[0.0923,-0.0703]}}},{"origin":[-0.405,12.685,-6.7212],"size":[0.81,0.75,0.8],"pivot":[0,14.9375,0],"uv":{"north":{"uv":[9.2515,4.4303],"uv_size":[0.0923,0.1054]},"south":{"uv":[9.0015,4.4303],"uv_size":[0.0923,0.1054]},"east":{"uv":[11.8765,0.8589],"uv_size":[0.0923,0.1054]},"west":{"uv":[11.8765,1.1446],"uv_size":[0.0923,0.1054]},"up":{"uv":[9.5015,4.4303],"uv_size":[0.0923,0.1054]},"down":{"uv":[9.7515,4.534],"uv_size":[0.0923,-0.1054]}}},{"origin":[-0.36,13.5256,-1.4119],"size":[0.72,1.05,1.05],"pivot":[0,14.9375,0],"uv":{"north":{"uv":[11.876,2.8594],"uv_size":[0.0615,0.1406]},"south":{"uv":[10.501,4.4309],"uv_size":[0.0615,0.1406]},"east":{"uv":[8.502,3.8594],"uv_size":[0.123,0.1406]},"west":{"uv":[11.377,0.5737],"uv_size":[0.123,0.1406]},"up":{"uv":[10.752,4.4297],"uv_size":[0.123,0.0703]},"down":{"uv":[11.877,3.2131],"uv_size":[0.123,-0.0703]}}},{"origin":[-0.3285,14.4985,-0.439],"size":[0.657,0.476,0.476],"pivot":[0,14.9375,0],"uv":{"north":{"uv":[12.1255,3.144],"uv_size":[0.0308,0.0703]},"south":{"uv":[10.6255,4.7154],"uv_size":[0.0308,0.0703]},"east":{"uv":[9.376,4.7154],"uv_size":[0.0615,0.0703]},"west":{"uv":[9.626,4.7154],"uv_size":[0.0615,0.0703]},"up":{"uv":[10.876,4.7149],"uv_size":[0.0615,0.0351]},"down":{"uv":[12.126,4.6066],"uv_size":[0.0615,-0.0351]}}},{"origin":[-0.405,11.0573,-2.1347],"size":[0.81,0.75,0.8],"pivot":[0,14.9375,0],"uv":{"north":{"uv":[11.8423,1.716],"uv_size":[-0.0923,0.1054]},"south":{"uv":[11.8423,2.2874],"uv_size":[-0.0923,0.1054]},"east":{"uv":[9.3423,4.1446],"uv_size":[-0.0923,0.1054]},"west":{"uv":[11.8423,2.0017],"uv_size":[-0.0923,0.1054]},"up":{"uv":[11.3423,4.2874],"uv_size":[-0.0923,0.1054]},"down":{"uv":[11.5923,4.3911],"uv_size":[-0.0923,-0.1054]}}}],"name":"rot_4"},{"parent":"geyser_custom_z","pivot":[0,-2.5375,0],"rotation":[22.5,0,0],"cubes":[{"origin":[-0.425,-2.1445,-0.2059],"size":[0.85,1.05,0.455],"pivot":[0,-2.5375,0],"uv":{"north":{"uv":[10.1255,4.8549],"uv_size":[0.0308,-0.1406]},"south":{"uv":[9.8755,4.8549],"uv_size":[0.0308,-0.1406]},"east":{"uv":[11.001,4.5691],"uv_size":[0.0615,-0.1406]},"west":{"uv":[8.001,4.712],"uv_size":[0.0615,-0.1406]},"up":{"uv":[8.3115,4.8923],"uv_size":[-0.0615,-0.0351]},"down":{"uv":[8.0615,4.8577],"uv_size":[-0.0615,0.0351]}}}],"name":"rot_5"},{"parent":"geyser_custom_z","pivot":[0,6.9375,0],"rotation":[22.5,0,0],"cubes":[{"origin":[-0.425,5.4945,-0.2491],"size":[0.85,1.05,0.455],"pivot":[0,6.9375,0],"uv":{"north":{"uv":[12.1255,2.8594],"uv_size":[0.0308,0.1406]},"south":{"uv":[10.3755,4.7166],"uv_size":[0.0308,0.1406]},"east":{"uv":[8.251,4.5737],"uv_size":[0.0615,0.1406]},"west":{"uv":[12.001,1.7166],"uv_size":[0.0615,0.1406]},"up":{"uv":[12.251,1.572],"uv_size":[0.0615,0.0351]},"down":{"uv":[12.251,1.8923],"uv_size":[0.0615,-0.0351]}}}],"name":"rot_6"},{"parent":"geyser_custom_z","pivot":[0,9.35,2.75],"rotation":[22.5,0,0],"cubes":[{"origin":[-0.055,5.425,-0.755],"size":[0.11,5.1,7.01],"pivot":[0,9.35,2.75],"uv":{"east":{"uv":[13.5115,9.1589],"uv_size":[0.7073,1.1269]},"west":{"uv":[14.2073,9.1589],"uv_size":[-0.7073,1.1269]}}}],"name":"rot_7"},{"parent":"geyser_custom_z","pivot":[0,12.55,-4.5],"rotation":[22.5,0,0],"cubes":[{"origin":[-0.1,9.045,-8.425],"size":[0.2,7.01,7.85],"pivot":[0,12.55,-4.5],"uv":{"east":{"uv":[12.484,9.1624],"uv_size":[-0.984,1.1233]},"west":{"uv":[11.516,9.1624],"uv_size":[0.984,1.1233]}}}],"name":"rot_8"},{"parent":"geyser_custom_z","pivot":[0,14.9375,0],"rotation":[22.5,0,0],"cubes":[{"origin":[-0.5,10.3733,-3.5905],"size":[1,1,1],"pivot":[0,14.9375,0],"uv":{"north":{"uv":[11.127,3.4309],"uv_size":[0.123,0.1406]},"south":{"uv":[11.127,2.288],"uv_size":[0.123,0.1406]},"east":{"uv":[11.127,2.0023],"uv_size":[0.123,0.1406]},"west":{"uv":[11.127,2.5737],"uv_size":[0.123,0.1406]},"up":{"uv":[9.502,3.7166],"uv_size":[0.123,0.1406]},"down":{"uv":[11.252,2.9977],"uv_size":[0.123,-0.1406]}}},{"origin":[-0.3,10.64,-1.282],"size":[0.6,1.5,0.65],"pivot":[0,14.9375,0],"uv":{"north":{"uv":[8.251,4.1463],"uv_size":[0.0615,0.2109]},"south":{"uv":[11.626,0.0034],"uv_size":[0.0615,0.2109]},"east":{"uv":[11.1265,0.0034],"uv_size":[0.0923,0.2109]},"west":{"uv":[11.1265,0.432],"uv_size":[0.0923,0.2109]},"up":{"uv":[12.0015,4.2869],"uv_size":[0.0923,0.0703]},"down":{"uv":[11.8765,4.6417],"uv_size":[0.0923,-0.0703]}}},{"origin":[-0.5,9.768,-4.5014],"size":[1,1,1],"pivot":[0,14.9375,0],"uv":{"north":{"uv":[11.377,0.0023],"uv_size":[0.123,0.1406]},"south":{"uv":[11.127,3.7166],"uv_size":[0.123,0.1406]},"east":{"uv":[11.252,3.1451],"uv_size":[0.123,0.1406]},"west":{"uv":[8.002,3.8594],"uv_size":[0.123,0.1406]},"up":{"uv":[8.252,3.8594],"uv_size":[0.123,0.1406]},"down":{"uv":[11.377,0.4263],"uv_size":[0.123,-0.1406]}}},{"origin":[-0.325,13.4945,-0.2491],"size":[0.65,1.05,0.455],"pivot":[0,14.9375,0],"uv":{"north":{"uv":[12.1255,2.8594],"uv_size":[0.0308,0.1406]},"south":{"uv":[10.3755,4.7166],"uv_size":[0.0308,0.1406]},"east":{"uv":[8.251,4.5737],"uv_size":[0.0615,0.1406]},"west":{"uv":[12.001,1.7166],"uv_size":[0.0615,0.1406]},"up":{"uv":[12.251,1.572],"uv_size":[0.0615,0.0351]},"down":{"uv":[12.251,1.8923],"uv_size":[0.0615,-0.0351]}}}],"name":"rot_9"},{"parent":"geyser_custom_z","pivot":[-0.005,11.35,-2.75],"rotation":[22.5,0,0],"cubes":[{"origin":[-0.05,7.845,-6.675],"size":[0.1,7.01,5.1],"pivot":[-0.005,11.35,-2.75],"uv":{"east":{"uv":[14.5115,9.1589],"uv_size":[0.7073,1.1269]},"west":{"uv":[15.2073,9.1589],"uv_size":[-0.7073,1.1269]}}}],"name":"rot_10"},{"parent":"geyser_custom_z","pivot":[0,10.65,-2.75],"rotation":[-0,0,0],"cubes":[{"origin":[-0.055,10.475,-5.255],"size":[0.11,5.1,7.01],"pivot":[0,10.65,-2.75],"uv":{"east":{"uv":[15.2073,10.2697],"uv_size":[-0.7073,-1.1269]},"west":{"uv":[14.5115,10.2697],"uv_size":[0.7073,-1.1269]}}}],"name":"rot_11"},{"parent":"geyser_custom_z","pivot":[0,10.65,2.75],"rotation":[-0,0,0],"cubes":[{"origin":[-0.055,10.475,-1.755],"size":[0.11,5.1,7.01],"pivot":[0,10.65,2.75],"uv":{"east":{"uv":[15.2073,9.1589],"uv_size":[-0.7073,1.1269]},"west":{"uv":[14.5115,9.1589],"uv_size":[0.7073,1.1269]}}}],"name":"rot_12"},{"parent":"geyser_custom_z","pivot":[0,-2.5375,0],"rotation":[0,-0,0],"cubes":[{"origin":[-0.4425,-1.76,-0.475],"size":[0.885,0.95,0.95],"pivot":[0,-2.5375,0],"uv":{"north":{"uv":[12.001,2.4263],"uv_size":[0.0615,-0.1406]},"south":{"uv":[12.001,2.1406],"uv_size":[0.0615,-0.1406]},"east":{"uv":[8.752,3.9977],"uv_size":[0.123,-0.1406]},"west":{"uv":[9.002,3.9977],"uv_size":[0.123,-0.1406]},"up":{"uv":[12.123,3.4989],"uv_size":[-0.123,-0.0703]},"down":{"uv":[12.123,2.5726],"uv_size":[-0.123,0.0703]}}}],"name":"rot_13"},{"parent":"geyser_custom_z","pivot":[0,4.625,0],"rotation":[0,-0,0],"cubes":[{"origin":[-0.4,0.5,-0.4],"size":[0.8,8.25,0.8],"pivot":[0,4.625,0],"uv":{"north":{"uv":[10.064,4.9446],"uv_size":[0.0923,1.0822]},"south":{"uv":[10.064,4.9446],"uv_size":[0.0923,1.0822]},"east":{"uv":[10.064,4.9446],"uv_size":[0.0923,1.0822]},"west":{"uv":[10.064,4.9446],"uv_size":[0.0923,1.0822]},"up":{"uv":[11.8765,0.5731],"uv_size":[0.0923,0.1054]},"down":{"uv":[8.7515,4.534],"uv_size":[0.0923,-0.1054]}}}],"name":"rot_14"},{"parent":"geyser_custom_z","pivot":[0,4.9375,0],"rotation":[0,-0,0],"cubes":[{"origin":[-0.675,-6.36,-0.75],"size":[1.35,1.5,1.5],"pivot":[0,4.9375,0],"uv":{"north":{"uv":[11.501,1.432],"uv_size":[0.0615,0.2109]},"south":{"uv":[9.501,4.0034],"uv_size":[0.0615,0.2109]},"east":{"uv":[10.378,1.2891],"uv_size":[0.1845,0.2109]},"west":{"uv":[10.378,1.7177],"uv_size":[0.1845,0.2109]},"up":{"uv":[11.503,3.2131],"uv_size":[0.1845,-0.0703]},"down":{"uv":[11.503,2.8583],"uv_size":[0.1845,0.0703]}}},{"origin":[-0.65,-5.3,-0.75],"size":[1.3,0.8,1.5],"pivot":[0,4.9375,0],"uv":{"north":{"uv":[10.1275,3.8589],"uv_size":[0.1538,0.1054]},"south":{"uv":[11.3775,2.2874],"uv_size":[0.1538,0.1054]},"east":{"uv":[11.128,1.4303],"uv_size":[0.1845,0.1054]},"west":{"uv":[11.128,1.716],"uv_size":[0.1845,0.1054]},"up":{"uv":[9.503,3.2886],"uv_size":[0.1845,0.1757]},"down":{"uv":[10.878,3.1757],"uv_size":[0.1845,-0.1757]}}},{"origin":[-0.55,-4.3,-0.55],"size":[1.1,0.5,1.1],"pivot":[0,4.9375,0],"uv":{"north":{"uv":[11.7525,1.4297],"uv_size":[0.1538,0.0703]},"south":{"uv":[11.6275,3.7154],"uv_size":[0.1538,0.0703]},"east":{"uv":[11.6275,3.4297],"uv_size":[0.1538,0.0703]},"west":{"uv":[11.6275,4.0011],"uv_size":[0.1538,0.0703]},"up":{"uv":[8.7525,3.4314],"uv_size":[0.1538,0.1757]},"down":{"uv":[9.1275,3.6043],"uv_size":[0.1538,-0.1757]}}},{"origin":[0,-8.5,-2.38],"size":[0,3.25,4.76],"pivot":[0,4.9375,0],"uv":{"east":{"uv":[8.0095,4.9717],"uv_size":[0.5843,0.4569]},"west":{"uv":[8.0095,4.9717],"uv_size":[0.5843,0.4569]}}}],"name":"rot_15"},{"parent":"geyser_custom_z","pivot":[0,6.9375,0],"rotation":[0,-0,0],"cubes":[{"origin":[-0.4425,5.21,-0.475],"size":[0.885,0.95,0.95],"pivot":[0,6.9375,0],"uv":{"north":{"uv":[12.001,2.288],"uv_size":[0.0615,0.1406]},"south":{"uv":[12.001,2.0023],"uv_size":[0.0615,0.1406]},"east":{"uv":[8.752,3.8594],"uv_size":[0.123,0.1406]},"west":{"uv":[9.002,3.8594],"uv_size":[0.123,0.1406]},"up":{"uv":[12.002,2.5726],"uv_size":[0.123,0.0703]},"down":{"uv":[12.002,3.4989],"uv_size":[0.123,-0.0703]}}}],"name":"rot_16"},{"parent":"geyser_custom_z","pivot":[0,10.25,0],"rotation":[0,-0,0],"cubes":[{"origin":[-0.2,1.25,-9],"size":[0.4,18,18],"pivot":[0,10.25,0],"uv":{"east":{"uv":[11.484,9.1589],"uv_size":[-1.984,2.2697]},"west":{"uv":[9.516,9.1589],"uv_size":[1.984,2.2697]}}}],"name":"rot_17"},{"parent":"geyser_custom_z","pivot":[0,14.9375,-1],"rotation":[0,-0,0],"cubes":[{"origin":[-0.2,6.495,0.625],"size":[0.4,4.76,3.25],"pivot":[0,14.9375,-1],"uv":{"east":{"uv":[9.6345,0.4569],"uv_size":[0.5843,-0.4569]},"west":{"uv":[10.2093,0.4569],"uv_size":[-0.5843,-0.4569]}}}],"name":"rot_18"},{"parent":"geyser_custom_z","pivot":[0,14.9375,0],"rotation":[0,-0,0],"cubes":[{"origin":[-0.4,10.25,-1.8],"size":[0.8,1,0.8],"pivot":[0,14.9375,0],"uv":{"north":{"uv":[10.7515,3.8594],"uv_size":[0.0923,0.1406]},"south":{"uv":[11.3765,2.5737],"uv_size":[0.0923,0.1406]},"east":{"uv":[9.2515,3.8594],"uv_size":[0.0923,0.1406]},"west":{"uv":[10.5015,3.8594],"uv_size":[0.0923,0.1406]},"up":{"uv":[11.7515,4.2874],"uv_size":[0.0923,0.1054]},"down":{"uv":[11.8765,0.1054],"uv_size":[0.0923,-0.1054]}}},{"origin":[-0.325,9.9753,-0.75],"size":[0.65,1.5,1.5],"pivot":[0,14.9375,0],"uv":{"north":{"uv":[9.501,4.0034],"uv_size":[0.0615,0.2109]},"south":{"uv":[11.501,1.432],"uv_size":[0.0615,0.2109]},"east":{"uv":[10.378,1.2891],"uv_size":[0.1845,0.2109]},"west":{"uv":[10.378,1.7177],"uv_size":[0.1845,0.2109]},"up":{"uv":[11.503,2.8583],"uv_size":[0.1845,0.0703]},"down":{"uv":[11.503,3.2131],"uv_size":[0.1845,-0.0703]}}},{"origin":[-0.65,8.6,-0.75],"size":[1.3,0.8,1.5],"pivot":[0,14.9375,0],"uv":{"north":{"uv":[11.3775,2.0017],"uv_size":[0.1538,0.1054]},"south":{"uv":[9.7525,3.8589],"uv_size":[0.1538,0.1054]},"east":{"uv":[11.128,0.8589],"uv_size":[0.1845,0.1054]},"west":{"uv":[11.128,1.1446],"uv_size":[0.1845,0.1054]},"up":{"uv":[10.753,2.1457],"uv_size":[0.1845,0.1757]},"down":{"uv":[10.753,2.7471],"uv_size":[0.1845,-0.1757]}}},{"origin":[-0.55,7.9,-0.55],"size":[1.1,0.5,1.1],"pivot":[0,14.9375,0],"uv":{"north":{"uv":[10.5025,4.144],"uv_size":[0.1538,0.0703]},"south":{"uv":[10.1275,4.144],"uv_size":[0.1538,0.0703]},"east":{"uv":[9.7525,4.144],"uv_size":[0.1538,0.0703]},"west":{"uv":[11.6275,2.5726],"uv_size":[0.1538,0.0703]},"up":{"uv":[8.0025,3.4314],"uv_size":[0.1538,0.1757]},"down":{"uv":[8.3775,3.6043],"uv_size":[0.1538,-0.1757]}}},{"origin":[-0.4,8.5922,-3.1598],"size":[0.8,0.8,1],"pivot":[0,14.9375,0],"uv":{"north":{"uv":[10.2515,4.4303],"uv_size":[0.0923,0.1054]},"south":{"uv":[10.0015,4.4303],"uv_size":[0.0923,0.1054]},"east":{"uv":[11.627,0.4303],"uv_size":[0.123,0.1054]},"west":{"uv":[8.502,4.1446],"uv_size":[0.123,0.1054]},"up":{"uv":[8.752,4.1446],"uv_size":[0.123,0.1054]},"down":{"uv":[9.002,4.2483],"uv_size":[0.123,-0.1054]}}},{"origin":[-0.3425,13.21,-0.475],"size":[0.685,0.95,0.95],"pivot":[0,14.9375,0],"uv":{"north":{"uv":[12.001,2.288],"uv_size":[0.0615,0.1406]},"south":{"uv":[12.001,2.0023],"uv_size":[0.0615,0.1406]},"east":{"uv":[8.752,3.8594],"uv_size":[0.123,0.1406]},"west":{"uv":[9.002,3.8594],"uv_size":[0.123,0.1406]},"up":{"uv":[12.002,2.5726],"uv_size":[0.123,0.0703]},"down":{"uv":[12.002,3.4989],"uv_size":[0.123,-0.0703]}}},{"origin":[-0.4,10.25,1],"size":[0.8,1,0.8],"pivot":[0,14.9375,0],"uv":{"north":{"uv":[11.4673,2.5737],"uv_size":[-0.0923,0.1406]},"south":{"uv":[10.8423,3.8594],"uv_size":[-0.0923,0.1406]},"east":{"uv":[9.3423,3.8594],"uv_size":[-0.0923,0.1406]},"west":{"uv":[10.5923,3.8594],"uv_size":[-0.0923,0.1406]},"up":{"uv":[11.8423,4.2874],"uv_size":[-0.0923,0.1054]},"down":{"uv":[11.9673,0.1054],"uv_size":[-0.0923,-0.1054]}}}],"name":"rot_19"},{"parent":"geyser_custom_z","pivot":[0,14.9375,1],"rotation":[0,-0,0],"cubes":[{"origin":[-0.2,6.495,-3.875],"size":[0.4,4.76,3.25],"pivot":[0,14.9375,1],"uv":{"east":{"uv":[9.6345,0.0074],"uv_size":[0.5843,0.4569]},"west":{"uv":[10.2093,0.0074],"uv_size":[-0.5843,0.4569]}}}],"name":"rot_20"},{"parent":"geyser_custom_z","pivot":[-0.005,-0.375,0.005],"rotation":[0,-0,0],"cubes":[{"origin":[-0.395,-4.5,-0.395],"size":[0.79,8.25,0.79],"pivot":[-0.005,-0.375,0.005],"uv":{"north":{"uv":[10.064,4.9446],"uv_size":[0.0923,1.0822]},"south":{"uv":[10.064,4.9446],"uv_size":[0.0923,1.0822]},"east":{"uv":[10.064,4.9446],"uv_size":[0.0923,1.0822]},"west":{"uv":[10.064,4.9446],"uv_size":[0.0923,1.0822]},"up":{"uv":[8.7515,4.534],"uv_size":[0.0923,-0.1054]},"down":{"uv":[11.8765,0.5731],"uv_size":[0.0923,0.1054]}}}],"name":"rot_21"},{"parent":"geyser_custom_z","pivot":[-0.055,14.55,-0.125],"rotation":[0,-0,0],"cubes":[{"origin":[-0.05,12.045,-4.05],"size":[0.1,8.01,8.1],"pivot":[-0.055,14.55,-0.125],"uv":{"east":{"uv":[12.516,9.1624],"uv_size":[0.984,1.1233]},"west":{"uv":[13.484,9.1624],"uv_size":[-0.984,1.1233]}}}],"name":"rot_22"},{"parent":"geyser_custom_z","pivot":[0,-2.5375,0],"rotation":[-22.5,0,0],"cubes":[{"origin":[-0.425,-2.1445,-0.2491],"size":[0.85,1.05,0.455],"pivot":[0,-2.5375,0],"uv":{"north":{"uv":[12.1255,2.9977],"uv_size":[0.0308,-0.1406]},"south":{"uv":[10.3755,4.8549],"uv_size":[0.0308,-0.1406]},"east":{"uv":[8.251,4.712],"uv_size":[0.0615,-0.1406]},"west":{"uv":[12.001,1.8549],"uv_size":[0.0615,-0.1406]},"up":{"uv":[12.3115,1.8923],"uv_size":[-0.0615,-0.0351]},"down":{"uv":[12.3115,1.572],"uv_size":[-0.0615,0.0351]}}}],"name":"rot_23"},{"parent":"geyser_custom_z","pivot":[0,6.9375,0],"rotation":[-22.5,0,0],"cubes":[{"origin":[-0.425,5.4945,-0.2059],"size":[0.85,1.05,0.455],"pivot":[0,6.9375,0],"uv":{"north":{"uv":[10.1255,4.7166],"uv_size":[0.0308,0.1406]},"south":{"uv":[9.8755,4.7166],"uv_size":[0.0308,0.1406]},"east":{"uv":[11.001,4.4309],"uv_size":[0.0615,0.1406]},"west":{"uv":[8.001,4.5737],"uv_size":[0.0615,0.1406]},"up":{"uv":[8.001,4.8577],"uv_size":[0.0615,0.0351]},"down":{"uv":[8.251,4.8923],"uv_size":[0.0615,-0.0351]}}}],"name":"rot_24"},{"parent":"geyser_custom_z","pivot":[0,9.35,-2.75],"rotation":[-22.5,0,0],"cubes":[{"origin":[-0.055,5.425,-6.255],"size":[0.11,5.1,7.01],"pivot":[0,9.35,-2.75],"uv":{"east":{"uv":[13.5115,10.2697],"uv_size":[0.7073,-1.1269]},"west":{"uv":[14.2073,10.2697],"uv_size":[-0.7073,-1.1269]}}}],"name":"rot_25"},{"parent":"geyser_custom_z","pivot":[0,12.55,4.5],"rotation":[-22.5,0,0],"cubes":[{"origin":[-0.1,9.045,0.575],"size":[0.2,7.01,7.85],"pivot":[0,12.55,4.5],"uv":{"east":{"uv":[11.516,9.1624],"uv_size":[0.984,1.1233]},"west":{"uv":[12.484,9.1624],"uv_size":[-0.984,1.1233]}}}],"name":"rot_26"},{"parent":"geyser_custom_z","pivot":[0,14.9375,0],"rotation":[-22.5,0,0],"cubes":[{"origin":[-0.3,10.64,0.632],"size":[0.6,1.5,0.65],"pivot":[0,14.9375,0],"uv":{"north":{"uv":[8.001,4.1463],"uv_size":[0.0615,0.2109]},"south":{"uv":[11.001,4.0034],"uv_size":[0.0615,0.2109]},"east":{"uv":[10.6265,3.432],"uv_size":[0.0923,0.2109]},"west":{"uv":[10.8765,3.432],"uv_size":[0.0923,0.2109]},"up":{"uv":[12.0015,4.0011],"uv_size":[0.0923,0.0703]},"down":{"uv":[11.6265,4.6417],"uv_size":[0.0923,-0.0703]}}},{"origin":[-0.325,13.4945,-0.2059],"size":[0.65,1.05,0.455],"pivot":[0,14.9375,0],"uv":{"north":{"uv":[10.1255,4.7166],"uv_size":[0.0308,0.1406]},"south":{"uv":[9.8755,4.7166],"uv_size":[0.0308,0.1406]},"east":{"uv":[11.001,4.4309],"uv_size":[0.0615,0.1406]},"west":{"uv":[8.001,4.5737],"uv_size":[0.0615,0.1406]},"up":{"uv":[8.001,4.8577],"uv_size":[0.0615,0.0351]},"down":{"uv":[8.251,4.8923],"uv_size":[0.0615,-0.0351]}}},{"origin":[-0.5,10.3733,2.5905],"size":[1,1,1],"pivot":[0,14.9375,0],"uv":{"north":{"uv":[11.248,2.288],"uv_size":[-0.123,0.1406]},"south":{"uv":[11.248,3.4309],"uv_size":[-0.123,0.1406]},"east":{"uv":[11.248,2.0023],"uv_size":[-0.123,0.1406]},"west":{"uv":[11.248,2.5737],"uv_size":[-0.123,0.1406]},"up":{"uv":[9.623,3.7166],"uv_size":[-0.123,0.1406]},"down":{"uv":[11.373,2.9977],"uv_size":[-0.123,-0.1406]}}}],"name":"rot_27"},{"parent":"geyser_custom_z","pivot":[-0.005,11.35,2.75],"rotation":[-22.5,0,0],"cubes":[{"origin":[-0.05,7.845,1.575],"size":[0.1,7.01,5.1],"pivot":[-0.005,11.35,2.75],"uv":{"east":{"uv":[14.5115,10.2697],"uv_size":[0.7073,-1.1269]},"west":{"uv":[15.2073,10.2697],"uv_size":[-0.7073,-1.1269]}}}],"name":"rot_28"},{"parent":"geyser_custom_z","pivot":[0,-2.5375,0],"rotation":[-45,0,0],"cubes":[{"origin":[-0.46,-2.1756,-1.4119],"size":[0.92,1.05,1.05],"pivot":[0,-2.5375,0],"uv":{"north":{"uv":[11.876,2.9977],"uv_size":[0.0615,-0.1406]},"south":{"uv":[10.501,4.5691],"uv_size":[0.0615,-0.1406]},"east":{"uv":[8.502,3.9977],"uv_size":[0.123,-0.1406]},"west":{"uv":[11.377,0.712],"uv_size":[0.123,-0.1406]},"up":{"uv":[11.998,3.2131],"uv_size":[-0.123,-0.0703]},"down":{"uv":[10.873,4.4297],"uv_size":[-0.123,0.0703]}}},{"origin":[-0.4285,-2.5745,-0.439],"size":[0.857,0.476,0.476],"pivot":[0,-2.5375,0],"uv":{"north":{"uv":[12.1255,3.2131],"uv_size":[0.0308,-0.0703]},"south":{"uv":[10.6255,4.7846],"uv_size":[0.0308,-0.0703]},"east":{"uv":[9.376,4.7846],"uv_size":[0.0615,-0.0703]},"west":{"uv":[9.626,4.7846],"uv_size":[0.0615,-0.0703]},"up":{"uv":[12.1865,4.6066],"uv_size":[-0.0615,-0.0351]},"down":{"uv":[10.9365,4.7149],"uv_size":[-0.0615,0.0351]}}}],"name":"rot_29"},{"parent":"geyser_custom_z","pivot":[0,14.9375,0],"rotation":[-45,0,0],"cubes":[{"origin":[-0.405,11.0573,1.3347],"size":[0.81,0.75,0.8],"pivot":[0,14.9375,0],"uv":{"north":{"uv":[11.7515,2.2874],"uv_size":[0.0923,0.1054]},"south":{"uv":[11.7515,1.716],"uv_size":[0.0923,0.1054]},"east":{"uv":[9.2515,4.1446],"uv_size":[0.0923,0.1054]},"west":{"uv":[11.7515,2.0017],"uv_size":[0.0923,0.1054]},"up":{"uv":[11.2515,4.2874],"uv_size":[0.0923,0.1054]},"down":{"uv":[11.5015,4.3911],"uv_size":[0.0923,-0.1054]}}},{"origin":[-0.6,10.979,3.8727],"size":[1.2,1.5,1.5],"pivot":[0,14.9375,0],"uv":{"north":{"uv":[10.9038,0.432],"uv_size":[-0.1538,0.2109]},"south":{"uv":[10.9038,0.8606],"uv_size":[-0.1538,0.2109]},"east":{"uv":[9.3095,2.5749],"uv_size":[-0.1845,0.2109]},"west":{"uv":[10.5595,0.0034],"uv_size":[-0.1845,0.2109]},"up":{"uv":[10.9345,1.2886],"uv_size":[-0.1845,0.1757]},"down":{"uv":[10.9345,1.89],"uv_size":[-0.1845,-0.1757]}}}],"name":"rot_30"}]}]}
