{"format_version":"1.16.0","minecraft:geometry":[{"description":{"identifier":"geometry.geyser_custom.geo_acd5c15","texture_width":16,"texture_height":16,"visible_bounds_width":4,"visible_bounds_height":4.5,"visible_bounds_offset":[0,0.75,0]},"bones":[{"name":"geyser_custom","binding":"c.item_slot == 'head' ? 'head' : q.item_slot_to_bone_name(c.item_slot)","pivot":[0,8,0]},{"name":"geyser_custom_x","parent":"geyser_custom","pivot":[0,8,0]},{"name":"geyser_custom_y","parent":"geyser_custom_x","pivot":[0,8,0]},{"name":"geyser_custom_z","parent":"geyser_custom_y","pivot":[0,8,0],"cubes":[]},{"parent":"geyser_custom_z","pivot":[3.9745,-12.4109,0.9806],"rotation":[0,0,-45],"cubes":[{"origin":[2.5024,-10.8484,-0.125],"size":[0.75,0.325,0.25],"pivot":[3.9745,-12.4109,0.9806],"uv":{"north":{"uv":[3.253,9.1446],"uv_size":[0.1845,0.1054]},"south":{"uv":[3.253,9.4303],"uv_size":[0.1845,0.1054]},"east":{"uv":[3.876,11.716],"uv_size":[0.0615,0.1054]},"west":{"uv":[2.501,13.5731],"uv_size":[0.0615,0.1054]},"up":{"uv":[3.503,11.4297],"uv_size":[0.1845,0.0703]},"down":{"uv":[3.503,11.7846],"uv_size":[0.1845,-0.0703]}}}],"name":"rot_1"},{"parent":"geyser_custom_z","pivot":[3.4745,-12.5359,0.9806],"rotation":[0,0,-45],"cubes":[{"origin":[0.3675,-12.1434,-0.3],"size":[0.75,0.75,0.6],"pivot":[3.4745,-12.5359,0.9806],"uv":{"north":{"uv":[2.003,11.432],"uv_size":[0.1845,0.2109]},"south":{"uv":[2.003,11.8606],"uv_size":[0.1845,0.2109]},"east":{"uv":[2.7525,12.0034],"uv_size":[0.1538,0.2109]},"west":{"uv":[2.8775,9.1463],"uv_size":[0.1537,0.2109]},"up":{"uv":[2.878,9.5743],"uv_size":[0.1845,0.1757]},"down":{"uv":[2.753,12.6043],"uv_size":[0.1845,-0.1757]}}}],"name":"rot_2"},{"parent":"geyser_custom_z","pivot":[0,-8.272,1],"rotation":[0,0,-45],"cubes":[{"origin":[0.1125,-8.1595,0.8087],"size":[0.51,0.51,0.3825],"pivot":[0,-8.272,1],"uv":{"north":{"uv":[3.377,12.0023],"uv_size":[0.123,0.1406]},"south":{"uv":[3.377,12.288],"uv_size":[0.123,0.1406]},"east":{"uv":[3.6265,9.4309],"uv_size":[0.0923,0.1406]},"west":{"uv":[3.6265,12.0023],"uv_size":[0.0923,0.1406]},"up":{"uv":[3.627,12.2874],"uv_size":[0.123,0.1054]},"down":{"uv":[3.627,12.6769],"uv_size":[0.123,-0.1054]}}},{"origin":[-0.93,-9.202,0.775],"size":[1.125,1.125,0.45],"pivot":[0,-8.272,1],"uv":{"north":{"uv":[2.0045,10.2909],"uv_size":[0.2768,0.3163]},"south":{"uv":[2.0045,10.8623],"uv_size":[0.2768,0.3163]},"east":{"uv":[2.752,11.148],"uv_size":[0.123,0.3163]},"west":{"uv":[2.002,12.2909],"uv_size":[0.123,0.3163]},"up":{"uv":[2.2545,12.288],"uv_size":[0.2768,0.1406]},"down":{"uv":[2.7545,11.8549],"uv_size":[0.2768,-0.1406]}}}],"name":"rot_3"},{"parent":"geyser_custom_z","pivot":[-1.5899,-12.3269,0],"rotation":[0,0,-45],"cubes":[{"origin":[-11.7899,-14.2644,0],"size":[10.4,10.375,0],"pivot":[-1.5899,-12.3269,0],"uv":{"north":{"uv":[6.016,9.1589],"uv_size":[3.484,3.984]},"south":{"uv":[6.016,13.1269],"uv_size":[3.484,-3.984]}}}],"name":"rot_4"},{"parent":"geyser_custom_z","pivot":[-2.25,-12.0417,0.0125],"rotation":[0,0,-45],"cubes":[{"origin":[-5.8125,-15.6042,-0.05],"size":[7.125,7.125,0.125],"pivot":[-2.25,-12.0417,0.0125],"uv":{"north":{"uv":[0.016,13.4483],"uv_size":[1.7653,-2.0197]},"south":{"uv":[1.7653,13.4483],"uv_size":[-1.7653,-2.0197]},"east":{"uv":[5.7653,9.1429],"uv_size":[-1.7653,0]},"west":{"uv":[1.7653,13.7143],"uv_size":[-1.7653,0]},"up":{"uv":[3.875,13.4446],"uv_size":[0,2.0197]},"down":{"uv":[3.25,13.5874],"uv_size":[0,2.0197]}}}],"name":"rot_5"},{"parent":"geyser_custom_z","pivot":[-3.4745,-12.5359,0.9806],"rotation":[0,0,-45],"cubes":[{"origin":[-2.1701,-14.8967,-0.2025],"size":[0.4,0.375,0.405],"pivot":[-3.4745,-12.5359,0.9806],"uv":{"north":{"uv":[2.0922,13.4303],"uv_size":[-0.0923,0.1054]},"south":{"uv":[3.8423,13.1446],"uv_size":[-0.0923,0.1054]},"east":{"uv":[3.7173,13.4303],"uv_size":[-0.0923,0.1054]},"west":{"uv":[3.4673,13.4303],"uv_size":[-0.0923,0.1054]},"up":{"uv":[3.9672,9.4303],"uv_size":[-0.0923,0.1054]},"down":{"uv":[3.9672,11.2483],"uv_size":[-0.0923,-0.1054]}}}],"name":"rot_6"},{"parent":"geyser_custom_z","pivot":[-1.5754,-12.9003,0.0431],"rotation":[0,22.5,0],"cubes":[{"origin":[-7.2304,-15.7292,-0.0015],"size":[7.125,7.125,0.125],"pivot":[-1.5754,-12.9003,0.0431],"uv":{"north":{"uv":[0.016,15.984],"uv_size":[1.7653,-2.0197]},"south":{"uv":[1.7653,15.984],"uv_size":[-1.7653,-2.0197]},"east":{"uv":[5.7653,9.1429],"uv_size":[-1.7653,0]},"west":{"uv":[1.7653,13.7143],"uv_size":[-1.7653,0]},"up":{"uv":[3.875,13.4446],"uv_size":[0,2.0197]},"down":{"uv":[3.25,13.5874],"uv_size":[0,2.0197]}}}],"name":"rot_7"},{"parent":"geyser_custom_z","pivot":[-1.5899,-13.3269,0],"rotation":[0,22.5,0],"cubes":[{"origin":[-11.7899,-15.2644,0],"size":[10.4,10.375,0],"pivot":[-1.5899,-13.3269,0],"uv":{"north":{"uv":[6.016,9.1589],"uv_size":[3.484,3.984]},"south":{"uv":[6.016,13.1269],"uv_size":[3.484,-3.984]}}}],"name":"rot_8"},{"parent":"geyser_custom_z","pivot":[5.0899,-6.5769,0],"rotation":[0,0,-22.5],"cubes":[{"origin":[-0.1101,-11.7644,0],"size":[10.4,10.375,0],"pivot":[5.0899,-6.5769,0],"uv":{"north":{"uv":[9.484,9.1589],"uv_size":[-3.484,3.984]},"south":{"uv":[9.484,13.1269],"uv_size":[-3.484,-3.984]}}}],"name":"rot_9"},{"parent":"geyser_custom_z","pivot":[3.9745,-12.4109,0.9806],"rotation":[0,0,-22.5],"cubes":[{"origin":[1.8922,-11.9804,-0.15],"size":[0.75,0.75,0.3],"pivot":[3.9745,-12.4109,0.9806],"uv":{"north":{"uv":[2.378,11.432],"uv_size":[0.1845,0.2109]},"south":{"uv":[2.378,11.8606],"uv_size":[0.1845,0.2109]},"east":{"uv":[3.501,10.2891],"uv_size":[0.0615,0.2109]},"west":{"uv":[3.501,10.7177],"uv_size":[0.0615,0.2109]},"up":{"uv":[3.503,11.144],"uv_size":[0.1845,0.0703]},"down":{"uv":[2.003,13.2131],"uv_size":[0.1845,-0.0703]}}},{"origin":[2.5871,-11.2854,-0.1275],"size":[0.34,0.34,0.255],"pivot":[3.9745,-12.4109,0.9806],"uv":{"north":{"uv":[3.8765,11.4303],"uv_size":[0.0923,0.1054]},"south":{"uv":[2.2515,13.5731],"uv_size":[0.0923,0.1054]},"east":{"uv":[3.876,12.2874],"uv_size":[0.0615,0.1054]},"west":{"uv":[3.001,13.5731],"uv_size":[0.0615,0.1054]},"up":{"uv":[3.8765,12.5726],"uv_size":[0.0923,0.0703]},"down":{"uv":[3.8765,12.9274],"uv_size":[0.0923,-0.0703]}}}],"name":"rot_10"},{"parent":"geyser_custom_z","pivot":[3.4745,-12.5359,0.9806],"rotation":[0,0,-22.5],"cubes":[{"origin":[0.383,-12.7877,-0.25],"size":[0.5,0.5,0.5],"pivot":[3.4745,-12.5359,0.9806],"uv":{"north":{"uv":[2.502,11.1451],"uv_size":[0.123,0.1406]},"south":{"uv":[3.252,10.8594],"uv_size":[0.123,0.1406]},"east":{"uv":[3.252,10.5737],"uv_size":[0.123,0.1406]},"west":{"uv":[2.002,12.8594],"uv_size":[0.123,0.1406]},"up":{"uv":[3.252,11.7166],"uv_size":[0.123,0.1406]},"down":{"uv":[2.752,12.9977],"uv_size":[0.123,-0.1406]}}}],"name":"rot_11"},{"parent":"geyser_custom_z","pivot":[0,-8.272,1],"rotation":[0,0,-22.5],"cubes":[{"origin":[0.0486,-9.0565,0.8125],"size":[0.4875,1.125,0.375],"pivot":[0,-8.272,1],"uv":{"north":{"uv":[2.502,10.0051],"uv_size":[0.123,0.3163]},"south":{"uv":[2.502,10.5766],"uv_size":[0.123,0.3163]},"east":{"uv":[2.2515,12.5766],"uv_size":[0.0923,0.3163]},"west":{"uv":[2.5015,12.5766],"uv_size":[0.0923,0.3163]},"up":{"uv":[3.627,12.8589],"uv_size":[0.123,0.1054]},"down":{"uv":[3.752,9.8197],"uv_size":[0.123,-0.1054]}}}],"name":"rot_12"},{"parent":"geyser_custom_z","pivot":[-3.9745,-12.4109,0.9806],"rotation":[0,0,-22.5],"cubes":[{"origin":[-2.5726,-13.4236,-0.1375],"size":[0.75,0.75,0.275],"pivot":[-3.9745,-12.4109,0.9806],"uv":{"north":{"uv":[2.6845,9.1463],"uv_size":[-0.1845,0.2109]},"south":{"uv":[2.6845,9.5749],"uv_size":[-0.1845,0.2109]},"east":{"uv":[3.1865,13.1463],"uv_size":[-0.0615,0.2109]},"west":{"uv":[2.9365,13.1463],"uv_size":[-0.0615,0.2109]},"up":{"uv":[3.5595,13.144],"uv_size":[-0.1845,0.0703]},"down":{"uv":[3.8095,9.2131],"uv_size":[-0.1845,-0.0703]}}}],"name":"rot_13"},{"parent":"geyser_custom_z","pivot":[0,-7.7843,1],"rotation":[-0,0,0],"cubes":[{"origin":[-5,-13.2769,0.875],"size":[10,10,0.25],"pivot":[0,-7.7843,1],"uv":{"north":{"uv":[9.516,9.1589],"uv_size":[1.984,2.2697]},"south":{"uv":[11.484,9.1589],"uv_size":[-1.984,2.2697]},"east":{"uv":[9.5107,9.1429],"uv_size":[0.656,0]},"west":{"uv":[9.5107,9.1429],"uv_size":[0.656,0]},"up":{"uv":[9.5,9.155],"uv_size":[0,0.7497]},"down":{"uv":[9.5,9.155],"uv_size":[0,0.7497]}}},{"origin":[-4.0625,-11.3542,1],"size":[8.125,8.125,0],"pivot":[0,-7.7843,1],"uv":{"north":{"uv":[0.016,9.1589],"uv_size":[1.7653,2.0197]},"south":{"uv":[0.016,9.1589],"uv_size":[1.7653,2.0197]},"east":{"uv":[3.25,13.5874],"uv_size":[0,2.0197]},"west":{"uv":[3.875,13.4446],"uv_size":[0,2.0197]},"up":{"uv":[0.016,13.7143],"uv_size":[1.7653,0]},"down":{"uv":[4.016,9.1429],"uv_size":[1.7653,0]}}}],"name":"rot_14"},{"parent":"geyser_custom_z","pivot":[3.9745,-12.4109,0.9806],"rotation":[0,-0,0],"cubes":[{"origin":[2.2538,-12.523,-0.125],"size":[0.325,0.75,0.25],"pivot":[3.9745,-12.4109,0.9806],"uv":{"north":{"uv":[3.2515,9.7177],"uv_size":[0.0923,0.2109]},"south":{"uv":[3.2515,10.1463],"uv_size":[0.0923,0.2109]},"east":{"uv":[2.376,13.1463],"uv_size":[0.0615,0.2109]},"west":{"uv":[2.626,13.1463],"uv_size":[0.0615,0.2109]},"up":{"uv":[3.8765,12.0011],"uv_size":[0.0923,0.0703]},"down":{"uv":[2.7515,13.6417],"uv_size":[0.0923,-0.0703]}}}],"name":"rot_15"},{"parent":"geyser_custom_z","pivot":[3.4745,-12.5359,0.9806],"rotation":[0,-0,0],"cubes":[{"origin":[0.6,-13.5,-0.2],"size":[0.4,0.5,0.4],"pivot":[3.4745,-12.5359,0.9806],"uv":{"north":{"uv":[3.3765,12.5737],"uv_size":[0.0923,0.1406]},"south":{"uv":[3.5015,9.7166],"uv_size":[0.0923,0.1406]},"east":{"uv":[3.3765,12.8594],"uv_size":[0.0923,0.1406]},"west":{"uv":[3.5015,10.0023],"uv_size":[0.0923,0.1406]},"up":{"uv":[3.7515,10.5731],"uv_size":[0.0923,0.1054]},"down":{"uv":[3.7515,10.9626],"uv_size":[0.0923,-0.1054]}}}],"name":"rot_16"},{"parent":"geyser_custom_z","pivot":[4.6666,-7.7501,-0.125],"rotation":[0,0,0],"cubes":[{"origin":[2.7291,-9.7501,-0.125],"size":[3.875,4,0.25],"pivot":[4.6666,-7.7501,-0.125],"uv":{"north":{"uv":[12.484,9.1624],"uv_size":[-0.984,1.1233]},"south":{"uv":[11.516,9.1624],"uv_size":[0.984,1.1233]}}}],"name":"rot_17"},{"parent":"geyser_custom_z","pivot":[2.0416,-11.1249,1.375],"rotation":[0,0,0],"cubes":[{"origin":[0.1041,-13.1249,0.625],"size":[3.875,4,0.75],"pivot":[2.0416,-11.1249,1.375],"uv":{"north":{"uv":[12.484,10.2697],"uv_size":[-0.984,-1.1269]},"south":{"uv":[11.516,10.2697],"uv_size":[0.984,-1.1269]}}}],"name":"rot_18"},{"parent":"geyser_custom_z","pivot":[2.0416,-7.2501,1.375],"rotation":[0,0,0],"cubes":[{"origin":[0.1041,-9.2501,0.625],"size":[3.875,4,0.75],"pivot":[2.0416,-7.2501,1.375],"uv":{"north":{"uv":[12.484,9.1624],"uv_size":[-0.984,1.1233]},"south":{"uv":[11.516,9.1624],"uv_size":[0.984,1.1233]}}}],"name":"rot_19"},{"parent":"geyser_custom_z","pivot":[0,-8.272,1],"rotation":[0,0,0],"cubes":[{"origin":[-0.5625,-9.3542,0.7937],"size":[1.125,1.125,0.4125],"pivot":[0,-8.272,1],"uv":{"north":{"uv":[2.0045,9.148],"uv_size":[0.2768,0.3163]},"south":{"uv":[2.0045,9.7194],"uv_size":[0.2768,0.3163]},"east":{"uv":[3.0015,10.0051],"uv_size":[0.0923,0.3163]},"west":{"uv":[3.0015,10.5766],"uv_size":[0.0923,0.3163]},"up":{"uv":[3.0045,11.1446],"uv_size":[0.2768,0.1054]},"down":{"uv":[3.0045,11.534],"uv_size":[0.2768,-0.1054]}}}],"name":"rot_20"},{"parent":"geyser_custom_z","pivot":[-2.0416,-11.1249,1.375],"rotation":[0,0,0],"cubes":[{"origin":[-3.9791,-13.1249,0.625],"size":[3.875,4,0.75],"pivot":[-2.0416,-11.1249,1.375],"uv":{"north":{"uv":[11.516,10.2697],"uv_size":[0.984,-1.1269]},"south":{"uv":[12.484,10.2697],"uv_size":[-0.984,-1.1269]}}}],"name":"rot_21"},{"parent":"geyser_custom_z","pivot":[-2.0416,-7.2501,1.375],"rotation":[0,0,0],"cubes":[{"origin":[-3.9791,-9.2501,0.625],"size":[3.875,4,0.75],"pivot":[-2.0416,-7.2501,1.375],"uv":{"north":{"uv":[11.516,9.1624],"uv_size":[0.984,1.1233]},"south":{"uv":[12.484,9.1624],"uv_size":[-0.984,1.1233]}}}],"name":"rot_22"},{"parent":"geyser_custom_z","pivot":[-3.4745,-12.5359,0.9806],"rotation":[0,0,0],"cubes":[{"origin":[-1,-13.5,-0.2],"size":[0.4,0.5,0.4],"pivot":[-3.4745,-12.5359,0.9806],"uv":{"north":{"uv":[3.4673,12.5737],"uv_size":[-0.0923,0.1406]},"south":{"uv":[3.5922,9.7166],"uv_size":[-0.0923,0.1406]},"east":{"uv":[3.5922,10.0023],"uv_size":[-0.0923,0.1406]},"west":{"uv":[3.4673,12.8594],"uv_size":[-0.0923,0.1406]},"up":{"uv":[3.8423,10.5731],"uv_size":[-0.0923,0.1054]},"down":{"uv":[3.8423,10.9626],"uv_size":[-0.0923,-0.1054]}}}],"name":"rot_23"},{"parent":"geyser_custom_z","pivot":[-3.9745,-12.4109,0.9806],"rotation":[0,0,0],"cubes":[{"origin":[-2.5788,-12.523,-0.125],"size":[0.325,0.75,0.25],"pivot":[-3.9745,-12.4109,0.9806],"uv":{"north":{"uv":[3.3423,9.7177],"uv_size":[-0.0923,0.2109]},"south":{"uv":[3.3423,10.1463],"uv_size":[-0.0923,0.2109]},"east":{"uv":[2.6865,13.1463],"uv_size":[-0.0615,0.2109]},"west":{"uv":[2.4365,13.1463],"uv_size":[-0.0615,0.2109]},"up":{"uv":[3.9672,12.0011],"uv_size":[-0.0923,0.0703]},"down":{"uv":[2.8422,13.6417],"uv_size":[-0.0923,-0.0703]}}}],"name":"rot_24"},{"parent":"geyser_custom_z","pivot":[-4.6666,-7.7501,-0.125],"rotation":[0,0,0],"cubes":[{"origin":[-6.6041,-9.7501,-0.125],"size":[3.875,4,0.25],"pivot":[-4.6666,-7.7501,-0.125],"uv":{"north":{"uv":[11.516,9.1624],"uv_size":[0.984,1.1233]},"south":{"uv":[12.484,9.1624],"uv_size":[-0.984,1.1233]}}}],"name":"rot_25"},{"parent":"geyser_custom_z","pivot":[1.5899,-13.3269,0],"rotation":[0,-22.5,0],"cubes":[{"origin":[1.3899,-15.2644,0],"size":[10.4,10.375,0],"pivot":[1.5899,-13.3269,0],"uv":{"north":{"uv":[9.484,9.1589],"uv_size":[-3.484,3.984]},"south":{"uv":[9.484,13.1269],"uv_size":[-3.484,-3.984]}}}],"name":"rot_26"},{"parent":"geyser_custom_z","pivot":[1.5754,-12.9003,0.0431],"rotation":[0,-22.5,0],"cubes":[{"origin":[0.1054,-15.7292,-0.0015],"size":[7.125,7.125,0.125],"pivot":[1.5754,-12.9003,0.0431],"uv":{"north":{"uv":[0.016,13.9803],"uv_size":[1.7653,2.0197]},"south":{"uv":[1.7653,13.9803],"uv_size":[-1.7653,2.0197]},"east":{"uv":[1.7653,13.7143],"uv_size":[-1.7653,0]},"west":{"uv":[5.7653,9.1429],"uv_size":[-1.7653,0]},"up":{"uv":[3.875,15.4483],"uv_size":[0,-2.0197]},"down":{"uv":[3.25,15.5911],"uv_size":[0,-2.0197]}}}],"name":"rot_27"},{"parent":"geyser_custom_z","pivot":[3.9745,-12.4109,0.9806],"rotation":[0,0,22.5],"cubes":[{"origin":[1.8226,-13.4236,-0.1375],"size":[0.75,0.75,0.275],"pivot":[3.9745,-12.4109,0.9806],"uv":{"north":{"uv":[2.503,9.1463],"uv_size":[0.1845,0.2109]},"south":{"uv":[2.503,9.5749],"uv_size":[0.1845,0.2109]},"east":{"uv":[2.876,13.1463],"uv_size":[0.0615,0.2109]},"west":{"uv":[3.126,13.1463],"uv_size":[0.0615,0.2109]},"up":{"uv":[3.378,13.144],"uv_size":[0.1845,0.0703]},"down":{"uv":[3.628,9.2131],"uv_size":[0.1845,-0.0703]}}}],"name":"rot_28"},{"parent":"geyser_custom_z","pivot":[0,-8.272,1],"rotation":[0,0,22.5],"cubes":[{"origin":[-0.5361,-9.0565,0.8125],"size":[0.4875,1.125,0.375],"pivot":[0,-8.272,1],"uv":{"north":{"uv":[2.752,10.0051],"uv_size":[0.123,0.3163]},"south":{"uv":[2.752,10.5766],"uv_size":[0.123,0.3163]},"east":{"uv":[3.1265,12.0051],"uv_size":[0.0923,0.3163]},"west":{"uv":[3.1265,12.5766],"uv_size":[0.0923,0.3163]},"up":{"uv":[3.752,10.0017],"uv_size":[0.123,0.1054]},"down":{"uv":[3.752,10.3911],"uv_size":[0.123,-0.1054]}}}],"name":"rot_29"},{"parent":"geyser_custom_z","pivot":[-3.4745,-12.5359,0.9806],"rotation":[0,0,22.5],"cubes":[{"origin":[-0.883,-12.7877,-0.25],"size":[0.5,0.5,0.5],"pivot":[-3.4745,-12.5359,0.9806],"uv":{"north":{"uv":[2.623,11.1451],"uv_size":[-0.123,0.1406]},"south":{"uv":[3.373,10.8594],"uv_size":[-0.123,0.1406]},"east":{"uv":[2.123,12.8594],"uv_size":[-0.123,0.1406]},"west":{"uv":[3.373,10.5737],"uv_size":[-0.123,0.1406]},"up":{"uv":[3.373,11.7166],"uv_size":[-0.123,0.1406]},"down":{"uv":[2.873,12.9977],"uv_size":[-0.123,-0.1406]}}}],"name":"rot_30"},{"parent":"geyser_custom_z","pivot":[-3.9745,-12.4109,0.9806],"rotation":[0,0,22.5],"cubes":[{"origin":[-2.6422,-11.9804,-0.15],"size":[0.75,0.75,0.3],"pivot":[-3.9745,-12.4109,0.9806],"uv":{"north":{"uv":[2.5595,11.432],"uv_size":[-0.1845,0.2109]},"south":{"uv":[2.5595,11.8606],"uv_size":[-0.1845,0.2109]},"east":{"uv":[3.5615,10.7177],"uv_size":[-0.0615,0.2109]},"west":{"uv":[3.5615,10.2891],"uv_size":[-0.0615,0.2109]},"up":{"uv":[3.6845,11.144],"uv_size":[-0.1845,0.0703]},"down":{"uv":[2.1845,13.2131],"uv_size":[-0.1845,-0.0703]}}},{"origin":[-2.9271,-11.2854,-0.1275],"size":[0.34,0.34,0.255],"pivot":[-3.9745,-12.4109,0.9806],"uv":{"north":{"uv":[3.9672,11.4303],"uv_size":[-0.0923,0.1054]},"south":{"uv":[2.3423,13.5731],"uv_size":[-0.0923,0.1054]},"east":{"uv":[3.0615,13.5731],"uv_size":[-0.0615,0.1054]},"west":{"uv":[3.9365,12.2874],"uv_size":[-0.0615,0.1054]},"up":{"uv":[3.9672,12.5726],"uv_size":[-0.0923,0.0703]},"down":{"uv":[3.9672,12.9274],"uv_size":[-0.0923,-0.0703]}}}],"name":"rot_31"},{"parent":"geyser_custom_z","pivot":[-5.0899,-6.5769,0],"rotation":[0,0,22.5],"cubes":[{"origin":[-10.2899,-11.7644,0],"size":[10.4,10.375,0],"pivot":[-5.0899,-6.5769,0],"uv":{"north":{"uv":[6.016,9.1589],"uv_size":[3.484,3.984]},"south":{"uv":[6.016,13.1269],"uv_size":[3.484,-3.984]}}}],"name":"rot_32"},{"parent":"geyser_custom_z","pivot":[3.4745,-12.5359,0.9806],"rotation":[0,0,45],"cubes":[{"origin":[1.7701,-14.8967,-0.2025],"size":[0.4,0.375,0.405],"pivot":[3.4745,-12.5359,0.9806],"uv":{"north":{"uv":[2.0015,13.4303],"uv_size":[0.0923,0.1054]},"south":{"uv":[3.7515,13.1446],"uv_size":[0.0923,0.1054]},"east":{"uv":[3.3765,13.4303],"uv_size":[0.0923,0.1054]},"west":{"uv":[3.6265,13.4303],"uv_size":[0.0923,0.1054]},"up":{"uv":[3.8765,9.4303],"uv_size":[0.0923,0.1054]},"down":{"uv":[3.8765,11.2483],"uv_size":[0.0923,-0.1054]}}}],"name":"rot_33"},{"parent":"geyser_custom_z","pivot":[2.25,-12.0417,0.0125],"rotation":[0,0,45],"cubes":[{"origin":[-1.3125,-15.6042,-0.05],"size":[7.125,7.125,0.125],"pivot":[2.25,-12.0417,0.0125],"uv":{"north":{"uv":[0.016,11.4446],"uv_size":[1.7653,2.0197]},"south":{"uv":[1.7653,11.4446],"uv_size":[-1.7653,2.0197]},"east":{"uv":[1.7653,13.7143],"uv_size":[-1.7653,0]},"west":{"uv":[5.7653,9.1429],"uv_size":[-1.7653,0]},"up":{"uv":[3.875,15.4483],"uv_size":[0,-2.0197]},"down":{"uv":[3.25,15.5911],"uv_size":[0,-2.0197]}}}],"name":"rot_34"},{"parent":"geyser_custom_z","pivot":[1.5899,-12.3269,0],"rotation":[0,0,45],"cubes":[{"origin":[1.3899,-14.2644,0],"size":[10.4,10.375,0],"pivot":[1.5899,-12.3269,0],"uv":{"north":{"uv":[9.484,9.1589],"uv_size":[-3.484,3.984]},"south":{"uv":[9.484,13.1269],"uv_size":[-3.484,-3.984]}}}],"name":"rot_35"},{"parent":"geyser_custom_z","pivot":[-3.4745,-12.5359,0.9806],"rotation":[0,0,45],"cubes":[{"origin":[-1.1175,-12.1434,-0.3],"size":[0.75,0.75,0.6],"pivot":[-3.4745,-12.5359,0.9806],"uv":{"north":{"uv":[2.1845,11.432],"uv_size":[-0.1845,0.2109]},"south":{"uv":[2.1845,11.8606],"uv_size":[-0.1845,0.2109]},"east":{"uv":[3.0287,9.1463],"uv_size":[-0.1537,0.2109]},"west":{"uv":[2.9037,12.0034],"uv_size":[-0.1538,0.2109]},"up":{"uv":[3.0595,9.5743],"uv_size":[-0.1845,0.1757]},"down":{"uv":[2.9345,12.6043],"uv_size":[-0.1845,-0.1757]}}}],"name":"rot_36"},{"parent":"geyser_custom_z","pivot":[-3.9745,-12.4109,0.9806],"rotation":[0,0,45],"cubes":[{"origin":[-3.2524,-10.8484,-0.125],"size":[0.75,0.325,0.25],"pivot":[-3.9745,-12.4109,0.9806],"uv":{"north":{"uv":[3.4345,9.1446],"uv_size":[-0.1845,0.1054]},"south":{"uv":[3.4345,9.4303],"uv_size":[-0.1845,0.1054]},"east":{"uv":[2.5615,13.5731],"uv_size":[-0.0615,0.1054]},"west":{"uv":[3.9365,11.716],"uv_size":[-0.0615,0.1054]},"up":{"uv":[3.6845,11.4297],"uv_size":[-0.1845,0.0703]},"down":{"uv":[3.6845,11.7846],"uv_size":[-0.1845,-0.0703]}}}],"name":"rot_37"}]}]}
