{"credit":"MadewithBlockbench","texture_size":[128,128],"textures":{"0":"elitecreatures:mad_hatter_animated_weapon_set/madhatter_texture_01","1":"elitecreatures:mad_hatter_animated_weapon_set/madhatter_animation_01","2":"elitecreatures:mad_hatter_animated_weapon_set/madhatter_animation_02","3":"elitecreatures:mad_hatter_animated_weapon_set/madhatter_animation_03","4":"elitecreatures:mad_hatter_animated_weapon_set/madhatter_animation_04","particle":"elitecreatures:mad_hatter_animated_weapon_set/madhatter_texture_01"},"elements":[{"from":[6,4.5,6],"to":[10,6,10],"rotation":{"angle":0,"axis":"y","origin":[0,0,16]},"faces":{"north":{"uv":[0,3.6875,0.5,3.875],"texture":"#0"},"east":{"uv":[0,3.6875,0.5,3.875],"texture":"#0"},"south":{"uv":[0,3.6875,0.5,3.875],"texture":"#0"},"west":{"uv":[0,3.6875,0.5,3.875],"texture":"#0"},"up":{"uv":[0,3.1875,0.5,3.6875],"texture":"#0"},"down":{"uv":[0,3.1875,0.5,3.6875],"texture":"#0"}}},{"from":[7,3,7],"to":[9,7,9],"rotation":{"angle":0,"axis":"y","origin":[0,0,16]},"faces":{"north":{"uv":[4.3125,0.5,4.5625,1],"texture":"#0"},"east":{"uv":[4.3125,0.5,4.5625,1],"texture":"#0"},"south":{"uv":[4.3125,0.5,4.5625,1],"texture":"#0"},"west":{"uv":[4.3125,0.5,4.5625,1],"texture":"#0"},"up":{"uv":[4.3125,1,4.5625,1.25],"texture":"#0"},"down":{"uv":[4.3125,1,4.5625,1.25],"texture":"#0"}}},{"from":[4,7,3.5],"to":[12,9,12.5],"rotation":{"angle":0,"axis":"y","origin":[0,3,16]},"faces":{"north":{"uv":[0.5,3.25,1.5,3.5],"texture":"#0"},"east":{"uv":[0.5625,3,1.6875,3.25],"texture":"#0"},"south":{"uv":[0,1.125,1,1.375],"texture":"#0"},"west":{"uv":[0.5,3.5,1.625,3.75],"texture":"#0"},"up":{"uv":[0,0,1,1.125],"texture":"#0"},"down":{"uv":[0,0,1,1.125],"texture":"#0"}}},{"from":[7,-11,7],"to":[9,-10,9],"rotation":{"angle":0,"axis":"y","origin":[0,0,16]},"faces":{"north":{"uv":[4.8125,0.8125,4.5625,0.9375],"texture":"#0"},"east":{"uv":[4.8125,0.8125,4.5625,0.9375],"texture":"#0"},"south":{"uv":[4.8125,0.8125,4.5625,0.9375],"texture":"#0"},"west":{"uv":[4.8125,0.8125,4.5625,0.9375],"texture":"#0"},"up":{"uv":[4.5625,1.1875,4.8125,0.9375],"texture":"#0"},"down":{"uv":[4.5625,1.1875,4.8125,0.9375],"texture":"#0"}}},{"from":[6.75,-9.5,6.75],"to":[9.25,-8.5,9.25],"rotation":{"angle":0,"axis":"y","origin":[0,0,16]},"faces":{"north":{"uv":[4.25,1.25,4.5625,1.375],"texture":"#0"},"east":{"uv":[4.25,1.25,4.5625,1.375],"texture":"#0"},"south":{"uv":[4.25,1.25,4.5625,1.375],"texture":"#0"},"west":{"uv":[4.25,1.25,4.5625,1.375],"texture":"#0"},"up":{"uv":[4.5625,0.5,4.875,0.8125],"texture":"#0"},"down":{"uv":[4.5625,0.5,4.875,0.8125],"texture":"#0"}}},{"from":[7,-14.5,7],"to":[9,-13,9],"rotation":{"angle":0,"axis":"y","origin":[0,0,16]},"faces":{"north":{"uv":[5.5,0.25,5.75,0.4375],"texture":"#0"},"east":{"uv":[5.25,0.25,5.5,0.4375],"texture":"#0"},"south":{"uv":[6,0.25,6.25,0.4375],"texture":"#0"},"west":{"uv":[5.75,0.25,6,0.4375],"texture":"#0"},"up":{"uv":[4.875,0.625,5.125,0.875],"texture":"#0"},"down":{"uv":[4.875,0.625,5.125,0.875],"texture":"#0"}}},{"from":[7.5,-15.5,7.5],"to":[8.5,-14.5,8.5],"rotation":{"angle":0,"axis":"y","origin":[0,0,16]},"faces":{"north":{"uv":[5.125,0.625,5.25,0.75],"texture":"#0"},"east":{"uv":[5.125,0.75,5.25,0.875],"texture":"#0"},"south":{"uv":[5.125,0.75,5.25,0.875],"texture":"#0"},"west":{"uv":[5.125,0.625,5.25,0.75],"texture":"#0"},"up":{"uv":[5.125,0.75,5.25,0.875],"texture":"#0"},"down":{"uv":[5.125,0.75,5.25,0.875],"texture":"#0"}}},{"from":[6.5,-13,6.5],"to":[9.5,-11,9.5],"rotation":{"angle":0,"axis":"y","origin":[0,0,16]},"faces":{"north":{"uv":[5.5625,0,5.1875,0.25],"texture":"#0"},"east":{"uv":[5.1875,0,4.8125,0.25],"texture":"#0"},"south":{"uv":[6.3125,0,5.9375,0.25],"texture":"#0"},"west":{"uv":[5.9375,0,5.5625,0.25],"texture":"#0"},"up":{"uv":[4.875,0.625,5.25,0.25],"texture":"#0"},"down":{"uv":[4.875,0.625,5.25,0.25],"texture":"#0"}}},{"from":[7.25,-10,7.25],"to":[8.75,4,8.75],"rotation":{"angle":0,"axis":"y","origin":[8,5.81499,8]},"faces":{"north":{"uv":[0.5625,3.875,0.375,5.625],"texture":"#0"},"east":{"uv":[0.5625,3.875,0.375,5.625],"texture":"#0"},"south":{"uv":[0.5625,3.875,0.375,5.625],"texture":"#0"},"west":{"uv":[0.5625,3.875,0.375,5.625],"texture":"#0"},"up":{"uv":[2.25,2.75,2.4375,2.5625],"texture":"#0"},"down":{"uv":[2.25,2.75,2.4375,2.5625],"texture":"#0"}}},{"from":[4.5,-12,4.5],"to":[11.5,-12,11.5],"rotation":{"angle":22.5,"axis":"y","origin":[8,-12,8]},"faces":{"north":{"uv":[0,0,14,0],"texture":"#4"},"east":{"uv":[0,0,14,0],"texture":"#4"},"south":{"uv":[0,0,14,0],"texture":"#4"},"west":{"uv":[0,0,14,0],"texture":"#4"},"up":{"uv":[7,14,0,7],"rotation":270,"texture":"#4"},"down":{"uv":[7,14,0,7],"rotation":270,"texture":"#4"}}},{"from":[4.5,-12,4.5],"to":[11.5,-12,11.5],"rotation":{"angle":-45,"axis":"y","origin":[8,-12,8]},"faces":{"north":{"uv":[0,0,14,0],"texture":"#4"},"east":{"uv":[0,0,14,0],"texture":"#4"},"south":{"uv":[0,0,14,0],"texture":"#4"},"west":{"uv":[0,0,14,0],"texture":"#4"},"up":{"uv":[14,14,7,7],"texture":"#4"},"down":{"uv":[14,14,7,7],"texture":"#4"}}},{"from":[4.5,-12,4.5],"to":[11.5,-12,11.5],"rotation":{"angle":-22.5,"axis":"y","origin":[8,-12,8]},"faces":{"north":{"uv":[0,0,14,0],"texture":"#4"},"east":{"uv":[0,0,14,0],"texture":"#4"},"south":{"uv":[0,0,14,0],"texture":"#4"},"west":{"uv":[0,0,14,0],"texture":"#4"},"up":{"uv":[14,7,7,0],"texture":"#4"},"down":{"uv":[14,7,7,0],"texture":"#4"}}},{"from":[4.5,-12,4.5],"to":[11.5,-12,11.5],"rotation":{"angle":0,"axis":"y","origin":[8,-12,8]},"faces":{"north":{"uv":[0,0,14,0],"texture":"#4"},"east":{"uv":[0,0,14,0],"texture":"#4"},"south":{"uv":[0,0,14,0],"texture":"#4"},"west":{"uv":[0,0,14,0],"texture":"#4"},"up":{"uv":[7,7,0,0],"texture":"#4"},"down":{"uv":[7,7,0,0],"texture":"#4"}}},{"from":[1.25,6.5,1.25],"to":[14.75,6.5,14.75],"rotation":{"angle":0,"axis":"y","origin":[8,4.81499,8]},"faces":{"north":{"uv":[0,0,5.75,0],"texture":"#1"},"east":{"uv":[0,0,5.75,0],"texture":"#1"},"south":{"uv":[0,0,5.75,0],"texture":"#1"},"west":{"uv":[0,0,5.75,0],"texture":"#1"},"up":{"uv":[6.75,6.75,0,0],"texture":"#1"},"down":{"uv":[6.75,6.75,0,0],"texture":"#1"}}},{"from":[1.25,6.5,1.25],"to":[14.75,6.5,14.75],"rotation":{"angle":-22.5,"axis":"y","origin":[8,4.81499,8]},"faces":{"north":{"uv":[0,0,5.75,0],"texture":"#1"},"east":{"uv":[0,0,5.75,0],"texture":"#1"},"south":{"uv":[0,0,5.75,0],"texture":"#1"},"west":{"uv":[0,0,5.75,0],"texture":"#1"},"up":{"uv":[13.5,6.75,6.75,0],"texture":"#1"},"down":{"uv":[13.5,6.75,6.75,0],"texture":"#1"}}},{"from":[1.25,6.5,1.25],"to":[14.75,6.5,14.75],"rotation":{"angle":-45,"axis":"y","origin":[8,4.81499,8]},"faces":{"north":{"uv":[0,0,5.75,0],"texture":"#1"},"east":{"uv":[0,0,5.75,0],"texture":"#1"},"south":{"uv":[0,0,5.75,0],"texture":"#1"},"west":{"uv":[0,0,5.75,0],"texture":"#1"},"up":{"uv":[13.5,13.5,6.75,6.75],"texture":"#1"},"down":{"uv":[13.5,13.5,6.75,6.75],"texture":"#1"}}},{"from":[1.25,6.5,1.25],"to":[14.75,6.5,14.75],"rotation":{"angle":22.5,"axis":"y","origin":[8,4.81499,8]},"faces":{"north":{"uv":[0,0,5.75,0],"texture":"#1"},"east":{"uv":[0,0,5.75,0],"texture":"#1"},"south":{"uv":[0,0,5.75,0],"texture":"#1"},"west":{"uv":[0,0,5.75,0],"texture":"#1"},"up":{"uv":[6.75,13.5,0,6.75],"rotation":270,"texture":"#1"},"down":{"uv":[6.75,13.5,0,6.75],"rotation":270,"texture":"#1"}}},{"from":[4.75,9,5.8],"to":[11.25,14,11.8],"rotation":{"angle":0,"axis":"y","origin":[0,3,16.8]},"faces":{"north":{"uv":[0.75,3.75,1.5625,4.375],"texture":"#0"},"east":{"uv":[1.8125,0,2.5625,0.625],"texture":"#0"},"south":{"uv":[1,0,1.8125,0.625],"texture":"#0"},"west":{"uv":[2.5625,0,1.8125,0.625],"texture":"#0"},"up":{"uv":[1,0.625,1.8125,1.375],"texture":"#0"},"down":{"uv":[1,0.625,1.8125,1.375],"texture":"#0"}}},{"from":[7.5,10,11.8],"to":[8.5,12,13.8],"rotation":{"angle":0,"axis":"y","origin":[0,3,16.8]},"faces":{"north":{"uv":[3.25,0.625,3.375,0.875],"texture":"#0"},"east":{"uv":[2.25,2.0625,2.5,2.3125],"texture":"#0"},"south":{"uv":[3.25,0.625,3.375,0.875],"texture":"#0"},"west":{"uv":[2.25,2.0625,2.5,2.3125],"texture":"#0"},"up":{"uv":[3.25,0.625,3.375,0.875],"texture":"#0"},"down":{"uv":[3.25,0.625,3.375,0.875],"texture":"#0"}}},{"from":[7.5,18.7,10.3],"to":[8.5,20.7,12.3],"rotation":{"angle":-22.5,"axis":"x","origin":[8,18,12.8]},"faces":{"north":{"uv":[3.25,0.625,3.375,0.875],"texture":"#0"},"east":{"uv":[2.25,2.0625,2.5,2.3125],"texture":"#0"},"south":{"uv":[3.25,0.625,3.375,0.875],"texture":"#0"},"west":{"uv":[2.25,2.0625,2.5,2.3125],"texture":"#0"},"up":{"uv":[3.25,0.625,3.375,0.875],"texture":"#0"},"down":{"uv":[3.25,0.625,3.375,0.875],"texture":"#0"}}},{"from":[7.5,21.8,1.7],"to":[8.5,23.8,3.7],"rotation":{"angle":0,"axis":"y","origin":[8,18,12.8]},"faces":{"north":{"uv":[3.25,0.625,3.375,0.875],"rotation":180,"texture":"#0"},"east":{"uv":[2.25,2.0625,2.5,2.3125],"rotation":90,"texture":"#0"},"south":{"uv":[3.25,0.625,3.375,0.875],"texture":"#0"},"west":{"uv":[2.25,2.0625,2.5,2.3125],"rotation":270,"texture":"#0"},"up":{"uv":[3.25,0.625,3.375,0.875],"texture":"#0"},"down":{"uv":[3.25,0.625,3.375,0.875],"rotation":180,"texture":"#0"}}},{"from":[5.5,8.6,3.8],"to":[10.5,13.6,5.8],"rotation":{"angle":22.5,"axis":"x","origin":[8,8.5,4.8]},"faces":{"north":{"uv":[2.5625,0,3.1875,0.625],"texture":"#0"},"east":{"uv":[3.1875,0,3.4375,0.625],"texture":"#0"},"south":{"uv":[2.5625,0,3.1875,0.625],"texture":"#0"},"west":{"uv":[3.4375,0,3.1875,0.625],"texture":"#0"},"up":{"uv":[1.125,1.375,1.75,1.625],"texture":"#0"},"down":{"uv":[1.125,1.375,1.75,1.625],"texture":"#0"}}},{"from":[5,14,6.3],"to":[11,20,11.8],"rotation":{"angle":-22.5,"axis":"x","origin":[8,14,11.8]},"faces":{"north":{"uv":[2.5,0.625,3.25,1.375],"texture":"#0"},"east":{"uv":[1.8125,0.625,2.5,1.375],"texture":"#0"},"south":{"uv":[2.5,1.75,3.25,2.5],"texture":"#0"},"west":{"uv":[2.5,0.625,1.8125,1.375],"texture":"#0"},"up":{"uv":[1.75,1.375,2.5,2.0625],"texture":"#0"},"down":{"uv":[1.75,1.375,2.5,2.0625],"texture":"#0"}}},{"from":[7.5,14,11.8],"to":[8.5,16,13.8],"rotation":{"angle":-22.5,"axis":"x","origin":[8,14,11.8]},"faces":{"north":{"uv":[1.5,2.6875,1.625,2.9375],"texture":"#0"},"east":{"uv":[2.25,2.3125,2.5,2.5625],"texture":"#0"},"south":{"uv":[1.5,2.6875,1.625,2.9375],"texture":"#0"},"west":{"uv":[2.25,2.3125,2.5,2.5625],"texture":"#0"},"up":{"uv":[1.5,2.6875,1.625,2.9375],"texture":"#0"},"down":{"uv":[1.5,2.6875,1.625,2.9375],"texture":"#0"}}},{"from":[7.5,18.2,3.8],"to":[8.5,20.2,5.8],"rotation":{"angle":22.5,"axis":"x","origin":[8,14,11.8]},"faces":{"north":{"uv":[1.5,2.6875,1.625,2.9375],"rotation":180,"texture":"#0"},"east":{"uv":[2.25,2.3125,2.5,2.5625],"rotation":90,"texture":"#0"},"south":{"uv":[1.5,2.6875,1.625,2.9375],"texture":"#0"},"west":{"uv":[2.25,2.3125,2.5,2.5625],"rotation":270,"texture":"#0"},"up":{"uv":[1.5,2.6875,1.625,2.9375],"texture":"#0"},"down":{"uv":[1.5,2.6875,1.625,2.9375],"rotation":180,"texture":"#0"}}},{"from":[7.5,13.5,-2.4],"to":[8.5,15.5,-0.4],"rotation":{"angle":22.5,"axis":"x","origin":[8,14,11.8]},"faces":{"north":{"uv":[1.5,2.6875,1.625,2.9375],"rotation":180,"texture":"#0"},"east":{"uv":[2.25,2.3125,2.5,2.5625],"rotation":180,"texture":"#0"},"south":{"uv":[1.5,2.6875,1.625,2.9375],"rotation":180,"texture":"#0"},"west":{"uv":[2.25,2.3125,2.5,2.5625],"rotation":180,"texture":"#0"},"up":{"uv":[1.5,2.6875,1.625,2.9375],"texture":"#0"},"down":{"uv":[1.5,2.6875,1.625,2.9375],"texture":"#0"}}},{"from":[5.65,14.8,1.2],"to":[10.35,19.3,9.2],"rotation":{"angle":22.5,"axis":"x","origin":[8,18.7,9.9]},"faces":{"north":{"uv":[0,2.625,0.5625,3.1875],"texture":"#0"},"east":{"uv":[0,1.625,0.5625,2.625],"rotation":270,"texture":"#0"},"south":{"uv":[0,2.625,0.5625,3.1875],"texture":"#0"},"west":{"uv":[0,2.625,0.5625,1.625],"rotation":270,"texture":"#0"},"up":{"uv":[0.5625,1.625,1.125,2.625],"rotation":180,"texture":"#0"},"down":{"uv":[0.5625,1.625,1.125,2.625],"rotation":180,"texture":"#0"}}},{"from":[5.75,13.05155,0.40346],"to":[10.25,18.55155,3.40346],"rotation":{"angle":0,"axis":"y","origin":[8,14.82627,2.56668]},"faces":{"north":{"uv":[1.125,1.625,1.6875,2.3125],"texture":"#0"},"east":{"uv":[1.125,2.3125,1.5,3],"texture":"#0"},"south":{"uv":[1.125,1.625,1.6875,2.3125],"texture":"#0"},"west":{"uv":[1.5,2.3125,1.125,3],"texture":"#0"},"up":{"uv":[0.5625,2.625,1.125,3],"texture":"#0"},"down":{"uv":[0.5625,2.625,1.125,3],"texture":"#0"}}},{"from":[8.1,2,-11],"to":[8.1,23.5,4],"rotation":{"angle":0,"axis":"y","origin":[8,14.82627,2.56668]},"faces":{"north":{"uv":[1.125,1.625,1.6875,2.3125],"texture":"#0"},"east":{"uv":[14.125,0,16,2.6875],"texture":"#0"},"south":{"uv":[1.125,1.625,1.6875,2.3125],"texture":"#0"},"west":{"uv":[16,0,14.125,2.6875],"texture":"#0"},"up":{"uv":[0.5625,2.625,1.125,3],"texture":"#0"},"down":{"uv":[0.5625,2.625,1.125,3],"texture":"#0"}}},{"from":[7.8,2,-11],"to":[7.8,23.5,4],"rotation":{"angle":0,"axis":"y","origin":[8,14.82627,2.56668]},"faces":{"north":{"uv":[1.125,1.625,1.6875,2.3125],"texture":"#0"},"east":{"uv":[14.125,0,16,2.6875],"texture":"#0"},"south":{"uv":[1.125,1.625,1.6875,2.3125],"texture":"#0"},"west":{"uv":[16,0,14.125,2.6875],"texture":"#0"},"up":{"uv":[0.5625,2.625,1.125,3],"texture":"#0"},"down":{"uv":[0.5625,2.625,1.125,3],"texture":"#0"}}},{"from":[8.5,18,-5.5],"to":[8.5,23.5,-1],"rotation":{"angle":-22.5,"axis":"x","origin":[8,14.82627,2.56668]},"faces":{"north":{"uv":[0,0,0,11],"texture":"#2"},"east":{"uv":[0,0,9,11],"texture":"#2"},"south":{"uv":[0,0,0,11],"texture":"#2"},"west":{"uv":[9,0,0,11],"texture":"#2"},"up":{"uv":[0,9,0,0],"texture":"#2"},"down":{"uv":[0,0,0,9],"texture":"#2"}}},{"from":[7.5,18,-5.5],"to":[7.5,23.5,-1],"rotation":{"angle":-22.5,"axis":"x","origin":[8,14.82627,2.56668]},"faces":{"north":{"uv":[0,0,0,11],"texture":"#2"},"east":{"uv":[0,0,9,11],"texture":"#2"},"south":{"uv":[0,0,0,11],"texture":"#2"},"west":{"uv":[9,0,0,11],"texture":"#2"},"up":{"uv":[0,9,0,0],"texture":"#2"},"down":{"uv":[0,0,0,9],"texture":"#2"}}},{"from":[8,14.5,7],"to":[8,21.5,21],"rotation":{"angle":0,"axis":"y","origin":[8,19,14]},"faces":{"north":{"uv":[1.125,1.625,1.6875,2.3125],"texture":"#0"},"east":{"uv":[12.25,0,14,0.875],"texture":"#0"},"south":{"uv":[1.125,1.625,1.6875,2.3125],"texture":"#0"},"west":{"uv":[14,0,12.25,0.875],"texture":"#0"},"up":{"uv":[0.5625,2.625,1.125,3],"texture":"#0"},"down":{"uv":[0.5625,2.625,1.125,3],"texture":"#0"}}},{"from":[5.85,13.24044,3.47953],"to":[10.15,16.24044,4.47953],"rotation":{"angle":22.5,"axis":"x","origin":[8,14.82627,2.56668]},"faces":{"north":{"uv":[1.6875,2.0625,2.25,2.4375],"texture":"#0"},"east":{"uv":[1.5,2.3125,1.625,2.6875],"texture":"#0"},"south":{"uv":[1.6875,2.0625,2.25,2.4375],"texture":"#0"},"west":{"uv":[1.5,2.3125,1.625,2.6875],"texture":"#0"},"up":{"uv":[1.6875,2.4375,2.25,2.5625],"texture":"#0"},"down":{"uv":[1.6875,2.4375,2.25,2.5625],"texture":"#0"}}},{"from":[5.5,12.24032,-0.7572],"to":[10.5,15.24032,2.2428],"rotation":{"angle":-45,"axis":"x","origin":[8,14.82627,2.56668]},"faces":{"north":{"uv":[2.5,1.375,3.125,1.75],"texture":"#0"},"east":{"uv":[3.875,1,4.25,1.375],"texture":"#0"},"south":{"uv":[1.625,2.5625,2.25,2.9375],"texture":"#0"},"west":{"uv":[4.25,1,3.875,1.375],"texture":"#0"},"up":{"uv":[3.25,1,3.875,1.375],"texture":"#0"},"down":{"uv":[2.5,1.375,3.125,1.75],"texture":"#0"}}},{"from":[4.5,13.84045,3.57479],"to":[11.5,17.84045,7.57479],"rotation":{"angle":-22.5,"axis":"x","origin":[8,13.34045,2.07479]},"faces":{"north":{"uv":[3.4375,0.5,4.3125,1],"texture":"#0"},"east":{"uv":[4.3125,0,4.8125,0.5],"texture":"#0"},"south":{"uv":[5.25,0.5,6.125,1],"texture":"#0"},"west":{"uv":[4.8125,0,4.3125,0.5],"texture":"#0"},"up":{"uv":[3.4375,0,4.3125,0.5],"texture":"#0"},"down":{"uv":[3.4375,0.5,4.3125,1],"texture":"#0"}}},{"from":[11.5,15,10],"to":[11.5,20.5,14.5],"rotation":{"angle":22.5,"axis":"x","origin":[12,23.75,6.25]},"faces":{"north":{"uv":[0,0,0,11],"texture":"#3"},"east":{"uv":[0,0,9,11],"texture":"#3"},"south":{"uv":[0,0,0,11],"texture":"#3"},"west":{"uv":[9,0,0,11],"texture":"#3"},"up":{"uv":[0,9,0,0],"texture":"#3"},"down":{"uv":[0,0,0,9],"texture":"#3"}}},{"from":[4.5,15,10],"to":[4.5,20.5,14.5],"rotation":{"angle":22.5,"axis":"x","origin":[4,23.75,6.25]},"faces":{"north":{"uv":[0,0,0,11],"texture":"#3"},"east":{"uv":[0,0,9,11],"texture":"#3"},"south":{"uv":[0,0,0,11],"texture":"#3"},"west":{"uv":[9,0,0,11],"texture":"#3"},"up":{"uv":[0,9,0,0],"texture":"#3"},"down":{"uv":[0,0,0,9],"texture":"#3"}}},{"from":[5,20.5,-1.01781],"to":[11,22,4.98219],"rotation":{"angle":-22.5,"axis":"x","origin":[8.01781,23.13746,2.3]},"faces":{"north":{"uv":[3.25,2.125,4,2.3125],"texture":"#0"},"east":{"uv":[3.25,2.125,4,2.3125],"texture":"#0"},"south":{"uv":[3.25,2.125,4,2.3125],"texture":"#0"},"west":{"uv":[3.25,2.125,4,2.3125],"texture":"#0"},"up":{"uv":[3.25,1.375,4,2.125],"rotation":90,"texture":"#0"},"down":{"uv":[3.25,1.375,4,2.125],"rotation":270,"texture":"#0"}}},{"from":[5.5,22,-0.51781],"to":[10.5,27.5,4.48219],"rotation":{"angle":-22.5,"axis":"x","origin":[8.01781,23.13746,2.3]},"faces":{"north":{"uv":[4,1.375,4.625,2.0625],"texture":"#0"},"east":{"uv":[4,1.375,4.625,2.0625],"texture":"#0"},"south":{"uv":[4,1.375,4.625,2.0625],"texture":"#0"},"west":{"uv":[4,1.375,4.625,2.0625],"texture":"#0"},"up":{"uv":[4,2.0625,4.625,2.6875],"rotation":90,"texture":"#0"},"down":{"uv":[4,2.0625,4.625,2.6875],"rotation":270,"texture":"#0"}}},{"from":[11,20.5,-1.01781],"to":[12.5,22,4.98219],"rotation":{"angle":-22.5,"axis":"x","origin":[8.01781,23.13746,2.3]},"faces":{"north":{"uv":[3.0625,2.8125,3.25,3],"texture":"#0"},"east":{"uv":[3.25,2.3125,4,2.5],"texture":"#0"},"south":{"uv":[3.0625,2.8125,3.25,3],"texture":"#0"},"west":{"uv":[3.25,2.3125,4,2.5],"texture":"#0"},"up":{"uv":[3.25,2.5,4,2.6875],"rotation":90,"texture":"#0"},"down":{"uv":[3.25,2.5,4,2.6875],"rotation":270,"texture":"#0"}}},{"from":[3.5,20.5,-1.01781],"to":[5,22,4.98219],"rotation":{"angle":-22.5,"axis":"x","origin":[7.68219,23.13746,2.3]},"faces":{"north":{"uv":[3.25,2.8125,3.0625,3],"texture":"#0"},"east":{"uv":[4,2.3125,3.25,2.5],"texture":"#0"},"south":{"uv":[3.25,2.8125,3.0625,3],"texture":"#0"},"west":{"uv":[4,2.3125,3.25,2.5],"texture":"#0"},"up":{"uv":[3.25,2.6875,4,2.5],"rotation":90,"texture":"#0"},"down":{"uv":[3.25,2.6875,4,2.5],"rotation":270,"texture":"#0"}}},{"from":[5.31781,22,-0.51781],"to":[5.31781,24,4.48219],"rotation":{"angle":-22.5,"axis":"x","origin":[8.01781,23.13746,2.3]},"faces":{"north":{"uv":[4.625,1.375,4,2.0625],"texture":"#0"},"east":{"uv":[4.625,1.8125,4,2.0625],"texture":"#0"},"south":{"uv":[4.625,1.375,4,2.0625],"texture":"#0"},"west":{"uv":[4.625,1.8125,4,2.0625],"texture":"#0"},"up":{"uv":[4,2.6875,4.625,2.0625],"rotation":90,"texture":"#0"},"down":{"uv":[4,2.6875,4.625,2.0625],"rotation":270,"texture":"#0"}}},{"from":[5.41781,23.50287,0.62131],"to":[5.41781,26.50287,3.12131],"rotation":{"angle":0,"axis":"y","origin":[8.01781,23.13746,2.3]},"faces":{"north":{"uv":[4.625,1.375,4,2.0625],"texture":"#0"},"east":{"uv":[2.375,3.8125,2.0625,4.1875],"texture":"#0"},"south":{"uv":[4.625,1.375,4,2.0625],"texture":"#0"},"west":{"uv":[2.375,3.8125,2.0625,4.1875],"texture":"#0"},"up":{"uv":[4,2.6875,4.625,2.0625],"rotation":90,"texture":"#0"},"down":{"uv":[4,2.6875,4.625,2.0625],"rotation":270,"texture":"#0"}}},{"from":[5.31781,23.50287,0.62131],"to":[5.31781,26.50287,3.12131],"rotation":{"angle":0,"axis":"y","origin":[8.01781,23.13746,2.3]},"faces":{"north":{"uv":[4.625,1.375,4,2.0625],"texture":"#0"},"east":{"uv":[2.5,3.0625,3.125,3.875],"texture":"#0"},"south":{"uv":[4.625,1.375,4,2.0625],"texture":"#0"},"west":{"uv":[3.125,3.0625,2.5,3.875],"texture":"#0"},"up":{"uv":[4,2.6875,4.625,2.0625],"rotation":90,"texture":"#0"},"down":{"uv":[4,2.6875,4.625,2.0625],"rotation":270,"texture":"#0"}}}],"gui_light":"front","display":{"thirdperson_righthand":{"translation":[0,6.75,1.25],"scale":[0.65,0.65,0.65]},"thirdperson_lefthand":{"translation":[0,6.75,1.25],"scale":[0.65,0.65,0.65]},"firstperson_righthand":{"rotation":[8.25,0,0],"translation":[4.5,5,0],"scale":[0.30703,0.30703,0.30703]},"firstperson_lefthand":{"rotation":[8.25,0,0],"translation":[4.5,5,0],"scale":[0.30703,0.30703,0.30703]},"ground":{"rotation":[-45,0,0],"translation":[0,9,0],"scale":[0.45,0.45,0.45]},"gui":{"rotation":[90,45,-90],"translation":[0,-0.75,-1.5],"scale":[0.41601,0.41601,0.41601]},"head":{"scale":[0,0,0]},"fixed":{"rotation":[0,-90,0],"translation":[0,6.75,-5.25],"scale":[1.35,1.35,1.35]}}}