{"credit":"MadewithBlockbench","texture_size":[128,128],"textures":{"0":"elitecreatures:mad_hatter_animated_weapon_set/madhatter_texture_01","1":"elitecreatures:mad_hatter_animated_weapon_set/madhatter_animation_01","2":"elitecreatures:mad_hatter_animated_weapon_set/madhatter_animation_02","3":"elitecreatures:mad_hatter_animated_weapon_set/madhatter_animation_03","4":"elitecreatures:mad_hatter_animated_weapon_set/madhatter_animation_04","particle":"elitecreatures:mad_hatter_animated_weapon_set/madhatter_texture_01"},"elements":[{"from":[6,-1,6],"to":[10,0.5,10],"rotation":{"angle":0,"axis":"y","origin":[0,-0.5,16]},"faces":{"north":{"uv":[0,3.6875,0.5,3.875],"texture":"#0"},"east":{"uv":[0,3.6875,0.5,3.875],"texture":"#0"},"south":{"uv":[0,3.6875,0.5,3.875],"texture":"#0"},"west":{"uv":[0,3.6875,0.5,3.875],"texture":"#0"},"up":{"uv":[0,3.1875,0.5,3.6875],"texture":"#0"},"down":{"uv":[0,3.1875,0.5,3.6875],"texture":"#0"}}},{"from":[7,0.5,7],"to":[9,1.5,9],"rotation":{"angle":0,"axis":"y","origin":[0,-0.5,16]},"faces":{"north":{"uv":[4.3125,0.5,4.5625,0.625],"texture":"#0"},"east":{"uv":[4.3125,0.5,4.5625,0.625],"texture":"#0"},"south":{"uv":[4.3125,0.5,4.5625,0.625],"texture":"#0"},"west":{"uv":[4.3125,0.5,4.5625,0.625],"texture":"#0"},"up":{"uv":[4.3125,1,4.5625,1.25],"texture":"#0"},"down":{"uv":[4.3125,1,4.5625,1.25],"texture":"#0"}}},{"from":[5,2.5,10],"to":[11,4,16],"rotation":{"angle":22.5,"axis":"x","origin":[8.31781,5.13746,13]},"faces":{"north":{"uv":[3.25,2.125,4,2.3125],"texture":"#0"},"east":{"uv":[3.25,2.125,4,2.3125],"texture":"#0"},"south":{"uv":[3.25,2.125,4,2.3125],"texture":"#0"},"west":{"uv":[3.25,2.125,4,2.3125],"texture":"#0"},"up":{"uv":[3.25,1.375,4,2.125],"texture":"#0"},"down":{"uv":[3.25,1.375,4,2.125],"texture":"#0"}}},{"from":[5.5,4,10.5],"to":[10.5,9.5,15.5],"rotation":{"angle":22.5,"axis":"x","origin":[8.31781,5.13746,13]},"faces":{"north":{"uv":[4,1.375,4.625,2.0625],"texture":"#0"},"east":{"uv":[4,1.375,4.625,2.0625],"texture":"#0"},"south":{"uv":[4,1.375,4.625,2.0625],"texture":"#0"},"west":{"uv":[4,1.375,4.625,2.0625],"texture":"#0"},"up":{"uv":[4,2.0625,4.625,2.6875],"texture":"#0"},"down":{"uv":[4,2.0625,4.625,2.6875],"texture":"#0"}}},{"from":[5.1,1.57174,9.83335],"to":[10.9,3.07174,11.33335],"rotation":{"angle":45,"axis":"x","origin":[8.31781,5.13746,13]},"faces":{"north":{"uv":[3.25,2.3125,4,2.5],"texture":"#0"},"east":{"uv":[3.0625,2.8125,3.25,3],"texture":"#0"},"south":{"uv":[3.25,2.3125,4,2.5],"texture":"#0"},"west":{"uv":[3.0625,2.8125,3.25,3],"texture":"#0"},"up":{"uv":[3.25,2.5,4,2.6875],"texture":"#0"},"down":{"uv":[3.25,2.5,4,2.6875],"texture":"#0"}}},{"from":[5.1,1.57174,14.66665],"to":[10.9,3.07174,16.16665],"rotation":{"angle":0,"axis":"y","origin":[8.31781,5.13746,13]},"faces":{"north":{"uv":[4,2.3125,3.25,2.5],"texture":"#0"},"east":{"uv":[3.25,2.8125,3.0625,3],"texture":"#0"},"south":{"uv":[4,2.3125,3.25,2.5],"texture":"#0"},"west":{"uv":[3.25,2.8125,3.0625,3],"texture":"#0"},"up":{"uv":[3.25,2.6875,4,2.5],"texture":"#0"},"down":{"uv":[3.25,2.6875,4,2.5],"texture":"#0"}}},{"from":[5.21781,4,10.48219],"to":[5.21781,6,15.48219],"rotation":{"angle":22.5,"axis":"x","origin":[8.31781,5.13746,13]},"faces":{"north":{"uv":[4.625,1.375,4,2.0625],"texture":"#0"},"east":{"uv":[4.625,1.8125,4,2.0625],"texture":"#0"},"south":{"uv":[4.625,1.375,4,2.0625],"texture":"#0"},"west":{"uv":[4.625,1.8125,4,2.0625],"texture":"#0"},"up":{"uv":[4,2.6875,4.625,2.0625],"rotation":90,"texture":"#0"},"down":{"uv":[4,2.6875,4.625,2.0625],"rotation":270,"texture":"#0"}}},{"from":[5.41781,6.00287,11.62131],"to":[5.41781,9.00287,14.12131],"rotation":{"angle":0,"axis":"y","origin":[8.31781,5.13746,13]},"faces":{"north":{"uv":[4.625,1.375,4,2.0625],"texture":"#0"},"east":{"uv":[2.375,3.8125,2.0625,4.1875],"texture":"#0"},"south":{"uv":[4.625,1.375,4,2.0625],"texture":"#0"},"west":{"uv":[2.375,3.8125,2.0625,4.1875],"texture":"#0"},"up":{"uv":[4,2.6875,4.625,2.0625],"rotation":90,"texture":"#0"},"down":{"uv":[4,2.6875,4.625,2.0625],"rotation":270,"texture":"#0"}}},{"from":[5.31781,6.00287,11.62131],"to":[5.31781,9.00287,14.12131],"rotation":{"angle":0,"axis":"y","origin":[8.31781,5.13746,13]},"faces":{"north":{"uv":[4.625,1.375,4,2.0625],"texture":"#0"},"east":{"uv":[3.125,3.0625,2.5,3.875],"texture":"#0"},"south":{"uv":[4.625,1.375,4,2.0625],"texture":"#0"},"west":{"uv":[2.5,3.0625,3.125,3.875],"texture":"#0"},"up":{"uv":[4,2.6875,4.625,2.0625],"rotation":90,"texture":"#0"},"down":{"uv":[4,2.6875,4.625,2.0625],"rotation":270,"texture":"#0"}}},{"from":[8,3.5,2],"to":[8,32,14],"rotation":{"angle":0,"axis":"y","origin":[0,-0.5,16]},"faces":{"north":{"uv":[4.3125,0.5,4.5625,0.625],"texture":"#0"},"east":{"uv":[13.5,2.6875,15,6.25],"texture":"#0"},"south":{"uv":[4.3125,0.5,4.5625,0.625],"texture":"#0"},"west":{"uv":[13.5,2.6875,15,6.25],"texture":"#0"},"up":{"uv":[4.3125,1,4.5625,1.25],"texture":"#0"},"down":{"uv":[4.3125,1,4.5625,1.25],"texture":"#0"}}},{"from":[7.8,3.5,5],"to":[7.8,30,11],"rotation":{"angle":0,"axis":"y","origin":[0,-0.5,16]},"faces":{"north":{"uv":[4.3125,0.5,4.5625,0.625],"texture":"#0"},"east":{"uv":[12.75,2.6875,13.5,6],"texture":"#0"},"south":{"uv":[4.3125,0.5,4.5625,0.625],"texture":"#0"},"west":{"uv":[12.75,2.6875,13.5,6],"texture":"#0"},"up":{"uv":[4.3125,1,4.5625,1.25],"texture":"#0"},"down":{"uv":[4.3125,1,4.5625,1.25],"texture":"#0"}}},{"from":[8.2,3.5,5],"to":[8.2,30,11],"rotation":{"angle":0,"axis":"y","origin":[16,-0.5,16]},"faces":{"north":{"uv":[4.5625,0.5,4.3125,0.625],"texture":"#0"},"east":{"uv":[13.5,2.6875,12.75,6],"texture":"#0"},"south":{"uv":[4.5625,0.5,4.3125,0.625],"texture":"#0"},"west":{"uv":[13.5,2.6875,12.75,6],"texture":"#0"},"up":{"uv":[4.5625,1,4.3125,1.25],"texture":"#0"},"down":{"uv":[4.5625,1,4.3125,1.25],"texture":"#0"}}},{"from":[7.5,3.04502,13.09446],"to":[8.5,5.04502,15.09446],"rotation":{"angle":0,"axis":"y","origin":[8,1.63493,14.77609]},"faces":{"north":{"uv":[3.25,0.875,3.375,0.625],"texture":"#0"},"east":{"uv":[2.25,2.3125,2.5,2.0625],"texture":"#0"},"south":{"uv":[3.25,0.875,3.375,0.625],"texture":"#0"},"west":{"uv":[2.5,2.3125,2.25,2.0625],"texture":"#0"},"up":{"uv":[3.375,0.625,3.25,0.875],"rotation":180,"texture":"#0"},"down":{"uv":[3.375,0.625,3.25,0.875],"rotation":180,"texture":"#0"}}},{"from":[7.5,1.16466,14.70815],"to":[8.5,3.16466,16.70815],"rotation":{"angle":22.5,"axis":"x","origin":[8,1.63493,14.77609]},"faces":{"north":{"uv":[3.25,0.875,3.375,0.625],"texture":"#0"},"east":{"uv":[2.25,2.3125,2.5,2.0625],"texture":"#0"},"south":{"uv":[3.25,0.875,3.375,0.625],"texture":"#0"},"west":{"uv":[2.5,2.3125,2.25,2.0625],"texture":"#0"},"up":{"uv":[3.375,0.625,3.25,0.875],"rotation":180,"texture":"#0"},"down":{"uv":[3.375,0.625,3.25,0.875],"rotation":180,"texture":"#0"}}},{"from":[7.5,-0.08728,16.56227],"to":[8.5,1.91272,18.56227],"rotation":{"angle":45,"axis":"x","origin":[8,1.13493,14.87609]},"faces":{"north":{"uv":[3.25,0.875,3.375,0.625],"texture":"#0"},"east":{"uv":[2.25,2.3125,2.5,2.0625],"texture":"#0"},"south":{"uv":[3.25,0.875,3.375,0.625],"texture":"#0"},"west":{"uv":[2.5,2.3125,2.25,2.0625],"texture":"#0"},"up":{"uv":[3.375,0.625,3.25,0.875],"rotation":180,"texture":"#0"},"down":{"uv":[3.375,0.625,3.25,0.875],"rotation":180,"texture":"#0"}}},{"from":[7,2.20152,13.0318],"to":[9,3.20152,15.0318],"rotation":{"angle":45,"axis":"x","origin":[8,1.63493,14.77609]},"faces":{"north":{"uv":[1.625,2.6875,1.5,2.9375],"rotation":90,"texture":"#0"},"east":{"uv":[1.5,2.9375,1.625,2.6875],"rotation":90,"texture":"#0"},"south":{"uv":[1.625,2.6875,1.5,2.9375],"rotation":90,"texture":"#0"},"west":{"uv":[1.5,2.9375,1.625,2.6875],"rotation":270,"texture":"#0"},"up":{"uv":[2.25,2.5625,2.5,2.3125],"texture":"#0"},"down":{"uv":[2.5,2.5625,2.25,2.3125],"rotation":180,"texture":"#0"}}},{"from":[7,-1.09672,15.4747],"to":[9,0.90328,16.4747],"rotation":{"angle":-22.5,"axis":"x","origin":[8,1.13493,14.87609]},"faces":{"north":{"uv":[2.5,2.5625,2.25,2.3125],"texture":"#0"},"east":{"uv":[1.5,2.9375,1.625,2.6875],"texture":"#0"},"south":{"uv":[2.25,2.5625,2.5,2.3125],"texture":"#0"},"west":{"uv":[1.5,2.9375,1.625,2.6875],"texture":"#0"},"up":{"uv":[1.625,2.6875,1.5,2.9375],"rotation":270,"texture":"#0"},"down":{"uv":[1.625,2.6875,1.5,2.9375],"rotation":90,"texture":"#0"}}},{"from":[7.5,3.04502,0.90554],"to":[8.5,5.04502,2.90554],"rotation":{"angle":0,"axis":"y","origin":[8,1.63493,1.22391]},"faces":{"north":{"uv":[3.375,0.875,3.25,0.625],"texture":"#0"},"east":{"uv":[2.5,2.3125,2.25,2.0625],"texture":"#0"},"south":{"uv":[3.375,0.875,3.25,0.625],"texture":"#0"},"west":{"uv":[2.25,2.3125,2.5,2.0625],"texture":"#0"},"up":{"uv":[3.375,0.875,3.25,0.625],"rotation":180,"texture":"#0"},"down":{"uv":[3.375,0.875,3.25,0.625],"rotation":180,"texture":"#0"}}},{"from":[7,2.20152,0.9682],"to":[9,3.20152,2.9682],"rotation":{"angle":-45,"axis":"x","origin":[8,1.63493,1.22391]},"faces":{"north":{"uv":[1.625,2.9375,1.5,2.6875],"rotation":90,"texture":"#0"},"east":{"uv":[1.5,2.6875,1.625,2.9375],"rotation":90,"texture":"#0"},"south":{"uv":[1.625,2.9375,1.5,2.6875],"rotation":90,"texture":"#0"},"west":{"uv":[1.5,2.6875,1.625,2.9375],"rotation":270,"texture":"#0"},"up":{"uv":[2.25,2.3125,2.5,2.5625],"texture":"#0"},"down":{"uv":[2.5,2.3125,2.25,2.5625],"rotation":180,"texture":"#0"}}},{"from":[7.5,1.16466,-0.70815],"to":[8.5,3.16466,1.29185],"rotation":{"angle":-22.5,"axis":"x","origin":[8,1.63493,1.22391]},"faces":{"north":{"uv":[3.375,0.875,3.25,0.625],"texture":"#0"},"east":{"uv":[2.5,2.3125,2.25,2.0625],"texture":"#0"},"south":{"uv":[3.375,0.875,3.25,0.625],"texture":"#0"},"west":{"uv":[2.25,2.3125,2.5,2.0625],"texture":"#0"},"up":{"uv":[3.375,0.875,3.25,0.625],"rotation":180,"texture":"#0"},"down":{"uv":[3.375,0.875,3.25,0.625],"rotation":180,"texture":"#0"}}},{"from":[7,-1.09672,-0.4747],"to":[9,0.90328,0.5253],"rotation":{"angle":22.5,"axis":"x","origin":[8,1.13493,1.12391]},"faces":{"north":{"uv":[2.5,2.5625,2.25,2.3125],"texture":"#0"},"east":{"uv":[1.625,2.9375,1.5,2.6875],"texture":"#0"},"south":{"uv":[2.25,2.5625,2.5,2.3125],"texture":"#0"},"west":{"uv":[1.625,2.9375,1.5,2.6875],"texture":"#0"},"up":{"uv":[1.5,2.6875,1.625,2.9375],"rotation":270,"texture":"#0"},"down":{"uv":[1.5,2.6875,1.625,2.9375],"rotation":90,"texture":"#0"}}},{"from":[7.5,-0.08728,-2.56227],"to":[8.5,1.91272,-0.56227],"rotation":{"angle":-45,"axis":"x","origin":[8,1.13493,1.12391]},"faces":{"north":{"uv":[3.375,0.875,3.25,0.625],"texture":"#0"},"east":{"uv":[2.5,2.3125,2.25,2.0625],"texture":"#0"},"south":{"uv":[3.375,0.875,3.25,0.625],"texture":"#0"},"west":{"uv":[2.25,2.3125,2.5,2.0625],"texture":"#0"},"up":{"uv":[3.375,0.875,3.25,0.625],"rotation":180,"texture":"#0"},"down":{"uv":[3.375,0.875,3.25,0.625],"rotation":180,"texture":"#0"}}},{"from":[6.5,1.5,4.5],"to":[9.5,3.5,11.5],"rotation":{"angle":0,"axis":"y","origin":[0,4,16]},"faces":{"north":{"uv":[1.6875,3.8125,2.0625,4.0625],"texture":"#0"},"east":{"uv":[2.25,2.5625,3.125,2.8125],"texture":"#0"},"south":{"uv":[1.6875,3.8125,2.0625,4.0625],"texture":"#0"},"west":{"uv":[2.25,2.5625,3.125,2.8125],"texture":"#0"},"up":{"uv":[1.6875,2.9375,2.0625,3.8125],"texture":"#0"},"down":{"uv":[1.6875,2.9375,2.0625,3.8125],"texture":"#0"}}},{"from":[7.5,13.5,6.5],"to":[8.5,24.5,9.5],"rotation":{"angle":0,"axis":"y","origin":[0,10,16]},"faces":{"north":{"uv":[0.375,5.625,0.5,7],"texture":"#0"},"east":{"uv":[0,5.625,0.375,7],"texture":"#0"},"south":{"uv":[0.375,5.625,0.5,7],"texture":"#0"},"west":{"uv":[0,5.625,0.375,7],"texture":"#0"},"up":{"uv":[1.5625,3.75,1.6875,4.125],"texture":"#0"},"down":{"uv":[1.5625,3.75,1.6875,4.125],"texture":"#0"}}},{"from":[7.5,3.5,6.5],"to":[8.5,13.5,9.5],"rotation":{"angle":0,"axis":"y","origin":[0,10,16]},"faces":{"north":{"uv":[0.375,6.375,0.5,7.625],"texture":"#0"},"east":{"uv":[0.375,6.375,0,7.625],"texture":"#0"},"south":{"uv":[0.375,6.375,0.5,7.625],"texture":"#0"},"west":{"uv":[0.375,6.375,0,7.625],"texture":"#0"},"up":{"uv":[1.5625,3.75,1.6875,4.125],"texture":"#0"},"down":{"uv":[1.5625,3.75,1.6875,4.125],"texture":"#0"}}},{"from":[8,2.5,6],"to":[10,5.5,9],"rotation":{"angle":-45,"axis":"x","origin":[8,4.5,8]},"faces":{"north":{"uv":[4.5,2.6875,4.75,3.0625],"texture":"#0"},"east":{"uv":[4.5,2.6875,4.125,3.0625],"texture":"#0"},"south":{"uv":[4.5,3.0625,4.75,2.6875],"texture":"#0"},"west":{"uv":[4.125,2.6875,4.5,3.0625],"texture":"#0"},"up":{"uv":[4.5,2.6875,4.75,3.0625],"texture":"#0"},"down":{"uv":[4.5,2.6875,4.75,3.0625],"texture":"#0"}}},{"from":[6,2.5,6],"to":[8,5.5,9],"rotation":{"angle":-45,"axis":"x","origin":[8,4.5,8]},"faces":{"north":{"uv":[4.75,2.6875,4.5,3.0625],"texture":"#0"},"east":{"uv":[4.5,2.6875,4.125,3.0625],"texture":"#0"},"south":{"uv":[4.75,3.0625,4.5,2.6875],"texture":"#0"},"west":{"uv":[4.125,2.6875,4.5,3.0625],"texture":"#0"},"up":{"uv":[4.75,2.6875,4.5,3.0625],"texture":"#0"},"down":{"uv":[4.75,2.6875,4.5,3.0625],"texture":"#0"}}},{"from":[7.6,23.5,7],"to":[8.4,25.6,9.1],"rotation":{"angle":-45,"axis":"x","origin":[8,24.5,8]},"faces":{"north":{"uv":[1.8125,4.125,1.9375,4.375],"texture":"#0"},"east":{"uv":[1.8125,4.125,1.5625,4.375],"texture":"#0"},"south":{"uv":[1.8125,4.125,1.9375,4.375],"texture":"#0"},"west":{"uv":[1.5625,4.125,1.8125,4.375],"texture":"#0"},"up":{"uv":[1.8125,4.125,1.9375,4.375],"texture":"#0"},"down":{"uv":[0,1.125,0.125,1.375],"texture":"#0"}}},{"from":[6.6,1.5,2.5],"to":[9.4,3.5,7.5],"rotation":{"angle":22.5,"axis":"x","origin":[8,2.5,6]},"faces":{"north":{"uv":[2.4375,3.5625,2.0625,3.8125],"texture":"#0"},"east":{"uv":[3.0625,2.8125,2.4375,3.0625],"texture":"#0"},"south":{"uv":[2.4375,3.5625,2.0625,3.8125],"texture":"#0"},"west":{"uv":[2.4375,2.8125,3.0625,3.0625],"texture":"#0"},"up":{"uv":[2.0625,3.5625,2.4375,2.9375],"texture":"#0"},"down":{"uv":[2.0625,2.9375,2.4375,3.5625],"texture":"#0"}}},{"from":[6.6,1.5,8.5],"to":[9.4,3.5,13.5],"rotation":{"angle":-22.5,"axis":"x","origin":[8,2.5,10]},"faces":{"north":{"uv":[2.0625,3.5625,2.4375,3.8125],"texture":"#0"},"east":{"uv":[2.4375,2.8125,3.0625,3.0625],"texture":"#0"},"south":{"uv":[2.0625,3.5625,2.4375,3.8125],"texture":"#0"},"west":{"uv":[3.0625,2.8125,2.4375,3.0625],"texture":"#0"},"up":{"uv":[2.0625,2.9375,2.4375,3.5625],"texture":"#0"},"down":{"uv":[2.4375,3.5625,2.0625,2.9375],"texture":"#0"}}},{"from":[7,-11,7],"to":[9,-10,9],"rotation":{"angle":0,"axis":"y","origin":[0,0,16]},"faces":{"north":{"uv":[4.8125,0.8125,4.5625,0.9375],"texture":"#0"},"east":{"uv":[4.8125,0.8125,4.5625,0.9375],"texture":"#0"},"south":{"uv":[4.8125,0.8125,4.5625,0.9375],"texture":"#0"},"west":{"uv":[4.8125,0.8125,4.5625,0.9375],"texture":"#0"},"up":{"uv":[4.5625,1.1875,4.8125,0.9375],"texture":"#0"},"down":{"uv":[4.5625,1.1875,4.8125,0.9375],"texture":"#0"}}},{"from":[6.75,-9.5,6.75],"to":[9.25,-8.5,9.25],"rotation":{"angle":0,"axis":"y","origin":[0,0,16]},"faces":{"north":{"uv":[4.25,1.25,4.5625,1.375],"texture":"#0"},"east":{"uv":[4.25,1.25,4.5625,1.375],"texture":"#0"},"south":{"uv":[4.25,1.25,4.5625,1.375],"texture":"#0"},"west":{"uv":[4.25,1.25,4.5625,1.375],"texture":"#0"},"up":{"uv":[4.5625,0.5,4.875,0.8125],"texture":"#0"},"down":{"uv":[4.5625,0.5,4.875,0.8125],"texture":"#0"}}},{"from":[7,-14.5,7],"to":[9,-13,9],"rotation":{"angle":0,"axis":"y","origin":[0,0,16]},"faces":{"north":{"uv":[5.5,0.25,5.75,0.4375],"texture":"#0"},"east":{"uv":[5.25,0.25,5.5,0.4375],"texture":"#0"},"south":{"uv":[6,0.25,6.25,0.4375],"texture":"#0"},"west":{"uv":[5.75,0.25,6,0.4375],"texture":"#0"},"up":{"uv":[4.875,0.625,5.125,0.875],"texture":"#0"},"down":{"uv":[4.875,0.625,5.125,0.875],"texture":"#0"}}},{"from":[7.5,-15.5,7.5],"to":[8.5,-14.5,8.5],"rotation":{"angle":0,"axis":"y","origin":[0,0,16]},"faces":{"north":{"uv":[5.125,0.625,5.25,0.75],"texture":"#0"},"east":{"uv":[5.125,0.75,5.25,0.875],"texture":"#0"},"south":{"uv":[5.125,0.75,5.25,0.875],"texture":"#0"},"west":{"uv":[5.125,0.625,5.25,0.75],"texture":"#0"},"up":{"uv":[5.125,0.75,5.25,0.875],"texture":"#0"},"down":{"uv":[5.125,0.75,5.25,0.875],"texture":"#0"}}},{"from":[6.5,-13,6.5],"to":[9.5,-11,9.5],"rotation":{"angle":0,"axis":"y","origin":[0,0,16]},"faces":{"north":{"uv":[5.5625,0,5.1875,0.25],"texture":"#0"},"east":{"uv":[5.1875,0,4.8125,0.25],"texture":"#0"},"south":{"uv":[6.3125,0,5.9375,0.25],"texture":"#0"},"west":{"uv":[5.9375,0,5.5625,0.25],"texture":"#0"},"up":{"uv":[4.875,0.625,5.25,0.25],"texture":"#0"},"down":{"uv":[4.875,0.625,5.25,0.25],"texture":"#0"}}},{"from":[7.25,-10,7.25],"to":[8.75,-1,8.75],"rotation":{"angle":0,"axis":"y","origin":[8,5.81499,8]},"faces":{"north":{"uv":[0.5625,4.5,0.375,5.625],"texture":"#0"},"east":{"uv":[0.5625,4.5,0.375,5.625],"texture":"#0"},"south":{"uv":[0.5625,4.5,0.375,5.625],"texture":"#0"},"west":{"uv":[0.5625,4.5,0.375,5.625],"texture":"#0"},"up":{"uv":[2.25,3.375,2.4375,3.1875],"texture":"#0"},"down":{"uv":[2.25,3.375,2.4375,3.1875],"texture":"#0"}}},{"from":[4.5,-12,4.5],"to":[11.5,-12,11.5],"rotation":{"angle":22.5,"axis":"y","origin":[8,-12,8]},"faces":{"north":{"uv":[0,0,14,0],"texture":"#4"},"east":{"uv":[0,0,14,0],"texture":"#4"},"south":{"uv":[0,0,14,0],"texture":"#4"},"west":{"uv":[0,0,14,0],"texture":"#4"},"up":{"uv":[7,14,0,7],"rotation":270,"texture":"#4"},"down":{"uv":[7,14,0,7],"rotation":270,"texture":"#4"}}},{"from":[4.5,-12,4.5],"to":[11.5,-12,11.5],"rotation":{"angle":-45,"axis":"y","origin":[8,-12,8]},"faces":{"north":{"uv":[0,0,14,0],"texture":"#4"},"east":{"uv":[0,0,14,0],"texture":"#4"},"south":{"uv":[0,0,14,0],"texture":"#4"},"west":{"uv":[0,0,14,0],"texture":"#4"},"up":{"uv":[14,14,7,7],"texture":"#4"},"down":{"uv":[14,14,7,7],"texture":"#4"}}},{"from":[4.5,-12,4.5],"to":[11.5,-12,11.5],"rotation":{"angle":-22.5,"axis":"y","origin":[8,-12,8]},"faces":{"north":{"uv":[0,0,14,0],"texture":"#4"},"east":{"uv":[0,0,14,0],"texture":"#4"},"south":{"uv":[0,0,14,0],"texture":"#4"},"west":{"uv":[0,0,14,0],"texture":"#4"},"up":{"uv":[14,7,7,0],"texture":"#4"},"down":{"uv":[14,7,7,0],"texture":"#4"}}},{"from":[4.5,-12,4.5],"to":[11.5,-12,11.5],"rotation":{"angle":0,"axis":"y","origin":[8,-12,8]},"faces":{"north":{"uv":[0,0,14,0],"texture":"#4"},"east":{"uv":[0,0,14,0],"texture":"#4"},"south":{"uv":[0,0,14,0],"texture":"#4"},"west":{"uv":[0,0,14,0],"texture":"#4"},"up":{"uv":[7,7,0,0],"texture":"#4"},"down":{"uv":[7,7,0,0],"texture":"#4"}}},{"from":[6.7,0.5,4.5],"to":[6.7,7.5,11.5],"rotation":{"angle":-22.5,"axis":"x","origin":[6.7,4,8]},"faces":{"north":{"uv":[0,0,14,0],"rotation":90,"texture":"#4"},"east":{"uv":[7,14,0,7],"rotation":90,"texture":"#4"},"south":{"uv":[0,0,14,0],"rotation":270,"texture":"#4"},"west":{"uv":[7,14,0,7],"rotation":270,"texture":"#4"},"up":{"uv":[0,0,14,0],"rotation":270,"texture":"#4"},"down":{"uv":[0,0,14,0],"rotation":270,"texture":"#4"}}},{"from":[6.7,0.5,4.5],"to":[6.7,7.5,11.5],"rotation":{"angle":45,"axis":"x","origin":[6.7,4,8]},"faces":{"north":{"uv":[0,0,14,0],"rotation":90,"texture":"#4"},"east":{"uv":[14,14,7,7],"rotation":180,"texture":"#4"},"south":{"uv":[0,0,14,0],"rotation":270,"texture":"#4"},"west":{"uv":[14,14,7,7],"texture":"#4"},"up":{"uv":[0,0,14,0],"rotation":270,"texture":"#4"},"down":{"uv":[0,0,14,0],"rotation":270,"texture":"#4"}}},{"from":[6.7,0.5,4.5],"to":[6.7,7.5,11.5],"rotation":{"angle":22.5,"axis":"x","origin":[6.7,4,8]},"faces":{"north":{"uv":[0,0,14,0],"rotation":90,"texture":"#4"},"east":{"uv":[14,7,7,0],"rotation":180,"texture":"#4"},"south":{"uv":[0,0,14,0],"rotation":270,"texture":"#4"},"west":{"uv":[14,7,7,0],"texture":"#4"},"up":{"uv":[0,0,14,0],"rotation":270,"texture":"#4"},"down":{"uv":[0,0,14,0],"rotation":270,"texture":"#4"}}},{"from":[6.7,0.5,4.5],"to":[6.7,7.5,11.5],"rotation":{"angle":0,"axis":"y","origin":[6.7,4,8]},"faces":{"north":{"uv":[0,0,14,0],"rotation":90,"texture":"#4"},"east":{"uv":[7,7,0,0],"rotation":180,"texture":"#4"},"south":{"uv":[0,0,14,0],"rotation":270,"texture":"#4"},"west":{"uv":[7,7,0,0],"texture":"#4"},"up":{"uv":[0,0,14,0],"rotation":270,"texture":"#4"},"down":{"uv":[0,0,14,0],"rotation":270,"texture":"#4"}}},{"from":[9.3,0.5,4.5],"to":[9.3,7.5,11.5],"rotation":{"angle":-22.5,"axis":"x","origin":[9.3,4,8]},"faces":{"north":{"uv":[0,0,14,0],"rotation":90,"texture":"#4"},"east":{"uv":[7,7,0,14],"rotation":270,"texture":"#4"},"south":{"uv":[0,0,14,0],"rotation":270,"texture":"#4"},"west":{"uv":[7,7,0,14],"rotation":90,"texture":"#4"},"up":{"uv":[0,0,14,0],"rotation":270,"texture":"#4"},"down":{"uv":[0,0,14,0],"rotation":270,"texture":"#4"}}},{"from":[9.3,0.5,4.5],"to":[9.3,7.5,11.5],"rotation":{"angle":45,"axis":"x","origin":[9.3,4,8]},"faces":{"north":{"uv":[0,0,14,0],"rotation":90,"texture":"#4"},"east":{"uv":[7,14,14,7],"texture":"#4"},"south":{"uv":[0,0,14,0],"rotation":270,"texture":"#4"},"west":{"uv":[7,14,14,7],"rotation":180,"texture":"#4"},"up":{"uv":[0,0,14,0],"rotation":270,"texture":"#4"},"down":{"uv":[0,0,14,0],"rotation":270,"texture":"#4"}}},{"from":[9.3,0.5,4.5],"to":[9.3,7.5,11.5],"rotation":{"angle":22.5,"axis":"x","origin":[9.3,4,8]},"faces":{"north":{"uv":[0,0,14,0],"rotation":90,"texture":"#4"},"east":{"uv":[7,7,14,0],"texture":"#4"},"south":{"uv":[0,0,14,0],"rotation":270,"texture":"#4"},"west":{"uv":[7,7,14,0],"rotation":180,"texture":"#4"},"up":{"uv":[0,0,14,0],"rotation":270,"texture":"#4"},"down":{"uv":[0,0,14,0],"rotation":270,"texture":"#4"}}},{"from":[9.3,0.5,4.5],"to":[9.3,7.5,11.5],"rotation":{"angle":0,"axis":"y","origin":[9.3,4,8]},"faces":{"north":{"uv":[0,0,14,0],"rotation":90,"texture":"#4"},"east":{"uv":[0,7,7,0],"texture":"#4"},"south":{"uv":[0,0,14,0],"rotation":270,"texture":"#4"},"west":{"uv":[0,7,7,0],"rotation":180,"texture":"#4"},"up":{"uv":[0,0,14,0],"rotation":270,"texture":"#4"},"down":{"uv":[0,0,14,0],"rotation":270,"texture":"#4"}}},{"from":[1.25,1,1.25],"to":[14.75,1,14.75],"rotation":{"angle":0,"axis":"y","origin":[8,-0.68501,8]},"faces":{"north":{"uv":[0,0,5.75,0],"texture":"#1"},"east":{"uv":[0,0,5.75,0],"texture":"#1"},"south":{"uv":[0,0,5.75,0],"texture":"#1"},"west":{"uv":[0,0,5.75,0],"texture":"#1"},"up":{"uv":[6.75,6.75,0,0],"texture":"#1"},"down":{"uv":[6.75,6.75,0,0],"texture":"#1"}}},{"from":[1.25,1,1.25],"to":[14.75,1,14.75],"rotation":{"angle":-22.5,"axis":"y","origin":[8,-0.68501,8]},"faces":{"north":{"uv":[0,0,5.75,0],"texture":"#1"},"east":{"uv":[0,0,5.75,0],"texture":"#1"},"south":{"uv":[0,0,5.75,0],"texture":"#1"},"west":{"uv":[0,0,5.75,0],"texture":"#1"},"up":{"uv":[13.5,6.75,6.75,0],"texture":"#1"},"down":{"uv":[13.5,6.75,6.75,0],"texture":"#1"}}},{"from":[1.25,1,1.25],"to":[14.75,1,14.75],"rotation":{"angle":-45,"axis":"y","origin":[8,-0.68501,8]},"faces":{"north":{"uv":[0,0,5.75,0],"texture":"#1"},"east":{"uv":[0,0,5.75,0],"texture":"#1"},"south":{"uv":[0,0,5.75,0],"texture":"#1"},"west":{"uv":[0,0,5.75,0],"texture":"#1"},"up":{"uv":[13.5,13.5,6.75,6.75],"texture":"#1"},"down":{"uv":[13.5,13.5,6.75,6.75],"texture":"#1"}}},{"from":[1.25,1,1.25],"to":[14.75,1,14.75],"rotation":{"angle":22.5,"axis":"y","origin":[8,-0.68501,8]},"faces":{"north":{"uv":[0,0,5.75,0],"texture":"#1"},"east":{"uv":[0,0,5.75,0],"texture":"#1"},"south":{"uv":[0,0,5.75,0],"texture":"#1"},"west":{"uv":[0,0,5.75,0],"texture":"#1"},"up":{"uv":[6.75,13.5,0,6.75],"rotation":270,"texture":"#1"},"down":{"uv":[6.75,13.5,0,6.75],"rotation":270,"texture":"#1"}}},{"from":[9,10,5.75],"to":[9,15.5,10.25],"rotation":{"angle":0,"axis":"y","origin":[4,24.75,6.25]},"faces":{"north":{"uv":[0,0,0,22],"texture":"#3"},"east":{"uv":[0,0,9,11],"texture":"#3"},"south":{"uv":[0,0,0,22],"texture":"#3"},"west":{"uv":[9,0,0,11],"texture":"#3"},"up":{"uv":[0,18,0,0],"texture":"#3"},"down":{"uv":[0,0,0,18],"texture":"#3"}}},{"from":[7,10,5.75],"to":[7,15.5,10.25],"rotation":{"angle":0,"axis":"y","origin":[12,24.75,6.25]},"faces":{"north":{"uv":[0,0,0,22],"texture":"#3"},"east":{"uv":[0,0,9,11],"texture":"#3"},"south":{"uv":[0,0,0,22],"texture":"#3"},"west":{"uv":[9,0,0,11],"texture":"#3"},"up":{"uv":[0,18,0,0],"texture":"#3"},"down":{"uv":[0,0,0,18],"texture":"#3"}}},{"from":[6.5,24,5.75],"to":[6.5,29.5,10.25],"rotation":{"angle":0,"axis":"y","origin":[8,15.82627,2.56668]},"faces":{"north":{"uv":[0,0,0,1.375],"texture":"#2"},"east":{"uv":[9,0,0,11],"texture":"#2"},"south":{"uv":[0,0,0,1.375],"texture":"#2"},"west":{"uv":[0,0,9,11],"texture":"#2"},"up":{"uv":[0,1.125,0,0],"texture":"#2"},"down":{"uv":[0,0,0,1.125],"texture":"#2"}}},{"from":[9.5,24,5.75],"to":[9.5,29.5,10.25],"rotation":{"angle":0,"axis":"y","origin":[8,15.82627,2.56668]},"faces":{"north":{"uv":[0,0,0,1.375],"texture":"#2"},"east":{"uv":[9,0,0,11],"texture":"#2"},"south":{"uv":[0,0,0,1.375],"texture":"#2"},"west":{"uv":[0,0,9,11],"texture":"#2"},"up":{"uv":[0,1.125,0,0],"texture":"#2"},"down":{"uv":[0,0,0,1.125],"texture":"#2"}}},{"from":[7,25.5,6],"to":[9,28.5,9],"rotation":{"angle":-45,"axis":"x","origin":[8,27.5,8]},"faces":{"north":{"uv":[4.75,2.6875,4.5,3.0625],"texture":"#0"},"east":{"uv":[4.5,2.6875,4.125,3.0625],"texture":"#0"},"south":{"uv":[4.75,3.0625,4.5,2.6875],"texture":"#0"},"west":{"uv":[4.125,2.6875,4.5,3.0625],"texture":"#0"},"up":{"uv":[4.75,2.6875,4.5,3.0625],"texture":"#0"},"down":{"uv":[4.75,2.6875,4.5,3.0625],"texture":"#0"}}}],"gui_light":"front","display":{"thirdperson_righthand":{"translation":[0,6.75,1.25],"scale":[0.65,0.65,0.65]},"thirdperson_lefthand":{"translation":[0,6.75,1.25],"scale":[0.65,0.65,0.65]},"firstperson_righthand":{"rotation":[5.75,0,0],"translation":[4.5,4.5,0],"scale":[0.32656,0.32656,0.32656]},"firstperson_lefthand":{"rotation":[5.75,0,0],"translation":[4.5,4.5,0],"scale":[0.32656,0.32656,0.32656]},"ground":{"rotation":[-45,0,0],"translation":[0,9,0],"scale":[0.45,0.45,0.45]},"gui":{"rotation":[90,45,-90],"translation":[-0.75,-0.75,-1.5],"scale":[0.41406,0.41406,0.41406]},"head":{"scale":[0,0,0]},"fixed":{"rotation":[0,-90,0],"translation":[0,6.75,-5.25],"scale":[1.35,1.35,1.35]}}}