{"credit":"MadewithBlockbench","texture_size":[128,128],"textures":{"0":"elitecreatures:mad_hatter_animated_weapon_set/madhatter_texture_01","1":"elitecreatures:mad_hatter_animated_weapon_set/madhatter_animation_01","2":"elitecreatures:mad_hatter_animated_weapon_set/madhatter_animation_02","3":"elitecreatures:mad_hatter_animated_weapon_set/madhatter_animation_03","4":"elitecreatures:mad_hatter_animated_weapon_set/madhatter_animation_04","particle":"elitecreatures:mad_hatter_animated_weapon_set/madhatter_texture_01"},"elements":[{"from":[6,0,6],"to":[10,1.5,10],"rotation":{"angle":0,"axis":"y","origin":[0,0.5,16]},"faces":{"north":{"uv":[0,3.6875,0.5,3.875],"texture":"#0"},"east":{"uv":[0,3.6875,0.5,3.875],"texture":"#0"},"south":{"uv":[0,3.6875,0.5,3.875],"texture":"#0"},"west":{"uv":[0,3.6875,0.5,3.875],"texture":"#0"},"up":{"uv":[0,3.1875,0.5,3.6875],"texture":"#0"},"down":{"uv":[0,3.1875,0.5,3.6875],"texture":"#0"}}},{"from":[7,-0.5,7],"to":[9,0.5,9],"rotation":{"angle":0,"axis":"y","origin":[0,-1.5,16]},"faces":{"north":{"uv":[4.3125,0.5,4.5625,0.625],"texture":"#0"},"east":{"uv":[4.3125,0.5,4.5625,0.625],"texture":"#0"},"south":{"uv":[4.3125,0.5,4.5625,0.625],"texture":"#0"},"west":{"uv":[4.3125,0.5,4.5625,0.625],"texture":"#0"},"up":{"uv":[4.3125,1,4.5625,1.25],"texture":"#0"},"down":{"uv":[4.3125,1,4.5625,1.25],"texture":"#0"}}},{"from":[6.5,2.5,4.5],"to":[9.5,4.5,11.5],"rotation":{"angle":0,"axis":"y","origin":[0,5,16]},"faces":{"north":{"uv":[1.6875,3.8125,2.0625,4.0625],"texture":"#0"},"east":{"uv":[2.25,2.5625,3.125,2.8125],"texture":"#0"},"south":{"uv":[1.6875,3.8125,2.0625,4.0625],"texture":"#0"},"west":{"uv":[2.25,2.5625,3.125,2.8125],"texture":"#0"},"up":{"uv":[1.6875,2.9375,2.0625,3.8125],"texture":"#0"},"down":{"uv":[1.6875,2.9375,2.0625,3.8125],"texture":"#0"}}},{"from":[8,3.5,6],"to":[10,6.5,9],"rotation":{"angle":-45,"axis":"x","origin":[8,5.5,8]},"faces":{"north":{"uv":[4.5,2.6875,4.75,3.0625],"texture":"#0"},"east":{"uv":[4.5,2.6875,4.125,3.0625],"texture":"#0"},"south":{"uv":[4.5,3.0625,4.75,2.6875],"texture":"#0"},"west":{"uv":[4.125,2.6875,4.5,3.0625],"texture":"#0"},"up":{"uv":[4.5,2.6875,4.75,3.0625],"texture":"#0"},"down":{"uv":[4.5,2.6875,4.75,3.0625],"texture":"#0"}}},{"from":[6,3.5,6],"to":[8,6.5,9],"rotation":{"angle":-45,"axis":"x","origin":[8,5.5,8]},"faces":{"north":{"uv":[4.75,2.6875,4.5,3.0625],"texture":"#0"},"east":{"uv":[4.5,2.6875,4.125,3.0625],"texture":"#0"},"south":{"uv":[4.75,3.0625,4.5,2.6875],"texture":"#0"},"west":{"uv":[4.125,2.6875,4.5,3.0625],"texture":"#0"},"up":{"uv":[4.75,2.6875,4.5,3.0625],"texture":"#0"},"down":{"uv":[4.75,2.6875,4.5,3.0625],"texture":"#0"}}},{"from":[7,-11,7],"to":[9,-10,9],"rotation":{"angle":0,"axis":"y","origin":[0,0,16]},"faces":{"north":{"uv":[4.8125,0.8125,4.5625,0.9375],"texture":"#0"},"east":{"uv":[4.8125,0.8125,4.5625,0.9375],"texture":"#0"},"south":{"uv":[4.8125,0.8125,4.5625,0.9375],"texture":"#0"},"west":{"uv":[4.8125,0.8125,4.5625,0.9375],"texture":"#0"},"up":{"uv":[4.5625,1.1875,4.8125,0.9375],"texture":"#0"},"down":{"uv":[4.5625,1.1875,4.8125,0.9375],"texture":"#0"}}},{"from":[6.75,-9.5,6.75],"to":[9.25,-8.5,9.25],"rotation":{"angle":0,"axis":"y","origin":[0,0,16]},"faces":{"north":{"uv":[4.25,1.25,4.5625,1.375],"texture":"#0"},"east":{"uv":[4.25,1.25,4.5625,1.375],"texture":"#0"},"south":{"uv":[4.25,1.25,4.5625,1.375],"texture":"#0"},"west":{"uv":[4.25,1.25,4.5625,1.375],"texture":"#0"},"up":{"uv":[4.5625,0.5,4.875,0.8125],"texture":"#0"},"down":{"uv":[4.5625,0.5,4.875,0.8125],"texture":"#0"}}},{"from":[7,-14.5,7],"to":[9,-13,9],"rotation":{"angle":0,"axis":"y","origin":[0,0,16]},"faces":{"north":{"uv":[5.5,0.25,5.75,0.4375],"texture":"#0"},"east":{"uv":[5.25,0.25,5.5,0.4375],"texture":"#0"},"south":{"uv":[6,0.25,6.25,0.4375],"texture":"#0"},"west":{"uv":[5.75,0.25,6,0.4375],"texture":"#0"},"up":{"uv":[4.875,0.625,5.125,0.875],"texture":"#0"},"down":{"uv":[4.875,0.625,5.125,0.875],"texture":"#0"}}},{"from":[7.5,-15.5,7.5],"to":[8.5,-14.5,8.5],"rotation":{"angle":0,"axis":"y","origin":[0,0,16]},"faces":{"north":{"uv":[5.125,0.625,5.25,0.75],"texture":"#0"},"east":{"uv":[5.125,0.75,5.25,0.875],"texture":"#0"},"south":{"uv":[5.125,0.75,5.25,0.875],"texture":"#0"},"west":{"uv":[5.125,0.625,5.25,0.75],"texture":"#0"},"up":{"uv":[5.125,0.75,5.25,0.875],"texture":"#0"},"down":{"uv":[5.125,0.75,5.25,0.875],"texture":"#0"}}},{"from":[6.5,-13,6.5],"to":[9.5,-11,9.5],"rotation":{"angle":0,"axis":"y","origin":[0,0,16]},"faces":{"north":{"uv":[5.5625,0,5.1875,0.25],"texture":"#0"},"east":{"uv":[5.1875,0,4.8125,0.25],"texture":"#0"},"south":{"uv":[6.3125,0,5.9375,0.25],"texture":"#0"},"west":{"uv":[5.9375,0,5.5625,0.25],"texture":"#0"},"up":{"uv":[4.875,0.625,5.25,0.25],"texture":"#0"},"down":{"uv":[4.875,0.625,5.25,0.25],"texture":"#0"}}},{"from":[7.25,-10,7.25],"to":[8.75,3,8.75],"rotation":{"angle":0,"axis":"y","origin":[8,5.81499,8]},"faces":{"north":{"uv":[0.5625,4,0.375,5.625],"texture":"#0"},"east":{"uv":[0.5625,4,0.375,5.625],"texture":"#0"},"south":{"uv":[0.5625,4,0.375,5.625],"texture":"#0"},"west":{"uv":[0.5625,4,0.375,5.625],"texture":"#0"},"up":{"uv":[2.25,3.25,2.4375,3.0625],"texture":"#0"},"down":{"uv":[2.25,3.25,2.4375,3.0625],"texture":"#0"}}},{"from":[8,5,6.5],"to":[9.5,8,8],"rotation":{"angle":0,"axis":"y","origin":[8,5.81499,8]},"faces":{"north":{"uv":[0.5625,4,0.375,4.375],"texture":"#0"},"east":{"uv":[0.5625,4,0.375,4.375],"texture":"#0"},"south":{"uv":[0.5625,4,0.375,4.375],"texture":"#0"},"west":{"uv":[0.5625,4,0.375,4.375],"texture":"#0"},"up":{"uv":[2.25,3.25,2.4375,3.0625],"texture":"#0"},"down":{"uv":[2.25,3.25,2.4375,3.0625],"texture":"#0"}}},{"from":[8,5,8],"to":[9.5,8,9.5],"rotation":{"angle":0,"axis":"y","origin":[8,5.81499,8]},"faces":{"north":{"uv":[0.5625,4,0.375,4.375],"texture":"#0"},"east":{"uv":[0.5625,4,0.375,4.375],"texture":"#0"},"south":{"uv":[0.5625,4,0.375,4.375],"texture":"#0"},"west":{"uv":[0.5625,4,0.375,4.375],"texture":"#0"},"up":{"uv":[2.25,3.25,2.4375,3.0625],"texture":"#0"},"down":{"uv":[2.25,3.25,2.4375,3.0625],"texture":"#0"}}},{"from":[6.5,5,8],"to":[8,8,9.5],"rotation":{"angle":0,"axis":"y","origin":[8,5.81499,8]},"faces":{"north":{"uv":[0.5625,4,0.375,4.375],"texture":"#0"},"east":{"uv":[0.5625,4,0.375,4.375],"texture":"#0"},"south":{"uv":[0.5625,4,0.375,4.375],"texture":"#0"},"west":{"uv":[0.5625,4,0.375,4.375],"texture":"#0"},"up":{"uv":[2.25,3.25,2.4375,3.0625],"texture":"#0"},"down":{"uv":[2.25,3.25,2.4375,3.0625],"texture":"#0"}}},{"from":[6.5,5,6.5],"to":[8,8,8],"rotation":{"angle":0,"axis":"y","origin":[8,5.81499,8]},"faces":{"north":{"uv":[0.5625,4,0.375,4.375],"texture":"#0"},"east":{"uv":[0.5625,4,0.375,4.375],"texture":"#0"},"south":{"uv":[0.5625,4,0.375,4.375],"texture":"#0"},"west":{"uv":[0.5625,4,0.375,4.375],"texture":"#0"},"up":{"uv":[2.25,3.25,2.4375,3.0625],"texture":"#0"},"down":{"uv":[2.25,3.25,2.4375,3.0625],"texture":"#0"}}},{"from":[4.5,-12,4.5],"to":[11.5,-12,11.5],"rotation":{"angle":22.5,"axis":"y","origin":[8,-12,8]},"faces":{"north":{"uv":[0,0,14,0],"texture":"#4"},"east":{"uv":[0,0,14,0],"texture":"#4"},"south":{"uv":[0,0,14,0],"texture":"#4"},"west":{"uv":[0,0,14,0],"texture":"#4"},"up":{"uv":[7,14,0,7],"rotation":270,"texture":"#4"},"down":{"uv":[7,14,0,7],"rotation":270,"texture":"#4"}}},{"from":[4.5,-12,4.5],"to":[11.5,-12,11.5],"rotation":{"angle":-45,"axis":"y","origin":[8,-12,8]},"faces":{"north":{"uv":[0,0,14,0],"texture":"#4"},"east":{"uv":[0,0,14,0],"texture":"#4"},"south":{"uv":[0,0,14,0],"texture":"#4"},"west":{"uv":[0,0,14,0],"texture":"#4"},"up":{"uv":[14,14,7,7],"texture":"#4"},"down":{"uv":[14,14,7,7],"texture":"#4"}}},{"from":[4.5,-12,4.5],"to":[11.5,-12,11.5],"rotation":{"angle":-22.5,"axis":"y","origin":[8,-12,8]},"faces":{"north":{"uv":[0,0,14,0],"texture":"#4"},"east":{"uv":[0,0,14,0],"texture":"#4"},"south":{"uv":[0,0,14,0],"texture":"#4"},"west":{"uv":[0,0,14,0],"texture":"#4"},"up":{"uv":[14,7,7,0],"texture":"#4"},"down":{"uv":[14,7,7,0],"texture":"#4"}}},{"from":[4.5,-12,4.5],"to":[11.5,-12,11.5],"rotation":{"angle":0,"axis":"y","origin":[8,-12,8]},"faces":{"north":{"uv":[0,0,14,0],"texture":"#4"},"east":{"uv":[0,0,14,0],"texture":"#4"},"south":{"uv":[0,0,14,0],"texture":"#4"},"west":{"uv":[0,0,14,0],"texture":"#4"},"up":{"uv":[7,7,0,0],"texture":"#4"},"down":{"uv":[7,7,0,0],"texture":"#4"}}},{"from":[1.25,2,1.25],"to":[14.75,2,14.75],"rotation":{"angle":0,"axis":"y","origin":[8,0.31499,8]},"faces":{"north":{"uv":[0,0,5.75,0],"texture":"#1"},"east":{"uv":[0,0,5.75,0],"texture":"#1"},"south":{"uv":[0,0,5.75,0],"texture":"#1"},"west":{"uv":[0,0,5.75,0],"texture":"#1"},"up":{"uv":[6.75,6.75,0,0],"texture":"#1"},"down":{"uv":[6.75,6.75,0,0],"texture":"#1"}}},{"from":[1.25,2,1.25],"to":[14.75,2,14.75],"rotation":{"angle":-22.5,"axis":"y","origin":[8,0.31499,8]},"faces":{"north":{"uv":[0,0,5.75,0],"texture":"#1"},"east":{"uv":[0,0,5.75,0],"texture":"#1"},"south":{"uv":[0,0,5.75,0],"texture":"#1"},"west":{"uv":[0,0,5.75,0],"texture":"#1"},"up":{"uv":[13.5,6.75,6.75,0],"texture":"#1"},"down":{"uv":[13.5,6.75,6.75,0],"texture":"#1"}}},{"from":[1.25,2,1.25],"to":[14.75,2,14.75],"rotation":{"angle":-45,"axis":"y","origin":[8,0.31499,8]},"faces":{"north":{"uv":[0,0,5.75,0],"texture":"#1"},"east":{"uv":[0,0,5.75,0],"texture":"#1"},"south":{"uv":[0,0,5.75,0],"texture":"#1"},"west":{"uv":[0,0,5.75,0],"texture":"#1"},"up":{"uv":[13.5,13.5,6.75,6.75],"texture":"#1"},"down":{"uv":[13.5,13.5,6.75,6.75],"texture":"#1"}}},{"from":[1.25,2,1.25],"to":[14.75,2,14.75],"rotation":{"angle":22.5,"axis":"y","origin":[8,0.31499,8]},"faces":{"north":{"uv":[0,0,5.75,0],"texture":"#1"},"east":{"uv":[0,0,5.75,0],"texture":"#1"},"south":{"uv":[0,0,5.75,0],"texture":"#1"},"west":{"uv":[0,0,5.75,0],"texture":"#1"},"up":{"uv":[6.75,13.5,0,6.75],"rotation":270,"texture":"#1"},"down":{"uv":[6.75,13.5,0,6.75],"rotation":270,"texture":"#1"}}},{"from":[3.5,7.5,3.5],"to":[12.5,29.5,12.5],"rotation":{"angle":0,"axis":"y","origin":[0,10,16]},"faces":{"north":{"uv":[11.875,6.25,13,9],"texture":"#0"},"east":{"uv":[11.875,6.25,13,9],"texture":"#0"},"south":{"uv":[11.875,6.25,13,9],"texture":"#0"},"west":{"uv":[11.875,6.25,13,9],"texture":"#0"},"up":{"uv":[11.875,9,13,10.125],"texture":"#0"},"down":{"uv":[11.875,9,13,10.125],"texture":"#0"}}},{"from":[4.5,4.5,4.5],"to":[11.5,6.5,11.5],"rotation":{"angle":0,"axis":"y","origin":[0,10,16]},"faces":{"north":{"uv":[3.8125,7.1875,4.6875,7.4375],"texture":"#0"},"east":{"uv":[3.8125,7.1875,4.6875,7.4375],"texture":"#0"},"south":{"uv":[3.8125,7.1875,4.6875,7.4375],"texture":"#0"},"west":{"uv":[3.8125,7.1875,4.6875,7.4375],"texture":"#0"},"up":{"uv":[2.9375,7.1875,3.8125,8.0625],"texture":"#0"},"down":{"uv":[2.9375,7.1875,3.8125,8.0625],"texture":"#0"}}},{"from":[2.5,11.5,6],"to":[3.5,15.5,10],"rotation":{"angle":0,"axis":"y","origin":[0,7,16]},"faces":{"north":{"uv":[5.1875,6.8125,5.3125,7.3125],"texture":"#0"},"east":{"uv":[4.6875,6.8125,5.1875,7.3125],"texture":"#0"},"south":{"uv":[5.1875,6.8125,5.3125,7.3125],"texture":"#0"},"west":{"uv":[4.6875,6.8125,5.1875,7.3125],"texture":"#0"},"up":{"uv":[5.3125,6.8125,5.4375,7.3125],"texture":"#0"},"down":{"uv":[5.3125,6.8125,5.4375,7.3125],"texture":"#0"}}},{"from":[1.5,12.5,6.5],"to":[3.5,14.5,9.5],"rotation":{"angle":-45,"axis":"z","origin":[2.5,13.5,8]},"faces":{"north":{"uv":[5.6875,6.8125,5.4375,7.0625],"texture":"#0"},"east":{"uv":[5.6875,6.8125,6.0625,7.0625],"texture":"#0"},"south":{"uv":[5.4375,6.8125,5.6875,7.0625],"texture":"#0"},"west":{"uv":[5.6875,6.8125,6.0625,7.0625],"texture":"#0"},"up":{"uv":[5.4375,7.0625,5.6875,7.4375],"texture":"#0"},"down":{"uv":[5.4375,7.0625,5.6875,7.4375],"texture":"#0"}}},{"from":[1.5,18,6.5],"to":[3.5,20,9.5],"rotation":{"angle":-45,"axis":"z","origin":[2.5,19,8]},"faces":{"north":{"uv":[5.6875,6.8125,5.4375,7.0625],"texture":"#0"},"east":{"uv":[5.6875,6.8125,6.0625,7.0625],"texture":"#0"},"south":{"uv":[5.4375,6.8125,5.6875,7.0625],"texture":"#0"},"west":{"uv":[5.6875,6.8125,6.0625,7.0625],"texture":"#0"},"up":{"uv":[5.4375,7.0625,5.6875,7.4375],"texture":"#0"},"down":{"uv":[5.4375,7.0625,5.6875,7.4375],"texture":"#0"}}},{"from":[2.5,17,6],"to":[3.5,21,10],"rotation":{"angle":0,"axis":"y","origin":[0,12.5,16]},"faces":{"north":{"uv":[5.1875,6.8125,5.3125,7.3125],"texture":"#0"},"east":{"uv":[4.6875,6.8125,5.1875,7.3125],"texture":"#0"},"south":{"uv":[5.1875,6.8125,5.3125,7.3125],"texture":"#0"},"west":{"uv":[4.6875,6.8125,5.1875,7.3125],"texture":"#0"},"up":{"uv":[5.3125,6.8125,5.4375,7.3125],"texture":"#0"},"down":{"uv":[5.3125,6.8125,5.4375,7.3125],"texture":"#0"}}},{"from":[1.5,23.5,6.5],"to":[3.5,25.5,9.5],"rotation":{"angle":-45,"axis":"z","origin":[2.5,24.5,8]},"faces":{"north":{"uv":[5.6875,6.8125,5.4375,7.0625],"texture":"#0"},"east":{"uv":[5.6875,6.8125,6.0625,7.0625],"texture":"#0"},"south":{"uv":[5.4375,6.8125,5.6875,7.0625],"texture":"#0"},"west":{"uv":[5.6875,6.8125,6.0625,7.0625],"texture":"#0"},"up":{"uv":[5.4375,7.0625,5.6875,7.4375],"texture":"#0"},"down":{"uv":[5.4375,7.0625,5.6875,7.4375],"texture":"#0"}}},{"from":[2.5,22.5,6],"to":[3.5,26.5,10],"rotation":{"angle":0,"axis":"y","origin":[0,18,16]},"faces":{"north":{"uv":[5.1875,6.8125,5.3125,7.3125],"texture":"#0"},"east":{"uv":[4.6875,6.8125,5.1875,7.3125],"texture":"#0"},"south":{"uv":[5.1875,6.8125,5.3125,7.3125],"texture":"#0"},"west":{"uv":[4.6875,6.8125,5.1875,7.3125],"texture":"#0"},"up":{"uv":[5.3125,6.8125,5.4375,7.3125],"texture":"#0"},"down":{"uv":[5.3125,6.8125,5.4375,7.3125],"texture":"#0"}}},{"from":[12.5,23.5,6.5],"to":[14.5,25.5,9.5],"rotation":{"angle":45,"axis":"z","origin":[13.5,24.5,8]},"faces":{"north":{"uv":[5.4375,6.8125,5.6875,7.0625],"texture":"#0"},"east":{"uv":[6.0625,6.8125,5.6875,7.0625],"texture":"#0"},"south":{"uv":[5.6875,6.8125,5.4375,7.0625],"texture":"#0"},"west":{"uv":[6.0625,6.8125,5.6875,7.0625],"texture":"#0"},"up":{"uv":[5.6875,7.0625,5.4375,7.4375],"texture":"#0"},"down":{"uv":[5.6875,7.0625,5.4375,7.4375],"texture":"#0"}}},{"from":[12.5,22.5,6],"to":[13.5,26.5,10],"rotation":{"angle":0,"axis":"y","origin":[16,18,16]},"faces":{"north":{"uv":[5.3125,6.8125,5.1875,7.3125],"texture":"#0"},"east":{"uv":[5.1875,6.8125,4.6875,7.3125],"texture":"#0"},"south":{"uv":[5.3125,6.8125,5.1875,7.3125],"texture":"#0"},"west":{"uv":[5.1875,6.8125,4.6875,7.3125],"texture":"#0"},"up":{"uv":[5.4375,6.8125,5.3125,7.3125],"texture":"#0"},"down":{"uv":[5.4375,6.8125,5.3125,7.3125],"texture":"#0"}}},{"from":[12.5,18,6.5],"to":[14.5,20,9.5],"rotation":{"angle":45,"axis":"z","origin":[13.5,19,8]},"faces":{"north":{"uv":[5.4375,6.8125,5.6875,7.0625],"texture":"#0"},"east":{"uv":[6.0625,6.8125,5.6875,7.0625],"texture":"#0"},"south":{"uv":[5.6875,6.8125,5.4375,7.0625],"texture":"#0"},"west":{"uv":[6.0625,6.8125,5.6875,7.0625],"texture":"#0"},"up":{"uv":[5.6875,7.0625,5.4375,7.4375],"texture":"#0"},"down":{"uv":[5.6875,7.0625,5.4375,7.4375],"texture":"#0"}}},{"from":[12.5,17,6],"to":[13.5,21,10],"rotation":{"angle":0,"axis":"y","origin":[16,12.5,16]},"faces":{"north":{"uv":[5.3125,6.8125,5.1875,7.3125],"texture":"#0"},"east":{"uv":[5.1875,6.8125,4.6875,7.3125],"texture":"#0"},"south":{"uv":[5.3125,6.8125,5.1875,7.3125],"texture":"#0"},"west":{"uv":[5.1875,6.8125,4.6875,7.3125],"texture":"#0"},"up":{"uv":[5.4375,6.8125,5.3125,7.3125],"texture":"#0"},"down":{"uv":[5.4375,6.8125,5.3125,7.3125],"texture":"#0"}}},{"from":[12.5,12.5,6.5],"to":[14.5,14.5,9.5],"rotation":{"angle":45,"axis":"z","origin":[13.5,13.5,8]},"faces":{"north":{"uv":[5.4375,6.8125,5.6875,7.0625],"texture":"#0"},"east":{"uv":[6.0625,6.8125,5.6875,7.0625],"texture":"#0"},"south":{"uv":[5.6875,6.8125,5.4375,7.0625],"texture":"#0"},"west":{"uv":[6.0625,6.8125,5.6875,7.0625],"texture":"#0"},"up":{"uv":[5.6875,7.0625,5.4375,7.4375],"texture":"#0"},"down":{"uv":[5.6875,7.0625,5.4375,7.4375],"texture":"#0"}}},{"from":[12.5,11.5,6],"to":[13.5,15.5,10],"rotation":{"angle":0,"axis":"y","origin":[16,7,16]},"faces":{"north":{"uv":[5.3125,6.8125,5.1875,7.3125],"texture":"#0"},"east":{"uv":[5.1875,6.8125,4.6875,7.3125],"texture":"#0"},"south":{"uv":[5.3125,6.8125,5.1875,7.3125],"texture":"#0"},"west":{"uv":[5.1875,6.8125,4.6875,7.3125],"texture":"#0"},"up":{"uv":[5.4375,6.8125,5.3125,7.3125],"texture":"#0"},"down":{"uv":[5.4375,6.8125,5.3125,7.3125],"texture":"#0"}}},{"from":[6.5,23.5,12.5],"to":[9.5,25.5,14.5],"rotation":{"angle":-45,"axis":"x","origin":[8,24.5,13.5]},"faces":{"north":{"uv":[6.0625,6.8125,5.6875,7.0625],"texture":"#0"},"east":{"uv":[5.4375,6.8125,5.6875,7.0625],"texture":"#0"},"south":{"uv":[6.0625,6.8125,5.6875,7.0625],"texture":"#0"},"west":{"uv":[5.6875,6.8125,5.4375,7.0625],"texture":"#0"},"up":{"uv":[5.6875,7.0625,5.4375,7.4375],"rotation":90,"texture":"#0"},"down":{"uv":[5.6875,7.0625,5.4375,7.4375],"rotation":270,"texture":"#0"}}},{"from":[6,22.5,12.5],"to":[10,26.5,13.5],"rotation":{"angle":0,"axis":"y","origin":[0,18,16]},"faces":{"north":{"uv":[5.1875,6.8125,4.6875,7.3125],"texture":"#0"},"east":{"uv":[5.3125,6.8125,5.1875,7.3125],"texture":"#0"},"south":{"uv":[5.1875,6.8125,4.6875,7.3125],"texture":"#0"},"west":{"uv":[5.3125,6.8125,5.1875,7.3125],"texture":"#0"},"up":{"uv":[5.4375,6.8125,5.3125,7.3125],"rotation":90,"texture":"#0"},"down":{"uv":[5.4375,6.8125,5.3125,7.3125],"rotation":270,"texture":"#0"}}},{"from":[6.5,18,12.5],"to":[9.5,20,14.5],"rotation":{"angle":-45,"axis":"x","origin":[8,19,13.5]},"faces":{"north":{"uv":[6.0625,6.8125,5.6875,7.0625],"texture":"#0"},"east":{"uv":[5.4375,6.8125,5.6875,7.0625],"texture":"#0"},"south":{"uv":[6.0625,6.8125,5.6875,7.0625],"texture":"#0"},"west":{"uv":[5.6875,6.8125,5.4375,7.0625],"texture":"#0"},"up":{"uv":[5.6875,7.0625,5.4375,7.4375],"rotation":90,"texture":"#0"},"down":{"uv":[5.6875,7.0625,5.4375,7.4375],"rotation":270,"texture":"#0"}}},{"from":[6,17,12.5],"to":[10,21,13.5],"rotation":{"angle":0,"axis":"y","origin":[0,12.5,16]},"faces":{"north":{"uv":[5.1875,6.8125,4.6875,7.3125],"texture":"#0"},"east":{"uv":[5.3125,6.8125,5.1875,7.3125],"texture":"#0"},"south":{"uv":[5.1875,6.8125,4.6875,7.3125],"texture":"#0"},"west":{"uv":[5.3125,6.8125,5.1875,7.3125],"texture":"#0"},"up":{"uv":[5.4375,6.8125,5.3125,7.3125],"rotation":90,"texture":"#0"},"down":{"uv":[5.4375,6.8125,5.3125,7.3125],"rotation":270,"texture":"#0"}}},{"from":[6.5,12.5,12.5],"to":[9.5,14.5,14.5],"rotation":{"angle":-45,"axis":"x","origin":[8,13.5,13.5]},"faces":{"north":{"uv":[6.0625,6.8125,5.6875,7.0625],"texture":"#0"},"east":{"uv":[5.4375,6.8125,5.6875,7.0625],"texture":"#0"},"south":{"uv":[6.0625,6.8125,5.6875,7.0625],"texture":"#0"},"west":{"uv":[5.6875,6.8125,5.4375,7.0625],"texture":"#0"},"up":{"uv":[5.6875,7.0625,5.4375,7.4375],"rotation":90,"texture":"#0"},"down":{"uv":[5.6875,7.0625,5.4375,7.4375],"rotation":270,"texture":"#0"}}},{"from":[6,11.5,12.5],"to":[10,15.5,13.5],"rotation":{"angle":0,"axis":"y","origin":[0,7,16]},"faces":{"north":{"uv":[5.1875,6.8125,4.6875,7.3125],"texture":"#0"},"east":{"uv":[5.3125,6.8125,5.1875,7.3125],"texture":"#0"},"south":{"uv":[5.1875,6.8125,4.6875,7.3125],"texture":"#0"},"west":{"uv":[5.3125,6.8125,5.1875,7.3125],"texture":"#0"},"up":{"uv":[5.4375,6.8125,5.3125,7.3125],"rotation":90,"texture":"#0"},"down":{"uv":[5.4375,6.8125,5.3125,7.3125],"rotation":270,"texture":"#0"}}},{"from":[6.5,23.5,1.5],"to":[9.5,25.5,3.5],"rotation":{"angle":45,"axis":"x","origin":[8,24.5,2.5]},"faces":{"north":{"uv":[5.6875,6.8125,6.0625,7.0625],"texture":"#0"},"east":{"uv":[5.6875,6.8125,5.4375,7.0625],"texture":"#0"},"south":{"uv":[5.6875,6.8125,6.0625,7.0625],"texture":"#0"},"west":{"uv":[5.4375,6.8125,5.6875,7.0625],"texture":"#0"},"up":{"uv":[5.4375,7.0625,5.6875,7.4375],"rotation":90,"texture":"#0"},"down":{"uv":[5.4375,7.0625,5.6875,7.4375],"rotation":270,"texture":"#0"}}},{"from":[6,22.5,2.5],"to":[10,26.5,3.5],"rotation":{"angle":0,"axis":"y","origin":[0,18,0]},"faces":{"north":{"uv":[4.6875,6.8125,5.1875,7.3125],"texture":"#0"},"east":{"uv":[5.1875,6.8125,5.3125,7.3125],"texture":"#0"},"south":{"uv":[4.6875,6.8125,5.1875,7.3125],"texture":"#0"},"west":{"uv":[5.1875,6.8125,5.3125,7.3125],"texture":"#0"},"up":{"uv":[5.3125,6.8125,5.4375,7.3125],"rotation":90,"texture":"#0"},"down":{"uv":[5.3125,6.8125,5.4375,7.3125],"rotation":270,"texture":"#0"}}},{"from":[6,17,2.5],"to":[10,21,3.5],"rotation":{"angle":0,"axis":"y","origin":[0,12.5,0]},"faces":{"north":{"uv":[4.6875,6.8125,5.1875,7.3125],"texture":"#0"},"east":{"uv":[5.1875,6.8125,5.3125,7.3125],"texture":"#0"},"south":{"uv":[4.6875,6.8125,5.1875,7.3125],"texture":"#0"},"west":{"uv":[5.1875,6.8125,5.3125,7.3125],"texture":"#0"},"up":{"uv":[5.3125,6.8125,5.4375,7.3125],"rotation":90,"texture":"#0"},"down":{"uv":[5.3125,6.8125,5.4375,7.3125],"rotation":270,"texture":"#0"}}},{"from":[6.5,18,1.5],"to":[9.5,20,3.5],"rotation":{"angle":45,"axis":"x","origin":[8,19,2.5]},"faces":{"north":{"uv":[5.6875,6.8125,6.0625,7.0625],"texture":"#0"},"east":{"uv":[5.6875,6.8125,5.4375,7.0625],"texture":"#0"},"south":{"uv":[5.6875,6.8125,6.0625,7.0625],"texture":"#0"},"west":{"uv":[5.4375,6.8125,5.6875,7.0625],"texture":"#0"},"up":{"uv":[5.4375,7.0625,5.6875,7.4375],"rotation":90,"texture":"#0"},"down":{"uv":[5.4375,7.0625,5.6875,7.4375],"rotation":270,"texture":"#0"}}},{"from":[6.5,12.5,1.5],"to":[9.5,14.5,3.5],"rotation":{"angle":45,"axis":"x","origin":[8,13.5,2.5]},"faces":{"north":{"uv":[5.6875,6.8125,6.0625,7.0625],"texture":"#0"},"east":{"uv":[5.6875,6.8125,5.4375,7.0625],"texture":"#0"},"south":{"uv":[5.6875,6.8125,6.0625,7.0625],"texture":"#0"},"west":{"uv":[5.4375,6.8125,5.6875,7.0625],"texture":"#0"},"up":{"uv":[5.4375,7.0625,5.6875,7.4375],"rotation":90,"texture":"#0"},"down":{"uv":[5.4375,7.0625,5.6875,7.4375],"rotation":270,"texture":"#0"}}},{"from":[6,11.5,2.5],"to":[10,15.5,3.5],"rotation":{"angle":0,"axis":"y","origin":[0,7,0]},"faces":{"north":{"uv":[4.6875,6.8125,5.1875,7.3125],"texture":"#0"},"east":{"uv":[5.1875,6.8125,5.3125,7.3125],"texture":"#0"},"south":{"uv":[4.6875,6.8125,5.1875,7.3125],"texture":"#0"},"west":{"uv":[5.1875,6.8125,5.3125,7.3125],"texture":"#0"},"up":{"uv":[5.3125,6.8125,5.4375,7.3125],"rotation":90,"texture":"#0"},"down":{"uv":[5.3125,6.8125,5.4375,7.3125],"rotation":270,"texture":"#0"}}},{"from":[8,20,-0.25],"to":[8,25.5,4.25],"rotation":{"angle":-22.5,"axis":"x","origin":[8,15.82627,2.56668]},"faces":{"north":{"uv":[0,0,0,1.375],"texture":"#2"},"east":{"uv":[9,0,0,11],"texture":"#2"},"south":{"uv":[0,0,0,1.375],"texture":"#2"},"west":{"uv":[0,0,9,11],"texture":"#2"},"up":{"uv":[0,1.125,0,0],"texture":"#2"},"down":{"uv":[0,0,0,1.125],"texture":"#2"}}},{"from":[4,2,5.75],"to":[4,7.5,10.25],"rotation":{"angle":0,"axis":"y","origin":[12,24.75,6.25]},"faces":{"north":{"uv":[0,0,0,22],"texture":"#3"},"east":{"uv":[0,0,9,11],"texture":"#3"},"south":{"uv":[0,0,0,22],"texture":"#3"},"west":{"uv":[9,0,0,11],"texture":"#3"},"up":{"uv":[0,18,0,0],"texture":"#3"},"down":{"uv":[0,0,0,18],"texture":"#3"}}},{"from":[12,2,5.75],"to":[12,7.5,10.25],"rotation":{"angle":0,"axis":"y","origin":[4,24.75,6.25]},"faces":{"north":{"uv":[0,0,0,22],"texture":"#3"},"east":{"uv":[0,0,9,11],"texture":"#3"},"south":{"uv":[0,0,0,22],"texture":"#3"},"west":{"uv":[9,0,0,11],"texture":"#3"},"up":{"uv":[0,18,0,0],"texture":"#3"},"down":{"uv":[0,0,0,18],"texture":"#3"}}}],"gui_light":"front","display":{"thirdperson_righthand":{"translation":[0,6.75,1.25],"scale":[0.65,0.65,0.65]},"thirdperson_lefthand":{"translation":[0,6.75,1.25],"scale":[0.65,0.65,0.65]},"firstperson_righthand":{"rotation":[5.75,0,0],"translation":[4.5,4.5,0],"scale":[0.32656,0.32656,0.32656]},"firstperson_lefthand":{"rotation":[5.75,0,0],"translation":[4.5,4.5,0],"scale":[0.32656,0.32656,0.32656]},"ground":{"rotation":[-45,0,0],"translation":[0,9,0],"scale":[0.45,0.45,0.45]},"gui":{"rotation":[90,45,-90],"translation":[-0.25,-0.25,-1.5],"scale":[0.43359,0.43359,0.43359]},"head":{"scale":[0,0,0]},"fixed":{"rotation":[0,-90,0],"translation":[0,6.75,-5.25],"scale":[1.35,1.35,1.35]}}}