{"credit":"MadewithBlockbench","texture_size":[128,128],"textures":{"0":"elitecreatures:mad_hatter_animated_weapon_set/madhatter_texture_01","1":"elitecreatures:mad_hatter_animated_weapon_set/madhatter_animation_01","4":"elitecreatures:mad_hatter_animated_weapon_set/madhatter_animation_04","particle":"elitecreatures:mad_hatter_animated_weapon_set/madhatter_texture_01"},"elements":[{"from":[6,-1,6],"to":[10,0.5,10],"rotation":{"angle":0,"axis":"y","origin":[0,-0.5,16]},"faces":{"north":{"uv":[0,3.6875,0.5,3.875],"texture":"#0"},"east":{"uv":[0,3.6875,0.5,3.875],"texture":"#0"},"south":{"uv":[0,3.6875,0.5,3.875],"texture":"#0"},"west":{"uv":[0,3.6875,0.5,3.875],"texture":"#0"},"up":{"uv":[0,3.1875,0.5,3.6875],"texture":"#0"},"down":{"uv":[0,3.1875,0.5,3.6875],"texture":"#0"}}},{"from":[7,0.5,7],"to":[9,1.5,9],"rotation":{"angle":0,"axis":"y","origin":[0,-0.5,16]},"faces":{"north":{"uv":[4.3125,0.5,4.5625,0.625],"texture":"#0"},"east":{"uv":[4.3125,0.5,4.5625,0.625],"texture":"#0"},"south":{"uv":[4.3125,0.5,4.5625,0.625],"texture":"#0"},"west":{"uv":[4.3125,0.5,4.5625,0.625],"texture":"#0"},"up":{"uv":[4.3125,1,4.5625,1.25],"texture":"#0"},"down":{"uv":[4.3125,1,4.5625,1.25],"texture":"#0"}}},{"from":[5,2.5,6],"to":[11,4,12],"rotation":{"angle":22.5,"axis":"x","origin":[8.31781,5.13746,9]},"faces":{"north":{"uv":[3.25,2.125,4,2.3125],"texture":"#0"},"east":{"uv":[3.25,2.125,4,2.3125],"texture":"#0"},"south":{"uv":[3.25,2.125,4,2.3125],"texture":"#0"},"west":{"uv":[3.25,2.125,4,2.3125],"texture":"#0"},"up":{"uv":[3.25,1.375,4,2.125],"texture":"#0"},"down":{"uv":[3.25,1.375,4,2.125],"texture":"#0"}}},{"from":[5.5,4,6.5],"to":[10.5,9.5,11.5],"rotation":{"angle":22.5,"axis":"x","origin":[8.31781,5.13746,9]},"faces":{"north":{"uv":[4,1.375,4.625,2.0625],"texture":"#0"},"east":{"uv":[4,1.375,4.625,2.0625],"texture":"#0"},"south":{"uv":[4,1.375,4.625,2.0625],"texture":"#0"},"west":{"uv":[4,1.375,4.625,2.0625],"texture":"#0"},"up":{"uv":[4,2.0625,4.625,2.6875],"texture":"#0"},"down":{"uv":[4,2.0625,4.625,2.6875],"texture":"#0"}}},{"from":[5.1,1.57174,5.83335],"to":[10.9,3.07174,7.33335],"rotation":{"angle":45,"axis":"x","origin":[8.31781,5.13746,9]},"faces":{"north":{"uv":[3.25,2.3125,4,2.5],"texture":"#0"},"east":{"uv":[3.0625,2.8125,3.25,3],"texture":"#0"},"south":{"uv":[3.25,2.3125,4,2.5],"texture":"#0"},"west":{"uv":[3.0625,2.8125,3.25,3],"texture":"#0"},"up":{"uv":[3.25,2.5,4,2.6875],"texture":"#0"},"down":{"uv":[3.25,2.5,4,2.6875],"texture":"#0"}}},{"from":[5.1,1.57174,10.66665],"to":[10.9,3.07174,12.16665],"rotation":{"angle":0,"axis":"y","origin":[8.31781,5.13746,9]},"faces":{"north":{"uv":[4,2.3125,3.25,2.5],"texture":"#0"},"east":{"uv":[3.25,2.8125,3.0625,3],"texture":"#0"},"south":{"uv":[4,2.3125,3.25,2.5],"texture":"#0"},"west":{"uv":[3.25,2.8125,3.0625,3],"texture":"#0"},"up":{"uv":[3.25,2.6875,4,2.5],"texture":"#0"},"down":{"uv":[3.25,2.6875,4,2.5],"texture":"#0"}}},{"from":[5.21781,4,6.48219],"to":[5.21781,6,11.48219],"rotation":{"angle":22.5,"axis":"x","origin":[8.31781,5.13746,9]},"faces":{"north":{"uv":[4.625,1.375,4,2.0625],"texture":"#0"},"east":{"uv":[4.625,1.8125,4,2.0625],"texture":"#0"},"south":{"uv":[4.625,1.375,4,2.0625],"texture":"#0"},"west":{"uv":[4.625,1.8125,4,2.0625],"texture":"#0"},"up":{"uv":[4,2.6875,4.625,2.0625],"rotation":90,"texture":"#0"},"down":{"uv":[4,2.6875,4.625,2.0625],"rotation":270,"texture":"#0"}}},{"from":[5.41781,6.00287,7.62131],"to":[5.41781,9.00287,10.12131],"rotation":{"angle":0,"axis":"y","origin":[8.31781,5.13746,9]},"faces":{"north":{"uv":[4.625,1.375,4,2.0625],"texture":"#0"},"east":{"uv":[2.375,3.8125,2.0625,4.1875],"texture":"#0"},"south":{"uv":[4.625,1.375,4,2.0625],"texture":"#0"},"west":{"uv":[2.375,3.8125,2.0625,4.1875],"texture":"#0"},"up":{"uv":[4,2.6875,4.625,2.0625],"rotation":90,"texture":"#0"},"down":{"uv":[4,2.6875,4.625,2.0625],"rotation":270,"texture":"#0"}}},{"from":[5.31781,6.00287,7.62131],"to":[5.31781,9.00287,10.12131],"rotation":{"angle":0,"axis":"y","origin":[8.31781,5.13746,9]},"faces":{"north":{"uv":[4.625,1.375,4,2.0625],"texture":"#0"},"east":{"uv":[3.125,3.0625,2.5,3.875],"texture":"#0"},"south":{"uv":[4.625,1.375,4,2.0625],"texture":"#0"},"west":{"uv":[2.5,3.0625,3.125,3.875],"texture":"#0"},"up":{"uv":[4,2.6875,4.625,2.0625],"rotation":90,"texture":"#0"},"down":{"uv":[4,2.6875,4.625,2.0625],"rotation":270,"texture":"#0"}}},{"from":[6.8,24.5,6],"to":[9.2,27.5,9],"rotation":{"angle":-45,"axis":"x","origin":[8,26.5,8]},"faces":{"north":{"uv":[4.75,2.6875,4.5,3.0625],"texture":"#0"},"east":{"uv":[4.5,2.6875,4.125,3.0625],"texture":"#0"},"south":{"uv":[4.75,3.0625,4.5,2.6875],"texture":"#0"},"west":{"uv":[4.125,2.6875,4.5,3.0625],"texture":"#0"},"up":{"uv":[4.75,2.6875,4.5,3.0625],"texture":"#0"},"down":{"uv":[4.75,2.6875,4.5,3.0625],"texture":"#0"}}},{"from":[7.5,4.39138,12.71789],"to":[8.5,6.39138,14.71789],"rotation":{"angle":0,"axis":"y","origin":[8,5.02657,14.27266]},"faces":{"north":{"uv":[3.25,0.875,3.375,0.625],"texture":"#0"},"east":{"uv":[2.25,2.3125,2.5,2.0625],"texture":"#0"},"south":{"uv":[3.25,0.875,3.375,0.625],"texture":"#0"},"west":{"uv":[2.5,2.3125,2.25,2.0625],"texture":"#0"},"up":{"uv":[3.375,0.625,3.25,0.875],"rotation":180,"texture":"#0"},"down":{"uv":[3.375,0.625,3.25,0.875],"rotation":180,"texture":"#0"}}},{"from":[7,3.30563,13.69485],"to":[9,5.30563,14.69485],"rotation":{"angle":-45,"axis":"x","origin":[8,5.02657,14.27266]},"faces":{"north":{"uv":[2.25,2.3125,2.5,2.5625],"rotation":180,"texture":"#0"},"east":{"uv":[1.625,2.6875,1.5,2.9375],"rotation":180,"texture":"#0"},"south":{"uv":[2.5,2.3125,2.25,2.5625],"rotation":180,"texture":"#0"},"west":{"uv":[1.625,2.6875,1.5,2.9375],"rotation":180,"texture":"#0"},"up":{"uv":[1.5,2.9375,1.625,2.6875],"rotation":90,"texture":"#0"},"down":{"uv":[1.5,2.9375,1.625,2.6875],"rotation":270,"texture":"#0"}}},{"from":[7,4.84877,11.1936],"to":[9,5.84877,13.1936],"rotation":{"angle":22.5,"axis":"x","origin":[8,5.02657,14.27266]},"faces":{"north":{"uv":[1.625,2.6875,1.5,2.9375],"rotation":90,"texture":"#0"},"east":{"uv":[1.5,2.9375,1.625,2.6875],"rotation":90,"texture":"#0"},"south":{"uv":[1.625,2.6875,1.5,2.9375],"rotation":90,"texture":"#0"},"west":{"uv":[1.5,2.9375,1.625,2.6875],"rotation":270,"texture":"#0"},"up":{"uv":[2.25,2.5625,2.5,2.3125],"texture":"#0"},"down":{"uv":[2.5,2.5625,2.25,2.3125],"rotation":180,"texture":"#0"}}},{"from":[7.5,3.16466,14.70815],"to":[8.5,5.16466,16.70815],"rotation":{"angle":45,"axis":"x","origin":[8,3.63493,14.77609]},"faces":{"north":{"uv":[3.25,0.875,3.375,0.625],"texture":"#0"},"east":{"uv":[2.25,2.3125,2.5,2.0625],"texture":"#0"},"south":{"uv":[3.25,0.875,3.375,0.625],"texture":"#0"},"west":{"uv":[2.5,2.3125,2.25,2.0625],"texture":"#0"},"up":{"uv":[3.375,0.625,3.25,0.875],"rotation":180,"texture":"#0"},"down":{"uv":[3.375,0.625,3.25,0.875],"rotation":180,"texture":"#0"}}},{"from":[7,0.50328,15.3747],"to":[9,2.50328,16.3747],"rotation":{"angle":-22.5,"axis":"x","origin":[8,2.73493,14.77609]},"faces":{"north":{"uv":[2.5,2.5625,2.25,2.3125],"texture":"#0"},"east":{"uv":[1.5,2.9375,1.625,2.6875],"texture":"#0"},"south":{"uv":[2.25,2.5625,2.5,2.3125],"texture":"#0"},"west":{"uv":[1.5,2.9375,1.625,2.6875],"texture":"#0"},"up":{"uv":[1.625,2.6875,1.5,2.9375],"rotation":270,"texture":"#0"},"down":{"uv":[1.625,2.6875,1.5,2.9375],"rotation":90,"texture":"#0"}}},{"from":[7.5,-0.95125,13.55388],"to":[8.5,1.04875,15.55388],"rotation":{"angle":-45,"axis":"x","origin":[8,2.73493,14.77609]},"faces":{"north":{"uv":[3.25,0.875,3.375,0.625],"rotation":180,"texture":"#0"},"east":{"uv":[2.5,2.0625,2.25,2.3125],"rotation":90,"texture":"#0"},"south":{"uv":[3.25,0.875,3.375,0.625],"texture":"#0"},"west":{"uv":[2.25,2.0625,2.5,2.3125],"rotation":270,"texture":"#0"},"up":{"uv":[3.375,0.625,3.25,0.875],"texture":"#0"},"down":{"uv":[3.375,0.625,3.25,0.875],"rotation":180,"texture":"#0"}}},{"from":[6.5,1.5,4.5],"to":[9.5,3.5,11.5],"rotation":{"angle":0,"axis":"y","origin":[0,4,16]},"faces":{"north":{"uv":[1.6875,3.8125,2.0625,4.0625],"texture":"#0"},"east":{"uv":[2.25,2.5625,3.125,2.8125],"texture":"#0"},"south":{"uv":[1.6875,3.8125,2.0625,4.0625],"texture":"#0"},"west":{"uv":[2.25,2.5625,3.125,2.8125],"texture":"#0"},"up":{"uv":[1.6875,2.9375,2.0625,3.8125],"texture":"#0"},"down":{"uv":[1.6875,2.9375,2.0625,3.8125],"texture":"#0"}}},{"from":[6.6,1.5,2.5],"to":[9.4,3.5,7.5],"rotation":{"angle":22.5,"axis":"x","origin":[8,2.5,6]},"faces":{"north":{"uv":[2.4375,3.5625,2.0625,3.8125],"texture":"#0"},"east":{"uv":[3.0625,2.8125,2.4375,3.0625],"texture":"#0"},"south":{"uv":[2.4375,3.5625,2.0625,3.8125],"texture":"#0"},"west":{"uv":[2.4375,2.8125,3.0625,3.0625],"texture":"#0"},"up":{"uv":[2.0625,3.5625,2.4375,2.9375],"texture":"#0"},"down":{"uv":[2.0625,2.9375,2.4375,3.5625],"texture":"#0"}}},{"from":[6.6,1.5,8.5],"to":[9.4,3.5,13.5],"rotation":{"angle":-22.5,"axis":"x","origin":[8,2.5,10]},"faces":{"north":{"uv":[2.0625,3.5625,2.4375,3.8125],"texture":"#0"},"east":{"uv":[2.4375,2.8125,3.0625,3.0625],"texture":"#0"},"south":{"uv":[2.0625,3.5625,2.4375,3.8125],"texture":"#0"},"west":{"uv":[3.0625,2.8125,2.4375,3.0625],"texture":"#0"},"up":{"uv":[2.0625,2.9375,2.4375,3.5625],"texture":"#0"},"down":{"uv":[2.4375,3.5625,2.0625,2.9375],"texture":"#0"}}},{"from":[7,-11,7],"to":[9,-10,9],"rotation":{"angle":0,"axis":"y","origin":[0,0,16]},"faces":{"north":{"uv":[4.8125,0.8125,4.5625,0.9375],"texture":"#0"},"east":{"uv":[4.8125,0.8125,4.5625,0.9375],"texture":"#0"},"south":{"uv":[4.8125,0.8125,4.5625,0.9375],"texture":"#0"},"west":{"uv":[4.8125,0.8125,4.5625,0.9375],"texture":"#0"},"up":{"uv":[4.5625,1.1875,4.8125,0.9375],"texture":"#0"},"down":{"uv":[4.5625,1.1875,4.8125,0.9375],"texture":"#0"}}},{"from":[6.75,-9.5,6.75],"to":[9.25,-8.5,9.25],"rotation":{"angle":0,"axis":"y","origin":[0,0,16]},"faces":{"north":{"uv":[4.25,1.25,4.5625,1.375],"texture":"#0"},"east":{"uv":[4.25,1.25,4.5625,1.375],"texture":"#0"},"south":{"uv":[4.25,1.25,4.5625,1.375],"texture":"#0"},"west":{"uv":[4.25,1.25,4.5625,1.375],"texture":"#0"},"up":{"uv":[4.5625,0.5,4.875,0.8125],"texture":"#0"},"down":{"uv":[4.5625,0.5,4.875,0.8125],"texture":"#0"}}},{"from":[7,14,7],"to":[9,15,9],"rotation":{"angle":0,"axis":"y","origin":[0,0,16]},"faces":{"north":{"uv":[4.8125,0.8125,4.5625,0.9375],"texture":"#0"},"east":{"uv":[4.8125,0.8125,4.5625,0.9375],"texture":"#0"},"south":{"uv":[4.8125,0.8125,4.5625,0.9375],"texture":"#0"},"west":{"uv":[4.8125,0.8125,4.5625,0.9375],"texture":"#0"},"up":{"uv":[4.5625,1.1875,4.8125,0.9375],"texture":"#0"},"down":{"uv":[4.5625,1.1875,4.8125,0.9375],"texture":"#0"}}},{"from":[6.75,15.5,6.75],"to":[9.25,16.5,9.25],"rotation":{"angle":0,"axis":"y","origin":[0,0,16]},"faces":{"north":{"uv":[4.25,1.25,4.5625,1.375],"texture":"#0"},"east":{"uv":[4.25,1.25,4.5625,1.375],"texture":"#0"},"south":{"uv":[4.25,1.25,4.5625,1.375],"texture":"#0"},"west":{"uv":[4.25,1.25,4.5625,1.375],"texture":"#0"},"up":{"uv":[4.5625,0.5,4.875,0.8125],"texture":"#0"},"down":{"uv":[4.5625,0.5,4.875,0.8125],"texture":"#0"}}},{"from":[7,-14.5,7],"to":[9,-13,9],"rotation":{"angle":0,"axis":"y","origin":[0,0,16]},"faces":{"north":{"uv":[5.5,0.25,5.75,0.4375],"texture":"#0"},"east":{"uv":[5.25,0.25,5.5,0.4375],"texture":"#0"},"south":{"uv":[6,0.25,6.25,0.4375],"texture":"#0"},"west":{"uv":[5.75,0.25,6,0.4375],"texture":"#0"},"up":{"uv":[4.875,0.625,5.125,0.875],"texture":"#0"},"down":{"uv":[4.875,0.625,5.125,0.875],"texture":"#0"}}},{"from":[7.5,-15.5,7.5],"to":[8.5,-14.5,8.5],"rotation":{"angle":0,"axis":"y","origin":[0,0,16]},"faces":{"north":{"uv":[5.125,0.625,5.25,0.75],"texture":"#0"},"east":{"uv":[5.125,0.75,5.25,0.875],"texture":"#0"},"south":{"uv":[5.125,0.75,5.25,0.875],"texture":"#0"},"west":{"uv":[5.125,0.625,5.25,0.75],"texture":"#0"},"up":{"uv":[5.125,0.75,5.25,0.875],"texture":"#0"},"down":{"uv":[5.125,0.75,5.25,0.875],"texture":"#0"}}},{"from":[6.5,-13,6.5],"to":[9.5,-11,9.5],"rotation":{"angle":0,"axis":"y","origin":[0,0,16]},"faces":{"north":{"uv":[5.5625,0,5.1875,0.25],"texture":"#0"},"east":{"uv":[5.1875,0,4.8125,0.25],"texture":"#0"},"south":{"uv":[6.3125,0,5.9375,0.25],"texture":"#0"},"west":{"uv":[5.9375,0,5.5625,0.25],"texture":"#0"},"up":{"uv":[4.875,0.625,5.25,0.25],"texture":"#0"},"down":{"uv":[4.875,0.625,5.25,0.25],"texture":"#0"}}},{"from":[6.5,26,-4],"to":[9.5,29,-2],"rotation":{"angle":-22.5,"axis":"x","origin":[0,0,16]},"faces":{"north":{"uv":[4.875,0.625,5.25,0.25],"rotation":180,"texture":"#0"},"east":{"uv":[5.1875,0,4.8125,0.25],"rotation":270,"texture":"#0"},"south":{"uv":[4.875,0.625,5.25,0.25],"texture":"#0"},"west":{"uv":[5.9375,0,5.5625,0.25],"rotation":90,"texture":"#0"},"up":{"uv":[5.5625,0,5.1875,0.25],"rotation":180,"texture":"#0"},"down":{"uv":[6.3125,0,5.9375,0.25],"texture":"#0"}}},{"from":[7.25,-10,7.25],"to":[8.75,-1,8.75],"rotation":{"angle":0,"axis":"y","origin":[8,5.81499,8]},"faces":{"north":{"uv":[0.5625,4.5,0.375,5.625],"texture":"#0"},"east":{"uv":[0.5625,4.5,0.375,5.625],"texture":"#0"},"south":{"uv":[0.5625,4.5,0.375,5.625],"texture":"#0"},"west":{"uv":[0.5625,4.5,0.375,5.625],"texture":"#0"},"up":{"uv":[2.25,3.375,2.4375,3.1875],"texture":"#0"},"down":{"uv":[2.25,3.375,2.4375,3.1875],"texture":"#0"}}},{"from":[7.25,8,7.25],"to":[8.75,17,8.75],"rotation":{"angle":0,"axis":"y","origin":[8,4.81499,8]},"faces":{"north":{"uv":[0.5625,4.5,0.375,5.625],"texture":"#0"},"east":{"uv":[0.5625,4.5,0.375,5.625],"texture":"#0"},"south":{"uv":[0.5625,4.5,0.375,5.625],"texture":"#0"},"west":{"uv":[0.5625,4.5,0.375,5.625],"texture":"#0"},"up":{"uv":[2.25,3.375,2.4375,3.1875],"texture":"#0"},"down":{"uv":[2.25,3.375,2.4375,3.1875],"texture":"#0"}}},{"from":[4.5,-12,4.5],"to":[11.5,-12,11.5],"rotation":{"angle":22.5,"axis":"y","origin":[8,-12,8]},"faces":{"north":{"uv":[0,0,14,0],"texture":"#4"},"east":{"uv":[0,0,14,0],"texture":"#4"},"south":{"uv":[0,0,14,0],"texture":"#4"},"west":{"uv":[0,0,14,0],"texture":"#4"},"up":{"uv":[7,14,0,7],"rotation":270,"texture":"#4"},"down":{"uv":[7,14,0,7],"rotation":270,"texture":"#4"}}},{"from":[4.5,-12,4.5],"to":[11.5,-12,11.5],"rotation":{"angle":-45,"axis":"y","origin":[8,-12,8]},"faces":{"north":{"uv":[0,0,14,0],"texture":"#4"},"east":{"uv":[0,0,14,0],"texture":"#4"},"south":{"uv":[0,0,14,0],"texture":"#4"},"west":{"uv":[0,0,14,0],"texture":"#4"},"up":{"uv":[14,14,7,7],"texture":"#4"},"down":{"uv":[14,14,7,7],"texture":"#4"}}},{"from":[4.5,-12,4.5],"to":[11.5,-12,11.5],"rotation":{"angle":-22.5,"axis":"y","origin":[8,-12,8]},"faces":{"north":{"uv":[0,0,14,0],"texture":"#4"},"east":{"uv":[0,0,14,0],"texture":"#4"},"south":{"uv":[0,0,14,0],"texture":"#4"},"west":{"uv":[0,0,14,0],"texture":"#4"},"up":{"uv":[14,7,7,0],"texture":"#4"},"down":{"uv":[14,7,7,0],"texture":"#4"}}},{"from":[4.5,-12,4.5],"to":[11.5,-12,11.5],"rotation":{"angle":0,"axis":"y","origin":[8,-12,8]},"faces":{"north":{"uv":[0,0,14,0],"texture":"#4"},"east":{"uv":[0,0,14,0],"texture":"#4"},"south":{"uv":[0,0,14,0],"texture":"#4"},"west":{"uv":[0,0,14,0],"texture":"#4"},"up":{"uv":[7,7,0,0],"texture":"#4"},"down":{"uv":[7,7,0,0],"texture":"#4"}}},{"from":[8.2,22.5,4.5],"to":[8.2,29.5,11.5],"rotation":{"angle":-22.5,"axis":"x","origin":[8.2,26,8]},"faces":{"north":{"uv":[0,0,14,0],"rotation":90,"texture":"#4"},"east":{"uv":[7,14,0,7],"rotation":180,"texture":"#4"},"south":{"uv":[0,0,14,0],"rotation":270,"texture":"#4"},"west":{"uv":[7,14,0,7],"rotation":180,"texture":"#4"},"up":{"uv":[0,0,14,0],"rotation":270,"texture":"#4"},"down":{"uv":[0,0,14,0],"rotation":270,"texture":"#4"}}},{"from":[8.2,22.5,4.5],"to":[8.2,29.5,11.5],"rotation":{"angle":45,"axis":"x","origin":[8.2,26,8]},"faces":{"north":{"uv":[0,0,14,0],"rotation":90,"texture":"#4"},"east":{"uv":[14,14,7,7],"rotation":270,"texture":"#4"},"south":{"uv":[0,0,14,0],"rotation":270,"texture":"#4"},"west":{"uv":[14,14,7,7],"rotation":270,"texture":"#4"},"up":{"uv":[0,0,14,0],"rotation":270,"texture":"#4"},"down":{"uv":[0,0,14,0],"rotation":270,"texture":"#4"}}},{"from":[8.2,22.5,4.5],"to":[8.2,29.5,11.5],"rotation":{"angle":22.5,"axis":"x","origin":[8.2,26,8]},"faces":{"north":{"uv":[0,0,14,0],"rotation":90,"texture":"#4"},"east":{"uv":[14,7,7,0],"rotation":270,"texture":"#4"},"south":{"uv":[0,0,14,0],"rotation":270,"texture":"#4"},"west":{"uv":[14,7,7,0],"rotation":270,"texture":"#4"},"up":{"uv":[0,0,14,0],"rotation":270,"texture":"#4"},"down":{"uv":[0,0,14,0],"rotation":270,"texture":"#4"}}},{"from":[8.2,22.5,4.5],"to":[8.2,29.5,11.5],"rotation":{"angle":0,"axis":"y","origin":[8.2,26,8]},"faces":{"north":{"uv":[0,0,14,0],"rotation":90,"texture":"#4"},"east":{"uv":[7,7,0,0],"rotation":270,"texture":"#4"},"south":{"uv":[0,0,14,0],"rotation":270,"texture":"#4"},"west":{"uv":[7,7,0,0],"rotation":270,"texture":"#4"},"up":{"uv":[0,0,14,0],"rotation":270,"texture":"#4"},"down":{"uv":[0,0,14,0],"rotation":270,"texture":"#4"}}},{"from":[7.8,22.5,4.5],"to":[7.8,29.5,11.5],"rotation":{"angle":-22.5,"axis":"x","origin":[7.8,26,8]},"faces":{"north":{"uv":[0,0,14,0],"rotation":90,"texture":"#4"},"east":{"uv":[7,14,0,7],"rotation":180,"texture":"#4"},"south":{"uv":[0,0,14,0],"rotation":270,"texture":"#4"},"west":{"uv":[7,14,0,7],"rotation":180,"texture":"#4"},"up":{"uv":[0,0,14,0],"rotation":270,"texture":"#4"},"down":{"uv":[0,0,14,0],"rotation":270,"texture":"#4"}}},{"from":[7.8,22.5,4.5],"to":[7.8,29.5,11.5],"rotation":{"angle":45,"axis":"x","origin":[7.8,26,8]},"faces":{"north":{"uv":[0,0,14,0],"rotation":90,"texture":"#4"},"east":{"uv":[14,14,7,7],"rotation":270,"texture":"#4"},"south":{"uv":[0,0,14,0],"rotation":270,"texture":"#4"},"west":{"uv":[14,14,7,7],"rotation":270,"texture":"#4"},"up":{"uv":[0,0,14,0],"rotation":270,"texture":"#4"},"down":{"uv":[0,0,14,0],"rotation":270,"texture":"#4"}}},{"from":[7.8,22.5,4.5],"to":[7.8,29.5,11.5],"rotation":{"angle":22.5,"axis":"x","origin":[7.8,26,8]},"faces":{"north":{"uv":[0,0,14,0],"rotation":90,"texture":"#4"},"east":{"uv":[14,7,7,0],"rotation":270,"texture":"#4"},"south":{"uv":[0,0,14,0],"rotation":270,"texture":"#4"},"west":{"uv":[14,7,7,0],"rotation":270,"texture":"#4"},"up":{"uv":[0,0,14,0],"rotation":270,"texture":"#4"},"down":{"uv":[0,0,14,0],"rotation":270,"texture":"#4"}}},{"from":[7.8,22.5,4.5],"to":[7.8,29.5,11.5],"rotation":{"angle":0,"axis":"y","origin":[7.8,26,8]},"faces":{"north":{"uv":[0,0,14,0],"rotation":90,"texture":"#4"},"east":{"uv":[7,7,0,0],"rotation":270,"texture":"#4"},"south":{"uv":[0,0,14,0],"rotation":270,"texture":"#4"},"west":{"uv":[7,7,0,0],"rotation":270,"texture":"#4"},"up":{"uv":[0,0,14,0],"rotation":270,"texture":"#4"},"down":{"uv":[0,0,14,0],"rotation":270,"texture":"#4"}}},{"from":[7.5,3.5,1.5],"to":[7.5,10.5,8.5],"rotation":{"angle":-22.5,"axis":"x","origin":[7.5,7,5]},"faces":{"north":{"uv":[0,0,14,0],"rotation":90,"texture":"#4"},"east":{"uv":[7,14,0,7],"rotation":180,"texture":"#4"},"south":{"uv":[0,0,14,0],"rotation":270,"texture":"#4"},"west":{"uv":[7,14,0,7],"rotation":180,"texture":"#4"},"up":{"uv":[0,0,14,0],"rotation":270,"texture":"#4"},"down":{"uv":[0,0,14,0],"rotation":270,"texture":"#4"}}},{"from":[7.5,3.5,1.5],"to":[7.5,10.5,8.5],"rotation":{"angle":45,"axis":"x","origin":[7.5,7,5]},"faces":{"north":{"uv":[0,0,14,0],"rotation":90,"texture":"#4"},"east":{"uv":[14,14,7,7],"rotation":270,"texture":"#4"},"south":{"uv":[0,0,14,0],"rotation":270,"texture":"#4"},"west":{"uv":[14,14,7,7],"rotation":270,"texture":"#4"},"up":{"uv":[0,0,14,0],"rotation":270,"texture":"#4"},"down":{"uv":[0,0,14,0],"rotation":270,"texture":"#4"}}},{"from":[7.5,3.5,1.5],"to":[7.5,10.5,8.5],"rotation":{"angle":22.5,"axis":"x","origin":[7.5,7,5]},"faces":{"north":{"uv":[0,0,14,0],"rotation":90,"texture":"#4"},"east":{"uv":[14,7,7,0],"rotation":270,"texture":"#4"},"south":{"uv":[0,0,14,0],"rotation":270,"texture":"#4"},"west":{"uv":[14,7,7,0],"rotation":270,"texture":"#4"},"up":{"uv":[0,0,14,0],"rotation":270,"texture":"#4"},"down":{"uv":[0,0,14,0],"rotation":270,"texture":"#4"}}},{"from":[7.5,3.5,1.5],"to":[7.5,10.5,8.5],"rotation":{"angle":0,"axis":"y","origin":[7.5,7,5]},"faces":{"north":{"uv":[0,0,14,0],"rotation":90,"texture":"#4"},"east":{"uv":[7,7,0,0],"rotation":270,"texture":"#4"},"south":{"uv":[0,0,14,0],"rotation":270,"texture":"#4"},"west":{"uv":[7,7,0,0],"rotation":270,"texture":"#4"},"up":{"uv":[0,0,14,0],"rotation":270,"texture":"#4"},"down":{"uv":[0,0,14,0],"rotation":270,"texture":"#4"}}},{"from":[8.5,3.5,1.5],"to":[8.5,10.5,8.5],"rotation":{"angle":-22.5,"axis":"x","origin":[8.5,7,5]},"faces":{"north":{"uv":[0,0,14,0],"rotation":90,"texture":"#4"},"east":{"uv":[0,14,7,7],"rotation":180,"texture":"#4"},"south":{"uv":[0,0,14,0],"rotation":270,"texture":"#4"},"west":{"uv":[0,14,7,7],"rotation":180,"texture":"#4"},"up":{"uv":[0,0,14,0],"rotation":270,"texture":"#4"},"down":{"uv":[0,0,14,0],"rotation":270,"texture":"#4"}}},{"from":[8.5,3.5,1.5],"to":[8.5,10.5,8.5],"rotation":{"angle":45,"axis":"x","origin":[8.5,7,5]},"faces":{"north":{"uv":[0,0,14,0],"rotation":90,"texture":"#4"},"east":{"uv":[14,7,7,14],"rotation":270,"texture":"#4"},"south":{"uv":[0,0,14,0],"rotation":270,"texture":"#4"},"west":{"uv":[14,7,7,14],"rotation":270,"texture":"#4"},"up":{"uv":[0,0,14,0],"rotation":270,"texture":"#4"},"down":{"uv":[0,0,14,0],"rotation":270,"texture":"#4"}}},{"from":[8.5,3.5,1.5],"to":[8.5,10.5,8.5],"rotation":{"angle":22.5,"axis":"x","origin":[8.5,7,5]},"faces":{"north":{"uv":[0,0,14,0],"rotation":90,"texture":"#4"},"east":{"uv":[14,0,7,7],"rotation":270,"texture":"#4"},"south":{"uv":[0,0,14,0],"rotation":270,"texture":"#4"},"west":{"uv":[14,0,7,7],"rotation":270,"texture":"#4"},"up":{"uv":[0,0,14,0],"rotation":270,"texture":"#4"},"down":{"uv":[0,0,14,0],"rotation":270,"texture":"#4"}}},{"from":[8.5,3.5,1.5],"to":[8.5,10.5,8.5],"rotation":{"angle":0,"axis":"y","origin":[8.5,7,5]},"faces":{"north":{"uv":[0,0,14,0],"rotation":90,"texture":"#4"},"east":{"uv":[7,0,0,7],"rotation":270,"texture":"#4"},"south":{"uv":[0,0,14,0],"rotation":270,"texture":"#4"},"west":{"uv":[7,0,0,7],"rotation":270,"texture":"#4"},"up":{"uv":[0,0,14,0],"rotation":270,"texture":"#4"},"down":{"uv":[0,0,14,0],"rotation":270,"texture":"#4"}}},{"from":[7,6,4],"to":[8,8,6],"rotation":{"angle":0,"axis":"y","origin":[8,14,4.2]},"faces":{"north":{"uv":[1.625,2.6875,1.5,2.9375],"texture":"#0"},"east":{"uv":[2.5,2.3125,2.25,2.5625],"texture":"#0"},"south":{"uv":[1.625,2.6875,1.5,2.9375],"texture":"#0"},"west":{"uv":[2.5,2.3125,2.25,2.5625],"texture":"#0"},"up":{"uv":[1.5,2.9375,1.625,2.6875],"texture":"#0"},"down":{"uv":[1.5,2.9375,1.625,2.6875],"texture":"#0"}}},{"from":[8,6,4],"to":[9,8,6],"rotation":{"angle":0,"axis":"y","origin":[8,14,4.2]},"faces":{"north":{"uv":[1.5,2.6875,1.625,2.9375],"texture":"#0"},"east":{"uv":[2.25,2.3125,2.5,2.5625],"texture":"#0"},"south":{"uv":[1.5,2.6875,1.625,2.9375],"texture":"#0"},"west":{"uv":[2.25,2.3125,2.5,2.5625],"texture":"#0"},"up":{"uv":[1.625,2.9375,1.5,2.6875],"texture":"#0"},"down":{"uv":[1.625,2.9375,1.5,2.6875],"texture":"#0"}}},{"from":[1.25,1,1.25],"to":[14.75,1,14.75],"rotation":{"angle":0,"axis":"y","origin":[8,-0.68501,8]},"faces":{"north":{"uv":[0,0,5.75,0],"texture":"#1"},"east":{"uv":[0,0,5.75,0],"texture":"#1"},"south":{"uv":[0,0,5.75,0],"texture":"#1"},"west":{"uv":[0,0,5.75,0],"texture":"#1"},"up":{"uv":[6.75,6.75,0,0],"texture":"#1"},"down":{"uv":[6.75,6.75,0,0],"texture":"#1"}}},{"from":[1.25,1,1.25],"to":[14.75,1,14.75],"rotation":{"angle":-22.5,"axis":"y","origin":[8,-0.68501,8]},"faces":{"north":{"uv":[0,0,5.75,0],"texture":"#1"},"east":{"uv":[0,0,5.75,0],"texture":"#1"},"south":{"uv":[0,0,5.75,0],"texture":"#1"},"west":{"uv":[0,0,5.75,0],"texture":"#1"},"up":{"uv":[13.5,6.75,6.75,0],"texture":"#1"},"down":{"uv":[13.5,6.75,6.75,0],"texture":"#1"}}},{"from":[1.25,1,1.25],"to":[14.75,1,14.75],"rotation":{"angle":-45,"axis":"y","origin":[8,-0.68501,8]},"faces":{"north":{"uv":[0,0,5.75,0],"texture":"#1"},"east":{"uv":[0,0,5.75,0],"texture":"#1"},"south":{"uv":[0,0,5.75,0],"texture":"#1"},"west":{"uv":[0,0,5.75,0],"texture":"#1"},"up":{"uv":[13.5,13.5,6.75,6.75],"texture":"#1"},"down":{"uv":[13.5,13.5,6.75,6.75],"texture":"#1"}}},{"from":[1.25,1,1.25],"to":[14.75,1,14.75],"rotation":{"angle":22.5,"axis":"y","origin":[8,-0.68501,8]},"faces":{"north":{"uv":[0,0,5.75,0],"texture":"#1"},"east":{"uv":[0,0,5.75,0],"texture":"#1"},"south":{"uv":[0,0,5.75,0],"texture":"#1"},"west":{"uv":[0,0,5.75,0],"texture":"#1"},"up":{"uv":[6.75,13.5,0,6.75],"rotation":270,"texture":"#1"},"down":{"uv":[6.75,13.5,0,6.75],"rotation":270,"texture":"#1"}}},{"from":[7,16.5,7],"to":[8,26,9],"rotation":{"angle":0,"axis":"y","origin":[0,11,16]},"faces":{"north":{"uv":[1.1875,6.6875,1.3125,5.5],"texture":"#0"},"east":{"uv":[0.9375,6.6875,1.1875,5.5],"texture":"#0"},"south":{"uv":[1.1875,6.6875,1.3125,5.5],"texture":"#0"},"west":{"uv":[0.9375,6.6875,1.1875,5.5],"texture":"#0"},"up":{"uv":[1.5,3.5,1.625,3.25],"texture":"#0"},"down":{"uv":[1.5,3.5,1.625,3.25],"texture":"#0"}}},{"from":[8,16.5,7],"to":[9,26,9],"rotation":{"angle":0,"axis":"y","origin":[0,12,16]},"faces":{"north":{"uv":[1.1875,6.6875,1.3125,5.5],"texture":"#0"},"east":{"uv":[0.9375,6.6875,1.1875,5.5],"texture":"#0"},"south":{"uv":[1.1875,6.6875,1.3125,5.5],"texture":"#0"},"west":{"uv":[0.9375,6.6875,1.1875,5.5],"texture":"#0"},"up":{"uv":[1.5,3.5,1.625,3.25],"texture":"#0"},"down":{"uv":[1.5,3.5,1.625,3.25],"texture":"#0"}}},{"from":[8,6,11],"to":[8,21,11.5],"rotation":{"angle":0,"axis":"y","origin":[7.05313,7.44936,8]},"faces":{"north":{"uv":[0,0,1.875,0],"rotation":90,"texture":"#0"},"east":{"uv":[7.125,2.4375,5.25,2.5],"rotation":270,"texture":"#0"},"south":{"uv":[0,0,1.875,0],"rotation":270,"texture":"#0"},"west":{"uv":[7.125,2.4375,5.25,2.5],"rotation":270,"texture":"#0"},"up":{"uv":[7.5625,0,7.625,0],"rotation":90,"texture":"#0"},"down":{"uv":[7.5625,0,7.625,0],"rotation":270,"texture":"#0"}}},{"from":[8.05313,24.74888,-5.55589],"to":[8.05313,25.24888,14.44411],"rotation":{"angle":-22.5,"axis":"x","origin":[7.05313,7.44936,8]},"faces":{"north":{"uv":[7.5625,0,7.625,0],"rotation":90,"texture":"#0"},"east":{"uv":[7.75,2.4375,5.25,2.5],"texture":"#0"},"south":{"uv":[7.5625,0,7.625,0],"rotation":90,"texture":"#0"},"west":{"uv":[5.25,2.4375,7.75,2.5],"texture":"#0"},"up":{"uv":[0,0,2.5,0],"rotation":270,"texture":"#0"},"down":{"uv":[0,0,2.5,0],"rotation":270,"texture":"#0"}}},{"from":[8.05313,22.74888,-12.55589],"to":[8.05313,27.24888,-7.55589],"rotation":{"angle":-22.5,"axis":"x","origin":[7.05313,7.44936,8]},"faces":{"north":{"uv":[7.5625,0,7.625,0],"rotation":90,"texture":"#0"},"east":{"uv":[3.9375,4,3.3125,4.5625],"texture":"#0"},"south":{"uv":[7.5625,0,7.625,0],"rotation":90,"texture":"#0"},"west":{"uv":[3.3125,4,3.9375,4.5625],"texture":"#0"},"up":{"uv":[0,0,2.5,0],"rotation":270,"texture":"#0"},"down":{"uv":[0,0,2.5,0],"rotation":270,"texture":"#0"}}},{"from":[8,19.5,-4.44936],"to":[8,20,-0.44936],"rotation":{"angle":45,"axis":"x","origin":[7.05313,7.44936,8]},"faces":{"north":{"uv":[7.5625,0,7.625,0],"rotation":90,"texture":"#0"},"east":{"uv":[5.75,2.4375,5.25,2.5],"rotation":180,"texture":"#0"},"south":{"uv":[7.5625,0,7.625,0],"rotation":90,"texture":"#0"},"west":{"uv":[5.75,2.4375,5.25,2.5],"texture":"#0"},"up":{"uv":[0,0,0.5,0],"rotation":270,"texture":"#0"},"down":{"uv":[0,0,0.5,0],"rotation":270,"texture":"#0"}}},{"from":[7.5,19.8,10.8],"to":[8.5,22.8,11.8],"rotation":{"angle":-22.5,"axis":"x","origin":[8,20.5,11]},"faces":{"north":{"uv":[6.125,2.0625,6,2.4375],"texture":"#0"},"east":{"uv":[6.125,2.0625,6,2.4375],"texture":"#0"},"south":{"uv":[6.125,2.0625,6,2.4375],"texture":"#0"},"west":{"uv":[6.125,2.0625,6,2.4375],"texture":"#0"},"up":{"uv":[6.125,2.0625,6,2.1875],"texture":"#0"},"down":{"uv":[6.125,2.0625,6,2.1875],"texture":"#0"}}}],"gui_light":"front","display":{"thirdperson_righthand":{"translation":[0,6.75,1.25],"scale":[0.65,0.65,0.65]},"thirdperson_lefthand":{"translation":[0,6.75,1.25],"scale":[0.65,0.65,0.65]},"firstperson_righthand":{"rotation":[5.75,0,0],"translation":[4.5,4.5,0],"scale":[0.32656,0.32656,0.32656]},"firstperson_lefthand":{"rotation":[5.75,0,0],"translation":[4.5,4.5,0],"scale":[0.32656,0.32656,0.32656]},"ground":{"rotation":[-45,0,0],"translation":[0,9,0],"scale":[0.45,0.45,0.45]},"gui":{"rotation":[-90,-45,-90],"translation":[-1.5,0,-1.5],"scale":[0.36914,0.36914,0.36914]},"head":{"scale":[0,0,0]},"fixed":{"rotation":[0,-90,0],"translation":[0,6.75,-5.25],"scale":[1.35,1.35,1.35]}}}