{"credit":"MadewithBlockbench","texture_size":[128,128],"textures":{"0":"elitecreatures:mad_hatter_animated_weapon_set/madhatter_texture_01","1":"elitecreatures:mad_hatter_animated_weapon_set/madhatter_animation_01","2":"elitecreatures:mad_hatter_animated_weapon_set/madhatter_animation_02","3":"elitecreatures:mad_hatter_animated_weapon_set/madhatter_animation_03","4":"elitecreatures:mad_hatter_animated_weapon_set/madhatter_animation_04","particle":"elitecreatures:mad_hatter_animated_weapon_set/madhatter_texture_01"},"elements":[{"from":[7.25,-10,7.25],"to":[8.75,4,8.75],"rotation":{"angle":0,"axis":"y","origin":[8,5.81499,8]},"faces":{"north":{"uv":[0.375,3.875,0.5625,5.625],"texture":"#0"},"east":{"uv":[0.375,3.875,0.5625,5.625],"texture":"#0"},"south":{"uv":[0.375,3.875,0.5625,5.625],"texture":"#0"},"west":{"uv":[0.375,3.875,0.5625,5.625],"texture":"#0"},"up":{"uv":[2.25,2.5625,2.4375,2.75],"texture":"#0"},"down":{"uv":[2.25,2.5625,2.4375,2.75],"texture":"#0"}}},{"from":[7,-11,7],"to":[9,-10,9],"faces":{"north":{"uv":[4.5625,0.8125,4.8125,0.9375],"texture":"#0"},"east":{"uv":[4.5625,0.8125,4.8125,0.9375],"texture":"#0"},"south":{"uv":[4.5625,0.8125,4.8125,0.9375],"texture":"#0"},"west":{"uv":[4.5625,0.8125,4.8125,0.9375],"texture":"#0"},"up":{"uv":[4.5625,0.9375,4.8125,1.1875],"texture":"#0"},"down":{"uv":[4.5625,0.9375,4.8125,1.1875],"texture":"#0"}}},{"from":[6.5,-13,6.5],"to":[9.5,-11,9.5],"faces":{"north":{"uv":[5.9375,0,6.3125,0.25],"texture":"#0"},"east":{"uv":[4.8125,0,5.1875,0.25],"texture":"#0"},"south":{"uv":[5.1875,0,5.5625,0.25],"texture":"#0"},"west":{"uv":[5.5625,0,5.9375,0.25],"texture":"#0"},"up":{"uv":[4.875,0.25,5.25,0.625],"texture":"#0"},"down":{"uv":[4.875,0.25,5.25,0.625],"texture":"#0"}}},{"from":[7,-14.5,7],"to":[9,-13,9],"faces":{"north":{"uv":[6.25,0.25,6,0.4375],"texture":"#0"},"east":{"uv":[5.5,0.25,5.25,0.4375],"texture":"#0"},"south":{"uv":[5.75,0.25,5.5,0.4375],"texture":"#0"},"west":{"uv":[6,0.25,5.75,0.4375],"texture":"#0"},"up":{"uv":[4.875,0.875,5.125,0.625],"texture":"#0"},"down":{"uv":[4.875,0.875,5.125,0.625],"texture":"#0"}}},{"from":[4,7,3.5],"to":[12,9,12.5],"rotation":{"angle":0,"axis":"y","origin":[0,3,0]},"faces":{"north":{"uv":[1,1.125,0,1.375],"texture":"#0"},"east":{"uv":[1.6875,3,0.5625,3.25],"texture":"#0"},"south":{"uv":[1.5,3.25,0.5,3.5],"texture":"#0"},"west":{"uv":[1.625,3.5,0.5,3.75],"texture":"#0"},"up":{"uv":[0,1.125,1,0],"texture":"#0"},"down":{"uv":[0,1.125,1,0],"texture":"#0"}}},{"from":[4.75,9,4.2],"to":[11.25,14,10.2],"rotation":{"angle":0,"axis":"y","origin":[0,3,-0.8]},"faces":{"north":{"uv":[1.8125,0,1,0.625],"texture":"#0"},"east":{"uv":[2.5625,0,1.8125,0.625],"texture":"#0"},"south":{"uv":[1.5625,3.75,0.75,4.375],"texture":"#0"},"west":{"uv":[1.8125,0,2.5625,0.625],"texture":"#0"},"up":{"uv":[1,1.375,1.8125,0.625],"texture":"#0"},"down":{"uv":[1,1.375,1.8125,0.625],"texture":"#0"}}},{"from":[8.3,22,1.5],"to":[8.3,27.5,6],"rotation":{"angle":-22.5,"axis":"x","origin":[8,14.82627,2.56668]},"faces":{"north":{"uv":[0,0,0,11],"texture":"#2"},"east":{"uv":[0,0,9,11],"texture":"#2"},"south":{"uv":[0,0,0,11],"texture":"#2"},"west":{"uv":[9,0,0,11],"texture":"#2"},"up":{"uv":[0,9,0,0],"texture":"#2"},"down":{"uv":[0,0,0,9],"texture":"#2"}}},{"from":[7.7,22,1.5],"to":[7.7,27.5,6],"rotation":{"angle":-22.5,"axis":"x","origin":[8,14.82627,2.56668]},"faces":{"north":{"uv":[0,0,0,11],"texture":"#2"},"east":{"uv":[0,0,9,11],"texture":"#2"},"south":{"uv":[0,0,0,11],"texture":"#2"},"west":{"uv":[9,0,0,11],"texture":"#2"},"up":{"uv":[0,9,0,0],"texture":"#2"},"down":{"uv":[0,0,0,9],"texture":"#2"}}},{"from":[5.75,13.05155,12.59654],"to":[10.25,18.55155,15.59654],"rotation":{"angle":0,"axis":"y","origin":[8,14.82627,13.43332]},"faces":{"north":{"uv":[1.6875,1.625,1.125,2.3125],"texture":"#0"},"east":{"uv":[1.5,2.3125,1.125,3],"texture":"#0"},"south":{"uv":[1.6875,1.625,1.125,2.3125],"texture":"#0"},"west":{"uv":[1.125,2.3125,1.5,3],"texture":"#0"},"up":{"uv":[0.5625,3,1.125,2.625],"texture":"#0"},"down":{"uv":[0.5625,3,1.125,2.625],"texture":"#0"}}},{"from":[5.5,12.24032,13.7572],"to":[10.5,15.24032,16.7572],"rotation":{"angle":45,"axis":"x","origin":[8,14.82627,13.43332]},"faces":{"north":{"uv":[2.25,2.5625,1.625,2.9375],"texture":"#0"},"east":{"uv":[4.25,1,3.875,1.375],"texture":"#0"},"south":{"uv":[3.125,1.375,2.5,1.75],"texture":"#0"},"west":{"uv":[3.875,1,4.25,1.375],"texture":"#0"},"up":{"uv":[3.25,1.375,3.875,1],"texture":"#0"},"down":{"uv":[2.5,1.75,3.125,1.375],"texture":"#0"}}},{"from":[5.85,13.24044,11.52047],"to":[10.15,16.24044,12.52047],"rotation":{"angle":-22.5,"axis":"x","origin":[8,14.82627,13.43332]},"faces":{"north":{"uv":[2.25,2.0625,1.6875,2.4375],"texture":"#0"},"east":{"uv":[1.625,2.3125,1.5,2.6875],"texture":"#0"},"south":{"uv":[2.25,2.0625,1.6875,2.4375],"texture":"#0"},"west":{"uv":[1.625,2.3125,1.5,2.6875],"texture":"#0"},"up":{"uv":[1.6875,2.5625,2.25,2.4375],"texture":"#0"},"down":{"uv":[1.6875,2.5625,2.25,2.4375],"texture":"#0"}}},{"from":[4.5,13.84045,8.42521],"to":[11.5,17.84045,12.42521],"rotation":{"angle":22.5,"axis":"x","origin":[8,13.34045,13.92521]},"faces":{"north":{"uv":[6.125,0.5,5.25,1],"texture":"#0"},"east":{"uv":[4.8125,0,4.3125,0.5],"texture":"#0"},"south":{"uv":[4.3125,0.5,3.4375,1],"texture":"#0"},"west":{"uv":[4.3125,0,4.8125,0.5],"texture":"#0"},"up":{"uv":[3.4375,0.5,4.3125,0],"texture":"#0"},"down":{"uv":[3.4375,1,4.3125,0.5],"texture":"#0"}}},{"from":[5.65,14.8,6.8],"to":[10.35,19.3,14.8],"rotation":{"angle":-22.5,"axis":"x","origin":[8,18.7,6.1]},"faces":{"north":{"uv":[0.5625,2.625,0,3.1875],"texture":"#0"},"east":{"uv":[0,2.625,0.5625,1.625],"rotation":270,"texture":"#0"},"south":{"uv":[0.5625,2.625,0,3.1875],"texture":"#0"},"west":{"uv":[0,1.625,0.5625,2.625],"rotation":270,"texture":"#0"},"up":{"uv":[0.5625,2.625,1.125,1.625],"rotation":180,"texture":"#0"},"down":{"uv":[0.5625,2.625,1.125,1.625],"rotation":180,"texture":"#0"}}},{"from":[5,14,4.2],"to":[11,20,9.7],"rotation":{"angle":22.5,"axis":"x","origin":[8,14,4.2]},"faces":{"north":{"uv":[3.25,1.75,2.5,2.5],"texture":"#0"},"east":{"uv":[2.5,0.625,1.8125,1.375],"texture":"#0"},"south":{"uv":[3.25,0.625,2.5,1.375],"texture":"#0"},"west":{"uv":[1.8125,0.625,2.5,1.375],"texture":"#0"},"up":{"uv":[1.75,2.0625,2.5,1.375],"texture":"#0"},"down":{"uv":[1.75,2.0625,2.5,1.375],"texture":"#0"}}},{"from":[5.5,8.6,10.2],"to":[10.5,13.6,12.2],"rotation":{"angle":-22.5,"axis":"x","origin":[8,8.5,11.2]},"faces":{"north":{"uv":[3.1875,0,2.5625,0.625],"texture":"#0"},"east":{"uv":[3.4375,0,3.1875,0.625],"texture":"#0"},"south":{"uv":[3.1875,0,2.5625,0.625],"texture":"#0"},"west":{"uv":[3.1875,0,3.4375,0.625],"texture":"#0"},"up":{"uv":[1.125,1.625,1.75,1.375],"texture":"#0"},"down":{"uv":[1.125,1.625,1.75,1.375],"texture":"#0"}}},{"from":[7,3,7],"to":[9,7,9],"faces":{"north":{"uv":[4.5625,0.5,4.3125,1],"texture":"#0"},"east":{"uv":[4.5625,0.5,4.3125,1],"texture":"#0"},"south":{"uv":[4.5625,0.5,4.3125,1],"texture":"#0"},"west":{"uv":[4.5625,0.5,4.3125,1],"texture":"#0"},"up":{"uv":[4.3125,1.25,4.5625,1],"texture":"#0"},"down":{"uv":[4.3125,1.25,4.5625,1],"texture":"#0"}}},{"from":[6,4.5,6],"to":[10,6,10],"faces":{"north":{"uv":[0.5,3.6875,0,3.875],"texture":"#0"},"east":{"uv":[0.5,3.6875,0,3.875],"texture":"#0"},"south":{"uv":[0.5,3.6875,0,3.875],"texture":"#0"},"west":{"uv":[0.5,3.6875,0,3.875],"texture":"#0"},"up":{"uv":[0,3.6875,0.5,3.1875],"texture":"#0"},"down":{"uv":[0,3.6875,0.5,3.1875],"texture":"#0"}}},{"from":[7.5,-15.5,7.5],"to":[8.5,-14.5,8.5],"faces":{"north":{"uv":[5.25,0.75,5.125,0.875],"texture":"#0"},"east":{"uv":[5.25,0.75,5.125,0.875],"texture":"#0"},"south":{"uv":[5.25,0.625,5.125,0.75],"texture":"#0"},"west":{"uv":[5.25,0.625,5.125,0.75],"texture":"#0"},"up":{"uv":[5.125,0.875,5.25,0.75],"texture":"#0"},"down":{"uv":[5.125,0.875,5.25,0.75],"texture":"#0"}}},{"from":[6.75,-9.5,6.75],"to":[9.25,-8.5,9.25],"faces":{"north":{"uv":[4.5625,1.25,4.25,1.375],"texture":"#0"},"east":{"uv":[4.5625,1.25,4.25,1.375],"texture":"#0"},"south":{"uv":[4.5625,1.25,4.25,1.375],"texture":"#0"},"west":{"uv":[4.5625,1.25,4.25,1.375],"texture":"#0"},"up":{"uv":[4.5625,0.8125,4.875,0.5],"texture":"#0"},"down":{"uv":[4.5625,0.8125,4.875,0.5],"texture":"#0"}}},{"from":[7.5,18.7,3.7],"to":[8.5,20.7,5.7],"rotation":{"angle":22.5,"axis":"x","origin":[8,18,3.2]},"faces":{"north":{"uv":[3.375,0.625,3.25,0.875],"texture":"#0"},"east":{"uv":[2.5,2.0625,2.25,2.3125],"texture":"#0"},"south":{"uv":[3.375,0.625,3.25,0.875],"texture":"#0"},"west":{"uv":[2.5,2.0625,2.25,2.3125],"texture":"#0"},"up":{"uv":[3.25,0.875,3.375,0.625],"texture":"#0"},"down":{"uv":[3.25,0.875,3.375,0.625],"texture":"#0"}}},{"from":[7.5,18.2,10.4],"to":[8.5,20.2,12.4],"rotation":{"angle":-22.5,"axis":"x","origin":[8,14,4.2]},"faces":{"north":{"uv":[1.625,2.6875,1.5,2.9375],"texture":"#0"},"east":{"uv":[2.25,2.5625,2.5,2.3125],"rotation":90,"texture":"#0"},"south":{"uv":[1.625,2.6875,1.5,2.9375],"rotation":180,"texture":"#0"},"west":{"uv":[2.25,2.5625,2.5,2.3125],"rotation":270,"texture":"#0"},"up":{"uv":[1.5,2.9375,1.625,2.6875],"texture":"#0"},"down":{"uv":[1.5,2.9375,1.625,2.6875],"rotation":180,"texture":"#0"}}},{"from":[7.5,21.8,12.3],"to":[8.5,23.8,14.3],"rotation":{"angle":0,"axis":"y","origin":[8,18,3.2]},"faces":{"north":{"uv":[3.375,0.625,3.25,0.875],"texture":"#0"},"east":{"uv":[2.25,2.3125,2.5,2.0625],"rotation":90,"texture":"#0"},"south":{"uv":[3.375,0.625,3.25,0.875],"rotation":180,"texture":"#0"},"west":{"uv":[2.25,2.3125,2.5,2.0625],"rotation":270,"texture":"#0"},"up":{"uv":[3.25,0.875,3.375,0.625],"texture":"#0"},"down":{"uv":[3.25,0.875,3.375,0.625],"rotation":180,"texture":"#0"}}},{"from":[7.5,13.5,16.4],"to":[8.5,15.5,18.4],"rotation":{"angle":-22.5,"axis":"x","origin":[8,14,4.2]},"faces":{"north":{"uv":[1.625,2.6875,1.5,2.9375],"rotation":180,"texture":"#0"},"east":{"uv":[2.5,2.3125,2.25,2.5625],"rotation":180,"texture":"#0"},"south":{"uv":[1.625,2.6875,1.5,2.9375],"rotation":180,"texture":"#0"},"west":{"uv":[2.5,2.3125,2.25,2.5625],"rotation":180,"texture":"#0"},"up":{"uv":[1.5,2.9375,1.625,2.6875],"texture":"#0"},"down":{"uv":[1.5,2.9375,1.625,2.6875],"texture":"#0"}}},{"from":[1.25,6.5,1.25],"to":[14.75,6.5,14.75],"rotation":{"angle":0,"axis":"y","origin":[8,4.81499,8]},"faces":{"north":{"uv":[5.75,0,0,0],"texture":"#1"},"east":{"uv":[5.75,0,0,0],"texture":"#1"},"south":{"uv":[5.75,0,0,0],"texture":"#1"},"west":{"uv":[5.75,0,0,0],"texture":"#1"},"up":{"uv":[6.75,0,0,6.75],"texture":"#1"},"down":{"uv":[6.75,0,0,6.75],"texture":"#1"}}},{"from":[1.25,6.5,1.25],"to":[14.75,6.5,14.75],"rotation":{"angle":22.5,"axis":"y","origin":[8,4.81499,8]},"faces":{"north":{"uv":[5.75,0,0,0],"texture":"#1"},"east":{"uv":[5.75,0,0,0],"texture":"#1"},"south":{"uv":[5.75,0,0,0],"texture":"#1"},"west":{"uv":[5.75,0,0,0],"texture":"#1"},"up":{"uv":[13.5,0,6.75,6.75],"texture":"#1"},"down":{"uv":[13.5,0,6.75,6.75],"texture":"#1"}}},{"from":[1.25,6.5,1.25],"to":[14.75,6.5,14.75],"rotation":{"angle":45,"axis":"y","origin":[8,4.81499,8]},"faces":{"north":{"uv":[5.75,0,0,0],"texture":"#1"},"east":{"uv":[5.75,0,0,0],"texture":"#1"},"south":{"uv":[5.75,0,0,0],"texture":"#1"},"west":{"uv":[5.75,0,0,0],"texture":"#1"},"up":{"uv":[13.5,6.75,6.75,13.5],"texture":"#1"},"down":{"uv":[13.5,6.75,6.75,13.5],"texture":"#1"}}},{"from":[1.25,6.5,1.25],"to":[14.75,6.5,14.75],"rotation":{"angle":-22.5,"axis":"y","origin":[8,4.81499,8]},"faces":{"north":{"uv":[5.75,0,0,0],"texture":"#1"},"east":{"uv":[5.75,0,0,0],"texture":"#1"},"south":{"uv":[5.75,0,0,0],"texture":"#1"},"west":{"uv":[5.75,0,0,0],"texture":"#1"},"up":{"uv":[0,13.5,6.75,6.75],"rotation":270,"texture":"#1"},"down":{"uv":[0,13.5,6.75,6.75],"rotation":270,"texture":"#1"}}},{"from":[4.5,-12,4.5],"to":[11.5,-12,11.5],"rotation":{"angle":-22.5,"axis":"y","origin":[8,-12,8]},"faces":{"north":{"uv":[14,0,0,0],"texture":"#4"},"east":{"uv":[14,0,0,0],"texture":"#4"},"south":{"uv":[14,0,0,0],"texture":"#4"},"west":{"uv":[14,0,0,0],"texture":"#4"},"up":{"uv":[0,14,7,7],"rotation":270,"texture":"#4"},"down":{"uv":[0,14,7,7],"rotation":270,"texture":"#4"}}},{"from":[4.5,-12,4.5],"to":[11.5,-12,11.5],"rotation":{"angle":0,"axis":"y","origin":[8,-12,8]},"faces":{"north":{"uv":[14,0,0,0],"texture":"#4"},"east":{"uv":[14,0,0,0],"texture":"#4"},"south":{"uv":[14,0,0,0],"texture":"#4"},"west":{"uv":[14,0,0,0],"texture":"#4"},"up":{"uv":[7,0,0,7],"texture":"#4"},"down":{"uv":[7,0,0,7],"texture":"#4"}}},{"from":[4.5,-12,4.5],"to":[11.5,-12,11.5],"rotation":{"angle":22.5,"axis":"y","origin":[8,-12,8]},"faces":{"north":{"uv":[14,0,0,0],"texture":"#4"},"east":{"uv":[14,0,0,0],"texture":"#4"},"south":{"uv":[14,0,0,0],"texture":"#4"},"west":{"uv":[14,0,0,0],"texture":"#4"},"up":{"uv":[14,0,7,7],"texture":"#4"},"down":{"uv":[14,0,7,7],"texture":"#4"}}},{"from":[4.5,-12,4.5],"to":[11.5,-12,11.5],"rotation":{"angle":45,"axis":"y","origin":[8,-12,8]},"faces":{"north":{"uv":[14,0,0,0],"texture":"#4"},"east":{"uv":[14,0,0,0],"texture":"#4"},"south":{"uv":[14,0,0,0],"texture":"#4"},"west":{"uv":[14,0,0,0],"texture":"#4"},"up":{"uv":[14,7,7,14],"texture":"#4"},"down":{"uv":[14,7,7,14],"texture":"#4"}}},{"from":[5,20.5,12.01781],"to":[11,22,18.01781],"rotation":{"angle":22.5,"axis":"x","origin":[8.01781,23.13746,14.7]},"faces":{"north":{"uv":[4,2.125,3.25,2.3125],"texture":"#0"},"east":{"uv":[4,2.125,3.25,2.3125],"texture":"#0"},"south":{"uv":[4,2.125,3.25,2.3125],"texture":"#0"},"west":{"uv":[4,2.125,3.25,2.3125],"texture":"#0"},"up":{"uv":[4,1.375,3.25,2.125],"rotation":90,"texture":"#0"},"down":{"uv":[4,1.375,3.25,2.125],"rotation":270,"texture":"#0"}}},{"from":[5.5,22,12.51781],"to":[10.5,27.5,17.51781],"rotation":{"angle":22.5,"axis":"x","origin":[8.01781,23.13746,14.7]},"faces":{"north":{"uv":[4.625,1.375,4,2.0625],"texture":"#0"},"east":{"uv":[4.625,1.375,4,2.0625],"texture":"#0"},"south":{"uv":[4.625,1.375,4,2.0625],"texture":"#0"},"west":{"uv":[4.625,1.375,4,2.0625],"texture":"#0"},"up":{"uv":[4.625,2.0625,4,2.6875],"rotation":90,"texture":"#0"},"down":{"uv":[4.625,2.0625,4,2.6875],"rotation":270,"texture":"#0"}}},{"from":[11,20.5,12.01781],"to":[12.5,22,18.01781],"rotation":{"angle":22.5,"axis":"x","origin":[8.01781,23.13746,14.7]},"faces":{"north":{"uv":[3.25,2.8125,3.0625,3],"texture":"#0"},"east":{"uv":[4,2.3125,3.25,2.5],"texture":"#0"},"south":{"uv":[3.25,2.8125,3.0625,3],"texture":"#0"},"west":{"uv":[4,2.3125,3.25,2.5],"texture":"#0"},"up":{"uv":[4,2.5,3.25,2.6875],"rotation":90,"texture":"#0"},"down":{"uv":[4,2.5,3.25,2.6875],"rotation":270,"texture":"#0"}}},{"from":[5.31781,22,12.51781],"to":[5.31781,24,17.51781],"rotation":{"angle":22.5,"axis":"x","origin":[8.01781,23.13746,14.7]},"faces":{"north":{"uv":[4,1.375,4.625,2.0625],"texture":"#0"},"east":{"uv":[4,1.8125,4.625,2.0625],"texture":"#0"},"south":{"uv":[4,1.375,4.625,2.0625],"texture":"#0"},"west":{"uv":[4,1.8125,4.625,2.0625],"texture":"#0"},"up":{"uv":[4.625,2.6875,4,2.0625],"rotation":90,"texture":"#0"},"down":{"uv":[4.625,2.6875,4,2.0625],"rotation":270,"texture":"#0"}}},{"from":[8,5,-7.5],"to":[8,32,7.5],"rotation":{"angle":22.5,"axis":"x","origin":[8,14.82627,2.56668]},"faces":{"north":{"uv":[1.125,1.625,1.6875,2.3125],"texture":"#0"},"east":{"uv":[10.875,2.6875,12.75,6.0625],"texture":"#0"},"south":{"uv":[1.125,1.625,1.6875,2.3125],"texture":"#0"},"west":{"uv":[12.75,2.6875,10.875,6.0625],"texture":"#0"},"up":{"uv":[0.5625,2.625,1.125,3],"texture":"#0"},"down":{"uv":[0.5625,2.625,1.125,3],"texture":"#0"}}},{"from":[5.41781,23.50287,13.87869],"to":[5.41781,26.50287,16.37869],"rotation":{"angle":0,"axis":"y","origin":[8.01781,23.13746,14.7]},"faces":{"north":{"uv":[4,1.375,4.625,2.0625],"texture":"#0"},"east":{"uv":[2.0625,3.8125,2.375,4.1875],"texture":"#0"},"south":{"uv":[4,1.375,4.625,2.0625],"texture":"#0"},"west":{"uv":[2.0625,3.8125,2.375,4.1875],"texture":"#0"},"up":{"uv":[4.625,2.6875,4,2.0625],"rotation":90,"texture":"#0"},"down":{"uv":[4.625,2.6875,4,2.0625],"rotation":270,"texture":"#0"}}},{"from":[5.31781,23.50287,13.87869],"to":[5.31781,26.50287,16.37869],"rotation":{"angle":0,"axis":"y","origin":[8.01781,23.13746,14.7]},"faces":{"north":{"uv":[4,1.375,4.625,2.0625],"texture":"#0"},"east":{"uv":[3.125,3.0625,2.5,3.875],"texture":"#0"},"south":{"uv":[4,1.375,4.625,2.0625],"texture":"#0"},"west":{"uv":[2.5,3.0625,3.125,3.875],"texture":"#0"},"up":{"uv":[4.625,2.6875,4,2.0625],"rotation":90,"texture":"#0"},"down":{"uv":[4.625,2.6875,4,2.0625],"rotation":270,"texture":"#0"}}},{"from":[3.5,20.5,12.01781],"to":[5,22,18.01781],"rotation":{"angle":22.5,"axis":"x","origin":[7.68219,23.13746,14.7]},"faces":{"north":{"uv":[3.0625,2.8125,3.25,3],"texture":"#0"},"east":{"uv":[3.25,2.3125,4,2.5],"texture":"#0"},"south":{"uv":[3.0625,2.8125,3.25,3],"texture":"#0"},"west":{"uv":[3.25,2.3125,4,2.5],"texture":"#0"},"up":{"uv":[4,2.6875,3.25,2.5],"rotation":90,"texture":"#0"},"down":{"uv":[4,2.6875,3.25,2.5],"rotation":270,"texture":"#0"}}},{"from":[7.5,10.2,2.2],"to":[8.5,12.2,4.2],"rotation":{"angle":0,"axis":"y","origin":[0,3,-0.8]},"faces":{"north":{"uv":[3.375,0.625,3.25,0.875],"texture":"#0"},"east":{"uv":[2.5,2.0625,2.25,2.3125],"texture":"#0"},"south":{"uv":[3.375,0.625,3.25,0.875],"texture":"#0"},"west":{"uv":[2.5,2.0625,2.25,2.3125],"texture":"#0"},"up":{"uv":[3.25,0.875,3.375,0.625],"texture":"#0"},"down":{"uv":[3.25,0.875,3.375,0.625],"texture":"#0"}}},{"from":[7.5,14,2.2],"to":[8.5,16,4.2],"rotation":{"angle":22.5,"axis":"x","origin":[8,14,4.2]},"faces":{"north":{"uv":[1.625,2.6875,1.5,2.9375],"texture":"#0"},"east":{"uv":[2.5,2.3125,2.25,2.5625],"texture":"#0"},"south":{"uv":[1.625,2.6875,1.5,2.9375],"texture":"#0"},"west":{"uv":[2.5,2.3125,2.25,2.5625],"texture":"#0"},"up":{"uv":[1.5,2.9375,1.625,2.6875],"texture":"#0"},"down":{"uv":[1.5,2.9375,1.625,2.6875],"texture":"#0"}}},{"from":[4.3,15,9],"to":[4.3,20.5,13.5],"rotation":{"angle":22.5,"axis":"x","origin":[4,23.75,6.25]},"faces":{"north":{"uv":[0,0,0,11],"texture":"#3"},"east":{"uv":[0,0,9,11],"texture":"#3"},"south":{"uv":[0,0,0,11],"texture":"#3"},"west":{"uv":[9,0,0,11],"texture":"#3"},"up":{"uv":[0,9,0,0],"texture":"#3"},"down":{"uv":[0,0,0,9],"texture":"#3"}}},{"from":[11.7,15,9],"to":[11.7,20.5,13.5],"rotation":{"angle":22.5,"axis":"x","origin":[12,23.75,6.25]},"faces":{"north":{"uv":[0,0,0,11],"texture":"#3"},"east":{"uv":[0,0,9,11],"texture":"#3"},"south":{"uv":[0,0,0,11],"texture":"#3"},"west":{"uv":[9,0,0,11],"texture":"#3"},"up":{"uv":[0,9,0,0],"texture":"#3"},"down":{"uv":[0,0,0,9],"texture":"#3"}}}],"gui_light":"front","display":{"thirdperson_righthand":{"translation":[0,6.75,1.25],"scale":[0.65,0.65,0.65]},"thirdperson_lefthand":{"translation":[0,6.75,1.25],"scale":[0.65,0.65,0.65]},"firstperson_righthand":{"rotation":[5.75,0,0],"translation":[4.5,4.5,0],"scale":[0.32656,0.32656,0.32656]},"firstperson_lefthand":{"rotation":[5.75,0,0],"translation":[4.5,4.5,0],"scale":[0.32656,0.32656,0.32656]},"ground":{"rotation":[-45,0,0],"translation":[0,9,0],"scale":[0.45,0.45,0.45]},"gui":{"rotation":[90,45,-90],"translation":[-0.75,-0.75,-1.5],"scale":[0.41016,0.41016,0.41016]},"head":{"scale":[0,0,0]},"fixed":{"rotation":[0,-90,0],"translation":[0,6.75,-5.25],"scale":[1.35,1.35,1.35]}}}