{"credit":"MadewithBlockbench","textures":{"0":"elitecreatures:mad_hatter_animated_weapon_set/madhatter_texture_01","particle":"elitecreatures:mad_hatter_animated_weapon_set/madhatter_texture_01"},"elements":[{"from":[3.548,0.02513,3.07638],"to":[12.452,2.25113,11.98037],"rotation":{"angle":0,"axis":"y","origin":[8,4.07599,7.66957]},"faces":{"north":{"uv":[3.25,2.125,4,2.3125],"texture":"#0"},"east":{"uv":[3.25,2.125,4,2.3125],"texture":"#0"},"south":{"uv":[3.25,2.125,4,2.3125],"texture":"#0"},"west":{"uv":[3.25,2.125,4,2.3125],"texture":"#0"},"up":{"uv":[3.25,1.375,4,2.125],"rotation":90,"texture":"#0"},"down":{"uv":[3.25,1.375,4,2.125],"rotation":270,"texture":"#0"}}},{"from":[3.5851,2.30184,3.02387],"to":[12.4149,12.01462,11.85367],"rotation":{"angle":0,"axis":"y","origin":[8,4.47343,7.60679]},"faces":{"north":{"uv":[4,1.375,4.625,2.0625],"texture":"#0"},"east":{"uv":[4,1.375,4.625,2.0625],"texture":"#0"},"south":{"uv":[4,1.375,4.625,2.0625],"texture":"#0"},"west":{"uv":[4,1.375,4.625,2.0625],"texture":"#0"},"up":{"uv":[4,2.0625,4.625,2.6875],"rotation":90,"texture":"#0"},"down":{"uv":[4,2.0625,4.625,2.6875],"rotation":270,"texture":"#0"}}},{"from":[12.452,0.02513,3.07638],"to":[14.678,2.25113,11.98037],"rotation":{"angle":0,"axis":"y","origin":[8,4.07599,7.66957]},"faces":{"north":{"uv":[3.0625,2.8125,3.25,3],"texture":"#0"},"east":{"uv":[3.25,2.3125,4,2.5],"texture":"#0"},"south":{"uv":[3.0625,2.8125,3.25,3],"texture":"#0"},"west":{"uv":[3.25,2.3125,4,2.5],"texture":"#0"},"up":{"uv":[3.25,2.5,4,2.6875],"rotation":90,"texture":"#0"},"down":{"uv":[3.25,2.5,4,2.6875],"rotation":270,"texture":"#0"}}},{"from":[1.322,0.02513,3.07638],"to":[3.548,2.25113,11.98037],"rotation":{"angle":0,"axis":"y","origin":[8,4.07599,7.66957]},"faces":{"north":{"uv":[3.25,2.8125,3.0625,3],"texture":"#0"},"east":{"uv":[4,2.3125,3.25,2.5],"texture":"#0"},"south":{"uv":[3.25,2.8125,3.0625,3],"texture":"#0"},"west":{"uv":[4,2.3125,3.25,2.5],"texture":"#0"},"up":{"uv":[3.25,2.6875,4,2.5],"rotation":90,"texture":"#0"},"down":{"uv":[3.25,2.6875,4,2.5],"rotation":270,"texture":"#0"}}},{"from":[3.548,0.02513,11.98037],"to":[12.452,2.25113,14.20638],"rotation":{"angle":0,"axis":"y","origin":[8,1.13813,7.52838]},"faces":{"north":{"uv":[3.25,2.3125,4,2.5],"texture":"#0"},"east":{"uv":[3.0625,2.8125,3.25,3],"texture":"#0"},"south":{"uv":[3.25,2.3125,4,2.5],"texture":"#0"},"west":{"uv":[3.0625,2.8125,3.25,3],"texture":"#0"},"up":{"uv":[3.25,2.5,4,2.6875],"rotation":180,"texture":"#0"},"down":{"uv":[3.25,2.5,4,2.6875],"rotation":180,"texture":"#0"}}},{"from":[3.548,0.02513,0.85037],"to":[12.452,2.25113,3.07638],"rotation":{"angle":0,"axis":"y","origin":[8,1.13813,7.52838]},"faces":{"north":{"uv":[4,2.3125,3.25,2.5],"texture":"#0"},"east":{"uv":[3.25,2.8125,3.0625,3],"texture":"#0"},"south":{"uv":[4,2.3125,3.25,2.5],"texture":"#0"},"west":{"uv":[3.25,2.8125,3.0625,3],"texture":"#0"},"up":{"uv":[3.25,2.6875,4,2.5],"rotation":180,"texture":"#0"},"down":{"uv":[3.25,2.6875,4,2.5],"rotation":180,"texture":"#0"}}},{"from":[3.26335,2.30184,3.02387],"to":[3.26335,5.83376,11.85367],"rotation":{"angle":0,"axis":"y","origin":[8,4.47343,7.60679]},"faces":{"north":{"uv":[4.625,1.375,4,2.0625],"texture":"#0"},"east":{"uv":[4.625,1.8125,4,2.0625],"texture":"#0"},"south":{"uv":[4.625,1.375,4,2.0625],"texture":"#0"},"west":{"uv":[4.625,1.8125,4,2.0625],"texture":"#0"},"up":{"uv":[4,2.6875,4.625,2.0625],"rotation":90,"texture":"#0"},"down":{"uv":[4,2.6875,4.625,2.0625],"rotation":270,"texture":"#0"}}},{"from":[3.43995,5.11873,5.0679],"to":[3.43995,10.41661,9.4828],"rotation":{"angle":22.5,"axis":"x","origin":[8,4.47343,7.60679]},"faces":{"north":{"uv":[4.625,1.375,4,2.0625],"texture":"#0"},"east":{"uv":[2.375,3.8125,2.0625,4.1875],"texture":"#0"},"south":{"uv":[4.625,1.375,4,2.0625],"texture":"#0"},"west":{"uv":[2.375,3.8125,2.0625,4.1875],"texture":"#0"},"up":{"uv":[4,2.6875,4.625,2.0625],"rotation":90,"texture":"#0"},"down":{"uv":[4,2.6875,4.625,2.0625],"rotation":270,"texture":"#0"}}},{"from":[3.26335,5.11873,5.0679],"to":[3.26335,10.41661,9.4828],"rotation":{"angle":22.5,"axis":"x","origin":[8,4.47343,7.60679]},"faces":{"north":{"uv":[4.625,1.375,4,2.0625],"texture":"#0"},"east":{"uv":[2.5,3.0625,3.125,3.875],"texture":"#0"},"south":{"uv":[4.625,1.375,4,2.0625],"texture":"#0"},"west":{"uv":[3.125,3.0625,2.5,3.875],"texture":"#0"},"up":{"uv":[4,2.6875,4.625,2.0625],"rotation":90,"texture":"#0"},"down":{"uv":[4,2.6875,4.625,2.0625],"rotation":270,"texture":"#0"}}}],"gui_light":"front","display":{"thirdperson_righthand":{"rotation":[67.5,0,0],"translation":[0,2.75,2.25],"scale":[0.50469,0.50469,0.50469]},"thirdperson_lefthand":{"rotation":[67.5,0,0],"translation":[0,2.75,2.25],"scale":[0.50469,0.50469,0.50469]},"firstperson_righthand":{"translation":[0.25,4.75,2.25],"scale":[0.31445,0.31445,0.31445]},"firstperson_lefthand":{"translation":[0.25,4.75,2.25],"scale":[0.31445,0.31445,0.31445]},"ground":{"translation":[0.25,6,0.25],"scale":[0.6,0.6,0.6]},"gui":{"rotation":[30,135,0],"translation":[0.25,2,-1.5],"scale":[0.85938,0.85938,0.85938]},"head":{"translation":[0,13.5,1],"scale":[1.49649,1.49649,1.49649]},"fixed":{"rotation":[-90,0,0],"translation":[0,0.5,-14.25],"scale":[1.8,1.8,1.8]}}}