{"credit":"MadewithBlockbench","texture_size":[128,128],"textures":{"0":"elitecreatures:mad_hatter_animated_weapon_set/madhatter_texture_01","4":"elitecreatures:mad_hatter_animated_weapon_set/madhatter_animation_04","particle":"elitecreatures:mad_hatter_animated_weapon_set/madhatter_texture_01"},"elements":[{"from":[6,-0.5,6],"to":[10,1,10],"rotation":{"angle":0,"axis":"y","origin":[0,0,16]},"faces":{"north":{"uv":[0,3.6875,0.5,3.875],"texture":"#0"},"east":{"uv":[0,3.6875,0.5,3.875],"texture":"#0"},"south":{"uv":[0,3.6875,0.5,3.875],"texture":"#0"},"west":{"uv":[0,3.6875,0.5,3.875],"texture":"#0"},"up":{"uv":[0,3.1875,0.5,3.6875],"texture":"#0"},"down":{"uv":[0,3.1875,0.5,3.6875],"texture":"#0"}}},{"from":[7,-2,7],"to":[9,2,9],"rotation":{"angle":0,"axis":"y","origin":[0,0,16]},"faces":{"north":{"uv":[4.3125,0.5,4.5625,1],"texture":"#0"},"east":{"uv":[4.3125,0.5,4.5625,1],"texture":"#0"},"south":{"uv":[4.3125,0.5,4.5625,1],"texture":"#0"},"west":{"uv":[4.3125,0.5,4.5625,1],"texture":"#0"},"up":{"uv":[4.3125,1,4.5625,1.25],"texture":"#0"},"down":{"uv":[4.3125,1,4.5625,1.25],"texture":"#0"}}},{"from":[7,-11,7],"to":[9,-10,9],"rotation":{"angle":0,"axis":"y","origin":[0,0,16]},"faces":{"north":{"uv":[4.8125,0.8125,4.5625,0.9375],"texture":"#0"},"east":{"uv":[4.8125,0.8125,4.5625,0.9375],"texture":"#0"},"south":{"uv":[4.8125,0.8125,4.5625,0.9375],"texture":"#0"},"west":{"uv":[4.8125,0.8125,4.5625,0.9375],"texture":"#0"},"up":{"uv":[4.5625,1.1875,4.8125,0.9375],"texture":"#0"},"down":{"uv":[4.5625,1.1875,4.8125,0.9375],"texture":"#0"}}},{"from":[6.75,-9.5,6.75],"to":[9.25,-8.5,9.25],"rotation":{"angle":0,"axis":"y","origin":[0,0,16]},"faces":{"north":{"uv":[4.25,1.25,4.5625,1.375],"texture":"#0"},"east":{"uv":[4.25,1.25,4.5625,1.375],"texture":"#0"},"south":{"uv":[4.25,1.25,4.5625,1.375],"texture":"#0"},"west":{"uv":[4.25,1.25,4.5625,1.375],"texture":"#0"},"up":{"uv":[4.5625,0.5,4.875,0.8125],"texture":"#0"},"down":{"uv":[4.5625,0.5,4.875,0.8125],"texture":"#0"}}},{"from":[7,-14.5,7],"to":[9,-13,9],"rotation":{"angle":0,"axis":"y","origin":[0,0,16]},"faces":{"north":{"uv":[5.5,0.25,5.75,0.4375],"texture":"#0"},"east":{"uv":[5.25,0.25,5.5,0.4375],"texture":"#0"},"south":{"uv":[6,0.25,6.25,0.4375],"texture":"#0"},"west":{"uv":[5.75,0.25,6,0.4375],"texture":"#0"},"up":{"uv":[4.875,0.625,5.125,0.875],"texture":"#0"},"down":{"uv":[4.875,0.625,5.125,0.875],"texture":"#0"}}},{"from":[7.5,-15.5,7.5],"to":[8.5,-14.5,8.5],"rotation":{"angle":0,"axis":"y","origin":[0,0,16]},"faces":{"north":{"uv":[5.125,0.625,5.25,0.75],"texture":"#0"},"east":{"uv":[5.125,0.75,5.25,0.875],"texture":"#0"},"south":{"uv":[5.125,0.75,5.25,0.875],"texture":"#0"},"west":{"uv":[5.125,0.625,5.25,0.75],"texture":"#0"},"up":{"uv":[5.125,0.75,5.25,0.875],"texture":"#0"},"down":{"uv":[5.125,0.75,5.25,0.875],"texture":"#0"}}},{"from":[6.5,-13,6.5],"to":[9.5,-11,9.5],"rotation":{"angle":0,"axis":"y","origin":[0,0,16]},"faces":{"north":{"uv":[5.5625,0,5.1875,0.25],"texture":"#0"},"east":{"uv":[5.1875,0,4.8125,0.25],"texture":"#0"},"south":{"uv":[6.3125,0,5.9375,0.25],"texture":"#0"},"west":{"uv":[5.9375,0,5.5625,0.25],"texture":"#0"},"up":{"uv":[4.875,0.625,5.25,0.25],"texture":"#0"},"down":{"uv":[4.875,0.625,5.25,0.25],"texture":"#0"}}},{"from":[7.25,-10,7.25],"to":[8.75,-1,8.75],"rotation":{"angle":0,"axis":"y","origin":[8,5.81499,8]},"faces":{"north":{"uv":[0.5625,3.875,0.375,5],"texture":"#0"},"east":{"uv":[0.5625,3.875,0.375,5],"texture":"#0"},"south":{"uv":[0.5625,3.875,0.375,5],"texture":"#0"},"west":{"uv":[0.5625,3.875,0.375,5],"texture":"#0"},"up":{"uv":[2.25,2.75,2.4375,2.5625],"texture":"#0"},"down":{"uv":[2.25,2.75,2.4375,2.5625],"texture":"#0"}}},{"from":[4.5,-12,4.5],"to":[11.5,-12,11.5],"rotation":{"angle":22.5,"axis":"y","origin":[8,-12,8]},"faces":{"north":{"uv":[0,0,14,0],"texture":"#4"},"east":{"uv":[0,0,14,0],"texture":"#4"},"south":{"uv":[0,0,14,0],"texture":"#4"},"west":{"uv":[0,0,14,0],"texture":"#4"},"up":{"uv":[7,14,0,7],"rotation":270,"texture":"#4"},"down":{"uv":[7,14,0,7],"rotation":270,"texture":"#4"}}},{"from":[4.5,-12,4.5],"to":[11.5,-12,11.5],"rotation":{"angle":-45,"axis":"y","origin":[8,-12,8]},"faces":{"north":{"uv":[0,0,14,0],"texture":"#4"},"east":{"uv":[0,0,14,0],"texture":"#4"},"south":{"uv":[0,0,14,0],"texture":"#4"},"west":{"uv":[0,0,14,0],"texture":"#4"},"up":{"uv":[14,14,7,7],"texture":"#4"},"down":{"uv":[14,14,7,7],"texture":"#4"}}},{"from":[4.5,-12,4.5],"to":[11.5,-12,11.5],"rotation":{"angle":-22.5,"axis":"y","origin":[8,-12,8]},"faces":{"north":{"uv":[0,0,14,0],"texture":"#4"},"east":{"uv":[0,0,14,0],"texture":"#4"},"south":{"uv":[0,0,14,0],"texture":"#4"},"west":{"uv":[0,0,14,0],"texture":"#4"},"up":{"uv":[14,7,7,0],"texture":"#4"},"down":{"uv":[14,7,7,0],"texture":"#4"}}},{"from":[4.5,-12,4.5],"to":[11.5,-12,11.5],"rotation":{"angle":0,"axis":"y","origin":[8,-12,8]},"faces":{"north":{"uv":[0,0,14,0],"texture":"#4"},"east":{"uv":[0,0,14,0],"texture":"#4"},"south":{"uv":[0,0,14,0],"texture":"#4"},"west":{"uv":[0,0,14,0],"texture":"#4"},"up":{"uv":[7,7,0,0],"texture":"#4"},"down":{"uv":[7,7,0,0],"texture":"#4"}}},{"from":[4.5,1.2,4.5],"to":[11.5,1.2,11.5],"rotation":{"angle":22.5,"axis":"y","origin":[8,1.2,8]},"faces":{"north":{"uv":[0,0,14,0],"texture":"#4"},"east":{"uv":[0,0,14,0],"texture":"#4"},"south":{"uv":[0,0,14,0],"texture":"#4"},"west":{"uv":[0,0,14,0],"texture":"#4"},"up":{"uv":[7,14,0,7],"rotation":270,"texture":"#4"},"down":{"uv":[7,14,0,7],"rotation":270,"texture":"#4"}}},{"from":[4.5,1.2,4.5],"to":[11.5,1.2,11.5],"rotation":{"angle":-45,"axis":"y","origin":[8,1.2,8]},"faces":{"north":{"uv":[0,0,14,0],"texture":"#4"},"east":{"uv":[0,0,14,0],"texture":"#4"},"south":{"uv":[0,0,14,0],"texture":"#4"},"west":{"uv":[0,0,14,0],"texture":"#4"},"up":{"uv":[14,14,7,7],"texture":"#4"},"down":{"uv":[14,14,7,7],"texture":"#4"}}},{"from":[4.5,1.2,4.5],"to":[11.5,1.2,11.5],"rotation":{"angle":-22.5,"axis":"y","origin":[8,1.2,8]},"faces":{"north":{"uv":[0,0,14,0],"texture":"#4"},"east":{"uv":[0,0,14,0],"texture":"#4"},"south":{"uv":[0,0,14,0],"texture":"#4"},"west":{"uv":[0,0,14,0],"texture":"#4"},"up":{"uv":[14,7,7,0],"texture":"#4"},"down":{"uv":[14,7,7,0],"texture":"#4"}}},{"from":[4.5,1.2,4.5],"to":[11.5,1.2,11.5],"rotation":{"angle":0,"axis":"y","origin":[8,1.2,8]},"faces":{"north":{"uv":[0,0,14,0],"texture":"#4"},"east":{"uv":[0,0,14,0],"texture":"#4"},"south":{"uv":[0,0,14,0],"texture":"#4"},"west":{"uv":[0,0,14,0],"texture":"#4"},"up":{"uv":[7,7,0,0],"texture":"#4"},"down":{"uv":[7,7,0,0],"texture":"#4"}}},{"from":[9.65,-1,6.75],"to":[9.65,0.5,9.75],"rotation":{"angle":-22.5,"axis":"z","origin":[8,9.5,0.25]},"faces":{"north":{"uv":[0.9375,6.375,0.75,6.8125],"texture":"#0"},"east":{"uv":[3.3125,4.5625,3.6875,4.75],"texture":"#0"},"south":{"uv":[0.75,6.375,0.75,6.5625],"texture":"#0"},"west":{"uv":[3.3125,4.5625,3.6875,4.75],"texture":"#0"},"up":{"uv":[0.5625,6.1875,0.9375,6.375],"rotation":90,"texture":"#0"},"down":{"uv":[0.5625,6.1875,0.9375,6.375],"rotation":270,"texture":"#0"}}},{"from":[8.55,-4.5,6.75],"to":[10.05,-1,9.75],"rotation":{"angle":-22.5,"axis":"z","origin":[8,9.5,0.25]},"faces":{"north":{"uv":[0.9375,6.375,0.75,6.8125],"texture":"#0"},"east":{"uv":[0.5625,5.75,0.9375,6.1875],"texture":"#0"},"south":{"uv":[0.75,6.375,0.9375,6.8125],"texture":"#0"},"west":{"uv":[0.5625,5.75,0.9375,6.1875],"texture":"#0"},"up":{"uv":[0.5625,6.1875,0.9375,6.375],"rotation":90,"texture":"#0"},"down":{"uv":[0.5625,6.1875,0.9375,6.375],"rotation":270,"texture":"#0"}}},{"from":[6.5,1.5,4.5],"to":[9.5,3.5,11.5],"rotation":{"angle":0,"axis":"y","origin":[0,13,16]},"faces":{"north":{"uv":[1.6875,3.8125,2.0625,4.0625],"texture":"#0"},"east":{"uv":[2.25,2.5625,3.125,2.8125],"texture":"#0"},"south":{"uv":[1.6875,3.8125,2.0625,4.0625],"texture":"#0"},"west":{"uv":[2.25,2.5625,3.125,2.8125],"texture":"#0"},"up":{"uv":[1.6875,2.9375,2.0625,3.8125],"texture":"#0"},"down":{"uv":[1.6875,2.9375,2.0625,3.8125],"texture":"#0"}}},{"from":[8,3.5,3.5],"to":[8,14.5,10.5],"rotation":{"angle":0,"axis":"y","origin":[0,13,16]},"faces":{"north":{"uv":[1.6875,3.8125,2.0625,4.0625],"texture":"#0"},"east":{"uv":[11.5,1,10.625,2.375],"texture":"#0"},"south":{"uv":[1.6875,3.8125,2.0625,4.0625],"texture":"#0"},"west":{"uv":[10.625,1,11.5,2.375],"texture":"#0"},"up":{"uv":[1.6875,2.9375,2.0625,3.8125],"texture":"#0"},"down":{"uv":[1.6875,2.9375,2.0625,3.8125],"texture":"#0"}}}],"gui_light":"front","display":{"thirdperson_righthand":{"translation":[0,6.75,1.25],"scale":[0.65,0.65,0.65]},"thirdperson_lefthand":{"translation":[0,6.75,1.25],"scale":[0.65,0.65,0.65]},"firstperson_righthand":{"rotation":[-90,0,0],"translation":[-0.5,5,2],"scale":[0.24258,0.24258,0.24258]},"firstperson_lefthand":{"rotation":[-90,0,0],"translation":[-0.5,5,2],"scale":[0.24258,0.24258,0.24258]},"ground":{"translation":[0,11,0],"scale":[0.55,0.55,0.55]},"gui":{"rotation":[0,90,0],"translation":[0.5,4.25,-1.5],"scale":[0.5,0.5,0.5]},"head":{"scale":[0,0,0]},"fixed":{"rotation":[0,-90,0],"translation":[0,11,-5.25],"scale":[1.35,1.35,1.35]}}}