{"credit":"MadewithBlockbench","texture_size":[128,128],"textures":{"0":"elitecreatures:mad_hatter_animated_weapon_set/madhatter_texture_01","1":"elitecreatures:mad_hatter_animated_weapon_set/madhatter_animation_01","2":"elitecreatures:mad_hatter_animated_weapon_set/madhatter_animation_02","3":"elitecreatures:mad_hatter_animated_weapon_set/madhatter_animation_03","particle":"elitecreatures:mad_hatter_animated_weapon_set/madhatter_texture_01"},"elements":[{"from":[6,8,6],"to":[10,9.5,10],"rotation":{"angle":0,"axis":"y","origin":[0,8.5,16]},"faces":{"north":{"uv":[0,3.6875,0.5,3.875],"texture":"#0"},"east":{"uv":[0,3.6875,0.5,3.875],"texture":"#0"},"south":{"uv":[0,3.6875,0.5,3.875],"texture":"#0"},"west":{"uv":[0,3.6875,0.5,3.875],"texture":"#0"},"up":{"uv":[0,3.1875,0.5,3.6875],"texture":"#0"},"down":{"uv":[0,3.1875,0.5,3.6875],"texture":"#0"}}},{"from":[7.5,12.12183,11.75983],"to":[8.5,13.62183,14.75983],"rotation":{"angle":45,"axis":"x","origin":[8,8.06583,13.994]},"faces":{"north":{"uv":[2.0625,4.25,1.9375,4.0625],"rotation":180,"texture":"#0"},"east":{"uv":[1.5625,4.375,1.9375,4.5625],"rotation":180,"texture":"#0"},"south":{"uv":[2.0625,4.25,1.9375,4.0625],"rotation":180,"texture":"#0"},"west":{"uv":[1.9375,4.375,1.5625,4.5625],"rotation":180,"texture":"#0"},"up":{"uv":[1.5625,4.5625,1.9375,4.6875],"rotation":90,"texture":"#0"},"down":{"uv":[1.5625,4.5625,1.9375,4.6875],"rotation":90,"texture":"#0"}}},{"from":[11.8,12,5.75],"to":[11.8,17.5,10.25],"rotation":{"angle":0,"axis":"y","origin":[8,19.82627,2.56668]},"faces":{"north":{"uv":[0,0,0,11],"texture":"#2"},"east":{"uv":[9,0,0,11],"texture":"#2"},"south":{"uv":[0,0,0,11],"texture":"#2"},"west":{"uv":[0,0,9,11],"texture":"#2"},"up":{"uv":[0,9,0,0],"rotation":180,"texture":"#2"},"down":{"uv":[0,0,0,9],"rotation":180,"texture":"#2"}}},{"from":[4.2,12,5.75],"to":[4.2,17.5,10.25],"rotation":{"angle":0,"axis":"y","origin":[8,19.82627,2.56668]},"faces":{"north":{"uv":[0,0,0,11],"texture":"#2"},"east":{"uv":[9,0,0,11],"texture":"#2"},"south":{"uv":[0,0,0,11],"texture":"#2"},"west":{"uv":[0,0,9,11],"texture":"#2"},"up":{"uv":[0,9,0,0],"rotation":180,"texture":"#2"},"down":{"uv":[0,0,0,9],"rotation":180,"texture":"#2"}}},{"from":[8,20,5.7],"to":[8,25.5,10.2],"rotation":{"angle":0,"axis":"y","origin":[4,28.75,6.25]},"faces":{"north":{"uv":[0,0,0,11],"texture":"#3"},"east":{"uv":[0,0,9,11],"texture":"#3"},"south":{"uv":[0,0,0,11],"texture":"#3"},"west":{"uv":[9,0,0,11],"texture":"#3"},"up":{"uv":[0,9,0,0],"texture":"#3"},"down":{"uv":[0,0,0,9],"texture":"#3"}}},{"from":[7.25,12.42183,10.66922],"to":[8.75,14.42183,14.66922],"rotation":{"angle":22.5,"axis":"x","origin":[8,8.06583,13.994]},"faces":{"north":{"uv":[0.9375,5.75,0.75,5.5],"rotation":180,"texture":"#0"},"east":{"uv":[0.75,5.0625,1.25,5.3125],"rotation":180,"texture":"#0"},"south":{"uv":[0.9375,5.75,0.75,5.5],"rotation":180,"texture":"#0"},"west":{"uv":[1.25,5.0625,0.75,5.3125],"rotation":180,"texture":"#0"},"up":{"uv":[0.75,5.3125,1.25,5.5],"rotation":90,"texture":"#0"},"down":{"uv":[0.75,5.3125,1.25,5.5],"rotation":90,"texture":"#0"}}},{"from":[6.75,12.8,9.5],"to":[9.25,15.8,13.5],"rotation":{"angle":0,"axis":"y","origin":[8,8.06583,14.094]},"faces":{"north":{"uv":[1.5625,4.375,1.25,4.75],"rotation":180,"texture":"#0"},"east":{"uv":[1.25,4.375,0.75,4.75],"texture":"#0"},"south":{"uv":[1.5625,4.375,1.25,4.75],"rotation":180,"texture":"#0"},"west":{"uv":[0.75,4.375,1.25,4.75],"texture":"#0"},"up":{"uv":[0.75,5.0625,1.25,4.75],"rotation":90,"texture":"#0"},"down":{"uv":[1.25,5.0625,0.75,4.75],"rotation":90,"texture":"#0"}}},{"from":[6.75,12.8,2.5],"to":[9.25,15.8,6.5],"rotation":{"angle":0,"axis":"y","origin":[8,8.06583,1.906]},"faces":{"north":{"uv":[1.25,4.375,1.5625,4.75],"rotation":180,"texture":"#0"},"east":{"uv":[0.75,4.375,1.25,4.75],"texture":"#0"},"south":{"uv":[1.25,4.375,1.5625,4.75],"rotation":180,"texture":"#0"},"west":{"uv":[1.25,4.375,0.75,4.75],"texture":"#0"},"up":{"uv":[1.25,5.0625,0.75,4.75],"rotation":90,"texture":"#0"},"down":{"uv":[0.75,5.0625,1.25,4.75],"rotation":90,"texture":"#0"}}},{"from":[7.25,12.42183,1.33078],"to":[8.75,14.42183,5.33078],"rotation":{"angle":-22.5,"axis":"x","origin":[8,8.06583,2.006]},"faces":{"north":{"uv":[0.75,5.75,0.9375,5.5],"rotation":180,"texture":"#0"},"east":{"uv":[1.25,5.0625,0.75,5.3125],"rotation":180,"texture":"#0"},"south":{"uv":[0.75,5.75,0.9375,5.5],"rotation":180,"texture":"#0"},"west":{"uv":[0.75,5.0625,1.25,5.3125],"rotation":180,"texture":"#0"},"up":{"uv":[1.25,5.3125,0.75,5.5],"rotation":90,"texture":"#0"},"down":{"uv":[1.25,5.3125,0.75,5.5],"rotation":90,"texture":"#0"}}},{"from":[7.5,12.12183,1.24017],"to":[8.5,13.62183,4.24017],"rotation":{"angle":-45,"axis":"x","origin":[8,8.06583,2.006]},"faces":{"north":{"uv":[1.9375,4.25,2.0625,4.0625],"rotation":180,"texture":"#0"},"east":{"uv":[1.5625,4.375,1.9375,4.5625],"rotation":180,"texture":"#0"},"south":{"uv":[1.9375,4.25,2.0625,4.0625],"rotation":180,"texture":"#0"},"west":{"uv":[1.5625,4.375,1.9375,4.5625],"rotation":180,"texture":"#0"},"up":{"uv":[1.9375,4.5625,1.5625,4.6875],"rotation":90,"texture":"#0"},"down":{"uv":[1.9375,4.5625,1.5625,4.6875],"rotation":90,"texture":"#0"}}},{"from":[7,9.5,7],"to":[9,10.5,9],"rotation":{"angle":0,"axis":"y","origin":[0,8.5,16]},"faces":{"north":{"uv":[4.3125,0.5,4.5625,0.625],"texture":"#0"},"east":{"uv":[4.3125,0.5,4.5625,0.625],"texture":"#0"},"south":{"uv":[4.3125,0.5,4.5625,0.625],"texture":"#0"},"west":{"uv":[4.3125,0.5,4.5625,0.625],"texture":"#0"},"up":{"uv":[4.3125,1,4.5625,1.25],"texture":"#0"},"down":{"uv":[4.3125,1,4.5625,1.25],"texture":"#0"}}},{"from":[5,12.5,5],"to":[11,14,11],"rotation":{"angle":0,"axis":"y","origin":[8.31781,15.13746,8]},"faces":{"north":{"uv":[3.25,2.125,4,2.3125],"texture":"#0"},"east":{"uv":[3.25,2.125,4,2.3125],"texture":"#0"},"south":{"uv":[3.25,2.125,4,2.3125],"texture":"#0"},"west":{"uv":[3.25,2.125,4,2.3125],"texture":"#0"},"up":{"uv":[3.25,1.375,4,2.125],"texture":"#0"},"down":{"uv":[3.25,1.375,4,2.125],"texture":"#0"}}},{"from":[5.5,14,5.5],"to":[10.5,19.5,10.5],"rotation":{"angle":0,"axis":"y","origin":[8.31781,15.13746,8]},"faces":{"north":{"uv":[4,1.375,4.625,2.0625],"texture":"#0"},"east":{"uv":[4,1.375,4.625,2.0625],"texture":"#0"},"south":{"uv":[4,1.375,4.625,2.0625],"texture":"#0"},"west":{"uv":[4,1.375,4.625,2.0625],"texture":"#0"},"up":{"uv":[4,2.0625,4.625,2.6875],"texture":"#0"},"down":{"uv":[4,2.0625,4.625,2.6875],"texture":"#0"}}},{"from":[5.1,11.57174,4.83335],"to":[10.9,13.07174,6.33335],"rotation":{"angle":22.5,"axis":"x","origin":[8.31781,15.13746,8]},"faces":{"north":{"uv":[3.25,2.3125,4,2.5],"texture":"#0"},"east":{"uv":[3.0625,2.8125,3.25,3],"texture":"#0"},"south":{"uv":[3.25,2.3125,4,2.5],"texture":"#0"},"west":{"uv":[3.0625,2.8125,3.25,3],"texture":"#0"},"up":{"uv":[3.25,2.5,4,2.6875],"texture":"#0"},"down":{"uv":[3.25,2.5,4,2.6875],"texture":"#0"}}},{"from":[5.1,11.57174,9.66665],"to":[10.9,13.07174,11.16665],"rotation":{"angle":-22.5,"axis":"x","origin":[8.31781,15.13746,8]},"faces":{"north":{"uv":[4,2.3125,3.25,2.5],"texture":"#0"},"east":{"uv":[3.25,2.8125,3.0625,3],"texture":"#0"},"south":{"uv":[4,2.3125,3.25,2.5],"texture":"#0"},"west":{"uv":[3.25,2.8125,3.0625,3],"texture":"#0"},"up":{"uv":[3.25,2.6875,4,2.5],"texture":"#0"},"down":{"uv":[3.25,2.6875,4,2.5],"texture":"#0"}}},{"from":[5.21781,14,5.48219],"to":[5.21781,16,10.48219],"rotation":{"angle":0,"axis":"y","origin":[8.31781,15.13746,8]},"faces":{"north":{"uv":[4.625,1.375,4,2.0625],"texture":"#0"},"east":{"uv":[4.625,1.8125,4,2.0625],"texture":"#0"},"south":{"uv":[4.625,1.375,4,2.0625],"texture":"#0"},"west":{"uv":[4.625,1.8125,4,2.0625],"texture":"#0"},"up":{"uv":[4,2.6875,4.625,2.0625],"rotation":90,"texture":"#0"},"down":{"uv":[4,2.6875,4.625,2.0625],"rotation":270,"texture":"#0"}}},{"from":[5.41781,16.00287,6.62131],"to":[5.41781,19.00287,9.12131],"rotation":{"angle":-22.5,"axis":"x","origin":[8.31781,15.13746,8]},"faces":{"north":{"uv":[4.625,1.375,4,2.0625],"texture":"#0"},"east":{"uv":[2.375,3.8125,2.0625,4.1875],"texture":"#0"},"south":{"uv":[4.625,1.375,4,2.0625],"texture":"#0"},"west":{"uv":[2.375,3.8125,2.0625,4.1875],"texture":"#0"},"up":{"uv":[4,2.6875,4.625,2.0625],"rotation":90,"texture":"#0"},"down":{"uv":[4,2.6875,4.625,2.0625],"rotation":270,"texture":"#0"}}},{"from":[5.31781,16.00287,6.62131],"to":[5.31781,19.00287,9.12131],"rotation":{"angle":-22.5,"axis":"x","origin":[8.31781,15.13746,8]},"faces":{"north":{"uv":[4.625,1.375,4,2.0625],"texture":"#0"},"east":{"uv":[3.125,3.0625,2.5,3.875],"texture":"#0"},"south":{"uv":[4.625,1.375,4,2.0625],"texture":"#0"},"west":{"uv":[2.5,3.0625,3.125,3.875],"texture":"#0"},"up":{"uv":[4,2.6875,4.625,2.0625],"rotation":90,"texture":"#0"},"down":{"uv":[4,2.6875,4.625,2.0625],"rotation":270,"texture":"#0"}}},{"from":[5,-8,5],"to":[11,-6.5,11],"rotation":{"angle":0,"axis":"y","origin":[8.31781,-9.13746,8]},"faces":{"north":{"uv":[3.25,2.3125,4,2.125],"texture":"#0"},"east":{"uv":[3.25,2.3125,4,2.125],"texture":"#0"},"south":{"uv":[3.25,2.3125,4,2.125],"texture":"#0"},"west":{"uv":[3.25,2.3125,4,2.125],"texture":"#0"},"up":{"uv":[3.25,2.125,4,1.375],"texture":"#0"},"down":{"uv":[3.25,2.125,4,1.375],"texture":"#0"}}},{"from":[5.5,-13.5,5.5],"to":[10.5,-8,10.5],"rotation":{"angle":0,"axis":"y","origin":[8.31781,-9.13746,8]},"faces":{"north":{"uv":[4,2.0625,4.625,1.375],"texture":"#0"},"east":{"uv":[4,2.0625,4.625,1.375],"texture":"#0"},"south":{"uv":[4,2.0625,4.625,1.375],"texture":"#0"},"west":{"uv":[4,2.0625,4.625,1.375],"texture":"#0"},"up":{"uv":[4,2.6875,4.625,2.0625],"texture":"#0"},"down":{"uv":[4,2.6875,4.625,2.0625],"texture":"#0"}}},{"from":[5.1,-7.07174,4.83335],"to":[10.9,-5.57174,6.33335],"rotation":{"angle":-22.5,"axis":"x","origin":[8.31781,-9.13746,8]},"faces":{"north":{"uv":[3.25,2.5,4,2.3125],"texture":"#0"},"east":{"uv":[3.0625,3,3.25,2.8125],"texture":"#0"},"south":{"uv":[3.25,2.5,4,2.3125],"texture":"#0"},"west":{"uv":[3.0625,3,3.25,2.8125],"texture":"#0"},"up":{"uv":[3.25,2.6875,4,2.5],"texture":"#0"},"down":{"uv":[3.25,2.6875,4,2.5],"texture":"#0"}}},{"from":[5.1,-7.07174,9.66665],"to":[10.9,-5.57174,11.16665],"rotation":{"angle":22.5,"axis":"x","origin":[8.31781,-9.13746,8]},"faces":{"north":{"uv":[4,2.5,3.25,2.3125],"texture":"#0"},"east":{"uv":[3.25,3,3.0625,2.8125],"texture":"#0"},"south":{"uv":[4,2.5,3.25,2.3125],"texture":"#0"},"west":{"uv":[3.25,3,3.0625,2.8125],"texture":"#0"},"up":{"uv":[3.25,2.5,4,2.6875],"texture":"#0"},"down":{"uv":[3.25,2.5,4,2.6875],"texture":"#0"}}},{"from":[5.21781,-10,5.48219],"to":[5.21781,-8,10.48219],"rotation":{"angle":0,"axis":"y","origin":[8.31781,-9.13746,8]},"faces":{"north":{"uv":[4.625,2.0625,4,1.375],"texture":"#0"},"east":{"uv":[4.625,2.0625,4,1.8125],"texture":"#0"},"south":{"uv":[4.625,2.0625,4,1.375],"texture":"#0"},"west":{"uv":[4.625,2.0625,4,1.8125],"texture":"#0"},"up":{"uv":[4.625,2.6875,4,2.0625],"rotation":270,"texture":"#0"},"down":{"uv":[4.625,2.6875,4,2.0625],"rotation":90,"texture":"#0"}}},{"from":[5.41781,-13.00287,6.62131],"to":[5.41781,-10.00287,9.12131],"rotation":{"angle":22.5,"axis":"x","origin":[8.31781,-9.13746,8]},"faces":{"north":{"uv":[4.625,2.0625,4,1.375],"texture":"#0"},"east":{"uv":[2.375,4.1875,2.0625,3.8125],"texture":"#0"},"south":{"uv":[4.625,2.0625,4,1.375],"texture":"#0"},"west":{"uv":[2.375,4.1875,2.0625,3.8125],"texture":"#0"},"up":{"uv":[4.625,2.6875,4,2.0625],"rotation":270,"texture":"#0"},"down":{"uv":[4.625,2.6875,4,2.0625],"rotation":90,"texture":"#0"}}},{"from":[5.31781,-13.00287,6.62131],"to":[5.31781,-10.00287,9.12131],"rotation":{"angle":22.5,"axis":"x","origin":[8.31781,-9.13746,8]},"faces":{"north":{"uv":[4.625,2.0625,4,1.375],"texture":"#0"},"east":{"uv":[3.125,3.875,2.5,3.0625],"texture":"#0"},"south":{"uv":[4.625,2.0625,4,1.375],"texture":"#0"},"west":{"uv":[2.5,3.875,3.125,3.0625],"texture":"#0"},"up":{"uv":[4.625,2.6875,4,2.0625],"rotation":270,"texture":"#0"},"down":{"uv":[4.625,2.6875,4,2.0625],"rotation":90,"texture":"#0"}}},{"from":[9.5,12.5,6],"to":[11.5,15.5,9],"rotation":{"angle":-45,"axis":"x","origin":[8,14.5,8]},"faces":{"north":{"uv":[4.5,2.6875,4.75,3.0625],"texture":"#0"},"east":{"uv":[4.5,2.6875,4.125,3.0625],"texture":"#0"},"south":{"uv":[4.5,3.0625,4.75,2.6875],"texture":"#0"},"west":{"uv":[4.125,2.6875,4.5,3.0625],"texture":"#0"},"up":{"uv":[4.5,2.6875,4.75,3.0625],"texture":"#0"},"down":{"uv":[4.5,2.6875,4.75,3.0625],"texture":"#0"}}},{"from":[4.5,12.5,6],"to":[6.5,15.5,9],"rotation":{"angle":-45,"axis":"x","origin":[8,14.5,8]},"faces":{"north":{"uv":[4.75,2.6875,4.5,3.0625],"texture":"#0"},"east":{"uv":[4.5,2.6875,4.125,3.0625],"texture":"#0"},"south":{"uv":[4.75,3.0625,4.5,2.6875],"texture":"#0"},"west":{"uv":[4.125,2.6875,4.5,3.0625],"texture":"#0"},"up":{"uv":[4.75,2.6875,4.5,3.0625],"texture":"#0"},"down":{"uv":[4.75,2.6875,4.5,3.0625],"texture":"#0"}}},{"from":[6.5,10.5,4.5],"to":[9.5,12.5,11.5],"rotation":{"angle":0,"axis":"y","origin":[0,13,16]},"faces":{"north":{"uv":[1.6875,3.8125,2.0625,4.0625],"texture":"#0"},"east":{"uv":[2.25,2.5625,3.125,2.8125],"texture":"#0"},"south":{"uv":[1.6875,3.8125,2.0625,4.0625],"texture":"#0"},"west":{"uv":[2.25,2.5625,3.125,2.8125],"texture":"#0"},"up":{"uv":[1.6875,2.9375,2.0625,3.8125],"texture":"#0"},"down":{"uv":[1.6875,2.9375,2.0625,3.8125],"texture":"#0"}}},{"from":[7,-7,7],"to":[9,-6,9],"rotation":{"angle":0,"axis":"y","origin":[0,4,16]},"faces":{"north":{"uv":[4.8125,0.8125,4.5625,0.9375],"texture":"#0"},"east":{"uv":[4.8125,0.8125,4.5625,0.9375],"texture":"#0"},"south":{"uv":[4.8125,0.8125,4.5625,0.9375],"texture":"#0"},"west":{"uv":[4.8125,0.8125,4.5625,0.9375],"texture":"#0"},"up":{"uv":[4.5625,1.1875,4.8125,0.9375],"texture":"#0"},"down":{"uv":[4.5625,1.1875,4.8125,0.9375],"texture":"#0"}}},{"from":[6.75,-5.5,6.75],"to":[9.25,-4.5,9.25],"rotation":{"angle":0,"axis":"y","origin":[0,4,16]},"faces":{"north":{"uv":[4.25,1.25,4.5625,1.375],"texture":"#0"},"east":{"uv":[4.25,1.25,4.5625,1.375],"texture":"#0"},"south":{"uv":[4.25,1.25,4.5625,1.375],"texture":"#0"},"west":{"uv":[4.25,1.25,4.5625,1.375],"texture":"#0"},"up":{"uv":[4.5625,0.5,4.875,0.8125],"texture":"#0"},"down":{"uv":[4.5625,0.5,4.875,0.8125],"texture":"#0"}}},{"from":[1.25,10,1.25],"to":[14.75,10,14.75],"rotation":{"angle":0,"axis":"y","origin":[8,8.31499,8]},"faces":{"north":{"uv":[0,0,5.75,0],"texture":"#1"},"east":{"uv":[0,0,5.75,0],"texture":"#1"},"south":{"uv":[0,0,5.75,0],"texture":"#1"},"west":{"uv":[0,0,5.75,0],"texture":"#1"},"up":{"uv":[6.75,6.75,0,0],"texture":"#1"},"down":{"uv":[6.75,6.75,0,0],"texture":"#1"}}},{"from":[1.25,10,1.25],"to":[14.75,10,14.75],"rotation":{"angle":-22.5,"axis":"y","origin":[8,8.31499,8]},"faces":{"north":{"uv":[0,0,5.75,0],"texture":"#1"},"east":{"uv":[0,0,5.75,0],"texture":"#1"},"south":{"uv":[0,0,5.75,0],"texture":"#1"},"west":{"uv":[0,0,5.75,0],"texture":"#1"},"up":{"uv":[13.5,6.75,6.75,0],"texture":"#1"},"down":{"uv":[13.5,6.75,6.75,0],"texture":"#1"}}},{"from":[1.25,10,1.25],"to":[14.75,10,14.75],"rotation":{"angle":-45,"axis":"y","origin":[8,8.31499,8]},"faces":{"north":{"uv":[0,0,5.75,0],"texture":"#1"},"east":{"uv":[0,0,5.75,0],"texture":"#1"},"south":{"uv":[0,0,5.75,0],"texture":"#1"},"west":{"uv":[0,0,5.75,0],"texture":"#1"},"up":{"uv":[13.5,13.5,6.75,6.75],"texture":"#1"},"down":{"uv":[13.5,13.5,6.75,6.75],"texture":"#1"}}},{"from":[1.25,10,1.25],"to":[14.75,10,14.75],"rotation":{"angle":22.5,"axis":"y","origin":[8,8.31499,8]},"faces":{"north":{"uv":[0,0,5.75,0],"texture":"#1"},"east":{"uv":[0,0,5.75,0],"texture":"#1"},"south":{"uv":[0,0,5.75,0],"texture":"#1"},"west":{"uv":[0,0,5.75,0],"texture":"#1"},"up":{"uv":[6.75,13.5,0,6.75],"rotation":270,"texture":"#1"},"down":{"uv":[6.75,13.5,0,6.75],"rotation":270,"texture":"#1"}}},{"from":[7.25,-6,7.25],"to":[8.75,8,8.75],"rotation":{"angle":0,"axis":"y","origin":[8,9.81499,8]},"faces":{"north":{"uv":[0.5625,3.875,0.375,5.625],"texture":"#0"},"east":{"uv":[0.5625,3.875,0.375,5.625],"texture":"#0"},"south":{"uv":[0.5625,3.875,0.375,5.625],"texture":"#0"},"west":{"uv":[0.5625,3.875,0.375,5.625],"texture":"#0"},"up":{"uv":[2.25,2.75,2.4375,2.5625],"texture":"#0"},"down":{"uv":[2.25,2.75,2.4375,2.5625],"texture":"#0"}}}],"gui_light":"front","display":{"thirdperson_righthand":{"translation":[0,3.75,1.25],"scale":[0.65,0.65,0.65]},"thirdperson_lefthand":{"translation":[0,3.75,1.25],"scale":[0.65,0.65,0.65]},"firstperson_righthand":{"rotation":[5.75,0,0],"translation":[4.5,5,0],"scale":[0.33633,0.33633,0.33633]},"firstperson_lefthand":{"rotation":[5.75,0,0],"translation":[4.5,5,0],"scale":[0.33633,0.33633,0.33633]},"ground":{"rotation":[-45,0,0],"translation":[0,9,0],"scale":[0.45,0.45,0.45]},"gui":{"rotation":[90,45,-90],"translation":[1.5,1.5,-1.5],"scale":[0.54492,0.54492,0.54492]},"head":{"scale":[0,0,0]},"fixed":{"rotation":[0,-90,0],"translation":[0,6.75,-5.25],"scale":[1.35,1.35,1.35]}}}