{"credit":"MadewithBlockbench","texture_size":[128,128],"textures":{"0":"elitecreatures:mad_hatter_animated_weapon_set/madhatter_texture_01","2":"elitecreatures:mad_hatter_animated_weapon_set/madhatter_animation_02","3":"elitecreatures:mad_hatter_animated_weapon_set/madhatter_animation_03","4":"elitecreatures:mad_hatter_animated_weapon_set/madhatter_animation_04","particle":"elitecreatures:mad_hatter_animated_weapon_set/madhatter_texture_01"},"elements":[{"from":[8,-10,0],"to":[8,18,8],"rotation":{"angle":22.5,"axis":"y","origin":[8,-3,8]},"faces":{"north":{"uv":[0,0,0,3.5],"texture":"#missing"},"east":{"uv":[15,7.25,16,10.75],"texture":"#0"},"south":{"uv":[0,0,0,3.5],"texture":"#missing"},"west":{"uv":[16,7.25,15,10.75],"texture":"#0"},"up":{"uv":[0,0,0,1],"texture":"#missing"},"down":{"uv":[0,0,0,1],"texture":"#missing"}}},{"from":[9.2,11,4.5],"to":[9.2,18,11.5],"rotation":{"angle":-22.5,"axis":"x","origin":[9.2,14.5,8]},"faces":{"north":{"uv":[0,0,14,0],"rotation":90,"texture":"#4"},"east":{"uv":[7,14,0,7],"rotation":90,"texture":"#4"},"south":{"uv":[0,0,14,0],"rotation":270,"texture":"#4"},"west":{"uv":[7,14,0,7],"rotation":270,"texture":"#4"},"up":{"uv":[0,0,14,0],"rotation":270,"texture":"#4"},"down":{"uv":[0,0,14,0],"rotation":270,"texture":"#4"}}},{"from":[9.2,11,4.5],"to":[9.2,18,11.5],"rotation":{"angle":45,"axis":"x","origin":[9.2,14.5,8]},"faces":{"north":{"uv":[0,0,14,0],"rotation":90,"texture":"#4"},"east":{"uv":[14,14,7,7],"rotation":180,"texture":"#4"},"south":{"uv":[0,0,14,0],"rotation":270,"texture":"#4"},"west":{"uv":[14,14,7,7],"texture":"#4"},"up":{"uv":[0,0,14,0],"rotation":270,"texture":"#4"},"down":{"uv":[0,0,14,0],"rotation":270,"texture":"#4"}}},{"from":[9.2,11,4.5],"to":[9.2,18,11.5],"rotation":{"angle":22.5,"axis":"x","origin":[9.2,14.5,8]},"faces":{"north":{"uv":[0,0,14,0],"rotation":90,"texture":"#4"},"east":{"uv":[14,7,7,0],"rotation":180,"texture":"#4"},"south":{"uv":[0,0,14,0],"rotation":270,"texture":"#4"},"west":{"uv":[14,7,7,0],"texture":"#4"},"up":{"uv":[0,0,14,0],"rotation":270,"texture":"#4"},"down":{"uv":[0,0,14,0],"rotation":270,"texture":"#4"}}},{"from":[9.2,11,4.5],"to":[9.2,18,11.5],"rotation":{"angle":0,"axis":"y","origin":[9.2,14.5,8]},"faces":{"north":{"uv":[0,0,14,0],"rotation":90,"texture":"#4"},"east":{"uv":[7,7,0,0],"rotation":180,"texture":"#4"},"south":{"uv":[0,0,14,0],"rotation":270,"texture":"#4"},"west":{"uv":[7,7,0,0],"texture":"#4"},"up":{"uv":[0,0,14,0],"rotation":270,"texture":"#4"},"down":{"uv":[0,0,14,0],"rotation":270,"texture":"#4"}}},{"from":[8,-10,8],"to":[8,18,16],"rotation":{"angle":-22.5,"axis":"y","origin":[8,-3,8]},"faces":{"north":{"uv":[0,0,0,3.5],"texture":"#missing"},"east":{"uv":[15,7.25,14,10.75],"texture":"#0"},"south":{"uv":[0,0,0,3.5],"texture":"#missing"},"west":{"uv":[14,7.25,15,10.75],"texture":"#0"},"up":{"uv":[0,1,0,0],"texture":"#missing"},"down":{"uv":[0,1,0,0],"texture":"#missing"}}},{"from":[7,16,-1.1],"to":[9,18,8.4],"rotation":{"angle":22.5,"axis":"y","origin":[8,-3,8]},"faces":{"north":{"uv":[1.1875,7.625,1.4375,7.875],"texture":"#0"},"east":{"uv":[0,7.625,1.1875,7.875],"texture":"#0"},"south":{"uv":[1.1875,7.625,1.4375,7.875],"texture":"#0"},"west":{"uv":[1.1875,7.625,0,7.875],"texture":"#0"},"up":{"uv":[0.5,6.4375,0.75,7.625],"texture":"#0"},"down":{"uv":[0,7.875,0.25,9.0625],"texture":"#0"}}},{"from":[7,16,7.6],"to":[9,18,17.1],"rotation":{"angle":-22.5,"axis":"y","origin":[8,-3,8]},"faces":{"north":{"uv":[1.4375,7.625,1.1875,7.875],"texture":"#0"},"east":{"uv":[1.1875,7.625,0,7.875],"texture":"#0"},"south":{"uv":[1.4375,7.625,1.1875,7.875],"texture":"#0"},"west":{"uv":[0,7.625,1.1875,7.875],"texture":"#0"},"up":{"uv":[0.5,7.625,0.75,6.4375],"texture":"#0"},"down":{"uv":[0,9.0625,0.25,7.875],"texture":"#0"}}},{"from":[7,12,4.9],"to":[9,16,8.4],"rotation":{"angle":22.5,"axis":"y","origin":[8,-3,8]},"faces":{"north":{"uv":[2.6875,7,2.9375,7.5],"texture":"#0"},"east":{"uv":[2.25,7.4375,2.6875,7.9375],"texture":"#0"},"south":{"uv":[2.6875,7,2.9375,7.5],"texture":"#0"},"west":{"uv":[2.6875,7.4375,2.25,7.9375],"texture":"#0"},"up":{"uv":[2.6875,7.5,2.9375,7.9375],"texture":"#0"},"down":{"uv":[2.6875,7.5,2.9375,7.9375],"texture":"#0"}}},{"from":[7,14,-1.1],"to":[9,16,1.4],"rotation":{"angle":22.5,"axis":"y","origin":[8,-3,8]},"faces":{"north":{"uv":[1.75,7.4375,2,7.6875],"texture":"#0"},"east":{"uv":[1.4375,7.4375,1.75,7.6875],"texture":"#0"},"south":{"uv":[1.75,7.4375,2,7.6875],"texture":"#0"},"west":{"uv":[1.75,7.4375,1.4375,7.6875],"texture":"#0"},"up":{"uv":[2,7.4375,2.25,7.75],"texture":"#0"},"down":{"uv":[2,7.4375,2.25,7.75],"texture":"#0"}}},{"from":[7,12,7.6],"to":[9,16,11.1],"rotation":{"angle":-22.5,"axis":"y","origin":[8,-3,8]},"faces":{"north":{"uv":[2.9375,7,2.6875,7.5],"texture":"#0"},"east":{"uv":[2.6875,7.4375,2.25,7.9375],"texture":"#0"},"south":{"uv":[2.9375,7,2.6875,7.5],"texture":"#0"},"west":{"uv":[2.25,7.4375,2.6875,7.9375],"texture":"#0"},"up":{"uv":[2.6875,7.9375,2.9375,7.5],"texture":"#0"},"down":{"uv":[2.6875,7.9375,2.9375,7.5],"texture":"#0"}}},{"from":[7,14,14.6],"to":[9,16,17.1],"rotation":{"angle":-22.5,"axis":"y","origin":[8,-3,8]},"faces":{"north":{"uv":[2,7.4375,1.75,7.6875],"texture":"#0"},"east":{"uv":[1.75,7.4375,1.4375,7.6875],"texture":"#0"},"south":{"uv":[2,7.4375,1.75,7.6875],"texture":"#0"},"west":{"uv":[1.4375,7.4375,1.75,7.6875],"texture":"#0"},"up":{"uv":[2,7.75,2.25,7.4375],"texture":"#0"},"down":{"uv":[2,7.75,2.25,7.4375],"texture":"#0"}}},{"from":[4.5,18,14.7],"to":[5.5,20,16.7],"rotation":{"angle":-22.5,"axis":"y","origin":[8,11,16]},"faces":{"north":{"uv":[3.25,0.625,3.375,0.875],"texture":"#0"},"east":{"uv":[2.5,2.0625,2.25,2.3125],"rotation":270,"texture":"#0"},"south":{"uv":[3.25,0.625,3.375,0.875],"rotation":180,"texture":"#0"},"west":{"uv":[2.25,2.0625,2.5,2.3125],"rotation":90,"texture":"#0"},"up":{"uv":[3.25,0.625,3.375,0.875],"rotation":180,"texture":"#0"},"down":{"uv":[3.25,0.625,3.375,0.875],"texture":"#0"}}},{"from":[10.5,18,0.5],"to":[11.5,20,2.5],"rotation":{"angle":22.5,"axis":"y","origin":[8,11,16]},"faces":{"north":{"uv":[1.5,2.6875,1.625,2.9375],"texture":"#0"},"east":{"uv":[2.5,2.3125,2.25,2.5625],"rotation":270,"texture":"#0"},"south":{"uv":[1.5,2.6875,1.625,2.9375],"rotation":180,"texture":"#0"},"west":{"uv":[2.25,2.3125,2.5,2.5625],"rotation":90,"texture":"#0"},"up":{"uv":[1.5,2.6875,1.625,2.9375],"rotation":180,"texture":"#0"},"down":{"uv":[1.5,2.6875,1.625,2.9375],"texture":"#0"}}},{"from":[4.4,18,4],"to":[5.4,20,6],"rotation":{"angle":22.5,"axis":"y","origin":[8,11,0]},"faces":{"north":{"uv":[3.375,0.625,3.25,0.875],"rotation":180,"texture":"#0"},"east":{"uv":[2.5,2.3125,2.25,2.0625],"rotation":270,"texture":"#0"},"south":{"uv":[3.375,0.625,3.25,0.875],"texture":"#0"},"west":{"uv":[2.25,2.3125,2.5,2.0625],"rotation":90,"texture":"#0"},"up":{"uv":[3.25,0.875,3.375,0.625],"rotation":180,"texture":"#0"},"down":{"uv":[3.25,0.875,3.375,0.625],"texture":"#0"}}},{"from":[10.6,18,8.9],"to":[11.6,20,10.9],"rotation":{"angle":-22.5,"axis":"y","origin":[8,11,0]},"faces":{"north":{"uv":[1.625,2.6875,1.5,2.9375],"rotation":180,"texture":"#0"},"east":{"uv":[2.5,2.5625,2.25,2.3125],"rotation":270,"texture":"#0"},"south":{"uv":[1.625,2.6875,1.5,2.9375],"texture":"#0"},"west":{"uv":[2.25,2.5625,2.5,2.3125],"rotation":90,"texture":"#0"},"up":{"uv":[1.5,2.9375,1.625,2.6875],"rotation":180,"texture":"#0"},"down":{"uv":[1.5,2.9375,1.625,2.6875],"texture":"#0"}}},{"from":[5.4,6,-0.5],"to":[6.4,14,1.5],"rotation":{"angle":22.5,"axis":"y","origin":[5.9,6.5,2.9]},"faces":{"north":{"uv":[0.5,5.625,0.375,6.625],"texture":"#0"},"east":{"uv":[0.25,5.625,0,6.625],"texture":"#0"},"south":{"uv":[0.5,5.625,0.375,6.625],"texture":"#0"},"west":{"uv":[0.25,5.625,0,6.625],"texture":"#0"},"up":{"uv":[1.6875,3.75,1.5625,4],"texture":"#0"},"down":{"uv":[1.6875,3.75,1.5625,4],"texture":"#0"}}},{"from":[5.4,-2,-0.5],"to":[6.4,6,1.5],"rotation":{"angle":22.5,"axis":"y","origin":[5.9,6.5,2.9]},"faces":{"north":{"uv":[0.5,5.625,0.375,6.625],"texture":"#0"},"east":{"uv":[0.25,5.625,0,6.625],"texture":"#0"},"south":{"uv":[0.5,5.625,0.375,6.625],"texture":"#0"},"west":{"uv":[0.25,5.625,0,6.625],"texture":"#0"},"up":{"uv":[1.6875,3.75,1.5625,4],"texture":"#0"},"down":{"uv":[1.6875,3.75,1.5625,4],"texture":"#0"}}},{"from":[5.4,6,14.5],"to":[6.4,14,16.5],"rotation":{"angle":-22.5,"axis":"y","origin":[5.9,6.5,13.1]},"faces":{"north":{"uv":[0.375,5.625,0.5,6.625],"texture":"#0"},"east":{"uv":[0,5.625,0.25,6.625],"texture":"#0"},"south":{"uv":[0.375,5.625,0.5,6.625],"texture":"#0"},"west":{"uv":[0,5.625,0.25,6.625],"texture":"#0"},"up":{"uv":[1.6875,4,1.5625,3.75],"texture":"#0"},"down":{"uv":[1.6875,4,1.5625,3.75],"texture":"#0"}}},{"from":[5.4,-2,14.5],"to":[6.4,6,16.5],"rotation":{"angle":-22.5,"axis":"y","origin":[5.9,6.5,13.1]},"faces":{"north":{"uv":[0.375,5.625,0.5,6.625],"texture":"#0"},"east":{"uv":[0,5.625,0.25,6.625],"texture":"#0"},"south":{"uv":[0.375,5.625,0.5,6.625],"texture":"#0"},"west":{"uv":[0,5.625,0.25,6.625],"texture":"#0"},"up":{"uv":[1.6875,4,1.5625,3.75],"texture":"#0"},"down":{"uv":[1.6875,4,1.5625,3.75],"texture":"#0"}}},{"from":[8.5,-4,5.75],"to":[8.5,1.5,10.25],"rotation":{"angle":0,"axis":"y","origin":[20,14.82627,13.43332]},"faces":{"north":{"uv":[0,0,0,11],"texture":"#2"},"east":{"uv":[9,0,0,11],"texture":"#2"},"south":{"uv":[0,0,0,11],"texture":"#2"},"west":{"uv":[0,0,9,11],"texture":"#2"},"up":{"uv":[0,0,0,9],"texture":"#2"},"down":{"uv":[0,9,0,0],"texture":"#2"}}},{"from":[8.5,4,5.75],"to":[8.5,9.5,10.25],"rotation":{"angle":0,"axis":"y","origin":[24,23.75,6.25]},"faces":{"north":{"uv":[0,0,0,11],"texture":"#3"},"east":{"uv":[0,0,9,11],"texture":"#3"},"south":{"uv":[0,0,0,11],"texture":"#3"},"west":{"uv":[9,0,0,11],"texture":"#3"},"up":{"uv":[0,9,0,0],"texture":"#3"},"down":{"uv":[0,0,0,9],"texture":"#3"}}},{"from":[0.75,4.5,6.75],"to":[3.25,5.5,9.25],"rotation":{"angle":0,"axis":"y","origin":[0,0,16]},"faces":{"north":{"uv":[4.25,1.25,4.5625,1.375],"texture":"#0"},"east":{"uv":[4.25,1.25,4.5625,1.375],"texture":"#0"},"south":{"uv":[4.25,1.25,4.5625,1.375],"texture":"#0"},"west":{"uv":[4.25,1.25,4.5625,1.375],"texture":"#0"},"up":{"uv":[4.5625,0.5,4.875,0.8125],"texture":"#0"},"down":{"uv":[4.5625,0.5,4.875,0.8125],"texture":"#0"}}},{"from":[0.75,13.5,6.75],"to":[3.25,14.5,9.25],"rotation":{"angle":0,"axis":"y","origin":[0,0,16]},"faces":{"north":{"uv":[4.25,1.25,4.5625,1.375],"texture":"#0"},"east":{"uv":[4.25,1.25,4.5625,1.375],"texture":"#0"},"south":{"uv":[4.25,1.25,4.5625,1.375],"texture":"#0"},"west":{"uv":[4.25,1.25,4.5625,1.375],"texture":"#0"},"up":{"uv":[4.5625,0.5,4.875,0.8125],"texture":"#0"},"down":{"uv":[4.5625,0.5,4.875,0.8125],"texture":"#0"}}},{"from":[1,14,7],"to":[3,15,9],"rotation":{"angle":0,"axis":"y","origin":[0,0,16]},"faces":{"north":{"uv":[4.8125,0.8125,4.5625,0.9375],"texture":"#0"},"east":{"uv":[4.8125,0.8125,4.5625,0.9375],"texture":"#0"},"south":{"uv":[4.8125,0.8125,4.5625,0.9375],"texture":"#0"},"west":{"uv":[4.8125,0.8125,4.5625,0.9375],"texture":"#0"},"up":{"uv":[4.5625,1.1875,4.8125,0.9375],"texture":"#0"},"down":{"uv":[4.5625,1.1875,4.8125,0.9375],"texture":"#0"}}},{"from":[1,4,7],"to":[3,5,9],"rotation":{"angle":0,"axis":"y","origin":[0,0,16]},"faces":{"north":{"uv":[4.8125,0.8125,4.5625,0.9375],"texture":"#0"},"east":{"uv":[4.8125,0.8125,4.5625,0.9375],"texture":"#0"},"south":{"uv":[4.8125,0.8125,4.5625,0.9375],"texture":"#0"},"west":{"uv":[4.8125,0.8125,4.5625,0.9375],"texture":"#0"},"up":{"uv":[4.5625,1.1875,4.8125,0.9375],"texture":"#0"},"down":{"uv":[4.5625,1.1875,4.8125,0.9375],"texture":"#0"}}},{"from":[1.25,5,7.25],"to":[2.75,13,8.75],"rotation":{"angle":0,"axis":"y","origin":[8,5.81499,8]},"faces":{"north":{"uv":[0.5625,3.875,0.375,4.875],"texture":"#0"},"east":{"uv":[0.5625,3.875,0.375,4.875],"texture":"#0"},"south":{"uv":[0.5625,3.875,0.375,4.875],"texture":"#0"},"west":{"uv":[0.5625,3.875,0.375,4.875],"texture":"#0"},"up":{"uv":[2.25,2.75,2.4375,2.5625],"texture":"#0"},"down":{"uv":[2.25,2.75,2.4375,2.5625],"texture":"#0"}}},{"from":[1.81499,12.5,7.25],"to":[6.81499,14,8.75],"rotation":{"angle":0,"axis":"y","origin":[8,5.81499,8]},"faces":{"north":{"uv":[0.5625,3.875,0.375,4.5],"rotation":90,"texture":"#0"},"east":{"uv":[2.25,2.75,2.4375,2.5625],"rotation":270,"texture":"#0"},"south":{"uv":[0.5625,3.875,0.375,4.5],"rotation":270,"texture":"#0"},"west":{"uv":[2.25,2.75,2.4375,2.5625],"rotation":270,"texture":"#0"},"up":{"uv":[0.5625,3.875,0.375,4.5],"rotation":270,"texture":"#0"},"down":{"uv":[0.5625,3.875,0.375,4.5],"rotation":270,"texture":"#0"}}},{"from":[1,11,7],"to":[3,14,9],"rotation":{"angle":0,"axis":"y","origin":[0,0,16]},"faces":{"north":{"uv":[4.3125,0.6875,4.5625,1.0625],"texture":"#0"},"east":{"uv":[4.3125,0.6875,4.5625,1.0625],"texture":"#0"},"south":{"uv":[4.3125,0.6875,4.5625,1.0625],"texture":"#0"},"west":{"uv":[4.3125,0.6875,4.5625,1.0625],"texture":"#0"},"up":{"uv":[4.3125,1,4.5625,1.25],"texture":"#0"},"down":{"uv":[4.3125,1,4.5625,1.25],"texture":"#0"}}}],"gui_light":"front","display":{"thirdperson_righthand":{"translation":[4.75,-2,1.75],"scale":[0.8,0.8,0.8]},"thirdperson_lefthand":{"rotation":[0,180,0],"translation":[4.75,-2,1.75],"scale":[0.8,0.8,0.8]},"firstperson_righthand":{"rotation":[0,90,0],"translation":[-2.5,4.75,1.75],"scale":[0.35391,0.35391,0.35391]},"firstperson_lefthand":{"rotation":[0,-90,0],"translation":[-2.5,4.75,1.75],"scale":[0.35391,0.35391,0.35391]},"ground":{"translation":[0,11,0],"scale":[0.65,0.65,0.65]},"gui":{"rotation":[0,-90,0],"translation":[0,1.5,-1.5],"scale":[0.5,0.5,0.5]},"head":{"scale":[0,0,0]},"fixed":{"rotation":[0,90,0],"translation":[0,1.25,-13.25],"scale":[1.9,1.9,1.9]}}}