{"credit":"MadewithBlockbench","texture_size":[128,128],"textures":{"0":"elitecreatures:mad_hatter_animated_weapon_set/madhatter_texture_01","1":"elitecreatures:mad_hatter_animated_weapon_set/madhatter_animation_01","2":"elitecreatures:mad_hatter_animated_weapon_set/madhatter_animation_02","3":"elitecreatures:mad_hatter_animated_weapon_set/madhatter_animation_03","4":"elitecreatures:mad_hatter_animated_weapon_set/madhatter_animation_04","particle":"elitecreatures:mad_hatter_animated_weapon_set/madhatter_texture_01"},"elements":[{"from":[6,-1,6],"to":[10,0.5,10],"rotation":{"angle":0,"axis":"y","origin":[0,-0.5,16]},"faces":{"north":{"uv":[0,3.6875,0.5,3.875],"texture":"#0"},"east":{"uv":[0,3.6875,0.5,3.875],"texture":"#0"},"south":{"uv":[0,3.6875,0.5,3.875],"texture":"#0"},"west":{"uv":[0,3.6875,0.5,3.875],"texture":"#0"},"up":{"uv":[0,3.1875,0.5,3.6875],"texture":"#0"},"down":{"uv":[0,3.1875,0.5,3.6875],"texture":"#0"}}},{"from":[7,0.5,7],"to":[9,1.5,9],"rotation":{"angle":0,"axis":"y","origin":[0,-0.5,16]},"faces":{"north":{"uv":[4.3125,0.5,4.5625,0.625],"texture":"#0"},"east":{"uv":[4.3125,0.5,4.5625,0.625],"texture":"#0"},"south":{"uv":[4.3125,0.5,4.5625,0.625],"texture":"#0"},"west":{"uv":[4.3125,0.5,4.5625,0.625],"texture":"#0"},"up":{"uv":[4.3125,1,4.5625,1.25],"texture":"#0"},"down":{"uv":[4.3125,1,4.5625,1.25],"texture":"#0"}}},{"from":[5,2.5,9.6],"to":[11,4,15.6],"rotation":{"angle":22.5,"axis":"x","origin":[8.31781,5.13746,12.6]},"faces":{"north":{"uv":[3.25,2.125,4,2.3125],"texture":"#0"},"east":{"uv":[3.25,2.125,4,2.3125],"texture":"#0"},"south":{"uv":[3.25,2.125,4,2.3125],"texture":"#0"},"west":{"uv":[3.25,2.125,4,2.3125],"texture":"#0"},"up":{"uv":[3.25,1.375,4,2.125],"texture":"#0"},"down":{"uv":[3.25,1.375,4,2.125],"texture":"#0"}}},{"from":[5.5,4,10.1],"to":[10.5,9.5,15.1],"rotation":{"angle":22.5,"axis":"x","origin":[8.31781,5.13746,12.6]},"faces":{"north":{"uv":[4,1.375,4.625,2.0625],"texture":"#0"},"east":{"uv":[4,1.375,4.625,2.0625],"texture":"#0"},"south":{"uv":[4,1.375,4.625,2.0625],"texture":"#0"},"west":{"uv":[4,1.375,4.625,2.0625],"texture":"#0"},"up":{"uv":[4,2.0625,4.625,2.6875],"texture":"#0"},"down":{"uv":[4,2.0625,4.625,2.6875],"texture":"#0"}}},{"from":[5.1,1.57174,9.43335],"to":[10.9,3.07174,10.93335],"rotation":{"angle":45,"axis":"x","origin":[8.31781,5.13746,12.6]},"faces":{"north":{"uv":[3.25,2.3125,4,2.5],"texture":"#0"},"east":{"uv":[3.0625,2.8125,3.25,3],"texture":"#0"},"south":{"uv":[3.25,2.3125,4,2.5],"texture":"#0"},"west":{"uv":[3.0625,2.8125,3.25,3],"texture":"#0"},"up":{"uv":[3.25,2.5,4,2.6875],"texture":"#0"},"down":{"uv":[3.25,2.5,4,2.6875],"texture":"#0"}}},{"from":[5.1,1.57174,14.26665],"to":[10.9,3.07174,15.76665],"rotation":{"angle":0,"axis":"y","origin":[8.31781,5.13746,12.6]},"faces":{"north":{"uv":[4,2.3125,3.25,2.5],"texture":"#0"},"east":{"uv":[3.25,2.8125,3.0625,3],"texture":"#0"},"south":{"uv":[4,2.3125,3.25,2.5],"texture":"#0"},"west":{"uv":[3.25,2.8125,3.0625,3],"texture":"#0"},"up":{"uv":[3.25,2.6875,4,2.5],"texture":"#0"},"down":{"uv":[3.25,2.6875,4,2.5],"texture":"#0"}}},{"from":[5.21781,4,10.08219],"to":[5.21781,6,15.08219],"rotation":{"angle":22.5,"axis":"x","origin":[8.31781,5.13746,12.6]},"faces":{"north":{"uv":[4.625,1.375,4,2.0625],"texture":"#0"},"east":{"uv":[4.625,1.8125,4,2.0625],"texture":"#0"},"south":{"uv":[4.625,1.375,4,2.0625],"texture":"#0"},"west":{"uv":[4.625,1.8125,4,2.0625],"texture":"#0"},"up":{"uv":[4,2.6875,4.625,2.0625],"rotation":90,"texture":"#0"},"down":{"uv":[4,2.6875,4.625,2.0625],"rotation":270,"texture":"#0"}}},{"from":[5.41781,6.00287,11.22131],"to":[5.41781,9.00287,13.72131],"rotation":{"angle":0,"axis":"y","origin":[8.31781,5.13746,12.6]},"faces":{"north":{"uv":[4.625,1.375,4,2.0625],"texture":"#0"},"east":{"uv":[2.375,3.8125,2.0625,4.1875],"texture":"#0"},"south":{"uv":[4.625,1.375,4,2.0625],"texture":"#0"},"west":{"uv":[2.375,3.8125,2.0625,4.1875],"texture":"#0"},"up":{"uv":[4,2.6875,4.625,2.0625],"rotation":90,"texture":"#0"},"down":{"uv":[4,2.6875,4.625,2.0625],"rotation":270,"texture":"#0"}}},{"from":[5.31781,6.00287,11.22131],"to":[5.31781,9.00287,13.72131],"rotation":{"angle":0,"axis":"y","origin":[8.31781,5.13746,12.6]},"faces":{"north":{"uv":[4.625,1.375,4,2.0625],"texture":"#0"},"east":{"uv":[3.125,3.0625,2.5,3.875],"texture":"#0"},"south":{"uv":[4.625,1.375,4,2.0625],"texture":"#0"},"west":{"uv":[2.5,3.0625,3.125,3.875],"texture":"#0"},"up":{"uv":[4,2.6875,4.625,2.0625],"rotation":90,"texture":"#0"},"down":{"uv":[4,2.6875,4.625,2.0625],"rotation":270,"texture":"#0"}}},{"from":[8,3.5,4],"to":[8,26.5,12],"rotation":{"angle":0,"axis":"y","origin":[0,-0.5,16]},"faces":{"north":{"uv":[4.3125,0.5,4.5625,0.625],"texture":"#0"},"east":{"uv":[15,2.6875,16,5.5625],"texture":"#0"},"south":{"uv":[4.3125,0.5,4.5625,0.625],"texture":"#0"},"west":{"uv":[15,2.6875,16,5.5625],"texture":"#0"},"up":{"uv":[4.3125,1,4.5625,1.25],"texture":"#0"},"down":{"uv":[4.3125,1,4.5625,1.25],"texture":"#0"}}},{"from":[8,2.5,6],"to":[10,5.5,9],"rotation":{"angle":-45,"axis":"x","origin":[8,4.5,8]},"faces":{"north":{"uv":[4.5,2.6875,4.75,3.0625],"texture":"#0"},"east":{"uv":[4.5,2.6875,4.125,3.0625],"texture":"#0"},"south":{"uv":[4.5,3.0625,4.75,2.6875],"texture":"#0"},"west":{"uv":[4.125,2.6875,4.5,3.0625],"texture":"#0"},"up":{"uv":[4.5,2.6875,4.75,3.0625],"texture":"#0"},"down":{"uv":[4.5,2.6875,4.75,3.0625],"texture":"#0"}}},{"from":[6,2.5,6],"to":[8,5.5,9],"rotation":{"angle":-45,"axis":"x","origin":[8,4.5,8]},"faces":{"north":{"uv":[4.75,2.6875,4.5,3.0625],"texture":"#0"},"east":{"uv":[4.5,2.6875,4.125,3.0625],"texture":"#0"},"south":{"uv":[4.75,3.0625,4.5,2.6875],"texture":"#0"},"west":{"uv":[4.125,2.6875,4.5,3.0625],"texture":"#0"},"up":{"uv":[4.75,2.6875,4.5,3.0625],"texture":"#0"},"down":{"uv":[4.75,2.6875,4.5,3.0625],"texture":"#0"}}},{"from":[6.5,1.5,4.5],"to":[9.5,3.5,11.5],"rotation":{"angle":0,"axis":"y","origin":[0,4,16]},"faces":{"north":{"uv":[1.6875,3.8125,2.0625,4.0625],"texture":"#0"},"east":{"uv":[2.25,2.5625,3.125,2.8125],"texture":"#0"},"south":{"uv":[1.6875,3.8125,2.0625,4.0625],"texture":"#0"},"west":{"uv":[2.25,2.5625,3.125,2.8125],"texture":"#0"},"up":{"uv":[1.6875,2.9375,2.0625,3.8125],"texture":"#0"},"down":{"uv":[1.6875,2.9375,2.0625,3.8125],"texture":"#0"}}},{"from":[7.5,3.5,6.5],"to":[8.5,19.5,9.5],"rotation":{"angle":0,"axis":"y","origin":[0,5,16]},"faces":{"north":{"uv":[0.375,5.625,0.5,7.625],"texture":"#0"},"east":{"uv":[0,5.625,0.375,7.625],"texture":"#0"},"south":{"uv":[0.375,5.625,0.5,7.625],"texture":"#0"},"west":{"uv":[0,5.625,0.375,7.625],"texture":"#0"},"up":{"uv":[1.5625,3.75,1.6875,4.125],"texture":"#0"},"down":{"uv":[1.5625,3.75,1.6875,4.125],"texture":"#0"}}},{"from":[7.6,18.5,7],"to":[8.4,20.6,9.1],"rotation":{"angle":-45,"axis":"x","origin":[8,19.5,8]},"faces":{"north":{"uv":[1.8125,4.125,1.9375,4.375],"texture":"#0"},"east":{"uv":[1.8125,4.125,1.5625,4.375],"texture":"#0"},"south":{"uv":[1.8125,4.125,1.9375,4.375],"texture":"#0"},"west":{"uv":[1.5625,4.125,1.8125,4.375],"texture":"#0"},"up":{"uv":[1.8125,4.125,1.9375,4.375],"texture":"#0"},"down":{"uv":[0,1.125,0.125,1.375],"texture":"#0"}}},{"from":[6.6,1.5,2.5],"to":[9.4,3.5,7.5],"rotation":{"angle":22.5,"axis":"x","origin":[8,2.5,6]},"faces":{"north":{"uv":[2.4375,3.5625,2.0625,3.8125],"texture":"#0"},"east":{"uv":[3.0625,2.8125,2.4375,3.0625],"texture":"#0"},"south":{"uv":[2.4375,3.5625,2.0625,3.8125],"texture":"#0"},"west":{"uv":[2.4375,2.8125,3.0625,3.0625],"texture":"#0"},"up":{"uv":[2.0625,3.5625,2.4375,2.9375],"texture":"#0"},"down":{"uv":[2.0625,3.5625,2.4375,2.9375],"texture":"#0"}}},{"from":[6.6,1.5,8.5],"to":[9.4,3.5,13.5],"rotation":{"angle":-22.5,"axis":"x","origin":[8,2.5,10]},"faces":{"north":{"uv":[2.0625,3.5625,2.4375,3.8125],"texture":"#0"},"east":{"uv":[2.4375,2.8125,3.0625,3.0625],"texture":"#0"},"south":{"uv":[2.0625,3.5625,2.4375,3.8125],"texture":"#0"},"west":{"uv":[3.0625,2.8125,2.4375,3.0625],"texture":"#0"},"up":{"uv":[2.0625,2.9375,2.4375,3.5625],"texture":"#0"},"down":{"uv":[2.0625,2.9375,2.4375,3.5625],"texture":"#0"}}},{"from":[7,-11,7],"to":[9,-10,9],"rotation":{"angle":0,"axis":"y","origin":[0,0,16]},"faces":{"north":{"uv":[4.8125,0.8125,4.5625,0.9375],"texture":"#0"},"east":{"uv":[4.8125,0.8125,4.5625,0.9375],"texture":"#0"},"south":{"uv":[4.8125,0.8125,4.5625,0.9375],"texture":"#0"},"west":{"uv":[4.8125,0.8125,4.5625,0.9375],"texture":"#0"},"up":{"uv":[4.5625,1.1875,4.8125,0.9375],"texture":"#0"},"down":{"uv":[4.5625,1.1875,4.8125,0.9375],"texture":"#0"}}},{"from":[6.75,-9.5,6.75],"to":[9.25,-8.5,9.25],"rotation":{"angle":0,"axis":"y","origin":[0,0,16]},"faces":{"north":{"uv":[4.25,1.25,4.5625,1.375],"texture":"#0"},"east":{"uv":[4.25,1.25,4.5625,1.375],"texture":"#0"},"south":{"uv":[4.25,1.25,4.5625,1.375],"texture":"#0"},"west":{"uv":[4.25,1.25,4.5625,1.375],"texture":"#0"},"up":{"uv":[4.5625,0.5,4.875,0.8125],"texture":"#0"},"down":{"uv":[4.5625,0.5,4.875,0.8125],"texture":"#0"}}},{"from":[7,-14.5,7],"to":[9,-13,9],"rotation":{"angle":0,"axis":"y","origin":[0,0,16]},"faces":{"north":{"uv":[5.5,0.25,5.75,0.4375],"texture":"#0"},"east":{"uv":[5.25,0.25,5.5,0.4375],"texture":"#0"},"south":{"uv":[6,0.25,6.25,0.4375],"texture":"#0"},"west":{"uv":[5.75,0.25,6,0.4375],"texture":"#0"},"up":{"uv":[4.875,0.625,5.125,0.875],"texture":"#0"},"down":{"uv":[4.875,0.625,5.125,0.875],"texture":"#0"}}},{"from":[7.5,-15.5,7.5],"to":[8.5,-14.5,8.5],"rotation":{"angle":0,"axis":"y","origin":[0,0,16]},"faces":{"north":{"uv":[5.125,0.625,5.25,0.75],"texture":"#0"},"east":{"uv":[5.125,0.75,5.25,0.875],"texture":"#0"},"south":{"uv":[5.125,0.75,5.25,0.875],"texture":"#0"},"west":{"uv":[5.125,0.625,5.25,0.75],"texture":"#0"},"up":{"uv":[5.125,0.75,5.25,0.875],"texture":"#0"},"down":{"uv":[5.125,0.75,5.25,0.875],"texture":"#0"}}},{"from":[6.5,-13,6.5],"to":[9.5,-11,9.5],"rotation":{"angle":0,"axis":"y","origin":[0,0,16]},"faces":{"north":{"uv":[5.5625,0,5.1875,0.25],"texture":"#0"},"east":{"uv":[5.1875,0,4.8125,0.25],"texture":"#0"},"south":{"uv":[6.3125,0,5.9375,0.25],"texture":"#0"},"west":{"uv":[5.9375,0,5.5625,0.25],"texture":"#0"},"up":{"uv":[4.875,0.625,5.25,0.25],"texture":"#0"},"down":{"uv":[4.875,0.625,5.25,0.25],"texture":"#0"}}},{"from":[7.25,-10,7.25],"to":[8.75,-1,8.75],"rotation":{"angle":0,"axis":"y","origin":[8,5.81499,8]},"faces":{"north":{"uv":[0.5625,4.5,0.375,5.625],"texture":"#0"},"east":{"uv":[0.5625,4.5,0.375,5.625],"texture":"#0"},"south":{"uv":[0.5625,4.5,0.375,5.625],"texture":"#0"},"west":{"uv":[0.5625,4.5,0.375,5.625],"texture":"#0"},"up":{"uv":[2.25,3.375,2.4375,3.1875],"texture":"#0"},"down":{"uv":[2.25,3.375,2.4375,3.1875],"texture":"#0"}}},{"from":[4.5,-12,4.5],"to":[11.5,-12,11.5],"rotation":{"angle":22.5,"axis":"y","origin":[8,-12,8]},"faces":{"north":{"uv":[0,0,14,0],"texture":"#4"},"east":{"uv":[0,0,14,0],"texture":"#4"},"south":{"uv":[0,0,14,0],"texture":"#4"},"west":{"uv":[0,0,14,0],"texture":"#4"},"up":{"uv":[7,14,0,7],"rotation":270,"texture":"#4"},"down":{"uv":[7,14,0,7],"rotation":270,"texture":"#4"}}},{"from":[4.5,-12,4.5],"to":[11.5,-12,11.5],"rotation":{"angle":-45,"axis":"y","origin":[8,-12,8]},"faces":{"north":{"uv":[0,0,14,0],"texture":"#4"},"east":{"uv":[0,0,14,0],"texture":"#4"},"south":{"uv":[0,0,14,0],"texture":"#4"},"west":{"uv":[0,0,14,0],"texture":"#4"},"up":{"uv":[14,14,7,7],"texture":"#4"},"down":{"uv":[14,14,7,7],"texture":"#4"}}},{"from":[4.5,-12,4.5],"to":[11.5,-12,11.5],"rotation":{"angle":-22.5,"axis":"y","origin":[8,-12,8]},"faces":{"north":{"uv":[0,0,14,0],"texture":"#4"},"east":{"uv":[0,0,14,0],"texture":"#4"},"south":{"uv":[0,0,14,0],"texture":"#4"},"west":{"uv":[0,0,14,0],"texture":"#4"},"up":{"uv":[14,7,7,0],"texture":"#4"},"down":{"uv":[14,7,7,0],"texture":"#4"}}},{"from":[4.5,-12,4.5],"to":[11.5,-12,11.5],"rotation":{"angle":0,"axis":"y","origin":[8,-12,8]},"faces":{"north":{"uv":[0,0,14,0],"texture":"#4"},"east":{"uv":[0,0,14,0],"texture":"#4"},"south":{"uv":[0,0,14,0],"texture":"#4"},"west":{"uv":[0,0,14,0],"texture":"#4"},"up":{"uv":[7,7,0,0],"texture":"#4"},"down":{"uv":[7,7,0,0],"texture":"#4"}}},{"from":[1.25,1,1.25],"to":[14.75,1,14.75],"rotation":{"angle":0,"axis":"y","origin":[8,-0.68501,8]},"faces":{"north":{"uv":[0,0,5.75,0],"texture":"#1"},"east":{"uv":[0,0,5.75,0],"texture":"#1"},"south":{"uv":[0,0,5.75,0],"texture":"#1"},"west":{"uv":[0,0,5.75,0],"texture":"#1"},"up":{"uv":[6.75,6.75,0,0],"texture":"#1"},"down":{"uv":[6.75,6.75,0,0],"texture":"#1"}}},{"from":[1.25,1,1.25],"to":[14.75,1,14.75],"rotation":{"angle":-22.5,"axis":"y","origin":[8,-0.68501,8]},"faces":{"north":{"uv":[0,0,5.75,0],"texture":"#1"},"east":{"uv":[0,0,5.75,0],"texture":"#1"},"south":{"uv":[0,0,5.75,0],"texture":"#1"},"west":{"uv":[0,0,5.75,0],"texture":"#1"},"up":{"uv":[13.5,6.75,6.75,0],"texture":"#1"},"down":{"uv":[13.5,6.75,6.75,0],"texture":"#1"}}},{"from":[1.25,1,1.25],"to":[14.75,1,14.75],"rotation":{"angle":-45,"axis":"y","origin":[8,-0.68501,8]},"faces":{"north":{"uv":[0,0,5.75,0],"texture":"#1"},"east":{"uv":[0,0,5.75,0],"texture":"#1"},"south":{"uv":[0,0,5.75,0],"texture":"#1"},"west":{"uv":[0,0,5.75,0],"texture":"#1"},"up":{"uv":[13.5,13.5,6.75,6.75],"texture":"#1"},"down":{"uv":[13.5,13.5,6.75,6.75],"texture":"#1"}}},{"from":[1.25,1,1.25],"to":[14.75,1,14.75],"rotation":{"angle":22.5,"axis":"y","origin":[8,-0.68501,8]},"faces":{"north":{"uv":[0,0,5.75,0],"texture":"#1"},"east":{"uv":[0,0,5.75,0],"texture":"#1"},"south":{"uv":[0,0,5.75,0],"texture":"#1"},"west":{"uv":[0,0,5.75,0],"texture":"#1"},"up":{"uv":[6.75,13.5,0,6.75],"rotation":270,"texture":"#1"},"down":{"uv":[6.75,13.5,0,6.75],"rotation":270,"texture":"#1"}}},{"from":[9,14,5.75],"to":[9,19.5,10.25],"rotation":{"angle":0,"axis":"y","origin":[8,15.82627,2.56668]},"faces":{"north":{"uv":[0,0,0,1.375],"texture":"#2"},"east":{"uv":[9,0,0,11],"texture":"#2"},"south":{"uv":[0,0,0,1.375],"texture":"#2"},"west":{"uv":[0,0,9,11],"texture":"#2"},"up":{"uv":[0,1.125,0,0],"texture":"#2"},"down":{"uv":[0,0,0,1.125],"texture":"#2"}}},{"from":[9,7,5.75],"to":[9,12.5,10.25],"rotation":{"angle":0,"axis":"y","origin":[4,24.75,6.25]},"faces":{"north":{"uv":[0,0,0,22],"texture":"#3"},"east":{"uv":[0,0,9,11],"texture":"#3"},"south":{"uv":[0,0,0,22],"texture":"#3"},"west":{"uv":[9,0,0,11],"texture":"#3"},"up":{"uv":[0,18,0,0],"texture":"#3"},"down":{"uv":[0,0,0,18],"texture":"#3"}}},{"from":[7,14,5.75],"to":[7,19.5,10.25],"rotation":{"angle":0,"axis":"y","origin":[8,15.82627,2.56668]},"faces":{"north":{"uv":[0,0,0,1.375],"texture":"#2"},"east":{"uv":[9,0,0,11],"texture":"#2"},"south":{"uv":[0,0,0,1.375],"texture":"#2"},"west":{"uv":[0,0,9,11],"texture":"#2"},"up":{"uv":[0,1.125,0,0],"texture":"#2"},"down":{"uv":[0,0,0,1.125],"texture":"#2"}}},{"from":[7,7,5.75],"to":[7,12.5,10.25],"rotation":{"angle":0,"axis":"y","origin":[12,24.75,6.25]},"faces":{"north":{"uv":[0,0,0,22],"texture":"#3"},"east":{"uv":[0,0,9,11],"texture":"#3"},"south":{"uv":[0,0,0,22],"texture":"#3"},"west":{"uv":[9,0,0,11],"texture":"#3"},"up":{"uv":[0,18,0,0],"texture":"#3"},"down":{"uv":[0,0,0,18],"texture":"#3"}}}],"gui_light":"front","display":{"thirdperson_righthand":{"translation":[0,7,1],"scale":[0.7,0.7,0.7]},"thirdperson_lefthand":{"translation":[0,7,1],"scale":[0.7,0.7,0.7]},"firstperson_righthand":{"rotation":[5.75,0,0],"translation":[4.5,6,0],"scale":[0.40664,0.40664,0.40664]},"firstperson_lefthand":{"rotation":[5.75,0,0],"translation":[4.5,6,0],"scale":[0.40664,0.40664,0.40664]},"ground":{"rotation":[-45,0,0],"translation":[0,9,0],"scale":[0.45,0.45,0.45]},"gui":{"rotation":[90,45,-90],"translation":[1,0.75,-1.5],"scale":[0.50781,0.50781,0.50781]},"head":{"scale":[0,0,0]},"fixed":{"rotation":[0,-90,0],"translation":[0,6.75,-5.25],"scale":[1.35,1.35,1.35]}}}