{
	"credit": "Made with Blockbench",
	"texture_size": [128, 128],
	"textures": {
		"0": "elitecreatures:sakura/sakura_texture",
		"1": "elitecreatures:sakura/sakura_animation_01",
		"2":"elitecreatures:sakura/sakura_animation_02-export",
		"particle": "elitecreatures:sakura/sakura_texture"
	},
	"elements": [
		{
			"from": [7.25, -8, 7.5],
			"to": [8.75, 1, 8.5],
			"rotation": {"angle": 0, "axis": "y", "origin": [0, -14, -9]},
			"faces": {
				"north": {"uv": [0.5, 0.5625, 0.6875, 1.6875], "texture": "#0"},
				"east": {"uv": [0.375, 0.5625, 0.5, 1.6875], "texture": "#0"},
				"south": {"uv": [0.5, 0.5625, 0.6875, 1.6875], "texture": "#0"},
				"west": {"uv": [0.375, 0.5625, 0.5, 1.6875], "texture": "#0"},
				"up": {"uv": [0.5, 0.5625, 0.6875, 0.6875], "texture": "#0"},
				"down": {"uv": [0.5, 0.5625, 0.6875, 1.6875], "texture": "#0"}
			}
		},
		{
			"from": [7.25, -10.5, 7],
			"to": [8.75, -9, 9],
			"rotation": {"angle": 0, "axis": "y", "origin": [8, -9.75, 8]},
			"faces": {
				"north": {"uv": [1.0625, 1.1875, 1.25, 1.375], "texture": "#0"},
				"east": {"uv": [1.0625, 1, 1.3125, 1.1875], "texture": "#0"},
				"south": {"uv": [1.0625, 1.1875, 1.25, 1.375], "texture": "#0"},
				"west": {"uv": [1.0625, 1, 1.3125, 1.1875], "texture": "#0"},
				"up": {"uv": [1.0625, 1.1875, 1.25, 1.375], "texture": "#0"},
				"down": {"uv": [1.0625, 1.1875, 1.25, 1.375], "texture": "#0"}
			}
		},
		{
			"from": [7.75, -8, 8.05],
			"to": [8.75, 1, 9.05],
			"rotation": {"angle": 45, "axis": "y", "origin": [8, -3.5, 8.8]},
			"faces": {
				"north": {"uv": [0.8125, 0.5625, 0.6875, 1.6875], "texture": "#0"},
				"east": {"uv": [0.8125, 0.5625, 0.6875, 1.6875], "texture": "#0"},
				"south": {"uv": [0.6875, 0.5625, 0.8125, 1.6875], "texture": "#0"},
				"west": {"uv": [0.8125, 0.5625, 0.6875, 1.6875], "texture": "#0"},
				"up": {"uv": [0.8125, 0.5625, 0.6875, 0.6875], "texture": "#0"},
				"down": {"uv": [0.8125, 0.5625, 0.6875, 0.6875], "texture": "#0"}
			}
		},
		{
			"from": [7.75, -8, 6.95],
			"to": [8.75, 1, 7.95],
			"rotation": {"angle": -45, "axis": "y", "origin": [8, -3.5, 7.2]},
			"faces": {
				"north": {"uv": [0.8125, 0.5625, 0.6875, 1.6875], "texture": "#0"},
				"east": {"uv": [0.6875, 0.5625, 0.8125, 1.6875], "texture": "#0"},
				"south": {"uv": [0.6875, 0.5625, 0.8125, 1.6875], "texture": "#0"},
				"west": {"uv": [0.6875, 0.5625, 0.8125, 1.6875], "texture": "#0"},
				"up": {"uv": [0.8125, 0.6875, 0.6875, 0.5625], "texture": "#0"},
				"down": {"uv": [0.8125, 0.6875, 0.6875, 0.5625], "texture": "#0"}
			}
		},
		{
			"from": [7, -9, 6.25],
			"to": [9, -8, 9.75],
			"rotation": {"angle": 0, "axis": "y", "origin": [0, -2, 0]},
			"faces": {
				"north": {"uv": [0.5, 0.25, 0.75, 0.375], "texture": "#0"},
				"east": {"uv": [0.4375, 0.4375, 0.875, 0.5625], "texture": "#0"},
				"south": {"uv": [0.5, 0.25, 0.75, 0.375], "texture": "#0"},
				"west": {"uv": [0.4375, 0.4375, 0.875, 0.5625], "texture": "#0"},
				"up": {"uv": [0.75, 0, 1, 0.4375], "texture": "#0"},
				"down": {"uv": [0.75, 0, 1, 0.4375], "texture": "#0"}
			}
		},
		{
			"from": [7, 0, 6.75],
			"to": [9, 1, 9.25],
			"rotation": {"angle": 0, "axis": "y", "origin": [0, 7, 0.5]},
			"faces": {
				"north": {"uv": [0.5, 0.25, 0.75, 0.375], "texture": "#0"},
				"east": {"uv": [0.4375, 0.4375, 0.75, 0.5625], "texture": "#0"},
				"south": {"uv": [0.5, 0.25, 0.75, 0.375], "texture": "#0"},
				"west": {"uv": [0.4375, 0.4375, 0.75, 0.5625], "texture": "#0"},
				"up": {"uv": [0.75, 0, 1, 0.3125], "texture": "#0"},
				"down": {"uv": [0.75, 0, 1, 0.3125], "texture": "#0"}
			}
		},
		{
			"from": [6, 22.5, 6],
			"to": [10, 26.5, 10],
			"rotation": {"angle": 45, "axis": "y", "origin": [8, 24, 8]},
			"faces": {
				"north": {"uv": [1.5625, 0.5, 2.0625, 1], "rotation": 90, "texture": "#0"},
				"east": {"uv": [1.5625, 0.5, 2.0625, 1], "rotation": 270, "texture": "#0"},
				"south": {"uv": [1.5625, 0.5, 2.0625, 1], "rotation": 270, "texture": "#0"},
				"west": {"uv": [1.5625, 0.5, 2.0625, 1], "rotation": 270, "texture": "#0"},
				"up": {"uv": [1.5625, 0, 2.0625, 0.5], "rotation": 270, "texture": "#0"},
				"down": {"uv": [2.0625, 0, 1.5625, 0.5], "rotation": 270, "texture": "#0"}
			}
		},
		{
			"from": [7, 5, 6.25],
			"to": [9, 6, 9.75],
			"rotation": {"angle": 0, "axis": "y", "origin": [0, -2, 0]},
			"faces": {
				"north": {"uv": [0.8125, 0.625, 1.0625, 0.75], "texture": "#0"},
				"east": {"uv": [0.375, 1.6875, 0.8125, 1.8125], "texture": "#0"},
				"south": {"uv": [0.8125, 0.625, 1.0625, 0.75], "texture": "#0"},
				"west": {"uv": [0.375, 1.6875, 0.8125, 1.8125], "texture": "#0"},
				"up": {"uv": [0.8125, 1, 1.0625, 1.4375], "texture": "#0"},
				"down": {"uv": [0.8125, 1, 1.0625, 1.4375], "texture": "#0"}
			}
		},
		{
			"from": [6.75, 2.5, 4],
			"to": [9.25, 6, 7],
			"rotation": {"angle": -22.5, "axis": "x", "origin": [8, 5.25, 4]},
			"faces": {
				"north": {"uv": [2, 1, 1.6875, 1.4375], "texture": "#0"},
				"east": {"uv": [1.3125, 1, 1.6875, 1.4375], "texture": "#0"},
				"south": {"uv": [2, 1, 1.6875, 1.4375], "texture": "#0"},
				"west": {"uv": [1.6875, 1, 1.3125, 1.4375], "texture": "#0"},
				"up": {"uv": [1.6875, 1.8125, 2, 1.4375], "texture": "#0"},
				"down": {"uv": [1.6875, 1.8125, 2, 1.4375], "texture": "#0"}
			}
		},
		{
			"from": [7, 22, 7],
			"to": [9, 27, 9],
			"rotation": {"angle": 45, "axis": "y", "origin": [8, 24, 8]},
			"faces": {
				"north": {"uv": [1.0625, 1.4375, 1.6875, 1.6875], "rotation": 90, "texture": "#0"},
				"east": {"uv": [1.0625, 1.4375, 1.6875, 1.6875], "rotation": 270, "texture": "#0"},
				"south": {"uv": [1.0625, 1.4375, 1.6875, 1.6875], "rotation": 270, "texture": "#0"},
				"west": {"uv": [1.0625, 1.4375, 1.6875, 1.6875], "rotation": 270, "texture": "#0"},
				"up": {"uv": [0.8125, 1.4375, 1.0625, 1.6875], "rotation": 270, "texture": "#0"},
				"down": {"uv": [0.8125, 1.4375, 1.0625, 1.6875], "rotation": 270, "texture": "#0"}
			}
		},
		{
			"from": [6, 1, 6],
			"to": [10, 5, 10],
			"rotation": {"angle": 45, "axis": "x", "origin": [8, 3, 8]},
			"faces": {
				"north": {"uv": [1.5625, 0.5, 2.0625, 1], "texture": "#0"},
				"east": {"uv": [1.5625, 0, 2.0625, 0.5], "texture": "#0"},
				"south": {"uv": [1.5625, 0.5, 2.0625, 1], "texture": "#0"},
				"west": {"uv": [2.0625, 0, 1.5625, 0.5], "texture": "#0"},
				"up": {"uv": [1.5625, 0.5, 2.0625, 1], "texture": "#0"},
				"down": {"uv": [1.5625, 0.5, 2.0625, 1], "texture": "#0"}
			}
		},
		{
			"from": [5.5, 2, 7],
			"to": [10.5, 4, 9],
			"rotation": {"angle": 45, "axis": "x", "origin": [8, 3, 8]},
			"faces": {
				"north": {"uv": [1.0625, 1.4375, 1.6875, 1.6875], "texture": "#0"},
				"east": {"uv": [0.8125, 1.4375, 1.0625, 1.6875], "texture": "#0"},
				"south": {"uv": [1.0625, 1.4375, 1.6875, 1.6875], "texture": "#0"},
				"west": {"uv": [0.8125, 1.4375, 1.0625, 1.6875], "texture": "#0"},
				"up": {"uv": [1.0625, 1.4375, 1.6875, 1.6875], "texture": "#0"},
				"down": {"uv": [1.0625, 1.4375, 1.6875, 1.6875], "texture": "#0"}
			}
		},
		{
			"from": [7.25, 1.5, 3.1],
			"to": [8.75, 5, 5.1],
			"rotation": {"angle": -22.5, "axis": "x", "origin": [8, 3.5, 4]},
			"faces": {
				"north": {"uv": [1.4375, 2.4375, 1.625, 2], "rotation": 180, "texture": "#0"},
				"east": {"uv": [0.8125, 1.9375, 0.375, 2.1875], "rotation": 90, "texture": "#0"},
				"south": {"uv": [1.4375, 2.4375, 1.625, 2], "texture": "#0"},
				"west": {"uv": [0.8125, 1.9375, 0.375, 2.1875], "rotation": 270, "texture": "#0"},
				"up": {"uv": [1.3125, 2.1875, 1.125, 2.4375], "texture": "#0"},
				"down": {"uv": [1.3125, 2.1875, 1.125, 2.4375], "rotation": 180, "texture": "#0"}
			}
		},
		{
			"from": [7.25, 1.5, 10.9],
			"to": [8.75, 5, 12.9],
			"rotation": {"angle": 22.5, "axis": "x", "origin": [8, 3.5, 12]},
			"faces": {
				"north": {"uv": [1.625, 2.4375, 1.4375, 2], "texture": "#0"},
				"east": {"uv": [0.8125, 2.1875, 0.375, 1.9375], "rotation": 90, "texture": "#0"},
				"south": {"uv": [1.625, 2.4375, 1.4375, 2], "rotation": 180, "texture": "#0"},
				"west": {"uv": [0.8125, 2.1875, 0.375, 1.9375], "rotation": 270, "texture": "#0"},
				"up": {"uv": [1.3125, 2.4375, 1.125, 2.1875], "texture": "#0"},
				"down": {"uv": [1.3125, 2.4375, 1.125, 2.1875], "rotation": 180, "texture": "#0"}
			}
		},
		{
			"from": [6.75, 2.5, 9],
			"to": [9.25, 6, 12],
			"rotation": {"angle": 22.5, "axis": "x", "origin": [8, 5.25, 12]},
			"faces": {
				"north": {"uv": [1.6875, 1, 2, 1.4375], "texture": "#0"},
				"east": {"uv": [1.6875, 1, 1.3125, 1.4375], "texture": "#0"},
				"south": {"uv": [1.6875, 1, 2, 1.4375], "texture": "#0"},
				"west": {"uv": [1.3125, 1, 1.6875, 1.4375], "texture": "#0"},
				"up": {"uv": [1.6875, 1.4375, 2, 1.8125], "texture": "#0"},
				"down": {"uv": [1.6875, 1.4375, 2, 1.8125], "texture": "#0"}
			}
		},
		{
			"from": [5, -6, 5.25],
			"to": [5, 6, 10.75],
			"faces": {
				"north": {"uv": [0, 0, 0, 12], "texture": "#1"},
				"east": {"uv": [5.5, 0, 0, 12], "texture": "#1"},
				"south": {"uv": [0, 0, 0, 12], "texture": "#1"},
				"west": {"uv": [0, 0, 5.5, 12], "texture": "#1"},
				"up": {"uv": [0, 6, 0, 0], "texture": "#1"},
				"down": {"uv": [0, 0, 0, 6], "texture": "#1"}
			}
		},
		{
			"from": [11, -6, 5.25],
			"to": [11, 6, 10.75],
			"rotation": {"angle": 0, "axis": "y", "origin": [16, 9, 0]},
			"faces": {
				"north": {"uv": [0, 0, 0, 12], "texture": "#1"},
				"east": {"uv": [5.5, 0, 0, 12], "texture": "#1"},
				"south": {"uv": [0, 0, 0, 12], "texture": "#1"},
				"west": {"uv": [0, 0, 5.5, 12], "texture": "#1"},
				"up": {"uv": [0, 6, 0, 0], "texture": "#1"},
				"down": {"uv": [0, 0, 0, 6], "texture": "#1"}
			}
		},
		{
			"from": [8, -16, 7.3],
			"to": [8, -10, 9.3],
			"rotation": {"angle": 0, "axis": "y", "origin": [8, -9.75, 8]},
			"faces": {
				"north": {"uv": [1.0625, 1.1875, 1.25, 1.375], "texture": "#0"},
				"east": {"uv": [2.3125, 0.375, 2.0625, 1.125], "texture": "#0"},
				"south": {"uv": [1.0625, 1.1875, 1.25, 1.375], "texture": "#0"},
				"west": {"uv": [2.0625, 0.375, 2.3125, 1.125], "texture": "#0"},
				"up": {"uv": [1.0625, 1.1875, 1.25, 1.375], "texture": "#0"},
				"down": {"uv": [1.0625, 1.1875, 1.25, 1.375], "texture": "#0"}
			}
		},
		{
			"from": [7.5, -12.5, 8],
			"to": [8.5, -11.5, 9],
			"rotation": {"angle": 0, "axis": "y", "origin": [0, -2, 0]},
			"faces": {
				"north": {"uv": [0.6875, 0.4375, 0.8125, 0.5625], "texture": "#0"},
				"east": {"uv": [0.6875, 0.4375, 0.8125, 0.5625], "texture": "#0"},
				"south": {"uv": [0.6875, 0.4375, 0.8125, 0.5625], "texture": "#0"},
				"west": {"uv": [0.6875, 0.4375, 0.8125, 0.5625], "texture": "#0"},
				"up": {"uv": [0.75, 0, 0.875, 0.125], "texture": "#0"},
				"down": {"uv": [0.75, 0, 0.875, 0.125], "texture": "#0"}
			}
		},
		{
			"from": [7.5, -13.9, 8],
			"to": [8.5, -13.4, 9],
			"rotation": {"angle": 0, "axis": "y", "origin": [0, -2, 0]},
			"faces": {
				"north": {"uv": [0.5625, 0.5, 0.6875, 0.5625], "texture": "#0"},
				"east": {"uv": [0.5625, 0.5, 0.6875, 0.5625], "texture": "#0"},
				"south": {"uv": [0.5625, 0.5, 0.6875, 0.5625], "texture": "#0"},
				"west": {"uv": [0.5625, 0.5, 0.6875, 0.5625], "texture": "#0"},
				"up": {"uv": [0.75, 0, 0.875, 0.125], "texture": "#0"},
				"down": {"uv": [0.75, 0, 0.875, 0.125], "texture": "#0"}
			}
		},
		{
			"from": [5, 7, 5],
			"to": [11, 25, 11],
			"rotation": {"angle": 0, "axis": "y", "origin": [0, 0, 16]},
			"faces": {
				"north": {"uv": [2.875, 1.25, 2, 2.625], "texture": "#0"},
				"east": {"uv": [3.375, 1.25, 2.875, 2.625], "texture": "#0"},
				"south": {"uv": [2.875, 1.25, 2, 2.625], "texture": "#0"},
				"west": {"uv": [3.375, 1.25, 2.875, 2.625], "texture": "#0"},
				"up": {"uv": [2, 3.125, 2.875, 2.625], "texture": "#0"},
				"down": {"uv": [2, 3.125, 2.875, 2.625], "texture": "#0"}
			}
		},
		{
			"from": [8, 6, 6.25],
			"to": [10, 7, 9.75],
			"rotation": {"angle": 0, "axis": "y", "origin": [16, 7, 0]},
			"faces": {
				"north": {"uv": [0.75, 0.25, 0.5, 0.375], "texture": "#0"},
				"east": {"uv": [0.875, 0.4375, 0.4375, 0.5625], "texture": "#0"},
				"south": {"uv": [0.75, 0.25, 0.5, 0.375], "texture": "#0"},
				"west": {"uv": [0.875, 0.4375, 0.4375, 0.5625], "texture": "#0"},
				"up": {"uv": [1, 0, 0.75, 0.4375], "texture": "#0"},
				"down": {"uv": [1, 0, 0.75, 0.4375], "texture": "#0"}
			}
		},
		{
			"from": [6, 6, 6.25],
			"to": [8, 7, 9.75],
			"rotation": {"angle": 0, "axis": "y", "origin": [0, 7, 0]},
			"faces": {
				"north": {"uv": [0.5, 0.25, 0.75, 0.375], "texture": "#0"},
				"east": {"uv": [0.4375, 0.4375, 0.875, 0.5625], "texture": "#0"},
				"south": {"uv": [0.5, 0.25, 0.75, 0.375], "texture": "#0"},
				"west": {"uv": [0.4375, 0.4375, 0.875, 0.5625], "texture": "#0"},
				"up": {"uv": [0.75, 0, 1, 0.4375], "texture": "#0"},
				"down": {"uv": [0.75, 0, 1, 0.4375], "texture": "#0"}
			}
		},
		{
			"from": [4.58919, 11.82427, 4.25],
			"to": [6.58919, 15.82427, 11.75],
			"rotation": {"angle": -22.5, "axis": "z", "origin": [8, 17.15, 8]},
			"faces": {
				"north": {"uv": [2.8125, 3.875, 3.0625, 4.375], "texture": "#0"},
				"east": {"uv": [2.8125, 3.875, 1.875, 4.375], "texture": "#0"},
				"south": {"uv": [3.0625, 3.875, 2.8125, 4.375], "texture": "#0"},
				"west": {"uv": [2.8125, 3.875, 1.875, 4.375], "texture": "#0"},
				"up": {"uv": [2.8125, 4.625, 1.875, 4.375], "rotation": 90, "texture": "#0"},
				"down": {"uv": [2.8125, 4.375, 1.875, 4.625], "rotation": 270, "texture": "#0"}
			}
		},
		{
			"from": [6.23473, 7.85159, 4.25],
			"to": [8.23473, 11.85159, 11.75],
			"rotation": {"angle": -22.5, "axis": "z", "origin": [8, 17.15, 8]},
			"faces": {
				"north": {"uv": [2.8125, 3.875, 3.0625, 4.375], "texture": "#0"},
				"east": {"uv": [2.8125, 3.875, 1.875, 4.375], "texture": "#0"},
				"south": {"uv": [3.0625, 3.875, 2.8125, 4.375], "texture": "#0"},
				"west": {"uv": [2.8125, 3.875, 1.875, 4.375], "texture": "#0"},
				"up": {"uv": [2.8125, 4.625, 1.875, 4.375], "rotation": 90, "texture": "#0"},
				"down": {"uv": [2.8125, 4.375, 1.875, 4.625], "rotation": 270, "texture": "#0"}
			}
		},
		{
			"from": [2.94365, 15.79695, 4.25],
			"to": [4.94365, 19.79695, 11.75],
			"rotation": {"angle": -22.5, "axis": "z", "origin": [8, 17.15, 8]},
			"faces": {
				"north": {"uv": [2.8125, 3.875, 3.0625, 4.375], "texture": "#0"},
				"east": {"uv": [2.8125, 3.875, 1.875, 4.375], "texture": "#0"},
				"south": {"uv": [3.0625, 3.875, 2.8125, 4.375], "texture": "#0"},
				"west": {"uv": [2.8125, 3.875, 1.875, 4.375], "texture": "#0"},
				"up": {"uv": [2.8125, 4.625, 1.875, 4.375], "rotation": 90, "texture": "#0"},
				"down": {"uv": [2.8125, 4.375, 1.875, 4.625], "rotation": 270, "texture": "#0"}
			}
		},
		{
			"from": [1.29811, 19.76963, 4.25],
			"to": [3.29811, 23.76963, 11.75],
			"rotation": {"angle": -22.5, "axis": "z", "origin": [8, 17.15, 8]},
			"faces": {
				"north": {"uv": [2.8125, 3.875, 3.0625, 4.375], "texture": "#0"},
				"east": {"uv": [2.8125, 3.875, 1.875, 4.375], "texture": "#0"},
				"south": {"uv": [3.0625, 3.875, 2.8125, 4.375], "texture": "#0"},
				"west": {"uv": [2.8125, 3.875, 1.875, 4.375], "texture": "#0"},
				"up": {"uv": [2.8125, 4.625, 1.875, 4.375], "rotation": 90, "texture": "#0"},
				"down": {"uv": [2.8125, 4.375, 1.875, 4.625], "rotation": 270, "texture": "#0"}
			}
		},
		{
			"from": [12.70189, 19.76963, 4.25],
			"to": [14.70189, 23.76963, 11.75],
			"rotation": {"angle": 22.5, "axis": "z", "origin": [8, 17.15, 8]},
			"faces": {
				"north": {"uv": [3.0625, 3.875, 2.8125, 4.375], "texture": "#0"},
				"east": {"uv": [1.875, 3.875, 2.8125, 4.375], "texture": "#0"},
				"south": {"uv": [2.8125, 3.875, 3.0625, 4.375], "texture": "#0"},
				"west": {"uv": [1.875, 3.875, 2.8125, 4.375], "texture": "#0"},
				"up": {"uv": [2.8125, 4.375, 1.875, 4.625], "rotation": 90, "texture": "#0"},
				"down": {"uv": [2.8125, 4.625, 1.875, 4.375], "rotation": 270, "texture": "#0"}
			}
		},
		{
			"from": [11.05635, 15.79695, 4.25],
			"to": [13.05635, 19.79695, 11.75],
			"rotation": {"angle": 22.5, "axis": "z", "origin": [8, 17.15, 8]},
			"faces": {
				"north": {"uv": [3.0625, 3.875, 2.8125, 4.375], "texture": "#0"},
				"east": {"uv": [1.875, 3.875, 2.8125, 4.375], "texture": "#0"},
				"south": {"uv": [2.8125, 3.875, 3.0625, 4.375], "texture": "#0"},
				"west": {"uv": [1.875, 3.875, 2.8125, 4.375], "texture": "#0"},
				"up": {"uv": [2.8125, 4.375, 1.875, 4.625], "rotation": 90, "texture": "#0"},
				"down": {"uv": [2.8125, 4.625, 1.875, 4.375], "rotation": 270, "texture": "#0"}
			}
		},
		{
			"from": [9.41081, 11.82427, 4.25],
			"to": [11.41081, 15.82427, 11.75],
			"rotation": {"angle": 22.5, "axis": "z", "origin": [8, 17.15, 8]},
			"faces": {
				"north": {"uv": [3.0625, 3.875, 2.8125, 4.375], "texture": "#0"},
				"east": {"uv": [1.875, 3.875, 2.8125, 4.375], "texture": "#0"},
				"south": {"uv": [2.8125, 3.875, 3.0625, 4.375], "texture": "#0"},
				"west": {"uv": [1.875, 3.875, 2.8125, 4.375], "texture": "#0"},
				"up": {"uv": [2.8125, 4.375, 1.875, 4.625], "rotation": 90, "texture": "#0"},
				"down": {"uv": [2.8125, 4.625, 1.875, 4.375], "rotation": 270, "texture": "#0"}
			}
		},
		{
			"from": [7.76527, 7.85159, 4.25],
			"to": [9.76527, 11.85159, 11.75],
			"rotation": {"angle": 22.5, "axis": "z", "origin": [8, 17.15, 8]},
			"faces": {
				"north": {"uv": [3.0625, 3.875, 2.8125, 4.375], "texture": "#0"},
				"east": {"uv": [1.875, 3.875, 2.8125, 4.375], "texture": "#0"},
				"south": {"uv": [2.8125, 3.875, 3.0625, 4.375], "texture": "#0"},
				"west": {"uv": [1.875, 3.875, 2.8125, 4.375], "texture": "#0"},
				"up": {"uv": [2.8125, 4.375, 1.875, 4.625], "rotation": 90, "texture": "#0"},
				"down": {"uv": [2.8125, 4.625, 1.875, 4.375], "rotation": 270, "texture": "#0"}
			}
		},
		{
			"from": [4.25, 19.76963, 12.70189],
			"to": [11.75, 23.76963, 14.70189],
			"rotation": {"angle": -22.5, "axis": "x", "origin": [8, 17.15, 8]},
			"faces": {
				"north": {"uv": [1.875, 3.875, 2.8125, 4.375], "texture": "#0"},
				"east": {"uv": [3.0625, 3.875, 2.8125, 4.375], "texture": "#0"},
				"south": {"uv": [1.875, 3.875, 2.8125, 4.375], "texture": "#0"},
				"west": {"uv": [2.8125, 3.875, 3.0625, 4.375], "texture": "#0"},
				"up": {"uv": [2.8125, 4.375, 1.875, 4.625], "rotation": 180, "texture": "#0"},
				"down": {"uv": [2.8125, 4.625, 1.875, 4.375], "rotation": 180, "texture": "#0"}
			}
		},
		{
			"from": [4.25, 15.79695, 11.05635],
			"to": [11.75, 19.79695, 13.05635],
			"rotation": {"angle": -22.5, "axis": "x", "origin": [8, 17.15, 8]},
			"faces": {
				"north": {"uv": [1.875, 3.875, 2.8125, 4.375], "texture": "#0"},
				"east": {"uv": [3.0625, 3.875, 2.8125, 4.375], "texture": "#0"},
				"south": {"uv": [1.875, 3.875, 2.8125, 4.375], "texture": "#0"},
				"west": {"uv": [2.8125, 3.875, 3.0625, 4.375], "texture": "#0"},
				"up": {"uv": [2.8125, 4.375, 1.875, 4.625], "rotation": 180, "texture": "#0"},
				"down": {"uv": [2.8125, 4.625, 1.875, 4.375], "rotation": 180, "texture": "#0"}
			}
		},
		{
			"from": [4.25, 11.82427, 9.41081],
			"to": [11.75, 15.82427, 11.41081],
			"rotation": {"angle": -22.5, "axis": "x", "origin": [8, 17.15, 8]},
			"faces": {
				"north": {"uv": [1.875, 3.875, 2.8125, 4.375], "texture": "#0"},
				"east": {"uv": [3.0625, 3.875, 2.8125, 4.375], "texture": "#0"},
				"south": {"uv": [1.875, 3.875, 2.8125, 4.375], "texture": "#0"},
				"west": {"uv": [2.8125, 3.875, 3.0625, 4.375], "texture": "#0"},
				"up": {"uv": [2.8125, 4.375, 1.875, 4.625], "rotation": 180, "texture": "#0"},
				"down": {"uv": [2.8125, 4.625, 1.875, 4.375], "rotation": 180, "texture": "#0"}
			}
		},
		{
			"from": [4.25, 7.85159, 7.76527],
			"to": [11.75, 11.85159, 9.76527],
			"rotation": {"angle": -22.5, "axis": "x", "origin": [8, 17.15, 8]},
			"faces": {
				"north": {"uv": [1.875, 3.875, 2.8125, 4.375], "texture": "#0"},
				"east": {"uv": [3.0625, 3.875, 2.8125, 4.375], "texture": "#0"},
				"south": {"uv": [1.875, 3.875, 2.8125, 4.375], "texture": "#0"},
				"west": {"uv": [2.8125, 3.875, 3.0625, 4.375], "texture": "#0"},
				"up": {"uv": [2.8125, 4.375, 1.875, 4.625], "rotation": 180, "texture": "#0"},
				"down": {"uv": [2.8125, 4.625, 1.875, 4.375], "rotation": 180, "texture": "#0"}
			}
		},
		{
			"from": [4.25, 19.76963, 1.29811],
			"to": [11.75, 23.76963, 3.29811],
			"rotation": {"angle": 22.5, "axis": "x", "origin": [8, 17.15, 8]},
			"faces": {
				"north": {"uv": [2.8125, 3.875, 1.875, 4.375], "texture": "#0"},
				"east": {"uv": [2.8125, 3.875, 3.0625, 4.375], "texture": "#0"},
				"south": {"uv": [2.8125, 3.875, 1.875, 4.375], "texture": "#0"},
				"west": {"uv": [3.0625, 3.875, 2.8125, 4.375], "texture": "#0"},
				"up": {"uv": [2.8125, 4.625, 1.875, 4.375], "rotation": 180, "texture": "#0"},
				"down": {"uv": [2.8125, 4.375, 1.875, 4.625], "rotation": 180, "texture": "#0"}
			}
		},
		{
			"from": [4.25, 15.79695, 2.94365],
			"to": [11.75, 19.79695, 4.94365],
			"rotation": {"angle": 22.5, "axis": "x", "origin": [8, 17.15, 8]},
			"faces": {
				"north": {"uv": [2.8125, 3.875, 1.875, 4.375], "texture": "#0"},
				"east": {"uv": [2.8125, 3.875, 3.0625, 4.375], "texture": "#0"},
				"south": {"uv": [2.8125, 3.875, 1.875, 4.375], "texture": "#0"},
				"west": {"uv": [3.0625, 3.875, 2.8125, 4.375], "texture": "#0"},
				"up": {"uv": [2.8125, 4.625, 1.875, 4.375], "rotation": 180, "texture": "#0"},
				"down": {"uv": [2.8125, 4.375, 1.875, 4.625], "rotation": 180, "texture": "#0"}
			}
		},
		{
			"from": [4.25, 11.82427, 4.58919],
			"to": [11.75, 15.82427, 6.58919],
			"rotation": {"angle": 22.5, "axis": "x", "origin": [8, 17.15, 8]},
			"faces": {
				"north": {"uv": [2.8125, 3.875, 1.875, 4.375], "texture": "#0"},
				"east": {"uv": [2.8125, 3.875, 3.0625, 4.375], "texture": "#0"},
				"south": {"uv": [2.8125, 3.875, 1.875, 4.375], "texture": "#0"},
				"west": {"uv": [3.0625, 3.875, 2.8125, 4.375], "texture": "#0"},
				"up": {"uv": [2.8125, 4.625, 1.875, 4.375], "rotation": 180, "texture": "#0"},
				"down": {"uv": [2.8125, 4.375, 1.875, 4.625], "rotation": 180, "texture": "#0"}
			}
		},
		{
			"from": [4.25, 7.85159, 6.23473],
			"to": [11.75, 11.85159, 8.23473],
			"rotation": {"angle": 22.5, "axis": "x", "origin": [8, 17.15, 8]},
			"faces": {
				"north": {"uv": [2.8125, 3.875, 1.875, 4.375], "texture": "#0"},
				"east": {"uv": [2.8125, 3.875, 3.0625, 4.375], "texture": "#0"},
				"south": {"uv": [2.8125, 3.875, 1.875, 4.375], "texture": "#0"},
				"west": {"uv": [3.0625, 3.875, 2.8125, 4.375], "texture": "#0"},
				"up": {"uv": [2.8125, 4.625, 1.875, 4.375], "rotation": 180, "texture": "#0"},
				"down": {"uv": [2.8125, 4.375, 1.875, 4.625], "rotation": 180, "texture": "#0"}
			}
		},
		{
			"from": [8, 16, 4],
			"to": [8, 26, 12],
			"rotation": {"angle": -22.5, "axis": "x", "origin": [8, 2, 17]},
			"faces": {
				"north": {"uv": [0, 0, 0, 10], "rotation": 180, "texture": "#2"},
				"east": {"uv": [8, 10, 0, 0], "rotation": 180, "texture": "#2"},
				"south": {"uv": [0, 0, 0, 10], "rotation": 180, "texture": "#2"},
				"west": {"uv": [0, 10, 8, 0], "rotation": 180, "texture": "#2"},
				"up": {"uv": [0, 0, 0, 8], "texture": "#2"},
				"down": {"uv": [0, 8, 0, 0], "texture": "#2"}
			}
		},
		{
			"from": [8, 16, 4],
			"to": [8, 26, 12],
			"rotation": {"angle": 22.5, "axis": "x", "origin": [8, 2, -1]},
			"faces": {
				"north": {"uv": [0, 0, 0, 10], "rotation": 180, "texture": "#2"},
				"east": {"uv": [0, 10, 8, 0], "rotation": 180, "texture": "#2"},
				"south": {"uv": [0, 0, 0, 10], "rotation": 180, "texture": "#2"},
				"west": {"uv": [8, 10, 0, 0], "rotation": 180, "texture": "#2"},
				"up": {"uv": [0, 8, 0, 0], "texture": "#2"},
				"down": {"uv": [0, 0, 0, 8], "texture": "#2"}
			}
		}
	],
	"gui_light": "front",
	"display": {
		"thirdperson_righthand": {
			"translation": [0, 6.25, 1.25],
			"scale": [0.7, 0.7, 0.7]
		},
		"thirdperson_lefthand": {
			"translation": [0, 5.5, 1.25],
			"scale": [0.7, 0.7, 0.7]
		},
		"firstperson_righthand": {
			"rotation": [-10, 0, 0],
			"translation": [-1.75, 5.5, 0],
			"scale": [0.51992, 0.51992, 0.51992]
		},
		"firstperson_lefthand": {
			"rotation": [-10, 0, 0],
			"translation": [-1.75, 5.5, 0],
			"scale": [0.51992, 0.51992, 0.51992]
		},
		"ground": {
			"rotation": [-20.48, -16.05, 38.43],
			"translation": [0, 8, 0],
			"scale": [0.6, 0.6, 0.6]
		},
		"gui": {
			"rotation": [-90, -45, -90],
			"translation": [0.5, 0.75, -1.5],
			"scale": [0.5, 0.5, 0.5]
		},
		"head": {
			"rotation": [-91.38, 44.22, -89.07],
			"translation": [2.75, -16.5, 5.5],
			"scale": [0.84805, 0.84805, 0.84805]
		},
		"fixed": {
			"rotation": [-90, -45, -90],
			"translation": [4, 4, -5.5],
			"scale": [1.33047, 1.33047, 1.33047]
		}
	},
	"groups": [
		0,
		1,
		2,
		3,
		4,
		5,
		{
			"name": "group",
			"origin": [16, 9, 0],
			"color": 0,
			"children": [6, 7, 8, 9, 10, 11, 12, 13, 14, 15, 16]
		},
		17,
		18,
		19,
		20,
		21,
		22,
		23,
		24,
		25,
		26,
		27,
		28,
		29,
		30,
		31,
		32,
		33,
		34,
		35,
		36,
		37,
		38,
		39,
		40
	]
}