{"credit":"MadewithBlockbench","texture_size":[36,36],"textures":{"0":"elitecreatures:oni_weapon_set/texture","1":"elitecreatures:oni_weapon_set/texture1","2":"elitecreatures:oni_weapon_set/animation_01","3":"elitecreatures:oni_weapon_set/animation_02","4":"elitecreatures:oni_weapon_set/texture3","particle":"elitecreatures:oni_weapon_set/texture"},"elements":[{"from":[7.28292,-13.36526,7.28293],"to":[8.71707,-5.41646,8.71708],"rotation":{"angle":-45,"axis":"y","origin":[8,0.34213,8]},"faces":{"north":{"uv":[6,8,6.625,11.25],"texture":"#0"},"east":{"uv":[6,8,6.625,11.25],"texture":"#0"},"south":{"uv":[7,8,7.625,11.25],"texture":"#0"},"west":{"uv":[7,8,7.625,11.25],"texture":"#0"},"up":{"uv":[14.125,7.625,13.5,7],"texture":"#0"},"down":{"uv":[14.125,8,13.5,8.625],"texture":"#0"}}},{"from":[7.23372,-13.6277,7.23372],"to":[8.76629,-5.15403,8.76628],"rotation":{"angle":-45,"axis":"y","origin":[8,0.34213,8]},"faces":{"north":{"uv":[6,4,6.625,7.625],"texture":"#0"},"east":{"uv":[6,4,6.625,7.625],"texture":"#0"},"south":{"uv":[7,4,7.625,7.625],"texture":"#0"},"west":{"uv":[7,4,7.625,7.625],"texture":"#0"},"up":{"uv":[14.125,14.125,13.5,13.5],"texture":"#0"},"down":{"uv":[14.625,0,14,0.625],"texture":"#0"}}},{"from":[7.18682,-5.48208,7.18682],"to":[7.97414,-4.03865,7.97414],"rotation":{"angle":-45,"axis":"y","origin":[8,0.34213,8]},"faces":{"north":{"uv":[9,11,9.5,11.875],"texture":"#0"},"east":{"uv":[10,13,10.5,13.875],"texture":"#0"},"south":{"uv":[13,10.5,13.5,11.375],"texture":"#0"},"west":{"uv":[11,13,11.5,13.875],"texture":"#0"},"up":{"uv":[14.5,5.5,14,5],"texture":"#0"},"down":{"uv":[6,14,5.5,14.5],"texture":"#0"}}},{"from":[7.45451,-13.53357,7.40951],"to":[8.54549,-11.56526,8.59049],"rotation":{"angle":0,"axis":"y","origin":[8,0.34213,8]},"faces":{"north":{"uv":[11.5,1,12.25,2.25],"texture":"#0"},"east":{"uv":[11.5,5.5,12.25,6.75],"texture":"#0"},"south":{"uv":[11.5,4,12.25,5.25],"texture":"#0"},"west":{"uv":[11.5,5.5,12.25,6.75],"texture":"#0"},"up":{"uv":[13.75,4.75,13,4],"texture":"#0"},"down":{"uv":[5.75,13,5,13.75],"texture":"#0"}}},{"from":[7.18682,-13.59917,7.18682],"to":[7.97414,-11.49965,7.97414],"rotation":{"angle":-45,"axis":"y","origin":[8,0.34213,8]},"faces":{"north":{"uv":[13,1.5,12.5,2.75],"texture":"#0"},"east":{"uv":[12,12,12.5,13.25],"texture":"#0"},"south":{"uv":[12.5,0,13,1.25],"texture":"#0"},"west":{"uv":[12.5,1.5,13,2.75],"texture":"#0"},"up":{"uv":[10.5,12,10,11.5],"texture":"#0"},"down":{"uv":[7.5,12.5,7,13],"texture":"#0"}}},{"from":[7.18682,-13.59917,8.02585],"to":[7.97414,-11.49965,8.81317],"rotation":{"angle":45,"axis":"y","origin":[8,0.34213,8]},"faces":{"north":{"uv":[12.5,3,13,4.25],"texture":"#0"},"east":{"uv":[12.5,4.5,13,5.75],"texture":"#0"},"south":{"uv":[7,12.5,6.5,13.75],"texture":"#0"},"west":{"uv":[6.5,12.5,7,13.75],"texture":"#0"},"up":{"uv":[13.5,12,13,11.5],"texture":"#0"},"down":{"uv":[5.5,14,5,14.5],"texture":"#0"}}},{"from":[7.18682,-5.48208,8.02585],"to":[7.97414,-4.03865,8.81317],"rotation":{"angle":45,"axis":"y","origin":[8,0.34213,8]},"faces":{"north":{"uv":[11.5,13,12,13.875],"texture":"#0"},"east":{"uv":[12.5,13,13,13.875],"texture":"#0"},"south":{"uv":[13,13,13.5,13.875],"texture":"#0"},"west":{"uv":[13.5,6,14,6.875],"texture":"#0"},"up":{"uv":[14.5,6,14,5.5],"texture":"#0"},"down":{"uv":[6.5,14,6,14.5],"texture":"#0"}}},{"from":[7.4375,-5.48208,7.40951],"to":[8.5625,-4.03865,8.59049],"rotation":{"angle":0,"axis":"y","origin":[8,0.34213,8]},"faces":{"north":{"uv":[12,9,12.75,9.875],"texture":"#0"},"east":{"uv":[12,10,12.75,10.875],"texture":"#0"},"south":{"uv":[11,12,11.75,12.875],"texture":"#0"},"west":{"uv":[12,11,12.75,11.875],"texture":"#0"},"up":{"uv":[13.75,5.75,13,5],"texture":"#0"},"down":{"uv":[7.75,13,7,13.75],"texture":"#0"}}},{"from":[7.1,-4.37714,3.5],"to":[8.9,-2.57714,6.2],"rotation":{"angle":0,"axis":"y","origin":[8,0.34213,8]},"faces":{"north":{"uv":[14.66667,7.55556,15.55556,8.44444],"texture":"#1"},"east":{"uv":[13.66667,8.88889,14.55556,7.55556],"rotation":90,"texture":"#1"},"south":{"uv":[12.66667,3.11111,14.66667,5.11111],"texture":"#1"},"west":{"uv":[13.66667,7.55556,14.55556,8.88889],"rotation":90,"texture":"#1"},"up":{"uv":[12.66667,3.11111,14.66667,6.11111],"texture":"#1"},"down":{"uv":[13.66667,9,14.55556,10.33333],"texture":"#1"}}},{"from":[7.325,-2.21068,0.25227],"to":[8.675,-0.86068,2.72727],"rotation":{"angle":-22.5,"axis":"x","origin":[8,0.34213,8]},"faces":{"north":{"uv":[14.66667,7.55556,15.55556,8.44444],"texture":"#1"},"east":{"uv":[13.66667,8.88889,14.55556,7.55556],"rotation":90,"texture":"#1"},"south":{"uv":[12.66667,3.11111,14.66667,5.11111],"texture":"#1"},"west":{"uv":[13.66667,7.55556,14.55556,8.88889],"rotation":90,"texture":"#1"},"up":{"uv":[15.55556,9.88889,14.66667,8.55556],"texture":"#1"},"down":{"uv":[13.66667,9,14.55556,10.33333],"texture":"#1"}}},{"from":[6.9875,-3.59464,5.13473],"to":[9.0125,-2.69464,6.93473],"rotation":{"angle":22.5,"axis":"x","origin":[8,0.34213,8]},"faces":{"north":{"uv":[13.55556,6.22222,14.11111,7.33333],"rotation":90,"texture":"#1"},"east":{"uv":[13.44444,7.33333,12.88889,6.22222],"rotation":90,"texture":"#1"},"south":{"uv":[14.22222,6.22222,14.77778,7.33333],"rotation":90,"texture":"#1"},"west":{"uv":[12.88889,6.22222,13.44444,7.33333],"rotation":90,"texture":"#1"},"up":{"uv":[12.66667,9.11111,11.55556,8],"texture":"#1"},"down":{"uv":[12.66667,8,11.55556,9.11111],"texture":"#1"}}},{"from":[6.9425,-2.69492,3.14343],"to":[9.0575,-1.79492,5.03343],"rotation":{"angle":0,"axis":"y","origin":[8,0.34213,8]},"faces":{"north":{"uv":[13.55556,6.22222,14.11111,7.33333],"rotation":90,"texture":"#1"},"east":{"uv":[13.44444,7.33333,12.88889,6.22222],"rotation":90,"texture":"#1"},"south":{"uv":[14.22222,6.22222,14.77778,7.33333],"rotation":90,"texture":"#1"},"west":{"uv":[12.88889,6.22222,13.44444,7.33333],"rotation":90,"texture":"#1"},"up":{"uv":[12.66667,9.11111,11.55556,8],"texture":"#1"},"down":{"uv":[12.66667,8,11.55556,9.11111],"texture":"#1"}}},{"from":[6.9875,-3.59464,9.06527],"to":[9.0125,-2.69464,10.86527],"rotation":{"angle":-22.5,"axis":"x","origin":[8,0.34213,8]},"faces":{"north":{"uv":[14.22222,7.33333,14.77778,6.22222],"rotation":90,"texture":"#1"},"east":{"uv":[13.44444,6.22222,12.88889,7.33333],"rotation":90,"texture":"#1"},"south":{"uv":[13.55556,7.33333,14.11111,6.22222],"rotation":90,"texture":"#1"},"west":{"uv":[12.88889,7.33333,13.44444,6.22222],"rotation":90,"texture":"#1"},"up":{"uv":[12.66667,8,11.55556,9.11111],"texture":"#1"},"down":{"uv":[12.66667,9.11111,11.55556,8],"texture":"#1"}}},{"from":[6.9425,-2.69492,10.96657],"to":[9.0575,-1.79492,12.85657],"rotation":{"angle":0,"axis":"y","origin":[8,0.34213,8]},"faces":{"north":{"uv":[14.22222,7.33333,14.77778,6.22222],"rotation":90,"texture":"#1"},"east":{"uv":[13.44444,6.22222,12.88889,7.33333],"rotation":90,"texture":"#1"},"south":{"uv":[13.55556,7.33333,14.11111,6.22222],"rotation":90,"texture":"#1"},"west":{"uv":[12.88889,7.33333,13.44444,6.22222],"rotation":90,"texture":"#1"},"up":{"uv":[12.66667,8,11.55556,9.11111],"texture":"#1"},"down":{"uv":[12.66667,9.11111,11.55556,8],"texture":"#1"}}},{"from":[7.1,-4.37714,9.8],"to":[8.9,-2.57714,12.5],"rotation":{"angle":0,"axis":"y","origin":[8,0.34213,8]},"faces":{"north":{"uv":[14.66667,3.11111,12.66667,5.11111],"texture":"#1"},"east":{"uv":[13.66667,7.55556,14.55556,8.88889],"rotation":90,"texture":"#1"},"south":{"uv":[15.55556,7.55556,14.66667,8.44444],"texture":"#1"},"west":{"uv":[13.66667,8.88889,14.55556,7.55556],"rotation":90,"texture":"#1"},"up":{"uv":[12.66667,6.11111,14.66667,3.11111],"texture":"#1"},"down":{"uv":[13.66667,10.33333,14.55556,9],"texture":"#1"}}},{"from":[7.325,-2.21068,13.27273],"to":[8.675,-0.86068,15.74773],"rotation":{"angle":22.5,"axis":"x","origin":[8,0.34213,8]},"faces":{"north":{"uv":[14.66667,3.11111,12.66667,5.11111],"texture":"#1"},"east":{"uv":[13.66667,7.55556,14.55556,8.88889],"rotation":90,"texture":"#1"},"south":{"uv":[15.55556,7.55556,14.66667,8.44444],"texture":"#1"},"west":{"uv":[13.66667,8.88889,14.55556,7.55556],"rotation":90,"texture":"#1"},"up":{"uv":[15.55556,8.55556,14.66667,9.88889],"texture":"#1"},"down":{"uv":[13.66667,10.33333,14.55556,9],"texture":"#1"}}},{"from":[8,-9.55214,-3.25],"to":[8,4.84786,11.15],"rotation":{"angle":22.5,"axis":"x","origin":[8,-2.35214,3.95]},"faces":{"north":{"uv":[0,0,0,5.33333],"rotation":180,"texture":"#3"},"east":{"uv":[16,0,0,16],"rotation":270,"texture":"#3"},"south":{"uv":[0,0,0,5.33333],"texture":"#3"},"west":{"uv":[0,0,16,16],"rotation":90,"texture":"#3"},"up":{"uv":[0,0,0,5.33333],"texture":"#3"},"down":{"uv":[0,0,0,5.33333],"rotation":180,"texture":"#3"}}},{"from":[8,-9.55214,4.85],"to":[8,4.84786,19.25],"rotation":{"angle":-22.5,"axis":"x","origin":[8,-2.35214,12.05]},"faces":{"north":{"uv":[0,0,0,5.33333],"texture":"#3"},"east":{"uv":[16,16,0,0],"rotation":270,"texture":"#3"},"south":{"uv":[0,0,0,5.33333],"rotation":180,"texture":"#3"},"west":{"uv":[0,16,16,0],"rotation":90,"texture":"#3"},"up":{"uv":[0,5.33333,0,0],"texture":"#3"},"down":{"uv":[0,5.33333,0,0],"rotation":180,"texture":"#3"}}},{"from":[8,-2,4.265],"to":[8,32,11.735],"rotation":{"angle":0,"axis":"x","origin":[8,0.34213,8]},"faces":{"north":{"uv":[0,0,0,15],"texture":"#4"},"east":{"uv":[2.66667,0,0,12],"texture":"#4"},"south":{"uv":[0,0,0,15],"texture":"#4"},"west":{"uv":[0,0,2.66667,12],"texture":"#4"},"up":{"uv":[0,1.33333,0,0],"texture":"#4"},"down":{"uv":[0,0,0,1.33333],"texture":"#4"}}},{"from":[6.7699,-4.92569,6.425],"to":[7.8949,-4.47569,6.875],"rotation":{"angle":45,"axis":"z","origin":[8,0.34213,8]},"faces":{"north":{"uv":[13.33333,3.55556,13.88889,3.77778],"texture":"#1"},"east":{"uv":[12.44444,6.22222,12.66667,6.44444],"texture":"#1"},"south":{"uv":[13.33333,12,13.88889,12.22222],"texture":"#1"},"west":{"uv":[8,13.33333,8.22222,13.55556],"texture":"#1"},"up":{"uv":[13.88889,12.66667,13.33333,12.44444],"texture":"#1"},"down":{"uv":[13.88889,12.88889,13.33333,13.11111],"texture":"#1"}}},{"from":[7.98914,-5.09659,6.2],"to":[9.11414,-4.19659,7.1],"rotation":{"angle":22.5,"axis":"z","origin":[8,0.34213,8]},"faces":{"north":{"uv":[4.88889,8,5.44444,8.44444],"texture":"#1"},"east":{"uv":[2.66667,7.55556,3.11111,8],"texture":"#1"},"south":{"uv":[1.77778,9.33333,2.33333,9.77778],"texture":"#1"},"west":{"uv":[8.44444,8,8.88889,8.44444],"texture":"#1"},"up":{"uv":[10.33333,8,9.77778,7.55556],"texture":"#1"},"down":{"uv":[13.44444,4.88889,12.88889,5.33333],"texture":"#1"}}},{"from":[8.95625,-4.86575,5.975],"to":[10.08125,-3.51575,7.325],"rotation":{"angle":0,"axis":"y","origin":[8,0.34213,8]},"faces":{"north":{"uv":[13.33333,0.88889,13.88889,1.55556],"texture":"#1"},"east":{"uv":[12.88889,10.22222,13.55556,10.88889],"texture":"#1"},"south":{"uv":[13.33333,1.77778,13.88889,2.44444],"texture":"#1"},"west":{"uv":[12.88889,11.11111,13.55556,11.77778],"texture":"#1"},"up":{"uv":[13.88889,3.33333,13.33333,2.66667],"texture":"#1"},"down":{"uv":[12.11111,13.33333,11.55556,14],"texture":"#1"}}},{"from":[8.95625,-4.86575,8.675],"to":[10.08125,-3.51575,10.025],"rotation":{"angle":0,"axis":"y","origin":[8,0.34213,8]},"faces":{"north":{"uv":[13.33333,0.88889,13.88889,1.55556],"texture":"#1"},"east":{"uv":[12.88889,10.22222,13.55556,10.88889],"texture":"#1"},"south":{"uv":[13.33333,1.77778,13.88889,2.44444],"texture":"#1"},"west":{"uv":[12.88889,11.11111,13.55556,11.77778],"texture":"#1"},"up":{"uv":[13.88889,3.33333,13.33333,2.66667],"texture":"#1"},"down":{"uv":[12.11111,13.33333,11.55556,14],"texture":"#1"}}},{"from":[7.98914,-5.09659,8.9],"to":[9.11414,-4.19659,9.8],"rotation":{"angle":22.5,"axis":"z","origin":[8,0.34213,8]},"faces":{"north":{"uv":[4.88889,8,5.44444,8.44444],"texture":"#1"},"east":{"uv":[2.66667,7.55556,3.11111,8],"texture":"#1"},"south":{"uv":[1.77778,9.33333,2.33333,9.77778],"texture":"#1"},"west":{"uv":[8.44444,8,8.88889,8.44444],"texture":"#1"},"up":{"uv":[10.33333,8,9.77778,7.55556],"texture":"#1"},"down":{"uv":[13.44444,4.88889,12.88889,5.33333],"texture":"#1"}}},{"from":[6.7699,-4.92569,9.125],"to":[7.8949,-4.47569,9.575],"rotation":{"angle":45,"axis":"z","origin":[8,0.34213,8]},"faces":{"north":{"uv":[13.33333,3.55556,13.88889,3.77778],"texture":"#1"},"east":{"uv":[12.44444,6.22222,12.66667,6.44444],"texture":"#1"},"south":{"uv":[13.33333,12,13.88889,12.22222],"texture":"#1"},"west":{"uv":[8,13.33333,8.22222,13.55556],"texture":"#1"},"up":{"uv":[13.88889,12.66667,13.33333,12.44444],"texture":"#1"},"down":{"uv":[13.88889,12.88889,13.33333,13.11111],"texture":"#1"}}},{"from":[7.42841,-10.00214,5.90886],"to":[10.12841,-3.25214,8.60886],"rotation":{"angle":-45,"axis":"y","origin":[8,0.34213,8]},"faces":{"north":{"uv":[1.11111,6.22222,0,9.11111],"texture":"#1"},"east":{"uv":[0,6.22222,1.11111,9.11111],"texture":"#1"},"south":{"uv":[1.33333,6.22222,2.44444,9.11111],"texture":"#1"},"west":{"uv":[7.11111,5.33333,8.22222,8.22222],"texture":"#1"},"up":{"uv":[13.11111,2.44444,12,1.33333],"texture":"#1"},"down":{"uv":[13.11111,2.66667,12,3.77778],"texture":"#1"}}},{"from":[9.18125,-3.93351,9.12563],"to":[10.53125,-0.78351,12.27563],"rotation":{"angle":45,"axis":"x","origin":[8,0.34213,8]},"faces":{"north":{"uv":[4.88889,12.44444,5.55556,14],"texture":"#1"},"east":{"uv":[8.88889,3.55556,10.44444,5.11111],"texture":"#1"},"south":{"uv":[7.11111,12.44444,7.77778,14],"texture":"#1"},"west":{"uv":[8.88889,8,10.44444,9.55556],"texture":"#1"},"up":{"uv":[13.11111,13.55556,12.44444,12],"texture":"#1"},"down":{"uv":[2.44444,12.88889,1.77778,14.44444],"texture":"#1"}}},{"from":[8.1051,-4.92569,6.425],"to":[9.2301,-4.47569,6.875],"rotation":{"angle":-45,"axis":"z","origin":[8,0.34213,8]},"faces":{"north":{"uv":[13.88889,3.55556,13.33333,3.77778],"texture":"#1"},"east":{"uv":[8.22222,13.33333,8,13.55556],"texture":"#1"},"south":{"uv":[13.88889,12,13.33333,12.22222],"texture":"#1"},"west":{"uv":[12.66667,6.22222,12.44444,6.44444],"texture":"#1"},"up":{"uv":[13.33333,12.66667,13.88889,12.44444],"texture":"#1"},"down":{"uv":[13.33333,12.88889,13.88889,13.11111],"texture":"#1"}}},{"from":[6.88586,-5.09659,6.2],"to":[8.01086,-4.19659,7.1],"rotation":{"angle":-22.5,"axis":"z","origin":[8,0.34213,8]},"faces":{"north":{"uv":[5.44444,8,4.88889,8.44444],"texture":"#1"},"east":{"uv":[8.88889,8,8.44444,8.44444],"texture":"#1"},"south":{"uv":[2.33333,9.33333,1.77778,9.77778],"texture":"#1"},"west":{"uv":[3.11111,7.55556,2.66667,8],"texture":"#1"},"up":{"uv":[9.77778,8,10.33333,7.55556],"texture":"#1"},"down":{"uv":[12.88889,4.88889,13.44444,5.33333],"texture":"#1"}}},{"from":[5.91875,-4.86575,5.975],"to":[7.04375,-3.51575,7.325],"rotation":{"angle":0,"axis":"y","origin":[8,0.34213,8]},"faces":{"north":{"uv":[13.88889,0.88889,13.33333,1.55556],"texture":"#1"},"east":{"uv":[13.55556,11.11111,12.88889,11.77778],"texture":"#1"},"south":{"uv":[13.88889,1.77778,13.33333,2.44444],"texture":"#1"},"west":{"uv":[13.55556,10.22222,12.88889,10.88889],"texture":"#1"},"up":{"uv":[13.33333,3.33333,13.88889,2.66667],"texture":"#1"},"down":{"uv":[11.55556,13.33333,12.11111,14],"texture":"#1"}}},{"from":[5.91875,-4.86575,8.675],"to":[7.04375,-3.51575,10.025],"rotation":{"angle":0,"axis":"y","origin":[8,0.34213,8]},"faces":{"north":{"uv":[13.88889,0.88889,13.33333,1.55556],"texture":"#1"},"east":{"uv":[13.55556,11.11111,12.88889,11.77778],"texture":"#1"},"south":{"uv":[13.88889,1.77778,13.33333,2.44444],"texture":"#1"},"west":{"uv":[13.55556,10.22222,12.88889,10.88889],"texture":"#1"},"up":{"uv":[13.33333,3.33333,13.88889,2.66667],"texture":"#1"},"down":{"uv":[11.55556,13.33333,12.11111,14],"texture":"#1"}}},{"from":[6.88586,-5.09659,8.9],"to":[8.01086,-4.19659,9.8],"rotation":{"angle":-22.5,"axis":"z","origin":[8,0.34213,8]},"faces":{"north":{"uv":[5.44444,8,4.88889,8.44444],"texture":"#1"},"east":{"uv":[8.88889,8,8.44444,8.44444],"texture":"#1"},"south":{"uv":[2.33333,9.33333,1.77778,9.77778],"texture":"#1"},"west":{"uv":[3.11111,7.55556,2.66667,8],"texture":"#1"},"up":{"uv":[9.77778,8,10.33333,7.55556],"texture":"#1"},"down":{"uv":[12.88889,4.88889,13.44444,5.33333],"texture":"#1"}}},{"from":[8.1051,-4.92569,9.125],"to":[9.2301,-4.47569,9.575],"rotation":{"angle":-45,"axis":"z","origin":[8,0.34213,8]},"faces":{"north":{"uv":[13.88889,3.55556,13.33333,3.77778],"texture":"#1"},"east":{"uv":[8.22222,13.33333,8,13.55556],"texture":"#1"},"south":{"uv":[13.88889,12,13.33333,12.22222],"texture":"#1"},"west":{"uv":[12.66667,6.22222,12.44444,6.44444],"texture":"#1"},"up":{"uv":[13.33333,12.66667,13.88889,12.44444],"texture":"#1"},"down":{"uv":[13.33333,12.88889,13.88889,13.11111],"texture":"#1"}}},{"from":[5.87159,-10.00214,5.90886],"to":[8.57159,-3.25214,8.60886],"rotation":{"angle":45,"axis":"y","origin":[8,0.34213,8]},"faces":{"north":{"uv":[0,6.22222,1.11111,9.11111],"texture":"#1"},"east":{"uv":[8.22222,5.33333,7.11111,8.22222],"texture":"#1"},"south":{"uv":[2.44444,6.22222,1.33333,9.11111],"texture":"#1"},"west":{"uv":[1.11111,6.22222,0,9.11111],"texture":"#1"},"up":{"uv":[12,2.44444,13.11111,1.33333],"texture":"#1"},"down":{"uv":[12,2.66667,13.11111,3.77778],"texture":"#1"}}},{"from":[5.46875,-3.93351,9.12563],"to":[6.81875,-0.78351,12.27563],"rotation":{"angle":45,"axis":"x","origin":[8,0.34213,8]},"faces":{"north":{"uv":[5.55556,12.44444,4.88889,14],"texture":"#1"},"east":{"uv":[10.44444,8,8.88889,9.55556],"texture":"#1"},"south":{"uv":[7.77778,12.44444,7.11111,14],"texture":"#1"},"west":{"uv":[10.44444,3.55556,8.88889,5.11111],"texture":"#1"},"up":{"uv":[12.44444,13.55556,13.11111,12],"texture":"#1"},"down":{"uv":[1.77778,12.88889,2.44444,14.44444],"texture":"#1"}}},{"from":[6.875,-2.70499,9.37594],"to":[9.125,-0.45499,11.62594],"rotation":{"angle":22.5,"axis":"x","origin":[8,0.34213,8]},"faces":{"north":{"uv":[12.66666,11.77778,11.55555,10.66667],"texture":"#1"},"east":{"uv":[11.55556,6.66667,12.66667,7.77778],"texture":"#1"},"south":{"uv":[11.55556,8,12.66667,9.11111],"texture":"#1"},"west":{"uv":[12.66667,6.66666,11.55556,7.77777],"texture":"#1"},"up":{"uv":[12.66667,11.77778,11.55556,10.66667],"texture":"#1"},"down":{"uv":[11.55556,9.11111,12.66667,8],"texture":"#1"}}},{"from":[6.875,-2.70499,4.37406],"to":[9.125,-0.45499,6.62406],"rotation":{"angle":-22.5,"axis":"x","origin":[8,0.34213,8]},"faces":{"north":{"uv":[12.66667,8,11.55556,9.11111],"texture":"#1"},"east":{"uv":[12.66667,6.66667,11.55556,7.77778],"texture":"#1"},"south":{"uv":[11.55555,11.77778,12.66666,10.66667],"texture":"#1"},"west":{"uv":[11.55556,6.66666,12.66667,7.77777],"texture":"#1"},"up":{"uv":[12.66667,10.66667,11.55556,11.77778],"texture":"#1"},"down":{"uv":[11.55556,8,12.66667,9.11111],"texture":"#1"}}},{"from":[6.875,-11.14755,17.23968],"to":[9.125,-8.89755,19.48968],"rotation":{"angle":45,"axis":"x","origin":[8,0.34213,8]},"faces":{"north":{"uv":[12.66666,11.77778,11.55555,10.66667],"texture":"#1"},"east":{"uv":[11.55556,6.66667,12.66667,7.77778],"texture":"#1"},"south":{"uv":[11.55556,10.66667,12.66667,11.77778],"texture":"#1"},"west":{"uv":[12.66667,6.66666,11.55556,7.77777],"texture":"#1"},"up":{"uv":[12.66667,11.77778,11.55556,10.66667],"texture":"#1"},"down":{"uv":[12.66667,11.77778,11.55556,10.66667],"texture":"#1"}}},{"from":[4.72778,-4.67332,5.93],"to":[6.97778,-1.52332,10.07],"rotation":{"angle":45,"axis":"z","origin":[8,0.34213,8]},"faces":{"north":{"uv":[10.66667,0,11.77778,1.55556],"texture":"#1"},"east":{"uv":[10.44445,0,8.44445,1.55556],"texture":"#1"},"south":{"uv":[11.77778,0,10.66667,1.55555],"texture":"#1"},"west":{"uv":[8.44444,0,10.44444,1.55556],"texture":"#1"},"up":{"uv":[4.66667,11.77778,3.55556,9.77778],"texture":"#1"},"down":{"uv":[10.88889,5.33333,9.77778,7.33333],"texture":"#1"}}},{"from":[9.02222,-4.67332,5.885],"to":[11.27222,-1.52332,10.115],"rotation":{"angle":-45,"axis":"z","origin":[8,0.34213,8]},"faces":{"north":{"uv":[11.77778,0,10.66667,1.55556],"texture":"#1"},"east":{"uv":[10.44444,0,8.44444,1.55556],"texture":"#1"},"south":{"uv":[10.66667,0,11.77778,1.55555],"texture":"#1"},"west":{"uv":[8.44445,0,10.44445,1.55556],"texture":"#1"},"up":{"uv":[3.55556,11.77778,4.66667,9.77778],"texture":"#1"},"down":{"uv":[9.77778,5.33333,10.88889,7.33333],"texture":"#1"}}},{"from":[8,-10.00214,0.8],"to":[8,4.39786,15.2],"rotation":{"angle":0,"axis":"y","origin":[8.84375,-7.38256,8]},"faces":{"north":{"uv":[0,0,0,5.33333],"texture":"#2"},"east":{"uv":[0,0,16,16],"texture":"#2"},"south":{"uv":[0,0,0,5.33333],"texture":"#2"},"west":{"uv":[16,0,0,16],"texture":"#2"},"up":{"uv":[0,0,0,5.33333],"texture":"#2"},"down":{"uv":[0,0,0,5.33333],"texture":"#2"}}},{"from":[6.9425,-12.24436,11.29607],"to":[9.0575,-10.35436,12.19607],"rotation":{"angle":22.5,"axis":"x","origin":[8,0.34213,8]},"faces":{"north":{"uv":[12.66667,8,11.55556,9.11111],"rotation":180,"texture":"#1"},"east":{"uv":[13.44444,6.22222,12.88889,7.33333],"rotation":180,"texture":"#1"},"south":{"uv":[12.66667,9.11111,11.55556,8],"texture":"#1"},"west":{"uv":[12.88889,7.33333,13.44444,6.22222],"texture":"#1"},"up":{"uv":[13.55556,7.33333,14.11111,6.22222],"rotation":90,"texture":"#1"},"down":{"uv":[14.22222,7.33333,14.77778,6.22222],"rotation":270,"texture":"#1"}}},{"from":[6.9875,-13.4053,6.15566],"to":[9.0125,-11.6053,7.05566],"rotation":{"angle":0,"axis":"y","origin":[8,0.34213,8]},"faces":{"north":{"uv":[12.66667,8,11.55556,9.11111],"rotation":180,"texture":"#1"},"east":{"uv":[13.44444,6.22222,12.88889,7.33333],"rotation":180,"texture":"#1"},"south":{"uv":[12.66667,9.11111,11.55556,8],"texture":"#1"},"west":{"uv":[12.88889,7.33333,13.44444,6.22222],"texture":"#1"},"up":{"uv":[13.55556,7.33333,14.11111,6.22222],"rotation":90,"texture":"#1"},"down":{"uv":[14.22222,7.33333,14.77778,6.22222],"rotation":270,"texture":"#1"}}},{"from":[6.9425,-12.24436,3.80393],"to":[9.0575,-10.35436,4.70393],"rotation":{"angle":-22.5,"axis":"x","origin":[8,0.34213,8]},"faces":{"north":{"uv":[11.55556,9.11111,12.66667,8],"texture":"#1"},"east":{"uv":[12.88889,6.22222,13.44444,7.33333],"rotation":180,"texture":"#1"},"south":{"uv":[11.55556,8,12.66667,9.11111],"rotation":180,"texture":"#1"},"west":{"uv":[13.44444,7.33333,12.88889,6.22222],"texture":"#1"},"up":{"uv":[14.11111,7.33333,13.55556,6.22222],"rotation":90,"texture":"#1"},"down":{"uv":[14.77778,7.33333,14.22222,6.22222],"rotation":270,"texture":"#1"}}},{"from":[6.9875,-13.4053,8.94434],"to":[9.0125,-11.6053,9.84434],"rotation":{"angle":0,"axis":"y","origin":[8,0.34213,8]},"faces":{"north":{"uv":[11.55556,9.11111,12.66667,8],"texture":"#1"},"east":{"uv":[12.88889,6.22222,13.44444,7.33333],"rotation":180,"texture":"#1"},"south":{"uv":[11.55556,8,12.66667,9.11111],"rotation":180,"texture":"#1"},"west":{"uv":[13.44444,7.33333,12.88889,6.22222],"texture":"#1"},"up":{"uv":[14.11111,7.33333,13.55556,6.22222],"rotation":90,"texture":"#1"},"down":{"uv":[14.77778,7.33333,14.22222,6.22222],"rotation":270,"texture":"#1"}}}],"gui_light":"front","display":{"thirdperson_righthand":{"translation":[0,12.5,2],"scale":[0.86,0.86,0.86]},"thirdperson_lefthand":{"translation":[0,12.5,2],"scale":[0.86,0.86,0.86]},"firstperson_righthand":{"rotation":[0,-5,0],"translation":[5.25,7.5,-5],"scale":[0.7,0.7,0.7]},"firstperson_lefthand":{"rotation":[0,-5,0],"translation":[5.25,7.5,-5],"scale":[0.7,0.7,0.7]},"ground":{"rotation":[-57,0,0],"translation":[0,14,-5],"scale":[0.88,0.88,0.88]},"gui":{"rotation":[-90,-45.03,-90],"translation":[0.1,0,0],"scale":[0.45227,0.45227,0.45227]},"head":{"rotation":[90,53,90],"translation":[1.5,-16.25,4.5],"scale":[0,0,0]},"fixed":{"rotation":[0,90,0],"translation":[0,18.25,-2.25],"scale":[2.5,2.5,2.5]}}}