{"credit":"MadewithBlockbench","textures":{"0":"elitecreatures:oni_weapon_set/texture","1":"elitecreatures:oni_weapon_set/texture1","2":"elitecreatures:oni_weapon_set/animation_01","3":"elitecreatures:oni_weapon_set/animation_02","4":"elitecreatures:oni_weapon_set/texture3","particle":"elitecreatures:oni_weapon_set/texture"},"elements":[{"from":[7.45325,5.084,7.14722],"to":[8.54675,10.916,8.24072],"rotation":{"angle":45,"axis":"y","origin":[8,8,7.69397]},"faces":{"north":{"uv":[7.625,8,7,11.25],"texture":"#0"},"east":{"uv":[6.625,8,6,11.25],"texture":"#0"},"south":{"uv":[6.625,8,6,11.25],"texture":"#0"},"west":{"uv":[7.625,8,7,11.25],"texture":"#0"},"up":{"uv":[14.125,7,13.5,7.625],"texture":"#0"},"down":{"uv":[14.125,8.625,13.5,8],"texture":"#0"}}},{"from":[7.39858,4.7924,7.09254],"to":[8.60143,11.20759,8.29539],"rotation":{"angle":45,"axis":"y","origin":[8,8,7.69397]},"faces":{"north":{"uv":[7.625,4,7,7.625],"texture":"#0"},"east":{"uv":[6.625,4,6,7.625],"texture":"#0"},"south":{"uv":[6.625,4,6,7.625],"texture":"#0"},"west":{"uv":[7.625,4,7,7.625],"texture":"#0"},"up":{"uv":[14.125,13.5,13.5,14.125],"texture":"#0"},"down":{"uv":[14.625,0.625,14,0],"texture":"#0"}}},{"from":[7,16.15744,10.11984],"to":[9,18.15744,13.11984],"rotation":{"angle":-45,"axis":"x","origin":[8,15.67436,8]},"faces":{"north":{"uv":[14.66667,3.11111,12.66667,5.11111],"texture":"#1"},"east":{"uv":[13.66667,7.55556,14.55556,8.88889],"rotation":90,"texture":"#1"},"south":{"uv":[15.55556,7.55556,14.66667,8.44444],"texture":"#1"},"west":{"uv":[13.66667,8.88889,14.55556,7.55556],"rotation":90,"texture":"#1"},"up":{"uv":[12.66667,6.11111,14.66667,3.11111],"texture":"#1"},"down":{"uv":[13.66667,10.33333,14.55556,9],"texture":"#1"}}},{"from":[7.25,18.17457,11.77778],"to":[8.75,19.67457,14.52778],"rotation":{"angle":-22.5,"axis":"x","origin":[8,15.67436,8]},"faces":{"north":{"uv":[14.66667,3.11111,12.66667,5.11111],"texture":"#1"},"east":{"uv":[13.66667,7.55556,14.55556,8.88889],"rotation":90,"texture":"#1"},"south":{"uv":[15.55556,7.55556,14.66667,8.44444],"texture":"#1"},"west":{"uv":[13.66667,8.88889,14.55556,7.55556],"rotation":90,"texture":"#1"},"up":{"uv":[15.55556,8.55556,14.66667,9.88889],"texture":"#1"},"down":{"uv":[13.66667,10.33333,14.55556,9],"texture":"#1"}}},{"from":[6.875,19.16023,6.12924],"to":[9.125,21.16023,7.12924],"rotation":{"angle":22.5,"axis":"x","origin":[8,15.67436,8]},"faces":{"north":{"uv":[11.55556,9.11111,12.66667,8],"texture":"#1"},"east":{"uv":[12.88889,7.33333,13.44444,6.22222],"texture":"#1"},"south":{"uv":[11.55556,8,12.66667,9.11111],"rotation":180,"texture":"#1"},"west":{"uv":[13.44444,6.22222,12.88889,7.33333],"rotation":180,"texture":"#1"},"up":{"uv":[14.11111,6.22222,13.55556,7.33333],"rotation":270,"texture":"#1"},"down":{"uv":[14.77778,6.22222,14.22222,7.33333],"rotation":90,"texture":"#1"}}},{"from":[6.825,18.02657,11.41603],"to":[9.175,19.02657,13.51603],"rotation":{"angle":-45,"axis":"x","origin":[8,15.67436,8]},"faces":{"north":{"uv":[14.22222,7.33333,14.77778,6.22222],"rotation":90,"texture":"#1"},"east":{"uv":[13.44444,6.22222,12.88889,7.33333],"rotation":90,"texture":"#1"},"south":{"uv":[13.55556,7.33333,14.11111,6.22222],"rotation":90,"texture":"#1"},"west":{"uv":[12.88889,7.33333,13.44444,6.22222],"rotation":90,"texture":"#1"},"up":{"uv":[12.66667,8,11.55556,9.11111],"texture":"#1"},"down":{"uv":[12.66667,9.11111,11.55556,8],"texture":"#1"}}},{"from":[8,9.44206,3.15737],"to":[8,25.44206,19.15737],"rotation":{"angle":-22.5,"axis":"x","origin":[8,15.67436,7.38794]},"faces":{"north":{"uv":[0,0,0,5.33333],"texture":"#3"},"east":{"uv":[16,16,0,0],"rotation":270,"texture":"#3"},"south":{"uv":[0,0,0,5.33333],"rotation":180,"texture":"#3"},"west":{"uv":[0,16,16,0],"rotation":90,"texture":"#3"},"up":{"uv":[0,5.33333,0,0],"texture":"#3"},"down":{"uv":[0,5.33333,0,0],"rotation":180,"texture":"#3"}}},{"from":[9.25,14.05682,3.76911],"to":[9.75,14.55682,5.01911],"rotation":{"angle":45,"axis":"x","origin":[8,15.67436,8]},"faces":{"north":{"uv":[12.66667,6.22222,12.44444,6.44444],"texture":"#1"},"east":{"uv":[13.88889,3.55556,13.33333,3.77778],"texture":"#1"},"south":{"uv":[8.22222,13.33333,8,13.55556],"texture":"#1"},"west":{"uv":[13.88889,12,13.33333,12.22222],"texture":"#1"},"up":{"uv":[13.33333,12.66667,13.88889,12.44444],"rotation":90,"texture":"#1"},"down":{"uv":[13.33333,12.88889,13.88889,13.11111],"rotation":270,"texture":"#1"}}},{"from":[9,15.20829,4.36623],"to":[10,16.20829,5.61623],"rotation":{"angle":22.5,"axis":"x","origin":[8,15.67436,8]},"faces":{"north":{"uv":[3.11111,7.55556,2.66667,8],"texture":"#1"},"east":{"uv":[5.44444,8,4.88889,8.44444],"texture":"#1"},"south":{"uv":[8.88889,8,8.44444,8.44444],"texture":"#1"},"west":{"uv":[2.33333,9.33333,1.77778,9.77778],"texture":"#1"},"up":{"uv":[9.77778,8,10.33333,7.55556],"rotation":90,"texture":"#1"},"down":{"uv":[12.88889,4.88889,13.44444,5.33333],"rotation":270,"texture":"#1"}}},{"from":[6,15.20829,4.36623],"to":[7,16.20829,5.61623],"rotation":{"angle":22.5,"axis":"x","origin":[8,15.67436,8]},"faces":{"north":{"uv":[3.11111,7.55556,2.66667,8],"texture":"#1"},"east":{"uv":[5.44444,8,4.88889,8.44444],"texture":"#1"},"south":{"uv":[8.88889,8,8.44444,8.44444],"texture":"#1"},"west":{"uv":[2.33333,9.33333,1.77778,9.77778],"texture":"#1"},"up":{"uv":[9.77778,8,10.33333,7.55556],"rotation":90,"texture":"#1"},"down":{"uv":[12.88889,4.88889,13.44444,5.33333],"rotation":270,"texture":"#1"}}},{"from":[6.25,14.05682,3.76911],"to":[6.75,14.55682,5.01911],"rotation":{"angle":45,"axis":"x","origin":[8,15.67436,8]},"faces":{"north":{"uv":[12.66667,6.22222,12.44444,6.44444],"texture":"#1"},"east":{"uv":[13.88889,3.55556,13.33333,3.77778],"texture":"#1"},"south":{"uv":[8.22222,13.33333,8,13.55556],"texture":"#1"},"west":{"uv":[13.88889,12,13.33333,12.22222],"texture":"#1"},"up":{"uv":[13.33333,12.66667,13.88889,12.44444],"rotation":90,"texture":"#1"},"down":{"uv":[13.33333,12.88889,13.88889,13.11111],"rotation":270,"texture":"#1"}}},{"from":[10.37952,10.25,5.57905],"to":[10.37952,17.75,8.57905],"rotation":{"angle":45,"axis":"y","origin":[8,15.67436,8]},"faces":{"north":{"uv":[1.11111,6.22222,0,9.11111],"texture":"#1"},"east":{"uv":[0,6.22222,1.11111,9.11111],"texture":"#1"},"south":{"uv":[8.22222,5.33333,7.11111,8.22222],"texture":"#1"},"west":{"uv":[1.11111,6.22222,0,9.11111],"texture":"#1"},"up":{"uv":[12,2.44444,13.11111,1.33333],"rotation":90,"texture":"#1"},"down":{"uv":[12,2.66667,13.11111,3.77778],"rotation":270,"texture":"#1"}}},{"from":[7.37952,10.25,5.57905],"to":[10.37952,17.75,5.57905],"rotation":{"angle":45,"axis":"y","origin":[8,15.67436,8]},"faces":{"north":{"uv":[1.11111,6.22222,0,9.11111],"texture":"#1"},"east":{"uv":[0,6.22222,1.11111,9.11111],"texture":"#1"},"south":{"uv":[0,6.22222,1.11111,9.11111],"texture":"#1"},"west":{"uv":[2.44444,6.22222,1.33333,9.11111],"texture":"#1"},"up":{"uv":[12,2.44444,13.11111,1.33333],"rotation":90,"texture":"#1"},"down":{"uv":[12,2.66667,13.11111,3.77778],"rotation":270,"texture":"#1"}}},{"from":[7.37952,-1.75,5.57905],"to":[10.37952,5.75,5.57905],"rotation":{"angle":45,"axis":"y","origin":[8,0.32564,8]},"faces":{"north":{"uv":[1.11111,9.11111,0,6.22222],"texture":"#1"},"east":{"uv":[0,9.11111,1.11111,6.22222],"texture":"#1"},"south":{"uv":[0,9.11111,1.11111,6.22222],"texture":"#1"},"west":{"uv":[2.44444,9.11111,1.33333,6.22222],"texture":"#1"},"up":{"uv":[13.11111,2.66667,12,3.77778],"rotation":270,"texture":"#1"},"down":{"uv":[13.11111,2.44444,12,1.33333],"rotation":90,"texture":"#1"}}},{"from":[10.37952,-1.75,5.57905],"to":[10.37952,5.75,8.57905],"rotation":{"angle":45,"axis":"y","origin":[8,0.32564,8]},"faces":{"north":{"uv":[1.11111,9.11111,0,6.22222],"texture":"#1"},"east":{"uv":[0,9.11111,1.11111,6.22222],"texture":"#1"},"south":{"uv":[8.22222,8.22222,7.11111,5.33333],"texture":"#1"},"west":{"uv":[1.11111,9.11111,0,6.22222],"texture":"#1"},"up":{"uv":[13.11111,2.66667,12,3.77778],"rotation":270,"texture":"#1"},"down":{"uv":[13.11111,2.44444,12,1.33333],"rotation":90,"texture":"#1"}}},{"from":[7.54093,15.21529,5.10825],"to":[11.04093,18.71529,6.60825],"rotation":{"angle":45,"axis":"z","origin":[8,15.67436,8]},"faces":{"north":{"uv":[10.44444,3.55556,8.88889,5.11111],"texture":"#1"},"east":{"uv":[5.55556,12.44444,4.88889,14],"texture":"#1"},"south":{"uv":[10.44444,8,8.88889,9.55556],"texture":"#1"},"west":{"uv":[7.77778,12.44444,7.11111,14],"texture":"#1"},"up":{"uv":[12.44444,13.55556,13.11111,12],"rotation":90,"texture":"#1"},"down":{"uv":[1.77778,12.88889,2.44444,14.44444],"rotation":270,"texture":"#1"}}},{"from":[6.75,17.62533,7.44801],"to":[9.25,20.12533,9.94801],"rotation":{"angle":-22.5,"axis":"x","origin":[8,15.67436,8]},"faces":{"north":{"uv":[12.66666,11.77778,11.55555,10.66667],"texture":"#1"},"east":{"uv":[11.55556,6.66667,12.66667,7.77778],"texture":"#1"},"south":{"uv":[11.55556,8,12.66667,9.11111],"texture":"#1"},"west":{"uv":[12.66667,6.66666,11.55556,7.77777],"texture":"#1"},"up":{"uv":[12.66667,11.77778,11.55556,10.66667],"texture":"#1"},"down":{"uv":[11.55556,9.11111,12.66667,8],"texture":"#1"}}},{"from":[6.75,9.51346,8.41639],"to":[9.25,12.01346,10.91639],"rotation":{"angle":22.5,"axis":"x","origin":[8,15.67436,8]},"faces":{"north":{"uv":[11.55556,11.77778,12.66667,10.66667],"texture":"#1"},"east":{"uv":[11.55556,7.77778,12.66667,6.66667],"rotation":270,"texture":"#1"},"south":{"uv":[11.55556,11.77778,12.66667,10.66667],"rotation":180,"texture":"#1"},"west":{"uv":[12.66667,7.77777,11.55556,6.66666],"rotation":90,"texture":"#1"},"up":{"uv":[12.66666,10.66667,11.55555,11.77778],"rotation":180,"texture":"#1"},"down":{"uv":[11.55556,11.77778,12.66667,10.66667],"texture":"#1"}}},{"from":[5.65,14.33723,4.78814],"to":[10.35,17.83723,7.28814],"rotation":{"angle":45,"axis":"x","origin":[8,15.67436,8]},"faces":{"north":{"uv":[8.44445,0,10.44445,1.55556],"texture":"#1"},"east":{"uv":[11.77778,0,10.66667,1.55556],"texture":"#1"},"south":{"uv":[10.44444,0,8.44444,1.55556],"texture":"#1"},"west":{"uv":[10.66667,0,11.77778,1.55555],"texture":"#1"},"up":{"uv":[3.55556,11.77778,4.66667,9.77778],"rotation":90,"texture":"#1"},"down":{"uv":[9.77778,5.33333,10.88889,7.33333],"rotation":270,"texture":"#1"}}},{"from":[8,11.5,-1.30603],"to":[8,27.5,14.69397],"rotation":{"angle":0,"axis":"y","origin":[8,15.67436,8]},"faces":{"north":{"uv":[0,0,0,5.33333],"texture":"#2"},"east":{"uv":[16,0,0,16],"texture":"#2"},"south":{"uv":[0,0,0,5.33333],"texture":"#2"},"west":{"uv":[0,0,16,16],"texture":"#2"},"up":{"uv":[0,5.33333,0,0],"texture":"#2"},"down":{"uv":[0,5.33333,0,0],"texture":"#2"}}},{"from":[8,8,8.19397],"to":[8,20.5,20.69397],"rotation":{"angle":0,"axis":"x","origin":[8,12.5,14.19397]},"faces":{"north":{"uv":[0,0,0,5.33333],"texture":"#4"},"east":{"uv":[16,0,11,5],"texture":"#4"},"south":{"uv":[0,0,0,5.33333],"texture":"#4"},"west":{"uv":[11,0,16,5],"texture":"#4"},"up":{"uv":[0,5.33333,0,0],"texture":"#4"},"down":{"uv":[0,5.33333,0,0],"texture":"#4"}}},{"from":[8,-4.5,8.19397],"to":[8,8,20.69397],"rotation":{"angle":0,"axis":"x","origin":[8,3.5,14.19397]},"faces":{"north":{"uv":[0,5.33333,0,0],"texture":"#4"},"east":{"uv":[16,5,11,0],"texture":"#4"},"south":{"uv":[0,5.33333,0,0],"texture":"#4"},"west":{"uv":[11,5,16,0],"texture":"#4"},"up":{"uv":[0,0,0,5.33333],"texture":"#4"},"down":{"uv":[0,0,0,5.33333],"texture":"#4"}}},{"from":[6.825,13.6339,4.13975],"to":[9.175,15.7339,5.13975],"rotation":{"angle":-45,"axis":"x","origin":[8,15.67436,8]},"faces":{"north":{"uv":[11.55556,9.11111,12.66667,8],"texture":"#1"},"east":{"uv":[12.88889,6.22222,13.44444,7.33333],"rotation":180,"texture":"#1"},"south":{"uv":[11.55556,8,12.66667,9.11111],"rotation":180,"texture":"#1"},"west":{"uv":[13.44444,7.33333,12.88889,6.22222],"texture":"#1"},"up":{"uv":[14.11111,7.33333,13.55556,6.22222],"rotation":90,"texture":"#1"},"down":{"uv":[14.77778,7.33333,14.22222,6.22222],"rotation":270,"texture":"#1"}}},{"from":[6.875,11.74169,5.2193],"to":[9.125,13.74169,6.2193],"rotation":{"angle":-22.5,"axis":"x","origin":[8,15.67436,8]},"faces":{"north":{"uv":[11.55556,9.11111,12.66667,8],"texture":"#1"},"east":{"uv":[12.88889,6.22222,13.44444,7.33333],"rotation":180,"texture":"#1"},"south":{"uv":[11.55556,8,12.66667,9.11111],"rotation":180,"texture":"#1"},"west":{"uv":[13.44444,7.33333,12.88889,6.22222],"texture":"#1"},"up":{"uv":[14.11111,7.33333,13.55556,6.22222],"rotation":90,"texture":"#1"},"down":{"uv":[14.77778,7.33333,14.22222,6.22222],"rotation":270,"texture":"#1"}}},{"from":[7,-2.15744,10.11984],"to":[9,-0.15744,13.11984],"rotation":{"angle":45,"axis":"x","origin":[8,0.32564,8]},"faces":{"north":{"uv":[14.66667,5.11111,12.66667,3.11111],"texture":"#1"},"east":{"uv":[14.55556,7.55556,13.66667,8.88889],"rotation":90,"texture":"#1"},"south":{"uv":[15.55556,8.44444,14.66667,7.55556],"texture":"#1"},"west":{"uv":[14.55556,8.88889,13.66667,7.55556],"rotation":90,"texture":"#1"},"up":{"uv":[13.66667,9,14.55556,10.33333],"texture":"#1"},"down":{"uv":[12.66667,3.11111,14.66667,6.11111],"texture":"#1"}}},{"from":[7.25,-3.67457,11.77778],"to":[8.75,-2.17457,14.52778],"rotation":{"angle":22.5,"axis":"x","origin":[8,0.32564,8]},"faces":{"north":{"uv":[14.66667,5.11111,12.66667,3.11111],"texture":"#1"},"east":{"uv":[14.55556,7.55556,13.66667,8.88889],"rotation":90,"texture":"#1"},"south":{"uv":[15.55556,8.44444,14.66667,7.55556],"texture":"#1"},"west":{"uv":[14.55556,8.88889,13.66667,7.55556],"rotation":90,"texture":"#1"},"up":{"uv":[13.66667,9,14.55556,10.33333],"texture":"#1"},"down":{"uv":[15.55556,9.88889,14.66667,8.55556],"texture":"#1"}}},{"from":[6.875,-5.16023,6.12924],"to":[9.125,-3.16023,7.12924],"rotation":{"angle":-22.5,"axis":"x","origin":[8,0.32564,8]},"faces":{"north":{"uv":[11.55556,8,12.66667,9.11111],"texture":"#1"},"east":{"uv":[12.88889,6.22222,13.44444,7.33333],"texture":"#1"},"south":{"uv":[11.55556,9.11111,12.66667,8],"rotation":180,"texture":"#1"},"west":{"uv":[13.44444,7.33333,12.88889,6.22222],"rotation":180,"texture":"#1"},"up":{"uv":[14.22222,6.22222,14.77778,7.33333],"rotation":90,"texture":"#1"},"down":{"uv":[13.55556,6.22222,14.11111,7.33333],"rotation":270,"texture":"#1"}}},{"from":[6.825,-3.02657,11.41603],"to":[9.175,-2.02657,13.51603],"rotation":{"angle":45,"axis":"x","origin":[8,0.32564,8]},"faces":{"north":{"uv":[14.77778,7.33333,14.22222,6.22222],"rotation":90,"texture":"#1"},"east":{"uv":[12.88889,6.22222,13.44444,7.33333],"rotation":90,"texture":"#1"},"south":{"uv":[14.11111,7.33333,13.55556,6.22222],"rotation":90,"texture":"#1"},"west":{"uv":[13.44444,7.33333,12.88889,6.22222],"rotation":90,"texture":"#1"},"up":{"uv":[12.66667,8,11.55556,9.11111],"texture":"#1"},"down":{"uv":[12.66667,9.11111,11.55556,8],"texture":"#1"}}},{"from":[8,-9.44206,3.15737],"to":[8,6.55794,19.15737],"rotation":{"angle":22.5,"axis":"x","origin":[8,0.32564,7.38794]},"faces":{"north":{"uv":[0,5.33333,0,0],"texture":"#3"},"east":{"uv":[0,16,16,0],"rotation":270,"texture":"#3"},"south":{"uv":[0,5.33333,0,0],"rotation":180,"texture":"#3"},"west":{"uv":[16,16,0,0],"rotation":90,"texture":"#3"},"up":{"uv":[0,0,0,5.33333],"rotation":180,"texture":"#3"},"down":{"uv":[0,0,0,5.33333],"texture":"#3"}}},{"from":[9.25,1.44318,3.76911],"to":[9.75,1.94318,5.01911],"rotation":{"angle":-45,"axis":"x","origin":[8,0.32564,8]},"faces":{"north":{"uv":[12.66667,6.44444,12.44444,6.22222],"texture":"#1"},"east":{"uv":[13.88889,3.77778,13.33333,3.55556],"texture":"#1"},"south":{"uv":[8.22222,13.55556,8,13.33333],"texture":"#1"},"west":{"uv":[13.88889,12.22222,13.33333,12],"texture":"#1"},"up":{"uv":[13.88889,12.88889,13.33333,13.11111],"rotation":270,"texture":"#1"},"down":{"uv":[13.88889,12.66667,13.33333,12.44444],"rotation":90,"texture":"#1"}}},{"from":[9,-0.20829,4.36623],"to":[10,0.79171,5.61623],"rotation":{"angle":-22.5,"axis":"x","origin":[8,0.32564,8]},"faces":{"north":{"uv":[3.11111,8,2.66667,7.55556],"texture":"#1"},"east":{"uv":[5.44444,8.44444,4.88889,8],"texture":"#1"},"south":{"uv":[8.88889,8.44444,8.44444,8],"texture":"#1"},"west":{"uv":[2.33333,9.77778,1.77778,9.33333],"texture":"#1"},"up":{"uv":[13.44444,4.88889,12.88889,5.33333],"rotation":270,"texture":"#1"},"down":{"uv":[10.33333,8,9.77778,7.55556],"rotation":90,"texture":"#1"}}},{"from":[6,-0.20829,4.36623],"to":[7,0.79171,5.61623],"rotation":{"angle":-22.5,"axis":"x","origin":[8,0.32564,8]},"faces":{"north":{"uv":[3.11111,8,2.66667,7.55556],"texture":"#1"},"east":{"uv":[5.44444,8.44444,4.88889,8],"texture":"#1"},"south":{"uv":[8.88889,8.44444,8.44444,8],"texture":"#1"},"west":{"uv":[2.33333,9.77778,1.77778,9.33333],"texture":"#1"},"up":{"uv":[13.44444,4.88889,12.88889,5.33333],"rotation":270,"texture":"#1"},"down":{"uv":[10.33333,8,9.77778,7.55556],"rotation":90,"texture":"#1"}}},{"from":[6.25,1.44318,3.76911],"to":[6.75,1.94318,5.01911],"rotation":{"angle":-45,"axis":"x","origin":[8,0.32564,8]},"faces":{"north":{"uv":[12.66667,6.44444,12.44444,6.22222],"texture":"#1"},"east":{"uv":[13.88889,3.77778,13.33333,3.55556],"texture":"#1"},"south":{"uv":[8.22222,13.55556,8,13.33333],"texture":"#1"},"west":{"uv":[13.88889,12.22222,13.33333,12],"texture":"#1"},"up":{"uv":[13.88889,12.88889,13.33333,13.11111],"rotation":270,"texture":"#1"},"down":{"uv":[13.88889,12.66667,13.33333,12.44444],"rotation":90,"texture":"#1"}}},{"from":[7.54093,-2.71529,5.10825],"to":[11.04093,0.78471,6.60825],"rotation":{"angle":-45,"axis":"z","origin":[8,0.32564,8]},"faces":{"north":{"uv":[10.44444,5.11111,8.88889,3.55556],"texture":"#1"},"east":{"uv":[5.55556,14,4.88889,12.44444],"texture":"#1"},"south":{"uv":[10.44444,9.55556,8.88889,8],"texture":"#1"},"west":{"uv":[7.77778,14,7.11111,12.44444],"texture":"#1"},"up":{"uv":[2.44444,12.88889,1.77778,14.44444],"rotation":270,"texture":"#1"},"down":{"uv":[13.11111,13.55556,12.44444,12],"rotation":90,"texture":"#1"}}},{"from":[6.75,-4.12533,7.44801],"to":[9.25,-1.62533,9.94801],"rotation":{"angle":22.5,"axis":"x","origin":[8,0.32564,8]},"faces":{"north":{"uv":[12.66666,10.66667,11.55555,11.77778],"texture":"#1"},"east":{"uv":[11.55556,7.77778,12.66667,6.66667],"texture":"#1"},"south":{"uv":[11.55556,9.11111,12.66667,8],"texture":"#1"},"west":{"uv":[12.66667,7.77777,11.55556,6.66666],"texture":"#1"},"up":{"uv":[11.55556,8,12.66667,9.11111],"texture":"#1"},"down":{"uv":[12.66667,10.66667,11.55556,11.77778],"texture":"#1"}}},{"from":[6.75,3.98654,8.41639],"to":[9.25,6.48654,10.91639],"rotation":{"angle":-22.5,"axis":"x","origin":[8,0.32564,8]},"faces":{"north":{"uv":[11.55556,10.66667,12.66667,11.77778],"texture":"#1"},"east":{"uv":[12.66667,7.77778,11.55556,6.66667],"rotation":270,"texture":"#1"},"south":{"uv":[11.55556,10.66667,12.66667,11.77778],"rotation":180,"texture":"#1"},"west":{"uv":[11.55556,7.77777,12.66667,6.66666],"rotation":90,"texture":"#1"},"up":{"uv":[11.55556,10.66667,12.66667,11.77778],"texture":"#1"},"down":{"uv":[12.66666,11.77778,11.55555,10.66667],"rotation":180,"texture":"#1"}}},{"from":[5.65,-1.83723,4.78814],"to":[10.35,1.66277,7.28814],"rotation":{"angle":-45,"axis":"x","origin":[8,0.32564,8]},"faces":{"north":{"uv":[8.44445,1.55556,10.44445,0],"texture":"#1"},"east":{"uv":[11.77778,1.55556,10.66667,0],"texture":"#1"},"south":{"uv":[10.44444,1.55556,8.44444,0],"texture":"#1"},"west":{"uv":[10.66667,1.55555,11.77778,0],"texture":"#1"},"up":{"uv":[10.88889,5.33333,9.77778,7.33333],"rotation":270,"texture":"#1"},"down":{"uv":[4.66667,11.77778,3.55556,9.77778],"rotation":90,"texture":"#1"}}},{"from":[8,-11.5,-1.30603],"to":[8,4.5,14.69397],"rotation":{"angle":0,"axis":"y","origin":[8,0.32564,8]},"faces":{"north":{"uv":[0,5.33333,0,0],"texture":"#2"},"east":{"uv":[16,16,0,0],"texture":"#2"},"south":{"uv":[0,5.33333,0,0],"texture":"#2"},"west":{"uv":[0,16,16,0],"texture":"#2"},"up":{"uv":[0,0,0,5.33333],"texture":"#2"},"down":{"uv":[0,0,0,5.33333],"texture":"#2"}}},{"from":[6.825,0.2661,4.13975],"to":[9.175,2.3661,5.13975],"rotation":{"angle":45,"axis":"x","origin":[8,0.32564,8]},"faces":{"north":{"uv":[11.55556,8,12.66667,9.11111],"texture":"#1"},"east":{"uv":[12.88889,7.33333,13.44444,6.22222],"rotation":180,"texture":"#1"},"south":{"uv":[11.55556,9.11111,12.66667,8],"rotation":180,"texture":"#1"},"west":{"uv":[13.44444,6.22222,12.88889,7.33333],"texture":"#1"},"up":{"uv":[14.22222,7.33333,14.77778,6.22222],"rotation":270,"texture":"#1"},"down":{"uv":[13.55556,7.33333,14.11111,6.22222],"rotation":90,"texture":"#1"}}},{"from":[6.875,2.25831,5.2193],"to":[9.125,4.25831,6.2193],"rotation":{"angle":22.5,"axis":"x","origin":[8,0.32564,8]},"faces":{"north":{"uv":[11.55556,8,12.66667,9.11111],"texture":"#1"},"east":{"uv":[12.88889,7.33333,13.44444,6.22222],"rotation":180,"texture":"#1"},"south":{"uv":[11.55556,9.11111,12.66667,8],"rotation":180,"texture":"#1"},"west":{"uv":[13.44444,6.22222,12.88889,7.33333],"texture":"#1"},"up":{"uv":[14.22222,7.33333,14.77778,6.22222],"rotation":270,"texture":"#1"},"down":{"uv":[13.55556,7.33333,14.11111,6.22222],"rotation":90,"texture":"#1"}}}],"gui_light":"front","display":{"thirdperson_righthand":{"translation":[0,-2,1.5]},"thirdperson_lefthand":{"translation":[0,-2,1.5]},"firstperson_righthand":{"rotation":[12,0,0],"translation":[6.25,7,-7]},"firstperson_lefthand":{"rotation":[12,0,0],"translation":[6.25,7,-7]},"ground":{"rotation":[45,0,0],"translation":[0,11,0],"scale":[0.74,0.74,0.74]},"gui":{"rotation":[90,-45,-90],"translation":[0.5,0.5,0],"scale":[0.59859,0.59859,0.59859]},"head":{"rotation":[90,45,-90],"translation":[1.25,-15.5,10],"scale":[0,0,0]},"fixed":{"rotation":[-180,90,-180],"translation":[-1,2.25,-4.25],"scale":[2.1,2.1,2.1]}}}