{"credit":"MadewithBlockbench","textures":{"1":"elitecreatures:oni_weapon_set/texture1","particle":"elitecreatures:oni_weapon_set/texture"},"elements":[{"from":[9.93875,6.18286,6.5],"to":[18.09875,14.34286,6.5],"rotation":{"angle":22.5,"axis":"y","origin":[14.01875,10.26286,6.5]},"faces":{"north":{"uv":[2.88889,3.11111,0,6],"rotation":270,"texture":"#1"},"east":{"uv":[0,0,0,5.33333],"rotation":180,"texture":"#1"},"south":{"uv":[0,3.11111,2.88889,6],"rotation":90,"texture":"#1"},"west":{"uv":[0,0,0,5.33333],"texture":"#1"},"up":{"uv":[0,0,0,5.33333],"rotation":90,"texture":"#1"},"down":{"uv":[0,0,0,5.33333],"rotation":90,"texture":"#1"}}},{"from":[9.93875,6.18286,9.5],"to":[18.09875,14.34286,9.5],"rotation":{"angle":-22.5,"axis":"y","origin":[14.01875,10.26286,9.5]},"faces":{"north":{"uv":[0,6,2.88889,3.11111],"rotation":90,"texture":"#1"},"east":{"uv":[0,0,0,5.33333],"rotation":180,"texture":"#1"},"south":{"uv":[2.88889,6,0,3.11111],"rotation":270,"texture":"#1"},"west":{"uv":[0,0,0,5.33333],"texture":"#1"},"up":{"uv":[0,0,0,5.33333],"rotation":90,"texture":"#1"},"down":{"uv":[0,0,0,5.33333],"rotation":90,"texture":"#1"}}},{"from":[9.93875,6.18286,8],"to":[18.09875,14.34286,8],"rotation":{"angle":0,"axis":"z","origin":[14.01875,10.26286,8]},"faces":{"north":{"uv":[2.88889,3.11111,0,6],"rotation":270,"texture":"#1"},"east":{"uv":[0,0,0,5.33333],"rotation":180,"texture":"#1"},"south":{"uv":[0,3.11111,2.88889,6],"rotation":90,"texture":"#1"},"west":{"uv":[0,0,0,5.33333],"texture":"#1"},"up":{"uv":[0,0,0,5.33333],"rotation":90,"texture":"#1"},"down":{"uv":[0,0,0,5.33333],"rotation":90,"texture":"#1"}}},{"from":[9.68875,3.18286,7.5],"to":[17.84875,11.34286,7.5],"rotation":{"angle":-22.5,"axis":"z","origin":[13.76875,7.26286,7.5]},"faces":{"north":{"uv":[2.88889,3.11111,0,6],"rotation":270,"texture":"#1"},"east":{"uv":[0,0,0,5.33333],"rotation":180,"texture":"#1"},"south":{"uv":[0,3.11111,2.88889,6],"rotation":90,"texture":"#1"},"west":{"uv":[0,0,0,5.33333],"texture":"#1"},"up":{"uv":[0,0,0,5.33333],"rotation":90,"texture":"#1"},"down":{"uv":[0,0,0,5.33333],"rotation":90,"texture":"#1"}}},{"from":[9.68875,3.18286,8.5],"to":[17.84875,11.34286,8.5],"rotation":{"angle":-22.5,"axis":"z","origin":[13.76875,7.26286,8.5]},"faces":{"north":{"uv":[0,6,2.88889,3.11111],"rotation":90,"texture":"#1"},"east":{"uv":[0,0,0,5.33333],"rotation":180,"texture":"#1"},"south":{"uv":[2.88889,6,0,3.11111],"rotation":270,"texture":"#1"},"west":{"uv":[0,0,0,5.33333],"texture":"#1"},"up":{"uv":[0,0,0,5.33333],"rotation":90,"texture":"#1"},"down":{"uv":[0,0,0,5.33333],"rotation":90,"texture":"#1"}}},{"from":[8.13825,6.81931,4.50934],"to":[11.09925,9.46531,5.76934],"rotation":{"angle":22.5,"axis":"x","origin":[9.61875,8.67541,5.0569]},"faces":{"north":{"uv":[12.66667,9.11111,11.55556,8],"rotation":180,"texture":"#1"},"east":{"uv":[13.44444,7.33333,12.88889,6.22222],"rotation":180,"texture":"#1"},"south":{"uv":[12.66667,8,11.55556,9.11111],"texture":"#1"},"west":{"uv":[12.88889,6.22222,13.44444,7.33333],"texture":"#1"},"up":{"uv":[14.22222,6.22222,14.77778,7.33333],"rotation":90,"texture":"#1"},"down":{"uv":[13.55556,6.22222,14.11111,7.33333],"rotation":270,"texture":"#1"}}},{"from":[7.70125,7.87638,4.14673],"to":[10.53625,10.39638,5.40673],"rotation":{"angle":45,"axis":"x","origin":[9.11875,8.67541,5.0569]},"faces":{"north":{"uv":[12.66667,9.11111,11.55556,8],"rotation":180,"texture":"#1"},"east":{"uv":[13.44444,7.33333,12.88889,6.22222],"rotation":180,"texture":"#1"},"south":{"uv":[12.66667,8,11.55556,9.11111],"texture":"#1"},"west":{"uv":[12.88889,6.22222,13.44444,7.33333],"texture":"#1"},"up":{"uv":[14.22222,6.22222,14.77778,7.33333],"rotation":90,"texture":"#1"},"down":{"uv":[13.55556,6.22222,14.11111,7.33333],"rotation":270,"texture":"#1"}}},{"from":[8.13825,6.81931,10.23066],"to":[11.09925,9.46531,11.49066],"rotation":{"angle":-22.5,"axis":"x","origin":[9.61875,8.67541,10.9431]},"faces":{"north":{"uv":[11.55556,8,12.66667,9.11111],"texture":"#1"},"east":{"uv":[12.88889,7.33333,13.44444,6.22222],"rotation":180,"texture":"#1"},"south":{"uv":[11.55556,9.11111,12.66667,8],"rotation":180,"texture":"#1"},"west":{"uv":[13.44444,6.22222,12.88889,7.33333],"texture":"#1"},"up":{"uv":[14.77778,6.22222,14.22222,7.33333],"rotation":90,"texture":"#1"},"down":{"uv":[14.11111,6.22222,13.55556,7.33333],"rotation":270,"texture":"#1"}}},{"from":[7.70125,7.87638,10.59327],"to":[10.53625,10.39638,11.85327],"rotation":{"angle":-45,"axis":"x","origin":[9.11875,8.67541,10.9431]},"faces":{"north":{"uv":[11.55556,8,12.66667,9.11111],"texture":"#1"},"east":{"uv":[12.88889,7.33333,13.44444,6.22222],"rotation":180,"texture":"#1"},"south":{"uv":[11.55556,9.11111,12.66667,8],"rotation":180,"texture":"#1"},"west":{"uv":[13.44444,6.22222,12.88889,7.33333],"texture":"#1"},"up":{"uv":[14.77778,6.22222,14.22222,7.33333],"rotation":90,"texture":"#1"},"down":{"uv":[14.11111,6.22222,13.55556,7.33333],"rotation":270,"texture":"#1"}}},{"from":[9.42134,10.23066,8.0825],"to":[11.94134,11.49066,10.9175],"rotation":{"angle":0,"axis":"z","origin":[10.68134,10.86066,8]},"faces":{"north":{"uv":[12.88889,6.22222,13.44444,7.33333],"rotation":90,"texture":"#1"},"east":{"uv":[13.55556,6.22222,14.11111,7.33333],"rotation":90,"texture":"#1"},"south":{"uv":[13.44444,7.33333,12.88889,6.22222],"rotation":90,"texture":"#1"},"west":{"uv":[14.22222,6.22222,14.77778,7.33333],"rotation":90,"texture":"#1"},"up":{"uv":[12.66667,9.11111,11.55556,8],"rotation":90,"texture":"#1"},"down":{"uv":[12.66667,8,11.55556,9.11111],"rotation":270,"texture":"#1"}}},{"from":[11.28756,8.56931,8.2695],"to":[12.54756,11.21531,11.2305],"rotation":{"angle":45,"axis":"z","origin":[12,10.42541,9.75]},"faces":{"north":{"uv":[12.88889,6.22222,13.44444,7.33333],"texture":"#1"},"east":{"uv":[12.66667,9.11111,11.55556,8],"rotation":180,"texture":"#1"},"south":{"uv":[13.44444,7.33333,12.88889,6.22222],"rotation":180,"texture":"#1"},"west":{"uv":[12.66667,8,11.55556,9.11111],"texture":"#1"},"up":{"uv":[14.22222,6.22222,14.77778,7.33333],"rotation":180,"texture":"#1"},"down":{"uv":[13.55556,6.22222,14.11111,7.33333],"rotation":180,"texture":"#1"}}},{"from":[9.42134,10.23066,5.0825],"to":[11.94134,11.49066,7.9175],"rotation":{"angle":0,"axis":"z","origin":[10.68134,10.86066,8]},"faces":{"north":{"uv":[13.44444,6.22222,12.88889,7.33333],"rotation":90,"texture":"#1"},"east":{"uv":[13.55556,7.33333,14.11111,6.22222],"rotation":90,"texture":"#1"},"south":{"uv":[12.88889,7.33333,13.44444,6.22222],"rotation":90,"texture":"#1"},"west":{"uv":[14.22222,7.33333,14.77778,6.22222],"rotation":90,"texture":"#1"},"up":{"uv":[11.55556,9.11111,12.66667,8],"rotation":90,"texture":"#1"},"down":{"uv":[11.55556,8,12.66667,9.11111],"rotation":270,"texture":"#1"}}},{"from":[12.05134,7.35066,8.5825],"to":[13.31134,9.87066,11.4175],"rotation":{"angle":22.5,"axis":"z","origin":[12.68134,8.61066,8.5]},"faces":{"north":{"uv":[12.88889,6.22222,13.44444,7.33333],"texture":"#1"},"east":{"uv":[12.66667,9.11111,11.55556,8],"rotation":180,"texture":"#1"},"south":{"uv":[13.44444,7.33333,12.88889,6.22222],"rotation":180,"texture":"#1"},"west":{"uv":[12.66667,8,11.55556,9.11111],"texture":"#1"},"up":{"uv":[14.22222,6.22222,14.77778,7.33333],"rotation":180,"texture":"#1"},"down":{"uv":[13.55556,6.22222,14.11111,7.33333],"rotation":180,"texture":"#1"}}},{"from":[12.05134,7.35066,4.5825],"to":[13.31134,9.87066,7.4175],"rotation":{"angle":22.5,"axis":"z","origin":[12.68134,8.61066,7.5]},"faces":{"north":{"uv":[13.44444,6.22222,12.88889,7.33333],"texture":"#1"},"east":{"uv":[11.55556,9.11111,12.66667,8],"rotation":180,"texture":"#1"},"south":{"uv":[12.88889,7.33333,13.44444,6.22222],"rotation":180,"texture":"#1"},"west":{"uv":[11.55556,8,12.66667,9.11111],"texture":"#1"},"up":{"uv":[14.22222,7.33333,14.77778,6.22222],"rotation":180,"texture":"#1"},"down":{"uv":[13.55556,7.33333,14.11111,6.22222],"rotation":180,"texture":"#1"}}},{"from":[11.28756,8.56931,4.7695],"to":[12.54756,11.21531,7.7305],"rotation":{"angle":45,"axis":"z","origin":[12,10.42541,6.25]},"faces":{"north":{"uv":[12.88889,7.33333,13.44444,6.22222],"rotation":180,"texture":"#1"},"east":{"uv":[11.55556,9.11111,12.66667,8],"rotation":180,"texture":"#1"},"south":{"uv":[13.44444,6.22222,12.88889,7.33333],"texture":"#1"},"west":{"uv":[11.55556,8,12.66667,9.11111],"texture":"#1"},"up":{"uv":[14.22222,7.33333,14.77778,6.22222],"rotation":180,"texture":"#1"},"down":{"uv":[13.55556,7.33333,14.11111,6.22222],"rotation":180,"texture":"#1"}}},{"from":[4.41662,13.10752,5.3835],"to":[5.23562,15.15502,6.2025],"rotation":{"angle":22.5,"axis":"z","origin":[5.52106,12.79929,5.793]},"faces":{"north":{"uv":[13.88889,3.55556,13.33333,3.77778],"rotation":270,"texture":"#1"},"east":{"uv":[13.33333,12.66667,13.88889,12.44444],"rotation":90,"texture":"#1"},"south":{"uv":[13.88889,12,13.33333,12.22222],"rotation":90,"texture":"#1"},"west":{"uv":[13.33333,12.88889,13.88889,13.11111],"rotation":90,"texture":"#1"},"up":{"uv":[12.66667,6.22222,12.44444,6.44444],"rotation":90,"texture":"#1"},"down":{"uv":[8.22222,13.33333,8,13.55556],"rotation":90,"texture":"#1"}}},{"from":[4.3865,11.71278,4.974],"to":[6.434,13.35078,6.612],"rotation":{"angle":-45,"axis":"z","origin":[5.52106,12.79929,5.793]},"faces":{"north":{"uv":[5.44444,8,4.88889,8.44444],"texture":"#1"},"east":{"uv":[8.88889,8,8.44444,8.44444],"texture":"#1"},"south":{"uv":[2.33333,9.33333,1.77778,9.77778],"texture":"#1"},"west":{"uv":[3.11111,7.55556,2.66667,8],"texture":"#1"},"up":{"uv":[9.77778,8,10.33333,7.55556],"texture":"#1"},"down":{"uv":[12.88889,4.88889,13.44444,5.33333],"texture":"#1"}}},{"from":[5.93056,11.12034,4.5645],"to":[7.97806,13.57734,7.0215],"rotation":{"angle":-22.5,"axis":"z","origin":[5.52106,12.79929,5.793]},"faces":{"north":{"uv":[13.88889,0.88889,13.33333,1.55556],"texture":"#1"},"east":{"uv":[13.55556,11.11111,12.88889,11.77778],"texture":"#1"},"south":{"uv":[13.88889,1.77778,13.33333,2.44444],"texture":"#1"},"west":{"uv":[13.55556,10.22222,12.88889,10.88889],"texture":"#1"},"up":{"uv":[13.33333,3.33333,13.88889,2.66667],"texture":"#1"},"down":{"uv":[11.55556,13.33333,12.11111,14],"texture":"#1"}}},{"from":[5.93056,11.12034,8.9785],"to":[7.97806,13.57734,11.4355],"rotation":{"angle":-22.5,"axis":"z","origin":[5.52106,12.79929,10.207]},"faces":{"north":{"uv":[13.33333,1.77778,13.88889,2.44444],"texture":"#1"},"east":{"uv":[12.88889,11.11111,13.55556,11.77778],"texture":"#1"},"south":{"uv":[13.33333,0.88889,13.88889,1.55556],"texture":"#1"},"west":{"uv":[12.88889,10.22222,13.55556,10.88889],"texture":"#1"},"up":{"uv":[13.33333,2.66667,13.88889,3.33333],"texture":"#1"},"down":{"uv":[11.55556,14,12.11111,13.33333],"texture":"#1"}}},{"from":[4.3865,11.71278,9.388],"to":[6.434,13.35078,11.026],"rotation":{"angle":-45,"axis":"z","origin":[5.52106,12.79929,10.207]},"faces":{"north":{"uv":[1.77778,9.33333,2.33333,9.77778],"texture":"#1"},"east":{"uv":[8.44444,8,8.88889,8.44444],"texture":"#1"},"south":{"uv":[4.88889,8,5.44444,8.44444],"texture":"#1"},"west":{"uv":[2.66667,7.55556,3.11111,8],"texture":"#1"},"up":{"uv":[9.77778,7.55556,10.33333,8],"texture":"#1"},"down":{"uv":[12.88889,5.33333,13.44444,4.88889],"texture":"#1"}}},{"from":[4.41662,13.10752,9.7975],"to":[5.23562,15.15502,10.6165],"rotation":{"angle":22.5,"axis":"z","origin":[5.52106,12.79929,10.207]},"faces":{"north":{"uv":[13.88889,12.22222,13.33333,12],"rotation":90,"texture":"#1"},"east":{"uv":[13.33333,12.44444,13.88889,12.66667],"rotation":90,"texture":"#1"},"south":{"uv":[13.88889,3.77778,13.33333,3.55556],"rotation":270,"texture":"#1"},"west":{"uv":[13.33333,13.11111,13.88889,12.88889],"rotation":90,"texture":"#1"},"up":{"uv":[12.44444,6.22222,12.66667,6.44444],"rotation":90,"texture":"#1"},"down":{"uv":[8,13.33333,8.22222,13.55556],"rotation":90,"texture":"#1"}}},{"from":[7.04375,10.97311,8.28863],"to":[10.19375,14.12311,11.43863],"rotation":{"angle":22.5,"axis":"x","origin":[6.45313,11.28536,8]},"faces":{"north":{"uv":[12.66666,11.77778,11.55555,10.66667],"texture":"#1"},"east":{"uv":[11.55556,6.66667,12.66667,7.77778],"texture":"#1"},"south":{"uv":[11.55556,8,12.66667,9.11111],"texture":"#1"},"west":{"uv":[12.66667,6.66666,11.55556,7.77777],"texture":"#1"},"up":{"uv":[12.66667,11.77778,11.55556,10.66667],"texture":"#1"},"down":{"uv":[11.55556,9.11111,12.66667,8],"texture":"#1"}}},{"from":[7.04375,10.97311,4.56137],"to":[10.19375,14.12311,7.71137],"rotation":{"angle":-22.5,"axis":"x","origin":[6.45313,11.28536,8]},"faces":{"north":{"uv":[12.66667,8,11.55556,9.11111],"texture":"#1"},"east":{"uv":[12.66667,6.66667,11.55556,7.77778],"texture":"#1"},"south":{"uv":[11.55555,11.77778,12.66666,10.66667],"texture":"#1"},"west":{"uv":[11.55556,6.66666,12.66667,7.77777],"texture":"#1"},"up":{"uv":[12.66667,10.66667,11.55556,11.77778],"texture":"#1"},"down":{"uv":[11.55556,8,12.66667,9.11111],"texture":"#1"}}},{"from":[6.13375,8.87786,8.2575],"to":[9.28375,12.02786,11.4075],"rotation":{"angle":45,"axis":"x","origin":[6.45313,12.28536,8]},"faces":{"north":{"uv":[12.66666,11.77778,11.55555,10.66667],"texture":"#1"},"east":{"uv":[11.55556,6.66667,12.66667,7.77778],"texture":"#1"},"south":{"uv":[11.55556,10.66667,12.66667,11.77778],"texture":"#1"},"west":{"uv":[12.66667,6.66666,11.55556,7.77777],"texture":"#1"},"up":{"uv":[12.66667,11.77778,11.55556,10.66667],"texture":"#1"},"down":{"uv":[12.66667,11.77778,11.55556,10.66667],"texture":"#1"}}}],"gui_light":"front","display":{"thirdperson_righthand":{"rotation":[67.5,-90,0],"translation":[0,1.75,0],"scale":[0.81,0.81,0.81]},"thirdperson_lefthand":{"rotation":[67.5,-90,0],"translation":[0,1.75,0],"scale":[0.81,0.81,0.81]},"firstperson_righthand":{"rotation":[180,-90,180],"translation":[0.25,0,-3],"scale":[0.97906,0.97906,0.97906]},"firstperson_lefthand":{"rotation":[180,90,180],"translation":[0.25,0,-3],"scale":[0.97906,0.97906,0.97906]},"ground":{"translation":[0,4,0]},"gui":{"rotation":[0,70.5,0],"translation":[-0.5,-3.25,0],"scale":[1.35141,1.35141,1.35141]},"head":{"rotation":[0,-90,0],"translation":[0,-0.5,-2],"scale":[2.4,2.4,2.4]},"fixed":{"rotation":[0,-90,90],"translation":[0,-3.5,-3.25],"scale":[2.5,2.5,2.5]}}}