{"credit":"MadewithBlockbench","textures":{"0":"elitecreatures:oni_weapon_set/texture","1":"elitecreatures:oni_weapon_set/texture1","2":"elitecreatures:oni_weapon_set/animation_01","3":"elitecreatures:oni_weapon_set/animation_02","particle":"elitecreatures:oni_weapon_set/texture"},"elements":[{"from":[8,2.6052,4.1192],"to":[8,13.8948,15.4088],"rotation":{"angle":22.5,"axis":"x","origin":[8,8.25,9.764]},"faces":{"north":{"uv":[0,5.33333,0,0],"rotation":180,"texture":"#3"},"east":{"uv":[16,16,0,0],"texture":"#3"},"south":{"uv":[0,5.33333,0,0],"rotation":180,"texture":"#3"},"west":{"uv":[0,16,16,0],"texture":"#3"},"up":{"uv":[0,0,0,5.33333],"rotation":180,"texture":"#3"},"down":{"uv":[0,0,0,5.33333],"rotation":180,"texture":"#3"}}},{"from":[8,2.6052,0.5912],"to":[8,13.8948,11.8808],"rotation":{"angle":-22.5,"axis":"x","origin":[8,8.25,6.236]},"faces":{"north":{"uv":[0,0,0,5.33333],"texture":"#3"},"east":{"uv":[16,0,0,16],"rotation":180,"texture":"#3"},"south":{"uv":[0,0,0,5.33333],"texture":"#3"},"west":{"uv":[0,0,16,16],"rotation":180,"texture":"#3"},"up":{"uv":[0,0,0,5.33333],"texture":"#3"},"down":{"uv":[0,0,0,5.33333],"texture":"#3"}}},{"from":[4.46974,6.73652,8.903],"to":[5.37274,7.09772,9.2642],"rotation":{"angle":-45,"axis":"z","origin":[6.30954,6.76572,8]},"faces":{"north":{"uv":[13.33333,12,13.88889,12.22222],"texture":"#1"},"east":{"uv":[8,13.33333,8.22222,13.55556],"texture":"#1"},"south":{"uv":[13.33333,3.55556,13.88889,3.77778],"texture":"#1"},"west":{"uv":[12.44444,6.22222,12.66667,6.44444],"texture":"#1"},"up":{"uv":[13.88889,12.66667,13.33333,12.44444],"rotation":180,"texture":"#1"},"down":{"uv":[13.88889,12.88889,13.33333,13.11111],"rotation":180,"texture":"#1"}}},{"from":[5.24449,7.01605,8.7224],"to":[6.14749,7.73845,9.4448],"rotation":{"angle":-22.5,"axis":"z","origin":[6.30954,6.76572,8]},"faces":{"north":{"uv":[1.77778,9.33333,2.33333,9.77778],"texture":"#1"},"east":{"uv":[8.44444,8,8.88889,8.44444],"texture":"#1"},"south":{"uv":[4.88889,8,5.44444,8.44444],"texture":"#1"},"west":{"uv":[2.66667,7.55556,3.11111,8],"texture":"#1"},"up":{"uv":[10.33333,8,9.77778,7.55556],"rotation":180,"texture":"#1"},"down":{"uv":[13.44444,4.88889,12.88889,5.33333],"rotation":180,"texture":"#1"}}},{"from":[5.24449,7.01605,6.5552],"to":[6.14749,7.73845,7.2776],"rotation":{"angle":-22.5,"axis":"z","origin":[6.30954,6.76572,8]},"faces":{"north":{"uv":[1.77778,9.33333,2.33333,9.77778],"texture":"#1"},"east":{"uv":[8.44444,8,8.88889,8.44444],"texture":"#1"},"south":{"uv":[4.88889,8,5.44444,8.44444],"texture":"#1"},"west":{"uv":[2.66667,7.55556,3.11111,8],"texture":"#1"},"up":{"uv":[10.33333,8,9.77778,7.55556],"rotation":180,"texture":"#1"},"down":{"uv":[13.44444,4.88889,12.88889,5.33333],"rotation":180,"texture":"#1"}}},{"from":[4.46974,6.73652,6.7358],"to":[5.37274,7.09772,7.097],"rotation":{"angle":-45,"axis":"z","origin":[6.30954,6.76572,8]},"faces":{"north":{"uv":[13.33333,12,13.88889,12.22222],"texture":"#1"},"east":{"uv":[8,13.33333,8.22222,13.55556],"texture":"#1"},"south":{"uv":[13.33333,3.55556,13.88889,3.77778],"texture":"#1"},"west":{"uv":[12.44444,6.22222,12.66667,6.44444],"texture":"#1"},"up":{"uv":[13.88889,12.66667,13.33333,12.44444],"rotation":180,"texture":"#1"},"down":{"uv":[13.88889,12.88889,13.33333,13.11111],"rotation":180,"texture":"#1"}}},{"from":[5.24667,6.77159,6.026],"to":[7.34667,9.71159,9.974],"rotation":{"angle":-45,"axis":"z","origin":[6.53,6.57,8]},"faces":{"north":{"uv":[11.77778,0,10.66667,1.55555],"texture":"#1"},"east":{"uv":[8.44444,0,10.44444,1.55556],"texture":"#1"},"south":{"uv":[10.66667,0,11.77778,1.55556],"texture":"#1"},"west":{"uv":[10.44445,0,8.44445,1.55556],"texture":"#1"},"up":{"uv":[4.66667,11.77778,3.55556,9.77778],"rotation":180,"texture":"#1"},"down":{"uv":[10.88889,5.33333,9.77778,7.33333],"rotation":180,"texture":"#1"}}},{"from":[5.7386,2.79252,6.37381],"to":[7.9058,8.21052,8.54101],"rotation":{"angle":-45,"axis":"y","origin":[6.30954,6.76572,8]},"faces":{"north":{"uv":[1.33333,6.22222,2.44444,9.11111],"texture":"#1"},"east":{"uv":[7.11111,5.33333,8.22222,8.22222],"texture":"#1"},"south":{"uv":[1.11111,6.22222,0,9.11111],"texture":"#1"},"west":{"uv":[0,6.22222,1.11111,9.11111],"texture":"#1"},"up":{"uv":[13.11111,2.44444,12,1.33333],"rotation":180,"texture":"#1"},"down":{"uv":[13.11111,2.66667,12,3.77778],"rotation":180,"texture":"#1"}}},{"from":[6.038,6.13945,7.56945],"to":[7.298,9.07945,10.50945],"rotation":{"angle":-45,"axis":"x","origin":[6.53,6.57,8]},"faces":{"north":{"uv":[7.11111,12.44444,7.77778,14],"texture":"#1"},"east":{"uv":[8.88889,8,10.44444,9.55556],"texture":"#1"},"south":{"uv":[4.88889,12.44444,5.55556,14],"texture":"#1"},"west":{"uv":[8.88889,3.55556,10.44444,5.11111],"texture":"#1"},"up":{"uv":[13.11111,13.55556,12.44444,12],"rotation":180,"texture":"#1"},"down":{"uv":[2.44444,12.88889,1.77778,14.44444],"rotation":180,"texture":"#1"}}},{"from":[8,4.5456,2.3552],"to":[8,15.8352,13.6448],"rotation":{"angle":0,"axis":"y","origin":[8.6615,6.59935,8]},"faces":{"north":{"uv":[0,0,0,5.33333],"texture":"#2"},"east":{"uv":[0,0,16,16],"texture":"#2"},"south":{"uv":[0,0,0,5.33333],"texture":"#2"},"west":{"uv":[16,0,0,16],"texture":"#2"},"up":{"uv":[0,0,0,5.33333],"texture":"#2"},"down":{"uv":[0,0,0,5.33333],"texture":"#2"}}},{"from":[7.013,7.24843,5.47037],"to":[8.987,9.01243,6.31037],"rotation":{"angle":-22.5,"axis":"x","origin":[8,7.77503,5.8354]},"faces":{"north":{"uv":[12.66667,8,11.55556,9.11111],"rotation":180,"texture":"#1"},"east":{"uv":[13.44444,6.22222,12.88889,7.33333],"rotation":180,"texture":"#1"},"south":{"uv":[12.66667,9.11111,11.55556,8],"texture":"#1"},"west":{"uv":[12.88889,7.33333,13.44444,6.22222],"texture":"#1"},"up":{"uv":[13.55556,7.33333,14.11111,6.22222],"rotation":90,"texture":"#1"},"down":{"uv":[14.22222,7.33333,14.77778,6.22222],"rotation":270,"texture":"#1"}}},{"from":[7.055,6.62772,5.22861],"to":[8.945,8.30772,6.06861],"rotation":{"angle":-45,"axis":"x","origin":[8,7.77503,5.8354]},"faces":{"north":{"uv":[12.66667,8,11.55556,9.11111],"rotation":180,"texture":"#1"},"east":{"uv":[13.44444,6.22222,12.88889,7.33333],"rotation":180,"texture":"#1"},"south":{"uv":[12.66667,9.11111,11.55556,8],"texture":"#1"},"west":{"uv":[12.88889,7.33333,13.44444,6.22222],"texture":"#1"},"up":{"uv":[13.55556,7.33333,14.11111,6.22222],"rotation":90,"texture":"#1"},"down":{"uv":[14.22222,7.33333,14.77778,6.22222],"rotation":270,"texture":"#1"}}},{"from":[7.055,6.62772,9.93139],"to":[8.945,8.30772,10.77139],"rotation":{"angle":45,"axis":"x","origin":[8,7.77503,10.1646]},"faces":{"north":{"uv":[11.55556,9.11111,12.66667,8],"texture":"#1"},"east":{"uv":[12.88889,6.22222,13.44444,7.33333],"rotation":180,"texture":"#1"},"south":{"uv":[11.55556,8,12.66667,9.11111],"rotation":180,"texture":"#1"},"west":{"uv":[13.44444,7.33333,12.88889,6.22222],"texture":"#1"},"up":{"uv":[14.11111,7.33333,13.55556,6.22222],"rotation":90,"texture":"#1"},"down":{"uv":[14.77778,7.33333,14.22222,6.22222],"rotation":270,"texture":"#1"}}},{"from":[7.013,7.24843,9.68963],"to":[8.987,9.01243,10.52963],"rotation":{"angle":22.5,"axis":"x","origin":[8,7.77503,10.1646]},"faces":{"north":{"uv":[11.55556,9.11111,12.66667,8],"texture":"#1"},"east":{"uv":[12.88889,6.22222,13.44444,7.33333],"rotation":180,"texture":"#1"},"south":{"uv":[11.55556,8,12.66667,9.11111],"rotation":180,"texture":"#1"},"west":{"uv":[13.44444,7.33333,12.88889,6.22222],"texture":"#1"},"up":{"uv":[14.11111,7.33333,13.55556,6.22222],"rotation":90,"texture":"#1"},"down":{"uv":[14.77778,7.33333,14.22222,6.22222],"rotation":270,"texture":"#1"}}},{"from":[7.5,-2.17451,5.87164],"to":[8.5,0.17549,7.97164],"rotation":{"angle":0,"axis":"x","origin":[8,-0.99951,6.92164]},"faces":{"north":{"uv":[13.55556,7.33333,14.11111,6.22222],"rotation":180,"texture":"#1"},"east":{"uv":[12.66667,9.11111,11.55556,8],"rotation":90,"texture":"#1"},"south":{"uv":[14.22222,7.33333,14.77778,6.22222],"texture":"#1"},"west":{"uv":[12.66667,8,11.55556,9.11111],"rotation":90,"texture":"#1"},"up":{"uv":[12.88889,7.33333,13.44444,6.22222],"texture":"#1"},"down":{"uv":[13.44444,6.22222,12.88889,7.33333],"texture":"#1"}}},{"from":[7.5,0.57549,6.27164],"to":[8.5,1.42549,8.12164],"rotation":{"angle":0,"axis":"x","origin":[8,0.25049,7.07164]},"faces":{"north":{"uv":[13.55556,7.33333,14.11111,6.22222],"rotation":180,"texture":"#1"},"east":{"uv":[13.44444,7.33333,12.88889,6.22222],"rotation":90,"texture":"#1"},"south":{"uv":[14.22222,7.33333,14.77778,6.22222],"texture":"#1"},"west":{"uv":[13.44444,6.22222,12.88889,7.33333],"rotation":90,"texture":"#1"},"up":{"uv":[12.88889,7.33333,13.44444,6.22222],"texture":"#1"},"down":{"uv":[13.44444,6.22222,12.88889,7.33333],"texture":"#1"}}},{"from":[7.55325,-2.23679,7.55325],"to":[8.44675,7.59521,8.44675],"rotation":{"angle":-45,"axis":"y","origin":[8,1.80421,8]},"faces":{"north":{"uv":[15,8.375,14.375,13.75],"texture":"#0"},"east":{"uv":[14.375,8.375,15,13.75],"texture":"#0"},"south":{"uv":[15,8.375,14.375,13.75],"texture":"#0"},"west":{"uv":[14.375,8.375,15,13.75],"texture":"#0"},"up":{"uv":[14.125,7.625,13.5,7],"texture":"#0"},"down":{"uv":[14.125,8,13.5,8.625],"texture":"#0"}}}],"gui_light":"front","display":{"thirdperson_righthand":{"rotation":[-180,0,0],"translation":[0,0.75,2.25],"scale":[0.65,0.65,0.65]},"thirdperson_lefthand":{"rotation":[-180,0,0],"translation":[0,0.75,2.25],"scale":[0.65,0.65,0.65]},"firstperson_righthand":{"rotation":[90,0,0],"translation":[10,-3.75,-7],"scale":[2,2,2]},"firstperson_lefthand":{"rotation":[90,0,0],"translation":[10,-3.75,-7],"scale":[2,2,2]},"ground":{"translation":[0.75,11,-0.25]},"gui":{"rotation":[-180,90,-180],"translation":[0.85,4.75,0],"scale":[1.16906,1.16906,1.16906]},"head":{"scale":[0,0,0]},"fixed":{"rotation":[0,-90,0],"translation":[0,8.75,-1.25],"scale":[2.1,2.1,2.1]}}}