{"credit":"MadewithBlockbench","textures":{"0":"elitecreatures:oni_weapon_set/texture","1":"elitecreatures:oni_weapon_set/texture1","2":"elitecreatures:oni_weapon_set/animation_01","3":"elitecreatures:oni_weapon_set/animation_02","particle":"elitecreatures:oni_weapon_set/texture"},"elements":[{"from":[7.45325,-5.73679,7.45325],"to":[8.54675,0.09521,8.54675],"rotation":{"angle":-45,"axis":"y","origin":[8,0.05421,8]},"faces":{"north":{"uv":[6,8,6.625,11.25],"texture":"#0"},"east":{"uv":[6,8,6.625,11.25],"texture":"#0"},"south":{"uv":[6,8,6.625,11.25],"texture":"#0"},"west":{"uv":[7,8,7.625,11.25],"texture":"#0"},"up":{"uv":[14.125,7.625,13.5,7],"texture":"#0"},"down":{"uv":[14.125,8,13.5,8.625],"texture":"#0"}}},{"from":[7.45325,0.01321,7.45325],"to":[8.54675,5.84521,8.54675],"rotation":{"angle":-45,"axis":"y","origin":[8,0.05421,8]},"faces":{"north":{"uv":[6,8,6.625,11.25],"texture":"#0"},"east":{"uv":[6,8,6.625,11.25],"texture":"#0"},"south":{"uv":[7,8,7.625,11.25],"texture":"#0"},"west":{"uv":[7,8,7.625,11.25],"texture":"#0"},"up":{"uv":[14.125,7.625,13.5,7],"texture":"#0"},"down":{"uv":[14.125,8,13.5,8.625],"texture":"#0"}}},{"from":[7.39858,-6.02839,7.39858],"to":[8.60143,0.3868,8.60143],"rotation":{"angle":-45,"axis":"y","origin":[8,0.0542,8]},"faces":{"north":{"uv":[6,4,6.625,7.625],"texture":"#0"},"east":{"uv":[6,4,6.625,7.625],"texture":"#0"},"south":{"uv":[7,4,7.625,7.625],"texture":"#0"},"west":{"uv":[7,4,7.625,7.625],"texture":"#0"},"up":{"uv":[14.125,14.125,13.5,13.5],"texture":"#0"},"down":{"uv":[14.625,0,14,0.625],"texture":"#0"}}},{"from":[7.39858,-0.27839,7.39858],"to":[8.60143,6.1368,8.60143],"rotation":{"angle":-45,"axis":"y","origin":[8,0.0542,8]},"faces":{"north":{"uv":[6,4,6.625,7.625],"texture":"#0"},"east":{"uv":[6,4,6.625,7.625],"texture":"#0"},"south":{"uv":[7,4,7.625,7.625],"texture":"#0"},"west":{"uv":[7,4,7.625,7.625],"texture":"#0"},"up":{"uv":[14.125,14.125,13.5,13.5],"texture":"#0"},"down":{"uv":[14.625,0,14,0.625],"texture":"#0"}}},{"from":[7.09647,5.7723,7.09647],"to":[7.97127,7.37611,7.97127],"rotation":{"angle":-45,"axis":"y","origin":[8,3.075,8]},"faces":{"north":{"uv":[9,11,9.5,11.875],"texture":"#0"},"east":{"uv":[10,13,10.5,13.875],"texture":"#0"},"south":{"uv":[13,10.5,13.5,11.375],"texture":"#0"},"west":{"uv":[11,13,11.5,13.875],"texture":"#0"},"up":{"uv":[14.5,5.5,14,5],"texture":"#0"},"down":{"uv":[6,14,5.5,14.5],"texture":"#0"}}},{"from":[7.3939,-7.9238,7.3439],"to":[8.6061,-5.73679,8.6561],"rotation":{"angle":0,"axis":"x","origin":[8,-2.675,8]},"faces":{"north":{"uv":[11.5,1,12.25,2.25],"texture":"#0"},"east":{"uv":[11.5,5.5,12.25,6.75],"texture":"#0"},"south":{"uv":[11.5,4,12.25,5.25],"texture":"#0"},"west":{"uv":[11.5,5.5,12.25,6.75],"texture":"#0"},"up":{"uv":[13.75,4.75,13,4],"texture":"#0"},"down":{"uv":[5.75,13,5,13.75],"texture":"#0"}}},{"from":[7.09647,-7.99669,7.09647],"to":[7.97127,-5.66389,7.97127],"rotation":{"angle":-45,"axis":"y","origin":[8,-2.675,8]},"faces":{"north":{"uv":[13,1.5,12.5,2.75],"texture":"#0"},"east":{"uv":[12,12,12.5,13.25],"texture":"#0"},"south":{"uv":[12.5,0,13,1.25],"texture":"#0"},"west":{"uv":[12.5,1.5,13,2.75],"texture":"#0"},"up":{"uv":[10.5,12,10,11.5],"texture":"#0"},"down":{"uv":[7.5,12.5,7,13],"texture":"#0"}}},{"from":[7.09647,-7.99669,8.02873],"to":[7.97127,-5.66389,8.90353],"rotation":{"angle":45,"axis":"y","origin":[8,-2.675,8]},"faces":{"north":{"uv":[12.5,3,13,4.25],"texture":"#0"},"east":{"uv":[12.5,4.5,13,5.75],"texture":"#0"},"south":{"uv":[7,12.5,6.5,13.75],"texture":"#0"},"west":{"uv":[6.5,12.5,7,13.75],"texture":"#0"},"up":{"uv":[13.5,12,13,11.5],"texture":"#0"},"down":{"uv":[5.5,14,5,14.5],"texture":"#0"}}},{"from":[7.09647,5.7723,8.02873],"to":[7.97127,7.37611,8.90353],"rotation":{"angle":45,"axis":"y","origin":[8,3.075,8]},"faces":{"north":{"uv":[11.5,13,12,13.875],"texture":"#0"},"east":{"uv":[12.5,13,13,13.875],"texture":"#0"},"south":{"uv":[13,13,13.5,13.875],"texture":"#0"},"west":{"uv":[13.5,6,14,6.875],"texture":"#0"},"up":{"uv":[14.5,6,14,5.5],"texture":"#0"},"down":{"uv":[6.5,14,6,14.5],"texture":"#0"}}},{"from":[7.375,5.7723,7.3439],"to":[8.625,7.37611,8.6561],"rotation":{"angle":0,"axis":"x","origin":[8,3.075,8]},"faces":{"north":{"uv":[12,9,12.75,9.875],"texture":"#0"},"east":{"uv":[12,10,12.75,10.875],"texture":"#0"},"south":{"uv":[11,12,11.75,12.875],"texture":"#0"},"west":{"uv":[12,11,12.75,11.875],"texture":"#0"},"up":{"uv":[13.75,5.75,13,5],"texture":"#0"},"down":{"uv":[7.75,13,7,13.75],"texture":"#0"}}},{"from":[7,7,3],"to":[9,9,6],"rotation":{"angle":0,"axis":"x","origin":[8,7.77392,3.30774]},"faces":{"north":{"uv":[14.66667,7.55556,15.55556,8.44444],"texture":"#1"},"east":{"uv":[13.66667,8.88889,14.55556,7.55556],"rotation":90,"texture":"#1"},"south":{"uv":[12.66667,3.11111,14.66667,5.11111],"texture":"#1"},"west":{"uv":[13.66667,7.55556,14.55556,8.88889],"rotation":90,"texture":"#1"},"up":{"uv":[12.66667,3.11111,14.66667,6.11111],"texture":"#1"},"down":{"uv":[13.66667,9,14.55556,10.33333],"texture":"#1"}}},{"from":[7.25,7.2713,0.74472],"to":[8.75,8.7713,3.49472],"rotation":{"angle":-22.5,"axis":"x","origin":[8,7.77392,3.30774]},"faces":{"north":{"uv":[14.66667,7.55556,15.55556,8.44444],"texture":"#1"},"east":{"uv":[13.66667,8.88889,14.55556,7.55556],"rotation":90,"texture":"#1"},"south":{"uv":[12.66667,3.11111,14.66667,5.11111],"texture":"#1"},"west":{"uv":[13.66667,7.55556,14.55556,8.88889],"rotation":90,"texture":"#1"},"up":{"uv":[15.55556,9.88889,14.66667,8.55556],"texture":"#1"},"down":{"uv":[13.66667,9,14.55556,10.33333],"texture":"#1"}}},{"from":[6.875,9,3.5],"to":[9.125,10,5.5],"rotation":{"angle":22.5,"axis":"x","origin":[8.125,9.5,4.5]},"faces":{"north":{"uv":[13.55556,6.22222,14.11111,7.33333],"rotation":90,"texture":"#1"},"east":{"uv":[13.44444,7.33333,12.88889,6.22222],"rotation":90,"texture":"#1"},"south":{"uv":[14.22222,6.22222,14.77778,7.33333],"rotation":90,"texture":"#1"},"west":{"uv":[12.88889,6.22222,13.44444,7.33333],"rotation":90,"texture":"#1"},"up":{"uv":[12.66667,9.11111,11.55556,8],"texture":"#1"},"down":{"uv":[12.66667,8,11.55556,9.11111],"texture":"#1"}}},{"from":[6.825,8.86913,2.60381],"to":[9.175,9.86913,4.70381],"rotation":{"angle":0,"axis":"x","origin":[8,9.36913,3.65381]},"faces":{"north":{"uv":[13.55556,6.22222,14.11111,7.33333],"rotation":90,"texture":"#1"},"east":{"uv":[13.44444,7.33333,12.88889,6.22222],"rotation":90,"texture":"#1"},"south":{"uv":[14.22222,6.22222,14.77778,7.33333],"rotation":90,"texture":"#1"},"west":{"uv":[12.88889,6.22222,13.44444,7.33333],"rotation":90,"texture":"#1"},"up":{"uv":[12.66667,9.11111,11.55556,8],"texture":"#1"},"down":{"uv":[12.66667,8,11.55556,9.11111],"texture":"#1"}}},{"from":[6.875,9,10.5],"to":[9.125,10,12.5],"rotation":{"angle":-22.5,"axis":"x","origin":[8.125,9.5,11.5]},"faces":{"north":{"uv":[14.22222,7.33333,14.77778,6.22222],"rotation":90,"texture":"#1"},"east":{"uv":[13.44444,6.22222,12.88889,7.33333],"rotation":90,"texture":"#1"},"south":{"uv":[13.55556,7.33333,14.11111,6.22222],"rotation":90,"texture":"#1"},"west":{"uv":[12.88889,7.33333,13.44444,6.22222],"rotation":90,"texture":"#1"},"up":{"uv":[12.66667,8,11.55556,9.11111],"texture":"#1"},"down":{"uv":[12.66667,9.11111,11.55556,8],"texture":"#1"}}},{"from":[6.825,8.86913,11.29619],"to":[9.175,9.86913,13.39619],"rotation":{"angle":0,"axis":"x","origin":[8,9.36913,12.34619]},"faces":{"north":{"uv":[14.22222,7.33333,14.77778,6.22222],"rotation":90,"texture":"#1"},"east":{"uv":[13.44444,6.22222,12.88889,7.33333],"rotation":90,"texture":"#1"},"south":{"uv":[13.55556,7.33333,14.11111,6.22222],"rotation":90,"texture":"#1"},"west":{"uv":[12.88889,7.33333,13.44444,6.22222],"rotation":90,"texture":"#1"},"up":{"uv":[12.66667,8,11.55556,9.11111],"texture":"#1"},"down":{"uv":[12.66667,9.11111,11.55556,8],"texture":"#1"}}},{"from":[7,7,10],"to":[9,9,13],"rotation":{"angle":0,"axis":"x","origin":[8,7.75,12.75]},"faces":{"north":{"uv":[14.66667,3.11111,12.66667,5.11111],"texture":"#1"},"east":{"uv":[13.66667,7.55556,14.55556,8.88889],"rotation":90,"texture":"#1"},"south":{"uv":[15.55556,7.55556,14.66667,8.44444],"texture":"#1"},"west":{"uv":[13.66667,8.88889,14.55556,7.55556],"rotation":90,"texture":"#1"},"up":{"uv":[12.66667,6.11111,14.66667,3.11111],"texture":"#1"},"down":{"uv":[13.66667,10.33333,14.55556,9],"texture":"#1"}}},{"from":[7.25,6.75,12.5],"to":[8.75,8.25,15.25],"rotation":{"angle":22.5,"axis":"x","origin":[8,7.5,14]},"faces":{"north":{"uv":[14.66667,3.11111,12.66667,5.11111],"texture":"#1"},"east":{"uv":[13.66667,7.55556,14.55556,8.88889],"rotation":90,"texture":"#1"},"south":{"uv":[15.55556,7.55556,14.66667,8.44444],"texture":"#1"},"west":{"uv":[13.66667,8.88889,14.55556,7.55556],"rotation":90,"texture":"#1"},"up":{"uv":[15.55556,8.55556,14.66667,9.88889],"texture":"#1"},"down":{"uv":[13.66667,10.33333,14.55556,9],"texture":"#1"}}},{"from":[8,1.25,-4.5],"to":[8,17.25,11.5],"rotation":{"angle":22.5,"axis":"x","origin":[8,9.25,3.5]},"faces":{"north":{"uv":[0,0,0,5.33333],"rotation":180,"texture":"#3"},"east":{"uv":[16,0,0,16],"rotation":270,"texture":"#3"},"south":{"uv":[0,0,0,5.33333],"texture":"#3"},"west":{"uv":[0,0,16,16],"rotation":90,"texture":"#3"},"up":{"uv":[0,0,0,5.33333],"texture":"#3"},"down":{"uv":[0,0,0,5.33333],"rotation":180,"texture":"#3"}}},{"from":[8,1.25,4.5],"to":[8,17.25,20.5],"rotation":{"angle":-22.5,"axis":"x","origin":[8,9.25,12.5]},"faces":{"north":{"uv":[0,0,0,5.33333],"texture":"#3"},"east":{"uv":[16,16,0,0],"rotation":270,"texture":"#3"},"south":{"uv":[0,0,0,5.33333],"rotation":180,"texture":"#3"},"west":{"uv":[0,16,16,0],"rotation":90,"texture":"#3"},"up":{"uv":[0,5.33333,0,0],"texture":"#3"},"down":{"uv":[0,5.33333,0,0],"rotation":180,"texture":"#3"}}},{"from":[10.52034,5.60884,6.25],"to":[11.77034,6.10884,6.75],"rotation":{"angle":45,"axis":"z","origin":[9,7.16065,8]},"faces":{"north":{"uv":[13.33333,3.55556,13.88889,3.77778],"texture":"#1"},"east":{"uv":[12.44444,6.22222,12.66667,6.44444],"texture":"#1"},"south":{"uv":[13.33333,12,13.88889,12.22222],"texture":"#1"},"west":{"uv":[8,13.33333,8.22222,13.55556],"texture":"#1"},"up":{"uv":[13.88889,12.66667,13.33333,12.44444],"texture":"#1"},"down":{"uv":[13.88889,12.88889,13.33333,13.11111],"texture":"#1"}}},{"from":[10.00923,6.19638,6],"to":[11.25923,7.19638,7],"rotation":{"angle":22.5,"axis":"z","origin":[9,7.16065,8]},"faces":{"north":{"uv":[4.88889,8,5.44444,8.44444],"texture":"#1"},"east":{"uv":[2.66667,7.55556,3.11111,8],"texture":"#1"},"south":{"uv":[1.77778,9.33333,2.33333,9.77778],"texture":"#1"},"west":{"uv":[8.44444,8,8.88889,8.44444],"texture":"#1"},"up":{"uv":[10.33333,8,9.77778,7.55556],"texture":"#1"},"down":{"uv":[13.44444,4.88889,12.88889,5.33333],"texture":"#1"}}},{"from":[9.0625,6.45711,5.75],"to":[10.3125,7.95711,7.25],"rotation":{"angle":0,"axis":"y","origin":[9,7.16065,8]},"faces":{"north":{"uv":[13.33333,0.88889,13.88889,1.55556],"texture":"#1"},"east":{"uv":[12.88889,10.22222,13.55556,10.88889],"texture":"#1"},"south":{"uv":[13.33333,1.77778,13.88889,2.44444],"texture":"#1"},"west":{"uv":[12.88889,11.11111,13.55556,11.77778],"texture":"#1"},"up":{"uv":[13.88889,3.33333,13.33333,2.66667],"texture":"#1"},"down":{"uv":[12.11111,13.33333,11.55556,14],"texture":"#1"}}},{"from":[9.0625,6.45711,8.75],"to":[10.3125,7.95711,10.25],"rotation":{"angle":0,"axis":"y","origin":[9,7.16065,8]},"faces":{"north":{"uv":[13.33333,0.88889,13.88889,1.55556],"texture":"#1"},"east":{"uv":[12.88889,10.22222,13.55556,10.88889],"texture":"#1"},"south":{"uv":[13.33333,1.77778,13.88889,2.44444],"texture":"#1"},"west":{"uv":[12.88889,11.11111,13.55556,11.77778],"texture":"#1"},"up":{"uv":[13.88889,3.33333,13.33333,2.66667],"texture":"#1"},"down":{"uv":[12.11111,13.33333,11.55556,14],"texture":"#1"}}},{"from":[10.00923,6.19638,9],"to":[11.25923,7.19638,10],"rotation":{"angle":22.5,"axis":"z","origin":[9,7.16065,8]},"faces":{"north":{"uv":[4.88889,8,5.44444,8.44444],"texture":"#1"},"east":{"uv":[2.66667,7.55556,3.11111,8],"texture":"#1"},"south":{"uv":[1.77778,9.33333,2.33333,9.77778],"texture":"#1"},"west":{"uv":[8.44444,8,8.88889,8.44444],"texture":"#1"},"up":{"uv":[10.33333,8,9.77778,7.55556],"texture":"#1"},"down":{"uv":[13.44444,4.88889,12.88889,5.33333],"texture":"#1"}}},{"from":[10.52034,5.60884,9.25],"to":[11.77034,6.10884,9.75],"rotation":{"angle":45,"axis":"z","origin":[9,7.16065,8]},"faces":{"north":{"uv":[13.33333,3.55556,13.88889,3.77778],"texture":"#1"},"east":{"uv":[12.44444,6.22222,12.66667,6.44444],"texture":"#1"},"south":{"uv":[13.33333,12,13.88889,12.22222],"texture":"#1"},"west":{"uv":[8,13.33333,8.22222,13.55556],"texture":"#1"},"up":{"uv":[13.88889,12.66667,13.33333,12.44444],"texture":"#1"},"down":{"uv":[13.88889,12.88889,13.33333,13.11111],"texture":"#1"}}},{"from":[7.6578,0.75,6.38362],"to":[10.6578,8.25,9.38362],"rotation":{"angle":-45,"axis":"y","origin":[9,7.16065,8]},"faces":{"north":{"uv":[1.11111,6.22222,0,9.11111],"texture":"#1"},"east":{"uv":[0,6.22222,1.11111,9.11111],"texture":"#1"},"south":{"uv":[1.33333,6.22222,2.44444,9.11111],"texture":"#1"},"west":{"uv":[7.11111,5.33333,8.22222,8.22222],"texture":"#1"},"up":{"uv":[13.11111,2.44444,12,1.33333],"texture":"#1"},"down":{"uv":[13.11111,2.66667,12,3.77778],"texture":"#1"}}},{"from":[9.3125,5.93094,5.47971],"to":[10.8125,9.43094,8.97971],"rotation":{"angle":45,"axis":"x","origin":[9.25,6.91065,8]},"faces":{"north":{"uv":[4.88889,12.44444,5.55556,14],"texture":"#1"},"east":{"uv":[8.88889,3.55556,10.44444,5.11111],"texture":"#1"},"south":{"uv":[7.11111,12.44444,7.77778,14],"texture":"#1"},"west":{"uv":[8.88889,8,10.44444,9.55556],"texture":"#1"},"up":{"uv":[13.11111,13.55556,12.44444,12],"texture":"#1"},"down":{"uv":[2.44444,12.88889,1.77778,14.44444],"texture":"#1"}}},{"from":[4.22966,5.60884,6.25],"to":[5.47966,6.10884,6.75],"rotation":{"angle":-45,"axis":"z","origin":[7,7.16065,8]},"faces":{"north":{"uv":[13.88889,3.55556,13.33333,3.77778],"texture":"#1"},"east":{"uv":[8.22222,13.33333,8,13.55556],"texture":"#1"},"south":{"uv":[13.88889,12,13.33333,12.22222],"texture":"#1"},"west":{"uv":[12.66667,6.22222,12.44444,6.44444],"texture":"#1"},"up":{"uv":[13.33333,12.66667,13.88889,12.44444],"texture":"#1"},"down":{"uv":[13.33333,12.88889,13.88889,13.11111],"texture":"#1"}}},{"from":[4.74077,6.19638,6],"to":[5.99077,7.19638,7],"rotation":{"angle":-22.5,"axis":"z","origin":[7,7.16065,8]},"faces":{"north":{"uv":[5.44444,8,4.88889,8.44444],"texture":"#1"},"east":{"uv":[8.88889,8,8.44444,8.44444],"texture":"#1"},"south":{"uv":[2.33333,9.33333,1.77778,9.77778],"texture":"#1"},"west":{"uv":[3.11111,7.55556,2.66667,8],"texture":"#1"},"up":{"uv":[9.77778,8,10.33333,7.55556],"texture":"#1"},"down":{"uv":[12.88889,4.88889,13.44444,5.33333],"texture":"#1"}}},{"from":[5.6875,6.45711,5.75],"to":[6.9375,7.95711,7.25],"rotation":{"angle":0,"axis":"y","origin":[7,7.16065,8]},"faces":{"north":{"uv":[13.88889,0.88889,13.33333,1.55556],"texture":"#1"},"east":{"uv":[13.55556,11.11111,12.88889,11.77778],"texture":"#1"},"south":{"uv":[13.88889,1.77778,13.33333,2.44444],"texture":"#1"},"west":{"uv":[13.55556,10.22222,12.88889,10.88889],"texture":"#1"},"up":{"uv":[13.33333,3.33333,13.88889,2.66667],"texture":"#1"},"down":{"uv":[11.55556,13.33333,12.11111,14],"texture":"#1"}}},{"from":[5.6875,6.45711,8.75],"to":[6.9375,7.95711,10.25],"rotation":{"angle":0,"axis":"y","origin":[7,7.16065,8]},"faces":{"north":{"uv":[13.88889,0.88889,13.33333,1.55556],"texture":"#1"},"east":{"uv":[13.55556,11.11111,12.88889,11.77778],"texture":"#1"},"south":{"uv":[13.88889,1.77778,13.33333,2.44444],"texture":"#1"},"west":{"uv":[13.55556,10.22222,12.88889,10.88889],"texture":"#1"},"up":{"uv":[13.33333,3.33333,13.88889,2.66667],"texture":"#1"},"down":{"uv":[11.55556,13.33333,12.11111,14],"texture":"#1"}}},{"from":[4.74077,6.19638,9],"to":[5.99077,7.19638,10],"rotation":{"angle":-22.5,"axis":"z","origin":[7,7.16065,8]},"faces":{"north":{"uv":[5.44444,8,4.88889,8.44444],"texture":"#1"},"east":{"uv":[8.88889,8,8.44444,8.44444],"texture":"#1"},"south":{"uv":[2.33333,9.33333,1.77778,9.77778],"texture":"#1"},"west":{"uv":[3.11111,7.55556,2.66667,8],"texture":"#1"},"up":{"uv":[9.77778,8,10.33333,7.55556],"texture":"#1"},"down":{"uv":[12.88889,4.88889,13.44444,5.33333],"texture":"#1"}}},{"from":[4.22966,5.60884,9.25],"to":[5.47966,6.10884,9.75],"rotation":{"angle":-45,"axis":"z","origin":[7,7.16065,8]},"faces":{"north":{"uv":[13.88889,3.55556,13.33333,3.77778],"texture":"#1"},"east":{"uv":[8.22222,13.33333,8,13.55556],"texture":"#1"},"south":{"uv":[13.88889,12,13.33333,12.22222],"texture":"#1"},"west":{"uv":[12.66667,6.22222,12.44444,6.44444],"texture":"#1"},"up":{"uv":[13.33333,12.66667,13.88889,12.44444],"texture":"#1"},"down":{"uv":[13.33333,12.88889,13.88889,13.11111],"texture":"#1"}}},{"from":[5.3422,0.75,6.38362],"to":[8.3422,8.25,9.38362],"rotation":{"angle":45,"axis":"y","origin":[7,7.16065,8]},"faces":{"north":{"uv":[0,6.22222,1.11111,9.11111],"texture":"#1"},"east":{"uv":[8.22222,5.33333,7.11111,8.22222],"texture":"#1"},"south":{"uv":[2.44444,6.22222,1.33333,9.11111],"texture":"#1"},"west":{"uv":[1.11111,6.22222,0,9.11111],"texture":"#1"},"up":{"uv":[12,2.44444,13.11111,1.33333],"texture":"#1"},"down":{"uv":[12,2.66667,13.11111,3.77778],"texture":"#1"}}},{"from":[5.1875,5.93094,5.47971],"to":[6.6875,9.43094,8.97971],"rotation":{"angle":45,"axis":"x","origin":[6.75,6.91065,8]},"faces":{"north":{"uv":[5.55556,12.44444,4.88889,14],"texture":"#1"},"east":{"uv":[10.44444,8,8.88889,9.55556],"texture":"#1"},"south":{"uv":[7.77778,12.44444,7.11111,14],"texture":"#1"},"west":{"uv":[10.44444,3.55556,8.88889,5.11111],"texture":"#1"},"up":{"uv":[12.44444,13.55556,13.11111,12],"texture":"#1"},"down":{"uv":[1.77778,12.88889,2.44444,14.44444],"texture":"#1"}}},{"from":[6.75,7.95711,8.5],"to":[9.25,10.45711,11],"rotation":{"angle":22.5,"axis":"x","origin":[8,9.20711,9.75]},"faces":{"north":{"uv":[12.66666,11.77778,11.55555,10.66667],"texture":"#1"},"east":{"uv":[11.55556,6.66667,12.66667,7.77778],"texture":"#1"},"south":{"uv":[11.55556,8,12.66667,9.11111],"texture":"#1"},"west":{"uv":[12.66667,6.66666,11.55556,7.77777],"texture":"#1"},"up":{"uv":[12.66667,11.77778,11.55556,10.66667],"texture":"#1"},"down":{"uv":[11.55556,9.11111,12.66667,8],"texture":"#1"}}},{"from":[6.75,7.95711,5],"to":[9.25,10.45711,7.5],"rotation":{"angle":-22.5,"axis":"x","origin":[8,9.20711,6.25]},"faces":{"north":{"uv":[12.66667,8,11.55556,9.11111],"texture":"#1"},"east":{"uv":[12.66667,6.66667,11.55556,7.77778],"texture":"#1"},"south":{"uv":[11.55555,11.77778,12.66666,10.66667],"texture":"#1"},"west":{"uv":[11.55556,6.66666,12.66667,7.77777],"texture":"#1"},"up":{"uv":[12.66667,10.66667,11.55556,11.77778],"texture":"#1"},"down":{"uv":[11.55556,8,12.66667,9.11111],"texture":"#1"}}},{"from":[6.75,-10.04289,6.75],"to":[9.25,-7.54289,9.25],"rotation":{"angle":45,"axis":"x","origin":[8,-8.79289,8]},"faces":{"north":{"uv":[12.66666,11.77778,11.55555,10.66667],"texture":"#1"},"east":{"uv":[11.55556,6.66667,12.66667,7.77778],"texture":"#1"},"south":{"uv":[11.55556,10.66667,12.66667,11.77778],"texture":"#1"},"west":{"uv":[12.66667,6.66666,11.55556,7.77777],"texture":"#1"},"up":{"uv":[12.66667,11.77778,11.55556,10.66667],"texture":"#1"},"down":{"uv":[12.66667,11.77778,11.55556,10.66667],"texture":"#1"}}},{"from":[8.94065,7.05347,5.7],"to":[11.44065,10.55347,10.3],"rotation":{"angle":45,"axis":"z","origin":[10.75,6.91065,8.05]},"faces":{"north":{"uv":[10.66667,0,11.77778,1.55556],"texture":"#1"},"east":{"uv":[10.44445,0,8.44445,1.55556],"texture":"#1"},"south":{"uv":[11.77778,0,10.66667,1.55555],"texture":"#1"},"west":{"uv":[8.44444,0,10.44444,1.55556],"texture":"#1"},"up":{"uv":[4.66667,11.77778,3.55556,9.77778],"texture":"#1"},"down":{"uv":[10.88889,5.33333,9.77778,7.33333],"texture":"#1"}}},{"from":[4.55935,7.05347,5.65],"to":[7.05935,10.55347,10.35],"rotation":{"angle":-45,"axis":"z","origin":[5.25,6.91065,8.1]},"faces":{"north":{"uv":[11.77778,0,10.66667,1.55556],"texture":"#1"},"east":{"uv":[10.44444,0,8.44444,1.55556],"texture":"#1"},"south":{"uv":[10.66667,0,11.77778,1.55555],"texture":"#1"},"west":{"uv":[8.44445,0,10.44445,1.55556],"texture":"#1"},"up":{"uv":[3.55556,11.77778,4.66667,9.77778],"texture":"#1"},"down":{"uv":[9.77778,5.33333,10.88889,7.33333],"texture":"#1"}}},{"from":[8,0,0],"to":[8,16,16],"rotation":{"angle":0,"axis":"y","origin":[8.9375,2.91065,8]},"faces":{"north":{"uv":[0,0,0,5.33333],"texture":"#2"},"east":{"uv":[0,0,16,16],"texture":"#2"},"south":{"uv":[0,0,0,5.33333],"texture":"#2"},"west":{"uv":[16,0,0,16],"texture":"#2"},"up":{"uv":[0,0,0,5.33333],"texture":"#2"},"down":{"uv":[0,0,0,5.33333],"texture":"#2"}}},{"from":[6.825,-7.04234,6.23853],"to":[9.175,-4.94234,7.23853],"rotation":{"angle":22.5,"axis":"x","origin":[8,-6.41543,6.6731]},"faces":{"north":{"uv":[12.66667,8,11.55556,9.11111],"rotation":180,"texture":"#1"},"east":{"uv":[13.44444,6.22222,12.88889,7.33333],"rotation":180,"texture":"#1"},"south":{"uv":[12.66667,9.11111,11.55556,8],"texture":"#1"},"west":{"uv":[12.88889,7.33333,13.44444,6.22222],"texture":"#1"},"up":{"uv":[13.55556,7.33333,14.11111,6.22222],"rotation":90,"texture":"#1"},"down":{"uv":[14.22222,7.33333,14.77778,6.22222],"rotation":270,"texture":"#1"}}},{"from":[6.875,-7.78128,5.95073],"to":[9.125,-5.78128,6.95073],"rotation":{"angle":0,"axis":"y","origin":[8,-6.41543,6.6731]},"faces":{"north":{"uv":[12.66667,8,11.55556,9.11111],"rotation":180,"texture":"#1"},"east":{"uv":[13.44444,6.22222,12.88889,7.33333],"rotation":180,"texture":"#1"},"south":{"uv":[12.66667,9.11111,11.55556,8],"texture":"#1"},"west":{"uv":[12.88889,7.33333,13.44444,6.22222],"texture":"#1"},"up":{"uv":[13.55556,7.33333,14.11111,6.22222],"rotation":90,"texture":"#1"},"down":{"uv":[14.22222,7.33333,14.77778,6.22222],"rotation":270,"texture":"#1"}}},{"from":[6.825,-7.04234,8.76147],"to":[9.175,-4.94234,9.76147],"rotation":{"angle":-22.5,"axis":"x","origin":[8,-6.41543,9.3269]},"faces":{"north":{"uv":[11.55556,9.11111,12.66667,8],"texture":"#1"},"east":{"uv":[12.88889,6.22222,13.44444,7.33333],"rotation":180,"texture":"#1"},"south":{"uv":[11.55556,8,12.66667,9.11111],"rotation":180,"texture":"#1"},"west":{"uv":[13.44444,7.33333,12.88889,6.22222],"texture":"#1"},"up":{"uv":[14.11111,7.33333,13.55556,6.22222],"rotation":90,"texture":"#1"},"down":{"uv":[14.77778,7.33333,14.22222,6.22222],"rotation":270,"texture":"#1"}}},{"from":[6.875,-7.78128,9.04927],"to":[9.125,-5.78128,10.04927],"rotation":{"angle":0,"axis":"y","origin":[8,-6.41543,9.3269]},"faces":{"north":{"uv":[11.55556,9.11111,12.66667,8],"texture":"#1"},"east":{"uv":[12.88889,6.22222,13.44444,7.33333],"rotation":180,"texture":"#1"},"south":{"uv":[11.55556,8,12.66667,9.11111],"rotation":180,"texture":"#1"},"west":{"uv":[13.44444,7.33333,12.88889,6.22222],"texture":"#1"},"up":{"uv":[14.11111,7.33333,13.55556,6.22222],"rotation":90,"texture":"#1"},"down":{"uv":[14.77778,7.33333,14.22222,6.22222],"rotation":270,"texture":"#1"}}}],"gui_light":"front","display":{"thirdperson_righthand":{"translation":[0,13.5,2],"scale":[1.2,1.2,1.2]},"thirdperson_lefthand":{"translation":[0,13.5,2],"scale":[1.2,1.2,1.2]},"firstperson_righthand":{"rotation":[0,-5,0],"translation":[5.25,9.5,-5],"scale":[1.2,1.2,1.2]},"firstperson_lefthand":{"rotation":[0,-5,0],"translation":[5.25,9.5,-5],"scale":[1.2,1.2,1.2]},"ground":{"rotation":[-45,0,0],"translation":[0,11,-5],"scale":[0.84,0.84,0.84]},"gui":{"rotation":[-90,-45.03,-90],"translation":[3.1,3,0],"scale":[0.80187,0.80187,0.80187]},"head":{"scale":[0,0,0]},"fixed":{"rotation":[0,90,0],"translation":[0,18.25,-2.25],"scale":[2.5,2.5,2.5]}}}