{"credit":"MadewithBlockbench","texture_size":[36,36],"textures":{"0":"elitecreatures:oni_weapon_set/texture","1":"elitecreatures:oni_weapon_set/texture1","2":"elitecreatures:oni_weapon_set/animation_01","3":"elitecreatures:oni_weapon_set/animation_02","particle":"elitecreatures:oni_weapon_set/texture"},"elements":[{"from":[7.81775,5.7985,-7.90739],"to":[8.18225,7.621,15.60286],"rotation":{"angle":0,"axis":"y","origin":[8,6.325,8]},"faces":{"north":{"uv":[14.25,7,14,6],"rotation":180,"texture":"#0"},"east":{"uv":[3,0,4,13],"rotation":90,"texture":"#0"},"south":{"uv":[6.75,14,6.5,15],"texture":"#0"},"west":{"uv":[4,0,5,13],"rotation":270,"texture":"#0"},"up":{"uv":[5.5,0,5.75,13],"texture":"#0"},"down":{"uv":[5,0,5.25,13],"rotation":180,"texture":"#0"}}},{"from":[7.8218,6.45217,-9.48549],"to":[8.1782,6.87742,-7.46049],"rotation":{"angle":45,"axis":"x","origin":[8,6.66479,-8.47299]},"faces":{"north":{"uv":[14.5,6,14.75,6.25],"texture":"#0"},"east":{"uv":[14,4,15.125,4.25],"texture":"#0"},"south":{"uv":[14.5,6.5,14.75,6.75],"texture":"#0"},"west":{"uv":[14,4.5,15.125,4.75],"texture":"#0"},"up":{"uv":[9.75,14.625,9.5,13.5],"texture":"#0"},"down":{"uv":[12.25,13.5,12,14.625],"texture":"#0"}}},{"from":[7.81775,7.216,-9.32489],"to":[8.18225,7.621,-7.88713],"rotation":{"angle":0,"axis":"y","origin":[8,6.325,8]},"faces":{"north":{"uv":[7.25,14.75,7,14.5],"rotation":180,"texture":"#0"},"east":{"uv":[10,14,10.25,14.75],"rotation":90,"texture":"#0"},"south":{"uv":[14.75,7,14.5,7.25],"texture":"#0"},"west":{"uv":[11,14,11.25,14.75],"rotation":270,"texture":"#0"},"up":{"uv":[10.5,14,10.75,14.75],"texture":"#0"},"down":{"uv":[14,9.5,14.25,10.25],"rotation":180,"texture":"#0"}}},{"from":[7.82585,6.6648,-8.76661],"to":[8.17415,7.2723,-8.26036],"rotation":{"angle":0,"axis":"x","origin":[8,6.325,8]},"faces":{"north":{"uv":[14.75,5.875,14.5,5.5],"rotation":180,"texture":"#0"},"east":{"uv":[14.5,5,14.875,5.25],"rotation":90,"texture":"#0"},"south":{"uv":[6.25,14.5,6,14.875],"texture":"#0"},"west":{"uv":[5.5,14.5,5.875,14.75],"rotation":270,"texture":"#0"},"up":{"uv":[14.5,7.5,14.75,7.75],"texture":"#0"},"down":{"uv":[7.5,14.5,7.75,14.75],"rotation":180,"texture":"#0"}}},{"from":[7.82585,6.2598,-8.28061],"to":[8.17415,7.2723,-7.85536],"rotation":{"angle":0,"axis":"x","origin":[8,6.325,8]},"faces":{"north":{"uv":[4.75,15,4.5,14.5],"rotation":180,"texture":"#0"},"east":{"uv":[3.5,14.5,4,14.75],"rotation":90,"texture":"#0"},"south":{"uv":[5.25,14.5,5,15],"texture":"#0"},"west":{"uv":[4,14.5,4.5,14.75],"rotation":270,"texture":"#0"},"up":{"uv":[14.5,8,14.75,8.25],"texture":"#0"},"down":{"uv":[8,14.5,8.25,14.75],"rotation":180,"texture":"#0"}}},{"from":[8,4.9885,-12.79675],"to":[8,7.621,15.60286],"rotation":{"angle":0,"axis":"y","origin":[8,6.325,8]},"faces":{"north":{"uv":[0,1.5,0,0],"rotation":180,"texture":"#0"},"east":{"uv":[0,0,1.5,15.75],"rotation":90,"texture":"#0"},"south":{"uv":[0,0,0,1.5],"texture":"#0"},"west":{"uv":[1.5,0,3,15.75],"rotation":270,"texture":"#0"},"up":{"uv":[0,0,0,15.75],"texture":"#0"},"down":{"uv":[0,0,0,15.75],"rotation":180,"texture":"#0"}}},{"from":[7.24706,6.34894,17.60761],"to":[7.97606,7.07794,23.43961],"rotation":{"angle":-45,"axis":"z","origin":[8,6.325,8]},"faces":{"north":{"uv":[13.375,14.375,13,14],"rotation":180,"texture":"#0"},"east":{"uv":[10.5,10.5,10.875,13.75],"rotation":90,"texture":"#0"},"south":{"uv":[3.375,14.5,3,14.875],"texture":"#0"},"west":{"uv":[11,3.5,11.375,6.75],"rotation":270,"texture":"#0"},"up":{"uv":[11.375,3.5,11,6.75],"texture":"#0"},"down":{"uv":[10.5,7,10.875,10.25],"rotation":180,"texture":"#0"}}},{"from":[7.45325,5.77825,17.60761],"to":[8.54675,6.87175,23.43961],"rotation":{"angle":0,"axis":"y","origin":[8,6.325,8]},"faces":{"north":{"uv":[14.125,7.625,13.5,7],"rotation":180,"texture":"#0"},"east":{"uv":[6,8,6.625,11.25],"rotation":90,"texture":"#0"},"south":{"uv":[14.125,8,13.5,8.625],"texture":"#0"},"west":{"uv":[7,8,7.625,11.25],"rotation":270,"texture":"#0"},"up":{"uv":[8,6.5,8.625,9.75],"texture":"#0"},"down":{"uv":[8,3,8.625,6.25],"rotation":180,"texture":"#0"}}},{"from":[7.24706,5.57206,17.60761],"to":[7.97606,6.30106,23.43961],"rotation":{"angle":45,"axis":"z","origin":[8,6.325,8]},"faces":{"north":{"uv":[11.875,14.375,11.5,14],"rotation":180,"texture":"#0"},"east":{"uv":[8.5,10,8.875,13.25],"rotation":90,"texture":"#0"},"south":{"uv":[12.875,14,12.5,14.375],"texture":"#0"},"west":{"uv":[11.375,3.5,11,6.75],"rotation":270,"texture":"#0"},"up":{"uv":[10.5,0,10.875,3.25],"texture":"#0"},"down":{"uv":[11,3.5,11.375,6.75],"rotation":180,"texture":"#0"}}},{"from":[7.39858,5.72358,17.31602],"to":[8.60143,6.92643,23.73121],"rotation":{"angle":0,"axis":"y","origin":[8,6.325,8]},"faces":{"north":{"uv":[14.125,14.125,13.5,13.5],"rotation":180,"texture":"#0"},"east":{"uv":[6,4,6.625,7.625],"rotation":90,"texture":"#0"},"south":{"uv":[14.625,0,14,0.625],"texture":"#0"},"west":{"uv":[7,4,7.625,7.625],"rotation":270,"texture":"#0"},"up":{"uv":[7,0,7.625,3.625],"texture":"#0"},"down":{"uv":[6,0,6.625,3.625],"rotation":180,"texture":"#0"}}},{"from":[7.17177,6.35133,17.31602],"to":[7.97367,7.15323,23.73121],"rotation":{"angle":-45,"axis":"z","origin":[8,6.325,8]},"faces":{"north":{"uv":[7.5,14.5,7,14],"rotation":180,"texture":"#0"},"east":{"uv":[9,7,9.5,10.625],"rotation":90,"texture":"#0"},"south":{"uv":[8,14,7.5,14.5],"texture":"#0"},"west":{"uv":[9.5,4,10,7.625],"rotation":270,"texture":"#0"},"up":{"uv":[10,4,9.5,7.625],"texture":"#0"},"down":{"uv":[9,3,9.5,6.625],"rotation":180,"texture":"#0"}}},{"from":[7.17177,5.49677,17.31602],"to":[7.97367,6.29867,23.73121],"rotation":{"angle":45,"axis":"z","origin":[8,6.325,8]},"faces":{"north":{"uv":[8.5,14.5,8,14],"rotation":180,"texture":"#0"},"east":{"uv":[10,0,10.5,3.625],"rotation":90,"texture":"#0"},"south":{"uv":[14.5,9,14,9.5],"texture":"#0"},"west":{"uv":[8,10,8.5,13.625],"rotation":270,"texture":"#0"},"up":{"uv":[10,4,10.5,7.625],"texture":"#0"},"down":{"uv":[8.5,10,8,13.625],"rotation":180,"texture":"#0"}}},{"from":[7.09647,5.42147,16.07671],"to":[7.97127,6.29627,17.68052],"rotation":{"angle":45,"axis":"z","origin":[8,6.325,8]},"faces":{"north":{"uv":[14.5,5.5,14,5],"rotation":180,"texture":"#0"},"east":{"uv":[10,13,10.5,13.875],"rotation":90,"texture":"#0"},"south":{"uv":[6,14,5.5,14.5],"texture":"#0"},"west":{"uv":[11,13,11.5,13.875],"rotation":270,"texture":"#0"},"up":{"uv":[13,10.5,13.5,11.375],"texture":"#0"},"down":{"uv":[9,11,9.5,11.875],"rotation":180,"texture":"#0"}}},{"from":[7.3939,5.6689,23.43961],"to":[8.6061,6.9811,25.62662],"rotation":{"angle":0,"axis":"y","origin":[8.05,6.325,8]},"faces":{"north":{"uv":[13.75,4.75,13,4],"rotation":180,"texture":"#0"},"east":{"uv":[11.5,2.5,12.25,3.75],"rotation":90,"texture":"#0"},"south":{"uv":[5.75,13,5,13.75],"texture":"#0"},"west":{"uv":[11.5,5.5,12.25,6.75],"rotation":270,"texture":"#0"},"up":{"uv":[11.5,4,12.25,5.25],"texture":"#0"},"down":{"uv":[11.5,1,12.25,2.25],"rotation":180,"texture":"#0"}}},{"from":[7.09647,5.42147,23.36671],"to":[7.97127,6.29627,25.69951],"rotation":{"angle":45,"axis":"z","origin":[8,6.325,8]},"faces":{"north":{"uv":[10.5,12,10,11.5],"rotation":180,"texture":"#0"},"east":{"uv":[12,12,12.5,13.25],"rotation":90,"texture":"#0"},"south":{"uv":[7.5,12.5,7,13],"texture":"#0"},"west":{"uv":[12.5,1.5,13,2.75],"rotation":270,"texture":"#0"},"up":{"uv":[12.5,0,13,1.25],"texture":"#0"},"down":{"uv":[7.5,11.5,8,12.75],"rotation":180,"texture":"#0"}}},{"from":[7.09647,6.35373,23.36671],"to":[7.97127,7.22853,25.69951],"rotation":{"angle":-45,"axis":"z","origin":[8,6.325,8]},"faces":{"north":{"uv":[13.5,12,13,11.5],"rotation":180,"texture":"#0"},"east":{"uv":[12.5,4.5,13,5.75],"rotation":90,"texture":"#0"},"south":{"uv":[5.5,14,5,14.5],"texture":"#0"},"west":{"uv":[6.5,12.5,7,13.75],"rotation":270,"texture":"#0"},"up":{"uv":[6,12.5,6.5,13.75],"texture":"#0"},"down":{"uv":[12.5,3,13,4.25],"rotation":180,"texture":"#0"}}},{"from":[6.82541,6.36235,24.13217],"to":[7.96265,7.49959,25.07986],"rotation":{"angle":-45,"axis":"z","origin":[8,6.325,8]},"faces":{"north":{"uv":[14.125,12.125,13.5,11.5],"rotation":180,"texture":"#0"},"east":{"uv":[14,3,14.625,3.5],"rotation":90,"texture":"#0"},"south":{"uv":[14.125,12.5,13.5,13.125],"texture":"#0"},"west":{"uv":[4,14,4.625,14.5],"rotation":270,"texture":"#0"},"up":{"uv":[14,2.5,14.625,3],"texture":"#0"},"down":{"uv":[3,14,3.625,14.5],"rotation":180,"texture":"#0"}}},{"from":[7.19707,5.47207,24.13217],"to":[8.80293,7.17793,25.07986],"rotation":{"angle":0,"axis":"y","origin":[8.05,6.325,8]},"faces":{"north":{"uv":[12,8,11,7],"rotation":180,"texture":"#0"},"east":{"uv":[13,9,14,9.5],"rotation":90,"texture":"#0"},"south":{"uv":[12,8,11,9],"texture":"#0"},"west":{"uv":[13,10,14,10.5],"rotation":270,"texture":"#0"},"up":{"uv":[13,9.5,14,10],"texture":"#0"},"down":{"uv":[9,13,10,13.5],"rotation":180,"texture":"#0"}}},{"from":[6.82541,5.15041,24.13217],"to":[7.96265,6.28765,25.07986],"rotation":{"angle":45,"axis":"z","origin":[8,6.325,8]},"faces":{"north":{"uv":[9.125,14.125,8.5,13.5],"rotation":180,"texture":"#0"},"east":{"uv":[14,1.5,14.625,2],"rotation":90,"texture":"#0"},"south":{"uv":[14.125,10.5,13.5,11.125],"texture":"#0"},"west":{"uv":[14,2.5,14.625,3],"rotation":270,"texture":"#0"},"up":{"uv":[14,2,14.625,2.5],"texture":"#0"},"down":{"uv":[14,1,14.625,1.5],"rotation":180,"texture":"#0"}}},{"from":[7.09647,6.35373,16.07671],"to":[7.97127,7.22853,17.68052],"rotation":{"angle":-45,"axis":"z","origin":[8,6.325,8]},"faces":{"north":{"uv":[14.5,6,14,5.5],"rotation":180,"texture":"#0"},"east":{"uv":[12.5,13,13,13.875],"rotation":90,"texture":"#0"},"south":{"uv":[6.5,14,6,14.5],"texture":"#0"},"west":{"uv":[13.5,6,14,6.875],"rotation":270,"texture":"#0"},"up":{"uv":[13,13,13.5,13.875],"texture":"#0"},"down":{"uv":[11.5,13,12,13.875],"rotation":180,"texture":"#0"}}},{"from":[7.375,5.6689,16.07671],"to":[8.625,6.9811,17.68052],"rotation":{"angle":0,"axis":"y","origin":[8.0311,6.325,8]},"faces":{"north":{"uv":[13.75,5.75,13,5],"rotation":180,"texture":"#0"},"east":{"uv":[12,10,12.75,10.875],"rotation":90,"texture":"#0"},"south":{"uv":[7.75,13,7,13.75],"texture":"#0"},"west":{"uv":[12,11,12.75,11.875],"rotation":270,"texture":"#0"},"up":{"uv":[11,12,11.75,12.875],"texture":"#0"},"down":{"uv":[12,9,12.75,9.875],"rotation":180,"texture":"#0"}}},{"from":[6.19293,4.51793,15.56642],"to":[7.94254,6.26754,16.73281],"rotation":{"angle":45,"axis":"z","origin":[8,6.325,8]},"faces":{"north":{"uv":[12,10,11,9],"rotation":180,"texture":"#0"},"east":{"uv":[12.5,12,13.5,12.625],"rotation":90,"texture":"#0"},"south":{"uv":[12,9,11,10],"texture":"#0"},"west":{"uv":[5,13,4,13.625],"rotation":270,"texture":"#0"},"up":{"uv":[13,0,14,0.625],"texture":"#0"},"down":{"uv":[4,13,5,13.625],"rotation":180,"texture":"#0"}}},{"from":[6.7607,5.0128,15.63932],"to":[9.2393,7.6372,16.65991],"rotation":{"angle":0,"axis":"y","origin":[8,6.325,8]},"faces":{"north":{"uv":[9.375,1.5,8,0],"rotation":180,"texture":"#0"},"east":{"uv":[6,11.5,7.5,12.125],"rotation":90,"texture":"#0"},"south":{"uv":[9.375,0,8,1.5],"texture":"#0"},"west":{"uv":[12,7,13.5,7.625],"rotation":270,"texture":"#0"},"up":{"uv":[9,12,10.375,12.625],"texture":"#0"},"down":{"uv":[12,8,13.375,8.625],"rotation":180,"texture":"#0"}}},{"from":[6.19293,6.38247,15.56642],"to":[7.94254,8.13207,16.73281],"rotation":{"angle":-45,"axis":"z","origin":[8,6.325,8]},"faces":{"north":{"uv":[12,12,11,11],"rotation":180,"texture":"#0"},"east":{"uv":[3,13,4,13.625],"rotation":90,"texture":"#0"},"south":{"uv":[12,10,11,9],"texture":"#0"},"west":{"uv":[4,13,5,13.625],"rotation":270,"texture":"#0"},"up":{"uv":[5,13,4,13.625],"texture":"#0"},"down":{"uv":[13,2,14,2.625],"rotation":180,"texture":"#0"}}},{"from":[7.5,-1.5,0.5],"to":[7.5,14.5,16.5],"rotation":{"angle":0,"axis":"x","origin":[7.5,6.5,8.5]},"faces":{"north":{"uv":[0,0,0,5.33333],"rotation":180,"texture":"#3"},"east":{"uv":[0.25,1.33333,1.33333,0.25],"rotation":270,"texture":"#3"},"south":{"uv":[0,0,0,5.33333],"texture":"#3"},"west":{"uv":[0,0,16,16],"rotation":90,"texture":"#3"},"up":{"uv":[0,0,0,5.33333],"texture":"#3"},"down":{"uv":[0,0,0,5.33333],"rotation":180,"texture":"#3"}}},{"from":[8.5,-1.5,0.5],"to":[8.5,14.5,16.5],"rotation":{"angle":0,"axis":"x","origin":[8.5,6.5,8.5]},"faces":{"north":{"uv":[0,0,0,5.33333],"rotation":180,"texture":"#3"},"east":{"uv":[0,16,16,0],"rotation":90,"texture":"#3"},"south":{"uv":[0,0,0,5.33333],"texture":"#3"},"west":{"uv":[0.25,0.25,1.33333,1.33333],"rotation":270,"texture":"#3"},"up":{"uv":[0,0,0,5.33333],"texture":"#3"},"down":{"uv":[0,0,0,5.33333],"rotation":180,"texture":"#3"}}},{"from":[11.5,15.25,18.75],"to":[13,18.75,22.25],"rotation":{"angle":45,"axis":"x","origin":[11.25,17,20.5]},"faces":{"north":{"uv":[4.88889,12.44444,5.55556,14],"texture":"#1"},"east":{"uv":[8.88889,3.55556,10.44444,5.11111],"texture":"#1"},"south":{"uv":[7.11111,12.44444,7.77778,14],"texture":"#1"},"west":{"uv":[8.88889,8,10.44444,9.55556],"texture":"#1"},"up":{"uv":[13.11111,13.55556,12.44444,12],"texture":"#1"},"down":{"uv":[2.44444,12.88889,1.77778,14.44444],"texture":"#1"}}},{"from":[13.25,16.25711,18.75],"to":[14.5,16.75711,19.25],"rotation":{"angle":45,"axis":"z","origin":[13.875,16.50711,19]},"faces":{"north":{"uv":[13.33333,3.55556,13.88889,3.77778],"texture":"#1"},"east":{"uv":[12.44444,6.22222,12.66667,6.44444],"texture":"#1"},"south":{"uv":[13.33333,12,13.88889,12.22222],"texture":"#1"},"west":{"uv":[8,13.33333,8.22222,13.55556],"texture":"#1"},"up":{"uv":[13.88889,12.66667,13.33333,12.44444],"texture":"#1"},"down":{"uv":[13.88889,12.88889,13.33333,13.11111],"texture":"#1"}}},{"from":[12.5,15.60711,18.5],"to":[13.75,16.60711,19.5],"rotation":{"angle":22.5,"axis":"z","origin":[13.125,16.10711,19]},"faces":{"north":{"uv":[4.88889,8,5.44444,8.44444],"texture":"#1"},"east":{"uv":[2.66667,7.55556,3.11111,8],"texture":"#1"},"south":{"uv":[1.77778,9.33333,2.33333,9.77778],"texture":"#1"},"west":{"uv":[8.44444,8,8.88889,8.44444],"texture":"#1"},"up":{"uv":[10.33333,8,9.77778,7.55556],"texture":"#1"},"down":{"uv":[13.44444,4.88889,12.88889,5.33333],"texture":"#1"}}},{"from":[11.5,15.20711,18.25],"to":[12.75,16.70711,19.75],"rotation":{"angle":0,"axis":"x","origin":[12.375,15.95711,19]},"faces":{"north":{"uv":[13.33333,0.88889,13.88889,1.55556],"texture":"#1"},"east":{"uv":[12.88889,10.22222,13.55556,10.88889],"texture":"#1"},"south":{"uv":[13.33333,1.77778,13.88889,2.44444],"texture":"#1"},"west":{"uv":[12.88889,11.11111,13.55556,11.77778],"texture":"#1"},"up":{"uv":[13.88889,3.33333,13.33333,2.66667],"texture":"#1"},"down":{"uv":[12.11111,13.33333,11.55556,14],"texture":"#1"}}},{"from":[11.5,15.20711,21.25],"to":[12.75,16.70711,22.75],"rotation":{"angle":0,"axis":"x","origin":[12.375,15.95711,22]},"faces":{"north":{"uv":[13.33333,0.88889,13.88889,1.55556],"texture":"#1"},"east":{"uv":[12.88889,10.22222,13.55556,10.88889],"texture":"#1"},"south":{"uv":[13.33333,1.77778,13.88889,2.44444],"texture":"#1"},"west":{"uv":[12.88889,11.11111,13.55556,11.77778],"texture":"#1"},"up":{"uv":[13.88889,3.33333,13.33333,2.66667],"texture":"#1"},"down":{"uv":[12.11111,13.33333,11.55556,14],"texture":"#1"}}},{"from":[12.5,15.60711,21.5],"to":[13.75,16.60711,22.5],"rotation":{"angle":22.5,"axis":"z","origin":[13.125,16.10711,22]},"faces":{"north":{"uv":[4.88889,8,5.44444,8.44444],"texture":"#1"},"east":{"uv":[2.66667,7.55556,3.11111,8],"texture":"#1"},"south":{"uv":[1.77778,9.33333,2.33333,9.77778],"texture":"#1"},"west":{"uv":[8.44444,8,8.88889,8.44444],"texture":"#1"},"up":{"uv":[10.33333,8,9.77778,7.55556],"texture":"#1"},"down":{"uv":[13.44444,4.88889,12.88889,5.33333],"texture":"#1"}}},{"from":[13.25,16.25711,21.75],"to":[14.5,16.75711,22.25],"rotation":{"angle":45,"axis":"z","origin":[13.875,16.50711,22]},"faces":{"north":{"uv":[13.33333,3.55556,13.88889,3.77778],"texture":"#1"},"east":{"uv":[12.44444,6.22222,12.66667,6.44444],"texture":"#1"},"south":{"uv":[13.33333,12,13.88889,12.22222],"texture":"#1"},"west":{"uv":[8,13.33333,8.22222,13.55556],"texture":"#1"},"up":{"uv":[13.88889,12.66667,13.33333,12.44444],"texture":"#1"},"down":{"uv":[13.88889,12.88889,13.33333,13.11111],"texture":"#1"}}},{"from":[8.75,17.95711,16.25],"to":[11.25,20.45711,18.75],"rotation":{"angle":45,"axis":"x","origin":[10.5,19.20711,17.5]},"faces":{"north":{"uv":[12.66666,11.77778,11.55555,10.66667],"texture":"#1"},"east":{"uv":[11.55556,6.66667,12.66667,7.77778],"texture":"#1"},"south":{"uv":[11.55556,8,12.66667,9.11111],"texture":"#1"},"west":{"uv":[12.66667,6.66666,11.55556,7.77777],"texture":"#1"},"up":{"uv":[12.66667,11.77778,11.55556,10.66667],"texture":"#1"},"down":{"uv":[11.55556,9.11111,12.66667,8],"texture":"#1"}}},{"from":[8.75,17.95711,22.25],"to":[11.25,20.45711,24.75],"rotation":{"angle":45,"axis":"x","origin":[10.5,19.20711,23.5]},"faces":{"north":{"uv":[12.66666,11.77778,11.55555,10.66667],"texture":"#1"},"east":{"uv":[11.55556,6.66667,12.66667,7.77778],"texture":"#1"},"south":{"uv":[11.55556,8,12.66667,9.11111],"texture":"#1"},"west":{"uv":[12.66667,6.66666,11.55556,7.77777],"texture":"#1"},"up":{"uv":[12.66667,11.77778,11.55556,10.66667],"texture":"#1"},"down":{"uv":[11.55556,9.11111,12.66667,8],"texture":"#1"}}},{"from":[7.75,19.95711,19.25],"to":[10.25,22.45711,21.75],"rotation":{"angle":45,"axis":"x","origin":[9.5,21.20711,20.5]},"faces":{"north":{"uv":[12.66666,11.77778,11.55555,10.66667],"texture":"#1"},"east":{"uv":[11.55556,6.66667,12.66667,7.77778],"texture":"#1"},"south":{"uv":[11.55556,8,12.66667,9.11111],"texture":"#1"},"west":{"uv":[12.66667,6.66666,11.55556,7.77777],"texture":"#1"},"up":{"uv":[12.66667,11.77778,11.55556,10.66667],"texture":"#1"},"down":{"uv":[11.55556,9.11111,12.66667,8],"texture":"#1"}}},{"from":[9.75,9.5,18.25],"to":[12.75,17,21.25],"rotation":{"angle":-45,"axis":"y","origin":[10.5,14.35,20.6]},"faces":{"north":{"uv":[1.11111,6.22222,0,9.11111],"texture":"#1"},"east":{"uv":[0,6.22222,1.11111,9.11111],"texture":"#1"},"south":{"uv":[1.33333,6.22222,2.44444,9.11111],"texture":"#1"},"west":{"uv":[7.11111,5.33333,8.22222,8.22222],"texture":"#1"},"up":{"uv":[13.11111,2.44444,12,1.33333],"texture":"#1"},"down":{"uv":[13.11111,2.66667,12,3.77778],"texture":"#1"}}},{"from":[9.75,14.25,17.75],"to":[12.25,19.75,23.25],"rotation":{"angle":45,"axis":"x","origin":[10.5,17,20.5]},"faces":{"north":{"uv":[7.33333,10.88889,6.22222,8.44444],"texture":"#1"},"east":{"uv":[3.11111,5.33333,5.55556,7.77778],"texture":"#1"},"south":{"uv":[7.55555,10.88889,8.66667,8.44444],"texture":"#1"},"west":{"uv":[5.55555,5.33333,3.11111,7.77777],"texture":"#1"},"up":{"uv":[7.33333,10.88889,6.22222,8.44444],"texture":"#1"},"down":{"uv":[8.66667,8.44444,7.55556,10.88889],"texture":"#1"}}},{"from":[10.25,10.5,17.5],"to":[11.25,16.5,23.5],"rotation":{"angle":0,"axis":"z","origin":[10.75,12,20.5]},"faces":{"north":{"uv":[8.44444,11.11111,8.88889,13.77778],"texture":"#1"},"east":{"uv":[3.11111,0,5.77778,2.66667],"texture":"#1"},"south":{"uv":[3.55556,12,4,14.66667],"texture":"#1"},"west":{"uv":[3.11111,2.66667,5.77778,5.33333],"texture":"#1"},"up":{"uv":[4.44444,14.66667,4,12],"texture":"#1"},"down":{"uv":[4.88889,12,4.44444,14.66667],"texture":"#1"}}},{"from":[10,10.25,17.25],"to":[11.5,16.75,23.75],"rotation":{"angle":0,"axis":"z","origin":[10.75,12,20.5]},"faces":{"north":{"uv":[0,10.66667,0.66667,13.55556],"texture":"#1"},"east":{"uv":[0,0,2.88889,2.88889],"texture":"#1"},"south":{"uv":[0.88889,10.66667,1.55556,13.55556],"texture":"#1"},"west":{"uv":[0,0,2.88889,2.88889],"texture":"#1"},"up":{"uv":[11.33333,10.44444,10.66667,7.55556],"texture":"#1"},"down":{"uv":[11.33333,10.66667,10.66667,13.55556],"texture":"#1"}}},{"from":[8.6,14.75,18.25],"to":[11.1,18.25,22.75],"rotation":{"angle":45,"axis":"z","origin":[9.35,16.5,20.5]},"faces":{"north":{"uv":[10.66667,0,11.77778,1.55556],"texture":"#1"},"east":{"uv":[10.44445,0,8.44445,1.55556],"texture":"#1"},"south":{"uv":[11.77778,0,10.66667,1.55555],"texture":"#1"},"west":{"uv":[8.44444,0,10.44444,1.55556],"texture":"#1"},"up":{"uv":[4.66667,11.77778,3.55556,9.77778],"texture":"#1"},"down":{"uv":[10.88889,5.33333,9.77778,7.33333],"texture":"#1"}}},{"from":[10,13.5,17.25],"to":[11,15.5,23.75],"rotation":{"angle":22.5,"axis":"z","origin":[10.5,16,20.5]},"faces":{"north":{"uv":[8,12.44444,8.44444,13.33333],"texture":"#1"},"east":{"uv":[8.44444,1.77778,11.33333,2.66667],"texture":"#1"},"south":{"uv":[13.33333,0,13.77778,0.88889],"texture":"#1"},"west":{"uv":[8.88889,2.66667,11.77778,3.55556],"texture":"#1"},"up":{"uv":[6.66667,14,6.22222,11.11111],"texture":"#1"},"down":{"uv":[7.11111,11.11111,6.66667,14],"texture":"#1"}}},{"from":[9.75,13.25,17],"to":[11.25,15.75,24],"rotation":{"angle":22.5,"axis":"z","origin":[10.5,16,20.5]},"faces":{"north":{"uv":[12.88889,8.88889,13.55556,10],"texture":"#1"},"east":{"uv":[5.77778,2.66667,8.88889,3.77778],"texture":"#1"},"south":{"uv":[9.77778,12.88889,10.44444,14],"texture":"#1"},"west":{"uv":[5.77778,4,8.88889,5.11111],"texture":"#1"},"up":{"uv":[9.55556,12.88889,8.88889,9.77778],"texture":"#1"},"down":{"uv":[10.44444,9.77778,9.77778,12.88889],"texture":"#1"}}},{"from":[10,11.25,16.75],"to":[11.5,13.75,24.25],"rotation":{"angle":22.5,"axis":"z","origin":[10.75,14,20.5]},"faces":{"north":{"uv":[12.88889,8.88889,13.55556,10],"texture":"#1"},"east":{"uv":[5.77778,2.66667,8.88889,3.77778],"texture":"#1"},"south":{"uv":[9.77778,12.88889,10.44444,14],"texture":"#1"},"west":{"uv":[5.77778,4,8.88889,5.11111],"texture":"#1"},"up":{"uv":[9.55556,12.88889,8.88889,9.77778],"texture":"#1"},"down":{"uv":[10.44444,9.77778,9.77778,12.88889],"texture":"#1"}}},{"from":[10.25,11.5,17],"to":[11.25,13.5,24],"rotation":{"angle":22.5,"axis":"z","origin":[10.75,14,20.5]},"faces":{"north":{"uv":[8,12.44444,8.44444,13.33333],"texture":"#1"},"east":{"uv":[8.44444,1.77778,11.33333,2.66667],"texture":"#1"},"south":{"uv":[13.33333,0,13.77778,0.88889],"texture":"#1"},"west":{"uv":[8.88889,2.66667,11.77778,3.55556],"texture":"#1"},"up":{"uv":[6.66667,14,6.22222,11.11111],"texture":"#1"},"down":{"uv":[7.11111,11.11111,6.66667,14],"texture":"#1"}}},{"from":[10.25,9.25,16.5],"to":[11.75,11.75,24.5],"rotation":{"angle":22.5,"axis":"z","origin":[11,12,20.5]},"faces":{"north":{"uv":[12.88889,8.88889,13.55556,10],"texture":"#1"},"east":{"uv":[5.77778,2.66667,8.88889,3.77778],"texture":"#1"},"south":{"uv":[9.77778,12.88889,10.44444,14],"texture":"#1"},"west":{"uv":[5.77778,2.66667,8.88889,3.77778],"texture":"#1"},"up":{"uv":[9.55556,12.88889,8.88889,9.77778],"texture":"#1"},"down":{"uv":[10.44444,9.77778,9.77778,12.88889],"texture":"#1"}}},{"from":[10.5,9.5,16.75],"to":[11.5,11.5,24.25],"rotation":{"angle":22.5,"axis":"z","origin":[11,12,20.5]},"faces":{"north":{"uv":[8,12.44444,8.44444,13.33333],"texture":"#1"},"east":{"uv":[8.44444,1.77778,11.33333,2.66667],"texture":"#1"},"south":{"uv":[13.33333,0,13.77778,0.88889],"texture":"#1"},"west":{"uv":[8.44445,1.77778,11.33334,2.66667],"texture":"#1"},"up":{"uv":[6.66667,14,6.22222,11.11111],"texture":"#1"},"down":{"uv":[7.11111,11.11111,6.66667,14],"texture":"#1"}}},{"from":[10.5,13,12.5],"to":[10.5,29,28.5],"rotation":{"angle":0,"axis":"y","origin":[9.5,21,20.5]},"faces":{"north":{"uv":[0,0,0,5.33333],"texture":"#2"},"east":{"uv":[0,0,16,16],"texture":"#2"},"south":{"uv":[0,0,0,5.33333],"texture":"#2"},"west":{"uv":[0.25,0.25,1.33333,1.33333],"texture":"#2"},"up":{"uv":[0,0,0,5.33333],"texture":"#2"},"down":{"uv":[0,0,0,5.33333],"texture":"#2"}}}],"gui_light":"front","display":{"thirdperson_righthand":{"rotation":[90,0,0],"translation":[0,9.25,3.5],"scale":[0.9,0.9,0.9]},"thirdperson_lefthand":{"rotation":[89.5,0,0],"translation":[0,9.25,3.5],"scale":[0,0,0]},"firstperson_righthand":{"rotation":[60.25,0,0],"translation":[5.5,4,-10.25]},"firstperson_lefthand":{"rotation":[60.25,0,0],"translation":[5.5,4,-10.25],"scale":[0,0,0]},"ground":{"rotation":[45,0,0],"translation":[0,12,-5],"scale":[0.7,0.7,0.7]},"gui":{"rotation":[90,-45,90],"translation":[-0.4,0,0],"scale":[0.5089,0.5089,0.5089]},"head":{"scale":[0,0,0]},"fixed":{"rotation":[0,90,0],"translation":[-1,-4.25,-2.5],"scale":[2.08,2.08,2.08]}}}