{"credit":"MadewithBlockbench","texture_size":[20,20],"textures":{"1":"elitecreatures:oni_weapon_set/texture1","2":"elitecreatures:oni_weapon_set/animation_01","3":"elitecreatures:oni_weapon_set/animation_02","6":"elitecreatures:oni_weapon_set/texture5","particle":"elitecreatures:oni_weapon_set/texture"},"elements":[{"from":[7.75,7.99786,0.8],"to":[7.75,22.39786,15.2],"rotation":{"angle":0,"axis":"y","origin":[6.45313,11.28536,8]},"faces":{"north":{"uv":[0,0,0,5.33333],"texture":"#2"},"east":{"uv":[0,0,16,16],"texture":"#2"},"south":{"uv":[0,0,0,5.33333],"texture":"#2"},"west":{"uv":[16,0,0,16],"texture":"#2"},"up":{"uv":[0,0,0,5.33333],"texture":"#2"},"down":{"uv":[0,0,0,5.33333],"texture":"#2"}}},{"from":[8,-0.55214,-3.25],"to":[8,13.84786,11.15],"rotation":{"angle":-22.5,"axis":"x","origin":[8,6.64786,3.95]},"faces":{"north":{"uv":[0,0,0,5.33333],"texture":"#3"},"east":{"uv":[16,0,0,16],"rotation":180,"texture":"#3"},"south":{"uv":[0,0,0,5.33333],"texture":"#3"},"west":{"uv":[0,0,16,16],"rotation":180,"texture":"#3"},"up":{"uv":[0,0,0,5.33333],"texture":"#3"},"down":{"uv":[0,0,0,5.33333],"texture":"#3"}}},{"from":[8,-0.55214,4.85],"to":[8,13.84786,19.25],"rotation":{"angle":22.5,"axis":"x","origin":[8,6.64786,12.05]},"faces":{"north":{"uv":[0,0,0,5.33333],"texture":"#3"},"east":{"uv":[0,0,16,16],"rotation":180,"texture":"#3"},"south":{"uv":[0,0,0,5.33333],"texture":"#3"},"west":{"uv":[16,0,0,16],"rotation":180,"texture":"#3"},"up":{"uv":[0,5.33333,0,0],"texture":"#3"},"down":{"uv":[0,5.33333,0,0],"texture":"#3"}}},{"from":[6.9425,9.6827,10.80442],"to":[9.0575,10.5827,12.69442],"rotation":{"angle":-22.5,"axis":"x","origin":[6.45313,11.28536,8]},"faces":{"north":{"uv":[14.22222,7.33333,14.77778,6.22222],"rotation":90,"texture":"#1"},"east":{"uv":[13.44444,6.22222,12.88889,7.33333],"rotation":90,"texture":"#1"},"south":{"uv":[13.55556,7.33333,14.11111,6.22222],"rotation":90,"texture":"#1"},"west":{"uv":[12.88889,7.33333,13.44444,6.22222],"rotation":90,"texture":"#1"},"up":{"uv":[12.66667,8,11.55556,9.11111],"texture":"#1"},"down":{"uv":[12.66667,9.11111,11.55556,8],"texture":"#1"}}},{"from":[6.9875,8.73584,9.46438],"to":[9.0125,9.63584,11.26438],"rotation":{"angle":-45,"axis":"x","origin":[6.45313,11.28536,8]},"faces":{"north":{"uv":[14.22222,7.33333,14.77778,6.22222],"rotation":90,"texture":"#1"},"east":{"uv":[13.44444,6.22222,12.88889,7.33333],"rotation":90,"texture":"#1"},"south":{"uv":[13.55556,7.33333,14.11111,6.22222],"rotation":90,"texture":"#1"},"west":{"uv":[12.88889,7.33333,13.44444,6.22222],"rotation":90,"texture":"#1"},"up":{"uv":[12.66667,8,11.55556,9.11111],"texture":"#1"},"down":{"uv":[12.66667,9.11111,11.55556,8],"texture":"#1"}}},{"from":[6.9425,9.6827,3.30558],"to":[9.0575,10.5827,5.19558],"rotation":{"angle":22.5,"axis":"x","origin":[6.45313,11.28536,8]},"faces":{"north":{"uv":[13.55556,6.22222,14.11111,7.33333],"rotation":90,"texture":"#1"},"east":{"uv":[13.44444,7.33333,12.88889,6.22222],"rotation":90,"texture":"#1"},"south":{"uv":[14.22222,6.22222,14.77778,7.33333],"rotation":90,"texture":"#1"},"west":{"uv":[12.88889,6.22222,13.44444,7.33333],"rotation":90,"texture":"#1"},"up":{"uv":[12.66667,9.11111,11.55556,8],"texture":"#1"},"down":{"uv":[12.66667,8,11.55556,9.11111],"texture":"#1"}}},{"from":[7.805,8.45528,6.9425],"to":[9.695,9.35528,9.0575],"rotation":{"angle":0,"axis":"x","origin":[8.75,8.90528,8]},"faces":{"north":{"uv":[13.44444,7.33333,12.88889,6.22222],"rotation":270,"texture":"#1"},"east":{"uv":[13.55556,6.22222,14.11111,7.33333],"rotation":270,"texture":"#1"},"south":{"uv":[12.88889,6.22222,13.44444,7.33333],"rotation":270,"texture":"#1"},"west":{"uv":[14.22222,6.22222,14.77778,7.33333],"rotation":270,"texture":"#1"},"up":{"uv":[12.66667,8,11.55556,9.11111],"rotation":270,"texture":"#1"},"down":{"uv":[12.66667,9.11111,11.55556,8],"rotation":90,"texture":"#1"}}},{"from":[7.805,4.80528,6.9425],"to":[9.695,5.70528,9.0575],"rotation":{"angle":0,"axis":"x","origin":[8.75,5.25528,8]},"faces":{"north":{"uv":[13.44444,7.33333,12.88889,6.22222],"rotation":270,"texture":"#1"},"east":{"uv":[13.55556,6.22222,14.11111,7.33333],"rotation":270,"texture":"#1"},"south":{"uv":[12.88889,6.22222,13.44444,7.33333],"rotation":270,"texture":"#1"},"west":{"uv":[14.22222,6.22222,14.77778,7.33333],"rotation":270,"texture":"#1"},"up":{"uv":[12.66667,8,11.55556,9.11111],"rotation":270,"texture":"#1"},"down":{"uv":[12.66667,9.11111,11.55556,8],"rotation":90,"texture":"#1"}}},{"from":[6.9875,8.73584,4.73562],"to":[9.0125,9.63584,6.53562],"rotation":{"angle":45,"axis":"x","origin":[6.45313,11.28536,8]},"faces":{"north":{"uv":[13.55556,6.22222,14.11111,7.33333],"rotation":90,"texture":"#1"},"east":{"uv":[13.44444,7.33333,12.88889,6.22222],"rotation":90,"texture":"#1"},"south":{"uv":[14.22222,6.22222,14.77778,7.33333],"rotation":90,"texture":"#1"},"west":{"uv":[12.88889,6.22222,13.44444,7.33333],"rotation":90,"texture":"#1"},"up":{"uv":[12.66667,9.11111,11.55556,8],"texture":"#1"},"down":{"uv":[12.66667,8,11.55556,9.11111],"texture":"#1"}}},{"from":[5.49057,9.27281,6.425],"to":[6.61557,9.72281,6.875],"rotation":{"angle":-45,"axis":"z","origin":[6.45313,11.28536,8]},"faces":{"north":{"uv":[13.88889,3.55556,13.33333,3.77778],"texture":"#1"},"east":{"uv":[8.22222,13.33333,8,13.55556],"texture":"#1"},"south":{"uv":[13.88889,12,13.33333,12.22222],"texture":"#1"},"west":{"uv":[12.66667,6.22222,12.44444,6.44444],"texture":"#1"},"up":{"uv":[13.33333,12.66667,13.88889,12.44444],"texture":"#1"},"down":{"uv":[13.33333,12.88889,13.88889,13.11111],"texture":"#1"}}},{"from":[5.59834,9.26269,6.2],"to":[6.72334,10.16269,7.1],"rotation":{"angle":-22.5,"axis":"z","origin":[6.45313,11.28536,8]},"faces":{"north":{"uv":[5.44444,8,4.88889,8.44444],"texture":"#1"},"east":{"uv":[8.88889,8,8.44444,8.44444],"texture":"#1"},"south":{"uv":[2.33333,9.33333,1.77778,9.77778],"texture":"#1"},"west":{"uv":[3.11111,7.55556,2.66667,8],"texture":"#1"},"up":{"uv":[9.77778,8,10.33333,7.55556],"texture":"#1"},"down":{"uv":[12.88889,4.88889,13.44444,5.33333],"texture":"#1"}}},{"from":[5.91875,9.13425,5.975],"to":[7.04375,10.48425,7.325],"rotation":{"angle":0,"axis":"y","origin":[6.45313,11.28536,8]},"faces":{"north":{"uv":[13.88889,0.88889,13.33333,1.55556],"texture":"#1"},"east":{"uv":[13.55556,11.11111,12.88889,11.77778],"texture":"#1"},"south":{"uv":[13.88889,1.77778,13.33333,2.44444],"texture":"#1"},"west":{"uv":[13.55556,10.22222,12.88889,10.88889],"texture":"#1"},"up":{"uv":[13.33333,3.33333,13.88889,2.66667],"texture":"#1"},"down":{"uv":[11.55556,13.33333,12.11111,14],"texture":"#1"}}},{"from":[5.91875,9.13425,8.675],"to":[7.04375,10.48425,10.025],"rotation":{"angle":0,"axis":"y","origin":[6.45313,11.28536,8]},"faces":{"north":{"uv":[13.88889,0.88889,13.33333,1.55556],"texture":"#1"},"east":{"uv":[13.55556,11.11111,12.88889,11.77778],"texture":"#1"},"south":{"uv":[13.88889,1.77778,13.33333,2.44444],"texture":"#1"},"west":{"uv":[13.55556,10.22222,12.88889,10.88889],"texture":"#1"},"up":{"uv":[13.33333,3.33333,13.88889,2.66667],"texture":"#1"},"down":{"uv":[11.55556,13.33333,12.11111,14],"texture":"#1"}}},{"from":[5.59834,9.26269,8.9],"to":[6.72334,10.16269,9.8],"rotation":{"angle":-22.5,"axis":"z","origin":[6.45313,11.28536,8]},"faces":{"north":{"uv":[5.44444,8,4.88889,8.44444],"texture":"#1"},"east":{"uv":[8.88889,8,8.44444,8.44444],"texture":"#1"},"south":{"uv":[2.33333,9.33333,1.77778,9.77778],"texture":"#1"},"west":{"uv":[3.11111,7.55556,2.66667,8],"texture":"#1"},"up":{"uv":[9.77778,8,10.33333,7.55556],"texture":"#1"},"down":{"uv":[12.88889,4.88889,13.44444,5.33333],"texture":"#1"}}},{"from":[8.55,7.13176,7.55],"to":[9.45,8.50676,8.45],"rotation":{"angle":0,"axis":"z","origin":[9,7.94426,8]},"faces":{"north":{"uv":[5.44444,8,4.88889,8.44444],"rotation":270,"texture":"#1"},"east":{"uv":[9.77778,8,10.33333,7.55556],"rotation":90,"texture":"#1"},"south":{"uv":[2.33333,9.33333,1.77778,9.77778],"rotation":90,"texture":"#1"},"west":{"uv":[12.88889,4.88889,13.44444,5.33333],"rotation":90,"texture":"#1"},"up":{"uv":[3.11111,7.55556,2.66667,8],"rotation":90,"texture":"#1"},"down":{"uv":[8.88889,8,8.44444,8.44444],"rotation":90,"texture":"#1"}}},{"from":[8.55,5.74324,7.55],"to":[9.45,7.14324,8.45],"rotation":{"angle":0,"axis":"z","origin":[9,6.30574,8]},"faces":{"north":{"uv":[4.88889,8,5.44444,8.44444],"rotation":270,"texture":"#1"},"east":{"uv":[10.33333,8,9.77778,7.55556],"rotation":90,"texture":"#1"},"south":{"uv":[1.77778,9.33333,2.33333,9.77778],"rotation":90,"texture":"#1"},"west":{"uv":[13.44444,4.88889,12.88889,5.33333],"rotation":90,"texture":"#1"},"up":{"uv":[8.44444,8,8.88889,8.44444],"rotation":90,"texture":"#1"},"down":{"uv":[2.66667,7.55556,3.11111,8],"rotation":90,"texture":"#1"}}},{"from":[5.49057,9.27281,9.125],"to":[6.61557,9.72281,9.575],"rotation":{"angle":-45,"axis":"z","origin":[6.45313,11.28536,8]},"faces":{"north":{"uv":[13.88889,3.55556,13.33333,3.77778],"texture":"#1"},"east":{"uv":[8.22222,13.33333,8,13.55556],"texture":"#1"},"south":{"uv":[13.88889,12,13.33333,12.22222],"texture":"#1"},"west":{"uv":[12.66667,6.22222,12.44444,6.44444],"texture":"#1"},"up":{"uv":[13.33333,12.66667,13.88889,12.44444],"texture":"#1"},"down":{"uv":[13.33333,12.88889,13.88889,13.11111],"texture":"#1"}}},{"from":[5.41852,3.99786,7.00267],"to":[8.11852,10.74786,9.70267],"rotation":{"angle":45,"axis":"y","origin":[6.45313,11.28536,8]},"faces":{"north":{"uv":[0,6.22222,1.11111,9.11111],"texture":"#1"},"east":{"uv":[8.22222,5.33333,7.11111,8.22222],"texture":"#1"},"south":{"uv":[2.44444,6.22222,1.33333,9.11111],"texture":"#1"},"west":{"uv":[1.11111,6.22222,0,9.11111],"texture":"#1"},"up":{"uv":[12,2.44444,13.11111,1.33333],"texture":"#1"},"down":{"uv":[12,2.66667,13.11111,3.77778],"texture":"#1"}}},{"from":[5.46875,9.17118,6.96417],"to":[6.81875,12.32118,10.11417],"rotation":{"angle":45,"axis":"x","origin":[6.45313,11.28536,8]},"faces":{"north":{"uv":[5.55556,12.44444,4.88889,14],"texture":"#1"},"east":{"uv":[10.44444,8,8.88889,9.55556],"texture":"#1"},"south":{"uv":[7.77778,12.44444,7.11111,14],"texture":"#1"},"west":{"uv":[10.44444,3.55556,8.88889,5.11111],"texture":"#1"},"up":{"uv":[12.44444,13.55556,13.11111,12],"texture":"#1"},"down":{"uv":[1.77778,12.88889,2.44444,14.44444],"texture":"#1"}}},{"from":[6.875,11.06233,8.20616],"to":[9.125,13.31233,10.45616],"rotation":{"angle":22.5,"axis":"x","origin":[6.45313,11.28536,8]},"faces":{"north":{"uv":[12.66666,11.77778,11.55555,10.66667],"texture":"#1"},"east":{"uv":[11.55556,6.66667,12.66667,7.77778],"texture":"#1"},"south":{"uv":[11.55556,8,12.66667,9.11111],"texture":"#1"},"west":{"uv":[12.66667,6.66666,11.55556,7.77777],"texture":"#1"},"up":{"uv":[12.66667,11.77778,11.55556,10.66667],"texture":"#1"},"down":{"uv":[11.55556,9.11111,12.66667,8],"texture":"#1"}}},{"from":[6.875,11.06233,5.54384],"to":[9.125,13.31233,7.79384],"rotation":{"angle":-22.5,"axis":"x","origin":[6.45313,11.28536,8]},"faces":{"north":{"uv":[12.66667,8,11.55556,9.11111],"texture":"#1"},"east":{"uv":[12.66667,6.66667,11.55556,7.77778],"texture":"#1"},"south":{"uv":[11.55555,11.77778,12.66666,10.66667],"texture":"#1"},"west":{"uv":[11.55556,6.66666,12.66667,7.77777],"texture":"#1"},"up":{"uv":[12.66667,10.66667,11.55556,11.77778],"texture":"#1"},"down":{"uv":[11.55556,8,12.66667,9.11111],"texture":"#1"}}},{"from":[6.225,8.85143,8.18393],"to":[8.475,11.10143,10.43393],"rotation":{"angle":45,"axis":"x","origin":[6.45313,11.28536,8]},"faces":{"north":{"uv":[12.66666,11.77778,11.55555,10.66667],"texture":"#1"},"east":{"uv":[11.55556,6.66667,12.66667,7.77778],"texture":"#1"},"south":{"uv":[11.55556,10.66667,12.66667,11.77778],"texture":"#1"},"west":{"uv":[12.66667,6.66666,11.55556,7.77777],"texture":"#1"},"up":{"uv":[12.66667,11.77778,11.55556,10.66667],"texture":"#1"},"down":{"uv":[12.66667,11.77778,11.55556,10.66667],"texture":"#1"}}},{"from":[6.40769,9.52518,5.885],"to":[8.65769,12.67518,10.115],"rotation":{"angle":-45,"axis":"z","origin":[6.45313,11.28536,8]},"faces":{"north":{"uv":[11.77778,0,10.66667,1.55556],"texture":"#1"},"east":{"uv":[10.44444,0,8.44444,1.55556],"texture":"#1"},"south":{"uv":[10.66667,0,11.77778,1.55555],"texture":"#1"},"west":{"uv":[8.44445,0,10.44445,1.55556],"texture":"#1"},"up":{"uv":[3.55556,11.77778,4.66667,9.77778],"texture":"#1"},"down":{"uv":[9.77778,5.33333,10.88889,7.33333],"texture":"#1"}}},{"from":[6.75,1.75,6],"to":[7.75,10.75,10],"rotation":{"angle":0,"axis":"y","origin":[7.75,1.75,8]},"faces":{"north":{"uv":[3.2,7.2,4,14.4],"texture":"#6"},"east":{"uv":[0,0,3.2,7.2],"texture":"#6"},"south":{"uv":[4,7.2,4.8,14.4],"texture":"#6"},"west":{"uv":[3.2,0,6.4,7.2],"texture":"#6"},"up":{"uv":[8,13.6,7.2,10.4],"texture":"#6"},"down":{"uv":[8.8,10.4,8,13.6],"texture":"#6"}}},{"from":[6.85,-1.25,8.32843],"to":[7.85,3.5,13.07843],"rotation":{"angle":45,"axis":"x","origin":[7.35,5,10.82843]},"faces":{"north":{"uv":[9.6,8,10.4,11.8],"texture":"#6"},"east":{"uv":[6.4,0,10.2,3.8],"texture":"#6"},"south":{"uv":[10.4,0,11.2,3.8],"texture":"#6"},"west":{"uv":[6.4,4,10.2,7.8],"texture":"#6"},"up":{"uv":[11.2,7.8,10.4,4],"texture":"#6"},"down":{"uv":[7.2,10.4,6.4,14.2],"texture":"#6"}}},{"from":[7.85999,2.25,4.4197],"to":[8.85999,11.25,6.4197],"rotation":{"angle":-22.5,"axis":"y","origin":[8.35999,5.25,3.4197]},"faces":{"north":{"uv":[4.8,7.2,5.6,14.4],"texture":"#6"},"east":{"uv":[0,7.2,1.6,14.4],"texture":"#6"},"south":{"uv":[5.6,7.2,6.4,14.4],"texture":"#6"},"west":{"uv":[1.6,7.2,3.2,14.4],"texture":"#6"},"up":{"uv":[12.8,1.6,12,0],"texture":"#6"},"down":{"uv":[12.8,1.6,12,3.2],"texture":"#6"}}},{"from":[7.85999,8.5,3.4197],"to":[8.85999,11.5,5.4197],"rotation":{"angle":-22.5,"axis":"y","origin":[8.35999,5.5,2.4197]},"faces":{"north":{"uv":[11.2,2.4,12,4.8],"texture":"#6"},"east":{"uv":[6.4,8,8,10.4],"texture":"#6"},"south":{"uv":[11.2,4.8,12,7.2],"texture":"#6"},"west":{"uv":[8,8,9.6,10.4],"texture":"#6"},"up":{"uv":[12.8,4.8,12,3.2],"texture":"#6"},"down":{"uv":[12.8,4.8,12,6.4],"texture":"#6"}}},{"from":[7.85999,5,3.9197],"to":[8.85999,8,5.1697],"rotation":{"angle":-22.5,"axis":"y","origin":[8.35999,2,2.4197]},"faces":{"north":{"uv":[8.8,10.4,9.6,12.8],"texture":"#6"},"east":{"uv":[10.4,8,11.4,10.4],"texture":"#6"},"south":{"uv":[11.2,0,12,2.4],"texture":"#6"},"west":{"uv":[10.4,10.4,11.4,12.8],"texture":"#6"},"up":{"uv":[12.8,7.4,12,6.4],"texture":"#6"},"down":{"uv":[12.8,8,12,9],"texture":"#6"}}},{"from":[7.85999,2.25,9.5803],"to":[8.85999,11.25,11.5803],"rotation":{"angle":22.5,"axis":"y","origin":[8.35999,5.25,12.5803]},"faces":{"north":{"uv":[6.4,7.2,5.6,14.4],"texture":"#6"},"east":{"uv":[1.6,7.2,0,14.4],"texture":"#6"},"south":{"uv":[5.6,7.2,4.8,14.4],"texture":"#6"},"west":{"uv":[3.2,7.2,1.6,14.4],"texture":"#6"},"up":{"uv":[12.8,0,12,1.6],"texture":"#6"},"down":{"uv":[12.8,3.2,12,1.6],"texture":"#6"}}},{"from":[7.85999,5,10.8303],"to":[8.85999,8,12.0803],"rotation":{"angle":22.5,"axis":"y","origin":[8.35999,2,13.5803]},"faces":{"north":{"uv":[12,0,11.2,2.4],"texture":"#6"},"east":{"uv":[11.4,8,10.4,10.4],"texture":"#6"},"south":{"uv":[9.6,10.4,8.8,12.8],"texture":"#6"},"west":{"uv":[11.4,10.4,10.4,12.8],"texture":"#6"},"up":{"uv":[12.8,6.4,12,7.4],"texture":"#6"},"down":{"uv":[12.8,9,12,8],"texture":"#6"}}},{"from":[7.85999,8.5,10.5803],"to":[8.85999,11.5,12.5803],"rotation":{"angle":22.5,"axis":"y","origin":[8.35999,5.5,13.5803]},"faces":{"north":{"uv":[12,4.8,11.2,7.2],"texture":"#6"},"east":{"uv":[8,8,6.4,10.4],"texture":"#6"},"south":{"uv":[12,2.4,11.2,4.8],"texture":"#6"},"west":{"uv":[9.6,8,8,10.4],"texture":"#6"},"up":{"uv":[12.8,3.2,12,4.8],"texture":"#6"},"down":{"uv":[12.8,6.4,12,4.8],"texture":"#6"}}}],"gui_light":"front","display":{"thirdperson_righthand":{"rotation":[-180,0,-180],"translation":[4,-0.5,2.25],"scale":[1.51,1.51,1.51]},"thirdperson_lefthand":{"rotation":[-180,0,-180],"translation":[4,-0.5,2.25],"scale":[1.51,1.51,1.51]},"firstperson_righthand":{"rotation":[0,-90,0],"translation":[-1.25,2.5,0.5]},"firstperson_lefthand":{"rotation":[0,-90,0],"translation":[-1.25,2.5,0.5]},"ground":{"translation":[0,9,0],"scale":[0.96,0.96,0.96]},"gui":{"rotation":[-90,90,90],"translation":[0,1.75,0],"scale":[1.01156,1.01156,1.01156]},"head":{"rotation":[0,90,0],"translation":[0,-14.25,5.75],"scale":[0,0,0]},"fixed":{"rotation":[0,-90,0],"translation":[0,4,-1.5],"scale":[3.5,3.5,3.5]}}}