{"credit":"MadewithBlockbench","textures":{"0":"elitecreatures:oni_weapon_set/texture","1":"elitecreatures:oni_weapon_set/texture1","2":"elitecreatures:oni_weapon_set/animation_01","3":"elitecreatures:oni_weapon_set/animation_02","particle":"elitecreatures:oni_weapon_set/texture"},"elements":[{"from":[7.45325,-5.73679,7.45325],"to":[8.54675,0.09521,8.54675],"rotation":{"angle":-45,"axis":"y","origin":[8,0.05421,8]},"faces":{"north":{"uv":[6,8,6.625,11.25],"texture":"#0"},"east":{"uv":[6,8,6.625,11.25],"texture":"#0"},"south":{"uv":[6,8,6.625,11.25],"texture":"#0"},"west":{"uv":[7,8,7.625,11.25],"texture":"#0"},"up":{"uv":[14.125,7.625,13.5,7],"texture":"#0"},"down":{"uv":[14.125,8,13.5,8.625],"texture":"#0"}}},{"from":[7.45325,0.01321,7.45325],"to":[8.54675,5.84521,8.54675],"rotation":{"angle":-45,"axis":"y","origin":[8,0.05421,8]},"faces":{"north":{"uv":[6,8,6.625,11.25],"texture":"#0"},"east":{"uv":[6,8,6.625,11.25],"texture":"#0"},"south":{"uv":[7,8,7.625,11.25],"texture":"#0"},"west":{"uv":[7,8,7.625,11.25],"texture":"#0"},"up":{"uv":[14.125,7.625,13.5,7],"texture":"#0"},"down":{"uv":[14.125,8,13.5,8.625],"texture":"#0"}}},{"from":[7.39858,-6.02839,7.39858],"to":[8.60143,0.3868,8.60143],"rotation":{"angle":-45,"axis":"y","origin":[8,0.0542,8]},"faces":{"north":{"uv":[6,4,6.625,7.625],"texture":"#0"},"east":{"uv":[6,4,6.625,7.625],"texture":"#0"},"south":{"uv":[7,4,7.625,7.625],"texture":"#0"},"west":{"uv":[7,4,7.625,7.625],"texture":"#0"},"up":{"uv":[14.125,14.125,13.5,13.5],"texture":"#0"},"down":{"uv":[14.625,0,14,0.625],"texture":"#0"}}},{"from":[7.39858,-0.27839,7.39858],"to":[8.60143,6.1368,8.60143],"rotation":{"angle":-45,"axis":"y","origin":[8,0.0542,8]},"faces":{"north":{"uv":[6,4,6.625,7.625],"texture":"#0"},"east":{"uv":[6,4,6.625,7.625],"texture":"#0"},"south":{"uv":[7,4,7.625,7.625],"texture":"#0"},"west":{"uv":[7,4,7.625,7.625],"texture":"#0"},"up":{"uv":[14.125,14.125,13.5,13.5],"texture":"#0"},"down":{"uv":[14.625,0,14,0.625],"texture":"#0"}}},{"from":[7.09647,5.7723,7.09647],"to":[7.97127,7.37611,7.97127],"rotation":{"angle":-45,"axis":"y","origin":[8,3.075,8]},"faces":{"north":{"uv":[9,11,9.5,11.875],"texture":"#0"},"east":{"uv":[10,13,10.5,13.875],"texture":"#0"},"south":{"uv":[13,10.5,13.5,11.375],"texture":"#0"},"west":{"uv":[11,13,11.5,13.875],"texture":"#0"},"up":{"uv":[14.5,5.5,14,5],"texture":"#0"},"down":{"uv":[6,14,5.5,14.5],"texture":"#0"}}},{"from":[7.3939,-7.9238,7.3439],"to":[8.6061,-5.73679,8.6561],"rotation":{"angle":0,"axis":"y","origin":[8,-2.675,8]},"faces":{"north":{"uv":[11.5,1,12.25,2.25],"texture":"#0"},"east":{"uv":[11.5,5.5,12.25,6.75],"texture":"#0"},"south":{"uv":[11.5,4,12.25,5.25],"texture":"#0"},"west":{"uv":[11.5,5.5,12.25,6.75],"texture":"#0"},"up":{"uv":[13.75,4.75,13,4],"texture":"#0"},"down":{"uv":[5.75,13,5,13.75],"texture":"#0"}}},{"from":[7.09647,-7.99669,7.09647],"to":[7.97127,-5.66389,7.97127],"rotation":{"angle":-45,"axis":"y","origin":[8,-2.675,8]},"faces":{"north":{"uv":[13,1.5,12.5,2.75],"texture":"#0"},"east":{"uv":[12,12,12.5,13.25],"texture":"#0"},"south":{"uv":[12.5,0,13,1.25],"texture":"#0"},"west":{"uv":[12.5,1.5,13,2.75],"texture":"#0"},"up":{"uv":[10.5,12,10,11.5],"texture":"#0"},"down":{"uv":[7.5,12.5,7,13],"texture":"#0"}}},{"from":[7.09647,-7.99669,8.02873],"to":[7.97127,-5.66389,8.90353],"rotation":{"angle":45,"axis":"y","origin":[8,-2.675,8]},"faces":{"north":{"uv":[12.5,3,13,4.25],"texture":"#0"},"east":{"uv":[12.5,4.5,13,5.75],"texture":"#0"},"south":{"uv":[7,12.5,6.5,13.75],"texture":"#0"},"west":{"uv":[6.5,12.5,7,13.75],"texture":"#0"},"up":{"uv":[13.5,12,13,11.5],"texture":"#0"},"down":{"uv":[5.5,14,5,14.5],"texture":"#0"}}},{"from":[7.09647,5.7723,8.02873],"to":[7.97127,7.37611,8.90353],"rotation":{"angle":45,"axis":"y","origin":[8,3.075,8]},"faces":{"north":{"uv":[11.5,13,12,13.875],"texture":"#0"},"east":{"uv":[12.5,13,13,13.875],"texture":"#0"},"south":{"uv":[13,13,13.5,13.875],"texture":"#0"},"west":{"uv":[13.5,6,14,6.875],"texture":"#0"},"up":{"uv":[14.5,6,14,5.5],"texture":"#0"},"down":{"uv":[6.5,14,6,14.5],"texture":"#0"}}},{"from":[7.375,5.7723,7.3439],"to":[8.625,7.37611,8.6561],"rotation":{"angle":0,"axis":"y","origin":[8,3.075,8]},"faces":{"north":{"uv":[12,9,12.75,9.875],"texture":"#0"},"east":{"uv":[12,10,12.75,10.875],"texture":"#0"},"south":{"uv":[11,12,11.75,12.875],"texture":"#0"},"west":{"uv":[12,11,12.75,11.875],"texture":"#0"},"up":{"uv":[13.75,5.75,13,5],"texture":"#0"},"down":{"uv":[7.75,13,7,13.75],"texture":"#0"}}},{"from":[7,8.08166,5.46618],"to":[9,11.08166,7.46618],"rotation":{"angle":0,"axis":"x","origin":[8,10.77392,6.69226]},"faces":{"north":{"uv":[15.55556,8.55556,14.66667,9.88889],"texture":"#1"},"east":{"uv":[14.55556,8.88889,13.66667,7.55556],"texture":"#1"},"south":{"uv":[14.55556,9,13.66667,10.33333],"rotation":180,"texture":"#1"},"west":{"uv":[14.55556,7.55556,13.66667,8.88889],"rotation":180,"texture":"#1"},"up":{"uv":[14.66667,8.44444,15.55556,7.55556],"rotation":180,"texture":"#1"},"down":{"uv":[12.66667,5.11111,14.66667,3.11111],"texture":"#1"}}},{"from":[7.25,10.58694,5.69487],"to":[8.75,13.33694,7.19487],"rotation":{"angle":22.5,"axis":"x","origin":[8,10.77392,6.69226]},"faces":{"north":{"uv":[14.66667,9.88889,15.55556,8.55556],"texture":"#1"},"east":{"uv":[14.55556,8.88889,13.66667,7.55556],"texture":"#1"},"south":{"uv":[14.55556,9,13.66667,10.33333],"rotation":180,"texture":"#1"},"west":{"uv":[14.55556,7.55556,13.66667,8.88889],"rotation":180,"texture":"#1"},"up":{"uv":[14.66667,8.44444,15.55556,7.55556],"rotation":180,"texture":"#1"},"down":{"uv":[12.66667,5.11111,14.66667,3.11111],"texture":"#1"}}},{"from":[6.875,7.80042,4.60454],"to":[9.125,9.80042,5.60454],"rotation":{"angle":45,"axis":"x","origin":[8,8.43457,5.3269]},"faces":{"north":{"uv":[12.66667,9.11111,11.55556,8],"rotation":180,"texture":"#1"},"east":{"uv":[13.44444,7.33333,12.88889,6.22222],"rotation":180,"texture":"#1"},"south":{"uv":[12.66667,8,11.55556,9.11111],"texture":"#1"},"west":{"uv":[12.88889,6.22222,13.44444,7.33333],"texture":"#1"},"up":{"uv":[14.22222,6.22222,14.77778,7.33333],"rotation":90,"texture":"#1"},"down":{"uv":[13.55556,6.22222,14.11111,7.33333],"rotation":270,"texture":"#1"}}},{"from":[6.825,6.96147,4.89234],"to":[9.175,9.06147,5.89234],"rotation":{"angle":22.5,"axis":"x","origin":[8,8.43457,5.3269]},"faces":{"north":{"uv":[12.66667,9.11111,11.55556,8],"rotation":180,"texture":"#1"},"east":{"uv":[13.44444,7.33333,12.88889,6.22222],"rotation":180,"texture":"#1"},"south":{"uv":[12.66667,8,11.55556,9.11111],"texture":"#1"},"west":{"uv":[12.88889,6.22222,13.44444,7.33333],"texture":"#1"},"up":{"uv":[14.22222,6.22222,14.77778,7.33333],"rotation":90,"texture":"#1"},"down":{"uv":[13.55556,6.22222,14.11111,7.33333],"rotation":270,"texture":"#1"}}},{"from":[6.875,7.80042,10.39546],"to":[9.125,9.80042,11.39546],"rotation":{"angle":-45,"axis":"x","origin":[8,8.43457,10.6731]},"faces":{"north":{"uv":[11.55556,8,12.66667,9.11111],"texture":"#1"},"east":{"uv":[12.88889,7.33333,13.44444,6.22222],"rotation":180,"texture":"#1"},"south":{"uv":[11.55556,9.11111,12.66667,8],"rotation":180,"texture":"#1"},"west":{"uv":[13.44444,6.22222,12.88889,7.33333],"texture":"#1"},"up":{"uv":[14.77778,6.22222,14.22222,7.33333],"rotation":90,"texture":"#1"},"down":{"uv":[14.11111,6.22222,13.55556,7.33333],"rotation":270,"texture":"#1"}}},{"from":[6.825,6.96147,10.10766],"to":[9.175,9.06147,11.10766],"rotation":{"angle":-22.5,"axis":"x","origin":[8,8.43457,10.6731]},"faces":{"north":{"uv":[11.55556,8,12.66667,9.11111],"texture":"#1"},"east":{"uv":[12.88889,7.33333,13.44444,6.22222],"rotation":180,"texture":"#1"},"south":{"uv":[11.55556,9.11111,12.66667,8],"rotation":180,"texture":"#1"},"west":{"uv":[13.44444,6.22222,12.88889,7.33333],"texture":"#1"},"up":{"uv":[14.77778,6.22222,14.22222,7.33333],"rotation":90,"texture":"#1"},"down":{"uv":[14.11111,6.22222,13.55556,7.33333],"rotation":270,"texture":"#1"}}},{"from":[7,8.08166,8.53382],"to":[9,11.08166,10.53382],"rotation":{"angle":0,"axis":"x","origin":[8,10.77392,9.30774]},"faces":{"north":{"uv":[13.66667,9,14.55556,10.33333],"rotation":180,"texture":"#1"},"east":{"uv":[13.66667,8.88889,14.55556,7.55556],"texture":"#1"},"south":{"uv":[14.66667,8.55556,15.55556,9.88889],"texture":"#1"},"west":{"uv":[13.66667,7.55556,14.55556,8.88889],"rotation":180,"texture":"#1"},"up":{"uv":[14.66667,7.55556,15.55556,8.44444],"rotation":180,"texture":"#1"},"down":{"uv":[12.66667,3.11111,14.66667,5.11111],"texture":"#1"}}},{"from":[7.25,10.58694,8.80513],"to":[8.75,13.33694,10.30513],"rotation":{"angle":-22.5,"axis":"x","origin":[8,10.77392,9.30774]},"faces":{"north":{"uv":[13.66667,9,14.55556,10.33333],"rotation":180,"texture":"#1"},"east":{"uv":[13.66667,8.88889,14.55556,7.55556],"texture":"#1"},"south":{"uv":[15.55556,9.88889,14.66667,8.55556],"texture":"#1"},"west":{"uv":[13.66667,7.55556,14.55556,8.88889],"rotation":180,"texture":"#1"},"up":{"uv":[14.66667,7.55556,15.55556,8.44444],"rotation":180,"texture":"#1"},"down":{"uv":[12.66667,3.11111,14.66667,5.11111],"texture":"#1"}}},{"from":[8,0.25,0],"to":[8,16.25,16],"rotation":{"angle":-45,"axis":"x","origin":[8,8.25,8]},"faces":{"north":{"uv":[0,0,0,5.33333],"texture":"#3"},"east":{"uv":[16,16,0,0],"rotation":90,"texture":"#3"},"south":{"uv":[0,0,0,5.33333],"rotation":180,"texture":"#3"},"west":{"uv":[0,16,16,0],"rotation":270,"texture":"#3"},"up":{"uv":[0,5.33333,0,0],"rotation":180,"texture":"#3"},"down":{"uv":[0,5.33333,0,0],"texture":"#3"}}},{"from":[8,0.25,0],"to":[8,16.25,16],"rotation":{"angle":-45,"axis":"x","origin":[8,8.25,8]},"faces":{"north":{"uv":[0,5.33333,0,0],"texture":"#3"},"east":{"uv":[0,16,16,0],"rotation":180,"texture":"#3"},"south":{"uv":[0,5.33333,0,0],"texture":"#3"},"west":{"uv":[16,16,0,0],"rotation":180,"texture":"#3"},"up":{"uv":[0,0,0,5.33333],"rotation":180,"texture":"#3"},"down":{"uv":[0,0,0,5.33333],"rotation":180,"texture":"#3"}}},{"from":[4.45788,6.46362,9.125],"to":[5.58288,6.91362,9.575],"rotation":{"angle":-45,"axis":"z","origin":[6.75,6.5,8]},"faces":{"north":{"uv":[13.33333,12,13.88889,12.22222],"texture":"#1"},"east":{"uv":[8,13.33333,8.22222,13.55556],"texture":"#1"},"south":{"uv":[13.33333,3.55556,13.88889,3.77778],"texture":"#1"},"west":{"uv":[12.44444,6.22222,12.66667,6.44444],"texture":"#1"},"up":{"uv":[13.88889,12.66667,13.33333,12.44444],"rotation":180,"texture":"#1"},"down":{"uv":[13.88889,12.88889,13.33333,13.11111],"rotation":180,"texture":"#1"}}},{"from":[5.42311,6.81187,8.9],"to":[6.54811,7.71187,9.8],"rotation":{"angle":-22.5,"axis":"z","origin":[6.75,6.5,8]},"faces":{"north":{"uv":[1.77778,9.33333,2.33333,9.77778],"texture":"#1"},"east":{"uv":[8.44444,8,8.88889,8.44444],"texture":"#1"},"south":{"uv":[4.88889,8,5.44444,8.44444],"texture":"#1"},"west":{"uv":[2.66667,7.55556,3.11111,8],"texture":"#1"},"up":{"uv":[10.33333,8,9.77778,7.55556],"rotation":180,"texture":"#1"},"down":{"uv":[13.44444,4.88889,12.88889,5.33333],"rotation":180,"texture":"#1"}}},{"from":[6.67285,6.6864,8.675],"to":[7.79785,8.0364,10.025],"rotation":{"angle":0,"axis":"y","origin":[6.75,6.5,8]},"faces":{"north":{"uv":[13.33333,1.77778,13.88889,2.44444],"texture":"#1"},"east":{"uv":[12.88889,11.11111,13.55556,11.77778],"texture":"#1"},"south":{"uv":[13.33333,0.88889,13.88889,1.55556],"texture":"#1"},"west":{"uv":[12.88889,10.22222,13.55556,10.88889],"texture":"#1"},"up":{"uv":[13.88889,3.33333,13.33333,2.66667],"rotation":180,"texture":"#1"},"down":{"uv":[12.11111,13.33333,11.55556,14],"rotation":180,"texture":"#1"}}},{"from":[6.67285,6.6864,5.975],"to":[7.79785,8.0364,7.325],"rotation":{"angle":0,"axis":"y","origin":[6.75,6.5,8]},"faces":{"north":{"uv":[13.33333,1.77778,13.88889,2.44444],"texture":"#1"},"east":{"uv":[12.88889,11.11111,13.55556,11.77778],"texture":"#1"},"south":{"uv":[13.33333,0.88889,13.88889,1.55556],"texture":"#1"},"west":{"uv":[12.88889,10.22222,13.55556,10.88889],"texture":"#1"},"up":{"uv":[13.88889,3.33333,13.33333,2.66667],"rotation":180,"texture":"#1"},"down":{"uv":[12.11111,13.33333,11.55556,14],"rotation":180,"texture":"#1"}}},{"from":[5.42311,6.81187,6.2],"to":[6.54811,7.71187,7.1],"rotation":{"angle":-22.5,"axis":"z","origin":[6.75,6.5,8]},"faces":{"north":{"uv":[1.77778,9.33333,2.33333,9.77778],"texture":"#1"},"east":{"uv":[8.44444,8,8.88889,8.44444],"texture":"#1"},"south":{"uv":[4.88889,8,5.44444,8.44444],"texture":"#1"},"west":{"uv":[2.66667,7.55556,3.11111,8],"texture":"#1"},"up":{"uv":[10.33333,8,9.77778,7.55556],"rotation":180,"texture":"#1"},"down":{"uv":[13.44444,4.88889,12.88889,5.33333],"rotation":180,"texture":"#1"}}},{"from":[4.45788,6.46362,6.425],"to":[5.58288,6.91362,6.875],"rotation":{"angle":-45,"axis":"z","origin":[6.75,6.5,8]},"faces":{"north":{"uv":[13.33333,12,13.88889,12.22222],"texture":"#1"},"east":{"uv":[8,13.33333,8.22222,13.55556],"texture":"#1"},"south":{"uv":[13.33333,3.55556,13.88889,3.77778],"texture":"#1"},"west":{"uv":[12.44444,6.22222,12.66667,6.44444],"texture":"#1"},"up":{"uv":[13.88889,12.66667,13.33333,12.44444],"rotation":180,"texture":"#1"},"down":{"uv":[13.88889,12.88889,13.33333,13.11111],"rotation":180,"texture":"#1"}}},{"from":[6.0387,1.55,5.97402],"to":[8.7387,8.3,8.67402],"rotation":{"angle":-45,"axis":"y","origin":[6.75,6.5,8]},"faces":{"north":{"uv":[1.33333,6.22222,2.44444,9.11111],"texture":"#1"},"east":{"uv":[7.11111,5.33333,8.22222,8.22222],"texture":"#1"},"south":{"uv":[1.11111,6.22222,0,9.11111],"texture":"#1"},"west":{"uv":[0,6.22222,1.11111,9.11111],"texture":"#1"},"up":{"uv":[13.11111,2.44444,12,1.33333],"rotation":180,"texture":"#1"},"down":{"uv":[13.11111,2.66667,12,3.77778],"rotation":180,"texture":"#1"}}},{"from":[6.22285,6.03869,7.53869],"to":[7.57285,9.18869,10.68869],"rotation":{"angle":-45,"axis":"x","origin":[6.75,6.5,8]},"faces":{"north":{"uv":[7.11111,12.44444,7.77778,14],"texture":"#1"},"east":{"uv":[8.88889,8,10.44444,9.55556],"texture":"#1"},"south":{"uv":[4.88889,12.44444,5.55556,14],"texture":"#1"},"west":{"uv":[8.88889,3.55556,10.44444,5.11111],"texture":"#1"},"up":{"uv":[13.11111,13.55556,12.44444,12],"rotation":180,"texture":"#1"},"down":{"uv":[2.44444,12.88889,1.77778,14.44444],"rotation":180,"texture":"#1"}}},{"from":[5.375,6.71599,5.885],"to":[7.625,9.86599,10.115],"rotation":{"angle":-45,"axis":"z","origin":[6.75,6.5,8]},"faces":{"north":{"uv":[11.77778,0,10.66667,1.55555],"texture":"#1"},"east":{"uv":[8.44444,0,10.44444,1.55556],"texture":"#1"},"south":{"uv":[10.66667,0,11.77778,1.55556],"texture":"#1"},"west":{"uv":[10.44445,0,8.44445,1.55556],"texture":"#1"},"up":{"uv":[4.66667,11.77778,3.55556,9.77778],"rotation":180,"texture":"#1"},"down":{"uv":[10.88889,5.33333,9.77778,7.33333],"rotation":180,"texture":"#1"}}},{"from":[10.41712,6.46362,9.125],"to":[11.54212,6.91362,9.575],"rotation":{"angle":45,"axis":"z","origin":[9.25,6.5,8]},"faces":{"north":{"uv":[13.88889,12,13.33333,12.22222],"texture":"#1"},"east":{"uv":[12.66667,6.22222,12.44444,6.44444],"texture":"#1"},"south":{"uv":[13.88889,3.55556,13.33333,3.77778],"texture":"#1"},"west":{"uv":[8.22222,13.33333,8,13.55556],"texture":"#1"},"up":{"uv":[13.33333,12.66667,13.88889,12.44444],"rotation":180,"texture":"#1"},"down":{"uv":[13.33333,12.88889,13.88889,13.11111],"rotation":180,"texture":"#1"}}},{"from":[9.45189,6.81187,8.9],"to":[10.57689,7.71187,9.8],"rotation":{"angle":22.5,"axis":"z","origin":[9.25,6.5,8]},"faces":{"north":{"uv":[2.33333,9.33333,1.77778,9.77778],"texture":"#1"},"east":{"uv":[3.11111,7.55556,2.66667,8],"texture":"#1"},"south":{"uv":[5.44444,8,4.88889,8.44444],"texture":"#1"},"west":{"uv":[8.88889,8,8.44444,8.44444],"texture":"#1"},"up":{"uv":[9.77778,8,10.33333,7.55556],"rotation":180,"texture":"#1"},"down":{"uv":[12.88889,4.88889,13.44444,5.33333],"rotation":180,"texture":"#1"}}},{"from":[8.20215,6.6864,8.675],"to":[9.32715,8.0364,10.025],"rotation":{"angle":0,"axis":"y","origin":[9.25,6.5,8]},"faces":{"north":{"uv":[13.88889,1.77778,13.33333,2.44444],"texture":"#1"},"east":{"uv":[13.55556,10.22222,12.88889,10.88889],"texture":"#1"},"south":{"uv":[13.88889,0.88889,13.33333,1.55556],"texture":"#1"},"west":{"uv":[13.55556,11.11111,12.88889,11.77778],"texture":"#1"},"up":{"uv":[13.33333,3.33333,13.88889,2.66667],"rotation":180,"texture":"#1"},"down":{"uv":[11.55556,13.33333,12.11111,14],"rotation":180,"texture":"#1"}}},{"from":[8.20215,6.6864,5.975],"to":[9.32715,8.0364,7.325],"rotation":{"angle":0,"axis":"y","origin":[9.25,6.5,8]},"faces":{"north":{"uv":[13.88889,1.77778,13.33333,2.44444],"texture":"#1"},"east":{"uv":[13.55556,10.22222,12.88889,10.88889],"texture":"#1"},"south":{"uv":[13.88889,0.88889,13.33333,1.55556],"texture":"#1"},"west":{"uv":[13.55556,11.11111,12.88889,11.77778],"texture":"#1"},"up":{"uv":[13.33333,3.33333,13.88889,2.66667],"rotation":180,"texture":"#1"},"down":{"uv":[11.55556,13.33333,12.11111,14],"rotation":180,"texture":"#1"}}},{"from":[9.45189,6.81187,6.2],"to":[10.57689,7.71187,7.1],"rotation":{"angle":22.5,"axis":"z","origin":[9.25,6.5,8]},"faces":{"north":{"uv":[2.33333,9.33333,1.77778,9.77778],"texture":"#1"},"east":{"uv":[3.11111,7.55556,2.66667,8],"texture":"#1"},"south":{"uv":[5.44444,8,4.88889,8.44444],"texture":"#1"},"west":{"uv":[8.88889,8,8.44444,8.44444],"texture":"#1"},"up":{"uv":[9.77778,8,10.33333,7.55556],"rotation":180,"texture":"#1"},"down":{"uv":[12.88889,4.88889,13.44444,5.33333],"rotation":180,"texture":"#1"}}},{"from":[10.41712,6.46362,6.425],"to":[11.54212,6.91362,6.875],"rotation":{"angle":45,"axis":"z","origin":[9.25,6.5,8]},"faces":{"north":{"uv":[13.88889,12,13.33333,12.22222],"texture":"#1"},"east":{"uv":[12.66667,6.22222,12.44444,6.44444],"texture":"#1"},"south":{"uv":[13.88889,3.55556,13.33333,3.77778],"texture":"#1"},"west":{"uv":[8.22222,13.33333,8,13.55556],"texture":"#1"},"up":{"uv":[13.33333,12.66667,13.88889,12.44444],"rotation":180,"texture":"#1"},"down":{"uv":[13.33333,12.88889,13.88889,13.11111],"rotation":180,"texture":"#1"}}},{"from":[7.2613,1.55,5.97402],"to":[9.9613,8.3,8.67402],"rotation":{"angle":45,"axis":"y","origin":[9.25,6.5,8]},"faces":{"north":{"uv":[2.44444,6.22222,1.33333,9.11111],"texture":"#1"},"east":{"uv":[1.11111,6.22222,0,9.11111],"texture":"#1"},"south":{"uv":[0,6.22222,1.11111,9.11111],"texture":"#1"},"west":{"uv":[8.22222,5.33333,7.11111,8.22222],"texture":"#1"},"up":{"uv":[12,2.44444,13.11111,1.33333],"rotation":180,"texture":"#1"},"down":{"uv":[12,2.66667,13.11111,3.77778],"rotation":180,"texture":"#1"}}},{"from":[8.42715,6.03869,7.53869],"to":[9.77715,9.18869,10.68869],"rotation":{"angle":-45,"axis":"x","origin":[9.25,6.5,8]},"faces":{"north":{"uv":[7.77778,12.44444,7.11111,14],"texture":"#1"},"east":{"uv":[10.44444,3.55556,8.88889,5.11111],"texture":"#1"},"south":{"uv":[5.55556,12.44444,4.88889,14],"texture":"#1"},"west":{"uv":[10.44444,8,8.88889,9.55556],"texture":"#1"},"up":{"uv":[12.44444,13.55556,13.11111,12],"rotation":180,"texture":"#1"},"down":{"uv":[1.77778,12.88889,2.44444,14.44444],"rotation":180,"texture":"#1"}}},{"from":[8.375,6.71599,5.885],"to":[10.625,9.86599,10.115],"rotation":{"angle":45,"axis":"z","origin":[9.25,6.5,8]},"faces":{"north":{"uv":[10.66667,0,11.77778,1.55555],"texture":"#1"},"east":{"uv":[8.44445,0,10.44445,1.55556],"texture":"#1"},"south":{"uv":[11.77778,0,10.66667,1.55556],"texture":"#1"},"west":{"uv":[10.44444,0,8.44444,1.55556],"texture":"#1"},"up":{"uv":[3.55556,11.77778,4.66667,9.77778],"rotation":180,"texture":"#1"},"down":{"uv":[9.77778,5.33333,10.88889,7.33333],"rotation":180,"texture":"#1"}}},{"from":[6.75,6.95711,5.5],"to":[9.25,9.45711,8],"rotation":{"angle":-22.5,"axis":"x","origin":[8,8.20711,6.75]},"faces":{"north":{"uv":[12.66667,8,11.55556,9.11111],"texture":"#1"},"east":{"uv":[12.66667,6.66667,11.55556,7.77778],"texture":"#1"},"south":{"uv":[11.55555,11.77778,12.66666,10.66667],"texture":"#1"},"west":{"uv":[11.55556,6.66666,12.66667,7.77777],"texture":"#1"},"up":{"uv":[12.66667,10.66667,11.55556,11.77778],"texture":"#1"},"down":{"uv":[11.55556,8,12.66667,9.11111],"texture":"#1"}}},{"from":[6.75,6.95711,8],"to":[9.25,9.45711,10.5],"rotation":{"angle":22.5,"axis":"x","origin":[8,8.20711,9.25]},"faces":{"north":{"uv":[12.66666,11.77778,11.55555,10.66667],"texture":"#1"},"east":{"uv":[11.55556,6.66667,12.66667,7.77778],"texture":"#1"},"south":{"uv":[11.55556,8,12.66667,9.11111],"texture":"#1"},"west":{"uv":[12.66667,6.66666,11.55556,7.77777],"texture":"#1"},"up":{"uv":[12.66667,11.77778,11.55556,10.66667],"texture":"#1"},"down":{"uv":[11.55556,9.11111,12.66667,8],"texture":"#1"}}},{"from":[6.75,-10.04289,6.75],"to":[9.25,-7.54289,9.25],"rotation":{"angle":45,"axis":"x","origin":[8,-8.79289,8]},"faces":{"north":{"uv":[12.66666,11.77778,11.55555,10.66667],"texture":"#1"},"east":{"uv":[11.55556,6.66667,12.66667,7.77778],"texture":"#1"},"south":{"uv":[11.55556,10.66667,12.66667,11.77778],"texture":"#1"},"west":{"uv":[12.66667,6.66666,11.55556,7.77777],"texture":"#1"},"up":{"uv":[12.66667,11.77778,11.55556,10.66667],"texture":"#1"},"down":{"uv":[12.66667,11.77778,11.55556,10.66667],"texture":"#1"}}},{"from":[7.5,9.70711,6.75],"to":[8.5,12.20711,9.25],"rotation":{"angle":45,"axis":"x","origin":[8,10.95711,8]},"faces":{"north":{"uv":[11.55556,10.66667,12.66667,11.77778],"rotation":180,"texture":"#1"},"east":{"uv":[11.55556,6.66667,12.66667,7.77778],"rotation":180,"texture":"#1"},"south":{"uv":[12.66666,11.77778,11.55555,10.66667],"rotation":180,"texture":"#1"},"west":{"uv":[12.66667,6.66666,11.55556,7.77777],"rotation":180,"texture":"#1"},"up":{"uv":[12.66667,11.77778,11.55556,10.66667],"texture":"#1"},"down":{"uv":[12.66667,11.77778,11.55556,10.66667],"texture":"#1"}}},{"from":[8,3,0],"to":[8,19,16],"rotation":{"angle":0,"axis":"y","origin":[8.9375,5.91065,8]},"faces":{"north":{"uv":[0,0,0,5.33333],"texture":"#2"},"east":{"uv":[0,0,16,16],"texture":"#2"},"south":{"uv":[0,0,0,5.33333],"texture":"#2"},"west":{"uv":[16,0,0,16],"texture":"#2"},"up":{"uv":[0,0,0,5.33333],"texture":"#2"},"down":{"uv":[0,0,0,5.33333],"texture":"#2"}}},{"from":[6.825,-7.04234,6.23853],"to":[9.175,-4.94234,7.23853],"rotation":{"angle":22.5,"axis":"x","origin":[8,-6.41543,6.6731]},"faces":{"north":{"uv":[12.66667,8,11.55556,9.11111],"rotation":180,"texture":"#1"},"east":{"uv":[13.44444,6.22222,12.88889,7.33333],"rotation":180,"texture":"#1"},"south":{"uv":[12.66667,9.11111,11.55556,8],"texture":"#1"},"west":{"uv":[12.88889,7.33333,13.44444,6.22222],"texture":"#1"},"up":{"uv":[13.55556,7.33333,14.11111,6.22222],"rotation":90,"texture":"#1"},"down":{"uv":[14.22222,7.33333,14.77778,6.22222],"rotation":270,"texture":"#1"}}},{"from":[6.875,-7.78128,5.95073],"to":[9.125,-5.78128,6.95073],"rotation":{"angle":0,"axis":"y","origin":[8,-6.41543,6.6731]},"faces":{"north":{"uv":[12.66667,8,11.55556,9.11111],"rotation":180,"texture":"#1"},"east":{"uv":[13.44444,6.22222,12.88889,7.33333],"rotation":180,"texture":"#1"},"south":{"uv":[12.66667,9.11111,11.55556,8],"texture":"#1"},"west":{"uv":[12.88889,7.33333,13.44444,6.22222],"texture":"#1"},"up":{"uv":[13.55556,7.33333,14.11111,6.22222],"rotation":90,"texture":"#1"},"down":{"uv":[14.22222,7.33333,14.77778,6.22222],"rotation":270,"texture":"#1"}}},{"from":[6.825,-7.04234,8.76147],"to":[9.175,-4.94234,9.76147],"rotation":{"angle":-22.5,"axis":"x","origin":[8,-6.41543,9.3269]},"faces":{"north":{"uv":[11.55556,9.11111,12.66667,8],"texture":"#1"},"east":{"uv":[12.88889,6.22222,13.44444,7.33333],"rotation":180,"texture":"#1"},"south":{"uv":[11.55556,8,12.66667,9.11111],"rotation":180,"texture":"#1"},"west":{"uv":[13.44444,7.33333,12.88889,6.22222],"texture":"#1"},"up":{"uv":[14.11111,7.33333,13.55556,6.22222],"rotation":90,"texture":"#1"},"down":{"uv":[14.77778,7.33333,14.22222,6.22222],"rotation":270,"texture":"#1"}}},{"from":[6.875,-7.78128,9.04927],"to":[9.125,-5.78128,10.04927],"rotation":{"angle":0,"axis":"y","origin":[8,-6.41543,9.3269]},"faces":{"north":{"uv":[11.55556,9.11111,12.66667,8],"texture":"#1"},"east":{"uv":[12.88889,6.22222,13.44444,7.33333],"rotation":180,"texture":"#1"},"south":{"uv":[11.55556,8,12.66667,9.11111],"rotation":180,"texture":"#1"},"west":{"uv":[13.44444,7.33333,12.88889,6.22222],"texture":"#1"},"up":{"uv":[14.11111,7.33333,13.55556,6.22222],"rotation":90,"texture":"#1"},"down":{"uv":[14.77778,7.33333,14.22222,6.22222],"rotation":270,"texture":"#1"}}},{"from":[6.825,-7.04234,6.23853],"to":[9.175,-4.94234,7.23853],"rotation":{"angle":22.5,"axis":"x","origin":[8,-6.41543,6.6731]},"faces":{"north":{"uv":[12.66667,8,11.55556,9.11111],"rotation":180,"texture":"#1"},"east":{"uv":[13.44444,6.22222,12.88889,7.33333],"rotation":180,"texture":"#1"},"south":{"uv":[12.66667,9.11111,11.55556,8],"texture":"#1"},"west":{"uv":[12.88889,7.33333,13.44444,6.22222],"texture":"#1"},"up":{"uv":[13.55556,7.33333,14.11111,6.22222],"rotation":90,"texture":"#1"},"down":{"uv":[14.22222,7.33333,14.77778,6.22222],"rotation":270,"texture":"#1"}}},{"from":[6.875,-7.78128,5.95073],"to":[9.125,-5.78128,6.95073],"rotation":{"angle":0,"axis":"y","origin":[8,-6.41543,6.6731]},"faces":{"north":{"uv":[12.66667,8,11.55556,9.11111],"rotation":180,"texture":"#1"},"east":{"uv":[13.44444,6.22222,12.88889,7.33333],"rotation":180,"texture":"#1"},"south":{"uv":[12.66667,9.11111,11.55556,8],"texture":"#1"},"west":{"uv":[12.88889,7.33333,13.44444,6.22222],"texture":"#1"},"up":{"uv":[13.55556,7.33333,14.11111,6.22222],"rotation":90,"texture":"#1"},"down":{"uv":[14.22222,7.33333,14.77778,6.22222],"rotation":270,"texture":"#1"}}},{"from":[6.825,-7.04234,8.76147],"to":[9.175,-4.94234,9.76147],"rotation":{"angle":-22.5,"axis":"x","origin":[8,-6.41543,9.3269]},"faces":{"north":{"uv":[11.55556,9.11111,12.66667,8],"texture":"#1"},"east":{"uv":[12.88889,6.22222,13.44444,7.33333],"rotation":180,"texture":"#1"},"south":{"uv":[11.55556,8,12.66667,9.11111],"rotation":180,"texture":"#1"},"west":{"uv":[13.44444,7.33333,12.88889,6.22222],"texture":"#1"},"up":{"uv":[14.11111,7.33333,13.55556,6.22222],"rotation":90,"texture":"#1"},"down":{"uv":[14.77778,7.33333,14.22222,6.22222],"rotation":270,"texture":"#1"}}},{"from":[6.875,-7.78128,9.04927],"to":[9.125,-5.78128,10.04927],"rotation":{"angle":0,"axis":"y","origin":[8,-6.41543,9.3269]},"faces":{"north":{"uv":[11.55556,9.11111,12.66667,8],"texture":"#1"},"east":{"uv":[12.88889,6.22222,13.44444,7.33333],"rotation":180,"texture":"#1"},"south":{"uv":[11.55556,8,12.66667,9.11111],"rotation":180,"texture":"#1"},"west":{"uv":[13.44444,7.33333,12.88889,6.22222],"texture":"#1"},"up":{"uv":[14.11111,7.33333,13.55556,6.22222],"rotation":90,"texture":"#1"},"down":{"uv":[14.77778,7.33333,14.22222,6.22222],"rotation":270,"texture":"#1"}}}],"gui_light":"front","display":{"thirdperson_righthand":{"translation":[0,13.5,2],"scale":[1.2,1.2,1.2]},"thirdperson_lefthand":{"translation":[0,13.5,2],"scale":[1.2,1.2,1.2]},"firstperson_righthand":{"rotation":[0,-5,0],"translation":[5.25,9.5,-5],"scale":[1.2,1.2,1.2]},"firstperson_lefthand":{"rotation":[0,-5,0],"translation":[5.25,9.5,-5],"scale":[1.2,1.2,1.2]},"ground":{"rotation":[-45,0,0],"translation":[0,11,-5],"scale":[0.84,0.84,0.84]},"gui":{"rotation":[-90,-45.03,-90],"translation":[3.35,3.25,0],"scale":[0.81359,0.81359,0.81359]},"head":{"scale":[0,0,0]},"fixed":{"rotation":[0,90,0],"translation":[0,18.25,-2.25],"scale":[2.5,2.5,2.5]}}}