{"credit":"MadewithBlockbench","textures":{"0":"elitecreatures:oni_weapon_set/texture2","1":"elitecreatures:oni_weapon_set/texture1","2":"elitecreatures:oni_weapon_set/animation_02","particle":"elitecreatures:oni_weapon_set/texture2"},"elements":[{"from":[7.81775,5.7985,-9.90739],"to":[8.18225,7.621,1.60286],"rotation":{"angle":0,"axis":"y","origin":[8,6.325,6]},"faces":{"north":{"uv":[11.625,3.5,11.5,4.375],"texture":"#0"},"east":{"uv":[0,3,5.75,3.875],"texture":"#0"},"south":{"uv":[4.125,11.5,4,12.375],"texture":"#0"},"west":{"uv":[5.75,3,0,3.875],"texture":"#0"},"up":{"uv":[4.5,13.25,4.625,7.5],"texture":"#0"},"down":{"uv":[3,9,3.125,14.75],"texture":"#0"}}},{"from":[7.8218,6.45217,-11.48549],"to":[8.1782,6.87742,-9.46049],"rotation":{"angle":45,"axis":"x","origin":[8,6.66479,-10.47299]},"faces":{"north":{"uv":[8.125,11.5,8,11.75],"texture":"#0"},"east":{"uv":[11,0.5,12,0.75],"texture":"#0"},"south":{"uv":[11.625,8,11.5,8.25],"texture":"#0"},"west":{"uv":[12,0.5,11,0.75],"texture":"#0"},"up":{"uv":[11,10,11.125,9],"texture":"#0"},"down":{"uv":[10,11,10.125,12],"texture":"#0"}}},{"from":[7.81775,7.216,-11.32489],"to":[8.18225,7.621,-9.88713],"rotation":{"angle":0,"axis":"y","origin":[8,6.325,6]},"faces":{"north":{"uv":[8.625,11.5,8.5,11.75],"texture":"#0"},"east":{"uv":[11.75,7.5,11,7.75],"texture":"#0"},"south":{"uv":[11.625,8.5,11.5,8.75],"texture":"#0"},"west":{"uv":[11.75,7,11,7.25],"texture":"#0"},"up":{"uv":[6,12.25,6.125,11.5],"texture":"#0"},"down":{"uv":[6.5,11.5,6.625,12.25],"texture":"#0"}}},{"from":[7.82585,6.6648,-10.76661],"to":[8.17415,7.2723,-10.26036],"rotation":{"angle":0,"axis":"y","origin":[8,6.325,6]},"faces":{"north":{"uv":[9.125,11.5,9,11.75],"texture":"#0"},"east":{"uv":[11.5,1,11.75,1.25],"texture":"#0"},"south":{"uv":[11.625,9,11.5,9.25],"texture":"#0"},"west":{"uv":[11.75,1,11.5,1.25],"texture":"#0"},"up":{"uv":[9.5,11.75,9.625,11.5],"texture":"#0"},"down":{"uv":[11.5,9.5,11.625,9.75],"texture":"#0"}}},{"from":[7.82585,6.2598,-10.28061],"to":[8.17415,7.2723,-9.85536],"rotation":{"angle":0,"axis":"y","origin":[8,6.325,6]},"faces":{"north":{"uv":[7.125,11.5,7,12],"texture":"#0"},"east":{"uv":[10.5,11,10.75,11.5],"texture":"#0"},"south":{"uv":[7.625,11.5,7.5,12],"texture":"#0"},"west":{"uv":[10.75,11,10.5,11.5],"texture":"#0"},"up":{"uv":[10.5,11.75,10.625,11.5],"texture":"#0"},"down":{"uv":[11.5,10.5,11.625,10.75],"texture":"#0"}}},{"from":[8,3.4885,-14.79675],"to":[8,9.371,1.60286],"rotation":{"angle":0,"axis":"y","origin":[8,6.825,6]},"faces":{"north":{"uv":[0,0,0,1.375],"texture":"#0"},"east":{"uv":[8.25,0,0,2.875],"texture":"#0"},"south":{"uv":[0,0,0,1.375],"texture":"#0"},"west":{"uv":[0,0,8.25,2.875],"texture":"#0"},"up":{"uv":[0,8.25,0,0],"texture":"#0"},"down":{"uv":[0,0,0,8.25],"texture":"#0"}}},{"from":[7.60325,5.92825,8.05761],"to":[8.39675,6.72175,27.13961],"rotation":{"angle":45,"axis":"z","origin":[8,6.325,11.97361]},"faces":{"north":{"uv":[4.375,11,4,11.375],"texture":"#0"},"east":{"uv":[15.5,3,6,3.375],"texture":"#0"},"south":{"uv":[8.375,11,8,11.375],"texture":"#0"},"west":{"uv":[6,3.375,15.5,3],"texture":"#0"},"up":{"uv":[1.875,16,1.5,6.5],"texture":"#0"},"down":{"uv":[1.5,6.5,1.875,16],"texture":"#0"}}},{"from":[7.35325,5.67825,2.20761],"to":[8.64675,6.97175,8.28961],"rotation":{"angle":45,"axis":"z","origin":[8,6.325,5.12361]},"faces":{"north":{"uv":[11.625,1.5,11,2.125],"texture":"#0"},"east":{"uv":[5,6.5,2,7.125],"texture":"#0"},"south":{"uv":[5.625,11,5,11.625],"texture":"#0"},"west":{"uv":[2,7.125,5,6.5],"texture":"#0"},"up":{"uv":[6.625,9.5,6,6.5],"texture":"#0"},"down":{"uv":[6,6.5,6.625,9.5],"texture":"#0"}}},{"from":[7.55325,5.87825,8.45761],"to":[8.44675,6.77175,26.38961],"rotation":{"angle":45,"axis":"z","origin":[8,6.325,11.37361]},"faces":{"north":{"uv":[9,7.5,8.5,8],"texture":"#0"},"east":{"uv":[9.625,5.5,0,6],"texture":"#0"},"south":{"uv":[9.5,8.5,9,9],"texture":"#0"},"west":{"uv":[9.625,5.5,0,6],"texture":"#0"},"up":{"uv":[0.5,15.625,1,6],"texture":"#0"},"down":{"uv":[0.5,6,1,15.625],"texture":"#0"}}},{"from":[7.10325,5.42825,7.45761],"to":[8.89675,7.22175,8.53961],"rotation":{"angle":45,"axis":"z","origin":[8,6.325,7.99861]},"faces":{"north":{"uv":[8,8.875,8.875,8],"rotation":270,"texture":"#0"},"east":{"uv":[11.375,1.5,10.5,1],"rotation":90,"texture":"#0"},"south":{"uv":[8.5,0.875,9.375,0],"rotation":90,"texture":"#0"},"west":{"uv":[10.875,5.5,10,6],"rotation":90,"texture":"#0"},"up":{"uv":[9,10.875,9.5,10],"rotation":90,"texture":"#0"},"down":{"uv":[8.5,10.875,9,10],"rotation":90,"texture":"#0"}}},{"from":[7.10325,5.42825,2.20761],"to":[8.89675,7.22175,3.28961],"rotation":{"angle":45,"axis":"z","origin":[8,6.325,2.74861]},"faces":{"north":{"uv":[9.375,0,8.5,0.875],"texture":"#0"},"east":{"uv":[9,10,8.5,10.875],"texture":"#0"},"south":{"uv":[8.875,8,8,8.875],"texture":"#0"},"west":{"uv":[9.5,10,9,10.875],"texture":"#0"},"up":{"uv":[10,6,10.875,5.5],"rotation":180,"texture":"#0"},"down":{"uv":[10.5,1,11.375,1.5],"rotation":180,"texture":"#0"}}},{"from":[7.209,5.42825,26.10186],"to":[8.791,7.22175,27.89536],"rotation":{"angle":-45,"axis":"x","origin":[8,6.325,26.99861]},"faces":{"north":{"uv":[11,1.5,10.5,2.375],"texture":"#0"},"east":{"uv":[9.375,2,8.5,2.875],"texture":"#0"},"south":{"uv":[6.5,10.5,6,11.375],"texture":"#0"},"west":{"uv":[9.375,1,8.5,1.875],"texture":"#0"},"up":{"uv":[10.5,6.875,11,6],"texture":"#0"},"down":{"uv":[6.5,10.5,7,11.375],"texture":"#0"}}},{"from":[7.459,5.42825,28.45186],"to":[8.541,7.22175,30.24536],"rotation":{"angle":-45,"axis":"x","origin":[8,6.325,29.34861]},"faces":{"north":{"uv":[11,7,10.5,7.875],"texture":"#0"},"east":{"uv":[3.5,8.5,4.375,9.375],"texture":"#0"},"south":{"uv":[11,8,10.5,8.875],"texture":"#0"},"west":{"uv":[4.375,8.5,3.5,9.375],"texture":"#0"},"up":{"uv":[10.5,9.875,11,9],"texture":"#0"},"down":{"uv":[9.5,10.5,10,11.375],"texture":"#0"}}},{"from":[7.3939,5.6689,27.08961],"to":[8.6061,6.9811,29.27662],"rotation":{"angle":0,"axis":"y","origin":[7.95,6.325,11.65]},"faces":{"north":{"uv":[11.625,5,11,5.625],"texture":"#0"},"east":{"uv":[8,9,9.125,9.625],"texture":"#0"},"south":{"uv":[11.625,6,11,6.625],"texture":"#0"},"west":{"uv":[9.125,9,8,9.625],"texture":"#0"},"up":{"uv":[9.5,2.125,10.125,1],"texture":"#0"},"down":{"uv":[3.5,9.5,4.125,10.625],"texture":"#0"}}},{"from":[8.02873,5.42147,27.01671],"to":[8.90353,6.29627,29.34951],"rotation":{"angle":-45,"axis":"z","origin":[8,6.325,11.65]},"faces":{"north":{"uv":[11.375,8,11,8.375],"texture":"#0"},"east":{"uv":[3.5,12.125,3.875,11],"rotation":90,"texture":"#0"},"south":{"uv":[8.875,11,8.5,11.375],"texture":"#0"},"west":{"uv":[11.625,2.5,10.5,2.875],"texture":"#0"},"up":{"uv":[2,12.125,2.375,11],"texture":"#0"},"down":{"uv":[2.5,11,2.875,12.125],"texture":"#0"}}},{"from":[8.02873,6.35373,27.01671],"to":[8.90353,7.22853,29.34951],"rotation":{"angle":45,"axis":"z","origin":[8,6.325,11.65]},"faces":{"north":{"uv":[11.375,8.5,11,8.875],"texture":"#0"},"east":{"uv":[3.875,12.125,3.5,11],"rotation":90,"texture":"#0"},"south":{"uv":[9.375,11,9,11.375],"texture":"#0"},"west":{"uv":[11.625,10,10.5,10.375],"texture":"#0"},"up":{"uv":[3.5,12.125,3.875,11],"texture":"#0"},"down":{"uv":[11,3.5,11.375,4.625],"texture":"#0"}}},{"from":[6.8607,5.0128,1.63932],"to":[9.1393,7.6372,2.65991],"rotation":{"angle":-22.5,"axis":"x","origin":[8,6.325,2.14962]},"faces":{"north":{"uv":[8.25,6.5,7,7.75],"texture":"#0"},"east":{"uv":[6,9.5,5.5,10.75],"texture":"#0"},"south":{"uv":[3.25,7.5,2,8.75],"texture":"#0"},"west":{"uv":[5.5,9.5,5,10.75],"texture":"#0"},"up":{"uv":[6,5,7.25,4.5],"texture":"#0"},"down":{"uv":[7.5,4.5,8.75,5],"texture":"#0"}}},{"from":[8.05746,6.28247,1.16642],"to":[9.80707,8.03207,2.33281],"rotation":{"angle":45,"axis":"z","origin":[8,6.225,-6.4]},"faces":{"north":{"uv":[7.875,9,7,9.875],"texture":"#0"},"east":{"uv":[10.625,3.5,10,4.375],"texture":"#0"},"south":{"uv":[9.875,7.5,9,8.375],"texture":"#0"},"west":{"uv":[2.625,10,2,10.875],"texture":"#0"},"up":{"uv":[10,5.125,10.875,4.5],"texture":"#0"},"down":{"uv":[7,10,7.875,10.625],"texture":"#0"}}},{"from":[7.1252,4.23177,1.96642],"to":[8.8748,5.98138,3.13281],"rotation":{"angle":-45,"axis":"z","origin":[8,5.10657,2.54962]},"faces":{"north":{"uv":[7,9.875,7.875,9],"rotation":90,"texture":"#0"},"east":{"uv":[10.875,4.5,10,5.125],"rotation":270,"texture":"#0"},"south":{"uv":[9,8.375,9.875,7.5],"rotation":270,"texture":"#0"},"west":{"uv":[7.875,10.625,7,10],"rotation":270,"texture":"#0"},"up":{"uv":[2,10.875,2.625,10],"rotation":270,"texture":"#0"},"down":{"uv":[10,4.375,10.625,3.5],"rotation":270,"texture":"#0"}}},{"from":[6.875,7.38383,26.11585],"to":[9.125,8.38383,28.11585],"rotation":{"angle":0,"axis":"y","origin":[8,6.33457,26.75]},"faces":{"north":{"uv":[14.11111,7.33333,13.55556,6.22222],"rotation":270,"texture":"#1"},"east":{"uv":[12.88889,6.22222,13.44444,7.33333],"rotation":270,"texture":"#1"},"south":{"uv":[14.77778,7.33333,14.22222,6.22222],"rotation":270,"texture":"#1"},"west":{"uv":[13.44444,7.33333,12.88889,6.22222],"rotation":270,"texture":"#1"},"up":{"uv":[11.55556,8,12.66667,9.11111],"rotation":180,"texture":"#1"},"down":{"uv":[11.55556,9.11111,12.66667,8],"rotation":180,"texture":"#1"}}},{"from":[6.825,6.99503,25.78469],"to":[9.175,7.99503,27.88469],"rotation":{"angle":-22.5,"axis":"x","origin":[8,6.33457,26.75]},"faces":{"north":{"uv":[14.11111,7.33333,13.55556,6.22222],"rotation":270,"texture":"#1"},"east":{"uv":[12.88889,6.22222,13.44444,7.33333],"rotation":270,"texture":"#1"},"south":{"uv":[14.77778,7.33333,14.22222,6.22222],"rotation":270,"texture":"#1"},"west":{"uv":[13.44444,7.33333,12.88889,6.22222],"rotation":270,"texture":"#1"},"up":{"uv":[11.55556,8,12.66667,9.11111],"rotation":180,"texture":"#1"},"down":{"uv":[11.55556,9.11111,12.66667,8],"rotation":180,"texture":"#1"}}},{"from":[6.825,6.99503,1.61531],"to":[9.175,7.99503,3.71531],"rotation":{"angle":22.5,"axis":"x","origin":[8,6.33457,2.75]},"faces":{"north":{"uv":[14.77778,6.22222,14.22222,7.33333],"rotation":270,"texture":"#1"},"east":{"uv":[12.88889,7.33333,13.44444,6.22222],"rotation":270,"texture":"#1"},"south":{"uv":[14.11111,6.22222,13.55556,7.33333],"rotation":270,"texture":"#1"},"west":{"uv":[13.44444,6.22222,12.88889,7.33333],"rotation":270,"texture":"#1"},"up":{"uv":[11.55556,9.11111,12.66667,8],"rotation":180,"texture":"#1"},"down":{"uv":[11.55556,8,12.66667,9.11111],"rotation":180,"texture":"#1"}}},{"from":[6.875,7.38383,1.38415],"to":[9.125,8.38383,3.38415],"rotation":{"angle":0,"axis":"y","origin":[8,6.33457,2.75]},"faces":{"north":{"uv":[14.77778,6.22222,14.22222,7.33333],"rotation":270,"texture":"#1"},"east":{"uv":[12.88889,7.33333,13.44444,6.22222],"rotation":270,"texture":"#1"},"south":{"uv":[14.11111,6.22222,13.55556,7.33333],"rotation":270,"texture":"#1"},"west":{"uv":[13.44444,6.22222,12.88889,7.33333],"rotation":270,"texture":"#1"},"up":{"uv":[11.55556,9.11111,12.66667,8],"rotation":180,"texture":"#1"},"down":{"uv":[11.55556,8,12.66667,9.11111],"rotation":180,"texture":"#1"}}},{"from":[6.825,4.6741,25.78469],"to":[9.175,5.6741,27.88469],"rotation":{"angle":22.5,"axis":"x","origin":[8,6.33457,26.75]},"faces":{"north":{"uv":[13.55556,7.33333,14.11111,6.22222],"rotation":270,"texture":"#1"},"east":{"uv":[13.44444,6.22222,12.88889,7.33333],"rotation":270,"texture":"#1"},"south":{"uv":[14.22222,7.33333,14.77778,6.22222],"rotation":270,"texture":"#1"},"west":{"uv":[12.88889,7.33333,13.44444,6.22222],"rotation":270,"texture":"#1"},"up":{"uv":[12.66667,9.11111,11.55556,8],"texture":"#1"},"down":{"uv":[12.66667,8,11.55556,9.11111],"texture":"#1"}}},{"from":[6.875,4.2853,26.11585],"to":[9.125,5.2853,28.11585],"rotation":{"angle":0,"axis":"y","origin":[8,6.33457,26.75]},"faces":{"north":{"uv":[13.55556,7.33333,14.11111,6.22222],"rotation":270,"texture":"#1"},"east":{"uv":[13.44444,6.22222,12.88889,7.33333],"rotation":270,"texture":"#1"},"south":{"uv":[14.22222,7.33333,14.77778,6.22222],"rotation":270,"texture":"#1"},"west":{"uv":[12.88889,7.33333,13.44444,6.22222],"rotation":270,"texture":"#1"},"up":{"uv":[12.66667,9.11111,11.55556,8],"texture":"#1"},"down":{"uv":[12.66667,8,11.55556,9.11111],"texture":"#1"}}},{"from":[6.825,4.6741,2.86531],"to":[9.175,5.6741,4.96531],"rotation":{"angle":-22.5,"axis":"x","origin":[8,6.33457,4]},"faces":{"north":{"uv":[14.22222,6.22222,14.77778,7.33333],"rotation":270,"texture":"#1"},"east":{"uv":[13.44444,7.33333,12.88889,6.22222],"rotation":270,"texture":"#1"},"south":{"uv":[13.55556,6.22222,14.11111,7.33333],"rotation":270,"texture":"#1"},"west":{"uv":[12.88889,6.22222,13.44444,7.33333],"rotation":270,"texture":"#1"},"up":{"uv":[12.66667,8,11.55556,9.11111],"texture":"#1"},"down":{"uv":[12.66667,9.11111,11.55556,8],"texture":"#1"}}},{"from":[6.875,4.2853,2.63415],"to":[9.125,5.2853,4.63415],"rotation":{"angle":0,"axis":"y","origin":[8,6.33457,4]},"faces":{"north":{"uv":[14.22222,6.22222,14.77778,7.33333],"rotation":270,"texture":"#1"},"east":{"uv":[13.44444,7.33333,12.88889,6.22222],"rotation":270,"texture":"#1"},"south":{"uv":[13.55556,6.22222,14.11111,7.33333],"rotation":270,"texture":"#1"},"west":{"uv":[12.88889,6.22222,13.44444,7.33333],"rotation":270,"texture":"#1"},"up":{"uv":[12.66667,8,11.55556,9.11111],"texture":"#1"},"down":{"uv":[12.66667,9.11111,11.55556,8],"texture":"#1"}}},{"from":[8.5,-2.25,-13.5],"to":[8.5,13.75,2.5],"rotation":{"angle":0,"axis":"y","origin":[8.5,5.75,-5.5]},"faces":{"north":{"uv":[0,0,0,6],"rotation":180,"texture":"#2"},"east":{"uv":[0,18,18,0],"rotation":90,"texture":"#2"},"south":{"uv":[0,0,0,6],"texture":"#2"},"west":{"uv":[0.28125,0.28125,1.5,1.5],"rotation":270,"texture":"#2"},"up":{"uv":[0,0,0,6],"texture":"#2"},"down":{"uv":[0,0,0,6],"rotation":180,"texture":"#2"}}},{"from":[7.5,-2.25,-13.5],"to":[7.5,13.75,2.5],"rotation":{"angle":0,"axis":"y","origin":[7.5,5.75,-5.5]},"faces":{"north":{"uv":[0,0,0,6],"rotation":180,"texture":"#2"},"east":{"uv":[0.28125,1.5,1.5,0.28125],"rotation":270,"texture":"#2"},"south":{"uv":[0,0,0,6],"texture":"#2"},"west":{"uv":[0,0,18,18],"rotation":90,"texture":"#2"},"up":{"uv":[0,0,0,6],"texture":"#2"},"down":{"uv":[0,0,0,6],"rotation":180,"texture":"#2"}}}],"gui_light":"front","display":{"thirdperson_righthand":{"rotation":[90.75,0,0],"translation":[0,11.25,3.5]},"thirdperson_lefthand":{"rotation":[90.75,0,0],"translation":[0,11.25,3.5]},"firstperson_righthand":{"rotation":[62,0,0],"translation":[14.5,0.5,-11.25],"scale":[1.31,1.31,1.31]},"firstperson_lefthand":{"rotation":[62,0,0],"translation":[14.5,0.5,-11.25],"scale":[1.31,1.31,1.31]},"ground":{"rotation":[45,0,0],"translation":[0,12,-5],"scale":[0.7,0.7,0.7]},"gui":{"rotation":[90,-45,90],"translation":[-0.15,0,0],"scale":[0.44836,0.44836,0.44836]},"head":{"rotation":[-90,34,90],"translation":[-0.75,-15.25,5.5],"scale":[0,0,0]},"fixed":{"rotation":[0,90,0],"translation":[6.75,-4.25,-2.5],"scale":[2.08,2.08,2.08]}}}