{"credit":"MadewithBlockbench","textures":{"0":"elitecreatures:oni_weapon_set/texture6","1":"elitecreatures:oni_weapon_set/texture1","2":"elitecreatures:oni_weapon_set/animation_01","3":"elitecreatures:oni_weapon_set/animation_02","4":"elitecreatures:oni_weapon_set/animation_03","5":"elitecreatures:oni_weapon_set/oni_wings","particle":"elitecreatures:oni_weapon_set/animation_04"},"elements":[{"from":[7.75,7.99786,0.8],"to":[7.75,22.39786,15.2],"rotation":{"angle":0,"axis":"y","origin":[8.59375,10.61744,8]},"faces":{"north":{"uv":[0,0,0,5.33333],"texture":"#2"},"east":{"uv":[16,0,0,16],"texture":"#2"},"south":{"uv":[0,0,0,5.33333],"texture":"#2"},"west":{"uv":[0,0,16,16],"texture":"#2"},"up":{"uv":[0,0,0,5.33333],"texture":"#2"},"down":{"uv":[0,0,0,5.33333],"texture":"#2"}}},{"from":[8,3.44786,4.85],"to":[8,17.84786,19.25],"rotation":{"angle":-22.5,"axis":"x","origin":[8,10.64786,12.05]},"faces":{"north":{"uv":[0,0,0,5.33333],"texture":"#3"},"east":{"uv":[16,16,0,0],"rotation":270,"texture":"#3"},"south":{"uv":[0,0,0,5.33333],"rotation":180,"texture":"#3"},"west":{"uv":[16,0,0,16],"rotation":90,"texture":"#3"},"up":{"uv":[0,5.33333,0,0],"texture":"#3"},"down":{"uv":[0,5.33333,0,0],"rotation":180,"texture":"#3"}}},{"from":[8,3.44786,-3.25],"to":[8,17.84786,11.15],"rotation":{"angle":22.5,"axis":"x","origin":[8,10.64786,3.95]},"faces":{"north":{"uv":[0,0,0,5.33333],"rotation":180,"texture":"#3"},"east":{"uv":[16,0,0,16],"rotation":270,"texture":"#3"},"south":{"uv":[0,0,0,5.33333],"texture":"#3"},"west":{"uv":[16,16,0,0],"rotation":90,"texture":"#3"},"up":{"uv":[0,0,0,5.33333],"texture":"#3"},"down":{"uv":[0,0,0,5.33333],"rotation":180,"texture":"#3"}}},{"from":[8.5,3.44786,-3.25],"to":[8.5,17.84786,11.15],"rotation":{"angle":22.5,"axis":"x","origin":[8.5,10.64786,3.95]},"faces":{"north":{"uv":[0,0,0,5.33333],"rotation":180,"texture":"#3"},"east":{"uv":[16,0,0,16],"rotation":270,"texture":"#3"},"south":{"uv":[0,0,0,5.33333],"texture":"#3"},"west":{"uv":[16,16,0,0],"rotation":90,"texture":"#3"},"up":{"uv":[0,0,0,5.33333],"texture":"#3"},"down":{"uv":[0,0,0,5.33333],"rotation":180,"texture":"#3"}}},{"from":[8.5,3.44786,4.85],"to":[8.5,17.84786,19.25],"rotation":{"angle":-22.5,"axis":"x","origin":[8.5,10.64786,12.05]},"faces":{"north":{"uv":[0,0,0,5.33333],"texture":"#3"},"east":{"uv":[16,16,0,0],"rotation":270,"texture":"#3"},"south":{"uv":[0,0,0,5.33333],"rotation":180,"texture":"#3"},"west":{"uv":[16,0,0,16],"rotation":90,"texture":"#3"},"up":{"uv":[0,5.33333,0,0],"texture":"#3"},"down":{"uv":[0,5.33333,0,0],"rotation":180,"texture":"#3"}}},{"from":[6.9425,11.05508,10.96657],"to":[9.0575,11.95508,12.85657],"rotation":{"angle":-22.5,"axis":"x","origin":[8,11.56397,11.53079]},"faces":{"north":{"uv":[14.22222,7.33333,14.77778,6.22222],"rotation":90,"texture":"#1"},"east":{"uv":[13.44444,6.22222,12.88889,7.33333],"rotation":90,"texture":"#1"},"south":{"uv":[13.55556,7.33333,14.11111,6.22222],"rotation":90,"texture":"#1"},"west":{"uv":[12.88889,7.33333,13.44444,6.22222],"rotation":90,"texture":"#1"},"up":{"uv":[12.66667,8,11.55556,9.11111],"texture":"#1"},"down":{"uv":[12.66667,9.11111,11.55556,8],"texture":"#1"}}},{"from":[6.9875,11.31409,10.30152],"to":[9.0125,12.21409,12.10152],"rotation":{"angle":-45,"axis":"x","origin":[8,11.56397,11.53079]},"faces":{"north":{"uv":[14.22222,7.33333,14.77778,6.22222],"rotation":90,"texture":"#1"},"east":{"uv":[13.44444,6.22222,12.88889,7.33333],"rotation":90,"texture":"#1"},"south":{"uv":[13.55556,7.33333,14.11111,6.22222],"rotation":90,"texture":"#1"},"west":{"uv":[12.88889,7.33333,13.44444,6.22222],"rotation":90,"texture":"#1"},"up":{"uv":[12.66667,8,11.55556,9.11111],"texture":"#1"},"down":{"uv":[12.66667,9.11111,11.55556,8],"texture":"#1"}}},{"from":[6.9425,11.05508,3.14343],"to":[9.0575,11.95508,5.03343],"rotation":{"angle":22.5,"axis":"x","origin":[8,11.56397,4.46921]},"faces":{"north":{"uv":[13.55556,6.22222,14.11111,7.33333],"rotation":90,"texture":"#1"},"east":{"uv":[13.44444,7.33333,12.88889,6.22222],"rotation":90,"texture":"#1"},"south":{"uv":[14.22222,6.22222,14.77778,7.33333],"rotation":90,"texture":"#1"},"west":{"uv":[12.88889,6.22222,13.44444,7.33333],"rotation":90,"texture":"#1"},"up":{"uv":[12.66667,9.11111,11.55556,8],"texture":"#1"},"down":{"uv":[12.66667,8,11.55556,9.11111],"texture":"#1"}}},{"from":[6.9875,11.31409,3.89848],"to":[9.0125,12.21409,5.69848],"rotation":{"angle":45,"axis":"x","origin":[8,11.56397,4.46921]},"faces":{"north":{"uv":[13.55556,6.22222,14.11111,7.33333],"rotation":90,"texture":"#1"},"east":{"uv":[13.44444,7.33333,12.88889,6.22222],"rotation":90,"texture":"#1"},"south":{"uv":[14.22222,6.22222,14.77778,7.33333],"rotation":90,"texture":"#1"},"west":{"uv":[12.88889,6.22222,13.44444,7.33333],"rotation":90,"texture":"#1"},"up":{"uv":[12.66667,9.11111,11.55556,8],"texture":"#1"},"down":{"uv":[12.66667,8,11.55556,9.11111],"texture":"#1"}}},{"from":[8.1,3.87201,8.90845],"to":[8.1,26.87201,31.90845],"rotation":{"angle":22.5,"axis":"x","origin":[8.1,15.37201,20.40845]},"faces":{"north":{"uv":[0,0,0,15],"texture":"#5"},"east":{"uv":[16,0,0,16],"texture":"#5"},"south":{"uv":[0,0,0,15],"texture":"#5"},"west":{"uv":[0,0,16,16],"texture":"#5"},"up":{"uv":[0,0,0,1.33333],"texture":"#5"},"down":{"uv":[0,1.33333,0,0],"texture":"#5"}}},{"from":[8.1,3.87201,-15.90845],"to":[8.1,26.87201,7.09155],"rotation":{"angle":-22.5,"axis":"x","origin":[8.1,15.37201,-4.40845]},"faces":{"north":{"uv":[0,0,0,15],"texture":"#5"},"east":{"uv":[0,0,16,16],"texture":"#5"},"south":{"uv":[0,0,0,15],"texture":"#5"},"west":{"uv":[16,0,0,16],"texture":"#5"},"up":{"uv":[0,1.33333,0,0],"texture":"#5"},"down":{"uv":[0,0,0,1.33333],"texture":"#5"}}},{"from":[7.85,-9.12799,-13.90845],"to":[7.85,13.87201,9.09155],"rotation":{"angle":0,"axis":"x","origin":[8.1,15.37201,-4.40845]},"faces":{"north":{"uv":[0,1.33333,0,0],"rotation":180,"texture":"#5"},"east":{"uv":[0,0,16,16],"rotation":90,"texture":"#5"},"south":{"uv":[0,0,0,1.33333],"texture":"#5"},"west":{"uv":[16,0,0,16],"rotation":270,"texture":"#5"},"up":{"uv":[0,0,0,15],"texture":"#5"},"down":{"uv":[0,0,0,15],"rotation":180,"texture":"#5"}}},{"from":[7.85,-9.12799,6.90845],"to":[7.85,13.87201,29.90845],"rotation":{"angle":0,"axis":"x","origin":[8.1,15.37201,20.40845]},"faces":{"north":{"uv":[0,0,0,1.33333],"texture":"#5"},"east":{"uv":[0,16,16,0],"rotation":90,"texture":"#5"},"south":{"uv":[0,1.33333,0,0],"rotation":180,"texture":"#5"},"west":{"uv":[16,16,0,0],"rotation":270,"texture":"#5"},"up":{"uv":[0,15,0,0],"texture":"#5"},"down":{"uv":[0,15,0,0],"rotation":180,"texture":"#5"}}},{"from":[8.1051,9.07431,6.425],"to":[9.2301,9.52431,6.875],"rotation":{"angle":-45,"axis":"z","origin":[8,14.34213,8]},"faces":{"north":{"uv":[13.88889,3.55556,13.33333,3.77778],"texture":"#1"},"east":{"uv":[8.22222,13.33333,8,13.55556],"texture":"#1"},"south":{"uv":[13.88889,12,13.33333,12.22222],"texture":"#1"},"west":{"uv":[12.66667,6.22222,12.44444,6.44444],"texture":"#1"},"up":{"uv":[13.33333,12.66667,13.88889,12.44444],"texture":"#1"},"down":{"uv":[13.33333,12.88889,13.88889,13.11111],"texture":"#1"}}},{"from":[6.88586,8.90341,6.2],"to":[8.01086,9.80341,7.1],"rotation":{"angle":-22.5,"axis":"z","origin":[8,14.34213,8]},"faces":{"north":{"uv":[5.44444,8,4.88889,8.44444],"texture":"#1"},"east":{"uv":[8.88889,8,8.44444,8.44444],"texture":"#1"},"south":{"uv":[2.33333,9.33333,1.77778,9.77778],"texture":"#1"},"west":{"uv":[3.11111,7.55556,2.66667,8],"texture":"#1"},"up":{"uv":[9.77778,8,10.33333,7.55556],"texture":"#1"},"down":{"uv":[12.88889,4.88889,13.44444,5.33333],"texture":"#1"}}},{"from":[5.91875,9.13425,5.975],"to":[7.04375,10.48425,7.325],"rotation":{"angle":0,"axis":"y","origin":[8,14.34213,8]},"faces":{"north":{"uv":[13.88889,0.88889,13.33333,1.55556],"texture":"#1"},"east":{"uv":[13.55556,11.11111,12.88889,11.77778],"texture":"#1"},"south":{"uv":[13.88889,1.77778,13.33333,2.44444],"texture":"#1"},"west":{"uv":[13.55556,10.22222,12.88889,10.88889],"texture":"#1"},"up":{"uv":[13.33333,3.33333,13.88889,2.66667],"texture":"#1"},"down":{"uv":[11.55556,13.33333,12.11111,14],"texture":"#1"}}},{"from":[5.91875,9.13425,8.675],"to":[7.04375,10.48425,10.025],"rotation":{"angle":0,"axis":"y","origin":[8,14.34213,8]},"faces":{"north":{"uv":[13.88889,0.88889,13.33333,1.55556],"texture":"#1"},"east":{"uv":[13.55556,11.11111,12.88889,11.77778],"texture":"#1"},"south":{"uv":[13.88889,1.77778,13.33333,2.44444],"texture":"#1"},"west":{"uv":[13.55556,10.22222,12.88889,10.88889],"texture":"#1"},"up":{"uv":[13.33333,3.33333,13.88889,2.66667],"texture":"#1"},"down":{"uv":[11.55556,13.33333,12.11111,14],"texture":"#1"}}},{"from":[6.88586,8.90341,8.9],"to":[8.01086,9.80341,9.8],"rotation":{"angle":-22.5,"axis":"z","origin":[8,14.34213,8]},"faces":{"north":{"uv":[5.44444,8,4.88889,8.44444],"texture":"#1"},"east":{"uv":[8.88889,8,8.44444,8.44444],"texture":"#1"},"south":{"uv":[2.33333,9.33333,1.77778,9.77778],"texture":"#1"},"west":{"uv":[3.11111,7.55556,2.66667,8],"texture":"#1"},"up":{"uv":[9.77778,8,10.33333,7.55556],"texture":"#1"},"down":{"uv":[12.88889,4.88889,13.44444,5.33333],"texture":"#1"}}},{"from":[8.1051,9.07431,9.125],"to":[9.2301,9.52431,9.575],"rotation":{"angle":-45,"axis":"z","origin":[8,14.34213,8]},"faces":{"north":{"uv":[13.88889,3.55556,13.33333,3.77778],"texture":"#1"},"east":{"uv":[8.22222,13.33333,8,13.55556],"texture":"#1"},"south":{"uv":[13.88889,12,13.33333,12.22222],"texture":"#1"},"west":{"uv":[12.66667,6.22222,12.44444,6.44444],"texture":"#1"},"up":{"uv":[13.33333,12.66667,13.88889,12.44444],"texture":"#1"},"down":{"uv":[13.33333,12.88889,13.88889,13.11111],"texture":"#1"}}},{"from":[5.87159,3.99786,5.90886],"to":[8.57159,10.74786,8.60886],"rotation":{"angle":45,"axis":"y","origin":[8,14.34213,8]},"faces":{"north":{"uv":[0,6.22222,1.11111,9.11111],"texture":"#1"},"east":{"uv":[8.22222,5.33333,7.11111,8.22222],"texture":"#1"},"south":{"uv":[2.44444,6.22222,1.33333,9.11111],"texture":"#1"},"west":{"uv":[1.11111,6.22222,0,9.11111],"texture":"#1"},"up":{"uv":[12,2.44444,13.11111,1.33333],"texture":"#1"},"down":{"uv":[12,2.66667,13.11111,3.77778],"texture":"#1"}}},{"from":[5.46875,10.06649,9.12563],"to":[6.81875,13.21649,12.27563],"rotation":{"angle":45,"axis":"x","origin":[8,14.34213,8]},"faces":{"north":{"uv":[5.55556,12.44444,4.88889,14],"texture":"#1"},"east":{"uv":[10.44444,8,8.88889,9.55556],"texture":"#1"},"south":{"uv":[7.77778,12.44444,7.11111,14],"texture":"#1"},"west":{"uv":[10.44444,3.55556,8.88889,5.11111],"texture":"#1"},"up":{"uv":[12.44444,13.55556,13.11111,12],"texture":"#1"},"down":{"uv":[1.77778,12.88889,2.44444,14.44444],"texture":"#1"}}},{"from":[6.875,11.29501,9.37594],"to":[9.125,13.54501,11.62594],"rotation":{"angle":22.5,"axis":"x","origin":[8,14.34213,8]},"faces":{"north":{"uv":[12.66666,11.77778,11.55555,10.66667],"texture":"#1"},"east":{"uv":[11.55556,6.66667,12.66667,7.77778],"texture":"#1"},"south":{"uv":[11.55556,8,12.66667,9.11111],"texture":"#1"},"west":{"uv":[12.66667,6.66666,11.55556,7.77777],"texture":"#1"},"up":{"uv":[12.66667,11.77778,11.55556,10.66667],"texture":"#1"},"down":{"uv":[11.55556,9.11111,12.66667,8],"texture":"#1"}}},{"from":[6.875,11.29501,4.37406],"to":[9.125,13.54501,6.62406],"rotation":{"angle":-22.5,"axis":"x","origin":[8,14.34213,8]},"faces":{"north":{"uv":[12.66667,8,11.55556,9.11111],"texture":"#1"},"east":{"uv":[12.66667,6.66667,11.55556,7.77778],"texture":"#1"},"south":{"uv":[11.55555,11.77778,12.66666,10.66667],"texture":"#1"},"west":{"uv":[11.55556,6.66666,12.66667,7.77777],"texture":"#1"},"up":{"uv":[12.66667,10.66667,11.55556,11.77778],"texture":"#1"},"down":{"uv":[11.55556,8,12.66667,9.11111],"texture":"#1"}}},{"from":[6.225,12.60245,17.23968],"to":[8.475,14.85245,19.48968],"rotation":{"angle":45,"axis":"x","origin":[7.35,24.09213,8]},"faces":{"north":{"uv":[12.66666,11.77778,11.55555,10.66667],"texture":"#1"},"east":{"uv":[11.55556,6.66667,12.66667,7.77778],"texture":"#1"},"south":{"uv":[11.55556,10.66667,12.66667,11.77778],"texture":"#1"},"west":{"uv":[12.66667,6.66666,11.55556,7.77777],"texture":"#1"},"up":{"uv":[12.66667,11.77778,11.55556,10.66667],"texture":"#1"},"down":{"uv":[12.66667,11.77778,11.55556,10.66667],"texture":"#1"}}},{"from":[9.02222,9.32668,5.885],"to":[11.27222,12.47668,10.115],"rotation":{"angle":-45,"axis":"z","origin":[8,14.34213,8]},"faces":{"north":{"uv":[11.77778,0,10.66667,1.55556],"texture":"#1"},"east":{"uv":[10.44444,0,8.44444,1.55556],"texture":"#1"},"south":{"uv":[10.66667,0,11.77778,1.55555],"texture":"#1"},"west":{"uv":[8.44445,0,10.44445,1.55556],"texture":"#1"},"up":{"uv":[3.55556,11.77778,4.66667,9.77778],"texture":"#1"},"down":{"uv":[9.77778,5.33333,10.88889,7.33333],"texture":"#1"}}},{"name":"hexadecagon","from":[3.35,7.42124,7.10676],"to":[4.65,9.37124,12.21914],"rotation":{"angle":-45,"axis":"x","origin":[4,19.649,8]},"faces":{"north":{"uv":[9.6,14.4,10.4,15.6],"texture":"#0"},"east":{"uv":[6.4,3.2,9.6,4.4],"texture":"#0"},"south":{"uv":[8.8,14.4,9.6,15.6],"texture":"#0"},"west":{"uv":[6.4,4.8,9.6,6],"texture":"#0"},"up":{"uv":[13.6,10.4,10.4,9.6],"rotation":90,"texture":"#0"},"down":{"uv":[13.6,10.4,10.4,11.2],"rotation":270,"texture":"#0"}}},{"name":"hexadecagon","from":[3.22,7.91677,10.32678],"to":[4.78,9.86677,14.46416],"rotation":{"angle":-22.5,"axis":"x","origin":[4,19.649,8]},"faces":{"north":{"uv":[14.4,6.4,15.4,7.6],"texture":"#0"},"east":{"uv":[8.8,6.4,11.4,7.6],"texture":"#0"},"south":{"uv":[5.6,14.4,6.6,15.6],"texture":"#0"},"west":{"uv":[7.2,8.8,9.8,10],"texture":"#0"},"up":{"uv":[9.8,11.4,7.2,10.4],"rotation":90,"texture":"#0"},"down":{"uv":[13,8,10.4,9],"rotation":270,"texture":"#0"}}},{"name":"hexadecagon","from":[3.025,12.83661,15.8],"to":[4.975,16.97399,18.4],"rotation":{"angle":0,"axis":"y","origin":[4,19.649,8]},"faces":{"north":{"uv":[9.6,3.2,10.8,5.8],"texture":"#0"},"east":{"uv":[0,0,1.6,2.6],"texture":"#0"},"south":{"uv":[9.6,0,10.8,2.6],"texture":"#0"},"west":{"uv":[1.6,0,3.2,2.6],"texture":"#0"},"up":{"uv":[6.4,14,4.8,12.8],"rotation":90,"texture":"#0"},"down":{"uv":[4.8,13.6,3.2,14.8],"rotation":270,"texture":"#0"}}},{"name":"hexadecagon","from":[2.895,18.23252,15.79465],"to":[5.105,21.15752,18.63203],"rotation":{"angle":22.5,"axis":"x","origin":[4,19.649,8]},"faces":{"north":{"uv":[8,12,9.4,13.8],"texture":"#0"},"east":{"uv":[6.4,6.4,8.2,8.2],"texture":"#0"},"south":{"uv":[6.4,12,7.8,13.8],"texture":"#0"},"west":{"uv":[0,8,1.8,9.8],"texture":"#0"},"up":{"uv":[13.8,7.8,12,6.4],"rotation":90,"texture":"#0"},"down":{"uv":[13.8,11.2,12,12.6],"rotation":270,"texture":"#0"}}},{"name":"hexadecagon","from":[2.895,21.21212,12.98697],"to":[5.105,24.0495,15.91197],"rotation":{"angle":22.5,"axis":"x","origin":[4,19.649,8]},"faces":{"north":{"uv":[12.8,2.4,14.2,4.2],"texture":"#0"},"east":{"uv":[2.4,8,4.2,9.8],"texture":"#0"},"south":{"uv":[12.8,0,14.2,1.8],"texture":"#0"},"west":{"uv":[4.8,8.8,6.6,10.6],"texture":"#0"},"up":{"uv":[14.6,6.2,12.8,4.8],"rotation":90,"texture":"#0"},"down":{"uv":[11.4,12.8,9.6,14.2],"rotation":270,"texture":"#0"}}},{"name":"hexadecagon","from":[2.7,13.09467,12.53488],"to":[5.3,17.23205,15.13488],"rotation":{"angle":-22.5,"axis":"x","origin":[4,19.649,8]},"faces":{"north":{"uv":[3.2,3.2,4.8,5.8],"texture":"#0"},"east":{"uv":[0,3.2,1.6,5.8],"texture":"#0"},"south":{"uv":[3.2,0,4.8,2.6],"texture":"#0"},"west":{"uv":[1.6,3.2,3.2,5.8],"texture":"#0"},"up":{"uv":[4.8,12,3.2,10.4],"rotation":90,"texture":"#0"},"down":{"uv":[12.8,0,11.2,1.6],"rotation":270,"texture":"#0"}}},{"name":"hexadecagon","from":[3.025,14.09601,12.4457],"to":[4.975,18.36339,15.0457],"rotation":{"angle":-45,"axis":"x","origin":[4,19.649,8]},"faces":{"north":{"uv":[1.6,10.4,2.8,13],"texture":"#0"},"east":{"uv":[4.8,0,6.4,2.6],"texture":"#0"},"south":{"uv":[0,10.4,1.2,13],"texture":"#0"},"west":{"uv":[4.8,3.2,6.4,5.8],"texture":"#0"},"up":{"uv":[15.2,9.2,13.6,8],"rotation":90,"texture":"#0"},"down":{"uv":[15.2,9.6,13.6,10.8],"rotation":270,"texture":"#0"}}},{"name":"hexadecagon","from":[3.35,23.06639,7.74664],"to":[4.65,25.66639,11.88402],"rotation":{"angle":22.5,"axis":"x","origin":[4,19.649,8]},"faces":{"north":{"uv":[4.8,14.4,5.6,16],"texture":"#0"},"east":{"uv":[0,6.4,2.6,8],"texture":"#0"},"south":{"uv":[14.4,3.2,15.2,4.8],"texture":"#0"},"west":{"uv":[6.4,0,9,1.6],"texture":"#0"},"up":{"uv":[14.6,13.6,12,12.8],"rotation":90,"texture":"#0"},"down":{"uv":[2.6,13.6,0,14.4],"rotation":270,"texture":"#0"}}},{"name":"hexadecagon","from":[3.415,20.52118,10.60041],"to":[4.585,22.66618,12.13777],"rotation":{"angle":-22.5,"axis":"x","origin":[4,19.649,8]},"faces":{"north":{"uv":[8,14.4,8.8,15.8],"texture":"#0"},"east":{"uv":[14.4,0,15.4,1.4],"texture":"#0"},"south":{"uv":[7.2,14.4,8,15.8],"texture":"#0"},"west":{"uv":[14.4,1.6,15.4,3],"texture":"#0"},"up":{"uv":[5.8,8.8,4.8,8],"rotation":90,"texture":"#0"},"down":{"uv":[9.8,8,8.8,8.8],"rotation":270,"texture":"#0"}}},{"name":"hexadecagon","from":[3.48,21.4053,5.93131],"to":[4.52,24.0053,10.06869],"rotation":{"angle":0,"axis":"y","origin":[4,19.649,8]},"faces":{"north":{"uv":[11.2,14.4,11.8,16],"texture":"#0"},"east":{"uv":[6.4,1.6,9,3.2],"texture":"#0"},"south":{"uv":[10.4,14.4,11,16],"texture":"#0"},"west":{"uv":[3.2,6.4,5.8,8],"texture":"#0"},"up":{"uv":[14.6,14.2,12,13.6],"rotation":90,"texture":"#0"},"down":{"uv":[2.6,14.4,0,15],"rotation":270,"texture":"#0"}}},{"name":"hexadecagon","from":[3.35,7.42124,3.78086],"to":[4.65,9.37124,8.89324],"rotation":{"angle":45,"axis":"x","origin":[4,19.649,8]},"faces":{"north":{"uv":[9.6,14.4,8.8,15.6],"texture":"#0"},"east":{"uv":[9.6,3.2,6.4,4.4],"texture":"#0"},"south":{"uv":[10.4,14.4,9.6,15.6],"texture":"#0"},"west":{"uv":[9.6,4.8,6.4,6],"texture":"#0"},"up":{"uv":[10.4,10.4,13.6,9.6],"rotation":90,"texture":"#0"},"down":{"uv":[10.4,10.4,13.6,11.2],"rotation":270,"texture":"#0"}}},{"name":"hexadecagon","from":[3.025,12.83661,-2.4],"to":[4.975,16.97399,0.2],"rotation":{"angle":0,"axis":"y","origin":[4,19.649,8]},"faces":{"north":{"uv":[10.8,0,9.6,2.6],"texture":"#0"},"east":{"uv":[1.6,0,0,2.6],"texture":"#0"},"south":{"uv":[10.8,3.2,9.6,5.8],"texture":"#0"},"west":{"uv":[3.2,0,1.6,2.6],"texture":"#0"},"up":{"uv":[4.8,14,6.4,12.8],"rotation":90,"texture":"#0"},"down":{"uv":[3.2,13.6,4.8,14.8],"rotation":270,"texture":"#0"}}},{"name":"hexadecagon","from":[2.7,13.09467,0.86512],"to":[5.3,17.23205,3.46512],"rotation":{"angle":22.5,"axis":"x","origin":[4,19.649,8]},"faces":{"north":{"uv":[4.8,0,3.2,2.6],"texture":"#0"},"east":{"uv":[1.6,3.2,0,5.8],"texture":"#0"},"south":{"uv":[4.8,3.2,3.2,5.8],"texture":"#0"},"west":{"uv":[3.2,3.2,1.6,5.8],"texture":"#0"},"up":{"uv":[3.2,12,4.8,10.4],"rotation":90,"texture":"#0"},"down":{"uv":[11.2,0,12.8,1.6],"rotation":270,"texture":"#0"}}},{"name":"hexadecagon","from":[3.025,14.09601,0.9543],"to":[4.975,18.36339,3.5543],"rotation":{"angle":45,"axis":"x","origin":[4,19.649,8]},"faces":{"north":{"uv":[1.2,10.4,0,13],"texture":"#0"},"east":{"uv":[6.4,0,4.8,2.6],"texture":"#0"},"south":{"uv":[2.8,10.4,1.6,13],"texture":"#0"},"west":{"uv":[6.4,3.2,4.8,5.8],"texture":"#0"},"up":{"uv":[13.6,9.2,15.2,8],"rotation":90,"texture":"#0"},"down":{"uv":[13.6,9.6,15.2,10.8],"rotation":270,"texture":"#0"}}},{"name":"hexadecagon","from":[3.35,23.06639,4.11598],"to":[4.65,25.66639,8.25336],"rotation":{"angle":-22.5,"axis":"x","origin":[4,19.649,8]},"faces":{"north":{"uv":[15.2,3.2,14.4,4.8],"texture":"#0"},"east":{"uv":[2.6,6.4,0,8],"texture":"#0"},"south":{"uv":[5.6,14.4,4.8,16],"texture":"#0"},"west":{"uv":[9,0,6.4,1.6],"texture":"#0"},"up":{"uv":[12,13.6,14.6,12.8],"rotation":90,"texture":"#0"},"down":{"uv":[0,13.6,2.6,14.4],"rotation":270,"texture":"#0"}}},{"name":"hexadecagon","from":[2.895,18.23252,-2.63203],"to":[5.105,21.15752,0.20535],"rotation":{"angle":-22.5,"axis":"x","origin":[4,19.649,8]},"faces":{"north":{"uv":[7.8,12,6.4,13.8],"texture":"#0"},"east":{"uv":[8.2,6.4,6.4,8.2],"texture":"#0"},"south":{"uv":[9.4,12,8,13.8],"texture":"#0"},"west":{"uv":[1.8,8,0,9.8],"texture":"#0"},"up":{"uv":[12,7.8,13.8,6.4],"rotation":90,"texture":"#0"},"down":{"uv":[12,11.2,13.8,12.6],"rotation":270,"texture":"#0"}}},{"name":"hexadecagon","from":[2.895,21.21212,0.08803],"to":[5.105,24.0495,3.01303],"rotation":{"angle":-22.5,"axis":"x","origin":[4,19.649,8]},"faces":{"north":{"uv":[14.2,0,12.8,1.8],"texture":"#0"},"east":{"uv":[4.2,8,2.4,9.8],"texture":"#0"},"south":{"uv":[14.2,2.4,12.8,4.2],"texture":"#0"},"west":{"uv":[6.6,8.8,4.8,10.6],"texture":"#0"},"up":{"uv":[12.8,6.2,14.6,4.8],"rotation":90,"texture":"#0"},"down":{"uv":[9.6,12.8,11.4,14.2],"rotation":270,"texture":"#0"}}},{"name":"hexadecagon","from":[3.415,20.52118,3.86223],"to":[4.585,22.66618,5.39959],"rotation":{"angle":22.5,"axis":"x","origin":[4,19.649,8]},"faces":{"north":{"uv":[8,14.4,7.2,15.8],"texture":"#0"},"east":{"uv":[15.4,0,14.4,1.4],"texture":"#0"},"south":{"uv":[8.8,14.4,8,15.8],"texture":"#0"},"west":{"uv":[15.4,1.6,14.4,3],"texture":"#0"},"up":{"uv":[4.8,8.8,5.8,8],"rotation":90,"texture":"#0"},"down":{"uv":[8.8,8,9.8,8.8],"rotation":270,"texture":"#0"}}},{"name":"hexadecagon","from":[3.22,7.91677,1.53584],"to":[4.78,9.86677,5.67322],"rotation":{"angle":22.5,"axis":"x","origin":[4,19.649,8]},"faces":{"north":{"uv":[6.6,14.4,5.6,15.6],"texture":"#0"},"east":{"uv":[11.4,6.4,8.8,7.6],"texture":"#0"},"south":{"uv":[15.4,6.4,14.4,7.6],"texture":"#0"},"west":{"uv":[9.8,8.8,7.2,10],"texture":"#0"},"up":{"uv":[7.2,11.4,9.8,10.4],"rotation":90,"texture":"#0"},"down":{"uv":[10.4,8,13,9],"rotation":270,"texture":"#0"}}},{"from":[4,15.5553,15.8],"to":[4,23.3553,23.6],"rotation":{"angle":0,"axis":"y","origin":[4,19.649,8]},"faces":{"north":{"uv":[0,0,0,8],"texture":"#4"},"east":{"uv":[16,0,0,16],"texture":"#4"},"south":{"uv":[0,0,0,8],"texture":"#4"},"west":{"uv":[0,0,16,16],"texture":"#4"},"up":{"uv":[8,0,0,0],"rotation":90,"texture":"#4"},"down":{"uv":[8,0,0,0],"rotation":270,"texture":"#4"}}},{"from":[4,15.5553,-7.6],"to":[4,23.3553,0.2],"rotation":{"angle":0,"axis":"y","origin":[4,19.649,8]},"faces":{"north":{"uv":[0,0,0,8],"texture":"#4"},"east":{"uv":[16,0,0,16],"texture":"#4"},"south":{"uv":[0,0,0,8],"texture":"#4"},"west":{"uv":[0,0,16,16],"texture":"#4"},"up":{"uv":[0,0,8,0],"rotation":90,"texture":"#4"},"down":{"uv":[0,0,8,0],"rotation":270,"texture":"#4"}}},{"from":[4,24.0053,4.1],"to":[4,31.8053,11.9],"rotation":{"angle":0,"axis":"y","origin":[4,19.649,8]},"faces":{"north":{"uv":[0,0,0,8],"texture":"#4"},"east":{"uv":[16,0,0,16],"texture":"#4"},"south":{"uv":[0,0,0,8],"texture":"#4"},"west":{"uv":[0,0,16,16],"texture":"#4"},"up":{"uv":[8,0,0,0],"rotation":90,"texture":"#4"},"down":{"uv":[8,0,0,0],"rotation":270,"texture":"#4"}}}],"gui_light":"front","display":{"thirdperson_righthand":{"rotation":[53,-90,0],"scale":[0.47,0.47,0.47]},"thirdperson_lefthand":{"rotation":[65.5,-90,0],"translation":[-6,-6.5,7.75],"scale":[1.19,1.19,1.19]},"firstperson_righthand":{"rotation":[0,66.25,0],"translation":[2,0.75,0],"scale":[0.4,0.4,0.4]},"firstperson_lefthand":{"rotation":[0,66.25,0],"translation":[2,0.75,0],"scale":[0,0,0]},"ground":{"translation":[0,11,0],"scale":[0.68,0.68,0.68]},"gui":{"rotation":[-90,90,90],"translation":[0,-0.5,0],"scale":[0.35,0.35,0.35]},"head":{"rotation":[0,90,0],"translation":[0,-14.25,5.75],"scale":[0,0,0]},"fixed":{"rotation":[0,-90,0],"translation":[0,3.5,-2.5],"scale":[2,2,2]}}}