{"credit":"Made with Blockbench","texture_size":[128,128],"textures":{"0":"elitecreatures:thanks_giving_2023_v2/thanksgiving_texture_01","particle":"elitecreatures:thanks_giving_2023_v2/thanksgiving_texture_01"},"elements":[{"from":[4.5,5.5,3.55005],"to":[12.5,16.5,12.55005],"rotation":{"angle":0,"axis":"y","origin":[9.23248,10.40811,8.05005]},"faces":{"north":{"uv":[2,1.375,3,0],"texture":"#0"},"east":{"uv":[4.125,1.375,3,0],"texture":"#0"},"south":{"uv":[3,1.375,2,0],"texture":"#0"},"west":{"uv":[5.25,1.375,4.125,0],"texture":"#0"},"up":{"uv":[4.25,2.375,3.125,1.375],"rotation":90,"texture":"#0"},"down":{"uv":[3.125,2.375,2,1.375],"rotation":270,"texture":"#0"}}},{"from":[6,16.5,4.55005],"to":[11,18.5,11.55005],"rotation":{"angle":0,"axis":"y","origin":[9.23248,10.40811,8.05005]},"faces":{"north":{"uv":[1.375,1.75,2,1.5],"texture":"#0"},"east":{"uv":[5.125,2.25,4.25,2],"texture":"#0"},"south":{"uv":[2,1.75,1.375,1.5],"texture":"#0"},"west":{"uv":[5.125,2.5,4.25,2.25],"texture":"#0"},"up":{"uv":[5.125,2,4.25,1.375],"rotation":90,"texture":"#0"},"down":{"uv":[5.125,2,4.25,1.375],"rotation":270,"texture":"#0"}}},{"from":[12.97092,3.90173,2.30005],"to":[15.97092,5.90173,3.80005],"rotation":{"angle":-22.5,"axis":"z","origin":[9.23248,10.40811,8.05005]},"faces":{"north":{"uv":[3.875,2.375,3.625,2.75],"rotation":270,"texture":"#0"},"east":{"uv":[4.0625,2.625,4.25,2.375],"texture":"#0"},"south":{"uv":[3.875,2.75,3.625,2.375],"rotation":270,"texture":"#0"},"west":{"uv":[4.0625,2.625,4.25,2.375],"texture":"#0"},"up":{"uv":[4.0625,2.375,3.875,2.75],"rotation":270,"texture":"#0"},"down":{"uv":[4.0625,2.75,3.875,2.375],"rotation":90,"texture":"#0"}}},{"from":[12.48165,5.29981,2.05005],"to":[15.48165,8.29981,4.05005],"rotation":{"angle":-45,"axis":"z","origin":[9.23248,10.40811,8.05005]},"faces":{"north":{"uv":[3.125,2.375,2.75,2.75],"rotation":270,"texture":"#0"},"east":{"uv":[3.625,2.375,3.375,2.75],"texture":"#0"},"south":{"uv":[3.125,2.375,2.75,2.75],"rotation":90,"texture":"#0"},"west":{"uv":[3.625,2.375,3.375,2.75],"rotation":180,"texture":"#0"},"up":{"uv":[3.375,2.375,3.125,2.75],"rotation":90,"texture":"#0"},"down":{"uv":[3.375,2.375,3.125,2.75],"rotation":90,"texture":"#0"}}},{"from":[8.67997,4.17728,4.52503],"to":[13.67997,10.17728,11.52503],"rotation":{"angle":-45,"axis":"z","origin":[9.23248,10.40811,8.05005]},"faces":{"north":{"uv":[2.375,3,3.125,3.625],"rotation":270,"texture":"#0"},"east":{"uv":[1.5,3.125,2.375,3.875],"texture":"#0"},"south":{"uv":[2.375,3,3.125,3.625],"rotation":90,"texture":"#0"},"west":{"uv":[1.5,3.125,2.375,3.875],"rotation":180,"texture":"#0"},"up":{"uv":[0.625,3.125,1.5,3.75],"rotation":90,"texture":"#0"},"down":{"uv":[0.625,3.125,1.5,3.75],"rotation":90,"texture":"#0"}}},{"from":[4.66448,5.57966,1.55005],"to":[9.66448,11.57966,4.55005],"rotation":{"angle":22.5,"axis":"z","origin":[9.23248,10.40811,8.05005]},"faces":{"north":{"uv":[0.625,3.125,1.25,2.375],"texture":"#0"},"east":{"uv":[1.25,3.125,1.625,2.375],"texture":"#0"},"south":{"uv":[0.625,3.125,1.25,2.375],"texture":"#0"},"west":{"uv":[1.625,3.125,2,2.375],"texture":"#0"},"up":{"uv":[2.375,3,2.75,2.375],"rotation":90,"texture":"#0"},"down":{"uv":[2,3,2.375,2.375],"rotation":270,"texture":"#0"}}},{"from":[5,13.5,2.55005],"to":[8,17.5,4.55005],"rotation":{"angle":0,"axis":"y","origin":[9.23248,10.40811,8.05005]},"faces":{"north":{"uv":[0.875,2.375,1.25,1.875],"texture":"#0"},"east":{"uv":[0.625,2.375,0.875,1.875],"texture":"#0"},"south":{"uv":[0.875,2.375,1.25,1.875],"texture":"#0"},"west":{"uv":[1.25,2.375,1.5,1.875],"texture":"#0"},"up":{"uv":[1.75,2.125,2,1.75],"rotation":90,"texture":"#0"},"down":{"uv":[1.5,2.125,1.75,1.75],"rotation":270,"texture":"#0"}}},{"from":[5,13.5,11.55005],"to":[8,17.5,13.55005],"rotation":{"angle":0,"axis":"y","origin":[9.23248,10.40811,8.05005]},"faces":{"north":{"uv":[1.25,2.375,0.875,1.875],"texture":"#0"},"east":{"uv":[0.875,2.375,0.625,1.875],"texture":"#0"},"south":{"uv":[1.25,2.375,0.875,1.875],"texture":"#0"},"west":{"uv":[1.5,2.375,1.25,1.875],"texture":"#0"},"up":{"uv":[2,2.125,1.75,1.75],"rotation":90,"texture":"#0"},"down":{"uv":[1.75,2.125,1.5,1.75],"rotation":270,"texture":"#0"}}},{"from":[4.66448,5.57966,11.55005],"to":[9.66448,11.57966,14.55005],"rotation":{"angle":22.5,"axis":"z","origin":[9.23248,10.40811,8.05005]},"faces":{"north":{"uv":[1.25,3.125,0.625,2.375],"texture":"#0"},"east":{"uv":[1.625,3.125,1.25,2.375],"texture":"#0"},"south":{"uv":[1.25,3.125,0.625,2.375],"texture":"#0"},"west":{"uv":[2,3.125,1.625,2.375],"texture":"#0"},"up":{"uv":[2.75,3,2.375,2.375],"rotation":90,"texture":"#0"},"down":{"uv":[2.375,3,2,2.375],"rotation":270,"texture":"#0"}}},{"from":[12.48165,5.29981,12.05005],"to":[15.48165,8.29981,14.05005],"rotation":{"angle":-45,"axis":"z","origin":[9.23248,10.40811,8.05005]},"faces":{"north":{"uv":[3.125,2.75,2.75,2.375],"rotation":90,"texture":"#0"},"east":{"uv":[3.375,2.375,3.625,2.75],"texture":"#0"},"south":{"uv":[3.125,2.75,2.75,2.375],"rotation":270,"texture":"#0"},"west":{"uv":[3.375,2.375,3.625,2.75],"rotation":180,"texture":"#0"},"up":{"uv":[3.125,2.375,3.375,2.75],"rotation":90,"texture":"#0"},"down":{"uv":[3.125,2.375,3.375,2.75],"rotation":90,"texture":"#0"}}},{"from":[12.97092,3.90173,12.30005],"to":[15.97092,5.90173,13.80005],"rotation":{"angle":-22.5,"axis":"z","origin":[9.23248,10.40811,8.05005]},"faces":{"north":{"uv":[3.875,2.375,3.625,2.75],"rotation":270,"texture":"#0"},"east":{"uv":[4.25,2.625,4.0625,2.375],"texture":"#0"},"south":{"uv":[3.875,2.75,3.625,2.375],"rotation":270,"texture":"#0"},"west":{"uv":[4.25,2.625,4.0625,2.375],"texture":"#0"},"up":{"uv":[3.875,2.375,4.0625,2.75],"rotation":270,"texture":"#0"},"down":{"uv":[3.875,2.75,4.0625,2.375],"rotation":90,"texture":"#0"}}},{"from":[13.4,9,0],"to":[13.4,26,6],"rotation":{"angle":0,"axis":"y","origin":[13.3,8,3]},"faces":{"north":{"uv":[0,0,0,2],"texture":"#missing"},"east":{"uv":[13.875,4.75,16,4],"rotation":90,"texture":"#0"},"south":{"uv":[0,0,0,2],"rotation":180,"texture":"#missing"},"west":{"uv":[16,4.75,13.875,4],"rotation":270,"texture":"#0"},"up":{"uv":[0,0.75,0,0],"texture":"#missing"},"down":{"uv":[0,0.75,0,0],"rotation":180,"texture":"#missing"}}},{"from":[13.3,8.5,0.5],"to":[13.3,25.5,6.5],"rotation":{"angle":-22.5,"axis":"x","origin":[13.3,8,3.5]},"faces":{"north":{"uv":[0,0,0,2],"texture":"#missing"},"east":{"uv":[13.875,4.75,16,4],"rotation":90,"texture":"#0"},"south":{"uv":[0,0,0,2],"rotation":180,"texture":"#missing"},"west":{"uv":[16,4.75,13.875,4],"rotation":270,"texture":"#0"},"up":{"uv":[0,0.75,0,0],"texture":"#missing"},"down":{"uv":[0,0.75,0,0],"rotation":180,"texture":"#missing"}}},{"from":[13.2,5,-13.6],"to":[13.2,11,3.4],"rotation":{"angle":45,"axis":"x","origin":[13.2,8,3.5]},"faces":{"north":{"uv":[0,0,0,0.75],"texture":"#missing"},"east":{"uv":[16,4,13.875,4.75],"texture":"#0"},"south":{"uv":[0,0,0,0.75],"texture":"#missing"},"west":{"uv":[13.875,4,16,4.75],"texture":"#0"},"up":{"uv":[0,2,0,0],"texture":"#missing"},"down":{"uv":[0,2,0,0],"texture":"#missing"}}},{"from":[13.1,5,-13],"to":[13.1,11,4],"rotation":{"angle":22.5,"axis":"x","origin":[13.1,8,3.5]},"faces":{"north":{"uv":[0,0,0,0.75],"texture":"#missing"},"east":{"uv":[16,4,13.875,4.75],"texture":"#0"},"south":{"uv":[0,0,0,0.75],"texture":"#missing"},"west":{"uv":[13.875,4,16,4.75],"texture":"#0"},"up":{"uv":[0,2,0,0],"texture":"#missing"},"down":{"uv":[0,2,0,0],"texture":"#missing"}}},{"from":[13.4,9,10],"to":[13.4,26,16],"rotation":{"angle":0,"axis":"y","origin":[13.3,8,13]},"faces":{"north":{"uv":[0,0,0,2],"rotation":180,"texture":"#missing"},"east":{"uv":[13.875,4,16,4.75],"rotation":90,"texture":"#0"},"south":{"uv":[0,0,0,2],"texture":"#missing"},"west":{"uv":[16,4,13.875,4.75],"rotation":270,"texture":"#0"},"up":{"uv":[0,0,0,0.75],"texture":"#missing"},"down":{"uv":[0,0,0,0.75],"rotation":180,"texture":"#missing"}}},{"from":[13.3,8.5,9.5],"to":[13.3,25.5,15.5],"rotation":{"angle":22.5,"axis":"x","origin":[13.3,8,12.5]},"faces":{"north":{"uv":[0,0,0,2],"rotation":180,"texture":"#missing"},"east":{"uv":[13.875,4,16,4.75],"rotation":90,"texture":"#0"},"south":{"uv":[0,0,0,2],"texture":"#missing"},"west":{"uv":[16,4,13.875,4.75],"rotation":270,"texture":"#0"},"up":{"uv":[0,0,0,0.75],"texture":"#missing"},"down":{"uv":[0,0,0,0.75],"rotation":180,"texture":"#missing"}}},{"from":[12.35,8.25,6.5],"to":[16.45,12.25,10.5],"rotation":{"angle":0,"axis":"y","origin":[2.45,10.75,5.5]},"faces":{"north":{"uv":[0.75,4.5,1.5,3.75],"rotation":90,"texture":"#0"},"east":{"uv":[0.75,5.25,1.5,4.5],"rotation":90,"texture":"#0"},"south":{"uv":[0.75,4.5,1.5,3.75],"rotation":270,"texture":"#0"},"west":{"uv":[0.75,5.25,1.5,4.5],"rotation":90,"texture":"#0"},"up":{"uv":[0.75,4.5,1.5,3.75],"rotation":270,"texture":"#0"},"down":{"uv":[0.75,4.5,1.5,3.75],"rotation":270,"texture":"#0"}}},{"from":[12.45,8.25,6.5],"to":[16.35,12.25,10.5],"rotation":{"angle":-45,"axis":"x","origin":[14.45,10.25,8.5]},"faces":{"north":{"uv":[0.75,4.5,1.5,3.75],"rotation":90,"texture":"#0"},"east":{"uv":[0.75,5.25,1.5,4.5],"rotation":90,"texture":"#0"},"south":{"uv":[0.75,4.5,1.5,3.75],"rotation":270,"texture":"#0"},"west":{"uv":[0.75,5.25,1.5,4.5],"rotation":90,"texture":"#0"},"up":{"uv":[0.75,4.5,1.5,3.75],"rotation":270,"texture":"#0"},"down":{"uv":[0.75,4.5,1.5,3.75],"rotation":270,"texture":"#0"}}},{"from":[16.45,9.75,8.5],"to":[18.95,11.75,8.5],"rotation":{"angle":22.5,"axis":"z","origin":[18.2,9.75,8.5]},"faces":{"north":{"uv":[1.5,4.3125,1.875,3.875],"rotation":90,"texture":"#0"},"east":{"uv":[0,0,0,0.5],"texture":"#missing"},"south":{"uv":[1.875,4.3125,1.5,3.875],"rotation":270,"texture":"#0"},"west":{"uv":[0,0,0,0.5],"rotation":180,"texture":"#missing"},"up":{"uv":[0,0.4375,0,0],"rotation":270,"texture":"#missing"},"down":{"uv":[0,0.4375,0,0],"rotation":270,"texture":"#missing"}}},{"from":[13.2,5,12.6],"to":[13.2,11,29.6],"rotation":{"angle":-45,"axis":"x","origin":[13.2,8,12.5]},"faces":{"north":{"uv":[0,0,0,0.75],"texture":"#missing"},"east":{"uv":[13.875,4,16,4.75],"texture":"#0"},"south":{"uv":[0,0,0,0.75],"texture":"#missing"},"west":{"uv":[16,4,13.875,4.75],"texture":"#0"},"up":{"uv":[0,0,0,2],"texture":"#missing"},"down":{"uv":[0,0,0,2],"texture":"#missing"}}},{"from":[13.1,5,12],"to":[13.1,11,29],"rotation":{"angle":-22.5,"axis":"x","origin":[13.1,8,12.5]},"faces":{"north":{"uv":[0,0,0,0.75],"texture":"#missing"},"east":{"uv":[13.875,4,16,4.75],"texture":"#0"},"south":{"uv":[0,0,0,0.75],"texture":"#missing"},"west":{"uv":[16,4,13.875,4.75],"texture":"#0"},"up":{"uv":[0,0,0,2],"texture":"#missing"},"down":{"uv":[0,0,0,2],"texture":"#missing"}}},{"from":[13.5,10,5],"to":[13.5,27,11],"rotation":{"angle":0,"axis":"y","origin":[13.3,8,12.9]},"faces":{"north":{"uv":[0,0,0,2],"rotation":180,"texture":"#missing"},"east":{"uv":[13.875,4,16,4.75],"rotation":90,"texture":"#0"},"south":{"uv":[0,0,0,2],"texture":"#missing"},"west":{"uv":[16,4,13.875,4.75],"rotation":270,"texture":"#0"},"up":{"uv":[0,0,0,0.75],"texture":"#missing"},"down":{"uv":[0,0,0,0.75],"rotation":180,"texture":"#missing"}}},{"from":[5.5,17,13.5],"to":[11.5,26,13.5],"rotation":{"angle":-45,"axis":"y","origin":[8.5,21.5,12.5]},"faces":{"north":{"uv":[3.5,7.5625,2.75,8.6875],"texture":"#0"},"east":{"uv":[0,0,0,0.875],"texture":"#missing"},"south":{"uv":[2.75,7.5625,3.5,8.6875],"texture":"#0"},"west":{"uv":[0,0,0,0.875],"texture":"#missing"},"up":{"uv":[0,0.625,0,0],"rotation":90,"texture":"#missing"},"down":{"uv":[0,0.625,0,0],"rotation":270,"texture":"#missing"}}},{"from":[5.5,17,2.5],"to":[11.5,26,2.5],"rotation":{"angle":45,"axis":"y","origin":[8.5,21.5,3.5]},"faces":{"north":{"uv":[3.5,7.5625,2.75,8.6875],"texture":"#0"},"east":{"uv":[0,0,0,0.875],"texture":"#missing"},"south":{"uv":[2.75,7.5625,3.5,8.6875],"texture":"#0"},"west":{"uv":[0,0,0,0.875],"texture":"#missing"},"up":{"uv":[0,0.625,0,0],"rotation":90,"texture":"#missing"},"down":{"uv":[0,0.625,0,0],"rotation":270,"texture":"#missing"}}},{"from":[12.1,9.49896,11.5],"to":[12.1,12.49896,19.5],"rotation":{"angle":0,"axis":"y","origin":[12,13.84358,11.77269]},"faces":{"north":{"uv":[0,0,0,0.375],"rotation":180,"texture":"#0"},"east":{"uv":[0.875,5.25,0.5,6.25],"rotation":270,"texture":"#0"},"south":{"uv":[0,0,0,0.375],"texture":"#0"},"west":{"uv":[0.5,5.25,0.875,6.25],"rotation":90,"texture":"#0"},"up":{"uv":[0,1,0,0],"texture":"#0"},"down":{"uv":[0,1,0,0],"rotation":180,"texture":"#0"}}},{"from":[11.9,11.11492,11.1],"to":[11.9,14.11492,19.1],"rotation":{"angle":-22.5,"axis":"x","origin":[12,13.34358,11.77269]},"faces":{"north":{"uv":[0,0,0,0.375],"rotation":180,"texture":"#0"},"east":{"uv":[1.25,5.25,0.875,6.25],"rotation":270,"texture":"#0"},"south":{"uv":[0,0,0,0.375],"texture":"#0"},"west":{"uv":[0.875,5.25,1.25,6.25],"rotation":90,"texture":"#0"},"up":{"uv":[0,1,0,0],"texture":"#0"},"down":{"uv":[0,1,0,0],"rotation":180,"texture":"#0"}}},{"from":[12.1,12.49613,10.8],"to":[12.1,15.49613,18.8],"rotation":{"angle":-45,"axis":"x","origin":[12,13.34358,11.77269]},"faces":{"north":{"uv":[0,0,0,0.375],"rotation":180,"texture":"#0"},"east":{"uv":[0.875,5.25,0.5,6.25],"rotation":270,"texture":"#0"},"south":{"uv":[0,0,0,0.375],"texture":"#0"},"west":{"uv":[0.5,5.25,0.875,6.25],"rotation":90,"texture":"#0"},"up":{"uv":[0,1,0,0],"texture":"#0"},"down":{"uv":[0,1,0,0],"rotation":180,"texture":"#0"}}},{"from":[11.9,12.5,8],"to":[11.9,20.5,11],"rotation":{"angle":22.5,"axis":"x","origin":[12,13.34358,11.77269]},"faces":{"north":{"uv":[0,0,0,1],"texture":"#0"},"east":{"uv":[1.25,5.25,0.875,6.25],"texture":"#0"},"south":{"uv":[0,0,0,1],"texture":"#0"},"west":{"uv":[0.875,5.25,1.25,6.25],"texture":"#0"},"up":{"uv":[0,0.375,0,0],"rotation":180,"texture":"#0"},"down":{"uv":[0,0.375,0,0],"rotation":180,"texture":"#0"}}},{"from":[12.1,14.32499,6.5],"to":[12.1,22.32499,9.5],"rotation":{"angle":0,"axis":"y","origin":[12,13.34358,11.77269]},"faces":{"north":{"uv":[0,1,0,0],"rotation":180,"texture":"#0"},"east":{"uv":[0.875,5.25,0.5,6.25],"texture":"#0"},"south":{"uv":[0,1,0,0],"rotation":180,"texture":"#0"},"west":{"uv":[0.5,5.25,0.875,6.25],"texture":"#0"},"up":{"uv":[0,0,0,0.375],"texture":"#0"},"down":{"uv":[0,0,0,0.375],"texture":"#0"}}},{"from":[11.9,12.5,5],"to":[11.9,20.5,8],"rotation":{"angle":-22.5,"axis":"x","origin":[12,13.34358,4.22731]},"faces":{"north":{"uv":[0,0,0,1],"texture":"#0"},"east":{"uv":[0.875,5.25,1.25,6.25],"texture":"#0"},"south":{"uv":[0,0,0,1],"texture":"#0"},"west":{"uv":[1.25,5.25,0.875,6.25],"texture":"#0"},"up":{"uv":[0,0,0,0.375],"rotation":180,"texture":"#0"},"down":{"uv":[0,0,0,0.375],"rotation":180,"texture":"#0"}}},{"from":[12.1,12.49613,-2.8],"to":[12.1,15.49613,5.2],"rotation":{"angle":45,"axis":"x","origin":[12,13.34358,4.22731]},"faces":{"north":{"uv":[0,0,0,0.375],"texture":"#0"},"east":{"uv":[0.875,6.25,0.5,5.25],"rotation":270,"texture":"#0"},"south":{"uv":[0,0,0,0.375],"rotation":180,"texture":"#0"},"west":{"uv":[0.5,6.25,0.875,5.25],"rotation":90,"texture":"#0"},"up":{"uv":[0,0,0,1],"texture":"#0"},"down":{"uv":[0,0,0,1],"rotation":180,"texture":"#0"}}},{"from":[11.9,11.11492,-3.1],"to":[11.9,14.11492,4.9],"rotation":{"angle":22.5,"axis":"x","origin":[12,13.34358,4.22731]},"faces":{"north":{"uv":[0,0,0,0.375],"texture":"#0"},"east":{"uv":[1.25,6.25,0.875,5.25],"rotation":270,"texture":"#0"},"south":{"uv":[0,0,0,0.375],"rotation":180,"texture":"#0"},"west":{"uv":[0.875,6.25,1.25,5.25],"rotation":90,"texture":"#0"},"up":{"uv":[0,0,0,1],"texture":"#0"},"down":{"uv":[0,0,0,1],"rotation":180,"texture":"#0"}}},{"from":[12.1,9.49896,-3.5],"to":[12.1,12.49896,4.5],"rotation":{"angle":0,"axis":"y","origin":[12,13.84358,4.22731]},"faces":{"north":{"uv":[0,0,0,0.375],"texture":"#0"},"east":{"uv":[0.875,6.25,0.5,5.25],"rotation":270,"texture":"#0"},"south":{"uv":[0,0,0,0.375],"rotation":180,"texture":"#0"},"west":{"uv":[0.5,6.25,0.875,5.25],"rotation":90,"texture":"#0"},"up":{"uv":[0,0,0,1],"texture":"#0"},"down":{"uv":[0,0,0,1],"rotation":180,"texture":"#0"}}},{"from":[14.5,6,1.5],"to":[14.5,14,6.5],"faces":{"north":{"uv":[0,0,0,0.75],"texture":"#missing"},"east":{"uv":[5.875,2.3125,5.25,3.3125],"texture":"#0"},"south":{"uv":[0,0,0,0.75],"texture":"#missing"},"west":{"uv":[5.25,2.3125,5.875,3.3125],"texture":"#0"},"up":{"uv":[0,0,0,0.625],"texture":"#missing"},"down":{"uv":[0,0,0,0.625],"texture":"#missing"}}},{"from":[14.5,6,9.5],"to":[14.5,14,14.5],"rotation":{"angle":0,"axis":"y","origin":[0,0,16]},"faces":{"north":{"uv":[0,0,0,0.75],"texture":"#missing"},"east":{"uv":[5.25,2.3125,5.875,3.3125],"texture":"#0"},"south":{"uv":[0,0,0,0.75],"texture":"#missing"},"west":{"uv":[5.875,2.3125,5.25,3.3125],"texture":"#0"},"up":{"uv":[0,0.625,0,0],"texture":"#missing"},"down":{"uv":[0,0.625,0,0],"texture":"#missing"}}},{"from":[14.2,12,4],"to":[14.2,17,12],"rotation":{"angle":0,"axis":"y","origin":[0,0,16]},"faces":{"north":{"uv":[0,0.625,0,0],"rotation":180,"texture":"#missing"},"east":{"uv":[5.25,2.3125,5.875,3.3125],"rotation":90,"texture":"#0"},"south":{"uv":[0,0.625,0,0],"texture":"#missing"},"west":{"uv":[5.875,2.3125,5.25,3.3125],"rotation":270,"texture":"#0"},"up":{"uv":[0,0,0,0.75],"texture":"#missing"},"down":{"uv":[0,0,0,0.75],"rotation":180,"texture":"#missing"}}}],"gui_light":"front","display":{"thirdperson_righthand":{"rotation":[0,46,0],"translation":[0,1.25,1.5],"scale":[0.275,0.275,0.275]},"thirdperson_lefthand":{"rotation":[68,90,0],"translation":[-6,-9.5,5.5]},"firstperson_righthand":{"rotation":[-10,21,0],"translation":[-3.25,2.25,1.75],"scale":[0.43984,0.43984,0.43984]},"firstperson_lefthand":{"rotation":[-10,0,0],"translation":[1.25,5.5,0],"scale":[0,0,0]},"ground":{"scale":[0.6,0.6,0.6]},"gui":{"rotation":[13,63,0],"translation":[-1,-3.25,-7.5],"scale":[0.42422,0.42422,0.42422]},"head":{"rotation":[0,-89,0],"translation":[0,-21,7.75],"scale":[1.3,1.3,1.3]},"fixed":{"rotation":[0,-90,0],"translation":[0.5,-3.25,-7.5],"scale":[1.15859,1.15859,1.15859]}}}